"institution","period","euro","doi","is_hybrid","opt_out","publisher","journal_full_title","issn","issn_print","issn_electronic","issn_l","license_ref","indexed_in_crossref","pmid","pmcid","ut","url","doaj","agreement","group_id"
"RWTH Aachen",2024,NA,"10.1016/j.aanat.2024.152260",TRUE,FALSE,"Elsevier BV","Annals of Anatomy - Anatomischer Anzeiger","0940-9602","0940-9602",NA,"0940-9602","http://creativecommons.org/licenses/by/4.0/",TRUE,"38521364",NA,NA,NA,FALSE,"els2023deal","04xfq0f34_els2023deal_2024"
"RWTH Aachen",2024,NA,"10.1016/j.aanat.2024.152294",TRUE,FALSE,"Elsevier BV","Annals of Anatomy - Anatomischer Anzeiger","0940-9602","0940-9602",NA,"0940-9602","http://creativecommons.org/licenses/by-nc/4.0/",TRUE,"38889825",NA,NA,NA,FALSE,"els2023deal","04xfq0f34_els2023deal_2024"
"RWTH Aachen",2024,NA,"10.1016/j.acra.2024.06.014",TRUE,FALSE,"Elsevier BV","Academic Radiology","1076-6332","1076-6332",NA,"1076-6332","http://creativecommons.org/licenses/by/4.0/",TRUE,"38906782",NA,NA,NA,FALSE,"els2023deal","04xfq0f34_els2023deal_2024"
"RWTH Aachen",2024,NA,"10.1016/j.actamat.2024.119669",TRUE,FALSE,"Elsevier BV","Acta Materialia","1359-6454","1359-6454",NA,"1359-6454","http://creativecommons.org/licenses/by/4.0/",TRUE,NA,NA,NA,NA,FALSE,"els2023deal","04xfq0f34_els2023deal_2024"
"RWTH Aachen",2024,NA,"10.1016/j.actamat.2024.119677",TRUE,FALSE,"Elsevier BV","Acta Materialia","1359-6454","1359-6454",NA,"1359-6454","http://creativecommons.org/licenses/by/4.0/",TRUE,NA,NA,NA,NA,FALSE,"els2023deal","04xfq0f34_els2023deal_2024"
"RWTH Aachen",2024,NA,"10.1016/j.actamat.2024.119829",TRUE,FALSE,"Elsevier BV","Acta Materialia","1359-6454","1359-6454",NA,"1359-6454","http://creativecommons.org/licenses/by-nc-nd/4.0/",TRUE,NA,NA,NA,NA,FALSE,"els2023deal","04xfq0f34_els2023deal_2024"
"RWTH Aachen",2024,NA,"10.1016/j.actamat.2024.120124",TRUE,FALSE,"Elsevier BV","Acta Materialia","1359-6454","1359-6454",NA,"1359-6454","http://creativecommons.org/licenses/by/4.0/",TRUE,NA,NA,NA,NA,FALSE,"els2023deal","04xfq0f34_els2023deal_2024"
"RWTH Aachen",2024,NA,"10.1016/j.actamat.2024.120202",TRUE,FALSE,"Elsevier BV","Acta Materialia","1359-6454","1359-6454",NA,"1359-6454","http://creativecommons.org/licenses/by-nc-nd/4.0/",TRUE,NA,NA,NA,NA,FALSE,"els2023deal","04xfq0f34_els2023deal_2024"
"RWTH Aachen",2024,NA,"10.1016/j.actamat.2024.120556",TRUE,FALSE,"Elsevier BV","Acta Materialia","1359-6454","1359-6454",NA,"1359-6454","http://creativecommons.org/licenses/by-nc-nd/4.0/",TRUE,NA,NA,NA,NA,FALSE,"els2023deal","04xfq0f34_els2023deal_2024"
"RWTH Aachen",2024,NA,"10.1016/j.actamat.2024.120662",TRUE,FALSE,"Elsevier BV","Acta Materialia","1359-6454","1359-6454",NA,"1359-6454","http://creativecommons.org/licenses/by/4.0/",TRUE,NA,NA,NA,NA,FALSE,"els2023deal","04xfq0f34_els2023deal_2024"
"RWTH Aachen",2024,NA,"10.1016/j.actbio.2024.08.019",TRUE,FALSE,"Elsevier BV","Acta Biomaterialia","1742-7061","1742-7061",NA,"1742-7061","http://creativecommons.org/licenses/by-nc-nd/4.0/",TRUE,"39173697",NA,NA,NA,FALSE,"els2023deal","04xfq0f34_els2023deal_2024"
"RWTH Aachen",2024,NA,"10.1016/j.addma.2024.104256",TRUE,FALSE,"Elsevier BV","Additive Manufacturing","2214-8604","2214-8604",NA,"2214-7810","http://creativecommons.org/licenses/by/4.0/",TRUE,NA,NA,NA,NA,FALSE,"els2023deal","04xfq0f34_els2023deal_2024"
"RWTH Aachen",2024,NA,"10.1016/j.addma.2024.104267",TRUE,FALSE,"Elsevier BV","Additive Manufacturing","2214-8604","2214-8604",NA,"2214-7810","http://creativecommons.org/licenses/by/4.0/",TRUE,NA,NA,NA,NA,FALSE,"els2023deal","04xfq0f34_els2023deal_2024"
"RWTH Aachen",2024,NA,"10.1016/j.addma.2024.104309",TRUE,FALSE,"Elsevier BV","Additive Manufacturing","2214-8604","2214-8604",NA,"2214-7810","http://creativecommons.org/licenses/by-nc-nd/4.0/",TRUE,NA,NA,NA,NA,FALSE,"els2023deal","04xfq0f34_els2023deal_2024"
"RWTH Aachen",2024,NA,"10.1016/j.aeolia.2024.100928",TRUE,FALSE,"Elsevier BV","Aeolian Research","1875-9637","1875-9637",NA,"1875-9637","http://creativecommons.org/licenses/by-nc/4.0/",TRUE,NA,NA,NA,NA,FALSE,"els2023deal","04xfq0f34_els2023deal_2024"
"RWTH Aachen",2024,NA,"10.1016/j.aeue.2024.155163",TRUE,FALSE,"Elsevier BV","AEU - International Journal of Electronics and Communications","1434-8411","1434-8411",NA,"1434-8411","http://creativecommons.org/licenses/by/4.0/",TRUE,NA,NA,NA,NA,FALSE,"els2023deal","04xfq0f34_els2023deal_2024"
"RWTH Aachen",2024,NA,"10.1016/j.ajem.2024.11.091",TRUE,FALSE,"Elsevier BV","The American Journal of Emergency Medicine","0735-6757","0735-6757",NA,"0735-6757","http://creativecommons.org/licenses/by/4.0/",TRUE,"39689627",NA,NA,NA,FALSE,"els2023deal","04xfq0f34_els2023deal_2024"
"RWTH Aachen",2024,NA,"10.1016/j.aop.2024.169838",TRUE,FALSE,"Elsevier BV","Annals of Physics","0003-4916","0003-4916",NA,"0003-4916","http://creativecommons.org/licenses/by/4.0/",TRUE,NA,NA,NA,NA,FALSE,"els2023deal","04xfq0f34_els2023deal_2024"
"RWTH Aachen",2024,NA,"10.1016/j.apenergy.2024.122921",TRUE,FALSE,"Elsevier BV","Applied Energy","0306-2619","0306-2619",NA,"0306-2619","http://creativecommons.org/licenses/by/4.0/",TRUE,NA,NA,NA,NA,FALSE,"els2023deal","04xfq0f34_els2023deal_2024"
"RWTH Aachen",2024,NA,"10.1016/j.apenergy.2024.123225",TRUE,FALSE,"Elsevier BV","Applied Energy","0306-2619","0306-2619",NA,"0306-2619","http://creativecommons.org/licenses/by-nc/4.0/",TRUE,NA,NA,NA,NA,FALSE,"els2023deal","04xfq0f34_els2023deal_2024"
"RWTH Aachen",2024,NA,"10.1016/j.apenergy.2024.123241",TRUE,FALSE,"Elsevier BV","Applied Energy","0306-2619","0306-2619",NA,"0306-2619","http://creativecommons.org/licenses/by/4.0/",TRUE,NA,NA,NA,NA,FALSE,"els2023deal","04xfq0f34_els2023deal_2024"
"RWTH Aachen",2024,NA,"10.1016/j.apenergy.2024.124183",TRUE,FALSE,"Elsevier BV","Applied Energy","0306-2619","0306-2619",NA,"0306-2619","http://creativecommons.org/licenses/by/4.0/",TRUE,NA,NA,NA,NA,FALSE,"els2023deal","04xfq0f34_els2023deal_2024"
"RWTH Aachen",2024,NA,"10.1016/j.apenergy.2024.124285",TRUE,FALSE,"Elsevier BV","Applied Energy","0306-2619","0306-2619",NA,"0306-2619","http://creativecommons.org/licenses/by-nc-nd/4.0/",TRUE,NA,NA,NA,NA,FALSE,"els2023deal","04xfq0f34_els2023deal_2024"
"RWTH Aachen",2024,NA,"10.1016/j.apenergy.2024.124495",TRUE,FALSE,"Elsevier BV","Applied Energy","0306-2619","0306-2619",NA,"0306-2619","http://creativecommons.org/licenses/by/4.0/",TRUE,NA,NA,NA,NA,FALSE,"els2023deal","04xfq0f34_els2023deal_2024"
"RWTH Aachen",2024,NA,"10.1016/j.apenergy.2024.124616",TRUE,FALSE,"Elsevier BV","Applied Energy","0306-2619","0306-2619",NA,"0306-2619","http://creativecommons.org/licenses/by-nc-nd/4.0/",TRUE,NA,NA,NA,NA,FALSE,"els2023deal","04xfq0f34_els2023deal_2024"
"RWTH Aachen",2024,NA,"10.1016/j.apenergy.2024.124668",TRUE,FALSE,"Elsevier BV","Applied Energy","0306-2619","0306-2619",NA,"0306-2619","http://creativecommons.org/licenses/by-nc/4.0/",TRUE,NA,NA,NA,NA,FALSE,"els2023deal","04xfq0f34_els2023deal_2024"
"RWTH Aachen",2024,NA,"10.1016/j.apenergy.2024.125041",TRUE,FALSE,"Elsevier BV","Applied Energy","0306-2619","0306-2619",NA,"0306-2619","https://www.elsevier.com/tdm/userlicense/1.0/",TRUE,NA,NA,NA,NA,FALSE,"els2023deal","04xfq0f34_els2023deal_2024"
"RWTH Aachen",2024,NA,"10.1016/j.apenergy.2024.125069",TRUE,FALSE,"Elsevier BV","Applied Energy","0306-2619","0306-2619",NA,"0306-2619","http://creativecommons.org/licenses/by/4.0/",TRUE,NA,NA,NA,NA,FALSE,"els2023deal","04xfq0f34_els2023deal_2024"
"RWTH Aachen",2024,NA,"10.1016/j.apergo.2024.104242",TRUE,FALSE,"Elsevier BV","Applied Ergonomics","0003-6870","0003-6870",NA,"0003-6870","http://creativecommons.org/licenses/by/4.0/",TRUE,"38306742",NA,NA,NA,FALSE,"els2023deal","04xfq0f34_els2023deal_2024"
"RWTH Aachen",2024,NA,"10.1016/j.applthermaleng.2024.123871",TRUE,FALSE,"Elsevier BV","Applied Thermal Engineering","1359-4311","1359-4311",NA,"1359-4311","http://creativecommons.org/licenses/by/4.0/",TRUE,NA,NA,NA,NA,FALSE,"els2023deal","04xfq0f34_els2023deal_2024"
"RWTH Aachen",2024,NA,"10.1016/j.applthermaleng.2024.124880",TRUE,FALSE,"Elsevier BV","Applied Thermal Engineering","1359-4311","1359-4311",NA,"1359-4311","http://creativecommons.org/licenses/by/4.0/",TRUE,NA,NA,NA,NA,FALSE,"els2023deal","04xfq0f34_els2023deal_2024"
"RWTH Aachen",2024,NA,"10.1016/j.applthermaleng.2024.125130",TRUE,FALSE,"Elsevier BV","Applied Thermal Engineering","1359-4311","1359-4311",NA,"1359-4311","http://creativecommons.org/licenses/by/4.0/",TRUE,NA,NA,NA,NA,FALSE,"els2023deal","04xfq0f34_els2023deal_2024"
"RWTH Aachen",2024,NA,"10.1016/j.applthermaleng.2024.125313",TRUE,FALSE,"Elsevier BV","Applied Thermal Engineering","1359-4311","1359-4311",NA,"1359-4311","http://creativecommons.org/licenses/by/4.0/",TRUE,NA,NA,NA,NA,FALSE,"els2023deal","04xfq0f34_els2023deal_2024"
"RWTH Aachen",2024,NA,"10.1016/j.apsusc.2024.160331",TRUE,FALSE,"Elsevier BV","Applied Surface Science","0169-4332","0169-4332",NA,"0169-4332","http://creativecommons.org/licenses/by-nc-nd/4.0/",TRUE,NA,NA,NA,NA,FALSE,"els2023deal","04xfq0f34_els2023deal_2024"
"RWTH Aachen",2024,NA,"10.1016/j.apsusc.2024.162258",TRUE,FALSE,"Elsevier BV","Applied Surface Science","0169-4332","0169-4332",NA,"0169-4332","https://www.elsevier.com/tdm/userlicense/1.0/",TRUE,NA,NA,NA,NA,FALSE,"els2023deal","04xfq0f34_els2023deal_2024"
"RWTH Aachen",2024,NA,"10.1016/j.arr.2024.102488",TRUE,FALSE,"Elsevier BV","Ageing Research Reviews","1568-1637","1568-1637",NA,"1568-1637","http://creativecommons.org/licenses/by-nc-nd/4.0/",TRUE,"39243891",NA,NA,NA,FALSE,"els2023deal","04xfq0f34_els2023deal_2024"
"RWTH Aachen",2024,NA,"10.1016/j.ast.2024.109033",TRUE,FALSE,"Elsevier BV","Aerospace Science and Technology","1270-9638","1270-9638",NA,"1270-9638","http://creativecommons.org/licenses/by/4.0/",TRUE,NA,NA,NA,NA,FALSE,"els2023deal","04xfq0f34_els2023deal_2024"
"RWTH Aachen",2024,NA,"10.1016/j.autcon.2024.105419",TRUE,FALSE,"Elsevier BV","Automation in Construction","0926-5805","0926-5805",NA,"0926-5805","http://creativecommons.org/licenses/by/4.0/",TRUE,NA,NA,NA,NA,FALSE,"els2023deal","04xfq0f34_els2023deal_2024"
"RWTH Aachen",2024,NA,"10.1016/j.autcon.2024.105502",TRUE,FALSE,"Elsevier BV","Automation in Construction","0926-5805","0926-5805",NA,"0926-5805","https://www.elsevier.com/tdm/userlicense/1.0/",TRUE,NA,NA,NA,NA,FALSE,"els2023deal","04xfq0f34_els2023deal_2024"
"RWTH Aachen",2024,NA,"10.1016/j.autcon.2024.105551",TRUE,FALSE,"Elsevier BV","Automation in Construction","0926-5805","0926-5805",NA,"0926-5805","http://creativecommons.org/licenses/by/4.0/",TRUE,NA,NA,NA,NA,FALSE,"els2023deal","04xfq0f34_els2023deal_2024"
"RWTH Aachen",2024,NA,"10.1016/j.autcon.2024.105699",TRUE,FALSE,"Elsevier BV","Automation in Construction","0926-5805","0926-5805",NA,"0926-5805","http://creativecommons.org/licenses/by/4.0/",TRUE,NA,NA,NA,NA,FALSE,"els2023deal","04xfq0f34_els2023deal_2024"
"RWTH Aachen",2024,NA,"10.1016/j.avb.2024.101975",TRUE,FALSE,"Elsevier BV","Aggression and Violent Behavior","1359-1789","1359-1789",NA,"1359-1789","http://creativecommons.org/licenses/by/4.0/",TRUE,NA,NA,NA,NA,FALSE,"els2023deal","04xfq0f34_els2023deal_2024"
"RWTH Aachen",2024,NA,"10.1016/j.bbabio.2024.149508",TRUE,FALSE,"Elsevier BV","Biochimica et Biophysica Acta (BBA) - Bioenergetics","0005-2728","0005-2728",NA,"0005-2728","http://creativecommons.org/licenses/by-nc/4.0/",TRUE,"39245309",NA,NA,NA,FALSE,"els2023deal","04xfq0f34_els2023deal_2024"
"RWTH Aachen",2024,NA,"10.1016/j.bbadis.2024.167321",TRUE,FALSE,"Elsevier BV","Biochimica et Biophysica Acta (BBA) - Molecular Basis of Disease","0925-4439","0925-4439",NA,"0925-4439","http://creativecommons.org/licenses/by-nc-nd/4.0/",TRUE,"38943920",NA,NA,NA,FALSE,"els2023deal","04xfq0f34_els2023deal_2024"
"RWTH Aachen",2024,NA,"10.1016/j.bbagen.2024.130595",TRUE,FALSE,"Elsevier BV","Biochimica et Biophysica Acta (BBA) - General Subjects","0304-4165","0304-4165",NA,"0304-4165","http://creativecommons.org/licenses/by-nc/4.0/",TRUE,"38467309",NA,NA,NA,FALSE,"els2023deal","04xfq0f34_els2023deal_2024"
"RWTH Aachen",2024,NA,"10.1016/j.bbalip.2024.159574",TRUE,FALSE,"Elsevier BV","Biochimica et Biophysica Acta (BBA) - Molecular and Cell Biology of Lipids","1388-1981","1388-1981",NA,"1388-1981","http://creativecommons.org/licenses/by/4.0/",TRUE,"39510374",NA,NA,NA,FALSE,"els2023deal","04xfq0f34_els2023deal_2024"
"RWTH Aachen",2024,NA,"10.1016/j.bej.2024.109515",TRUE,FALSE,"Elsevier BV","Biochemical Engineering Journal","1369-703X","1369-703X",NA,"1369-703X","http://creativecommons.org/licenses/by/4.0/",TRUE,NA,NA,NA,NA,FALSE,"els2023deal","04xfq0f34_els2023deal_2024"
"RWTH Aachen",2024,NA,"10.1016/j.bioadv.2024.213992",TRUE,FALSE,"Elsevier BV","Biomaterials Advances","2772-9508","2772-9508",NA,"2772-9508","http://creativecommons.org/licenses/by/4.0/",TRUE,"39146605",NA,NA,NA,FALSE,"els2023deal","04xfq0f34_els2023deal_2024"
"RWTH Aachen",2024,NA,"10.1016/j.biomaterials.2024.122669",TRUE,FALSE,"Elsevier BV","Biomaterials","0142-9612","0142-9612",NA,"0142-9612","http://creativecommons.org/licenses/by-nc-nd/4.0/",TRUE,"38906013",NA,NA,NA,FALSE,"els2023deal","04xfq0f34_els2023deal_2024"
"RWTH Aachen",2024,NA,"10.1016/j.biomaterials.2024.123009",TRUE,FALSE,"Elsevier BV","Biomaterials","0142-9612","0142-9612",NA,"0142-9612","http://creativecommons.org/licenses/by/4.0/",TRUE,"39705928",NA,NA,NA,FALSE,"els2023deal","04xfq0f34_els2023deal_2024"
"RWTH Aachen",2024,NA,"10.1016/j.biortech.2024.131837",TRUE,FALSE,"Elsevier BV","Bioresource Technology","0960-8524","0960-8524",NA,"0960-8524","http://creativecommons.org/licenses/by-nc/4.0/",TRUE,"39557102",NA,NA,NA,FALSE,"els2023deal","04xfq0f34_els2023deal_2024"
"RWTH Aachen",2024,NA,"10.1016/j.bios.2024.116311",TRUE,FALSE,"Elsevier BV","Biosensors and Bioelectronics","0956-5663","0956-5663",NA,"0956-5663","http://creativecommons.org/licenses/by-nc-nd/4.0/",TRUE,"38677018",NA,NA,NA,FALSE,"els2023deal","04xfq0f34_els2023deal_2024"
"RWTH Aachen",2024,NA,"10.1016/j.bjoms.2024.06.002",TRUE,FALSE,"Elsevier BV","British Journal of Oral and Maxillofacial Surgery","0266-4356","0266-4356",NA,"0266-4356","http://creativecommons.org/licenses/by-nc-nd/4.0/",TRUE,"39289140",NA,NA,NA,FALSE,"els2023deal","04xfq0f34_els2023deal_2024"
"RWTH Aachen",2024,NA,"10.1016/j.bpsc.2024.07.005",TRUE,FALSE,"Elsevier BV","Biological Psychiatry: Cognitive Neuroscience and Neuroimaging","2451-9022","2451-9022",NA,"2451-9022","http://creativecommons.org/licenses/by/4.0/",TRUE,"39038607",NA,NA,NA,FALSE,"els2023deal","04xfq0f34_els2023deal_2024"
"RWTH Aachen",2024,NA,"10.1016/j.bspc.2024.106582",TRUE,FALSE,"Elsevier BV","Biomedical Signal Processing and Control","1746-8094","1746-8094",NA,"1746-8094","http://creativecommons.org/licenses/by/4.0/",TRUE,NA,NA,NA,NA,FALSE,"els2023deal","04xfq0f34_els2023deal_2024"
"RWTH Aachen",2024,NA,"10.1016/j.buildenv.2024.111652",TRUE,FALSE,"Elsevier BV","Building and Environment","0360-1323","0360-1323",NA,"0360-1323","http://creativecommons.org/licenses/by/4.0/",TRUE,NA,NA,NA,NA,FALSE,"els2023deal","04xfq0f34_els2023deal_2024"
"RWTH Aachen",2024,NA,"10.1016/j.cam.2024.115853",TRUE,FALSE,"Elsevier BV","Journal of Computational and Applied Mathematics","0377-0427","0377-0427",NA,"0377-0427","http://creativecommons.org/licenses/by-nc-nd/4.0/",TRUE,NA,NA,NA,NA,FALSE,"els2023deal","04xfq0f34_els2023deal_2024"
"RWTH Aachen",2024,NA,"10.1016/j.cam.2024.115991",TRUE,FALSE,"Elsevier BV","Journal of Computational and Applied Mathematics","0377-0427","0377-0427",NA,"0377-0427","http://creativecommons.org/licenses/by-nc-nd/4.0/",TRUE,NA,NA,NA,NA,FALSE,"els2023deal","04xfq0f34_els2023deal_2024"
"RWTH Aachen",2024,NA,"10.1016/j.camwa.2024.05.023",TRUE,FALSE,"Elsevier BV","Computers & Mathematics with Applications","0898-1221","0898-1221",NA,"0898-1221","http://creativecommons.org/licenses/by/4.0/",TRUE,NA,NA,NA,NA,FALSE,"els2023deal","04xfq0f34_els2023deal_2024"
"RWTH Aachen",2024,NA,"10.1016/j.cattod.2024.114620",TRUE,FALSE,"Elsevier BV","Catalysis Today","0920-5861","0920-5861",NA,"0920-5861","http://creativecommons.org/licenses/by-nc/4.0/",TRUE,NA,NA,NA,NA,FALSE,"els2023deal","04xfq0f34_els2023deal_2024"
"RWTH Aachen",2024,NA,"10.1016/j.cattod.2024.114892",TRUE,FALSE,"Elsevier BV","Catalysis Today","0920-5861","0920-5861",NA,"0920-5861","http://creativecommons.org/licenses/by-nc-nd/4.0/",TRUE,NA,NA,NA,NA,FALSE,"els2023deal","04xfq0f34_els2023deal_2024"
"RWTH Aachen",2024,NA,"10.1016/j.cej.2024.148749",TRUE,FALSE,"Elsevier BV","Chemical Engineering Journal","1385-8947","1385-8947",NA,"1385-8947","http://creativecommons.org/licenses/by/4.0/",TRUE,NA,NA,NA,NA,FALSE,"els2023deal","04xfq0f34_els2023deal_2024"
"RWTH Aachen",2024,NA,"10.1016/j.cej.2024.150031",TRUE,FALSE,"Elsevier BV","Chemical Engineering Journal","1385-8947","1385-8947",NA,"1385-8947","http://creativecommons.org/licenses/by-nc-nd/4.0/",TRUE,NA,NA,NA,NA,FALSE,"els2023deal","04xfq0f34_els2023deal_2024"
"RWTH Aachen",2024,NA,"10.1016/j.cej.2024.151832",TRUE,FALSE,"Elsevier BV","Chemical Engineering Journal","1385-8947","1385-8947",NA,"1385-8947","http://creativecommons.org/licenses/by/4.0/",TRUE,NA,NA,NA,NA,FALSE,"els2023deal","04xfq0f34_els2023deal_2024"
"RWTH Aachen",2024,NA,"10.1016/j.cej.2024.153000",TRUE,FALSE,"Elsevier BV","Chemical Engineering Journal","1385-8947","1385-8947",NA,"1385-8947","http://creativecommons.org/licenses/by/4.0/",TRUE,NA,NA,NA,NA,FALSE,"els2023deal","04xfq0f34_els2023deal_2024"
"RWTH Aachen",2024,NA,"10.1016/j.cej.2024.158374",TRUE,FALSE,"Elsevier BV","Chemical Engineering Journal","1385-8947","1385-8947",NA,"1385-8947","http://creativecommons.org/licenses/by-nc/4.0/",TRUE,NA,NA,NA,NA,FALSE,"els2023deal","04xfq0f34_els2023deal_2024"
"RWTH Aachen",2024,NA,"10.1016/j.cemconres.2024.107438",TRUE,FALSE,"Elsevier BV","Cement and Concrete Research","0008-8846","0008-8846",NA,"0008-8846","http://creativecommons.org/licenses/by/4.0/",TRUE,NA,NA,NA,NA,FALSE,"els2023deal","04xfq0f34_els2023deal_2024"
"RWTH Aachen",2024,NA,"10.1016/j.cemconres.2024.107613",TRUE,FALSE,"Elsevier BV","Cement and Concrete Research","0008-8846","0008-8846",NA,"0008-8846","https://www.elsevier.com/tdm/userlicense/1.0/",TRUE,NA,NA,NA,NA,FALSE,"els2023deal","04xfq0f34_els2023deal_2024"
"RWTH Aachen",2024,NA,"10.1016/j.cemconres.2024.107624",TRUE,FALSE,"Elsevier BV","Cement and Concrete Research","0008-8846","0008-8846",NA,"0008-8846","http://creativecommons.org/licenses/by/4.0/",TRUE,NA,NA,NA,NA,FALSE,"els2023deal","04xfq0f34_els2023deal_2024"
"RWTH Aachen",2024,NA,"10.1016/j.ces.2024.119924",TRUE,FALSE,"Elsevier BV","Chemical Engineering Science","0009-2509","0009-2509",NA,"0009-2509","http://creativecommons.org/licenses/by/4.0/",TRUE,NA,NA,NA,NA,FALSE,"els2023deal","04xfq0f34_els2023deal_2024"
"RWTH Aachen",2024,NA,"10.1016/j.ces.2024.120751",TRUE,FALSE,"Elsevier BV","Chemical Engineering Science","0009-2509","0009-2509",NA,"0009-2509","http://creativecommons.org/licenses/by/4.0/",TRUE,NA,NA,NA,NA,FALSE,"els2023deal","04xfq0f34_els2023deal_2024"
"RWTH Aachen",2024,NA,"10.1016/j.chemgeo.2024.122119",TRUE,FALSE,"Elsevier BV","Chemical Geology","0009-2541","0009-2541",NA,"0009-2541","http://creativecommons.org/licenses/by/4.0/",TRUE,NA,NA,NA,NA,FALSE,"els2023deal","04xfq0f34_els2023deal_2024"
"RWTH Aachen",2024,NA,"10.1016/j.cherd.2024.10.004",TRUE,FALSE,"Elsevier BV","Chemical Engineering Research and Design","0263-8762","0263-8762",NA,NA,"http://creativecommons.org/licenses/by/4.0/",TRUE,NA,NA,NA,NA,FALSE,"els2023deal","04xfq0f34_els2023deal_2024"
"RWTH Aachen",2024,NA,"10.1016/j.chroma.2024.465251",TRUE,FALSE,"Elsevier BV","Journal of Chromatography A","0021-9673","0021-9673",NA,"0021-9673","http://creativecommons.org/licenses/by/4.0/",TRUE,"39191184",NA,NA,NA,FALSE,"els2023deal","04xfq0f34_els2023deal_2024"
"RWTH Aachen",2024,NA,"10.1016/j.cirp.2024.04.055",TRUE,FALSE,"Elsevier BV","CIRP Annals - Manufacturing Technology","0007-8506","0007-8506",NA,"0007-8506","http://creativecommons.org/licenses/by/4.0/",TRUE,NA,NA,NA,NA,FALSE,"els2023deal","04xfq0f34_els2023deal_2024"
"RWTH Aachen",2024,NA,"10.1016/j.cirp.2024.04.073",TRUE,FALSE,"Elsevier BV","CIRP Annals - Manufacturing Technology","0007-8506","0007-8506",NA,"0007-8506","http://creativecommons.org/licenses/by/4.0/",TRUE,NA,NA,NA,NA,FALSE,"els2023deal","04xfq0f34_els2023deal_2024"
"RWTH Aachen",2024,NA,"10.1016/j.clim.2024.110179",TRUE,FALSE,"Elsevier BV","Clinical Immunology","1521-6616","1521-6616",NA,"1521-6616","http://creativecommons.org/licenses/by-nc/4.0/",TRUE,"38460896",NA,NA,NA,FALSE,"els2023deal","04xfq0f34_els2023deal_2024"
"RWTH Aachen",2024,NA,"10.1016/j.clineuro.2024.108501",TRUE,FALSE,"Elsevier BV","Clinical Neurology and Neurosurgery","0303-8467","0303-8467",NA,"0303-8467","http://creativecommons.org/licenses/by-nc-nd/4.0/",TRUE,"39173492",NA,NA,NA,FALSE,"els2023deal","04xfq0f34_els2023deal_2024"
"RWTH Aachen",2024,NA,"10.1016/j.clnesp.2024.03.032",TRUE,FALSE,"Elsevier BV","Clinical Nutrition ESPEN","2405-4577","2405-4577",NA,"2405-4577","http://creativecommons.org/licenses/by-nc-nd/4.0/",TRUE,"38777443",NA,NA,NA,FALSE,"els2023deal","04xfq0f34_els2023deal_2024"
"RWTH Aachen",2024,NA,"10.1016/j.cma.2024.116847",TRUE,FALSE,"Elsevier BV","Computer Methods in Applied Mechanics and Engineering","0045-7825","0045-7825",NA,"0045-7825","http://creativecommons.org/licenses/by/4.0/",TRUE,NA,NA,NA,NA,FALSE,"els2023deal","04xfq0f34_els2023deal_2024"
"RWTH Aachen",2024,NA,"10.1016/j.cma.2024.116979",TRUE,FALSE,"Elsevier BV","Computer Methods in Applied Mechanics and Engineering","0045-7825","0045-7825",NA,"0045-7825","http://creativecommons.org/licenses/by/4.0/",TRUE,NA,NA,NA,NA,FALSE,"els2023deal","04xfq0f34_els2023deal_2024"
"RWTH Aachen",2024,NA,"10.1016/j.cma.2024.117063",TRUE,FALSE,"Elsevier BV","Computer Methods in Applied Mechanics and Engineering","0045-7825","0045-7825",NA,"0045-7825","http://creativecommons.org/licenses/by/4.0/",TRUE,NA,NA,NA,NA,FALSE,"els2023deal","04xfq0f34_els2023deal_2024"
"RWTH Aachen",2024,NA,"10.1016/j.cma.2024.117111",TRUE,FALSE,"Elsevier BV","Computer Methods in Applied Mechanics and Engineering","0045-7825","0045-7825",NA,"0045-7825","http://creativecommons.org/licenses/by-nc/4.0/",TRUE,NA,NA,NA,NA,FALSE,"els2023deal","04xfq0f34_els2023deal_2024"
"RWTH Aachen",2024,NA,"10.1016/j.cma.2024.117525",TRUE,FALSE,"Elsevier BV","Computer Methods in Applied Mechanics and Engineering","0045-7825","0045-7825",NA,"0045-7825","http://creativecommons.org/licenses/by/4.0/",TRUE,NA,NA,NA,NA,FALSE,"els2023deal","04xfq0f34_els2023deal_2024"
"RWTH Aachen",2024,NA,"10.1016/j.cma.2024.117535",TRUE,FALSE,"Elsevier BV","Computer Methods in Applied Mechanics and Engineering","0045-7825","0045-7825",NA,"0045-7825","http://creativecommons.org/licenses/by-nc-nd/4.0/",TRUE,NA,NA,NA,NA,FALSE,"els2023deal","04xfq0f34_els2023deal_2024"
"RWTH Aachen",2024,NA,"10.1016/j.cmpb.2024.108215",TRUE,FALSE,"Elsevier BV","Computer Methods and Programs in Biomedicine","0169-2607","0169-2607",NA,"0169-2607","http://creativecommons.org/licenses/by-nc-nd/4.0/",TRUE,"38781811",NA,NA,NA,FALSE,"els2023deal","04xfq0f34_els2023deal_2024"
"RWTH Aachen",2024,NA,"10.1016/j.cmpb.2024.108319",TRUE,FALSE,"Elsevier BV","Computer Methods and Programs in Biomedicine","0169-2607","0169-2607",NA,"0169-2607","http://creativecommons.org/licenses/by-nc-nd/4.0/",TRUE,"39047578",NA,NA,NA,FALSE,"els2023deal","04xfq0f34_els2023deal_2024"
"RWTH Aachen",2024,NA,"10.1016/j.cmpb.2024.108466",TRUE,FALSE,"Elsevier BV","Computer Methods and Programs in Biomedicine","0169-2607","0169-2607",NA,"0169-2607","http://creativecommons.org/licenses/by/4.0/",TRUE,"39488041",NA,NA,NA,FALSE,"els2023deal","04xfq0f34_els2023deal_2024"
"RWTH Aachen",2024,NA,"10.1016/j.cnsns.2024.108368",TRUE,FALSE,"Elsevier BV","Communications in Nonlinear Science and Numerical Simulation","1007-5704","1007-5704",NA,"1007-5704","http://creativecommons.org/licenses/by/4.0/",TRUE,NA,NA,NA,NA,FALSE,"els2023deal","04xfq0f34_els2023deal_2024"
"RWTH Aachen",2024,NA,"10.1016/j.coal.2024.104459",TRUE,FALSE,"Elsevier BV","International Journal of Coal Geology","0166-5162","0166-5162",NA,"0166-5162","http://creativecommons.org/licenses/by-nc-nd/4.0/",TRUE,NA,NA,NA,NA,FALSE,"els2023deal","04xfq0f34_els2023deal_2024"
"RWTH Aachen",2024,NA,"10.1016/j.coal.2024.104469",TRUE,FALSE,"Elsevier BV","International Journal of Coal Geology","0166-5162","0166-5162",NA,"0166-5162","http://creativecommons.org/licenses/by-nc-nd/4.0/",TRUE,NA,NA,NA,NA,FALSE,"els2023deal","04xfq0f34_els2023deal_2024"
"RWTH Aachen",2024,NA,"10.1016/j.coal.2024.104549",TRUE,FALSE,"Elsevier BV","International Journal of Coal Geology","0166-5162","0166-5162",NA,"0166-5162","http://creativecommons.org/licenses/by/4.0/",TRUE,NA,NA,NA,NA,FALSE,"els2023deal","04xfq0f34_els2023deal_2024"
"RWTH Aachen",2024,NA,"10.1016/j.coal.2024.104648",TRUE,FALSE,"Elsevier BV","International Journal of Coal Geology","0166-5162","0166-5162",NA,"0166-5162","http://creativecommons.org/licenses/by/4.0/",TRUE,NA,NA,NA,NA,FALSE,"els2023deal","04xfq0f34_els2023deal_2024"
"RWTH Aachen",2024,NA,"10.1016/j.colsurfa.2024.134133",TRUE,FALSE,"Elsevier BV","Colloids and Surfaces A: Physicochemical and Engineering Aspects","0927-7757","0927-7757",NA,"0927-7757","http://creativecommons.org/licenses/by/4.0/",TRUE,NA,NA,NA,NA,FALSE,"els2023deal","04xfq0f34_els2023deal_2024"
"RWTH Aachen",2024,NA,"10.1016/j.combustflame.2024.113323",TRUE,FALSE,"Elsevier BV","Combustion and Flame","0010-2180","0010-2180",NA,"0010-2180","http://creativecommons.org/licenses/by/4.0/",TRUE,NA,NA,NA,NA,FALSE,"els2023deal","04xfq0f34_els2023deal_2024"
"RWTH Aachen",2024,NA,"10.1016/j.combustflame.2024.113329",TRUE,FALSE,"Elsevier BV","Combustion and Flame","0010-2180","0010-2180",NA,"0010-2180","http://creativecommons.org/licenses/by-nc-nd/4.0/",TRUE,NA,NA,NA,NA,FALSE,"els2023deal","04xfq0f34_els2023deal_2024"
"RWTH Aachen",2024,NA,"10.1016/j.combustflame.2024.113338",TRUE,FALSE,"Elsevier BV","Combustion and Flame","0010-2180","0010-2180",NA,"0010-2180","http://creativecommons.org/licenses/by/4.0/",TRUE,NA,NA,NA,NA,FALSE,"els2023deal","04xfq0f34_els2023deal_2024"
"RWTH Aachen",2024,NA,"10.1016/j.combustflame.2024.113533",TRUE,FALSE,"Elsevier BV","Combustion and Flame","0010-2180","0010-2180",NA,"0010-2180","http://creativecommons.org/licenses/by/4.0/",TRUE,NA,NA,NA,NA,FALSE,"els2023deal","04xfq0f34_els2023deal_2024"
"RWTH Aachen",2024,NA,"10.1016/j.combustflame.2024.113560",TRUE,FALSE,"Elsevier BV","Combustion and Flame","0010-2180","0010-2180",NA,"0010-2180","http://creativecommons.org/licenses/by/4.0/",TRUE,NA,NA,NA,NA,FALSE,"els2023deal","04xfq0f34_els2023deal_2024"
"RWTH Aachen",2024,NA,"10.1016/j.combustflame.2024.113702",TRUE,FALSE,"Elsevier BV","Combustion and Flame","0010-2180","0010-2180",NA,"0010-2180","http://creativecommons.org/licenses/by/4.0/",TRUE,NA,NA,NA,NA,FALSE,"els2023deal","04xfq0f34_els2023deal_2024"
"RWTH Aachen",2024,NA,"10.1016/j.combustflame.2024.113833",TRUE,FALSE,"Elsevier BV","Combustion and Flame","0010-2180","0010-2180",NA,"0010-2180","http://creativecommons.org/licenses/by-nc-nd/4.0/",TRUE,NA,NA,NA,NA,FALSE,"els2023deal","04xfq0f34_els2023deal_2024"
"RWTH Aachen",2024,NA,"10.1016/j.combustflame.2024.113861",TRUE,FALSE,"Elsevier BV","Combustion and Flame","0010-2180","0010-2180",NA,"0010-2180","http://creativecommons.org/licenses/by-nc-nd/4.0/",TRUE,NA,NA,NA,NA,FALSE,"els2023deal","04xfq0f34_els2023deal_2024"
"RWTH Aachen",2024,NA,"10.1016/j.combustflame.2024.113914",TRUE,FALSE,"Elsevier BV","Combustion and Flame","0010-2180","0010-2180",NA,"0010-2180","http://creativecommons.org/licenses/by/4.0/",TRUE,NA,NA,NA,NA,FALSE,"els2023deal","04xfq0f34_els2023deal_2024"
"RWTH Aachen",2024,NA,"10.1016/j.commatsci.2024.113025",TRUE,FALSE,"Elsevier BV","Computational Materials Science","0927-0256","0927-0256",NA,"0927-0256","http://creativecommons.org/licenses/by-nc/4.0/",TRUE,NA,NA,NA,NA,FALSE,"els2023deal","04xfq0f34_els2023deal_2024"
"RWTH Aachen",2024,NA,"10.1016/j.commatsci.2024.113054",TRUE,FALSE,"Elsevier BV","Computational Materials Science","0927-0256","0927-0256",NA,"0927-0256","https://www.elsevier.com/tdm/userlicense/1.0/",TRUE,NA,NA,NA,NA,FALSE,"els2023deal","04xfq0f34_els2023deal_2024"
"RWTH Aachen",2024,NA,"10.1016/j.commatsci.2024.113064",TRUE,FALSE,"Elsevier BV","Computational Materials Science","0927-0256","0927-0256",NA,"0927-0256","http://creativecommons.org/licenses/by-nc-nd/4.0/",TRUE,NA,NA,NA,NA,FALSE,"els2023deal","04xfq0f34_els2023deal_2024"
"RWTH Aachen",2024,NA,"10.1016/j.commatsci.2024.113546",TRUE,FALSE,"Elsevier BV","Computational Materials Science","0927-0256","0927-0256",NA,"0927-0256","http://creativecommons.org/licenses/by/4.0/",TRUE,NA,NA,NA,NA,FALSE,"els2023deal","04xfq0f34_els2023deal_2024"
"RWTH Aachen",2024,NA,"10.1016/j.compchemeng.2024.108621",TRUE,FALSE,"Elsevier BV","Computers & Chemical Engineering","0098-1354","0098-1354",NA,"0098-1354","http://creativecommons.org/licenses/by/4.0/",TRUE,NA,NA,NA,NA,FALSE,"els2023deal","04xfq0f34_els2023deal_2024"
"RWTH Aachen",2024,NA,"10.1016/j.compchemeng.2024.108681",TRUE,FALSE,"Elsevier BV","Computers & Chemical Engineering","0098-1354","0098-1354",NA,"0098-1354","http://creativecommons.org/licenses/by/4.0/",TRUE,NA,NA,NA,NA,FALSE,"els2023deal","04xfq0f34_els2023deal_2024"
"RWTH Aachen",2024,NA,"10.1016/j.compfluid.2024.106302",TRUE,FALSE,"Elsevier BV","Computers & Fluids","0045-7930","0045-7930",NA,"0045-7930","http://creativecommons.org/licenses/by/4.0/",TRUE,NA,NA,NA,NA,FALSE,"els2023deal","04xfq0f34_els2023deal_2024"
"RWTH Aachen",2024,NA,"10.1016/j.compfluid.2024.106304",TRUE,FALSE,"Elsevier BV","Computers & Fluids","0045-7930","0045-7930",NA,"0045-7930","http://creativecommons.org/licenses/by/4.0/",TRUE,NA,NA,NA,NA,FALSE,"els2023deal","04xfq0f34_els2023deal_2024"
"RWTH Aachen",2024,NA,"10.1016/j.compfluid.2024.106498",TRUE,FALSE,"Elsevier BV","Computers & Fluids","0045-7930","0045-7930",NA,"0045-7930","http://creativecommons.org/licenses/by-nc/4.0/",TRUE,NA,NA,NA,NA,FALSE,"els2023deal","04xfq0f34_els2023deal_2024"
"RWTH Aachen",2024,NA,"10.1016/j.compgeo.2024.106748",TRUE,FALSE,"Elsevier BV","Computers and Geotechnics","0266-352X","0266-352X",NA,"0266-352X","http://creativecommons.org/licenses/by/4.0/",TRUE,NA,NA,NA,NA,FALSE,"els2023deal","04xfq0f34_els2023deal_2024"
"RWTH Aachen",2024,NA,"10.1016/j.compind.2024.104170",TRUE,FALSE,"Elsevier BV","Computers in Industry","0166-3615","0166-3615",NA,"0166-3615","http://creativecommons.org/licenses/by-nc/4.0/",TRUE,NA,NA,NA,NA,FALSE,"els2023deal","04xfq0f34_els2023deal_2024"
"RWTH Aachen",2024,NA,"10.1016/j.compositesb.2024.111326",TRUE,FALSE,"Elsevier BV","Composites Part B: Engineering","1359-8368","1359-8368",NA,"1359-8368","http://creativecommons.org/licenses/by-nc-nd/4.0/",TRUE,NA,NA,NA,NA,FALSE,"els2023deal","04xfq0f34_els2023deal_2024"
"RWTH Aachen",2024,NA,"10.1016/j.compstruc.2024.107391",TRUE,FALSE,"Elsevier BV","Computers & Structures","0045-7949","0045-7949",NA,"0045-7949","http://creativecommons.org/licenses/by-nc-nd/4.0/",TRUE,NA,NA,NA,NA,FALSE,"els2023deal","04xfq0f34_els2023deal_2024"
"RWTH Aachen",2024,NA,"10.1016/j.conbuildmat.2024.136151",TRUE,FALSE,"Elsevier BV","Construction and Building Materials","0950-0618","0950-0618",NA,"0950-0618","http://creativecommons.org/licenses/by-nc/4.0/",TRUE,NA,NA,NA,NA,FALSE,"els2023deal","04xfq0f34_els2023deal_2024"
"RWTH Aachen",2024,NA,"10.1016/j.conbuildmat.2024.137611",TRUE,FALSE,"Elsevier BV","Construction and Building Materials","0950-0618","0950-0618",NA,"0950-0618","http://creativecommons.org/licenses/by-nc-nd/4.0/",TRUE,NA,NA,NA,NA,FALSE,"els2023deal","04xfq0f34_els2023deal_2024"
"RWTH Aachen",2024,NA,"10.1016/j.conbuildmat.2024.138455",TRUE,FALSE,"Elsevier BV","Construction and Building Materials","0950-0618","0950-0618",NA,"0950-0618","http://creativecommons.org/licenses/by/4.0/",TRUE,NA,NA,NA,NA,FALSE,"els2023deal","04xfq0f34_els2023deal_2024"
"RWTH Aachen",2024,NA,"10.1016/j.conbuildmat.2024.139466",TRUE,FALSE,"Elsevier BV","Construction and Building Materials","0950-0618","0950-0618",NA,"0950-0618","http://creativecommons.org/licenses/by-nc/4.0/",TRUE,NA,NA,NA,NA,FALSE,"els2023deal","04xfq0f34_els2023deal_2024"
"RWTH Aachen",2024,NA,"10.1016/j.copbio.2024.103107",TRUE,FALSE,"Elsevier BV","Current Opinion in Biotechnology","0958-1669","0958-1669",NA,"0958-1669","http://creativecommons.org/licenses/by-nc/4.0/",TRUE,"38484421",NA,NA,NA,FALSE,"els2023deal","04xfq0f34_els2023deal_2024"
"RWTH Aachen",2024,NA,"10.1016/j.copbio.2024.103209",TRUE,FALSE,"Elsevier BV","Current Opinion in Biotechnology","0958-1669","0958-1669",NA,"0958-1669","http://creativecommons.org/licenses/by-nc/4.0/",TRUE,"39326130",NA,NA,NA,FALSE,"els2023deal","04xfq0f34_els2023deal_2024"
"RWTH Aachen",2024,NA,"10.1016/j.cpc.2024.109198",TRUE,FALSE,"Elsevier BV","Computer Physics Communications","0010-4655","0010-4655",NA,"0010-4655","http://creativecommons.org/licenses/by/4.0/",TRUE,NA,NA,NA,NA,FALSE,"els2023deal","04xfq0f34_els2023deal_2024"
"RWTH Aachen",2024,NA,"10.1016/j.cpc.2024.109384",TRUE,FALSE,"Elsevier BV","Computer Physics Communications","0010-4655","0010-4655",NA,"0010-4655","http://creativecommons.org/licenses/by/4.0/",TRUE,NA,NA,NA,NA,FALSE,"els2023deal","04xfq0f34_els2023deal_2024"
"RWTH Aachen",2024,NA,"10.1016/j.cryogenics.2024.103895",TRUE,FALSE,"Elsevier BV","Cryogenics","0011-2275","0011-2275",NA,"0011-2275","http://creativecommons.org/licenses/by/4.0/",TRUE,NA,NA,NA,NA,FALSE,"els2023deal","04xfq0f34_els2023deal_2024"
"RWTH Aachen",2024,NA,"10.1016/j.cstp.2024.101227",TRUE,FALSE,"Elsevier BV","Case Studies on Transport Policy","2213-624X","2213-624X",NA,"2213-624X","http://creativecommons.org/licenses/by/4.0/",TRUE,NA,NA,NA,NA,FALSE,"els2023deal","04xfq0f34_els2023deal_2024"
"RWTH Aachen",2024,NA,"10.1016/j.dam.2024.06.029",TRUE,FALSE,"Elsevier BV","Discrete Applied Mathematics","0166-218X","0166-218X",NA,"0166-218X","http://creativecommons.org/licenses/by-nc/4.0/",TRUE,NA,NA,NA,NA,FALSE,"els2023deal","04xfq0f34_els2023deal_2024"
"RWTH Aachen",2024,NA,"10.1016/j.dam.2024.06.031",TRUE,FALSE,"Elsevier BV","Discrete Applied Mathematics","0166-218X","0166-218X",NA,"0166-218X","http://creativecommons.org/licenses/by/4.0/",TRUE,NA,NA,NA,NA,FALSE,"els2023deal","04xfq0f34_els2023deal_2024"
"RWTH Aachen",2024,NA,"10.1016/j.dam.2024.11.025",TRUE,FALSE,"Elsevier BV","Discrete Applied Mathematics","0166-218X","0166-218X",NA,"0166-218X","http://creativecommons.org/licenses/by-nc-nd/4.0/",TRUE,NA,NA,NA,NA,FALSE,"els2023deal","04xfq0f34_els2023deal_2024"
"RWTH Aachen",2024,NA,"10.1016/j.datak.2024.102301",TRUE,FALSE,"Elsevier BV","Data & Knowledge Engineering","0169-023X","0169-023X",NA,"0169-023X","http://creativecommons.org/licenses/by/4.0/",TRUE,NA,NA,NA,NA,FALSE,"els2023deal","04xfq0f34_els2023deal_2024"
"RWTH Aachen",2024,NA,"10.1016/j.desal.2024.117313",TRUE,FALSE,"Elsevier BV","Desalination","0011-9164","0011-9164",NA,"0011-9164","http://creativecommons.org/licenses/by/4.0/",TRUE,NA,NA,NA,NA,FALSE,"els2023deal","04xfq0f34_els2023deal_2024"
"RWTH Aachen",2024,NA,"10.1016/j.desal.2024.117595",TRUE,FALSE,"Elsevier BV","Desalination","0011-9164","0011-9164",NA,"0011-9164","http://creativecommons.org/licenses/by/4.0/",TRUE,NA,NA,NA,NA,FALSE,"els2023deal","04xfq0f34_els2023deal_2024"
"RWTH Aachen",2024,NA,"10.1016/j.desal.2024.118170",TRUE,FALSE,"Elsevier BV","Desalination","0011-9164","0011-9164",NA,"0011-9164","https://www.elsevier.com/tdm/userlicense/1.0/",TRUE,NA,NA,NA,NA,FALSE,"els2023deal","04xfq0f34_els2023deal_2024"
"RWTH Aachen",2024,NA,"10.1016/j.disc.2024.114144",TRUE,FALSE,"Elsevier BV","Discrete Mathematics","0012-365X","0012-365X",NA,"0012-365X","http://creativecommons.org/licenses/by/4.0/",TRUE,NA,NA,NA,NA,FALSE,"els2023deal","04xfq0f34_els2023deal_2024"
"RWTH Aachen",2024,NA,"10.1016/j.ejcon.2024.101063",TRUE,FALSE,"Elsevier BV","European Journal of Control","0947-3580","0947-3580",NA,"0947-3580","http://creativecommons.org/licenses/by/4.0/",TRUE,NA,NA,NA,NA,FALSE,"els2023deal","04xfq0f34_els2023deal_2024"
"RWTH Aachen",2024,NA,"10.1016/j.ejim.2024.10.030",TRUE,FALSE,"Elsevier BV","European Journal of Internal Medicine","0953-6205","0953-6205",NA,"0953-6205","http://creativecommons.org/licenses/by/4.0/",TRUE,"39613703",NA,NA,NA,FALSE,"els2023deal","04xfq0f34_els2023deal_2024"
"RWTH Aachen",2024,NA,"10.1016/j.ejor.2024.02.039",TRUE,FALSE,"Elsevier BV","European Journal of Operational Research","0377-2217","0377-2217",NA,"0377-2217","http://creativecommons.org/licenses/by-nc-nd/4.0/",TRUE,NA,NA,NA,NA,FALSE,"els2023deal","04xfq0f34_els2023deal_2024"
"RWTH Aachen",2024,NA,"10.1016/j.ejor.2024.04.005",TRUE,FALSE,"Elsevier BV","European Journal of Operational Research","0377-2217","0377-2217",NA,"0377-2217","http://creativecommons.org/licenses/by/4.0/",TRUE,NA,NA,NA,NA,FALSE,"els2023deal","04xfq0f34_els2023deal_2024"
"RWTH Aachen",2024,NA,"10.1016/j.ejpoleco.2024.102576",TRUE,FALSE,"Elsevier BV","European Journal of Political Economy","0176-2680","0176-2680",NA,"0176-2680","http://creativecommons.org/licenses/by/4.0/",TRUE,NA,NA,NA,NA,FALSE,"els2023deal","04xfq0f34_els2023deal_2024"
"RWTH Aachen",2024,NA,"10.1016/j.ejvs.2024.10.002",TRUE,FALSE,"Elsevier BV","European Journal of Vascular and Endovascular Surgery","1078-5884","1078-5884",NA,"1078-5884","http://creativecommons.org/licenses/by/4.0/",TRUE,"39393577",NA,NA,NA,FALSE,"els2023deal","04xfq0f34_els2023deal_2024"
"RWTH Aachen",2024,NA,"10.1016/j.electacta.2024.144533",TRUE,FALSE,"Elsevier BV","Electrochimica Acta","0013-4686","0013-4686",NA,"0013-4686","http://creativecommons.org/licenses/by/4.0/",TRUE,NA,NA,NA,NA,FALSE,"els2023deal","04xfq0f34_els2023deal_2024"
"RWTH Aachen",2024,NA,"10.1016/j.electacta.2024.145111",TRUE,FALSE,"Elsevier BV","Electrochimica Acta","0013-4686","0013-4686",NA,"0013-4686","http://creativecommons.org/licenses/by-nc-nd/4.0/",TRUE,NA,NA,NA,NA,FALSE,"els2023deal","04xfq0f34_els2023deal_2024"
"RWTH Aachen",2024,NA,"10.1016/j.enbuild.2024.113895",TRUE,FALSE,"Elsevier BV","Energy and Buildings","0378-7788","0378-7788",NA,"0378-7788","http://creativecommons.org/licenses/by/4.0/",TRUE,NA,NA,NA,NA,FALSE,"els2023deal","04xfq0f34_els2023deal_2024"
"RWTH Aachen",2024,NA,"10.1016/j.enbuild.2024.114071",TRUE,FALSE,"Elsevier BV","Energy and Buildings","0378-7788","0378-7788",NA,"0378-7788","http://creativecommons.org/licenses/by/4.0/",TRUE,NA,NA,NA,NA,FALSE,"els2023deal","04xfq0f34_els2023deal_2024"
"RWTH Aachen",2024,NA,"10.1016/j.enbuild.2024.114852",TRUE,FALSE,"Elsevier BV","Energy and Buildings","0378-7788","0378-7788",NA,"0378-7788","http://creativecommons.org/licenses/by/4.0/",TRUE,NA,NA,NA,NA,FALSE,"els2023deal","04xfq0f34_els2023deal_2024"
"RWTH Aachen",2024,NA,"10.1016/j.enbuild.2024.115068",TRUE,FALSE,"Elsevier BV","Energy and Buildings","0378-7788","0378-7788",NA,"0378-7788","http://creativecommons.org/licenses/by-nc-nd/4.0/",TRUE,NA,NA,NA,NA,FALSE,"els2023deal","04xfq0f34_els2023deal_2024"
"RWTH Aachen",2024,NA,"10.1016/j.enconman.2024.118159",TRUE,FALSE,"Elsevier BV","Energy Conversion and Management","0196-8904","0196-8904",NA,"0196-8904","http://creativecommons.org/licenses/by/4.0/",TRUE,NA,NA,NA,NA,FALSE,"els2023deal","04xfq0f34_els2023deal_2024"
"RWTH Aachen",2024,NA,"10.1016/j.energy.2024.130558",TRUE,FALSE,"Elsevier BV","Energy","0360-5442","0360-5442",NA,"0360-5442","http://creativecommons.org/licenses/by/4.0/",TRUE,NA,NA,NA,NA,FALSE,"els2023deal","04xfq0f34_els2023deal_2024"
"RWTH Aachen",2024,NA,"10.1016/j.energy.2024.131248",TRUE,FALSE,"Elsevier BV","Energy","0360-5442","0360-5442",NA,"0360-5442","http://creativecommons.org/licenses/by/4.0/",TRUE,NA,NA,NA,NA,FALSE,"els2023deal","04xfq0f34_els2023deal_2024"
"RWTH Aachen",2024,NA,"10.1016/j.energy.2024.133907",TRUE,FALSE,"Elsevier BV","Energy","0360-5442","0360-5442",NA,"0360-5442","http://creativecommons.org/licenses/by/4.0/",TRUE,NA,NA,NA,NA,FALSE,"els2023deal","04xfq0f34_els2023deal_2024"
"RWTH Aachen",2024,NA,"10.1016/j.energy.2024.134020",TRUE,FALSE,"Elsevier BV","Energy","0360-5442","0360-5442",NA,"0360-5442","http://creativecommons.org/licenses/by-nc-nd/4.0/",TRUE,NA,NA,NA,NA,FALSE,"els2023deal","04xfq0f34_els2023deal_2024"
"RWTH Aachen",2024,NA,"10.1016/j.engappai.2024.108276",TRUE,FALSE,"Elsevier BV","Engineering Applications of Artificial Intelligence","0952-1976","0952-1976",NA,"0952-1976","http://creativecommons.org/licenses/by-nc/4.0/",TRUE,NA,NA,NA,NA,FALSE,"els2023deal","04xfq0f34_els2023deal_2024"
"RWTH Aachen",2024,NA,"10.1016/j.engfailanal.2024.108964",TRUE,FALSE,"Elsevier BV","Engineering Failure Analysis","1350-6307","1350-6307",NA,"1350-6307","http://creativecommons.org/licenses/by-nc-nd/4.0/",TRUE,NA,NA,NA,NA,FALSE,"els2023deal","04xfq0f34_els2023deal_2024"
"RWTH Aachen",2024,NA,"10.1016/j.engfracmech.2024.110532",TRUE,FALSE,"Elsevier BV","Engineering Fracture Mechanics","0013-7944","0013-7944",NA,"0013-7944","http://creativecommons.org/licenses/by/4.0/",TRUE,NA,NA,NA,NA,FALSE,"els2023deal","04xfq0f34_els2023deal_2024"
"RWTH Aachen",2024,NA,"10.1016/j.engfracmech.2024.110751",TRUE,FALSE,"Elsevier BV","Engineering Fracture Mechanics","0013-7944","0013-7944",NA,"0013-7944","http://creativecommons.org/licenses/by-nc-nd/4.0/",TRUE,NA,NA,NA,NA,FALSE,"els2023deal","04xfq0f34_els2023deal_2024"
"RWTH Aachen",2024,NA,"10.1016/j.engstruct.2024.119445",TRUE,FALSE,"Elsevier BV","Engineering Structures","0141-0296","0141-0296",NA,"0141-0296","http://creativecommons.org/licenses/by/4.0/",TRUE,NA,NA,NA,NA,FALSE,"els2023deal","04xfq0f34_els2023deal_2024"
"RWTH Aachen",2024,NA,"10.1016/j.enpol.2024.114200",TRUE,FALSE,"Elsevier BV","Energy Policy","0301-4215","0301-4215",NA,"0301-4215","http://creativecommons.org/licenses/by/4.0/",TRUE,NA,NA,NA,NA,FALSE,"els2023deal","04xfq0f34_els2023deal_2024"
"RWTH Aachen",2024,NA,"10.1016/j.envpol.2024.125487",TRUE,FALSE,"Elsevier BV","Environmental Pollution","0269-7491","0269-7491",NA,"0269-7491","http://creativecommons.org/licenses/by-nc-nd/4.0/",TRUE,"39644953",NA,NA,NA,FALSE,"els2023deal","04xfq0f34_els2023deal_2024"
"RWTH Aachen",2024,NA,"10.1016/j.epsr.2024.110655",TRUE,FALSE,"Elsevier BV","Electric Power Systems Research","0378-7796","0378-7796",NA,"0378-7796","http://creativecommons.org/licenses/by-nc/4.0/",TRUE,NA,NA,NA,NA,FALSE,"els2023deal","04xfq0f34_els2023deal_2024"
"RWTH Aachen",2024,NA,"10.1016/j.epsr.2024.110779",TRUE,FALSE,"Elsevier BV","Electric Power Systems Research","0378-7796","0378-7796",NA,"0378-7796","http://creativecommons.org/licenses/by-nc/4.0/",TRUE,NA,NA,NA,NA,FALSE,"els2023deal","04xfq0f34_els2023deal_2024"
"RWTH Aachen",2024,NA,"10.1016/j.est.2024.111030",TRUE,FALSE,"Elsevier BV","Journal of Energy Storage","2352-152X","2352-152X",NA,"2352-152X","http://creativecommons.org/licenses/by-nc-nd/4.0/",TRUE,NA,NA,NA,NA,FALSE,"els2023deal","04xfq0f34_els2023deal_2024"
"RWTH Aachen",2024,NA,"10.1016/j.est.2024.111275",TRUE,FALSE,"Elsevier BV","Journal of Energy Storage","2352-152X","2352-152X",NA,"2352-152X","http://creativecommons.org/licenses/by/4.0/",TRUE,NA,NA,NA,NA,FALSE,"els2023deal","04xfq0f34_els2023deal_2024"
"RWTH Aachen",2024,NA,"10.1016/j.est.2024.111360",TRUE,FALSE,"Elsevier BV","Journal of Energy Storage","2352-152X","2352-152X",NA,"2352-152X","http://creativecommons.org/licenses/by-nc/4.0/",TRUE,NA,NA,NA,NA,FALSE,"els2023deal","04xfq0f34_els2023deal_2024"
"RWTH Aachen",2024,NA,"10.1016/j.est.2024.112042",TRUE,FALSE,"Elsevier BV","Journal of Energy Storage","2352-152X","2352-152X",NA,"2352-152X","http://creativecommons.org/licenses/by/4.0/",TRUE,NA,NA,NA,NA,FALSE,"els2023deal","04xfq0f34_els2023deal_2024"
"RWTH Aachen",2024,NA,"10.1016/j.est.2024.112863",TRUE,FALSE,"Elsevier BV","Journal of Energy Storage","2352-152X","2352-152X",NA,"2352-152X","http://creativecommons.org/licenses/by/4.0/",TRUE,NA,NA,NA,NA,FALSE,"els2023deal","04xfq0f34_els2023deal_2024"
"RWTH Aachen",2024,NA,"10.1016/j.est.2024.112907",TRUE,FALSE,"Elsevier BV","Journal of Energy Storage","2352-152X","2352-152X",NA,"2352-152X","http://creativecommons.org/licenses/by/4.0/",TRUE,NA,NA,NA,NA,FALSE,"els2023deal","04xfq0f34_els2023deal_2024"
"RWTH Aachen",2024,NA,"10.1016/j.est.2024.113879",TRUE,FALSE,"Elsevier BV","Journal of Energy Storage","2352-152X","2352-152X",NA,"2352-152X","http://creativecommons.org/licenses/by/4.0/",TRUE,NA,NA,NA,NA,FALSE,"els2023deal","04xfq0f34_els2023deal_2024"
"RWTH Aachen",2024,NA,"10.1016/j.est.2024.114931",TRUE,FALSE,"Elsevier BV","Journal of Energy Storage","2352-152X","2352-152X",NA,"2352-152X","http://creativecommons.org/licenses/by/4.0/",TRUE,NA,NA,NA,NA,FALSE,"els2023deal","04xfq0f34_els2023deal_2024"
"RWTH Aachen",2024,NA,"10.1016/j.etran.2024.100316",TRUE,FALSE,"Elsevier BV","eTransportation","2590-1168","2590-1168",NA,"2590-1168","https://www.elsevier.com/tdm/userlicense/1.0/",TRUE,NA,NA,NA,NA,FALSE,"els2023deal","04xfq0f34_els2023deal_2024"
"RWTH Aachen",2024,NA,"10.1016/j.etran.2024.100340",TRUE,FALSE,"Elsevier BV","eTransportation","2590-1168","2590-1168",NA,"2590-1168","http://creativecommons.org/licenses/by-nc/4.0/",TRUE,NA,NA,NA,NA,FALSE,"els2023deal","04xfq0f34_els2023deal_2024"
"RWTH Aachen",2024,NA,"10.1016/j.etran.2024.100355",TRUE,FALSE,"Elsevier BV","eTransportation","2590-1168","2590-1168",NA,"2590-1168","http://creativecommons.org/licenses/by/4.0/",TRUE,NA,NA,NA,NA,FALSE,"els2023deal","04xfq0f34_els2023deal_2024"
"RWTH Aachen",2024,NA,"10.1016/j.etran.2024.100358",TRUE,FALSE,"Elsevier BV","eTransportation","2590-1168","2590-1168",NA,"2590-1168","http://creativecommons.org/licenses/by/4.0/",TRUE,NA,NA,NA,NA,FALSE,"els2023deal","04xfq0f34_els2023deal_2024"
"RWTH Aachen",2024,NA,"10.1016/j.euroecorev.2024.104847",TRUE,FALSE,"Elsevier BV","European Economic Review","0014-2921","0014-2921",NA,"0014-2921","http://creativecommons.org/licenses/by/4.0/",TRUE,NA,NA,NA,NA,FALSE,"els2023deal","04xfq0f34_els2023deal_2024"
"RWTH Aachen",2024,NA,"10.1016/j.euromechflu.2024.07.013",TRUE,FALSE,"Elsevier BV","European Journal of Mechanics - B/Fluids","0997-7546","0997-7546",NA,"0997-7546","http://creativecommons.org/licenses/by/4.0/",TRUE,NA,NA,NA,NA,FALSE,"els2023deal","04xfq0f34_els2023deal_2024"
"RWTH Aachen",2024,NA,"10.1016/j.eururo.2024.03.035",TRUE,FALSE,"Elsevier BV","European Urology","0302-2838","0302-2838",NA,"0302-2838","http://creativecommons.org/licenses/by-nc-nd/4.0/",TRUE,"38714379",NA,NA,NA,FALSE,"els2023deal","04xfq0f34_els2023deal_2024"
"RWTH Aachen",2024,NA,"10.1016/j.exphem.2024.104600",TRUE,FALSE,"Elsevier BV","Experimental Hematology","0301-472X","0301-472X",NA,"0301-472X","http://creativecommons.org/licenses/by/4.0/",TRUE,"39128692",NA,NA,NA,FALSE,"els2023deal","04xfq0f34_els2023deal_2024"
"RWTH Aachen",2024,NA,"10.1016/j.foodchem.2024.139369",TRUE,FALSE,"Elsevier BV","Food Chemistry","0308-8146","0308-8146",NA,"0308-8146","http://creativecommons.org/licenses/by-nc/4.0/",TRUE,"38653051",NA,NA,NA,FALSE,"els2023deal","04xfq0f34_els2023deal_2024"
"RWTH Aachen",2024,NA,"10.1016/j.fuel.2024.130973",TRUE,FALSE,"Elsevier BV","Fuel","0016-2361","0016-2361",NA,"0016-2361","http://creativecommons.org/licenses/by/4.0/",TRUE,NA,NA,NA,NA,FALSE,"els2023deal","04xfq0f34_els2023deal_2024"
"RWTH Aachen",2024,NA,"10.1016/j.fuel.2024.131867",TRUE,FALSE,"Elsevier BV","Fuel","0016-2361","0016-2361",NA,"0016-2361","http://creativecommons.org/licenses/by/4.0/",TRUE,NA,NA,NA,NA,FALSE,"els2023deal","04xfq0f34_els2023deal_2024"
"RWTH Aachen",2024,NA,"10.1016/j.fuel.2024.132054",TRUE,FALSE,"Elsevier BV","Fuel","0016-2361","0016-2361",NA,"0016-2361","http://creativecommons.org/licenses/by/4.0/",TRUE,NA,NA,NA,NA,FALSE,"els2023deal","04xfq0f34_els2023deal_2024"
"RWTH Aachen",2024,NA,"10.1016/j.fuel.2024.133011",TRUE,FALSE,"Elsevier BV","Fuel","0016-2361","0016-2361",NA,"0016-2361","http://creativecommons.org/licenses/by-nc/4.0/",TRUE,NA,NA,NA,NA,FALSE,"els2023deal","04xfq0f34_els2023deal_2024"
"RWTH Aachen",2024,NA,"10.1016/j.fuel.2024.133338",TRUE,FALSE,"Elsevier BV","Fuel","0016-2361","0016-2361",NA,"0016-2361","http://creativecommons.org/licenses/by/4.0/",TRUE,NA,NA,NA,NA,FALSE,"els2023deal","04xfq0f34_els2023deal_2024"
"RWTH Aachen",2024,NA,"10.1016/j.future.2024.107645",TRUE,FALSE,"Elsevier BV","Future Generation Computer Systems","0167-739X","0167-739X",NA,"0167-739X","http://creativecommons.org/licenses/by/4.0/",TRUE,NA,NA,NA,NA,FALSE,"els2023deal","04xfq0f34_els2023deal_2024"
"RWTH Aachen",2024,NA,"10.1016/j.geomorph.2024.109166",TRUE,FALSE,"Elsevier BV","Geomorphology","0169-555X","0169-555X",NA,"0169-555X","http://creativecommons.org/licenses/by/4.0/",TRUE,NA,NA,NA,NA,FALSE,"els2023deal","04xfq0f34_els2023deal_2024"
"RWTH Aachen",2024,NA,"10.1016/j.geomorph.2024.109407",TRUE,FALSE,"Elsevier BV","Geomorphology","0169-555X","0169-555X",NA,"0169-555X","http://creativecommons.org/licenses/by/4.0/",TRUE,NA,NA,NA,NA,FALSE,"els2023deal","04xfq0f34_els2023deal_2024"
"RWTH Aachen",2024,NA,"10.1016/j.geothermics.2024.102912",TRUE,FALSE,"Elsevier BV","Geothermics","0375-6505","0375-6505",NA,"0375-6505","http://creativecommons.org/licenses/by/4.0/",TRUE,NA,NA,NA,NA,FALSE,"els2023deal","04xfq0f34_els2023deal_2024"
"RWTH Aachen",2024,NA,"10.1016/j.geothermics.2024.102957",TRUE,FALSE,"Elsevier BV","Geothermics","0375-6505","0375-6505",NA,"0375-6505","http://creativecommons.org/licenses/by/4.0/",TRUE,NA,NA,NA,NA,FALSE,"els2023deal","04xfq0f34_els2023deal_2024"
"RWTH Aachen",2024,NA,"10.1016/j.gete.2024.100576",TRUE,FALSE,"Elsevier BV","Geomechanics for Energy and the Environment","2352-3808","2352-3808",NA,"2352-3808","http://creativecommons.org/licenses/by/4.0/",TRUE,NA,NA,NA,NA,FALSE,"els2023deal","04xfq0f34_els2023deal_2024"
"RWTH Aachen",2024,NA,"10.1016/j.gete.2024.100608",TRUE,FALSE,"Elsevier BV","Geomechanics for Energy and the Environment","2352-3808","2352-3808",NA,"2352-3808","http://creativecommons.org/licenses/by/4.0/",TRUE,NA,NA,NA,NA,FALSE,"els2023deal","04xfq0f34_els2023deal_2024"
"RWTH Aachen",2024,NA,"10.1016/j.heares.2024.109127",TRUE,FALSE,"Elsevier BV","Hearing Research","0378-5955","0378-5955",NA,"0378-5955","http://creativecommons.org/licenses/by/4.0/",TRUE,"39447318",NA,NA,NA,FALSE,"els2023deal","04xfq0f34_els2023deal_2024"
"RWTH Aachen",2024,NA,"10.1016/j.ic.2024.105224",TRUE,FALSE,"Elsevier BV","Information and Computation","0890-5401","0890-5401",NA,"0890-5401","http://creativecommons.org/licenses/by/4.0/",TRUE,NA,NA,NA,NA,FALSE,"els2023deal","04xfq0f34_els2023deal_2024"
"RWTH Aachen",2024,NA,"10.1016/j.idairyj.2024.105941",TRUE,FALSE,"Elsevier BV","International Dairy Journal","0958-6946","0958-6946",NA,"0958-6946","http://creativecommons.org/licenses/by/4.0/",TRUE,NA,NA,NA,NA,FALSE,"els2023deal","04xfq0f34_els2023deal_2024"
"RWTH Aachen",2024,NA,"10.1016/j.ijfatigue.2024.108334",TRUE,FALSE,"Elsevier BV","International Journal of Fatigue","0142-1123","0142-1123",NA,"0142-1123","http://creativecommons.org/licenses/by-nc/4.0/",TRUE,NA,NA,NA,NA,FALSE,"els2023deal","04xfq0f34_els2023deal_2024"
"RWTH Aachen",2024,NA,"10.1016/j.ijfatigue.2024.108531",TRUE,FALSE,"Elsevier BV","International Journal of Fatigue","0142-1123","0142-1123",NA,"0142-1123","http://creativecommons.org/licenses/by-nc/4.0/",TRUE,NA,NA,NA,NA,FALSE,"els2023deal","04xfq0f34_els2023deal_2024"
"RWTH Aachen",2024,NA,"10.1016/j.ijggc.2024.104225",TRUE,FALSE,"Elsevier BV","International Journal of Greenhouse Gas Control","1750-5836","1750-5836",NA,"1878-0148","http://creativecommons.org/licenses/by-nc-nd/4.0/",TRUE,NA,NA,NA,NA,FALSE,"els2023deal","04xfq0f34_els2023deal_2024"
"RWTH Aachen",2024,NA,"10.1016/j.ijheatfluidflow.2024.109314",TRUE,FALSE,"Elsevier BV","International Journal of Heat and Fluid Flow","0142-727X","0142-727X",NA,"0142-727X","http://creativecommons.org/licenses/by/4.0/",TRUE,NA,NA,NA,NA,FALSE,"els2023deal","04xfq0f34_els2023deal_2024"
"RWTH Aachen",2024,NA,"10.1016/j.ijheh.2024.114375",TRUE,FALSE,"Elsevier BV","International Journal of Hygiene and Environmental Health","1438-4639","1438-4639",NA,"1438-4639","http://creativecommons.org/licenses/by/4.0/",TRUE,"38604105",NA,NA,NA,FALSE,"els2023deal","04xfq0f34_els2023deal_2024"
"RWTH Aachen",2024,NA,"10.1016/j.ijhydene.2024.03.355",TRUE,FALSE,"Elsevier BV","International Journal of Hydrogen Energy","0360-3199","0360-3199",NA,"0360-3199","http://creativecommons.org/licenses/by/4.0/",TRUE,NA,NA,NA,NA,FALSE,"els2023deal","04xfq0f34_els2023deal_2024"
"RWTH Aachen",2024,NA,"10.1016/j.ijhydene.2024.04.119",TRUE,FALSE,"Elsevier BV","International Journal of Hydrogen Energy","0360-3199","0360-3199",NA,"0360-3199","http://creativecommons.org/licenses/by/4.0/",TRUE,NA,NA,NA,NA,FALSE,"els2023deal","04xfq0f34_els2023deal_2024"
"RWTH Aachen",2024,NA,"10.1016/j.ijhydene.2024.08.478",TRUE,FALSE,"Elsevier BV","International Journal of Hydrogen Energy","0360-3199","0360-3199",NA,"0360-3199","http://creativecommons.org/licenses/by/4.0/",TRUE,NA,NA,NA,NA,FALSE,"els2023deal","04xfq0f34_els2023deal_2024"
"RWTH Aachen",2024,NA,"10.1016/j.ijhydene.2024.09.395",TRUE,FALSE,"Elsevier BV","International Journal of Hydrogen Energy","0360-3199","0360-3199",NA,"0360-3199","http://creativecommons.org/licenses/by-nc-nd/4.0/",TRUE,NA,NA,NA,NA,FALSE,"els2023deal","04xfq0f34_els2023deal_2024"
"RWTH Aachen",2024,NA,"10.1016/j.ijmecsci.2024.109625",TRUE,FALSE,"Elsevier BV","International Journal of Mechanical Sciences","0020-7403","0020-7403",NA,"0020-7403","http://creativecommons.org/licenses/by/4.0/",TRUE,NA,NA,NA,NA,FALSE,"els2023deal","04xfq0f34_els2023deal_2024"
"RWTH Aachen",2024,NA,"10.1016/j.ijmecsci.2024.109909",TRUE,FALSE,"Elsevier BV","International Journal of Mechanical Sciences","0020-7403","0020-7403",NA,"0020-7403","http://creativecommons.org/licenses/by/4.0/",TRUE,NA,NA,NA,NA,FALSE,"els2023deal","04xfq0f34_els2023deal_2024"
"RWTH Aachen",2024,NA,"10.1016/j.ijmultiphaseflow.2024.104849",TRUE,FALSE,"Elsevier BV","International Journal of Multiphase Flow","0301-9322","0301-9322",NA,"0301-9322","http://creativecommons.org/licenses/by/4.0/",TRUE,NA,NA,NA,NA,FALSE,"els2023deal","04xfq0f34_els2023deal_2024"
"RWTH Aachen",2024,NA,"10.1016/j.ijmultiphaseflow.2024.104971",TRUE,FALSE,"Elsevier BV","International Journal of Multiphase Flow","0301-9322","0301-9322",NA,"0301-9322","http://creativecommons.org/licenses/by/4.0/",TRUE,NA,NA,NA,NA,FALSE,"els2023deal","04xfq0f34_els2023deal_2024"
"RWTH Aachen",2024,NA,"10.1016/j.ijom.2024.07.009",TRUE,FALSE,"Elsevier BV","International Journal of Oral and Maxillofacial Surgery","0901-5027","0901-5027",NA,"0901-5027","http://creativecommons.org/licenses/by/4.0/",TRUE,"39033056",NA,NA,NA,FALSE,"els2023deal","04xfq0f34_els2023deal_2024"
"RWTH Aachen",2024,NA,"10.1016/j.ijom.2024.08.041",TRUE,FALSE,"Elsevier BV","International Journal of Oral and Maxillofacial Surgery","0901-5027","0901-5027",NA,"0901-5027","http://creativecommons.org/licenses/by-nc-nd/4.0/",TRUE,"39266333",NA,NA,NA,FALSE,"els2023deal","04xfq0f34_els2023deal_2024"
"RWTH Aachen",2024,NA,"10.1016/j.ijom.2024.09.005",TRUE,FALSE,"Elsevier BV","International Journal of Oral and Maxillofacial Surgery","0901-5027","0901-5027",NA,"0901-5027","http://creativecommons.org/licenses/by-nc-nd/4.0/",TRUE,"39366878",NA,NA,NA,FALSE,"els2023deal","04xfq0f34_els2023deal_2024"
"RWTH Aachen",2024,NA,"10.1016/j.ijplas.2024.103883",TRUE,FALSE,"Elsevier BV","International Journal of Plasticity","0749-6419","0749-6419",NA,"0749-6419","https://www.elsevier.com/tdm/userlicense/1.0/",TRUE,NA,NA,NA,NA,FALSE,"els2023deal","04xfq0f34_els2023deal_2024"
"RWTH Aachen",2024,NA,"10.1016/j.ijplas.2024.104037",TRUE,FALSE,"Elsevier BV","International Journal of Plasticity","0749-6419","0749-6419",NA,"0749-6419","http://creativecommons.org/licenses/by-nc-nd/4.0/",TRUE,NA,NA,NA,NA,FALSE,"els2023deal","04xfq0f34_els2023deal_2024"
"RWTH Aachen",2024,NA,"10.1016/j.ijrmhm.2024.106892",TRUE,FALSE,"Elsevier BV","International Journal of Refractory Metals and Hard Materials","0263-4368","0263-4368",NA,"0263-4368","http://creativecommons.org/licenses/by/4.0/",TRUE,NA,NA,NA,NA,FALSE,"els2023deal","04xfq0f34_els2023deal_2024"
"RWTH Aachen",2024,NA,"10.1016/j.ijsolstr.2024.113102",TRUE,FALSE,"Elsevier BV","International Journal of Solids and Structures","0020-7683","0020-7683",NA,"0020-7683","http://creativecommons.org/licenses/by/4.0/",TRUE,NA,NA,NA,NA,FALSE,"els2023deal","04xfq0f34_els2023deal_2024"
"RWTH Aachen",2024,NA,"10.1016/j.indmarman.2024.07.009",TRUE,FALSE,"Elsevier BV","Industrial Marketing Management","0019-8501","0019-8501",NA,"0019-8501","http://creativecommons.org/licenses/by/4.0/",TRUE,NA,NA,NA,NA,FALSE,"els2023deal","04xfq0f34_els2023deal_2024"
"RWTH Aachen",2024,NA,"10.1016/j.istruc.2024.106042",TRUE,FALSE,"Elsevier BV","Structures","2352-0124","2352-0124",NA,"2352-0124","http://creativecommons.org/licenses/by/4.0/",TRUE,NA,NA,NA,NA,FALSE,"els2023deal","04xfq0f34_els2023deal_2024"
"RWTH Aachen",2024,NA,"10.1016/j.jaci.2024.06.016",TRUE,FALSE,"Elsevier BV","Journal of Allergy and Clinical Immunology","0091-6749","0091-6749",NA,"0091-6749","http://creativecommons.org/licenses/by/4.0/",TRUE,"39046403",NA,NA,NA,FALSE,"els2023deal","04xfq0f34_els2023deal_2024"
"RWTH Aachen",2024,NA,"10.1016/j.jalgebra.2024.11.014",TRUE,FALSE,"Elsevier BV","Journal of Algebra","0021-8693","0021-8693",NA,"0021-8693","http://creativecommons.org/licenses/by/4.0/",TRUE,NA,NA,NA,NA,FALSE,"els2023deal","04xfq0f34_els2023deal_2024"
"RWTH Aachen",2024,NA,"10.1016/j.jallcom.2024.175426",TRUE,FALSE,"Elsevier BV","Journal of Alloys and Compounds","0925-8388","0925-8388",NA,"0925-8388","http://creativecommons.org/licenses/by-nc/4.0/",TRUE,NA,NA,NA,NA,FALSE,"els2023deal","04xfq0f34_els2023deal_2024"
"RWTH Aachen",2024,NA,"10.1016/j.jamda.2024.105235",TRUE,FALSE,"Elsevier BV","Journal of the American Medical Directors Association","1525-8610","1525-8610",NA,"1525-8610","http://creativecommons.org/licenses/by/4.0/",TRUE,"39236770",NA,NA,NA,FALSE,"els2023deal","04xfq0f34_els2023deal_2024"
"RWTH Aachen",2024,NA,"10.1016/j.jappgeo.2024.105490",TRUE,FALSE,"Elsevier BV","Journal of Applied Geophysics","0926-9851","0926-9851",NA,"0926-9851","http://creativecommons.org/licenses/by-nc/4.0/",TRUE,NA,NA,NA,NA,FALSE,"els2023deal","04xfq0f34_els2023deal_2024"
"RWTH Aachen",2024,NA,"10.1016/j.jappgeo.2024.105549",TRUE,FALSE,"Elsevier BV","Journal of Applied Geophysics","0926-9851","0926-9851",NA,"0926-9851","http://creativecommons.org/licenses/by/4.0/",TRUE,NA,NA,NA,NA,FALSE,"els2023deal","04xfq0f34_els2023deal_2024"
"RWTH Aachen",2024,NA,"10.1016/j.jat.2024.106099",TRUE,FALSE,"Elsevier BV","Journal of Approximation Theory","0021-9045","0021-9045",NA,"0021-9045","http://creativecommons.org/licenses/by/4.0/",TRUE,NA,NA,NA,NA,FALSE,"els2023deal","04xfq0f34_els2023deal_2024"
"RWTH Aachen",2024,NA,"10.1016/j.jbiotec.2024.09.001",TRUE,FALSE,"Elsevier BV","Journal of Biotechnology","0168-1656","0168-1656",NA,"0168-1656","http://creativecommons.org/licenses/by-nc/4.0/",TRUE,"39241966",NA,NA,NA,FALSE,"els2023deal","04xfq0f34_els2023deal_2024"
"RWTH Aachen",2024,NA,"10.1016/j.jcat.2024.115712",TRUE,FALSE,"Elsevier BV","Journal of Catalysis","0021-9517","0021-9517",NA,"0021-9517","https://www.elsevier.com/tdm/userlicense/1.0/",TRUE,NA,NA,NA,NA,FALSE,"els2023deal","04xfq0f34_els2023deal_2024"
"RWTH Aachen",2024,NA,"10.1016/j.jchromb.2024.124034",TRUE,FALSE,"Elsevier BV","Journal of Chromatography B","1570-0232","1570-0232",NA,"1570-0232","http://creativecommons.org/licenses/by/4.0/",TRUE,"38306955",NA,NA,NA,FALSE,"els2023deal","04xfq0f34_els2023deal_2024"
"RWTH Aachen",2024,NA,"10.1016/j.jcis.2024.08.235",TRUE,FALSE,"Elsevier BV","Journal of Colloid and Interface Science","0021-9797","0021-9797",NA,"0021-9797","http://creativecommons.org/licenses/by/4.0/",TRUE,"39243721",NA,NA,NA,FALSE,"els2023deal","04xfq0f34_els2023deal_2024"
"RWTH Aachen",2024,NA,"10.1016/j.jclepro.2024.143711",TRUE,FALSE,"Elsevier BV","Journal of Cleaner Production","0959-6526","0959-6526",NA,"0959-6526","http://creativecommons.org/licenses/by-nc-nd/4.0/",TRUE,NA,NA,NA,NA,FALSE,"els2023deal","04xfq0f34_els2023deal_2024"
"RWTH Aachen",2024,NA,"10.1016/j.jclepro.2024.143813",TRUE,FALSE,"Elsevier BV","Journal of Cleaner Production","0959-6526","0959-6526",NA,"0959-6526","http://creativecommons.org/licenses/by-nc/4.0/",TRUE,NA,NA,NA,NA,FALSE,"els2023deal","04xfq0f34_els2023deal_2024"
"RWTH Aachen",2024,NA,"10.1016/j.jcms.2024.10.005",TRUE,FALSE,"Elsevier BV","Journal of Cranio-Maxillofacial Surgery","1010-5182","1010-5182",NA,"1010-5182","http://creativecommons.org/licenses/by-nc-nd/4.0/",TRUE,"39438170",NA,NA,NA,FALSE,"els2023deal","04xfq0f34_els2023deal_2024"
"RWTH Aachen",2024,NA,"10.1016/j.jco.2024.101839",TRUE,FALSE,"Elsevier BV","Journal of Complexity","0885-064X","0885-064X",NA,"0885-064X","http://creativecommons.org/licenses/by/4.0/",TRUE,NA,NA,NA,NA,FALSE,"els2023deal","04xfq0f34_els2023deal_2024"
"RWTH Aachen",2024,NA,"10.1016/j.jco.2024.101851",TRUE,FALSE,"Elsevier BV","Journal of Complexity","0885-064X","0885-064X",NA,"0885-064X","http://creativecommons.org/licenses/by/4.0/",TRUE,NA,NA,NA,NA,FALSE,"els2023deal","04xfq0f34_els2023deal_2024"
"RWTH Aachen",2024,NA,"10.1016/j.jconrel.2024.05.030",TRUE,FALSE,"Elsevier BV","Journal of Controlled Release","0168-3659","0168-3659",NA,"0168-3659","http://creativecommons.org/licenses/by-nc-nd/4.0/",TRUE,"38777126",NA,NA,NA,FALSE,"els2023deal","04xfq0f34_els2023deal_2024"
"RWTH Aachen",2024,NA,"10.1016/j.jconrel.2024.08.041",TRUE,FALSE,"Elsevier BV","Journal of Controlled Release","0168-3659","0168-3659",NA,"0168-3659","http://creativecommons.org/licenses/by-nc-nd/4.0/",TRUE,"39316925",NA,NA,NA,FALSE,"els2023deal","04xfq0f34_els2023deal_2024"
"RWTH Aachen",2024,NA,"10.1016/j.jcp.2024.112854",TRUE,FALSE,"Elsevier BV","Journal of Computational Physics","0021-9991","0021-9991",NA,"0021-9991","http://creativecommons.org/licenses/by/4.0/",TRUE,NA,NA,NA,NA,FALSE,"els2023deal","04xfq0f34_els2023deal_2024"
"RWTH Aachen",2024,NA,"10.1016/j.jcp.2024.113223",TRUE,FALSE,"Elsevier BV","Journal of Computational Physics","0021-9991","0021-9991",NA,"0021-9991","http://creativecommons.org/licenses/by/4.0/",TRUE,NA,NA,NA,NA,FALSE,"els2023deal","04xfq0f34_els2023deal_2024"
"RWTH Aachen",2024,NA,"10.1016/j.jcsr.2024.108808",TRUE,FALSE,"Elsevier BV","Journal of Constructional Steel Research","0143-974X","0143-974X",NA,"0143-974X","http://creativecommons.org/licenses/by/4.0/",TRUE,NA,NA,NA,NA,FALSE,"els2023deal","04xfq0f34_els2023deal_2024"
"RWTH Aachen",2024,NA,"10.1016/j.jcsr.2024.108930",TRUE,FALSE,"Elsevier BV","Journal of Constructional Steel Research","0143-974X","0143-974X",NA,"0143-974X","http://creativecommons.org/licenses/by-nc-nd/4.0/",TRUE,NA,NA,NA,NA,FALSE,"els2023deal","04xfq0f34_els2023deal_2024"
"RWTH Aachen",2024,NA,"10.1016/j.jcyt.2024.03.485",TRUE,FALSE,"Elsevier BV","Cytotherapy","1465-3249","1465-3249",NA,"1465-3249","http://creativecommons.org/licenses/by/4.0/",TRUE,"38583169",NA,NA,NA,FALSE,"els2023deal","04xfq0f34_els2023deal_2024"
"RWTH Aachen",2024,NA,"10.1016/j.jece.2024.112995",TRUE,FALSE,"Elsevier BV","Journal of Environmental Chemical Engineering","2213-3437","2213-3437",NA,"2213-2929","http://creativecommons.org/licenses/by/4.0/",TRUE,NA,NA,NA,NA,FALSE,"els2023deal","04xfq0f34_els2023deal_2024"
"RWTH Aachen",2024,NA,"10.1016/j.jechem.2024.03.048",TRUE,FALSE,"Elsevier BV","Journal of Energy Chemistry","2095-4956","2095-4956",NA,"2095-4956","http://creativecommons.org/licenses/by-nc-nd/4.0/",TRUE,NA,NA,NA,NA,FALSE,"els2023deal","04xfq0f34_els2023deal_2024"
"RWTH Aachen",2024,NA,"10.1016/j.jechem.2024.08.037",TRUE,FALSE,"Elsevier BV","Journal of Energy Chemistry","2095-4956","2095-4956",NA,"2095-4956","http://creativecommons.org/licenses/by-nc-nd/4.0/",TRUE,NA,NA,NA,NA,FALSE,"els2023deal","04xfq0f34_els2023deal_2024"
"RWTH Aachen",2024,NA,"10.1016/j.jenvman.2024.121949",TRUE,FALSE,"Elsevier BV","Journal of Environmental Management","0301-4797","0301-4797",NA,"0301-4797","http://creativecommons.org/licenses/by/4.0/",TRUE,"39083949",NA,NA,NA,FALSE,"els2023deal","04xfq0f34_els2023deal_2024"
"RWTH Aachen",2024,NA,"10.1016/j.jenvman.2024.123081",TRUE,FALSE,"Elsevier BV","Journal of Environmental Management","0301-4797","0301-4797",NA,"0301-4797","http://creativecommons.org/licenses/by/4.0/",TRUE,"39531779",NA,NA,NA,FALSE,"els2023deal","04xfq0f34_els2023deal_2024"
"RWTH Aachen",2024,NA,"10.1016/j.jenvman.2024.123501",TRUE,FALSE,"Elsevier BV","Journal of Environmental Management","0301-4797","0301-4797",NA,"0301-4797","http://creativecommons.org/licenses/by/4.0/",TRUE,"39662443",NA,NA,NA,FALSE,"els2023deal","04xfq0f34_els2023deal_2024"
"RWTH Aachen",2024,NA,"10.1016/j.jeurceramsoc.2024.02.037",TRUE,FALSE,"Elsevier BV","Journal of the European Ceramic Society","0955-2219","0955-2219",NA,"0955-2219","http://creativecommons.org/licenses/by/4.0/",TRUE,NA,NA,NA,NA,FALSE,"els2023deal","04xfq0f34_els2023deal_2024"
"RWTH Aachen",2024,NA,"10.1016/j.jgsce.2024.205377",TRUE,FALSE,"Elsevier BV","Gas Science and Engineering","2949-9089","2949-9089",NA,"2949-9089","http://creativecommons.org/licenses/by/4.0/",TRUE,NA,NA,NA,NA,FALSE,"els2023deal","04xfq0f34_els2023deal_2024"
"RWTH Aachen",2024,NA,"10.1016/j.jhep.2024.06.019",TRUE,FALSE,"Elsevier BV","Journal of Hepatology","0168-8278","0168-8278",NA,"0168-8278","http://creativecommons.org/licenses/by-nc-nd/4.0/",TRUE,"38936554",NA,NA,NA,FALSE,"els2023deal","04xfq0f34_els2023deal_2024"
"RWTH Aachen",2024,NA,"10.1016/j.jhsa.2024.06.002",TRUE,FALSE,"Elsevier BV","The Journal of Hand Surgery","0363-5023","0363-5023",NA,"0363-5023","http://creativecommons.org/licenses/by/4.0/",TRUE,"39066762",NA,NA,NA,FALSE,"els2023deal","04xfq0f34_els2023deal_2024"
"RWTH Aachen",2024,NA,"10.1016/j.jinorgbio.2024.112616",TRUE,FALSE,"Elsevier BV","Journal of Inorganic Biochemistry","0162-0134","0162-0134",NA,"0162-0134","http://creativecommons.org/licenses/by-nc/4.0/",TRUE,"38833874",NA,NA,NA,FALSE,"els2023deal","04xfq0f34_els2023deal_2024"
"RWTH Aachen",2024,NA,"10.1016/j.jmapro.2024.06.028",TRUE,FALSE,"Elsevier BV","Journal of Manufacturing Processes","1526-6125","1526-6125",NA,"1526-6125","http://creativecommons.org/licenses/by/4.0/",TRUE,NA,NA,NA,NA,FALSE,"els2023deal","04xfq0f34_els2023deal_2024"
"RWTH Aachen",2024,NA,"10.1016/j.jmapro.2024.10.040",TRUE,FALSE,"Elsevier BV","Journal of Manufacturing Processes","1526-6125","1526-6125",NA,"1526-6125","http://creativecommons.org/licenses/by-nc-nd/4.0/",TRUE,NA,NA,NA,NA,FALSE,"els2023deal","04xfq0f34_els2023deal_2024"
"RWTH Aachen",2024,NA,"10.1016/j.jmbbm.2024.106635",TRUE,FALSE,"Elsevier BV","Journal of the Mechanical Behavior of Biomedical Materials","1751-6161","1751-6161",NA,"1878-0180","http://creativecommons.org/licenses/by-nc/4.0/",TRUE,"38943904",NA,NA,NA,FALSE,"els2023deal","04xfq0f34_els2023deal_2024"
"RWTH Aachen",2024,NA,"10.1016/j.jmmm.2024.171955",TRUE,FALSE,"Elsevier BV","Journal of Magnetism and Magnetic Materials","0304-8853","0304-8853",NA,"0304-8853","http://creativecommons.org/licenses/by/4.0/",TRUE,NA,NA,NA,NA,FALSE,"els2023deal","04xfq0f34_els2023deal_2024"
"RWTH Aachen",2024,NA,"10.1016/j.jmps.2024.105694",TRUE,FALSE,"Elsevier BV","Journal of the Mechanics and Physics of Solids","0022-5096","0022-5096",NA,"0022-5096","http://creativecommons.org/licenses/by-nc/4.0/",TRUE,NA,NA,NA,NA,FALSE,"els2023deal","04xfq0f34_els2023deal_2024"
"RWTH Aachen",2024,NA,"10.1016/j.jmps.2024.105874",TRUE,FALSE,"Elsevier BV","Journal of the Mechanics and Physics of Solids","0022-5096","0022-5096",NA,"0022-5096","http://creativecommons.org/licenses/by/4.0/",TRUE,NA,NA,NA,NA,FALSE,"els2023deal","04xfq0f34_els2023deal_2024"
"RWTH Aachen",2024,NA,"10.1016/j.jnt.2024.03.003",TRUE,FALSE,"Elsevier BV","Journal of Number Theory","0022-314X","0022-314X",NA,"0022-314X","http://creativecommons.org/licenses/by/4.0/",TRUE,NA,NA,NA,NA,FALSE,"els2023deal","04xfq0f34_els2023deal_2024"
"RWTH Aachen",2024,NA,"10.1016/j.jobe.2024.108560",TRUE,FALSE,"Elsevier BV","Journal of Building Engineering","2352-7102","2352-7102",NA,"2352-7102","http://creativecommons.org/licenses/by/4.0/",TRUE,NA,NA,NA,NA,FALSE,"els2023deal","04xfq0f34_els2023deal_2024"
"RWTH Aachen",2024,NA,"10.1016/j.jobe.2024.111577",TRUE,FALSE,"Elsevier BV","Journal of Building Engineering","2352-7102","2352-7102",NA,"2352-7102","http://creativecommons.org/licenses/by-nc/4.0/",TRUE,NA,NA,NA,NA,FALSE,"els2023deal","04xfq0f34_els2023deal_2024"
"RWTH Aachen",2024,NA,"10.1016/j.jor.2024.05.026",TRUE,FALSE,"Elsevier BV","Journal of Orthopaedics","0972-978X","0972-978X",NA,"0972-978X","http://creativecommons.org/licenses/by/4.0/",TRUE,"38948499","PMC11208802",NA,NA,FALSE,"els2023deal","04xfq0f34_els2023deal_2024"
"RWTH Aachen",2024,NA,"10.1016/j.jpain.2024.01.001",TRUE,FALSE,"Elsevier BV","The Journal of Pain","1526-5900","1526-5900",NA,"1526-5900","http://creativecommons.org/licenses/by-nc-nd/4.0/",TRUE,"38211845",NA,NA,NA,FALSE,"els2023deal","04xfq0f34_els2023deal_2024"
"RWTH Aachen",2024,NA,"10.1016/j.jpainsymman.2024.10.024",TRUE,FALSE,"Elsevier BV","Journal of Pain and Symptom Management","0885-3924","0885-3924",NA,"0885-3924","http://creativecommons.org/licenses/by-nc-nd/4.0/",TRUE,"39486693",NA,NA,NA,FALSE,"els2023deal","04xfq0f34_els2023deal_2024"
"RWTH Aachen",2024,NA,"10.1016/j.jpowsour.2024.234959",TRUE,FALSE,"Elsevier BV","Journal of Power Sources","0378-7753","0378-7753",NA,"0378-7753","http://creativecommons.org/licenses/by/4.0/",TRUE,NA,NA,NA,NA,FALSE,"els2023deal","04xfq0f34_els2023deal_2024"
"RWTH Aachen",2024,NA,"10.1016/j.jpowsour.2024.235049",TRUE,FALSE,"Elsevier BV","Journal of Power Sources","0378-7753","0378-7753",NA,"0378-7753","http://creativecommons.org/licenses/by/4.0/",TRUE,NA,NA,NA,NA,FALSE,"els2023deal","04xfq0f34_els2023deal_2024"
"RWTH Aachen",2024,NA,"10.1016/j.jpowsour.2024.235334",TRUE,FALSE,"Elsevier BV","Journal of Power Sources","0378-7753","0378-7753",NA,"0378-7753","http://creativecommons.org/licenses/by/4.0/",TRUE,NA,NA,NA,NA,FALSE,"els2023deal","04xfq0f34_els2023deal_2024"
"RWTH Aachen",2024,NA,"10.1016/j.jpowsour.2024.235582",TRUE,FALSE,"Elsevier BV","Journal of Power Sources","0378-7753","0378-7753",NA,"0378-7753","http://creativecommons.org/licenses/by-nc/4.0/",TRUE,NA,NA,NA,NA,FALSE,"els2023deal","04xfq0f34_els2023deal_2024"
"RWTH Aachen",2024,NA,"10.1016/j.jqsrt.2024.109202",TRUE,FALSE,"Elsevier BV","Journal of Quantitative Spectroscopy and Radiative Transfer","0022-4073","0022-4073",NA,"0022-4073","http://creativecommons.org/licenses/by/4.0/",TRUE,NA,NA,NA,NA,FALSE,"els2023deal","04xfq0f34_els2023deal_2024"
"RWTH Aachen",2024,NA,"10.1016/j.jrp.2024.104474",TRUE,FALSE,"Elsevier BV","Journal of Research in Personality","0092-6566","0092-6566",NA,"0092-6566","http://creativecommons.org/licenses/by-nc/4.0/",TRUE,NA,NA,NA,NA,FALSE,"els2023deal","04xfq0f34_els2023deal_2024"
"RWTH Aachen",2024,NA,"10.1016/j.jspi.2024.106152",TRUE,FALSE,"Elsevier BV","Journal of Statistical Planning and Inference","0378-3758","0378-3758",NA,"0378-3758","http://creativecommons.org/licenses/by-nc-nd/4.0/",TRUE,NA,NA,NA,NA,FALSE,"els2023deal","04xfq0f34_els2023deal_2024"
"RWTH Aachen",2024,NA,"10.1016/j.jssc.2024.124784",TRUE,FALSE,"Elsevier BV","Journal of Solid State Chemistry","0022-4596","0022-4596",NA,"0022-4596","http://creativecommons.org/licenses/by/4.0/",TRUE,NA,NA,NA,NA,FALSE,"els2023deal","04xfq0f34_els2023deal_2024"
"RWTH Aachen",2024,NA,"10.1016/j.jssc.2024.124970",TRUE,FALSE,"Elsevier BV","Journal of Solid State Chemistry","0022-4596","0022-4596",NA,"0022-4596","https://www.elsevier.com/tdm/userlicense/1.0/",TRUE,NA,NA,NA,NA,FALSE,"els2023deal","04xfq0f34_els2023deal_2024"
"RWTH Aachen",2024,NA,"10.1016/j.jtemb.2024.127556",TRUE,FALSE,"Elsevier BV","Journal of Trace Elements in Medicine and Biology","0946-672X","0946-672X",NA,"0946-672X","http://creativecommons.org/licenses/by/4.0/",TRUE,"39442468",NA,NA,NA,FALSE,"els2023deal","04xfq0f34_els2023deal_2024"
"RWTH Aachen",2024,NA,"10.1016/j.jwpe.2024.104954",TRUE,FALSE,"Elsevier BV","Journal of Water Process Engineering","2214-7144","2214-7144",NA,"2214-7144","https://www.elsevier.com/tdm/userlicense/1.0/",TRUE,NA,NA,NA,NA,FALSE,"els2023deal","04xfq0f34_els2023deal_2024"
"RWTH Aachen",2024,NA,"10.1016/j.kint.2024.01.037",TRUE,FALSE,"Elsevier BV","Kidney International","0085-2538","0085-2538",NA,"0085-2538","http://creativecommons.org/licenses/by-nc-nd/4.0/",TRUE,"38395410",NA,NA,NA,FALSE,"els2023deal","04xfq0f34_els2023deal_2024"
"RWTH Aachen",2024,NA,"10.1016/j.labeco.2024.102563",TRUE,FALSE,"Elsevier BV","Labour Economics","0927-5371","0927-5371",NA,"0927-5371","http://creativecommons.org/licenses/by/4.0/",TRUE,NA,NA,NA,NA,FALSE,"els2023deal","04xfq0f34_els2023deal_2024"
"RWTH Aachen",2024,NA,"10.1016/j.lfs.2024.123298",TRUE,FALSE,"Elsevier BV","Life Sciences","0024-3205","0024-3205",NA,"0024-3205","http://creativecommons.org/licenses/by-nc/4.0/",TRUE,"39647809",NA,NA,NA,FALSE,"els2023deal","04xfq0f34_els2023deal_2024"
"RWTH Aachen",2024,NA,"10.1016/j.lungcan.2024.107899",TRUE,FALSE,"Elsevier BV","Lung Cancer","0169-5002","0169-5002",NA,"0169-5002","https://www.elsevier.com/tdm/userlicense/1.0/",TRUE,"39111017",NA,NA,NA,FALSE,"els2023deal","04xfq0f34_els2023deal_2024"
"RWTH Aachen",2024,NA,"10.1016/j.margeo.2024.107407",TRUE,FALSE,"Elsevier BV","Marine Geology","0025-3227","0025-3227",NA,"0025-3227","http://creativecommons.org/licenses/by/4.0/",TRUE,NA,NA,NA,NA,FALSE,"els2023deal","04xfq0f34_els2023deal_2024"
"RWTH Aachen",2024,NA,"10.1016/j.matchar.2024.113917",TRUE,FALSE,"Elsevier BV","Materials Characterization","1044-5803","1044-5803",NA,"1044-5803","http://creativecommons.org/licenses/by-nc/4.0/",TRUE,NA,NA,NA,NA,FALSE,"els2023deal","04xfq0f34_els2023deal_2024"
"RWTH Aachen",2024,NA,"10.1016/j.matchar.2024.114186",TRUE,FALSE,"Elsevier BV","Materials Characterization","1044-5803","1044-5803",NA,"1044-5803","http://creativecommons.org/licenses/by-nc/4.0/",TRUE,NA,NA,NA,NA,FALSE,"els2023deal","04xfq0f34_els2023deal_2024"
"RWTH Aachen",2024,NA,"10.1016/j.matlet.2024.136495",TRUE,FALSE,"Elsevier BV","Materials Letters","0167-577X","0167-577X",NA,"0167-577X","http://creativecommons.org/licenses/by-nc/4.0/",TRUE,NA,NA,NA,NA,FALSE,"els2023deal","04xfq0f34_els2023deal_2024"
"RWTH Aachen",2024,NA,"10.1016/j.measurement.2024.114133",TRUE,FALSE,"Elsevier BV","Measurement","0263-2241","0263-2241",NA,"0263-2241","http://creativecommons.org/licenses/by-nc-nd/4.0/",TRUE,NA,NA,NA,NA,FALSE,"els2023deal","04xfq0f34_els2023deal_2024"
"RWTH Aachen",2024,NA,"10.1016/j.mechmat.2024.105144",TRUE,FALSE,"Elsevier BV","Mechanics of Materials","0167-6636","0167-6636",NA,"0167-6636","http://creativecommons.org/licenses/by/4.0/",TRUE,NA,NA,NA,NA,FALSE,"els2023deal","04xfq0f34_els2023deal_2024"
"RWTH Aachen",2024,NA,"10.1016/j.mechrescom.2024.104347",TRUE,FALSE,"Elsevier BV","Mechanics Research Communications","0093-6413","0093-6413",NA,"0093-6413","http://creativecommons.org/licenses/by-nc/4.0/",TRUE,NA,NA,NA,NA,FALSE,"els2023deal","04xfq0f34_els2023deal_2024"
"RWTH Aachen",2024,NA,"10.1016/j.memsci.2024.122753",TRUE,FALSE,"Elsevier BV","Journal of Membrane Science","0376-7388","0376-7388",NA,"0376-7388","http://creativecommons.org/licenses/by/4.0/",TRUE,NA,NA,NA,NA,FALSE,"els2023deal","04xfq0f34_els2023deal_2024"
"RWTH Aachen",2024,NA,"10.1016/j.memsci.2024.122754",TRUE,FALSE,"Elsevier BV","Journal of Membrane Science","0376-7388","0376-7388",NA,"0376-7388","http://creativecommons.org/licenses/by-nc/4.0/",TRUE,NA,NA,NA,NA,FALSE,"els2023deal","04xfq0f34_els2023deal_2024"
"RWTH Aachen",2024,NA,"10.1016/j.memsci.2024.122988",TRUE,FALSE,"Elsevier BV","Journal of Membrane Science","0376-7388","0376-7388",NA,"0376-7388","http://creativecommons.org/licenses/by-nc/4.0/",TRUE,NA,NA,NA,NA,FALSE,"els2023deal","04xfq0f34_els2023deal_2024"
"RWTH Aachen",2024,NA,"10.1016/j.memsci.2024.123147",TRUE,FALSE,"Elsevier BV","Journal of Membrane Science","0376-7388","0376-7388",NA,"0376-7388","http://creativecommons.org/licenses/by/4.0/",TRUE,NA,NA,NA,NA,FALSE,"els2023deal","04xfq0f34_els2023deal_2024"
"RWTH Aachen",2024,NA,"10.1016/j.memsci.2024.123371",TRUE,FALSE,"Elsevier BV","Journal of Membrane Science","0376-7388","0376-7388",NA,"0376-7388","https://www.elsevier.com/tdm/userlicense/1.0/",TRUE,NA,NA,NA,NA,FALSE,"els2023deal","04xfq0f34_els2023deal_2024"
"RWTH Aachen",2024,NA,"10.1016/j.memsci.2024.123555",TRUE,FALSE,"Elsevier BV","Journal of Membrane Science","0376-7388","0376-7388",NA,"0376-7388","http://creativecommons.org/licenses/by/4.0/",TRUE,NA,NA,NA,NA,FALSE,"els2023deal","04xfq0f34_els2023deal_2024"
"RWTH Aachen",2024,NA,"10.1016/j.mito.2024.101968",TRUE,FALSE,"Elsevier BV","Mitochondrion","1567-7249","1567-7249",NA,"1567-7249","http://creativecommons.org/licenses/by/4.0/",TRUE,"39321951",NA,NA,NA,FALSE,"els2023deal","04xfq0f34_els2023deal_2024"
"RWTH Aachen",2024,NA,"10.1016/j.mri.2024.04.018",TRUE,FALSE,"Elsevier BV","Magnetic Resonance Imaging","0730-725X","0730-725X",NA,"0730-725X","http://creativecommons.org/licenses/by/4.0/",TRUE,"38631532",NA,NA,NA,FALSE,"els2023deal","04xfq0f34_els2023deal_2024"
"RWTH Aachen",2024,NA,"10.1016/j.msea.2024.147652",TRUE,FALSE,"Elsevier BV","Materials Science and Engineering: A","0921-5093","0921-5093",NA,"0921-5093","http://creativecommons.org/licenses/by-nc/4.0/",TRUE,NA,NA,NA,NA,FALSE,"els2023deal","04xfq0f34_els2023deal_2024"
"RWTH Aachen",2024,NA,"10.1016/j.mtcomm.2024.109908",TRUE,FALSE,"Elsevier BV","Materials Today Communications","2352-4928","2352-4928",NA,"2352-4928","http://creativecommons.org/licenses/by/4.0/",TRUE,NA,NA,NA,NA,FALSE,"els2023deal","04xfq0f34_els2023deal_2024"
"RWTH Aachen",2024,NA,"10.1016/j.mtcomm.2024.110255",TRUE,FALSE,"Elsevier BV","Materials Today Communications","2352-4928","2352-4928",NA,"2352-4928","http://creativecommons.org/licenses/by-nc/4.0/",TRUE,NA,NA,NA,NA,FALSE,"els2023deal","04xfq0f34_els2023deal_2024"
"RWTH Aachen",2024,NA,"10.1016/j.nano.2024.102751",TRUE,FALSE,"Elsevier BV","Nanomedicine: Nanotechnology, Biology and Medicine","1549-9634","1549-9634",NA,"1549-9634","http://creativecommons.org/licenses/by/4.0/",TRUE,"38705222",NA,NA,NA,FALSE,"els2023deal","04xfq0f34_els2023deal_2024"
"RWTH Aachen",2024,NA,"10.1016/j.ndteint.2024.103211",TRUE,FALSE,"Elsevier BV","NDT & E International","0963-8695","0963-8695",NA,"0963-8695","http://creativecommons.org/licenses/by-nc/4.0/",TRUE,NA,NA,NA,NA,FALSE,"els2023deal","04xfq0f34_els2023deal_2024"
"RWTH Aachen",2024,NA,"10.1016/j.ndteint.2024.103233",TRUE,FALSE,"Elsevier BV","NDT & E International","0963-8695","0963-8695",NA,"0963-8695","http://creativecommons.org/licenses/by-nc/4.0/",TRUE,NA,NA,NA,NA,FALSE,"els2023deal","04xfq0f34_els2023deal_2024"
"RWTH Aachen",2024,NA,"10.1016/j.neuro.2024.01.001",TRUE,FALSE,"Elsevier BV","NeuroToxicology","0161-813X","0161-813X",NA,"0161-813X","http://creativecommons.org/licenses/by/4.0/",TRUE,"38215798",NA,NA,NA,FALSE,"els2023deal","04xfq0f34_els2023deal_2024"
"RWTH Aachen",2024,NA,"10.1016/j.neuropharm.2024.109967",TRUE,FALSE,"Elsevier BV","Neuropharmacology","0028-3908","0028-3908",NA,"0028-3908","http://creativecommons.org/licenses/by/4.0/",TRUE,"38657946",NA,NA,NA,FALSE,"els2023deal","04xfq0f34_els2023deal_2024"
"RWTH Aachen",2024,NA,"10.1016/j.nima.2024.169317",TRUE,FALSE,"Elsevier BV","Nuclear Instruments and Methods in Physics Research Section A: Accelerators, Spectrometers, Detectors and Associated Equipment","0168-9002","0168-9002",NA,"0168-9002","http://creativecommons.org/licenses/by/4.0/",TRUE,NA,NA,NA,NA,FALSE,"els2023deal","04xfq0f34_els2023deal_2024"
"RWTH Aachen",2024,NA,"10.1016/j.nima.2024.169583",TRUE,FALSE,"Elsevier BV","Nuclear Instruments and Methods in Physics Research Section A: Accelerators, Spectrometers, Detectors and Associated Equipment","0168-9002","0168-9002",NA,"0168-9002","https://www.elsevier.com/tdm/userlicense/1.0/",TRUE,NA,NA,NA,NA,FALSE,"els2023deal","04xfq0f34_els2023deal_2024"
"RWTH Aachen",2024,NA,"10.1016/j.parco.2024.103112",TRUE,FALSE,"Elsevier BV","Parallel Computing","0167-8191","0167-8191",NA,"0167-8191","http://creativecommons.org/licenses/by/4.0/",TRUE,NA,NA,NA,NA,FALSE,"els2023deal","04xfq0f34_els2023deal_2024"
"RWTH Aachen",2024,NA,"10.1016/j.pecs.2024.101173",TRUE,FALSE,"Elsevier BV","Progress in Energy and Combustion Science","0360-1285","0360-1285",NA,"0360-1285","http://creativecommons.org/licenses/by/4.0/",TRUE,NA,NA,NA,NA,FALSE,"els2023deal","04xfq0f34_els2023deal_2024"
"RWTH Aachen",2024,NA,"10.1016/j.physd.2024.134276",TRUE,FALSE,"Elsevier BV","Physica D: Nonlinear Phenomena","0167-2789","0167-2789",NA,"0167-2789","http://creativecommons.org/licenses/by/4.0/",TRUE,NA,NA,NA,NA,FALSE,"els2023deal","04xfq0f34_els2023deal_2024"
"RWTH Aachen",2024,NA,"10.1016/j.pnucene.2024.105186",TRUE,FALSE,"Elsevier BV","Progress in Nuclear Energy","0149-1970","0149-1970",NA,"0149-1970","http://creativecommons.org/licenses/by/4.0/",TRUE,NA,NA,NA,NA,FALSE,"els2023deal","04xfq0f34_els2023deal_2024"
"RWTH Aachen",2024,NA,"10.1016/j.porgcoat.2024.108630",TRUE,FALSE,"Elsevier BV","Progress in Organic Coatings","0300-9440","0300-9440",NA,"0300-9440","http://creativecommons.org/licenses/by-nc-nd/4.0/",TRUE,NA,NA,NA,NA,FALSE,"els2023deal","04xfq0f34_els2023deal_2024"
"RWTH Aachen",2024,NA,"10.1016/j.porgcoat.2024.108793",TRUE,FALSE,"Elsevier BV","Progress in Organic Coatings","0300-9440","0300-9440",NA,"0300-9440","http://creativecommons.org/licenses/by-nc/4.0/",TRUE,NA,NA,NA,NA,FALSE,"els2023deal","04xfq0f34_els2023deal_2024"
"RWTH Aachen",2024,NA,"10.1016/j.powtec.2024.120289",TRUE,FALSE,"Elsevier BV","Powder Technology","0032-5910","0032-5910",NA,"0032-5910","http://creativecommons.org/licenses/by/4.0/",TRUE,NA,NA,NA,NA,FALSE,"els2023deal","04xfq0f34_els2023deal_2024"
"RWTH Aachen",2024,NA,"10.1016/j.proci.2024.105219",TRUE,FALSE,"Elsevier BV","Proceedings of the Combustion Institute","1540-7489","1540-7489",NA,"1540-7489","http://creativecommons.org/licenses/by/4.0/",TRUE,NA,NA,NA,NA,FALSE,"els2023deal","04xfq0f34_els2023deal_2024"
"RWTH Aachen",2024,NA,"10.1016/j.proci.2024.105252",TRUE,FALSE,"Elsevier BV","Proceedings of the Combustion Institute","1540-7489","1540-7489",NA,"1540-7489","http://creativecommons.org/licenses/by/4.0/",TRUE,NA,NA,NA,NA,FALSE,"els2023deal","04xfq0f34_els2023deal_2024"
"RWTH Aachen",2024,NA,"10.1016/j.proci.2024.105334",TRUE,FALSE,"Elsevier BV","Proceedings of the Combustion Institute","1540-7489","1540-7489",NA,"1540-7489","http://creativecommons.org/licenses/by/4.0/",TRUE,NA,NA,NA,NA,FALSE,"els2023deal","04xfq0f34_els2023deal_2024"
"RWTH Aachen",2024,NA,"10.1016/j.proci.2024.105418",TRUE,FALSE,"Elsevier BV","Proceedings of the Combustion Institute","1540-7489","1540-7489",NA,"1540-7489","http://creativecommons.org/licenses/by/4.0/",TRUE,NA,NA,NA,NA,FALSE,"els2023deal","04xfq0f34_els2023deal_2024"
"RWTH Aachen",2024,NA,"10.1016/j.proci.2024.105429",TRUE,FALSE,"Elsevier BV","Proceedings of the Combustion Institute","1540-7489","1540-7489",NA,"1540-7489","http://creativecommons.org/licenses/by/4.0/",TRUE,NA,NA,NA,NA,FALSE,"els2023deal","04xfq0f34_els2023deal_2024"
"RWTH Aachen",2024,NA,"10.1016/j.proci.2024.105442",TRUE,FALSE,"Elsevier BV","Proceedings of the Combustion Institute","1540-7489","1540-7489",NA,"1540-7489","http://creativecommons.org/licenses/by/4.0/",TRUE,NA,NA,NA,NA,FALSE,"els2023deal","04xfq0f34_els2023deal_2024"
"RWTH Aachen",2024,NA,"10.1016/j.proci.2024.105537",TRUE,FALSE,"Elsevier BV","Proceedings of the Combustion Institute","1540-7489","1540-7489",NA,"1540-7489","http://creativecommons.org/licenses/by-nc-nd/4.0/",TRUE,NA,NA,NA,NA,FALSE,"els2023deal","04xfq0f34_els2023deal_2024"
"RWTH Aachen",2024,NA,"10.1016/j.proci.2024.105620",TRUE,FALSE,"Elsevier BV","Proceedings of the Combustion Institute","1540-7489","1540-7489",NA,"1540-7489","http://creativecommons.org/licenses/by/4.0/",TRUE,NA,NA,NA,NA,FALSE,"els2023deal","04xfq0f34_els2023deal_2024"
"RWTH Aachen",2024,NA,"10.1016/j.proci.2024.105638",TRUE,FALSE,"Elsevier BV","Proceedings of the Combustion Institute","1540-7489","1540-7489",NA,"1540-7489","http://creativecommons.org/licenses/by/4.0/",TRUE,NA,NA,NA,NA,FALSE,"els2023deal","04xfq0f34_els2023deal_2024"
"RWTH Aachen",2024,NA,"10.1016/j.pscychresns.2024.111905",TRUE,FALSE,"Elsevier BV","Psychiatry Research: Neuroimaging","0925-4927","0925-4927",NA,"0925-4927","http://creativecommons.org/licenses/by-nc-nd/4.0/",TRUE,"39368435",NA,NA,NA,FALSE,"els2023deal","04xfq0f34_els2023deal_2024"
"RWTH Aachen",2024,NA,"10.1016/j.quaint.2024.11.007",TRUE,FALSE,"Elsevier BV","Quaternary International","1040-6182","1040-6182",NA,"1040-6182","http://creativecommons.org/licenses/by/4.0/",TRUE,NA,NA,NA,NA,FALSE,"els2023deal","04xfq0f34_els2023deal_2024"
"RWTH Aachen",2024,NA,"10.1016/j.rasd.2024.102502",TRUE,FALSE,"Elsevier BV","Research in Autism Spectrum Disorders","1750-9467","1750-9467",NA,"1878-0237","http://creativecommons.org/licenses/by-nc-nd/4.0/",TRUE,NA,NA,NA,NA,FALSE,"els2023deal","04xfq0f34_els2023deal_2024"
"RWTH Aachen",2024,NA,"10.1016/j.renene.2024.121409",TRUE,FALSE,"Elsevier BV","Renewable Energy","0960-1481","0960-1481",NA,"0960-1481","http://creativecommons.org/licenses/by-nc-nd/4.0/",TRUE,NA,NA,NA,NA,FALSE,"els2023deal","04xfq0f34_els2023deal_2024"
"RWTH Aachen",2024,NA,"10.1016/j.resconrec.2024.107541",TRUE,FALSE,"Elsevier BV","Resources, Conservation and Recycling","0921-3449","0921-3449",NA,"0921-3449","http://creativecommons.org/licenses/by/4.0/",TRUE,NA,NA,NA,NA,FALSE,"els2023deal","04xfq0f34_els2023deal_2024"
"RWTH Aachen",2024,NA,"10.1016/j.resconrec.2024.107577",TRUE,FALSE,"Elsevier BV","Resources, Conservation and Recycling","0921-3449","0921-3449",NA,"0921-3449","http://creativecommons.org/licenses/by/4.0/",TRUE,NA,NA,NA,NA,FALSE,"els2023deal","04xfq0f34_els2023deal_2024"
"RWTH Aachen",2024,NA,"10.1016/j.resconrec.2024.107599",TRUE,FALSE,"Elsevier BV","Resources, Conservation and Recycling","0921-3449","0921-3449",NA,"0921-3449","http://creativecommons.org/licenses/by/4.0/",TRUE,NA,NA,NA,NA,FALSE,"els2023deal","04xfq0f34_els2023deal_2024"
"RWTH Aachen",2024,NA,"10.1016/j.rser.2024.114865",TRUE,FALSE,"Elsevier BV","Renewable and Sustainable Energy Reviews","1364-0321","1364-0321",NA,"1364-0321","http://creativecommons.org/licenses/by-nc-nd/4.0/",TRUE,NA,NA,NA,NA,FALSE,"els2023deal","04xfq0f34_els2023deal_2024"
"RWTH Aachen",2024,NA,"10.1016/j.scitotenv.2024.170320",TRUE,FALSE,"Elsevier BV","Science of The Total Environment","0048-9697","0048-9697",NA,"0048-9697","http://creativecommons.org/licenses/by/4.0/",TRUE,"38278278",NA,NA,NA,FALSE,"els2023deal","04xfq0f34_els2023deal_2024"
"RWTH Aachen",2024,NA,"10.1016/j.scitotenv.2024.171054",TRUE,FALSE,"Elsevier BV","Science of The Total Environment","0048-9697","0048-9697",NA,"0048-9697","http://creativecommons.org/licenses/by/4.0/",TRUE,"38378069",NA,NA,NA,FALSE,"els2023deal","04xfq0f34_els2023deal_2024"
"RWTH Aachen",2024,NA,"10.1016/j.scitotenv.2024.176314",TRUE,FALSE,"Elsevier BV","Science of The Total Environment","0048-9697","0048-9697",NA,"0048-9697","http://creativecommons.org/licenses/by-nc-nd/4.0/",TRUE,"39306134",NA,NA,NA,FALSE,"els2023deal","04xfq0f34_els2023deal_2024"
"RWTH Aachen",2024,NA,"10.1016/j.scriptamat.2024.116035",TRUE,FALSE,"Elsevier BV","Scripta Materialia","1359-6462","1359-6462",NA,"1359-6462","http://creativecommons.org/licenses/by-nc-nd/4.0/",TRUE,NA,NA,NA,NA,FALSE,"els2023deal","04xfq0f34_els2023deal_2024"
"RWTH Aachen",2024,NA,"10.1016/j.shpsa.2024.05.001",TRUE,FALSE,"Elsevier BV","Studies in History and Philosophy of Science Part A","0039-3681","0039-3681",NA,"0039-3681","http://creativecommons.org/licenses/by/4.0/",TRUE,"38852370",NA,NA,NA,FALSE,"els2023deal","04xfq0f34_els2023deal_2024"
"RWTH Aachen",2024,NA,"10.1016/j.sleep.2024.03.012",TRUE,FALSE,"Elsevier BV","Sleep Medicine","1389-9457","1389-9457",NA,"1389-9457","http://creativecommons.org/licenses/by-nc/4.0/",TRUE,"38555837",NA,NA,NA,FALSE,"els2023deal","04xfq0f34_els2023deal_2024"
"RWTH Aachen",2024,NA,"10.1016/j.soard.2024.08.026",TRUE,FALSE,"Elsevier BV","Surgery for Obesity and Related Diseases","1550-7289","1550-7289",NA,"1550-7289","http://creativecommons.org/licenses/by/4.0/",TRUE,"39304459",NA,NA,NA,FALSE,"els2023deal","04xfq0f34_els2023deal_2024"
"RWTH Aachen",2024,NA,"10.1016/j.spc.2024.03.033",TRUE,FALSE,"Elsevier BV","Sustainable Production and Consumption","2352-5509","2352-5509",NA,"2352-5509","http://creativecommons.org/licenses/by/4.0/",TRUE,NA,NA,NA,NA,FALSE,"els2023deal","04xfq0f34_els2023deal_2024"
"RWTH Aachen",2024,NA,"10.1016/j.spc.2024.05.031",TRUE,FALSE,"Elsevier BV","Sustainable Production and Consumption","2352-5509","2352-5509",NA,"2352-5509","http://creativecommons.org/licenses/by/4.0/",TRUE,NA,NA,NA,NA,FALSE,"els2023deal","04xfq0f34_els2023deal_2024"
"RWTH Aachen",2024,NA,"10.1016/j.spc.2024.06.016",TRUE,FALSE,"Elsevier BV","Sustainable Production and Consumption","2352-5509","2352-5509",NA,"2352-5509","http://creativecommons.org/licenses/by-nc-nd/4.0/",TRUE,NA,NA,NA,NA,FALSE,"els2023deal","04xfq0f34_els2023deal_2024"
"RWTH Aachen",2024,NA,"10.1016/j.spc.2024.09.013",TRUE,FALSE,"Elsevier BV","Sustainable Production and Consumption","2352-5509","2352-5509",NA,"2352-5509","http://creativecommons.org/licenses/by/4.0/",TRUE,NA,NA,NA,NA,FALSE,"els2023deal","04xfq0f34_els2023deal_2024"
"RWTH Aachen",2024,NA,"10.1016/j.strusafe.2024.102475",TRUE,FALSE,"Elsevier BV","Structural Safety","0167-4730","0167-4730",NA,"0167-4730","http://creativecommons.org/licenses/by/4.0/",TRUE,NA,NA,NA,NA,FALSE,"els2023deal","04xfq0f34_els2023deal_2024"
"RWTH Aachen",2024,NA,"10.1016/j.surfcoat.2024.130391",TRUE,FALSE,"Elsevier BV","Surface and Coatings Technology","0257-8972","0257-8972",NA,"0257-8972","http://creativecommons.org/licenses/by-nc-nd/4.0/",TRUE,NA,NA,NA,NA,FALSE,"els2023deal","04xfq0f34_els2023deal_2024"
"RWTH Aachen",2024,NA,"10.1016/j.surfcoat.2024.130411",TRUE,FALSE,"Elsevier BV","Surface and Coatings Technology","0257-8972","0257-8972",NA,"0257-8972","http://creativecommons.org/licenses/by-nc-nd/4.0/",TRUE,NA,NA,NA,NA,FALSE,"els2023deal","04xfq0f34_els2023deal_2024"
"RWTH Aachen",2024,NA,"10.1016/j.surfcoat.2024.130505",TRUE,FALSE,"Elsevier BV","Surface and Coatings Technology","0257-8972","0257-8972",NA,"0257-8972","http://creativecommons.org/licenses/by/4.0/",TRUE,NA,NA,NA,NA,FALSE,"els2023deal","04xfq0f34_els2023deal_2024"
"RWTH Aachen",2024,NA,"10.1016/j.surfcoat.2024.130783",TRUE,FALSE,"Elsevier BV","Surface and Coatings Technology","0257-8972","0257-8972",NA,"0257-8972","http://creativecommons.org/licenses/by/4.0/",TRUE,NA,NA,NA,NA,FALSE,"els2023deal","04xfq0f34_els2023deal_2024"
"RWTH Aachen",2024,NA,"10.1016/j.surfcoat.2024.131026",TRUE,FALSE,"Elsevier BV","Surface and Coatings Technology","0257-8972","0257-8972",NA,"0257-8972","http://creativecommons.org/licenses/by-nc/4.0/",TRUE,NA,NA,NA,NA,FALSE,"els2023deal","04xfq0f34_els2023deal_2024"
"RWTH Aachen",2024,NA,"10.1016/j.surfcoat.2024.131349",TRUE,FALSE,"Elsevier BV","Surface and Coatings Technology","0257-8972","0257-8972",NA,"0257-8972","http://creativecommons.org/licenses/by/4.0/",TRUE,NA,NA,NA,NA,FALSE,"els2023deal","04xfq0f34_els2023deal_2024"
"RWTH Aachen",2024,NA,"10.1016/j.surfcoat.2024.131486",TRUE,FALSE,"Elsevier BV","Surface and Coatings Technology","0257-8972","0257-8972",NA,"0257-8972","http://creativecommons.org/licenses/by/4.0/",TRUE,NA,NA,NA,NA,FALSE,"els2023deal","04xfq0f34_els2023deal_2024"
"RWTH Aachen",2024,NA,"10.1016/j.surfcoat.2024.131639",TRUE,FALSE,"Elsevier BV","Surface and Coatings Technology","0257-8972","0257-8972",NA,"0257-8972","http://creativecommons.org/licenses/by-nc/4.0/",TRUE,NA,NA,NA,NA,FALSE,"els2023deal","04xfq0f34_els2023deal_2024"
"RWTH Aachen",2024,NA,"10.1016/j.susmat.2024.e01040",TRUE,FALSE,"Elsevier BV","Sustainable Materials and Technologies","2214-9937","2214-9937",NA,"2214-9929","http://creativecommons.org/licenses/by/4.0/",TRUE,NA,NA,NA,NA,FALSE,"els2023deal","04xfq0f34_els2023deal_2024"
"RWTH Aachen",2024,NA,"10.1016/j.tbs.2024.100750",TRUE,FALSE,"Elsevier BV","Travel Behaviour and Society","2214-367X","2214-367X",NA,"2214-367X","http://creativecommons.org/licenses/by/4.0/",TRUE,NA,NA,NA,NA,FALSE,"els2023deal","04xfq0f34_els2023deal_2024"
"RWTH Aachen",2024,NA,"10.1016/j.techfore.2024.123568",TRUE,FALSE,"Elsevier BV","Technological Forecasting and Social Change","0040-1625","0040-1625",NA,"0040-1625","http://creativecommons.org/licenses/by-nc/4.0/",TRUE,NA,NA,NA,NA,FALSE,"els2023deal","04xfq0f34_els2023deal_2024"
"RWTH Aachen",2024,NA,"10.1016/j.techfore.2024.123593",TRUE,FALSE,"Elsevier BV","Technological Forecasting and Social Change","0040-1625","0040-1625",NA,"0040-1625","http://creativecommons.org/licenses/by-nc/4.0/",TRUE,NA,NA,NA,NA,FALSE,"els2023deal","04xfq0f34_els2023deal_2024"
"RWTH Aachen",2024,NA,"10.1016/j.techfore.2024.123596",TRUE,FALSE,"Elsevier BV","Technological Forecasting and Social Change","0040-1625","0040-1625",NA,"0040-1625","http://creativecommons.org/licenses/by/4.0/",TRUE,NA,NA,NA,NA,FALSE,"els2023deal","04xfq0f34_els2023deal_2024"
"RWTH Aachen",2024,NA,"10.1016/j.tox.2024.153967",TRUE,FALSE,"Elsevier BV","Toxicology","0300-483X","0300-483X",NA,"0300-483X","http://creativecommons.org/licenses/by/4.0/",TRUE,"39384009",NA,NA,NA,FALSE,"els2023deal","04xfq0f34_els2023deal_2024"
"RWTH Aachen",2024,NA,"10.1016/j.tra.2024.104011",TRUE,FALSE,"Elsevier BV","Transportation Research Part A: Policy and Practice","0965-8564","0965-8564",NA,"0965-8564","http://creativecommons.org/licenses/by-nc/4.0/",TRUE,NA,NA,NA,NA,FALSE,"els2023deal","04xfq0f34_els2023deal_2024"
"RWTH Aachen",2024,NA,"10.1016/j.tra.2024.104257",TRUE,FALSE,"Elsevier BV","Transportation Research Part A: Policy and Practice","0965-8564","0965-8564",NA,"0965-8564","http://creativecommons.org/licenses/by/4.0/",TRUE,NA,NA,NA,NA,FALSE,"els2023deal","04xfq0f34_els2023deal_2024"
"RWTH Aachen",2024,NA,"10.1016/j.tra.2024.104298",TRUE,FALSE,"Elsevier BV","Transportation Research Part A: Policy and Practice","0965-8564","0965-8564",NA,"0965-8564","http://creativecommons.org/licenses/by/4.0/",TRUE,NA,NA,NA,NA,FALSE,"els2023deal","04xfq0f34_els2023deal_2024"
"RWTH Aachen",2024,NA,"10.1016/j.trc.2024.104704",TRUE,FALSE,"Elsevier BV","Transportation Research Part C: Emerging Technologies","0968-090X","0968-090X",NA,"0968-090X","http://creativecommons.org/licenses/by/4.0/",TRUE,NA,NA,NA,NA,FALSE,"els2023deal","04xfq0f34_els2023deal_2024"
"RWTH Aachen",2024,NA,"10.1016/j.trd.2024.104198",TRUE,FALSE,"Elsevier BV","Transportation Research Part D: Transport and Environment","1361-9209","1361-9209",NA,"1361-9209","http://creativecommons.org/licenses/by/4.0/",TRUE,NA,NA,NA,NA,FALSE,"els2023deal","04xfq0f34_els2023deal_2024"
"RWTH Aachen",2024,NA,"10.1016/j.triboint.2024.109369",TRUE,FALSE,"Elsevier BV","Tribology International","0301-679X","0301-679X",NA,"0301-679X","http://creativecommons.org/licenses/by-nc-nd/4.0/",TRUE,NA,NA,NA,NA,FALSE,"els2023deal","04xfq0f34_els2023deal_2024"
"RWTH Aachen",2024,NA,"10.1016/j.ufug.2024.128426",TRUE,FALSE,"Elsevier BV","Urban Forestry & Urban Greening","1618-8667","1618-8667",NA,"1610-8167","http://creativecommons.org/licenses/by/4.0/",TRUE,NA,NA,NA,NA,FALSE,"els2023deal","04xfq0f34_els2023deal_2024"
"RWTH Aachen",2024,NA,"10.1016/j.vacuum.2024.113964",TRUE,FALSE,"Elsevier BV","Vacuum","0042-207X","0042-207X",NA,"0042-207X","http://creativecommons.org/licenses/by/4.0/",TRUE,NA,NA,NA,NA,FALSE,"els2023deal","04xfq0f34_els2023deal_2024"
"RWTH Aachen",2024,NA,"10.1016/j.vlsi.2024.102314",TRUE,FALSE,"Elsevier BV","Integration","0167-9260","0167-9260",NA,"0167-9260","http://creativecommons.org/licenses/by/4.0/",TRUE,NA,NA,NA,NA,FALSE,"els2023deal","04xfq0f34_els2023deal_2024"
"RWTH Aachen",2024,NA,"10.1016/j.wasman.2024.05.023",TRUE,FALSE,"Elsevier BV","Waste Management","0956-053X","0956-053X",NA,"0956-053X","http://creativecommons.org/licenses/by/4.0/",TRUE,"38781818",NA,NA,NA,FALSE,"els2023deal","04xfq0f34_els2023deal_2024"
"RWTH Aachen",2024,NA,"10.1016/j.wasman.2024.07.034",TRUE,FALSE,"Elsevier BV","Waste Management","0956-053X","0956-053X",NA,"0956-053X","http://creativecommons.org/licenses/by/4.0/",TRUE,"39213881",NA,NA,NA,FALSE,"els2023deal","04xfq0f34_els2023deal_2024"
"RWTH Aachen",2024,NA,"10.1016/j.wear.2024.205556",TRUE,FALSE,"Elsevier BV","Wear","0043-1648","0043-1648",NA,"0043-1648","http://creativecommons.org/licenses/by-nc-nd/4.0/",TRUE,NA,NA,NA,NA,FALSE,"els2023deal","04xfq0f34_els2023deal_2024"
"RWTH Aachen",2024,NA,"10.1016/j.wocn.2024.101374",TRUE,FALSE,"Elsevier BV","Journal of Phonetics","0095-4470","0095-4470",NA,"0095-4470","http://creativecommons.org/licenses/by/4.0/",TRUE,NA,NA,NA,NA,FALSE,"els2023deal","04xfq0f34_els2023deal_2024"
"RWTH Aachen",2024,NA,"10.1016/j.wsif.2024.103004",TRUE,FALSE,"Elsevier BV","Women's Studies International Forum","0277-5395","0277-5395",NA,"0277-5395","http://creativecommons.org/licenses/by/4.0/",TRUE,NA,NA,NA,NA,FALSE,"els2023deal","04xfq0f34_els2023deal_2024"
"RWTH Aachen",2024,NA,"10.1016/j.zefq.2024.03.003",TRUE,FALSE,"Elsevier BV","Zeitschrift für Evidenz, Fortbildung und Qualität im Gesundheitswesen","1865-9217","1865-9217",NA,"1865-9217","https://www.elsevier.com/tdm/userlicense/1.0/",TRUE,"38616470",NA,NA,NA,FALSE,"els2023deal","04xfq0f34_els2023deal_2024"
"RWTH Aachen",2024,NA,"10.1016/j.zefq.2024.03.010",TRUE,FALSE,"Elsevier BV","Zeitschrift für Evidenz, Fortbildung und Qualität im Gesundheitswesen","1865-9217","1865-9217",NA,"1865-9217","http://creativecommons.org/licenses/by/4.0/",TRUE,"38735813",NA,NA,NA,FALSE,"els2023deal","04xfq0f34_els2023deal_2024"
"RWTH Aachen",2024,NA,"10.1053/j.gastro.2024.10.010",TRUE,FALSE,"Elsevier BV","Gastroenterology","0016-5085","0016-5085",NA,"0016-5085","http://creativecommons.org/licenses/by/4.0/",TRUE,"39414159",NA,NA,NA,FALSE,"els2023deal","04xfq0f34_els2023deal_2024"
"RWTH Aachen",2024,NA,"10.1039/d3dt03392a",TRUE,FALSE,"Royal Society of Chemistry (RSC)","Dalton Transactions","1477-9226","1477-9226","1477-9234","1477-9226","http://creativecommons.org/licenses/by-nc/3.0/",TRUE,"38258473",NA,NA,NA,FALSE,"rsc2024tib","04xfq0f34_rsc2024tib_2024"
"RWTH Aachen",2024,NA,"10.1039/d3gc01210g",TRUE,FALSE,"Royal Society of Chemistry (RSC)","Green Chemistry","1463-9262","1463-9262","1463-9270","1463-9262","http://creativecommons.org/licenses/by/3.0/",TRUE,NA,NA,NA,NA,FALSE,"rsc2024tib","04xfq0f34_rsc2024tib_2024"
"RWTH Aachen",2024,NA,"10.1039/d3mr00025g",FALSE,FALSE,"Royal Society of Chemistry (RSC)","RSC Mechanochemistry","2976-8683",NA,"2976-8683","2976-8683","http://creativecommons.org/licenses/by/3.0/",TRUE,NA,NA,NA,NA,TRUE,"rsc2024tib","04xfq0f34_rsc2024tib_2024"
"RWTH Aachen",2024,NA,"10.1039/d3sm01426f",TRUE,FALSE,"Royal Society of Chemistry (RSC)","Soft Matter","1744-683X","1744-683X","1744-6848","1744-683X","http://creativecommons.org/licenses/by-nc/3.0/",TRUE,"38236145",NA,NA,NA,FALSE,"rsc2024tib","04xfq0f34_rsc2024tib_2024"
"RWTH Aachen",2024,NA,"10.1039/d4dt00280f",TRUE,FALSE,"Royal Society of Chemistry (RSC)","Dalton Transactions","1477-9226","1477-9226","1477-9234","1477-9226","http://creativecommons.org/licenses/by/3.0/",TRUE,"38351772",NA,NA,NA,FALSE,"rsc2024tib","04xfq0f34_rsc2024tib_2024"
"RWTH Aachen",2024,NA,"10.1039/d3gc04234k",TRUE,FALSE,"Royal Society of Chemistry (RSC)","Green Chemistry","1463-9262","1463-9262","1463-9270","1463-9262","http://creativecommons.org/licenses/by/3.0/",TRUE,NA,NA,NA,NA,FALSE,"rsc2024tib","04xfq0f34_rsc2024tib_2024"
"RWTH Aachen",2024,NA,"10.1039/d3tb02950f",TRUE,FALSE,"Royal Society of Chemistry (RSC)","Journal of Materials Chemistry B","2050-750X","2050-750X","2050-7518","2050-750X","http://creativecommons.org/licenses/by/3.0/",TRUE,"38334758","PMC10916536",NA,NA,FALSE,"rsc2024tib","04xfq0f34_rsc2024tib_2024"
"RWTH Aachen",2024,NA,"10.1039/d3cp05870k",TRUE,FALSE,"Royal Society of Chemistry (RSC)","Physical Chemistry Chemical Physics","1463-9076","1463-9076","1463-9084","1463-9076","http://creativecommons.org/licenses/by/3.0/",TRUE,"38385982",NA,NA,NA,FALSE,"rsc2024tib","04xfq0f34_rsc2024tib_2024"
"RWTH Aachen",2024,NA,"10.1039/d4qo00106k",TRUE,FALSE,"Royal Society of Chemistry (RSC)","Organic Chemistry Frontiers","2052-4129",NA,"2052-4129","2052-4110","http://creativecommons.org/licenses/by/3.0/",TRUE,NA,NA,NA,NA,FALSE,"rsc2024tib","04xfq0f34_rsc2024tib_2024"
"RWTH Aachen",2024,NA,"10.1039/d3dt03828a",TRUE,FALSE,"Royal Society of Chemistry (RSC)","Dalton Transactions","1477-9226","1477-9226","1477-9234","1477-9226","http://creativecommons.org/licenses/by/3.0/",TRUE,"38420995",NA,NA,NA,FALSE,"rsc2024tib","04xfq0f34_rsc2024tib_2024"
"RWTH Aachen",2024,NA,"10.1039/d3gc04978g",TRUE,FALSE,"Royal Society of Chemistry (RSC)","Green Chemistry","1463-9262","1463-9262","1463-9270","1463-9262","http://creativecommons.org/licenses/by/3.0/",TRUE,NA,NA,NA,NA,FALSE,"rsc2024tib","04xfq0f34_rsc2024tib_2024"
"RWTH Aachen",2024,NA,"10.1039/d3ee02970k",TRUE,FALSE,"Royal Society of Chemistry (RSC)","Energy & Environmental Science","1754-5692","1754-5692","1754-5706","1754-5692","http://creativecommons.org/licenses/by/3.0/",TRUE,NA,NA,NA,NA,FALSE,"rsc2024tib","04xfq0f34_rsc2024tib_2024"
"RWTH Aachen",2024,NA,"10.1039/d3se01602a",TRUE,FALSE,"Royal Society of Chemistry (RSC)","Sustainable Energy & Fuels","2398-4902",NA,"2398-4902","2398-4902","http://creativecommons.org/licenses/by/3.0/",TRUE,NA,NA,NA,NA,FALSE,"rsc2024tib","04xfq0f34_rsc2024tib_2024"
"RWTH Aachen",2024,NA,"10.1039/d3nh00520h",TRUE,FALSE,"Royal Society of Chemistry (RSC)","Nanoscale Horizons","2055-6756","2055-6756","2055-6764","2055-6756","http://creativecommons.org/licenses/by/3.0/",TRUE,"38511616",NA,NA,NA,FALSE,"rsc2024tib","04xfq0f34_rsc2024tib_2024"
"RWTH Aachen",2024,NA,"10.1039/d3lf00263b",FALSE,FALSE,"Royal Society of Chemistry (RSC)","RSC Applied Interfaces","2755-3701",NA,"2755-3701","2755-3701","http://creativecommons.org/licenses/by/3.0/",TRUE,NA,NA,NA,NA,TRUE,"rsc2024tib","04xfq0f34_rsc2024tib_2024"
"RWTH Aachen",2024,NA,"10.1039/d4se00035h",TRUE,FALSE,"Royal Society of Chemistry (RSC)","Sustainable Energy & Fuels","2398-4902",NA,"2398-4902","2398-4902","http://creativecommons.org/licenses/by/3.0/",TRUE,NA,NA,NA,NA,FALSE,"rsc2024tib","04xfq0f34_rsc2024tib_2024"
"RWTH Aachen",2024,NA,"10.1039/d4dt00563e",TRUE,FALSE,"Royal Society of Chemistry (RSC)","Dalton Transactions","1477-9226","1477-9226","1477-9234","1477-9226","http://creativecommons.org/licenses/by/3.0/",TRUE,"38634911",NA,NA,NA,FALSE,"rsc2024tib","04xfq0f34_rsc2024tib_2024"
"RWTH Aachen",2024,NA,"10.1039/d2cs00991a",TRUE,FALSE,"Royal Society of Chemistry (RSC)","Chemical Society Reviews","0306-0012","0306-0012","1460-4744","0306-0012","http://creativecommons.org/licenses/by/3.0/",TRUE,"38747901",NA,NA,NA,FALSE,"rsc2024tib","04xfq0f34_rsc2024tib_2024"
"RWTH Aachen",2024,NA,"10.1039/d4sm00111g",TRUE,FALSE,"Royal Society of Chemistry (RSC)","Soft Matter","1744-683X","1744-683X","1744-6848","1744-683X","http://creativecommons.org/licenses/by/3.0/",TRUE,"38813847",NA,NA,NA,FALSE,"rsc2024tib","04xfq0f34_rsc2024tib_2024"
"RWTH Aachen",2024,NA,"10.1039/d3cp06086a",TRUE,FALSE,"Royal Society of Chemistry (RSC)","Physical Chemistry Chemical Physics","1463-9076","1463-9076","1463-9084","1463-9076","http://creativecommons.org/licenses/by/3.0/",TRUE,"38829649",NA,NA,NA,FALSE,"rsc2024tib","04xfq0f34_rsc2024tib_2024"
"RWTH Aachen",2024,NA,"10.1039/d4gc00964a",TRUE,FALSE,"Royal Society of Chemistry (RSC)","Green Chemistry","1463-9262","1463-9262","1463-9270","1463-9262","http://creativecommons.org/licenses/by/3.0/",TRUE,NA,NA,NA,NA,FALSE,"rsc2024tib","04xfq0f34_rsc2024tib_2024"
"RWTH Aachen",2024,NA,"10.1039/d4cc01386g",TRUE,FALSE,"Royal Society of Chemistry (RSC)","Chemical Communications","1359-7345","1359-7345","1364-548X","1359-7345","http://creativecommons.org/licenses/by/3.0/",TRUE,"38913109",NA,NA,NA,FALSE,"rsc2024tib","04xfq0f34_rsc2024tib_2024"
"RWTH Aachen",2024,NA,"10.1039/d4dt01539h",TRUE,FALSE,"Royal Society of Chemistry (RSC)","Dalton Transactions","1477-9226","1477-9226","1477-9234","1477-9226","http://creativecommons.org/licenses/by/3.0/",TRUE,"39016043",NA,NA,NA,FALSE,"rsc2024tib","04xfq0f34_rsc2024tib_2024"
"RWTH Aachen",2024,NA,"10.1039/d4gc01508h",TRUE,FALSE,"Royal Society of Chemistry (RSC)","Green Chemistry","1463-9262","1463-9262","1463-9270","1463-9262","http://creativecommons.org/licenses/by/3.0/",TRUE,NA,NA,NA,NA,FALSE,"rsc2024tib","04xfq0f34_rsc2024tib_2024"
"RWTH Aachen",2024,NA,"10.1039/d4sm00676c",TRUE,FALSE,"Royal Society of Chemistry (RSC)","Soft Matter","1744-683X","1744-683X","1744-6848","1744-683X","http://creativecommons.org/licenses/by/3.0/",TRUE,"39051502",NA,NA,NA,FALSE,"rsc2024tib","04xfq0f34_rsc2024tib_2024"
"RWTH Aachen",2024,NA,"10.1039/d4na00378k",FALSE,FALSE,"Royal Society of Chemistry (RSC)","Nanoscale Advances","2516-0230",NA,"2516-0230","2516-0230","http://creativecommons.org/licenses/by/3.0/",TRUE,"39170971","PMC11334983",NA,NA,TRUE,"rsc2024tib","04xfq0f34_rsc2024tib_2024"
"RWTH Aachen",2024,NA,"10.1039/d4sm00734d",TRUE,FALSE,"Royal Society of Chemistry (RSC)","Soft Matter","1744-683X","1744-683X","1744-6848","1744-683X","http://creativecommons.org/licenses/by/3.0/",TRUE,"39136054",NA,NA,NA,FALSE,"rsc2024tib","04xfq0f34_rsc2024tib_2024"
"RWTH Aachen",2024,NA,"10.1039/d4nr02328e",TRUE,FALSE,"Royal Society of Chemistry (RSC)","Nanoscale","2040-3364","2040-3364","2040-3372","2040-3364","http://creativecommons.org/licenses/by/3.0/",TRUE,"39145718",NA,NA,NA,FALSE,"rsc2024tib","04xfq0f34_rsc2024tib_2024"
"RWTH Aachen",2024,NA,"10.1039/d4cp02684e",TRUE,FALSE,"Royal Society of Chemistry (RSC)","Physical Chemistry Chemical Physics","1463-9076","1463-9076","1463-9084","1463-9076","http://creativecommons.org/licenses/by/3.0/",TRUE,"39192777",NA,NA,NA,FALSE,"rsc2024tib","04xfq0f34_rsc2024tib_2024"
"RWTH Aachen",2024,NA,"10.1039/d4cc03564j",TRUE,FALSE,"Royal Society of Chemistry (RSC)","Chemical Communications","1359-7345","1359-7345","1364-548X","1359-7345","http://creativecommons.org/licenses/by/3.0/",TRUE,"39189815",NA,NA,NA,FALSE,"rsc2024tib","04xfq0f34_rsc2024tib_2024"
"RWTH Aachen",2024,NA,"10.1039/d4fd00145a",TRUE,FALSE,"Royal Society of Chemistry (RSC)","Faraday Discussions","1359-6640","1359-6640","1364-5498","1359-6640","http://creativecommons.org/licenses/by/3.0/",TRUE,"39355958",NA,NA,NA,FALSE,"rsc2024tib","04xfq0f34_rsc2024tib_2024"
"RWTH Aachen",2024,NA,"10.1039/d4cc04266b",TRUE,FALSE,"Royal Society of Chemistry (RSC)","Chemical Communications","1359-7345","1359-7345","1364-548X","1359-7345","http://creativecommons.org/licenses/by/3.0/",TRUE,"39308123",NA,NA,NA,FALSE,"rsc2024tib","04xfq0f34_rsc2024tib_2024"
"RWTH Aachen",2024,NA,"10.1039/d4cc03572k",TRUE,FALSE,"Royal Society of Chemistry (RSC)","Chemical Communications","1359-7345","1359-7345","1364-548X","1359-7345","http://creativecommons.org/licenses/by/3.0/",TRUE,"39328011","PMC11427993",NA,NA,FALSE,"rsc2024tib","04xfq0f34_rsc2024tib_2024"
"RWTH Aachen",2024,NA,"10.1039/d4dd00208c",FALSE,FALSE,"Royal Society of Chemistry (RSC)","Digital Discovery","2635-098X",NA,"2635-098X","2635-098X","http://creativecommons.org/licenses/by/3.0/",TRUE,NA,NA,NA,NA,TRUE,"rsc2024tib","04xfq0f34_rsc2024tib_2024"
"RWTH Aachen",2024,NA,"10.1039/d4nr03435j",TRUE,FALSE,"Royal Society of Chemistry (RSC)","Nanoscale","2040-3364","2040-3364","2040-3372","2040-3364","http://creativecommons.org/licenses/by/3.0/",TRUE,"39387810",NA,NA,NA,FALSE,"rsc2024tib","04xfq0f34_rsc2024tib_2024"
"RWTH Aachen",2024,NA,"10.1039/d4dt02615b",TRUE,FALSE,"Royal Society of Chemistry (RSC)","Dalton Transactions","1477-9226","1477-9226","1477-9234","1477-9226","http://creativecommons.org/licenses/by/3.0/",TRUE,"39498834",NA,NA,NA,FALSE,"rsc2024tib","04xfq0f34_rsc2024tib_2024"
"RWTH Aachen",2024,NA,"10.1039/d4ra04731a",TRUE,FALSE,"Royal Society of Chemistry (RSC)","RSC Advances","2046-2069",NA,"2046-2069","2046-2069","http://creativecommons.org/licenses/by/3.0/",TRUE,"39479482","PMC11523078",NA,NA,TRUE,"rsc2024tib","04xfq0f34_rsc2024tib_2024"
"RWTH Aachen",2024,NA,"10.1039/d4tb02052a",TRUE,FALSE,"Royal Society of Chemistry (RSC)","Journal of Materials Chemistry B","2050-750X","2050-750X","2050-7518","2050-750X","http://creativecommons.org/licenses/by/3.0/",TRUE,"39503353","PMC11563307",NA,NA,FALSE,"rsc2024tib","04xfq0f34_rsc2024tib_2024"
"RWTH Aachen",2024,NA,"10.1039/d4dt02917h",TRUE,FALSE,"Royal Society of Chemistry (RSC)","Dalton Transactions","1477-9226","1477-9226","1477-9234","1477-9226","http://creativecommons.org/licenses/by/3.0/",TRUE,"39588589",NA,NA,NA,FALSE,"rsc2024tib","04xfq0f34_rsc2024tib_2024"
"RWTH Aachen",2024,NA,"10.1039/d4sm00950a",TRUE,FALSE,"Royal Society of Chemistry (RSC)","Soft Matter","1744-683X","1744-683X","1744-6848","1744-683X","http://creativecommons.org/licenses/by/3.0/",TRUE,"39618406",NA,NA,NA,FALSE,"rsc2024tib","04xfq0f34_rsc2024tib_2024"
"RWTH Aachen",2024,NA,"10.1039/d4nr03966a",TRUE,FALSE,"Royal Society of Chemistry (RSC)","Nanoscale","2040-3364","2040-3364","2040-3372","2040-3364","http://creativecommons.org/licenses/by/3.0/",TRUE,"39718375",NA,NA,NA,FALSE,"rsc2024tib","04xfq0f34_rsc2024tib_2024"
"RWTH Aachen",2024,NA,"10.1039/d4nr04677c",TRUE,FALSE,"Royal Society of Chemistry (RSC)","Nanoscale","2040-3364","2040-3364","2040-3372","2040-3364","http://creativecommons.org/licenses/by/3.0/",TRUE,"39804202",NA,NA,NA,FALSE,"rsc2024tib","04xfq0f34_rsc2024tib_2024"
"RWTH Aachen",2024,NA,"10.1039/d4en00764f",TRUE,FALSE,"Royal Society of Chemistry (RSC)","Environmental Science: Nano","2051-8153","2051-8153","2051-8161","2051-8153","http://rsc.li/journals-terms-of-use",TRUE,NA,NA,NA,NA,FALSE,"rsc2024tib","04xfq0f34_rsc2024tib_2024"
"RWTH Aachen",2024,NA,"10.4028/p-kn4tfj",TRUE,FALSE,"Trans Tech Publications, Ltd.","Key Engineering Materials","1662-9795",NA,"1662-9795","1013-9826","https://www.scientific.net/PolicyAndEthics/PublishingPolicies",TRUE,NA,NA,NA,NA,FALSE,"ttp2024tib","04xfq0f34_ttp2024tib_2024"
"RWTH Aachen",2024,NA,"10.1080/0020174x.2024.2305386",TRUE,FALSE,"Informa UK Limited","Inquiry","0020-174X","0020-174X","1502-3923","0020-174X","http://creativecommons.org/licenses/by/4.0/",TRUE,NA,NA,NA,NA,FALSE,"tf2024zbw","04xfq0f34_tf2024zbw_2024"
"RWTH Aachen",2024,NA,"10.1080/09585192.2024.2444333",TRUE,FALSE,"Informa UK Limited","The International Journal of Human Resource Management","0958-5192","0958-5192","1466-4399","0958-5192","http://creativecommons.org/licenses/by/4.0/",TRUE,NA,NA,NA,NA,FALSE,"tf2024zbw","04xfq0f34_tf2024zbw_2024"
"RWTH Aachen",2024,NA,"10.1080/00140139.2024.2445315",TRUE,FALSE,"Informa UK Limited","Ergonomics","0014-0139","0014-0139","1366-5847","0014-0139","http://creativecommons.org/licenses/by/4.0/",TRUE,"41131979",NA,NA,NA,FALSE,"tf2024zbw","04xfq0f34_tf2024zbw_2024"
"RWTH Aachen",2024,NA,"10.1080/14036096.2024.2436349",TRUE,FALSE,"Informa UK Limited","Housing, Theory and Society","1403-6096","1403-6096","1651-2278","1403-6096","http://creativecommons.org/licenses/by/4.0/",TRUE,NA,NA,NA,NA,FALSE,"tf2024zbw","04xfq0f34_tf2024zbw_2024"
"RWTH Aachen",2024,NA,"10.1080/10255842.2024.2320747",TRUE,FALSE,"Informa UK Limited","Computer Methods in Biomechanics and Biomedical Engineering","1025-5842","1025-5842","1476-8259","1025-5842","http://creativecommons.org/licenses/by-nc-nd/4.0/",TRUE,"39772939",NA,NA,NA,FALSE,"tf2024zbw","04xfq0f34_tf2024zbw_2024"
"RWTH Aachen",2024,NA,"10.1080/20445911.2024.2439621",TRUE,FALSE,"Informa UK Limited","Journal of Cognitive Psychology","2044-5911","2044-5911","2044-592X","2044-5911","http://creativecommons.org/licenses/by/4.0/",TRUE,NA,NA,NA,NA,FALSE,"tf2024zbw","04xfq0f34_tf2024zbw_2024"
"RWTH Aachen",2024,NA,"10.1080/10803548.2024.2318941",TRUE,FALSE,"Informa UK Limited","International Journal of Occupational Safety and Ergonomics","1080-3548","1080-3548","2376-9130","1080-3548","http://creativecommons.org/licenses/by-nc-nd/4.0/",TRUE,"38351569",NA,NA,NA,FALSE,"tf2024zbw","04xfq0f34_tf2024zbw_2024"
"RWTH Aachen",2024,NA,"10.1080/15569527.2024.2310243",TRUE,FALSE,"Informa UK Limited","Cutaneous and Ocular Toxicology","1556-9527","1556-9527","1556-9535","1556-9527","http://creativecommons.org/licenses/by-nc-nd/4.0/",TRUE,"38284163",NA,NA,NA,FALSE,"tf2024zbw","04xfq0f34_tf2024zbw_2024"
"RWTH Aachen",2024,NA,"10.1080/21550085.2024.2387999",TRUE,FALSE,"Informa UK Limited","Ethics, Policy & Environment","2155-0085","2155-0085","2155-0093","2155-0093","http://creativecommons.org/licenses/by/4.0/",TRUE,NA,NA,NA,NA,FALSE,"tf2024zbw","04xfq0f34_tf2024zbw_2024"
"RWTH Aachen",2024,NA,"10.1080/00949655.2024.2436017",TRUE,FALSE,"Informa UK Limited","Journal of Statistical Computation and Simulation","0094-9655","0094-9655","1563-5163","0094-9655","http://creativecommons.org/licenses/by/4.0/",TRUE,NA,NA,NA,NA,FALSE,"tf2024zbw","04xfq0f34_tf2024zbw_2024"
"RWTH Aachen",2024,4263.47,"10.1080/13696998.2024.2433379",FALSE,FALSE,"Informa UK Limited","Journal of Medical Economics","1369-6998","1369-6998","1941-837X","1369-6998","http://creativecommons.org/licenses/by-nc-nd/4.0/",TRUE,"39610323",NA,NA,NA,FALSE,"tf2024zbw","04xfq0f34_tf2024zbw_2024"
"RWTH Aachen",2024,NA,"10.1080/10447318.2024.2430494",TRUE,FALSE,"Informa UK Limited","International Journal of Human–Computer Interaction","1044-7318","1044-7318","1532-7590","1044-7318","http://creativecommons.org/licenses/by-nc-nd/4.0/",TRUE,NA,NA,NA,NA,FALSE,"tf2024zbw","04xfq0f34_tf2024zbw_2024"
"RWTH Aachen",2024,2420.02,"10.1080/20002297.2024.2424227",FALSE,FALSE,"Informa UK Limited","Journal of Oral Microbiology","2000-2297",NA,"2000-2297","2000-2297","http://creativecommons.org/licenses/by-nc/4.0/",TRUE,"39529861","PMC11552293",NA,NA,TRUE,"tf2024zbw","04xfq0f34_tf2024zbw_2024"
"RWTH Aachen",2024,NA,"10.1080/23745118.2024.2415988",TRUE,FALSE,"Informa UK Limited","European Politics and Society","2374-5118","2374-5118","2374-5126","2374-5118","http://creativecommons.org/licenses/by-nc-nd/4.0/",TRUE,NA,NA,NA,NA,FALSE,"tf2024zbw","04xfq0f34_tf2024zbw_2024"
"RWTH Aachen",2024,NA,"10.1080/1351847x.2024.2415438",TRUE,FALSE,"Informa UK Limited","The European Journal of Finance","1351-847X","1351-847X","1466-4364","1351-847X","http://creativecommons.org/licenses/by-nc-nd/4.0/",TRUE,NA,NA,NA,NA,FALSE,"tf2024zbw","04xfq0f34_tf2024zbw_2024"
"RWTH Aachen",2024,2420.01,"10.1080/23299460.2024.2414482",FALSE,FALSE,"Informa UK Limited","Journal of Responsible Innovation","2329-9460","2329-9460","2329-9037","2329-9037","http://creativecommons.org/licenses/by/4.0/",TRUE,NA,NA,NA,NA,TRUE,"tf2024zbw","04xfq0f34_tf2024zbw_2024"
"RWTH Aachen",2024,NA,"10.1080/10298436.2024.2414074",TRUE,FALSE,"Informa UK Limited","International Journal of Pavement Engineering","1029-8436","1029-8436","1477-268X","1029-8436","http://creativecommons.org/licenses/by-nc-nd/4.0/",TRUE,NA,NA,NA,NA,FALSE,"tf2024zbw","04xfq0f34_tf2024zbw_2024"
"RWTH Aachen",2024,NA,"10.1080/17512433.2024.2410400",TRUE,FALSE,"Informa UK Limited","Expert Review of Clinical Pharmacology","1751-2433","1751-2433","1751-2441","1751-2433","http://creativecommons.org/licenses/by-nc-nd/4.0/",TRUE,"39360663",NA,NA,NA,FALSE,"tf2024zbw","04xfq0f34_tf2024zbw_2024"
"RWTH Aachen",2024,2908.06,"10.1080/07853890.2024.2408458",FALSE,FALSE,"Informa UK Limited","Annals of Medicine","0785-3890","0785-3890","1365-2060","0785-3890","http://creativecommons.org/licenses/by/4.0/",TRUE,"39624958","PMC11459762",NA,NA,TRUE,"tf2024zbw","04xfq0f34_tf2024zbw_2024"
"RWTH Aachen",2024,NA,"10.1080/10298436.2024.2405029",TRUE,FALSE,"Informa UK Limited","International Journal of Pavement Engineering","1029-8436","1029-8436","1477-268X","1029-8436","http://creativecommons.org/licenses/by-nc-nd/4.0/",TRUE,NA,NA,NA,NA,FALSE,"tf2024zbw","04xfq0f34_tf2024zbw_2024"
"RWTH Aachen",2024,NA,"10.1080/0015198x.2024.2403359",TRUE,FALSE,"Informa UK Limited","Financial Analysts Journal","0015-198X","0015-198X","1938-3312","0015-198X","http://creativecommons.org/licenses/by-nc-nd/4.0/",TRUE,NA,NA,NA,NA,FALSE,"tf2024zbw","04xfq0f34_tf2024zbw_2024"
"RWTH Aachen",2024,NA,"10.1080/00472778.2024.2392714",TRUE,FALSE,"Informa UK Limited","Journal of Small Business Management","0047-2778","0047-2778","1540-627X","0047-2778","http://creativecommons.org/licenses/by/4.0/",TRUE,NA,NA,NA,NA,FALSE,"tf2024zbw","04xfq0f34_tf2024zbw_2024"
"RWTH Aachen",2024,NA,"10.1080/03610926.2024.2391435",TRUE,FALSE,"Informa UK Limited","Communications in Statistics - Theory and Methods","0361-0926","0361-0926","1532-415X","0361-0926","http://creativecommons.org/licenses/by-nc-nd/4.0/",TRUE,NA,NA,NA,NA,FALSE,"tf2024zbw","04xfq0f34_tf2024zbw_2024"
"RWTH Aachen",2024,NA,"10.1080/03610918.2024.2391877",TRUE,FALSE,"Informa UK Limited","Communications in Statistics - Simulation and Computation","0361-0918","0361-0918","1532-4141","0361-0918","http://creativecommons.org/licenses/by/4.0/",TRUE,NA,NA,NA,NA,FALSE,"tf2024zbw","04xfq0f34_tf2024zbw_2024"
"RWTH Aachen",2024,1213.8,"10.1080/26889277.2024.2390394",FALSE,FALSE,"Informa UK Limited","European Journal of Materials","2688-9277",NA,"2688-9277","2688-9277","http://creativecommons.org/licenses/by/4.0/",TRUE,NA,NA,NA,NA,TRUE,"tf2024zbw","04xfq0f34_tf2024zbw_2024"
"RWTH Aachen",2024,NA,"10.1080/02331888.2024.2379612",TRUE,FALSE,"Informa UK Limited","Statistics","0233-1888","0233-1888","1029-4910","0233-1888","http://creativecommons.org/licenses/by/4.0/",TRUE,NA,NA,NA,NA,FALSE,"tf2024zbw","04xfq0f34_tf2024zbw_2024"
"RWTH Aachen",2024,NA,"10.1080/10255842.2024.2382819",TRUE,FALSE,"Informa UK Limited","Computer Methods in Biomechanics and Biomedical Engineering","1025-5842","1025-5842","1476-8259","1025-5842","http://creativecommons.org/licenses/by-nc-nd/4.0/",TRUE,"39086224",NA,NA,NA,FALSE,"tf2024zbw","04xfq0f34_tf2024zbw_2024"
"RWTH Aachen",2024,NA,"10.1080/14733315.2024.2380626",TRUE,FALSE,"Informa UK Limited","International Journal of Ventilation","1473-3315","1473-3315","2044-4044","1473-3315","http://creativecommons.org/licenses/by/4.0/",TRUE,NA,NA,NA,NA,FALSE,"tf2024zbw","04xfq0f34_tf2024zbw_2024"
"RWTH Aachen",2024,NA,"10.1080/17549507.2024.2371869",TRUE,FALSE,"Informa UK Limited","International Journal of Speech-Language Pathology","1754-9507","1754-9507","1754-9515","1754-9507","http://creativecommons.org/licenses/by/4.0/",TRUE,"39219356",NA,NA,NA,FALSE,"tf2024zbw","04xfq0f34_tf2024zbw_2024"
"RWTH Aachen",2024,NA,"10.1080/10556788.2024.2368569",TRUE,FALSE,"Informa UK Limited","Optimization Methods and Software","1055-6788","1055-6788","1029-4937","1026-7670","http://creativecommons.org/licenses/by/4.0/",TRUE,NA,NA,NA,NA,FALSE,"tf2024zbw","04xfq0f34_tf2024zbw_2024"
"RWTH Aachen",2024,NA,"10.1080/03610926.2024.2363869",TRUE,FALSE,"Informa UK Limited","Communications in Statistics - Theory and Methods","0361-0926","0361-0926","1532-415X","0361-0926","http://creativecommons.org/licenses/by-nc-nd/4.0/",TRUE,NA,NA,NA,NA,FALSE,"tf2024zbw","04xfq0f34_tf2024zbw_2024"
"RWTH Aachen",2024,NA,"10.1080/23789689.2024.2356492",TRUE,FALSE,"Informa UK Limited","Sustainable and Resilient Infrastructure","2378-9689","2378-9689","2378-9697","2378-9689","http://creativecommons.org/licenses/by/4.0/",TRUE,NA,NA,NA,NA,FALSE,"tf2024zbw","04xfq0f34_tf2024zbw_2024"
"RWTH Aachen",2024,NA,"10.1080/00084433.2024.2355031",TRUE,FALSE,"Informa UK Limited","Canadian Metallurgical Quarterly","0008-4433","0008-4433","1879-1395","0008-4433","http://creativecommons.org/licenses/by/4.0/",TRUE,NA,NA,NA,NA,FALSE,"tf2024zbw","04xfq0f34_tf2024zbw_2024"
"RWTH Aachen",2024,2444.45,"10.1080/15440478.2024.2349750",FALSE,FALSE,"Informa UK Limited","Journal of Natural Fibers","1544-0478","1544-0478","1544-046X","1544-046X","http://creativecommons.org/licenses/by/4.0/",TRUE,NA,NA,NA,NA,TRUE,"tf2024zbw","04xfq0f34_tf2024zbw_2024"
"RWTH Aachen",2024,2444.46,"10.1080/10872981.2024.2347767",FALSE,FALSE,"Informa UK Limited","Medical Education Online","1087-2981",NA,"1087-2981","1087-2981","http://creativecommons.org/licenses/by/4.0/",TRUE,"38696113","PMC11067559",NA,NA,TRUE,"tf2024zbw","04xfq0f34_tf2024zbw_2024"
"RWTH Aachen",2024,NA,"10.1080/19420676.2024.2345378",TRUE,FALSE,"Informa UK Limited","Journal of Social Entrepreneurship","1942-0676","1942-0676","1942-0684","1942-0676","http://creativecommons.org/licenses/by/4.0/",TRUE,NA,NA,NA,NA,FALSE,"tf2024zbw","04xfq0f34_tf2024zbw_2024"
"RWTH Aachen",2024,NA,"10.1080/10652469.2024.2343899",TRUE,FALSE,"Informa UK Limited","Integral Transforms and Special Functions","1065-2469","1065-2469","1476-8291","1065-2469","http://creativecommons.org/licenses/by-nc-nd/4.0/",TRUE,NA,NA,NA,NA,FALSE,"tf2024zbw","04xfq0f34_tf2024zbw_2024"
"RWTH Aachen",2024,NA,"10.1080/23324309.2024.2342947",TRUE,FALSE,"Informa UK Limited","Journal of Computational and Theoretical Transport","2332-4309","2332-4309","2332-4325","2332-4309","http://creativecommons.org/licenses/by/4.0/",TRUE,NA,NA,NA,NA,FALSE,"tf2024zbw","04xfq0f34_tf2024zbw_2024"
"RWTH Aachen",2024,NA,"10.1080/00472778.2024.2342839",TRUE,FALSE,"Informa UK Limited","Journal of Small Business Management","0047-2778","0047-2778","1540-627X","0047-2778","http://creativecommons.org/licenses/by/4.0/",TRUE,NA,NA,NA,NA,FALSE,"tf2024zbw","04xfq0f34_tf2024zbw_2024"
"RWTH Aachen",2024,2444.47,"10.1080/10872981.2024.2339569",FALSE,FALSE,"Informa UK Limited","Medical Education Online","1087-2981",NA,"1087-2981","1087-2981","http://creativecommons.org/licenses/by/4.0/",TRUE,"38615337","PMC11017999",NA,NA,TRUE,"tf2024zbw","04xfq0f34_tf2024zbw_2024"
"RWTH Aachen",2024,NA,"10.1080/14942119.2024.2323238",TRUE,FALSE,"Informa UK Limited","International Journal of Forest Engineering","1494-2119","1494-2119","1913-2220","1494-2119","http://creativecommons.org/licenses/by-nc-nd/4.0/",TRUE,NA,NA,NA,NA,FALSE,"tf2024zbw","04xfq0f34_tf2024zbw_2024"
"RWTH Aachen",2024,NA,"10.1080/23744731.2024.2325823",TRUE,FALSE,"Informa UK Limited","Science and Technology for the Built Environment","2374-4731","2374-4731","2374-474X","2374-4731","http://creativecommons.org/licenses/by/4.0/",TRUE,NA,NA,NA,NA,FALSE,"tf2024zbw","04xfq0f34_tf2024zbw_2024"
"RWTH Aachen",2024,1633.57,"10.1080/21693277.2024.2324339",FALSE,FALSE,"Informa UK Limited","Production & Manufacturing Research","2169-3277",NA,"2169-3277","2169-3277","http://creativecommons.org/licenses/by-nc/4.0/",TRUE,NA,NA,NA,NA,TRUE,"tf2024zbw","04xfq0f34_tf2024zbw_2024"
"RWTH Aachen",2024,NA,"10.1080/17480272.2024.2323590",TRUE,FALSE,"Informa UK Limited","Wood Material Science and Engineering","1748-0272","1748-0272","1748-0280","1748-0272","http://creativecommons.org/licenses/by-nc-nd/4.0/",TRUE,NA,NA,NA,NA,FALSE,"tf2024zbw","04xfq0f34_tf2024zbw_2024"
"RWTH Aachen",2024,NA,"10.1002/adem.202400305",TRUE,FALSE,"Wiley-Blackwell","Advanced Engineering Materials","1438-1656","1438-1656","1527-2648","1438-1656","http://creativecommons.org/licenses/by-nc-nd/4.0/",TRUE,NA,NA,NA,NA,FALSE,"wiley2024deal","04xfq0f34_wiley2024deal_2024"
"RWTH Aachen",2024,NA,"10.1002/adem.202400885",TRUE,FALSE,"Wiley-Blackwell","Advanced Engineering Materials","1438-1656","1438-1656","1527-2648","1438-1656","http://creativecommons.org/licenses/by-nc/4.0/",TRUE,NA,NA,NA,NA,FALSE,"wiley2024deal","04xfq0f34_wiley2024deal_2024"
"RWTH Aachen",2024,NA,"10.1002/adem.202401095",TRUE,FALSE,"Wiley-Blackwell","Advanced Engineering Materials","1438-1656","1438-1656","1527-2648","1438-1656","http://creativecommons.org/licenses/by-nc/4.0/",TRUE,NA,NA,NA,NA,FALSE,"wiley2024deal","04xfq0f34_wiley2024deal_2024"
"RWTH Aachen",2024,NA,"10.1002/adfm.202313204",TRUE,FALSE,"Wiley-Blackwell","Advanced Functional Materials","1616-301X","1616-301X","1616-3028","1616-301X","http://creativecommons.org/licenses/by-nc-nd/4.0/",TRUE,NA,NA,NA,NA,FALSE,"wiley2024deal","04xfq0f34_wiley2024deal_2024"
"RWTH Aachen",2024,NA,"10.1002/adfm.202315652",TRUE,FALSE,"Wiley-Blackwell","Advanced Functional Materials","1616-301X","1616-301X","1616-3028","1616-301X","http://creativecommons.org/licenses/by/4.0/",TRUE,NA,NA,NA,NA,FALSE,"wiley2024deal","04xfq0f34_wiley2024deal_2024"
"RWTH Aachen",2024,NA,"10.1002/adfm.202316075",TRUE,FALSE,"Wiley-Blackwell","Advanced Functional Materials","1616-301X","1616-301X","1616-3028","1616-301X","http://creativecommons.org/licenses/by/4.0/",TRUE,NA,NA,NA,NA,FALSE,"wiley2024deal","04xfq0f34_wiley2024deal_2024"
"RWTH Aachen",2024,NA,"10.1002/adfm.202403476",TRUE,FALSE,"Wiley-Blackwell","Advanced Functional Materials","1616-301X","1616-301X","1616-3028","1616-301X","http://creativecommons.org/licenses/by-nc/4.0/",TRUE,NA,NA,NA,NA,FALSE,"wiley2024deal","04xfq0f34_wiley2024deal_2024"
"RWTH Aachen",2024,NA,"10.1002/adfm.202403787",TRUE,FALSE,"Wiley-Blackwell","Advanced Functional Materials","1616-301X","1616-301X","1616-3028","1616-301X","http://creativecommons.org/licenses/by-nc/4.0/",TRUE,NA,NA,NA,NA,FALSE,"wiley2024deal","04xfq0f34_wiley2024deal_2024"
"RWTH Aachen",2024,NA,"10.1002/adfm.202419229",TRUE,FALSE,"Wiley-Blackwell","Advanced Functional Materials","1616-301X","1616-301X","1616-3028","1616-301X","http://creativecommons.org/licenses/by-nc/4.0/",TRUE,NA,NA,NA,NA,FALSE,"wiley2024deal","04xfq0f34_wiley2024deal_2024"
"RWTH Aachen",2024,NA,"10.1002/adhm.202304243",TRUE,FALSE,"Wiley-Blackwell","Advanced Healthcare Materials","2192-2640","2192-2640","2192-2659","2192-2640","http://creativecommons.org/licenses/by-nc/4.0/",TRUE,"38417028",NA,NA,NA,FALSE,"wiley2024deal","04xfq0f34_wiley2024deal_2024"
"RWTH Aachen",2024,NA,"10.1002/adhm.202403111",TRUE,FALSE,"Wiley-Blackwell","Advanced Healthcare Materials","2192-2640","2192-2640","2192-2659","2192-2640","http://creativecommons.org/licenses/by-nc-nd/4.0/",TRUE,"39544137","PMC11730501",NA,NA,FALSE,"wiley2024deal","04xfq0f34_wiley2024deal_2024"
"RWTH Aachen",2024,NA,"10.1002/adma.202312169",TRUE,FALSE,"Wiley-Blackwell","Advanced Materials","0935-9648","0935-9648","1521-4095","0935-9648","http://creativecommons.org/licenses/by-nc/4.0/",TRUE,"38361435",NA,NA,NA,FALSE,"wiley2024deal","04xfq0f34_wiley2024deal_2024"
"RWTH Aachen",2024,NA,"10.1002/adma.202403046",TRUE,FALSE,"Wiley-Blackwell","Advanced Materials","0935-9648","0935-9648","1521-4095","0935-9648","http://creativecommons.org/licenses/by-nc-nd/4.0/",TRUE,"39520347","PMC11636162",NA,NA,FALSE,"wiley2024deal","04xfq0f34_wiley2024deal_2024"
"RWTH Aachen",2024,NA,"10.1002/adma.202403752",TRUE,FALSE,"Wiley-Blackwell","Advanced Materials","0935-9648","0935-9648","1521-4095","0935-9648","http://creativecommons.org/licenses/by/4.0/",TRUE,"38804595",NA,NA,NA,FALSE,"wiley2024deal","04xfq0f34_wiley2024deal_2024"
"RWTH Aachen",2024,NA,"10.1002/adma.202414376",TRUE,FALSE,"Wiley-Blackwell","Advanced Materials","0935-9648","0935-9648","1521-4095","0935-9648","http://creativecommons.org/licenses/by-nc/4.0/",TRUE,"39696893","PMC11817912",NA,NA,FALSE,"wiley2024deal","04xfq0f34_wiley2024deal_2024"
"RWTH Aachen",2024,NA,"10.1002/adma.202416938",TRUE,FALSE,"Wiley-Blackwell","Advanced Materials","0935-9648","0935-9648","1521-4095","0935-9648","http://creativecommons.org/licenses/by-nc/4.0/",TRUE,"39740119","PMC11837888",NA,NA,FALSE,"wiley2024deal","04xfq0f34_wiley2024deal_2024"
"RWTH Aachen",2024,NA,"10.1002/admt.202301391",TRUE,FALSE,"Wiley-Blackwell","Advanced Materials Technologies","2365-709X","2365-709X","2365-709X","2365-709X","http://creativecommons.org/licenses/by-nc-nd/4.0/",TRUE,NA,NA,NA,NA,FALSE,"wiley2024deal","04xfq0f34_wiley2024deal_2024"
"RWTH Aachen",2024,NA,"10.1002/admt.202301965",TRUE,FALSE,"Wiley-Blackwell","Advanced Materials Technologies","2365-709X","2365-709X","2365-709X","2365-709X","http://creativecommons.org/licenses/by-nc-nd/4.0/",TRUE,NA,NA,NA,NA,FALSE,"wiley2024deal","04xfq0f34_wiley2024deal_2024"
"RWTH Aachen",2024,NA,"10.1002/admt.202400946",TRUE,FALSE,"Wiley-Blackwell","Advanced Materials Technologies","2365-709X","2365-709X","2365-709X","2365-709X","http://creativecommons.org/licenses/by-nc-nd/4.0/",TRUE,NA,NA,NA,NA,FALSE,"wiley2024deal","04xfq0f34_wiley2024deal_2024"
"RWTH Aachen",2024,NA,"10.1002/adom.202401862",TRUE,FALSE,"Wiley-Blackwell","Advanced Optical Materials","2195-1071","2195-1071","2195-1071","2195-1071","http://creativecommons.org/licenses/by-nc/4.0/",TRUE,NA,NA,NA,NA,FALSE,"wiley2024deal","04xfq0f34_wiley2024deal_2024"
"RWTH Aachen",2024,NA,"10.1002/adsc.202400296",TRUE,FALSE,"Wiley-Blackwell","Advanced Synthesis & Catalysis","1615-4150","1615-4150","1615-4169","1615-4150","http://creativecommons.org/licenses/by/4.0/",TRUE,NA,NA,NA,NA,FALSE,"wiley2024deal","04xfq0f34_wiley2024deal_2024"
"RWTH Aachen",2024,NA,"10.1002/aenm.202304442",TRUE,FALSE,"Wiley-Blackwell","Advanced Energy Materials","1614-6832","1614-6832","1614-6840","1614-6832","http://creativecommons.org/licenses/by/4.0/",TRUE,NA,NA,NA,NA,FALSE,"wiley2024deal","04xfq0f34_wiley2024deal_2024"
"RWTH Aachen",2024,NA,"10.1002/aenm.202403174",TRUE,FALSE,"Wiley-Blackwell","Advanced Energy Materials","1614-6832","1614-6832","1614-6840","1614-6832","http://creativecommons.org/licenses/by/4.0/",TRUE,NA,NA,NA,NA,FALSE,"wiley2024deal","04xfq0f34_wiley2024deal_2024"
"RWTH Aachen",2024,NA,"10.1002/aic.18494",TRUE,FALSE,"Wiley-Blackwell","AIChE Journal","0001-1541","0001-1541","1547-5905","0001-1541","http://creativecommons.org/licenses/by/4.0/",TRUE,NA,NA,NA,NA,FALSE,"wiley2024deal","04xfq0f34_wiley2024deal_2024"
"RWTH Aachen",2024,NA,"10.1002/aic.18501",TRUE,FALSE,"Wiley-Blackwell","AIChE Journal","0001-1541","0001-1541","1547-5905","0001-1541","http://creativecommons.org/licenses/by/4.0/",TRUE,NA,NA,NA,NA,FALSE,"wiley2024deal","04xfq0f34_wiley2024deal_2024"
"RWTH Aachen",2024,NA,"10.1002/ange.202317419",TRUE,FALSE,"Wiley-Blackwell","Angewandte Chemie","0044-8249","0044-8249","1521-3757","0044-8249","http://creativecommons.org/licenses/by-nc-nd/4.0/",TRUE,NA,NA,NA,NA,FALSE,"wiley2024deal","04xfq0f34_wiley2024deal_2024"
"RWTH Aachen",2024,NA,"10.1002/ange.202318421",TRUE,FALSE,"Wiley-Blackwell","Angewandte Chemie","0044-8249","0044-8249","1521-3757","0044-8249","http://creativecommons.org/licenses/by/4.0/",TRUE,NA,NA,NA,NA,FALSE,"wiley2024deal","04xfq0f34_wiley2024deal_2024"
"RWTH Aachen",2024,NA,"10.1002/ange.202411532",TRUE,FALSE,"Wiley-Blackwell","Angewandte Chemie","0044-8249","0044-8249","1521-3757","0044-8249","http://creativecommons.org/licenses/by-nc/4.0/",TRUE,NA,NA,NA,NA,FALSE,"wiley2024deal","04xfq0f34_wiley2024deal_2024"
"RWTH Aachen",2024,NA,"10.1002/anie.202317112",TRUE,FALSE,"Wiley-Blackwell","Angewandte Chemie International Edition","1433-7851","1433-7851","1521-3773","1433-7851","http://creativecommons.org/licenses/by/4.0/",TRUE,"38197549",NA,NA,NA,FALSE,"wiley2024deal","04xfq0f34_wiley2024deal_2024"
"RWTH Aachen",2024,NA,"10.1002/anie.202317419",TRUE,FALSE,"Wiley-Blackwell","Angewandte Chemie International Edition","1433-7851","1433-7851","1521-3773","1433-7851","http://creativecommons.org/licenses/by-nc-nd/4.0/",TRUE,"38251394",NA,NA,NA,FALSE,"wiley2024deal","04xfq0f34_wiley2024deal_2024"
"RWTH Aachen",2024,NA,"10.1002/anie.202318421",TRUE,FALSE,"Wiley-Blackwell","Angewandte Chemie International Edition","1433-7851","1433-7851","1521-3773","1433-7851","http://creativecommons.org/licenses/by/4.0/",TRUE,"38165135",NA,NA,NA,FALSE,"wiley2024deal","04xfq0f34_wiley2024deal_2024"
"RWTH Aachen",2024,NA,"10.1002/anie.202319832",TRUE,FALSE,"Wiley-Blackwell","Angewandte Chemie International Edition","1433-7851","1433-7851","1521-3773","1433-7851","http://creativecommons.org/licenses/by-nc/4.0/",TRUE,"38652238",NA,NA,NA,FALSE,"wiley2024deal","04xfq0f34_wiley2024deal_2024"
"RWTH Aachen",2024,NA,"10.1002/anie.202401545",TRUE,FALSE,"Wiley-Blackwell","Angewandte Chemie International Edition","1433-7851","1433-7851","1521-3773","1433-7851","http://creativecommons.org/licenses/by-nc/4.0/",TRUE,"38386517",NA,NA,NA,FALSE,"wiley2024deal","04xfq0f34_wiley2024deal_2024"
"RWTH Aachen",2024,NA,"10.1002/anie.202406924",TRUE,FALSE,"Wiley-Blackwell","Angewandte Chemie International Edition","1433-7851","1433-7851","1521-3773","1433-7851","http://creativecommons.org/licenses/by/4.0/",TRUE,"38884252",NA,NA,NA,FALSE,"wiley2024deal","04xfq0f34_wiley2024deal_2024"
"RWTH Aachen",2024,NA,"10.1002/anie.202411532",TRUE,FALSE,"Wiley-Blackwell","Angewandte Chemie International Edition","1433-7851","1433-7851","1521-3773","1433-7851","http://creativecommons.org/licenses/by-nc/4.0/",TRUE,"39205488",NA,NA,NA,FALSE,"wiley2024deal","04xfq0f34_wiley2024deal_2024"
"RWTH Aachen",2024,NA,"10.1002/anie.202411772",TRUE,FALSE,"Wiley-Blackwell","Angewandte Chemie International Edition","1433-7851","1433-7851","1521-3773","1433-7851","http://creativecommons.org/licenses/by-nc-nd/4.0/",TRUE,"39453733",NA,NA,NA,FALSE,"wiley2024deal","04xfq0f34_wiley2024deal_2024"
"RWTH Aachen",2024,NA,"10.1002/anie.202412418",TRUE,FALSE,"Wiley-Blackwell","Angewandte Chemie International Edition","1433-7851","1433-7851","1521-3773","1433-7851","http://creativecommons.org/licenses/by/4.0/",TRUE,"39234959",NA,NA,NA,FALSE,"wiley2024deal","04xfq0f34_wiley2024deal_2024"
"RWTH Aachen",2024,NA,"10.1002/anie.202413181",TRUE,FALSE,"Wiley-Blackwell","Angewandte Chemie International Edition","1433-7851","1433-7851","1521-3773","1433-7851","http://creativecommons.org/licenses/by/4.0/",TRUE,"39381922",NA,NA,NA,FALSE,"wiley2024deal","04xfq0f34_wiley2024deal_2024"
"RWTH Aachen",2024,NA,"10.1002/anie.202416956",TRUE,FALSE,"Wiley-Blackwell","Angewandte Chemie International Edition","1433-7851","1433-7851","1521-3773","1433-7851","http://creativecommons.org/licenses/by-nc/4.0/",TRUE,"39509541",NA,NA,NA,FALSE,"wiley2024deal","04xfq0f34_wiley2024deal_2024"
"RWTH Aachen",2024,NA,"10.1002/anie.202417107",TRUE,FALSE,"Wiley-Blackwell","Angewandte Chemie International Edition","1433-7851","1433-7851","1521-3773","1433-7851","http://creativecommons.org/licenses/by-nc/4.0/",TRUE,"39466675",NA,NA,NA,FALSE,"wiley2024deal","04xfq0f34_wiley2024deal_2024"
"RWTH Aachen",2024,NA,"10.1002/appl.202400022",TRUE,FALSE,"Wiley-Blackwell","Applied Research","2702-4288","2702-4288","2702-4288","2702-4288","http://creativecommons.org/licenses/by-nc-nd/4.0/",TRUE,NA,NA,NA,NA,FALSE,"wiley2024deal","04xfq0f34_wiley2024deal_2024"
"RWTH Aachen",2024,NA,"10.1002/appl.202400087",TRUE,FALSE,"Wiley-Blackwell","Applied Research","2702-4288","2702-4288","2702-4288","2702-4288","http://creativecommons.org/licenses/by-nc-nd/4.0/",TRUE,NA,NA,NA,NA,FALSE,"wiley2024deal","04xfq0f34_wiley2024deal_2024"
"RWTH Aachen",2024,NA,"10.1002/batt.202400291",TRUE,FALSE,"Wiley-Blackwell","Batteries & Supercaps","2566-6223","2566-6223","2566-6223","2566-6223","http://creativecommons.org/licenses/by/4.0/",TRUE,NA,NA,NA,NA,FALSE,"wiley2024deal","04xfq0f34_wiley2024deal_2024"
"RWTH Aachen",2024,NA,"10.1002/bit.28693",TRUE,FALSE,"Wiley-Blackwell","Biotechnology and Bioengineering","0006-3592","0006-3592","1097-0290","0006-3592","http://creativecommons.org/licenses/by-nc-nd/4.0/",TRUE,"38494797",NA,NA,NA,FALSE,"wiley2024deal","04xfq0f34_wiley2024deal_2024"
"RWTH Aachen",2024,NA,"10.1002/bit.28724",TRUE,FALSE,"Wiley-Blackwell","Biotechnology and Bioengineering","0006-3592","0006-3592","1097-0290","0006-3592","http://creativecommons.org/licenses/by-nc-nd/4.0/",TRUE,"38678541",NA,NA,NA,FALSE,"wiley2024deal","04xfq0f34_wiley2024deal_2024"
"RWTH Aachen",2024,NA,"10.1002/bit.28789",TRUE,FALSE,"Wiley-Blackwell","Biotechnology and Bioengineering","0006-3592","0006-3592","1097-0290","0006-3592","http://creativecommons.org/licenses/by/4.0/",TRUE,"38932440",NA,NA,NA,FALSE,"wiley2024deal","04xfq0f34_wiley2024deal_2024"
"RWTH Aachen",2024,NA,"10.1002/bit.28855",TRUE,FALSE,"Wiley-Blackwell","Biotechnology and Bioengineering","0006-3592","0006-3592","1097-0290","0006-3592","http://creativecommons.org/licenses/by/4.0/",TRUE,"39392283","PMC11632175",NA,NA,FALSE,"wiley2024deal","04xfq0f34_wiley2024deal_2024"
"RWTH Aachen",2024,NA,"10.1002/bit.28892",TRUE,FALSE,"Wiley-Blackwell","Biotechnology and Bioengineering","0006-3592","0006-3592","1097-0290","0006-3592","http://creativecommons.org/licenses/by/4.0/",TRUE,"39614833","PMC11808426",NA,NA,FALSE,"wiley2024deal","04xfq0f34_wiley2024deal_2024"
"RWTH Aachen",2024,NA,"10.1002/bse.3776",TRUE,FALSE,"Wiley-Blackwell","Business Strategy and the Environment","0964-4733","0964-4733","1099-0836","0964-4733","http://onlinelibrary.wiley.com/termsAndConditions#vor",TRUE,NA,NA,NA,NA,FALSE,"wiley2024deal","04xfq0f34_wiley2024deal_2024"
"RWTH Aachen",2024,NA,"10.1002/btpr.3468",TRUE,FALSE,"Wiley-Blackwell","Biotechnology Progress","8756-7938","8756-7938","1520-6033","1520-6033","http://creativecommons.org/licenses/by/4.0/",TRUE,"38602130",NA,NA,NA,FALSE,"wiley2024deal","04xfq0f34_wiley2024deal_2024"
"RWTH Aachen",2024,NA,"10.1002/btpr.3525",TRUE,FALSE,"Wiley-Blackwell","Biotechnology Progress","8756-7938","8756-7938","1520-6033","1520-6033","http://creativecommons.org/licenses/by-nc-nd/4.0/",TRUE,"39668734","PMC12000638",NA,NA,FALSE,"wiley2024deal","04xfq0f34_wiley2024deal_2024"
"RWTH Aachen",2024,NA,"10.1002/btpr.3526",TRUE,FALSE,"Wiley-Blackwell","Biotechnology Progress","8756-7938","8756-7938","1520-6033","1520-6033","http://creativecommons.org/licenses/by/4.0/",TRUE,"39704382","PMC12000641",NA,NA,FALSE,"wiley2024deal","04xfq0f34_wiley2024deal_2024"
"RWTH Aachen",2024,NA,"10.1002/cbic.202400700",TRUE,FALSE,"Wiley-Blackwell","ChemBioChem","1439-4227","1439-4227","1439-7633","1439-4227","http://creativecommons.org/licenses/by/4.0/",TRUE,"39252635","PMC11833756",NA,NA,FALSE,"wiley2024deal","04xfq0f34_wiley2024deal_2024"
"RWTH Aachen",2024,NA,"10.1002/cctc.202301632",TRUE,FALSE,"Wiley-Blackwell","ChemCatChem","1867-3880","1867-3880","1867-3899","1867-3880","http://creativecommons.org/licenses/by-nc/4.0/",TRUE,NA,NA,NA,NA,FALSE,"wiley2024deal","04xfq0f34_wiley2024deal_2024"
"RWTH Aachen",2024,NA,"10.1002/cctc.202301704",TRUE,FALSE,"Wiley-Blackwell","ChemCatChem","1867-3880","1867-3880","1867-3899","1867-3880","http://creativecommons.org/licenses/by-nc-nd/4.0/",TRUE,NA,NA,NA,NA,FALSE,"wiley2024deal","04xfq0f34_wiley2024deal_2024"
"RWTH Aachen",2024,NA,"10.1002/cctc.202400731",TRUE,FALSE,"Wiley-Blackwell","ChemCatChem","1867-3880","1867-3880","1867-3899","1867-3880","http://creativecommons.org/licenses/by-nc-nd/4.0/",TRUE,NA,NA,NA,NA,FALSE,"wiley2024deal","04xfq0f34_wiley2024deal_2024"
"RWTH Aachen",2024,NA,"10.1002/cepa.3064",TRUE,FALSE,"Wiley-Blackwell","ce/papers","2509-7075","2509-7075","2509-7075","2509-7075","http://creativecommons.org/licenses/by-nc-nd/4.0/",TRUE,NA,NA,NA,NA,FALSE,"wiley2024deal","04xfq0f34_wiley2024deal_2024"
"RWTH Aachen",2024,NA,"10.1002/chem.202304378",TRUE,FALSE,"Wiley-Blackwell","Chemistry - A European Journal","0947-6539","0947-6539","1521-3765","0947-6539","http://creativecommons.org/licenses/by/4.0/",TRUE,"38179829",NA,NA,NA,FALSE,"wiley2024deal","04xfq0f34_wiley2024deal_2024"
"RWTH Aachen",2024,NA,"10.1002/chem.202400387",TRUE,FALSE,"Wiley-Blackwell","Chemistry - A European Journal","0947-6539","0947-6539","1521-3765","0947-6539","http://creativecommons.org/licenses/by-nc/4.0/",TRUE,"38451207",NA,NA,NA,FALSE,"wiley2024deal","04xfq0f34_wiley2024deal_2024"
"RWTH Aachen",2024,NA,"10.1002/chem.202401262",TRUE,FALSE,"Wiley-Blackwell","Chemistry - A European Journal","0947-6539","0947-6539","1521-3765","0947-6539","http://creativecommons.org/licenses/by-nc-nd/4.0/",TRUE,"38777793",NA,NA,NA,FALSE,"wiley2024deal","04xfq0f34_wiley2024deal_2024"
"RWTH Aachen",2024,NA,"10.1002/chem.202402355",TRUE,FALSE,"Wiley-Blackwell","Chemistry - A European Journal","0947-6539","0947-6539","1521-3765","0947-6539","http://creativecommons.org/licenses/by/4.0/",TRUE,"38963800",NA,NA,NA,FALSE,"wiley2024deal","04xfq0f34_wiley2024deal_2024"
"RWTH Aachen",2024,NA,"10.1002/chem.202402390",TRUE,FALSE,"Wiley-Blackwell","Chemistry - A European Journal","0947-6539","0947-6539","1521-3765","0947-6539","http://creativecommons.org/licenses/by-nc-nd/4.0/",TRUE,"39045887",NA,NA,NA,FALSE,"wiley2024deal","04xfq0f34_wiley2024deal_2024"
"RWTH Aachen",2024,NA,"10.1002/cite.202300176",TRUE,FALSE,"Wiley-Blackwell","Chemie Ingenieur Technik","0009-286X","0009-286X","1522-2640","0009-286X","http://creativecommons.org/licenses/by-nc/4.0/",TRUE,NA,NA,NA,NA,FALSE,"wiley2024deal","04xfq0f34_wiley2024deal_2024"
"RWTH Aachen",2024,NA,"10.1002/cite.202400052",TRUE,FALSE,"Wiley-Blackwell","Chemie Ingenieur Technik","0009-286X","0009-286X","1522-2640","0009-286X","http://creativecommons.org/licenses/by-nc-nd/4.0/",TRUE,NA,NA,NA,NA,FALSE,"wiley2024deal","04xfq0f34_wiley2024deal_2024"
"RWTH Aachen",2024,NA,"10.1002/cjce.25563",TRUE,FALSE,"Wiley-Blackwell","The Canadian Journal of Chemical Engineering","0008-4034","0008-4034","1939-019X","0008-4034","http://creativecommons.org/licenses/by-nc/4.0/",TRUE,NA,NA,NA,NA,FALSE,"wiley2024deal","04xfq0f34_wiley2024deal_2024"
"RWTH Aachen",2024,NA,"10.1002/cmdc.202400232",TRUE,FALSE,"Wiley-Blackwell","ChemMedChem","1860-7179","1860-7179","1860-7187","1860-7179","http://creativecommons.org/licenses/by-nc/4.0/",TRUE,"38747628",NA,NA,NA,FALSE,"wiley2024deal","04xfq0f34_wiley2024deal_2024"
"RWTH Aachen",2024,NA,"10.1002/cpt.3188",TRUE,FALSE,"Wiley-Blackwell","Clinical Pharmacology & Therapeutics","0009-9236","0009-9236","1532-6535","0009-9236","http://creativecommons.org/licenses/by-nc-nd/4.0/",TRUE,"38318716",NA,NA,NA,FALSE,"wiley2024deal","04xfq0f34_wiley2024deal_2024"
"RWTH Aachen",2024,NA,"10.1002/cssc.202400311",TRUE,FALSE,"Wiley-Blackwell","ChemSusChem","1864-5631","1864-5631","1864-564X","1864-5631","http://creativecommons.org/licenses/by/4.0/",TRUE,"38655621",NA,NA,NA,FALSE,"wiley2024deal","04xfq0f34_wiley2024deal_2024"
"RWTH Aachen",2024,NA,"10.1002/cssc.202400933",TRUE,FALSE,"Wiley-Blackwell","ChemSusChem","1864-5631","1864-5631","1864-564X","1864-5631","http://creativecommons.org/licenses/by/4.0/",TRUE,"38870083",NA,NA,NA,FALSE,"wiley2024deal","04xfq0f34_wiley2024deal_2024"
"RWTH Aachen",2024,NA,"10.1002/eat.24204",TRUE,FALSE,"Wiley-Blackwell","International Journal of Eating Disorders","0276-3478","0276-3478","1098-108X","0276-3478","http://creativecommons.org/licenses/by-nc-nd/4.0/",TRUE,"38545802",NA,NA,NA,FALSE,"wiley2024deal","04xfq0f34_wiley2024deal_2024"
"RWTH Aachen",2024,NA,"10.1002/eji.202350788",TRUE,FALSE,"Wiley-Blackwell","European Journal of Immunology","0014-2980","0014-2980","1521-4141","0014-2980","http://creativecommons.org/licenses/by-nc-nd/4.0/",TRUE,"38708681",NA,NA,NA,FALSE,"wiley2024deal","04xfq0f34_wiley2024deal_2024"
"RWTH Aachen",2024,NA,"10.1002/eji.202451066",TRUE,FALSE,"Wiley-Blackwell","European Journal of Immunology","0014-2980","0014-2980","1521-4141","0014-2980","http://creativecommons.org/licenses/by-nc-nd/4.0/",TRUE,"39670678","PMC11830380",NA,NA,FALSE,"wiley2024deal","04xfq0f34_wiley2024deal_2024"
"RWTH Aachen",2024,NA,"10.1002/eji.202451348",TRUE,FALSE,"Wiley-Blackwell","European Journal of Immunology","0014-2980","0014-2980","1521-4141","0014-2980","http://creativecommons.org/licenses/by/4.0/",TRUE,"39676406","PMC11830387",NA,NA,FALSE,"wiley2024deal","04xfq0f34_wiley2024deal_2024"
"RWTH Aachen",2024,NA,"10.1002/ejic.202300700",TRUE,FALSE,"Wiley-Blackwell","European Journal of Inorganic Chemistry","1434-1948","1434-1948","1099-0682","1434-1948","http://creativecommons.org/licenses/by-nc/4.0/",TRUE,NA,NA,NA,NA,FALSE,"wiley2024deal","04xfq0f34_wiley2024deal_2024"
"RWTH Aachen",2024,NA,"10.1002/ejp.4720",TRUE,FALSE,"Wiley-Blackwell","European Journal of Pain","1090-3801","1090-3801","1532-2149","1090-3801","http://creativecommons.org/licenses/by/4.0/",TRUE,"39193929","PMC11671338",NA,NA,FALSE,"wiley2024deal","04xfq0f34_wiley2024deal_2024"
"RWTH Aachen",2024,NA,"10.1002/ente.202401479",TRUE,FALSE,"Wiley-Blackwell","Energy Technology","2194-4288","2194-4288","2194-4296","2194-4288","http://creativecommons.org/licenses/by/4.0/",TRUE,NA,NA,NA,NA,FALSE,"wiley2024deal","04xfq0f34_wiley2024deal_2024"
"RWTH Aachen",2024,NA,"10.1002/erv.3070",TRUE,FALSE,"Wiley-Blackwell","European Eating Disorders Review","1072-4133","1072-4133","1099-0968","1072-4133","http://creativecommons.org/licenses/by-nc-nd/4.0/",TRUE,"38303544",NA,NA,NA,FALSE,"wiley2024deal","04xfq0f34_wiley2024deal_2024"
"RWTH Aachen",2024,NA,"10.1002/esp.5914",TRUE,FALSE,"Wiley-Blackwell","Earth Surface Processes and Landforms","0197-9337","0197-9337","1096-9837","0197-9337","http://creativecommons.org/licenses/by/4.0/",TRUE,NA,NA,NA,NA,FALSE,"wiley2024deal","04xfq0f34_wiley2024deal_2024"
"RWTH Aachen",2024,NA,"10.1002/fuce.202300239",TRUE,FALSE,"Wiley-Blackwell","Fuel Cells","1615-6846","1615-6846","1615-6854","1615-6846","http://creativecommons.org/licenses/by-nc/4.0/",TRUE,NA,NA,NA,NA,FALSE,"wiley2024deal","04xfq0f34_wiley2024deal_2024"
"RWTH Aachen",2024,NA,"10.1002/gamm.202370008",TRUE,FALSE,"Wiley-Blackwell","GAMM-Mitteilungen","0936-7195","0936-7195","1522-2608","0936-7195","http://creativecommons.org/licenses/by/4.0/",TRUE,NA,NA,NA,NA,FALSE,"wiley2024deal","04xfq0f34_wiley2024deal_2024"
"RWTH Aachen",2024,NA,"10.1002/hed.27687",TRUE,FALSE,"Wiley-Blackwell","Head & Neck","1043-3074","1043-3074","1097-0347","1043-3074","http://creativecommons.org/licenses/by-nc-nd/4.0/",TRUE,"38454656",NA,NA,NA,FALSE,"wiley2024deal","04xfq0f34_wiley2024deal_2024"
"RWTH Aachen",2024,NA,"10.1002/jbm.b.35390",TRUE,FALSE,"Wiley-Blackwell","Journal of Biomedical Materials Research Part B: Applied Biomaterials","1552-4973","1552-4973","1552-4981","1552-4973","http://creativecommons.org/licenses/by-nc/4.0/",TRUE,"38356151",NA,NA,NA,FALSE,"wiley2024deal","04xfq0f34_wiley2024deal_2024"
"RWTH Aachen",2024,NA,"10.1002/jbm.b.35444",TRUE,FALSE,"Wiley-Blackwell","Journal of Biomedical Materials Research Part B: Applied Biomaterials","1552-4973","1552-4973","1552-4981","1552-4973","http://creativecommons.org/licenses/by-nc/4.0/",TRUE,"38923270",NA,NA,NA,FALSE,"wiley2024deal","04xfq0f34_wiley2024deal_2024"
"RWTH Aachen",2024,NA,"10.1002/jcb.30579",TRUE,FALSE,"Wiley-Blackwell","Journal of Cellular Biochemistry","0730-2312","0730-2312","1097-4644","0730-2312","http://creativecommons.org/licenses/by-nc-nd/4.0/",TRUE,"38747370",NA,NA,NA,FALSE,"wiley2024deal","04xfq0f34_wiley2024deal_2024"
"RWTH Aachen",2024,NA,"10.1002/jmr.3109",TRUE,FALSE,"Wiley-Blackwell","Journal of Molecular Recognition","0952-3499","0952-3499","1099-1352","0952-3499","http://onlinelibrary.wiley.com/termsAndConditions#vor",TRUE,"39401767",NA,NA,NA,FALSE,"wiley2024deal","04xfq0f34_wiley2024deal_2024"
"RWTH Aachen",2024,NA,"10.1002/jnm.3234",TRUE,FALSE,"Wiley-Blackwell","International Journal of Numerical Modelling: Electronic Networks, Devices and Fields","0894-3370","0894-3370","1099-1204","0894-3370","http://creativecommons.org/licenses/by/4.0/",TRUE,NA,NA,NA,NA,FALSE,"wiley2024deal","04xfq0f34_wiley2024deal_2024"
"RWTH Aachen",2024,NA,"10.1002/jper.24-0070",TRUE,FALSE,"Wiley-Blackwell","Journal of Periodontology","0022-3492","0022-3492","1943-3670","0022-3492","http://creativecommons.org/licenses/by-nc-nd/4.0/",TRUE,"38708919",NA,NA,NA,FALSE,"wiley2024deal","04xfq0f34_wiley2024deal_2024"
"RWTH Aachen",2024,NA,"10.1002/jsde.12735",TRUE,FALSE,"Wiley-Blackwell","Journal of Surfactants and Detergents","1097-3958","1097-3958","1558-9293","1097-3958","http://creativecommons.org/licenses/by-nc/4.0/",TRUE,NA,NA,NA,NA,FALSE,"wiley2024deal","04xfq0f34_wiley2024deal_2024"
"RWTH Aachen",2024,NA,"10.1002/kin.21719",TRUE,FALSE,"Wiley-Blackwell","International Journal of Chemical Kinetics","0538-8066","0538-8066","1097-4601","0538-8066","http://creativecommons.org/licenses/by-nc/4.0/",TRUE,NA,NA,NA,NA,FALSE,"wiley2024deal","04xfq0f34_wiley2024deal_2024"
"RWTH Aachen",2024,NA,"10.1002/lary.31503",TRUE,FALSE,"Wiley-Blackwell","The Laryngoscope","0023-852X","0023-852X","1531-4995","0023-852X","http://onlinelibrary.wiley.com/termsAndConditions#vor",TRUE,"38761157",NA,NA,NA,FALSE,"wiley2024deal","04xfq0f34_wiley2024deal_2024"
"RWTH Aachen",2024,NA,"10.1002/mabi.202400075",TRUE,FALSE,"Wiley-Blackwell","Macromolecular Bioscience","1616-5187","1616-5187","1616-5195","1616-5187","http://creativecommons.org/licenses/by-nc/4.0/",TRUE,"39018489",NA,NA,NA,FALSE,"wiley2024deal","04xfq0f34_wiley2024deal_2024"
"RWTH Aachen",2024,NA,"10.1002/mabi.202400152",TRUE,FALSE,"Wiley-Blackwell","Macromolecular Bioscience","1616-5187","1616-5187","1616-5195","1616-5187","http://creativecommons.org/licenses/by-nc/4.0/",TRUE,"39072925",NA,NA,NA,FALSE,"wiley2024deal","04xfq0f34_wiley2024deal_2024"
"RWTH Aachen",2024,NA,"10.1002/maco.202414369",TRUE,FALSE,"Wiley-Blackwell","Materials and Corrosion","0947-5117","0947-5117","1521-4176","0947-5117","http://creativecommons.org/licenses/by-nc/4.0/",TRUE,NA,NA,NA,NA,FALSE,"wiley2024deal","04xfq0f34_wiley2024deal_2024"
"RWTH Aachen",2024,NA,"10.1002/marc.202300680",TRUE,FALSE,"Wiley-Blackwell","Macromolecular Rapid Communications","1022-1336","1022-1336","1521-3927","1022-1336","http://creativecommons.org/licenses/by-nc-nd/4.0/",TRUE,"38461409",NA,NA,NA,FALSE,"wiley2024deal","04xfq0f34_wiley2024deal_2024"
"RWTH Aachen",2024,NA,"10.1002/mawe.202300130",TRUE,FALSE,"Wiley-Blackwell","Materialwissenschaft und Werkstofftechnik","0933-5137","0933-5137","1521-4052","0933-5137","http://creativecommons.org/licenses/by-nc-nd/4.0/",TRUE,NA,NA,NA,NA,FALSE,"wiley2024deal","04xfq0f34_wiley2024deal_2024"
"RWTH Aachen",2024,NA,"10.1002/mawe.202300134",TRUE,FALSE,"Wiley-Blackwell","Materialwissenschaft und Werkstofftechnik","0933-5137","0933-5137","1521-4052","0933-5137","http://creativecommons.org/licenses/by-nc-nd/4.0/",TRUE,NA,NA,NA,NA,FALSE,"wiley2024deal","04xfq0f34_wiley2024deal_2024"
"RWTH Aachen",2024,NA,"10.1002/mawe.202300154",TRUE,FALSE,"Wiley-Blackwell","Materialwissenschaft und Werkstofftechnik","0933-5137","0933-5137","1521-4052","0933-5137","http://creativecommons.org/licenses/by-nc-nd/4.0/",TRUE,NA,NA,NA,NA,FALSE,"wiley2024deal","04xfq0f34_wiley2024deal_2024"
"RWTH Aachen",2024,NA,"10.1002/mawe.202300158",TRUE,FALSE,"Wiley-Blackwell","Materialwissenschaft und Werkstofftechnik","0933-5137","0933-5137","1521-4052","0933-5137","http://creativecommons.org/licenses/by-nc/4.0/",TRUE,NA,NA,NA,NA,FALSE,"wiley2024deal","04xfq0f34_wiley2024deal_2024"
"RWTH Aachen",2024,NA,"10.1002/mawe.202300163",TRUE,FALSE,"Wiley-Blackwell","Materialwissenschaft und Werkstofftechnik","0933-5137","0933-5137","1521-4052","0933-5137","http://creativecommons.org/licenses/by/4.0/",TRUE,NA,NA,NA,NA,FALSE,"wiley2024deal","04xfq0f34_wiley2024deal_2024"
"RWTH Aachen",2024,NA,"10.1002/mawe.202300164",TRUE,FALSE,"Wiley-Blackwell","Materialwissenschaft und Werkstofftechnik","0933-5137","0933-5137","1521-4052","0933-5137","http://creativecommons.org/licenses/by-nc-nd/4.0/",TRUE,NA,NA,NA,NA,FALSE,"wiley2024deal","04xfq0f34_wiley2024deal_2024"
"RWTH Aachen",2024,NA,"10.1002/mawe.202300194",TRUE,FALSE,"Wiley-Blackwell","Materialwissenschaft und Werkstofftechnik","0933-5137","0933-5137","1521-4052","0933-5137","http://creativecommons.org/licenses/by/4.0/",TRUE,NA,NA,NA,NA,FALSE,"wiley2024deal","04xfq0f34_wiley2024deal_2024"
"RWTH Aachen",2024,NA,"10.1002/mma.10053",TRUE,FALSE,"Wiley-Blackwell","Mathematical Methods in the Applied Sciences","0170-4214","0170-4214","1099-1476","0170-4214","http://creativecommons.org/licenses/by-nc/4.0/",TRUE,NA,NA,NA,NA,FALSE,"wiley2024deal","04xfq0f34_wiley2024deal_2024"
"RWTH Aachen",2024,NA,"10.1002/mnfr.202400013",TRUE,FALSE,"Wiley-Blackwell","Molecular Nutrition & Food Research","1613-4125","1613-4125","1613-4133","1613-4125","http://creativecommons.org/licenses/by-nc/4.0/",TRUE,"39138624",NA,NA,NA,FALSE,"wiley2024deal","04xfq0f34_wiley2024deal_2024"
"RWTH Aachen",2024,NA,"10.1002/mp.17475",TRUE,FALSE,"Wiley-Blackwell","Medical Physics","0094-2405","0094-2405","2473-4209","0094-2405","http://creativecommons.org/licenses/by-nc/4.0/",TRUE,"39504412","PMC11699997",NA,NA,FALSE,"wiley2024deal","04xfq0f34_wiley2024deal_2024"
"RWTH Aachen",2024,NA,"10.1002/net.22218",TRUE,FALSE,"Wiley-Blackwell","Networks","0028-3045","0028-3045","1097-0037","0028-3045","http://creativecommons.org/licenses/by-nc/4.0/",TRUE,NA,NA,NA,NA,FALSE,"wiley2024deal","04xfq0f34_wiley2024deal_2024"
"RWTH Aachen",2024,NA,"10.1002/nme.7580",TRUE,FALSE,"Wiley-Blackwell","International Journal for Numerical Methods in Engineering","0029-5981","0029-5981","1097-0207","0029-5981","http://creativecommons.org/licenses/by-nc-nd/4.0/",TRUE,NA,NA,NA,NA,FALSE,"wiley2024deal","04xfq0f34_wiley2024deal_2024"
"RWTH Aachen",2024,NA,"10.1002/nme.7637",TRUE,FALSE,"Wiley-Blackwell","International Journal for Numerical Methods in Engineering","0029-5981","0029-5981","1097-0207","0029-5981","http://creativecommons.org/licenses/by-nc/4.0/",TRUE,NA,NA,NA,NA,FALSE,"wiley2024deal","04xfq0f34_wiley2024deal_2024"
"RWTH Aachen",2024,NA,"10.1002/oca.3172",TRUE,FALSE,"Wiley-Blackwell","Optimal Control Applications and Methods","0143-2087","0143-2087","1099-1514","0143-2087","http://creativecommons.org/licenses/by/4.0/",TRUE,NA,NA,NA,NA,FALSE,"wiley2024deal","04xfq0f34_wiley2024deal_2024"
"RWTH Aachen",2024,NA,"10.1002/pamm.202400006",TRUE,FALSE,"Wiley-Blackwell","PAMM","1617-7061","1617-7061","1617-7061","1617-7061","http://creativecommons.org/licenses/by-nc-nd/4.0/",TRUE,NA,NA,NA,NA,FALSE,"wiley2024deal","04xfq0f34_wiley2024deal_2024"
"RWTH Aachen",2024,NA,"10.1002/pamm.202400010",TRUE,FALSE,"Wiley-Blackwell","PAMM","1617-7061","1617-7061","1617-7061","1617-7061","http://creativecommons.org/licenses/by/4.0/",TRUE,NA,NA,NA,NA,FALSE,"wiley2024deal","04xfq0f34_wiley2024deal_2024"
"RWTH Aachen",2024,NA,"10.1002/pamm.202400032",TRUE,FALSE,"Wiley-Blackwell","PAMM","1617-7061","1617-7061","1617-7061","1617-7061","http://creativecommons.org/licenses/by/4.0/",TRUE,NA,NA,NA,NA,FALSE,"wiley2024deal","04xfq0f34_wiley2024deal_2024"
"RWTH Aachen",2024,NA,"10.1002/pamm.202400062",TRUE,FALSE,"Wiley-Blackwell","PAMM","1617-7061","1617-7061","1617-7061","1617-7061","http://creativecommons.org/licenses/by-nc-nd/4.0/",TRUE,NA,NA,NA,NA,FALSE,"wiley2024deal","04xfq0f34_wiley2024deal_2024"
"RWTH Aachen",2024,NA,"10.1002/pamm.202400065",TRUE,FALSE,"Wiley-Blackwell","PAMM","1617-7061","1617-7061","1617-7061","1617-7061","http://creativecommons.org/licenses/by-nc-nd/4.0/",TRUE,NA,NA,NA,NA,FALSE,"wiley2024deal","04xfq0f34_wiley2024deal_2024"
"RWTH Aachen",2024,NA,"10.1002/pamm.202400066",TRUE,FALSE,"Wiley-Blackwell","PAMM","1617-7061","1617-7061","1617-7061","1617-7061","http://creativecommons.org/licenses/by-nc/4.0/",TRUE,NA,NA,NA,NA,FALSE,"wiley2024deal","04xfq0f34_wiley2024deal_2024"
"RWTH Aachen",2024,NA,"10.1002/pamm.202400067",TRUE,FALSE,"Wiley-Blackwell","PAMM","1617-7061","1617-7061","1617-7061","1617-7061","http://creativecommons.org/licenses/by/4.0/",TRUE,NA,NA,NA,NA,FALSE,"wiley2024deal","04xfq0f34_wiley2024deal_2024"
"RWTH Aachen",2024,NA,"10.1002/pamm.202400070",TRUE,FALSE,"Wiley-Blackwell","PAMM","1617-7061","1617-7061","1617-7061","1617-7061","http://creativecommons.org/licenses/by/4.0/",TRUE,NA,NA,NA,NA,FALSE,"wiley2024deal","04xfq0f34_wiley2024deal_2024"
"RWTH Aachen",2024,NA,"10.1002/pamm.202400096",TRUE,FALSE,"Wiley-Blackwell","PAMM","1617-7061","1617-7061","1617-7061","1617-7061","http://creativecommons.org/licenses/by-nc-nd/4.0/",TRUE,NA,NA,NA,NA,FALSE,"wiley2024deal","04xfq0f34_wiley2024deal_2024"
"RWTH Aachen",2024,NA,"10.1002/pamm.202400101",TRUE,FALSE,"Wiley-Blackwell","PAMM","1617-7061","1617-7061","1617-7061","1617-7061","http://creativecommons.org/licenses/by-nc-nd/4.0/",TRUE,NA,NA,NA,NA,FALSE,"wiley2024deal","04xfq0f34_wiley2024deal_2024"
"RWTH Aachen",2024,NA,"10.1002/pamm.202400124",TRUE,FALSE,"Wiley-Blackwell","PAMM","1617-7061","1617-7061","1617-7061","1617-7061","http://creativecommons.org/licenses/by/4.0/",TRUE,NA,NA,NA,NA,FALSE,"wiley2024deal","04xfq0f34_wiley2024deal_2024"
"RWTH Aachen",2024,NA,"10.1002/pamm.202400172",TRUE,FALSE,"Wiley-Blackwell","PAMM","1617-7061","1617-7061","1617-7061","1617-7061","http://creativecommons.org/licenses/by-nc-nd/4.0/",TRUE,NA,NA,NA,NA,FALSE,"wiley2024deal","04xfq0f34_wiley2024deal_2024"
"RWTH Aachen",2024,NA,"10.1002/pamm.202400175",TRUE,FALSE,"Wiley-Blackwell","PAMM","1617-7061","1617-7061","1617-7061","1617-7061","http://creativecommons.org/licenses/by/4.0/",TRUE,NA,NA,NA,NA,FALSE,"wiley2024deal","04xfq0f34_wiley2024deal_2024"
"RWTH Aachen",2024,NA,"10.1002/pamm.202400176",TRUE,FALSE,"Wiley-Blackwell","PAMM","1617-7061","1617-7061","1617-7061","1617-7061","http://creativecommons.org/licenses/by-nc/4.0/",TRUE,NA,NA,NA,NA,FALSE,"wiley2024deal","04xfq0f34_wiley2024deal_2024"
"RWTH Aachen",2024,NA,"10.1002/pamm.202400186",TRUE,FALSE,"Wiley-Blackwell","PAMM","1617-7061","1617-7061","1617-7061","1617-7061","http://creativecommons.org/licenses/by-nc-nd/4.0/",TRUE,NA,NA,NA,NA,FALSE,"wiley2024deal","04xfq0f34_wiley2024deal_2024"
"RWTH Aachen",2024,NA,"10.1002/pamm.202400197",TRUE,FALSE,"Wiley-Blackwell","PAMM","1617-7061","1617-7061","1617-7061","1617-7061","http://creativecommons.org/licenses/by/4.0/",TRUE,NA,NA,NA,NA,FALSE,"wiley2024deal","04xfq0f34_wiley2024deal_2024"
"RWTH Aachen",2024,NA,"10.1002/pamm.202400199",TRUE,FALSE,"Wiley-Blackwell","PAMM","1617-7061","1617-7061","1617-7061","1617-7061","http://creativecommons.org/licenses/by-nc-nd/4.0/",TRUE,NA,NA,NA,NA,FALSE,"wiley2024deal","04xfq0f34_wiley2024deal_2024"
"RWTH Aachen",2024,NA,"10.1002/pamm.202400200",TRUE,FALSE,"Wiley-Blackwell","PAMM","1617-7061","1617-7061","1617-7061","1617-7061","http://creativecommons.org/licenses/by/4.0/",TRUE,NA,NA,NA,NA,FALSE,"wiley2024deal","04xfq0f34_wiley2024deal_2024"
"RWTH Aachen",2024,NA,"10.1002/pamm.202400205",TRUE,FALSE,"Wiley-Blackwell","PAMM","1617-7061","1617-7061","1617-7061","1617-7061","http://creativecommons.org/licenses/by/4.0/",TRUE,NA,NA,NA,NA,FALSE,"wiley2024deal","04xfq0f34_wiley2024deal_2024"
"RWTH Aachen",2024,NA,"10.1002/pc.28311",TRUE,FALSE,"Wiley-Blackwell","Polymer Composites","0272-8397","0272-8397","1548-0569","0272-8397","http://creativecommons.org/licenses/by-nc-nd/4.0/",TRUE,NA,NA,NA,NA,FALSE,"wiley2024deal","04xfq0f34_wiley2024deal_2024"
"RWTH Aachen",2024,NA,"10.1002/pen.26805",TRUE,FALSE,"Wiley-Blackwell","Polymer Engineering & Science","0032-3888","0032-3888","1548-2634","0032-3888","http://creativecommons.org/licenses/by-nc/4.0/",TRUE,NA,NA,NA,NA,FALSE,"wiley2024deal","04xfq0f34_wiley2024deal_2024"
"RWTH Aachen",2024,NA,"10.1002/pmic.202400279",TRUE,FALSE,"Wiley-Blackwell","PROTEOMICS","1615-9853","1615-9853","1615-9861","1615-9853","http://creativecommons.org/licenses/by/4.0/",TRUE,"39740102","PMC12205280",NA,NA,FALSE,"wiley2024deal","04xfq0f34_wiley2024deal_2024"
"RWTH Aachen",2024,NA,"10.1002/ppap.202400018",TRUE,FALSE,"Wiley-Blackwell","Plasma Processes and Polymers","1612-8850","1612-8850","1612-8869","1612-8850","http://creativecommons.org/licenses/by-nc-nd/4.0/",TRUE,NA,NA,NA,NA,FALSE,"wiley2024deal","04xfq0f34_wiley2024deal_2024"
"RWTH Aachen",2024,NA,"10.1002/psp.2852",TRUE,FALSE,"Wiley-Blackwell","Population, Space and Place","1544-8444","1544-8444","1544-8452","1544-8444","http://creativecommons.org/licenses/by/4.0/",TRUE,NA,NA,NA,NA,FALSE,"wiley2024deal","04xfq0f34_wiley2024deal_2024"
"RWTH Aachen",2024,NA,"10.1002/pssa.202300921",TRUE,FALSE,"Wiley-Blackwell","physica status solidi (a)","1862-6300","1862-6300","1862-6319","1862-6300","http://creativecommons.org/licenses/by-nc/4.0/",TRUE,NA,NA,NA,NA,FALSE,"wiley2024deal","04xfq0f34_wiley2024deal_2024"
"RWTH Aachen",2024,NA,"10.1002/pssa.202400086",TRUE,FALSE,"Wiley-Blackwell","physica status solidi (a)","1862-6300","1862-6300","1862-6319","1862-6300","http://creativecommons.org/licenses/by-nc-nd/4.0/",TRUE,NA,NA,NA,NA,FALSE,"wiley2024deal","04xfq0f34_wiley2024deal_2024"
"RWTH Aachen",2024,NA,"10.1002/pssa.202400256",TRUE,FALSE,"Wiley-Blackwell","physica status solidi (a)","1862-6300","1862-6300","1862-6319","1862-6300","http://creativecommons.org/licenses/by-nc-nd/4.0/",TRUE,NA,NA,NA,NA,FALSE,"wiley2024deal","04xfq0f34_wiley2024deal_2024"
"RWTH Aachen",2024,NA,"10.1002/smll.202309912",TRUE,FALSE,"Wiley-Blackwell","Small","1613-6810","1613-6810","1613-6829","1613-6810","http://creativecommons.org/licenses/by-nc/4.0/",TRUE,"38898722",NA,NA,NA,FALSE,"wiley2024deal","04xfq0f34_wiley2024deal_2024"
"RWTH Aachen",2024,NA,"10.1002/smll.202310427",TRUE,FALSE,"Wiley-Blackwell","Small","1613-6810","1613-6810","1613-6829","1613-6810","http://creativecommons.org/licenses/by-nc/4.0/",TRUE,"38386289",NA,NA,NA,FALSE,"wiley2024deal","04xfq0f34_wiley2024deal_2024"
"RWTH Aachen",2024,NA,"10.1002/smll.202401376",TRUE,FALSE,"Wiley-Blackwell","Small","1613-6810","1613-6810","1613-6829","1613-6810","http://creativecommons.org/licenses/by/4.0/",TRUE,"39252647","PMC11707578",NA,NA,FALSE,"wiley2024deal","04xfq0f34_wiley2024deal_2024"
"RWTH Aachen",2024,NA,"10.1002/smll.202402257",TRUE,FALSE,"Wiley-Blackwell","Small","1613-6810","1613-6810","1613-6829","1613-6810","http://creativecommons.org/licenses/by-nc-nd/4.0/",TRUE,"38990893",NA,NA,NA,FALSE,"wiley2024deal","04xfq0f34_wiley2024deal_2024"
"RWTH Aachen",2024,NA,"10.1002/smll.202404183",TRUE,FALSE,"Wiley-Blackwell","Small","1613-6810","1613-6810","1613-6829","1613-6810","http://creativecommons.org/licenses/by-nc-nd/4.0/",TRUE,"39535368","PMC11735893",NA,NA,FALSE,"wiley2024deal","04xfq0f34_wiley2024deal_2024"
"RWTH Aachen",2024,NA,"10.1002/smll.202407311",TRUE,FALSE,"Wiley-Blackwell","Small","1613-6810","1613-6810","1613-6829","1613-6810","http://creativecommons.org/licenses/by/4.0/",TRUE,"39568251","PMC11753498",NA,NA,FALSE,"wiley2024deal","04xfq0f34_wiley2024deal_2024"
"RWTH Aachen",2024,NA,"10.1002/smll.202407647",TRUE,FALSE,"Wiley-Blackwell","Small","1613-6810","1613-6810","1613-6829","1613-6810","http://creativecommons.org/licenses/by-nc-nd/4.0/",TRUE,"39511871","PMC11735877",NA,NA,FALSE,"wiley2024deal","04xfq0f34_wiley2024deal_2024"
"RWTH Aachen",2024,NA,"10.1002/srin.202300785",TRUE,FALSE,"Wiley-Blackwell","steel research international","1611-3683","1611-3683","1869-344X","1611-3683","http://creativecommons.org/licenses/by-nc-nd/4.0/",TRUE,NA,NA,NA,NA,FALSE,"wiley2024deal","04xfq0f34_wiley2024deal_2024"
"RWTH Aachen",2024,NA,"10.1002/srin.202400159",TRUE,FALSE,"Wiley-Blackwell","steel research international","1611-3683","1611-3683","1869-344X","1611-3683","http://creativecommons.org/licenses/by/4.0/",TRUE,NA,NA,NA,NA,FALSE,"wiley2024deal","04xfq0f34_wiley2024deal_2024"
"RWTH Aachen",2024,NA,"10.1002/srin.202400178",TRUE,FALSE,"Wiley-Blackwell","steel research international","1611-3683","1611-3683","1869-344X","1611-3683","http://creativecommons.org/licenses/by-nc-nd/4.0/",TRUE,NA,NA,NA,NA,FALSE,"wiley2024deal","04xfq0f34_wiley2024deal_2024"
"RWTH Aachen",2024,NA,"10.1002/srin.202400575",TRUE,FALSE,"Wiley-Blackwell","steel research international","1611-3683","1611-3683","1869-344X","1611-3683","http://creativecommons.org/licenses/by-nc/4.0/",TRUE,NA,NA,NA,NA,FALSE,"wiley2024deal","04xfq0f34_wiley2024deal_2024"
"RWTH Aachen",2024,NA,"10.1002/srin.202400869",TRUE,FALSE,"Wiley-Blackwell","steel research international","1611-3683","1611-3683","1869-344X","1611-3683","http://creativecommons.org/licenses/by-nc/4.0/",TRUE,NA,NA,NA,NA,FALSE,"wiley2024deal","04xfq0f34_wiley2024deal_2024"
"RWTH Aachen",2024,NA,"10.1002/stco.202300036",TRUE,FALSE,"Wiley-Blackwell","Steel Construction","1867-0520","1867-0520","1867-0539","1867-0520","http://creativecommons.org/licenses/by-nc-nd/4.0/",TRUE,NA,NA,NA,NA,FALSE,"wiley2024deal","04xfq0f34_wiley2024deal_2024"
"RWTH Aachen",2024,NA,"10.1002/stco.202400029",TRUE,FALSE,"Wiley-Blackwell","Steel Construction","1867-0520","1867-0520","1867-0539","1867-0520","http://creativecommons.org/licenses/by-nc-nd/4.0/",TRUE,NA,NA,NA,NA,FALSE,"wiley2024deal","04xfq0f34_wiley2024deal_2024"
"RWTH Aachen",2024,NA,"10.1002/suco.202300626",TRUE,FALSE,"Wiley-Blackwell","Structural Concrete","1464-4177","1464-4177","1751-7648","1464-4177","http://creativecommons.org/licenses/by/4.0/",TRUE,NA,NA,NA,NA,FALSE,"wiley2024deal","04xfq0f34_wiley2024deal_2024"
"RWTH Aachen",2024,NA,"10.1002/suco.202400219",TRUE,FALSE,"Wiley-Blackwell","Structural Concrete","1464-4177","1464-4177","1751-7648","1464-4177","http://creativecommons.org/licenses/by/4.0/",TRUE,NA,NA,NA,NA,FALSE,"wiley2024deal","04xfq0f34_wiley2024deal_2024"
"RWTH Aachen",2024,NA,"10.1002/vipr.202400817",TRUE,FALSE,"Wiley-Blackwell","Vakuum in Forschung und Praxis","0947-076X","0947-076X","1522-2454","0947-076X","http://creativecommons.org/licenses/by/4.0/",TRUE,NA,NA,NA,NA,FALSE,"wiley2024deal","04xfq0f34_wiley2024deal_2024"
"RWTH Aachen",2024,NA,"10.1002/wat2.1756",TRUE,FALSE,"Wiley-Blackwell","Wiley Interdisciplinary Reviews: Water","2049-1948","2049-1948","2049-1948","2049-1948","http://creativecommons.org/licenses/by-nc-nd/4.0/",TRUE,NA,NA,NA,NA,FALSE,"wiley2024deal","04xfq0f34_wiley2024deal_2024"
"RWTH Aachen",2024,NA,"10.1002/wnan.2018",TRUE,FALSE,"Wiley-Blackwell","WIREs Nanomedicine and Nanobiotechnology","1939-5116","1939-5116","1939-0041","1939-0041","http://creativecommons.org/licenses/by/4.0/",TRUE,"39654369",NA,NA,NA,FALSE,"wiley2024deal","04xfq0f34_wiley2024deal_2024"
"RWTH Aachen",2024,NA,"10.1002/zamm.202300125",TRUE,FALSE,"Wiley-Blackwell","ZAMM - Journal of Applied Mathematics and Mechanics / Zeitschrift für Angewandte Mathematik und Mechanik","0044-2267","0044-2267","1521-4001","0044-2267","http://creativecommons.org/licenses/by/4.0/",TRUE,NA,NA,NA,NA,FALSE,"wiley2024deal","04xfq0f34_wiley2024deal_2024"
"RWTH Aachen",2024,NA,"10.1096/fj.202402069r",TRUE,FALSE,"Wiley-Blackwell","The FASEB Journal","0892-6638","0892-6638","1530-6860","0892-6638","http://creativecommons.org/licenses/by-nc/4.0/",TRUE,"39387631",NA,NA,NA,FALSE,"wiley2024deal","04xfq0f34_wiley2024deal_2024"
"RWTH Aachen",2024,NA,"10.1107/s1600576724004333",TRUE,FALSE,"International Union of Crystallography (IUCr)","Journal of Applied Crystallography","1600-5767",NA,"1600-5767","0021-8898","https://creativecommons.org/licenses/by/4.0/legalcode",TRUE,"39108825","PMC11299616",NA,NA,FALSE,"wiley2024deal","04xfq0f34_wiley2024deal_2024"
"RWTH Aachen",2024,NA,"10.1107/s1600576724007635",TRUE,FALSE,"International Union of Crystallography (IUCr)","Journal of Applied Crystallography","1600-5767",NA,"1600-5767","0021-8898","https://creativecommons.org/licenses/by/4.0/legalcode",TRUE,"39387076","PMC11460395",NA,NA,FALSE,"wiley2024deal","04xfq0f34_wiley2024deal_2024"
"RWTH Aachen",2024,NA,"10.1107/s1600576724010215",TRUE,FALSE,"International Union of Crystallography (IUCr)","Journal of Applied Crystallography","1600-5767",NA,"1600-5767","0021-8898","https://creativecommons.org/licenses/by/4.0/legalcode",TRUE,"39628879","PMC11611289",NA,NA,FALSE,"wiley2024deal","04xfq0f34_wiley2024deal_2024"
"RWTH Aachen",2024,NA,"10.1111/aor.14846",TRUE,FALSE,"Wiley-Blackwell","Artificial Organs","0160-564X","0160-564X","1525-1594","0160-564X","http://creativecommons.org/licenses/by/4.0/",TRUE,"39189702","PMC11687203",NA,NA,FALSE,"wiley2024deal","04xfq0f34_wiley2024deal_2024"
"RWTH Aachen",2024,NA,"10.1111/aor.14875",TRUE,FALSE,"Wiley-Blackwell","Artificial Organs","0160-564X","0160-564X","1525-1594","0160-564X","http://creativecommons.org/licenses/by-nc/4.0/",TRUE,"39324509","PMC11848989",NA,NA,FALSE,"wiley2024deal","04xfq0f34_wiley2024deal_2024"
"RWTH Aachen",2024,NA,"10.1111/bcp.16168",TRUE,FALSE,"Wiley-Blackwell","British Journal of Clinical Pharmacology","0306-5251","0306-5251","1365-2125","0306-5251","http://creativecommons.org/licenses/by-nc/4.0/",TRUE,"38970468",NA,NA,NA,FALSE,"wiley2024deal","04xfq0f34_wiley2024deal_2024"
"RWTH Aachen",2024,NA,"10.1111/bcpt.14069",TRUE,FALSE,"Wiley-Blackwell","Basic & Clinical Pharmacology & Toxicology","1742-7835","1742-7835","1742-7843","1742-7835","http://creativecommons.org/licenses/by-nc/4.0/",TRUE,"39169535",NA,NA,NA,FALSE,"wiley2024deal","04xfq0f34_wiley2024deal_2024"
"RWTH Aachen",2024,NA,"10.1111/cge.14649",TRUE,FALSE,"Wiley-Blackwell","Clinical Genetics","0009-9163","0009-9163","1399-0004","0009-9163","http://creativecommons.org/licenses/by-nc-nd/4.0/",TRUE,"39663844","PMC11790513",NA,NA,FALSE,"wiley2024deal","04xfq0f34_wiley2024deal_2024"
"RWTH Aachen",2024,NA,"10.1111/cgf.15032",TRUE,FALSE,"Wiley-Blackwell","Computer Graphics Forum","0167-7055","0167-7055","1467-8659","0167-7055","http://creativecommons.org/licenses/by/4.0/",TRUE,NA,NA,NA,NA,FALSE,"wiley2024deal","04xfq0f34_wiley2024deal_2024"
"RWTH Aachen",2024,NA,"10.1111/cgf.15134",TRUE,FALSE,"Wiley-Blackwell","Computer Graphics Forum","0167-7055","0167-7055","1467-8659","0167-7055","http://creativecommons.org/licenses/by/4.0/",TRUE,NA,NA,NA,NA,FALSE,"wiley2024deal","04xfq0f34_wiley2024deal_2024"
"RWTH Aachen",2024,NA,"10.1111/cgf.15183",TRUE,FALSE,"Wiley-Blackwell","Computer Graphics Forum","0167-7055","0167-7055","1467-8659","0167-7055","http://creativecommons.org/licenses/by/4.0/",TRUE,NA,NA,NA,NA,FALSE,"wiley2024deal","04xfq0f34_wiley2024deal_2024"
"RWTH Aachen",2024,NA,"10.1111/cgf.15185",TRUE,FALSE,"Wiley-Blackwell","Computer Graphics Forum","0167-7055","0167-7055","1467-8659","0167-7055","http://creativecommons.org/licenses/by/4.0/",TRUE,NA,NA,NA,NA,FALSE,"wiley2024deal","04xfq0f34_wiley2024deal_2024"
"RWTH Aachen",2024,NA,"10.1111/cid.13374",TRUE,FALSE,"Wiley-Blackwell","Clinical Implant Dentistry and Related Research","1523-0899","1523-0899","1708-8208","1523-0899","http://creativecommons.org/licenses/by-nc/4.0/",TRUE,"39161052","PMC11660521",NA,NA,FALSE,"wiley2024deal","04xfq0f34_wiley2024deal_2024"
"RWTH Aachen",2024,NA,"10.1111/clr.14303",TRUE,FALSE,"Wiley-Blackwell","Clinical Oral Implants Research","0905-7161","0905-7161","1600-0501","0905-7161","http://creativecommons.org/licenses/by-nc-nd/4.0/",TRUE,"38822688",NA,NA,NA,FALSE,"wiley2024deal","04xfq0f34_wiley2024deal_2024"
"RWTH Aachen",2024,NA,"10.1111/clr.14355",TRUE,FALSE,"Wiley-Blackwell","Clinical Oral Implants Research","0905-7161","0905-7161","1600-0501","0905-7161","http://creativecommons.org/licenses/by-nc-nd/4.0/",TRUE,"39206743","PMC11701967",NA,NA,FALSE,"wiley2024deal","04xfq0f34_wiley2024deal_2024"
"RWTH Aachen",2024,NA,"10.1111/ejh.14254",TRUE,FALSE,"Wiley-Blackwell","European Journal of Haematology","0902-4441","0902-4441","1600-0609","0902-4441","http://creativecommons.org/licenses/by-nc/4.0/",TRUE,"38898589",NA,NA,NA,FALSE,"wiley2024deal","04xfq0f34_wiley2024deal_2024"
"RWTH Aachen",2024,NA,"10.1111/epi.17897",TRUE,FALSE,"Wiley-Blackwell","Epilepsia","0013-9580","0013-9580","1528-1167","0013-9580","http://creativecommons.org/licenses/by-nc-nd/4.0/",TRUE,"38289522",NA,NA,NA,FALSE,"wiley2024deal","04xfq0f34_wiley2024deal_2024"
"RWTH Aachen",2024,NA,"10.1111/ffe.14388",TRUE,FALSE,"Wiley-Blackwell","Fatigue & Fracture of Engineering Materials & Structures","8756-758X","8756-758X","1460-2695","1460-2695","http://creativecommons.org/licenses/by-nc-nd/4.0/",TRUE,NA,NA,NA,NA,FALSE,"wiley2024deal","04xfq0f34_wiley2024deal_2024"
"RWTH Aachen",2024,NA,"10.1111/fire.12414",TRUE,FALSE,"Wiley-Blackwell","Financial Review","0732-8516","0732-8516","1540-6288","0732-8516","http://creativecommons.org/licenses/by/4.0/",TRUE,NA,NA,NA,NA,FALSE,"wiley2024deal","04xfq0f34_wiley2024deal_2024"
"RWTH Aachen",2024,NA,"10.1111/iar.12535",TRUE,FALSE,"Wiley-Blackwell","Island Arc","1038-4871","1038-4871","1440-1738","1038-4871","http://creativecommons.org/licenses/by/4.0/",TRUE,NA,NA,NA,NA,FALSE,"wiley2024deal","04xfq0f34_wiley2024deal_2024"
"RWTH Aachen",2024,NA,"10.1111/jace.20190",TRUE,FALSE,"Wiley-Blackwell","Journal of the American Ceramic Society","0002-7820","0002-7820","1551-2916","0002-7820","http://creativecommons.org/licenses/by/4.0/",TRUE,NA,NA,NA,NA,FALSE,"wiley2024deal","04xfq0f34_wiley2024deal_2024"
"RWTH Aachen",2024,NA,"10.1111/jnc.16264",TRUE,FALSE,"Wiley-Blackwell","Journal of Neurochemistry","0022-3042","0022-3042","1471-4159","0022-3042","http://creativecommons.org/licenses/by/4.0/",TRUE,"39556446","PMC11808463",NA,NA,FALSE,"wiley2024deal","04xfq0f34_wiley2024deal_2024"
"RWTH Aachen",2024,NA,"10.1111/joim.20015",TRUE,FALSE,"Wiley-Blackwell","Journal of Internal Medicine","0954-6820","0954-6820","1365-2796","0954-6820","http://creativecommons.org/licenses/by-nc-nd/4.0/",TRUE,"39385670",NA,NA,NA,FALSE,"wiley2024deal","04xfq0f34_wiley2024deal_2024"
"RWTH Aachen",2024,NA,"10.1111/jpg.12856",TRUE,FALSE,"Wiley-Blackwell","Journal of Petroleum Geology","0141-6421","0141-6421","1747-5457","0141-6421","http://creativecommons.org/licenses/by-nc/4.0/",TRUE,NA,NA,NA,NA,FALSE,"wiley2024deal","04xfq0f34_wiley2024deal_2024"
"RWTH Aachen",2024,NA,"10.1111/liv.15945",TRUE,FALSE,"Wiley-Blackwell","Liver International","1478-3223","1478-3223","1478-3231","1478-3223","http://creativecommons.org/licenses/by-nc-nd/4.0/",TRUE,"38661318",NA,NA,NA,FALSE,"wiley2024deal","04xfq0f34_wiley2024deal_2024"
"RWTH Aachen",2024,NA,"10.1111/liv.16044",TRUE,FALSE,"Wiley-Blackwell","Liver International","1478-3223","1478-3223","1478-3231","1478-3223","http://creativecommons.org/licenses/by-nc/4.0/",TRUE,"39031304",NA,NA,NA,FALSE,"wiley2024deal","04xfq0f34_wiley2024deal_2024"
"RWTH Aachen",2024,NA,"10.1111/liv.16055",TRUE,FALSE,"Wiley-Blackwell","Liver International","1478-3223","1478-3223","1478-3231","1478-3223","http://creativecommons.org/licenses/by-nc/4.0/",TRUE,"39082383","PMC11464189",NA,NA,FALSE,"wiley2024deal","04xfq0f34_wiley2024deal_2024"
"RWTH Aachen",2024,NA,"10.1111/liv.16207",TRUE,FALSE,"Wiley-Blackwell","Liver International","1478-3223","1478-3223","1478-3231","1478-3223","http://creativecommons.org/licenses/by/4.0/",TRUE,"39665869","PMC11636636",NA,NA,FALSE,"wiley2024deal","04xfq0f34_wiley2024deal_2024"
"RWTH Aachen",2024,NA,"10.1111/mice.13171",TRUE,FALSE,"Wiley-Blackwell","Computer-Aided Civil and Infrastructure Engineering","1093-9687","1093-9687",NA,"1093-9687","http://creativecommons.org/licenses/by-nc-nd/4.0/",TRUE,NA,NA,NA,NA,FALSE,"wiley2024deal","04xfq0f34_wiley2024deal_2024"
"RWTH Aachen",2024,NA,"10.1111/nph.20063",TRUE,FALSE,"Wiley-Blackwell","New Phytologist","0028-646X","0028-646X","1469-8137","0028-646X","http://creativecommons.org/licenses/by-nc-nd/4.0/",TRUE,"39155769",NA,NA,NA,FALSE,"wiley2024deal","04xfq0f34_wiley2024deal_2024"
"RWTH Aachen",2024,NA,"10.1111/pce.14884",TRUE,FALSE,"Wiley-Blackwell","Plant, Cell & Environment","0140-7791","0140-7791","1365-3040","0140-7791","http://creativecommons.org/licenses/by-nc-nd/4.0/",TRUE,"38515393",NA,NA,NA,FALSE,"wiley2024deal","04xfq0f34_wiley2024deal_2024"
"RWTH Aachen",2024,NA,"10.1111/radm.12740",TRUE,FALSE,"Wiley-Blackwell","R&D Management","0033-6807","0033-6807","1467-9310","0033-6807","http://creativecommons.org/licenses/by/4.0/",TRUE,NA,NA,NA,NA,FALSE,"wiley2024deal","04xfq0f34_wiley2024deal_2024"
"RWTH Aachen",2024,NA,"10.1111/stan.12352",TRUE,FALSE,"Wiley-Blackwell","Statistica Neerlandica","0039-0402","0039-0402","1467-9574","0039-0402","http://creativecommons.org/licenses/by-nc-nd/4.0/",TRUE,NA,NA,NA,NA,FALSE,"wiley2024deal","04xfq0f34_wiley2024deal_2024"
"RWTH Aachen",2024,NA,"10.1111/sum.13025",TRUE,FALSE,"Wiley-Blackwell","Soil Use and Management","0266-0032","0266-0032","1475-2743","0266-0032","http://creativecommons.org/licenses/by-nc/4.0/",TRUE,NA,NA,NA,NA,FALSE,"wiley2024deal","04xfq0f34_wiley2024deal_2024"
"RWTH Aachen",2024,2782,"10.1002/admi.202400340",FALSE,FALSE,"Wiley-Blackwell","Advanced Materials Interfaces","2196-7350","2196-7350","2196-7350","2196-7350","http://creativecommons.org/licenses/by/4.0/",TRUE,NA,NA,NA,NA,TRUE,"wiley2024deal","04xfq0f34_wiley2024deal_2024"
"RWTH Aachen",2024,5489.1,"10.1002/advs.202404385",FALSE,FALSE,"Wiley-Blackwell","Advanced Science","2198-3844","2198-3844","2198-3844","2198-3844","http://creativecommons.org/licenses/by/4.0/",TRUE,"39207095","PMC11516050",NA,NA,TRUE,"wiley2024deal","04xfq0f34_wiley2024deal_2024"
"RWTH Aachen",2024,2782,"10.1002/aelm.202400210",FALSE,FALSE,"Wiley-Blackwell","Advanced Electronic Materials","2199-160X","2199-160X","2199-160X","2199-160X","http://creativecommons.org/licenses/by/4.0/",TRUE,NA,NA,NA,NA,TRUE,"wiley2024deal","04xfq0f34_wiley2024deal_2024"
"RWTH Aachen",2024,3424,"10.1002/anbr.202400082",FALSE,FALSE,"Wiley-Blackwell","Advanced NanoBiomed Research","2699-9307","2699-9307","2699-9307","2699-9307","http://creativecommons.org/licenses/by/4.0/",TRUE,NA,NA,NA,NA,TRUE,"wiley2024deal","04xfq0f34_wiley2024deal_2024"
"RWTH Aachen",2024,2247,"10.1002/celc.202400318",FALSE,FALSE,"Wiley-Blackwell","ChemElectroChem","2196-0216","2196-0216","2196-0216","2196-0216","http://creativecommons.org/licenses/by/4.0/",TRUE,NA,NA,NA,NA,TRUE,"wiley2024deal","04xfq0f34_wiley2024deal_2024"
"RWTH Aachen",2024,2247,"10.1002/celc.202400322",FALSE,FALSE,"Wiley-Blackwell","ChemElectroChem","2196-0216","2196-0216","2196-0216","2196-0216","http://creativecommons.org/licenses/by/4.0/",TRUE,NA,NA,NA,NA,TRUE,"wiley2024deal","04xfq0f34_wiley2024deal_2024"
"RWTH Aachen",2024,4515.4,"10.1002/ehf2.14959",FALSE,FALSE,"Wiley-Blackwell","ESC Heart Failure","2055-5822",NA,"2055-5822","2055-5822","http://creativecommons.org/licenses/by-nc-nd/4.0/",TRUE,"39003598","PMC11631318",NA,NA,TRUE,"wiley2024deal","04xfq0f34_wiley2024deal_2024"
"RWTH Aachen",2024,2835.5,"10.1002/elsc.202400003",FALSE,FALSE,"Wiley-Blackwell","Engineering in Life Sciences","1618-0240","1618-0240","1618-2863","1618-0240","http://creativecommons.org/licenses/by-nc/4.0/",TRUE,"39391272","PMC11464149",NA,NA,TRUE,"wiley2024deal","04xfq0f34_wiley2024deal_2024"
"RWTH Aachen",2024,3766.4,"10.1002/hbm.26788",FALSE,FALSE,"Wiley-Blackwell","Human Brain Mapping","1065-9471","1065-9471","1097-0193","1065-9471","http://creativecommons.org/licenses/by/4.0/",TRUE,"39031478","PMC11258888",NA,NA,TRUE,"wiley2024deal","04xfq0f34_wiley2024deal_2024"
"RWTH Aachen",2024,3766.4,"10.1002/hbm.26811",FALSE,FALSE,"Wiley-Blackwell","Human Brain Mapping","1065-9471","1065-9471","1097-0193","1065-9471","http://creativecommons.org/licenses/by-nc/4.0/",TRUE,"39185683","PMC11345636",NA,NA,TRUE,"wiley2024deal","04xfq0f34_wiley2024deal_2024"
"RWTH Aachen",2024,856,"10.1002/ski2.454",FALSE,FALSE,"Wiley-Blackwell","Skin Health and Disease","2690-442X",NA,"2690-442X","2690-442X","https://creativecommons.org/licenses/by/4.0/",TRUE,"39624762","PMC11608888",NA,NA,TRUE,"wiley2024deal","04xfq0f34_wiley2024deal_2024"
"RWTH Aachen",2024,2675,"10.1002/ueg2.12629",FALSE,FALSE,"Wiley-Blackwell","United European Gastroenterology Journal","2050-6406","2050-6406","2050-6414","2050-6406","http://creativecommons.org/licenses/by-nc-nd/4.0/",TRUE,"39024029","PMC11485299",NA,NA,FALSE,"wiley2024deal","04xfq0f34_wiley2024deal_2024"
"RWTH Aachen",2024,2814.1,"10.1049/gtd2.13214",FALSE,FALSE,"Institution of Engineering and Technology (IET)","IET Generation, Transmission & Distribution","1751-8687","1751-8687","1751-8695","1751-8687","http://creativecommons.org/licenses/by-nc/4.0/",TRUE,NA,NA,NA,NA,TRUE,"wiley2024deal","04xfq0f34_wiley2024deal_2024"
"RWTH Aachen",2024,2846.2,"10.1111/1751-7915.14531",FALSE,FALSE,"Wiley-Blackwell","Microbial Biotechnology","1751-7915","1751-7915","1751-7915","1751-7915","http://creativecommons.org/licenses/by-nc/4.0/",TRUE,"39031514","PMC11258999",NA,NA,TRUE,"wiley2024deal","04xfq0f34_wiley2024deal_2024"
"RWTH Aachen",2024,2846.2,"10.1111/1751-7915.14535",FALSE,FALSE,"Wiley-Blackwell","Microbial Biotechnology","1751-7915","1751-7915","1751-7915","1751-7915","http://creativecommons.org/licenses/by-nc/4.0/",TRUE,"39075758","PMC11286673",NA,NA,TRUE,"wiley2024deal","04xfq0f34_wiley2024deal_2024"
"RWTH Aachen",2024,3263.5,"10.1111/ene.16402",FALSE,FALSE,"Wiley-Blackwell","European Journal of Neurology","1351-5101","1351-5101","1468-1331","1351-5101","http://creativecommons.org/licenses/by-nc-nd/4.0/",TRUE,"38962840","PMC11414806",NA,NA,TRUE,"wiley2024deal","04xfq0f34_wiley2024deal_2024"
"RWTH Aachen",2024,2889,"10.1111/jfr3.13024",FALSE,FALSE,"Wiley-Blackwell","Journal of Flood Risk Management","1753-318X","1753-318X","1753-318X","1753-318X","http://creativecommons.org/licenses/by-nc-nd/4.0/",TRUE,NA,NA,NA,NA,TRUE,"wiley2024deal","04xfq0f34_wiley2024deal_2024"
"RWTH Aachen",2024,2782,"10.1002/admi.202301095",FALSE,FALSE,"Wiley-Blackwell","Advanced Materials Interfaces","2196-7350","2196-7350","2196-7350","2196-7350","http://creativecommons.org/licenses/by/4.0/",TRUE,NA,NA,NA,NA,TRUE,"wiley2024deal","04xfq0f34_wiley2024deal_2024"
"RWTH Aachen",2024,3177.9,"10.1002/aisy.202300679",FALSE,FALSE,"Wiley-Blackwell","Advanced Intelligent Systems","2640-4567","2640-4567","2640-4567","2640-4567","http://creativecommons.org/licenses/by/4.0/",TRUE,NA,NA,NA,NA,TRUE,"wiley2024deal","04xfq0f34_wiley2024deal_2024"
"RWTH Aachen",2024,3638,"10.1002/alz.13920",FALSE,FALSE,"Wiley-Blackwell","Alzheimer's & Dementia","1552-5260","1552-5260","1552-5279","1552-5260","http://creativecommons.org/licenses/by-nc-nd/4.0/",TRUE,"38865440","PMC11247708",NA,NA,FALSE,"wiley2024deal","04xfq0f34_wiley2024deal_2024"
"RWTH Aachen",2024,2193.5,"10.1002/apxr.202400040",FALSE,FALSE,"Wiley-Blackwell","Advanced Physics Research","2751-1200","2751-1200","2751-1200","2751-1200","http://creativecommons.org/licenses/by/4.0/",TRUE,NA,NA,NA,NA,TRUE,"wiley2024deal","04xfq0f34_wiley2024deal_2024"
"RWTH Aachen",2024,2094.4,"10.1002/ccs3.12039",FALSE,FALSE,"Wiley-Blackwell","Journal of Cell Communication and Signaling","1873-9601","1873-9601","1873-961X","1873-9601","http://creativecommons.org/licenses/by/4.0/",TRUE,"38946722","PMC11208128",NA,NA,FALSE,"wiley2024deal","04xfq0f34_wiley2024deal_2024"
"RWTH Aachen",2024,2247,"10.1002/celc.202300753",FALSE,FALSE,"Wiley-Blackwell","ChemElectroChem","2196-0216","2196-0216","2196-0216","2196-0216","http://creativecommons.org/licenses/by/4.0/",TRUE,NA,NA,NA,NA,TRUE,"wiley2024deal","04xfq0f34_wiley2024deal_2024"
"RWTH Aachen",2024,2247,"10.1002/celc.202400020",FALSE,FALSE,"Wiley-Blackwell","ChemElectroChem","2196-0216","2196-0216","2196-0216","2196-0216","http://creativecommons.org/licenses/by/4.0/",TRUE,NA,NA,NA,NA,TRUE,"wiley2024deal","04xfq0f34_wiley2024deal_2024"
"RWTH Aachen",2024,1776.2,"10.1002/eng2.12910",FALSE,FALSE,"Wiley-Blackwell","Engineering Reports","2577-8196","2577-8196","2577-8196","2577-8196","http://creativecommons.org/licenses/by/4.0/",TRUE,NA,NA,NA,NA,TRUE,"wiley2024deal","04xfq0f34_wiley2024deal_2024"
"RWTH Aachen",2024,4194.4,"10.1002/jcsm.13512",FALSE,FALSE,"Wiley-Blackwell","Journal of Cachexia, Sarcopenia and Muscle","2190-5991","2190-5991","2190-6009","2190-5991","http://creativecommons.org/licenses/by/4.0/",TRUE,"38890004","PMC11294029",NA,NA,TRUE,"wiley2024deal","04xfq0f34_wiley2024deal_2024"
"RWTH Aachen",2024,5125.3,"10.1002/smsc.202400082",FALSE,FALSE,"Wiley-Blackwell","Small Science","2688-4046","2688-4046","2688-4046","2688-4046","http://creativecommons.org/licenses/by/4.0/",TRUE,"40212544","PMC11935275",NA,NA,TRUE,"wiley2024deal","04xfq0f34_wiley2024deal_2024"
"RWTH Aachen",2024,3038.8,"10.1111/jfr3.13001",FALSE,FALSE,"Wiley-Blackwell","Journal of Flood Risk Management","1753-318X","1753-318X","1753-318X","1753-318X","http://creativecommons.org/licenses/by/4.0/",TRUE,NA,NA,NA,NA,TRUE,"wiley2024deal","04xfq0f34_wiley2024deal_2024"
"RWTH Aachen",2024,2974.6,"10.1111/mpp.13460",FALSE,FALSE,"Wiley-Blackwell","Molecular Plant Pathology","1464-6722","1464-6722","1364-3703","1364-3703","http://creativecommons.org/licenses/by/4.0/",TRUE,"38695626","PMC11064798",NA,NA,TRUE,"wiley2024deal","04xfq0f34_wiley2024deal_2024"
"RWTH Aachen",2024,3798.5,"10.1002/1878-0261.13609",FALSE,FALSE,"Wiley-Blackwell","Molecular Oncology","1574-7891","1574-7891","1878-0261","1574-7891","http://creativecommons.org/licenses/by/4.0/",TRUE,"38375974","PMC11161730",NA,NA,TRUE,"wiley2024deal","04xfq0f34_wiley2024deal_2024"
"RWTH Aachen",2024,3798.5,"10.1002/1878-0261.13623",FALSE,FALSE,"Wiley-Blackwell","Molecular Oncology","1574-7891","1574-7891","1878-0261","1574-7891","http://creativecommons.org/licenses/by/4.0/",TRUE,"38429970","PMC11164254",NA,NA,TRUE,"wiley2024deal","04xfq0f34_wiley2024deal_2024"
"RWTH Aachen",2024,3006.7,"10.1002/acn3.51998",FALSE,FALSE,"Wiley-Blackwell","Annals of Clinical and Translational Neurology","2328-9503","2328-9503","2328-9503","2328-9503","http://creativecommons.org/licenses/by-nc-nd/4.0/",TRUE,"38217067","PMC10963283",NA,NA,TRUE,"wiley2024deal","04xfq0f34_wiley2024deal_2024"
"RWTH Aachen",2024,5125.3,"10.1002/advs.202306139",FALSE,FALSE,"Wiley-Blackwell","Advanced Science","2198-3844","2198-3844","2198-3844","2198-3844","http://creativecommons.org/licenses/by/4.0/",TRUE,"38342634","PMC11022722",NA,NA,TRUE,"wiley2024deal","04xfq0f34_wiley2024deal_2024"
"RWTH Aachen",2024,2653.6,"10.1002/brb3.3420",FALSE,FALSE,"Wiley-Blackwell","Brain and Behavior","2162-3279","2162-3279","2162-3279","2162-3279","http://creativecommons.org/licenses/by/4.0/",TRUE,"38494763","PMC10945087",NA,NA,TRUE,"wiley2024deal","04xfq0f34_wiley2024deal_2024"
"RWTH Aachen",2024,2247,"10.1002/celc.202300460",FALSE,FALSE,"Wiley-Blackwell","ChemElectroChem","2196-0216","2196-0216","2196-0216","2196-0216","http://creativecommons.org/licenses/by/4.0/",TRUE,NA,NA,NA,NA,TRUE,"wiley2024deal","04xfq0f34_wiley2024deal_2024"
"RWTH Aachen",2024,2525.2,"10.1002/clc.24251",FALSE,FALSE,"Wiley-Blackwell","Clinical Cardiology","0160-9289","0160-9289","1932-8737","0160-9289","http://creativecommons.org/licenses/by/4.0/",TRUE,"38445759","PMC10915992",NA,NA,TRUE,"wiley2024deal","04xfq0f34_wiley2024deal_2024"
"RWTH Aachen",2024,2535.9,"10.1002/cre2.879",FALSE,FALSE,"Wiley-Blackwell","Clinical and Experimental Dental Research","2057-4347","2057-4347","2057-4347","2057-4347","http://creativecommons.org/licenses/by/4.0/",TRUE,"38558512","PMC10982672",NA,NA,TRUE,"wiley2024deal","04xfq0f34_wiley2024deal_2024"
"RWTH Aachen",2024,5125.3,"10.1002/smsc.202300299",FALSE,FALSE,"Wiley-Blackwell","Small Science","2688-4046","2688-4046","2688-4046","2688-4046","http://creativecommons.org/licenses/by/4.0/",TRUE,"40655127","PMC12245035",NA,NA,TRUE,"wiley2024deal","04xfq0f34_wiley2024deal_2024"
"RWTH Aachen",2024,3210,"10.1161/jaha.123.032694",FALSE,FALSE,"Wiley-Blackwell","Journal of the American Heart Association","2047-9980",NA,"2047-9980","2047-9980",NA,TRUE,"38420758","PMC10944078",NA,NA,TRUE,"wiley2024deal","04xfq0f34_wiley2024deal_2024"
"RWTH Aachen",2024,2499,"10.1002/adsr.202400105",FALSE,FALSE,"Wiley-Blackwell","Advanced Sensor Research","2751-1219","2751-1219","2751-1219","2751-1219","http://creativecommons.org/licenses/by/4.0/",TRUE,NA,NA,NA,NA,TRUE,"wiley2024deal","04xfq0f34_wiley2024deal_2024"
"RWTH Aachen",2024,6104.7,"10.1002/advs.202406934",FALSE,FALSE,"Wiley-Blackwell","Advanced Science","2198-3844","2198-3844","2198-3844","2198-3844","http://creativecommons.org/licenses/by/4.0/",TRUE,"39377236","PMC11600237",NA,NA,TRUE,"wiley2024deal","04xfq0f34_wiley2024deal_2024"
"RWTH Aachen",2024,2525.2,"10.1002/aesr.202400183",FALSE,FALSE,"Wiley-Blackwell","Advanced Energy and Sustainability Research","2699-9412","2699-9412","2699-9412","2699-9412","http://creativecommons.org/licenses/by/4.0/",TRUE,NA,NA,NA,NA,TRUE,"wiley2024deal","04xfq0f34_wiley2024deal_2024"
"RWTH Aachen",2024,1797.6,"10.1002/celc.202400457",FALSE,FALSE,"Wiley-Blackwell","ChemElectroChem","2196-0216","2196-0216","2196-0216","2196-0216","http://creativecommons.org/licenses/by/4.0/",TRUE,NA,NA,NA,NA,TRUE,"wiley2024deal","04xfq0f34_wiley2024deal_2024"
"RWTH Aachen",2024,1506.56,"10.1002/ces2.10242",FALSE,FALSE,"Wiley-Blackwell","International Journal of Ceramic Engineering & Science","2578-3270","2578-3270","2578-3270","2578-3270","http://creativecommons.org/licenses/by/4.0/",TRUE,NA,NA,NA,NA,TRUE,"wiley2024deal","04xfq0f34_wiley2024deal_2024"
"RWTH Aachen",2024,1420.96,"10.1002/eng2.13041",FALSE,FALSE,"Wiley-Blackwell","Engineering Reports","2577-8196","2577-8196","2577-8196","2577-8196","http://creativecommons.org/licenses/by/4.0/",TRUE,NA,NA,NA,NA,TRUE,"wiley2024deal","04xfq0f34_wiley2024deal_2024"
"RWTH Aachen",2024,2593.68,"10.1002/gch2.202400302",FALSE,FALSE,"Wiley-Blackwell","Global Challenges","2056-6646","2056-6646","2056-6646","2056-6646","http://creativecommons.org/licenses/by/4.0/",TRUE,"40352634","PMC12065103",NA,NA,TRUE,"wiley2024deal","04xfq0f34_wiley2024deal_2024"
"RWTH Aachen",2024,3486.7,"10.1002/hbm.70059",FALSE,FALSE,"Wiley-Blackwell","Human Brain Mapping","1065-9471","1065-9471","1097-0193","1065-9471","http://creativecommons.org/licenses/by/4.0/",TRUE,"39469891","PMC11519747",NA,NA,TRUE,"wiley2024deal","04xfq0f34_wiley2024deal_2024"
"RWTH Aachen",2024,3486.7,"10.1002/hbm.70077",FALSE,FALSE,"Wiley-Blackwell","Human Brain Mapping","1065-9471","1065-9471","1097-0193","1065-9471","http://creativecommons.org/licenses/by-nc-nd/4.0/",TRUE,"39559854","PMC11574450",NA,NA,TRUE,"wiley2024deal","04xfq0f34_wiley2024deal_2024"
"RWTH Aachen",2024,2320.5,"10.1002/hem3.70056",FALSE,FALSE,"Wiley-Blackwell","HemaSphere","2572-9241","2572-9241","2572-9241","2572-9241","http://creativecommons.org/licenses/by-nc-nd/4.0/",TRUE,"39670187","PMC11636632",NA,NA,TRUE,"wiley2024deal","04xfq0f34_wiley2024deal_2024"
"RWTH Aachen",2024,4724.3,"10.1002/jev2.70022",FALSE,FALSE,"Wiley-Blackwell","Journal of Extracellular Vesicles","2001-3078","2001-3078","2001-3078","2001-3078","http://creativecommons.org/licenses/by-nc-nd/4.0/",TRUE,"39665314","PMC11635479",NA,NA,TRUE,"wiley2024deal","04xfq0f34_wiley2024deal_2024"
"RWTH Aachen",2024,2975,"10.1002/ueg2.12684",FALSE,FALSE,"Wiley-Blackwell","United European Gastroenterology Journal","2050-6406","2050-6406","2050-6414","2050-6406","http://creativecommons.org/licenses/by-nc-nd/4.0/",TRUE,"39601382","PMC11999038",NA,NA,FALSE,"wiley2024deal","04xfq0f34_wiley2024deal_2024"
"RWTH Aachen",2024,2816.24,"10.1007/s00018-024-05132-3",FALSE,FALSE,"Springer Nature","Cellular and Molecular Life Sciences","1420-682X","1420-682X","1420-9071","1420-682X","https://creativecommons.org/licenses/by/4.0",TRUE,"38409522","PMC10896983",NA,NA,TRUE,"sn2024deal","04xfq0f34_sn2024deal_2024"
"RWTH Aachen",2024,2901.84,"10.1007/s00253-023-12908-3",FALSE,FALSE,"Springer Nature","Applied Microbiology and Biotechnology","0175-7598","0175-7598","1432-0614","0175-7598","https://creativecommons.org/licenses/by/4.0",TRUE,"38324214","PMC10850181",NA,NA,TRUE,"sn2024deal","04xfq0f34_sn2024deal_2024"
"RWTH Aachen",2024,877.1,"10.1007/s43938-023-00039-0",FALSE,FALSE,"Springer Nature","Discover Chemical Engineering","2730-7700",NA,"2730-7700","2730-7700","https://creativecommons.org/licenses/by/4.0",TRUE,NA,NA,NA,NA,TRUE,"sn2024deal","04xfq0f34_sn2024deal_2024"
"RWTH Aachen",2024,3757.2,"10.1038/s41398-024-02805-2",FALSE,FALSE,"Springer Nature","Translational Psychiatry","2158-3188",NA,"2158-3188","2158-3188","https://creativecommons.org/licenses/by/4.0",TRUE,"38331939","PMC10853535",NA,NA,TRUE,"sn2024deal","04xfq0f34_sn2024deal_2024"
"RWTH Aachen",2024,1927.71,"10.1038/s41420-024-01860-4",FALSE,FALSE,"Springer Nature","Cell Death Discovery","2058-7716",NA,"2058-7716","2058-7716","https://creativecommons.org/licenses/by/4.0",TRUE,"38388533","PMC10884415",NA,NA,TRUE,"sn2024deal","04xfq0f34_sn2024deal_2024"
"RWTH Aachen",2024,5374.05,"10.1038/s41467-024-45583-7",FALSE,FALSE,"Springer Nature","Nature Communications","2041-1723",NA,"2041-1723","2041-1723","https://creativecommons.org/licenses/by/4.0",TRUE,"38351007","PMC10864332",NA,NA,TRUE,"sn2024deal","04xfq0f34_sn2024deal_2024"
"RWTH Aachen",2024,5374.05,"10.1038/s41467-024-45879-8",FALSE,FALSE,"Springer Nature","Nature Communications","2041-1723",NA,"2041-1723","2041-1723","https://creativecommons.org/licenses/by/4.0",TRUE,"38383555","PMC10881983",NA,NA,TRUE,"sn2024deal","04xfq0f34_sn2024deal_2024"
"RWTH Aachen",2024,5374.05,"10.1038/s41467-024-46136-8",FALSE,FALSE,"Springer Nature","Nature Communications","2041-1723",NA,"2041-1723","2041-1723","https://creativecommons.org/licenses/by/4.0",TRUE,"38499534","PMC10948857",NA,NA,TRUE,"sn2024deal","04xfq0f34_sn2024deal_2024"
"RWTH Aachen",2024,5374.05,"10.1038/s41467-024-46519-x",FALSE,FALSE,"Springer Nature","Nature Communications","2041-1723",NA,"2041-1723","2041-1723","https://creativecommons.org/licenses/by/4.0",TRUE,"38485971","PMC10940717",NA,NA,TRUE,"sn2024deal","04xfq0f34_sn2024deal_2024"
"RWTH Aachen",2024,1862.53,"10.1038/s41598-023-50615-1",FALSE,FALSE,"Springer Nature","Scientific Reports","2045-2322",NA,"2045-2322","2045-2322","https://creativecommons.org/licenses/by/4.0",TRUE,"38242956","PMC10799014",NA,NA,TRUE,"sn2024deal","04xfq0f34_sn2024deal_2024"
"RWTH Aachen",2024,1862.53,"10.1038/s41598-023-50842-6",FALSE,FALSE,"Springer Nature","Scientific Reports","2045-2322",NA,"2045-2322","2045-2322","https://creativecommons.org/licenses/by/4.0",TRUE,"38238432","PMC10796920",NA,NA,TRUE,"sn2024deal","04xfq0f34_sn2024deal_2024"
"RWTH Aachen",2024,1862.53,"10.1038/s41598-023-50924-5",FALSE,FALSE,"Springer Nature","Scientific Reports","2045-2322",NA,"2045-2322","2045-2322","https://creativecommons.org/licenses/by/4.0",TRUE,"38172217","PMC10764932",NA,NA,TRUE,"sn2024deal","04xfq0f34_sn2024deal_2024"
"RWTH Aachen",2024,1927.71,"10.1038/s41598-024-51837-7",FALSE,FALSE,"Springer Nature","Scientific Reports","2045-2322",NA,"2045-2322","2045-2322","https://creativecommons.org/licenses/by/4.0",TRUE,"38238544","PMC10796327",NA,NA,TRUE,"sn2024deal","04xfq0f34_sn2024deal_2024"
"RWTH Aachen",2024,1927.71,"10.1038/s41598-024-53240-8",FALSE,FALSE,"Springer Nature","Scientific Reports","2045-2322",NA,"2045-2322","2045-2322","https://creativecommons.org/licenses/by/4.0",TRUE,"38308077","PMC10837458",NA,NA,TRUE,"sn2024deal","04xfq0f34_sn2024deal_2024"
"RWTH Aachen",2024,1927.71,"10.1038/s41598-024-53930-3",FALSE,FALSE,"Springer Nature","Scientific Reports","2045-2322",NA,"2045-2322","2045-2322","https://creativecommons.org/licenses/by/4.0",TRUE,"38341445","PMC10858895",NA,NA,TRUE,"sn2024deal","04xfq0f34_sn2024deal_2024"
"RWTH Aachen",2024,1927.71,"10.1038/s41598-024-53980-7",FALSE,FALSE,"Springer Nature","Scientific Reports","2045-2322",NA,"2045-2322","2045-2322","https://creativecommons.org/licenses/by/4.0",TRUE,"38351095","PMC10864319",NA,NA,TRUE,"sn2024deal","04xfq0f34_sn2024deal_2024"
"RWTH Aachen",2024,1927.71,"10.1038/s41598-024-53982-5",FALSE,FALSE,"Springer Nature","Scientific Reports","2045-2322",NA,"2045-2322","2045-2322","https://creativecommons.org/licenses/by/4.0",TRUE,"38347062","PMC10861594",NA,NA,TRUE,"sn2024deal","04xfq0f34_sn2024deal_2024"
"RWTH Aachen",2024,1927.71,"10.1038/s41598-024-54554-3",FALSE,FALSE,"Springer Nature","Scientific Reports","2045-2322",NA,"2045-2322","2045-2322","https://creativecommons.org/licenses/by/4.0",TRUE,"38424415","PMC10904373",NA,NA,TRUE,"sn2024deal","04xfq0f34_sn2024deal_2024"
"RWTH Aachen",2024,1927.71,"10.1038/s41598-024-55577-6",FALSE,FALSE,"Springer Nature","Scientific Reports","2045-2322",NA,"2045-2322","2045-2322","https://creativecommons.org/licenses/by/4.0",TRUE,"38459085","PMC10923850",NA,NA,TRUE,"sn2024deal","04xfq0f34_sn2024deal_2024"
"RWTH Aachen",2024,1927.71,"10.1038/s41598-024-56255-3",FALSE,FALSE,"Springer Nature","Scientific Reports","2045-2322",NA,"2045-2322","2045-2322","https://creativecommons.org/licenses/by/4.0",TRUE,"38472246","PMC10933297",NA,NA,TRUE,"sn2024deal","04xfq0f34_sn2024deal_2024"
"RWTH Aachen",2024,1927.71,"10.1038/s41598-024-56580-7",FALSE,FALSE,"Springer Nature","Scientific Reports","2045-2322",NA,"2045-2322","2045-2322","https://creativecommons.org/licenses/by/4.0",TRUE,"38472286","PMC10933320",NA,NA,TRUE,"sn2024deal","04xfq0f34_sn2024deal_2024"
"RWTH Aachen",2024,1927.71,"10.1038/s41598-024-57510-3",FALSE,FALSE,"Springer Nature","Scientific Reports","2045-2322",NA,"2045-2322","2045-2322","https://creativecommons.org/licenses/by/4.0",TRUE,"38519565","PMC10960011",NA,NA,TRUE,"sn2024deal","04xfq0f34_sn2024deal_2024"
"RWTH Aachen",2024,1020.23,"10.1057/s41599-023-02501-4",FALSE,FALSE,"Springer Nature","Humanities and Social Sciences Communications","2662-9992",NA,"2662-9992","2662-9992","https://creativecommons.org/licenses/by/4.0",TRUE,NA,NA,NA,NA,TRUE,"sn2024deal","04xfq0f34_sn2024deal_2024"
"RWTH Aachen",2024,1020.23,"10.1057/s41599-023-02575-0",FALSE,FALSE,"Springer Nature","Humanities and Social Sciences Communications","2662-9992",NA,"2662-9992","2662-9992","https://creativecommons.org/licenses/by/4.0",TRUE,NA,NA,NA,NA,TRUE,"sn2024deal","04xfq0f34_sn2024deal_2024"
"RWTH Aachen",2024,1936.08,"10.1186/s10195-023-00742-2",FALSE,FALSE,"Springer Nature","Journal of Orthopaedics and Traumatology","1590-9999",NA,"1590-9999","1590-9921","https://creativecommons.org/licenses/by/4.0",TRUE,"38194191","PMC10776533",NA,NA,TRUE,"sn2024deal","04xfq0f34_sn2024deal_2024"
"RWTH Aachen",2024,1656.1,"10.1186/s11556-024-00335-w",FALSE,FALSE,"Springer Nature","European Review of Aging and Physical Activity","1861-6909",NA,"1861-6909","1813-7253","https://creativecommons.org/licenses/by/4.0",TRUE,"38218828","PMC10787464",NA,NA,TRUE,"sn2024deal","04xfq0f34_sn2024deal_2024"
"RWTH Aachen",2024,2099.85,"10.1186/s12302-024-00860-6",FALSE,FALSE,"Springer Nature","Environmental Sciences Europe","2190-4715",NA,"2190-4715","2190-4715","https://creativecommons.org/licenses/by/4.0",TRUE,NA,NA,NA,NA,TRUE,"sn2024deal","04xfq0f34_sn2024deal_2024"
"RWTH Aachen",2024,1758.28,"10.1186/s12859-024-05721-w",FALSE,FALSE,"Springer Nature","BMC Bioinformatics","1471-2105",NA,"1471-2105","1471-2105","https://creativecommons.org/licenses/by/4.0",TRUE,"38443821","PMC10916305",NA,NA,TRUE,"sn2024deal","04xfq0f34_sn2024deal_2024"
"RWTH Aachen",2024,1916.47,"10.1186/s12877-023-04616-4",FALSE,FALSE,"Springer Nature","BMC Geriatrics","1471-2318",NA,"1471-2318","1471-2318","https://creativecommons.org/licenses/by/4.0",TRUE,"38172721","PMC10765835",NA,NA,TRUE,"sn2024deal","04xfq0f34_sn2024deal_2024"
"RWTH Aachen",2024,1836.86,"10.1186/s12882-024-03497-y",FALSE,FALSE,"Springer Nature","BMC Nephrology","1471-2369",NA,"1471-2369","1471-2369","https://creativecommons.org/licenses/by/4.0",TRUE,"38378456","PMC10880231",NA,NA,TRUE,"sn2024deal","04xfq0f34_sn2024deal_2024"
"RWTH Aachen",2024,119,"10.1186/s12889-023-17279-y",FALSE,FALSE,"Springer Nature","BMC Public Health","1471-2458",NA,"1471-2458","1471-2458","https://creativecommons.org/licenses/by/4.0",TRUE,"38254123","PMC10801951",NA,NA,TRUE,"sn2024deal","04xfq0f34_sn2024deal_2024"
"RWTH Aachen",2024,1954.73,"10.1186/s12904-024-01388-5",FALSE,FALSE,"Springer Nature","BMC Palliative Care","1472-684X",NA,"1472-684X","1472-684X","https://creativecommons.org/licenses/by/4.0",TRUE,"38418974","PMC10900709",NA,NA,TRUE,"sn2024deal","04xfq0f34_sn2024deal_2024"
"RWTH Aachen",2024,1698.82,"10.1186/s12909-024-05224-5",FALSE,FALSE,"Springer Nature","BMC Medical Education","1472-6920",NA,"1472-6920","1472-6920","https://creativecommons.org/licenses/by/4.0",TRUE,"38500112","PMC10949621",NA,NA,TRUE,"sn2024deal","04xfq0f34_sn2024deal_2024"
"RWTH Aachen",2024,1267.13,"10.1186/s12910-024-01007-1",FALSE,FALSE,"Springer Nature","BMC Medical Ethics","1472-6939",NA,"1472-6939","1472-6939","https://creativecommons.org/licenses/by/4.0",TRUE,"38321449","PMC10848386",NA,NA,TRUE,"sn2024deal","04xfq0f34_sn2024deal_2024"
"RWTH Aachen",2024,1936.08,"10.1186/s12934-023-02283-z",FALSE,FALSE,"Springer Nature","Microbial Cell Factories","1475-2859",NA,"1475-2859","1475-2859","https://creativecommons.org/licenses/by/4.0",TRUE,"38172830","PMC10763331",NA,NA,TRUE,"sn2024deal","04xfq0f34_sn2024deal_2024"
"RWTH Aachen",2024,2003.83,"10.1186/s12934-024-02325-0",FALSE,FALSE,"Springer Nature","Microbial Cell Factories","1475-2859",NA,"1475-2859","1475-2859","https://creativecommons.org/licenses/by/4.0",TRUE,"38360576","PMC10870620",NA,NA,TRUE,"sn2024deal","04xfq0f34_sn2024deal_2024"
"RWTH Aachen",2024,2249.41,"10.1186/s12951-024-02379-7",FALSE,FALSE,"Springer Nature","Journal of Nanobiotechnology","1477-3155",NA,"1477-3155","1477-3155","https://creativecommons.org/licenses/by/4.0",TRUE,"38493118","PMC10943878",NA,NA,TRUE,"sn2024deal","04xfq0f34_sn2024deal_2024"
"RWTH Aachen",2024,1989.81,"10.1186/s13023-024-03103-2",FALSE,FALSE,"Springer Nature","Orphanet Journal of Rare Diseases","1750-1172",NA,"1750-1172","1750-1172","https://creativecommons.org/licenses/by/4.0",TRUE,"38431612","PMC10909280",NA,NA,TRUE,"sn2024deal","04xfq0f34_sn2024deal_2024"
"RWTH Aachen",2024,1733.07,"10.1186/s13036-023-00398-w",FALSE,FALSE,"Springer Nature","Journal of Biological Engineering","1754-1611",NA,"1754-1611","1754-1611","https://creativecommons.org/licenses/by/4.0",TRUE,"38225612","PMC10790442",NA,NA,TRUE,"sn2024deal","04xfq0f34_sn2024deal_2024"
"RWTH Aachen",2024,2173.34,"10.1186/s13039-024-00672-6",FALSE,FALSE,"Springer Nature","Molecular Cytogenetics","1755-8166",NA,"1755-8166","1755-8166","https://creativecommons.org/licenses/by/4.0",TRUE,"38486332","PMC10941370",NA,NA,TRUE,"sn2024deal","04xfq0f34_sn2024deal_2024"
"RWTH Aachen",2024,2647.88,"10.1186/s13058-024-01787-9",FALSE,FALSE,"Springer Nature","Breast Cancer Research","1465-542X",NA,"1465-542X","1465-5411","https://creativecommons.org/licenses/by/4.0",TRUE,"38378689","PMC10877802",NA,NA,TRUE,"sn2024deal","04xfq0f34_sn2024deal_2024"
"RWTH Aachen",2024,1490.02,"10.1186/s13213-023-01745-4",FALSE,FALSE,"Springer Nature","Annals of Microbiology","1869-2044",NA,"1869-2044","1590-4261","https://creativecommons.org/licenses/by/4.0",TRUE,NA,NA,NA,NA,TRUE,"sn2024deal","04xfq0f34_sn2024deal_2024"
"RWTH Aachen",2024,1758.28,"10.1186/s13643-024-02471-x",FALSE,FALSE,"Springer Nature","Systematic Reviews","2046-4053",NA,"2046-4053","2046-4053","https://creativecommons.org/licenses/by/4.0",TRUE,"38409059","PMC10895847",NA,NA,TRUE,"sn2024deal","04xfq0f34_sn2024deal_2024"
"RWTH Aachen",2024,1159.08,"10.1186/s13705-024-00441-8",FALSE,FALSE,"Springer Nature","Energy, Sustainability and Society","2192-0567",NA,"2192-0567","2192-0567","https://creativecommons.org/licenses/by/4.0",TRUE,NA,NA,NA,NA,TRUE,"sn2024deal","04xfq0f34_sn2024deal_2024"
"RWTH Aachen",2024,1407.69,"10.1186/s41747-023-00411-3",FALSE,FALSE,"Springer Nature","European Radiology Experimental","2509-9280",NA,"2509-9280","2509-9280","https://creativecommons.org/licenses/by/4.0",TRUE,"38326501","PMC10850044",NA,NA,TRUE,"sn2024deal","04xfq0f34_sn2024deal_2024"
"RWTH Aachen",2024,1456.95,"10.1186/s41747-024-00431-7",FALSE,FALSE,"Springer Nature","European Radiology Experimental","2509-9280",NA,"2509-9280","2509-9280","https://creativecommons.org/licenses/by/4.0",TRUE,"38517595","PMC10959917",NA,NA,TRUE,"sn2024deal","04xfq0f34_sn2024deal_2024"
"RWTH Aachen",2024,5374.05,"10.1038/s41467-024-47578-w",FALSE,FALSE,"Springer Nature","Nature Communications","2041-1723",NA,"2041-1723","2041-1723","https://creativecommons.org/licenses/by/4.0",TRUE,"38609361","PMC11014947",NA,NA,TRUE,"sn2024deal","04xfq0f34_sn2024deal_2024"
"RWTH Aachen",2024,5374.05,"10.1038/s41467-024-47841-0",FALSE,FALSE,"Springer Nature","Nature Communications","2041-1723",NA,"2041-1723","2041-1723","https://creativecommons.org/licenses/by/4.0",TRUE,"38658601","PMC11043413",NA,NA,TRUE,"sn2024deal","04xfq0f34_sn2024deal_2024"
"RWTH Aachen",2024,5374.05,"10.1038/s41467-024-49182-4",FALSE,FALSE,"Springer Nature","Nature Communications","2041-1723",NA,"2041-1723","2041-1723","https://creativecommons.org/licenses/by/4.0",TRUE,"38862531","PMC11166970",NA,NA,TRUE,"sn2024deal","04xfq0f34_sn2024deal_2024"
"RWTH Aachen",2024,3422.02,"10.1038/s41534-024-00852-7",FALSE,FALSE,"Springer Nature","npj Quantum Information","2056-6387",NA,"2056-6387","2056-6387","https://creativecommons.org/licenses/by/4.0",TRUE,NA,NA,NA,NA,TRUE,"sn2024deal","04xfq0f34_sn2024deal_2024"
"RWTH Aachen",2024,1927.71,"10.1038/s41597-024-03450-6",FALSE,FALSE,"Springer Nature","Scientific Data","2052-4463",NA,"2052-4463","2052-4463","https://creativecommons.org/licenses/by/4.0",TRUE,"38909050","PMC11193731",NA,NA,TRUE,"sn2024deal","04xfq0f34_sn2024deal_2024"
"RWTH Aachen",2024,1927.71,"10.1038/s41598-024-57585-y",FALSE,FALSE,"Springer Nature","Scientific Reports","2045-2322",NA,"2045-2322","2045-2322","https://creativecommons.org/licenses/by/4.0",TRUE,"38605132","PMC11009292",NA,NA,TRUE,"sn2024deal","04xfq0f34_sn2024deal_2024"
"RWTH Aachen",2024,1927.71,"10.1038/s41598-024-58627-1",FALSE,FALSE,"Springer Nature","Scientific Reports","2045-2322",NA,"2045-2322","2045-2322","https://creativecommons.org/licenses/by/4.0",TRUE,"38580794","PMC10997630",NA,NA,TRUE,"sn2024deal","04xfq0f34_sn2024deal_2024"
"RWTH Aachen",2024,1927.71,"10.1038/s41598-024-58925-8",FALSE,FALSE,"Springer Nature","Scientific Reports","2045-2322",NA,"2045-2322","2045-2322","https://creativecommons.org/licenses/by/4.0",TRUE,"38589554","PMC11001858",NA,NA,TRUE,"sn2024deal","04xfq0f34_sn2024deal_2024"
"RWTH Aachen",2024,1927.71,"10.1038/s41598-024-59350-7",FALSE,FALSE,"Springer Nature","Scientific Reports","2045-2322",NA,"2045-2322","2045-2322","https://creativecommons.org/licenses/by/4.0",TRUE,"38658620","PMC11043386",NA,NA,TRUE,"sn2024deal","04xfq0f34_sn2024deal_2024"
"RWTH Aachen",2024,1927.71,"10.1038/s41598-024-59787-w",FALSE,FALSE,"Springer Nature","Scientific Reports","2045-2322",NA,"2045-2322","2045-2322","https://creativecommons.org/licenses/by/4.0",TRUE,"38654031","PMC11039625",NA,NA,TRUE,"sn2024deal","04xfq0f34_sn2024deal_2024"
"RWTH Aachen",2024,1927.71,"10.1038/s41598-024-60795-z",FALSE,FALSE,"Springer Nature","Scientific Reports","2045-2322",NA,"2045-2322","2045-2322","https://creativecommons.org/licenses/by/4.0",TRUE,"38698192","PMC11066090",NA,NA,TRUE,"sn2024deal","04xfq0f34_sn2024deal_2024"
"RWTH Aachen",2024,1927.71,"10.1038/s41598-024-61103-5",FALSE,FALSE,"Springer Nature","Scientific Reports","2045-2322",NA,"2045-2322","2045-2322","https://creativecommons.org/licenses/by/4.0",TRUE,"38704459","PMC11069575",NA,NA,TRUE,"sn2024deal","04xfq0f34_sn2024deal_2024"
"RWTH Aachen",2024,1927.71,"10.1038/s41598-024-61386-8",FALSE,FALSE,"Springer Nature","Scientific Reports","2045-2322",NA,"2045-2322","2045-2322","https://creativecommons.org/licenses/by/4.0",TRUE,"38719953","PMC11079043",NA,NA,TRUE,"sn2024deal","04xfq0f34_sn2024deal_2024"
"RWTH Aachen",2024,1927.71,"10.1038/s41598-024-61700-4",FALSE,FALSE,"Springer Nature","Scientific Reports","2045-2322",NA,"2045-2322","2045-2322","https://creativecommons.org/licenses/by/4.0",TRUE,"38740941","PMC11091206",NA,NA,TRUE,"sn2024deal","04xfq0f34_sn2024deal_2024"
"RWTH Aachen",2024,1927.71,"10.1038/s41598-024-63097-6",FALSE,FALSE,"Springer Nature","Scientific Reports","2045-2322",NA,"2045-2322","2045-2322","https://creativecommons.org/licenses/by/4.0",TRUE,"38811832","PMC11137055",NA,NA,TRUE,"sn2024deal","04xfq0f34_sn2024deal_2024"
"RWTH Aachen",2024,1927.71,"10.1038/s41598-024-63412-1",FALSE,FALSE,"Springer Nature","Scientific Reports","2045-2322",NA,"2045-2322","2045-2322","https://creativecommons.org/licenses/by/4.0",TRUE,"38834580","PMC11150250",NA,NA,TRUE,"sn2024deal","04xfq0f34_sn2024deal_2024"
"RWTH Aachen",2024,1927.71,"10.1038/s41598-024-65778-8",FALSE,FALSE,"Springer Nature","Scientific Reports","2045-2322",NA,"2045-2322","2045-2322","https://creativecommons.org/licenses/by/4.0",TRUE,"38951571","PMC11217267",NA,NA,TRUE,"sn2024deal","04xfq0f34_sn2024deal_2024"
"RWTH Aachen",2024,2811.76,"10.1038/s41699-024-00471-y",FALSE,FALSE,"Springer Nature","npj 2D Materials and Applications","2397-7132",NA,"2397-7132","2397-7132","https://creativecommons.org/licenses/by/4.0",TRUE,NA,NA,NA,NA,TRUE,"sn2024deal","04xfq0f34_sn2024deal_2024"
"RWTH Aachen",2024,2455.69,"10.1038/s43247-024-01439-y",FALSE,FALSE,"Springer Nature","Communications Earth & Environment","2662-4435",NA,"2662-4435","2662-4435","https://creativecommons.org/licenses/by/4.0",TRUE,NA,NA,NA,NA,TRUE,"sn2024deal","04xfq0f34_sn2024deal_2024"
"RWTH Aachen",2024,1799.55,"10.1038/s44172-024-00203-6",FALSE,FALSE,"Springer Nature","Communications Engineering","2731-3395",NA,"2731-3395","2731-3395","https://creativecommons.org/licenses/by/4.0",TRUE,NA,"PMC11053092",NA,NA,TRUE,"sn2024deal","04xfq0f34_sn2024deal_2024"
"RWTH Aachen",2024,2557.3,"10.1038/s44355-024-00001-z",FALSE,FALSE,"Springer Nature","npj Gut and Liver","3004-9806",NA,"3004-9806","3004-9806","https://creativecommons.org/licenses/by/4.0",TRUE,NA,NA,NA,NA,TRUE,"sn2024deal","04xfq0f34_sn2024deal_2024"
"RWTH Aachen",2024,2099.85,"10.1186/s12302-024-00893-x",FALSE,FALSE,"Springer Nature","Environmental Sciences Europe","2190-4715",NA,"2190-4715","2190-4715","https://creativecommons.org/licenses/by/4.0",TRUE,NA,NA,NA,NA,TRUE,"sn2024deal","04xfq0f34_sn2024deal_2024"
"RWTH Aachen",2024,2099.85,"10.1186/s12302-024-00925-6",FALSE,FALSE,"Springer Nature","Environmental Sciences Europe","2190-4715",NA,"2190-4715","2190-4715","https://creativecommons.org/licenses/by/4.0",TRUE,NA,NA,NA,NA,TRUE,"sn2024deal","04xfq0f34_sn2024deal_2024"
"RWTH Aachen",2024,2099.85,"10.1186/s12302-024-00926-5",FALSE,FALSE,"Springer Nature","Environmental Sciences Europe","2190-4715",NA,"2190-4715","2190-4715","https://creativecommons.org/licenses/by/4.0",TRUE,NA,NA,NA,NA,TRUE,"sn2024deal","04xfq0f34_sn2024deal_2024"
"RWTH Aachen",2024,2099.85,"10.1186/s12302-024-00929-2",FALSE,FALSE,"Springer Nature","Environmental Sciences Europe","2190-4715",NA,"2190-4715","2190-4715","https://creativecommons.org/licenses/by/4.0",TRUE,NA,NA,NA,NA,TRUE,"sn2024deal","04xfq0f34_sn2024deal_2024"
"RWTH Aachen",2024,1758.28,"10.1186/s12859-024-05769-8",FALSE,FALSE,"Springer Nature","BMC Bioinformatics","1471-2105",NA,"1471-2105","1471-2105","https://creativecommons.org/licenses/by/4.0",TRUE,"38641616","PMC11031902",NA,NA,TRUE,"sn2024deal","04xfq0f34_sn2024deal_2024"
"RWTH Aachen",2024,1698.82,"10.1186/s12909-024-05528-6",FALSE,FALSE,"Springer Nature","BMC Medical Education","1472-6920",NA,"1472-6920","1472-6920","https://creativecommons.org/licenses/by/4.0",TRUE,"38824559","PMC11143557",NA,NA,TRUE,"sn2024deal","04xfq0f34_sn2024deal_2024"
"RWTH Aachen",2024,1698.82,"10.1186/s12909-024-05579-9",FALSE,FALSE,"Springer Nature","BMC Medical Education","1472-6920",NA,"1472-6920","1472-6920","https://creativecommons.org/licenses/by/4.0",TRUE,"38816875","PMC11140860",NA,NA,TRUE,"sn2024deal","04xfq0f34_sn2024deal_2024"
"RWTH Aachen",2024,2417.08,"10.1186/s12931-024-02882-3",FALSE,FALSE,"Springer Nature","Respiratory Research","1465-993X",NA,"1465-993X","1465-9921","https://creativecommons.org/licenses/by/4.0",TRUE,"38902707","PMC11191349",NA,NA,TRUE,"sn2024deal","04xfq0f34_sn2024deal_2024"
"RWTH Aachen",2024,2003.83,"10.1186/s12934-024-02403-3",FALSE,FALSE,"Springer Nature","Microbial Cell Factories","1475-2859",NA,"1475-2859","1475-2859","https://creativecommons.org/licenses/by/4.0",TRUE,"38711081","PMC11075191",NA,NA,TRUE,"sn2024deal","04xfq0f34_sn2024deal_2024"
"RWTH Aachen",2024,2388.24,"10.1186/s12964-024-01690-y",FALSE,FALSE,"Springer Nature","Cell Communication and Signaling","1478-811X",NA,"1478-811X","1478-811X","https://creativecommons.org/licenses/by/4.0",TRUE,"38863060",NA,NA,NA,TRUE,"sn2024deal","04xfq0f34_sn2024deal_2024"
"RWTH Aachen",2024,1983.54,"10.1186/s13287-024-03696-2",FALSE,FALSE,"Springer Nature","Stem Cell Research & Therapy","1757-6512",NA,"1757-6512","1757-6512","https://creativecommons.org/licenses/by/4.0",TRUE,"38581069","PMC10998320",NA,NA,TRUE,"sn2024deal","04xfq0f34_sn2024deal_2024"
"RWTH Aachen",2024,1200.48,"10.1186/s13640-024-00630-7",FALSE,FALSE,"Springer Nature","EURASIP Journal on Image and Video Processing","1687-5281",NA,"1687-5281","1687-5176","https://creativecommons.org/licenses/by/4.0",TRUE,NA,NA,NA,NA,TRUE,"sn2024deal","04xfq0f34_sn2024deal_2024"
"RWTH Aachen",2024,1159.08,"10.1186/s13705-024-00454-3",FALSE,FALSE,"Springer Nature","Energy, Sustainability and Society","2192-0567",NA,"2192-0567","2192-0567","https://creativecommons.org/licenses/by/4.0",TRUE,NA,NA,NA,NA,TRUE,"sn2024deal","04xfq0f34_sn2024deal_2024"
"RWTH Aachen",2024,1954.73,"10.1186/s40001-024-01858-9",FALSE,FALSE,"Springer Nature","European Journal of Medical Research","2047-783X",NA,"2047-783X","0949-2321","https://creativecommons.org/licenses/by/4.0",TRUE,"38698476","PMC11067280",NA,NA,TRUE,"sn2024deal","04xfq0f34_sn2024deal_2024"
"RWTH Aachen",2024,1954.73,"10.1186/s40001-024-01891-8",FALSE,FALSE,"Springer Nature","European Journal of Medical Research","2047-783X",NA,"2047-783X","0949-2321","https://creativecommons.org/licenses/by/4.0",TRUE,"38849967","PMC11161982",NA,NA,TRUE,"sn2024deal","04xfq0f34_sn2024deal_2024"
"RWTH Aachen",2024,1023.28,"10.1186/s40643-024-00765-5",FALSE,FALSE,"Springer Nature","Bioresources and Bioprocessing","2197-4365",NA,"2197-4365","2197-4365","https://creativecommons.org/licenses/by/4.0",TRUE,"38739357","PMC11091026",NA,NA,TRUE,"sn2024deal","04xfq0f34_sn2024deal_2024"
"RWTH Aachen",2024,1456.95,"10.1186/s41747-024-00451-3",FALSE,FALSE,"Springer Nature","European Radiology Experimental","2509-9280",NA,"2509-9280","2509-9280","https://creativecommons.org/licenses/by/4.0",TRUE,"38689178","PMC11061055",NA,NA,TRUE,"sn2024deal","04xfq0f34_sn2024deal_2024"
"RWTH Aachen",2024,1456.95,"10.1186/s41747-024-00462-0",FALSE,FALSE,"Springer Nature","European Radiology Experimental","2509-9280",NA,"2509-9280","2509-9280","https://creativecommons.org/licenses/by/4.0",TRUE,"38834751","PMC11150352",NA,NA,TRUE,"sn2024deal","04xfq0f34_sn2024deal_2024"
"RWTH Aachen",2024,5976.75,"10.1038/s41467-024-53599-2",FALSE,FALSE,"Springer Nature","Nature Communications","2041-1723",NA,"2041-1723","2041-1723","https://creativecommons.org/licenses/by/4.0",TRUE,"39443492","PMC11500016",NA,NA,TRUE,"sn2024deal","04xfq0f34_sn2024deal_2024"
"RWTH Aachen",2024,5976.75,"10.1038/s41467-024-53765-6",FALSE,FALSE,"Springer Nature","Nature Communications","2041-1723",NA,"2041-1723","2041-1723","https://creativecommons.org/licenses/by/4.0",TRUE,"39516488","PMC11549401",NA,NA,TRUE,"sn2024deal","04xfq0f34_sn2024deal_2024"
"RWTH Aachen",2024,5976.75,"10.1038/s41467-024-54270-6",FALSE,FALSE,"Springer Nature","Nature Communications","2041-1723",NA,"2041-1723","2041-1723","https://creativecommons.org/licenses/by/4.0",TRUE,"39638798","PMC11621319",NA,NA,TRUE,"sn2024deal","04xfq0f34_sn2024deal_2024"
"RWTH Aachen",2024,5976.75,"10.1038/s41467-024-54319-6",FALSE,FALSE,"Springer Nature","Nature Communications","2041-1723",NA,"2041-1723","2041-1723","https://creativecommons.org/licenses/by/4.0",TRUE,"39592572","PMC11599900",NA,NA,TRUE,"sn2024deal","04xfq0f34_sn2024deal_2024"
"RWTH Aachen",2024,2218.93,"10.1038/s41597-024-04192-1",FALSE,FALSE,"Springer Nature","Scientific Data","2052-4463",NA,"2052-4463","2052-4463","https://creativecommons.org/licenses/by/4.0",TRUE,"39706828","PMC11661997",NA,NA,TRUE,"sn2024deal","04xfq0f34_sn2024deal_2024"
"RWTH Aachen",2024,2218.93,"10.1038/s41597-024-04241-9",FALSE,FALSE,"Springer Nature","Scientific Data","2052-4463",NA,"2052-4463","2052-4463","https://creativecommons.org/licenses/by/4.0",TRUE,"39690150","PMC11652618",NA,NA,TRUE,"sn2024deal","04xfq0f34_sn2024deal_2024"
"RWTH Aachen",2024,2143.9,"10.1038/s41598-024-74085-1",FALSE,FALSE,"Springer Nature","Scientific Reports","2045-2322",NA,"2045-2322","2045-2322","https://creativecommons.org/licenses/by/4.0",TRUE,"39354014","PMC11445257",NA,NA,TRUE,"sn2024deal","04xfq0f34_sn2024deal_2024"
"RWTH Aachen",2024,2143.9,"10.1038/s41598-024-74190-1",FALSE,FALSE,"Springer Nature","Scientific Reports","2045-2322",NA,"2045-2322","2045-2322","https://creativecommons.org/licenses/by/4.0",TRUE,"39397076","PMC11471791",NA,NA,TRUE,"sn2024deal","04xfq0f34_sn2024deal_2024"
"RWTH Aachen",2024,2143.9,"10.1038/s41598-024-75429-7",FALSE,FALSE,"Springer Nature","Scientific Reports","2045-2322",NA,"2045-2322","2045-2322","https://creativecommons.org/licenses/by/4.0",TRUE,"39443599","PMC11500015",NA,NA,TRUE,"sn2024deal","04xfq0f34_sn2024deal_2024"
"RWTH Aachen",2024,2143.9,"10.1038/s41598-024-76932-7",FALSE,FALSE,"Springer Nature","Scientific Reports","2045-2322",NA,"2045-2322","2045-2322","https://creativecommons.org/licenses/by/4.0",TRUE,"39448716","PMC11502858",NA,NA,TRUE,"sn2024deal","04xfq0f34_sn2024deal_2024"
"RWTH Aachen",2024,2143.9,"10.1038/s41598-024-77354-1",FALSE,FALSE,"Springer Nature","Scientific Reports","2045-2322",NA,"2045-2322","2045-2322","https://creativecommons.org/licenses/by/4.0",TRUE,"39487205","PMC11530453",NA,NA,TRUE,"sn2024deal","04xfq0f34_sn2024deal_2024"
"RWTH Aachen",2024,2143.9,"10.1038/s41598-024-78474-4",FALSE,FALSE,"Springer Nature","Scientific Reports","2045-2322",NA,"2045-2322","2045-2322","https://creativecommons.org/licenses/by/4.0",TRUE,"39521861","PMC11550797",NA,NA,TRUE,"sn2024deal","04xfq0f34_sn2024deal_2024"
"RWTH Aachen",2024,2143.9,"10.1038/s41598-024-81263-8",FALSE,FALSE,"Springer Nature","Scientific Reports","2045-2322",NA,"2045-2322","2045-2322","https://creativecommons.org/licenses/by/4.0",TRUE,"39613946","PMC11607460",NA,NA,TRUE,"sn2024deal","04xfq0f34_sn2024deal_2024"
"RWTH Aachen",2024,2218.93,"10.1038/s41598-024-81983-x",FALSE,FALSE,"Springer Nature","Scientific Reports","2045-2322",NA,"2045-2322","2045-2322","https://creativecommons.org/licenses/by/4.0",TRUE,"39638855","PMC11621348",NA,NA,TRUE,"sn2024deal","04xfq0f34_sn2024deal_2024"
"RWTH Aachen",2024,2218.93,"10.1038/s41598-024-82178-0",FALSE,FALSE,"Springer Nature","Scientific Reports","2045-2322",NA,"2045-2322","2045-2322","https://creativecommons.org/licenses/by/4.0",TRUE,"39681633","PMC11649908",NA,NA,TRUE,"sn2024deal","04xfq0f34_sn2024deal_2024"
"RWTH Aachen",2024,3127.09,"10.1038/s41746-024-01282-7",FALSE,FALSE,"Springer Nature","npj Digital Medicine","2398-6352",NA,"2398-6352","2398-6352","https://creativecommons.org/licenses/by/4.0",TRUE,"39443664","PMC11499642",NA,NA,TRUE,"sn2024deal","04xfq0f34_sn2024deal_2024"
"RWTH Aachen",2024,3127.09,"10.1038/s41746-024-01314-2",FALSE,FALSE,"Springer Nature","npj Digital Medicine","2398-6352",NA,"2398-6352","2398-6352","https://creativecommons.org/licenses/by/4.0",TRUE,"39523443","PMC11551163",NA,NA,TRUE,"sn2024deal","04xfq0f34_sn2024deal_2024"
"RWTH Aachen",2024,3236.54,"10.1038/s41746-024-01397-x",FALSE,FALSE,"Springer Nature","npj Digital Medicine","2398-6352",NA,"2398-6352","2398-6352","https://creativecommons.org/licenses/by/4.0",TRUE,"39719527","PMC11668825",NA,NA,TRUE,"sn2024deal","04xfq0f34_sn2024deal_2024"
"RWTH Aachen",2024,2335.35,"10.1186/s12302-024-00997-4",FALSE,FALSE,"Springer Nature","Environmental Sciences Europe","2190-4715",NA,"2190-4715","2190-4715","https://creativecommons.org/licenses/by/4.0",TRUE,NA,NA,NA,NA,TRUE,"sn2024deal","04xfq0f34_sn2024deal_2024"
"RWTH Aachen",2024,1310.93,"10.1186/s12544-024-00682-w",FALSE,FALSE,"Springer Nature","European Transport Research Review","1866-8887",NA,"1866-8887","1866-8887","https://creativecommons.org/licenses/by/4.0",TRUE,NA,NA,NA,NA,TRUE,"sn2024deal","04xfq0f34_sn2024deal_2024"
"RWTH Aachen",2024,1310.92,"10.1186/s12544-024-00695-5",FALSE,FALSE,"Springer Nature","European Transport Research Review","1866-8887",NA,"1866-8887","1866-8887","https://creativecommons.org/licenses/by/4.0",TRUE,NA,NA,NA,NA,TRUE,"sn2024deal","04xfq0f34_sn2024deal_2024"
"RWTH Aachen",2024,2023.9,"10.1186/s12859-024-06010-2",FALSE,FALSE,"Springer Nature","BMC Bioinformatics","1471-2105",NA,"1471-2105","1471-2105","https://creativecommons.org/licenses/by/4.0",TRUE,"39690401","PMC11650836",NA,NA,TRUE,"sn2024deal","04xfq0f34_sn2024deal_2024"
"RWTH Aachen",2024,2183.77,"10.1186/s12885-024-13057-0",FALSE,FALSE,"Springer Nature","BMC Cancer","1471-2407",NA,"1471-2407","1471-2407","https://creativecommons.org/licenses/by/4.0",TRUE,"39482615","PMC11529244",NA,NA,TRUE,"sn2024deal","04xfq0f34_sn2024deal_2024"
"RWTH Aachen",2024,2250.03,"10.1186/s12888-024-06342-6",FALSE,FALSE,"Springer Nature","BMC Psychiatry","1471-244X",NA,"1471-244X","1471-244X","https://creativecommons.org/licenses/by/4.0",TRUE,"39690417","PMC11650832",NA,NA,TRUE,"sn2024deal","04xfq0f34_sn2024deal_2024"
"RWTH Aachen",2024,1994.89,"10.1186/s12896-024-00897-8",FALSE,FALSE,"Springer Nature","BMC Biotechnology","1472-6750",NA,"1472-6750","1472-6750","https://creativecommons.org/licenses/by/4.0",TRUE,"39313794","PMC11421182",NA,NA,TRUE,"sn2024deal","04xfq0f34_sn2024deal_2024"
"RWTH Aachen",2024,2114.34,"10.1186/s12903-024-05275-6",FALSE,FALSE,"Springer Nature","BMC Oral Health","1472-6831",NA,"1472-6831","1472-6831","https://creativecommons.org/licenses/by/4.0",TRUE,"39673056","PMC11645788",NA,NA,TRUE,"sn2024deal","04xfq0f34_sn2024deal_2024"
"RWTH Aachen",2024,2173.95,"10.1186/s12904-024-01570-9",FALSE,FALSE,"Springer Nature","BMC Palliative Care","1472-684X",NA,"1472-684X","1472-684X","https://creativecommons.org/licenses/by/4.0",TRUE,"39385251","PMC11462657",NA,NA,TRUE,"sn2024deal","04xfq0f34_sn2024deal_2024"
"RWTH Aachen",2024,1409.23,"10.1186/s12910-024-01103-2",FALSE,FALSE,"Springer Nature","BMC Medical Ethics","1472-6939",NA,"1472-6939","1472-6939","https://creativecommons.org/licenses/by/4.0",TRUE,"39354512","PMC11443763",NA,NA,TRUE,"sn2024deal","04xfq0f34_sn2024deal_2024"
"RWTH Aachen",2024,2228.56,"10.1186/s12913-024-11895-z",FALSE,FALSE,"Springer Nature","BMC Health Services Research","1472-6963",NA,"1472-6963","1472-6963","https://creativecommons.org/licenses/by/4.0",TRUE,"39558347","PMC11572004",NA,NA,TRUE,"sn2024deal","04xfq0f34_sn2024deal_2024"
"RWTH Aachen",2024,1660.04,"10.1186/s12938-024-01292-2",FALSE,FALSE,"Springer Nature","BioMedical Engineering OnLine","1475-925X",NA,"1475-925X","1475-925X","https://creativecommons.org/licenses/by/4.0",TRUE,"39449028","PMC11515479",NA,NA,TRUE,"sn2024deal","04xfq0f34_sn2024deal_2024"
"RWTH Aachen",2024,2501.68,"10.1186/s12951-024-02806-9",FALSE,FALSE,"Springer Nature","Journal of Nanobiotechnology","1477-3155",NA,"1477-3155","1477-3155","https://creativecommons.org/licenses/by/4.0",TRUE,"39218888","PMC11367926",NA,NA,TRUE,"sn2024deal","04xfq0f34_sn2024deal_2024"
"RWTH Aachen",2024,2589.23,"10.1186/s12984-024-01518-3",FALSE,FALSE,"Springer Nature","Journal of NeuroEngineering and Rehabilitation","1743-0003",NA,"1743-0003","1743-0003","https://creativecommons.org/licenses/by/4.0",TRUE,"39707391","PMC11662497",NA,NA,TRUE,"sn2024deal","04xfq0f34_sn2024deal_2024"
"RWTH Aachen",2024,2100.43,"10.1186/s13018-024-05208-7",FALSE,FALSE,"Springer Nature","Journal of Orthopaedic Surgery and Research","1749-799X",NA,"1749-799X","1749-799X","https://creativecommons.org/licenses/by/4.0",TRUE,"39609865","PMC11603798",NA,NA,TRUE,"sn2024deal","04xfq0f34_sn2024deal_2024"
"RWTH Aachen",2024,2290.42,"10.1186/s13023-024-03482-6",FALSE,FALSE,"Springer Nature","Orphanet Journal of Rare Diseases","1750-1172",NA,"1750-1172","1750-1172","https://creativecommons.org/licenses/by/4.0",TRUE,"39702219","PMC11657468",NA,NA,TRUE,"sn2024deal","04xfq0f34_sn2024deal_2024"
"RWTH Aachen",2024,1994.89,"10.1186/s13036-024-00453-0",FALSE,FALSE,"Springer Nature","Journal of Biological Engineering","1754-1611",NA,"1754-1611","1754-1611","https://creativecommons.org/licenses/by/4.0",TRUE,"39363343","PMC11448000",NA,NA,TRUE,"sn2024deal","04xfq0f34_sn2024deal_2024"
"RWTH Aachen",2024,2927.73,"10.1186/s13054-024-05121-9",FALSE,FALSE,"Springer Nature","Critical Care","1364-8535",NA,"1364-8535","1364-8535","https://creativecommons.org/licenses/by/4.0",TRUE,"39380050","PMC11462722",NA,NA,TRUE,"sn2024deal","04xfq0f34_sn2024deal_2024"
"RWTH Aachen",2024,2927.73,"10.1186/s13054-024-05128-2",FALSE,FALSE,"Springer Nature","Critical Care","1364-8535",NA,"1364-8535","1364-8535","https://creativecommons.org/licenses/by/4.0",TRUE,"39511681","PMC11545523",NA,NA,TRUE,"sn2024deal","04xfq0f34_sn2024deal_2024"
"RWTH Aachen",2024,1927.43,"10.1186/s13063-024-08566-z",FALSE,FALSE,"Springer Nature","Trials","1745-6215",NA,"1745-6215","1745-6215","https://creativecommons.org/licenses/by/4.0",TRUE,"39538317","PMC11559055",NA,NA,TRUE,"sn2024deal","04xfq0f34_sn2024deal_2024"
"RWTH Aachen",2024,1369.59,"10.1186/s13104-024-06993-4",FALSE,FALSE,"Springer Nature","BMC Research Notes","1756-0500",NA,"1756-0500","1756-0500","https://creativecommons.org/licenses/by/4.0",TRUE,"39605057","PMC11603912",NA,NA,TRUE,"sn2024deal","04xfq0f34_sn2024deal_2024"
"RWTH Aachen",2024,2628.19,"10.1186/s13148-024-01783-y",FALSE,FALSE,"Springer Nature","Clinical Epigenetics","1868-7083",NA,"1868-7083","1868-7075","https://creativecommons.org/licenses/by/4.0",TRUE,"39567960","PMC11580436",NA,NA,TRUE,"sn2024deal","04xfq0f34_sn2024deal_2024"
"RWTH Aachen",2024,1973.01,"10.1186/s13244-024-01866-7",FALSE,FALSE,"Springer Nature","Insights into Imaging","1869-4101",NA,"1869-4101","1869-4101","https://creativecommons.org/licenses/by/4.0",TRUE,"39636546","PMC11621246",NA,NA,TRUE,"sn2024deal","04xfq0f34_sn2024deal_2024"
"RWTH Aachen",2024,2173.95,"10.1186/s40001-024-01996-0",FALSE,FALSE,"Springer Nature","European Journal of Medical Research","2047-783X",NA,"2047-783X","0949-2321","https://creativecommons.org/licenses/by/4.0",TRUE,"39289760","PMC11406720",NA,NA,TRUE,"sn2024deal","04xfq0f34_sn2024deal_2024"
"RWTH Aachen",2024,2173.95,"10.1186/s40001-024-02052-7",FALSE,FALSE,"Springer Nature","European Journal of Medical Research","2047-783X",NA,"2047-783X","0949-2321","https://creativecommons.org/licenses/by/4.0",TRUE,"39497199","PMC11536752",NA,NA,TRUE,"sn2024deal","04xfq0f34_sn2024deal_2024"
"RWTH Aachen",2024,2173.95,"10.1186/s40001-024-02112-y",FALSE,FALSE,"Springer Nature","European Journal of Medical Research","2047-783X",NA,"2047-783X","0949-2321","https://creativecommons.org/licenses/by/4.0",TRUE,"39468711","PMC11520584",NA,NA,TRUE,"sn2024deal","04xfq0f34_sn2024deal_2024"
"RWTH Aachen",2024,1409.23,"10.1186/s40494-024-01431-x",FALSE,FALSE,"Springer Nature","Heritage Science","2050-7445",NA,"2050-7445","2050-7445","https://creativecommons.org/licenses/by/4.0",TRUE,NA,NA,NA,NA,TRUE,"sn2024deal","04xfq0f34_sn2024deal_2024"
"RWTH Aachen",2024,1704.08,"10.1186/s42466-024-00346-z",FALSE,FALSE,"Springer Nature","Neurological Research and Practice","2524-3489",NA,"2524-3489","2524-3489","https://creativecommons.org/licenses/by/4.0",TRUE,"39415277","PMC11484457",NA,NA,TRUE,"sn2024deal","04xfq0f34_sn2024deal_2024"
"RWTH Aachen",2024,2551.98,"10.1007/s41781-024-00125-0",FALSE,FALSE,"Springer Nature","Computing and Software for Big Science","2510-2036","2510-2036","2510-2044","2510-2044","https://creativecommons.org/licenses/by/4.0",TRUE,"39135680","PMC11316724",NA,NA,FALSE,"sn2024deal","04xfq0f34_sn2024deal_2024"
"RWTH Aachen",2024,2961.98,"10.1038/s41392-024-01967-1",FALSE,FALSE,"Springer Nature","Signal Transduction and Targeted Therapy","2059-3635",NA,"2059-3635","2059-3635","https://creativecommons.org/licenses/by/4.0",TRUE,"39313493","PMC11420353",NA,NA,TRUE,"sn2024deal","04xfq0f34_sn2024deal_2024"
"RWTH Aachen",2024,2143.9,"10.1038/s41420-024-02104-1",FALSE,FALSE,"Springer Nature","Cell Death Discovery","2058-7716",NA,"2058-7716","2058-7716","https://creativecommons.org/licenses/by/4.0",TRUE,"39043646","PMC11266428",NA,NA,TRUE,"sn2024deal","04xfq0f34_sn2024deal_2024"
"RWTH Aachen",2024,2143.9,"10.1038/s41420-024-02131-y",FALSE,FALSE,"Springer Nature","Cell Death Discovery","2058-7716",NA,"2058-7716","2058-7716","https://creativecommons.org/licenses/by/4.0",TRUE,"39143064","PMC11324798",NA,NA,TRUE,"sn2024deal","04xfq0f34_sn2024deal_2024"
"RWTH Aachen",2024,5976.75,"10.1038/s41467-024-51967-6",FALSE,FALSE,"Springer Nature","Nature Communications","2041-1723",NA,"2041-1723","2041-1723","https://creativecommons.org/licenses/by/4.0",TRUE,"39294123","PMC11410939",NA,NA,TRUE,"sn2024deal","04xfq0f34_sn2024deal_2024"
"RWTH Aachen",2024,5976.75,"10.1038/s41467-024-52386-3",FALSE,FALSE,"Springer Nature","Nature Communications","2041-1723",NA,"2041-1723","2041-1723","https://creativecommons.org/licenses/by/4.0",TRUE,"39289372","PMC11408598",NA,NA,TRUE,"sn2024deal","04xfq0f34_sn2024deal_2024"
"RWTH Aachen",2024,5976.75,"10.1038/s41467-024-52645-3",FALSE,FALSE,"Springer Nature","Nature Communications","2041-1723",NA,"2041-1723","2041-1723","https://creativecommons.org/licenses/by/4.0",TRUE,"39333543","PMC11436876",NA,NA,TRUE,"sn2024deal","04xfq0f34_sn2024deal_2024"
"RWTH Aachen",2024,2307.78,"10.1038/s41535-024-00661-3",FALSE,FALSE,"Springer Nature","npj Quantum Materials","2397-4648",NA,"2397-4648","2397-4648","https://creativecommons.org/licenses/by/4.0",TRUE,NA,NA,NA,NA,TRUE,"sn2024deal","04xfq0f34_sn2024deal_2024"
"RWTH Aachen",2024,2307.78,"10.1038/s41535-024-00665-z",FALSE,FALSE,"Springer Nature","npj Quantum Materials","2397-4648",NA,"2397-4648","2397-4648","https://creativecommons.org/licenses/by/4.0",TRUE,NA,NA,NA,NA,TRUE,"sn2024deal","04xfq0f34_sn2024deal_2024"
"RWTH Aachen",2024,2143.9,"10.1038/s41598-024-67089-4",FALSE,FALSE,"Springer Nature","Scientific Reports","2045-2322",NA,"2045-2322","2045-2322","https://creativecommons.org/licenses/by/4.0",TRUE,"38997401","PMC11245541",NA,NA,TRUE,"sn2024deal","04xfq0f34_sn2024deal_2024"
"RWTH Aachen",2024,2143.9,"10.1038/s41598-024-67414-x",FALSE,FALSE,"Springer Nature","Scientific Reports","2045-2322",NA,"2045-2322","2045-2322","https://creativecommons.org/licenses/by/4.0",TRUE,"39080420","PMC11289091",NA,NA,TRUE,"sn2024deal","04xfq0f34_sn2024deal_2024"
"RWTH Aachen",2024,2143.9,"10.1038/s41598-024-67761-9",FALSE,FALSE,"Springer Nature","Scientific Reports","2045-2322",NA,"2045-2322","2045-2322","https://creativecommons.org/licenses/by/4.0",TRUE,"39075102","PMC11775341",NA,NA,TRUE,"sn2024deal","04xfq0f34_sn2024deal_2024"
"RWTH Aachen",2024,2143.9,"10.1038/s41598-024-67866-1",FALSE,FALSE,"Springer Nature","Scientific Reports","2045-2322",NA,"2045-2322","2045-2322","https://creativecommons.org/licenses/by/4.0",TRUE,"39048626","PMC11269673",NA,NA,TRUE,"sn2024deal","04xfq0f34_sn2024deal_2024"
"RWTH Aachen",2024,2143.9,"10.1038/s41598-024-67915-9",FALSE,FALSE,"Springer Nature","Scientific Reports","2045-2322",NA,"2045-2322","2045-2322","https://creativecommons.org/licenses/by/4.0",TRUE,"39060401","PMC11282315",NA,NA,TRUE,"sn2024deal","04xfq0f34_sn2024deal_2024"
"RWTH Aachen",2024,2143.9,"10.1038/s41598-024-70065-7",FALSE,FALSE,"Springer Nature","Scientific Reports","2045-2322",NA,"2045-2322","2045-2322","https://creativecommons.org/licenses/by/4.0",TRUE,"39160262","PMC11333595",NA,NA,TRUE,"sn2024deal","04xfq0f34_sn2024deal_2024"
"RWTH Aachen",2024,2143.9,"10.1038/s41598-024-70718-7",FALSE,FALSE,"Springer Nature","Scientific Reports","2045-2322",NA,"2045-2322","2045-2322","https://creativecommons.org/licenses/by/4.0",TRUE,"39191857","PMC11349749",NA,NA,TRUE,"sn2024deal","04xfq0f34_sn2024deal_2024"
"RWTH Aachen",2024,2143.9,"10.1038/s41598-024-72134-3",FALSE,FALSE,"Springer Nature","Scientific Reports","2045-2322",NA,"2045-2322","2045-2322","https://creativecommons.org/licenses/by/4.0",TRUE,"39289363","PMC11408622",NA,NA,TRUE,"sn2024deal","04xfq0f34_sn2024deal_2024"
"RWTH Aachen",2024,2143.26,"10.1038/s41598-024-72845-7",FALSE,FALSE,"Springer Nature","Scientific Reports","2045-2322",NA,"2045-2322","2045-2322","https://creativecommons.org/licenses/by/4.0",TRUE,"39333593","PMC11436850",NA,NA,TRUE,"sn2024deal","04xfq0f34_sn2024deal_2024"
"RWTH Aachen",2024,3535.92,"10.1038/s42004-024-01288-y",FALSE,FALSE,"Springer Nature","Communications Chemistry","2399-3669",NA,"2399-3669","2399-3669","https://creativecommons.org/licenses/by/4.0",TRUE,"39244618","PMC11380674",NA,NA,TRUE,"sn2024deal","04xfq0f34_sn2024deal_2024"
"RWTH Aachen",2024,2450.3,"10.1038/s44303-024-00023-5",FALSE,FALSE,"Springer Nature","npj Imaging","2948-197X",NA,"2948-197X","2948-197X","https://creativecommons.org/licenses/by/4.0",TRUE,"40604097","PMC12118757",NA,NA,TRUE,"sn2024deal","04xfq0f34_sn2024deal_2024"
"RWTH Aachen",2024,1055.94,"10.1057/s41599-024-03412-8",FALSE,FALSE,"Springer Nature","Humanities and Social Sciences Communications","2662-9992",NA,"2662-9992","2662-9992","https://creativecommons.org/licenses/by/4.0",TRUE,NA,NA,NA,NA,TRUE,"sn2024deal","04xfq0f34_sn2024deal_2024"
"RWTH Aachen",2024,1403.8,"10.1186/s12863-024-01258-2",FALSE,FALSE,"Springer Nature","BMC Genomic Data","2730-6844",NA,"2730-6844","2730-6844","https://creativecommons.org/licenses/by/4.0",TRUE,"39164622","PMC11337766",NA,NA,TRUE,"sn2024deal","04xfq0f34_sn2024deal_2024"
"RWTH Aachen",2024,2228.56,"10.1186/s12874-024-02306-2",FALSE,FALSE,"Springer Nature","BMC Medical Research Methodology","1471-2288",NA,"1471-2288","1471-2288","https://creativecommons.org/licenses/by/4.0",TRUE,"39251907","PMC11382532",NA,NA,TRUE,"sn2024deal","04xfq0f34_sn2024deal_2024"
"RWTH Aachen",2024,2228.56,"10.1186/s12874-024-02335-x",FALSE,FALSE,"Springer Nature","BMC Medical Research Methodology","1471-2288",NA,"1471-2288","1471-2288","https://creativecommons.org/licenses/by/4.0",TRUE,"39350102","PMC11441119",NA,NA,TRUE,"sn2024deal","04xfq0f34_sn2024deal_2024"
"RWTH Aachen",2024,2173.95,"10.1186/s12904-024-01524-1",FALSE,FALSE,"Springer Nature","BMC Palliative Care","1472-684X",NA,"1472-684X","1472-684X","https://creativecommons.org/licenses/by/4.0",TRUE,"39075493","PMC11285133",NA,NA,TRUE,"sn2024deal","04xfq0f34_sn2024deal_2024"
"RWTH Aachen",2024,1889.34,"10.1186/s12909-024-05818-z",FALSE,FALSE,"Springer Nature","BMC Medical Education","1472-6920",NA,"1472-6920","1472-6920","https://creativecommons.org/licenses/by/4.0",TRUE,"39080578","PMC11290294",NA,NA,TRUE,"sn2024deal","04xfq0f34_sn2024deal_2024"
"RWTH Aachen",2024,1889.34,"10.1186/s12909-024-05884-3",FALSE,FALSE,"Springer Nature","BMC Medical Education","1472-6920",NA,"1472-6920","1472-6920","https://creativecommons.org/licenses/by/4.0",TRUE,"39169331","PMC11340042",NA,NA,TRUE,"sn2024deal","04xfq0f34_sn2024deal_2024"
"RWTH Aachen",2024,2228.56,"10.1186/s12934-024-02483-1",FALSE,FALSE,"Springer Nature","Microbial Cell Factories","1475-2859",NA,"1475-2859","1475-2859","https://creativecommons.org/licenses/by/4.0",TRUE,"39033104","PMC11264902",NA,NA,TRUE,"sn2024deal","04xfq0f34_sn2024deal_2024"
"RWTH Aachen",2024,2042.86,"10.1186/s13005-024-00444-y",FALSE,FALSE,"Springer Nature","Head & Face Medicine","1746-160X",NA,"1746-160X","1746-160X","https://creativecommons.org/licenses/by/4.0",TRUE,"39135061","PMC11321092",NA,NA,TRUE,"sn2024deal","04xfq0f34_sn2024deal_2024"
"RWTH Aachen",2024,2100.43,"10.1186/s13018-024-05101-3",FALSE,FALSE,"Springer Nature","Journal of Orthopaedic Surgery and Research","1749-799X",NA,"1749-799X","1749-799X","https://creativecommons.org/licenses/by/4.0",TRUE,"39342344","PMC11437879",NA,NA,TRUE,"sn2024deal","04xfq0f34_sn2024deal_2024"
"RWTH Aachen",2024,2029.4,"10.1186/s13019-024-02989-0",FALSE,FALSE,"Springer Nature","Journal of Cardiothoracic Surgery","1749-8090",NA,"1749-8090","1749-8090","https://creativecommons.org/licenses/by/4.0",TRUE,"39180091","PMC11344404",NA,NA,TRUE,"sn2024deal","04xfq0f34_sn2024deal_2024"
"RWTH Aachen",2024,2256.38,"10.1186/s13068-024-02543-z",FALSE,FALSE,"Springer Nature","Biotechnology for Biofuels and Bioproducts","2731-3654",NA,"2731-3654","2731-3654","https://creativecommons.org/licenses/by/4.0",TRUE,"38961457","PMC11223335",NA,NA,TRUE,"sn2024deal","04xfq0f34_sn2024deal_2024"
"RWTH Aachen",2024,1261.76,"10.1186/s40517-024-00303-8",FALSE,FALSE,"Springer Nature","Geothermal Energy","2195-9706",NA,"2195-9706","2195-9706","https://creativecommons.org/licenses/by/4.0",TRUE,NA,NA,NA,NA,TRUE,"sn2024deal","04xfq0f34_sn2024deal_2024"
"RWTH Aachen",2024,1556.71,"10.1186/s40658-024-00663-x",FALSE,FALSE,"Springer Nature","EJNMMI Physics","2197-7364",NA,"2197-7364","2197-7364","https://creativecommons.org/licenses/by/4.0",TRUE,"38977509","PMC11557859",NA,NA,TRUE,"sn2024deal","04xfq0f34_sn2024deal_2024"
"RWTH Aachen",2024,1994.89,"10.1186/s40659-024-00530-0",FALSE,FALSE,"Springer Nature","Biological Research","0717-6287",NA,"0717-6287","0716-9760","https://creativecommons.org/licenses/by/4.0",TRUE,"39198923","PMC11360682",NA,NA,TRUE,"sn2024deal","04xfq0f34_sn2024deal_2024"
"RWTH Aachen",2024,1074,"10.1186/s42162-024-00360-0",FALSE,FALSE,"Springer Nature","Energy Informatics","2520-8942",NA,"2520-8942","2520-8942","https://creativecommons.org/licenses/by/4.0",TRUE,NA,NA,NA,NA,TRUE,"sn2024deal","04xfq0f34_sn2024deal_2024"
"RWTH Aachen",2024,733.04,"10.1016/j.mex.2024.102679",FALSE,FALSE,"Elsevier BV","MethodsX","2215-0161","2215-0161",NA,"2215-0161","http://creativecommons.org/licenses/by/4.0/",TRUE,"38577406","PMC10992719",NA,NA,TRUE,"els2023deal","04xfq0f34_els2023deal_2024"
"RWTH Aachen",2024,1403.84,"10.1016/j.euros.2024.01.017",FALSE,FALSE,"Elsevier BV","European Urology Open Science","2666-1683","2666-1683",NA,"2666-1683","http://creativecommons.org/licenses/by/4.0/",TRUE,"38585207","PMC10998270",NA,NA,TRUE,"els2023deal","04xfq0f34_els2023deal_2024"
"RWTH Aachen",2024,761.84,"10.1016/j.bas.2024.103325",FALSE,FALSE,"Elsevier BV","Brain and Spine","2772-5294","2772-5294",NA,"2772-5294","http://creativecommons.org/licenses/by/4.0/",TRUE,"39558920","PMC11570890",NA,NA,TRUE,"els2023deal","04xfq0f34_els2023deal_2024"
"RWTH Aachen",2024,2033,"10.1016/j.cscm.2024.e03495",FALSE,FALSE,"Elsevier BV","Case Studies in Construction Materials","2214-5095","2214-5095",NA,"2214-5095","http://creativecommons.org/licenses/by-nc/4.0/",TRUE,NA,NA,NA,NA,TRUE,"els2023deal","04xfq0f34_els2023deal_2024"
"RWTH Aachen",2024,2054.4,"10.1016/j.cscm.2024.e03522",FALSE,FALSE,"Elsevier BV","Case Studies in Construction Materials","2214-5095","2214-5095",NA,"2214-5095","http://creativecommons.org/licenses/by-nc-nd/4.0/",TRUE,NA,NA,NA,NA,TRUE,"els2023deal","04xfq0f34_els2023deal_2024"
"RWTH Aachen",2024,1643.52,"10.1016/j.cscm.2024.e03749",FALSE,FALSE,"Elsevier BV","Case Studies in Construction Materials","2214-5095","2214-5095",NA,"2214-5095","http://creativecommons.org/licenses/by-nc-nd/4.0/",TRUE,NA,NA,NA,NA,TRUE,"els2023deal","04xfq0f34_els2023deal_2024"
"RWTH Aachen",2024,1660.64,"10.1016/j.ctro.2024.100853",FALSE,FALSE,"Elsevier BV","Clinical and Translational Radiation Oncology","2405-6308","2405-6308",NA,"2405-6308","http://creativecommons.org/licenses/by-nc-nd/4.0/",TRUE,"39290454","PMC11405990",NA,NA,TRUE,"els2023deal","04xfq0f34_els2023deal_2024"
"RWTH Aachen",2024,4612.44,"10.1016/j.ebiom.2024.105293",FALSE,FALSE,"Elsevier BV","EBioMedicine","2352-3964","2352-3964",NA,"2352-3964","http://creativecommons.org/licenses/by-nc/4.0/",TRUE,"39146692","PMC11379552",NA,NA,TRUE,"els2023deal","04xfq0f34_els2023deal_2024"
"RWTH Aachen",2024,1994.48,"10.1016/j.ecmx.2024.100679",FALSE,FALSE,"Elsevier BV","Energy Conversion and Management: X","2590-1745","2590-1745",NA,"2590-1745","http://creativecommons.org/licenses/by/4.0/",TRUE,NA,NA,NA,NA,TRUE,"els2023deal","04xfq0f34_els2023deal_2024"
"RWTH Aachen",2024,1994.48,"10.1016/j.ecmx.2024.100704",FALSE,FALSE,"Elsevier BV","Energy Conversion and Management: X","2590-1745","2590-1745",NA,"2590-1745","http://creativecommons.org/licenses/by/4.0/",TRUE,NA,NA,NA,NA,TRUE,"els2023deal","04xfq0f34_els2023deal_2024"
"RWTH Aachen",2024,2600.1,"10.1016/j.egyr.2024.06.070",FALSE,FALSE,"Elsevier BV","Energy Reports","2352-4847","2352-4847",NA,"2352-4847","http://creativecommons.org/licenses/by-nc/4.0/",TRUE,NA,NA,NA,NA,TRUE,"els2023deal","04xfq0f34_els2023deal_2024"
"RWTH Aachen",2024,1609.28,"10.1016/j.heliyon.2024.e38678",FALSE,FALSE,"Elsevier BV","Heliyon","2405-8440","2405-8440",NA,"2405-8440","http://creativecommons.org/licenses/by/4.0/",TRUE,"39524892","PMC11550656",NA,NA,TRUE,"els2023deal","04xfq0f34_els2023deal_2024"
"RWTH Aachen",2024,1515.12,"10.1016/j.jajp.2024.100253",FALSE,FALSE,"Elsevier BV","Journal of Advanced Joining Processes","2666-3309","2666-3309",NA,"2666-3309","http://creativecommons.org/licenses/by-nc-nd/4.0/",TRUE,NA,NA,NA,NA,TRUE,"els2023deal","04xfq0f34_els2023deal_2024"
"RWTH Aachen",2024,2499.52,"10.1016/j.matdes.2024.113130",FALSE,FALSE,"Elsevier BV","Materials & Design","0264-1275","0264-1275",NA,"0264-1275","http://creativecommons.org/licenses/by/4.0/",TRUE,NA,NA,NA,NA,TRUE,"els2023deal","04xfq0f34_els2023deal_2024"
"RWTH Aachen",2024,2499.52,"10.1016/j.matdes.2024.113280",FALSE,FALSE,"Elsevier BV","Materials & Design","0264-1275","0264-1275",NA,"0264-1275","http://creativecommons.org/licenses/by-nc/4.0/",TRUE,NA,NA,NA,NA,TRUE,"els2023deal","04xfq0f34_els2023deal_2024"
"RWTH Aachen",2024,2525.2,"10.1016/j.nbt.2024.08.505",FALSE,FALSE,"Elsevier BV","New Biotechnology","1871-6784","1871-6784",NA,"1871-6784","http://creativecommons.org/licenses/by-nc/4.0/",TRUE,"39181198",NA,NA,NA,TRUE,"els2023deal","04xfq0f34_els2023deal_2024"
"RWTH Aachen",2024,1572.9,"10.1016/j.trip.2024.101193",FALSE,FALSE,"Elsevier BV","Transportation Research Interdisciplinary Perspectives","2590-1982","2590-1982",NA,"2590-1982","http://creativecommons.org/licenses/by-nc/4.0/",TRUE,NA,NA,NA,NA,TRUE,"els2023deal","04xfq0f34_els2023deal_2024"
"RWTH Aachen",2024,4438.36,"10.1016/j.xcrm.2024.101713",FALSE,FALSE,"Elsevier BV","Cell Reports Medicine","2666-3791","2666-3791",NA,"2666-3791","http://creativecommons.org/licenses/by-nc-nd/4.0/",TRUE,"39241771","PMC11528237",NA,NA,TRUE,"els2023deal","04xfq0f34_els2023deal_2024"
"RWTH Aachen",2024,1053.95,"10.1016/j.biosx.2024.100487",FALSE,FALSE,"Elsevier BV","Biosensors and Bioelectronics: X","2590-1370","2590-1370",NA,"2590-1370","http://creativecommons.org/licenses/by-nc-nd/4.0/",TRUE,NA,NA,NA,NA,TRUE,"els2023deal","04xfq0f34_els2023deal_2024"
"RWTH Aachen",2024,975.84,"10.1016/j.commtr.2024.100133",FALSE,FALSE,"Elsevier BV","Communications in Transportation Research","2772-4247","2772-4247",NA,"2772-4247","http://creativecommons.org/licenses/by/4.0/",TRUE,NA,NA,NA,NA,TRUE,"els2023deal","04xfq0f34_els2023deal_2024"
"RWTH Aachen",2024,667.68,"10.1016/j.dib.2024.110593",FALSE,FALSE,"Elsevier BV","Data in Brief","2352-3409","2352-3409",NA,"2352-3409","http://creativecommons.org/licenses/by-nc-nd/4.0/",TRUE,"38974003","PMC11225000",NA,NA,TRUE,"els2023deal","04xfq0f34_els2023deal_2024"
"RWTH Aachen",2024,1429.52,"10.1016/j.elecom.2024.107749",FALSE,FALSE,"Elsevier BV","Electrochemistry Communications","1388-2481","1388-2481",NA,"1388-2481","http://creativecommons.org/licenses/by/4.0/",TRUE,NA,NA,NA,NA,TRUE,"els2023deal","04xfq0f34_els2023deal_2024"
"RWTH Aachen",2024,2739.2,"10.1016/j.esmoop.2024.103493",FALSE,FALSE,"Elsevier BV","ESMO Open","2059-7029","2059-7029",NA,"2059-7029","http://creativecommons.org/licenses/by-nc-nd/4.0/",TRUE,"38848662","PMC11214994",NA,NA,TRUE,"els2023deal","04xfq0f34_els2023deal_2024"
"RWTH Aachen",2024,1609.28,"10.1016/j.heliyon.2024.e29256",FALSE,FALSE,"Elsevier BV","Heliyon","2405-8440","2405-8440",NA,"2405-8440","http://creativecommons.org/licenses/by/4.0/",TRUE,"38628714","PMC11019198",NA,NA,TRUE,"els2023deal","04xfq0f34_els2023deal_2024"
"RWTH Aachen",2024,2564.79,"10.1016/j.isci.2024.109255",FALSE,FALSE,"Elsevier BV","iScience","2589-0042","2589-0042",NA,"2589-0042","http://creativecommons.org/licenses/by-nc-nd/4.0/",TRUE,"38444605","PMC10914483",NA,NA,TRUE,"els2023deal","04xfq0f34_els2023deal_2024"
"RWTH Aachen",2024,1763.36,"10.1016/j.jpubtr.2024.100090",FALSE,FALSE,"Elsevier BV","Journal of Public Transportation","1077-291X","1077-291X",NA,"1077-291X","http://creativecommons.org/licenses/by-nc-nd/4.0/",TRUE,NA,NA,NA,NA,FALSE,"els2023deal","04xfq0f34_els2023deal_2024"
"RWTH Aachen",2024,1643.52,"10.1016/j.jvsv.2024.101910",FALSE,FALSE,"Elsevier BV","Journal of Vascular Surgery: Venous and Lymphatic Disorders","2213-333X","2213-333X",NA,"2213-333X","http://creativecommons.org/licenses/by/4.0/",TRUE,"38777042","PMC11523345",NA,NA,FALSE,"els2023deal","04xfq0f34_els2023deal_2024"
"RWTH Aachen",2024,1557.92,"10.1016/j.jvsvi.2024.100109",FALSE,FALSE,"Elsevier BV","JVS-Vascular Insights","2949-9127","2949-9127",NA,"2949-9127","http://creativecommons.org/licenses/by/4.0/",TRUE,NA,NA,NA,NA,TRUE,"els2023deal","04xfq0f34_els2023deal_2024"
"RWTH Aachen",2024,2456.72,"10.1016/j.matdes.2024.112928",FALSE,FALSE,"Elsevier BV","Materials & Design","0264-1275","0264-1275",NA,"0264-1275","http://creativecommons.org/licenses/by/4.0/",TRUE,NA,NA,NA,NA,TRUE,"els2023deal","04xfq0f34_els2023deal_2024"
"RWTH Aachen",2024,2456.72,"10.1016/j.matdes.2024.113031",FALSE,FALSE,"Elsevier BV","Materials & Design","0264-1275","0264-1275",NA,"0264-1275","http://creativecommons.org/licenses/by-nc/4.0/",TRUE,NA,NA,NA,NA,TRUE,"els2023deal","04xfq0f34_els2023deal_2024"
"RWTH Aachen",2024,2679.28,"10.1016/j.nbd.2024.106574",FALSE,FALSE,"Elsevier BV","Neurobiology of Disease","0969-9961","0969-9961",NA,"0969-9961","http://creativecommons.org/licenses/by-nc-nd/4.0/",TRUE,"38914172",NA,NA,NA,TRUE,"els2023deal","04xfq0f34_els2023deal_2024"
"RWTH Aachen",2024,2174.24,"10.1016/j.virusres.2024.199417",FALSE,FALSE,"Elsevier BV","Virus Research","0168-1702","0168-1702",NA,"0168-1702","http://creativecommons.org/licenses/by-nc-nd/4.0/",TRUE,"38880333","PMC11245953",NA,NA,FALSE,"els2023deal","04xfq0f34_els2023deal_2024"
"RWTH Aachen",2024,4438.36,"10.1016/j.xcrp.2024.101945",FALSE,FALSE,"Elsevier BV","Cell Reports Physical Science","2666-3864","2666-3864",NA,"2666-3864","http://creativecommons.org/licenses/by/4.0/",TRUE,NA,NA,NA,NA,TRUE,"els2023deal","04xfq0f34_els2023deal_2024"
"RWTH Aachen",2024,1078.56,"10.1016/j.addlet.2024.100248",FALSE,FALSE,"Elsevier BV","Additive Manufacturing Letters","2772-3690","2772-3690",NA,"2772-3690","http://creativecommons.org/licenses/by-nc/4.0/",TRUE,NA,NA,NA,NA,TRUE,"els2023deal","04xfq0f34_els2023deal_2024"
"RWTH Aachen",2024,1686.32,"10.1016/j.aime.2024.100152",FALSE,FALSE,"Elsevier BV","Advances in Industrial and Manufacturing Engineering","2666-9129","2666-9129",NA,"2666-9129","http://creativecommons.org/licenses/by/4.0/",TRUE,NA,NA,NA,NA,TRUE,"els2023deal","04xfq0f34_els2023deal_2024"
"RWTH Aachen",2024,385.2,"10.1016/j.avsurg.2024.100340",FALSE,FALSE,"Elsevier BV","Annals of Vascular Surgery - Brief Reports and Innovations","2772-6878","2772-6878",NA,"2772-6878","http://creativecommons.org/licenses/by-nc/4.0/",TRUE,NA,NA,NA,NA,TRUE,"els2023deal","04xfq0f34_els2023deal_2024"
"RWTH Aachen",2024,761.84,"10.1016/j.bas.2024.103911",FALSE,FALSE,"Elsevier BV","Brain and Spine","2772-5294","2772-5294",NA,"2772-5294","http://creativecommons.org/licenses/by/4.0/",TRUE,"39397851","PMC11470472",NA,NA,TRUE,"els2023deal","04xfq0f34_els2023deal_2024"
"RWTH Aachen",2024,732.95,"10.1016/j.cmpbup.2024.100171",FALSE,FALSE,"Elsevier BV","Computer Methods and Programs in Biomedicine Update","2666-9900","2666-9900",NA,"2666-9900","http://creativecommons.org/licenses/by-nc/4.0/",TRUE,NA,NA,NA,NA,TRUE,"els2023deal","04xfq0f34_els2023deal_2024"
"RWTH Aachen",2024,1643.52,"10.1016/j.cscm.2024.e03809",FALSE,FALSE,"Elsevier BV","Case Studies in Construction Materials","2214-5095","2214-5095",NA,"2214-5095","http://creativecommons.org/licenses/by-nc/4.0/",TRUE,NA,NA,NA,NA,TRUE,"els2023deal","04xfq0f34_els2023deal_2024"
"RWTH Aachen",2024,1438.08,"10.1016/j.cscm.2024.e03917",FALSE,FALSE,"Elsevier BV","Case Studies in Construction Materials","2214-5095","2214-5095",NA,"2214-5095","http://creativecommons.org/licenses/by-nc-nd/4.0/",TRUE,NA,NA,NA,NA,TRUE,"els2023deal","04xfq0f34_els2023deal_2024"
"RWTH Aachen",2024,1643.52,"10.1016/j.cscm.2024.e04085",FALSE,FALSE,"Elsevier BV","Case Studies in Construction Materials","2214-5095","2214-5095",NA,"2214-5095","http://creativecommons.org/licenses/by-nc-nd/4.0/",TRUE,NA,NA,NA,NA,TRUE,"els2023deal","04xfq0f34_els2023deal_2024"
"RWTH Aachen",2024,1660.64,"10.1016/j.ctro.2024.100887",FALSE,FALSE,"Elsevier BV","Clinical and Translational Radiation Oncology","2405-6308","2405-6308",NA,"2405-6308","http://creativecommons.org/licenses/by/4.0/",TRUE,"39624154","PMC11609351",NA,NA,TRUE,"els2023deal","04xfq0f34_els2023deal_2024"
"RWTH Aachen",2024,2687.84,"10.1016/j.dcn.2024.101501",FALSE,FALSE,"Elsevier BV","Developmental Cognitive Neuroscience","1878-9293","1878-9293",NA,"1878-9293","http://creativecommons.org/licenses/by/4.0/",TRUE,"39733499","PMC11743914",NA,NA,TRUE,"els2023deal","04xfq0f34_els2023deal_2024"
"RWTH Aachen",2024,2499.52,"10.1016/j.egyai.2024.100451",FALSE,FALSE,"Elsevier BV","Energy and AI","2666-5468","2666-5468",NA,"2666-5468","http://creativecommons.org/licenses/by-nc/4.0/",TRUE,NA,NA,NA,NA,TRUE,"els2023deal","04xfq0f34_els2023deal_2024"
"RWTH Aachen",2024,2564.79,"10.1016/j.isci.2024.111119",FALSE,FALSE,"Elsevier BV","iScience","2589-0042","2589-0042",NA,"2589-0042","http://creativecommons.org/licenses/by/4.0/",TRUE,"39493882","PMC11530855",NA,NA,TRUE,"els2023deal","04xfq0f34_els2023deal_2024"
"RWTH Aachen",2024,2268.4,"10.1016/j.jhepr.2024.101243",FALSE,FALSE,"Elsevier BV","JHEP Reports","2589-5559","2589-5559",NA,"2589-5559","http://creativecommons.org/licenses/by-nc-nd/4.0/",TRUE,"39687601","PMC11647476",NA,NA,TRUE,"els2023deal","04xfq0f34_els2023deal_2024"
"RWTH Aachen",2024,1498,"10.1016/j.jpra.2024.07.013",FALSE,FALSE,"Elsevier BV","JPRAS Open","2352-5878","2352-5878",NA,"2352-5878","http://creativecommons.org/licenses/by/4.0/",TRUE,"39687861","PMC11648642",NA,NA,TRUE,"els2023deal","04xfq0f34_els2023deal_2024"
"RWTH Aachen",2024,2224.53,"10.1016/j.matdes.2024.113491",FALSE,FALSE,"Elsevier BV","Materials & Design","0264-1275","0264-1275",NA,"0264-1275","http://creativecommons.org/licenses/by/4.0/",TRUE,NA,NA,NA,NA,TRUE,"els2023deal","04xfq0f34_els2023deal_2024"
"RWTH Aachen",2024,2525.2,"10.1016/j.nbt.2024.09.008",FALSE,FALSE,"Elsevier BV","New Biotechnology","1871-6784","1871-6784",NA,"1871-6784","http://creativecommons.org/licenses/by/4.0/",TRUE,"39374895",NA,NA,NA,TRUE,"els2023deal","04xfq0f34_els2023deal_2024"
"RWTH Aachen",2024,2756.32,"10.1016/j.phrs.2024.107560",FALSE,FALSE,"Elsevier BV","Pharmacological Research","1043-6618","1043-6618",NA,"1043-6618","http://creativecommons.org/licenses/by-nc/4.0/",TRUE,"39730106",NA,NA,NA,FALSE,"els2023deal","04xfq0f34_els2023deal_2024"
"RWTH Aachen",2024,NA,"10.1177/0734242x241237197",TRUE,FALSE,"SAGE Publications","Waste Management & Research","0734-242X","0734-242X","1096-3669","1096-3669","https://creativecommons.org/licenses/by/4.0/",TRUE,"38628082","PMC11370193",NA,NA,FALSE,"sage2024gac","04xfq0f34_sage2024gac_2024"
"RWTH Aachen",2024,NA,"10.1177/17470218241256361",TRUE,FALSE,"SAGE Publications","The Quarterly Journal of Experimental Psychology","1747-0218","1747-0218","1747-0226","1747-0218","https://creativecommons.org/licenses/by/4.0/",TRUE,"38724482","PMC12095880",NA,NA,FALSE,"sage2024gac","04xfq0f34_sage2024gac_2024"
"RWTH Aachen",2024,NA,"10.1177/00076503241255082",TRUE,FALSE,"SAGE Publications","Business & Society","0007-6503","0007-6503","1552-4205","0007-6503","https://creativecommons.org/licenses/by-nc/4.0/",TRUE,NA,NA,NA,NA,FALSE,"sage2024gac","04xfq0f34_sage2024gac_2024"
"RWTH Aachen",2024,NA,"10.1177/14780771241260852",TRUE,FALSE,"SAGE Publications","International Journal of Architectural Computing","1478-0771","1478-0771","2048-3988","1478-0771","https://creativecommons.org/licenses/by-nc/4.0/",TRUE,NA,NA,NA,NA,FALSE,"sage2024gac","04xfq0f34_sage2024gac_2024"
"RWTH Aachen",2024,NA,"10.1177/14767503241260963",TRUE,FALSE,"SAGE Publications","Action Research","1476-7503","1476-7503","1741-2617","1476-7503","https://creativecommons.org/licenses/by-nc/4.0/",TRUE,NA,NA,NA,NA,FALSE,"sage2024gac","04xfq0f34_sage2024gac_2024"
"RWTH Aachen",2024,NA,"10.1177/10775463241262054",TRUE,FALSE,"SAGE Publications","Journal of Vibration and Control","1077-5463","1077-5463","1741-2986","1077-5463","https://creativecommons.org/licenses/by-nc/4.0/",TRUE,NA,NA,NA,NA,FALSE,"sage2024gac","04xfq0f34_sage2024gac_2024"
"RWTH Aachen",2024,NA,"10.1177/07316844241264598",TRUE,FALSE,"SAGE Publications","Journal of Reinforced Plastics and Composites","0731-6844","0731-6844","1530-7964","0731-6844","https://creativecommons.org/licenses/by/4.0/",TRUE,NA,NA,NA,NA,FALSE,"sage2024gac","04xfq0f34_sage2024gac_2024"
"RWTH Aachen",2024,NA,"10.1177/03611981241265843",TRUE,FALSE,"SAGE Publications","Transportation Research Record: Journal of the Transportation Research Board","0361-1981","0361-1981","2169-4052","0361-1981","https://creativecommons.org/licenses/by/4.0/",TRUE,NA,NA,NA,NA,FALSE,"sage2024gac","04xfq0f34_sage2024gac_2024"
"RWTH Aachen",2024,NA,"10.1177/10860266241268343",TRUE,FALSE,"SAGE Publications","Organization & Environment","1086-0266","1086-0266","1552-7417","1086-0266","https://creativecommons.org/licenses/by/4.0/",TRUE,NA,NA,NA,NA,FALSE,"sage2024gac","04xfq0f34_sage2024gac_2024"
"RWTH Aachen",2024,NA,"10.1177/02692163241270915",TRUE,FALSE,"SAGE Publications","Palliative Medicine","0269-2163","0269-2163","1477-030X","0269-2163","https://creativecommons.org/licenses/by-nc/4.0/",TRUE,"39155820","PMC11528942",NA,NA,FALSE,"sage2024gac","04xfq0f34_sage2024gac_2024"
"RWTH Aachen",2024,NA,"10.1177/02692163241271049",TRUE,FALSE,"SAGE Publications","Palliative Medicine","0269-2163","0269-2163","1477-030X","0269-2163","https://creativecommons.org/licenses/by-nc/4.0/",TRUE,"39248200","PMC11528922",NA,NA,FALSE,"sage2024gac","04xfq0f34_sage2024gac_2024"
"RWTH Aachen",2024,NA,"10.1177/00218863241285033",TRUE,FALSE,"SAGE Publications","The Journal of Applied Behavioral Science","0021-8863","0021-8863","1552-6879","0021-8863","https://creativecommons.org/licenses/by/4.0/",TRUE,NA,NA,NA,NA,FALSE,"sage2024gac","04xfq0f34_sage2024gac_2024"
"RWTH Aachen",2024,NA,"10.3102/10769986241283687",TRUE,FALSE,"American Educational Research Association (AERA)","Journal of Educational and Behavioral Statistics","1076-9986","1076-9986","1935-1054","1076-9986","https://creativecommons.org/licenses/by-nc/4.0/",TRUE,NA,NA,NA,NA,FALSE,"sage2024gac","04xfq0f34_sage2024gac_2024"
"RWTH Aachen",2024,NA,"10.1177/00187208241296830",TRUE,FALSE,"SAGE Publications","Human Factors: The Journal of the Human Factors and Ergonomics Society","0018-7208","0018-7208","1547-8181","0018-7208","https://creativecommons.org/licenses/by/4.0/",TRUE,"39477348","PMC12049591",NA,NA,FALSE,"sage2024gac","04xfq0f34_sage2024gac_2024"
"RWTH Aachen",2024,NA,"10.1177/17470218241295524",TRUE,FALSE,"SAGE Publications","The Quarterly Journal of Experimental Psychology","1747-0218","1747-0218","1747-0226","1747-0218","https://creativecommons.org/licenses/by/4.0/",TRUE,"39439100","PMC13168612",NA,NA,FALSE,"sage2024gac","04xfq0f34_sage2024gac_2024"
"RWTH Aachen",2024,NA,"10.1177/87560879241312320",TRUE,FALSE,"SAGE Publications","Journal of Plastic Film & Sheeting","8756-0879","8756-0879","1530-8014","1530-8014","https://creativecommons.org/licenses/by/4.0/",TRUE,NA,NA,NA,NA,FALSE,"sage2024gac","04xfq0f34_sage2024gac_2024"
"RWTH Aachen",2024,NA,"10.1177/00076503241310700",TRUE,FALSE,"SAGE Publications","Business & Society","0007-6503","0007-6503","1552-4205","0007-6503","https://creativecommons.org/licenses/by-nc/4.0/",TRUE,NA,NA,NA,NA,FALSE,"sage2024gac","04xfq0f34_sage2024gac_2024"
"RWTH Aachen",2024,NA,"10.1177/00219983241312905",TRUE,FALSE,"SAGE Publications","Journal of Composite Materials","0021-9983","0021-9983","1530-793X","0021-9983","https://creativecommons.org/licenses/by-nc/4.0/",TRUE,NA,NA,NA,NA,FALSE,"sage2024gac","04xfq0f34_sage2024gac_2024"
"RWTH Aachen",2024,NA,"10.1007/s00013-023-01948-w",TRUE,FALSE,"Springer Nature","Archiv der Mathematik","0003-889X","0003-889X","1420-8938","0003-889X","https://creativecommons.org/licenses/by/4.0",TRUE,NA,NA,NA,NA,FALSE,"sn2024deal","04xfq0f34_sn2024deal_2024"
"RWTH Aachen",2024,NA,"10.1007/s00029-024-01007-4",TRUE,FALSE,"Springer Nature","Selecta Mathematica","1022-1824","1022-1824","1420-9020","1022-1824","https://www.springernature.com/gp/researchers/text-and-data-mining",TRUE,NA,NA,NA,NA,FALSE,"sn2024deal","04xfq0f34_sn2024deal_2024"
"RWTH Aachen",2024,NA,"10.1007/s00041-024-10132-9",TRUE,FALSE,"Springer Nature","Journal of Fourier Analysis and Applications","1069-5869","1069-5869","1531-5851","1069-5869","https://creativecommons.org/licenses/by/4.0",TRUE,NA,NA,NA,NA,FALSE,"sn2024deal","04xfq0f34_sn2024deal_2024"
"RWTH Aachen",2024,NA,"10.1007/s00056-024-00541-2",TRUE,FALSE,"Springer Nature","Journal of Orofacial Orthopedics / Fortschritte der Kieferorthopädie","1434-5293","1434-5293","1615-6714","1434-5293","https://creativecommons.org/licenses/by/4.0",TRUE,"39093345","PMC12394258",NA,NA,FALSE,"sn2024deal","04xfq0f34_sn2024deal_2024"
"RWTH Aachen",2024,NA,"10.1007/s00062-024-01424-0",TRUE,FALSE,"Springer Nature","Clinical Neuroradiology","1869-1439","1869-1439","1869-1447","1869-1439","https://creativecommons.org/licenses/by/4.0",TRUE,"38819643","PMC11564371",NA,NA,FALSE,"sn2024deal","04xfq0f34_sn2024deal_2024"
"RWTH Aachen",2024,NA,"10.1007/s00062-024-01449-5",TRUE,FALSE,"Springer Nature","Clinical Neuroradiology","1869-1439","1869-1439","1869-1447","1869-1439","https://creativecommons.org/licenses/by/4.0",TRUE,"39134674","PMC11832557",NA,NA,FALSE,"sn2024deal","04xfq0f34_sn2024deal_2024"
"RWTH Aachen",2024,NA,"10.1007/s00066-024-02197-8",TRUE,FALSE,"Springer Nature","Strahlentherapie und Onkologie","0179-7158","0179-7158","1439-099X","0179-7158","https://creativecommons.org/licenses/by/4.0",TRUE,"38315236","PMC11186874",NA,NA,FALSE,"sn2024deal","04xfq0f34_sn2024deal_2024"
"RWTH Aachen",2024,NA,"10.1007/s00066-024-02235-5",TRUE,FALSE,"Springer Nature","Strahlentherapie und Onkologie","0179-7158","0179-7158","1439-099X","0179-7158","https://creativecommons.org/licenses/by/4.0",TRUE,"38689147","PMC11272809",NA,NA,FALSE,"sn2024deal","04xfq0f34_sn2024deal_2024"
"RWTH Aachen",2024,NA,"10.1007/s00068-024-02453-7",TRUE,FALSE,"Springer Nature","European Journal of Trauma and Emergency Surgery","1863-9933","1863-9933","1863-9941","1863-9933","https://creativecommons.org/licenses/by/4.0",TRUE,"38286949","PMC11035450",NA,NA,FALSE,"sn2024deal","04xfq0f34_sn2024deal_2024"
"RWTH Aachen",2024,NA,"10.1007/s00068-024-02585-w",TRUE,FALSE,"Springer Nature","European Journal of Trauma and Emergency Surgery","1863-9933","1863-9933","1863-9941","1863-9933","https://creativecommons.org/licenses/by/4.0",TRUE,"38940951","PMC11599361",NA,NA,FALSE,"sn2024deal","04xfq0f34_sn2024deal_2024"
"RWTH Aachen",2024,NA,"10.1007/s00068-024-02645-1",TRUE,FALSE,"Springer Nature","European Journal of Trauma and Emergency Surgery","1863-9933","1863-9933","1863-9941","1863-9933","https://creativecommons.org/licenses/by/4.0",TRUE,"39212727","PMC11599358",NA,NA,FALSE,"sn2024deal","04xfq0f34_sn2024deal_2024"
"RWTH Aachen",2024,NA,"10.1007/s00101-024-01380-x",TRUE,FALSE,"Springer Nature","Die Anaesthesiologie","2731-6858","2731-6858","2731-6866","2731-6858","https://creativecommons.org/licenses/by/4.0",TRUE,"38334810","PMC10920418",NA,NA,FALSE,"sn2024deal","04xfq0f34_sn2024deal_2024"
"RWTH Aachen",2024,NA,"10.1007/s00101-024-01387-4",TRUE,FALSE,"Springer Nature","Die Anaesthesiologie","2731-6858","2731-6858","2731-6866","2731-6858","https://creativecommons.org/licenses/by/4.0",TRUE,"38366156",NA,NA,NA,FALSE,"sn2024deal","04xfq0f34_sn2024deal_2024"
"RWTH Aachen",2024,NA,"10.1007/s00103-024-03851-3",TRUE,FALSE,"Springer Nature","Bundesgesundheitsblatt - Gesundheitsforschung - Gesundheitsschutz","1436-9990","1436-9990","1437-1588","1436-9990","https://creativecommons.org/licenses/by/4.0",TRUE,"38478025","PMC11093782",NA,NA,FALSE,"sn2024deal","04xfq0f34_sn2024deal_2024"
"RWTH Aachen",2024,NA,"10.1007/s00103-024-03856-y",TRUE,FALSE,"Springer Nature","Bundesgesundheitsblatt - Gesundheitsforschung - Gesundheitsschutz","1436-9990","1436-9990","1437-1588","1436-9990","https://creativecommons.org/licenses/by/4.0",TRUE,"38498187","PMC10995062",NA,NA,FALSE,"sn2024deal","04xfq0f34_sn2024deal_2024"
"RWTH Aachen",2024,NA,"10.1007/s00103-024-03870-0",TRUE,FALSE,"Springer Nature","Bundesgesundheitsblatt - Gesundheitsforschung - Gesundheitsschutz","1436-9990","1436-9990","1437-1588","1436-9990","https://creativecommons.org/licenses/by/4.0",TRUE,"38639815","PMC11166768",NA,NA,FALSE,"sn2024deal","04xfq0f34_sn2024deal_2024"
"RWTH Aachen",2024,NA,"10.1007/s00106-023-01404-9",TRUE,FALSE,"Springer Nature","HNO","0017-6192","0017-6192","1433-0458","0017-6192","https://creativecommons.org/licenses/by/4.0",TRUE,"38214716","PMC11116201",NA,NA,FALSE,"sn2024deal","04xfq0f34_sn2024deal_2024"
"RWTH Aachen",2024,NA,"10.1007/s00113-024-01428-y",TRUE,FALSE,"Springer Nature","Die Unfallchirurgie","2731-7021","2731-7021","2731-703X","2731-7021","https://creativecommons.org/licenses/by/4.0",TRUE,"38634870","PMC11133181",NA,NA,FALSE,"sn2024deal","04xfq0f34_sn2024deal_2024"
"RWTH Aachen",2024,NA,"10.1007/s00115-024-01681-x",TRUE,FALSE,"Springer Nature","Der Nervenarzt","0028-2804","0028-2804","1433-0407","0028-2804","https://creativecommons.org/licenses/by/4.0",TRUE,"38861016","PMC11297048",NA,NA,FALSE,"sn2024deal","04xfq0f34_sn2024deal_2024"
"RWTH Aachen",2024,NA,"10.1007/s00115-024-01726-1",TRUE,FALSE,"Springer Nature","Der Nervenarzt","0028-2804","0028-2804","1433-0407","0028-2804","https://creativecommons.org/licenses/by/4.0",TRUE,"39186106","PMC11876219",NA,NA,FALSE,"sn2024deal","04xfq0f34_sn2024deal_2024"
"RWTH Aachen",2024,NA,"10.1007/s00115-024-01753-y",TRUE,FALSE,"Springer Nature","Der Nervenarzt","0028-2804","0028-2804","1433-0407","0028-2804","https://creativecommons.org/licenses/by/4.0",TRUE,"39365441","PMC11611982",NA,NA,FALSE,"sn2024deal","04xfq0f34_sn2024deal_2024"
"RWTH Aachen",2024,NA,"10.1007/s00115-024-01756-9",TRUE,FALSE,"Springer Nature","Der Nervenarzt","0028-2804","0028-2804","1433-0407","0028-2804","https://creativecommons.org/licenses/by/4.0",TRUE,"39400712","PMC11772401",NA,NA,FALSE,"sn2024deal","04xfq0f34_sn2024deal_2024"
"RWTH Aachen",2024,NA,"10.1007/s00161-024-01288-2",TRUE,FALSE,"Springer Nature","Continuum Mechanics and Thermodynamics","0935-1175","0935-1175","1432-0959","0935-1175","https://creativecommons.org/licenses/by/4.0",TRUE,NA,NA,NA,NA,FALSE,"sn2024deal","04xfq0f34_sn2024deal_2024"
"RWTH Aachen",2024,NA,"10.1007/s00162-023-00683-w",TRUE,FALSE,"Springer Nature","Theoretical and Computational Fluid Dynamics","0935-4964","0935-4964","1432-2250","0935-4964","https://creativecommons.org/licenses/by/4.0",TRUE,NA,NA,NA,NA,FALSE,"sn2024deal","04xfq0f34_sn2024deal_2024"
"RWTH Aachen",2024,NA,"10.1007/s00170-024-13969-y",TRUE,FALSE,"Springer Nature","The International Journal of Advanced Manufacturing Technology","0268-3768","0268-3768","1433-3015","0268-3768","https://creativecommons.org/licenses/by/4.0",TRUE,NA,NA,NA,NA,FALSE,"sn2024deal","04xfq0f34_sn2024deal_2024"
"RWTH Aachen",2024,NA,"10.1007/s00170-024-14270-8",TRUE,FALSE,"Springer Nature","The International Journal of Advanced Manufacturing Technology","0268-3768","0268-3768","1433-3015","0268-3768","https://creativecommons.org/licenses/by/4.0",TRUE,NA,NA,NA,NA,FALSE,"sn2024deal","04xfq0f34_sn2024deal_2024"
"RWTH Aachen",2024,NA,"10.1007/s00170-024-14406-w",TRUE,FALSE,"Springer Nature","The International Journal of Advanced Manufacturing Technology","0268-3768","0268-3768","1433-3015","0268-3768","https://creativecommons.org/licenses/by/4.0",TRUE,NA,NA,NA,NA,FALSE,"sn2024deal","04xfq0f34_sn2024deal_2024"
"RWTH Aachen",2024,NA,"10.1007/s00170-024-14683-5",TRUE,FALSE,"Springer Nature","The International Journal of Advanced Manufacturing Technology","0268-3768","0268-3768","1433-3015","0268-3768","https://creativecommons.org/licenses/by/4.0",TRUE,NA,NA,NA,NA,FALSE,"sn2024deal","04xfq0f34_sn2024deal_2024"
"RWTH Aachen",2024,NA,"10.1007/s00184-024-00960-6",TRUE,FALSE,"Springer Nature","Metrika","0026-1335","0026-1335","1435-926X","0026-1335","https://creativecommons.org/licenses/by/4.0",TRUE,NA,NA,NA,NA,FALSE,"sn2024deal","04xfq0f34_sn2024deal_2024"
"RWTH Aachen",2024,NA,"10.1007/s00204-024-03764-9",TRUE,FALSE,"Springer Nature","Archives of Toxicology","0340-5761","0340-5761","1432-0738","0340-5761","https://creativecommons.org/licenses/by/4.0",TRUE,"38722347","PMC11272695",NA,NA,FALSE,"sn2024deal","04xfq0f34_sn2024deal_2024"
"RWTH Aachen",2024,NA,"10.1007/s00204-024-03836-w",TRUE,FALSE,"Springer Nature","Archives of Toxicology","0340-5761","0340-5761","1432-0738","0340-5761","https://creativecommons.org/licenses/by/4.0",TRUE,"39136732","PMC11489226",NA,NA,FALSE,"sn2024deal","04xfq0f34_sn2024deal_2024"
"RWTH Aachen",2024,NA,"10.1007/s00220-023-04920-5",TRUE,FALSE,"Springer Nature","Communications in Mathematical Physics","0010-3616","0010-3616","1432-0916","0010-3616","https://creativecommons.org/licenses/by/4.0",TRUE,NA,NA,NA,NA,FALSE,"sn2024deal","04xfq0f34_sn2024deal_2024"
"RWTH Aachen",2024,NA,"10.1007/s00228-024-03739-w",TRUE,FALSE,"Springer Nature","European Journal of Clinical Pharmacology","0031-6970","0031-6970","1432-1041","0031-6970","https://creativecommons.org/licenses/by/4.0",TRUE,"39158691","PMC11458730",NA,NA,FALSE,"sn2024deal","04xfq0f34_sn2024deal_2024"
"RWTH Aachen",2024,NA,"10.1007/s00259-024-06659-0",TRUE,FALSE,"Springer Nature","European Journal of Nuclear Medicine and Molecular Imaging","1619-7070","1619-7070","1619-7089","1619-7070","https://creativecommons.org/licenses/by/4.0",TRUE,"38403723","PMC11178651",NA,NA,FALSE,"sn2024deal","04xfq0f34_sn2024deal_2024"
"RWTH Aachen",2024,NA,"10.1007/s00270-024-03810-0",TRUE,FALSE,"Springer Nature","CardioVascular and Interventional Radiology","0174-1551","0174-1551","1432-086X","0174-1551","https://www.springernature.com/gp/researchers/text-and-data-mining",TRUE,"39009843",NA,NA,NA,FALSE,"sn2024deal","04xfq0f34_sn2024deal_2024"
"RWTH Aachen",2024,NA,"10.1007/s00270-024-03847-1",TRUE,FALSE,"Springer Nature","CardioVascular and Interventional Radiology","0174-1551","0174-1551","1432-086X","0174-1551","https://creativecommons.org/licenses/by/4.0",TRUE,"39227427","PMC11486824",NA,NA,FALSE,"sn2024deal","04xfq0f34_sn2024deal_2024"
"RWTH Aachen",2024,NA,"10.1007/s00277-024-05650-x",TRUE,FALSE,"Springer Nature","Annals of Hematology","0939-5555","0939-5555","1432-0584","0939-5555","https://creativecommons.org/licenses/by/4.0",TRUE,"38336973","PMC10940467",NA,NA,TRUE,"sn2024deal","04xfq0f34_sn2024deal_2024"
"RWTH Aachen",2024,NA,"10.1007/s00287-024-01574-y",TRUE,FALSE,"Springer Nature","Informatik-Spektrum","0170-6012","0170-6012","1432-122X","0170-6012","https://creativecommons.org/licenses/by/4.0",TRUE,NA,NA,NA,NA,FALSE,"sn2024deal","04xfq0f34_sn2024deal_2024"
"RWTH Aachen",2024,NA,"10.1007/s00292-024-01307-8",TRUE,FALSE,"Springer Nature","Die Pathologie","2731-7188","2731-7188","2731-7196","2731-7188","https://creativecommons.org/licenses/by/4.0",TRUE,"38427066","PMC11045591",NA,NA,FALSE,"sn2024deal","04xfq0f34_sn2024deal_2024"
"RWTH Aachen",2024,NA,"10.1007/s00292-024-01398-3",TRUE,FALSE,"Springer Nature","Die Pathologie","2731-7188","2731-7188","2731-7196","2731-7188","https://creativecommons.org/licenses/by/4.0",TRUE,"39636319","PMC11861236",NA,NA,FALSE,"sn2024deal","04xfq0f34_sn2024deal_2024"
"RWTH Aachen",2024,NA,"10.1007/s00296-024-05757-4",TRUE,FALSE,"Springer Nature","Rheumatology International","1437-160X",NA,"1437-160X","0172-8172","https://creativecommons.org/licenses/by/4.0",TRUE,"39718586","PMC11668861",NA,NA,FALSE,"sn2024deal","04xfq0f34_sn2024deal_2024"
"RWTH Aachen",2024,NA,"10.1007/s00330-024-10727-2",TRUE,FALSE,"Springer Nature","European Radiology","1432-1084",NA,"1432-1084","0938-7994","https://creativecommons.org/licenses/by/4.0",TRUE,"38627289","PMC11399201",NA,NA,FALSE,"sn2024deal","04xfq0f34_sn2024deal_2024"
"RWTH Aachen",2024,NA,"10.1007/s00330-024-10853-x",TRUE,FALSE,"Springer Nature","European Radiology","1432-1084",NA,"1432-1084","0938-7994","https://creativecommons.org/licenses/by/4.0",TRUE,"39088043","PMC11782449",NA,NA,FALSE,"sn2024deal","04xfq0f34_sn2024deal_2024"
"RWTH Aachen",2024,NA,"10.1007/s00330-024-11115-6",TRUE,FALSE,"Springer Nature","European Radiology","1432-1084",NA,"1432-1084","0938-7994","https://creativecommons.org/licenses/by/4.0",TRUE,"39422726","PMC11836096",NA,NA,FALSE,"sn2024deal","04xfq0f34_sn2024deal_2024"
"RWTH Aachen",2024,NA,"10.1007/s00359-023-01685-z",TRUE,FALSE,"Springer Nature","Journal of Comparative Physiology A","0340-7594","0340-7594","1432-1351","0340-7594","https://creativecommons.org/licenses/by/4.0",TRUE,"38227005","PMC10995084",NA,NA,FALSE,"sn2024deal","04xfq0f34_sn2024deal_2024"
"RWTH Aachen",2024,NA,"10.1007/s00366-024-01967-3",TRUE,FALSE,"Springer Nature","Engineering with Computers","0177-0667","0177-0667","1435-5663","0177-0667","https://creativecommons.org/licenses/by/4.0",TRUE,NA,NA,NA,NA,FALSE,"sn2024deal","04xfq0f34_sn2024deal_2024"
"RWTH Aachen",2024,NA,"10.1007/s00366-024-02089-6",TRUE,FALSE,"Springer Nature","Engineering with Computers","0177-0667","0177-0667","1435-5663","0177-0667","https://creativecommons.org/licenses/by/4.0",TRUE,NA,NA,NA,NA,FALSE,"sn2024deal","04xfq0f34_sn2024deal_2024"
"RWTH Aachen",2024,NA,"10.1007/s00393-024-01550-7",TRUE,FALSE,"Springer Nature","Zeitschrift für Rheumatologie","0340-1855","0340-1855","1435-1250","0340-1855","https://creativecommons.org/licenses/by/4.0",TRUE,"39150508","PMC11965217",NA,NA,FALSE,"sn2024deal","04xfq0f34_sn2024deal_2024"
"RWTH Aachen",2024,NA,"10.1007/s00396-024-05333-z",TRUE,FALSE,"Springer Nature","Colloid and Polymer Science","0303-402X","0303-402X","1435-1536","0303-402X","https://creativecommons.org/licenses/by/4.0",TRUE,"40978163","PMC12443920",NA,NA,FALSE,"sn2024deal","04xfq0f34_sn2024deal_2024"
"RWTH Aachen",2024,NA,"10.1007/s00404-024-07505-2",TRUE,FALSE,"Springer Nature","Archives of Gynecology and Obstetrics","1432-0711",NA,"1432-0711","0932-0067","https://creativecommons.org/licenses/by/4.0",TRUE,"38652310","PMC11169000",NA,NA,TRUE,"sn2024deal","04xfq0f34_sn2024deal_2024"
"RWTH Aachen",2024,NA,"10.1007/s00404-024-07519-w",TRUE,FALSE,"Springer Nature","Archives of Gynecology and Obstetrics","1432-0711",NA,"1432-0711","0932-0067","https://creativecommons.org/licenses/by/4.0",TRUE,"38703281","PMC11169031",NA,NA,TRUE,"sn2024deal","04xfq0f34_sn2024deal_2024"
"RWTH Aachen",2024,NA,"10.1007/s00404-024-07878-4",TRUE,FALSE,"Springer Nature","Archives of Gynecology and Obstetrics","1432-0711",NA,"1432-0711","0932-0067","https://creativecommons.org/licenses/by/4.0",TRUE,"39725706","PMC12033099",NA,NA,TRUE,"sn2024deal","04xfq0f34_sn2024deal_2024"
"RWTH Aachen",2024,NA,"10.1007/s00405-024-08476-5",TRUE,FALSE,"Springer Nature","European Archives of Oto-Rhino-Laryngology","0937-4477","0937-4477","1434-4726","0937-4477","https://www.springernature.com/gp/researchers/text-and-data-mining",TRUE,"38329525",NA,NA,NA,FALSE,"sn2024deal","04xfq0f34_sn2024deal_2024"
"RWTH Aachen",2024,NA,"10.1007/s00415-024-12429-7",TRUE,FALSE,"Springer Nature","Journal of Neurology","0340-5354","0340-5354","1432-1459","0340-5354","https://creativecommons.org/licenses/by/4.0",TRUE,"38769257","PMC11561048",NA,NA,FALSE,"sn2024deal","04xfq0f34_sn2024deal_2024"
"RWTH Aachen",2024,NA,"10.1007/s00417-024-06452-7",TRUE,FALSE,"Springer Nature","Graefe's Archive for Clinical and Experimental Ophthalmology","0721-832X","0721-832X","1435-702X","0721-832X","https://creativecommons.org/licenses/by/4.0",TRUE,"38530450","PMC11377527",NA,NA,FALSE,"sn2024deal","04xfq0f34_sn2024deal_2024"
"RWTH Aachen",2024,NA,"10.1007/s00424-023-02902-z",TRUE,FALSE,"Springer Nature","Pflügers Archiv - European Journal of Physiology","0031-6768","0031-6768","1432-2013","0031-6768","https://creativecommons.org/licenses/by/4.0",TRUE,"38175291","PMC11006730",NA,NA,FALSE,"sn2024deal","04xfq0f34_sn2024deal_2024"
"RWTH Aachen",2024,NA,"10.1007/s00424-024-02945-w",TRUE,FALSE,"Springer Nature","Pflügers Archiv - European Journal of Physiology","0031-6768","0031-6768","1432-2013","0031-6768","https://creativecommons.org/licenses/by/4.0",TRUE,"38538988","PMC11139713",NA,NA,FALSE,"sn2024deal","04xfq0f34_sn2024deal_2024"
"RWTH Aachen",2024,NA,"10.1007/s00424-024-02964-7",TRUE,FALSE,"Springer Nature","Pflügers Archiv - European Journal of Physiology","0031-6768","0031-6768","1432-2013","0031-6768","https://creativecommons.org/licenses/by/4.0",TRUE,"38627262","PMC11139714",NA,NA,FALSE,"sn2024deal","04xfq0f34_sn2024deal_2024"
"RWTH Aachen",2024,NA,"10.1007/s00424-024-03002-2",TRUE,FALSE,"Springer Nature","Pflügers Archiv - European Journal of Physiology","0031-6768","0031-6768","1432-2013","0031-6768","https://creativecommons.org/licenses/by/4.0",TRUE,"39095655","PMC11958429",NA,NA,FALSE,"sn2024deal","04xfq0f34_sn2024deal_2024"
"RWTH Aachen",2024,NA,"10.1007/s00426-024-01992-3",TRUE,FALSE,"Springer Nature","Psychological Research","0340-0727","0340-0727","1430-2772","0340-0727","https://creativecommons.org/licenses/by/4.0",TRUE,"38922395","PMC11533919",NA,NA,FALSE,"sn2024deal","04xfq0f34_sn2024deal_2024"
"RWTH Aachen",2024,NA,"10.1007/s00449-024-03117-x",TRUE,FALSE,"Springer Nature","Bioprocess and Biosystems Engineering","1615-7591","1615-7591","1615-7605","1615-7591","https://creativecommons.org/licenses/by/4.0",TRUE,"39680140","PMC11865135",NA,NA,FALSE,"sn2024deal","04xfq0f34_sn2024deal_2024"
"RWTH Aachen",2024,NA,"10.1007/s00466-024-02558-1",TRUE,FALSE,"Springer Nature","Computational Mechanics","0178-7675","0178-7675","1432-0924","0178-7675","https://creativecommons.org/licenses/by/4.0",TRUE,NA,NA,NA,NA,FALSE,"sn2024deal","04xfq0f34_sn2024deal_2024"
"RWTH Aachen",2024,NA,"10.1007/s00481-024-00838-1",TRUE,FALSE,"Springer Nature","Ethik in der Medizin","0935-7335","0935-7335","1437-1618","0935-7335","https://creativecommons.org/licenses/by/4.0",TRUE,NA,NA,NA,NA,FALSE,"sn2024deal","04xfq0f34_sn2024deal_2024"
"RWTH Aachen",2024,NA,"10.1007/s00482-024-00828-8",TRUE,FALSE,"Springer Nature","Der Schmerz","0932-433X","0932-433X","1432-2129","0932-433X","https://creativecommons.org/licenses/by/4.0",TRUE,"39313711","PMC12858491",NA,NA,FALSE,"sn2024deal","04xfq0f34_sn2024deal_2024"
"RWTH Aachen",2024,NA,"10.1007/s00501-023-01420-w",TRUE,FALSE,"Springer Nature","BHM Berg- und Hüttenmännische Monatshefte","0005-8912","0005-8912","1613-7531","0005-8912","https://creativecommons.org/licenses/by/4.0",TRUE,NA,NA,NA,NA,FALSE,"sn2024deal","04xfq0f34_sn2024deal_2024"
"RWTH Aachen",2024,NA,"10.1007/s00501-024-01515-y",TRUE,FALSE,"Springer Nature","BHM Berg- und Hüttenmännische Monatshefte","0005-8912","0005-8912","1613-7531","0005-8912","https://creativecommons.org/licenses/by/4.0",TRUE,NA,NA,NA,NA,FALSE,"sn2024deal","04xfq0f34_sn2024deal_2024"
"RWTH Aachen",2024,NA,"10.1007/s00502-024-01236-7",TRUE,FALSE,"Springer Nature","e & i Elektrotechnik und Informationstechnik","0932-383X","0932-383X","1613-7620","0932-383X","https://creativecommons.org/licenses/by/4.0",TRUE,NA,NA,NA,NA,FALSE,"sn2024deal","04xfq0f34_sn2024deal_2024"
"RWTH Aachen",2024,NA,"10.1007/s00502-024-01300-2",TRUE,FALSE,"Springer Nature","e & i Elektrotechnik und Informationstechnik","0932-383X","0932-383X","1613-7620","0932-383X","https://creativecommons.org/licenses/by/4.0/deed.de",TRUE,NA,NA,NA,NA,FALSE,"sn2024deal","04xfq0f34_sn2024deal_2024"
"RWTH Aachen",2024,NA,"10.1007/s00520-024-08945-x",TRUE,FALSE,"Springer Nature","Supportive Care in Cancer","0941-4355","0941-4355","1433-7339","0941-4355","https://creativecommons.org/licenses/by/4.0",TRUE,"39453514","PMC11511742",NA,NA,FALSE,"sn2024deal","04xfq0f34_sn2024deal_2024"
"RWTH Aachen",2024,NA,"10.1007/s00531-023-02381-8",TRUE,FALSE,"Springer Nature","International Journal of Earth Sciences","1437-3254","1437-3254","1437-3262","1437-3254","https://creativecommons.org/licenses/by/4.0",TRUE,NA,NA,NA,NA,FALSE,"sn2024deal","04xfq0f34_sn2024deal_2024"
"RWTH Aachen",2024,NA,"10.1007/s00531-024-02384-z",TRUE,FALSE,"Springer Nature","International Journal of Earth Sciences","1437-3254","1437-3254","1437-3262","1437-3254","https://creativecommons.org/licenses/by/4.0",TRUE,NA,NA,NA,NA,FALSE,"sn2024deal","04xfq0f34_sn2024deal_2024"
"RWTH Aachen",2024,NA,"10.1007/s00531-024-02427-5",TRUE,FALSE,"Springer Nature","International Journal of Earth Sciences","1437-3254","1437-3254","1437-3262","1437-3254","https://creativecommons.org/licenses/by/4.0",TRUE,NA,NA,NA,NA,FALSE,"sn2024deal","04xfq0f34_sn2024deal_2024"
"RWTH Aachen",2024,NA,"10.1007/s00531-024-02444-4",TRUE,FALSE,"Springer Nature","International Journal of Earth Sciences","1437-3254","1437-3254","1437-3262","1437-3254","https://creativecommons.org/licenses/by/4.0",TRUE,NA,NA,NA,NA,FALSE,"sn2024deal","04xfq0f34_sn2024deal_2024"
"RWTH Aachen",2024,NA,"10.1007/s00586-024-08480-7",TRUE,FALSE,"Springer Nature","European Spine Journal","0940-6719","0940-6719","1432-0932","0940-6719","https://creativecommons.org/licenses/by/4.0",TRUE,"39342522",NA,NA,NA,FALSE,"sn2024deal","04xfq0f34_sn2024deal_2024"
"RWTH Aachen",2024,NA,"10.1007/s00701-024-06100-3",TRUE,FALSE,"Springer Nature","Acta Neurochirurgica","0942-0940",NA,"0942-0940","0001-6268","https://creativecommons.org/licenses/by/4.0",TRUE,"38849579","PMC11161429",NA,NA,TRUE,"sn2024deal","04xfq0f34_sn2024deal_2024"
"RWTH Aachen",2024,NA,"10.1007/s00767-023-00561-6",TRUE,FALSE,"Springer Nature","Grundwasser","1430-483X","1430-483X","1432-1165","1430-483X","https://creativecommons.org/licenses/by/4.0",TRUE,NA,NA,NA,NA,FALSE,"sn2024deal","04xfq0f34_sn2024deal_2024"
"RWTH Aachen",2024,NA,"10.1007/s00784-024-05619-0",TRUE,FALSE,"Springer Nature","Clinical Oral Investigations","1436-3771",NA,"1436-3771","1432-6981","https://creativecommons.org/licenses/by/4.0",TRUE,"38937381","PMC11211192",NA,NA,FALSE,"sn2024deal","04xfq0f34_sn2024deal_2024"
"RWTH Aachen",2024,NA,"10.1007/s00784-024-05781-5",TRUE,FALSE,"Springer Nature","Clinical Oral Investigations","1436-3771",NA,"1436-3771","1432-6981","https://creativecommons.org/licenses/by/4.0",TRUE,"38886242","PMC11182848",NA,NA,FALSE,"sn2024deal","04xfq0f34_sn2024deal_2024"
"RWTH Aachen",2024,NA,"10.1007/s00784-024-05825-w",TRUE,FALSE,"Springer Nature","Clinical Oral Investigations","1436-3771",NA,"1436-3771","1432-6981","https://creativecommons.org/licenses/by/4.0",TRUE,"39017918","PMC11255086",NA,NA,FALSE,"sn2024deal","04xfq0f34_sn2024deal_2024"
"RWTH Aachen",2024,NA,"10.1007/s00784-024-05862-5",TRUE,FALSE,"Springer Nature","Clinical Oral Investigations","1436-3771",NA,"1436-3771","1432-6981","https://creativecommons.org/licenses/by/4.0",TRUE,"39112646","PMC11306308",NA,NA,FALSE,"sn2024deal","04xfq0f34_sn2024deal_2024"
"RWTH Aachen",2024,NA,"10.1007/s00784-024-05983-x",TRUE,FALSE,"Springer Nature","Clinical Oral Investigations","1436-3771",NA,"1436-3771","1432-6981","https://creativecommons.org/licenses/by/4.0",TRUE,"39387914","PMC11467017",NA,NA,FALSE,"sn2024deal","04xfq0f34_sn2024deal_2024"
"RWTH Aachen",2024,NA,"10.1007/s10010-024-00724-8",TRUE,FALSE,"Springer Nature","Forschung im Ingenieurwesen","0015-7899","0015-7899","1434-0860","0015-7899","https://creativecommons.org/licenses/by/4.0",TRUE,NA,NA,NA,NA,FALSE,"sn2024deal","04xfq0f34_sn2024deal_2024"
"RWTH Aachen",2024,NA,"10.1007/s10010-024-00733-7",TRUE,FALSE,"Springer Nature","Forschung im Ingenieurwesen","0015-7899","0015-7899","1434-0860","0015-7899","https://creativecommons.org/licenses/by/4.0",TRUE,NA,NA,NA,NA,FALSE,"sn2024deal","04xfq0f34_sn2024deal_2024"
"RWTH Aachen",2024,NA,"10.1007/s10010-024-00740-8",TRUE,FALSE,"Springer Nature","Forschung im Ingenieurwesen","0015-7899","0015-7899","1434-0860","0015-7899","https://creativecommons.org/licenses/by/4.0",TRUE,NA,NA,NA,NA,FALSE,"sn2024deal","04xfq0f34_sn2024deal_2024"
"RWTH Aachen",2024,NA,"10.1007/s10035-024-01454-y",TRUE,FALSE,"Springer Nature","Granular Matter","1434-5021","1434-5021","1434-7636","1434-5021","https://creativecommons.org/licenses/by/4.0",TRUE,NA,NA,NA,NA,FALSE,"sn2024deal","04xfq0f34_sn2024deal_2024"
"RWTH Aachen",2024,NA,"10.1007/s10049-024-01371-w",TRUE,FALSE,"Springer Nature","Notfall + Rettungsmedizin","1434-6222","1434-6222","1436-0578","1434-6222","https://creativecommons.org/licenses/by/4.0",TRUE,NA,NA,NA,NA,FALSE,"sn2024deal","04xfq0f34_sn2024deal_2024"
"RWTH Aachen",2024,NA,"10.1007/s10107-023-02053-0",TRUE,FALSE,"Springer Nature","Mathematical Programming","0025-5610","0025-5610","1436-4646","0025-5610","https://creativecommons.org/licenses/by/4.0",TRUE,NA,NA,NA,NA,FALSE,"sn2024deal","04xfq0f34_sn2024deal_2024"
"RWTH Aachen",2024,NA,"10.1007/s10107-024-02135-7",TRUE,FALSE,"Springer Nature","Mathematical Programming","0025-5610","0025-5610","1436-4646","0025-5610","https://creativecommons.org/licenses/by/4.0",TRUE,NA,NA,NA,NA,FALSE,"sn2024deal","04xfq0f34_sn2024deal_2024"
"RWTH Aachen",2024,NA,"10.1007/s10115-024-02280-7",TRUE,FALSE,"Springer Nature","Knowledge and Information Systems","0219-1377","0219-1377","0219-3116","0219-3116","https://creativecommons.org/licenses/by/4.0",TRUE,NA,NA,NA,NA,FALSE,"sn2024deal","04xfq0f34_sn2024deal_2024"
"RWTH Aachen",2024,NA,"10.1007/s10203-024-00499-1",TRUE,FALSE,"Springer Nature","Decisions in Economics and Finance","1593-8883","1593-8883","1129-6569","1129-6569","https://creativecommons.org/licenses/by/4.0",TRUE,NA,NA,NA,NA,FALSE,"sn2024deal","04xfq0f34_sn2024deal_2024"
"RWTH Aachen",2024,NA,"10.1007/s10266-023-00886-x",TRUE,FALSE,"Springer Nature","Odontology","1618-1247","1618-1247","1618-1255","1618-1247","https://creativecommons.org/licenses/by/4.0",TRUE,"38367067","PMC11269350",NA,NA,FALSE,"sn2024deal","04xfq0f34_sn2024deal_2024"
"RWTH Aachen",2024,NA,"10.1007/s10270-024-01157-1",TRUE,FALSE,"Springer Nature","Software & Systems Modeling","1619-1366","1619-1366","1619-1374","1619-1366","https://creativecommons.org/licenses/by/4.0",TRUE,NA,NA,NA,NA,FALSE,"sn2024deal","04xfq0f34_sn2024deal_2024"
"RWTH Aachen",2024,NA,"10.1007/s10357-024-4331-1",TRUE,FALSE,"Springer Nature","Natur und Recht","0172-1631","0172-1631","1439-0515","0172-1631","https://creativecommons.org/licenses/by/4.0",TRUE,NA,NA,NA,NA,FALSE,"sn2024deal","04xfq0f34_sn2024deal_2024"
"RWTH Aachen",2024,NA,"10.1007/s10357-024-4397-9",TRUE,FALSE,"Springer Nature","Natur und Recht","0172-1631","0172-1631","1439-0515","0172-1631","https://creativecommons.org/licenses/by/4.0",TRUE,NA,NA,NA,NA,FALSE,"sn2024deal","04xfq0f34_sn2024deal_2024"
"RWTH Aachen",2024,NA,"10.1007/s10439-024-03632-8",TRUE,FALSE,"Springer Nature","Annals of Biomedical Engineering","0090-6964","0090-6964","1573-9686","0090-6964","https://creativecommons.org/licenses/by/4.0",TRUE,"39438348","PMC11805768",NA,NA,FALSE,"sn2024deal","04xfq0f34_sn2024deal_2024"
"RWTH Aachen",2024,NA,"10.1007/s10456-024-09910-2",TRUE,FALSE,"Springer Nature","Angiogenesis","0969-6970","0969-6970","1573-7209","0969-6970","https://creativecommons.org/licenses/by/4.0",TRUE,"38580869","PMC11303512",NA,NA,FALSE,"sn2024deal","04xfq0f34_sn2024deal_2024"
"RWTH Aachen",2024,NA,"10.1007/s10489-024-05573-0",TRUE,FALSE,"Springer Nature","Applied Intelligence","0924-669X","0924-669X","1573-7497","0924-669X","https://creativecommons.org/licenses/by/4.0",TRUE,NA,NA,NA,NA,FALSE,"sn2024deal","04xfq0f34_sn2024deal_2024"
"RWTH Aachen",2024,NA,"10.1007/s10515-024-00481-6",TRUE,FALSE,"Springer Nature","Automated Software Engineering","0928-8910","0928-8910","1573-7535","0928-8910","https://creativecommons.org/licenses/by/4.0",TRUE,NA,NA,NA,NA,FALSE,"sn2024deal","04xfq0f34_sn2024deal_2024"
"RWTH Aachen",2024,NA,"10.1007/s10518-024-02012-w",TRUE,FALSE,"Springer Nature","Bulletin of Earthquake Engineering","1570-761X","1570-761X","1573-1456","1570-761X","https://creativecommons.org/licenses/by/4.0",TRUE,NA,NA,NA,NA,FALSE,"sn2024deal","04xfq0f34_sn2024deal_2024"
"RWTH Aachen",2024,NA,"10.1007/s10529-024-03493-0",TRUE,FALSE,"Springer Nature","Biotechnology Letters","0141-5492","0141-5492","1573-6776","0141-5492","https://creativecommons.org/licenses/by/4.0",TRUE,"38758336","PMC11217090",NA,NA,FALSE,"sn2024deal","04xfq0f34_sn2024deal_2024"
"RWTH Aachen",2024,NA,"10.1007/s10567-024-00474-7",TRUE,FALSE,"Springer Nature","Clinical Child and Family Psychology Review","1096-4037","1096-4037","1573-2827","1096-4037","https://creativecommons.org/licenses/by/4.0",TRUE,"38615295","PMC11486823",NA,NA,FALSE,"sn2024deal","04xfq0f34_sn2024deal_2024"
"RWTH Aachen",2024,NA,"10.1007/s10661-024-13096-x",TRUE,FALSE,"Springer Nature","Environmental Monitoring and Assessment","0167-6369","0167-6369","1573-2959","0167-6369","https://creativecommons.org/licenses/by/4.0",TRUE,"39289215","PMC11408579",NA,NA,FALSE,"sn2024deal","04xfq0f34_sn2024deal_2024"
"RWTH Aachen",2024,NA,"10.1007/s10676-024-09792-4",TRUE,FALSE,"Springer Nature","Ethics and Information Technology","1388-1957","1388-1957","1572-8439","1388-1957","https://creativecommons.org/licenses/by/4.0",TRUE,NA,NA,NA,NA,FALSE,"sn2024deal","04xfq0f34_sn2024deal_2024"
"RWTH Aachen",2024,NA,"10.1007/s10676-024-09811-4",TRUE,FALSE,"Springer Nature","Ethics and Information Technology","1388-1957","1388-1957","1572-8439","1388-1957","https://creativecommons.org/licenses/by/4.0",TRUE,NA,NA,NA,NA,FALSE,"sn2024deal","04xfq0f34_sn2024deal_2024"
"RWTH Aachen",2024,NA,"10.1007/s10734-023-01164-z",TRUE,FALSE,"Springer Nature","Higher Education","0018-1560","0018-1560","1573-174X","0018-1560","https://creativecommons.org/licenses/by/4.0",TRUE,NA,NA,NA,NA,FALSE,"sn2024deal","04xfq0f34_sn2024deal_2024"
"RWTH Aachen",2024,NA,"10.1007/s10758-023-09720-3",TRUE,FALSE,"Springer Nature","Technology, Knowledge and Learning","2211-1662","2211-1662","2211-1670","2211-1662","https://creativecommons.org/licenses/by/4.0",TRUE,NA,NA,NA,NA,FALSE,"sn2024deal","04xfq0f34_sn2024deal_2024"
"RWTH Aachen",2024,NA,"10.1007/s10792-024-03325-0",TRUE,FALSE,"Springer Nature","International Ophthalmology","1573-2630",NA,"1573-2630","0165-5701","https://creativecommons.org/licenses/by/4.0",TRUE,"39400779","PMC11473546",NA,NA,FALSE,"sn2024deal","04xfq0f34_sn2024deal_2024"
"RWTH Aachen",2024,NA,"10.1007/s10805-024-09527-6",TRUE,FALSE,"Springer Nature","Journal of Academic Ethics","1570-1727","1570-1727","1572-8544","1570-1727","https://creativecommons.org/licenses/by/4.0",TRUE,NA,NA,NA,NA,FALSE,"sn2024deal","04xfq0f34_sn2024deal_2024"
"RWTH Aachen",2024,NA,"10.1007/s10825-023-02125-6",TRUE,FALSE,"Springer Nature","Journal of Computational Electronics","1569-8025","1569-8025","1572-8137","1569-8025","https://creativecommons.org/licenses/by/4.0",TRUE,NA,NA,NA,NA,FALSE,"sn2024deal","04xfq0f34_sn2024deal_2024"
"RWTH Aachen",2024,NA,"10.1007/s10836-024-06108-8",TRUE,FALSE,"Springer Nature","Journal of Electronic Testing","0923-8174","0923-8174","1573-0727","0923-8174","https://creativecommons.org/licenses/by/4.0",TRUE,NA,NA,NA,NA,FALSE,"sn2024deal","04xfq0f34_sn2024deal_2024"
"RWTH Aachen",2024,NA,"10.1007/s10844-024-00873-w",TRUE,FALSE,"Springer Nature","Journal of Intelligent Information Systems","0925-9902","0925-9902","1573-7675","0925-9902","https://creativecommons.org/licenses/by/4.0",TRUE,NA,NA,NA,NA,FALSE,"sn2024deal","04xfq0f34_sn2024deal_2024"
"RWTH Aachen",2024,NA,"10.1007/s10845-023-02309-8",TRUE,FALSE,"Springer Nature","Journal of Intelligent Manufacturing","0956-5515","0956-5515","1572-8145","0956-5515","https://creativecommons.org/licenses/by/4.0",TRUE,NA,NA,NA,NA,FALSE,"sn2024deal","04xfq0f34_sn2024deal_2024"
"RWTH Aachen",2024,NA,"10.1007/s10845-024-02405-3",TRUE,FALSE,"Springer Nature","Journal of Intelligent Manufacturing","0956-5515","0956-5515","1572-8145","0956-5515","https://creativecommons.org/licenses/by/4.0",TRUE,NA,NA,NA,NA,FALSE,"sn2024deal","04xfq0f34_sn2024deal_2024"
"RWTH Aachen",2024,NA,"10.1007/s10845-024-02425-z",TRUE,FALSE,"Springer Nature","Journal of Intelligent Manufacturing","0956-5515","0956-5515","1572-8145","0956-5515","https://creativecommons.org/licenses/by/4.0",TRUE,NA,NA,NA,NA,FALSE,"sn2024deal","04xfq0f34_sn2024deal_2024"
"RWTH Aachen",2024,NA,"10.1007/s10915-024-02478-5",TRUE,FALSE,"Springer Nature","Journal of Scientific Computing","0885-7474","0885-7474","1573-7691","0885-7474","https://creativecommons.org/licenses/by/4.0",TRUE,NA,NA,NA,NA,FALSE,"sn2024deal","04xfq0f34_sn2024deal_2024"
"RWTH Aachen",2024,NA,"10.1007/s10915-024-02673-4",TRUE,FALSE,"Springer Nature","Journal of Scientific Computing","0885-7474","0885-7474","1573-7691","0885-7474","https://creativecommons.org/licenses/by/4.0",TRUE,NA,NA,NA,NA,FALSE,"sn2024deal","04xfq0f34_sn2024deal_2024"
"RWTH Aachen",2024,NA,"10.1007/s10921-024-01110-8",TRUE,FALSE,"Springer Nature","Journal of Nondestructive Evaluation","0195-9298","0195-9298","1573-4862","0195-9298","https://creativecommons.org/licenses/by/4.0",TRUE,NA,NA,NA,NA,FALSE,"sn2024deal","04xfq0f34_sn2024deal_2024"
"RWTH Aachen",2024,NA,"10.1007/s10958-024-07052-w",TRUE,FALSE,"Springer Nature","Journal of Mathematical Sciences","1072-3374","1072-3374","1573-8795","1072-3374","https://creativecommons.org/licenses/by/4.0",TRUE,NA,NA,NA,NA,FALSE,"sn2024deal","04xfq0f34_sn2024deal_2024"
"RWTH Aachen",2024,NA,"10.1007/s10961-024-10151-0",TRUE,FALSE,"Springer Nature","The Journal of Technology Transfer","0892-9912","0892-9912","1573-7047","0892-9912","https://creativecommons.org/licenses/by/4.0",TRUE,NA,NA,NA,NA,FALSE,"sn2024deal","04xfq0f34_sn2024deal_2024"
"RWTH Aachen",2024,NA,"10.1007/s11024-024-09562-y",TRUE,FALSE,"Springer Nature","Minerva","0026-4695","0026-4695","1573-1871","0026-4695","https://creativecommons.org/licenses/by/4.0",TRUE,NA,NA,NA,NA,FALSE,"sn2024deal","04xfq0f34_sn2024deal_2024"
"RWTH Aachen",2024,NA,"10.1007/s11044-024-09984-2",TRUE,FALSE,"Springer Nature","Multibody System Dynamics","1384-5640","1384-5640","1573-272X","1384-5640","https://creativecommons.org/licenses/by/4.0",TRUE,NA,NA,NA,NA,FALSE,"sn2024deal","04xfq0f34_sn2024deal_2024"
"RWTH Aachen",2024,NA,"10.1007/s11044-024-10037-x",TRUE,FALSE,"Springer Nature","Multibody System Dynamics","1384-5640","1384-5640","1573-272X","1384-5640","https://creativecommons.org/licenses/by/4.0",TRUE,NA,NA,NA,NA,FALSE,"sn2024deal","04xfq0f34_sn2024deal_2024"
"RWTH Aachen",2024,NA,"10.1007/s11069-024-06563-8",TRUE,FALSE,"Springer Nature","Natural Hazards","0921-030X","0921-030X","1573-0840","0921-030X","https://creativecommons.org/licenses/by/4.0",TRUE,NA,NA,NA,NA,FALSE,"sn2024deal","04xfq0f34_sn2024deal_2024"
"RWTH Aachen",2024,NA,"10.1007/s11097-024-10025-8",TRUE,FALSE,"Springer Nature","Phenomenology and the Cognitive Sciences","1568-7759","1568-7759","1572-8676","1568-7759","https://creativecommons.org/licenses/by/4.0",TRUE,NA,NA,NA,NA,FALSE,"sn2024deal","04xfq0f34_sn2024deal_2024"
"RWTH Aachen",2024,NA,"10.1007/s11199-024-01474-1",TRUE,FALSE,"Springer Nature","Sex Roles","0360-0025","0360-0025","1573-2762","0360-0025","https://creativecommons.org/licenses/by/4.0",TRUE,NA,NA,NA,NA,FALSE,"sn2024deal","04xfq0f34_sn2024deal_2024"
"RWTH Aachen",2024,NA,"10.1007/s11222-024-10497-3",TRUE,FALSE,"Springer Nature","Statistics and Computing","0960-3174","0960-3174","1573-1375","0960-3174","https://creativecommons.org/licenses/by/4.0",TRUE,NA,NA,NA,NA,FALSE,"sn2024deal","04xfq0f34_sn2024deal_2024"
"RWTH Aachen",2024,NA,"10.1007/s11222-024-10508-3",TRUE,FALSE,"Springer Nature","Statistics and Computing","0960-3174","0960-3174","1573-1375","0960-3174","https://creativecommons.org/licenses/by/4.0",TRUE,NA,NA,NA,NA,FALSE,"sn2024deal","04xfq0f34_sn2024deal_2024"
"RWTH Aachen",2024,NA,"10.1007/s11222-024-10544-z",TRUE,FALSE,"Springer Nature","Statistics and Computing","0960-3174","0960-3174","1573-1375","0960-3174","https://creativecommons.org/licenses/by/4.0",TRUE,NA,NA,NA,NA,FALSE,"sn2024deal","04xfq0f34_sn2024deal_2024"
"RWTH Aachen",2024,NA,"10.1007/s11227-024-05945-w",TRUE,FALSE,"Springer Nature","The Journal of Supercomputing","0920-8542","0920-8542","1573-0484","0920-8542","https://creativecommons.org/licenses/by/4.0",TRUE,NA,NA,NA,NA,FALSE,"sn2024deal","04xfq0f34_sn2024deal_2024"
"RWTH Aachen",2024,NA,"10.1007/s11245-024-10051-w",TRUE,FALSE,"Springer Nature","Topoi","0167-7411","0167-7411","1572-8749","0167-7411","https://creativecommons.org/licenses/by/4.0",TRUE,NA,NA,NA,NA,FALSE,"sn2024deal","04xfq0f34_sn2024deal_2024"
"RWTH Aachen",2024,NA,"10.1007/s11252-024-01626-x",TRUE,FALSE,"Springer Nature","Urban Ecosystems","1083-8155","1083-8155","1573-1642","1083-8155","https://creativecommons.org/licenses/by/4.0",TRUE,NA,NA,NA,NA,FALSE,"sn2024deal","04xfq0f34_sn2024deal_2024"
"RWTH Aachen",2024,NA,"10.1007/s11280-024-01237-8",TRUE,FALSE,"Springer Nature","World Wide Web","1386-145X","1386-145X","1573-1413","1386-145X","https://creativecommons.org/licenses/by/4.0",TRUE,NA,NA,NA,NA,FALSE,"sn2024deal","04xfq0f34_sn2024deal_2024"
"RWTH Aachen",2024,NA,"10.1007/s11356-024-33216-x",TRUE,FALSE,"Springer Nature","Environmental Science and Pollution Research","1614-7499",NA,"1614-7499","0944-1344","https://creativecommons.org/licenses/by/4.0",TRUE,"38639907","PMC11133108",NA,NA,FALSE,"sn2024deal","04xfq0f34_sn2024deal_2024"
"RWTH Aachen",2024,NA,"10.1007/s11367-024-02305-x",TRUE,FALSE,"Springer Nature","The International Journal of Life Cycle Assessment","0948-3349","0948-3349","1614-7502","0948-3349","https://creativecommons.org/licenses/by/4.0",TRUE,NA,NA,NA,NA,FALSE,"sn2024deal","04xfq0f34_sn2024deal_2024"
"RWTH Aachen",2024,NA,"10.1007/s11367-024-02359-x",TRUE,FALSE,"Springer Nature","The International Journal of Life Cycle Assessment","0948-3349","0948-3349","1614-7502","0948-3349","https://creativecommons.org/licenses/by/4.0",TRUE,NA,NA,NA,NA,FALSE,"sn2024deal","04xfq0f34_sn2024deal_2024"
"RWTH Aachen",2024,NA,"10.1007/s11367-024-02400-z",TRUE,FALSE,"Springer Nature","The International Journal of Life Cycle Assessment","0948-3349","0948-3349","1614-7502","0948-3349","https://creativecommons.org/licenses/by/4.0",TRUE,NA,NA,NA,NA,FALSE,"sn2024deal","04xfq0f34_sn2024deal_2024"
"RWTH Aachen",2024,NA,"10.1007/s11408-024-00444-7",TRUE,FALSE,"Springer Nature","Financial Markets and Portfolio Management","1934-4554","1934-4554","2373-8529","1934-4554","https://creativecommons.org/licenses/by/4.0",TRUE,NA,NA,NA,NA,FALSE,"sn2024deal","04xfq0f34_sn2024deal_2024"
"RWTH Aachen",2024,NA,"10.1007/s11409-024-09411-z",TRUE,FALSE,"Springer Nature","Metacognition and Learning","1556-1623","1556-1623","1556-1631","1556-1623","https://creativecommons.org/licenses/by/4.0",TRUE,NA,NA,NA,NA,FALSE,"sn2024deal","04xfq0f34_sn2024deal_2024"
"RWTH Aachen",2024,NA,"10.1007/s11440-024-02259-2",TRUE,FALSE,"Springer Nature","Acta Geotechnica","1861-1125","1861-1125","1861-1133","1861-1125","https://creativecommons.org/licenses/by/4.0",TRUE,NA,NA,NA,NA,FALSE,"sn2024deal","04xfq0f34_sn2024deal_2024"
"RWTH Aachen",2024,NA,"10.1007/s11548-024-03144-9",TRUE,FALSE,"Springer Nature","International Journal of Computer Assisted Radiology and Surgery","1861-6429",NA,"1861-6429","1861-6410","https://creativecommons.org/licenses/by/4.0",TRUE,"38676830","PMC11365821",NA,NA,FALSE,"sn2024deal","04xfq0f34_sn2024deal_2024"
"RWTH Aachen",2024,NA,"10.1007/s11548-024-03285-x",TRUE,FALSE,"Springer Nature","International Journal of Computer Assisted Radiology and Surgery","1861-6429",NA,"1861-6429","1861-6410","https://creativecommons.org/licenses/by/4.0",TRUE,"39520631","PMC11807922",NA,NA,FALSE,"sn2024deal","04xfq0f34_sn2024deal_2024"
"RWTH Aachen",2024,NA,"10.1007/s11579-024-00366-y",TRUE,FALSE,"Springer Nature","Mathematics and Financial Economics","1862-9679","1862-9679","1862-9660","1862-9660","https://creativecommons.org/licenses/by/4.0",TRUE,NA,NA,NA,NA,FALSE,"sn2024deal","04xfq0f34_sn2024deal_2024"
"RWTH Aachen",2024,NA,"10.1007/s11587-024-00862-9",TRUE,FALSE,"Springer Nature","Ricerche di Matematica","0035-5038","0035-5038","1827-3491","0035-5038","https://creativecommons.org/licenses/by/4.0",TRUE,NA,NA,NA,NA,FALSE,"sn2024deal","04xfq0f34_sn2024deal_2024"
"RWTH Aachen",2024,NA,"10.1007/s11613-024-00874-2",TRUE,FALSE,"Springer Nature","Organisationsberatung, Supervision, Coaching","1618-808X","1618-808X","1862-2577","1618-808X","https://creativecommons.org/licenses/by/4.0",TRUE,NA,NA,NA,NA,FALSE,"sn2024deal","04xfq0f34_sn2024deal_2024"
"RWTH Aachen",2024,NA,"10.1007/s11661-024-07390-z",TRUE,FALSE,"Springer Nature","Metallurgical and Materials Transactions A","1073-5623","1073-5623","1543-1940","1073-5623","https://creativecommons.org/licenses/by/4.0",TRUE,NA,NA,NA,NA,FALSE,"sn2024deal","04xfq0f34_sn2024deal_2024"
"RWTH Aachen",2024,NA,"10.1007/s11661-024-07655-7",TRUE,FALSE,"Springer Nature","Metallurgical and Materials Transactions A","1073-5623","1073-5623","1543-1940","1073-5623","https://creativecommons.org/licenses/by/4.0",TRUE,NA,NA,NA,NA,FALSE,"sn2024deal","04xfq0f34_sn2024deal_2024"
"RWTH Aachen",2024,NA,"10.1007/s11663-024-03136-9",TRUE,FALSE,"Springer Nature","Metallurgical and Materials Transactions B","1073-5615","1073-5615","1543-1916","1073-5615","https://www.springernature.com/gp/researchers/text-and-data-mining",TRUE,NA,NA,NA,NA,FALSE,"sn2024deal","04xfq0f34_sn2024deal_2024"
"RWTH Aachen",2024,NA,"10.1007/s11666-024-01715-5",TRUE,FALSE,"Springer Nature","Journal of Thermal Spray Technology","1059-9630","1059-9630","1544-1016","1059-9630","https://creativecommons.org/licenses/by/4.0",TRUE,NA,NA,NA,NA,FALSE,"sn2024deal","04xfq0f34_sn2024deal_2024"
"RWTH Aachen",2024,NA,"10.1007/s11666-024-01722-6",TRUE,FALSE,"Springer Nature","Journal of Thermal Spray Technology","1059-9630","1059-9630","1544-1016","1059-9630","https://creativecommons.org/licenses/by/4.0",TRUE,NA,NA,NA,NA,FALSE,"sn2024deal","04xfq0f34_sn2024deal_2024"
"RWTH Aachen",2024,NA,"10.1007/s11701-024-02140-0",TRUE,FALSE,"Springer Nature","Journal of Robotic Surgery","1863-2491",NA,"1863-2491","1863-2483","https://creativecommons.org/licenses/by/4.0",TRUE,"39470931","PMC11522176",NA,NA,FALSE,"sn2024deal","04xfq0f34_sn2024deal_2024"
"RWTH Aachen",2024,NA,"10.1007/s11740-024-01291-1",TRUE,FALSE,"Springer Nature","Production Engineering","0944-6524","0944-6524","1863-7353","0944-6524","https://creativecommons.org/licenses/by/4.0",TRUE,NA,NA,NA,NA,FALSE,"sn2024deal","04xfq0f34_sn2024deal_2024"
"RWTH Aachen",2024,NA,"10.1007/s11757-024-00845-4",TRUE,FALSE,"Springer Nature","Forensische Psychiatrie, Psychologie, Kriminologie","1862-7072","1862-7072","1862-7080","1862-7072","https://creativecommons.org/licenses/by/4.0",TRUE,NA,NA,NA,NA,FALSE,"sn2024deal","04xfq0f34_sn2024deal_2024"
"RWTH Aachen",2024,NA,"10.1007/s11846-024-00771-z",TRUE,FALSE,"Springer Nature","Review of Managerial Science","1863-6683","1863-6683","1863-6691","1863-6683","https://creativecommons.org/licenses/by/4.0",TRUE,NA,NA,NA,NA,FALSE,"sn2024deal","04xfq0f34_sn2024deal_2024"
"RWTH Aachen",2024,NA,"10.1007/s12031-024-02223-5",TRUE,FALSE,"Springer Nature","Journal of Molecular Neuroscience","1559-1166",NA,"1559-1166","0895-8696","https://creativecommons.org/licenses/by/4.0",TRUE,"38750341","PMC11096255",NA,NA,FALSE,"sn2024deal","04xfq0f34_sn2024deal_2024"
"RWTH Aachen",2024,NA,"10.1007/s12053-024-10285-y",TRUE,FALSE,"Springer Nature","Energy Efficiency","1570-646X","1570-646X","1570-6478","1570-646X","https://creativecommons.org/licenses/by/4.0",TRUE,NA,NA,NA,NA,FALSE,"sn2024deal","04xfq0f34_sn2024deal_2024"
"RWTH Aachen",2024,NA,"10.1007/s12268-024-2134-9",TRUE,FALSE,"Springer Nature","BIOspektrum","0947-0867","0947-0867","1868-6249","0947-0867","https://creativecommons.org/licenses/by/4.0",TRUE,NA,NA,NA,NA,FALSE,"sn2024deal","04xfq0f34_sn2024deal_2024"
"RWTH Aachen",2024,NA,"10.1007/s12289-024-01839-7",TRUE,FALSE,"Springer Nature","International Journal of Material Forming","1960-6206","1960-6206","1960-6214","1960-6214","https://creativecommons.org/licenses/by/4.0",TRUE,NA,NA,NA,NA,FALSE,"sn2024deal","04xfq0f34_sn2024deal_2024"
"RWTH Aachen",2024,NA,"10.1007/s12289-024-01847-7",TRUE,FALSE,"Springer Nature","International Journal of Material Forming","1960-6206","1960-6206","1960-6214","1960-6214","https://creativecommons.org/licenses/by/4.0",TRUE,NA,NA,NA,NA,FALSE,"sn2024deal","04xfq0f34_sn2024deal_2024"
"RWTH Aachen",2024,NA,"10.1007/s12541-023-00948-8",TRUE,FALSE,"Springer Nature","International Journal of Precision Engineering and Manufacturing","2234-7593","2234-7593","2005-4602","1229-8557","https://creativecommons.org/licenses/by/4.0",TRUE,NA,NA,NA,NA,FALSE,"sn2024deal","04xfq0f34_sn2024deal_2024"
"RWTH Aachen",2024,NA,"10.1007/s12665-024-11609-y",TRUE,FALSE,"Springer Nature","Environmental Earth Sciences","1866-6280","1866-6280","1866-6299","1866-6280","https://creativecommons.org/licenses/by/4.0",TRUE,NA,NA,NA,NA,FALSE,"sn2024deal","04xfq0f34_sn2024deal_2024"
"RWTH Aachen",2024,NA,"10.1007/s12665-024-11920-8",TRUE,FALSE,"Springer Nature","Environmental Earth Sciences","1866-6280","1866-6280","1866-6299","1866-6280","https://creativecommons.org/licenses/by/4.0",TRUE,NA,NA,NA,NA,FALSE,"sn2024deal","04xfq0f34_sn2024deal_2024"
"RWTH Aachen",2024,NA,"10.1007/s13164-024-00746-9",TRUE,FALSE,"Springer Nature","Review of Philosophy and Psychology","1878-5158","1878-5158","1878-5166","1878-5158","https://creativecommons.org/licenses/by/4.0",TRUE,NA,NA,NA,NA,FALSE,"sn2024deal","04xfq0f34_sn2024deal_2024"
"RWTH Aachen",2024,NA,"10.1007/s13194-024-00569-6",TRUE,FALSE,"Springer Nature","European Journal for Philosophy of Science","1879-4912","1879-4912","1879-4920","1879-4912","https://creativecommons.org/licenses/by/4.0",TRUE,NA,NA,NA,NA,FALSE,"sn2024deal","04xfq0f34_sn2024deal_2024"
"RWTH Aachen",2024,NA,"10.1007/s13206-024-00177-9",TRUE,FALSE,"Springer Nature","BioChip Journal","1976-0280","1976-0280","2092-7843","1976-0280","https://creativecommons.org/licenses/by/4.0",TRUE,NA,NA,NA,NA,FALSE,"sn2024deal","04xfq0f34_sn2024deal_2024"
"RWTH Aachen",2024,NA,"10.1007/s13239-024-00739-w",TRUE,FALSE,"Springer Nature","Cardiovascular Engineering and Technology","1869-408X","1869-408X","1869-4098","1869-408X","https://creativecommons.org/licenses/by/4.0",TRUE,"38937386","PMC11582155",NA,NA,FALSE,"sn2024deal","04xfq0f34_sn2024deal_2024"
"RWTH Aachen",2024,NA,"10.1007/s13272-024-00728-8",TRUE,FALSE,"Springer Nature","CEAS Aeronautical Journal","1869-5582","1869-5582","1869-5590","1869-5582","https://creativecommons.org/licenses/by/4.0",TRUE,NA,NA,NA,NA,FALSE,"sn2024deal","04xfq0f34_sn2024deal_2024"
"RWTH Aachen",2024,NA,"10.1007/s13272-024-00762-6",TRUE,FALSE,"Springer Nature","CEAS Aeronautical Journal","1869-5582","1869-5582","1869-5590","1869-5582","https://creativecommons.org/licenses/by/4.0",TRUE,NA,NA,NA,NA,FALSE,"sn2024deal","04xfq0f34_sn2024deal_2024"
"RWTH Aachen",2024,NA,"10.1007/s13272-024-00788-w",TRUE,FALSE,"Springer Nature","CEAS Aeronautical Journal","1869-5582","1869-5582","1869-5590","1869-5582","https://creativecommons.org/licenses/by/4.0",TRUE,NA,NA,NA,NA,FALSE,"sn2024deal","04xfq0f34_sn2024deal_2024"
"RWTH Aachen",2024,NA,"10.1007/s13272-024-00798-8",TRUE,FALSE,"Springer Nature","CEAS Aeronautical Journal","1869-5582","1869-5582","1869-5590","1869-5582","https://creativecommons.org/licenses/by/4.0",TRUE,NA,NA,NA,NA,FALSE,"sn2024deal","04xfq0f34_sn2024deal_2024"
"RWTH Aachen",2024,NA,"10.1007/s13346-024-01561-6",TRUE,FALSE,"Springer Nature","Drug Delivery and Translational Research","2190-393X","2190-393X","2190-3948","2190-393X","https://creativecommons.org/licenses/by/4.0",TRUE,"38498080","PMC11383844",NA,NA,FALSE,"sn2024deal","04xfq0f34_sn2024deal_2024"
"RWTH Aachen",2024,NA,"10.1007/s13347-024-00760-w",TRUE,FALSE,"Springer Nature","Philosophy & Technology","2210-5433","2210-5433","2210-5441","2210-5433","https://creativecommons.org/licenses/by/4.0",TRUE,NA,NA,NA,NA,FALSE,"sn2024deal","04xfq0f34_sn2024deal_2024"
"RWTH Aachen",2024,NA,"10.1007/s13347-024-00774-4",TRUE,FALSE,"Springer Nature","Philosophy & Technology","2210-5433","2210-5433","2210-5441","2210-5433","https://creativecommons.org/licenses/by/4.0",TRUE,NA,NA,NA,NA,FALSE,"sn2024deal","04xfq0f34_sn2024deal_2024"
"RWTH Aachen",2024,NA,"10.1007/s13366-024-00738-x",TRUE,FALSE,"Springer Nature","Beiträge zur Algebra und Geometrie / Contributions to Algebra and Geometry","0138-4821","0138-4821","2191-0383","0138-4821","https://creativecommons.org/licenses/by/4.0",TRUE,NA,NA,NA,NA,FALSE,"sn2024deal","04xfq0f34_sn2024deal_2024"
"RWTH Aachen",2024,NA,"10.1007/s13366-024-00763-w",TRUE,FALSE,"Springer Nature","Beiträge zur Algebra und Geometrie / Contributions to Algebra and Geometry","0138-4821","0138-4821","2191-0383","0138-4821","https://creativecommons.org/licenses/by/4.0",TRUE,NA,NA,NA,NA,FALSE,"sn2024deal","04xfq0f34_sn2024deal_2024"
"RWTH Aachen",2024,NA,"10.1007/s13762-024-05670-0",TRUE,FALSE,"Springer Nature","International Journal of Environmental Science and Technology","1735-1472","1735-1472","1735-2630","1735-1472","https://creativecommons.org/licenses/by/4.0",TRUE,NA,NA,NA,NA,FALSE,"sn2024deal","04xfq0f34_sn2024deal_2024"
"RWTH Aachen",2024,NA,"10.1007/s13762-024-05788-1",TRUE,FALSE,"Springer Nature","International Journal of Environmental Science and Technology","1735-1472","1735-1472","1735-2630","1735-1472","https://creativecommons.org/licenses/by/4.0",TRUE,NA,NA,NA,NA,FALSE,"sn2024deal","04xfq0f34_sn2024deal_2024"
"RWTH Aachen",2024,NA,"10.1007/s40194-024-01756-y",TRUE,FALSE,"Springer Nature","Welding in the World","0043-2288","0043-2288","1878-6669","0043-2288","https://creativecommons.org/licenses/by/4.0",TRUE,NA,NA,NA,NA,FALSE,"sn2024deal","04xfq0f34_sn2024deal_2024"
"RWTH Aachen",2024,NA,"10.1007/s40194-024-01895-2",TRUE,FALSE,"Springer Nature","Welding in the World","0043-2288","0043-2288","1878-6669","0043-2288","https://creativecommons.org/licenses/by/4.0",TRUE,NA,NA,NA,NA,FALSE,"sn2024deal","04xfq0f34_sn2024deal_2024"
"RWTH Aachen",2024,NA,"10.1007/s40194-024-01901-7",TRUE,FALSE,"Springer Nature","Welding in the World","0043-2288","0043-2288","1878-6669","0043-2288","https://creativecommons.org/licenses/by/4.0",TRUE,NA,NA,NA,NA,FALSE,"sn2024deal","04xfq0f34_sn2024deal_2024"
"RWTH Aachen",2024,NA,"10.1007/s40629-024-00294-9",TRUE,FALSE,"Springer Nature","Allergo Journal International","2197-0378",NA,"2197-0378","2197-0378","https://creativecommons.org/licenses/by/4.0",TRUE,NA,NA,NA,NA,FALSE,"sn2024deal","04xfq0f34_sn2024deal_2024"
"RWTH Aachen",2024,NA,"10.1007/s40629-024-00295-8",TRUE,FALSE,"Springer Nature","Allergo Journal International","2197-0378",NA,"2197-0378","2197-0378","https://creativecommons.org/licenses/by/4.0",TRUE,NA,NA,NA,NA,FALSE,"sn2024deal","04xfq0f34_sn2024deal_2024"
"RWTH Aachen",2024,NA,"10.1007/s40664-024-00557-w",TRUE,FALSE,"Springer Nature","Zentralblatt für Arbeitsmedizin, Arbeitsschutz und Ergonomie","0944-2502","0944-2502","2198-0713","0944-2502","https://creativecommons.org/licenses/by/4.0",TRUE,NA,NA,NA,NA,FALSE,"sn2024deal","04xfq0f34_sn2024deal_2024"
"RWTH Aachen",2024,NA,"10.1007/s40670-024-02240-4",TRUE,FALSE,"Springer Nature","Medical Science Educator","2156-8650",NA,"2156-8650","2156-8650","https://creativecommons.org/licenses/by/4.0",TRUE,"40353010","PMC12058625",NA,NA,FALSE,"sn2024deal","04xfq0f34_sn2024deal_2024"
"RWTH Aachen",2024,NA,"10.1007/s40687-023-00410-1",TRUE,FALSE,"Springer Nature","Research in the Mathematical Sciences","2522-0144","2522-0144","2197-9847","2197-9847","https://creativecommons.org/licenses/by/4.0",TRUE,NA,NA,NA,NA,FALSE,"sn2024deal","04xfq0f34_sn2024deal_2024"
"RWTH Aachen",2024,NA,"10.1007/s40825-024-00240-9",TRUE,FALSE,"Springer Nature","Emission Control Science and Technology","2199-3629","2199-3629","2199-3637","2199-3637","https://creativecommons.org/licenses/by/4.0",TRUE,NA,NA,NA,NA,FALSE,"sn2024deal","04xfq0f34_sn2024deal_2024"
"RWTH Aachen",2024,NA,"10.1007/s40940-024-00254-3",TRUE,FALSE,"Springer Nature","Glass Structures & Engineering","2363-5142","2363-5142","2363-5150","2363-5142","https://creativecommons.org/licenses/by/4.0",TRUE,NA,NA,NA,NA,FALSE,"sn2024deal","04xfq0f34_sn2024deal_2024"
"RWTH Aachen",2024,NA,"10.1007/s40962-023-01222-3",TRUE,FALSE,"Springer Nature","International Journal of Metalcasting","1939-5981","1939-5981","2163-3193","1939-5981","https://creativecommons.org/licenses/by/4.0",TRUE,NA,NA,NA,NA,FALSE,"sn2024deal","04xfq0f34_sn2024deal_2024"
"RWTH Aachen",2024,NA,"10.1007/s40962-023-01238-9",TRUE,FALSE,"Springer Nature","International Journal of Metalcasting","1939-5981","1939-5981","2163-3193","1939-5981","https://creativecommons.org/licenses/by/4.0",TRUE,NA,NA,NA,NA,FALSE,"sn2024deal","04xfq0f34_sn2024deal_2024"
"RWTH Aachen",2024,NA,"10.1007/s40962-024-01288-7",TRUE,FALSE,"Springer Nature","International Journal of Metalcasting","1939-5981","1939-5981","2163-3193","1939-5981","https://creativecommons.org/licenses/by/4.0",TRUE,NA,NA,NA,NA,FALSE,"sn2024deal","04xfq0f34_sn2024deal_2024"
"RWTH Aachen",2024,NA,"10.1007/s40962-024-01359-9",TRUE,FALSE,"Springer Nature","International Journal of Metalcasting","1939-5981","1939-5981","2163-3193","1939-5981","https://creativecommons.org/licenses/by/4.0",TRUE,NA,NA,NA,NA,FALSE,"sn2024deal","04xfq0f34_sn2024deal_2024"
"RWTH Aachen",2024,NA,"10.1007/s40962-024-01398-2",TRUE,FALSE,"Springer Nature","International Journal of Metalcasting","1939-5981","1939-5981","2163-3193","1939-5981","https://creativecommons.org/licenses/by/4.0",TRUE,NA,NA,NA,NA,FALSE,"sn2024deal","04xfq0f34_sn2024deal_2024"
"RWTH Aachen",2024,NA,"10.1007/s40964-024-00873-w",TRUE,FALSE,"Springer Nature","Progress in Additive Manufacturing","2363-9512","2363-9512","2363-9520","2363-9520","https://creativecommons.org/licenses/by/4.0",TRUE,NA,NA,NA,NA,FALSE,"sn2024deal","04xfq0f34_sn2024deal_2024"
"RWTH Aachen",2024,NA,"10.1007/s41449-024-00418-5",TRUE,FALSE,"Springer Nature","Zeitschrift für Arbeitswissenschaft","0340-2444","0340-2444","2366-4681","0340-2444","https://creativecommons.org/licenses/by/4.0",TRUE,NA,NA,NA,NA,FALSE,"sn2024deal","04xfq0f34_sn2024deal_2024"
"RWTH Aachen",2024,NA,"10.1007/s41449-024-00438-1",TRUE,FALSE,"Springer Nature","Zeitschrift für Arbeitswissenschaft","0340-2444","0340-2444","2366-4681","0340-2444","https://creativecommons.org/licenses/by/4.0",TRUE,NA,NA,NA,NA,FALSE,"sn2024deal","04xfq0f34_sn2024deal_2024"
"RWTH Aachen",2024,NA,"10.1007/s41449-024-00440-7",TRUE,FALSE,"Springer Nature","Zeitschrift für Arbeitswissenschaft","0340-2444","0340-2444","2366-4681","0340-2444","https://creativecommons.org/licenses/by/4.0",TRUE,NA,NA,NA,NA,FALSE,"sn2024deal","04xfq0f34_sn2024deal_2024"
"RWTH Aachen",2024,NA,"10.1007/s41682-024-00170-x",TRUE,FALSE,"Springer Nature","Zeitschrift für Religion, Gesellschaft und Politik","2510-1226",NA,"2510-1226","2510-1226","https://creativecommons.org/licenses/by/4.0",TRUE,NA,NA,NA,NA,FALSE,"sn2024deal","04xfq0f34_sn2024deal_2024"
"RWTH Aachen",2024,NA,"10.1007/s41693-024-00114-0",TRUE,FALSE,"Springer Nature","Construction Robotics","2509-811X","2509-811X","2509-8780","2509-8780","https://creativecommons.org/licenses/by/4.0",TRUE,NA,NA,NA,NA,FALSE,"sn2024deal","04xfq0f34_sn2024deal_2024"
"RWTH Aachen",2024,NA,"10.1007/s41693-024-00121-1",TRUE,FALSE,"Springer Nature","Construction Robotics","2509-811X","2509-811X","2509-8780","2509-8780","https://creativecommons.org/licenses/by/4.0",TRUE,NA,NA,NA,NA,FALSE,"sn2024deal","04xfq0f34_sn2024deal_2024"
"RWTH Aachen",2024,NA,"10.1007/s41975-024-00374-7",TRUE,FALSE,"Springer Nature","Journal für Gynäkologische Endokrinologie/Schweiz","1995-6924","1995-6924","2520-8500","1995-6924","https://creativecommons.org/licenses/by/4.0",TRUE,NA,NA,NA,NA,FALSE,"sn2024deal","04xfq0f34_sn2024deal_2024"
"RWTH Aachen",2024,NA,"10.1007/s41999-024-01100-z",TRUE,FALSE,"Springer Nature","European Geriatric Medicine","1878-7657",NA,"1878-7657","1878-7649","https://creativecommons.org/licenses/by/4.0",TRUE,"39627630","PMC11850413",NA,NA,FALSE,"sn2024deal","04xfq0f34_sn2024deal_2024"
"RWTH Aachen",2024,NA,"10.1007/s42154-024-00292-1",TRUE,FALSE,"Springer Nature","Automotive Innovation","2096-4250","2096-4250","2522-8765","2522-8765","https://creativecommons.org/licenses/by/4.0",TRUE,NA,NA,NA,NA,FALSE,"sn2024deal","04xfq0f34_sn2024deal_2024"
"RWTH Aachen",2024,NA,"10.1007/s42558-024-00056-1",TRUE,FALSE,"Springer Nature","Mechanics of Soft Materials","2524-5600","2524-5600","2524-5619","2524-5600","https://creativecommons.org/licenses/by/4.0",TRUE,NA,NA,NA,NA,FALSE,"sn2024deal","04xfq0f34_sn2024deal_2024"
"RWTH Aachen",2024,NA,"10.1007/s42558-024-00060-5",TRUE,FALSE,"Springer Nature","Mechanics of Soft Materials","2524-5600","2524-5600","2524-5619","2524-5600","https://creativecommons.org/licenses/by/4.0",TRUE,NA,NA,NA,NA,FALSE,"sn2024deal","04xfq0f34_sn2024deal_2024"
"RWTH Aachen",2024,NA,"10.1007/s42597-024-00126-1",TRUE,FALSE,"Springer Nature","Zeitschrift für Friedens- und Konfliktforschung","2192-1741","2192-1741","2524-6976","2192-1741","https://creativecommons.org/licenses/by/4.0",TRUE,NA,NA,NA,NA,FALSE,"sn2024deal","04xfq0f34_sn2024deal_2024"
"RWTH Aachen",2024,NA,"10.1007/s42979-024-03008-8",TRUE,FALSE,"Springer Nature","SN Computer Science","2661-8907",NA,"2661-8907","2661-8907","https://creativecommons.org/licenses/by/4.0",TRUE,NA,NA,NA,NA,FALSE,"sn2024deal","04xfq0f34_sn2024deal_2024"
"RWTH Aachen",2024,NA,"10.1007/s43069-024-00371-3",TRUE,FALSE,"Springer Nature","SN Operations Research Forum","2662-2556",NA,"2662-2556","2662-2556","https://creativecommons.org/licenses/by/4.0",TRUE,NA,NA,NA,NA,FALSE,"sn2024deal","04xfq0f34_sn2024deal_2024"
"RWTH Aachen",2024,NA,"10.1007/s43152-024-00056-3",TRUE,FALSE,"Springer Nature","Current Tissue Microenvironment Reports","2662-4079",NA,"2662-4079","2662-4079","https://creativecommons.org/licenses/by/4.0",TRUE,NA,NA,NA,NA,FALSE,"sn2024deal","04xfq0f34_sn2024deal_2024"
"RWTH Aachen",2024,NA,"10.1007/s43217-023-00160-8",TRUE,FALSE,"Springer Nature","Journal of Sedimentary Environments","2662-5571","2662-5571","2447-9462","2447-9462","https://creativecommons.org/licenses/by/4.0",TRUE,NA,NA,NA,NA,FALSE,"sn2024deal","04xfq0f34_sn2024deal_2024"
"RWTH Aachen",2024,NA,"10.1007/s43615-024-00396-0",TRUE,FALSE,"Springer Nature","Circular Economy and Sustainability","2730-597X","2730-597X","2730-5988","2730-597X","https://creativecommons.org/licenses/by/4.0",TRUE,NA,NA,NA,NA,FALSE,"sn2024deal","04xfq0f34_sn2024deal_2024"
"RWTH Aachen",2024,NA,"10.1007/s43615-024-00443-w",TRUE,FALSE,"Springer Nature","Circular Economy and Sustainability","2730-597X","2730-597X","2730-5988","2730-597X","https://creativecommons.org/licenses/by/4.0",TRUE,NA,NA,NA,NA,FALSE,"sn2024deal","04xfq0f34_sn2024deal_2024"
"RWTH Aachen",2024,NA,"10.1007/s43670-023-00080-8",TRUE,FALSE,"Springer Nature","Sampling Theory, Signal Processing, and Data Analysis","2730-5716","2730-5716","2730-5724","2730-5716","https://creativecommons.org/licenses/by/4.0",TRUE,NA,NA,NA,NA,FALSE,"sn2024deal","04xfq0f34_sn2024deal_2024"
"RWTH Aachen",2024,NA,"10.1007/s44206-024-00148-5",TRUE,FALSE,"Springer Nature","Digital Society","2731-4650","2731-4650","2731-4669","2731-4650","https://creativecommons.org/licenses/by/4.0",TRUE,NA,NA,NA,NA,FALSE,"sn2024deal","04xfq0f34_sn2024deal_2024"
"RWTH Aachen",2024,NA,"10.1007/s44211-024-00691-8",TRUE,FALSE,"Springer Nature","Analytical Sciences","0910-6340","0910-6340","1348-2246","0910-6340","https://creativecommons.org/licenses/by/4.0",TRUE,"39602000","PMC11832574",NA,NA,FALSE,"sn2024deal","04xfq0f34_sn2024deal_2024"
"RWTH Aachen",2024,NA,"10.1038/s41375-024-02320-9",TRUE,FALSE,"Springer Nature","Leukemia","0887-6924","0887-6924","1476-5551","0887-6924","https://creativecommons.org/licenses/by/4.0",TRUE,"38906962","PMC11286509",NA,NA,FALSE,"sn2024deal","04xfq0f34_sn2024deal_2024"
"RWTH Aachen",2024,NA,"10.1038/s41380-024-02601-w",TRUE,FALSE,"Springer Nature","Molecular Psychiatry","1359-4184","1359-4184","1476-5578","1359-4184","https://creativecommons.org/licenses/by/4.0",TRUE,"38849516","PMC11609096",NA,NA,FALSE,"sn2024deal","04xfq0f34_sn2024deal_2024"
"RWTH Aachen",2024,NA,"10.1038/s41380-024-02628-z",TRUE,FALSE,"Springer Nature","Molecular Psychiatry","1359-4184","1359-4184","1476-5578","1359-4184","https://creativecommons.org/licenses/by/4.0",TRUE,"38862675","PMC11609100",NA,NA,FALSE,"sn2024deal","04xfq0f34_sn2024deal_2024"
"RWTH Aachen",2024,NA,"10.1038/s41380-024-02669-4",TRUE,FALSE,"Springer Nature","Molecular Psychiatry","1359-4184","1359-4184","1476-5578","1359-4184","https://creativecommons.org/licenses/by/4.0",TRUE,"39020104","PMC11649570",NA,NA,FALSE,"sn2024deal","04xfq0f34_sn2024deal_2024"
"RWTH Aachen",2024,NA,"10.1038/s41380-024-02854-5",TRUE,FALSE,"Springer Nature","Molecular Psychiatry","1359-4184","1359-4184","1476-5578","1359-4184","https://creativecommons.org/licenses/by/4.0",TRUE,"39613917","PMC12092240",NA,NA,FALSE,"sn2024deal","04xfq0f34_sn2024deal_2024"
"RWTH Aachen",2024,NA,"10.1038/s41409-024-02226-1",TRUE,FALSE,"Springer Nature","Bone Marrow Transplantation","0268-3369","0268-3369","1476-5365","0268-3369","https://creativecommons.org/licenses/by/4.0",TRUE,"38331982","PMC11073963",NA,NA,FALSE,"sn2024deal","04xfq0f34_sn2024deal_2024"
"RWTH Aachen",2024,NA,"10.1038/s41428-023-00863-9",TRUE,FALSE,"Springer Nature","Polymer Journal","0032-3896","0032-3896","1349-0540","0032-3896","https://creativecommons.org/licenses/by/4.0",TRUE,NA,NA,NA,NA,FALSE,"sn2024deal","04xfq0f34_sn2024deal_2024"
"RWTH Aachen",2024,NA,"10.1057/s41272-023-00455-5",TRUE,FALSE,"Springer Nature","Journal of Revenue and Pricing Management","1476-6930","1476-6930","1477-657X","1476-6930","https://creativecommons.org/licenses/by/4.0",TRUE,NA,NA,NA,NA,FALSE,"sn2024deal","04xfq0f34_sn2024deal_2024"
"RWTH Aachen",2024,NA,"10.1140/epjh/s13129-024-00067-6",TRUE,FALSE,"Springer Nature","The European Physical Journal H","2102-6459","2102-6459","2102-6467","2102-6467","https://creativecommons.org/licenses/by/4.0",TRUE,NA,NA,NA,NA,FALSE,"sn2024deal","04xfq0f34_sn2024deal_2024"
"RWTH Aachen",2024,NA,"10.1140/epjs/s11734-024-01436-4",TRUE,FALSE,"Springer Nature","The European Physical Journal Special Topics","1951-6355","1951-6355","1951-6401","1951-6355","https://creativecommons.org/licenses/by/4.0",TRUE,NA,NA,NA,NA,FALSE,"sn2024deal","04xfq0f34_sn2024deal_2024"
"RWTH Aachen",2024,NA,"10.1557/s43578-024-01473-8",TRUE,FALSE,"Springer Nature","Journal of Materials Research","0884-2914","0884-2914","2044-5326","0884-1616","https://creativecommons.org/licenses/by/4.0",TRUE,NA,NA,NA,NA,FALSE,"sn2024deal","04xfq0f34_sn2024deal_2024"
"RWTH Aachen",2024,NA,"10.1557/s43580-024-00792-6",TRUE,FALSE,"Springer Nature","MRS Advances","2059-8521",NA,"2059-8521","2059-8521","https://creativecommons.org/licenses/by/4.0",TRUE,NA,NA,NA,NA,FALSE,"sn2024deal","04xfq0f34_sn2024deal_2024"
"RWTH Aachen",2024,NA,"10.1617/s11527-024-02453-4",TRUE,FALSE,"Springer Nature","Materials and Structures","1359-5997","1359-5997","1871-6873","1359-5997","https://creativecommons.org/licenses/by/4.0",TRUE,NA,NA,NA,NA,FALSE,"sn2024deal","04xfq0f34_sn2024deal_2024"
"RWTH Aachen",2024,NA,"10.3758/s13414-023-02841-y",TRUE,FALSE,"Springer Nature","Attention, Perception, & Psychophysics","1943-3921","1943-3921","1943-393X","1943-3921","https://creativecommons.org/licenses/by/4.0",TRUE,"38212478","PMC11062987",NA,NA,FALSE,"sn2024deal","04xfq0f34_sn2024deal_2024"
"RWTH Aachen",2024,NA,"10.3758/s13421-023-01510-7",TRUE,FALSE,"Springer Nature","Memory & Cognition","0090-502X","0090-502X","1532-5946","0090-502X","https://creativecommons.org/licenses/by/4.0",TRUE,"38622490","PMC11111515",NA,NA,FALSE,"sn2024deal","04xfq0f34_sn2024deal_2024"
"RWTH Aachen",2024,NA,"10.3758/s13421-024-01536-5",TRUE,FALSE,"Springer Nature","Memory & Cognition","0090-502X","0090-502X","1532-5946","0090-502X","https://creativecommons.org/licenses/by/4.0",TRUE,"38388779","PMC11315712",NA,NA,FALSE,"sn2024deal","04xfq0f34_sn2024deal_2024"
"RWTH Aachen",2024,NA,"10.3758/s13421-024-01539-2",TRUE,FALSE,"Springer Nature","Memory & Cognition","0090-502X","0090-502X","1532-5946","0090-502X","https://creativecommons.org/licenses/by/4.0",TRUE,"38436908","PMC11362513",NA,NA,FALSE,"sn2024deal","04xfq0f34_sn2024deal_2024"
