institution_ror,institution,period,euro,doi,is_hybrid,opt-out,type,contract_primary_identifier,contract_group_id,external_costsplitting,gold-oa,vat,colour charge,cover charge,hybrid-oa,other,page charge,permission,publication charge,reprint,submission fee,payment fee,url
https://ror.org/04xfq0f34,RWTH Aachen,2024,NA,10.1016/j.aanat.2024.152260,TRUE,FALSE,journal article,els2023deal,04xfq0f34_els2023deal_2024,false,NA,NA,NA,NA,0.0,NA,NA,NA,NA,NA,NA,NA,NA
https://ror.org/04xfq0f34,RWTH Aachen,2024,NA,10.1016/j.aanat.2024.152294,TRUE,FALSE,journal article,els2023deal,04xfq0f34_els2023deal_2024,false,NA,NA,NA,NA,0.0,NA,NA,NA,NA,NA,NA,NA,NA
https://ror.org/04xfq0f34,RWTH Aachen,2024,NA,10.1016/j.acra.2024.06.014,TRUE,FALSE,journal article,els2023deal,04xfq0f34_els2023deal_2024,false,NA,NA,NA,NA,0.0,NA,NA,NA,NA,NA,NA,NA,NA
https://ror.org/04xfq0f34,RWTH Aachen,2024,NA,10.1016/j.actamat.2024.119669,TRUE,FALSE,journal article,els2023deal,04xfq0f34_els2023deal_2024,false,NA,NA,NA,NA,0.0,NA,NA,NA,NA,NA,NA,NA,NA
https://ror.org/04xfq0f34,RWTH Aachen,2024,NA,10.1016/j.actamat.2024.119677,TRUE,FALSE,journal article,els2023deal,04xfq0f34_els2023deal_2024,false,NA,NA,NA,NA,0.0,NA,NA,NA,NA,NA,NA,NA,NA
https://ror.org/04xfq0f34,RWTH Aachen,2024,NA,10.1016/j.actamat.2024.119829,TRUE,FALSE,journal article,els2023deal,04xfq0f34_els2023deal_2024,false,NA,NA,NA,NA,0.0,NA,NA,NA,NA,NA,NA,NA,NA
https://ror.org/04xfq0f34,RWTH Aachen,2024,NA,10.1016/j.actamat.2024.120124,TRUE,FALSE,journal article,els2023deal,04xfq0f34_els2023deal_2024,false,NA,NA,NA,NA,0.0,NA,NA,NA,NA,NA,NA,NA,NA
https://ror.org/04xfq0f34,RWTH Aachen,2024,NA,10.1016/j.actamat.2024.120202,TRUE,FALSE,journal article,els2023deal,04xfq0f34_els2023deal_2024,false,NA,NA,NA,NA,0.0,NA,NA,NA,NA,NA,NA,NA,NA
https://ror.org/04xfq0f34,RWTH Aachen,2024,NA,10.1016/j.actamat.2024.120556,TRUE,FALSE,journal article,els2023deal,04xfq0f34_els2023deal_2024,false,NA,NA,NA,NA,0.0,NA,NA,NA,NA,NA,NA,NA,NA
https://ror.org/04xfq0f34,RWTH Aachen,2024,NA,10.1016/j.actamat.2024.120662,TRUE,FALSE,journal article,els2023deal,04xfq0f34_els2023deal_2024,false,NA,NA,NA,NA,0.0,NA,NA,NA,NA,NA,NA,NA,NA
https://ror.org/04xfq0f34,RWTH Aachen,2024,NA,10.1016/j.actbio.2024.08.019,TRUE,FALSE,journal article,els2023deal,04xfq0f34_els2023deal_2024,false,NA,NA,NA,NA,0.0,NA,NA,NA,NA,NA,NA,NA,NA
https://ror.org/04xfq0f34,RWTH Aachen,2024,NA,10.1016/j.addma.2024.104256,TRUE,FALSE,journal article,els2023deal,04xfq0f34_els2023deal_2024,false,NA,NA,NA,NA,0.0,NA,NA,NA,NA,NA,NA,NA,NA
https://ror.org/04xfq0f34,RWTH Aachen,2024,NA,10.1016/j.addma.2024.104267,TRUE,FALSE,journal article,els2023deal,04xfq0f34_els2023deal_2024,false,NA,NA,NA,NA,0.0,NA,NA,NA,NA,NA,NA,NA,NA
https://ror.org/04xfq0f34,RWTH Aachen,2024,NA,10.1016/j.addma.2024.104309,TRUE,FALSE,journal article,els2023deal,04xfq0f34_els2023deal_2024,false,NA,NA,NA,NA,0.0,NA,NA,NA,NA,NA,NA,NA,NA
https://ror.org/04xfq0f34,RWTH Aachen,2024,NA,10.1016/j.aeolia.2024.100928,TRUE,FALSE,journal article,els2023deal,04xfq0f34_els2023deal_2024,false,NA,NA,NA,NA,0.0,NA,NA,NA,NA,NA,NA,NA,NA
https://ror.org/04xfq0f34,RWTH Aachen,2024,NA,10.1016/j.aeue.2024.155163,TRUE,FALSE,journal article,els2023deal,04xfq0f34_els2023deal_2024,false,NA,NA,NA,NA,0.0,NA,NA,NA,NA,NA,NA,NA,NA
https://ror.org/04xfq0f34,RWTH Aachen,2024,NA,10.1016/j.ajem.2024.11.091,TRUE,FALSE,journal article,els2023deal,04xfq0f34_els2023deal_2024,false,NA,NA,NA,NA,0.0,NA,NA,NA,NA,NA,NA,NA,NA
https://ror.org/04xfq0f34,RWTH Aachen,2024,NA,10.1016/j.aop.2024.169838,TRUE,FALSE,journal article,els2023deal,04xfq0f34_els2023deal_2024,false,NA,NA,NA,NA,0.0,NA,NA,NA,NA,NA,NA,NA,NA
https://ror.org/04xfq0f34,RWTH Aachen,2024,NA,10.1016/j.apenergy.2024.122921,TRUE,FALSE,journal article,els2023deal,04xfq0f34_els2023deal_2024,false,NA,NA,NA,NA,0.0,NA,NA,NA,NA,NA,NA,NA,NA
https://ror.org/04xfq0f34,RWTH Aachen,2024,NA,10.1016/j.apenergy.2024.123225,TRUE,FALSE,journal article,els2023deal,04xfq0f34_els2023deal_2024,false,NA,NA,NA,NA,0.0,NA,NA,NA,NA,NA,NA,NA,NA
https://ror.org/04xfq0f34,RWTH Aachen,2024,NA,10.1016/j.apenergy.2024.123241,TRUE,FALSE,journal article,els2023deal,04xfq0f34_els2023deal_2024,false,NA,NA,NA,NA,0.0,NA,NA,NA,NA,NA,NA,NA,NA
https://ror.org/04xfq0f34,RWTH Aachen,2024,NA,10.1016/j.apenergy.2024.124183,TRUE,FALSE,journal article,els2023deal,04xfq0f34_els2023deal_2024,false,NA,NA,NA,NA,0.0,NA,NA,NA,NA,NA,NA,NA,NA
https://ror.org/04xfq0f34,RWTH Aachen,2024,NA,10.1016/j.apenergy.2024.124285,TRUE,FALSE,journal article,els2023deal,04xfq0f34_els2023deal_2024,false,NA,NA,NA,NA,0.0,NA,NA,NA,NA,NA,NA,NA,NA
https://ror.org/04xfq0f34,RWTH Aachen,2024,NA,10.1016/j.apenergy.2024.124495,TRUE,FALSE,journal article,els2023deal,04xfq0f34_els2023deal_2024,false,NA,NA,NA,NA,0.0,NA,NA,NA,NA,NA,NA,NA,NA
https://ror.org/04xfq0f34,RWTH Aachen,2024,NA,10.1016/j.apenergy.2024.124616,TRUE,FALSE,journal article,els2023deal,04xfq0f34_els2023deal_2024,false,NA,NA,NA,NA,0.0,NA,NA,NA,NA,NA,NA,NA,NA
https://ror.org/04xfq0f34,RWTH Aachen,2024,NA,10.1016/j.apenergy.2024.124668,TRUE,FALSE,journal article,els2023deal,04xfq0f34_els2023deal_2024,false,NA,NA,NA,NA,0.0,NA,NA,NA,NA,NA,NA,NA,NA
https://ror.org/04xfq0f34,RWTH Aachen,2024,NA,10.1016/j.apenergy.2024.125041,TRUE,FALSE,journal article,els2023deal,04xfq0f34_els2023deal_2024,false,NA,NA,NA,NA,0.0,NA,NA,NA,NA,NA,NA,NA,NA
https://ror.org/04xfq0f34,RWTH Aachen,2024,NA,10.1016/j.apenergy.2024.125069,TRUE,FALSE,journal article,els2023deal,04xfq0f34_els2023deal_2024,false,NA,NA,NA,NA,0.0,NA,NA,NA,NA,NA,NA,NA,NA
https://ror.org/04xfq0f34,RWTH Aachen,2024,NA,10.1016/j.apergo.2024.104242,TRUE,FALSE,journal article,els2023deal,04xfq0f34_els2023deal_2024,false,NA,NA,NA,NA,0.0,NA,NA,NA,NA,NA,NA,NA,NA
https://ror.org/04xfq0f34,RWTH Aachen,2024,NA,10.1016/j.applthermaleng.2024.123871,TRUE,FALSE,journal article,els2023deal,04xfq0f34_els2023deal_2024,false,NA,NA,NA,NA,0.0,NA,NA,NA,NA,NA,NA,NA,NA
https://ror.org/04xfq0f34,RWTH Aachen,2024,NA,10.1016/j.applthermaleng.2024.124880,TRUE,FALSE,journal article,els2023deal,04xfq0f34_els2023deal_2024,false,NA,NA,NA,NA,0.0,NA,NA,NA,NA,NA,NA,NA,NA
https://ror.org/04xfq0f34,RWTH Aachen,2024,NA,10.1016/j.applthermaleng.2024.125130,TRUE,FALSE,journal article,els2023deal,04xfq0f34_els2023deal_2024,false,NA,NA,NA,NA,0.0,NA,NA,NA,NA,NA,NA,NA,NA
https://ror.org/04xfq0f34,RWTH Aachen,2024,NA,10.1016/j.applthermaleng.2024.125313,TRUE,FALSE,journal article,els2023deal,04xfq0f34_els2023deal_2024,false,NA,NA,NA,NA,0.0,NA,NA,NA,NA,NA,NA,NA,NA
https://ror.org/04xfq0f34,RWTH Aachen,2024,NA,10.1016/j.apsusc.2024.160331,TRUE,FALSE,journal article,els2023deal,04xfq0f34_els2023deal_2024,false,NA,NA,NA,NA,0.0,NA,NA,NA,NA,NA,NA,NA,NA
https://ror.org/04xfq0f34,RWTH Aachen,2024,NA,10.1016/j.apsusc.2024.162258,TRUE,FALSE,journal article,els2023deal,04xfq0f34_els2023deal_2024,false,NA,NA,NA,NA,0.0,NA,NA,NA,NA,NA,NA,NA,NA
https://ror.org/04xfq0f34,RWTH Aachen,2024,NA,10.1016/j.arr.2024.102488,TRUE,FALSE,journal article,els2023deal,04xfq0f34_els2023deal_2024,false,NA,NA,NA,NA,0.0,NA,NA,NA,NA,NA,NA,NA,NA
https://ror.org/04xfq0f34,RWTH Aachen,2024,NA,10.1016/j.ast.2024.109033,TRUE,FALSE,journal article,els2023deal,04xfq0f34_els2023deal_2024,false,NA,NA,NA,NA,0.0,NA,NA,NA,NA,NA,NA,NA,NA
https://ror.org/04xfq0f34,RWTH Aachen,2024,NA,10.1016/j.autcon.2024.105419,TRUE,FALSE,journal article,els2023deal,04xfq0f34_els2023deal_2024,false,NA,NA,NA,NA,0.0,NA,NA,NA,NA,NA,NA,NA,NA
https://ror.org/04xfq0f34,RWTH Aachen,2024,NA,10.1016/j.autcon.2024.105502,TRUE,FALSE,journal article,els2023deal,04xfq0f34_els2023deal_2024,false,NA,NA,NA,NA,0.0,NA,NA,NA,NA,NA,NA,NA,NA
https://ror.org/04xfq0f34,RWTH Aachen,2024,NA,10.1016/j.autcon.2024.105551,TRUE,FALSE,journal article,els2023deal,04xfq0f34_els2023deal_2024,false,NA,NA,NA,NA,0.0,NA,NA,NA,NA,NA,NA,NA,NA
https://ror.org/04xfq0f34,RWTH Aachen,2024,NA,10.1016/j.autcon.2024.105699,TRUE,FALSE,journal article,els2023deal,04xfq0f34_els2023deal_2024,false,NA,NA,NA,NA,0.0,NA,NA,NA,NA,NA,NA,NA,NA
https://ror.org/04xfq0f34,RWTH Aachen,2024,NA,10.1016/j.avb.2024.101975,TRUE,FALSE,journal article,els2023deal,04xfq0f34_els2023deal_2024,false,NA,NA,NA,NA,0.0,NA,NA,NA,NA,NA,NA,NA,NA
https://ror.org/04xfq0f34,RWTH Aachen,2024,NA,10.1016/j.bbabio.2024.149508,TRUE,FALSE,journal article,els2023deal,04xfq0f34_els2023deal_2024,false,NA,NA,NA,NA,0.0,NA,NA,NA,NA,NA,NA,NA,NA
https://ror.org/04xfq0f34,RWTH Aachen,2024,NA,10.1016/j.bbadis.2024.167321,TRUE,FALSE,journal article,els2023deal,04xfq0f34_els2023deal_2024,false,NA,NA,NA,NA,0.0,NA,NA,NA,NA,NA,NA,NA,NA
https://ror.org/04xfq0f34,RWTH Aachen,2024,NA,10.1016/j.bbagen.2024.130595,TRUE,FALSE,journal article,els2023deal,04xfq0f34_els2023deal_2024,false,NA,NA,NA,NA,0.0,NA,NA,NA,NA,NA,NA,NA,NA
https://ror.org/04xfq0f34,RWTH Aachen,2024,NA,10.1016/j.bbalip.2024.159574,TRUE,FALSE,journal article,els2023deal,04xfq0f34_els2023deal_2024,false,NA,NA,NA,NA,0.0,NA,NA,NA,NA,NA,NA,NA,NA
https://ror.org/04xfq0f34,RWTH Aachen,2024,NA,10.1016/j.bej.2024.109515,TRUE,FALSE,journal article,els2023deal,04xfq0f34_els2023deal_2024,false,NA,NA,NA,NA,0.0,NA,NA,NA,NA,NA,NA,NA,NA
https://ror.org/04xfq0f34,RWTH Aachen,2024,NA,10.1016/j.bioadv.2024.213992,TRUE,FALSE,journal article,els2023deal,04xfq0f34_els2023deal_2024,false,NA,NA,NA,NA,0.0,NA,NA,NA,NA,NA,NA,NA,NA
https://ror.org/04xfq0f34,RWTH Aachen,2024,NA,10.1016/j.biomaterials.2024.122669,TRUE,FALSE,journal article,els2023deal,04xfq0f34_els2023deal_2024,false,NA,NA,NA,NA,0.0,NA,NA,NA,NA,NA,NA,NA,NA
https://ror.org/04xfq0f34,RWTH Aachen,2024,NA,10.1016/j.biomaterials.2024.123009,TRUE,FALSE,journal article,els2023deal,04xfq0f34_els2023deal_2024,false,NA,NA,NA,NA,0.0,NA,NA,NA,NA,NA,NA,NA,NA
https://ror.org/04xfq0f34,RWTH Aachen,2024,NA,10.1016/j.biortech.2024.131837,TRUE,FALSE,journal article,els2023deal,04xfq0f34_els2023deal_2024,false,NA,NA,NA,NA,0.0,NA,NA,NA,NA,NA,NA,NA,NA
https://ror.org/04xfq0f34,RWTH Aachen,2024,NA,10.1016/j.bios.2024.116311,TRUE,FALSE,journal article,els2023deal,04xfq0f34_els2023deal_2024,false,NA,NA,NA,NA,0.0,NA,NA,NA,NA,NA,NA,NA,NA
https://ror.org/04xfq0f34,RWTH Aachen,2024,NA,10.1016/j.bjoms.2024.06.002,TRUE,FALSE,journal article,els2023deal,04xfq0f34_els2023deal_2024,false,NA,NA,NA,NA,0.0,NA,NA,NA,NA,NA,NA,NA,NA
https://ror.org/04xfq0f34,RWTH Aachen,2024,NA,10.1016/j.bpsc.2024.07.005,TRUE,FALSE,journal article,els2023deal,04xfq0f34_els2023deal_2024,false,NA,NA,NA,NA,0.0,NA,NA,NA,NA,NA,NA,NA,NA
https://ror.org/04xfq0f34,RWTH Aachen,2024,NA,10.1016/j.bspc.2024.106582,TRUE,FALSE,journal article,els2023deal,04xfq0f34_els2023deal_2024,false,NA,NA,NA,NA,0.0,NA,NA,NA,NA,NA,NA,NA,NA
https://ror.org/04xfq0f34,RWTH Aachen,2024,NA,10.1016/j.buildenv.2024.111652,TRUE,FALSE,journal article,els2023deal,04xfq0f34_els2023deal_2024,false,NA,NA,NA,NA,0.0,NA,NA,NA,NA,NA,NA,NA,NA
https://ror.org/04xfq0f34,RWTH Aachen,2024,NA,10.1016/j.cam.2024.115853,TRUE,FALSE,journal article,els2023deal,04xfq0f34_els2023deal_2024,false,NA,NA,NA,NA,0.0,NA,NA,NA,NA,NA,NA,NA,NA
https://ror.org/04xfq0f34,RWTH Aachen,2024,NA,10.1016/j.cam.2024.115991,TRUE,FALSE,journal article,els2023deal,04xfq0f34_els2023deal_2024,false,NA,NA,NA,NA,0.0,NA,NA,NA,NA,NA,NA,NA,NA
https://ror.org/04xfq0f34,RWTH Aachen,2024,NA,10.1016/j.camwa.2024.05.023,TRUE,FALSE,journal article,els2023deal,04xfq0f34_els2023deal_2024,false,NA,NA,NA,NA,0.0,NA,NA,NA,NA,NA,NA,NA,NA
https://ror.org/04xfq0f34,RWTH Aachen,2024,NA,10.1016/j.cattod.2024.114620,TRUE,FALSE,journal article,els2023deal,04xfq0f34_els2023deal_2024,false,NA,NA,NA,NA,0.0,NA,NA,NA,NA,NA,NA,NA,NA
https://ror.org/04xfq0f34,RWTH Aachen,2024,NA,10.1016/j.cattod.2024.114892,TRUE,FALSE,journal article,els2023deal,04xfq0f34_els2023deal_2024,false,NA,NA,NA,NA,0.0,NA,NA,NA,NA,NA,NA,NA,NA
https://ror.org/04xfq0f34,RWTH Aachen,2024,NA,10.1016/j.cej.2024.148749,TRUE,FALSE,journal article,els2023deal,04xfq0f34_els2023deal_2024,false,NA,NA,NA,NA,0.0,NA,NA,NA,NA,NA,NA,NA,NA
https://ror.org/04xfq0f34,RWTH Aachen,2024,NA,10.1016/j.cej.2024.150031,TRUE,FALSE,journal article,els2023deal,04xfq0f34_els2023deal_2024,false,NA,NA,NA,NA,0.0,NA,NA,NA,NA,NA,NA,NA,NA
https://ror.org/04xfq0f34,RWTH Aachen,2024,NA,10.1016/j.cej.2024.151832,TRUE,FALSE,journal article,els2023deal,04xfq0f34_els2023deal_2024,false,NA,NA,NA,NA,0.0,NA,NA,NA,NA,NA,NA,NA,NA
https://ror.org/04xfq0f34,RWTH Aachen,2024,NA,10.1016/j.cej.2024.153000,TRUE,FALSE,journal article,els2023deal,04xfq0f34_els2023deal_2024,false,NA,NA,NA,NA,0.0,NA,NA,NA,NA,NA,NA,NA,NA
https://ror.org/04xfq0f34,RWTH Aachen,2024,NA,10.1016/j.cej.2024.158374,TRUE,FALSE,journal article,els2023deal,04xfq0f34_els2023deal_2024,false,NA,NA,NA,NA,0.0,NA,NA,NA,NA,NA,NA,NA,NA
https://ror.org/04xfq0f34,RWTH Aachen,2024,NA,10.1016/j.cemconres.2024.107438,TRUE,FALSE,journal article,els2023deal,04xfq0f34_els2023deal_2024,false,NA,NA,NA,NA,0.0,NA,NA,NA,NA,NA,NA,NA,NA
https://ror.org/04xfq0f34,RWTH Aachen,2024,NA,10.1016/j.cemconres.2024.107613,TRUE,FALSE,journal article,els2023deal,04xfq0f34_els2023deal_2024,false,NA,NA,NA,NA,0.0,NA,NA,NA,NA,NA,NA,NA,NA
https://ror.org/04xfq0f34,RWTH Aachen,2024,NA,10.1016/j.cemconres.2024.107624,TRUE,FALSE,journal article,els2023deal,04xfq0f34_els2023deal_2024,false,NA,NA,NA,NA,0.0,NA,NA,NA,NA,NA,NA,NA,NA
https://ror.org/04xfq0f34,RWTH Aachen,2024,NA,10.1016/j.ces.2024.119924,TRUE,FALSE,journal article,els2023deal,04xfq0f34_els2023deal_2024,false,NA,NA,NA,NA,0.0,NA,NA,NA,NA,NA,NA,NA,NA
https://ror.org/04xfq0f34,RWTH Aachen,2024,NA,10.1016/j.ces.2024.120751,TRUE,FALSE,journal article,els2023deal,04xfq0f34_els2023deal_2024,false,NA,NA,NA,NA,0.0,NA,NA,NA,NA,NA,NA,NA,NA
https://ror.org/04xfq0f34,RWTH Aachen,2024,NA,10.1016/j.chemgeo.2024.122119,TRUE,FALSE,journal article,els2023deal,04xfq0f34_els2023deal_2024,false,NA,NA,NA,NA,0.0,NA,NA,NA,NA,NA,NA,NA,NA
https://ror.org/04xfq0f34,RWTH Aachen,2024,NA,10.1016/j.cherd.2024.10.004,TRUE,FALSE,journal article,els2023deal,04xfq0f34_els2023deal_2024,false,NA,NA,NA,NA,0.0,NA,NA,NA,NA,NA,NA,NA,NA
https://ror.org/04xfq0f34,RWTH Aachen,2024,NA,10.1016/j.chroma.2024.465251,TRUE,FALSE,journal article,els2023deal,04xfq0f34_els2023deal_2024,false,NA,NA,NA,NA,0.0,NA,NA,NA,NA,NA,NA,NA,NA
https://ror.org/04xfq0f34,RWTH Aachen,2024,NA,10.1016/j.cirp.2024.04.055,TRUE,FALSE,journal article,els2023deal,04xfq0f34_els2023deal_2024,false,NA,NA,NA,NA,0.0,NA,NA,NA,NA,NA,NA,NA,NA
https://ror.org/04xfq0f34,RWTH Aachen,2024,NA,10.1016/j.cirp.2024.04.073,TRUE,FALSE,journal article,els2023deal,04xfq0f34_els2023deal_2024,false,NA,NA,NA,NA,0.0,NA,NA,NA,NA,NA,NA,NA,NA
https://ror.org/04xfq0f34,RWTH Aachen,2024,NA,10.1016/j.clim.2024.110179,TRUE,FALSE,journal article,els2023deal,04xfq0f34_els2023deal_2024,false,NA,NA,NA,NA,0.0,NA,NA,NA,NA,NA,NA,NA,NA
https://ror.org/04xfq0f34,RWTH Aachen,2024,NA,10.1016/j.clineuro.2024.108501,TRUE,FALSE,journal article,els2023deal,04xfq0f34_els2023deal_2024,false,NA,NA,NA,NA,0.0,NA,NA,NA,NA,NA,NA,NA,NA
https://ror.org/04xfq0f34,RWTH Aachen,2024,NA,10.1016/j.clnesp.2024.03.032,TRUE,FALSE,journal article,els2023deal,04xfq0f34_els2023deal_2024,false,NA,NA,NA,NA,0.0,NA,NA,NA,NA,NA,NA,NA,NA
https://ror.org/04xfq0f34,RWTH Aachen,2024,NA,10.1016/j.cma.2024.116847,TRUE,FALSE,journal article,els2023deal,04xfq0f34_els2023deal_2024,false,NA,NA,NA,NA,0.0,NA,NA,NA,NA,NA,NA,NA,NA
https://ror.org/04xfq0f34,RWTH Aachen,2024,NA,10.1016/j.cma.2024.116979,TRUE,FALSE,journal article,els2023deal,04xfq0f34_els2023deal_2024,false,NA,NA,NA,NA,0.0,NA,NA,NA,NA,NA,NA,NA,NA
https://ror.org/04xfq0f34,RWTH Aachen,2024,NA,10.1016/j.cma.2024.117063,TRUE,FALSE,journal article,els2023deal,04xfq0f34_els2023deal_2024,false,NA,NA,NA,NA,0.0,NA,NA,NA,NA,NA,NA,NA,NA
https://ror.org/04xfq0f34,RWTH Aachen,2024,NA,10.1016/j.cma.2024.117111,TRUE,FALSE,journal article,els2023deal,04xfq0f34_els2023deal_2024,false,NA,NA,NA,NA,0.0,NA,NA,NA,NA,NA,NA,NA,NA
https://ror.org/04xfq0f34,RWTH Aachen,2024,NA,10.1016/j.cma.2024.117525,TRUE,FALSE,journal article,els2023deal,04xfq0f34_els2023deal_2024,false,NA,NA,NA,NA,0.0,NA,NA,NA,NA,NA,NA,NA,NA
https://ror.org/04xfq0f34,RWTH Aachen,2024,NA,10.1016/j.cma.2024.117535,TRUE,FALSE,journal article,els2023deal,04xfq0f34_els2023deal_2024,false,NA,NA,NA,NA,0.0,NA,NA,NA,NA,NA,NA,NA,NA
https://ror.org/04xfq0f34,RWTH Aachen,2024,NA,10.1016/j.cmpb.2024.108215,TRUE,FALSE,journal article,els2023deal,04xfq0f34_els2023deal_2024,false,NA,NA,NA,NA,0.0,NA,NA,NA,NA,NA,NA,NA,NA
https://ror.org/04xfq0f34,RWTH Aachen,2024,NA,10.1016/j.cmpb.2024.108319,TRUE,FALSE,journal article,els2023deal,04xfq0f34_els2023deal_2024,false,NA,NA,NA,NA,0.0,NA,NA,NA,NA,NA,NA,NA,NA
https://ror.org/04xfq0f34,RWTH Aachen,2024,NA,10.1016/j.cmpb.2024.108466,TRUE,FALSE,journal article,els2023deal,04xfq0f34_els2023deal_2024,false,NA,NA,NA,NA,0.0,NA,NA,NA,NA,NA,NA,NA,NA
https://ror.org/04xfq0f34,RWTH Aachen,2024,NA,10.1016/j.cnsns.2024.108368,TRUE,FALSE,journal article,els2023deal,04xfq0f34_els2023deal_2024,false,NA,NA,NA,NA,0.0,NA,NA,NA,NA,NA,NA,NA,NA
https://ror.org/04xfq0f34,RWTH Aachen,2024,NA,10.1016/j.coal.2024.104459,TRUE,FALSE,journal article,els2023deal,04xfq0f34_els2023deal_2024,false,NA,NA,NA,NA,0.0,NA,NA,NA,NA,NA,NA,NA,NA
https://ror.org/04xfq0f34,RWTH Aachen,2024,NA,10.1016/j.coal.2024.104469,TRUE,FALSE,journal article,els2023deal,04xfq0f34_els2023deal_2024,false,NA,NA,NA,NA,0.0,NA,NA,NA,NA,NA,NA,NA,NA
https://ror.org/04xfq0f34,RWTH Aachen,2024,NA,10.1016/j.coal.2024.104549,TRUE,FALSE,journal article,els2023deal,04xfq0f34_els2023deal_2024,false,NA,NA,NA,NA,0.0,NA,NA,NA,NA,NA,NA,NA,NA
https://ror.org/04xfq0f34,RWTH Aachen,2024,NA,10.1016/j.coal.2024.104648,TRUE,FALSE,journal article,els2023deal,04xfq0f34_els2023deal_2024,false,NA,NA,NA,NA,0.0,NA,NA,NA,NA,NA,NA,NA,NA
https://ror.org/04xfq0f34,RWTH Aachen,2024,NA,10.1016/j.colsurfa.2024.134133,TRUE,FALSE,journal article,els2023deal,04xfq0f34_els2023deal_2024,false,NA,NA,NA,NA,0.0,NA,NA,NA,NA,NA,NA,NA,NA
https://ror.org/04xfq0f34,RWTH Aachen,2024,NA,10.1016/j.combustflame.2024.113323,TRUE,FALSE,journal article,els2023deal,04xfq0f34_els2023deal_2024,false,NA,NA,NA,NA,0.0,NA,NA,NA,NA,NA,NA,NA,NA
https://ror.org/04xfq0f34,RWTH Aachen,2024,NA,10.1016/j.combustflame.2024.113329,TRUE,FALSE,journal article,els2023deal,04xfq0f34_els2023deal_2024,false,NA,NA,NA,NA,0.0,NA,NA,NA,NA,NA,NA,NA,NA
https://ror.org/04xfq0f34,RWTH Aachen,2024,NA,10.1016/j.combustflame.2024.113338,TRUE,FALSE,journal article,els2023deal,04xfq0f34_els2023deal_2024,false,NA,NA,NA,NA,0.0,NA,NA,NA,NA,NA,NA,NA,NA
https://ror.org/04xfq0f34,RWTH Aachen,2024,NA,10.1016/j.combustflame.2024.113533,TRUE,FALSE,journal article,els2023deal,04xfq0f34_els2023deal_2024,false,NA,NA,NA,NA,0.0,NA,NA,NA,NA,NA,NA,NA,NA
https://ror.org/04xfq0f34,RWTH Aachen,2024,NA,10.1016/j.combustflame.2024.113560,TRUE,FALSE,journal article,els2023deal,04xfq0f34_els2023deal_2024,false,NA,NA,NA,NA,0.0,NA,NA,NA,NA,NA,NA,NA,NA
https://ror.org/04xfq0f34,RWTH Aachen,2024,NA,10.1016/j.combustflame.2024.113702,TRUE,FALSE,journal article,els2023deal,04xfq0f34_els2023deal_2024,false,NA,NA,NA,NA,0.0,NA,NA,NA,NA,NA,NA,NA,NA
https://ror.org/04xfq0f34,RWTH Aachen,2024,NA,10.1016/j.combustflame.2024.113833,TRUE,FALSE,journal article,els2023deal,04xfq0f34_els2023deal_2024,false,NA,NA,NA,NA,0.0,NA,NA,NA,NA,NA,NA,NA,NA
https://ror.org/04xfq0f34,RWTH Aachen,2024,NA,10.1016/j.combustflame.2024.113861,TRUE,FALSE,journal article,els2023deal,04xfq0f34_els2023deal_2024,false,NA,NA,NA,NA,0.0,NA,NA,NA,NA,NA,NA,NA,NA
https://ror.org/04xfq0f34,RWTH Aachen,2024,NA,10.1016/j.combustflame.2024.113914,TRUE,FALSE,journal article,els2023deal,04xfq0f34_els2023deal_2024,false,NA,NA,NA,NA,0.0,NA,NA,NA,NA,NA,NA,NA,NA
https://ror.org/04xfq0f34,RWTH Aachen,2024,NA,10.1016/j.commatsci.2024.113025,TRUE,FALSE,journal article,els2023deal,04xfq0f34_els2023deal_2024,false,NA,NA,NA,NA,0.0,NA,NA,NA,NA,NA,NA,NA,NA
https://ror.org/04xfq0f34,RWTH Aachen,2024,NA,10.1016/j.commatsci.2024.113054,TRUE,FALSE,journal article,els2023deal,04xfq0f34_els2023deal_2024,false,NA,NA,NA,NA,0.0,NA,NA,NA,NA,NA,NA,NA,NA
https://ror.org/04xfq0f34,RWTH Aachen,2024,NA,10.1016/j.commatsci.2024.113064,TRUE,FALSE,journal article,els2023deal,04xfq0f34_els2023deal_2024,false,NA,NA,NA,NA,0.0,NA,NA,NA,NA,NA,NA,NA,NA
https://ror.org/04xfq0f34,RWTH Aachen,2024,NA,10.1016/j.commatsci.2024.113546,TRUE,FALSE,journal article,els2023deal,04xfq0f34_els2023deal_2024,false,NA,NA,NA,NA,0.0,NA,NA,NA,NA,NA,NA,NA,NA
https://ror.org/04xfq0f34,RWTH Aachen,2024,NA,10.1016/j.compchemeng.2024.108621,TRUE,FALSE,journal article,els2023deal,04xfq0f34_els2023deal_2024,false,NA,NA,NA,NA,0.0,NA,NA,NA,NA,NA,NA,NA,NA
https://ror.org/04xfq0f34,RWTH Aachen,2024,NA,10.1016/j.compchemeng.2024.108681,TRUE,FALSE,journal article,els2023deal,04xfq0f34_els2023deal_2024,false,NA,NA,NA,NA,0.0,NA,NA,NA,NA,NA,NA,NA,NA
https://ror.org/04xfq0f34,RWTH Aachen,2024,NA,10.1016/j.compfluid.2024.106302,TRUE,FALSE,journal article,els2023deal,04xfq0f34_els2023deal_2024,false,NA,NA,NA,NA,0.0,NA,NA,NA,NA,NA,NA,NA,NA
https://ror.org/04xfq0f34,RWTH Aachen,2024,NA,10.1016/j.compfluid.2024.106304,TRUE,FALSE,journal article,els2023deal,04xfq0f34_els2023deal_2024,false,NA,NA,NA,NA,0.0,NA,NA,NA,NA,NA,NA,NA,NA
https://ror.org/04xfq0f34,RWTH Aachen,2024,NA,10.1016/j.compfluid.2024.106498,TRUE,FALSE,journal article,els2023deal,04xfq0f34_els2023deal_2024,false,NA,NA,NA,NA,0.0,NA,NA,NA,NA,NA,NA,NA,NA
https://ror.org/04xfq0f34,RWTH Aachen,2024,NA,10.1016/j.compgeo.2024.106748,TRUE,FALSE,journal article,els2023deal,04xfq0f34_els2023deal_2024,false,NA,NA,NA,NA,0.0,NA,NA,NA,NA,NA,NA,NA,NA
https://ror.org/04xfq0f34,RWTH Aachen,2024,NA,10.1016/j.compind.2024.104170,TRUE,FALSE,journal article,els2023deal,04xfq0f34_els2023deal_2024,false,NA,NA,NA,NA,0.0,NA,NA,NA,NA,NA,NA,NA,NA
https://ror.org/04xfq0f34,RWTH Aachen,2024,NA,10.1016/j.compositesb.2024.111326,TRUE,FALSE,journal article,els2023deal,04xfq0f34_els2023deal_2024,false,NA,NA,NA,NA,0.0,NA,NA,NA,NA,NA,NA,NA,NA
https://ror.org/04xfq0f34,RWTH Aachen,2024,NA,10.1016/j.compstruc.2024.107391,TRUE,FALSE,journal article,els2023deal,04xfq0f34_els2023deal_2024,false,NA,NA,NA,NA,0.0,NA,NA,NA,NA,NA,NA,NA,NA
https://ror.org/04xfq0f34,RWTH Aachen,2024,NA,10.1016/j.conbuildmat.2024.136151,TRUE,FALSE,journal article,els2023deal,04xfq0f34_els2023deal_2024,false,NA,NA,NA,NA,0.0,NA,NA,NA,NA,NA,NA,NA,NA
https://ror.org/04xfq0f34,RWTH Aachen,2024,NA,10.1016/j.conbuildmat.2024.137611,TRUE,FALSE,journal article,els2023deal,04xfq0f34_els2023deal_2024,false,NA,NA,NA,NA,0.0,NA,NA,NA,NA,NA,NA,NA,NA
https://ror.org/04xfq0f34,RWTH Aachen,2024,NA,10.1016/j.conbuildmat.2024.138455,TRUE,FALSE,journal article,els2023deal,04xfq0f34_els2023deal_2024,false,NA,NA,NA,NA,0.0,NA,NA,NA,NA,NA,NA,NA,NA
https://ror.org/04xfq0f34,RWTH Aachen,2024,NA,10.1016/j.conbuildmat.2024.139466,TRUE,FALSE,journal article,els2023deal,04xfq0f34_els2023deal_2024,false,NA,NA,NA,NA,0.0,NA,NA,NA,NA,NA,NA,NA,NA
https://ror.org/04xfq0f34,RWTH Aachen,2024,NA,10.1016/j.copbio.2024.103107,TRUE,FALSE,journal article,els2023deal,04xfq0f34_els2023deal_2024,false,NA,NA,NA,NA,0.0,NA,NA,NA,NA,NA,NA,NA,NA
https://ror.org/04xfq0f34,RWTH Aachen,2024,NA,10.1016/j.copbio.2024.103209,TRUE,FALSE,journal article,els2023deal,04xfq0f34_els2023deal_2024,false,NA,NA,NA,NA,0.0,NA,NA,NA,NA,NA,NA,NA,NA
https://ror.org/04xfq0f34,RWTH Aachen,2024,NA,10.1016/j.cpc.2024.109198,TRUE,FALSE,journal article,els2023deal,04xfq0f34_els2023deal_2024,false,NA,NA,NA,NA,0.0,NA,NA,NA,NA,NA,NA,NA,NA
https://ror.org/04xfq0f34,RWTH Aachen,2024,NA,10.1016/j.cpc.2024.109384,TRUE,FALSE,journal article,els2023deal,04xfq0f34_els2023deal_2024,false,NA,NA,NA,NA,0.0,NA,NA,NA,NA,NA,NA,NA,NA
https://ror.org/04xfq0f34,RWTH Aachen,2024,NA,10.1016/j.cryogenics.2024.103895,TRUE,FALSE,journal article,els2023deal,04xfq0f34_els2023deal_2024,false,NA,NA,NA,NA,0.0,NA,NA,NA,NA,NA,NA,NA,NA
https://ror.org/04xfq0f34,RWTH Aachen,2024,NA,10.1016/j.cstp.2024.101227,TRUE,FALSE,journal article,els2023deal,04xfq0f34_els2023deal_2024,false,NA,NA,NA,NA,0.0,NA,NA,NA,NA,NA,NA,NA,NA
https://ror.org/04xfq0f34,RWTH Aachen,2024,NA,10.1016/j.dam.2024.06.029,TRUE,FALSE,journal article,els2023deal,04xfq0f34_els2023deal_2024,false,NA,NA,NA,NA,0.0,NA,NA,NA,NA,NA,NA,NA,NA
https://ror.org/04xfq0f34,RWTH Aachen,2024,NA,10.1016/j.dam.2024.06.031,TRUE,FALSE,journal article,els2023deal,04xfq0f34_els2023deal_2024,false,NA,NA,NA,NA,0.0,NA,NA,NA,NA,NA,NA,NA,NA
https://ror.org/04xfq0f34,RWTH Aachen,2024,NA,10.1016/j.dam.2024.11.025,TRUE,FALSE,journal article,els2023deal,04xfq0f34_els2023deal_2024,false,NA,NA,NA,NA,0.0,NA,NA,NA,NA,NA,NA,NA,NA
https://ror.org/04xfq0f34,RWTH Aachen,2024,NA,10.1016/j.datak.2024.102301,TRUE,FALSE,journal article,els2023deal,04xfq0f34_els2023deal_2024,false,NA,NA,NA,NA,0.0,NA,NA,NA,NA,NA,NA,NA,NA
https://ror.org/04xfq0f34,RWTH Aachen,2024,NA,10.1016/j.desal.2024.117313,TRUE,FALSE,journal article,els2023deal,04xfq0f34_els2023deal_2024,false,NA,NA,NA,NA,0.0,NA,NA,NA,NA,NA,NA,NA,NA
https://ror.org/04xfq0f34,RWTH Aachen,2024,NA,10.1016/j.desal.2024.117595,TRUE,FALSE,journal article,els2023deal,04xfq0f34_els2023deal_2024,false,NA,NA,NA,NA,0.0,NA,NA,NA,NA,NA,NA,NA,NA
https://ror.org/04xfq0f34,RWTH Aachen,2024,NA,10.1016/j.desal.2024.118170,TRUE,FALSE,journal article,els2023deal,04xfq0f34_els2023deal_2024,false,NA,NA,NA,NA,0.0,NA,NA,NA,NA,NA,NA,NA,NA
https://ror.org/04xfq0f34,RWTH Aachen,2024,NA,10.1016/j.disc.2024.114144,TRUE,FALSE,journal article,els2023deal,04xfq0f34_els2023deal_2024,false,NA,NA,NA,NA,0.0,NA,NA,NA,NA,NA,NA,NA,NA
https://ror.org/04xfq0f34,RWTH Aachen,2024,NA,10.1016/j.ejcon.2024.101063,TRUE,FALSE,journal article,els2023deal,04xfq0f34_els2023deal_2024,false,NA,NA,NA,NA,0.0,NA,NA,NA,NA,NA,NA,NA,NA
https://ror.org/04xfq0f34,RWTH Aachen,2024,NA,10.1016/j.ejim.2024.10.030,TRUE,FALSE,journal article,els2023deal,04xfq0f34_els2023deal_2024,false,NA,NA,NA,NA,0.0,NA,NA,NA,NA,NA,NA,NA,NA
https://ror.org/04xfq0f34,RWTH Aachen,2024,NA,10.1016/j.ejor.2024.02.039,TRUE,FALSE,journal article,els2023deal,04xfq0f34_els2023deal_2024,false,NA,NA,NA,NA,0.0,NA,NA,NA,NA,NA,NA,NA,NA
https://ror.org/04xfq0f34,RWTH Aachen,2024,NA,10.1016/j.ejor.2024.04.005,TRUE,FALSE,journal article,els2023deal,04xfq0f34_els2023deal_2024,false,NA,NA,NA,NA,0.0,NA,NA,NA,NA,NA,NA,NA,NA
https://ror.org/04xfq0f34,RWTH Aachen,2024,NA,10.1016/j.ejpoleco.2024.102576,TRUE,FALSE,journal article,els2023deal,04xfq0f34_els2023deal_2024,false,NA,NA,NA,NA,0.0,NA,NA,NA,NA,NA,NA,NA,NA
https://ror.org/04xfq0f34,RWTH Aachen,2024,NA,10.1016/j.ejvs.2024.10.002,TRUE,FALSE,journal article,els2023deal,04xfq0f34_els2023deal_2024,false,NA,NA,NA,NA,0.0,NA,NA,NA,NA,NA,NA,NA,NA
https://ror.org/04xfq0f34,RWTH Aachen,2024,NA,10.1016/j.electacta.2024.144533,TRUE,FALSE,journal article,els2023deal,04xfq0f34_els2023deal_2024,false,NA,NA,NA,NA,0.0,NA,NA,NA,NA,NA,NA,NA,NA
https://ror.org/04xfq0f34,RWTH Aachen,2024,NA,10.1016/j.electacta.2024.145111,TRUE,FALSE,journal article,els2023deal,04xfq0f34_els2023deal_2024,false,NA,NA,NA,NA,0.0,NA,NA,NA,NA,NA,NA,NA,NA
https://ror.org/04xfq0f34,RWTH Aachen,2024,NA,10.1016/j.enbuild.2024.113895,TRUE,FALSE,journal article,els2023deal,04xfq0f34_els2023deal_2024,false,NA,NA,NA,NA,0.0,NA,NA,NA,NA,NA,NA,NA,NA
https://ror.org/04xfq0f34,RWTH Aachen,2024,NA,10.1016/j.enbuild.2024.114071,TRUE,FALSE,journal article,els2023deal,04xfq0f34_els2023deal_2024,false,NA,NA,NA,NA,0.0,NA,NA,NA,NA,NA,NA,NA,NA
https://ror.org/04xfq0f34,RWTH Aachen,2024,NA,10.1016/j.enbuild.2024.114852,TRUE,FALSE,journal article,els2023deal,04xfq0f34_els2023deal_2024,false,NA,NA,NA,NA,0.0,NA,NA,NA,NA,NA,NA,NA,NA
https://ror.org/04xfq0f34,RWTH Aachen,2024,NA,10.1016/j.enbuild.2024.115068,TRUE,FALSE,journal article,els2023deal,04xfq0f34_els2023deal_2024,false,NA,NA,NA,NA,0.0,NA,NA,NA,NA,NA,NA,NA,NA
https://ror.org/04xfq0f34,RWTH Aachen,2024,NA,10.1016/j.enconman.2024.118159,TRUE,FALSE,journal article,els2023deal,04xfq0f34_els2023deal_2024,false,NA,NA,NA,NA,0.0,NA,NA,NA,NA,NA,NA,NA,NA
https://ror.org/04xfq0f34,RWTH Aachen,2024,NA,10.1016/j.energy.2024.130558,TRUE,FALSE,journal article,els2023deal,04xfq0f34_els2023deal_2024,false,NA,NA,NA,NA,0.0,NA,NA,NA,NA,NA,NA,NA,NA
https://ror.org/04xfq0f34,RWTH Aachen,2024,NA,10.1016/j.energy.2024.131248,TRUE,FALSE,journal article,els2023deal,04xfq0f34_els2023deal_2024,false,NA,NA,NA,NA,0.0,NA,NA,NA,NA,NA,NA,NA,NA
https://ror.org/04xfq0f34,RWTH Aachen,2024,NA,10.1016/j.energy.2024.133907,TRUE,FALSE,journal article,els2023deal,04xfq0f34_els2023deal_2024,false,NA,NA,NA,NA,0.0,NA,NA,NA,NA,NA,NA,NA,NA
https://ror.org/04xfq0f34,RWTH Aachen,2024,NA,10.1016/j.energy.2024.134020,TRUE,FALSE,journal article,els2023deal,04xfq0f34_els2023deal_2024,false,NA,NA,NA,NA,0.0,NA,NA,NA,NA,NA,NA,NA,NA
https://ror.org/04xfq0f34,RWTH Aachen,2024,NA,10.1016/j.engappai.2024.108276,TRUE,FALSE,journal article,els2023deal,04xfq0f34_els2023deal_2024,false,NA,NA,NA,NA,0.0,NA,NA,NA,NA,NA,NA,NA,NA
https://ror.org/04xfq0f34,RWTH Aachen,2024,NA,10.1016/j.engfailanal.2024.108964,TRUE,FALSE,journal article,els2023deal,04xfq0f34_els2023deal_2024,false,NA,NA,NA,NA,0.0,NA,NA,NA,NA,NA,NA,NA,NA
https://ror.org/04xfq0f34,RWTH Aachen,2024,NA,10.1016/j.engfracmech.2024.110532,TRUE,FALSE,journal article,els2023deal,04xfq0f34_els2023deal_2024,false,NA,NA,NA,NA,0.0,NA,NA,NA,NA,NA,NA,NA,NA
https://ror.org/04xfq0f34,RWTH Aachen,2024,NA,10.1016/j.engfracmech.2024.110751,TRUE,FALSE,journal article,els2023deal,04xfq0f34_els2023deal_2024,false,NA,NA,NA,NA,0.0,NA,NA,NA,NA,NA,NA,NA,NA
https://ror.org/04xfq0f34,RWTH Aachen,2024,NA,10.1016/j.engstruct.2024.119445,TRUE,FALSE,journal article,els2023deal,04xfq0f34_els2023deal_2024,false,NA,NA,NA,NA,0.0,NA,NA,NA,NA,NA,NA,NA,NA
https://ror.org/04xfq0f34,RWTH Aachen,2024,NA,10.1016/j.enpol.2024.114200,TRUE,FALSE,journal article,els2023deal,04xfq0f34_els2023deal_2024,false,NA,NA,NA,NA,0.0,NA,NA,NA,NA,NA,NA,NA,NA
https://ror.org/04xfq0f34,RWTH Aachen,2024,NA,10.1016/j.envpol.2024.125487,TRUE,FALSE,journal article,els2023deal,04xfq0f34_els2023deal_2024,false,NA,NA,NA,NA,0.0,NA,NA,NA,NA,NA,NA,NA,NA
https://ror.org/04xfq0f34,RWTH Aachen,2024,NA,10.1016/j.epsr.2024.110655,TRUE,FALSE,journal article,els2023deal,04xfq0f34_els2023deal_2024,false,NA,NA,NA,NA,0.0,NA,NA,NA,NA,NA,NA,NA,NA
https://ror.org/04xfq0f34,RWTH Aachen,2024,NA,10.1016/j.epsr.2024.110779,TRUE,FALSE,journal article,els2023deal,04xfq0f34_els2023deal_2024,false,NA,NA,NA,NA,0.0,NA,NA,NA,NA,NA,NA,NA,NA
https://ror.org/04xfq0f34,RWTH Aachen,2024,NA,10.1016/j.est.2024.111030,TRUE,FALSE,journal article,els2023deal,04xfq0f34_els2023deal_2024,false,NA,NA,NA,NA,0.0,NA,NA,NA,NA,NA,NA,NA,NA
https://ror.org/04xfq0f34,RWTH Aachen,2024,NA,10.1016/j.est.2024.111275,TRUE,FALSE,journal article,els2023deal,04xfq0f34_els2023deal_2024,false,NA,NA,NA,NA,0.0,NA,NA,NA,NA,NA,NA,NA,NA
https://ror.org/04xfq0f34,RWTH Aachen,2024,NA,10.1016/j.est.2024.111360,TRUE,FALSE,journal article,els2023deal,04xfq0f34_els2023deal_2024,false,NA,NA,NA,NA,0.0,NA,NA,NA,NA,NA,NA,NA,NA
https://ror.org/04xfq0f34,RWTH Aachen,2024,NA,10.1016/j.est.2024.112042,TRUE,FALSE,journal article,els2023deal,04xfq0f34_els2023deal_2024,false,NA,NA,NA,NA,0.0,NA,NA,NA,NA,NA,NA,NA,NA
https://ror.org/04xfq0f34,RWTH Aachen,2024,NA,10.1016/j.est.2024.112863,TRUE,FALSE,journal article,els2023deal,04xfq0f34_els2023deal_2024,false,NA,NA,NA,NA,0.0,NA,NA,NA,NA,NA,NA,NA,NA
https://ror.org/04xfq0f34,RWTH Aachen,2024,NA,10.1016/j.est.2024.112907,TRUE,FALSE,journal article,els2023deal,04xfq0f34_els2023deal_2024,false,NA,NA,NA,NA,0.0,NA,NA,NA,NA,NA,NA,NA,NA
https://ror.org/04xfq0f34,RWTH Aachen,2024,NA,10.1016/j.est.2024.113879,TRUE,FALSE,journal article,els2023deal,04xfq0f34_els2023deal_2024,false,NA,NA,NA,NA,0.0,NA,NA,NA,NA,NA,NA,NA,NA
https://ror.org/04xfq0f34,RWTH Aachen,2024,NA,10.1016/j.est.2024.114931,TRUE,FALSE,journal article,els2023deal,04xfq0f34_els2023deal_2024,false,NA,NA,NA,NA,0.0,NA,NA,NA,NA,NA,NA,NA,NA
https://ror.org/04xfq0f34,RWTH Aachen,2024,NA,10.1016/j.etran.2024.100316,TRUE,FALSE,journal article,els2023deal,04xfq0f34_els2023deal_2024,false,NA,NA,NA,NA,0.0,NA,NA,NA,NA,NA,NA,NA,NA
https://ror.org/04xfq0f34,RWTH Aachen,2024,NA,10.1016/j.etran.2024.100340,TRUE,FALSE,journal article,els2023deal,04xfq0f34_els2023deal_2024,false,NA,NA,NA,NA,0.0,NA,NA,NA,NA,NA,NA,NA,NA
https://ror.org/04xfq0f34,RWTH Aachen,2024,NA,10.1016/j.etran.2024.100355,TRUE,FALSE,journal article,els2023deal,04xfq0f34_els2023deal_2024,false,NA,NA,NA,NA,0.0,NA,NA,NA,NA,NA,NA,NA,NA
https://ror.org/04xfq0f34,RWTH Aachen,2024,NA,10.1016/j.etran.2024.100358,TRUE,FALSE,journal article,els2023deal,04xfq0f34_els2023deal_2024,false,NA,NA,NA,NA,0.0,NA,NA,NA,NA,NA,NA,NA,NA
https://ror.org/04xfq0f34,RWTH Aachen,2024,NA,10.1016/j.euroecorev.2024.104847,TRUE,FALSE,journal article,els2023deal,04xfq0f34_els2023deal_2024,false,NA,NA,NA,NA,0.0,NA,NA,NA,NA,NA,NA,NA,NA
https://ror.org/04xfq0f34,RWTH Aachen,2024,NA,10.1016/j.euromechflu.2024.07.013,TRUE,FALSE,journal article,els2023deal,04xfq0f34_els2023deal_2024,false,NA,NA,NA,NA,0.0,NA,NA,NA,NA,NA,NA,NA,NA
https://ror.org/04xfq0f34,RWTH Aachen,2024,NA,10.1016/j.eururo.2024.03.035,TRUE,FALSE,journal article,els2023deal,04xfq0f34_els2023deal_2024,false,NA,NA,NA,NA,0.0,NA,NA,NA,NA,NA,NA,NA,NA
https://ror.org/04xfq0f34,RWTH Aachen,2024,NA,10.1016/j.exphem.2024.104600,TRUE,FALSE,journal article,els2023deal,04xfq0f34_els2023deal_2024,false,NA,NA,NA,NA,0.0,NA,NA,NA,NA,NA,NA,NA,NA
https://ror.org/04xfq0f34,RWTH Aachen,2024,NA,10.1016/j.foodchem.2024.139369,TRUE,FALSE,journal article,els2023deal,04xfq0f34_els2023deal_2024,false,NA,NA,NA,NA,0.0,NA,NA,NA,NA,NA,NA,NA,NA
https://ror.org/04xfq0f34,RWTH Aachen,2024,NA,10.1016/j.fuel.2024.130973,TRUE,FALSE,journal article,els2023deal,04xfq0f34_els2023deal_2024,false,NA,NA,NA,NA,0.0,NA,NA,NA,NA,NA,NA,NA,NA
https://ror.org/04xfq0f34,RWTH Aachen,2024,NA,10.1016/j.fuel.2024.131867,TRUE,FALSE,journal article,els2023deal,04xfq0f34_els2023deal_2024,false,NA,NA,NA,NA,0.0,NA,NA,NA,NA,NA,NA,NA,NA
https://ror.org/04xfq0f34,RWTH Aachen,2024,NA,10.1016/j.fuel.2024.132054,TRUE,FALSE,journal article,els2023deal,04xfq0f34_els2023deal_2024,false,NA,NA,NA,NA,0.0,NA,NA,NA,NA,NA,NA,NA,NA
https://ror.org/04xfq0f34,RWTH Aachen,2024,NA,10.1016/j.fuel.2024.133011,TRUE,FALSE,journal article,els2023deal,04xfq0f34_els2023deal_2024,false,NA,NA,NA,NA,0.0,NA,NA,NA,NA,NA,NA,NA,NA
https://ror.org/04xfq0f34,RWTH Aachen,2024,NA,10.1016/j.fuel.2024.133338,TRUE,FALSE,journal article,els2023deal,04xfq0f34_els2023deal_2024,false,NA,NA,NA,NA,0.0,NA,NA,NA,NA,NA,NA,NA,NA
https://ror.org/04xfq0f34,RWTH Aachen,2024,NA,10.1016/j.future.2024.107645,TRUE,FALSE,journal article,els2023deal,04xfq0f34_els2023deal_2024,false,NA,NA,NA,NA,0.0,NA,NA,NA,NA,NA,NA,NA,NA
https://ror.org/04xfq0f34,RWTH Aachen,2024,NA,10.1016/j.geomorph.2024.109166,TRUE,FALSE,journal article,els2023deal,04xfq0f34_els2023deal_2024,false,NA,NA,NA,NA,0.0,NA,NA,NA,NA,NA,NA,NA,NA
https://ror.org/04xfq0f34,RWTH Aachen,2024,NA,10.1016/j.geomorph.2024.109407,TRUE,FALSE,journal article,els2023deal,04xfq0f34_els2023deal_2024,false,NA,NA,NA,NA,0.0,NA,NA,NA,NA,NA,NA,NA,NA
https://ror.org/04xfq0f34,RWTH Aachen,2024,NA,10.1016/j.geothermics.2024.102912,TRUE,FALSE,journal article,els2023deal,04xfq0f34_els2023deal_2024,false,NA,NA,NA,NA,0.0,NA,NA,NA,NA,NA,NA,NA,NA
https://ror.org/04xfq0f34,RWTH Aachen,2024,NA,10.1016/j.geothermics.2024.102957,TRUE,FALSE,journal article,els2023deal,04xfq0f34_els2023deal_2024,false,NA,NA,NA,NA,0.0,NA,NA,NA,NA,NA,NA,NA,NA
https://ror.org/04xfq0f34,RWTH Aachen,2024,NA,10.1016/j.gete.2024.100576,TRUE,FALSE,journal article,els2023deal,04xfq0f34_els2023deal_2024,false,NA,NA,NA,NA,0.0,NA,NA,NA,NA,NA,NA,NA,NA
https://ror.org/04xfq0f34,RWTH Aachen,2024,NA,10.1016/j.gete.2024.100608,TRUE,FALSE,journal article,els2023deal,04xfq0f34_els2023deal_2024,false,NA,NA,NA,NA,0.0,NA,NA,NA,NA,NA,NA,NA,NA
https://ror.org/04xfq0f34,RWTH Aachen,2024,NA,10.1016/j.heares.2024.109127,TRUE,FALSE,journal article,els2023deal,04xfq0f34_els2023deal_2024,false,NA,NA,NA,NA,0.0,NA,NA,NA,NA,NA,NA,NA,NA
https://ror.org/04xfq0f34,RWTH Aachen,2024,NA,10.1016/j.ic.2024.105224,TRUE,FALSE,journal article,els2023deal,04xfq0f34_els2023deal_2024,false,NA,NA,NA,NA,0.0,NA,NA,NA,NA,NA,NA,NA,NA
https://ror.org/04xfq0f34,RWTH Aachen,2024,NA,10.1016/j.idairyj.2024.105941,TRUE,FALSE,journal article,els2023deal,04xfq0f34_els2023deal_2024,false,NA,NA,NA,NA,0.0,NA,NA,NA,NA,NA,NA,NA,NA
https://ror.org/04xfq0f34,RWTH Aachen,2024,NA,10.1016/j.ijfatigue.2024.108334,TRUE,FALSE,journal article,els2023deal,04xfq0f34_els2023deal_2024,false,NA,NA,NA,NA,0.0,NA,NA,NA,NA,NA,NA,NA,NA
https://ror.org/04xfq0f34,RWTH Aachen,2024,NA,10.1016/j.ijfatigue.2024.108531,TRUE,FALSE,journal article,els2023deal,04xfq0f34_els2023deal_2024,false,NA,NA,NA,NA,0.0,NA,NA,NA,NA,NA,NA,NA,NA
https://ror.org/04xfq0f34,RWTH Aachen,2024,NA,10.1016/j.ijggc.2024.104225,TRUE,FALSE,journal article,els2023deal,04xfq0f34_els2023deal_2024,false,NA,NA,NA,NA,0.0,NA,NA,NA,NA,NA,NA,NA,NA
https://ror.org/04xfq0f34,RWTH Aachen,2024,NA,10.1016/j.ijheatfluidflow.2024.109314,TRUE,FALSE,journal article,els2023deal,04xfq0f34_els2023deal_2024,false,NA,NA,NA,NA,0.0,NA,NA,NA,NA,NA,NA,NA,NA
https://ror.org/04xfq0f34,RWTH Aachen,2024,NA,10.1016/j.ijheh.2024.114375,TRUE,FALSE,journal article,els2023deal,04xfq0f34_els2023deal_2024,false,NA,NA,NA,NA,0.0,NA,NA,NA,NA,NA,NA,NA,NA
https://ror.org/04xfq0f34,RWTH Aachen,2024,NA,10.1016/j.ijhydene.2024.03.355,TRUE,FALSE,journal article,els2023deal,04xfq0f34_els2023deal_2024,false,NA,NA,NA,NA,0.0,NA,NA,NA,NA,NA,NA,NA,NA
https://ror.org/04xfq0f34,RWTH Aachen,2024,NA,10.1016/j.ijhydene.2024.04.119,TRUE,FALSE,journal article,els2023deal,04xfq0f34_els2023deal_2024,false,NA,NA,NA,NA,0.0,NA,NA,NA,NA,NA,NA,NA,NA
https://ror.org/04xfq0f34,RWTH Aachen,2024,NA,10.1016/j.ijhydene.2024.08.478,TRUE,FALSE,journal article,els2023deal,04xfq0f34_els2023deal_2024,false,NA,NA,NA,NA,0.0,NA,NA,NA,NA,NA,NA,NA,NA
https://ror.org/04xfq0f34,RWTH Aachen,2024,NA,10.1016/j.ijhydene.2024.09.395,TRUE,FALSE,journal article,els2023deal,04xfq0f34_els2023deal_2024,false,NA,NA,NA,NA,0.0,NA,NA,NA,NA,NA,NA,NA,NA
https://ror.org/04xfq0f34,RWTH Aachen,2024,NA,10.1016/j.ijmecsci.2024.109625,TRUE,FALSE,journal article,els2023deal,04xfq0f34_els2023deal_2024,false,NA,NA,NA,NA,0.0,NA,NA,NA,NA,NA,NA,NA,NA
https://ror.org/04xfq0f34,RWTH Aachen,2024,NA,10.1016/j.ijmecsci.2024.109909,TRUE,FALSE,journal article,els2023deal,04xfq0f34_els2023deal_2024,false,NA,NA,NA,NA,0.0,NA,NA,NA,NA,NA,NA,NA,NA
https://ror.org/04xfq0f34,RWTH Aachen,2024,NA,10.1016/j.ijmultiphaseflow.2024.104849,TRUE,FALSE,journal article,els2023deal,04xfq0f34_els2023deal_2024,false,NA,NA,NA,NA,0.0,NA,NA,NA,NA,NA,NA,NA,NA
https://ror.org/04xfq0f34,RWTH Aachen,2024,NA,10.1016/j.ijmultiphaseflow.2024.104971,TRUE,FALSE,journal article,els2023deal,04xfq0f34_els2023deal_2024,false,NA,NA,NA,NA,0.0,NA,NA,NA,NA,NA,NA,NA,NA
https://ror.org/04xfq0f34,RWTH Aachen,2024,NA,10.1016/j.ijom.2024.07.009,TRUE,FALSE,journal article,els2023deal,04xfq0f34_els2023deal_2024,false,NA,NA,NA,NA,0.0,NA,NA,NA,NA,NA,NA,NA,NA
https://ror.org/04xfq0f34,RWTH Aachen,2024,NA,10.1016/j.ijom.2024.08.041,TRUE,FALSE,journal article,els2023deal,04xfq0f34_els2023deal_2024,false,NA,NA,NA,NA,0.0,NA,NA,NA,NA,NA,NA,NA,NA
https://ror.org/04xfq0f34,RWTH Aachen,2024,NA,10.1016/j.ijom.2024.09.005,TRUE,FALSE,journal article,els2023deal,04xfq0f34_els2023deal_2024,false,NA,NA,NA,NA,0.0,NA,NA,NA,NA,NA,NA,NA,NA
https://ror.org/04xfq0f34,RWTH Aachen,2024,NA,10.1016/j.ijplas.2024.103883,TRUE,FALSE,journal article,els2023deal,04xfq0f34_els2023deal_2024,false,NA,NA,NA,NA,0.0,NA,NA,NA,NA,NA,NA,NA,NA
https://ror.org/04xfq0f34,RWTH Aachen,2024,NA,10.1016/j.ijplas.2024.104037,TRUE,FALSE,journal article,els2023deal,04xfq0f34_els2023deal_2024,false,NA,NA,NA,NA,0.0,NA,NA,NA,NA,NA,NA,NA,NA
https://ror.org/04xfq0f34,RWTH Aachen,2024,NA,10.1016/j.ijrmhm.2024.106892,TRUE,FALSE,journal article,els2023deal,04xfq0f34_els2023deal_2024,false,NA,NA,NA,NA,0.0,NA,NA,NA,NA,NA,NA,NA,NA
https://ror.org/04xfq0f34,RWTH Aachen,2024,NA,10.1016/j.ijsolstr.2024.113102,TRUE,FALSE,journal article,els2023deal,04xfq0f34_els2023deal_2024,false,NA,NA,NA,NA,0.0,NA,NA,NA,NA,NA,NA,NA,NA
https://ror.org/04xfq0f34,RWTH Aachen,2024,NA,10.1016/j.indmarman.2024.07.009,TRUE,FALSE,journal article,els2023deal,04xfq0f34_els2023deal_2024,false,NA,NA,NA,NA,0.0,NA,NA,NA,NA,NA,NA,NA,NA
https://ror.org/04xfq0f34,RWTH Aachen,2024,NA,10.1016/j.istruc.2024.106042,TRUE,FALSE,journal article,els2023deal,04xfq0f34_els2023deal_2024,false,NA,NA,NA,NA,0.0,NA,NA,NA,NA,NA,NA,NA,NA
https://ror.org/04xfq0f34,RWTH Aachen,2024,NA,10.1016/j.jaci.2024.06.016,TRUE,FALSE,journal article,els2023deal,04xfq0f34_els2023deal_2024,false,NA,NA,NA,NA,0.0,NA,NA,NA,NA,NA,NA,NA,NA
https://ror.org/04xfq0f34,RWTH Aachen,2024,NA,10.1016/j.jalgebra.2024.11.014,TRUE,FALSE,journal article,els2023deal,04xfq0f34_els2023deal_2024,false,NA,NA,NA,NA,0.0,NA,NA,NA,NA,NA,NA,NA,NA
https://ror.org/04xfq0f34,RWTH Aachen,2024,NA,10.1016/j.jallcom.2024.175426,TRUE,FALSE,journal article,els2023deal,04xfq0f34_els2023deal_2024,false,NA,NA,NA,NA,0.0,NA,NA,NA,NA,NA,NA,NA,NA
https://ror.org/04xfq0f34,RWTH Aachen,2024,NA,10.1016/j.jamda.2024.105235,TRUE,FALSE,journal article,els2023deal,04xfq0f34_els2023deal_2024,false,NA,NA,NA,NA,0.0,NA,NA,NA,NA,NA,NA,NA,NA
https://ror.org/04xfq0f34,RWTH Aachen,2024,NA,10.1016/j.jappgeo.2024.105490,TRUE,FALSE,journal article,els2023deal,04xfq0f34_els2023deal_2024,false,NA,NA,NA,NA,0.0,NA,NA,NA,NA,NA,NA,NA,NA
https://ror.org/04xfq0f34,RWTH Aachen,2024,NA,10.1016/j.jappgeo.2024.105549,TRUE,FALSE,journal article,els2023deal,04xfq0f34_els2023deal_2024,false,NA,NA,NA,NA,0.0,NA,NA,NA,NA,NA,NA,NA,NA
https://ror.org/04xfq0f34,RWTH Aachen,2024,NA,10.1016/j.jat.2024.106099,TRUE,FALSE,journal article,els2023deal,04xfq0f34_els2023deal_2024,false,NA,NA,NA,NA,0.0,NA,NA,NA,NA,NA,NA,NA,NA
https://ror.org/04xfq0f34,RWTH Aachen,2024,NA,10.1016/j.jbiotec.2024.09.001,TRUE,FALSE,journal article,els2023deal,04xfq0f34_els2023deal_2024,false,NA,NA,NA,NA,0.0,NA,NA,NA,NA,NA,NA,NA,NA
https://ror.org/04xfq0f34,RWTH Aachen,2024,NA,10.1016/j.jcat.2024.115712,TRUE,FALSE,journal article,els2023deal,04xfq0f34_els2023deal_2024,false,NA,NA,NA,NA,0.0,NA,NA,NA,NA,NA,NA,NA,NA
https://ror.org/04xfq0f34,RWTH Aachen,2024,NA,10.1016/j.jchromb.2024.124034,TRUE,FALSE,journal article,els2023deal,04xfq0f34_els2023deal_2024,false,NA,NA,NA,NA,0.0,NA,NA,NA,NA,NA,NA,NA,NA
https://ror.org/04xfq0f34,RWTH Aachen,2024,NA,10.1016/j.jcis.2024.08.235,TRUE,FALSE,journal article,els2023deal,04xfq0f34_els2023deal_2024,false,NA,NA,NA,NA,0.0,NA,NA,NA,NA,NA,NA,NA,NA
https://ror.org/04xfq0f34,RWTH Aachen,2024,NA,10.1016/j.jclepro.2024.143711,TRUE,FALSE,journal article,els2023deal,04xfq0f34_els2023deal_2024,false,NA,NA,NA,NA,0.0,NA,NA,NA,NA,NA,NA,NA,NA
https://ror.org/04xfq0f34,RWTH Aachen,2024,NA,10.1016/j.jclepro.2024.143813,TRUE,FALSE,journal article,els2023deal,04xfq0f34_els2023deal_2024,false,NA,NA,NA,NA,0.0,NA,NA,NA,NA,NA,NA,NA,NA
https://ror.org/04xfq0f34,RWTH Aachen,2024,NA,10.1016/j.jcms.2024.10.005,TRUE,FALSE,journal article,els2023deal,04xfq0f34_els2023deal_2024,false,NA,NA,NA,NA,0.0,NA,NA,NA,NA,NA,NA,NA,NA
https://ror.org/04xfq0f34,RWTH Aachen,2024,NA,10.1016/j.jco.2024.101839,TRUE,FALSE,journal article,els2023deal,04xfq0f34_els2023deal_2024,false,NA,NA,NA,NA,0.0,NA,NA,NA,NA,NA,NA,NA,NA
https://ror.org/04xfq0f34,RWTH Aachen,2024,NA,10.1016/j.jco.2024.101851,TRUE,FALSE,journal article,els2023deal,04xfq0f34_els2023deal_2024,false,NA,NA,NA,NA,0.0,NA,NA,NA,NA,NA,NA,NA,NA
https://ror.org/04xfq0f34,RWTH Aachen,2024,NA,10.1016/j.jconrel.2024.05.030,TRUE,FALSE,journal article,els2023deal,04xfq0f34_els2023deal_2024,false,NA,NA,NA,NA,0.0,NA,NA,NA,NA,NA,NA,NA,NA
https://ror.org/04xfq0f34,RWTH Aachen,2024,NA,10.1016/j.jconrel.2024.08.041,TRUE,FALSE,journal article,els2023deal,04xfq0f34_els2023deal_2024,false,NA,NA,NA,NA,0.0,NA,NA,NA,NA,NA,NA,NA,NA
https://ror.org/04xfq0f34,RWTH Aachen,2024,NA,10.1016/j.jcp.2024.112854,TRUE,FALSE,journal article,els2023deal,04xfq0f34_els2023deal_2024,false,NA,NA,NA,NA,0.0,NA,NA,NA,NA,NA,NA,NA,NA
https://ror.org/04xfq0f34,RWTH Aachen,2024,NA,10.1016/j.jcp.2024.113223,TRUE,FALSE,journal article,els2023deal,04xfq0f34_els2023deal_2024,false,NA,NA,NA,NA,0.0,NA,NA,NA,NA,NA,NA,NA,NA
https://ror.org/04xfq0f34,RWTH Aachen,2024,NA,10.1016/j.jcsr.2024.108808,TRUE,FALSE,journal article,els2023deal,04xfq0f34_els2023deal_2024,false,NA,NA,NA,NA,0.0,NA,NA,NA,NA,NA,NA,NA,NA
https://ror.org/04xfq0f34,RWTH Aachen,2024,NA,10.1016/j.jcsr.2024.108930,TRUE,FALSE,journal article,els2023deal,04xfq0f34_els2023deal_2024,false,NA,NA,NA,NA,0.0,NA,NA,NA,NA,NA,NA,NA,NA
https://ror.org/04xfq0f34,RWTH Aachen,2024,NA,10.1016/j.jcyt.2024.03.485,TRUE,FALSE,journal article,els2023deal,04xfq0f34_els2023deal_2024,false,NA,NA,NA,NA,0.0,NA,NA,NA,NA,NA,NA,NA,NA
https://ror.org/04xfq0f34,RWTH Aachen,2024,NA,10.1016/j.jece.2024.112995,TRUE,FALSE,journal article,els2023deal,04xfq0f34_els2023deal_2024,false,NA,NA,NA,NA,0.0,NA,NA,NA,NA,NA,NA,NA,NA
https://ror.org/04xfq0f34,RWTH Aachen,2024,NA,10.1016/j.jechem.2024.03.048,TRUE,FALSE,journal article,els2023deal,04xfq0f34_els2023deal_2024,false,NA,NA,NA,NA,0.0,NA,NA,NA,NA,NA,NA,NA,NA
https://ror.org/04xfq0f34,RWTH Aachen,2024,NA,10.1016/j.jechem.2024.08.037,TRUE,FALSE,journal article,els2023deal,04xfq0f34_els2023deal_2024,false,NA,NA,NA,NA,0.0,NA,NA,NA,NA,NA,NA,NA,NA
https://ror.org/04xfq0f34,RWTH Aachen,2024,NA,10.1016/j.jenvman.2024.121949,TRUE,FALSE,journal article,els2023deal,04xfq0f34_els2023deal_2024,false,NA,NA,NA,NA,0.0,NA,NA,NA,NA,NA,NA,NA,NA
https://ror.org/04xfq0f34,RWTH Aachen,2024,NA,10.1016/j.jenvman.2024.123081,TRUE,FALSE,journal article,els2023deal,04xfq0f34_els2023deal_2024,false,NA,NA,NA,NA,0.0,NA,NA,NA,NA,NA,NA,NA,NA
https://ror.org/04xfq0f34,RWTH Aachen,2024,NA,10.1016/j.jenvman.2024.123501,TRUE,FALSE,journal article,els2023deal,04xfq0f34_els2023deal_2024,false,NA,NA,NA,NA,0.0,NA,NA,NA,NA,NA,NA,NA,NA
https://ror.org/04xfq0f34,RWTH Aachen,2024,NA,10.1016/j.jeurceramsoc.2024.02.037,TRUE,FALSE,journal article,els2023deal,04xfq0f34_els2023deal_2024,false,NA,NA,NA,NA,0.0,NA,NA,NA,NA,NA,NA,NA,NA
https://ror.org/04xfq0f34,RWTH Aachen,2024,NA,10.1016/j.jgsce.2024.205377,TRUE,FALSE,journal article,els2023deal,04xfq0f34_els2023deal_2024,false,NA,NA,NA,NA,0.0,NA,NA,NA,NA,NA,NA,NA,NA
https://ror.org/04xfq0f34,RWTH Aachen,2024,NA,10.1016/j.jhep.2024.06.019,TRUE,FALSE,journal article,els2023deal,04xfq0f34_els2023deal_2024,false,NA,NA,NA,NA,0.0,NA,NA,NA,NA,NA,NA,NA,NA
https://ror.org/04xfq0f34,RWTH Aachen,2024,NA,10.1016/j.jhsa.2024.06.002,TRUE,FALSE,journal article,els2023deal,04xfq0f34_els2023deal_2024,false,NA,NA,NA,NA,0.0,NA,NA,NA,NA,NA,NA,NA,NA
https://ror.org/04xfq0f34,RWTH Aachen,2024,NA,10.1016/j.jinorgbio.2024.112616,TRUE,FALSE,journal article,els2023deal,04xfq0f34_els2023deal_2024,false,NA,NA,NA,NA,0.0,NA,NA,NA,NA,NA,NA,NA,NA
https://ror.org/04xfq0f34,RWTH Aachen,2024,NA,10.1016/j.jmapro.2024.06.028,TRUE,FALSE,journal article,els2023deal,04xfq0f34_els2023deal_2024,false,NA,NA,NA,NA,0.0,NA,NA,NA,NA,NA,NA,NA,NA
https://ror.org/04xfq0f34,RWTH Aachen,2024,NA,10.1016/j.jmapro.2024.10.040,TRUE,FALSE,journal article,els2023deal,04xfq0f34_els2023deal_2024,false,NA,NA,NA,NA,0.0,NA,NA,NA,NA,NA,NA,NA,NA
https://ror.org/04xfq0f34,RWTH Aachen,2024,NA,10.1016/j.jmbbm.2024.106635,TRUE,FALSE,journal article,els2023deal,04xfq0f34_els2023deal_2024,false,NA,NA,NA,NA,0.0,NA,NA,NA,NA,NA,NA,NA,NA
https://ror.org/04xfq0f34,RWTH Aachen,2024,NA,10.1016/j.jmmm.2024.171955,TRUE,FALSE,journal article,els2023deal,04xfq0f34_els2023deal_2024,false,NA,NA,NA,NA,0.0,NA,NA,NA,NA,NA,NA,NA,NA
https://ror.org/04xfq0f34,RWTH Aachen,2024,NA,10.1016/j.jmps.2024.105694,TRUE,FALSE,journal article,els2023deal,04xfq0f34_els2023deal_2024,false,NA,NA,NA,NA,0.0,NA,NA,NA,NA,NA,NA,NA,NA
https://ror.org/04xfq0f34,RWTH Aachen,2024,NA,10.1016/j.jmps.2024.105874,TRUE,FALSE,journal article,els2023deal,04xfq0f34_els2023deal_2024,false,NA,NA,NA,NA,0.0,NA,NA,NA,NA,NA,NA,NA,NA
https://ror.org/04xfq0f34,RWTH Aachen,2024,NA,10.1016/j.jnt.2024.03.003,TRUE,FALSE,journal article,els2023deal,04xfq0f34_els2023deal_2024,false,NA,NA,NA,NA,0.0,NA,NA,NA,NA,NA,NA,NA,NA
https://ror.org/04xfq0f34,RWTH Aachen,2024,NA,10.1016/j.jobe.2024.108560,TRUE,FALSE,journal article,els2023deal,04xfq0f34_els2023deal_2024,false,NA,NA,NA,NA,0.0,NA,NA,NA,NA,NA,NA,NA,NA
https://ror.org/04xfq0f34,RWTH Aachen,2024,NA,10.1016/j.jobe.2024.111577,TRUE,FALSE,journal article,els2023deal,04xfq0f34_els2023deal_2024,false,NA,NA,NA,NA,0.0,NA,NA,NA,NA,NA,NA,NA,NA
https://ror.org/04xfq0f34,RWTH Aachen,2024,NA,10.1016/j.jor.2024.05.026,TRUE,FALSE,journal article,els2023deal,04xfq0f34_els2023deal_2024,false,NA,NA,NA,NA,0.0,NA,NA,NA,NA,NA,NA,NA,NA
https://ror.org/04xfq0f34,RWTH Aachen,2024,NA,10.1016/j.jpain.2024.01.001,TRUE,FALSE,journal article,els2023deal,04xfq0f34_els2023deal_2024,false,NA,NA,NA,NA,0.0,NA,NA,NA,NA,NA,NA,NA,NA
https://ror.org/04xfq0f34,RWTH Aachen,2024,NA,10.1016/j.jpainsymman.2024.10.024,TRUE,FALSE,journal article,els2023deal,04xfq0f34_els2023deal_2024,false,NA,NA,NA,NA,0.0,NA,NA,NA,NA,NA,NA,NA,NA
https://ror.org/04xfq0f34,RWTH Aachen,2024,NA,10.1016/j.jpowsour.2024.234959,TRUE,FALSE,journal article,els2023deal,04xfq0f34_els2023deal_2024,false,NA,NA,NA,NA,0.0,NA,NA,NA,NA,NA,NA,NA,NA
https://ror.org/04xfq0f34,RWTH Aachen,2024,NA,10.1016/j.jpowsour.2024.235049,TRUE,FALSE,journal article,els2023deal,04xfq0f34_els2023deal_2024,false,NA,NA,NA,NA,0.0,NA,NA,NA,NA,NA,NA,NA,NA
https://ror.org/04xfq0f34,RWTH Aachen,2024,NA,10.1016/j.jpowsour.2024.235334,TRUE,FALSE,journal article,els2023deal,04xfq0f34_els2023deal_2024,false,NA,NA,NA,NA,0.0,NA,NA,NA,NA,NA,NA,NA,NA
https://ror.org/04xfq0f34,RWTH Aachen,2024,NA,10.1016/j.jpowsour.2024.235582,TRUE,FALSE,journal article,els2023deal,04xfq0f34_els2023deal_2024,false,NA,NA,NA,NA,0.0,NA,NA,NA,NA,NA,NA,NA,NA
https://ror.org/04xfq0f34,RWTH Aachen,2024,NA,10.1016/j.jqsrt.2024.109202,TRUE,FALSE,journal article,els2023deal,04xfq0f34_els2023deal_2024,false,NA,NA,NA,NA,0.0,NA,NA,NA,NA,NA,NA,NA,NA
https://ror.org/04xfq0f34,RWTH Aachen,2024,NA,10.1016/j.jrp.2024.104474,TRUE,FALSE,journal article,els2023deal,04xfq0f34_els2023deal_2024,false,NA,NA,NA,NA,0.0,NA,NA,NA,NA,NA,NA,NA,NA
https://ror.org/04xfq0f34,RWTH Aachen,2024,NA,10.1016/j.jspi.2024.106152,TRUE,FALSE,journal article,els2023deal,04xfq0f34_els2023deal_2024,false,NA,NA,NA,NA,0.0,NA,NA,NA,NA,NA,NA,NA,NA
https://ror.org/04xfq0f34,RWTH Aachen,2024,NA,10.1016/j.jssc.2024.124784,TRUE,FALSE,journal article,els2023deal,04xfq0f34_els2023deal_2024,false,NA,NA,NA,NA,0.0,NA,NA,NA,NA,NA,NA,NA,NA
https://ror.org/04xfq0f34,RWTH Aachen,2024,NA,10.1016/j.jssc.2024.124970,TRUE,FALSE,journal article,els2023deal,04xfq0f34_els2023deal_2024,false,NA,NA,NA,NA,0.0,NA,NA,NA,NA,NA,NA,NA,NA
https://ror.org/04xfq0f34,RWTH Aachen,2024,NA,10.1016/j.jtemb.2024.127556,TRUE,FALSE,journal article,els2023deal,04xfq0f34_els2023deal_2024,false,NA,NA,NA,NA,0.0,NA,NA,NA,NA,NA,NA,NA,NA
https://ror.org/04xfq0f34,RWTH Aachen,2024,NA,10.1016/j.jwpe.2024.104954,TRUE,FALSE,journal article,els2023deal,04xfq0f34_els2023deal_2024,false,NA,NA,NA,NA,0.0,NA,NA,NA,NA,NA,NA,NA,NA
https://ror.org/04xfq0f34,RWTH Aachen,2024,NA,10.1016/j.kint.2024.01.037,TRUE,FALSE,journal article,els2023deal,04xfq0f34_els2023deal_2024,false,NA,NA,NA,NA,0.0,NA,NA,NA,NA,NA,NA,NA,NA
https://ror.org/04xfq0f34,RWTH Aachen,2024,NA,10.1016/j.labeco.2024.102563,TRUE,FALSE,journal article,els2023deal,04xfq0f34_els2023deal_2024,false,NA,NA,NA,NA,0.0,NA,NA,NA,NA,NA,NA,NA,NA
https://ror.org/04xfq0f34,RWTH Aachen,2024,NA,10.1016/j.lfs.2024.123298,TRUE,FALSE,journal article,els2023deal,04xfq0f34_els2023deal_2024,false,NA,NA,NA,NA,0.0,NA,NA,NA,NA,NA,NA,NA,NA
https://ror.org/04xfq0f34,RWTH Aachen,2024,NA,10.1016/j.lungcan.2024.107899,TRUE,FALSE,journal article,els2023deal,04xfq0f34_els2023deal_2024,false,NA,NA,NA,NA,0.0,NA,NA,NA,NA,NA,NA,NA,NA
https://ror.org/04xfq0f34,RWTH Aachen,2024,NA,10.1016/j.margeo.2024.107407,TRUE,FALSE,journal article,els2023deal,04xfq0f34_els2023deal_2024,false,NA,NA,NA,NA,0.0,NA,NA,NA,NA,NA,NA,NA,NA
https://ror.org/04xfq0f34,RWTH Aachen,2024,NA,10.1016/j.matchar.2024.113917,TRUE,FALSE,journal article,els2023deal,04xfq0f34_els2023deal_2024,false,NA,NA,NA,NA,0.0,NA,NA,NA,NA,NA,NA,NA,NA
https://ror.org/04xfq0f34,RWTH Aachen,2024,NA,10.1016/j.matchar.2024.114186,TRUE,FALSE,journal article,els2023deal,04xfq0f34_els2023deal_2024,false,NA,NA,NA,NA,0.0,NA,NA,NA,NA,NA,NA,NA,NA
https://ror.org/04xfq0f34,RWTH Aachen,2024,NA,10.1016/j.matlet.2024.136495,TRUE,FALSE,journal article,els2023deal,04xfq0f34_els2023deal_2024,false,NA,NA,NA,NA,0.0,NA,NA,NA,NA,NA,NA,NA,NA
https://ror.org/04xfq0f34,RWTH Aachen,2024,NA,10.1016/j.measurement.2024.114133,TRUE,FALSE,journal article,els2023deal,04xfq0f34_els2023deal_2024,false,NA,NA,NA,NA,0.0,NA,NA,NA,NA,NA,NA,NA,NA
https://ror.org/04xfq0f34,RWTH Aachen,2024,NA,10.1016/j.mechmat.2024.105144,TRUE,FALSE,journal article,els2023deal,04xfq0f34_els2023deal_2024,false,NA,NA,NA,NA,0.0,NA,NA,NA,NA,NA,NA,NA,NA
https://ror.org/04xfq0f34,RWTH Aachen,2024,NA,10.1016/j.mechrescom.2024.104347,TRUE,FALSE,journal article,els2023deal,04xfq0f34_els2023deal_2024,false,NA,NA,NA,NA,0.0,NA,NA,NA,NA,NA,NA,NA,NA
https://ror.org/04xfq0f34,RWTH Aachen,2024,NA,10.1016/j.memsci.2024.122753,TRUE,FALSE,journal article,els2023deal,04xfq0f34_els2023deal_2024,false,NA,NA,NA,NA,0.0,NA,NA,NA,NA,NA,NA,NA,NA
https://ror.org/04xfq0f34,RWTH Aachen,2024,NA,10.1016/j.memsci.2024.122754,TRUE,FALSE,journal article,els2023deal,04xfq0f34_els2023deal_2024,false,NA,NA,NA,NA,0.0,NA,NA,NA,NA,NA,NA,NA,NA
https://ror.org/04xfq0f34,RWTH Aachen,2024,NA,10.1016/j.memsci.2024.122988,TRUE,FALSE,journal article,els2023deal,04xfq0f34_els2023deal_2024,false,NA,NA,NA,NA,0.0,NA,NA,NA,NA,NA,NA,NA,NA
https://ror.org/04xfq0f34,RWTH Aachen,2024,NA,10.1016/j.memsci.2024.123147,TRUE,FALSE,journal article,els2023deal,04xfq0f34_els2023deal_2024,false,NA,NA,NA,NA,0.0,NA,NA,NA,NA,NA,NA,NA,NA
https://ror.org/04xfq0f34,RWTH Aachen,2024,NA,10.1016/j.memsci.2024.123371,TRUE,FALSE,journal article,els2023deal,04xfq0f34_els2023deal_2024,false,NA,NA,NA,NA,0.0,NA,NA,NA,NA,NA,NA,NA,NA
https://ror.org/04xfq0f34,RWTH Aachen,2024,NA,10.1016/j.memsci.2024.123555,TRUE,FALSE,journal article,els2023deal,04xfq0f34_els2023deal_2024,false,NA,NA,NA,NA,0.0,NA,NA,NA,NA,NA,NA,NA,NA
https://ror.org/04xfq0f34,RWTH Aachen,2024,NA,10.1016/j.mito.2024.101968,TRUE,FALSE,journal article,els2023deal,04xfq0f34_els2023deal_2024,false,NA,NA,NA,NA,0.0,NA,NA,NA,NA,NA,NA,NA,NA
https://ror.org/04xfq0f34,RWTH Aachen,2024,NA,10.1016/j.mri.2024.04.018,TRUE,FALSE,journal article,els2023deal,04xfq0f34_els2023deal_2024,false,NA,NA,NA,NA,0.0,NA,NA,NA,NA,NA,NA,NA,NA
https://ror.org/04xfq0f34,RWTH Aachen,2024,NA,10.1016/j.msea.2024.147652,TRUE,FALSE,journal article,els2023deal,04xfq0f34_els2023deal_2024,false,NA,NA,NA,NA,0.0,NA,NA,NA,NA,NA,NA,NA,NA
https://ror.org/04xfq0f34,RWTH Aachen,2024,NA,10.1016/j.mtcomm.2024.109908,TRUE,FALSE,journal article,els2023deal,04xfq0f34_els2023deal_2024,false,NA,NA,NA,NA,0.0,NA,NA,NA,NA,NA,NA,NA,NA
https://ror.org/04xfq0f34,RWTH Aachen,2024,NA,10.1016/j.mtcomm.2024.110255,TRUE,FALSE,journal article,els2023deal,04xfq0f34_els2023deal_2024,false,NA,NA,NA,NA,0.0,NA,NA,NA,NA,NA,NA,NA,NA
https://ror.org/04xfq0f34,RWTH Aachen,2024,NA,10.1016/j.nano.2024.102751,TRUE,FALSE,journal article,els2023deal,04xfq0f34_els2023deal_2024,false,NA,NA,NA,NA,0.0,NA,NA,NA,NA,NA,NA,NA,NA
https://ror.org/04xfq0f34,RWTH Aachen,2024,NA,10.1016/j.ndteint.2024.103211,TRUE,FALSE,journal article,els2023deal,04xfq0f34_els2023deal_2024,false,NA,NA,NA,NA,0.0,NA,NA,NA,NA,NA,NA,NA,NA
https://ror.org/04xfq0f34,RWTH Aachen,2024,NA,10.1016/j.ndteint.2024.103233,TRUE,FALSE,journal article,els2023deal,04xfq0f34_els2023deal_2024,false,NA,NA,NA,NA,0.0,NA,NA,NA,NA,NA,NA,NA,NA
https://ror.org/04xfq0f34,RWTH Aachen,2024,NA,10.1016/j.neuro.2024.01.001,TRUE,FALSE,journal article,els2023deal,04xfq0f34_els2023deal_2024,false,NA,NA,NA,NA,0.0,NA,NA,NA,NA,NA,NA,NA,NA
https://ror.org/04xfq0f34,RWTH Aachen,2024,NA,10.1016/j.neuropharm.2024.109967,TRUE,FALSE,journal article,els2023deal,04xfq0f34_els2023deal_2024,false,NA,NA,NA,NA,0.0,NA,NA,NA,NA,NA,NA,NA,NA
https://ror.org/04xfq0f34,RWTH Aachen,2024,NA,10.1016/j.nima.2024.169317,TRUE,FALSE,journal article,els2023deal,04xfq0f34_els2023deal_2024,false,NA,NA,NA,NA,0.0,NA,NA,NA,NA,NA,NA,NA,NA
https://ror.org/04xfq0f34,RWTH Aachen,2024,NA,10.1016/j.nima.2024.169583,TRUE,FALSE,journal article,els2023deal,04xfq0f34_els2023deal_2024,false,NA,NA,NA,NA,0.0,NA,NA,NA,NA,NA,NA,NA,NA
https://ror.org/04xfq0f34,RWTH Aachen,2024,NA,10.1016/j.parco.2024.103112,TRUE,FALSE,journal article,els2023deal,04xfq0f34_els2023deal_2024,false,NA,NA,NA,NA,0.0,NA,NA,NA,NA,NA,NA,NA,NA
https://ror.org/04xfq0f34,RWTH Aachen,2024,NA,10.1016/j.pecs.2024.101173,TRUE,FALSE,journal article,els2023deal,04xfq0f34_els2023deal_2024,false,NA,NA,NA,NA,0.0,NA,NA,NA,NA,NA,NA,NA,NA
https://ror.org/04xfq0f34,RWTH Aachen,2024,NA,10.1016/j.physd.2024.134276,TRUE,FALSE,journal article,els2023deal,04xfq0f34_els2023deal_2024,false,NA,NA,NA,NA,0.0,NA,NA,NA,NA,NA,NA,NA,NA
https://ror.org/04xfq0f34,RWTH Aachen,2024,NA,10.1016/j.pnucene.2024.105186,TRUE,FALSE,journal article,els2023deal,04xfq0f34_els2023deal_2024,false,NA,NA,NA,NA,0.0,NA,NA,NA,NA,NA,NA,NA,NA
https://ror.org/04xfq0f34,RWTH Aachen,2024,NA,10.1016/j.porgcoat.2024.108630,TRUE,FALSE,journal article,els2023deal,04xfq0f34_els2023deal_2024,false,NA,NA,NA,NA,0.0,NA,NA,NA,NA,NA,NA,NA,NA
https://ror.org/04xfq0f34,RWTH Aachen,2024,NA,10.1016/j.porgcoat.2024.108793,TRUE,FALSE,journal article,els2023deal,04xfq0f34_els2023deal_2024,false,NA,NA,NA,NA,0.0,NA,NA,NA,NA,NA,NA,NA,NA
https://ror.org/04xfq0f34,RWTH Aachen,2024,NA,10.1016/j.powtec.2024.120289,TRUE,FALSE,journal article,els2023deal,04xfq0f34_els2023deal_2024,false,NA,NA,NA,NA,0.0,NA,NA,NA,NA,NA,NA,NA,NA
https://ror.org/04xfq0f34,RWTH Aachen,2024,NA,10.1016/j.proci.2024.105219,TRUE,FALSE,journal article,els2023deal,04xfq0f34_els2023deal_2024,false,NA,NA,NA,NA,0.0,NA,NA,NA,NA,NA,NA,NA,NA
https://ror.org/04xfq0f34,RWTH Aachen,2024,NA,10.1016/j.proci.2024.105252,TRUE,FALSE,journal article,els2023deal,04xfq0f34_els2023deal_2024,false,NA,NA,NA,NA,0.0,NA,NA,NA,NA,NA,NA,NA,NA
https://ror.org/04xfq0f34,RWTH Aachen,2024,NA,10.1016/j.proci.2024.105334,TRUE,FALSE,journal article,els2023deal,04xfq0f34_els2023deal_2024,false,NA,NA,NA,NA,0.0,NA,NA,NA,NA,NA,NA,NA,NA
https://ror.org/04xfq0f34,RWTH Aachen,2024,NA,10.1016/j.proci.2024.105418,TRUE,FALSE,journal article,els2023deal,04xfq0f34_els2023deal_2024,false,NA,NA,NA,NA,0.0,NA,NA,NA,NA,NA,NA,NA,NA
https://ror.org/04xfq0f34,RWTH Aachen,2024,NA,10.1016/j.proci.2024.105429,TRUE,FALSE,journal article,els2023deal,04xfq0f34_els2023deal_2024,false,NA,NA,NA,NA,0.0,NA,NA,NA,NA,NA,NA,NA,NA
https://ror.org/04xfq0f34,RWTH Aachen,2024,NA,10.1016/j.proci.2024.105442,TRUE,FALSE,journal article,els2023deal,04xfq0f34_els2023deal_2024,false,NA,NA,NA,NA,0.0,NA,NA,NA,NA,NA,NA,NA,NA
https://ror.org/04xfq0f34,RWTH Aachen,2024,NA,10.1016/j.proci.2024.105537,TRUE,FALSE,journal article,els2023deal,04xfq0f34_els2023deal_2024,false,NA,NA,NA,NA,0.0,NA,NA,NA,NA,NA,NA,NA,NA
https://ror.org/04xfq0f34,RWTH Aachen,2024,NA,10.1016/j.proci.2024.105620,TRUE,FALSE,journal article,els2023deal,04xfq0f34_els2023deal_2024,false,NA,NA,NA,NA,0.0,NA,NA,NA,NA,NA,NA,NA,NA
https://ror.org/04xfq0f34,RWTH Aachen,2024,NA,10.1016/j.proci.2024.105638,TRUE,FALSE,journal article,els2023deal,04xfq0f34_els2023deal_2024,false,NA,NA,NA,NA,0.0,NA,NA,NA,NA,NA,NA,NA,NA
https://ror.org/04xfq0f34,RWTH Aachen,2024,NA,10.1016/j.pscychresns.2024.111905,TRUE,FALSE,journal article,els2023deal,04xfq0f34_els2023deal_2024,false,NA,NA,NA,NA,0.0,NA,NA,NA,NA,NA,NA,NA,NA
https://ror.org/04xfq0f34,RWTH Aachen,2024,NA,10.1016/j.quaint.2024.11.007,TRUE,FALSE,journal article,els2023deal,04xfq0f34_els2023deal_2024,false,NA,NA,NA,NA,0.0,NA,NA,NA,NA,NA,NA,NA,NA
https://ror.org/04xfq0f34,RWTH Aachen,2024,NA,10.1016/j.rasd.2024.102502,TRUE,FALSE,journal article,els2023deal,04xfq0f34_els2023deal_2024,false,NA,NA,NA,NA,0.0,NA,NA,NA,NA,NA,NA,NA,NA
https://ror.org/04xfq0f34,RWTH Aachen,2024,NA,10.1016/j.renene.2024.121409,TRUE,FALSE,journal article,els2023deal,04xfq0f34_els2023deal_2024,false,NA,NA,NA,NA,0.0,NA,NA,NA,NA,NA,NA,NA,NA
https://ror.org/04xfq0f34,RWTH Aachen,2024,NA,10.1016/j.resconrec.2024.107541,TRUE,FALSE,journal article,els2023deal,04xfq0f34_els2023deal_2024,false,NA,NA,NA,NA,0.0,NA,NA,NA,NA,NA,NA,NA,NA
https://ror.org/04xfq0f34,RWTH Aachen,2024,NA,10.1016/j.resconrec.2024.107577,TRUE,FALSE,journal article,els2023deal,04xfq0f34_els2023deal_2024,false,NA,NA,NA,NA,0.0,NA,NA,NA,NA,NA,NA,NA,NA
https://ror.org/04xfq0f34,RWTH Aachen,2024,NA,10.1016/j.resconrec.2024.107599,TRUE,FALSE,journal article,els2023deal,04xfq0f34_els2023deal_2024,false,NA,NA,NA,NA,0.0,NA,NA,NA,NA,NA,NA,NA,NA
https://ror.org/04xfq0f34,RWTH Aachen,2024,NA,10.1016/j.rser.2024.114865,TRUE,FALSE,journal article,els2023deal,04xfq0f34_els2023deal_2024,false,NA,NA,NA,NA,0.0,NA,NA,NA,NA,NA,NA,NA,NA
https://ror.org/04xfq0f34,RWTH Aachen,2024,NA,10.1016/j.scitotenv.2024.170320,TRUE,FALSE,journal article,els2023deal,04xfq0f34_els2023deal_2024,false,NA,NA,NA,NA,0.0,NA,NA,NA,NA,NA,NA,NA,NA
https://ror.org/04xfq0f34,RWTH Aachen,2024,NA,10.1016/j.scitotenv.2024.171054,TRUE,FALSE,journal article,els2023deal,04xfq0f34_els2023deal_2024,false,NA,NA,NA,NA,0.0,NA,NA,NA,NA,NA,NA,NA,NA
https://ror.org/04xfq0f34,RWTH Aachen,2024,NA,10.1016/j.scitotenv.2024.176314,TRUE,FALSE,journal article,els2023deal,04xfq0f34_els2023deal_2024,false,NA,NA,NA,NA,0.0,NA,NA,NA,NA,NA,NA,NA,NA
https://ror.org/04xfq0f34,RWTH Aachen,2024,NA,10.1016/j.scriptamat.2024.116035,TRUE,FALSE,journal article,els2023deal,04xfq0f34_els2023deal_2024,false,NA,NA,NA,NA,0.0,NA,NA,NA,NA,NA,NA,NA,NA
https://ror.org/04xfq0f34,RWTH Aachen,2024,NA,10.1016/j.shpsa.2024.05.001,TRUE,FALSE,journal article,els2023deal,04xfq0f34_els2023deal_2024,false,NA,NA,NA,NA,0.0,NA,NA,NA,NA,NA,NA,NA,NA
https://ror.org/04xfq0f34,RWTH Aachen,2024,NA,10.1016/j.sleep.2024.03.012,TRUE,FALSE,journal article,els2023deal,04xfq0f34_els2023deal_2024,false,NA,NA,NA,NA,0.0,NA,NA,NA,NA,NA,NA,NA,NA
https://ror.org/04xfq0f34,RWTH Aachen,2024,NA,10.1016/j.soard.2024.08.026,TRUE,FALSE,journal article,els2023deal,04xfq0f34_els2023deal_2024,false,NA,NA,NA,NA,0.0,NA,NA,NA,NA,NA,NA,NA,NA
https://ror.org/04xfq0f34,RWTH Aachen,2024,NA,10.1016/j.spc.2024.03.033,TRUE,FALSE,journal article,els2023deal,04xfq0f34_els2023deal_2024,false,NA,NA,NA,NA,0.0,NA,NA,NA,NA,NA,NA,NA,NA
https://ror.org/04xfq0f34,RWTH Aachen,2024,NA,10.1016/j.spc.2024.05.031,TRUE,FALSE,journal article,els2023deal,04xfq0f34_els2023deal_2024,false,NA,NA,NA,NA,0.0,NA,NA,NA,NA,NA,NA,NA,NA
https://ror.org/04xfq0f34,RWTH Aachen,2024,NA,10.1016/j.spc.2024.06.016,TRUE,FALSE,journal article,els2023deal,04xfq0f34_els2023deal_2024,false,NA,NA,NA,NA,0.0,NA,NA,NA,NA,NA,NA,NA,NA
https://ror.org/04xfq0f34,RWTH Aachen,2024,NA,10.1016/j.spc.2024.09.013,TRUE,FALSE,journal article,els2023deal,04xfq0f34_els2023deal_2024,false,NA,NA,NA,NA,0.0,NA,NA,NA,NA,NA,NA,NA,NA
https://ror.org/04xfq0f34,RWTH Aachen,2024,NA,10.1016/j.strusafe.2024.102475,TRUE,FALSE,journal article,els2023deal,04xfq0f34_els2023deal_2024,false,NA,NA,NA,NA,0.0,NA,NA,NA,NA,NA,NA,NA,NA
https://ror.org/04xfq0f34,RWTH Aachen,2024,NA,10.1016/j.surfcoat.2024.130391,TRUE,FALSE,journal article,els2023deal,04xfq0f34_els2023deal_2024,false,NA,NA,NA,NA,0.0,NA,NA,NA,NA,NA,NA,NA,NA
https://ror.org/04xfq0f34,RWTH Aachen,2024,NA,10.1016/j.surfcoat.2024.130411,TRUE,FALSE,journal article,els2023deal,04xfq0f34_els2023deal_2024,false,NA,NA,NA,NA,0.0,NA,NA,NA,NA,NA,NA,NA,NA
https://ror.org/04xfq0f34,RWTH Aachen,2024,NA,10.1016/j.surfcoat.2024.130505,TRUE,FALSE,journal article,els2023deal,04xfq0f34_els2023deal_2024,false,NA,NA,NA,NA,0.0,NA,NA,NA,NA,NA,NA,NA,NA
https://ror.org/04xfq0f34,RWTH Aachen,2024,NA,10.1016/j.surfcoat.2024.130783,TRUE,FALSE,journal article,els2023deal,04xfq0f34_els2023deal_2024,false,NA,NA,NA,NA,0.0,NA,NA,NA,NA,NA,NA,NA,NA
https://ror.org/04xfq0f34,RWTH Aachen,2024,NA,10.1016/j.surfcoat.2024.131026,TRUE,FALSE,journal article,els2023deal,04xfq0f34_els2023deal_2024,false,NA,NA,NA,NA,0.0,NA,NA,NA,NA,NA,NA,NA,NA
https://ror.org/04xfq0f34,RWTH Aachen,2024,NA,10.1016/j.surfcoat.2024.131349,TRUE,FALSE,journal article,els2023deal,04xfq0f34_els2023deal_2024,false,NA,NA,NA,NA,0.0,NA,NA,NA,NA,NA,NA,NA,NA
https://ror.org/04xfq0f34,RWTH Aachen,2024,NA,10.1016/j.surfcoat.2024.131486,TRUE,FALSE,journal article,els2023deal,04xfq0f34_els2023deal_2024,false,NA,NA,NA,NA,0.0,NA,NA,NA,NA,NA,NA,NA,NA
https://ror.org/04xfq0f34,RWTH Aachen,2024,NA,10.1016/j.surfcoat.2024.131639,TRUE,FALSE,journal article,els2023deal,04xfq0f34_els2023deal_2024,false,NA,NA,NA,NA,0.0,NA,NA,NA,NA,NA,NA,NA,NA
https://ror.org/04xfq0f34,RWTH Aachen,2024,NA,10.1016/j.susmat.2024.e01040,TRUE,FALSE,journal article,els2023deal,04xfq0f34_els2023deal_2024,false,NA,NA,NA,NA,0.0,NA,NA,NA,NA,NA,NA,NA,NA
https://ror.org/04xfq0f34,RWTH Aachen,2024,NA,10.1016/j.tbs.2024.100750,TRUE,FALSE,journal article,els2023deal,04xfq0f34_els2023deal_2024,false,NA,NA,NA,NA,0.0,NA,NA,NA,NA,NA,NA,NA,NA
https://ror.org/04xfq0f34,RWTH Aachen,2024,NA,10.1016/j.techfore.2024.123568,TRUE,FALSE,journal article,els2023deal,04xfq0f34_els2023deal_2024,false,NA,NA,NA,NA,0.0,NA,NA,NA,NA,NA,NA,NA,NA
https://ror.org/04xfq0f34,RWTH Aachen,2024,NA,10.1016/j.techfore.2024.123593,TRUE,FALSE,journal article,els2023deal,04xfq0f34_els2023deal_2024,false,NA,NA,NA,NA,0.0,NA,NA,NA,NA,NA,NA,NA,NA
https://ror.org/04xfq0f34,RWTH Aachen,2024,NA,10.1016/j.techfore.2024.123596,TRUE,FALSE,journal article,els2023deal,04xfq0f34_els2023deal_2024,false,NA,NA,NA,NA,0.0,NA,NA,NA,NA,NA,NA,NA,NA
https://ror.org/04xfq0f34,RWTH Aachen,2024,NA,10.1016/j.tox.2024.153967,TRUE,FALSE,journal article,els2023deal,04xfq0f34_els2023deal_2024,false,NA,NA,NA,NA,0.0,NA,NA,NA,NA,NA,NA,NA,NA
https://ror.org/04xfq0f34,RWTH Aachen,2024,NA,10.1016/j.tra.2024.104011,TRUE,FALSE,journal article,els2023deal,04xfq0f34_els2023deal_2024,false,NA,NA,NA,NA,0.0,NA,NA,NA,NA,NA,NA,NA,NA
https://ror.org/04xfq0f34,RWTH Aachen,2024,NA,10.1016/j.tra.2024.104257,TRUE,FALSE,journal article,els2023deal,04xfq0f34_els2023deal_2024,false,NA,NA,NA,NA,0.0,NA,NA,NA,NA,NA,NA,NA,NA
https://ror.org/04xfq0f34,RWTH Aachen,2024,NA,10.1016/j.tra.2024.104298,TRUE,FALSE,journal article,els2023deal,04xfq0f34_els2023deal_2024,false,NA,NA,NA,NA,0.0,NA,NA,NA,NA,NA,NA,NA,NA
https://ror.org/04xfq0f34,RWTH Aachen,2024,NA,10.1016/j.trc.2024.104704,TRUE,FALSE,journal article,els2023deal,04xfq0f34_els2023deal_2024,false,NA,NA,NA,NA,0.0,NA,NA,NA,NA,NA,NA,NA,NA
https://ror.org/04xfq0f34,RWTH Aachen,2024,NA,10.1016/j.trd.2024.104198,TRUE,FALSE,journal article,els2023deal,04xfq0f34_els2023deal_2024,false,NA,NA,NA,NA,0.0,NA,NA,NA,NA,NA,NA,NA,NA
https://ror.org/04xfq0f34,RWTH Aachen,2024,NA,10.1016/j.triboint.2024.109369,TRUE,FALSE,journal article,els2023deal,04xfq0f34_els2023deal_2024,false,NA,NA,NA,NA,0.0,NA,NA,NA,NA,NA,NA,NA,NA
https://ror.org/04xfq0f34,RWTH Aachen,2024,NA,10.1016/j.ufug.2024.128426,TRUE,FALSE,journal article,els2023deal,04xfq0f34_els2023deal_2024,false,NA,NA,NA,NA,0.0,NA,NA,NA,NA,NA,NA,NA,NA
https://ror.org/04xfq0f34,RWTH Aachen,2024,NA,10.1016/j.vacuum.2024.113964,TRUE,FALSE,journal article,els2023deal,04xfq0f34_els2023deal_2024,false,NA,NA,NA,NA,0.0,NA,NA,NA,NA,NA,NA,NA,NA
https://ror.org/04xfq0f34,RWTH Aachen,2024,NA,10.1016/j.vlsi.2024.102314,TRUE,FALSE,journal article,els2023deal,04xfq0f34_els2023deal_2024,false,NA,NA,NA,NA,0.0,NA,NA,NA,NA,NA,NA,NA,NA
https://ror.org/04xfq0f34,RWTH Aachen,2024,NA,10.1016/j.wasman.2024.05.023,TRUE,FALSE,journal article,els2023deal,04xfq0f34_els2023deal_2024,false,NA,NA,NA,NA,0.0,NA,NA,NA,NA,NA,NA,NA,NA
https://ror.org/04xfq0f34,RWTH Aachen,2024,NA,10.1016/j.wasman.2024.07.034,TRUE,FALSE,journal article,els2023deal,04xfq0f34_els2023deal_2024,false,NA,NA,NA,NA,0.0,NA,NA,NA,NA,NA,NA,NA,NA
https://ror.org/04xfq0f34,RWTH Aachen,2024,NA,10.1016/j.wear.2024.205556,TRUE,FALSE,journal article,els2023deal,04xfq0f34_els2023deal_2024,false,NA,NA,NA,NA,0.0,NA,NA,NA,NA,NA,NA,NA,NA
https://ror.org/04xfq0f34,RWTH Aachen,2024,NA,10.1016/j.wocn.2024.101374,TRUE,FALSE,journal article,els2023deal,04xfq0f34_els2023deal_2024,false,NA,NA,NA,NA,0.0,NA,NA,NA,NA,NA,NA,NA,NA
https://ror.org/04xfq0f34,RWTH Aachen,2024,NA,10.1016/j.wsif.2024.103004,TRUE,FALSE,journal article,els2023deal,04xfq0f34_els2023deal_2024,false,NA,NA,NA,NA,0.0,NA,NA,NA,NA,NA,NA,NA,NA
https://ror.org/04xfq0f34,RWTH Aachen,2024,NA,10.1016/j.zefq.2024.03.003,TRUE,FALSE,journal article,els2023deal,04xfq0f34_els2023deal_2024,false,NA,NA,NA,NA,0.0,NA,NA,NA,NA,NA,NA,NA,NA
https://ror.org/04xfq0f34,RWTH Aachen,2024,NA,10.1016/j.zefq.2024.03.010,TRUE,FALSE,journal article,els2023deal,04xfq0f34_els2023deal_2024,false,NA,NA,NA,NA,0.0,NA,NA,NA,NA,NA,NA,NA,NA
https://ror.org/04xfq0f34,RWTH Aachen,2024,NA,10.1053/j.gastro.2024.10.010,TRUE,FALSE,journal article,els2023deal,04xfq0f34_els2023deal_2024,false,NA,NA,NA,NA,0.0,NA,NA,NA,NA,NA,NA,NA,NA
https://ror.org/04xfq0f34,RWTH Aachen,2024,NA,10.1039/d3dt03392a,TRUE,FALSE,journal article,rsc2024tib,04xfq0f34_rsc2024tib_2024,false,NA,NA,NA,NA,0.0,NA,NA,NA,NA,NA,NA,NA,NA
https://ror.org/04xfq0f34,RWTH Aachen,2024,NA,10.1039/d3gc01210g,TRUE,FALSE,journal article,rsc2024tib,04xfq0f34_rsc2024tib_2024,false,NA,NA,NA,NA,0.0,NA,NA,NA,NA,NA,NA,NA,NA
https://ror.org/04xfq0f34,RWTH Aachen,2024,NA,10.1039/d3mr00025g,FALSE,FALSE,journal article,rsc2024tib,04xfq0f34_rsc2024tib_2024,false,0.0,NA,NA,NA,NA,NA,NA,NA,NA,NA,NA,NA,NA
https://ror.org/04xfq0f34,RWTH Aachen,2024,NA,10.1039/d3sm01426f,TRUE,FALSE,journal article,rsc2024tib,04xfq0f34_rsc2024tib_2024,false,NA,NA,NA,NA,0.0,NA,NA,NA,NA,NA,NA,NA,NA
https://ror.org/04xfq0f34,RWTH Aachen,2024,NA,10.1039/d4dt00280f,TRUE,FALSE,journal article,rsc2024tib,04xfq0f34_rsc2024tib_2024,false,NA,NA,NA,NA,0.0,NA,NA,NA,NA,NA,NA,NA,NA
https://ror.org/04xfq0f34,RWTH Aachen,2024,NA,10.1039/d3gc04234k,TRUE,FALSE,journal article,rsc2024tib,04xfq0f34_rsc2024tib_2024,false,NA,NA,NA,NA,0.0,NA,NA,NA,NA,NA,NA,NA,NA
https://ror.org/04xfq0f34,RWTH Aachen,2024,NA,10.1039/d3tb02950f,TRUE,FALSE,journal article,rsc2024tib,04xfq0f34_rsc2024tib_2024,false,NA,NA,NA,NA,0.0,NA,NA,NA,NA,NA,NA,NA,NA
https://ror.org/04xfq0f34,RWTH Aachen,2024,NA,10.1039/d3cp05870k,TRUE,FALSE,journal article,rsc2024tib,04xfq0f34_rsc2024tib_2024,false,NA,NA,NA,NA,0.0,NA,NA,NA,NA,NA,NA,NA,NA
https://ror.org/04xfq0f34,RWTH Aachen,2024,NA,10.1039/d4qo00106k,TRUE,FALSE,journal article,rsc2024tib,04xfq0f34_rsc2024tib_2024,false,NA,NA,NA,NA,0.0,NA,NA,NA,NA,NA,NA,NA,NA
https://ror.org/04xfq0f34,RWTH Aachen,2024,NA,10.1039/d3dt03828a,TRUE,FALSE,journal article,rsc2024tib,04xfq0f34_rsc2024tib_2024,false,NA,NA,NA,NA,0.0,NA,NA,NA,NA,NA,NA,NA,NA
https://ror.org/04xfq0f34,RWTH Aachen,2024,NA,10.1039/d3gc04978g,TRUE,FALSE,journal article,rsc2024tib,04xfq0f34_rsc2024tib_2024,false,NA,NA,NA,NA,0.0,NA,NA,NA,NA,NA,NA,NA,NA
https://ror.org/04xfq0f34,RWTH Aachen,2024,NA,10.1039/d3ee02970k,TRUE,FALSE,journal article,rsc2024tib,04xfq0f34_rsc2024tib_2024,false,NA,NA,NA,NA,0.0,NA,NA,NA,NA,NA,NA,NA,NA
https://ror.org/04xfq0f34,RWTH Aachen,2024,NA,10.1039/d3se01602a,TRUE,FALSE,journal article,rsc2024tib,04xfq0f34_rsc2024tib_2024,false,NA,NA,NA,NA,0.0,NA,NA,NA,NA,NA,NA,NA,NA
https://ror.org/04xfq0f34,RWTH Aachen,2024,NA,10.1039/d3nh00520h,TRUE,FALSE,journal article,rsc2024tib,04xfq0f34_rsc2024tib_2024,false,NA,NA,NA,NA,0.0,NA,NA,NA,NA,NA,NA,NA,NA
https://ror.org/04xfq0f34,RWTH Aachen,2024,NA,10.1039/d3lf00263b,FALSE,FALSE,journal article,rsc2024tib,04xfq0f34_rsc2024tib_2024,false,0.0,NA,NA,NA,NA,NA,NA,NA,NA,NA,NA,NA,NA
https://ror.org/04xfq0f34,RWTH Aachen,2024,NA,10.1039/d4se00035h,TRUE,FALSE,journal article,rsc2024tib,04xfq0f34_rsc2024tib_2024,false,NA,NA,NA,NA,0.0,NA,NA,NA,NA,NA,NA,NA,NA
https://ror.org/04xfq0f34,RWTH Aachen,2024,NA,10.1039/d4dt00563e,TRUE,FALSE,journal article,rsc2024tib,04xfq0f34_rsc2024tib_2024,false,NA,NA,NA,NA,0.0,NA,NA,NA,NA,NA,NA,NA,NA
https://ror.org/04xfq0f34,RWTH Aachen,2024,NA,10.1039/d2cs00991a,TRUE,FALSE,journal article,rsc2024tib,04xfq0f34_rsc2024tib_2024,false,NA,NA,NA,NA,0.0,NA,NA,NA,NA,NA,NA,NA,NA
https://ror.org/04xfq0f34,RWTH Aachen,2024,NA,10.1039/d4sm00111g,TRUE,FALSE,journal article,rsc2024tib,04xfq0f34_rsc2024tib_2024,false,NA,NA,NA,NA,0.0,NA,NA,NA,NA,NA,NA,NA,NA
https://ror.org/04xfq0f34,RWTH Aachen,2024,NA,10.1039/d3cp06086a,TRUE,FALSE,journal article,rsc2024tib,04xfq0f34_rsc2024tib_2024,false,NA,NA,NA,NA,0.0,NA,NA,NA,NA,NA,NA,NA,NA
https://ror.org/04xfq0f34,RWTH Aachen,2024,NA,10.1039/d4gc00964a,TRUE,FALSE,journal article,rsc2024tib,04xfq0f34_rsc2024tib_2024,false,NA,NA,NA,NA,0.0,NA,NA,NA,NA,NA,NA,NA,NA
https://ror.org/04xfq0f34,RWTH Aachen,2024,NA,10.1039/d4cc01386g,TRUE,FALSE,journal article,rsc2024tib,04xfq0f34_rsc2024tib_2024,false,NA,NA,NA,NA,0.0,NA,NA,NA,NA,NA,NA,NA,NA
https://ror.org/04xfq0f34,RWTH Aachen,2024,NA,10.1039/d4dt01539h,TRUE,FALSE,journal article,rsc2024tib,04xfq0f34_rsc2024tib_2024,false,NA,NA,NA,NA,0.0,NA,NA,NA,NA,NA,NA,NA,NA
https://ror.org/04xfq0f34,RWTH Aachen,2024,NA,10.1039/d4gc01508h,TRUE,FALSE,journal article,rsc2024tib,04xfq0f34_rsc2024tib_2024,false,NA,NA,NA,NA,0.0,NA,NA,NA,NA,NA,NA,NA,NA
https://ror.org/04xfq0f34,RWTH Aachen,2024,NA,10.1039/d4sm00676c,TRUE,FALSE,journal article,rsc2024tib,04xfq0f34_rsc2024tib_2024,false,NA,NA,NA,NA,0.0,NA,NA,NA,NA,NA,NA,NA,NA
https://ror.org/04xfq0f34,RWTH Aachen,2024,NA,10.1039/d4na00378k,FALSE,FALSE,journal article,rsc2024tib,04xfq0f34_rsc2024tib_2024,false,0.0,NA,NA,NA,NA,NA,NA,NA,NA,NA,NA,NA,NA
https://ror.org/04xfq0f34,RWTH Aachen,2024,NA,10.1039/d4sm00734d,TRUE,FALSE,journal article,rsc2024tib,04xfq0f34_rsc2024tib_2024,false,NA,NA,NA,NA,0.0,NA,NA,NA,NA,NA,NA,NA,NA
https://ror.org/04xfq0f34,RWTH Aachen,2024,NA,10.1039/d4nr02328e,TRUE,FALSE,journal article,rsc2024tib,04xfq0f34_rsc2024tib_2024,false,NA,NA,NA,NA,0.0,NA,NA,NA,NA,NA,NA,NA,NA
https://ror.org/04xfq0f34,RWTH Aachen,2024,NA,10.1039/d4cp02684e,TRUE,FALSE,journal article,rsc2024tib,04xfq0f34_rsc2024tib_2024,false,NA,NA,NA,NA,0.0,NA,NA,NA,NA,NA,NA,NA,NA
https://ror.org/04xfq0f34,RWTH Aachen,2024,NA,10.1039/d4cc03564j,TRUE,FALSE,journal article,rsc2024tib,04xfq0f34_rsc2024tib_2024,false,NA,NA,NA,NA,0.0,NA,NA,NA,NA,NA,NA,NA,NA
https://ror.org/04xfq0f34,RWTH Aachen,2024,NA,10.1039/d4fd00145a,TRUE,FALSE,journal article,rsc2024tib,04xfq0f34_rsc2024tib_2024,false,NA,NA,NA,NA,0.0,NA,NA,NA,NA,NA,NA,NA,NA
https://ror.org/04xfq0f34,RWTH Aachen,2024,NA,10.1039/d4cc04266b,TRUE,FALSE,journal article,rsc2024tib,04xfq0f34_rsc2024tib_2024,false,NA,NA,NA,NA,0.0,NA,NA,NA,NA,NA,NA,NA,NA
https://ror.org/04xfq0f34,RWTH Aachen,2024,NA,10.1039/d4cc03572k,TRUE,FALSE,journal article,rsc2024tib,04xfq0f34_rsc2024tib_2024,false,NA,NA,NA,NA,0.0,NA,NA,NA,NA,NA,NA,NA,NA
https://ror.org/04xfq0f34,RWTH Aachen,2024,NA,10.1039/d4dd00208c,FALSE,FALSE,journal article,rsc2024tib,04xfq0f34_rsc2024tib_2024,false,0.0,NA,NA,NA,NA,NA,NA,NA,NA,NA,NA,NA,NA
https://ror.org/04xfq0f34,RWTH Aachen,2024,NA,10.1039/d4nr03435j,TRUE,FALSE,journal article,rsc2024tib,04xfq0f34_rsc2024tib_2024,false,NA,NA,NA,NA,0.0,NA,NA,NA,NA,NA,NA,NA,NA
https://ror.org/04xfq0f34,RWTH Aachen,2024,NA,10.1039/d4dt02615b,TRUE,FALSE,journal article,rsc2024tib,04xfq0f34_rsc2024tib_2024,false,NA,NA,NA,NA,0.0,NA,NA,NA,NA,NA,NA,NA,NA
https://ror.org/04xfq0f34,RWTH Aachen,2024,NA,10.1039/d4ra04731a,TRUE,FALSE,journal article,rsc2024tib,04xfq0f34_rsc2024tib_2024,false,NA,NA,NA,NA,0.0,NA,NA,NA,NA,NA,NA,NA,NA
https://ror.org/04xfq0f34,RWTH Aachen,2024,NA,10.1039/d4tb02052a,TRUE,FALSE,journal article,rsc2024tib,04xfq0f34_rsc2024tib_2024,false,NA,NA,NA,NA,0.0,NA,NA,NA,NA,NA,NA,NA,NA
https://ror.org/04xfq0f34,RWTH Aachen,2024,NA,10.1039/d4dt02917h,TRUE,FALSE,journal article,rsc2024tib,04xfq0f34_rsc2024tib_2024,false,NA,NA,NA,NA,0.0,NA,NA,NA,NA,NA,NA,NA,NA
https://ror.org/04xfq0f34,RWTH Aachen,2024,NA,10.1039/d4sm00950a,TRUE,FALSE,journal article,rsc2024tib,04xfq0f34_rsc2024tib_2024,false,NA,NA,NA,NA,0.0,NA,NA,NA,NA,NA,NA,NA,NA
https://ror.org/04xfq0f34,RWTH Aachen,2024,NA,10.1039/d4nr03966a,TRUE,FALSE,journal article,rsc2024tib,04xfq0f34_rsc2024tib_2024,false,NA,NA,NA,NA,0.0,NA,NA,NA,NA,NA,NA,NA,NA
https://ror.org/04xfq0f34,RWTH Aachen,2024,NA,10.1039/d4nr04677c,TRUE,FALSE,journal article,rsc2024tib,04xfq0f34_rsc2024tib_2024,false,NA,NA,NA,NA,0.0,NA,NA,NA,NA,NA,NA,NA,NA
https://ror.org/04xfq0f34,RWTH Aachen,2024,NA,10.1039/d4en00764f,TRUE,FALSE,journal article,rsc2024tib,04xfq0f34_rsc2024tib_2024,false,NA,NA,NA,NA,0.0,NA,NA,NA,NA,NA,NA,NA,NA
https://ror.org/04xfq0f34,RWTH Aachen,2024,NA,10.4028/p-kn4tfj,TRUE,FALSE,journal article,ttp2024tib,04xfq0f34_ttp2024tib_2024,false,NA,NA,NA,NA,0.0,NA,NA,NA,NA,NA,NA,NA,NA
https://ror.org/04xfq0f34,RWTH Aachen,2024,NA,10.1080/0020174x.2024.2305386,TRUE,FALSE,journal article,tf2024zbw,04xfq0f34_tf2024zbw_2024,false,NA,NA,NA,NA,0.0,NA,NA,NA,NA,NA,NA,NA,NA
https://ror.org/04xfq0f34,RWTH Aachen,2024,NA,10.1080/09585192.2024.2444333,TRUE,FALSE,journal article,tf2024zbw,04xfq0f34_tf2024zbw_2024,false,NA,NA,NA,NA,0.0,NA,NA,NA,NA,NA,NA,NA,NA
https://ror.org/04xfq0f34,RWTH Aachen,2024,NA,10.1080/00140139.2024.2445315,TRUE,FALSE,journal article,tf2024zbw,04xfq0f34_tf2024zbw_2024,false,NA,NA,NA,NA,0.0,NA,NA,NA,NA,NA,NA,NA,NA
https://ror.org/04xfq0f34,RWTH Aachen,2024,NA,10.1080/14036096.2024.2436349,TRUE,FALSE,journal article,tf2024zbw,04xfq0f34_tf2024zbw_2024,false,NA,NA,NA,NA,0.0,NA,NA,NA,NA,NA,NA,NA,NA
https://ror.org/04xfq0f34,RWTH Aachen,2024,NA,10.1080/10255842.2024.2320747,TRUE,FALSE,journal article,tf2024zbw,04xfq0f34_tf2024zbw_2024,false,NA,NA,NA,NA,0.0,NA,NA,NA,NA,NA,NA,NA,NA
https://ror.org/04xfq0f34,RWTH Aachen,2024,NA,10.1080/20445911.2024.2439621,TRUE,FALSE,journal article,tf2024zbw,04xfq0f34_tf2024zbw_2024,false,NA,NA,NA,NA,0.0,NA,NA,NA,NA,NA,NA,NA,NA
https://ror.org/04xfq0f34,RWTH Aachen,2024,NA,10.1080/10803548.2024.2318941,TRUE,FALSE,journal article,tf2024zbw,04xfq0f34_tf2024zbw_2024,false,NA,NA,NA,NA,0.0,NA,NA,NA,NA,NA,NA,NA,NA
https://ror.org/04xfq0f34,RWTH Aachen,2024,NA,10.1080/15569527.2024.2310243,TRUE,FALSE,journal article,tf2024zbw,04xfq0f34_tf2024zbw_2024,false,NA,NA,NA,NA,0.0,NA,NA,NA,NA,NA,NA,NA,NA
https://ror.org/04xfq0f34,RWTH Aachen,2024,NA,10.1080/21550085.2024.2387999,TRUE,FALSE,journal article,tf2024zbw,04xfq0f34_tf2024zbw_2024,false,NA,NA,NA,NA,0.0,NA,NA,NA,NA,NA,NA,NA,NA
https://ror.org/04xfq0f34,RWTH Aachen,2024,NA,10.1080/00949655.2024.2436017,TRUE,FALSE,journal article,tf2024zbw,04xfq0f34_tf2024zbw_2024,false,NA,NA,NA,NA,0.0,NA,NA,NA,NA,NA,NA,NA,NA
https://ror.org/04xfq0f34,RWTH Aachen,2024,4263.47,10.1080/13696998.2024.2433379,FALSE,FALSE,journal article,tf2024zbw,04xfq0f34_tf2024zbw_2024,false,4263.47,NA,NA,NA,NA,NA,NA,NA,NA,NA,NA,NA,NA
https://ror.org/04xfq0f34,RWTH Aachen,2024,NA,10.1080/10447318.2024.2430494,TRUE,FALSE,journal article,tf2024zbw,04xfq0f34_tf2024zbw_2024,false,NA,NA,NA,NA,0.0,NA,NA,NA,NA,NA,NA,NA,NA
https://ror.org/04xfq0f34,RWTH Aachen,2024,2420.02,10.1080/20002297.2024.2424227,FALSE,FALSE,journal article,tf2024zbw,04xfq0f34_tf2024zbw_2024,false,2420.02,NA,NA,NA,NA,NA,NA,NA,NA,NA,NA,NA,NA
https://ror.org/04xfq0f34,RWTH Aachen,2024,NA,10.1080/23745118.2024.2415988,TRUE,FALSE,journal article,tf2024zbw,04xfq0f34_tf2024zbw_2024,false,NA,NA,NA,NA,0.0,NA,NA,NA,NA,NA,NA,NA,NA
https://ror.org/04xfq0f34,RWTH Aachen,2024,NA,10.1080/1351847x.2024.2415438,TRUE,FALSE,journal article,tf2024zbw,04xfq0f34_tf2024zbw_2024,false,NA,NA,NA,NA,0.0,NA,NA,NA,NA,NA,NA,NA,NA
https://ror.org/04xfq0f34,RWTH Aachen,2024,2420.01,10.1080/23299460.2024.2414482,FALSE,FALSE,journal article,tf2024zbw,04xfq0f34_tf2024zbw_2024,false,2420.0099999999998,NA,NA,NA,NA,NA,NA,NA,NA,NA,NA,NA,NA
https://ror.org/04xfq0f34,RWTH Aachen,2024,NA,10.1080/10298436.2024.2414074,TRUE,FALSE,journal article,tf2024zbw,04xfq0f34_tf2024zbw_2024,false,NA,NA,NA,NA,0.0,NA,NA,NA,NA,NA,NA,NA,NA
https://ror.org/04xfq0f34,RWTH Aachen,2024,NA,10.1080/17512433.2024.2410400,TRUE,FALSE,journal article,tf2024zbw,04xfq0f34_tf2024zbw_2024,false,NA,NA,NA,NA,0.0,NA,NA,NA,NA,NA,NA,NA,NA
https://ror.org/04xfq0f34,RWTH Aachen,2024,2908.06,10.1080/07853890.2024.2408458,FALSE,FALSE,journal article,tf2024zbw,04xfq0f34_tf2024zbw_2024,false,2908.06,NA,NA,NA,NA,NA,NA,NA,NA,NA,NA,NA,NA
https://ror.org/04xfq0f34,RWTH Aachen,2024,NA,10.1080/10298436.2024.2405029,TRUE,FALSE,journal article,tf2024zbw,04xfq0f34_tf2024zbw_2024,false,NA,NA,NA,NA,0.0,NA,NA,NA,NA,NA,NA,NA,NA
https://ror.org/04xfq0f34,RWTH Aachen,2024,NA,10.1080/0015198x.2024.2403359,TRUE,FALSE,journal article,tf2024zbw,04xfq0f34_tf2024zbw_2024,false,NA,NA,NA,NA,0.0,NA,NA,NA,NA,NA,NA,NA,NA
https://ror.org/04xfq0f34,RWTH Aachen,2024,NA,10.1080/00472778.2024.2392714,TRUE,FALSE,journal article,tf2024zbw,04xfq0f34_tf2024zbw_2024,false,NA,NA,NA,NA,0.0,NA,NA,NA,NA,NA,NA,NA,NA
https://ror.org/04xfq0f34,RWTH Aachen,2024,NA,10.1080/03610926.2024.2391435,TRUE,FALSE,journal article,tf2024zbw,04xfq0f34_tf2024zbw_2024,false,NA,NA,NA,NA,0.0,NA,NA,NA,NA,NA,NA,NA,NA
https://ror.org/04xfq0f34,RWTH Aachen,2024,NA,10.1080/03610918.2024.2391877,TRUE,FALSE,journal article,tf2024zbw,04xfq0f34_tf2024zbw_2024,false,NA,NA,NA,NA,0.0,NA,NA,NA,NA,NA,NA,NA,NA
https://ror.org/04xfq0f34,RWTH Aachen,2024,1213.8,10.1080/26889277.2024.2390394,FALSE,FALSE,journal article,tf2024zbw,04xfq0f34_tf2024zbw_2024,false,1213.8,NA,NA,NA,NA,NA,NA,NA,NA,NA,NA,NA,NA
https://ror.org/04xfq0f34,RWTH Aachen,2024,NA,10.1080/02331888.2024.2379612,TRUE,FALSE,journal article,tf2024zbw,04xfq0f34_tf2024zbw_2024,false,NA,NA,NA,NA,0.0,NA,NA,NA,NA,NA,NA,NA,NA
https://ror.org/04xfq0f34,RWTH Aachen,2024,NA,10.1080/10255842.2024.2382819,TRUE,FALSE,journal article,tf2024zbw,04xfq0f34_tf2024zbw_2024,false,NA,NA,NA,NA,0.0,NA,NA,NA,NA,NA,NA,NA,NA
https://ror.org/04xfq0f34,RWTH Aachen,2024,NA,10.1080/14733315.2024.2380626,TRUE,FALSE,journal article,tf2024zbw,04xfq0f34_tf2024zbw_2024,false,NA,NA,NA,NA,0.0,NA,NA,NA,NA,NA,NA,NA,NA
https://ror.org/04xfq0f34,RWTH Aachen,2024,NA,10.1080/17549507.2024.2371869,TRUE,FALSE,journal article,tf2024zbw,04xfq0f34_tf2024zbw_2024,false,NA,NA,NA,NA,0.0,NA,NA,NA,NA,NA,NA,NA,NA
https://ror.org/04xfq0f34,RWTH Aachen,2024,NA,10.1080/10556788.2024.2368569,TRUE,FALSE,journal article,tf2024zbw,04xfq0f34_tf2024zbw_2024,false,NA,NA,NA,NA,0.0,NA,NA,NA,NA,NA,NA,NA,NA
https://ror.org/04xfq0f34,RWTH Aachen,2024,NA,10.1080/03610926.2024.2363869,TRUE,FALSE,journal article,tf2024zbw,04xfq0f34_tf2024zbw_2024,false,NA,NA,NA,NA,0.0,NA,NA,NA,NA,NA,NA,NA,NA
https://ror.org/04xfq0f34,RWTH Aachen,2024,NA,10.1080/23789689.2024.2356492,TRUE,FALSE,journal article,tf2024zbw,04xfq0f34_tf2024zbw_2024,false,NA,NA,NA,NA,0.0,NA,NA,NA,NA,NA,NA,NA,NA
https://ror.org/04xfq0f34,RWTH Aachen,2024,NA,10.1080/00084433.2024.2355031,TRUE,FALSE,journal article,tf2024zbw,04xfq0f34_tf2024zbw_2024,false,NA,NA,NA,NA,0.0,NA,NA,NA,NA,NA,NA,NA,NA
https://ror.org/04xfq0f34,RWTH Aachen,2024,2444.45,10.1080/15440478.2024.2349750,FALSE,FALSE,journal article,tf2024zbw,04xfq0f34_tf2024zbw_2024,false,2444.45,NA,NA,NA,NA,NA,NA,NA,NA,NA,NA,NA,NA
https://ror.org/04xfq0f34,RWTH Aachen,2024,2444.46,10.1080/10872981.2024.2347767,FALSE,FALSE,journal article,tf2024zbw,04xfq0f34_tf2024zbw_2024,false,2444.46,NA,NA,NA,NA,NA,NA,NA,NA,NA,NA,NA,NA
https://ror.org/04xfq0f34,RWTH Aachen,2024,NA,10.1080/19420676.2024.2345378,TRUE,FALSE,journal article,tf2024zbw,04xfq0f34_tf2024zbw_2024,false,NA,NA,NA,NA,0.0,NA,NA,NA,NA,NA,NA,NA,NA
https://ror.org/04xfq0f34,RWTH Aachen,2024,NA,10.1080/10652469.2024.2343899,TRUE,FALSE,journal article,tf2024zbw,04xfq0f34_tf2024zbw_2024,false,NA,NA,NA,NA,0.0,NA,NA,NA,NA,NA,NA,NA,NA
https://ror.org/04xfq0f34,RWTH Aachen,2024,NA,10.1080/23324309.2024.2342947,TRUE,FALSE,journal article,tf2024zbw,04xfq0f34_tf2024zbw_2024,false,NA,NA,NA,NA,0.0,NA,NA,NA,NA,NA,NA,NA,NA
https://ror.org/04xfq0f34,RWTH Aachen,2024,NA,10.1080/00472778.2024.2342839,TRUE,FALSE,journal article,tf2024zbw,04xfq0f34_tf2024zbw_2024,false,NA,NA,NA,NA,0.0,NA,NA,NA,NA,NA,NA,NA,NA
https://ror.org/04xfq0f34,RWTH Aachen,2024,2444.47,10.1080/10872981.2024.2339569,FALSE,FALSE,journal article,tf2024zbw,04xfq0f34_tf2024zbw_2024,false,2444.47,NA,NA,NA,NA,NA,NA,NA,NA,NA,NA,NA,NA
https://ror.org/04xfq0f34,RWTH Aachen,2024,NA,10.1080/14942119.2024.2323238,TRUE,FALSE,journal article,tf2024zbw,04xfq0f34_tf2024zbw_2024,false,NA,NA,NA,NA,0.0,NA,NA,NA,NA,NA,NA,NA,NA
https://ror.org/04xfq0f34,RWTH Aachen,2024,NA,10.1080/23744731.2024.2325823,TRUE,FALSE,journal article,tf2024zbw,04xfq0f34_tf2024zbw_2024,false,NA,NA,NA,NA,0.0,NA,NA,NA,NA,NA,NA,NA,NA
https://ror.org/04xfq0f34,RWTH Aachen,2024,1633.57,10.1080/21693277.2024.2324339,FALSE,FALSE,journal article,tf2024zbw,04xfq0f34_tf2024zbw_2024,false,1633.57,NA,NA,NA,NA,NA,NA,NA,NA,NA,NA,NA,NA
https://ror.org/04xfq0f34,RWTH Aachen,2024,NA,10.1080/17480272.2024.2323590,TRUE,FALSE,journal article,tf2024zbw,04xfq0f34_tf2024zbw_2024,false,NA,NA,NA,NA,0.0,NA,NA,NA,NA,NA,NA,NA,NA
https://ror.org/04xfq0f34,RWTH Aachen,2024,NA,10.1002/adem.202400305,TRUE,FALSE,journal article,wiley2024deal,04xfq0f34_wiley2024deal_2024,false,NA,NA,NA,NA,0.0,NA,NA,NA,NA,NA,NA,NA,NA
https://ror.org/04xfq0f34,RWTH Aachen,2024,NA,10.1002/adem.202400885,TRUE,FALSE,journal article,wiley2024deal,04xfq0f34_wiley2024deal_2024,false,NA,NA,NA,NA,0.0,NA,NA,NA,NA,NA,NA,NA,NA
https://ror.org/04xfq0f34,RWTH Aachen,2024,NA,10.1002/adem.202401095,TRUE,FALSE,journal article,wiley2024deal,04xfq0f34_wiley2024deal_2024,false,NA,NA,NA,NA,0.0,NA,NA,NA,NA,NA,NA,NA,NA
https://ror.org/04xfq0f34,RWTH Aachen,2024,NA,10.1002/adfm.202313204,TRUE,FALSE,journal article,wiley2024deal,04xfq0f34_wiley2024deal_2024,false,NA,NA,NA,NA,0.0,NA,NA,NA,NA,NA,NA,NA,NA
https://ror.org/04xfq0f34,RWTH Aachen,2024,NA,10.1002/adfm.202315652,TRUE,FALSE,journal article,wiley2024deal,04xfq0f34_wiley2024deal_2024,false,NA,NA,NA,NA,0.0,NA,NA,NA,NA,NA,NA,NA,NA
https://ror.org/04xfq0f34,RWTH Aachen,2024,NA,10.1002/adfm.202316075,TRUE,FALSE,journal article,wiley2024deal,04xfq0f34_wiley2024deal_2024,false,NA,NA,NA,NA,0.0,NA,NA,NA,NA,NA,NA,NA,NA
https://ror.org/04xfq0f34,RWTH Aachen,2024,NA,10.1002/adfm.202403476,TRUE,FALSE,journal article,wiley2024deal,04xfq0f34_wiley2024deal_2024,false,NA,NA,NA,NA,0.0,NA,NA,NA,NA,NA,NA,NA,NA
https://ror.org/04xfq0f34,RWTH Aachen,2024,NA,10.1002/adfm.202403787,TRUE,FALSE,journal article,wiley2024deal,04xfq0f34_wiley2024deal_2024,false,NA,NA,NA,NA,0.0,NA,NA,NA,NA,NA,NA,NA,NA
https://ror.org/04xfq0f34,RWTH Aachen,2024,NA,10.1002/adfm.202419229,TRUE,FALSE,journal article,wiley2024deal,04xfq0f34_wiley2024deal_2024,false,NA,NA,NA,NA,0.0,NA,NA,NA,NA,NA,NA,NA,NA
https://ror.org/04xfq0f34,RWTH Aachen,2024,NA,10.1002/adhm.202304243,TRUE,FALSE,journal article,wiley2024deal,04xfq0f34_wiley2024deal_2024,false,NA,NA,NA,NA,0.0,NA,NA,NA,NA,NA,NA,NA,NA
https://ror.org/04xfq0f34,RWTH Aachen,2024,NA,10.1002/adhm.202403111,TRUE,FALSE,journal article,wiley2024deal,04xfq0f34_wiley2024deal_2024,false,NA,NA,NA,NA,0.0,NA,NA,NA,NA,NA,NA,NA,NA
https://ror.org/04xfq0f34,RWTH Aachen,2024,NA,10.1002/adma.202312169,TRUE,FALSE,journal article,wiley2024deal,04xfq0f34_wiley2024deal_2024,false,NA,NA,NA,NA,0.0,NA,NA,NA,NA,NA,NA,NA,NA
https://ror.org/04xfq0f34,RWTH Aachen,2024,NA,10.1002/adma.202403046,TRUE,FALSE,journal article,wiley2024deal,04xfq0f34_wiley2024deal_2024,false,NA,NA,NA,NA,0.0,NA,NA,NA,NA,NA,NA,NA,NA
https://ror.org/04xfq0f34,RWTH Aachen,2024,NA,10.1002/adma.202403752,TRUE,FALSE,journal article,wiley2024deal,04xfq0f34_wiley2024deal_2024,false,NA,NA,NA,NA,0.0,NA,NA,NA,NA,NA,NA,NA,NA
https://ror.org/04xfq0f34,RWTH Aachen,2024,NA,10.1002/adma.202414376,TRUE,FALSE,journal article,wiley2024deal,04xfq0f34_wiley2024deal_2024,false,NA,NA,NA,NA,0.0,NA,NA,NA,NA,NA,NA,NA,NA
https://ror.org/04xfq0f34,RWTH Aachen,2024,NA,10.1002/adma.202416938,TRUE,FALSE,journal article,wiley2024deal,04xfq0f34_wiley2024deal_2024,false,NA,NA,NA,NA,0.0,NA,NA,NA,NA,NA,NA,NA,NA
https://ror.org/04xfq0f34,RWTH Aachen,2024,NA,10.1002/admt.202301391,TRUE,FALSE,journal article,wiley2024deal,04xfq0f34_wiley2024deal_2024,false,NA,NA,NA,NA,0.0,NA,NA,NA,NA,NA,NA,NA,NA
https://ror.org/04xfq0f34,RWTH Aachen,2024,NA,10.1002/admt.202301965,TRUE,FALSE,journal article,wiley2024deal,04xfq0f34_wiley2024deal_2024,false,NA,NA,NA,NA,0.0,NA,NA,NA,NA,NA,NA,NA,NA
https://ror.org/04xfq0f34,RWTH Aachen,2024,NA,10.1002/admt.202400946,TRUE,FALSE,journal article,wiley2024deal,04xfq0f34_wiley2024deal_2024,false,NA,NA,NA,NA,0.0,NA,NA,NA,NA,NA,NA,NA,NA
https://ror.org/04xfq0f34,RWTH Aachen,2024,NA,10.1002/adom.202401862,TRUE,FALSE,journal article,wiley2024deal,04xfq0f34_wiley2024deal_2024,false,NA,NA,NA,NA,0.0,NA,NA,NA,NA,NA,NA,NA,NA
https://ror.org/04xfq0f34,RWTH Aachen,2024,NA,10.1002/adsc.202400296,TRUE,FALSE,journal article,wiley2024deal,04xfq0f34_wiley2024deal_2024,false,NA,NA,NA,NA,0.0,NA,NA,NA,NA,NA,NA,NA,NA
https://ror.org/04xfq0f34,RWTH Aachen,2024,NA,10.1002/aenm.202304442,TRUE,FALSE,journal article,wiley2024deal,04xfq0f34_wiley2024deal_2024,false,NA,NA,NA,NA,0.0,NA,NA,NA,NA,NA,NA,NA,NA
https://ror.org/04xfq0f34,RWTH Aachen,2024,NA,10.1002/aenm.202403174,TRUE,FALSE,journal article,wiley2024deal,04xfq0f34_wiley2024deal_2024,false,NA,NA,NA,NA,0.0,NA,NA,NA,NA,NA,NA,NA,NA
https://ror.org/04xfq0f34,RWTH Aachen,2024,NA,10.1002/aic.18494,TRUE,FALSE,journal article,wiley2024deal,04xfq0f34_wiley2024deal_2024,false,NA,NA,NA,NA,0.0,NA,NA,NA,NA,NA,NA,NA,NA
https://ror.org/04xfq0f34,RWTH Aachen,2024,NA,10.1002/aic.18501,TRUE,FALSE,journal article,wiley2024deal,04xfq0f34_wiley2024deal_2024,false,NA,NA,NA,NA,0.0,NA,NA,NA,NA,NA,NA,NA,NA
https://ror.org/04xfq0f34,RWTH Aachen,2024,NA,10.1002/ange.202317419,TRUE,FALSE,journal article,wiley2024deal,04xfq0f34_wiley2024deal_2024,false,NA,NA,NA,NA,0.0,NA,NA,NA,NA,NA,NA,NA,NA
https://ror.org/04xfq0f34,RWTH Aachen,2024,NA,10.1002/ange.202318421,TRUE,FALSE,journal article,wiley2024deal,04xfq0f34_wiley2024deal_2024,false,NA,NA,NA,NA,0.0,NA,NA,NA,NA,NA,NA,NA,NA
https://ror.org/04xfq0f34,RWTH Aachen,2024,NA,10.1002/ange.202411532,TRUE,FALSE,journal article,wiley2024deal,04xfq0f34_wiley2024deal_2024,false,NA,NA,NA,NA,0.0,NA,NA,NA,NA,NA,NA,NA,NA
https://ror.org/04xfq0f34,RWTH Aachen,2024,NA,10.1002/anie.202317112,TRUE,FALSE,journal article,wiley2024deal,04xfq0f34_wiley2024deal_2024,false,NA,NA,NA,NA,0.0,NA,NA,NA,NA,NA,NA,NA,NA
https://ror.org/04xfq0f34,RWTH Aachen,2024,NA,10.1002/anie.202317419,TRUE,FALSE,journal article,wiley2024deal,04xfq0f34_wiley2024deal_2024,false,NA,NA,NA,NA,0.0,NA,NA,NA,NA,NA,NA,NA,NA
https://ror.org/04xfq0f34,RWTH Aachen,2024,NA,10.1002/anie.202318421,TRUE,FALSE,journal article,wiley2024deal,04xfq0f34_wiley2024deal_2024,false,NA,NA,NA,NA,0.0,NA,NA,NA,NA,NA,NA,NA,NA
https://ror.org/04xfq0f34,RWTH Aachen,2024,NA,10.1002/anie.202319832,TRUE,FALSE,journal article,wiley2024deal,04xfq0f34_wiley2024deal_2024,false,NA,NA,NA,NA,0.0,NA,NA,NA,NA,NA,NA,NA,NA
https://ror.org/04xfq0f34,RWTH Aachen,2024,NA,10.1002/anie.202401545,TRUE,FALSE,journal article,wiley2024deal,04xfq0f34_wiley2024deal_2024,false,NA,NA,NA,NA,0.0,NA,NA,NA,NA,NA,NA,NA,NA
https://ror.org/04xfq0f34,RWTH Aachen,2024,NA,10.1002/anie.202406924,TRUE,FALSE,journal article,wiley2024deal,04xfq0f34_wiley2024deal_2024,false,NA,NA,NA,NA,0.0,NA,NA,NA,NA,NA,NA,NA,NA
https://ror.org/04xfq0f34,RWTH Aachen,2024,NA,10.1002/anie.202411532,TRUE,FALSE,journal article,wiley2024deal,04xfq0f34_wiley2024deal_2024,false,NA,NA,NA,NA,0.0,NA,NA,NA,NA,NA,NA,NA,NA
https://ror.org/04xfq0f34,RWTH Aachen,2024,NA,10.1002/anie.202411772,TRUE,FALSE,journal article,wiley2024deal,04xfq0f34_wiley2024deal_2024,false,NA,NA,NA,NA,0.0,NA,NA,NA,NA,NA,NA,NA,NA
https://ror.org/04xfq0f34,RWTH Aachen,2024,NA,10.1002/anie.202412418,TRUE,FALSE,journal article,wiley2024deal,04xfq0f34_wiley2024deal_2024,false,NA,NA,NA,NA,0.0,NA,NA,NA,NA,NA,NA,NA,NA
https://ror.org/04xfq0f34,RWTH Aachen,2024,NA,10.1002/anie.202413181,TRUE,FALSE,journal article,wiley2024deal,04xfq0f34_wiley2024deal_2024,false,NA,NA,NA,NA,0.0,NA,NA,NA,NA,NA,NA,NA,NA
https://ror.org/04xfq0f34,RWTH Aachen,2024,NA,10.1002/anie.202416956,TRUE,FALSE,journal article,wiley2024deal,04xfq0f34_wiley2024deal_2024,false,NA,NA,NA,NA,0.0,NA,NA,NA,NA,NA,NA,NA,NA
https://ror.org/04xfq0f34,RWTH Aachen,2024,NA,10.1002/anie.202417107,TRUE,FALSE,journal article,wiley2024deal,04xfq0f34_wiley2024deal_2024,false,NA,NA,NA,NA,0.0,NA,NA,NA,NA,NA,NA,NA,NA
https://ror.org/04xfq0f34,RWTH Aachen,2024,NA,10.1002/appl.202400022,TRUE,FALSE,journal article,wiley2024deal,04xfq0f34_wiley2024deal_2024,false,NA,NA,NA,NA,0.0,NA,NA,NA,NA,NA,NA,NA,NA
https://ror.org/04xfq0f34,RWTH Aachen,2024,NA,10.1002/appl.202400087,TRUE,FALSE,journal article,wiley2024deal,04xfq0f34_wiley2024deal_2024,false,NA,NA,NA,NA,0.0,NA,NA,NA,NA,NA,NA,NA,NA
https://ror.org/04xfq0f34,RWTH Aachen,2024,NA,10.1002/batt.202400291,TRUE,FALSE,journal article,wiley2024deal,04xfq0f34_wiley2024deal_2024,false,NA,NA,NA,NA,0.0,NA,NA,NA,NA,NA,NA,NA,NA
https://ror.org/04xfq0f34,RWTH Aachen,2024,NA,10.1002/bit.28693,TRUE,FALSE,journal article,wiley2024deal,04xfq0f34_wiley2024deal_2024,false,NA,NA,NA,NA,0.0,NA,NA,NA,NA,NA,NA,NA,NA
https://ror.org/04xfq0f34,RWTH Aachen,2024,NA,10.1002/bit.28724,TRUE,FALSE,journal article,wiley2024deal,04xfq0f34_wiley2024deal_2024,false,NA,NA,NA,NA,0.0,NA,NA,NA,NA,NA,NA,NA,NA
https://ror.org/04xfq0f34,RWTH Aachen,2024,NA,10.1002/bit.28789,TRUE,FALSE,journal article,wiley2024deal,04xfq0f34_wiley2024deal_2024,false,NA,NA,NA,NA,0.0,NA,NA,NA,NA,NA,NA,NA,NA
https://ror.org/04xfq0f34,RWTH Aachen,2024,NA,10.1002/bit.28855,TRUE,FALSE,journal article,wiley2024deal,04xfq0f34_wiley2024deal_2024,false,NA,NA,NA,NA,0.0,NA,NA,NA,NA,NA,NA,NA,NA
https://ror.org/04xfq0f34,RWTH Aachen,2024,NA,10.1002/bit.28892,TRUE,FALSE,journal article,wiley2024deal,04xfq0f34_wiley2024deal_2024,false,NA,NA,NA,NA,0.0,NA,NA,NA,NA,NA,NA,NA,NA
https://ror.org/04xfq0f34,RWTH Aachen,2024,NA,10.1002/bse.3776,TRUE,FALSE,journal article,wiley2024deal,04xfq0f34_wiley2024deal_2024,false,NA,NA,NA,NA,0.0,NA,NA,NA,NA,NA,NA,NA,NA
https://ror.org/04xfq0f34,RWTH Aachen,2024,NA,10.1002/btpr.3468,TRUE,FALSE,journal article,wiley2024deal,04xfq0f34_wiley2024deal_2024,false,NA,NA,NA,NA,0.0,NA,NA,NA,NA,NA,NA,NA,NA
https://ror.org/04xfq0f34,RWTH Aachen,2024,NA,10.1002/btpr.3525,TRUE,FALSE,journal article,wiley2024deal,04xfq0f34_wiley2024deal_2024,false,NA,NA,NA,NA,0.0,NA,NA,NA,NA,NA,NA,NA,NA
https://ror.org/04xfq0f34,RWTH Aachen,2024,NA,10.1002/btpr.3526,TRUE,FALSE,journal article,wiley2024deal,04xfq0f34_wiley2024deal_2024,false,NA,NA,NA,NA,0.0,NA,NA,NA,NA,NA,NA,NA,NA
https://ror.org/04xfq0f34,RWTH Aachen,2024,NA,10.1002/cbic.202400700,TRUE,FALSE,journal article,wiley2024deal,04xfq0f34_wiley2024deal_2024,false,NA,NA,NA,NA,0.0,NA,NA,NA,NA,NA,NA,NA,NA
https://ror.org/04xfq0f34,RWTH Aachen,2024,NA,10.1002/cctc.202301632,TRUE,FALSE,journal article,wiley2024deal,04xfq0f34_wiley2024deal_2024,false,NA,NA,NA,NA,0.0,NA,NA,NA,NA,NA,NA,NA,NA
https://ror.org/04xfq0f34,RWTH Aachen,2024,NA,10.1002/cctc.202301704,TRUE,FALSE,journal article,wiley2024deal,04xfq0f34_wiley2024deal_2024,false,NA,NA,NA,NA,0.0,NA,NA,NA,NA,NA,NA,NA,NA
https://ror.org/04xfq0f34,RWTH Aachen,2024,NA,10.1002/cctc.202400731,TRUE,FALSE,journal article,wiley2024deal,04xfq0f34_wiley2024deal_2024,false,NA,NA,NA,NA,0.0,NA,NA,NA,NA,NA,NA,NA,NA
https://ror.org/04xfq0f34,RWTH Aachen,2024,NA,10.1002/cepa.3064,TRUE,FALSE,journal article,wiley2024deal,04xfq0f34_wiley2024deal_2024,false,NA,NA,NA,NA,0.0,NA,NA,NA,NA,NA,NA,NA,NA
https://ror.org/04xfq0f34,RWTH Aachen,2024,NA,10.1002/chem.202304378,TRUE,FALSE,journal article,wiley2024deal,04xfq0f34_wiley2024deal_2024,false,NA,NA,NA,NA,0.0,NA,NA,NA,NA,NA,NA,NA,NA
https://ror.org/04xfq0f34,RWTH Aachen,2024,NA,10.1002/chem.202400387,TRUE,FALSE,journal article,wiley2024deal,04xfq0f34_wiley2024deal_2024,false,NA,NA,NA,NA,0.0,NA,NA,NA,NA,NA,NA,NA,NA
https://ror.org/04xfq0f34,RWTH Aachen,2024,NA,10.1002/chem.202401262,TRUE,FALSE,journal article,wiley2024deal,04xfq0f34_wiley2024deal_2024,false,NA,NA,NA,NA,0.0,NA,NA,NA,NA,NA,NA,NA,NA
https://ror.org/04xfq0f34,RWTH Aachen,2024,NA,10.1002/chem.202402355,TRUE,FALSE,journal article,wiley2024deal,04xfq0f34_wiley2024deal_2024,false,NA,NA,NA,NA,0.0,NA,NA,NA,NA,NA,NA,NA,NA
https://ror.org/04xfq0f34,RWTH Aachen,2024,NA,10.1002/chem.202402390,TRUE,FALSE,journal article,wiley2024deal,04xfq0f34_wiley2024deal_2024,false,NA,NA,NA,NA,0.0,NA,NA,NA,NA,NA,NA,NA,NA
https://ror.org/04xfq0f34,RWTH Aachen,2024,NA,10.1002/cite.202300176,TRUE,FALSE,journal article,wiley2024deal,04xfq0f34_wiley2024deal_2024,false,NA,NA,NA,NA,0.0,NA,NA,NA,NA,NA,NA,NA,NA
https://ror.org/04xfq0f34,RWTH Aachen,2024,NA,10.1002/cite.202400052,TRUE,FALSE,journal article,wiley2024deal,04xfq0f34_wiley2024deal_2024,false,NA,NA,NA,NA,0.0,NA,NA,NA,NA,NA,NA,NA,NA
https://ror.org/04xfq0f34,RWTH Aachen,2024,NA,10.1002/cjce.25563,TRUE,FALSE,journal article,wiley2024deal,04xfq0f34_wiley2024deal_2024,false,NA,NA,NA,NA,0.0,NA,NA,NA,NA,NA,NA,NA,NA
https://ror.org/04xfq0f34,RWTH Aachen,2024,NA,10.1002/cmdc.202400232,TRUE,FALSE,journal article,wiley2024deal,04xfq0f34_wiley2024deal_2024,false,NA,NA,NA,NA,0.0,NA,NA,NA,NA,NA,NA,NA,NA
https://ror.org/04xfq0f34,RWTH Aachen,2024,NA,10.1002/cpt.3188,TRUE,FALSE,journal article,wiley2024deal,04xfq0f34_wiley2024deal_2024,false,NA,NA,NA,NA,0.0,NA,NA,NA,NA,NA,NA,NA,NA
https://ror.org/04xfq0f34,RWTH Aachen,2024,NA,10.1002/cssc.202400311,TRUE,FALSE,journal article,wiley2024deal,04xfq0f34_wiley2024deal_2024,false,NA,NA,NA,NA,0.0,NA,NA,NA,NA,NA,NA,NA,NA
https://ror.org/04xfq0f34,RWTH Aachen,2024,NA,10.1002/cssc.202400933,TRUE,FALSE,journal article,wiley2024deal,04xfq0f34_wiley2024deal_2024,false,NA,NA,NA,NA,0.0,NA,NA,NA,NA,NA,NA,NA,NA
https://ror.org/04xfq0f34,RWTH Aachen,2024,NA,10.1002/eat.24204,TRUE,FALSE,journal article,wiley2024deal,04xfq0f34_wiley2024deal_2024,false,NA,NA,NA,NA,0.0,NA,NA,NA,NA,NA,NA,NA,NA
https://ror.org/04xfq0f34,RWTH Aachen,2024,NA,10.1002/eji.202350788,TRUE,FALSE,journal article,wiley2024deal,04xfq0f34_wiley2024deal_2024,false,NA,NA,NA,NA,0.0,NA,NA,NA,NA,NA,NA,NA,NA
https://ror.org/04xfq0f34,RWTH Aachen,2024,NA,10.1002/eji.202451066,TRUE,FALSE,journal article,wiley2024deal,04xfq0f34_wiley2024deal_2024,false,NA,NA,NA,NA,0.0,NA,NA,NA,NA,NA,NA,NA,NA
https://ror.org/04xfq0f34,RWTH Aachen,2024,NA,10.1002/eji.202451348,TRUE,FALSE,journal article,wiley2024deal,04xfq0f34_wiley2024deal_2024,false,NA,NA,NA,NA,0.0,NA,NA,NA,NA,NA,NA,NA,NA
https://ror.org/04xfq0f34,RWTH Aachen,2024,NA,10.1002/ejic.202300700,TRUE,FALSE,journal article,wiley2024deal,04xfq0f34_wiley2024deal_2024,false,NA,NA,NA,NA,0.0,NA,NA,NA,NA,NA,NA,NA,NA
https://ror.org/04xfq0f34,RWTH Aachen,2024,NA,10.1002/ejp.4720,TRUE,FALSE,journal article,wiley2024deal,04xfq0f34_wiley2024deal_2024,false,NA,NA,NA,NA,0.0,NA,NA,NA,NA,NA,NA,NA,NA
https://ror.org/04xfq0f34,RWTH Aachen,2024,NA,10.1002/ente.202401479,TRUE,FALSE,journal article,wiley2024deal,04xfq0f34_wiley2024deal_2024,false,NA,NA,NA,NA,0.0,NA,NA,NA,NA,NA,NA,NA,NA
https://ror.org/04xfq0f34,RWTH Aachen,2024,NA,10.1002/erv.3070,TRUE,FALSE,journal article,wiley2024deal,04xfq0f34_wiley2024deal_2024,false,NA,NA,NA,NA,0.0,NA,NA,NA,NA,NA,NA,NA,NA
https://ror.org/04xfq0f34,RWTH Aachen,2024,NA,10.1002/esp.5914,TRUE,FALSE,journal article,wiley2024deal,04xfq0f34_wiley2024deal_2024,false,NA,NA,NA,NA,0.0,NA,NA,NA,NA,NA,NA,NA,NA
https://ror.org/04xfq0f34,RWTH Aachen,2024,NA,10.1002/fuce.202300239,TRUE,FALSE,journal article,wiley2024deal,04xfq0f34_wiley2024deal_2024,false,NA,NA,NA,NA,0.0,NA,NA,NA,NA,NA,NA,NA,NA
https://ror.org/04xfq0f34,RWTH Aachen,2024,NA,10.1002/gamm.202370008,TRUE,FALSE,journal article,wiley2024deal,04xfq0f34_wiley2024deal_2024,false,NA,NA,NA,NA,0.0,NA,NA,NA,NA,NA,NA,NA,NA
https://ror.org/04xfq0f34,RWTH Aachen,2024,NA,10.1002/hed.27687,TRUE,FALSE,journal article,wiley2024deal,04xfq0f34_wiley2024deal_2024,false,NA,NA,NA,NA,0.0,NA,NA,NA,NA,NA,NA,NA,NA
https://ror.org/04xfq0f34,RWTH Aachen,2024,NA,10.1002/jbm.b.35390,TRUE,FALSE,journal article,wiley2024deal,04xfq0f34_wiley2024deal_2024,false,NA,NA,NA,NA,0.0,NA,NA,NA,NA,NA,NA,NA,NA
https://ror.org/04xfq0f34,RWTH Aachen,2024,NA,10.1002/jbm.b.35444,TRUE,FALSE,journal article,wiley2024deal,04xfq0f34_wiley2024deal_2024,false,NA,NA,NA,NA,0.0,NA,NA,NA,NA,NA,NA,NA,NA
https://ror.org/04xfq0f34,RWTH Aachen,2024,NA,10.1002/jcb.30579,TRUE,FALSE,journal article,wiley2024deal,04xfq0f34_wiley2024deal_2024,false,NA,NA,NA,NA,0.0,NA,NA,NA,NA,NA,NA,NA,NA
https://ror.org/04xfq0f34,RWTH Aachen,2024,NA,10.1002/jmr.3109,TRUE,FALSE,journal article,wiley2024deal,04xfq0f34_wiley2024deal_2024,false,NA,NA,NA,NA,0.0,NA,NA,NA,NA,NA,NA,NA,NA
https://ror.org/04xfq0f34,RWTH Aachen,2024,NA,10.1002/jnm.3234,TRUE,FALSE,journal article,wiley2024deal,04xfq0f34_wiley2024deal_2024,false,NA,NA,NA,NA,0.0,NA,NA,NA,NA,NA,NA,NA,NA
https://ror.org/04xfq0f34,RWTH Aachen,2024,NA,10.1002/jper.24-0070,TRUE,FALSE,journal article,wiley2024deal,04xfq0f34_wiley2024deal_2024,false,NA,NA,NA,NA,0.0,NA,NA,NA,NA,NA,NA,NA,NA
https://ror.org/04xfq0f34,RWTH Aachen,2024,NA,10.1002/jsde.12735,TRUE,FALSE,journal article,wiley2024deal,04xfq0f34_wiley2024deal_2024,false,NA,NA,NA,NA,0.0,NA,NA,NA,NA,NA,NA,NA,NA
https://ror.org/04xfq0f34,RWTH Aachen,2024,NA,10.1002/kin.21719,TRUE,FALSE,journal article,wiley2024deal,04xfq0f34_wiley2024deal_2024,false,NA,NA,NA,NA,0.0,NA,NA,NA,NA,NA,NA,NA,NA
https://ror.org/04xfq0f34,RWTH Aachen,2024,NA,10.1002/lary.31503,TRUE,FALSE,journal article,wiley2024deal,04xfq0f34_wiley2024deal_2024,false,NA,NA,NA,NA,0.0,NA,NA,NA,NA,NA,NA,NA,NA
https://ror.org/04xfq0f34,RWTH Aachen,2024,NA,10.1002/mabi.202400075,TRUE,FALSE,journal article,wiley2024deal,04xfq0f34_wiley2024deal_2024,false,NA,NA,NA,NA,0.0,NA,NA,NA,NA,NA,NA,NA,NA
https://ror.org/04xfq0f34,RWTH Aachen,2024,NA,10.1002/mabi.202400152,TRUE,FALSE,journal article,wiley2024deal,04xfq0f34_wiley2024deal_2024,false,NA,NA,NA,NA,0.0,NA,NA,NA,NA,NA,NA,NA,NA
https://ror.org/04xfq0f34,RWTH Aachen,2024,NA,10.1002/maco.202414369,TRUE,FALSE,journal article,wiley2024deal,04xfq0f34_wiley2024deal_2024,false,NA,NA,NA,NA,0.0,NA,NA,NA,NA,NA,NA,NA,NA
https://ror.org/04xfq0f34,RWTH Aachen,2024,NA,10.1002/marc.202300680,TRUE,FALSE,journal article,wiley2024deal,04xfq0f34_wiley2024deal_2024,false,NA,NA,NA,NA,0.0,NA,NA,NA,NA,NA,NA,NA,NA
https://ror.org/04xfq0f34,RWTH Aachen,2024,NA,10.1002/mawe.202300130,TRUE,FALSE,journal article,wiley2024deal,04xfq0f34_wiley2024deal_2024,false,NA,NA,NA,NA,0.0,NA,NA,NA,NA,NA,NA,NA,NA
https://ror.org/04xfq0f34,RWTH Aachen,2024,NA,10.1002/mawe.202300134,TRUE,FALSE,journal article,wiley2024deal,04xfq0f34_wiley2024deal_2024,false,NA,NA,NA,NA,0.0,NA,NA,NA,NA,NA,NA,NA,NA
https://ror.org/04xfq0f34,RWTH Aachen,2024,NA,10.1002/mawe.202300154,TRUE,FALSE,journal article,wiley2024deal,04xfq0f34_wiley2024deal_2024,false,NA,NA,NA,NA,0.0,NA,NA,NA,NA,NA,NA,NA,NA
https://ror.org/04xfq0f34,RWTH Aachen,2024,NA,10.1002/mawe.202300158,TRUE,FALSE,journal article,wiley2024deal,04xfq0f34_wiley2024deal_2024,false,NA,NA,NA,NA,0.0,NA,NA,NA,NA,NA,NA,NA,NA
https://ror.org/04xfq0f34,RWTH Aachen,2024,NA,10.1002/mawe.202300163,TRUE,FALSE,journal article,wiley2024deal,04xfq0f34_wiley2024deal_2024,false,NA,NA,NA,NA,0.0,NA,NA,NA,NA,NA,NA,NA,NA
https://ror.org/04xfq0f34,RWTH Aachen,2024,NA,10.1002/mawe.202300164,TRUE,FALSE,journal article,wiley2024deal,04xfq0f34_wiley2024deal_2024,false,NA,NA,NA,NA,0.0,NA,NA,NA,NA,NA,NA,NA,NA
https://ror.org/04xfq0f34,RWTH Aachen,2024,NA,10.1002/mawe.202300194,TRUE,FALSE,journal article,wiley2024deal,04xfq0f34_wiley2024deal_2024,false,NA,NA,NA,NA,0.0,NA,NA,NA,NA,NA,NA,NA,NA
https://ror.org/04xfq0f34,RWTH Aachen,2024,NA,10.1002/mma.10053,TRUE,FALSE,journal article,wiley2024deal,04xfq0f34_wiley2024deal_2024,false,NA,NA,NA,NA,0.0,NA,NA,NA,NA,NA,NA,NA,NA
https://ror.org/04xfq0f34,RWTH Aachen,2024,NA,10.1002/mnfr.202400013,TRUE,FALSE,journal article,wiley2024deal,04xfq0f34_wiley2024deal_2024,false,NA,NA,NA,NA,0.0,NA,NA,NA,NA,NA,NA,NA,NA
https://ror.org/04xfq0f34,RWTH Aachen,2024,NA,10.1002/mp.17475,TRUE,FALSE,journal article,wiley2024deal,04xfq0f34_wiley2024deal_2024,false,NA,NA,NA,NA,0.0,NA,NA,NA,NA,NA,NA,NA,NA
https://ror.org/04xfq0f34,RWTH Aachen,2024,NA,10.1002/net.22218,TRUE,FALSE,journal article,wiley2024deal,04xfq0f34_wiley2024deal_2024,false,NA,NA,NA,NA,0.0,NA,NA,NA,NA,NA,NA,NA,NA
https://ror.org/04xfq0f34,RWTH Aachen,2024,NA,10.1002/nme.7580,TRUE,FALSE,journal article,wiley2024deal,04xfq0f34_wiley2024deal_2024,false,NA,NA,NA,NA,0.0,NA,NA,NA,NA,NA,NA,NA,NA
https://ror.org/04xfq0f34,RWTH Aachen,2024,NA,10.1002/nme.7637,TRUE,FALSE,journal article,wiley2024deal,04xfq0f34_wiley2024deal_2024,false,NA,NA,NA,NA,0.0,NA,NA,NA,NA,NA,NA,NA,NA
https://ror.org/04xfq0f34,RWTH Aachen,2024,NA,10.1002/oca.3172,TRUE,FALSE,journal article,wiley2024deal,04xfq0f34_wiley2024deal_2024,false,NA,NA,NA,NA,0.0,NA,NA,NA,NA,NA,NA,NA,NA
https://ror.org/04xfq0f34,RWTH Aachen,2024,NA,10.1002/pamm.202400006,TRUE,FALSE,journal article,wiley2024deal,04xfq0f34_wiley2024deal_2024,false,NA,NA,NA,NA,0.0,NA,NA,NA,NA,NA,NA,NA,NA
https://ror.org/04xfq0f34,RWTH Aachen,2024,NA,10.1002/pamm.202400010,TRUE,FALSE,journal article,wiley2024deal,04xfq0f34_wiley2024deal_2024,false,NA,NA,NA,NA,0.0,NA,NA,NA,NA,NA,NA,NA,NA
https://ror.org/04xfq0f34,RWTH Aachen,2024,NA,10.1002/pamm.202400032,TRUE,FALSE,journal article,wiley2024deal,04xfq0f34_wiley2024deal_2024,false,NA,NA,NA,NA,0.0,NA,NA,NA,NA,NA,NA,NA,NA
https://ror.org/04xfq0f34,RWTH Aachen,2024,NA,10.1002/pamm.202400062,TRUE,FALSE,journal article,wiley2024deal,04xfq0f34_wiley2024deal_2024,false,NA,NA,NA,NA,0.0,NA,NA,NA,NA,NA,NA,NA,NA
https://ror.org/04xfq0f34,RWTH Aachen,2024,NA,10.1002/pamm.202400065,TRUE,FALSE,journal article,wiley2024deal,04xfq0f34_wiley2024deal_2024,false,NA,NA,NA,NA,0.0,NA,NA,NA,NA,NA,NA,NA,NA
https://ror.org/04xfq0f34,RWTH Aachen,2024,NA,10.1002/pamm.202400066,TRUE,FALSE,journal article,wiley2024deal,04xfq0f34_wiley2024deal_2024,false,NA,NA,NA,NA,0.0,NA,NA,NA,NA,NA,NA,NA,NA
https://ror.org/04xfq0f34,RWTH Aachen,2024,NA,10.1002/pamm.202400067,TRUE,FALSE,journal article,wiley2024deal,04xfq0f34_wiley2024deal_2024,false,NA,NA,NA,NA,0.0,NA,NA,NA,NA,NA,NA,NA,NA
https://ror.org/04xfq0f34,RWTH Aachen,2024,NA,10.1002/pamm.202400070,TRUE,FALSE,journal article,wiley2024deal,04xfq0f34_wiley2024deal_2024,false,NA,NA,NA,NA,0.0,NA,NA,NA,NA,NA,NA,NA,NA
https://ror.org/04xfq0f34,RWTH Aachen,2024,NA,10.1002/pamm.202400096,TRUE,FALSE,journal article,wiley2024deal,04xfq0f34_wiley2024deal_2024,false,NA,NA,NA,NA,0.0,NA,NA,NA,NA,NA,NA,NA,NA
https://ror.org/04xfq0f34,RWTH Aachen,2024,NA,10.1002/pamm.202400101,TRUE,FALSE,journal article,wiley2024deal,04xfq0f34_wiley2024deal_2024,false,NA,NA,NA,NA,0.0,NA,NA,NA,NA,NA,NA,NA,NA
https://ror.org/04xfq0f34,RWTH Aachen,2024,NA,10.1002/pamm.202400124,TRUE,FALSE,journal article,wiley2024deal,04xfq0f34_wiley2024deal_2024,false,NA,NA,NA,NA,0.0,NA,NA,NA,NA,NA,NA,NA,NA
https://ror.org/04xfq0f34,RWTH Aachen,2024,NA,10.1002/pamm.202400172,TRUE,FALSE,journal article,wiley2024deal,04xfq0f34_wiley2024deal_2024,false,NA,NA,NA,NA,0.0,NA,NA,NA,NA,NA,NA,NA,NA
https://ror.org/04xfq0f34,RWTH Aachen,2024,NA,10.1002/pamm.202400175,TRUE,FALSE,journal article,wiley2024deal,04xfq0f34_wiley2024deal_2024,false,NA,NA,NA,NA,0.0,NA,NA,NA,NA,NA,NA,NA,NA
https://ror.org/04xfq0f34,RWTH Aachen,2024,NA,10.1002/pamm.202400176,TRUE,FALSE,journal article,wiley2024deal,04xfq0f34_wiley2024deal_2024,false,NA,NA,NA,NA,0.0,NA,NA,NA,NA,NA,NA,NA,NA
https://ror.org/04xfq0f34,RWTH Aachen,2024,NA,10.1002/pamm.202400186,TRUE,FALSE,journal article,wiley2024deal,04xfq0f34_wiley2024deal_2024,false,NA,NA,NA,NA,0.0,NA,NA,NA,NA,NA,NA,NA,NA
https://ror.org/04xfq0f34,RWTH Aachen,2024,NA,10.1002/pamm.202400197,TRUE,FALSE,journal article,wiley2024deal,04xfq0f34_wiley2024deal_2024,false,NA,NA,NA,NA,0.0,NA,NA,NA,NA,NA,NA,NA,NA
https://ror.org/04xfq0f34,RWTH Aachen,2024,NA,10.1002/pamm.202400199,TRUE,FALSE,journal article,wiley2024deal,04xfq0f34_wiley2024deal_2024,false,NA,NA,NA,NA,0.0,NA,NA,NA,NA,NA,NA,NA,NA
https://ror.org/04xfq0f34,RWTH Aachen,2024,NA,10.1002/pamm.202400200,TRUE,FALSE,journal article,wiley2024deal,04xfq0f34_wiley2024deal_2024,false,NA,NA,NA,NA,0.0,NA,NA,NA,NA,NA,NA,NA,NA
https://ror.org/04xfq0f34,RWTH Aachen,2024,NA,10.1002/pamm.202400205,TRUE,FALSE,journal article,wiley2024deal,04xfq0f34_wiley2024deal_2024,false,NA,NA,NA,NA,0.0,NA,NA,NA,NA,NA,NA,NA,NA
https://ror.org/04xfq0f34,RWTH Aachen,2024,NA,10.1002/pc.28311,TRUE,FALSE,journal article,wiley2024deal,04xfq0f34_wiley2024deal_2024,false,NA,NA,NA,NA,0.0,NA,NA,NA,NA,NA,NA,NA,NA
https://ror.org/04xfq0f34,RWTH Aachen,2024,NA,10.1002/pen.26805,TRUE,FALSE,journal article,wiley2024deal,04xfq0f34_wiley2024deal_2024,false,NA,NA,NA,NA,0.0,NA,NA,NA,NA,NA,NA,NA,NA
https://ror.org/04xfq0f34,RWTH Aachen,2024,NA,10.1002/pmic.202400279,TRUE,FALSE,journal article,wiley2024deal,04xfq0f34_wiley2024deal_2024,false,NA,NA,NA,NA,0.0,NA,NA,NA,NA,NA,NA,NA,NA
https://ror.org/04xfq0f34,RWTH Aachen,2024,NA,10.1002/ppap.202400018,TRUE,FALSE,journal article,wiley2024deal,04xfq0f34_wiley2024deal_2024,false,NA,NA,NA,NA,0.0,NA,NA,NA,NA,NA,NA,NA,NA
https://ror.org/04xfq0f34,RWTH Aachen,2024,NA,10.1002/psp.2852,TRUE,FALSE,journal article,wiley2024deal,04xfq0f34_wiley2024deal_2024,false,NA,NA,NA,NA,0.0,NA,NA,NA,NA,NA,NA,NA,NA
https://ror.org/04xfq0f34,RWTH Aachen,2024,NA,10.1002/pssa.202300921,TRUE,FALSE,journal article,wiley2024deal,04xfq0f34_wiley2024deal_2024,false,NA,NA,NA,NA,0.0,NA,NA,NA,NA,NA,NA,NA,NA
https://ror.org/04xfq0f34,RWTH Aachen,2024,NA,10.1002/pssa.202400086,TRUE,FALSE,journal article,wiley2024deal,04xfq0f34_wiley2024deal_2024,false,NA,NA,NA,NA,0.0,NA,NA,NA,NA,NA,NA,NA,NA
https://ror.org/04xfq0f34,RWTH Aachen,2024,NA,10.1002/pssa.202400256,TRUE,FALSE,journal article,wiley2024deal,04xfq0f34_wiley2024deal_2024,false,NA,NA,NA,NA,0.0,NA,NA,NA,NA,NA,NA,NA,NA
https://ror.org/04xfq0f34,RWTH Aachen,2024,NA,10.1002/smll.202309912,TRUE,FALSE,journal article,wiley2024deal,04xfq0f34_wiley2024deal_2024,false,NA,NA,NA,NA,0.0,NA,NA,NA,NA,NA,NA,NA,NA
https://ror.org/04xfq0f34,RWTH Aachen,2024,NA,10.1002/smll.202310427,TRUE,FALSE,journal article,wiley2024deal,04xfq0f34_wiley2024deal_2024,false,NA,NA,NA,NA,0.0,NA,NA,NA,NA,NA,NA,NA,NA
https://ror.org/04xfq0f34,RWTH Aachen,2024,NA,10.1002/smll.202401376,TRUE,FALSE,journal article,wiley2024deal,04xfq0f34_wiley2024deal_2024,false,NA,NA,NA,NA,0.0,NA,NA,NA,NA,NA,NA,NA,NA
https://ror.org/04xfq0f34,RWTH Aachen,2024,NA,10.1002/smll.202402257,TRUE,FALSE,journal article,wiley2024deal,04xfq0f34_wiley2024deal_2024,false,NA,NA,NA,NA,0.0,NA,NA,NA,NA,NA,NA,NA,NA
https://ror.org/04xfq0f34,RWTH Aachen,2024,NA,10.1002/smll.202404183,TRUE,FALSE,journal article,wiley2024deal,04xfq0f34_wiley2024deal_2024,false,NA,NA,NA,NA,0.0,NA,NA,NA,NA,NA,NA,NA,NA
https://ror.org/04xfq0f34,RWTH Aachen,2024,NA,10.1002/smll.202407311,TRUE,FALSE,journal article,wiley2024deal,04xfq0f34_wiley2024deal_2024,false,NA,NA,NA,NA,0.0,NA,NA,NA,NA,NA,NA,NA,NA
https://ror.org/04xfq0f34,RWTH Aachen,2024,NA,10.1002/smll.202407647,TRUE,FALSE,journal article,wiley2024deal,04xfq0f34_wiley2024deal_2024,false,NA,NA,NA,NA,0.0,NA,NA,NA,NA,NA,NA,NA,NA
https://ror.org/04xfq0f34,RWTH Aachen,2024,NA,10.1002/srin.202300785,TRUE,FALSE,journal article,wiley2024deal,04xfq0f34_wiley2024deal_2024,false,NA,NA,NA,NA,0.0,NA,NA,NA,NA,NA,NA,NA,NA
https://ror.org/04xfq0f34,RWTH Aachen,2024,NA,10.1002/srin.202400159,TRUE,FALSE,journal article,wiley2024deal,04xfq0f34_wiley2024deal_2024,false,NA,NA,NA,NA,0.0,NA,NA,NA,NA,NA,NA,NA,NA
https://ror.org/04xfq0f34,RWTH Aachen,2024,NA,10.1002/srin.202400178,TRUE,FALSE,journal article,wiley2024deal,04xfq0f34_wiley2024deal_2024,false,NA,NA,NA,NA,0.0,NA,NA,NA,NA,NA,NA,NA,NA
https://ror.org/04xfq0f34,RWTH Aachen,2024,NA,10.1002/srin.202400575,TRUE,FALSE,journal article,wiley2024deal,04xfq0f34_wiley2024deal_2024,false,NA,NA,NA,NA,0.0,NA,NA,NA,NA,NA,NA,NA,NA
https://ror.org/04xfq0f34,RWTH Aachen,2024,NA,10.1002/srin.202400869,TRUE,FALSE,journal article,wiley2024deal,04xfq0f34_wiley2024deal_2024,false,NA,NA,NA,NA,0.0,NA,NA,NA,NA,NA,NA,NA,NA
https://ror.org/04xfq0f34,RWTH Aachen,2024,NA,10.1002/stco.202300036,TRUE,FALSE,journal article,wiley2024deal,04xfq0f34_wiley2024deal_2024,false,NA,NA,NA,NA,0.0,NA,NA,NA,NA,NA,NA,NA,NA
https://ror.org/04xfq0f34,RWTH Aachen,2024,NA,10.1002/stco.202400029,TRUE,FALSE,journal article,wiley2024deal,04xfq0f34_wiley2024deal_2024,false,NA,NA,NA,NA,0.0,NA,NA,NA,NA,NA,NA,NA,NA
https://ror.org/04xfq0f34,RWTH Aachen,2024,NA,10.1002/suco.202300626,TRUE,FALSE,journal article,wiley2024deal,04xfq0f34_wiley2024deal_2024,false,NA,NA,NA,NA,0.0,NA,NA,NA,NA,NA,NA,NA,NA
https://ror.org/04xfq0f34,RWTH Aachen,2024,NA,10.1002/suco.202400219,TRUE,FALSE,journal article,wiley2024deal,04xfq0f34_wiley2024deal_2024,false,NA,NA,NA,NA,0.0,NA,NA,NA,NA,NA,NA,NA,NA
https://ror.org/04xfq0f34,RWTH Aachen,2024,NA,10.1002/vipr.202400817,TRUE,FALSE,journal article,wiley2024deal,04xfq0f34_wiley2024deal_2024,false,NA,NA,NA,NA,0.0,NA,NA,NA,NA,NA,NA,NA,NA
https://ror.org/04xfq0f34,RWTH Aachen,2024,NA,10.1002/wat2.1756,TRUE,FALSE,journal article,wiley2024deal,04xfq0f34_wiley2024deal_2024,false,NA,NA,NA,NA,0.0,NA,NA,NA,NA,NA,NA,NA,NA
https://ror.org/04xfq0f34,RWTH Aachen,2024,NA,10.1002/wnan.2018,TRUE,FALSE,journal article,wiley2024deal,04xfq0f34_wiley2024deal_2024,false,NA,NA,NA,NA,0.0,NA,NA,NA,NA,NA,NA,NA,NA
https://ror.org/04xfq0f34,RWTH Aachen,2024,NA,10.1002/zamm.202300125,TRUE,FALSE,journal article,wiley2024deal,04xfq0f34_wiley2024deal_2024,false,NA,NA,NA,NA,0.0,NA,NA,NA,NA,NA,NA,NA,NA
https://ror.org/04xfq0f34,RWTH Aachen,2024,NA,10.1096/fj.202402069r,TRUE,FALSE,journal article,wiley2024deal,04xfq0f34_wiley2024deal_2024,false,NA,NA,NA,NA,0.0,NA,NA,NA,NA,NA,NA,NA,NA
https://ror.org/04xfq0f34,RWTH Aachen,2024,NA,10.1107/s1600576724004333,TRUE,FALSE,journal article,wiley2024deal,04xfq0f34_wiley2024deal_2024,false,NA,NA,NA,NA,0.0,NA,NA,NA,NA,NA,NA,NA,NA
https://ror.org/04xfq0f34,RWTH Aachen,2024,NA,10.1107/s1600576724007635,TRUE,FALSE,journal article,wiley2024deal,04xfq0f34_wiley2024deal_2024,false,NA,NA,NA,NA,0.0,NA,NA,NA,NA,NA,NA,NA,NA
https://ror.org/04xfq0f34,RWTH Aachen,2024,NA,10.1107/s1600576724010215,TRUE,FALSE,journal article,wiley2024deal,04xfq0f34_wiley2024deal_2024,false,NA,NA,NA,NA,0.0,NA,NA,NA,NA,NA,NA,NA,NA
https://ror.org/04xfq0f34,RWTH Aachen,2024,NA,10.1111/aor.14846,TRUE,FALSE,journal article,wiley2024deal,04xfq0f34_wiley2024deal_2024,false,NA,NA,NA,NA,0.0,NA,NA,NA,NA,NA,NA,NA,NA
https://ror.org/04xfq0f34,RWTH Aachen,2024,NA,10.1111/aor.14875,TRUE,FALSE,journal article,wiley2024deal,04xfq0f34_wiley2024deal_2024,false,NA,NA,NA,NA,0.0,NA,NA,NA,NA,NA,NA,NA,NA
https://ror.org/04xfq0f34,RWTH Aachen,2024,NA,10.1111/bcp.16168,TRUE,FALSE,journal article,wiley2024deal,04xfq0f34_wiley2024deal_2024,false,NA,NA,NA,NA,0.0,NA,NA,NA,NA,NA,NA,NA,NA
https://ror.org/04xfq0f34,RWTH Aachen,2024,NA,10.1111/bcpt.14069,TRUE,FALSE,journal article,wiley2024deal,04xfq0f34_wiley2024deal_2024,false,NA,NA,NA,NA,0.0,NA,NA,NA,NA,NA,NA,NA,NA
https://ror.org/04xfq0f34,RWTH Aachen,2024,NA,10.1111/cge.14649,TRUE,FALSE,journal article,wiley2024deal,04xfq0f34_wiley2024deal_2024,false,NA,NA,NA,NA,0.0,NA,NA,NA,NA,NA,NA,NA,NA
https://ror.org/04xfq0f34,RWTH Aachen,2024,NA,10.1111/cgf.15032,TRUE,FALSE,journal article,wiley2024deal,04xfq0f34_wiley2024deal_2024,false,NA,NA,NA,NA,0.0,NA,NA,NA,NA,NA,NA,NA,NA
https://ror.org/04xfq0f34,RWTH Aachen,2024,NA,10.1111/cgf.15134,TRUE,FALSE,journal article,wiley2024deal,04xfq0f34_wiley2024deal_2024,false,NA,NA,NA,NA,0.0,NA,NA,NA,NA,NA,NA,NA,NA
https://ror.org/04xfq0f34,RWTH Aachen,2024,NA,10.1111/cgf.15183,TRUE,FALSE,journal article,wiley2024deal,04xfq0f34_wiley2024deal_2024,false,NA,NA,NA,NA,0.0,NA,NA,NA,NA,NA,NA,NA,NA
https://ror.org/04xfq0f34,RWTH Aachen,2024,NA,10.1111/cgf.15185,TRUE,FALSE,journal article,wiley2024deal,04xfq0f34_wiley2024deal_2024,false,NA,NA,NA,NA,0.0,NA,NA,NA,NA,NA,NA,NA,NA
https://ror.org/04xfq0f34,RWTH Aachen,2024,NA,10.1111/cid.13374,TRUE,FALSE,journal article,wiley2024deal,04xfq0f34_wiley2024deal_2024,false,NA,NA,NA,NA,0.0,NA,NA,NA,NA,NA,NA,NA,NA
https://ror.org/04xfq0f34,RWTH Aachen,2024,NA,10.1111/clr.14303,TRUE,FALSE,journal article,wiley2024deal,04xfq0f34_wiley2024deal_2024,false,NA,NA,NA,NA,0.0,NA,NA,NA,NA,NA,NA,NA,NA
https://ror.org/04xfq0f34,RWTH Aachen,2024,NA,10.1111/clr.14355,TRUE,FALSE,journal article,wiley2024deal,04xfq0f34_wiley2024deal_2024,false,NA,NA,NA,NA,0.0,NA,NA,NA,NA,NA,NA,NA,NA
https://ror.org/04xfq0f34,RWTH Aachen,2024,NA,10.1111/ejh.14254,TRUE,FALSE,journal article,wiley2024deal,04xfq0f34_wiley2024deal_2024,false,NA,NA,NA,NA,0.0,NA,NA,NA,NA,NA,NA,NA,NA
https://ror.org/04xfq0f34,RWTH Aachen,2024,NA,10.1111/epi.17897,TRUE,FALSE,journal article,wiley2024deal,04xfq0f34_wiley2024deal_2024,false,NA,NA,NA,NA,0.0,NA,NA,NA,NA,NA,NA,NA,NA
https://ror.org/04xfq0f34,RWTH Aachen,2024,NA,10.1111/ffe.14388,TRUE,FALSE,journal article,wiley2024deal,04xfq0f34_wiley2024deal_2024,false,NA,NA,NA,NA,0.0,NA,NA,NA,NA,NA,NA,NA,NA
https://ror.org/04xfq0f34,RWTH Aachen,2024,NA,10.1111/fire.12414,TRUE,FALSE,journal article,wiley2024deal,04xfq0f34_wiley2024deal_2024,false,NA,NA,NA,NA,0.0,NA,NA,NA,NA,NA,NA,NA,NA
https://ror.org/04xfq0f34,RWTH Aachen,2024,NA,10.1111/iar.12535,TRUE,FALSE,journal article,wiley2024deal,04xfq0f34_wiley2024deal_2024,false,NA,NA,NA,NA,0.0,NA,NA,NA,NA,NA,NA,NA,NA
https://ror.org/04xfq0f34,RWTH Aachen,2024,NA,10.1111/jace.20190,TRUE,FALSE,journal article,wiley2024deal,04xfq0f34_wiley2024deal_2024,false,NA,NA,NA,NA,0.0,NA,NA,NA,NA,NA,NA,NA,NA
https://ror.org/04xfq0f34,RWTH Aachen,2024,NA,10.1111/jnc.16264,TRUE,FALSE,journal article,wiley2024deal,04xfq0f34_wiley2024deal_2024,false,NA,NA,NA,NA,0.0,NA,NA,NA,NA,NA,NA,NA,NA
https://ror.org/04xfq0f34,RWTH Aachen,2024,NA,10.1111/joim.20015,TRUE,FALSE,journal article,wiley2024deal,04xfq0f34_wiley2024deal_2024,false,NA,NA,NA,NA,0.0,NA,NA,NA,NA,NA,NA,NA,NA
https://ror.org/04xfq0f34,RWTH Aachen,2024,NA,10.1111/jpg.12856,TRUE,FALSE,journal article,wiley2024deal,04xfq0f34_wiley2024deal_2024,false,NA,NA,NA,NA,0.0,NA,NA,NA,NA,NA,NA,NA,NA
https://ror.org/04xfq0f34,RWTH Aachen,2024,NA,10.1111/liv.15945,TRUE,FALSE,journal article,wiley2024deal,04xfq0f34_wiley2024deal_2024,false,NA,NA,NA,NA,0.0,NA,NA,NA,NA,NA,NA,NA,NA
https://ror.org/04xfq0f34,RWTH Aachen,2024,NA,10.1111/liv.16044,TRUE,FALSE,journal article,wiley2024deal,04xfq0f34_wiley2024deal_2024,false,NA,NA,NA,NA,0.0,NA,NA,NA,NA,NA,NA,NA,NA
https://ror.org/04xfq0f34,RWTH Aachen,2024,NA,10.1111/liv.16055,TRUE,FALSE,journal article,wiley2024deal,04xfq0f34_wiley2024deal_2024,false,NA,NA,NA,NA,0.0,NA,NA,NA,NA,NA,NA,NA,NA
https://ror.org/04xfq0f34,RWTH Aachen,2024,NA,10.1111/liv.16207,TRUE,FALSE,journal article,wiley2024deal,04xfq0f34_wiley2024deal_2024,false,NA,NA,NA,NA,0.0,NA,NA,NA,NA,NA,NA,NA,NA
https://ror.org/04xfq0f34,RWTH Aachen,2024,NA,10.1111/mice.13171,TRUE,FALSE,journal article,wiley2024deal,04xfq0f34_wiley2024deal_2024,false,NA,NA,NA,NA,0.0,NA,NA,NA,NA,NA,NA,NA,NA
https://ror.org/04xfq0f34,RWTH Aachen,2024,NA,10.1111/nph.20063,TRUE,FALSE,journal article,wiley2024deal,04xfq0f34_wiley2024deal_2024,false,NA,NA,NA,NA,0.0,NA,NA,NA,NA,NA,NA,NA,NA
https://ror.org/04xfq0f34,RWTH Aachen,2024,NA,10.1111/pce.14884,TRUE,FALSE,journal article,wiley2024deal,04xfq0f34_wiley2024deal_2024,false,NA,NA,NA,NA,0.0,NA,NA,NA,NA,NA,NA,NA,NA
https://ror.org/04xfq0f34,RWTH Aachen,2024,NA,10.1111/radm.12740,TRUE,FALSE,journal article,wiley2024deal,04xfq0f34_wiley2024deal_2024,false,NA,NA,NA,NA,0.0,NA,NA,NA,NA,NA,NA,NA,NA
https://ror.org/04xfq0f34,RWTH Aachen,2024,NA,10.1111/stan.12352,TRUE,FALSE,journal article,wiley2024deal,04xfq0f34_wiley2024deal_2024,false,NA,NA,NA,NA,0.0,NA,NA,NA,NA,NA,NA,NA,NA
https://ror.org/04xfq0f34,RWTH Aachen,2024,NA,10.1111/sum.13025,TRUE,FALSE,journal article,wiley2024deal,04xfq0f34_wiley2024deal_2024,false,NA,NA,NA,NA,0.0,NA,NA,NA,NA,NA,NA,NA,NA
https://ror.org/04xfq0f34,RWTH Aachen,2024,2782.0,10.1002/admi.202400340,FALSE,FALSE,journal article,wiley2024deal,04xfq0f34_wiley2024deal_2024,false,2782.0,NA,NA,NA,NA,NA,NA,NA,NA,NA,NA,NA,NA
https://ror.org/04xfq0f34,RWTH Aachen,2024,5489.1,10.1002/advs.202404385,FALSE,FALSE,journal article,wiley2024deal,04xfq0f34_wiley2024deal_2024,false,5489.1,NA,NA,NA,NA,NA,NA,NA,NA,NA,NA,NA,NA
https://ror.org/04xfq0f34,RWTH Aachen,2024,2782.0,10.1002/aelm.202400210,FALSE,FALSE,journal article,wiley2024deal,04xfq0f34_wiley2024deal_2024,false,2782.0,NA,NA,NA,NA,NA,NA,NA,NA,NA,NA,NA,NA
https://ror.org/04xfq0f34,RWTH Aachen,2024,3424.0,10.1002/anbr.202400082,FALSE,FALSE,journal article,wiley2024deal,04xfq0f34_wiley2024deal_2024,false,3424.0,NA,NA,NA,NA,NA,NA,NA,NA,NA,NA,NA,NA
https://ror.org/04xfq0f34,RWTH Aachen,2024,2247.0,10.1002/celc.202400318,FALSE,FALSE,journal article,wiley2024deal,04xfq0f34_wiley2024deal_2024,false,2247.0,NA,NA,NA,NA,NA,NA,NA,NA,NA,NA,NA,NA
https://ror.org/04xfq0f34,RWTH Aachen,2024,2247.0,10.1002/celc.202400322,FALSE,FALSE,journal article,wiley2024deal,04xfq0f34_wiley2024deal_2024,false,2247.0,NA,NA,NA,NA,NA,NA,NA,NA,NA,NA,NA,NA
https://ror.org/04xfq0f34,RWTH Aachen,2024,4515.4,10.1002/ehf2.14959,FALSE,FALSE,journal article,wiley2024deal,04xfq0f34_wiley2024deal_2024,false,4515.4,NA,NA,NA,NA,NA,NA,NA,NA,NA,NA,NA,NA
https://ror.org/04xfq0f34,RWTH Aachen,2024,2835.5,10.1002/elsc.202400003,FALSE,FALSE,journal article,wiley2024deal,04xfq0f34_wiley2024deal_2024,false,2835.5,NA,NA,NA,NA,NA,NA,NA,NA,NA,NA,NA,NA
https://ror.org/04xfq0f34,RWTH Aachen,2024,3766.4,10.1002/hbm.26788,FALSE,FALSE,journal article,wiley2024deal,04xfq0f34_wiley2024deal_2024,false,3766.4,NA,NA,NA,NA,NA,NA,NA,NA,NA,NA,NA,NA
https://ror.org/04xfq0f34,RWTH Aachen,2024,3766.4,10.1002/hbm.26811,FALSE,FALSE,journal article,wiley2024deal,04xfq0f34_wiley2024deal_2024,false,3766.4,NA,NA,NA,NA,NA,NA,NA,NA,NA,NA,NA,NA
https://ror.org/04xfq0f34,RWTH Aachen,2024,856.0,10.1002/ski2.454,FALSE,FALSE,journal article,wiley2024deal,04xfq0f34_wiley2024deal_2024,false,856.0,NA,NA,NA,NA,NA,NA,NA,NA,NA,NA,NA,NA
https://ror.org/04xfq0f34,RWTH Aachen,2024,2675.0,10.1002/ueg2.12629,FALSE,FALSE,journal article,wiley2024deal,04xfq0f34_wiley2024deal_2024,false,2675.0,NA,NA,NA,NA,NA,NA,NA,NA,NA,NA,NA,NA
https://ror.org/04xfq0f34,RWTH Aachen,2024,2814.1,10.1049/gtd2.13214,FALSE,FALSE,journal article,wiley2024deal,04xfq0f34_wiley2024deal_2024,false,2814.1,NA,NA,NA,NA,NA,NA,NA,NA,NA,NA,NA,NA
https://ror.org/04xfq0f34,RWTH Aachen,2024,2846.2,10.1111/1751-7915.14531,FALSE,FALSE,journal article,wiley2024deal,04xfq0f34_wiley2024deal_2024,false,2846.2,NA,NA,NA,NA,NA,NA,NA,NA,NA,NA,NA,NA
https://ror.org/04xfq0f34,RWTH Aachen,2024,2846.2,10.1111/1751-7915.14535,FALSE,FALSE,journal article,wiley2024deal,04xfq0f34_wiley2024deal_2024,false,2846.2,NA,NA,NA,NA,NA,NA,NA,NA,NA,NA,NA,NA
https://ror.org/04xfq0f34,RWTH Aachen,2024,3263.5,10.1111/ene.16402,FALSE,FALSE,journal article,wiley2024deal,04xfq0f34_wiley2024deal_2024,false,3263.5,NA,NA,NA,NA,NA,NA,NA,NA,NA,NA,NA,NA
https://ror.org/04xfq0f34,RWTH Aachen,2024,2889.0,10.1111/jfr3.13024,FALSE,FALSE,journal article,wiley2024deal,04xfq0f34_wiley2024deal_2024,false,2889.0,NA,NA,NA,NA,NA,NA,NA,NA,NA,NA,NA,NA
https://ror.org/04xfq0f34,RWTH Aachen,2025,2782.0,10.1002/admi.202301095,FALSE,FALSE,journal article,wiley2024deal,04xfq0f34_wiley2024deal_2024,false,2782.0,NA,NA,NA,NA,NA,NA,NA,NA,NA,NA,NA,NA
https://ror.org/04xfq0f34,RWTH Aachen,2025,3177.9,10.1002/aisy.202300679,FALSE,FALSE,journal article,wiley2024deal,04xfq0f34_wiley2024deal_2024,false,3177.9,NA,NA,NA,NA,NA,NA,NA,NA,NA,NA,NA,NA
https://ror.org/04xfq0f34,RWTH Aachen,2025,3638.0,10.1002/alz.13920,FALSE,FALSE,journal article,wiley2024deal,04xfq0f34_wiley2024deal_2024,false,3638.0,NA,NA,NA,NA,NA,NA,NA,NA,NA,NA,NA,NA
https://ror.org/04xfq0f34,RWTH Aachen,2025,2193.5,10.1002/apxr.202400040,FALSE,FALSE,journal article,wiley2024deal,04xfq0f34_wiley2024deal_2024,false,2193.5,NA,NA,NA,NA,NA,NA,NA,NA,NA,NA,NA,NA
https://ror.org/04xfq0f34,RWTH Aachen,2025,2094.4,10.1002/ccs3.12039,FALSE,FALSE,journal article,wiley2024deal,04xfq0f34_wiley2024deal_2024,false,2094.4,NA,NA,NA,NA,NA,NA,NA,NA,NA,NA,NA,NA
https://ror.org/04xfq0f34,RWTH Aachen,2025,2247.0,10.1002/celc.202300753,FALSE,FALSE,journal article,wiley2024deal,04xfq0f34_wiley2024deal_2024,false,2247.0,NA,NA,NA,NA,NA,NA,NA,NA,NA,NA,NA,NA
https://ror.org/04xfq0f34,RWTH Aachen,2025,2247.0,10.1002/celc.202400020,FALSE,FALSE,journal article,wiley2024deal,04xfq0f34_wiley2024deal_2024,false,2247.0,NA,NA,NA,NA,NA,NA,NA,NA,NA,NA,NA,NA
https://ror.org/04xfq0f34,RWTH Aachen,2025,1776.2,10.1002/eng2.12910,FALSE,FALSE,journal article,wiley2024deal,04xfq0f34_wiley2024deal_2024,false,1776.2,NA,NA,NA,NA,NA,NA,NA,NA,NA,NA,NA,NA
https://ror.org/04xfq0f34,RWTH Aachen,2025,4194.4,10.1002/jcsm.13512,FALSE,FALSE,journal article,wiley2024deal,04xfq0f34_wiley2024deal_2024,false,4194.4,NA,NA,NA,NA,NA,NA,NA,NA,NA,NA,NA,NA
https://ror.org/04xfq0f34,RWTH Aachen,2025,5125.3,10.1002/smsc.202400082,FALSE,FALSE,journal article,wiley2024deal,04xfq0f34_wiley2024deal_2024,false,5125.3,NA,NA,NA,NA,NA,NA,NA,NA,NA,NA,NA,NA
https://ror.org/04xfq0f34,RWTH Aachen,2025,3038.8,10.1111/jfr3.13001,FALSE,FALSE,journal article,wiley2024deal,04xfq0f34_wiley2024deal_2024,false,3038.8,NA,NA,NA,NA,NA,NA,NA,NA,NA,NA,NA,NA
https://ror.org/04xfq0f34,RWTH Aachen,2025,2974.6,10.1111/mpp.13460,FALSE,FALSE,journal article,wiley2024deal,04xfq0f34_wiley2024deal_2024,false,2974.6,NA,NA,NA,NA,NA,NA,NA,NA,NA,NA,NA,NA
https://ror.org/04xfq0f34,RWTH Aachen,2025,3798.5,10.1002/1878-0261.13609,FALSE,FALSE,journal article,wiley2024deal,04xfq0f34_wiley2024deal_2024,false,3798.5,NA,NA,NA,NA,NA,NA,NA,NA,NA,NA,NA,NA
https://ror.org/04xfq0f34,RWTH Aachen,2025,3798.5,10.1002/1878-0261.13623,FALSE,FALSE,journal article,wiley2024deal,04xfq0f34_wiley2024deal_2024,false,3798.5,NA,NA,NA,NA,NA,NA,NA,NA,NA,NA,NA,NA
https://ror.org/04xfq0f34,RWTH Aachen,2025,3006.7,10.1002/acn3.51998,FALSE,FALSE,journal article,wiley2024deal,04xfq0f34_wiley2024deal_2024,false,3006.7,NA,NA,NA,NA,NA,NA,NA,NA,NA,NA,NA,NA
https://ror.org/04xfq0f34,RWTH Aachen,2025,5125.3,10.1002/advs.202306139,FALSE,FALSE,journal article,wiley2024deal,04xfq0f34_wiley2024deal_2024,false,5125.3,NA,NA,NA,NA,NA,NA,NA,NA,NA,NA,NA,NA
https://ror.org/04xfq0f34,RWTH Aachen,2025,2653.6,10.1002/brb3.3420,FALSE,FALSE,journal article,wiley2024deal,04xfq0f34_wiley2024deal_2024,false,2653.6,NA,NA,NA,NA,NA,NA,NA,NA,NA,NA,NA,NA
https://ror.org/04xfq0f34,RWTH Aachen,2025,2247.0,10.1002/celc.202300460,FALSE,FALSE,journal article,wiley2024deal,04xfq0f34_wiley2024deal_2024,false,2247.0,NA,NA,NA,NA,NA,NA,NA,NA,NA,NA,NA,NA
https://ror.org/04xfq0f34,RWTH Aachen,2025,2525.2,10.1002/clc.24251,FALSE,FALSE,journal article,wiley2024deal,04xfq0f34_wiley2024deal_2024,false,2525.2,NA,NA,NA,NA,NA,NA,NA,NA,NA,NA,NA,NA
https://ror.org/04xfq0f34,RWTH Aachen,2025,2535.9,10.1002/cre2.879,FALSE,FALSE,journal article,wiley2024deal,04xfq0f34_wiley2024deal_2024,false,2535.9,NA,NA,NA,NA,NA,NA,NA,NA,NA,NA,NA,NA
https://ror.org/04xfq0f34,RWTH Aachen,2025,5125.3,10.1002/smsc.202300299,FALSE,FALSE,journal article,wiley2024deal,04xfq0f34_wiley2024deal_2024,false,5125.3,NA,NA,NA,NA,NA,NA,NA,NA,NA,NA,NA,NA
https://ror.org/04xfq0f34,RWTH Aachen,2025,3210.0,10.1161/jaha.123.032694,FALSE,FALSE,journal article,wiley2024deal,04xfq0f34_wiley2024deal_2024,false,3210.0,NA,NA,NA,NA,NA,NA,NA,NA,NA,NA,NA,NA
https://ror.org/04xfq0f34,RWTH Aachen,2025,2499.0,10.1002/adsr.202400105,FALSE,FALSE,journal article,wiley2024deal,04xfq0f34_wiley2024deal_2024,false,2499.0,NA,NA,NA,NA,NA,NA,NA,NA,NA,NA,NA,NA
https://ror.org/04xfq0f34,RWTH Aachen,2025,6104.7,10.1002/advs.202406934,FALSE,FALSE,journal article,wiley2024deal,04xfq0f34_wiley2024deal_2024,false,6104.7,NA,NA,NA,NA,NA,NA,NA,NA,NA,NA,NA,NA
https://ror.org/04xfq0f34,RWTH Aachen,2025,2525.2,10.1002/aesr.202400183,FALSE,FALSE,journal article,wiley2024deal,04xfq0f34_wiley2024deal_2024,false,2525.2,NA,NA,NA,NA,NA,NA,NA,NA,NA,NA,NA,NA
https://ror.org/04xfq0f34,RWTH Aachen,2025,1797.6,10.1002/celc.202400457,FALSE,FALSE,journal article,wiley2024deal,04xfq0f34_wiley2024deal_2024,false,1797.6,NA,NA,NA,NA,NA,NA,NA,NA,NA,NA,NA,NA
https://ror.org/04xfq0f34,RWTH Aachen,2025,1506.56,10.1002/ces2.10242,FALSE,FALSE,journal article,wiley2024deal,04xfq0f34_wiley2024deal_2024,false,1506.56,NA,NA,NA,NA,NA,NA,NA,NA,NA,NA,NA,NA
https://ror.org/04xfq0f34,RWTH Aachen,2025,1420.96,10.1002/eng2.13041,FALSE,FALSE,journal article,wiley2024deal,04xfq0f34_wiley2024deal_2024,false,1420.96,NA,NA,NA,NA,NA,NA,NA,NA,NA,NA,NA,NA
https://ror.org/04xfq0f34,RWTH Aachen,2025,2593.68,10.1002/gch2.202400302,FALSE,FALSE,journal article,wiley2024deal,04xfq0f34_wiley2024deal_2024,false,2593.68,NA,NA,NA,NA,NA,NA,NA,NA,NA,NA,NA,NA
https://ror.org/04xfq0f34,RWTH Aachen,2025,3486.7,10.1002/hbm.70059,FALSE,FALSE,journal article,wiley2024deal,04xfq0f34_wiley2024deal_2024,false,3486.7,NA,NA,NA,NA,NA,NA,NA,NA,NA,NA,NA,NA
https://ror.org/04xfq0f34,RWTH Aachen,2025,3486.7,10.1002/hbm.70077,FALSE,FALSE,journal article,wiley2024deal,04xfq0f34_wiley2024deal_2024,false,3486.7,NA,NA,NA,NA,NA,NA,NA,NA,NA,NA,NA,NA
https://ror.org/04xfq0f34,RWTH Aachen,2025,2320.5,10.1002/hem3.70056,FALSE,FALSE,journal article,wiley2024deal,04xfq0f34_wiley2024deal_2024,false,2320.5,NA,NA,NA,NA,NA,NA,NA,NA,NA,NA,NA,NA
https://ror.org/04xfq0f34,RWTH Aachen,2025,4724.3,10.1002/jev2.70022,FALSE,FALSE,journal article,wiley2024deal,04xfq0f34_wiley2024deal_2024,false,4724.3,NA,NA,NA,NA,NA,NA,NA,NA,NA,NA,NA,NA
https://ror.org/04xfq0f34,RWTH Aachen,2025,2975.0,10.1002/ueg2.12684,FALSE,FALSE,journal article,wiley2024deal,04xfq0f34_wiley2024deal_2024,false,2975.0,NA,NA,NA,NA,NA,NA,NA,NA,NA,NA,NA,NA
https://ror.org/04xfq0f34,RWTH Aachen,2025,2816.24,10.1007/s00018-024-05132-3,FALSE,FALSE,journal article,sn2024deal,04xfq0f34_sn2024deal_2024,false,2816.24,NA,NA,NA,NA,NA,NA,NA,NA,NA,NA,NA,NA
https://ror.org/04xfq0f34,RWTH Aachen,2025,2901.84,10.1007/s00253-023-12908-3,FALSE,FALSE,journal article,sn2024deal,04xfq0f34_sn2024deal_2024,false,2901.84,NA,NA,NA,NA,NA,NA,NA,NA,NA,NA,NA,NA
https://ror.org/04xfq0f34,RWTH Aachen,2025,877.1,10.1007/s43938-023-00039-0,FALSE,FALSE,journal article,sn2024deal,04xfq0f34_sn2024deal_2024,false,877.1,NA,NA,NA,NA,NA,NA,NA,NA,NA,NA,NA,NA
https://ror.org/04xfq0f34,RWTH Aachen,2025,3757.2,10.1038/s41398-024-02805-2,FALSE,FALSE,journal article,sn2024deal,04xfq0f34_sn2024deal_2024,false,3757.2000000000003,NA,NA,NA,NA,NA,NA,NA,NA,NA,NA,NA,NA
https://ror.org/04xfq0f34,RWTH Aachen,2025,1927.71,10.1038/s41420-024-01860-4,FALSE,FALSE,journal article,sn2024deal,04xfq0f34_sn2024deal_2024,false,1927.7099999999998,NA,NA,NA,NA,NA,NA,NA,NA,NA,NA,NA,NA
https://ror.org/04xfq0f34,RWTH Aachen,2025,5374.05,10.1038/s41467-024-45583-7,FALSE,FALSE,journal article,sn2024deal,04xfq0f34_sn2024deal_2024,false,5374.049999999999,NA,NA,NA,NA,NA,NA,NA,NA,NA,NA,NA,NA
https://ror.org/04xfq0f34,RWTH Aachen,2025,5374.05,10.1038/s41467-024-45879-8,FALSE,FALSE,journal article,sn2024deal,04xfq0f34_sn2024deal_2024,false,5374.049999999999,NA,NA,NA,NA,NA,NA,NA,NA,NA,NA,NA,NA
https://ror.org/04xfq0f34,RWTH Aachen,2025,5374.05,10.1038/s41467-024-46136-8,FALSE,FALSE,journal article,sn2024deal,04xfq0f34_sn2024deal_2024,false,5374.049999999999,NA,NA,NA,NA,NA,NA,NA,NA,NA,NA,NA,NA
https://ror.org/04xfq0f34,RWTH Aachen,2025,5374.05,10.1038/s41467-024-46519-x,FALSE,FALSE,journal article,sn2024deal,04xfq0f34_sn2024deal_2024,false,5374.049999999999,NA,NA,NA,NA,NA,NA,NA,NA,NA,NA,NA,NA
https://ror.org/04xfq0f34,RWTH Aachen,2025,1862.53,10.1038/s41598-023-50615-1,FALSE,FALSE,journal article,sn2024deal,04xfq0f34_sn2024deal_2024,false,1862.53,NA,NA,NA,NA,NA,NA,NA,NA,NA,NA,NA,NA
https://ror.org/04xfq0f34,RWTH Aachen,2025,1862.53,10.1038/s41598-023-50842-6,FALSE,FALSE,journal article,sn2024deal,04xfq0f34_sn2024deal_2024,false,1862.53,NA,NA,NA,NA,NA,NA,NA,NA,NA,NA,NA,NA
https://ror.org/04xfq0f34,RWTH Aachen,2025,1862.53,10.1038/s41598-023-50924-5,FALSE,FALSE,journal article,sn2024deal,04xfq0f34_sn2024deal_2024,false,1862.53,NA,NA,NA,NA,NA,NA,NA,NA,NA,NA,NA,NA
https://ror.org/04xfq0f34,RWTH Aachen,2025,1927.71,10.1038/s41598-024-51837-7,FALSE,FALSE,journal article,sn2024deal,04xfq0f34_sn2024deal_2024,false,1927.7099999999998,NA,NA,NA,NA,NA,NA,NA,NA,NA,NA,NA,NA
https://ror.org/04xfq0f34,RWTH Aachen,2025,1927.71,10.1038/s41598-024-53240-8,FALSE,FALSE,journal article,sn2024deal,04xfq0f34_sn2024deal_2024,false,1927.7099999999998,NA,NA,NA,NA,NA,NA,NA,NA,NA,NA,NA,NA
https://ror.org/04xfq0f34,RWTH Aachen,2025,1927.71,10.1038/s41598-024-53930-3,FALSE,FALSE,journal article,sn2024deal,04xfq0f34_sn2024deal_2024,false,1927.7099999999998,NA,NA,NA,NA,NA,NA,NA,NA,NA,NA,NA,NA
https://ror.org/04xfq0f34,RWTH Aachen,2025,1927.71,10.1038/s41598-024-53980-7,FALSE,FALSE,journal article,sn2024deal,04xfq0f34_sn2024deal_2024,false,1927.7099999999998,NA,NA,NA,NA,NA,NA,NA,NA,NA,NA,NA,NA
https://ror.org/04xfq0f34,RWTH Aachen,2025,1927.71,10.1038/s41598-024-53982-5,FALSE,FALSE,journal article,sn2024deal,04xfq0f34_sn2024deal_2024,false,1927.7099999999998,NA,NA,NA,NA,NA,NA,NA,NA,NA,NA,NA,NA
https://ror.org/04xfq0f34,RWTH Aachen,2025,1927.71,10.1038/s41598-024-54554-3,FALSE,FALSE,journal article,sn2024deal,04xfq0f34_sn2024deal_2024,false,1927.7099999999998,NA,NA,NA,NA,NA,NA,NA,NA,NA,NA,NA,NA
https://ror.org/04xfq0f34,RWTH Aachen,2025,1927.71,10.1038/s41598-024-55577-6,FALSE,FALSE,journal article,sn2024deal,04xfq0f34_sn2024deal_2024,false,1927.7099999999998,NA,NA,NA,NA,NA,NA,NA,NA,NA,NA,NA,NA
https://ror.org/04xfq0f34,RWTH Aachen,2025,1927.71,10.1038/s41598-024-56255-3,FALSE,FALSE,journal article,sn2024deal,04xfq0f34_sn2024deal_2024,false,1927.7099999999998,NA,NA,NA,NA,NA,NA,NA,NA,NA,NA,NA,NA
https://ror.org/04xfq0f34,RWTH Aachen,2025,1927.71,10.1038/s41598-024-56580-7,FALSE,FALSE,journal article,sn2024deal,04xfq0f34_sn2024deal_2024,false,1927.7099999999998,NA,NA,NA,NA,NA,NA,NA,NA,NA,NA,NA,NA
https://ror.org/04xfq0f34,RWTH Aachen,2025,1927.71,10.1038/s41598-024-57510-3,FALSE,FALSE,journal article,sn2024deal,04xfq0f34_sn2024deal_2024,false,1927.7099999999998,NA,NA,NA,NA,NA,NA,NA,NA,NA,NA,NA,NA
https://ror.org/04xfq0f34,RWTH Aachen,2025,1020.23,10.1057/s41599-023-02501-4,FALSE,FALSE,journal article,sn2024deal,04xfq0f34_sn2024deal_2024,false,1020.23,NA,NA,NA,NA,NA,NA,NA,NA,NA,NA,NA,NA
https://ror.org/04xfq0f34,RWTH Aachen,2025,1020.23,10.1057/s41599-023-02575-0,FALSE,FALSE,journal article,sn2024deal,04xfq0f34_sn2024deal_2024,false,1020.23,NA,NA,NA,NA,NA,NA,NA,NA,NA,NA,NA,NA
https://ror.org/04xfq0f34,RWTH Aachen,2025,1936.08,10.1186/s10195-023-00742-2,FALSE,FALSE,journal article,sn2024deal,04xfq0f34_sn2024deal_2024,false,1936.0800000000002,NA,NA,NA,NA,NA,NA,NA,NA,NA,NA,NA,NA
https://ror.org/04xfq0f34,RWTH Aachen,2025,1656.1,10.1186/s11556-024-00335-w,FALSE,FALSE,journal article,sn2024deal,04xfq0f34_sn2024deal_2024,false,1656.1,NA,NA,NA,NA,NA,NA,NA,NA,NA,NA,NA,NA
https://ror.org/04xfq0f34,RWTH Aachen,2025,2099.85,10.1186/s12302-024-00860-6,FALSE,FALSE,journal article,sn2024deal,04xfq0f34_sn2024deal_2024,false,2099.85,NA,NA,NA,NA,NA,NA,NA,NA,NA,NA,NA,NA
https://ror.org/04xfq0f34,RWTH Aachen,2025,1758.28,10.1186/s12859-024-05721-w,FALSE,FALSE,journal article,sn2024deal,04xfq0f34_sn2024deal_2024,false,1758.28,NA,NA,NA,NA,NA,NA,NA,NA,NA,NA,NA,NA
https://ror.org/04xfq0f34,RWTH Aachen,2025,1916.47,10.1186/s12877-023-04616-4,FALSE,FALSE,journal article,sn2024deal,04xfq0f34_sn2024deal_2024,false,1916.4699999999998,NA,NA,NA,NA,NA,NA,NA,NA,NA,NA,NA,NA
https://ror.org/04xfq0f34,RWTH Aachen,2025,1836.86,10.1186/s12882-024-03497-y,FALSE,FALSE,journal article,sn2024deal,04xfq0f34_sn2024deal_2024,false,1836.8600000000001,NA,NA,NA,NA,NA,NA,NA,NA,NA,NA,NA,NA
https://ror.org/04xfq0f34,RWTH Aachen,2025,119.0,10.1186/s12889-023-17279-y,FALSE,FALSE,journal article,sn2024deal,04xfq0f34_sn2024deal_2024,false,119.0,NA,NA,NA,NA,NA,NA,NA,NA,NA,NA,NA,NA
https://ror.org/04xfq0f34,RWTH Aachen,2025,1954.73,10.1186/s12904-024-01388-5,FALSE,FALSE,journal article,sn2024deal,04xfq0f34_sn2024deal_2024,false,1954.73,NA,NA,NA,NA,NA,NA,NA,NA,NA,NA,NA,NA
https://ror.org/04xfq0f34,RWTH Aachen,2025,1698.82,10.1186/s12909-024-05224-5,FALSE,FALSE,journal article,sn2024deal,04xfq0f34_sn2024deal_2024,false,1698.8200000000002,NA,NA,NA,NA,NA,NA,NA,NA,NA,NA,NA,NA
https://ror.org/04xfq0f34,RWTH Aachen,2025,1267.13,10.1186/s12910-024-01007-1,FALSE,FALSE,journal article,sn2024deal,04xfq0f34_sn2024deal_2024,false,1267.13,NA,NA,NA,NA,NA,NA,NA,NA,NA,NA,NA,NA
https://ror.org/04xfq0f34,RWTH Aachen,2025,1936.08,10.1186/s12934-023-02283-z,FALSE,FALSE,journal article,sn2024deal,04xfq0f34_sn2024deal_2024,false,1936.0800000000002,NA,NA,NA,NA,NA,NA,NA,NA,NA,NA,NA,NA
https://ror.org/04xfq0f34,RWTH Aachen,2025,2003.83,10.1186/s12934-024-02325-0,FALSE,FALSE,journal article,sn2024deal,04xfq0f34_sn2024deal_2024,false,2003.83,NA,NA,NA,NA,NA,NA,NA,NA,NA,NA,NA,NA
https://ror.org/04xfq0f34,RWTH Aachen,2025,2249.41,10.1186/s12951-024-02379-7,FALSE,FALSE,journal article,sn2024deal,04xfq0f34_sn2024deal_2024,false,2249.41,NA,NA,NA,NA,NA,NA,NA,NA,NA,NA,NA,NA
https://ror.org/04xfq0f34,RWTH Aachen,2025,1989.81,10.1186/s13023-024-03103-2,FALSE,FALSE,journal article,sn2024deal,04xfq0f34_sn2024deal_2024,false,1989.8100000000002,NA,NA,NA,NA,NA,NA,NA,NA,NA,NA,NA,NA
https://ror.org/04xfq0f34,RWTH Aachen,2025,1733.07,10.1186/s13036-023-00398-w,FALSE,FALSE,journal article,sn2024deal,04xfq0f34_sn2024deal_2024,false,1733.0700000000002,NA,NA,NA,NA,NA,NA,NA,NA,NA,NA,NA,NA
https://ror.org/04xfq0f34,RWTH Aachen,2025,2173.34,10.1186/s13039-024-00672-6,FALSE,FALSE,journal article,sn2024deal,04xfq0f34_sn2024deal_2024,false,2173.34,NA,NA,NA,NA,NA,NA,NA,NA,NA,NA,NA,NA
https://ror.org/04xfq0f34,RWTH Aachen,2025,2647.88,10.1186/s13058-024-01787-9,FALSE,FALSE,journal article,sn2024deal,04xfq0f34_sn2024deal_2024,false,2647.88,NA,NA,NA,NA,NA,NA,NA,NA,NA,NA,NA,NA
https://ror.org/04xfq0f34,RWTH Aachen,2025,1490.02,10.1186/s13213-023-01745-4,FALSE,FALSE,journal article,sn2024deal,04xfq0f34_sn2024deal_2024,false,1490.02,NA,NA,NA,NA,NA,NA,NA,NA,NA,NA,NA,NA
https://ror.org/04xfq0f34,RWTH Aachen,2025,1758.28,10.1186/s13643-024-02471-x,FALSE,FALSE,journal article,sn2024deal,04xfq0f34_sn2024deal_2024,false,1758.28,NA,NA,NA,NA,NA,NA,NA,NA,NA,NA,NA,NA
https://ror.org/04xfq0f34,RWTH Aachen,2025,1159.08,10.1186/s13705-024-00441-8,FALSE,FALSE,journal article,sn2024deal,04xfq0f34_sn2024deal_2024,false,1159.08,NA,NA,NA,NA,NA,NA,NA,NA,NA,NA,NA,NA
https://ror.org/04xfq0f34,RWTH Aachen,2025,1407.69,10.1186/s41747-023-00411-3,FALSE,FALSE,journal article,sn2024deal,04xfq0f34_sn2024deal_2024,false,1407.6899999999998,NA,NA,NA,NA,NA,NA,NA,NA,NA,NA,NA,NA
https://ror.org/04xfq0f34,RWTH Aachen,2025,1456.95,10.1186/s41747-024-00431-7,FALSE,FALSE,journal article,sn2024deal,04xfq0f34_sn2024deal_2024,false,1456.95,NA,NA,NA,NA,NA,NA,NA,NA,NA,NA,NA,NA
https://ror.org/04xfq0f34,RWTH Aachen,2025,5374.05,10.1038/s41467-024-47578-w,FALSE,FALSE,journal article,sn2024deal,04xfq0f34_sn2024deal_2024,false,5374.049999999999,NA,NA,NA,NA,NA,NA,NA,NA,NA,NA,NA,NA
https://ror.org/04xfq0f34,RWTH Aachen,2025,5374.05,10.1038/s41467-024-47841-0,FALSE,FALSE,journal article,sn2024deal,04xfq0f34_sn2024deal_2024,false,5374.049999999999,NA,NA,NA,NA,NA,NA,NA,NA,NA,NA,NA,NA
https://ror.org/04xfq0f34,RWTH Aachen,2025,5374.05,10.1038/s41467-024-49182-4,FALSE,FALSE,journal article,sn2024deal,04xfq0f34_sn2024deal_2024,false,5374.049999999999,NA,NA,NA,NA,NA,NA,NA,NA,NA,NA,NA,NA
https://ror.org/04xfq0f34,RWTH Aachen,2025,3422.02,10.1038/s41534-024-00852-7,FALSE,FALSE,journal article,sn2024deal,04xfq0f34_sn2024deal_2024,false,3422.02,NA,NA,NA,NA,NA,NA,NA,NA,NA,NA,NA,NA
https://ror.org/04xfq0f34,RWTH Aachen,2025,1927.71,10.1038/s41597-024-03450-6,FALSE,FALSE,journal article,sn2024deal,04xfq0f34_sn2024deal_2024,false,1927.7099999999998,NA,NA,NA,NA,NA,NA,NA,NA,NA,NA,NA,NA
https://ror.org/04xfq0f34,RWTH Aachen,2025,1927.71,10.1038/s41598-024-57585-y,FALSE,FALSE,journal article,sn2024deal,04xfq0f34_sn2024deal_2024,false,1927.7099999999998,NA,NA,NA,NA,NA,NA,NA,NA,NA,NA,NA,NA
https://ror.org/04xfq0f34,RWTH Aachen,2025,1927.71,10.1038/s41598-024-58627-1,FALSE,FALSE,journal article,sn2024deal,04xfq0f34_sn2024deal_2024,false,1927.7099999999998,NA,NA,NA,NA,NA,NA,NA,NA,NA,NA,NA,NA
https://ror.org/04xfq0f34,RWTH Aachen,2025,1927.71,10.1038/s41598-024-58925-8,FALSE,FALSE,journal article,sn2024deal,04xfq0f34_sn2024deal_2024,false,1927.7099999999998,NA,NA,NA,NA,NA,NA,NA,NA,NA,NA,NA,NA
https://ror.org/04xfq0f34,RWTH Aachen,2025,1927.71,10.1038/s41598-024-59350-7,FALSE,FALSE,journal article,sn2024deal,04xfq0f34_sn2024deal_2024,false,1927.7099999999998,NA,NA,NA,NA,NA,NA,NA,NA,NA,NA,NA,NA
https://ror.org/04xfq0f34,RWTH Aachen,2025,1927.71,10.1038/s41598-024-59787-w,FALSE,FALSE,journal article,sn2024deal,04xfq0f34_sn2024deal_2024,false,1927.7099999999998,NA,NA,NA,NA,NA,NA,NA,NA,NA,NA,NA,NA
https://ror.org/04xfq0f34,RWTH Aachen,2025,1927.71,10.1038/s41598-024-60795-z,FALSE,FALSE,journal article,sn2024deal,04xfq0f34_sn2024deal_2024,false,1927.7099999999998,NA,NA,NA,NA,NA,NA,NA,NA,NA,NA,NA,NA
https://ror.org/04xfq0f34,RWTH Aachen,2025,1927.71,10.1038/s41598-024-61103-5,FALSE,FALSE,journal article,sn2024deal,04xfq0f34_sn2024deal_2024,false,1927.7099999999998,NA,NA,NA,NA,NA,NA,NA,NA,NA,NA,NA,NA
https://ror.org/04xfq0f34,RWTH Aachen,2025,1927.71,10.1038/s41598-024-61386-8,FALSE,FALSE,journal article,sn2024deal,04xfq0f34_sn2024deal_2024,false,1927.7099999999998,NA,NA,NA,NA,NA,NA,NA,NA,NA,NA,NA,NA
https://ror.org/04xfq0f34,RWTH Aachen,2025,1927.71,10.1038/s41598-024-61700-4,FALSE,FALSE,journal article,sn2024deal,04xfq0f34_sn2024deal_2024,false,1927.7099999999998,NA,NA,NA,NA,NA,NA,NA,NA,NA,NA,NA,NA
https://ror.org/04xfq0f34,RWTH Aachen,2025,1927.71,10.1038/s41598-024-63097-6,FALSE,FALSE,journal article,sn2024deal,04xfq0f34_sn2024deal_2024,false,1927.7099999999998,NA,NA,NA,NA,NA,NA,NA,NA,NA,NA,NA,NA
https://ror.org/04xfq0f34,RWTH Aachen,2025,1927.71,10.1038/s41598-024-63412-1,FALSE,FALSE,journal article,sn2024deal,04xfq0f34_sn2024deal_2024,false,1927.7099999999998,NA,NA,NA,NA,NA,NA,NA,NA,NA,NA,NA,NA
https://ror.org/04xfq0f34,RWTH Aachen,2025,1927.71,10.1038/s41598-024-65778-8,FALSE,FALSE,journal article,sn2024deal,04xfq0f34_sn2024deal_2024,false,1927.7099999999998,NA,NA,NA,NA,NA,NA,NA,NA,NA,NA,NA,NA
https://ror.org/04xfq0f34,RWTH Aachen,2025,2811.76,10.1038/s41699-024-00471-y,FALSE,FALSE,journal article,sn2024deal,04xfq0f34_sn2024deal_2024,false,2811.7599999999998,NA,NA,NA,NA,NA,NA,NA,NA,NA,NA,NA,NA
https://ror.org/04xfq0f34,RWTH Aachen,2025,2455.69,10.1038/s43247-024-01439-y,FALSE,FALSE,journal article,sn2024deal,04xfq0f34_sn2024deal_2024,false,2455.69,NA,NA,NA,NA,NA,NA,NA,NA,NA,NA,NA,NA
https://ror.org/04xfq0f34,RWTH Aachen,2025,1799.55,10.1038/s44172-024-00203-6,FALSE,FALSE,journal article,sn2024deal,04xfq0f34_sn2024deal_2024,false,1799.55,NA,NA,NA,NA,NA,NA,NA,NA,NA,NA,NA,NA
https://ror.org/04xfq0f34,RWTH Aachen,2025,2557.3,10.1038/s44355-024-00001-z,FALSE,FALSE,journal article,sn2024deal,04xfq0f34_sn2024deal_2024,false,2557.3,NA,NA,NA,NA,NA,NA,NA,NA,NA,NA,NA,NA
https://ror.org/04xfq0f34,RWTH Aachen,2025,2099.85,10.1186/s12302-024-00893-x,FALSE,FALSE,journal article,sn2024deal,04xfq0f34_sn2024deal_2024,false,2099.85,NA,NA,NA,NA,NA,NA,NA,NA,NA,NA,NA,NA
https://ror.org/04xfq0f34,RWTH Aachen,2025,2099.85,10.1186/s12302-024-00925-6,FALSE,FALSE,journal article,sn2024deal,04xfq0f34_sn2024deal_2024,false,2099.85,NA,NA,NA,NA,NA,NA,NA,NA,NA,NA,NA,NA
https://ror.org/04xfq0f34,RWTH Aachen,2025,2099.85,10.1186/s12302-024-00926-5,FALSE,FALSE,journal article,sn2024deal,04xfq0f34_sn2024deal_2024,false,2099.85,NA,NA,NA,NA,NA,NA,NA,NA,NA,NA,NA,NA
https://ror.org/04xfq0f34,RWTH Aachen,2025,2099.85,10.1186/s12302-024-00929-2,FALSE,FALSE,journal article,sn2024deal,04xfq0f34_sn2024deal_2024,false,2099.85,NA,NA,NA,NA,NA,NA,NA,NA,NA,NA,NA,NA
https://ror.org/04xfq0f34,RWTH Aachen,2025,1758.28,10.1186/s12859-024-05769-8,FALSE,FALSE,journal article,sn2024deal,04xfq0f34_sn2024deal_2024,false,1758.28,NA,NA,NA,NA,NA,NA,NA,NA,NA,NA,NA,NA
https://ror.org/04xfq0f34,RWTH Aachen,2025,1698.82,10.1186/s12909-024-05528-6,FALSE,FALSE,journal article,sn2024deal,04xfq0f34_sn2024deal_2024,false,1698.8200000000002,NA,NA,NA,NA,NA,NA,NA,NA,NA,NA,NA,NA
https://ror.org/04xfq0f34,RWTH Aachen,2025,1698.82,10.1186/s12909-024-05579-9,FALSE,FALSE,journal article,sn2024deal,04xfq0f34_sn2024deal_2024,false,1698.8200000000002,NA,NA,NA,NA,NA,NA,NA,NA,NA,NA,NA,NA
https://ror.org/04xfq0f34,RWTH Aachen,2025,2417.08,10.1186/s12931-024-02882-3,FALSE,FALSE,journal article,sn2024deal,04xfq0f34_sn2024deal_2024,false,2417.08,NA,NA,NA,NA,NA,NA,NA,NA,NA,NA,NA,NA
https://ror.org/04xfq0f34,RWTH Aachen,2025,2003.83,10.1186/s12934-024-02403-3,FALSE,FALSE,journal article,sn2024deal,04xfq0f34_sn2024deal_2024,false,2003.83,NA,NA,NA,NA,NA,NA,NA,NA,NA,NA,NA,NA
https://ror.org/04xfq0f34,RWTH Aachen,2025,2388.24,10.1186/s12964-024-01690-y,FALSE,FALSE,journal article,sn2024deal,04xfq0f34_sn2024deal_2024,false,2388.24,NA,NA,NA,NA,NA,NA,NA,NA,NA,NA,NA,NA
https://ror.org/04xfq0f34,RWTH Aachen,2025,1983.54,10.1186/s13287-024-03696-2,FALSE,FALSE,journal article,sn2024deal,04xfq0f34_sn2024deal_2024,false,1983.54,NA,NA,NA,NA,NA,NA,NA,NA,NA,NA,NA,NA
https://ror.org/04xfq0f34,RWTH Aachen,2025,1200.48,10.1186/s13640-024-00630-7,FALSE,FALSE,journal article,sn2024deal,04xfq0f34_sn2024deal_2024,false,1200.48,NA,NA,NA,NA,NA,NA,NA,NA,NA,NA,NA,NA
https://ror.org/04xfq0f34,RWTH Aachen,2025,1159.08,10.1186/s13705-024-00454-3,FALSE,FALSE,journal article,sn2024deal,04xfq0f34_sn2024deal_2024,false,1159.08,NA,NA,NA,NA,NA,NA,NA,NA,NA,NA,NA,NA
https://ror.org/04xfq0f34,RWTH Aachen,2025,1954.73,10.1186/s40001-024-01858-9,FALSE,FALSE,journal article,sn2024deal,04xfq0f34_sn2024deal_2024,false,1954.73,NA,NA,NA,NA,NA,NA,NA,NA,NA,NA,NA,NA
https://ror.org/04xfq0f34,RWTH Aachen,2025,1954.73,10.1186/s40001-024-01891-8,FALSE,FALSE,journal article,sn2024deal,04xfq0f34_sn2024deal_2024,false,1954.73,NA,NA,NA,NA,NA,NA,NA,NA,NA,NA,NA,NA
https://ror.org/04xfq0f34,RWTH Aachen,2025,1023.28,10.1186/s40643-024-00765-5,FALSE,FALSE,journal article,sn2024deal,04xfq0f34_sn2024deal_2024,false,1023.28,NA,NA,NA,NA,NA,NA,NA,NA,NA,NA,NA,NA
https://ror.org/04xfq0f34,RWTH Aachen,2025,1456.95,10.1186/s41747-024-00451-3,FALSE,FALSE,journal article,sn2024deal,04xfq0f34_sn2024deal_2024,false,1456.95,NA,NA,NA,NA,NA,NA,NA,NA,NA,NA,NA,NA
https://ror.org/04xfq0f34,RWTH Aachen,2025,1456.95,10.1186/s41747-024-00462-0,FALSE,FALSE,journal article,sn2024deal,04xfq0f34_sn2024deal_2024,false,1456.95,NA,NA,NA,NA,NA,NA,NA,NA,NA,NA,NA,NA
https://ror.org/04xfq0f34,RWTH Aachen,2025,5976.75,10.1038/s41467-024-53599-2,FALSE,FALSE,journal article,sn2024deal,04xfq0f34_sn2024deal_2024,false,5976.75,NA,NA,NA,NA,NA,NA,NA,NA,NA,NA,NA,NA
https://ror.org/04xfq0f34,RWTH Aachen,2025,5976.75,10.1038/s41467-024-53765-6,FALSE,FALSE,journal article,sn2024deal,04xfq0f34_sn2024deal_2024,false,5976.75,NA,NA,NA,NA,NA,NA,NA,NA,NA,NA,NA,NA
https://ror.org/04xfq0f34,RWTH Aachen,2025,5976.75,10.1038/s41467-024-54270-6,FALSE,FALSE,journal article,sn2024deal,04xfq0f34_sn2024deal_2024,false,5976.75,NA,NA,NA,NA,NA,NA,NA,NA,NA,NA,NA,NA
https://ror.org/04xfq0f34,RWTH Aachen,2025,5976.75,10.1038/s41467-024-54319-6,FALSE,FALSE,journal article,sn2024deal,04xfq0f34_sn2024deal_2024,false,5976.75,NA,NA,NA,NA,NA,NA,NA,NA,NA,NA,NA,NA
https://ror.org/04xfq0f34,RWTH Aachen,2025,2218.93,10.1038/s41597-024-04192-1,FALSE,FALSE,journal article,sn2024deal,04xfq0f34_sn2024deal_2024,false,2218.9300000000003,NA,NA,NA,NA,NA,NA,NA,NA,NA,NA,NA,NA
https://ror.org/04xfq0f34,RWTH Aachen,2025,2218.93,10.1038/s41597-024-04241-9,FALSE,FALSE,journal article,sn2024deal,04xfq0f34_sn2024deal_2024,false,2218.9300000000003,NA,NA,NA,NA,NA,NA,NA,NA,NA,NA,NA,NA
https://ror.org/04xfq0f34,RWTH Aachen,2025,2143.9,10.1038/s41598-024-74085-1,FALSE,FALSE,journal article,sn2024deal,04xfq0f34_sn2024deal_2024,false,2143.9,NA,NA,NA,NA,NA,NA,NA,NA,NA,NA,NA,NA
https://ror.org/04xfq0f34,RWTH Aachen,2025,2143.9,10.1038/s41598-024-74190-1,FALSE,FALSE,journal article,sn2024deal,04xfq0f34_sn2024deal_2024,false,2143.9,NA,NA,NA,NA,NA,NA,NA,NA,NA,NA,NA,NA
https://ror.org/04xfq0f34,RWTH Aachen,2025,2143.9,10.1038/s41598-024-75429-7,FALSE,FALSE,journal article,sn2024deal,04xfq0f34_sn2024deal_2024,false,2143.9,NA,NA,NA,NA,NA,NA,NA,NA,NA,NA,NA,NA
https://ror.org/04xfq0f34,RWTH Aachen,2025,2143.9,10.1038/s41598-024-76932-7,FALSE,FALSE,journal article,sn2024deal,04xfq0f34_sn2024deal_2024,false,2143.9,NA,NA,NA,NA,NA,NA,NA,NA,NA,NA,NA,NA
https://ror.org/04xfq0f34,RWTH Aachen,2025,2143.9,10.1038/s41598-024-77354-1,FALSE,FALSE,journal article,sn2024deal,04xfq0f34_sn2024deal_2024,false,2143.9,NA,NA,NA,NA,NA,NA,NA,NA,NA,NA,NA,NA
https://ror.org/04xfq0f34,RWTH Aachen,2025,2143.9,10.1038/s41598-024-78474-4,FALSE,FALSE,journal article,sn2024deal,04xfq0f34_sn2024deal_2024,false,2143.9,NA,NA,NA,NA,NA,NA,NA,NA,NA,NA,NA,NA
https://ror.org/04xfq0f34,RWTH Aachen,2025,2143.9,10.1038/s41598-024-81263-8,FALSE,FALSE,journal article,sn2024deal,04xfq0f34_sn2024deal_2024,false,2143.9,NA,NA,NA,NA,NA,NA,NA,NA,NA,NA,NA,NA
https://ror.org/04xfq0f34,RWTH Aachen,2025,2218.93,10.1038/s41598-024-81983-x,FALSE,FALSE,journal article,sn2024deal,04xfq0f34_sn2024deal_2024,false,2218.9300000000003,NA,NA,NA,NA,NA,NA,NA,NA,NA,NA,NA,NA
https://ror.org/04xfq0f34,RWTH Aachen,2025,2218.93,10.1038/s41598-024-82178-0,FALSE,FALSE,journal article,sn2024deal,04xfq0f34_sn2024deal_2024,false,2218.9300000000003,NA,NA,NA,NA,NA,NA,NA,NA,NA,NA,NA,NA
https://ror.org/04xfq0f34,RWTH Aachen,2025,3127.09,10.1038/s41746-024-01282-7,FALSE,FALSE,journal article,sn2024deal,04xfq0f34_sn2024deal_2024,false,3127.09,NA,NA,NA,NA,NA,NA,NA,NA,NA,NA,NA,NA
https://ror.org/04xfq0f34,RWTH Aachen,2025,3127.09,10.1038/s41746-024-01314-2,FALSE,FALSE,journal article,sn2024deal,04xfq0f34_sn2024deal_2024,false,3127.09,NA,NA,NA,NA,NA,NA,NA,NA,NA,NA,NA,NA
https://ror.org/04xfq0f34,RWTH Aachen,2025,3236.54,10.1038/s41746-024-01397-x,FALSE,FALSE,journal article,sn2024deal,04xfq0f34_sn2024deal_2024,false,3236.54,NA,NA,NA,NA,NA,NA,NA,NA,NA,NA,NA,NA
https://ror.org/04xfq0f34,RWTH Aachen,2025,2335.35,10.1186/s12302-024-00997-4,FALSE,FALSE,journal article,sn2024deal,04xfq0f34_sn2024deal_2024,false,2335.35,NA,NA,NA,NA,NA,NA,NA,NA,NA,NA,NA,NA
https://ror.org/04xfq0f34,RWTH Aachen,2025,1310.93,10.1186/s12544-024-00682-w,FALSE,FALSE,journal article,sn2024deal,04xfq0f34_sn2024deal_2024,false,1310.9299999999998,NA,NA,NA,NA,NA,NA,NA,NA,NA,NA,NA,NA
https://ror.org/04xfq0f34,RWTH Aachen,2025,1310.92,10.1186/s12544-024-00695-5,FALSE,FALSE,journal article,sn2024deal,04xfq0f34_sn2024deal_2024,false,1310.9199999999998,NA,NA,NA,NA,NA,NA,NA,NA,NA,NA,NA,NA
https://ror.org/04xfq0f34,RWTH Aachen,2025,2023.9,10.1186/s12859-024-06010-2,FALSE,FALSE,journal article,sn2024deal,04xfq0f34_sn2024deal_2024,false,2023.9,NA,NA,NA,NA,NA,NA,NA,NA,NA,NA,NA,NA
https://ror.org/04xfq0f34,RWTH Aachen,2025,2183.77,10.1186/s12885-024-13057-0,FALSE,FALSE,journal article,sn2024deal,04xfq0f34_sn2024deal_2024,false,2183.77,NA,NA,NA,NA,NA,NA,NA,NA,NA,NA,NA,NA
https://ror.org/04xfq0f34,RWTH Aachen,2025,2250.03,10.1186/s12888-024-06342-6,FALSE,FALSE,journal article,sn2024deal,04xfq0f34_sn2024deal_2024,false,2250.0299999999997,NA,NA,NA,NA,NA,NA,NA,NA,NA,NA,NA,NA
https://ror.org/04xfq0f34,RWTH Aachen,2025,1994.89,10.1186/s12896-024-00897-8,FALSE,FALSE,journal article,sn2024deal,04xfq0f34_sn2024deal_2024,false,1994.89,NA,NA,NA,NA,NA,NA,NA,NA,NA,NA,NA,NA
https://ror.org/04xfq0f34,RWTH Aachen,2025,2114.34,10.1186/s12903-024-05275-6,FALSE,FALSE,journal article,sn2024deal,04xfq0f34_sn2024deal_2024,false,2114.34,NA,NA,NA,NA,NA,NA,NA,NA,NA,NA,NA,NA
https://ror.org/04xfq0f34,RWTH Aachen,2025,2173.95,10.1186/s12904-024-01570-9,FALSE,FALSE,journal article,sn2024deal,04xfq0f34_sn2024deal_2024,false,2173.95,NA,NA,NA,NA,NA,NA,NA,NA,NA,NA,NA,NA
https://ror.org/04xfq0f34,RWTH Aachen,2025,1409.23,10.1186/s12910-024-01103-2,FALSE,FALSE,journal article,sn2024deal,04xfq0f34_sn2024deal_2024,false,1409.23,NA,NA,NA,NA,NA,NA,NA,NA,NA,NA,NA,NA
https://ror.org/04xfq0f34,RWTH Aachen,2025,2228.56,10.1186/s12913-024-11895-z,FALSE,FALSE,journal article,sn2024deal,04xfq0f34_sn2024deal_2024,false,2228.56,NA,NA,NA,NA,NA,NA,NA,NA,NA,NA,NA,NA
https://ror.org/04xfq0f34,RWTH Aachen,2025,1660.04,10.1186/s12938-024-01292-2,FALSE,FALSE,journal article,sn2024deal,04xfq0f34_sn2024deal_2024,false,1660.04,NA,NA,NA,NA,NA,NA,NA,NA,NA,NA,NA,NA
https://ror.org/04xfq0f34,RWTH Aachen,2025,2501.68,10.1186/s12951-024-02806-9,FALSE,FALSE,journal article,sn2024deal,04xfq0f34_sn2024deal_2024,false,2501.68,NA,NA,NA,NA,NA,NA,NA,NA,NA,NA,NA,NA
https://ror.org/04xfq0f34,RWTH Aachen,2025,2589.23,10.1186/s12984-024-01518-3,FALSE,FALSE,journal article,sn2024deal,04xfq0f34_sn2024deal_2024,false,2589.23,NA,NA,NA,NA,NA,NA,NA,NA,NA,NA,NA,NA
https://ror.org/04xfq0f34,RWTH Aachen,2025,2100.43,10.1186/s13018-024-05208-7,FALSE,FALSE,journal article,sn2024deal,04xfq0f34_sn2024deal_2024,false,2100.43,NA,NA,NA,NA,NA,NA,NA,NA,NA,NA,NA,NA
https://ror.org/04xfq0f34,RWTH Aachen,2025,2290.42,10.1186/s13023-024-03482-6,FALSE,FALSE,journal article,sn2024deal,04xfq0f34_sn2024deal_2024,false,2290.42,NA,NA,NA,NA,NA,NA,NA,NA,NA,NA,NA,NA
https://ror.org/04xfq0f34,RWTH Aachen,2025,1994.89,10.1186/s13036-024-00453-0,FALSE,FALSE,journal article,sn2024deal,04xfq0f34_sn2024deal_2024,false,1994.89,NA,NA,NA,NA,NA,NA,NA,NA,NA,NA,NA,NA
https://ror.org/04xfq0f34,RWTH Aachen,2025,2927.73,10.1186/s13054-024-05121-9,FALSE,FALSE,journal article,sn2024deal,04xfq0f34_sn2024deal_2024,false,2927.73,NA,NA,NA,NA,NA,NA,NA,NA,NA,NA,NA,NA
https://ror.org/04xfq0f34,RWTH Aachen,2025,2927.73,10.1186/s13054-024-05128-2,FALSE,FALSE,journal article,sn2024deal,04xfq0f34_sn2024deal_2024,false,2927.73,NA,NA,NA,NA,NA,NA,NA,NA,NA,NA,NA,NA
https://ror.org/04xfq0f34,RWTH Aachen,2025,1927.43,10.1186/s13063-024-08566-z,FALSE,FALSE,journal article,sn2024deal,04xfq0f34_sn2024deal_2024,false,1927.43,NA,NA,NA,NA,NA,NA,NA,NA,NA,NA,NA,NA
https://ror.org/04xfq0f34,RWTH Aachen,2025,1369.59,10.1186/s13104-024-06993-4,FALSE,FALSE,journal article,sn2024deal,04xfq0f34_sn2024deal_2024,false,1369.5900000000001,NA,NA,NA,NA,NA,NA,NA,NA,NA,NA,NA,NA
https://ror.org/04xfq0f34,RWTH Aachen,2025,2628.19,10.1186/s13148-024-01783-y,FALSE,FALSE,journal article,sn2024deal,04xfq0f34_sn2024deal_2024,false,2628.19,NA,NA,NA,NA,NA,NA,NA,NA,NA,NA,NA,NA
https://ror.org/04xfq0f34,RWTH Aachen,2025,1973.01,10.1186/s13244-024-01866-7,FALSE,FALSE,journal article,sn2024deal,04xfq0f34_sn2024deal_2024,false,1973.01,NA,NA,NA,NA,NA,NA,NA,NA,NA,NA,NA,NA
https://ror.org/04xfq0f34,RWTH Aachen,2025,2173.95,10.1186/s40001-024-01996-0,FALSE,FALSE,journal article,sn2024deal,04xfq0f34_sn2024deal_2024,false,2173.95,NA,NA,NA,NA,NA,NA,NA,NA,NA,NA,NA,NA
https://ror.org/04xfq0f34,RWTH Aachen,2025,2173.95,10.1186/s40001-024-02052-7,FALSE,FALSE,journal article,sn2024deal,04xfq0f34_sn2024deal_2024,false,2173.95,NA,NA,NA,NA,NA,NA,NA,NA,NA,NA,NA,NA
https://ror.org/04xfq0f34,RWTH Aachen,2025,2173.95,10.1186/s40001-024-02112-y,FALSE,FALSE,journal article,sn2024deal,04xfq0f34_sn2024deal_2024,false,2173.95,NA,NA,NA,NA,NA,NA,NA,NA,NA,NA,NA,NA
https://ror.org/04xfq0f34,RWTH Aachen,2025,1409.23,10.1186/s40494-024-01431-x,FALSE,FALSE,journal article,sn2024deal,04xfq0f34_sn2024deal_2024,false,1409.23,NA,NA,NA,NA,NA,NA,NA,NA,NA,NA,NA,NA
https://ror.org/04xfq0f34,RWTH Aachen,2025,1704.08,10.1186/s42466-024-00346-z,FALSE,FALSE,journal article,sn2024deal,04xfq0f34_sn2024deal_2024,false,1704.08,NA,NA,NA,NA,NA,NA,NA,NA,NA,NA,NA,NA
https://ror.org/04xfq0f34,RWTH Aachen,2024,2551.98,10.1007/s41781-024-00125-0,FALSE,FALSE,journal article,sn2024deal,04xfq0f34_sn2024deal_2024,false,2551.98,NA,NA,NA,NA,NA,NA,NA,NA,NA,NA,NA,NA
https://ror.org/04xfq0f34,RWTH Aachen,2024,2961.98,10.1038/s41392-024-01967-1,FALSE,FALSE,journal article,sn2024deal,04xfq0f34_sn2024deal_2024,false,2961.98,NA,NA,NA,NA,NA,NA,NA,NA,NA,NA,NA,NA
https://ror.org/04xfq0f34,RWTH Aachen,2024,2143.9,10.1038/s41420-024-02104-1,FALSE,FALSE,journal article,sn2024deal,04xfq0f34_sn2024deal_2024,false,2143.9,NA,NA,NA,NA,NA,NA,NA,NA,NA,NA,NA,NA
https://ror.org/04xfq0f34,RWTH Aachen,2024,2143.9,10.1038/s41420-024-02131-y,FALSE,FALSE,journal article,sn2024deal,04xfq0f34_sn2024deal_2024,false,2143.9,NA,NA,NA,NA,NA,NA,NA,NA,NA,NA,NA,NA
https://ror.org/04xfq0f34,RWTH Aachen,2024,5976.75,10.1038/s41467-024-51967-6,FALSE,FALSE,journal article,sn2024deal,04xfq0f34_sn2024deal_2024,false,5976.75,NA,NA,NA,NA,NA,NA,NA,NA,NA,NA,NA,NA
https://ror.org/04xfq0f34,RWTH Aachen,2024,5976.75,10.1038/s41467-024-52386-3,FALSE,FALSE,journal article,sn2024deal,04xfq0f34_sn2024deal_2024,false,5976.75,NA,NA,NA,NA,NA,NA,NA,NA,NA,NA,NA,NA
https://ror.org/04xfq0f34,RWTH Aachen,2024,5976.75,10.1038/s41467-024-52645-3,FALSE,FALSE,journal article,sn2024deal,04xfq0f34_sn2024deal_2024,false,5976.75,NA,NA,NA,NA,NA,NA,NA,NA,NA,NA,NA,NA
https://ror.org/04xfq0f34,RWTH Aachen,2024,2307.78,10.1038/s41535-024-00661-3,FALSE,FALSE,journal article,sn2024deal,04xfq0f34_sn2024deal_2024,false,2307.7799999999997,NA,NA,NA,NA,NA,NA,NA,NA,NA,NA,NA,NA
https://ror.org/04xfq0f34,RWTH Aachen,2024,2307.78,10.1038/s41535-024-00665-z,FALSE,FALSE,journal article,sn2024deal,04xfq0f34_sn2024deal_2024,false,2307.7799999999997,NA,NA,NA,NA,NA,NA,NA,NA,NA,NA,NA,NA
https://ror.org/04xfq0f34,RWTH Aachen,2024,2143.9,10.1038/s41598-024-67089-4,FALSE,FALSE,journal article,sn2024deal,04xfq0f34_sn2024deal_2024,false,2143.9,NA,NA,NA,NA,NA,NA,NA,NA,NA,NA,NA,NA
https://ror.org/04xfq0f34,RWTH Aachen,2024,2143.9,10.1038/s41598-024-67414-x,FALSE,FALSE,journal article,sn2024deal,04xfq0f34_sn2024deal_2024,false,2143.9,NA,NA,NA,NA,NA,NA,NA,NA,NA,NA,NA,NA
https://ror.org/04xfq0f34,RWTH Aachen,2024,2143.9,10.1038/s41598-024-67761-9,FALSE,FALSE,journal article,sn2024deal,04xfq0f34_sn2024deal_2024,false,2143.9,NA,NA,NA,NA,NA,NA,NA,NA,NA,NA,NA,NA
https://ror.org/04xfq0f34,RWTH Aachen,2024,2143.9,10.1038/s41598-024-67866-1,FALSE,FALSE,journal article,sn2024deal,04xfq0f34_sn2024deal_2024,false,2143.9,NA,NA,NA,NA,NA,NA,NA,NA,NA,NA,NA,NA
https://ror.org/04xfq0f34,RWTH Aachen,2024,2143.9,10.1038/s41598-024-67915-9,FALSE,FALSE,journal article,sn2024deal,04xfq0f34_sn2024deal_2024,false,2143.9,NA,NA,NA,NA,NA,NA,NA,NA,NA,NA,NA,NA
https://ror.org/04xfq0f34,RWTH Aachen,2024,2143.9,10.1038/s41598-024-70065-7,FALSE,FALSE,journal article,sn2024deal,04xfq0f34_sn2024deal_2024,false,2143.9,NA,NA,NA,NA,NA,NA,NA,NA,NA,NA,NA,NA
https://ror.org/04xfq0f34,RWTH Aachen,2024,2143.9,10.1038/s41598-024-70718-7,FALSE,FALSE,journal article,sn2024deal,04xfq0f34_sn2024deal_2024,false,2143.9,NA,NA,NA,NA,NA,NA,NA,NA,NA,NA,NA,NA
https://ror.org/04xfq0f34,RWTH Aachen,2024,2143.9,10.1038/s41598-024-72134-3,FALSE,FALSE,journal article,sn2024deal,04xfq0f34_sn2024deal_2024,false,2143.9,NA,NA,NA,NA,NA,NA,NA,NA,NA,NA,NA,NA
https://ror.org/04xfq0f34,RWTH Aachen,2024,2143.26,10.1038/s41598-024-72845-7,FALSE,FALSE,journal article,sn2024deal,04xfq0f34_sn2024deal_2024,false,2143.2599999999998,NA,NA,NA,NA,NA,NA,NA,NA,NA,NA,NA,NA
https://ror.org/04xfq0f34,RWTH Aachen,2024,3535.92,10.1038/s42004-024-01288-y,FALSE,FALSE,journal article,sn2024deal,04xfq0f34_sn2024deal_2024,false,3535.92,NA,NA,NA,NA,NA,NA,NA,NA,NA,NA,NA,NA
https://ror.org/04xfq0f34,RWTH Aachen,2024,2450.3,10.1038/s44303-024-00023-5,FALSE,FALSE,journal article,sn2024deal,04xfq0f34_sn2024deal_2024,false,2450.3,NA,NA,NA,NA,NA,NA,NA,NA,NA,NA,NA,NA
https://ror.org/04xfq0f34,RWTH Aachen,2024,1055.94,10.1057/s41599-024-03412-8,FALSE,FALSE,journal article,sn2024deal,04xfq0f34_sn2024deal_2024,false,1055.94,NA,NA,NA,NA,NA,NA,NA,NA,NA,NA,NA,NA
https://ror.org/04xfq0f34,RWTH Aachen,2024,1403.8,10.1186/s12863-024-01258-2,FALSE,FALSE,journal article,sn2024deal,04xfq0f34_sn2024deal_2024,false,1403.8000000000002,NA,NA,NA,NA,NA,NA,NA,NA,NA,NA,NA,NA
https://ror.org/04xfq0f34,RWTH Aachen,2024,2228.56,10.1186/s12874-024-02306-2,FALSE,FALSE,journal article,sn2024deal,04xfq0f34_sn2024deal_2024,false,2228.56,NA,NA,NA,NA,NA,NA,NA,NA,NA,NA,NA,NA
https://ror.org/04xfq0f34,RWTH Aachen,2024,2228.56,10.1186/s12874-024-02335-x,FALSE,FALSE,journal article,sn2024deal,04xfq0f34_sn2024deal_2024,false,2228.56,NA,NA,NA,NA,NA,NA,NA,NA,NA,NA,NA,NA
https://ror.org/04xfq0f34,RWTH Aachen,2024,2173.95,10.1186/s12904-024-01524-1,FALSE,FALSE,journal article,sn2024deal,04xfq0f34_sn2024deal_2024,false,2173.95,NA,NA,NA,NA,NA,NA,NA,NA,NA,NA,NA,NA
https://ror.org/04xfq0f34,RWTH Aachen,2024,1889.34,10.1186/s12909-024-05818-z,FALSE,FALSE,journal article,sn2024deal,04xfq0f34_sn2024deal_2024,false,1889.3400000000001,NA,NA,NA,NA,NA,NA,NA,NA,NA,NA,NA,NA
https://ror.org/04xfq0f34,RWTH Aachen,2024,1889.34,10.1186/s12909-024-05884-3,FALSE,FALSE,journal article,sn2024deal,04xfq0f34_sn2024deal_2024,false,1889.3400000000001,NA,NA,NA,NA,NA,NA,NA,NA,NA,NA,NA,NA
https://ror.org/04xfq0f34,RWTH Aachen,2024,2228.56,10.1186/s12934-024-02483-1,FALSE,FALSE,journal article,sn2024deal,04xfq0f34_sn2024deal_2024,false,2228.56,NA,NA,NA,NA,NA,NA,NA,NA,NA,NA,NA,NA
https://ror.org/04xfq0f34,RWTH Aachen,2024,2042.86,10.1186/s13005-024-00444-y,FALSE,FALSE,journal article,sn2024deal,04xfq0f34_sn2024deal_2024,false,2042.8600000000001,NA,NA,NA,NA,NA,NA,NA,NA,NA,NA,NA,NA
https://ror.org/04xfq0f34,RWTH Aachen,2024,2100.43,10.1186/s13018-024-05101-3,FALSE,FALSE,journal article,sn2024deal,04xfq0f34_sn2024deal_2024,false,2100.43,NA,NA,NA,NA,NA,NA,NA,NA,NA,NA,NA,NA
https://ror.org/04xfq0f34,RWTH Aachen,2024,2029.4,10.1186/s13019-024-02989-0,FALSE,FALSE,journal article,sn2024deal,04xfq0f34_sn2024deal_2024,false,2029.4,NA,NA,NA,NA,NA,NA,NA,NA,NA,NA,NA,NA
https://ror.org/04xfq0f34,RWTH Aachen,2024,2256.38,10.1186/s13068-024-02543-z,FALSE,FALSE,journal article,sn2024deal,04xfq0f34_sn2024deal_2024,false,2256.38,NA,NA,NA,NA,NA,NA,NA,NA,NA,NA,NA,NA
https://ror.org/04xfq0f34,RWTH Aachen,2024,1261.76,10.1186/s40517-024-00303-8,FALSE,FALSE,journal article,sn2024deal,04xfq0f34_sn2024deal_2024,false,1261.76,NA,NA,NA,NA,NA,NA,NA,NA,NA,NA,NA,NA
https://ror.org/04xfq0f34,RWTH Aachen,2024,1556.71,10.1186/s40658-024-00663-x,FALSE,FALSE,journal article,sn2024deal,04xfq0f34_sn2024deal_2024,false,1556.71,NA,NA,NA,NA,NA,NA,NA,NA,NA,NA,NA,NA
https://ror.org/04xfq0f34,RWTH Aachen,2024,1994.89,10.1186/s40659-024-00530-0,FALSE,FALSE,journal article,sn2024deal,04xfq0f34_sn2024deal_2024,false,1994.89,NA,NA,NA,NA,NA,NA,NA,NA,NA,NA,NA,NA
https://ror.org/04xfq0f34,RWTH Aachen,2024,1074.0,10.1186/s42162-024-00360-0,FALSE,FALSE,journal article,sn2024deal,04xfq0f34_sn2024deal_2024,false,1074.0,NA,NA,NA,NA,NA,NA,NA,NA,NA,NA,NA,NA
https://ror.org/04xfq0f34,RWTH Aachen,2025,733.04,10.1016/j.mex.2024.102679,FALSE,FALSE,journal article,els2023deal,04xfq0f34_els2023deal_2024,false,733.04,NA,NA,NA,NA,NA,NA,NA,NA,NA,NA,NA,NA
https://ror.org/04xfq0f34,RWTH Aachen,2025,1403.84,10.1016/j.euros.2024.01.017,FALSE,FALSE,journal article,els2023deal,04xfq0f34_els2023deal_2024,false,1403.84,NA,NA,NA,NA,NA,NA,NA,NA,NA,NA,NA,NA
https://ror.org/04xfq0f34,RWTH Aachen,2024,761.84,10.1016/j.bas.2024.103325,FALSE,FALSE,journal article,els2023deal,04xfq0f34_els2023deal_2024,false,761.84,NA,NA,NA,NA,NA,NA,NA,NA,NA,NA,NA,NA
https://ror.org/04xfq0f34,RWTH Aachen,2024,2033.0,10.1016/j.cscm.2024.e03495,FALSE,FALSE,journal article,els2023deal,04xfq0f34_els2023deal_2024,false,2033.0,NA,NA,NA,NA,NA,NA,NA,NA,NA,NA,NA,NA
https://ror.org/04xfq0f34,RWTH Aachen,2024,2054.4,10.1016/j.cscm.2024.e03522,FALSE,FALSE,journal article,els2023deal,04xfq0f34_els2023deal_2024,false,2054.4,NA,NA,NA,NA,NA,NA,NA,NA,NA,NA,NA,NA
https://ror.org/04xfq0f34,RWTH Aachen,2024,1643.52,10.1016/j.cscm.2024.e03749,FALSE,FALSE,journal article,els2023deal,04xfq0f34_els2023deal_2024,false,1643.52,NA,NA,NA,NA,NA,NA,NA,NA,NA,NA,NA,NA
https://ror.org/04xfq0f34,RWTH Aachen,2024,1660.64,10.1016/j.ctro.2024.100853,FALSE,FALSE,journal article,els2023deal,04xfq0f34_els2023deal_2024,false,1660.64,NA,NA,NA,NA,NA,NA,NA,NA,NA,NA,NA,NA
https://ror.org/04xfq0f34,RWTH Aachen,2024,4612.44,10.1016/j.ebiom.2024.105293,FALSE,FALSE,journal article,els2023deal,04xfq0f34_els2023deal_2024,false,4612.4400000000005,NA,NA,NA,NA,NA,NA,NA,NA,NA,NA,NA,NA
https://ror.org/04xfq0f34,RWTH Aachen,2024,1994.48,10.1016/j.ecmx.2024.100679,FALSE,FALSE,journal article,els2023deal,04xfq0f34_els2023deal_2024,false,1994.48,NA,NA,NA,NA,NA,NA,NA,NA,NA,NA,NA,NA
https://ror.org/04xfq0f34,RWTH Aachen,2024,1994.48,10.1016/j.ecmx.2024.100704,FALSE,FALSE,journal article,els2023deal,04xfq0f34_els2023deal_2024,false,1994.48,NA,NA,NA,NA,NA,NA,NA,NA,NA,NA,NA,NA
https://ror.org/04xfq0f34,RWTH Aachen,2024,2600.1,10.1016/j.egyr.2024.06.070,FALSE,FALSE,journal article,els2023deal,04xfq0f34_els2023deal_2024,false,2600.1,NA,NA,NA,NA,NA,NA,NA,NA,NA,NA,NA,NA
https://ror.org/04xfq0f34,RWTH Aachen,2024,1609.28,10.1016/j.heliyon.2024.e38678,FALSE,FALSE,journal article,els2023deal,04xfq0f34_els2023deal_2024,false,1609.28,NA,NA,NA,NA,NA,NA,NA,NA,NA,NA,NA,NA
https://ror.org/04xfq0f34,RWTH Aachen,2024,1515.12,10.1016/j.jajp.2024.100253,FALSE,FALSE,journal article,els2023deal,04xfq0f34_els2023deal_2024,false,1515.12,NA,NA,NA,NA,NA,NA,NA,NA,NA,NA,NA,NA
https://ror.org/04xfq0f34,RWTH Aachen,2024,2499.52,10.1016/j.matdes.2024.113130,FALSE,FALSE,journal article,els2023deal,04xfq0f34_els2023deal_2024,false,2499.52,NA,NA,NA,NA,NA,NA,NA,NA,NA,NA,NA,NA
https://ror.org/04xfq0f34,RWTH Aachen,2024,2499.52,10.1016/j.matdes.2024.113280,FALSE,FALSE,journal article,els2023deal,04xfq0f34_els2023deal_2024,false,2499.52,NA,NA,NA,NA,NA,NA,NA,NA,NA,NA,NA,NA
https://ror.org/04xfq0f34,RWTH Aachen,2024,2525.2,10.1016/j.nbt.2024.08.505,FALSE,FALSE,journal article,els2023deal,04xfq0f34_els2023deal_2024,false,2525.2,NA,NA,NA,NA,NA,NA,NA,NA,NA,NA,NA,NA
https://ror.org/04xfq0f34,RWTH Aachen,2024,1572.9,10.1016/j.trip.2024.101193,FALSE,FALSE,journal article,els2023deal,04xfq0f34_els2023deal_2024,false,1572.9,NA,NA,NA,NA,NA,NA,NA,NA,NA,NA,NA,NA
https://ror.org/04xfq0f34,RWTH Aachen,2024,4438.36,10.1016/j.xcrm.2024.101713,FALSE,FALSE,journal article,els2023deal,04xfq0f34_els2023deal_2024,false,4438.36,NA,NA,NA,NA,NA,NA,NA,NA,NA,NA,NA,NA
https://ror.org/04xfq0f34,RWTH Aachen,2025,1053.95,10.1016/j.biosx.2024.100487,FALSE,FALSE,journal article,els2023deal,04xfq0f34_els2023deal_2024,false,1053.95,NA,NA,NA,NA,NA,NA,NA,NA,NA,NA,NA,NA
https://ror.org/04xfq0f34,RWTH Aachen,2025,975.84,10.1016/j.commtr.2024.100133,FALSE,FALSE,journal article,els2023deal,04xfq0f34_els2023deal_2024,false,975.84,NA,NA,NA,NA,NA,NA,NA,NA,NA,NA,NA,NA
https://ror.org/04xfq0f34,RWTH Aachen,2025,667.68,10.1016/j.dib.2024.110593,FALSE,FALSE,journal article,els2023deal,04xfq0f34_els2023deal_2024,false,667.68,NA,NA,NA,NA,NA,NA,NA,NA,NA,NA,NA,NA
https://ror.org/04xfq0f34,RWTH Aachen,2025,1429.52,10.1016/j.elecom.2024.107749,FALSE,FALSE,journal article,els2023deal,04xfq0f34_els2023deal_2024,false,1429.52,NA,NA,NA,NA,NA,NA,NA,NA,NA,NA,NA,NA
https://ror.org/04xfq0f34,RWTH Aachen,2025,2739.2,10.1016/j.esmoop.2024.103493,FALSE,FALSE,journal article,els2023deal,04xfq0f34_els2023deal_2024,false,2739.2,NA,NA,NA,NA,NA,NA,NA,NA,NA,NA,NA,NA
https://ror.org/04xfq0f34,RWTH Aachen,2025,1609.28,10.1016/j.heliyon.2024.e29256,FALSE,FALSE,journal article,els2023deal,04xfq0f34_els2023deal_2024,false,1609.28,NA,NA,NA,NA,NA,NA,NA,NA,NA,NA,NA,NA
https://ror.org/04xfq0f34,RWTH Aachen,2025,2564.79,10.1016/j.isci.2024.109255,FALSE,FALSE,journal article,els2023deal,04xfq0f34_els2023deal_2024,false,2564.79,NA,NA,NA,NA,NA,NA,NA,NA,NA,NA,NA,NA
https://ror.org/04xfq0f34,RWTH Aachen,2025,1763.36,10.1016/j.jpubtr.2024.100090,FALSE,FALSE,journal article,els2023deal,04xfq0f34_els2023deal_2024,false,1763.36,NA,NA,NA,NA,NA,NA,NA,NA,NA,NA,NA,NA
https://ror.org/04xfq0f34,RWTH Aachen,2025,1643.52,10.1016/j.jvsv.2024.101910,FALSE,FALSE,journal article,els2023deal,04xfq0f34_els2023deal_2024,false,1643.52,NA,NA,NA,NA,NA,NA,NA,NA,NA,NA,NA,NA
https://ror.org/04xfq0f34,RWTH Aachen,2025,1557.92,10.1016/j.jvsvi.2024.100109,FALSE,FALSE,journal article,els2023deal,04xfq0f34_els2023deal_2024,false,1557.92,NA,NA,NA,NA,NA,NA,NA,NA,NA,NA,NA,NA
https://ror.org/04xfq0f34,RWTH Aachen,2025,2456.72,10.1016/j.matdes.2024.112928,FALSE,FALSE,journal article,els2023deal,04xfq0f34_els2023deal_2024,false,2456.72,NA,NA,NA,NA,NA,NA,NA,NA,NA,NA,NA,NA
https://ror.org/04xfq0f34,RWTH Aachen,2025,2456.72,10.1016/j.matdes.2024.113031,FALSE,FALSE,journal article,els2023deal,04xfq0f34_els2023deal_2024,false,2456.72,NA,NA,NA,NA,NA,NA,NA,NA,NA,NA,NA,NA
https://ror.org/04xfq0f34,RWTH Aachen,2025,2679.28,10.1016/j.nbd.2024.106574,FALSE,FALSE,journal article,els2023deal,04xfq0f34_els2023deal_2024,false,2679.28,NA,NA,NA,NA,NA,NA,NA,NA,NA,NA,NA,NA
https://ror.org/04xfq0f34,RWTH Aachen,2025,2174.24,10.1016/j.virusres.2024.199417,FALSE,FALSE,journal article,els2023deal,04xfq0f34_els2023deal_2024,false,2174.24,NA,NA,NA,NA,NA,NA,NA,NA,NA,NA,NA,NA
https://ror.org/04xfq0f34,RWTH Aachen,2025,4438.36,10.1016/j.xcrp.2024.101945,FALSE,FALSE,journal article,els2023deal,04xfq0f34_els2023deal_2024,false,4438.36,NA,NA,NA,NA,NA,NA,NA,NA,NA,NA,NA,NA
https://ror.org/04xfq0f34,RWTH Aachen,2025,1078.56,10.1016/j.addlet.2024.100248,FALSE,FALSE,journal article,els2023deal,04xfq0f34_els2023deal_2024,false,1078.56,NA,NA,NA,NA,NA,NA,NA,NA,NA,NA,NA,NA
https://ror.org/04xfq0f34,RWTH Aachen,2025,1686.32,10.1016/j.aime.2024.100152,FALSE,FALSE,journal article,els2023deal,04xfq0f34_els2023deal_2024,false,1686.32,NA,NA,NA,NA,NA,NA,NA,NA,NA,NA,NA,NA
https://ror.org/04xfq0f34,RWTH Aachen,2025,385.2,10.1016/j.avsurg.2024.100340,FALSE,FALSE,journal article,els2023deal,04xfq0f34_els2023deal_2024,false,385.2,NA,NA,NA,NA,NA,NA,NA,NA,NA,NA,NA,NA
https://ror.org/04xfq0f34,RWTH Aachen,2025,761.84,10.1016/j.bas.2024.103911,FALSE,FALSE,journal article,els2023deal,04xfq0f34_els2023deal_2024,false,761.84,NA,NA,NA,NA,NA,NA,NA,NA,NA,NA,NA,NA
https://ror.org/04xfq0f34,RWTH Aachen,2025,732.95,10.1016/j.cmpbup.2024.100171,FALSE,FALSE,journal article,els2023deal,04xfq0f34_els2023deal_2024,false,732.95,NA,NA,NA,NA,NA,NA,NA,NA,NA,NA,NA,NA
https://ror.org/04xfq0f34,RWTH Aachen,2025,1643.52,10.1016/j.cscm.2024.e03809,FALSE,FALSE,journal article,els2023deal,04xfq0f34_els2023deal_2024,false,1643.52,NA,NA,NA,NA,NA,NA,NA,NA,NA,NA,NA,NA
https://ror.org/04xfq0f34,RWTH Aachen,2025,1438.08,10.1016/j.cscm.2024.e03917,FALSE,FALSE,journal article,els2023deal,04xfq0f34_els2023deal_2024,false,1438.08,NA,NA,NA,NA,NA,NA,NA,NA,NA,NA,NA,NA
https://ror.org/04xfq0f34,RWTH Aachen,2025,1643.52,10.1016/j.cscm.2024.e04085,FALSE,FALSE,journal article,els2023deal,04xfq0f34_els2023deal_2024,false,1643.52,NA,NA,NA,NA,NA,NA,NA,NA,NA,NA,NA,NA
https://ror.org/04xfq0f34,RWTH Aachen,2025,1660.64,10.1016/j.ctro.2024.100887,FALSE,FALSE,journal article,els2023deal,04xfq0f34_els2023deal_2024,false,1660.64,NA,NA,NA,NA,NA,NA,NA,NA,NA,NA,NA,NA
https://ror.org/04xfq0f34,RWTH Aachen,2025,2687.84,10.1016/j.dcn.2024.101501,FALSE,FALSE,journal article,els2023deal,04xfq0f34_els2023deal_2024,false,2687.84,NA,NA,NA,NA,NA,NA,NA,NA,NA,NA,NA,NA
https://ror.org/04xfq0f34,RWTH Aachen,2025,2499.52,10.1016/j.egyai.2024.100451,FALSE,FALSE,journal article,els2023deal,04xfq0f34_els2023deal_2024,false,2499.52,NA,NA,NA,NA,NA,NA,NA,NA,NA,NA,NA,NA
https://ror.org/04xfq0f34,RWTH Aachen,2025,2564.79,10.1016/j.isci.2024.111119,FALSE,FALSE,journal article,els2023deal,04xfq0f34_els2023deal_2024,false,2564.79,NA,NA,NA,NA,NA,NA,NA,NA,NA,NA,NA,NA
https://ror.org/04xfq0f34,RWTH Aachen,2025,2268.4,10.1016/j.jhepr.2024.101243,FALSE,FALSE,journal article,els2023deal,04xfq0f34_els2023deal_2024,false,2268.4,NA,NA,NA,NA,NA,NA,NA,NA,NA,NA,NA,NA
https://ror.org/04xfq0f34,RWTH Aachen,2025,1498.0,10.1016/j.jpra.2024.07.013,FALSE,FALSE,journal article,els2023deal,04xfq0f34_els2023deal_2024,false,1498.0,NA,NA,NA,NA,NA,NA,NA,NA,NA,NA,NA,NA
https://ror.org/04xfq0f34,RWTH Aachen,2025,2224.53,10.1016/j.matdes.2024.113491,FALSE,FALSE,journal article,els2023deal,04xfq0f34_els2023deal_2024,false,2224.53,NA,NA,NA,NA,NA,NA,NA,NA,NA,NA,NA,NA
https://ror.org/04xfq0f34,RWTH Aachen,2025,2525.2,10.1016/j.nbt.2024.09.008,FALSE,FALSE,journal article,els2023deal,04xfq0f34_els2023deal_2024,false,2525.2,NA,NA,NA,NA,NA,NA,NA,NA,NA,NA,NA,NA
https://ror.org/04xfq0f34,RWTH Aachen,2025,2756.32,10.1016/j.phrs.2024.107560,FALSE,FALSE,journal article,els2023deal,04xfq0f34_els2023deal_2024,false,2756.32,NA,NA,NA,NA,NA,NA,NA,NA,NA,NA,NA,NA
https://ror.org/04xfq0f34,RWTH Aachen,2024,NA,10.1177/0734242x241237197,TRUE,FALSE,journal article,sage2024gac,04xfq0f34_sage2024gac_2024,false,NA,NA,NA,NA,0.0,NA,NA,NA,NA,NA,NA,NA,NA
https://ror.org/04xfq0f34,RWTH Aachen,2024,NA,10.1177/17470218241256361,TRUE,FALSE,journal article,sage2024gac,04xfq0f34_sage2024gac_2024,false,NA,NA,NA,NA,0.0,NA,NA,NA,NA,NA,NA,NA,NA
https://ror.org/04xfq0f34,RWTH Aachen,2024,NA,10.1177/00076503241255082,TRUE,FALSE,journal article,sage2024gac,04xfq0f34_sage2024gac_2024,false,NA,NA,NA,NA,0.0,NA,NA,NA,NA,NA,NA,NA,NA
https://ror.org/04xfq0f34,RWTH Aachen,2024,NA,10.1177/14780771241260852,TRUE,FALSE,journal article,sage2024gac,04xfq0f34_sage2024gac_2024,false,NA,NA,NA,NA,0.0,NA,NA,NA,NA,NA,NA,NA,NA
https://ror.org/04xfq0f34,RWTH Aachen,2024,NA,10.1177/14767503241260963,TRUE,FALSE,journal article,sage2024gac,04xfq0f34_sage2024gac_2024,false,NA,NA,NA,NA,0.0,NA,NA,NA,NA,NA,NA,NA,NA
https://ror.org/04xfq0f34,RWTH Aachen,2024,NA,10.1177/10775463241262054,TRUE,FALSE,journal article,sage2024gac,04xfq0f34_sage2024gac_2024,false,NA,NA,NA,NA,0.0,NA,NA,NA,NA,NA,NA,NA,NA
https://ror.org/04xfq0f34,RWTH Aachen,2024,NA,10.1177/07316844241264598,TRUE,FALSE,journal article,sage2024gac,04xfq0f34_sage2024gac_2024,false,NA,NA,NA,NA,0.0,NA,NA,NA,NA,NA,NA,NA,NA
https://ror.org/04xfq0f34,RWTH Aachen,2024,NA,10.1177/03611981241265843,TRUE,FALSE,journal article,sage2024gac,04xfq0f34_sage2024gac_2024,false,NA,NA,NA,NA,0.0,NA,NA,NA,NA,NA,NA,NA,NA
https://ror.org/04xfq0f34,RWTH Aachen,2024,NA,10.1177/10860266241268343,TRUE,FALSE,journal article,sage2024gac,04xfq0f34_sage2024gac_2024,false,NA,NA,NA,NA,0.0,NA,NA,NA,NA,NA,NA,NA,NA
https://ror.org/04xfq0f34,RWTH Aachen,2024,NA,10.1177/02692163241270915,TRUE,FALSE,journal article,sage2024gac,04xfq0f34_sage2024gac_2024,false,NA,NA,NA,NA,0.0,NA,NA,NA,NA,NA,NA,NA,NA
https://ror.org/04xfq0f34,RWTH Aachen,2024,NA,10.1177/02692163241271049,TRUE,FALSE,journal article,sage2024gac,04xfq0f34_sage2024gac_2024,false,NA,NA,NA,NA,0.0,NA,NA,NA,NA,NA,NA,NA,NA
https://ror.org/04xfq0f34,RWTH Aachen,2024,NA,10.1177/00218863241285033,TRUE,FALSE,journal article,sage2024gac,04xfq0f34_sage2024gac_2024,false,NA,NA,NA,NA,0.0,NA,NA,NA,NA,NA,NA,NA,NA
https://ror.org/04xfq0f34,RWTH Aachen,2024,NA,10.3102/10769986241283687,TRUE,FALSE,journal article,sage2024gac,04xfq0f34_sage2024gac_2024,false,NA,NA,NA,NA,0.0,NA,NA,NA,NA,NA,NA,NA,NA
https://ror.org/04xfq0f34,RWTH Aachen,2024,NA,10.1177/00187208241296830,TRUE,FALSE,journal article,sage2024gac,04xfq0f34_sage2024gac_2024,false,NA,NA,NA,NA,0.0,NA,NA,NA,NA,NA,NA,NA,NA
https://ror.org/04xfq0f34,RWTH Aachen,2024,NA,10.1177/17470218241295524,TRUE,FALSE,journal article,sage2024gac,04xfq0f34_sage2024gac_2024,false,NA,NA,NA,NA,0.0,NA,NA,NA,NA,NA,NA,NA,NA
https://ror.org/04xfq0f34,RWTH Aachen,2024,NA,10.1177/87560879241312320,TRUE,FALSE,journal article,sage2024gac,04xfq0f34_sage2024gac_2024,false,NA,NA,NA,NA,0.0,NA,NA,NA,NA,NA,NA,NA,NA
https://ror.org/04xfq0f34,RWTH Aachen,2024,NA,10.1177/00076503241310700,TRUE,FALSE,journal article,sage2024gac,04xfq0f34_sage2024gac_2024,false,NA,NA,NA,NA,0.0,NA,NA,NA,NA,NA,NA,NA,NA
https://ror.org/04xfq0f34,RWTH Aachen,2024,NA,10.1177/00219983241312905,TRUE,FALSE,journal article,sage2024gac,04xfq0f34_sage2024gac_2024,false,NA,NA,NA,NA,0.0,NA,NA,NA,NA,NA,NA,NA,NA
https://ror.org/04xfq0f34,RWTH Aachen,2024,NA,10.1007/s00013-023-01948-w,TRUE,FALSE,journal article,sn2024deal,04xfq0f34_sn2024deal_2024,false,NA,NA,NA,NA,0.0,NA,NA,NA,NA,NA,NA,NA,NA
https://ror.org/04xfq0f34,RWTH Aachen,2024,NA,10.1007/s00029-024-01007-4,TRUE,FALSE,journal article,sn2024deal,04xfq0f34_sn2024deal_2024,false,NA,NA,NA,NA,0.0,NA,NA,NA,NA,NA,NA,NA,NA
https://ror.org/04xfq0f34,RWTH Aachen,2024,NA,10.1007/s00041-024-10132-9,TRUE,FALSE,journal article,sn2024deal,04xfq0f34_sn2024deal_2024,false,NA,NA,NA,NA,0.0,NA,NA,NA,NA,NA,NA,NA,NA
https://ror.org/04xfq0f34,RWTH Aachen,2024,NA,10.1007/s00056-024-00541-2,TRUE,FALSE,journal article,sn2024deal,04xfq0f34_sn2024deal_2024,false,NA,NA,NA,NA,0.0,NA,NA,NA,NA,NA,NA,NA,NA
https://ror.org/04xfq0f34,RWTH Aachen,2024,NA,10.1007/s00062-024-01424-0,TRUE,FALSE,journal article,sn2024deal,04xfq0f34_sn2024deal_2024,false,NA,NA,NA,NA,0.0,NA,NA,NA,NA,NA,NA,NA,NA
https://ror.org/04xfq0f34,RWTH Aachen,2024,NA,10.1007/s00062-024-01449-5,TRUE,FALSE,journal article,sn2024deal,04xfq0f34_sn2024deal_2024,false,NA,NA,NA,NA,0.0,NA,NA,NA,NA,NA,NA,NA,NA
https://ror.org/04xfq0f34,RWTH Aachen,2024,NA,10.1007/s00066-024-02197-8,TRUE,FALSE,journal article,sn2024deal,04xfq0f34_sn2024deal_2024,false,NA,NA,NA,NA,0.0,NA,NA,NA,NA,NA,NA,NA,NA
https://ror.org/04xfq0f34,RWTH Aachen,2024,NA,10.1007/s00066-024-02235-5,TRUE,FALSE,journal article,sn2024deal,04xfq0f34_sn2024deal_2024,false,NA,NA,NA,NA,0.0,NA,NA,NA,NA,NA,NA,NA,NA
https://ror.org/04xfq0f34,RWTH Aachen,2024,NA,10.1007/s00068-024-02453-7,TRUE,FALSE,journal article,sn2024deal,04xfq0f34_sn2024deal_2024,false,NA,NA,NA,NA,0.0,NA,NA,NA,NA,NA,NA,NA,NA
https://ror.org/04xfq0f34,RWTH Aachen,2024,NA,10.1007/s00068-024-02585-w,TRUE,FALSE,journal article,sn2024deal,04xfq0f34_sn2024deal_2024,false,NA,NA,NA,NA,0.0,NA,NA,NA,NA,NA,NA,NA,NA
https://ror.org/04xfq0f34,RWTH Aachen,2024,NA,10.1007/s00068-024-02645-1,TRUE,FALSE,journal article,sn2024deal,04xfq0f34_sn2024deal_2024,false,NA,NA,NA,NA,0.0,NA,NA,NA,NA,NA,NA,NA,NA
https://ror.org/04xfq0f34,RWTH Aachen,2024,NA,10.1007/s00101-024-01380-x,TRUE,FALSE,journal article,sn2024deal,04xfq0f34_sn2024deal_2024,false,NA,NA,NA,NA,0.0,NA,NA,NA,NA,NA,NA,NA,NA
https://ror.org/04xfq0f34,RWTH Aachen,2024,NA,10.1007/s00101-024-01387-4,TRUE,FALSE,journal article,sn2024deal,04xfq0f34_sn2024deal_2024,false,NA,NA,NA,NA,0.0,NA,NA,NA,NA,NA,NA,NA,NA
https://ror.org/04xfq0f34,RWTH Aachen,2024,NA,10.1007/s00103-024-03851-3,TRUE,FALSE,journal article,sn2024deal,04xfq0f34_sn2024deal_2024,false,NA,NA,NA,NA,0.0,NA,NA,NA,NA,NA,NA,NA,NA
https://ror.org/04xfq0f34,RWTH Aachen,2024,NA,10.1007/s00103-024-03856-y,TRUE,FALSE,journal article,sn2024deal,04xfq0f34_sn2024deal_2024,false,NA,NA,NA,NA,0.0,NA,NA,NA,NA,NA,NA,NA,NA
https://ror.org/04xfq0f34,RWTH Aachen,2024,NA,10.1007/s00103-024-03870-0,TRUE,FALSE,journal article,sn2024deal,04xfq0f34_sn2024deal_2024,false,NA,NA,NA,NA,0.0,NA,NA,NA,NA,NA,NA,NA,NA
https://ror.org/04xfq0f34,RWTH Aachen,2024,NA,10.1007/s00106-023-01404-9,TRUE,FALSE,journal article,sn2024deal,04xfq0f34_sn2024deal_2024,false,NA,NA,NA,NA,0.0,NA,NA,NA,NA,NA,NA,NA,NA
https://ror.org/04xfq0f34,RWTH Aachen,2024,NA,10.1007/s00113-024-01428-y,TRUE,FALSE,journal article,sn2024deal,04xfq0f34_sn2024deal_2024,false,NA,NA,NA,NA,0.0,NA,NA,NA,NA,NA,NA,NA,NA
https://ror.org/04xfq0f34,RWTH Aachen,2024,NA,10.1007/s00115-024-01681-x,TRUE,FALSE,journal article,sn2024deal,04xfq0f34_sn2024deal_2024,false,NA,NA,NA,NA,0.0,NA,NA,NA,NA,NA,NA,NA,NA
https://ror.org/04xfq0f34,RWTH Aachen,2024,NA,10.1007/s00115-024-01726-1,TRUE,FALSE,journal article,sn2024deal,04xfq0f34_sn2024deal_2024,false,NA,NA,NA,NA,0.0,NA,NA,NA,NA,NA,NA,NA,NA
https://ror.org/04xfq0f34,RWTH Aachen,2024,NA,10.1007/s00115-024-01753-y,TRUE,FALSE,journal article,sn2024deal,04xfq0f34_sn2024deal_2024,false,NA,NA,NA,NA,0.0,NA,NA,NA,NA,NA,NA,NA,NA
https://ror.org/04xfq0f34,RWTH Aachen,2024,NA,10.1007/s00115-024-01756-9,TRUE,FALSE,journal article,sn2024deal,04xfq0f34_sn2024deal_2024,false,NA,NA,NA,NA,0.0,NA,NA,NA,NA,NA,NA,NA,NA
https://ror.org/04xfq0f34,RWTH Aachen,2024,NA,10.1007/s00161-024-01288-2,TRUE,FALSE,journal article,sn2024deal,04xfq0f34_sn2024deal_2024,false,NA,NA,NA,NA,0.0,NA,NA,NA,NA,NA,NA,NA,NA
https://ror.org/04xfq0f34,RWTH Aachen,2024,NA,10.1007/s00162-023-00683-w,TRUE,FALSE,journal article,sn2024deal,04xfq0f34_sn2024deal_2024,false,NA,NA,NA,NA,0.0,NA,NA,NA,NA,NA,NA,NA,NA
https://ror.org/04xfq0f34,RWTH Aachen,2024,NA,10.1007/s00170-024-13969-y,TRUE,FALSE,journal article,sn2024deal,04xfq0f34_sn2024deal_2024,false,NA,NA,NA,NA,0.0,NA,NA,NA,NA,NA,NA,NA,NA
https://ror.org/04xfq0f34,RWTH Aachen,2024,NA,10.1007/s00170-024-14270-8,TRUE,FALSE,journal article,sn2024deal,04xfq0f34_sn2024deal_2024,false,NA,NA,NA,NA,0.0,NA,NA,NA,NA,NA,NA,NA,NA
https://ror.org/04xfq0f34,RWTH Aachen,2024,NA,10.1007/s00170-024-14406-w,TRUE,FALSE,journal article,sn2024deal,04xfq0f34_sn2024deal_2024,false,NA,NA,NA,NA,0.0,NA,NA,NA,NA,NA,NA,NA,NA
https://ror.org/04xfq0f34,RWTH Aachen,2024,NA,10.1007/s00170-024-14683-5,TRUE,FALSE,journal article,sn2024deal,04xfq0f34_sn2024deal_2024,false,NA,NA,NA,NA,0.0,NA,NA,NA,NA,NA,NA,NA,NA
https://ror.org/04xfq0f34,RWTH Aachen,2024,NA,10.1007/s00184-024-00960-6,TRUE,FALSE,journal article,sn2024deal,04xfq0f34_sn2024deal_2024,false,NA,NA,NA,NA,0.0,NA,NA,NA,NA,NA,NA,NA,NA
https://ror.org/04xfq0f34,RWTH Aachen,2024,NA,10.1007/s00204-024-03764-9,TRUE,FALSE,journal article,sn2024deal,04xfq0f34_sn2024deal_2024,false,NA,NA,NA,NA,0.0,NA,NA,NA,NA,NA,NA,NA,NA
https://ror.org/04xfq0f34,RWTH Aachen,2024,NA,10.1007/s00204-024-03836-w,TRUE,FALSE,journal article,sn2024deal,04xfq0f34_sn2024deal_2024,false,NA,NA,NA,NA,0.0,NA,NA,NA,NA,NA,NA,NA,NA
https://ror.org/04xfq0f34,RWTH Aachen,2024,NA,10.1007/s00220-023-04920-5,TRUE,FALSE,journal article,sn2024deal,04xfq0f34_sn2024deal_2024,false,NA,NA,NA,NA,0.0,NA,NA,NA,NA,NA,NA,NA,NA
https://ror.org/04xfq0f34,RWTH Aachen,2024,NA,10.1007/s00228-024-03739-w,TRUE,FALSE,journal article,sn2024deal,04xfq0f34_sn2024deal_2024,false,NA,NA,NA,NA,0.0,NA,NA,NA,NA,NA,NA,NA,NA
https://ror.org/04xfq0f34,RWTH Aachen,2024,NA,10.1007/s00259-024-06659-0,TRUE,FALSE,journal article,sn2024deal,04xfq0f34_sn2024deal_2024,false,NA,NA,NA,NA,0.0,NA,NA,NA,NA,NA,NA,NA,NA
https://ror.org/04xfq0f34,RWTH Aachen,2024,NA,10.1007/s00270-024-03810-0,TRUE,FALSE,journal article,sn2024deal,04xfq0f34_sn2024deal_2024,false,NA,NA,NA,NA,0.0,NA,NA,NA,NA,NA,NA,NA,NA
https://ror.org/04xfq0f34,RWTH Aachen,2024,NA,10.1007/s00270-024-03847-1,TRUE,FALSE,journal article,sn2024deal,04xfq0f34_sn2024deal_2024,false,NA,NA,NA,NA,0.0,NA,NA,NA,NA,NA,NA,NA,NA
https://ror.org/04xfq0f34,RWTH Aachen,2024,NA,10.1007/s00277-024-05650-x,TRUE,FALSE,journal article,sn2024deal,04xfq0f34_sn2024deal_2024,false,NA,NA,NA,NA,0.0,NA,NA,NA,NA,NA,NA,NA,NA
https://ror.org/04xfq0f34,RWTH Aachen,2024,NA,10.1007/s00287-024-01574-y,TRUE,FALSE,journal article,sn2024deal,04xfq0f34_sn2024deal_2024,false,NA,NA,NA,NA,0.0,NA,NA,NA,NA,NA,NA,NA,NA
https://ror.org/04xfq0f34,RWTH Aachen,2024,NA,10.1007/s00292-024-01307-8,TRUE,FALSE,journal article,sn2024deal,04xfq0f34_sn2024deal_2024,false,NA,NA,NA,NA,0.0,NA,NA,NA,NA,NA,NA,NA,NA
https://ror.org/04xfq0f34,RWTH Aachen,2024,NA,10.1007/s00292-024-01398-3,TRUE,FALSE,journal article,sn2024deal,04xfq0f34_sn2024deal_2024,false,NA,NA,NA,NA,0.0,NA,NA,NA,NA,NA,NA,NA,NA
https://ror.org/04xfq0f34,RWTH Aachen,2024,NA,10.1007/s00296-024-05757-4,TRUE,FALSE,journal article,sn2024deal,04xfq0f34_sn2024deal_2024,false,NA,NA,NA,NA,0.0,NA,NA,NA,NA,NA,NA,NA,NA
https://ror.org/04xfq0f34,RWTH Aachen,2024,NA,10.1007/s00330-024-10727-2,TRUE,FALSE,journal article,sn2024deal,04xfq0f34_sn2024deal_2024,false,NA,NA,NA,NA,0.0,NA,NA,NA,NA,NA,NA,NA,NA
https://ror.org/04xfq0f34,RWTH Aachen,2024,NA,10.1007/s00330-024-10853-x,TRUE,FALSE,journal article,sn2024deal,04xfq0f34_sn2024deal_2024,false,NA,NA,NA,NA,0.0,NA,NA,NA,NA,NA,NA,NA,NA
https://ror.org/04xfq0f34,RWTH Aachen,2024,NA,10.1007/s00330-024-11115-6,TRUE,FALSE,journal article,sn2024deal,04xfq0f34_sn2024deal_2024,false,NA,NA,NA,NA,0.0,NA,NA,NA,NA,NA,NA,NA,NA
https://ror.org/04xfq0f34,RWTH Aachen,2024,NA,10.1007/s00359-023-01685-z,TRUE,FALSE,journal article,sn2024deal,04xfq0f34_sn2024deal_2024,false,NA,NA,NA,NA,0.0,NA,NA,NA,NA,NA,NA,NA,NA
https://ror.org/04xfq0f34,RWTH Aachen,2024,NA,10.1007/s00366-024-01967-3,TRUE,FALSE,journal article,sn2024deal,04xfq0f34_sn2024deal_2024,false,NA,NA,NA,NA,0.0,NA,NA,NA,NA,NA,NA,NA,NA
https://ror.org/04xfq0f34,RWTH Aachen,2024,NA,10.1007/s00366-024-02089-6,TRUE,FALSE,journal article,sn2024deal,04xfq0f34_sn2024deal_2024,false,NA,NA,NA,NA,0.0,NA,NA,NA,NA,NA,NA,NA,NA
https://ror.org/04xfq0f34,RWTH Aachen,2024,NA,10.1007/s00393-024-01550-7,TRUE,FALSE,journal article,sn2024deal,04xfq0f34_sn2024deal_2024,false,NA,NA,NA,NA,0.0,NA,NA,NA,NA,NA,NA,NA,NA
https://ror.org/04xfq0f34,RWTH Aachen,2024,NA,10.1007/s00396-024-05333-z,TRUE,FALSE,journal article,sn2024deal,04xfq0f34_sn2024deal_2024,false,NA,NA,NA,NA,0.0,NA,NA,NA,NA,NA,NA,NA,NA
https://ror.org/04xfq0f34,RWTH Aachen,2024,NA,10.1007/s00404-024-07505-2,TRUE,FALSE,journal article,sn2024deal,04xfq0f34_sn2024deal_2024,false,NA,NA,NA,NA,0.0,NA,NA,NA,NA,NA,NA,NA,NA
https://ror.org/04xfq0f34,RWTH Aachen,2024,NA,10.1007/s00404-024-07519-w,TRUE,FALSE,journal article,sn2024deal,04xfq0f34_sn2024deal_2024,false,NA,NA,NA,NA,0.0,NA,NA,NA,NA,NA,NA,NA,NA
https://ror.org/04xfq0f34,RWTH Aachen,2024,NA,10.1007/s00404-024-07878-4,TRUE,FALSE,journal article,sn2024deal,04xfq0f34_sn2024deal_2024,false,NA,NA,NA,NA,0.0,NA,NA,NA,NA,NA,NA,NA,NA
https://ror.org/04xfq0f34,RWTH Aachen,2024,NA,10.1007/s00405-024-08476-5,TRUE,FALSE,journal article,sn2024deal,04xfq0f34_sn2024deal_2024,false,NA,NA,NA,NA,0.0,NA,NA,NA,NA,NA,NA,NA,NA
https://ror.org/04xfq0f34,RWTH Aachen,2024,NA,10.1007/s00415-024-12429-7,TRUE,FALSE,journal article,sn2024deal,04xfq0f34_sn2024deal_2024,false,NA,NA,NA,NA,0.0,NA,NA,NA,NA,NA,NA,NA,NA
https://ror.org/04xfq0f34,RWTH Aachen,2024,NA,10.1007/s00417-024-06452-7,TRUE,FALSE,journal article,sn2024deal,04xfq0f34_sn2024deal_2024,false,NA,NA,NA,NA,0.0,NA,NA,NA,NA,NA,NA,NA,NA
https://ror.org/04xfq0f34,RWTH Aachen,2024,NA,10.1007/s00424-023-02902-z,TRUE,FALSE,journal article,sn2024deal,04xfq0f34_sn2024deal_2024,false,NA,NA,NA,NA,0.0,NA,NA,NA,NA,NA,NA,NA,NA
https://ror.org/04xfq0f34,RWTH Aachen,2024,NA,10.1007/s00424-024-02945-w,TRUE,FALSE,journal article,sn2024deal,04xfq0f34_sn2024deal_2024,false,NA,NA,NA,NA,0.0,NA,NA,NA,NA,NA,NA,NA,NA
https://ror.org/04xfq0f34,RWTH Aachen,2024,NA,10.1007/s00424-024-02964-7,TRUE,FALSE,journal article,sn2024deal,04xfq0f34_sn2024deal_2024,false,NA,NA,NA,NA,0.0,NA,NA,NA,NA,NA,NA,NA,NA
https://ror.org/04xfq0f34,RWTH Aachen,2024,NA,10.1007/s00424-024-03002-2,TRUE,FALSE,journal article,sn2024deal,04xfq0f34_sn2024deal_2024,false,NA,NA,NA,NA,0.0,NA,NA,NA,NA,NA,NA,NA,NA
https://ror.org/04xfq0f34,RWTH Aachen,2024,NA,10.1007/s00426-024-01992-3,TRUE,FALSE,journal article,sn2024deal,04xfq0f34_sn2024deal_2024,false,NA,NA,NA,NA,0.0,NA,NA,NA,NA,NA,NA,NA,NA
https://ror.org/04xfq0f34,RWTH Aachen,2024,NA,10.1007/s00449-024-03117-x,TRUE,FALSE,journal article,sn2024deal,04xfq0f34_sn2024deal_2024,false,NA,NA,NA,NA,0.0,NA,NA,NA,NA,NA,NA,NA,NA
https://ror.org/04xfq0f34,RWTH Aachen,2024,NA,10.1007/s00466-024-02558-1,TRUE,FALSE,journal article,sn2024deal,04xfq0f34_sn2024deal_2024,false,NA,NA,NA,NA,0.0,NA,NA,NA,NA,NA,NA,NA,NA
https://ror.org/04xfq0f34,RWTH Aachen,2024,NA,10.1007/s00481-024-00838-1,TRUE,FALSE,journal article,sn2024deal,04xfq0f34_sn2024deal_2024,false,NA,NA,NA,NA,0.0,NA,NA,NA,NA,NA,NA,NA,NA
https://ror.org/04xfq0f34,RWTH Aachen,2024,NA,10.1007/s00482-024-00828-8,TRUE,FALSE,journal article,sn2024deal,04xfq0f34_sn2024deal_2024,false,NA,NA,NA,NA,0.0,NA,NA,NA,NA,NA,NA,NA,NA
https://ror.org/04xfq0f34,RWTH Aachen,2024,NA,10.1007/s00501-023-01420-w,TRUE,FALSE,journal article,sn2024deal,04xfq0f34_sn2024deal_2024,false,NA,NA,NA,NA,0.0,NA,NA,NA,NA,NA,NA,NA,NA
https://ror.org/04xfq0f34,RWTH Aachen,2024,NA,10.1007/s00501-024-01515-y,TRUE,FALSE,journal article,sn2024deal,04xfq0f34_sn2024deal_2024,false,NA,NA,NA,NA,0.0,NA,NA,NA,NA,NA,NA,NA,NA
https://ror.org/04xfq0f34,RWTH Aachen,2024,NA,10.1007/s00502-024-01236-7,TRUE,FALSE,journal article,sn2024deal,04xfq0f34_sn2024deal_2024,false,NA,NA,NA,NA,0.0,NA,NA,NA,NA,NA,NA,NA,NA
https://ror.org/04xfq0f34,RWTH Aachen,2024,NA,10.1007/s00502-024-01300-2,TRUE,FALSE,journal article,sn2024deal,04xfq0f34_sn2024deal_2024,false,NA,NA,NA,NA,0.0,NA,NA,NA,NA,NA,NA,NA,NA
https://ror.org/04xfq0f34,RWTH Aachen,2024,NA,10.1007/s00520-024-08945-x,TRUE,FALSE,journal article,sn2024deal,04xfq0f34_sn2024deal_2024,false,NA,NA,NA,NA,0.0,NA,NA,NA,NA,NA,NA,NA,NA
https://ror.org/04xfq0f34,RWTH Aachen,2024,NA,10.1007/s00531-023-02381-8,TRUE,FALSE,journal article,sn2024deal,04xfq0f34_sn2024deal_2024,false,NA,NA,NA,NA,0.0,NA,NA,NA,NA,NA,NA,NA,NA
https://ror.org/04xfq0f34,RWTH Aachen,2024,NA,10.1007/s00531-024-02384-z,TRUE,FALSE,journal article,sn2024deal,04xfq0f34_sn2024deal_2024,false,NA,NA,NA,NA,0.0,NA,NA,NA,NA,NA,NA,NA,NA
https://ror.org/04xfq0f34,RWTH Aachen,2024,NA,10.1007/s00531-024-02427-5,TRUE,FALSE,journal article,sn2024deal,04xfq0f34_sn2024deal_2024,false,NA,NA,NA,NA,0.0,NA,NA,NA,NA,NA,NA,NA,NA
https://ror.org/04xfq0f34,RWTH Aachen,2024,NA,10.1007/s00531-024-02444-4,TRUE,FALSE,journal article,sn2024deal,04xfq0f34_sn2024deal_2024,false,NA,NA,NA,NA,0.0,NA,NA,NA,NA,NA,NA,NA,NA
https://ror.org/04xfq0f34,RWTH Aachen,2024,NA,10.1007/s00586-024-08480-7,TRUE,FALSE,journal article,sn2024deal,04xfq0f34_sn2024deal_2024,false,NA,NA,NA,NA,0.0,NA,NA,NA,NA,NA,NA,NA,NA
https://ror.org/04xfq0f34,RWTH Aachen,2024,NA,10.1007/s00701-024-06100-3,TRUE,FALSE,journal article,sn2024deal,04xfq0f34_sn2024deal_2024,false,NA,NA,NA,NA,0.0,NA,NA,NA,NA,NA,NA,NA,NA
https://ror.org/04xfq0f34,RWTH Aachen,2024,NA,10.1007/s00767-023-00561-6,TRUE,FALSE,journal article,sn2024deal,04xfq0f34_sn2024deal_2024,false,NA,NA,NA,NA,0.0,NA,NA,NA,NA,NA,NA,NA,NA
https://ror.org/04xfq0f34,RWTH Aachen,2024,NA,10.1007/s00784-024-05619-0,TRUE,FALSE,journal article,sn2024deal,04xfq0f34_sn2024deal_2024,false,NA,NA,NA,NA,0.0,NA,NA,NA,NA,NA,NA,NA,NA
https://ror.org/04xfq0f34,RWTH Aachen,2024,NA,10.1007/s00784-024-05781-5,TRUE,FALSE,journal article,sn2024deal,04xfq0f34_sn2024deal_2024,false,NA,NA,NA,NA,0.0,NA,NA,NA,NA,NA,NA,NA,NA
https://ror.org/04xfq0f34,RWTH Aachen,2024,NA,10.1007/s00784-024-05825-w,TRUE,FALSE,journal article,sn2024deal,04xfq0f34_sn2024deal_2024,false,NA,NA,NA,NA,0.0,NA,NA,NA,NA,NA,NA,NA,NA
https://ror.org/04xfq0f34,RWTH Aachen,2024,NA,10.1007/s00784-024-05862-5,TRUE,FALSE,journal article,sn2024deal,04xfq0f34_sn2024deal_2024,false,NA,NA,NA,NA,0.0,NA,NA,NA,NA,NA,NA,NA,NA
https://ror.org/04xfq0f34,RWTH Aachen,2024,NA,10.1007/s00784-024-05983-x,TRUE,FALSE,journal article,sn2024deal,04xfq0f34_sn2024deal_2024,false,NA,NA,NA,NA,0.0,NA,NA,NA,NA,NA,NA,NA,NA
https://ror.org/04xfq0f34,RWTH Aachen,2024,NA,10.1007/s10010-024-00724-8,TRUE,FALSE,journal article,sn2024deal,04xfq0f34_sn2024deal_2024,false,NA,NA,NA,NA,0.0,NA,NA,NA,NA,NA,NA,NA,NA
https://ror.org/04xfq0f34,RWTH Aachen,2024,NA,10.1007/s10010-024-00733-7,TRUE,FALSE,journal article,sn2024deal,04xfq0f34_sn2024deal_2024,false,NA,NA,NA,NA,0.0,NA,NA,NA,NA,NA,NA,NA,NA
https://ror.org/04xfq0f34,RWTH Aachen,2024,NA,10.1007/s10010-024-00740-8,TRUE,FALSE,journal article,sn2024deal,04xfq0f34_sn2024deal_2024,false,NA,NA,NA,NA,0.0,NA,NA,NA,NA,NA,NA,NA,NA
https://ror.org/04xfq0f34,RWTH Aachen,2024,NA,10.1007/s10035-024-01454-y,TRUE,FALSE,journal article,sn2024deal,04xfq0f34_sn2024deal_2024,false,NA,NA,NA,NA,0.0,NA,NA,NA,NA,NA,NA,NA,NA
https://ror.org/04xfq0f34,RWTH Aachen,2024,NA,10.1007/s10049-024-01371-w,TRUE,FALSE,journal article,sn2024deal,04xfq0f34_sn2024deal_2024,false,NA,NA,NA,NA,0.0,NA,NA,NA,NA,NA,NA,NA,NA
https://ror.org/04xfq0f34,RWTH Aachen,2024,NA,10.1007/s10107-023-02053-0,TRUE,FALSE,journal article,sn2024deal,04xfq0f34_sn2024deal_2024,false,NA,NA,NA,NA,0.0,NA,NA,NA,NA,NA,NA,NA,NA
https://ror.org/04xfq0f34,RWTH Aachen,2024,NA,10.1007/s10107-024-02135-7,TRUE,FALSE,journal article,sn2024deal,04xfq0f34_sn2024deal_2024,false,NA,NA,NA,NA,0.0,NA,NA,NA,NA,NA,NA,NA,NA
https://ror.org/04xfq0f34,RWTH Aachen,2024,NA,10.1007/s10115-024-02280-7,TRUE,FALSE,journal article,sn2024deal,04xfq0f34_sn2024deal_2024,false,NA,NA,NA,NA,0.0,NA,NA,NA,NA,NA,NA,NA,NA
https://ror.org/04xfq0f34,RWTH Aachen,2024,NA,10.1007/s10203-024-00499-1,TRUE,FALSE,journal article,sn2024deal,04xfq0f34_sn2024deal_2024,false,NA,NA,NA,NA,0.0,NA,NA,NA,NA,NA,NA,NA,NA
https://ror.org/04xfq0f34,RWTH Aachen,2024,NA,10.1007/s10266-023-00886-x,TRUE,FALSE,journal article,sn2024deal,04xfq0f34_sn2024deal_2024,false,NA,NA,NA,NA,0.0,NA,NA,NA,NA,NA,NA,NA,NA
https://ror.org/04xfq0f34,RWTH Aachen,2024,NA,10.1007/s10270-024-01157-1,TRUE,FALSE,journal article,sn2024deal,04xfq0f34_sn2024deal_2024,false,NA,NA,NA,NA,0.0,NA,NA,NA,NA,NA,NA,NA,NA
https://ror.org/04xfq0f34,RWTH Aachen,2024,NA,10.1007/s10357-024-4331-1,TRUE,FALSE,journal article,sn2024deal,04xfq0f34_sn2024deal_2024,false,NA,NA,NA,NA,0.0,NA,NA,NA,NA,NA,NA,NA,NA
https://ror.org/04xfq0f34,RWTH Aachen,2024,NA,10.1007/s10357-024-4397-9,TRUE,FALSE,journal article,sn2024deal,04xfq0f34_sn2024deal_2024,false,NA,NA,NA,NA,0.0,NA,NA,NA,NA,NA,NA,NA,NA
https://ror.org/04xfq0f34,RWTH Aachen,2024,NA,10.1007/s10439-024-03632-8,TRUE,FALSE,journal article,sn2024deal,04xfq0f34_sn2024deal_2024,false,NA,NA,NA,NA,0.0,NA,NA,NA,NA,NA,NA,NA,NA
https://ror.org/04xfq0f34,RWTH Aachen,2024,NA,10.1007/s10456-024-09910-2,TRUE,FALSE,journal article,sn2024deal,04xfq0f34_sn2024deal_2024,false,NA,NA,NA,NA,0.0,NA,NA,NA,NA,NA,NA,NA,NA
https://ror.org/04xfq0f34,RWTH Aachen,2024,NA,10.1007/s10489-024-05573-0,TRUE,FALSE,journal article,sn2024deal,04xfq0f34_sn2024deal_2024,false,NA,NA,NA,NA,0.0,NA,NA,NA,NA,NA,NA,NA,NA
https://ror.org/04xfq0f34,RWTH Aachen,2024,NA,10.1007/s10515-024-00481-6,TRUE,FALSE,journal article,sn2024deal,04xfq0f34_sn2024deal_2024,false,NA,NA,NA,NA,0.0,NA,NA,NA,NA,NA,NA,NA,NA
https://ror.org/04xfq0f34,RWTH Aachen,2024,NA,10.1007/s10518-024-02012-w,TRUE,FALSE,journal article,sn2024deal,04xfq0f34_sn2024deal_2024,false,NA,NA,NA,NA,0.0,NA,NA,NA,NA,NA,NA,NA,NA
https://ror.org/04xfq0f34,RWTH Aachen,2024,NA,10.1007/s10529-024-03493-0,TRUE,FALSE,journal article,sn2024deal,04xfq0f34_sn2024deal_2024,false,NA,NA,NA,NA,0.0,NA,NA,NA,NA,NA,NA,NA,NA
https://ror.org/04xfq0f34,RWTH Aachen,2024,NA,10.1007/s10567-024-00474-7,TRUE,FALSE,journal article,sn2024deal,04xfq0f34_sn2024deal_2024,false,NA,NA,NA,NA,0.0,NA,NA,NA,NA,NA,NA,NA,NA
https://ror.org/04xfq0f34,RWTH Aachen,2024,NA,10.1007/s10661-024-13096-x,TRUE,FALSE,journal article,sn2024deal,04xfq0f34_sn2024deal_2024,false,NA,NA,NA,NA,0.0,NA,NA,NA,NA,NA,NA,NA,NA
https://ror.org/04xfq0f34,RWTH Aachen,2024,NA,10.1007/s10676-024-09792-4,TRUE,FALSE,journal article,sn2024deal,04xfq0f34_sn2024deal_2024,false,NA,NA,NA,NA,0.0,NA,NA,NA,NA,NA,NA,NA,NA
https://ror.org/04xfq0f34,RWTH Aachen,2024,NA,10.1007/s10676-024-09811-4,TRUE,FALSE,journal article,sn2024deal,04xfq0f34_sn2024deal_2024,false,NA,NA,NA,NA,0.0,NA,NA,NA,NA,NA,NA,NA,NA
https://ror.org/04xfq0f34,RWTH Aachen,2024,NA,10.1007/s10734-023-01164-z,TRUE,FALSE,journal article,sn2024deal,04xfq0f34_sn2024deal_2024,false,NA,NA,NA,NA,0.0,NA,NA,NA,NA,NA,NA,NA,NA
https://ror.org/04xfq0f34,RWTH Aachen,2024,NA,10.1007/s10758-023-09720-3,TRUE,FALSE,journal article,sn2024deal,04xfq0f34_sn2024deal_2024,false,NA,NA,NA,NA,0.0,NA,NA,NA,NA,NA,NA,NA,NA
https://ror.org/04xfq0f34,RWTH Aachen,2024,NA,10.1007/s10792-024-03325-0,TRUE,FALSE,journal article,sn2024deal,04xfq0f34_sn2024deal_2024,false,NA,NA,NA,NA,0.0,NA,NA,NA,NA,NA,NA,NA,NA
https://ror.org/04xfq0f34,RWTH Aachen,2024,NA,10.1007/s10805-024-09527-6,TRUE,FALSE,journal article,sn2024deal,04xfq0f34_sn2024deal_2024,false,NA,NA,NA,NA,0.0,NA,NA,NA,NA,NA,NA,NA,NA
https://ror.org/04xfq0f34,RWTH Aachen,2024,NA,10.1007/s10825-023-02125-6,TRUE,FALSE,journal article,sn2024deal,04xfq0f34_sn2024deal_2024,false,NA,NA,NA,NA,0.0,NA,NA,NA,NA,NA,NA,NA,NA
https://ror.org/04xfq0f34,RWTH Aachen,2024,NA,10.1007/s10836-024-06108-8,TRUE,FALSE,journal article,sn2024deal,04xfq0f34_sn2024deal_2024,false,NA,NA,NA,NA,0.0,NA,NA,NA,NA,NA,NA,NA,NA
https://ror.org/04xfq0f34,RWTH Aachen,2024,NA,10.1007/s10844-024-00873-w,TRUE,FALSE,journal article,sn2024deal,04xfq0f34_sn2024deal_2024,false,NA,NA,NA,NA,0.0,NA,NA,NA,NA,NA,NA,NA,NA
https://ror.org/04xfq0f34,RWTH Aachen,2024,NA,10.1007/s10845-023-02309-8,TRUE,FALSE,journal article,sn2024deal,04xfq0f34_sn2024deal_2024,false,NA,NA,NA,NA,0.0,NA,NA,NA,NA,NA,NA,NA,NA
https://ror.org/04xfq0f34,RWTH Aachen,2024,NA,10.1007/s10845-024-02405-3,TRUE,FALSE,journal article,sn2024deal,04xfq0f34_sn2024deal_2024,false,NA,NA,NA,NA,0.0,NA,NA,NA,NA,NA,NA,NA,NA
https://ror.org/04xfq0f34,RWTH Aachen,2024,NA,10.1007/s10845-024-02425-z,TRUE,FALSE,journal article,sn2024deal,04xfq0f34_sn2024deal_2024,false,NA,NA,NA,NA,0.0,NA,NA,NA,NA,NA,NA,NA,NA
https://ror.org/04xfq0f34,RWTH Aachen,2024,NA,10.1007/s10915-024-02478-5,TRUE,FALSE,journal article,sn2024deal,04xfq0f34_sn2024deal_2024,false,NA,NA,NA,NA,0.0,NA,NA,NA,NA,NA,NA,NA,NA
https://ror.org/04xfq0f34,RWTH Aachen,2024,NA,10.1007/s10915-024-02673-4,TRUE,FALSE,journal article,sn2024deal,04xfq0f34_sn2024deal_2024,false,NA,NA,NA,NA,0.0,NA,NA,NA,NA,NA,NA,NA,NA
https://ror.org/04xfq0f34,RWTH Aachen,2024,NA,10.1007/s10921-024-01110-8,TRUE,FALSE,journal article,sn2024deal,04xfq0f34_sn2024deal_2024,false,NA,NA,NA,NA,0.0,NA,NA,NA,NA,NA,NA,NA,NA
https://ror.org/04xfq0f34,RWTH Aachen,2024,NA,10.1007/s10958-024-07052-w,TRUE,FALSE,journal article,sn2024deal,04xfq0f34_sn2024deal_2024,false,NA,NA,NA,NA,0.0,NA,NA,NA,NA,NA,NA,NA,NA
https://ror.org/04xfq0f34,RWTH Aachen,2024,NA,10.1007/s10961-024-10151-0,TRUE,FALSE,journal article,sn2024deal,04xfq0f34_sn2024deal_2024,false,NA,NA,NA,NA,0.0,NA,NA,NA,NA,NA,NA,NA,NA
https://ror.org/04xfq0f34,RWTH Aachen,2024,NA,10.1007/s11024-024-09562-y,TRUE,FALSE,journal article,sn2024deal,04xfq0f34_sn2024deal_2024,false,NA,NA,NA,NA,0.0,NA,NA,NA,NA,NA,NA,NA,NA
https://ror.org/04xfq0f34,RWTH Aachen,2024,NA,10.1007/s11044-024-09984-2,TRUE,FALSE,journal article,sn2024deal,04xfq0f34_sn2024deal_2024,false,NA,NA,NA,NA,0.0,NA,NA,NA,NA,NA,NA,NA,NA
https://ror.org/04xfq0f34,RWTH Aachen,2024,NA,10.1007/s11044-024-10037-x,TRUE,FALSE,journal article,sn2024deal,04xfq0f34_sn2024deal_2024,false,NA,NA,NA,NA,0.0,NA,NA,NA,NA,NA,NA,NA,NA
https://ror.org/04xfq0f34,RWTH Aachen,2024,NA,10.1007/s11069-024-06563-8,TRUE,FALSE,journal article,sn2024deal,04xfq0f34_sn2024deal_2024,false,NA,NA,NA,NA,0.0,NA,NA,NA,NA,NA,NA,NA,NA
https://ror.org/04xfq0f34,RWTH Aachen,2024,NA,10.1007/s11097-024-10025-8,TRUE,FALSE,journal article,sn2024deal,04xfq0f34_sn2024deal_2024,false,NA,NA,NA,NA,0.0,NA,NA,NA,NA,NA,NA,NA,NA
https://ror.org/04xfq0f34,RWTH Aachen,2024,NA,10.1007/s11199-024-01474-1,TRUE,FALSE,journal article,sn2024deal,04xfq0f34_sn2024deal_2024,false,NA,NA,NA,NA,0.0,NA,NA,NA,NA,NA,NA,NA,NA
https://ror.org/04xfq0f34,RWTH Aachen,2024,NA,10.1007/s11222-024-10497-3,TRUE,FALSE,journal article,sn2024deal,04xfq0f34_sn2024deal_2024,false,NA,NA,NA,NA,0.0,NA,NA,NA,NA,NA,NA,NA,NA
https://ror.org/04xfq0f34,RWTH Aachen,2024,NA,10.1007/s11222-024-10508-3,TRUE,FALSE,journal article,sn2024deal,04xfq0f34_sn2024deal_2024,false,NA,NA,NA,NA,0.0,NA,NA,NA,NA,NA,NA,NA,NA
https://ror.org/04xfq0f34,RWTH Aachen,2024,NA,10.1007/s11222-024-10544-z,TRUE,FALSE,journal article,sn2024deal,04xfq0f34_sn2024deal_2024,false,NA,NA,NA,NA,0.0,NA,NA,NA,NA,NA,NA,NA,NA
https://ror.org/04xfq0f34,RWTH Aachen,2024,NA,10.1007/s11227-024-05945-w,TRUE,FALSE,journal article,sn2024deal,04xfq0f34_sn2024deal_2024,false,NA,NA,NA,NA,0.0,NA,NA,NA,NA,NA,NA,NA,NA
https://ror.org/04xfq0f34,RWTH Aachen,2024,NA,10.1007/s11245-024-10051-w,TRUE,FALSE,journal article,sn2024deal,04xfq0f34_sn2024deal_2024,false,NA,NA,NA,NA,0.0,NA,NA,NA,NA,NA,NA,NA,NA
https://ror.org/04xfq0f34,RWTH Aachen,2024,NA,10.1007/s11252-024-01626-x,TRUE,FALSE,journal article,sn2024deal,04xfq0f34_sn2024deal_2024,false,NA,NA,NA,NA,0.0,NA,NA,NA,NA,NA,NA,NA,NA
https://ror.org/04xfq0f34,RWTH Aachen,2024,NA,10.1007/s11280-024-01237-8,TRUE,FALSE,journal article,sn2024deal,04xfq0f34_sn2024deal_2024,false,NA,NA,NA,NA,0.0,NA,NA,NA,NA,NA,NA,NA,NA
https://ror.org/04xfq0f34,RWTH Aachen,2024,NA,10.1007/s11356-024-33216-x,TRUE,FALSE,journal article,sn2024deal,04xfq0f34_sn2024deal_2024,false,NA,NA,NA,NA,0.0,NA,NA,NA,NA,NA,NA,NA,NA
https://ror.org/04xfq0f34,RWTH Aachen,2024,NA,10.1007/s11367-024-02305-x,TRUE,FALSE,journal article,sn2024deal,04xfq0f34_sn2024deal_2024,false,NA,NA,NA,NA,0.0,NA,NA,NA,NA,NA,NA,NA,NA
https://ror.org/04xfq0f34,RWTH Aachen,2024,NA,10.1007/s11367-024-02359-x,TRUE,FALSE,journal article,sn2024deal,04xfq0f34_sn2024deal_2024,false,NA,NA,NA,NA,0.0,NA,NA,NA,NA,NA,NA,NA,NA
https://ror.org/04xfq0f34,RWTH Aachen,2024,NA,10.1007/s11367-024-02400-z,TRUE,FALSE,journal article,sn2024deal,04xfq0f34_sn2024deal_2024,false,NA,NA,NA,NA,0.0,NA,NA,NA,NA,NA,NA,NA,NA
https://ror.org/04xfq0f34,RWTH Aachen,2024,NA,10.1007/s11408-024-00444-7,TRUE,FALSE,journal article,sn2024deal,04xfq0f34_sn2024deal_2024,false,NA,NA,NA,NA,0.0,NA,NA,NA,NA,NA,NA,NA,NA
https://ror.org/04xfq0f34,RWTH Aachen,2024,NA,10.1007/s11409-024-09411-z,TRUE,FALSE,journal article,sn2024deal,04xfq0f34_sn2024deal_2024,false,NA,NA,NA,NA,0.0,NA,NA,NA,NA,NA,NA,NA,NA
https://ror.org/04xfq0f34,RWTH Aachen,2024,NA,10.1007/s11440-024-02259-2,TRUE,FALSE,journal article,sn2024deal,04xfq0f34_sn2024deal_2024,false,NA,NA,NA,NA,0.0,NA,NA,NA,NA,NA,NA,NA,NA
https://ror.org/04xfq0f34,RWTH Aachen,2024,NA,10.1007/s11548-024-03144-9,TRUE,FALSE,journal article,sn2024deal,04xfq0f34_sn2024deal_2024,false,NA,NA,NA,NA,0.0,NA,NA,NA,NA,NA,NA,NA,NA
https://ror.org/04xfq0f34,RWTH Aachen,2024,NA,10.1007/s11548-024-03285-x,TRUE,FALSE,journal article,sn2024deal,04xfq0f34_sn2024deal_2024,false,NA,NA,NA,NA,0.0,NA,NA,NA,NA,NA,NA,NA,NA
https://ror.org/04xfq0f34,RWTH Aachen,2024,NA,10.1007/s11579-024-00366-y,TRUE,FALSE,journal article,sn2024deal,04xfq0f34_sn2024deal_2024,false,NA,NA,NA,NA,0.0,NA,NA,NA,NA,NA,NA,NA,NA
https://ror.org/04xfq0f34,RWTH Aachen,2024,NA,10.1007/s11587-024-00862-9,TRUE,FALSE,journal article,sn2024deal,04xfq0f34_sn2024deal_2024,false,NA,NA,NA,NA,0.0,NA,NA,NA,NA,NA,NA,NA,NA
https://ror.org/04xfq0f34,RWTH Aachen,2024,NA,10.1007/s11613-024-00874-2,TRUE,FALSE,journal article,sn2024deal,04xfq0f34_sn2024deal_2024,false,NA,NA,NA,NA,0.0,NA,NA,NA,NA,NA,NA,NA,NA
https://ror.org/04xfq0f34,RWTH Aachen,2024,NA,10.1007/s11661-024-07390-z,TRUE,FALSE,journal article,sn2024deal,04xfq0f34_sn2024deal_2024,false,NA,NA,NA,NA,0.0,NA,NA,NA,NA,NA,NA,NA,NA
https://ror.org/04xfq0f34,RWTH Aachen,2024,NA,10.1007/s11661-024-07655-7,TRUE,FALSE,journal article,sn2024deal,04xfq0f34_sn2024deal_2024,false,NA,NA,NA,NA,0.0,NA,NA,NA,NA,NA,NA,NA,NA
https://ror.org/04xfq0f34,RWTH Aachen,2024,NA,10.1007/s11663-024-03136-9,TRUE,FALSE,journal article,sn2024deal,04xfq0f34_sn2024deal_2024,false,NA,NA,NA,NA,0.0,NA,NA,NA,NA,NA,NA,NA,NA
https://ror.org/04xfq0f34,RWTH Aachen,2024,NA,10.1007/s11666-024-01715-5,TRUE,FALSE,journal article,sn2024deal,04xfq0f34_sn2024deal_2024,false,NA,NA,NA,NA,0.0,NA,NA,NA,NA,NA,NA,NA,NA
https://ror.org/04xfq0f34,RWTH Aachen,2024,NA,10.1007/s11666-024-01722-6,TRUE,FALSE,journal article,sn2024deal,04xfq0f34_sn2024deal_2024,false,NA,NA,NA,NA,0.0,NA,NA,NA,NA,NA,NA,NA,NA
https://ror.org/04xfq0f34,RWTH Aachen,2024,NA,10.1007/s11701-024-02140-0,TRUE,FALSE,journal article,sn2024deal,04xfq0f34_sn2024deal_2024,false,NA,NA,NA,NA,0.0,NA,NA,NA,NA,NA,NA,NA,NA
https://ror.org/04xfq0f34,RWTH Aachen,2024,NA,10.1007/s11740-024-01291-1,TRUE,FALSE,journal article,sn2024deal,04xfq0f34_sn2024deal_2024,false,NA,NA,NA,NA,0.0,NA,NA,NA,NA,NA,NA,NA,NA
https://ror.org/04xfq0f34,RWTH Aachen,2024,NA,10.1007/s11757-024-00845-4,TRUE,FALSE,journal article,sn2024deal,04xfq0f34_sn2024deal_2024,false,NA,NA,NA,NA,0.0,NA,NA,NA,NA,NA,NA,NA,NA
https://ror.org/04xfq0f34,RWTH Aachen,2024,NA,10.1007/s11846-024-00771-z,TRUE,FALSE,journal article,sn2024deal,04xfq0f34_sn2024deal_2024,false,NA,NA,NA,NA,0.0,NA,NA,NA,NA,NA,NA,NA,NA
https://ror.org/04xfq0f34,RWTH Aachen,2024,NA,10.1007/s12031-024-02223-5,TRUE,FALSE,journal article,sn2024deal,04xfq0f34_sn2024deal_2024,false,NA,NA,NA,NA,0.0,NA,NA,NA,NA,NA,NA,NA,NA
https://ror.org/04xfq0f34,RWTH Aachen,2024,NA,10.1007/s12053-024-10285-y,TRUE,FALSE,journal article,sn2024deal,04xfq0f34_sn2024deal_2024,false,NA,NA,NA,NA,0.0,NA,NA,NA,NA,NA,NA,NA,NA
https://ror.org/04xfq0f34,RWTH Aachen,2024,NA,10.1007/s12268-024-2134-9,TRUE,FALSE,journal article,sn2024deal,04xfq0f34_sn2024deal_2024,false,NA,NA,NA,NA,0.0,NA,NA,NA,NA,NA,NA,NA,NA
https://ror.org/04xfq0f34,RWTH Aachen,2024,NA,10.1007/s12289-024-01839-7,TRUE,FALSE,journal article,sn2024deal,04xfq0f34_sn2024deal_2024,false,NA,NA,NA,NA,0.0,NA,NA,NA,NA,NA,NA,NA,NA
https://ror.org/04xfq0f34,RWTH Aachen,2024,NA,10.1007/s12289-024-01847-7,TRUE,FALSE,journal article,sn2024deal,04xfq0f34_sn2024deal_2024,false,NA,NA,NA,NA,0.0,NA,NA,NA,NA,NA,NA,NA,NA
https://ror.org/04xfq0f34,RWTH Aachen,2024,NA,10.1007/s12541-023-00948-8,TRUE,FALSE,journal article,sn2024deal,04xfq0f34_sn2024deal_2024,false,NA,NA,NA,NA,0.0,NA,NA,NA,NA,NA,NA,NA,NA
https://ror.org/04xfq0f34,RWTH Aachen,2024,NA,10.1007/s12665-024-11609-y,TRUE,FALSE,journal article,sn2024deal,04xfq0f34_sn2024deal_2024,false,NA,NA,NA,NA,0.0,NA,NA,NA,NA,NA,NA,NA,NA
https://ror.org/04xfq0f34,RWTH Aachen,2024,NA,10.1007/s12665-024-11920-8,TRUE,FALSE,journal article,sn2024deal,04xfq0f34_sn2024deal_2024,false,NA,NA,NA,NA,0.0,NA,NA,NA,NA,NA,NA,NA,NA
https://ror.org/04xfq0f34,RWTH Aachen,2024,NA,10.1007/s13164-024-00746-9,TRUE,FALSE,journal article,sn2024deal,04xfq0f34_sn2024deal_2024,false,NA,NA,NA,NA,0.0,NA,NA,NA,NA,NA,NA,NA,NA
https://ror.org/04xfq0f34,RWTH Aachen,2024,NA,10.1007/s13194-024-00569-6,TRUE,FALSE,journal article,sn2024deal,04xfq0f34_sn2024deal_2024,false,NA,NA,NA,NA,0.0,NA,NA,NA,NA,NA,NA,NA,NA
https://ror.org/04xfq0f34,RWTH Aachen,2024,NA,10.1007/s13206-024-00177-9,TRUE,FALSE,journal article,sn2024deal,04xfq0f34_sn2024deal_2024,false,NA,NA,NA,NA,0.0,NA,NA,NA,NA,NA,NA,NA,NA
https://ror.org/04xfq0f34,RWTH Aachen,2024,NA,10.1007/s13239-024-00739-w,TRUE,FALSE,journal article,sn2024deal,04xfq0f34_sn2024deal_2024,false,NA,NA,NA,NA,0.0,NA,NA,NA,NA,NA,NA,NA,NA
https://ror.org/04xfq0f34,RWTH Aachen,2024,NA,10.1007/s13272-024-00728-8,TRUE,FALSE,journal article,sn2024deal,04xfq0f34_sn2024deal_2024,false,NA,NA,NA,NA,0.0,NA,NA,NA,NA,NA,NA,NA,NA
https://ror.org/04xfq0f34,RWTH Aachen,2024,NA,10.1007/s13272-024-00762-6,TRUE,FALSE,journal article,sn2024deal,04xfq0f34_sn2024deal_2024,false,NA,NA,NA,NA,0.0,NA,NA,NA,NA,NA,NA,NA,NA
https://ror.org/04xfq0f34,RWTH Aachen,2024,NA,10.1007/s13272-024-00788-w,TRUE,FALSE,journal article,sn2024deal,04xfq0f34_sn2024deal_2024,false,NA,NA,NA,NA,0.0,NA,NA,NA,NA,NA,NA,NA,NA
https://ror.org/04xfq0f34,RWTH Aachen,2024,NA,10.1007/s13272-024-00798-8,TRUE,FALSE,journal article,sn2024deal,04xfq0f34_sn2024deal_2024,false,NA,NA,NA,NA,0.0,NA,NA,NA,NA,NA,NA,NA,NA
https://ror.org/04xfq0f34,RWTH Aachen,2024,NA,10.1007/s13346-024-01561-6,TRUE,FALSE,journal article,sn2024deal,04xfq0f34_sn2024deal_2024,false,NA,NA,NA,NA,0.0,NA,NA,NA,NA,NA,NA,NA,NA
https://ror.org/04xfq0f34,RWTH Aachen,2024,NA,10.1007/s13347-024-00760-w,TRUE,FALSE,journal article,sn2024deal,04xfq0f34_sn2024deal_2024,false,NA,NA,NA,NA,0.0,NA,NA,NA,NA,NA,NA,NA,NA
https://ror.org/04xfq0f34,RWTH Aachen,2024,NA,10.1007/s13347-024-00774-4,TRUE,FALSE,journal article,sn2024deal,04xfq0f34_sn2024deal_2024,false,NA,NA,NA,NA,0.0,NA,NA,NA,NA,NA,NA,NA,NA
https://ror.org/04xfq0f34,RWTH Aachen,2024,NA,10.1007/s13366-024-00738-x,TRUE,FALSE,journal article,sn2024deal,04xfq0f34_sn2024deal_2024,false,NA,NA,NA,NA,0.0,NA,NA,NA,NA,NA,NA,NA,NA
https://ror.org/04xfq0f34,RWTH Aachen,2024,NA,10.1007/s13366-024-00763-w,TRUE,FALSE,journal article,sn2024deal,04xfq0f34_sn2024deal_2024,false,NA,NA,NA,NA,0.0,NA,NA,NA,NA,NA,NA,NA,NA
https://ror.org/04xfq0f34,RWTH Aachen,2024,NA,10.1007/s13762-024-05670-0,TRUE,FALSE,journal article,sn2024deal,04xfq0f34_sn2024deal_2024,false,NA,NA,NA,NA,0.0,NA,NA,NA,NA,NA,NA,NA,NA
https://ror.org/04xfq0f34,RWTH Aachen,2024,NA,10.1007/s13762-024-05788-1,TRUE,FALSE,journal article,sn2024deal,04xfq0f34_sn2024deal_2024,false,NA,NA,NA,NA,0.0,NA,NA,NA,NA,NA,NA,NA,NA
https://ror.org/04xfq0f34,RWTH Aachen,2024,NA,10.1007/s40194-024-01756-y,TRUE,FALSE,journal article,sn2024deal,04xfq0f34_sn2024deal_2024,false,NA,NA,NA,NA,0.0,NA,NA,NA,NA,NA,NA,NA,NA
https://ror.org/04xfq0f34,RWTH Aachen,2024,NA,10.1007/s40194-024-01895-2,TRUE,FALSE,journal article,sn2024deal,04xfq0f34_sn2024deal_2024,false,NA,NA,NA,NA,0.0,NA,NA,NA,NA,NA,NA,NA,NA
https://ror.org/04xfq0f34,RWTH Aachen,2024,NA,10.1007/s40194-024-01901-7,TRUE,FALSE,journal article,sn2024deal,04xfq0f34_sn2024deal_2024,false,NA,NA,NA,NA,0.0,NA,NA,NA,NA,NA,NA,NA,NA
https://ror.org/04xfq0f34,RWTH Aachen,2024,NA,10.1007/s40629-024-00294-9,TRUE,FALSE,journal article,sn2024deal,04xfq0f34_sn2024deal_2024,false,NA,NA,NA,NA,0.0,NA,NA,NA,NA,NA,NA,NA,NA
https://ror.org/04xfq0f34,RWTH Aachen,2024,NA,10.1007/s40629-024-00295-8,TRUE,FALSE,journal article,sn2024deal,04xfq0f34_sn2024deal_2024,false,NA,NA,NA,NA,0.0,NA,NA,NA,NA,NA,NA,NA,NA
https://ror.org/04xfq0f34,RWTH Aachen,2024,NA,10.1007/s40664-024-00557-w,TRUE,FALSE,journal article,sn2024deal,04xfq0f34_sn2024deal_2024,false,NA,NA,NA,NA,0.0,NA,NA,NA,NA,NA,NA,NA,NA
https://ror.org/04xfq0f34,RWTH Aachen,2024,NA,10.1007/s40670-024-02240-4,TRUE,FALSE,journal article,sn2024deal,04xfq0f34_sn2024deal_2024,false,NA,NA,NA,NA,0.0,NA,NA,NA,NA,NA,NA,NA,NA
https://ror.org/04xfq0f34,RWTH Aachen,2024,NA,10.1007/s40687-023-00410-1,TRUE,FALSE,journal article,sn2024deal,04xfq0f34_sn2024deal_2024,false,NA,NA,NA,NA,0.0,NA,NA,NA,NA,NA,NA,NA,NA
https://ror.org/04xfq0f34,RWTH Aachen,2024,NA,10.1007/s40825-024-00240-9,TRUE,FALSE,journal article,sn2024deal,04xfq0f34_sn2024deal_2024,false,NA,NA,NA,NA,0.0,NA,NA,NA,NA,NA,NA,NA,NA
https://ror.org/04xfq0f34,RWTH Aachen,2024,NA,10.1007/s40940-024-00254-3,TRUE,FALSE,journal article,sn2024deal,04xfq0f34_sn2024deal_2024,false,NA,NA,NA,NA,0.0,NA,NA,NA,NA,NA,NA,NA,NA
https://ror.org/04xfq0f34,RWTH Aachen,2024,NA,10.1007/s40962-023-01222-3,TRUE,FALSE,journal article,sn2024deal,04xfq0f34_sn2024deal_2024,false,NA,NA,NA,NA,0.0,NA,NA,NA,NA,NA,NA,NA,NA
https://ror.org/04xfq0f34,RWTH Aachen,2024,NA,10.1007/s40962-023-01238-9,TRUE,FALSE,journal article,sn2024deal,04xfq0f34_sn2024deal_2024,false,NA,NA,NA,NA,0.0,NA,NA,NA,NA,NA,NA,NA,NA
https://ror.org/04xfq0f34,RWTH Aachen,2024,NA,10.1007/s40962-024-01288-7,TRUE,FALSE,journal article,sn2024deal,04xfq0f34_sn2024deal_2024,false,NA,NA,NA,NA,0.0,NA,NA,NA,NA,NA,NA,NA,NA
https://ror.org/04xfq0f34,RWTH Aachen,2024,NA,10.1007/s40962-024-01359-9,TRUE,FALSE,journal article,sn2024deal,04xfq0f34_sn2024deal_2024,false,NA,NA,NA,NA,0.0,NA,NA,NA,NA,NA,NA,NA,NA
https://ror.org/04xfq0f34,RWTH Aachen,2024,NA,10.1007/s40962-024-01398-2,TRUE,FALSE,journal article,sn2024deal,04xfq0f34_sn2024deal_2024,false,NA,NA,NA,NA,0.0,NA,NA,NA,NA,NA,NA,NA,NA
https://ror.org/04xfq0f34,RWTH Aachen,2024,NA,10.1007/s40964-024-00873-w,TRUE,FALSE,journal article,sn2024deal,04xfq0f34_sn2024deal_2024,false,NA,NA,NA,NA,0.0,NA,NA,NA,NA,NA,NA,NA,NA
https://ror.org/04xfq0f34,RWTH Aachen,2024,NA,10.1007/s41449-024-00418-5,TRUE,FALSE,journal article,sn2024deal,04xfq0f34_sn2024deal_2024,false,NA,NA,NA,NA,0.0,NA,NA,NA,NA,NA,NA,NA,NA
https://ror.org/04xfq0f34,RWTH Aachen,2024,NA,10.1007/s41449-024-00438-1,TRUE,FALSE,journal article,sn2024deal,04xfq0f34_sn2024deal_2024,false,NA,NA,NA,NA,0.0,NA,NA,NA,NA,NA,NA,NA,NA
https://ror.org/04xfq0f34,RWTH Aachen,2024,NA,10.1007/s41449-024-00440-7,TRUE,FALSE,journal article,sn2024deal,04xfq0f34_sn2024deal_2024,false,NA,NA,NA,NA,0.0,NA,NA,NA,NA,NA,NA,NA,NA
https://ror.org/04xfq0f34,RWTH Aachen,2024,NA,10.1007/s41682-024-00170-x,TRUE,FALSE,journal article,sn2024deal,04xfq0f34_sn2024deal_2024,false,NA,NA,NA,NA,0.0,NA,NA,NA,NA,NA,NA,NA,NA
https://ror.org/04xfq0f34,RWTH Aachen,2024,NA,10.1007/s41693-024-00114-0,TRUE,FALSE,journal article,sn2024deal,04xfq0f34_sn2024deal_2024,false,NA,NA,NA,NA,0.0,NA,NA,NA,NA,NA,NA,NA,NA
https://ror.org/04xfq0f34,RWTH Aachen,2024,NA,10.1007/s41693-024-00121-1,TRUE,FALSE,journal article,sn2024deal,04xfq0f34_sn2024deal_2024,false,NA,NA,NA,NA,0.0,NA,NA,NA,NA,NA,NA,NA,NA
https://ror.org/04xfq0f34,RWTH Aachen,2024,NA,10.1007/s41975-024-00374-7,TRUE,FALSE,journal article,sn2024deal,04xfq0f34_sn2024deal_2024,false,NA,NA,NA,NA,0.0,NA,NA,NA,NA,NA,NA,NA,NA
https://ror.org/04xfq0f34,RWTH Aachen,2024,NA,10.1007/s41999-024-01100-z,TRUE,FALSE,journal article,sn2024deal,04xfq0f34_sn2024deal_2024,false,NA,NA,NA,NA,0.0,NA,NA,NA,NA,NA,NA,NA,NA
https://ror.org/04xfq0f34,RWTH Aachen,2024,NA,10.1007/s42154-024-00292-1,TRUE,FALSE,journal article,sn2024deal,04xfq0f34_sn2024deal_2024,false,NA,NA,NA,NA,0.0,NA,NA,NA,NA,NA,NA,NA,NA
https://ror.org/04xfq0f34,RWTH Aachen,2024,NA,10.1007/s42558-024-00056-1,TRUE,FALSE,journal article,sn2024deal,04xfq0f34_sn2024deal_2024,false,NA,NA,NA,NA,0.0,NA,NA,NA,NA,NA,NA,NA,NA
https://ror.org/04xfq0f34,RWTH Aachen,2024,NA,10.1007/s42558-024-00060-5,TRUE,FALSE,journal article,sn2024deal,04xfq0f34_sn2024deal_2024,false,NA,NA,NA,NA,0.0,NA,NA,NA,NA,NA,NA,NA,NA
https://ror.org/04xfq0f34,RWTH Aachen,2024,NA,10.1007/s42597-024-00126-1,TRUE,FALSE,journal article,sn2024deal,04xfq0f34_sn2024deal_2024,false,NA,NA,NA,NA,0.0,NA,NA,NA,NA,NA,NA,NA,NA
https://ror.org/04xfq0f34,RWTH Aachen,2024,NA,10.1007/s42979-024-03008-8,TRUE,FALSE,journal article,sn2024deal,04xfq0f34_sn2024deal_2024,false,NA,NA,NA,NA,0.0,NA,NA,NA,NA,NA,NA,NA,NA
https://ror.org/04xfq0f34,RWTH Aachen,2024,NA,10.1007/s43069-024-00371-3,TRUE,FALSE,journal article,sn2024deal,04xfq0f34_sn2024deal_2024,false,NA,NA,NA,NA,0.0,NA,NA,NA,NA,NA,NA,NA,NA
https://ror.org/04xfq0f34,RWTH Aachen,2024,NA,10.1007/s43152-024-00056-3,TRUE,FALSE,journal article,sn2024deal,04xfq0f34_sn2024deal_2024,false,NA,NA,NA,NA,0.0,NA,NA,NA,NA,NA,NA,NA,NA
https://ror.org/04xfq0f34,RWTH Aachen,2024,NA,10.1007/s43217-023-00160-8,TRUE,FALSE,journal article,sn2024deal,04xfq0f34_sn2024deal_2024,false,NA,NA,NA,NA,0.0,NA,NA,NA,NA,NA,NA,NA,NA
https://ror.org/04xfq0f34,RWTH Aachen,2024,NA,10.1007/s43615-024-00396-0,TRUE,FALSE,journal article,sn2024deal,04xfq0f34_sn2024deal_2024,false,NA,NA,NA,NA,0.0,NA,NA,NA,NA,NA,NA,NA,NA
https://ror.org/04xfq0f34,RWTH Aachen,2024,NA,10.1007/s43615-024-00443-w,TRUE,FALSE,journal article,sn2024deal,04xfq0f34_sn2024deal_2024,false,NA,NA,NA,NA,0.0,NA,NA,NA,NA,NA,NA,NA,NA
https://ror.org/04xfq0f34,RWTH Aachen,2024,NA,10.1007/s43670-023-00080-8,TRUE,FALSE,journal article,sn2024deal,04xfq0f34_sn2024deal_2024,false,NA,NA,NA,NA,0.0,NA,NA,NA,NA,NA,NA,NA,NA
https://ror.org/04xfq0f34,RWTH Aachen,2024,NA,10.1007/s44206-024-00148-5,TRUE,FALSE,journal article,sn2024deal,04xfq0f34_sn2024deal_2024,false,NA,NA,NA,NA,0.0,NA,NA,NA,NA,NA,NA,NA,NA
https://ror.org/04xfq0f34,RWTH Aachen,2024,NA,10.1007/s44211-024-00691-8,TRUE,FALSE,journal article,sn2024deal,04xfq0f34_sn2024deal_2024,false,NA,NA,NA,NA,0.0,NA,NA,NA,NA,NA,NA,NA,NA
https://ror.org/04xfq0f34,RWTH Aachen,2024,NA,10.1038/s41375-024-02320-9,TRUE,FALSE,journal article,sn2024deal,04xfq0f34_sn2024deal_2024,false,NA,NA,NA,NA,0.0,NA,NA,NA,NA,NA,NA,NA,NA
https://ror.org/04xfq0f34,RWTH Aachen,2024,NA,10.1038/s41380-024-02601-w,TRUE,FALSE,journal article,sn2024deal,04xfq0f34_sn2024deal_2024,false,NA,NA,NA,NA,0.0,NA,NA,NA,NA,NA,NA,NA,NA
https://ror.org/04xfq0f34,RWTH Aachen,2024,NA,10.1038/s41380-024-02628-z,TRUE,FALSE,journal article,sn2024deal,04xfq0f34_sn2024deal_2024,false,NA,NA,NA,NA,0.0,NA,NA,NA,NA,NA,NA,NA,NA
https://ror.org/04xfq0f34,RWTH Aachen,2024,NA,10.1038/s41380-024-02669-4,TRUE,FALSE,journal article,sn2024deal,04xfq0f34_sn2024deal_2024,false,NA,NA,NA,NA,0.0,NA,NA,NA,NA,NA,NA,NA,NA
https://ror.org/04xfq0f34,RWTH Aachen,2024,NA,10.1038/s41380-024-02854-5,TRUE,FALSE,journal article,sn2024deal,04xfq0f34_sn2024deal_2024,false,NA,NA,NA,NA,0.0,NA,NA,NA,NA,NA,NA,NA,NA
https://ror.org/04xfq0f34,RWTH Aachen,2024,NA,10.1038/s41409-024-02226-1,TRUE,FALSE,journal article,sn2024deal,04xfq0f34_sn2024deal_2024,false,NA,NA,NA,NA,0.0,NA,NA,NA,NA,NA,NA,NA,NA
https://ror.org/04xfq0f34,RWTH Aachen,2024,NA,10.1038/s41428-023-00863-9,TRUE,FALSE,journal article,sn2024deal,04xfq0f34_sn2024deal_2024,false,NA,NA,NA,NA,0.0,NA,NA,NA,NA,NA,NA,NA,NA
https://ror.org/04xfq0f34,RWTH Aachen,2024,NA,10.1057/s41272-023-00455-5,TRUE,FALSE,journal article,sn2024deal,04xfq0f34_sn2024deal_2024,false,NA,NA,NA,NA,0.0,NA,NA,NA,NA,NA,NA,NA,NA
https://ror.org/04xfq0f34,RWTH Aachen,2024,NA,10.1140/epjh/s13129-024-00067-6,TRUE,FALSE,journal article,sn2024deal,04xfq0f34_sn2024deal_2024,false,NA,NA,NA,NA,0.0,NA,NA,NA,NA,NA,NA,NA,NA
https://ror.org/04xfq0f34,RWTH Aachen,2024,NA,10.1140/epjs/s11734-024-01436-4,TRUE,FALSE,journal article,sn2024deal,04xfq0f34_sn2024deal_2024,false,NA,NA,NA,NA,0.0,NA,NA,NA,NA,NA,NA,NA,NA
https://ror.org/04xfq0f34,RWTH Aachen,2024,NA,10.1557/s43578-024-01473-8,TRUE,FALSE,journal article,sn2024deal,04xfq0f34_sn2024deal_2024,false,NA,NA,NA,NA,0.0,NA,NA,NA,NA,NA,NA,NA,NA
https://ror.org/04xfq0f34,RWTH Aachen,2024,NA,10.1557/s43580-024-00792-6,TRUE,FALSE,journal article,sn2024deal,04xfq0f34_sn2024deal_2024,false,NA,NA,NA,NA,0.0,NA,NA,NA,NA,NA,NA,NA,NA
https://ror.org/04xfq0f34,RWTH Aachen,2024,NA,10.1617/s11527-024-02453-4,TRUE,FALSE,journal article,sn2024deal,04xfq0f34_sn2024deal_2024,false,NA,NA,NA,NA,0.0,NA,NA,NA,NA,NA,NA,NA,NA
https://ror.org/04xfq0f34,RWTH Aachen,2024,NA,10.3758/s13414-023-02841-y,TRUE,FALSE,journal article,sn2024deal,04xfq0f34_sn2024deal_2024,false,NA,NA,NA,NA,0.0,NA,NA,NA,NA,NA,NA,NA,NA
https://ror.org/04xfq0f34,RWTH Aachen,2024,NA,10.3758/s13421-023-01510-7,TRUE,FALSE,journal article,sn2024deal,04xfq0f34_sn2024deal_2024,false,NA,NA,NA,NA,0.0,NA,NA,NA,NA,NA,NA,NA,NA
https://ror.org/04xfq0f34,RWTH Aachen,2024,NA,10.3758/s13421-024-01536-5,TRUE,FALSE,journal article,sn2024deal,04xfq0f34_sn2024deal_2024,false,NA,NA,NA,NA,0.0,NA,NA,NA,NA,NA,NA,NA,NA
https://ror.org/04xfq0f34,RWTH Aachen,2024,NA,10.3758/s13421-024-01539-2,TRUE,FALSE,journal article,sn2024deal,04xfq0f34_sn2024deal_2024,false,NA,NA,NA,NA,0.0,NA,NA,NA,NA,NA,NA,NA,NA
