institution;period;euro;doi;is_hybrid;agreement
MPG;2023;1262,59;10.1016/j.nme.2023.101559;FALSE;els2023deal
MPG;2023;2761,34;10.1016/j.isci.2023.108321;FALSE;els2023deal
MPG;2023;2267,14;10.1016/j.neures.2023.11.006;FALSE;els2023deal
MPG;2023;1262,59;10.1016/j.nme.2023.101563;FALSE;els2023deal
MPG;2023;1327,10;10.1016/j.actpsy.2023.104073;FALSE;els2023deal
MPG;2023;2350,08;10.1016/j.matdes.2023.112507;FALSE;els2023deal
MPG;2023;2350,08;10.1016/j.matdes.2023.112471;FALSE;els2023deal
MPG;2024;4778,50;10.1016/j.celrep.2024.114844;FALSE;els2023deal
MPG;2024;2761,34;10.1016/j.isci.2023.108656;FALSE;els2023deal
MPG;2024;881,28;10.1016/j.jmro.2024.100183;FALSE;els2023deal
MPG;2024;464,49;10.1016/j.nme.2024.101823;FALSE;els2023deal
MPG;2024;2839,68;10.1016/j.isci.2024.111514;FALSE;els2023deal
MPG;2024;1677,31;10.1016/j.oceram.2024.100712;FALSE;els2023deal
MPG;2024;1548,29;10.1016/j.nme.2024.101789;FALSE;els2023deal
MPG;2024;2839,68;10.1016/j.isci.2024.111317;FALSE;els2023deal
MPG;2024;4778,50;10.1016/j.celrep.2024.114969;FALSE;els2023deal
MPG;2024;2064,38;10.1016/j.bionps.2024.100116;FALSE;els2023deal
MPG;2024;1732,61;10.1016/j.heliyon.2024.e39735;FALSE;els2023deal
MPG;2024;2792,45;10.1016/j.neo.2024.101058;FALSE;els2023deal
MPG;2024;691,20;10.1016/j.ssaho.2024.101204;FALSE;els2023deal
MPG;2024;2761,34;10.1016/j.isci.2024.109642;FALSE;els2023deal
MPG;2024;464,49;10.1016/j.nme.2024.101817;FALSE;els2023deal
MPG;2024;2761,34;10.1016/j.isci.2024.111180;FALSE;els2023deal
MPG;2024;2761,34;10.1016/j.isci.2023.108679;FALSE;els2023deal
MPG;2024;3207,17;10.1016/j.ynstr.2024.100687;FALSE;els2023deal
MPG;2024;1548,29;10.1016/j.nme.2024.101778;FALSE;els2023deal
MPG;2024;771,84;10.1016/j.xpro.2024.103410;FALSE;els2023deal
MPG;2024;2737,15;10.1016/j.bpsgos.2024.100414;FALSE;els2023deal
MPG;2024;2598,91;10.1016/j.isci.2024.111341;FALSE;els2023deal
MPG;2024;4778,50;10.1016/j.celrep.2024.114846;FALSE;els2023deal
MPG;2024;2761,34;10.1016/j.isci.2024.111542;FALSE;els2023deal
MPG;2024;2442,24;10.1016/j.invent.2024.100794;FALSE;els2023deal
MPG;2024;2761,34;10.1016/j.isci.2024.111276;FALSE;els2023deal
MPG;2024;1677,31;10.1016/j.actpsy.2024.104548;FALSE;els2023deal
MPG;2024;1520,64;10.1016/j.nme.2024.101595;FALSE;els2023deal
MPG;2024;2691,07;10.1016/j.matdes.2024.113411;FALSE;els2023deal
MPG;2024;2322,43;10.1016/j.ssmph.2024.101615;FALSE;els2023deal
MPG;2024;2755,58;10.1016/j.dcn.2024.101347;FALSE;els2023deal
MPG;2024;3207,17;10.1016/j.molmet.2024.101902;FALSE;els2023deal
MPG;2024;2340,86;10.1016/j.yjsbx.2024.100098;FALSE;els2023deal
MPG;2024;709,63;10.1016/j.dib.2024.110032;FALSE;els2023deal
MPG;2024;1520,64;10.1016/j.nme.2024.101617;FALSE;els2023deal
MPG;2024;1446,91;10.1016/j.nme.2024.101591;FALSE;els2023deal
MPG;2024;2525,18;10.1016/j.matdes.2024.112630;FALSE;els2023deal
MPG;2024;2442,24;10.1016/j.jcou.2024.102825;FALSE;els2023deal
MPG;2024;3329,28;10.1016/j.stemcr.2024.03.003;FALSE;els2023deal
MPG;2024;4778,50;10.1016/j.celrep.2024.114305;FALSE;els2023deal
MPG;2024;1752,77;10.1016/j.bpr.2024.100156;FALSE;els2023deal
MPG;2024;2267,14;10.1016/j.ejps.2024.106826;FALSE;els2023deal
MPG;2024;789,12;10.1016/j.nme.2024.101585;FALSE;els2023deal
MPG;2024;4553,28;10.1016/j.crmeth.2024.100720;FALSE;els2023deal
MPG;2024;4778,50;10.1016/j.xcrp.2024.101927;FALSE;els2023deal
MPG;2024;2101,25;10.1016/j.bbih.2024.100781;FALSE;els2023deal
MPG;2024;2761,34;10.1016/j.isci.2024.109421;FALSE;els2023deal
MPG;2024;2761,34;10.1016/j.isci.2024.109386;FALSE;els2023deal
MPG;2024;4778,50;10.1016/j.celrep.2024.113990;FALSE;els2023deal
MPG;2024;2761,34;10.1016/j.isci.2024.108940;FALSE;els2023deal
MPG;2024;1520,64;10.1016/j.nme.2024.101696;FALSE;els2023deal
MPG;2024;2761,34;10.1016/j.isci.2024.110106;FALSE;els2023deal
MPG;2024;2545,92;10.1016/j.isci.2024.110258;FALSE;els2023deal
MPG;2024;2644,99;10.1016/j.matdes.2024.112892;FALSE;els2023deal
MPG;2024;2761,34;10.1016/j.isci.2024.110201;FALSE;els2023deal
MPG;2024;4778,50;10.1016/j.celrep.2024.114456;FALSE;els2023deal
MPG;2024;2888,64;10.1016/j.xhgg.2024.100326;FALSE;els2023deal
MPG;2024;2761,34;10.1016/j.isci.2024.110472;FALSE;els2023deal
MPG;2024;2903,04;10.1016/j.neuroimage.2024.120730;FALSE;els2023deal
MPG;2024;2884,61;10.1016/j.nbd.2024.106607;FALSE;els2023deal
MPG;2024;1732,61;10.1016/j.heliyon.2024.e34910;FALSE;els2023deal
MPG;2024;2761,34;10.1016/j.isci.2024.110620;FALSE;els2023deal
MPG;2024;2903,04;10.1016/j.neuroimage.2024.120758;FALSE;els2023deal
MPG;2024;2644,99;10.1016/j.matdes.2024.113206;FALSE;els2023deal
MPG;2024;2903,04;10.1016/j.neuroimage.2024.120786;FALSE;els2023deal
MPG;2024;2761,34;10.1016/j.isci.2024.110774;FALSE;els2023deal
MPG;2024;1548,29;10.1016/j.nme.2024.101725;FALSE;els2023deal
MPG;2024;4778,50;10.1016/j.celrep.2024.114682;FALSE;els2023deal
MPG;2024;1732,61;10.1016/j.heliyon.2024.e36833;FALSE;els2023deal
MPG;2024;1732,61;10.1016/j.heliyon.2024.e36671;FALSE;els2023deal
MPG;2024;718,85;10.1016/j.dib.2024.110871;FALSE;els2023deal
MPG;2024;1548,29;10.1016/j.nme.2024.101730;FALSE;els2023deal
MPG;2024;789,12;10.1016/j.jmro.2024.100160;FALSE;els2023deal
MPG;2024;1972,22;10.1016/j.crm.2024.100651;FALSE;els2023deal
MPG;2024;1345,54;10.1016/j.websem.2024.100833;FALSE;els2023deal
MPG;2024;1548,29;10.1016/j.nme.2024.101742;FALSE;els2023deal
MPG;2024;1262,59;10.1016/j.multra.2023.100118;FALSE;els2023deal
MPG;2021;3340,80;10.1038/s41467-021-23585-z;FALSE;sn2020deal
MPG;2021;3340,80;10.1038/s41467-021-23722-8;FALSE;sn2020deal
MPG;2021;3340,80;10.1038/s41467-021-23643-6;FALSE;sn2020deal
MPG;2021;3340,80;10.1038/s41467-021-23999-9;FALSE;sn2020deal
MPG;2021;974,13;10.1057/s41599-021-00817-7;FALSE;sn2020deal
MPG;2021;1778,34;10.1038/s41598-021-92073-7;FALSE;sn2020deal
MPG;2021;884,74;10.1186/s40878-021-00233-5;FALSE;sn2020deal
MPG;2021;1778,34;10.1038/s41598-021-92553-w;FALSE;sn2020deal
MPG;2021;3340,80;10.1038/s41467-021-24222-5;FALSE;sn2020deal
MPG;2021;3340,80;10.1038/s41467-021-24103-x;FALSE;sn2020deal
MPG;2021;1898,17;10.1186/s12920-021-01003-z;FALSE;sn2020deal
MPG;2021;2177,86;10.1038/s43705-021-00028-w;FALSE;sn2020deal
MPG;2021;3340,80;10.1038/s41467-021-23557-3;FALSE;sn2020deal
MPG;2020;1687,49;10.1186/s12862-020-01649-w;FALSE;sn2020deal
MPG;2021;1778,34;10.1038/s41598-021-92054-w;FALSE;sn2020deal
MPG;2020;1682,41;10.1038/s41598-020-78275-5;FALSE;sn2020deal
MPG;2021;2932,99;10.1038/s42004-021-00530-1;FALSE;sn2020deal
MPG;2020;3271,20;10.1038/s41467-020-19903-6;FALSE;sn2020deal
MPG;2021;3340,80;10.1038/s41467-021-24292-5;FALSE;sn2020deal
MPG;2020;1682,41;10.1038/s41598-020-75712-3;FALSE;sn2020deal
MPG;2020;3271,20;10.1038/s41467-020-19759-w;FALSE;sn2020deal
MPG;2020;3271,20;10.1038/s41467-020-18456-y;FALSE;sn2020deal
MPG;2020;1811,00;10.1038/s41529-020-00143-4;FALSE;sn2020deal
MPG;2020;3271,20;10.1038/s41467-020-19224-8;FALSE;sn2020deal
MPG;2020;2871,89;10.1038/s42005-020-00469-0;FALSE;sn2020deal
MPG;2020;3271,20;10.1038/s41467-020-19229-3;FALSE;sn2020deal
MPG;2020;3271,20;10.1038/s41467-020-19983-4;FALSE;sn2020deal
MPG;2020;3271,20;10.1038/s41467-020-19564-5;FALSE;sn2020deal
MPG;2020;3271,20;10.1038/s41467-020-18035-1;FALSE;sn2020deal
MPG;2020;3271,20;10.1038/s41467-020-19530-1;FALSE;sn2020deal
MPG;2020;1682,41;10.1038/s41598-020-72626-y;FALSE;sn2020deal
MPG;2020;3271,20;10.1038/s41467-020-18347-2;FALSE;sn2020deal
MPG;2020;3271,20;10.1038/s41467-020-18595-2;FALSE;sn2020deal
MPG;2020;3271,20;10.1038/s41467-020-17925-8;FALSE;sn2020deal
MPG;2020;1958,21;10.1186/s12889-020-09631-3;FALSE;sn2020deal
MPG;2020;1682,41;10.1038/s41598-020-79720-1;FALSE;sn2020deal
MPG;2020;3271,20;10.1038/s41467-020-19051-x;FALSE;sn2020deal
MPG;2020;1682,41;10.1038/s41598-020-78336-9;FALSE;sn2020deal
MPG;2020;3271,20;10.1038/s41467-020-20000-x;FALSE;sn2020deal
MPG;2020;1682,41;10.1038/s41598-020-71504-x;FALSE;sn2020deal
MPG;2020;3271,20;10.1038/s41467-020-19383-8;FALSE;sn2020deal
MPG;2020;1615,30;10.1186/s12859-020-03837-3;FALSE;sn2020deal
MPG;2020;1682,41;10.1038/s41598-020-78293-3;FALSE;sn2020deal
MPG;2020;1682,41;10.1038/s41598-020-70311-8;FALSE;sn2020deal
MPG;2020;3271,20;10.1038/s41467-020-17881-3;FALSE;sn2020deal
MPG;2020;2871,89;10.1038/s42005-020-00407-0;FALSE;sn2020deal
MPG;2020;3271,20;10.1038/s41467-020-19353-0;FALSE;sn2020deal
MPG;2020;3096,92;10.1038/s41534-020-00316-8;FALSE;sn2020deal
MPG;2020;3271,20;10.1186/s13059-020-02215-9;FALSE;sn2020deal
MPG;2020;1682,41;10.1038/s41598-020-74884-2;FALSE;sn2020deal
MPG;2020;1682,41;10.1038/s41598-020-77845-x;FALSE;sn2020deal
MPG;2021;2457,96;10.1038/s41524-021-00571-z;FALSE;sn2020deal
MPG;2020;947,52;10.1007/s41109-020-00290-2;FALSE;sn2020deal
MPG;2021;1778,34;10.1038/s41598-021-92621-1;FALSE;sn2020deal
MPG;2020;3271,20;10.1038/s41467-020-18093-5;FALSE;sn2020deal
MPG;2021;3340,80;10.1038/s41467-021-24049-0;FALSE;sn2020deal
MPG;2020;3271,20;10.1038/s41467-020-19052-w;FALSE;sn2020deal
MPG;2021;3340,80;10.1038/s41467-021-24270-x;FALSE;sn2020deal
MPG;2020;1615,30;10.1186/s12859-020-03920-9;FALSE;sn2020deal
MPG;2021;1783,71;10.1186/s12864-021-07789-7;FALSE;sn2020deal
MPG;2020;1682,41;10.1038/s41598-020-77064-4;FALSE;sn2020deal
MPG;2021;2375,10;10.1186/s40478-021-01214-6;FALSE;sn2020deal
MPG;2020;3271,20;10.1038/s41467-020-19739-0;FALSE;sn2020deal
MPG;2021;3340,80;10.1038/s41467-021-24395-z;FALSE;sn2020deal
MPG;2020;3271,20;10.1038/s41467-020-19001-7;FALSE;sn2020deal
MPG;2021;1833,98;10.1186/s40462-021-00271-9;FALSE;sn2020deal
MPG;2020;1682,41;10.1038/s41598-020-77260-2;FALSE;sn2020deal
MPG;2021;3340,80;10.1038/s41467-021-24362-8;FALSE;sn2020deal
MPG;2020;3271,20;10.1038/s41467-020-20202-3;FALSE;sn2020deal
MPG;2021;1778,34;10.1038/s41597-021-00964-1;FALSE;sn2020deal
MPG;2020;1682,41;10.1038/s41598-020-74972-3;FALSE;sn2020deal
MPG;2021;1778,34;10.1038/s41598-021-93765-w;FALSE;sn2020deal
MPG;2020;3271,20;10.1038/s41467-020-19804-8;FALSE;sn2020deal
MPG;2021;3340,80;10.1038/s41467-021-24532-8;FALSE;sn2020deal
MPG;2020;1682,41;10.1038/s41598-020-69993-x;FALSE;sn2020deal
MPG;2021;1778,34;10.1038/s41598-021-93361-y;FALSE;sn2020deal
MPG;2020;3271,20;10.1038/s41467-020-17792-3;FALSE;sn2020deal
MPG;2021;974,13;10.1057/s41599-021-00830-w;FALSE;sn2020deal
MPG;2020;1682,41;10.1038/s41598-020-70324-3;FALSE;sn2020deal
MPG;2021;1011,09;10.1186/s13362-021-00109-4;FALSE;sn2020deal
MPG;2020;3271,20;10.1038/s41467-020-19773-y;FALSE;sn2020deal
MPG;2021;3340,80;10.1038/s41467-021-24223-4;FALSE;sn2020deal
MPG;2020;3271,20;10.1038/s41467-020-18172-7;FALSE;sn2020deal
MPG;2021;3340,80;10.1038/s41467-021-24787-1;FALSE;sn2020deal
MPG;2020;3271,20;10.1038/s41467-020-17775-4;FALSE;sn2020deal
MPG;2021;1778,34;10.1038/s41598-021-94491-z;FALSE;sn2020deal
MPG;2020;1682,41;10.1038/s41598-020-76916-3;FALSE;sn2020deal
MPG;2021;3340,80;10.1038/s41467-021-24722-4;FALSE;sn2020deal
MPG;2020;3271,20;10.1038/s41467-020-19843-1;FALSE;sn2020deal
MPG;2021;3340,80;10.1038/s41467-021-24726-0;FALSE;sn2020deal
MPG;2020;3271,20;10.1038/s41467-020-19513-2;FALSE;sn2020deal
MPG;2021;1778,34;10.1038/s41598-021-94009-7;FALSE;sn2020deal
MPG;2020;3271,20;10.1038/s41467-020-19152-7;FALSE;sn2020deal
MPG;2021;1059,08;10.1038/s41531-021-00203-9;FALSE;sn2020deal
MPG;2020;3271,20;10.1038/s41467-020-19356-x;FALSE;sn2020deal
MPG;2021;974,13;10.1057/s41599-021-00858-y;FALSE;sn2020deal
MPG;2020;1795,78;10.1186/s12888-020-02880-x;FALSE;sn2020deal
MPG;2021;3340,80;10.1038/s41467-021-24692-7;FALSE;sn2020deal
MPG;2020;2871,89;10.1038/s42003-020-01324-2;FALSE;sn2020deal
MPG;2021;1778,34;10.1038/s41598-021-94731-2;FALSE;sn2020deal
MPG;2020;1682,41;10.1038/s41598-020-71317-y;FALSE;sn2020deal
MPG;2021;3340,80;10.1038/s41467-021-24810-5;FALSE;sn2020deal
MPG;2020;1687,49;10.1186/s12864-020-06871-w;FALSE;sn2020deal
MPG;2021;3340,80;10.1038/s41467-021-24947-3;FALSE;sn2020deal
MPG;2020;2871,89;10.1038/s42003-020-01302-8;FALSE;sn2020deal
MPG;2021;1778,34;10.1038/s41598-021-94796-z;FALSE;sn2020deal
MPG;2020;1687,49;10.1186/s12864-020-07100-0;FALSE;sn2020deal
MPG;2021;3087,36;10.1038/s42005-021-00675-4;FALSE;sn2020deal
MPG;2020;3271,20;10.1038/s41467-020-19047-7;FALSE;sn2020deal
MPG;2021;1898,17;10.1186/s12983-021-00422-z;FALSE;sn2020deal
MPG;2020;1682,41;10.1038/s41598-020-78686-4;FALSE;sn2020deal
MPG;2021;5218,56;10.1038/s41467-021-25000-z;FALSE;sn2020deal
MPG;2020;3271,20;10.1038/s41467-020-19086-0;FALSE;sn2020deal
MPG;2021;1741,82;10.1186/s12862-021-01881-y;FALSE;sn2020deal
MPG;2020;1682,41;10.1038/s41598-020-73709-6;FALSE;sn2020deal
MPG;2021;912,38;10.1007/s43939-021-00015-x;FALSE;sn2020deal
MPG;2020;1615,30;10.1186/s12859-020-03931-6;FALSE;sn2020deal
MPG;2021;5218,56;10.1038/s41467-021-25060-1;FALSE;sn2020deal
MPG;2020;1082,88;10.1186/s40623-020-01279-y;FALSE;sn2020deal
MPG;2021;5218,56;10.1038/s41467-021-25142-0;FALSE;sn2020deal
MPG;2020;1682,41;10.1038/s41597-020-00758-x;FALSE;sn2020deal
MPG;2021;5218,56;10.1038/s41467-021-25294-z;FALSE;sn2020deal
MPG;2020;3271,20;10.1038/s41467-020-18289-9;FALSE;sn2020deal
MPG;2021;1416,48;10.1186/s40793-021-00385-y;FALSE;sn2020deal
MPG;2020;3214,80;10.1038/s41377-020-00440-2;FALSE;sn2020deal
MPG;2021;5218,56;10.1038/s41467-021-25292-1;FALSE;sn2020deal
MPG;2020;3271,20;10.1038/s41467-020-20021-6;FALSE;sn2020deal
MPG;2021;1871,94;10.1038/s41598-021-95791-0;FALSE;sn2020deal
MPG;2020;1958,21;10.1186/s13000-020-01040-9;FALSE;sn2020deal
MPG;2021;5218,56;10.1038/s41467-021-25372-2;FALSE;sn2020deal
MPG;2020;3271,20;10.1038/s41467-020-18803-z;FALSE;sn2020deal
MPG;2021;912,38;10.1007/s41109-021-00402-6;FALSE;sn2020deal
MPG;2020;1682,41;10.1038/s41598-020-69723-3;FALSE;sn2020deal
MPG;2021;3087,36;10.1038/s42003-021-02529-9;FALSE;sn2020deal
MPG;2020;1164,10;10.1186/s12910-020-00536-9;FALSE;sn2020deal
MPG;2021;1871,94;10.1038/s41598-021-96383-8;FALSE;sn2020deal
MPG;2020;2325,37;10.1038/s41524-020-00402-7;FALSE;sn2020deal
MPG;2021;1871,94;10.1038/s41598-021-96663-3;FALSE;sn2020deal
MPG;2020;1682,41;10.1038/s41598-020-74785-4;FALSE;sn2020deal
MPG;2021;1871,94;10.1038/s41598-021-96649-1;FALSE;sn2020deal
MPG;2020;3271,20;10.1186/s13059-020-02123-y;FALSE;sn2020deal
MPG;2021;1898,17;10.1186/s12963-021-00264-1;FALSE;sn2020deal
MPG;2020;3271,20;10.1038/s41467-020-18176-3;FALSE;sn2020deal
MPG;2021;2294,78;10.1186/s13148-021-01153-y;FALSE;sn2020deal
MPG;2020;1682,41;10.1038/s41598-020-72077-5;FALSE;sn2020deal
MPG;2021;1833,98;10.1186/s12870-021-03179-z;FALSE;sn2020deal
MPG;2020;947,52;10.1007/s41109-020-00309-8;FALSE;sn2020deal
MPG;2021;5218,56;10.1038/s41467-021-25504-8;FALSE;sn2020deal
MPG;2020;3271,20;10.1186/s13059-020-02235-5;FALSE;sn2020deal
MPG;2021;1871,94;10.1038/s41598-021-96835-1;FALSE;sn2020deal
MPG;2020;1164,10;10.1186/s13662-020-02995-1;FALSE;sn2020deal
MPG;2021;3677,18;10.1186/s13059-021-02476-y;FALSE;sn2020deal
MPG;2020;3271,20;10.1038/s41467-020-17853-7;FALSE;sn2020deal
MPG;2021;5218,56;10.1038/s41467-021-25380-2;FALSE;sn2020deal
MPG;2020;1682,41;10.1038/s41598-020-79246-6;FALSE;sn2020deal
MPG;2021;5218,56;10.1038/s41467-021-25537-z;FALSE;sn2020deal
MPG;2020;2066,50;10.1186/s13068-020-01822-9;FALSE;sn2020deal
MPG;2021;3087,36;10.1038/s42003-021-02378-6;FALSE;sn2020deal
MPG;2020;1682,41;10.1038/s41598-020-79929-0;FALSE;sn2020deal
MPG;2021;935,98;10.1038/s41539-021-00105-8;FALSE;sn2020deal
MPG;2020;3271,20;10.1038/s41467-020-17730-3;FALSE;sn2020deal
MPG;2021;1871,94;10.1038/s41597-021-01019-1;FALSE;sn2020deal
MPG;2020;1682,41;10.1038/s41598-020-72525-2;FALSE;sn2020deal
MPG;2021;1945,87;10.1186/s12985-021-01651-8;FALSE;sn2020deal
MPG;2020;1687,49;10.1186/s12862-020-01676-7;FALSE;sn2020deal
MPG;2021;5218,56;10.1038/s41467-021-25556-w;FALSE;sn2020deal
MPG;2020;3271,20;10.1038/s41467-020-19599-8;FALSE;sn2020deal
MPG;2021;5218,56;10.1038/s41467-021-25682-5;FALSE;sn2020deal
MPG;2020;2325,37;10.1038/s41524-020-00449-6;FALSE;sn2020deal
MPG;2021;1871,94;10.1038/s41598-021-97187-6;FALSE;sn2020deal
MPG;2020;1682,41;10.1038/s41598-020-78161-0;FALSE;sn2020deal
MPG;2021;5218,56;10.1038/s41467-021-25413-w;FALSE;sn2020deal
MPG;2020;1682,41;10.1038/s41598-020-70681-z;FALSE;sn2020deal
MPG;2021;5218,56;10.1038/s41467-021-25289-w;FALSE;sn2020deal
MPG;2020;3271,20;10.1038/s41467-020-18166-5;FALSE;sn2020deal
MPG;2021;1783,71;10.1186/s12864-021-07930-6;FALSE;sn2020deal
MPG;2020;3271,20;10.1038/s41467-020-18234-w;FALSE;sn2020deal
MPG;2021;1871,94;10.1038/s41598-021-96845-z;FALSE;sn2020deal
MPG;2020;3271,20;10.1186/s13059-020-02112-1;FALSE;sn2020deal
MPG;2021;3648,50;10.1038/s41398-021-01595-1;FALSE;sn2020deal
MPG;2020;1682,41;10.1038/s41597-020-00769-8;FALSE;sn2020deal
MPG;2021;5218,56;10.1038/s41467-021-25778-y;FALSE;sn2020deal
MPG;2020;1682,41;10.1038/s41598-020-69930-y;FALSE;sn2020deal
MPG;2021;1871,94;10.1038/s41598-021-98249-5;FALSE;sn2020deal
MPG;2020;1682,41;10.1038/s41598-020-71838-6;FALSE;sn2020deal
MPG;2021;2960,64;10.1038/s43246-021-00201-7;FALSE;sn2020deal
MPG;2020;3271,20;10.1038/s41467-020-18478-6;FALSE;sn2020deal
MPG;2021;1741,82;10.1186/s12862-021-01907-5;FALSE;sn2020deal
MPG;2020;1682,41;10.1038/s41598-020-75163-w;FALSE;sn2020deal
MPG;2021;5218,56;10.1038/s41467-021-25882-z;FALSE;sn2020deal
MPG;2020;3271,20;10.1038/s41467-020-17868-0;FALSE;sn2020deal
MPG;2021;1871,94;10.1038/s41598-021-98503-w;FALSE;sn2020deal
MPG;2020;3271,20;10.1038/s41467-020-19844-0;FALSE;sn2020deal
MPG;2021;3087,36;10.1038/s42003-021-02641-w;FALSE;sn2020deal
MPG;2020;1615,30;10.1186/s12859-020-03764-3;FALSE;sn2020deal
MPG;2021;5218,56;10.1038/s41467-021-25545-z;FALSE;sn2020deal
MPG;2020;947,52;10.1007/s41109-020-00324-9;FALSE;sn2020deal
MPG;2021;5218,56;10.1038/s41467-021-25922-8;FALSE;sn2020deal
MPG;2020;1682,41;10.1038/s41598-020-74181-y;FALSE;sn2020deal
MPG;2021;2730,41;10.1038/s41746-021-00507-3;FALSE;sn2020deal
MPG;2021;1945,87;10.1186/s12284-021-00518-4;FALSE;sn2020deal
MPG;2021;2110,46;10.1186/s10020-021-00381-5;FALSE;sn2020deal
MPG;2021;1871,94;10.1038/s41598-021-98628-y;FALSE;sn2020deal
MPG;2021;5218,56;10.1038/s41467-021-26021-4;FALSE;sn2020deal
MPG;2021;2292,48;10.1038/s43705-021-00052-w;FALSE;sn2020deal
MPG;2021;1871,94;10.1038/s41598-021-98739-6;FALSE;sn2020deal
MPG;2021;1446,91;10.1186/s40317-021-00234-2;FALSE;sn2020deal
MPG;2021;912,38;10.1007/s41109-021-00356-9;FALSE;sn2020deal
MPG;2021;1833,98;10.1186/s12872-021-01883-0;FALSE;sn2020deal
MPG;2021;1783,71;10.1186/s12864-021-07529-x;FALSE;sn2020deal
MPG;2021;2932,99;10.1038/s42003-021-01684-3;FALSE;sn2020deal
MPG;2021;2932,99;10.1038/s42003-020-01538-4;FALSE;sn2020deal
MPG;2021;2932,99;10.1038/s42003-021-01669-2;FALSE;sn2020deal
MPG;2021;2932,99;10.1038/s42003-021-01806-x;FALSE;sn2020deal
MPG;2021;2932,99;10.1038/s42005-021-00559-7;FALSE;sn2020deal
MPG;2021;1188,86;10.1186/s13634-020-00712-4;FALSE;sn2020deal
MPG;2021;1898,17;10.1186/s12983-021-00389-x;FALSE;sn2020deal
MPG;2021;974,13;10.1057/s41599-021-00718-9;FALSE;sn2020deal
MPG;2021;1945,87;10.1186/s12934-021-01554-x;FALSE;sn2020deal
MPG;2021;3340,80;10.1038/s41467-021-21863-4;FALSE;sn2020deal
MPG;2021;3340,80;10.1038/s41467-020-20699-8;FALSE;sn2020deal
MPG;2021;1778,34;10.1038/s41598-021-86261-8;FALSE;sn2020deal
MPG;2021;3340,80;10.1038/s41467-020-20682-3;FALSE;sn2020deal
MPG;2021;1833,98;10.1186/s12870-021-02936-4;FALSE;sn2020deal
MPG;2021;3340,80;10.1038/s41467-021-21347-5;FALSE;sn2020deal
MPG;2021;1778,34;10.1038/s41598-021-87558-4;FALSE;sn2020deal
MPG;2021;3340,80;10.1038/s41467-020-20176-2;FALSE;sn2020deal
MPG;2021;3340,80;10.1038/s41467-021-22449-w;FALSE;sn2020deal
MPG;2021;3340,80;10.1038/s41467-021-21020-x;FALSE;sn2020deal
MPG;2021;1778,34;10.1038/s41598-021-86872-1;FALSE;sn2020deal
MPG;2021;3340,80;10.1038/s41467-020-20709-9;FALSE;sn2020deal
MPG;2021;1778,34;10.1038/s41598-021-86580-w;FALSE;sn2020deal
MPG;2021;3340,80;10.1038/s41467-021-22174-4;FALSE;sn2020deal
MPG;2021;2265,41;10.1038/s43247-021-00141-7;FALSE;sn2020deal
MPG;2021;3340,80;10.1038/s41467-021-21227-y;FALSE;sn2020deal
MPG;2021;3340,80;10.1038/s41467-021-22320-y;FALSE;sn2020deal
MPG;2021;3340,80;10.1038/s41467-020-20846-1;FALSE;sn2020deal
MPG;2021;1049,24;10.1140/epjds/s13688-021-00270-1;FALSE;sn2020deal
MPG;2021;3340,80;10.1038/s41467-021-21201-8;FALSE;sn2020deal
MPG;2021;3340,80;10.1038/s41467-021-22108-0;FALSE;sn2020deal
MPG;2021;3340,80;10.1038/s41467-021-21016-7;FALSE;sn2020deal
MPG;2021;3340,80;10.1038/s41467-021-22422-7;FALSE;sn2020deal
MPG;2021;3340,80;10.1038/s41467-020-20509-1;FALSE;sn2020deal
MPG;2021;1105,92;10.1186/s40623-021-01412-5;FALSE;sn2020deal
MPG;2021;3340,80;10.1038/s41467-021-22010-9;FALSE;sn2020deal
MPG;2021;3340,80;10.1186/s13059-021-02321-2;FALSE;sn2020deal
MPG;2021;3340,80;10.1038/s41467-020-20542-0;FALSE;sn2020deal
MPG;2021;1783,71;10.1186/s12864-021-07542-0;FALSE;sn2020deal
MPG;2021;3340,80;10.1038/s41467-020-20635-w;FALSE;sn2020deal
MPG;2021;1778,34;10.1038/s41598-021-87643-8;FALSE;sn2020deal
MPG;2021;3340,80;10.1038/s41467-021-21352-8;FALSE;sn2020deal
MPG;2021;3340,80;10.1038/s41467-021-22511-7;FALSE;sn2020deal
MPG;2021;3340,80;10.1038/s41467-021-21679-2;FALSE;sn2020deal
MPG;2021;3340,80;10.1038/s41467-021-22611-4;FALSE;sn2020deal
MPG;2021;3340,80;10.1038/s41467-021-21991-x;FALSE;sn2020deal
MPG;2021;3340,80;10.1038/s41398-021-01356-0;FALSE;sn2020deal
MPG;2021;3340,80;10.1038/s41467-021-21589-3;FALSE;sn2020deal
MPG;2021;974,13;10.1057/s41599-021-00764-3;FALSE;sn2020deal
MPG;2021;3340,80;10.1038/s41467-021-21743-x;FALSE;sn2020deal
MPG;2021;1778,34;10.1038/s41598-021-88401-6;FALSE;sn2020deal
MPG;2021;3340,80;10.1038/s41467-021-21627-0;FALSE;sn2020deal
MPG;2021;2294,78;10.1186/s13148-021-01080-y;FALSE;sn2020deal
MPG;2021;3340,80;10.1038/s41467-021-21604-7;FALSE;sn2020deal
MPG;2021;2457,96;10.1038/s41524-021-00529-1;FALSE;sn2020deal
MPG;2021;3340,80;10.1038/s41467-020-20730-y;FALSE;sn2020deal
MPG;2021;1778,34;10.1038/s41598-021-88663-0;FALSE;sn2020deal
MPG;2021;3340,80;10.1038/s41467-021-21203-6;FALSE;sn2020deal
MPG;2021;1188,86;10.1186/s13662-021-03399-5;FALSE;sn2020deal
MPG;2021;3340,80;10.1038/s41467-021-21970-2;FALSE;sn2020deal
MPG;2021;2375,10;10.1186/s12915-021-01020-5;FALSE;sn2020deal
MPG;2021;3340,80;10.1038/s41467-021-21622-5;FALSE;sn2020deal
MPG;2021;3340,80;10.1038/s41467-021-22778-w;FALSE;sn2020deal
MPG;2021;3340,80;10.1038/s41467-021-21652-z;FALSE;sn2020deal
MPG;2021;3340,80;10.1038/s41467-021-22606-1;FALSE;sn2020deal
MPG;2021;3340,80;10.1038/s41467-021-21942-6;FALSE;sn2020deal
MPG;2021;1778,34;10.1038/s41598-021-88431-0;FALSE;sn2020deal
MPG;2021;3340,80;10.1038/s41467-021-21162-y;FALSE;sn2020deal
MPG;2021;3340,80;10.1186/s13059-021-02361-8;FALSE;sn2020deal
MPG;2021;3340,80;10.1038/s41467-021-21819-8;FALSE;sn2020deal
MPG;2021;2932,99;10.1038/s42003-021-02057-6;FALSE;sn2020deal
MPG;2021;2593,89;10.1038/s41612-021-00167-w;FALSE;sn2020deal
MPG;2021;2932,99;10.1038/s42004-021-00498-y;FALSE;sn2020deal
MPG;2021;3162,82;10.1038/s41534-020-00349-z;FALSE;sn2020deal
MPG;2021;3340,80;10.1038/s41467-021-22982-8;FALSE;sn2020deal
MPG;2021;1718,21;10.1038/s41597-021-00816-y;FALSE;sn2020deal
MPG;2021;3340,80;10.1038/s41467-021-23010-5;FALSE;sn2020deal
MPG;2021;1718,21;10.1038/s41598-020-80777-1;FALSE;sn2020deal
MPG;2021;974,13;10.1057/s41599-021-00785-y;FALSE;sn2020deal
MPG;2021;1778,34;10.1038/s41598-021-83296-9;FALSE;sn2020deal
MPG;2021;1778,34;10.1038/s41598-021-89489-6;FALSE;sn2020deal
MPG;2021;1718,21;10.1038/s41598-021-81145-3;FALSE;sn2020deal
MPG;2021;3273,51;10.1038/s41534-021-00407-0;FALSE;sn2020deal
MPG;2021;1778,34;10.1038/s41598-021-84227-4;FALSE;sn2020deal
MPG;2021;3340,80;10.1038/s41467-021-22856-z;FALSE;sn2020deal
MPG;2021;1718,21;10.1038/s41598-021-83246-5;FALSE;sn2020deal
MPG;2021;974,13;10.1057/s41599-021-00787-w;FALSE;sn2020deal
MPG;2021;1778,34;10.1038/s41598-021-81610-z;FALSE;sn2020deal
MPG;2021;1778,34;10.1038/s41598-021-89783-3;FALSE;sn2020deal
MPG;2021;1778,34;10.1038/s41598-021-82952-4;FALSE;sn2020deal
MPG;2021;2265,41;10.1038/s43247-021-00160-4;FALSE;sn2020deal
MPG;2021;1778,34;10.1038/s41598-021-85517-7;FALSE;sn2020deal
MPG;2021;2932,99;10.1038/s42003-021-02088-z;FALSE;sn2020deal
MPG;2021;1778,34;10.1038/s41598-021-82975-x;FALSE;sn2020deal
MPG;2021;2932,99;10.1038/s42005-021-00608-1;FALSE;sn2020deal
MPG;2021;1778,34;10.1038/s41598-021-82681-8;FALSE;sn2020deal
MPG;2021;3340,80;10.1038/s41467-021-23251-4;FALSE;sn2020deal
MPG;2021;1778,34;10.1038/s41598-021-84114-y;FALSE;sn2020deal
MPG;2021;1778,34;10.1038/s41598-021-90212-8;FALSE;sn2020deal
MPG;2021;1718,21;10.1038/s41598-020-79418-4;FALSE;sn2020deal
MPG;2021;3340,80;10.1038/s41467-021-23348-w;FALSE;sn2020deal
MPG;2021;1718,21;10.1038/s41598-021-84385-5;FALSE;sn2020deal
MPG;2021;3340,80;10.1038/s41467-021-23295-6;FALSE;sn2020deal
MPG;2021;1778,34;10.1038/s41598-021-81476-1;FALSE;sn2020deal
MPG;2021;1783,71;10.1186/s12864-021-07711-1;FALSE;sn2020deal
MPG;2021;1778,34;10.1038/s41598-021-82198-0;FALSE;sn2020deal
MPG;2021;3340,80;10.1038/s41398-021-01458-9;FALSE;sn2020deal
MPG;2021;1778,34;10.1038/s41598-021-82257-6;FALSE;sn2020deal
MPG;2021;3340,80;10.1038/s41467-021-23435-y;FALSE;sn2020deal
MPG;2021;1778,34;10.1038/s41598-021-84682-z;FALSE;sn2020deal
MPG;2021;3340,80;10.1038/s41467-021-23424-1;FALSE;sn2020deal
MPG;2021;1778,34;10.1038/s41598-021-84232-7;FALSE;sn2020deal
MPG;2021;3340,80;10.1038/s41467-021-23367-7;FALSE;sn2020deal
MPG;2021;1718,21;10.1038/s41598-020-80703-5;FALSE;sn2020deal
MPG;2021;3340,80;10.1038/s41467-021-23340-4;FALSE;sn2020deal
MPG;2021;3340,80;10.1038/s41398-021-01310-0;FALSE;sn2020deal
MPG;2021;1778,34;10.1038/s41598-021-90744-z;FALSE;sn2020deal
MPG;2021;3340,80;10.1038/s41398-020-01147-z;FALSE;sn2020deal
MPG;2021;1914,27;10.1038/s41535-021-00357-y;FALSE;sn2020deal
MPG;2021;2374,85;10.1038/s41524-020-00486-1;FALSE;sn2020deal
MPG;2021;2265,41;10.1038/s43247-021-00173-z;FALSE;sn2020deal
MPG;2021;2374,85;10.1038/s41524-020-00472-7;FALSE;sn2020deal
MPG;2021;2932,99;10.1038/s42003-021-02212-z;FALSE;sn2020deal
MPG;2021;2457,96;10.1038/s41524-021-00502-y;FALSE;sn2020deal
MPG;2021;3340,80;10.1038/s41467-021-23387-3;FALSE;sn2020deal
MPG;2021;3340,80;10.1038/s41467-021-21833-w;FALSE;sn2020deal
MPG;2021;3283,20;10.1038/s41377-021-00558-x;FALSE;sn2020deal
MPG;2021;3340,80;10.1038/s41467-021-23650-7;FALSE;sn2020deal
MPG;2021;3340,80;10.1038/s41467-021-23691-y;FALSE;sn2020deal
MPG;2021;3340,80;10.1038/s41467-021-23644-5;FALSE;sn2020deal
MPG;2021;3340,80;10.1038/s41467-021-23614-x;FALSE;sn2020deal
MPG;2021;3340,80;10.1038/s41467-021-23856-9;FALSE;sn2020deal
MPG;2021;3340,80;10.1038/s12276-021-00637-4;FALSE;sn2020deal
MPG;2022;944,32;10.1007/s41109-022-00511-w;FALSE;sn2020deal
MPG;2022;3776,19;10.1038/s41398-022-02241-0;FALSE;sn2020deal
MPG;2022;5401,21;10.1038/s41467-022-33472-w;FALSE;sn2020deal
MPG;2022;5401,21;10.1038/s41467-022-33477-5;FALSE;sn2020deal
MPG;2022;5401,21;10.1038/s41467-022-33485-5;FALSE;sn2020deal
MPG;2022;5401,21;10.1038/s41467-022-33512-5;FALSE;sn2020deal
MPG;2022;5401,21;10.1038/s41467-022-33516-1;FALSE;sn2020deal
MPG;2022;5401,21;10.1038/s41467-022-33551-y;FALSE;sn2020deal
MPG;2022;5401,21;10.1038/s41467-022-33646-6;FALSE;sn2020deal
MPG;2022;5401,21;10.1038/s41467-022-33679-x;FALSE;sn2020deal
MPG;2022;5401,21;10.1038/s41467-022-33697-9;FALSE;sn2020deal
MPG;2022;5401,21;10.1038/s41467-022-33841-5;FALSE;sn2020deal
MPG;2022;5401,21;10.1038/s41467-022-34007-z;FALSE;sn2020deal
MPG;2022;5401,21;10.1038/s41467-022-34023-z;FALSE;sn2020deal
MPG;2022;5401,21;10.1038/s41467-022-34053-7;FALSE;sn2020deal
MPG;2022;5401,21;10.1038/s41467-022-34100-3;FALSE;sn2020deal
MPG;2022;5401,21;10.1038/s41467-022-34289-3;FALSE;sn2020deal
MPG;2022;5401,21;10.1038/s41467-022-34375-6;FALSE;sn2020deal
MPG;2022;5401,21;10.1038/s41467-022-34379-2;FALSE;sn2020deal
MPG;2022;5401,21;10.1038/s41467-022-34577-y;FALSE;sn2020deal
MPG;2021;3456,00;10.1038/s41377-021-00663-x;FALSE;sn2020deal
MPG;2022;5401,21;10.1038/s41467-022-34714-7;FALSE;sn2020deal
MPG;2021;3648,50;10.1038/s41398-021-01620-3;FALSE;sn2020deal
MPG;2022;5401,21;10.1038/s41467-022-34904-3;FALSE;sn2020deal
MPG;2021;3648,50;10.1038/s41398-021-01756-2;FALSE;sn2020deal
MPG;2022;5401,21;10.1038/s41467-022-34967-2;FALSE;sn2020deal
MPG;2021;5218,56;10.1038/s41467-021-26133-x;FALSE;sn2020deal
MPG;2022;5401,21;10.1038/s41467-022-34997-w;FALSE;sn2020deal
MPG;2021;5218,56;10.1038/s41467-021-26136-8;FALSE;sn2020deal
MPG;2022;5401,21;10.1038/s41467-022-35019-5;FALSE;sn2020deal
MPG;2021;5218,56;10.1038/s41467-021-26197-9;FALSE;sn2020deal
MPG;2022;5401,21;10.1038/s41467-022-35106-7;FALSE;sn2020deal
MPG;2021;5218,56;10.1038/s41467-021-26277-w;FALSE;sn2020deal
MPG;2022;5401,21;10.1038/s41467-022-35120-9;FALSE;sn2020deal
MPG;2021;5218,56;10.1038/s41467-021-26289-6;FALSE;sn2020deal
MPG;2022;5401,21;10.1038/s41467-022-35363-6;FALSE;sn2020deal
MPG;2021;5218,56;10.1038/s41467-021-26365-x;FALSE;sn2020deal
MPG;2022;5401,21;10.1038/s41467-022-35484-y;FALSE;sn2020deal
MPG;2021;5218,56;10.1038/s41467-021-26447-w;FALSE;sn2020deal
MPG;2022;5401,21;10.1038/s41467-022-35558-x;FALSE;sn2020deal
MPG;2021;5218,56;10.1038/s41467-021-26511-5;FALSE;sn2020deal
MPG;2022;2677,88;10.1038/s41524-022-00935-z;FALSE;sn2020deal
MPG;2021;5218,56;10.1038/s41467-021-26713-x;FALSE;sn2020deal
MPG;2022;2085,55;10.1038/s41535-022-00520-z;FALSE;sn2020deal
MPG;2021;5218,56;10.1038/s41467-021-26743-5;FALSE;sn2020deal
MPG;2022;2085,55;10.1038/s41535-022-00532-9;FALSE;sn2020deal
MPG;2021;5218,56;10.1038/s41467-021-26755-1;FALSE;sn2020deal
MPG;2022;2825,97;10.1038/s41545-022-00204-y;FALSE;sn2020deal
MPG;2021;5218,56;10.1038/s41467-021-26802-x;FALSE;sn2020deal
MPG;2022;1937,46;10.1038/s41597-022-01673-z;FALSE;sn2020deal
MPG;2021;5218,56;10.1038/s41467-021-26882-9;FALSE;sn2020deal
MPG;2022;1937,46;10.1038/s41597-022-01774-9;FALSE;sn2020deal
MPG;2021;5218,56;10.1038/s41467-021-26889-2;FALSE;sn2020deal
MPG;2022;1937,46;10.1038/s41598-022-20841-0;FALSE;sn2020deal
MPG;2021;5218,56;10.1038/s41467-021-27125-7;FALSE;sn2020deal
MPG;2022;1937,46;10.1038/s41598-022-20986-y;FALSE;sn2020deal
MPG;2021;5218,56;10.1038/s41467-021-27174-y;FALSE;sn2020deal
MPG;2022;1937,46;10.1038/s41598-022-21931-9;FALSE;sn2020deal
MPG;2021;5218,56;10.1038/s41467-021-27281-w;FALSE;sn2020deal
MPG;2022;1937,46;10.1038/s41598-022-21972-0;FALSE;sn2020deal
MPG;2021;5218,56;10.1038/s41467-021-27435-w;FALSE;sn2020deal
MPG;2022;1937,46;10.1038/s41598-022-22068-5;FALSE;sn2020deal
MPG;2021;5218,56;10.1038/s41467-021-27479-y;FALSE;sn2020deal
MPG;2022;1937,46;10.1038/s41598-022-22680-5;FALSE;sn2020deal
MPG;2021;5218,56;10.1038/s41467-021-27504-0;FALSE;sn2020deal
MPG;2022;1937,46;10.1038/s41598-022-22883-w;FALSE;sn2020deal
MPG;2021;5218,56;10.1038/s41467-021-27515-x;FALSE;sn2020deal
MPG;2022;1937,46;10.1038/s41598-022-22980-w;FALSE;sn2020deal
MPG;2021;2587,33;10.1038/s41524-021-00635-0;FALSE;sn2020deal
MPG;2022;1937,46;10.1038/s41598-022-24453-6;FALSE;sn2020deal
MPG;2021;2587,33;10.1038/s41524-021-00638-x;FALSE;sn2020deal
MPG;2022;5401,21;10.1038/s41467-022-30652-6;FALSE;sn2020deal
MPG;2022;1937,46;10.1038/s41598-022-25199-x;FALSE;sn2020deal
MPG;2021;2587,33;10.1038/s41524-021-00647-w;FALSE;sn2020deal
MPG;2022;5401,21;10.1038/s41467-022-31245-z;FALSE;sn2020deal
MPG;2022;1937,46;10.1038/s41598-022-25384-y;FALSE;sn2020deal
MPG;2021;2587,33;10.1038/s41524-021-00675-6;FALSE;sn2020deal
MPG;2022;5401,21;10.1038/s41467-022-31319-y;FALSE;sn2020deal
MPG;2022;1937,46;10.1038/s41598-022-25573-9;FALSE;sn2020deal
MPG;2021;2587,33;10.1038/s41524-021-00684-5;FALSE;sn2020deal
MPG;2022;5401,21;10.1038/s41467-022-31372-7;FALSE;sn2020deal
MPG;2022;1937,46;10.1038/s41598-022-25975-9;FALSE;sn2020deal
MPG;2021;2015,02;10.1038/s41535-021-00398-3;FALSE;sn2020deal
MPG;2022;5401,21;10.1038/s41467-022-31374-5;FALSE;sn2020deal
MPG;2022;1937,46;10.1038/s41598-022-25978-6;FALSE;sn2020deal
MPG;2021;1871,94;10.1038/s41598-021-00492-3;FALSE;sn2020deal
MPG;2022;5401,21;10.1038/s41467-022-31471-5;FALSE;sn2020deal
MPG;2022;1937,46;10.1038/s41598-022-26136-8;FALSE;sn2020deal
MPG;2021;1871,94;10.1038/s41598-021-00587-x;FALSE;sn2020deal
MPG;2022;5401,21;10.1038/s41467-022-31509-8;FALSE;sn2020deal
MPG;2022;1937,46;10.1038/s41598-022-26209-8;FALSE;sn2020deal
MPG;2021;1871,94;10.1038/s41598-021-00762-0;FALSE;sn2020deal
MPG;2022;5401,21;10.1038/s41467-022-31604-w;FALSE;sn2020deal
MPG;2022;1937,46;10.1038/s41598-022-26907-3;FALSE;sn2020deal
MPG;2021;1871,94;10.1038/s41598-021-01221-6;FALSE;sn2020deal
MPG;2022;5401,21;10.1038/s41467-022-31633-5;FALSE;sn2020deal
MPG;2022;1937,46;10.1038/s41598-022-27071-4;FALSE;sn2020deal
MPG;2021;1871,94;10.1038/s41598-021-01461-6;FALSE;sn2020deal
MPG;2022;5401,21;10.1038/s41467-022-31667-9;FALSE;sn2020deal
MPG;2022;3195,42;10.1038/s42003-022-04126-w;FALSE;sn2020deal
MPG;2021;1871,94;10.1038/s41598-021-01849-4;FALSE;sn2020deal
MPG;2022;5401,21;10.1038/s41467-022-31758-7;FALSE;sn2020deal
MPG;2022;3195,42;10.1038/s42004-022-00789-y;FALSE;sn2020deal
MPG;2021;1871,94;10.1038/s41598-021-02226-x;FALSE;sn2020deal
MPG;2022;5401,21;10.1038/s41467-022-31798-z;FALSE;sn2020deal
MPG;2022;3195,42;10.1038/s42005-022-00995-z;FALSE;sn2020deal
MPG;2021;1871,94;10.1038/s41598-021-02462-1;FALSE;sn2020deal
MPG;2022;5401,21;10.1038/s41467-022-31831-1;FALSE;sn2020deal
MPG;2022;3195,42;10.1038/s42005-022-01022-x;FALSE;sn2020deal
MPG;2021;1871,94;10.1038/s41598-021-02823-w;FALSE;sn2020deal
MPG;2022;5218,56;10.1038/s41467-021-27933-x;FALSE;sn2020deal
MPG;2022;5401,21;10.1038/s41467-022-31836-w;FALSE;sn2020deal
MPG;2022;3195,42;10.1038/s42005-022-01084-x;FALSE;sn2020deal
MPG;2021;1871,94;10.1038/s41598-021-02901-z;FALSE;sn2020deal
MPG;2022;1937,46;10.1038/s41598-022-14551-w;FALSE;sn2020deal
MPG;2022;5401,21;10.1038/s41467-022-32059-9;FALSE;sn2020deal
MPG;2022;2468,10;10.1038/s43247-022-00485-8;FALSE;sn2020deal
MPG;2021;1871,94;10.1038/s41598-021-03045-w;FALSE;sn2020deal
MPG;2022;5401,21;10.1038/s41467-022-29696-5;FALSE;sn2020deal
MPG;2022;5401,21;10.1038/s41467-022-32177-4;FALSE;sn2020deal
MPG;2022;1061,28;10.1057/s41599-022-01436-6;FALSE;sn2020deal
MPG;2021;1871,94;10.1038/s41598-021-03054-9;FALSE;sn2020deal
MPG;2022;2184,33;10.1186/s13075-021-02711-8;FALSE;sn2020deal
MPG;2022;5401,21;10.1038/s41467-022-32414-w;FALSE;sn2020deal
MPG;2022;1085,96;10.1140/epjds/s13688-022-00363-5;FALSE;sn2020deal
MPG;2021;1871,94;10.1038/s41598-021-03224-9;FALSE;sn2020deal
MPG;2022;5401,21;10.1038/s41467-022-28392-8;FALSE;sn2020deal
MPG;2022;5401,21;10.1038/s41467-022-32578-5;FALSE;sn2020deal
MPG;2022;1767,16;10.1186/s12859-022-04981-8;FALSE;sn2020deal
MPG;2021;1871,94;10.1038/s41598-021-03288-7;FALSE;sn2020deal
MPG;2022;5401,21;10.1038/s41467-022-28609-w;FALSE;sn2020deal
MPG;2022;5401,21;10.1038/s41467-022-32797-w;FALSE;sn2020deal
MPG;2022;2142,31;10.1186/s12889-022-14177-7;FALSE;sn2020deal
MPG;2021;1871,94;10.1038/s41598-021-03568-2;FALSE;sn2020deal
MPG;2022;5401,21;10.1038/s41467-022-28042-z;FALSE;sn2020deal
MPG;2022;5401,21;10.1038/s41467-022-32831-x;FALSE;sn2020deal
MPG;2022;1964,60;10.1186/s12983-022-00476-7;FALSE;sn2020deal
MPG;2021;1871,94;10.1038/s41598-021-03625-w;FALSE;sn2020deal
MPG;2022;5401,21;10.1038/s41467-022-28775-x;FALSE;sn2020deal
MPG;2022;5401,21;10.1038/s41467-022-32865-1;FALSE;sn2020deal
MPG;2022;3769,34;10.1186/s13059-022-02833-5;FALSE;sn2020deal
MPG;2021;1871,94;10.1038/s41598-021-03969-3;FALSE;sn2020deal
MPG;2022;5401,21;10.1038/s41467-022-28821-8;FALSE;sn2020deal
MPG;2022;5401,21;10.1038/s41467-022-33083-5;FALSE;sn2020deal
MPG;2022;2110,46;10.1186/s13068-022-02207-w;FALSE;sn2020deal
MPG;2021;1871,94;10.1038/s41598-021-98139-w;FALSE;sn2020deal
MPG;2022;5401,21;10.1038/s41467-022-30644-6;FALSE;sn2020deal
MPG;2022;2677,89;10.1038/s41524-022-00831-6;FALSE;sn2020deal
MPG;2022;2375,10;10.1186/s13148-022-01406-4;FALSE;sn2020deal
MPG;2021;1871,94;10.1038/s41598-021-98571-y;FALSE;sn2020deal
MPG;2022;5401,21;10.1038/s41467-022-30157-2;FALSE;sn2020deal
MPG;2022;1937,46;10.1038/s41598-022-15174-x;FALSE;sn2020deal
MPG;2022;3129,55;10.1186/s40168-022-01372-2;FALSE;sn2020deal
MPG;2021;1871,94;10.1038/s41598-021-98897-7;FALSE;sn2020deal
MPG;2022;1898,17;10.1186/s12870-022-03670-1;FALSE;sn2020deal
MPG;2022;1937,46;10.1038/s41598-022-16068-8;FALSE;sn2020deal
MPG;2022;3129,55;10.1186/s40168-022-01383-z;FALSE;sn2020deal
MPG;2021;1871,94;10.1038/s41598-021-99069-3;FALSE;sn2020deal
MPG;2022;5401,21;10.1038/s41467-022-30744-3;FALSE;sn2020deal
MPG;2022;1937,46;10.1038/s41598-022-16414-w;FALSE;sn2020deal
MPG;2022;1011,09;10.1186/s40359-022-01025-x;FALSE;sn2020deal
MPG;2021;1871,94;10.1038/s41598-021-99802-y;FALSE;sn2020deal
MPG;2022;1937,46;10.1038/s41597-022-01297-3;FALSE;sn2020deal
MPG;2022;1937,46;10.1038/s41598-022-16932-7;FALSE;sn2020deal
MPG;2022;1230,47;10.1186/s40537-022-00669-1;FALSE;sn2020deal
MPG;2021;3087,36;10.1038/s42003-021-02694-x;FALSE;sn2020deal
MPG;2022;884,74;10.1186/s40878-021-00272-y;FALSE;sn2020deal
MPG;2022;1937,46;10.1038/s41598-022-16956-z;FALSE;sn2020deal
MPG;2021;3087,36;10.1038/s42003-021-02865-w;FALSE;sn2020deal
MPG;2022;1937,46;10.1038/s41598-022-10325-6;FALSE;sn2020deal
MPG;2022;1937,46;10.1038/s41598-022-17259-z;FALSE;sn2020deal
MPG;2021;2384,64;10.1038/s43247-021-00328-y;FALSE;sn2020deal
MPG;2022;5401,21;10.1038/s41467-022-28570-8;FALSE;sn2020deal
MPG;2022;1937,46;10.1038/s41598-022-17373-y;FALSE;sn2020deal
MPG;2021;2292,48;10.1038/s43705-021-00077-1;FALSE;sn2020deal
MPG;2022;5401,21;10.1038/s41467-022-30293-9;FALSE;sn2020deal
MPG;2022;1937,46;10.1038/s41598-022-17604-2;FALSE;sn2020deal
MPG;2021;2292,48;10.1038/s43705-021-00082-4;FALSE;sn2020deal
MPG;2022;3195,42;10.1038/s42003-022-03350-8;FALSE;sn2020deal
MPG;2022;1937,46;10.1038/s41598-022-17844-2;FALSE;sn2020deal
MPG;2021;1025,40;10.1057/s41599-021-00896-6;FALSE;sn2020deal
MPG;2022;1937,46;10.1038/s41598-022-09657-0;FALSE;sn2020deal
MPG;2022;1937,46;10.1038/s41598-022-18711-w;FALSE;sn2020deal
MPG;2021;1025,40;10.1057/s41599-021-00903-w;FALSE;sn2020deal
MPG;2022;1061,28;10.1057/s41599-022-01095-7;FALSE;sn2020deal
MPG;2022;1937,46;10.1038/s41598-022-19676-6;FALSE;sn2020deal
MPG;2021;1025,40;10.1057/s41599-021-00916-5;FALSE;sn2020deal
MPG;2022;1937,46;10.1038/s41598-022-05739-1;FALSE;sn2020deal
MPG;2022;1937,46;10.1038/s41598-022-20758-8;FALSE;sn2020deal
MPG;2021;1707,40;10.1186/s12859-021-04510-z;FALSE;sn2020deal
MPG;2022;5401,21;10.1038/s41467-022-30778-7;FALSE;sn2020deal
MPG;2022;2825,98;10.1038/s41612-022-00294-y;FALSE;sn2020deal
MPG;2021;1783,71;10.1186/s12864-021-08051-w;FALSE;sn2020deal
MPG;2022;5401,21;10.1038/s41467-022-28336-2;FALSE;sn2020deal
MPG;2022;3195,42;10.1038/s42003-022-03870-3;FALSE;sn2020deal
MPG;2021;1783,71;10.1186/s12864-021-08125-9;FALSE;sn2020deal
MPG;2022;5401,21;10.1038/s41467-022-29149-z;FALSE;sn2020deal
MPG;2022;3195,42;10.1038/s42003-022-04002-7;FALSE;sn2020deal
MPG;2021;1833,98;10.1186/s12870-021-03324-8;FALSE;sn2020deal
MPG;2022;5401,21;10.1038/s41467-022-28878-5;FALSE;sn2020deal
MPG;2022;2468,10;10.1038/s43247-022-00514-6;FALSE;sn2020deal
MPG;2021;2069,87;10.1186/s12889-021-12320-4;FALSE;sn2020deal
MPG;2022;5401,21;10.1038/s41467-022-29645-2;FALSE;sn2020deal
MPG;2022;2292,48;10.1038/s43705-022-00155-y;FALSE;sn2020deal
MPG;2021;2375,10;10.1186/s12915-021-01197-9;FALSE;sn2020deal
MPG;2022;5401,21;10.1038/s41467-022-30803-9;FALSE;sn2020deal
MPG;2022;1767,16;10.1186/s12859-022-04866-w;FALSE;sn2020deal
MPG;2021;1898,17;10.1186/s13395-021-00279-0;FALSE;sn2020deal
MPG;2022;3087,36;10.1038/s42003-022-03023-6;FALSE;sn2020deal
MPG;2022;1833,98;10.1186/s12864-022-08731-1;FALSE;sn2020deal
MPG;2021;1833,98;10.1186/s40462-021-00298-y;FALSE;sn2020deal
MPG;2022;5401,21;10.1038/s41467-022-28897-2;FALSE;sn2020deal
MPG;2022;1833,98;10.1186/s12864-022-08801-4;FALSE;sn2020deal
MPG;2022;3776,20;10.1038/s41398-022-01802-7;FALSE;sn2020deal
MPG;2022;1273,54;10.1186/s12910-022-00791-y;FALSE;sn2020deal
MPG;2022;5401,21;10.1038/s41467-022-29332-2;FALSE;sn2020deal
MPG;2022;1802,79;10.1186/s12911-022-01926-2;FALSE;sn2020deal
MPG;2022;2375,10;10.1186/s13148-022-01274-y;FALSE;sn2020deal
MPG;2022;1011,09;10.1186/s40359-022-00873-x;FALSE;sn2020deal
MPG;2022;5401,21;10.1038/s41467-022-28699-6;FALSE;sn2020deal
MPG;2022;1898,17;10.1186/s40462-022-00327-4;FALSE;sn2020deal
MPG;2022;5401,21;10.1038/s41467-022-28216-9;FALSE;sn2020deal
MPG;2022;5401,21;10.1038/s41467-022-31964-3;FALSE;sn2020deal
MPG;2022;1833,98;10.1186/s12864-022-08305-1;FALSE;sn2020deal
MPG;2022;5401,21;10.1038/s41467-022-31969-y;FALSE;sn2020deal
MPG;2022;1937,46;10.1038/s41598-022-10576-3;FALSE;sn2020deal
MPG;2022;5401,21;10.1038/s41467-022-32134-1;FALSE;sn2020deal
MPG;2022;915,70;10.1186/s40878-022-00288-y;FALSE;sn2020deal
MPG;2022;2015,02;10.1038/s41529-022-00281-x;FALSE;sn2020deal
MPG;2022;1937,46;10.1038/s41598-022-10295-9;FALSE;sn2020deal
MPG;2022;2015,02;10.1038/s41529-022-00285-7;FALSE;sn2020deal
MPG;2022;5401,21;10.1038/s41467-022-30093-1;FALSE;sn2020deal
MPG;2022;5401,21;10.1038/s41467-022-28562-8;FALSE;sn2020deal
MPG;2022;1061,28;10.1057/s41599-022-01094-8;FALSE;sn2020deal
MPG;2022;1937,46;10.1038/s41598-022-07542-4;FALSE;sn2020deal
MPG;2022;5401,21;10.1038/s41467-022-30740-7;FALSE;sn2020deal
MPG;2022;1937,46;10.1038/s41598-022-12847-5;FALSE;sn2020deal
MPG;2022;5401,21;10.1038/s41467-022-31396-z;FALSE;sn2020deal
MPG;2022;1937,46;10.1038/s41598-022-10135-w;FALSE;sn2020deal
MPG;2022;5401,21;10.1038/s41467-022-28137-7;FALSE;sn2020deal
MPG;2022;5401,21;10.1038/s41467-022-29818-z;FALSE;sn2020deal
MPG;2022;1937,46;10.1038/s41598-022-06305-5;FALSE;sn2020deal
MPG;2022;5401,21;10.1038/s41467-022-29033-w;FALSE;sn2020deal
MPG;2022;1937,46;10.1038/s41597-022-01432-0;FALSE;sn2020deal
MPG;2022;5401,21;10.1038/s41467-022-28139-5;FALSE;sn2020deal
MPG;2022;1937,46;10.1038/s41598-022-09440-1;FALSE;sn2020deal
MPG;2022;5401,21;10.1038/s41467-022-28881-w;FALSE;sn2020deal
MPG;2022;5401,21;10.1038/s41467-022-30782-x;FALSE;sn2020deal
MPG;2022;2142,32;10.1186/s12889-022-13261-2;FALSE;sn2020deal
MPG;2022;5401,21;10.1038/s41467-022-28142-w;FALSE;sn2020deal
MPG;2022;1937,46;10.1038/s41598-022-13882-y;FALSE;sn2020deal
MPG;2022;1937,46;10.1038/s41598-022-11485-1;FALSE;sn2020deal
MPG;2022;5401,21;10.1038/s41467-022-29882-5;FALSE;sn2020deal
MPG;2022;2677,89;10.1038/s41524-022-00735-5;FALSE;sn2020deal
MPG;2022;1937,46;10.1038/s41598-022-13282-2;FALSE;sn2020deal
MPG;2022;5401,21;10.1038/s41467-022-30984-3;FALSE;sn2020deal
MPG;2022;1937,46;10.1038/s41598-022-11348-9;FALSE;sn2020deal
MPG;2022;1937,46;10.1038/s41598-022-12341-y;FALSE;sn2020deal
MPG;2022;1707,40;10.1186/s12859-021-04508-7;FALSE;sn2020deal
MPG;2022;1937,46;10.1038/s41598-022-12010-0;FALSE;sn2020deal
MPG;2022;2677,89;10.1038/s41524-022-00744-4;FALSE;sn2020deal
MPG;2022;5401,21;10.1038/s41467-022-29991-1;FALSE;sn2020deal
MPG;2022;1802,79;10.1186/s12862-022-02029-2;FALSE;sn2020deal
MPG;2022;1937,46;10.1038/s41598-022-07161-z;FALSE;sn2020deal
MPG;2022;5401,21;10.1038/s41467-022-30611-1;FALSE;sn2020deal
MPG;2022;1937,46;10.1038/s41598-022-06237-0;FALSE;sn2020deal
MPG;2022;1937,46;10.1038/s41598-022-07990-y;FALSE;sn2020deal
MPG;2022;1871,94;10.1038/s41597-022-01118-7;FALSE;sn2020deal
MPG;2022;5401,21;10.1038/s41467-022-30009-z;FALSE;sn2020deal
MPG;2022;5401,21;10.1038/s41467-022-28800-z;FALSE;sn2020deal
MPG;2022;1802,79;10.1186/s12862-022-01980-4;FALSE;sn2020deal
MPG;2022;1937,46;10.1038/s41598-022-11158-z;FALSE;sn2020deal
MPG;2022;1937,46;10.1038/s41597-022-01462-8;FALSE;sn2020deal
MPG;2022;1937,46;10.1038/s41598-022-08934-2;FALSE;sn2020deal
MPG;2022;3195,42;10.1038/s42005-022-00880-9;FALSE;sn2020deal
MPG;2022;1937,46;10.1038/s41598-022-05916-2;FALSE;sn2020deal
MPG;2022;2015,02;10.1038/s41535-021-00412-8;FALSE;sn2020deal
MPG;2022;5401,21;10.1038/s41467-022-29781-9;FALSE;sn2020deal
MPG;2022;5401,21;10.1038/s41467-022-29092-z;FALSE;sn2020deal
MPG;2022;5401,21;10.1038/s41467-022-30229-3;FALSE;sn2020deal
MPG;2022;5218,56;10.1038/s41467-021-27923-z;FALSE;sn2020deal
MPG;2022;2825,98;10.1038/s41612-022-00249-3;FALSE;sn2020deal
MPG;2022;5218,56;10.1038/s41467-022-28055-8;FALSE;sn2020deal
MPG;2022;1937,46;10.1038/s41598-022-12217-1;FALSE;sn2020deal
MPG;2022;1937,46;10.1038/s41598-022-09914-2;FALSE;sn2020deal
MPG;2022;1937,46;10.1038/s41598-022-12241-1;FALSE;sn2020deal
MPG;2022;5401,21;10.1038/s41467-022-28446-x;FALSE;sn2020deal
MPG;2022;3769,34;10.1186/s13059-022-02631-z;FALSE;sn2020deal
MPG;2022;1937,46;10.1038/s41598-022-07239-8;FALSE;sn2020deal
MPG;2022;1937,46;10.1038/s41597-022-01399-y;FALSE;sn2020deal
MPG;2022;5401,21;10.1038/s41467-022-28412-7;FALSE;sn2020deal
MPG;2022;1937,46;10.1038/s41598-022-12730-3;FALSE;sn2020deal
MPG;2022;1937,46;10.1038/s41598-022-12607-5;FALSE;sn2020deal
MPG;2022;5401,21;10.1038/s41467-022-28254-3;FALSE;sn2020deal
MPG;2022;5401,21;10.1038/s41467-022-29252-1;FALSE;sn2020deal
MPG;2022;5401,21;10.1038/s41467-022-29422-1;FALSE;sn2020deal
MPG;2022;1937,46;10.1038/s41598-022-07901-1;FALSE;sn2020deal
MPG;2022;1937,46;10.1038/s41598-022-09303-9;FALSE;sn2020deal
MPG;2022;5401,21;10.1038/s41467-022-31335-y;FALSE;sn2020deal
MPG;2022;2983,68;10.1038/s41528-022-00136-0;FALSE;sn2020deal
MPG;2022;5401,21;10.1038/s41467-022-30528-9;FALSE;sn2020deal
MPG;2022;1937,46;10.1038/s41598-022-07551-3;FALSE;sn2020deal
MPG;2022;2015,02;10.1038/s41535-021-00410-w;FALSE;sn2020deal
MPG;2022;5401,21;10.1038/s41467-022-28720-y;FALSE;sn2020deal
MPG;2022;5401,21;10.1038/s41467-022-30019-x;FALSE;sn2020deal
MPG;2022;5401,21;10.1038/s41467-022-30922-3;FALSE;sn2020deal
MPG;2022;2677,89;10.1038/s41524-022-00753-3;FALSE;sn2020deal
MPG;2022;5401,21;10.1038/s41467-022-28706-w;FALSE;sn2020deal
MPG;2022;1338,95;10.1038/s41524-022-00764-0;FALSE;sn2020deal
MPG;2023;3307,25;10.1038/s42005-023-01332-8;FALSE;sn2020deal
MPG;2023;2372,72;10.1038/s43705-023-00294-w;FALSE;sn2020deal
MPG;2023;1098,42;10.1057/s41599-023-01947-w;FALSE;sn2020deal
MPG;2023;1098,42;10.1057/s41599-023-02106-x;FALSE;sn2020deal
MPG;2023;1123,96;10.1140/epjds/s13688-023-00401-w;FALSE;sn2020deal
MPG;2023;2033,36;10.1186/s12865-023-00557-0;FALSE;sn2020deal
MPG;2023;3901,27;10.1186/s13059-023-03008-6;FALSE;sn2020deal
MPG;2023;5590,24;10.1038/s41467-023-42339-7;FALSE;sn2020deal
MPG;2023;3901,27;10.1186/s13059-023-03043-3;FALSE;sn2020deal
MPG;2023;5590,24;10.1038/s41467-023-42314-2;FALSE;sn2020deal
MPG;2023;1281,02;10.1186/s13104-023-06396-x;FALSE;sn2020deal
MPG;2023;5590,24;10.1038/s41467-023-42304-4;FALSE;sn2020deal
MPG;2023;1783,02;10.1186/s13578-023-01092-6;FALSE;sn2020deal
MPG;2023;5590,24;10.1038/s41467-023-42295-2;FALSE;sn2020deal
MPG;2023;1964,60;10.1186/s40462-023-00408-y;FALSE;sn2020deal
MPG;2023;5590,24;10.1038/s41467-023-42287-2;FALSE;sn2020deal
MPG;2023;2544,26;10.1186/s40478-023-01634-6;FALSE;sn2020deal
MPG;2023;5590,24;10.1038/s41467-023-42204-7;FALSE;sn2020deal
MPG;2023;5590,24;10.1038/s41467-023-40915-5;FALSE;sn2020deal
MPG;2023;5590,24;10.1038/s41467-023-42054-3;FALSE;sn2020deal
MPG;2023;5590,24;10.1038/s41467-023-41928-w;FALSE;sn2020deal
MPG;2023;5590,24;10.1038/s41467-023-42851-w;FALSE;sn2020deal
MPG;2023;5590,24;10.1038/s41467-023-42804-3;FALSE;sn2020deal
MPG;2023;5590,24;10.1038/s41467-023-42595-7;FALSE;sn2020deal
MPG;2023;5590,24;10.1038/s41467-023-42454-5;FALSE;sn2020deal
MPG;2023;5590,24;10.1038/s41467-023-42434-9;FALSE;sn2020deal
MPG;2023;5590,24;10.1038/s41467-023-43351-7;FALSE;sn2020deal
MPG;2023;5590,24;10.1038/s41467-023-43328-6;FALSE;sn2020deal
MPG;2023;5590,24;10.1038/s41467-023-42989-7;FALSE;sn2020deal
MPG;2023;5590,24;10.1038/s41467-023-43932-6;FALSE;sn2020deal
MPG;2023;5590,24;10.1038/s41467-023-43921-9;FALSE;sn2020deal
MPG;2023;5590,24;10.1038/s41467-023-43844-5;FALSE;sn2020deal
MPG;2023;5590,24;10.1038/s41467-023-43810-1;FALSE;sn2020deal
MPG;2023;5590,24;10.1038/s41467-023-43688-z;FALSE;sn2020deal
MPG;2023;5590,24;10.1038/s41467-023-43657-6;FALSE;sn2020deal
MPG;2023;2924,87;10.1038/s41540-023-00309-1;FALSE;sn2020deal
MPG;2023;2158,54;10.1038/s41535-023-00596-1;FALSE;sn2020deal
MPG;2023;2158,54;10.1038/s41535-023-00585-4;FALSE;sn2020deal
MPG;2023;3559,68;10.1038/s41534-023-00786-6;FALSE;sn2020deal
MPG;2023;2771,60;10.1038/s41524-023-01158-6;FALSE;sn2020deal
MPG;2023;2771,60;10.1038/s41524-023-01133-1;FALSE;sn2020deal
MPG;2023;5590,24;10.1038/s41467-023-44328-2;FALSE;sn2020deal
MPG;2023;5590,24;10.1038/s41467-023-44247-2;FALSE;sn2020deal
MPG;2023;5590,24;10.1038/s41467-023-44069-2;FALSE;sn2020deal
MPG;2023;2005,26;10.1038/s41597-023-02659-1;FALSE;sn2020deal
MPG;2023;2005,26;10.1038/s41598-023-45111-5;FALSE;sn2020deal
MPG;2023;2005,26;10.1038/s41598-023-44875-0;FALSE;sn2020deal
MPG;2023;2005,26;10.1038/s41598-023-45536-y;FALSE;sn2020deal
MPG;2023;2005,26;10.1038/s41598-023-45518-0;FALSE;sn2020deal
MPG;2023;2005,26;10.1038/s41598-023-45305-x;FALSE;sn2020deal
MPG;2023;2005,26;10.1038/s41598-023-46481-6;FALSE;sn2020deal
MPG;2023;2005,26;10.1038/s41598-023-45952-0;FALSE;sn2020deal
MPG;2023;2005,26;10.1038/s41598-023-46963-7;FALSE;sn2020deal
MPG;2023;2005,26;10.1038/s41598-023-47547-1;FALSE;sn2020deal
MPG;2023;2005,26;10.1038/s41598-023-47404-1;FALSE;sn2020deal
MPG;2023;2005,26;10.1038/s41598-023-48586-4;FALSE;sn2020deal
MPG;2023;2005,26;10.1038/s41598-023-48241-y;FALSE;sn2020deal
MPG;2023;3307,25;10.1038/s42003-023-05499-2;FALSE;sn2020deal
MPG;2023;3307,25;10.1038/s42003-023-05379-9;FALSE;sn2020deal
MPG;2023;3307,25;10.1038/s42003-023-05363-3;FALSE;sn2020deal
MPG;2023;2372,72;10.1038/s43705-023-00324-7;FALSE;sn2020deal
MPG;2023;2372,72;10.1038/s43705-023-00317-6;FALSE;sn2020deal
MPG;2023;2554,48;10.1038/s43247-023-01114-8;FALSE;sn2020deal
MPG;2023;2554,48;10.1038/s43247-023-01075-y;FALSE;sn2020deal
MPG;2023;3088,11;10.1038/s43246-023-00434-8;FALSE;sn2020deal
MPG;2023;1318,11;10.1140/epjqt/s40507-023-00202-0;FALSE;sn2020deal
MPG;2023;1098,42;10.1057/s41599-023-02166-z;FALSE;sn2020deal
MPG;2023;1946,88;10.1038/s44271-023-00044-7;FALSE;sn2020deal
MPG;2023;1865,88;10.1186/s12862-023-02188-w;FALSE;sn2020deal
MPG;2023;2217,28;10.1186/s12889-023-17109-1;FALSE;sn2020deal
MPG;2023;2470,49;10.1186/s12915-023-01768-y;FALSE;sn2020deal
MPG;2023;2339,90;10.1186/s12984-023-01288-4;FALSE;sn2020deal
MPG;2023;2431,86;10.1186/s12974-023-02974-9;FALSE;sn2020deal
MPG;2023;2110,46;10.1186/s13068-023-02395-z;FALSE;sn2020deal
MPG;2023;2626,00;10.1186/s13195-023-01341-3;FALSE;sn2020deal
MPG;2023;1318,11;10.1186/s40494-023-01055-7;FALSE;sn2020deal
MPG;2023;1964,60;10.1186/s40462-023-00432-y;FALSE;sn2020deal
MPG;2023;1373,18;10.1186/s44247-023-00048-7;FALSE;sn2020deal
MPG;2023;1004,54;10.1186/s41118-023-00206-9;FALSE;sn2020deal
MPG;2023;5590,24;10.1038/s41467-023-43314-y;FALSE;sn2020deal
MPG;2023;5590,24;10.1038/s41467-023-43953-1;FALSE;sn2020deal
MPG;2023;1042,76;10.1038/s41529-023-00397-8;FALSE;sn2020deal
MPG;2023;944,32;10.1007/s41109-022-00529-0;FALSE;sn2020deal
MPG;2023;5401,21;10.1038/s41467-022-35512-x;FALSE;sn2020deal
MPG;2023;5401,21;10.1038/s41467-022-35670-y;FALSE;sn2020deal
MPG;2023;5590,24;10.1038/s41467-023-35818-4;FALSE;sn2020deal
MPG;2023;5590,24;10.1038/s41467-023-35843-3;FALSE;sn2020deal
MPG;2023;5590,24;10.1038/s41467-023-35847-z;FALSE;sn2020deal
MPG;2023;5590,24;10.1038/s41467-023-35902-9;FALSE;sn2020deal
MPG;2023;5590,24;10.1038/s41467-023-37195-4;FALSE;sn2020deal
MPG;2023;5590,24;10.1038/s41467-023-36058-2;FALSE;sn2020deal
MPG;2023;5590,24;10.1038/s41467-023-37497-7;FALSE;sn2020deal
MPG;2023;5590,24;10.1038/s41467-023-36088-w;FALSE;sn2020deal
MPG;2023;5590,24;10.1038/s41467-023-37531-8;FALSE;sn2020deal
MPG;2023;5590,24;10.1038/s41467-023-36331-4;FALSE;sn2020deal
MPG;2023;5590,24;10.1038/s41467-023-37579-6;FALSE;sn2020deal
MPG;2023;5590,24;10.1038/s41467-023-36429-9;FALSE;sn2020deal
MPG;2023;5590,24;10.1038/s41467-023-37585-8;FALSE;sn2020deal
MPG;2023;5590,24;10.1038/s41467-023-36534-9;FALSE;sn2020deal
MPG;2023;5590,24;10.1038/s41467-023-37661-z;FALSE;sn2020deal
MPG;2023;5590,24;10.1038/s41467-023-36607-9;FALSE;sn2020deal
MPG;2023;5590,24;10.1038/s41467-023-37671-x;FALSE;sn2020deal
MPG;2023;5590,24;10.1038/s41467-023-36787-4;FALSE;sn2020deal
MPG;2023;5590,24;10.1038/s41467-023-37734-z;FALSE;sn2020deal
MPG;2023;5590,24;10.1038/s41467-023-36792-7;FALSE;sn2020deal
MPG;2023;5590,24;10.1038/s41467-023-37834-w;FALSE;sn2020deal
MPG;2023;5590,24;10.1038/s41467-023-36913-2;FALSE;sn2020deal
MPG;2023;5590,24;10.1038/s41467-023-37955-2;FALSE;sn2020deal
MPG;2023;5590,24;10.1038/s41467-023-37057-z;FALSE;sn2020deal
MPG;2023;5590,24;10.1038/s41467-023-37957-0;FALSE;sn2020deal
MPG;2023;5590,24;10.1038/s41467-023-37151-2;FALSE;sn2020deal
MPG;2023;5590,24;10.1038/s41467-023-38024-4;FALSE;sn2020deal
MPG;2023;5590,24;10.1038/s41467-023-37284-4;FALSE;sn2020deal
MPG;2023;5590,24;10.1038/s41467-023-38072-w;FALSE;sn2020deal
MPG;2023;2771,60;10.1038/s41524-023-00991-z;FALSE;sn2020deal
MPG;2023;5590,24;10.1038/s41467-023-38147-8;FALSE;sn2020deal
MPG;2023;2771,60;10.1038/s41524-023-00997-7;FALSE;sn2020deal
MPG;2023;5590,24;10.1038/s41467-023-38183-4;FALSE;sn2020deal
MPG;2023;2085,55;10.1038/s41538-022-00176-w;FALSE;sn2020deal
MPG;2023;5590,24;10.1038/s41467-023-38260-8;FALSE;sn2020deal
MPG;2023;2005,26;10.1038/s41598-023-27630-3;FALSE;sn2020deal
MPG;2023;5590,24;10.1038/s41467-023-38326-7;FALSE;sn2020deal
MPG;2023;2005,26;10.1038/s41598-023-28338-0;FALSE;sn2020deal
MPG;2023;5590,24;10.1038/s41467-023-38689-x;FALSE;sn2020deal
MPG;2023;2005,26;10.1038/s41598-023-28600-5;FALSE;sn2020deal
MPG;2023;5590,24;10.1038/s41467-023-38709-w;FALSE;sn2020deal
MPG;2023;2005,26;10.1038/s41598-023-28628-7;FALSE;sn2020deal
MPG;2023;5590,24;10.1038/s41467-023-38848-0;FALSE;sn2020deal
MPG;2023;2005,26;10.1038/s41598-023-28711-z;FALSE;sn2020deal
MPG;2023;5590,24;10.1038/s41467-023-38909-4;FALSE;sn2020deal
MPG;2023;2005,26;10.1038/s41598-023-29128-4;FALSE;sn2020deal
MPG;2023;5590,24;10.1038/s41467-023-39150-9;FALSE;sn2020deal
MPG;2023;2005,26;10.1038/s41598-023-29418-x;FALSE;sn2020deal
MPG;2023;5590,24;10.1038/s41467-023-39239-1;FALSE;sn2020deal
MPG;2023;2005,26;10.1038/s41598-023-29478-z;FALSE;sn2020deal
MPG;2023;5590,24;10.1038/s41467-023-39422-4;FALSE;sn2020deal
MPG;2023;2005,26;10.1038/s41598-023-30318-3;FALSE;sn2020deal
MPG;2023;5590,24;10.1038/s41467-023-39513-2;FALSE;sn2020deal
MPG;2023;2005,26;10.1038/s41598-023-30663-3;FALSE;sn2020deal
MPG;2023;2771,60;10.1038/s41524-023-01063-y;FALSE;sn2020deal
MPG;2023;2005,26;10.1038/s41598-023-30706-9;FALSE;sn2020deal
MPG;2023;2771,60;10.1038/s41524-023-01065-w;FALSE;sn2020deal
MPG;2023;2005,26;10.1038/s41598-023-30814-6;FALSE;sn2020deal
MPG;2023;2005,26;10.1038/s41598-023-31500-3;FALSE;sn2020deal
MPG;2023;2005,26;10.1038/s41598-023-31308-1;FALSE;sn2020deal
MPG;2023;2005,26;10.1038/s41598-023-32615-3;FALSE;sn2020deal
MPG;2023;2005,26;10.1038/s41598-023-31929-6;FALSE;sn2020deal
MPG;2023;2005,26;10.1038/s41598-023-32666-6;FALSE;sn2020deal
MPG;2023;869,76;10.1038/s41377-023-01232-0;FALSE;sn2020deal
MPG;2023;2005,26;10.1038/s41598-023-31938-5;FALSE;sn2020deal
MPG;2023;2005,26;10.1038/s41598-023-33656-4;FALSE;sn2020deal
MPG;2023;5590,24;10.1038/s41467-023-39572-5;FALSE;sn2020deal
MPG;2023;2924,87;10.1038/s41699-023-00364-6;FALSE;sn2020deal
MPG;2023;2005,26;10.1038/s41598-023-33998-z;FALSE;sn2020deal
MPG;2023;5590,24;10.1038/s41467-023-39666-0;FALSE;sn2020deal
MPG;2023;3307,25;10.1038/s42003-023-04586-8;FALSE;sn2020deal
MPG;2023;2005,26;10.1038/s41598-023-34934-x;FALSE;sn2020deal
MPG;2023;5590,24;10.1038/s41467-023-39773-y;FALSE;sn2020deal
MPG;2023;3307,25;10.1038/s42003-023-04723-3;FALSE;sn2020deal
MPG;2023;2005,26;10.1038/s41598-023-35693-5;FALSE;sn2020deal
MPG;2023;5590,24;10.1038/s41467-023-39825-3;FALSE;sn2020deal
MPG;2023;3195,42;10.1038/s42005-022-01104-w;FALSE;sn2020deal
MPG;2023;2005,26;10.1038/s41598-023-37029-9;FALSE;sn2020deal
MPG;2023;5590,24;10.1038/s41467-023-39884-6;FALSE;sn2020deal
MPG;2023;2372,72;10.1038/s43705-023-00219-7;FALSE;sn2020deal
MPG;2023;2005,26;10.1038/s41598-023-37116-x;FALSE;sn2020deal
MPG;2023;5590,24;10.1038/s41467-023-39917-0;FALSE;sn2020deal
MPG;2023;2372,72;10.1038/s43705-023-00222-y;FALSE;sn2020deal
MPG;2023;2005,26;10.1038/s41598-023-37332-5;FALSE;sn2020deal
MPG;2023;5590,24;10.1038/s41467-023-40040-3;FALSE;sn2020deal
MPG;2023;2217,28;10.1186/s12889-023-15145-5;FALSE;sn2020deal
MPG;2023;3307,25;10.1038/s42003-023-04741-1;FALSE;sn2020deal
MPG;2023;5590,24;10.1038/s41467-023-40092-5;FALSE;sn2020deal
MPG;2023;3901,27;10.1186/s13059-023-02847-7;FALSE;sn2020deal
MPG;2023;3307,25;10.1038/s42003-023-04744-y;FALSE;sn2020deal
MPG;2023;5590,24;10.1038/s41467-023-40226-9;FALSE;sn2020deal
MPG;2023;3901,27;10.1186/s13059-023-02895-z;FALSE;sn2020deal
MPG;2023;3307,25;10.1038/s42003-023-04757-7;FALSE;sn2020deal
MPG;2023;5590,24;10.1038/s41467-023-40241-w;FALSE;sn2020deal
MPG;2023;1549,97;10.1186/s40317-023-00326-1;FALSE;sn2020deal
MPG;2023;3307,25;10.1038/s42003-023-04886-z;FALSE;sn2020deal
MPG;2023;5590,24;10.1038/s41467-023-40289-8;FALSE;sn2020deal
MPG;2023;1273,54;10.1186/s40795-022-00636-2;FALSE;sn2020deal
MPG;2023;3307,25;10.1038/s42003-023-04909-9;FALSE;sn2020deal
MPG;2023;5590,24;10.1038/s41467-023-40297-8;FALSE;sn2020deal
MPG;2023;977,37;10.1186/s41118-023-00184-y;FALSE;sn2020deal
MPG;2023;3307,25;10.1038/s42004-023-00859-9;FALSE;sn2020deal
MPG;2023;5590,24;10.1038/s41467-023-40320-y;FALSE;sn2020deal
MPG;2023;3307,25;10.1038/s42004-023-00883-9;FALSE;sn2020deal
MPG;2023;5590,24;10.1038/s41467-023-40332-8;FALSE;sn2020deal
MPG;2023;2554,48;10.1038/s43247-023-00784-8;FALSE;sn2020deal
MPG;2023;5590,24;10.1038/s41467-023-40361-3;FALSE;sn2020deal
MPG;2023;2554,48;10.1038/s43247-023-00795-5;FALSE;sn2020deal
MPG;2023;5590,24;10.1038/s41467-023-40422-7;FALSE;sn2020deal
MPG;2023;2184,33;10.1186/s12979-023-00341-z;FALSE;sn2020deal
MPG;2023;5590,24;10.1038/s41467-023-40447-y;FALSE;sn2020deal
MPG;2023;2458,23;10.1186/s13148-023-01489-7;FALSE;sn2020deal
MPG;2023;5590,24;10.1038/s41467-023-40461-0;FALSE;sn2020deal
MPG;2023;1230,47;10.1186/s13661-023-01734-1;FALSE;sn2020deal
MPG;2023;5590,24;10.1038/s41467-023-40633-y;FALSE;sn2020deal
MPG;2023;3239,08;10.1186/s40168-023-01517-x;FALSE;sn2020deal
MPG;2023;5590,24;10.1038/s41467-023-40661-8;FALSE;sn2020deal
MPG;2023;3239,08;10.1186/s40168-023-01557-3;FALSE;sn2020deal
MPG;2023;5590,24;10.1038/s41467-023-40663-6;FALSE;sn2020deal
MPG;2023;2544,26;10.1186/s40478-023-01577-y;FALSE;sn2020deal
MPG;2023;5590,24;10.1038/s41467-023-40749-1;FALSE;sn2020deal
MPG;2023;1372,26;10.1186/s42523-023-00250-y;FALSE;sn2020deal
MPG;2023;5590,24;10.1038/s41467-023-40789-7;FALSE;sn2020deal
MPG;2023;5590,24;10.1038/s41467-023-39302-x;FALSE;sn2020deal
MPG;2023;5590,24;10.1038/s41467-023-40815-8;FALSE;sn2020deal
MPG;2023;2005,26;10.1038/s41598-023-35142-3;FALSE;sn2020deal
MPG;2023;5590,24;10.1038/s41467-023-40880-z;FALSE;sn2020deal
MPG;2023;5590,24;10.1038/s41467-023-40983-7;FALSE;sn2020deal
MPG;2023;5590,24;10.1038/s41467-023-41000-7;FALSE;sn2020deal
MPG;2023;5590,24;10.1038/s41467-023-41280-z;FALSE;sn2020deal
MPG;2023;5590,24;10.1038/s41467-023-41441-0;FALSE;sn2020deal
MPG;2023;5590,24;10.1038/s41467-023-41633-8;FALSE;sn2020deal
MPG;2023;5590,24;10.1038/s41467-023-41672-1;FALSE;sn2020deal
MPG;2023;5590,24;10.1038/s41467-023-41709-5;FALSE;sn2020deal
MPG;2023;5590,24;10.1038/s41467-023-41731-7;FALSE;sn2020deal
MPG;2023;2771,60;10.1038/s41524-023-01106-4;FALSE;sn2020deal
MPG;2023;2005,26;10.1038/s41598-023-38841-z;FALSE;sn2020deal
MPG;2023;2005,26;10.1038/s41598-023-38967-0;FALSE;sn2020deal
MPG;2023;2005,26;10.1038/s41598-023-39214-2;FALSE;sn2020deal
MPG;2023;2005,26;10.1038/s41598-023-39393-y;FALSE;sn2020deal
MPG;2023;2005,26;10.1038/s41598-023-39418-6;FALSE;sn2020deal
MPG;2023;2005,26;10.1038/s41598-023-40636-1;FALSE;sn2020deal
MPG;2023;2005,26;10.1038/s41598-023-41048-x;FALSE;sn2020deal
MPG;2023;2005,26;10.1038/s41598-023-41606-3;FALSE;sn2020deal
MPG;2023;2005,26;10.1038/s41598-023-41748-4;FALSE;sn2020deal
MPG;2023;2005,26;10.1038/s41598-023-43090-1;FALSE;sn2020deal
MPG;2023;2005,26;10.1038/s41598-023-43169-9;FALSE;sn2020deal
MPG;2023;2005,26;10.1038/s41598-023-43549-1;FALSE;sn2020deal
MPG;2023;2924,87;10.1038/s41612-023-00423-1;FALSE;sn2020deal
MPG;2023;3307,25;10.1038/s42003-023-05280-5;FALSE;sn2020deal
MPG;2023;3307,25;10.1038/s42005-023-01320-y;FALSE;sn2020deal
MPG;2023;3307,25;10.1038/s42005-023-01329-3;FALSE;sn2020deal
MPG;2024;2234,09;10.1038/s41535-024-00629-3;FALSE;sn2024deal
MPG;2024;5785,90;10.1038/s41467-024-49668-1;FALSE;sn2024deal
MPG;2024;5590,24;10.1038/s41467-023-44670-5;FALSE;sn2024deal
MPG;2024;5785,90;10.1038/s41467-024-47976-0;FALSE;sn2024deal
MPG;2024;3423,01;10.1038/s42005-024-01573-1;FALSE;sn2024deal
MPG;2024;2075,44;10.1038/s41598-024-61243-8;FALSE;sn2024deal
MPG;2024;2005,26;10.1038/s41598-023-50345-4;FALSE;sn2024deal
MPG;2024;2544,26;10.1186/s13148-024-01635-9;FALSE;sn2024deal
MPG;2024;5785,90;10.1038/s41467-024-45688-z;FALSE;sn2024deal
MPG;2024;7476,48;10.1038/s44321-024-00058-6;FALSE;sn2024deal
MPG;2024;3307,25;10.1038/s42003-023-05710-4;FALSE;sn2024deal
MPG;2024;2479,10;10.1007/s10071-024-01854-w;FALSE;sn2024deal
MPG;2024;5785,90;10.1038/s41467-024-45127-z;FALSE;sn2024deal
MPG;2024;2075,44;10.1038/s41598-024-51916-9;FALSE;sn2024deal
MPG;2024;2075,44;10.1038/s41598-024-57915-0;FALSE;sn2024deal
MPG;2024;5785,90;10.1038/s41467-024-45298-9;FALSE;sn2024deal
MPG;2024;5785,90;10.1038/s41467-024-46245-4;FALSE;sn2024deal
MPG;2024;2075,44;10.1038/s41598-024-54462-6;FALSE;sn2024deal
MPG;2024;2075,44;10.1038/s41598-024-58231-3;FALSE;sn2024deal
MPG;2024;5785,90;10.1038/s41467-024-46203-0;FALSE;sn2024deal
MPG;2024;5785,90;10.1038/s41467-024-44943-7;FALSE;sn2024deal
MPG;2024;3423,01;10.1038/s42003-024-05804-7;FALSE;sn2024deal
MPG;2024;2075,44;10.1038/s41598-024-52837-3;FALSE;sn2024deal
MPG;2024;1064,45;10.1186/s40643-023-00726-4;FALSE;sn2024deal
MPG;2024;1871,94;10.1038/s44185-024-00037-7;FALSE;sn2024deal
MPG;2024;3559,68;10.1038/s41377-024-01406-4;FALSE;sn2024deal
MPG;2024;3352,45;10.1186/s40168-024-01757-5;FALSE;sn2024deal
MPG;2024;2005,26;10.1038/s41598-023-50770-5;FALSE;sn2024deal
MPG;2024;5785,90;10.1038/s41467-024-45045-0;FALSE;sn2024deal
MPG;2024;5785,90;10.1038/s41467-024-45428-3;FALSE;sn2024deal
MPG;2024;3124,22;10.1007/s00253-023-12959-6;FALSE;sn2024deal
MPG;2024;3124,22;10.1007/s00253-024-13078-6;FALSE;sn2024deal
MPG;2024;5785,90;10.1038/s41467-024-46678-x;FALSE;sn2024deal
MPG;2024;2075,44;10.1038/s41598-024-56130-1;FALSE;sn2024deal
MPG;2024;5785,90;10.1038/s41467-024-45564-w;FALSE;sn2024deal
MPG;2024;2005,26;10.1038/s41598-023-50952-1;FALSE;sn2024deal
MPG;2024;2062,08;10.1038/s44310-024-00003-y;FALSE;sn2024deal
MPG;2024;2544,26;10.1186/s13148-024-01637-7;FALSE;sn2024deal
MPG;2024;2075,44;10.1038/s41598-024-57477-1;FALSE;sn2024deal
MPG;2024;2005,26;10.1038/s41598-023-44637-y;FALSE;sn2024deal
MPG;2024;1554,79;10.1186/s40851-024-00227-y;FALSE;sn2024deal
MPG;2024;2033,36;10.1186/s13071-023-06103-6;FALSE;sn2024deal
MPG;2024;5785,90;10.1038/s41467-024-46128-8;FALSE;sn2024deal
MPG;2024;5785,90;10.1038/s41467-024-52380-9;FALSE;sn2024deal
MPG;2024;3423,01;10.1038/s42005-024-01566-0;FALSE;sn2024deal
MPG;2024;2075,44;10.1038/s41597-024-03631-3;FALSE;sn2024deal
MPG;2024;5590,24;10.1038/s41467-023-44630-z;FALSE;sn2024deal
MPG;2024;5785,90;10.1038/s41467-024-50444-4;FALSE;sn2024deal
MPG;2024;7476,48;10.1038/s44321-023-00019-5;FALSE;sn2024deal
MPG;2024;1136,86;10.1057/s41599-024-03402-w;FALSE;sn2024deal
MPG;2024;2075,44;10.1038/s41598-024-51542-5;FALSE;sn2024deal
MPG;2024;2075,44;10.1038/s41598-024-70265-1;FALSE;sn2024deal
MPG;2024;3032,06;10.1007/s00018-024-05140-3;FALSE;sn2024deal
MPG;2024;2075,44;10.1038/s41597-024-03377-y;FALSE;sn2024deal
MPG;2025;3263,04;10.1038/s41377-024-01685-x;FALSE;sn2024deal
MPG;2024;5785,90;10.1038/s41467-024-46632-x;FALSE;sn2024deal
MPG;2024;5785,90;10.1038/s41467-024-50540-5;FALSE;sn2024deal
MPG;2024;2479,10;10.1007/s10071-024-01846-w;FALSE;sn2024deal
MPG;2024;2075,44;10.1038/s41597-024-03816-w;FALSE;sn2024deal
MPG;2024;2075,44;10.1038/s41598-024-57369-4;FALSE;sn2024deal
MPG;2024;3953,66;10.1186/s13059-024-03388-3;FALSE;sn2024deal
MPG;2024;2643,89;10.1038/s43247-024-01216-x;FALSE;sn2024deal
MPG;2024;5785,90;10.1038/s41467-024-51000-w;FALSE;sn2024deal
MPG;2024;1123,96;10.1140/epjds/s13688-023-00443-0;FALSE;sn2024deal
MPG;2024;5785,90;10.1038/s41467-024-50766-3;FALSE;sn2024deal
MPG;2024;5590,24;10.1038/s41467-024-45812-z;FALSE;sn2024deal
MPG;2024;2075,44;10.1038/s41597-024-03655-9;FALSE;sn2024deal
MPG;2024;5785,90;10.1038/s41467-024-51160-9;FALSE;sn2024deal
MPG;2024;5590,24;10.1038/s41467-023-44622-z;FALSE;sn2024deal
MPG;2024;5785,90;10.1038/s41467-024-51086-2;FALSE;sn2024deal
MPG;2024;5785,90;10.1038/s41467-024-44708-2;FALSE;sn2024deal
MPG;2024;1946,88;10.1038/s44271-024-00127-z;FALSE;sn2024deal
MPG;2024;5785,90;10.1038/s41467-024-46339-z;FALSE;sn2024deal
MPG;2024;5785,90;10.1038/s41467-024-49925-3;FALSE;sn2024deal
MPG;2024;1037,72;10.1038/s41539-024-00239-5;FALSE;sn2024deal
MPG;2024;5785,90;10.1038/s41467-024-51341-6;FALSE;sn2024deal
MPG;2024;2075,44;10.1038/s41598-024-57800-w;FALSE;sn2024deal
MPG;2024;2075,44;10.1038/s41598-024-69346-y;FALSE;sn2024deal
MPG;2024;3307,25;10.1038/s42003-023-05700-6;FALSE;sn2024deal
MPG;2024;3542,80;10.1038/s41541-024-00951-8;FALSE;sn2024deal
MPG;2024;5785,90;10.1038/s41467-024-44802-5;FALSE;sn2024deal
MPG;2024;2075,44;10.1038/s41598-024-66132-8;FALSE;sn2024deal
MPG;2024;5785,90;10.1038/s41467-024-51818-4;FALSE;sn2024deal
MPG;2024;5785,90;10.1038/s41467-024-52340-3;FALSE;sn2024deal
MPG;2024;3423,01;10.1038/s42003-024-06666-9;FALSE;sn2024deal
MPG;2024;2075,44;10.1038/s41598-024-66885-2;FALSE;sn2024deal
MPG;2024;2260,78;10.1186/s12993-024-00245-y;FALSE;sn2024deal
MPG;2024;2075,44;10.1038/s41598-024-67465-0;FALSE;sn2024deal
MPG;2024;2868,60;10.1038/s41524-024-01399-z;FALSE;sn2024deal
MPG;2024;5785,90;10.1038/s41467-024-51702-1;FALSE;sn2024deal
MPG;2024;3423,01;10.1038/s42003-024-06530-w;FALSE;sn2024deal
MPG;2024;7476,48;10.1038/s44319-024-00245-z;FALSE;sn2024deal
MPG;2024;2294,88;10.1186/s12889-024-19498-3;FALSE;sn2024deal
MPG;2024;5785,90;10.1038/s41467-024-52499-9;FALSE;sn2024deal
MPG;2024;2075,44;10.1038/s41598-024-66792-6;FALSE;sn2024deal
MPG;2024;3423,01;10.1038/s42005-024-01717-3;FALSE;sn2024deal
MPG;2024;1011,57;10.1007/s41109-024-00642-2;FALSE;sn2024deal
MPG;2024;3423,01;10.1038/s42003-024-06789-z;FALSE;sn2024deal
MPG;2024;5785,90;10.1038/s41467-024-50889-7;FALSE;sn2024deal
MPG;2024;2075,44;10.1038/s41598-024-73306-x;FALSE;sn2024deal
MPG;2024;3423,01;10.1038/s42003-024-06890-3;FALSE;sn2024deal
MPG;2024;2643,89;10.1038/s43247-024-01651-w;FALSE;sn2024deal
MPG;2024;7476,48;10.1038/s44321-024-00127-w;FALSE;sn2024deal
MPG;2024;2075,44;10.1038/s41598-024-73301-2;FALSE;sn2024deal
MPG;2024;5785,90;10.1038/s41467-024-51814-8;FALSE;sn2024deal
MPG;2024;2075,44;10.1038/s41597-024-03705-2;FALSE;sn2024deal
MPG;2024;2638,08;10.1038/s44303-024-00041-3;FALSE;sn2024deal
MPG;2024;1421,25;10.1186/s44247-024-00113-9;FALSE;sn2024deal
MPG;2024;5785,90;10.1038/s41467-024-50476-w;FALSE;sn2024deal
MPG;2024;2075,44;10.1038/s41598-024-71444-w;FALSE;sn2024deal
MPG;2024;5785,90;10.1038/s41467-024-51360-3;FALSE;sn2024deal
MPG;2024;2033,36;10.1186/s13007-024-01267-3;FALSE;sn2024deal
MPG;2024;5785,90;10.1038/s41467-024-52456-6;FALSE;sn2024deal
MPG;2024;5785,90;10.1038/s41467-024-50265-5;FALSE;sn2024deal
MPG;2024;5785,90;10.1038/s41467-024-52251-3;FALSE;sn2024deal
MPG;2024;3239,08;10.1186/s40168-023-01739-z;FALSE;sn2024deal
MPG;2024;2868,60;10.1038/s41524-024-01345-z;FALSE;sn2024deal
MPG;2024;5785,90;10.1038/s41467-024-49928-0;FALSE;sn2024deal
MPG;2024;3684,27;10.1038/s41534-024-00876-z;FALSE;sn2024deal
MPG;2024;5785,90;10.1038/s41467-024-50750-x;FALSE;sn2024deal
MPG;2024;5785,90;10.1038/s41467-024-50379-w;FALSE;sn2024deal
MPG;2024;3039,83;10.1038/s41421-024-00696-7;FALSE;sn2024deal
MPG;2024;3027,24;10.1038/s41531-024-00764-5;FALSE;sn2024deal
MPG;2024;2075,44;10.1038/s41598-024-66381-7;FALSE;sn2024deal
MPG;2024;5785,90;10.1038/s41467-024-51419-1;FALSE;sn2024deal
MPG;2024;5785,90;10.1038/s41467-024-52313-6;FALSE;sn2024deal
MPG;2024;3423,01;10.1038/s42003-024-06697-2;FALSE;sn2024deal
MPG;2024;2075,44;10.1038/s41598-024-67153-z;FALSE;sn2024deal
MPG;2024;5785,90;10.1038/s41467-024-51388-5;FALSE;sn2024deal
MPG;2024;2075,44;10.1038/s41598-024-68848-z;FALSE;sn2024deal
MPG;2024;3027,24;10.1038/s41612-024-00758-3;FALSE;sn2024deal
MPG;2024;2075,44;10.1038/s41597-024-03694-2;FALSE;sn2024deal
MPG;2024;2075,44;10.1038/s41598-024-68253-6;FALSE;sn2024deal
MPG;2024;2075,44;10.1038/s41598-024-71399-y;FALSE;sn2024deal
MPG;2024;5785,90;10.1038/s41467-024-51417-3;FALSE;sn2024deal
MPG;2024;3953,66;10.1186/s13059-024-03337-0;FALSE;sn2024deal
MPG;2024;2075,44;10.1038/s41598-024-67048-z;FALSE;sn2024deal
MPG;2024;7476,48;10.1038/s44319-024-00221-7;FALSE;sn2024deal
MPG;2024;869,76;10.1038/s41377-024-01582-3;FALSE;sn2024deal
MPG;2024;5785,90;10.1038/s41467-024-52123-w;FALSE;sn2024deal
MPG;2024;5785,90;10.1038/s41467-024-49988-2;FALSE;sn2024deal
MPG;2024;5785,90;10.1038/s41467-024-50253-9;FALSE;sn2024deal
MPG;2024;2643,89;10.1038/s43247-024-01617-y;FALSE;sn2024deal
MPG;2024;5785,90;10.1038/s41467-024-53453-5;FALSE;sn2024deal
MPG;2024;5785,90;10.1038/s41467-024-53156-x;FALSE;sn2024deal
MPG;2024;2075,44;10.1038/s41598-024-78297-3;FALSE;sn2024deal
MPG;2024;5785,90;10.1038/s41467-024-53649-9;FALSE;sn2024deal
MPG;2024;3423,01;10.1038/s42005-024-01905-1;FALSE;sn2024deal
MPG;2024;5785,90;10.1038/s41467-024-54696-y;FALSE;sn2024deal
MPG;2024;5785,90;10.1038/s41467-024-55416-2;FALSE;sn2024deal
MPG;2024;4045,13;10.1038/s41398-024-03140-2;FALSE;sn2024deal
MPG;2024;3196,19;10.1038/s43246-024-00503-6;FALSE;sn2024deal
MPG;2024;5785,90;10.1038/s41467-024-53872-4;FALSE;sn2024deal
MPG;2024;7476,48;10.1038/s44318-024-00081-w;FALSE;sn2024deal
MPG;2024;2234,09;10.1038/s41535-024-00714-7;FALSE;sn2024deal
MPG;2024;2075,44;10.1038/s41598-024-58988-7;FALSE;sn2024deal
MPG;2024;5785,90;10.1038/s41467-024-54659-3;FALSE;sn2024deal
MPG;2024;5785,90;10.1038/s41467-024-47141-7;FALSE;sn2024deal
MPG;2024;5785,90;10.1038/s41467-024-52936-9;FALSE;sn2024deal
MPG;2024;2157,40;10.1186/s12934-024-02419-9;FALSE;sn2024deal
MPG;2024;3423,01;10.1038/s42005-024-01889-y;FALSE;sn2024deal
MPG;2024;5785,90;10.1038/s41467-024-48579-5;FALSE;sn2024deal
MPG;2024;2075,44;10.1038/s41598-024-77805-9;FALSE;sn2024deal
MPG;2024;2075,44;10.1038/s41598-024-63483-0;FALSE;sn2024deal
MPG;2024;980,90;10.1186/s40878-024-00413-z;FALSE;sn2024deal
MPG;2024;5785,90;10.1038/s41467-024-47053-6;FALSE;sn2024deal
MPG;2024;5785,90;10.1038/s41467-024-54431-7;FALSE;sn2024deal
MPG;2024;5785,90;10.1038/s41467-024-47430-1;FALSE;sn2024deal
MPG;2024;2386,94;10.1007/s10533-024-01187-3;FALSE;sn2024deal
MPG;2024;5785,90;10.1038/s41467-024-46093-2;FALSE;sn2024deal
MPG;2024;5785,90;10.1038/s41467-024-55158-1;FALSE;sn2024deal
MPG;2024;5785,90;10.1038/s41467-024-49084-5;FALSE;sn2024deal
MPG;2024;7476,48;10.1038/s44318-024-00301-3;FALSE;sn2024deal
MPG;2024;2075,44;10.1038/s41598-024-65810-x;FALSE;sn2024deal
MPG;2024;5785,90;10.1038/s41467-024-53186-5;FALSE;sn2024deal
MPG;2024;2062,08;10.1038/s44310-024-00004-x;FALSE;sn2024deal
MPG;2024;5785,90;10.1038/s41467-024-54804-y;FALSE;sn2024deal
MPG;2024;3423,01;10.1038/s42003-024-06343-x;FALSE;sn2024deal
MPG;2024;2075,44;10.1038/s41598-024-77504-5;FALSE;sn2024deal
MPG;2024;5785,90;10.1038/s41467-024-49408-5;FALSE;sn2024deal
MPG;2024;1964,60;10.1186/s12963-024-00355-9;FALSE;sn2024deal
MPG;2024;2407,68;10.1038/s44260-024-00005-z;FALSE;sn2024deal
MPG;2024;3196,19;10.1038/s43246-024-00720-z;FALSE;sn2024deal
MPG;2024;2075,44;10.1038/s41598-024-60607-4;FALSE;sn2024deal
MPG;2024;5785,90;10.1038/s41467-024-53415-x;FALSE;sn2024deal
MPG;2024;1420,29;10.1186/s40066-024-00470-8;FALSE;sn2024deal
MPG;2024;5785,90;10.1038/s41467-024-53338-7;FALSE;sn2024deal
MPG;2024;2075,44;10.1038/s41598-024-60905-x;FALSE;sn2024deal
MPG;2024;5785,90;10.1038/s41467-024-53920-z;FALSE;sn2024deal
MPG;2024;1136,86;10.1057/s41599-024-03310-z;FALSE;sn2024deal
MPG;2024;5785,90;10.1038/s41467-024-53251-z;FALSE;sn2024deal
MPG;2024;3027,24;10.1038/s41540-024-00384-y;FALSE;sn2024deal
MPG;2024;5785,90;10.1038/s41467-024-54408-6;FALSE;sn2024deal
MPG;2024;3423,01;10.1038/s42005-024-01671-0;FALSE;sn2024deal
MPG;2024;5785,90;10.1038/s41467-024-54047-x;FALSE;sn2024deal
MPG;2024;2075,44;10.1038/s41598-024-65173-3;FALSE;sn2024deal
MPG;2024;7476,48;10.1038/s44318-024-00269-0;FALSE;sn2024deal
MPG;2024;2075,44;10.1038/s41598-024-60595-5;FALSE;sn2024deal
MPG;2024;3423,01;10.1038/s42005-024-01898-x;FALSE;sn2024deal
MPG;2024;5785,90;10.1038/s41467-024-48893-y;FALSE;sn2024deal
MPG;2024;1937,46;10.1038/s44172-024-00328-8;FALSE;sn2024deal
MPG;2024;1946,88;10.1038/s44271-024-00093-6;FALSE;sn2024deal
MPG;2024;2075,44;10.1038/s41598-024-78071-5;FALSE;sn2024deal
MPG;2024;2643,89;10.1038/s43247-024-01490-9;FALSE;sn2024deal
MPG;2024;5785,90;10.1038/s41467-024-55062-8;FALSE;sn2024deal
MPG;2024;5785,90;10.1038/s41467-024-47117-7;FALSE;sn2024deal
MPG;2024;5785,90;10.1038/s41467-024-53054-2;FALSE;sn2024deal
MPG;2024;2075,44;10.1038/s41597-024-03354-5;FALSE;sn2024deal
MPG;2024;5785,90;10.1038/s41467-024-54645-9;FALSE;sn2024deal
MPG;2024;5785,90;10.1038/s41467-024-49390-y;FALSE;sn2024deal
MPG;2024;7476,48;10.1038/s44318-024-00311-1;FALSE;sn2024deal
MPG;2024;5785,90;10.1038/s41467-024-48387-x;FALSE;sn2024deal
MPG;2024;3423,01;10.1038/s42005-024-01825-0;FALSE;sn2024deal
MPG;2024;5785,90;10.1038/s41467-024-46300-0;FALSE;sn2024deal
MPG;2024;5785,90;10.1038/s41467-024-55139-4;FALSE;sn2024deal
MPG;2024;2075,44;10.1038/s41598-024-62194-w;FALSE;sn2024deal
MPG;2024;5785,90;10.1038/s41467-024-53787-0;FALSE;sn2024deal
MPG;2024;1946,88;10.1038/s44271-024-00098-1;FALSE;sn2024deal
MPG;2024;5785,90;10.1038/s41467-024-54243-9;FALSE;sn2024deal
MPG;2024;2075,44;10.1038/s41598-024-64396-8;FALSE;sn2024deal
MPG;2024;5785,90;10.1038/s41467-024-53762-9;FALSE;sn2024deal
MPG;2024;5785,90;10.1038/s41467-024-46277-w;FALSE;sn2024deal
MPG;2024;3423,01;10.1038/s42003-024-07322-y;FALSE;sn2024deal
MPG;2024;1163,30;10.1140/epjds/s13688-024-00476-z;FALSE;sn2024deal
MPG;2024;3542,80;10.1038/s41522-024-00619-0;FALSE;sn2024deal
MPG;2024;1434,30;10.1038/s41392-024-01882-5;FALSE;sn2024deal
MPG;2024;2075,44;10.1038/s41598-024-74284-w;FALSE;sn2024deal
MPG;2024;2075,44;10.1038/s41598-024-62685-w;FALSE;sn2024deal
MPG;2024;3423,01;10.1038/s42003-024-07061-0;FALSE;sn2024deal
MPG;2024;5785,90;10.1038/s41467-024-47437-8;FALSE;sn2024deal
MPG;2024;2075,44;10.1038/s41598-024-74271-1;FALSE;sn2024deal
MPG;2024;2110,46;10.1007/s10680-024-09699-2;FALSE;sn2024deal
MPG;2024;5785,90;10.1038/s41467-024-55089-x;FALSE;sn2024deal
MPG;2024;2157,40;10.1186/s12934-024-02363-8;FALSE;sn2024deal
MPG;2024;2075,44;10.1038/s41598-024-77839-z;FALSE;sn2024deal
MPG;2024;5785,90;10.1038/s41467-024-48172-w;FALSE;sn2024deal
MPG;2024;5785,90;10.1038/s41467-024-52966-3;FALSE;sn2024deal
MPG;2024;5785,90;10.1038/s41467-024-47839-8;FALSE;sn2024deal
MPG;2024;2294,88;10.1186/s12889-024-20206-4;FALSE;sn2024deal
MPG;2024;2062,08;10.1038/s44306-024-00024-5;FALSE;sn2024deal
MPG;2024;5785,90;10.1038/s41467-024-53854-6;FALSE;sn2024deal
MPG;2024;2104,53;10.1186/s13041-024-01096-4;FALSE;sn2024deal
MPG;2024;5785,90;10.1038/s41467-024-54784-z;FALSE;sn2024deal
MPG;2024;5785,90;10.1038/s41467-024-48194-4;FALSE;sn2024deal
MPG;2024;2234,09;10.1038/s41535-024-00708-5;FALSE;sn2024deal
MPG;2024;2075,44;10.1038/s41598-024-64037-0;FALSE;sn2024deal
MPG;2024;2075,44;10.1038/s41598-024-82515-3;FALSE;sn2024deal
MPG;2024;2075,44;10.1038/s41598-024-59661-9;FALSE;sn2024deal
MPG;2024;5785,90;10.1038/s41467-024-52775-8;FALSE;sn2024deal
MPG;2024;7476,48;10.1038/s44318-024-00127-z;FALSE;sn2024deal
MPG;2024;5785,90;10.1038/s41467-024-53944-5;FALSE;sn2024deal
MPG;2024;5785,90;10.1038/s41467-024-47201-y;FALSE;sn2024deal
MPG;2024;2075,44;10.1038/s41598-024-76543-2;FALSE;sn2024deal
MPG;2024;5785,90;10.1038/s41467-024-48553-1;FALSE;sn2024deal
MPG;2024;5785,90;10.1038/s41467-024-53671-x;FALSE;sn2024deal
MPG;2024;2075,44;10.1038/s41598-024-64053-0;FALSE;sn2024deal
MPG;2024;5785,90;10.1038/s41467-024-54807-9;FALSE;sn2024deal
MPG;2024;2075,44;10.1038/s41598-024-60257-6;FALSE;sn2024deal
MPG;2024;5785,90;10.1038/s41467-024-53326-x;FALSE;sn2024deal
MPG;2024;5785,90;10.1038/s41467-024-49222-z;FALSE;sn2024deal
MPG;2024;3423,01;10.1038/s42003-024-07396-8;FALSE;sn2024deal
MPG;2024;2075,44;10.1038/s41598-024-61967-7;FALSE;sn2024deal
MPG;2024;3423,01;10.1038/s42005-024-01868-3;FALSE;sn2024deal
MPG;2024;5785,90;10.1038/s41467-024-47873-6;FALSE;sn2024deal
MPG;2024;3684,27;10.1038/s41534-024-00920-y;FALSE;sn2024deal
MPG;2024;1136,86;10.1057/s41599-024-03115-0;FALSE;sn2024deal
MPG;2024;5785,90;10.1038/s41467-024-53155-y;FALSE;sn2024deal
MPG;2024;2075,44;10.1038/s41598-024-54770-x;FALSE;sn2024deal
MPG;2024;3423,01;10.1038/s42003-024-06233-2;FALSE;sn2024deal
MPG;2024;3352,45;10.1186/s40168-024-01904-y;FALSE;sn2024deal
MPG;2024;2075,44;10.1038/s41597-024-02928-7;FALSE;sn2024deal
MPG;2024;5785,90;10.1038/s41467-024-48027-4;FALSE;sn2024deal
MPG;2024;5785,90;10.1038/s41467-024-54126-z;FALSE;sn2024deal
MPG;2024;2075,44;10.1038/s41598-024-53159-0;FALSE;sn2024deal
MPG;2024;3423,01;10.1038/s42005-024-01653-2;FALSE;sn2024deal
MPG;2024;5785,90;10.1038/s41467-024-53645-z;FALSE;sn2024deal
MPG;2024;1098,42;10.1057/s41599-023-02247-z;FALSE;sn2024deal
MPG;2024;5785,90;10.1038/s41467-024-49766-0;FALSE;sn2024deal
MPG;2024;7476,48;10.1038/s44318-024-00265-4;FALSE;sn2024deal
MPG;2024;2479,10;10.1007/s10071-024-01849-7;FALSE;sn2024deal
MPG;2024;5785,90;10.1038/s41467-024-48052-3;FALSE;sn2024deal
MPG;2024;2033,36;10.1186/s12870-024-05628-x;FALSE;sn2024deal
MPG;2024;2075,44;10.1038/s41598-024-51999-4;FALSE;sn2024deal
MPG;2024;2479,10;10.1007/s10071-024-01878-2;FALSE;sn2024deal
MPG;2024;5785,90;10.1038/s41467-024-52712-9;FALSE;sn2024deal
MPG;2024;5785,90;10.1038/s41467-024-46485-4;FALSE;sn2024deal
MPG;2024;2075,44;10.1038/s41598-024-58924-9;FALSE;sn2024deal
MPG;2024;5785,90;10.1038/s41467-024-55143-8;FALSE;sn2024deal
MPG;2024;5785,90;10.1038/s41467-024-46730-w;FALSE;sn2024deal
MPG;2024;2867,40;10.1038/s41392-024-01833-0;FALSE;sn2024deal
MPG;2024;3196,19;10.1038/s43246-024-00689-9;FALSE;sn2024deal
MPG;2024;3307,25;10.1038/s42003-023-05692-3;FALSE;sn2024deal
MPG;2024;5785,90;10.1038/s41467-024-49602-5;FALSE;sn2024deal
MPG;2024;5785,90;10.1038/s41467-024-53128-1;FALSE;sn2024deal
MPG;2024;1707,40;10.1186/s13321-024-00825-0;FALSE;sn2024deal
MPG;2024;5785,90;10.1038/s41467-024-47855-8;FALSE;sn2024deal
MPG;2024;7476,48;10.1038/s44319-024-00300-9;FALSE;sn2024deal
MPG;2024;1057,55;10.1186/s40323-024-00260-8;FALSE;sn2024deal
MPG;2024;5785,90;10.1038/s41467-024-48517-5;FALSE;sn2024deal
MPG;2024;2033,36;10.1186/s40462-024-00512-7;FALSE;sn2024deal
MPG;2024;2005,26;10.1038/s41598-023-48792-0;FALSE;sn2024deal
MPG;2024;5785,90;10.1038/s41467-024-48314-0;FALSE;sn2024deal
MPG;2024;5785,90;10.1038/s41467-024-54161-w;FALSE;sn2024deal
MPG;2024;1946,88;10.1038/s44271-023-00053-6;FALSE;sn2024deal
MPG;2024;2075,44;10.1038/s41598-024-61199-9;FALSE;sn2024deal
MPG;2024;5785,90;10.1038/s41467-024-54585-4;FALSE;sn2024deal
MPG;2024;1292,47;10.1186/s13634-024-01108-4;FALSE;sn2024deal
MPG;2024;3423,01;10.1038/s42003-024-06234-1;FALSE;sn2024deal
MPG;2024;5785,90;10.1038/s41467-024-52750-3;FALSE;sn2024deal
MPG;2024;2075,44;10.1038/s41598-024-54824-0;FALSE;sn2024deal
MPG;2024;5785,90;10.1038/s41467-024-48458-z;FALSE;sn2024deal
MPG;2024;3352,45;10.1186/s40168-024-01917-7;FALSE;sn2024deal
MPG;2024;5785,90;10.1038/s41467-024-45438-1;FALSE;sn2024deal
MPG;2024;5785,90;10.1038/s41467-024-48709-z;FALSE;sn2024deal
MPG;2024;5785,90;10.1038/s41467-024-52989-w;FALSE;sn2024deal
MPG;2024;2075,44;10.1038/s41598-024-53973-6;FALSE;sn2024deal
MPG;2024;3032,06;10.1007/s00018-024-05208-0;FALSE;sn2024deal
MPG;2024;2162,05;10.1186/s12868-024-00915-7;FALSE;sn2024deal
MPG;2024;5785,90;10.1038/s41467-024-47010-3;FALSE;sn2024deal
MPG;2024;2075,44;10.1038/s41597-024-03402-0;FALSE;sn2024deal
MPG;2024;7476,48;10.1038/s44318-024-00303-1;FALSE;sn2024deal
MPG;2024;5785,90;10.1038/s41467-024-44724-2;FALSE;sn2024deal
MPG;2024;5785,90;10.1038/s41467-024-48256-7;FALSE;sn2024deal
MPG;2024;1120,99;10.1186/s40163-024-00236-4;FALSE;sn2024deal
MPG;2024;3423,01;10.1038/s42003-024-05782-w;FALSE;sn2024deal
MPG;2024;2075,44;10.1038/s41597-024-03148-9;FALSE;sn2024deal
MPG;2024;3179,36;10.1038/s42003-024-07017-4;FALSE;sn2024deal
MPG;2024;1136,86;10.1057/s41599-024-02933-6;FALSE;sn2024deal
MPG;2024;3196,19;10.1038/s41526-024-00406-3;FALSE;sn2024deal
MPG;2024;2162,05;10.1186/s12868-024-00899-4;FALSE;sn2024deal
MPG;2024;2075,44;10.1038/s41598-024-52589-0;FALSE;sn2024deal
MPG;2024;5785,90;10.1038/s41467-024-47573-1;FALSE;sn2024deal
MPG;2024;2868,60;10.1038/s41524-024-01464-7;FALSE;sn2024deal
MPG;2024;1465,34;10.1007/s43673-023-00109-z;FALSE;sn2024deal
MPG;2024;5785,90;10.1038/s41467-024-49719-7;FALSE;sn2024deal
MPG;2024;2868,60;10.1038/s41524-024-01388-2;FALSE;sn2024deal
MPG;2024;7476,48;10.1038/s44318-024-00052-1;FALSE;sn2024deal
MPG;2024;7476,48;10.1038/s44318-024-00107-3;FALSE;sn2024deal
MPG;2024;2868,60;10.1038/s41524-024-01439-8;FALSE;sn2024deal
MPG;2024;5785,90;10.1038/s41467-024-45042-3;FALSE;sn2024deal
MPG;2024;1977,63;10.1186/s13561-024-00517-3;FALSE;sn2024deal
MPG;2024;2868,60;10.1038/s41524-024-01441-0;FALSE;sn2024deal
MPG;2024;5590,24;10.1038/s41467-023-44375-9;FALSE;sn2024deal
MPG;2024;5785,90;10.1038/s41467-024-49380-0;FALSE;sn2024deal
MPG;2024;5785,90;10.1038/s41467-024-52919-w;FALSE;sn2024deal
MPG;2024;3307,25;10.1038/s42003-023-05726-w;FALSE;sn2024deal
MPG;2024;3423,01;10.1038/s42003-024-06358-4;FALSE;sn2024deal
MPG;2024;2158,54;10.1038/s41529-024-00522-1;FALSE;sn2024deal
MPG;2024;5590,24;10.1038/s41467-023-44278-9;FALSE;sn2024deal
MPG;2024;7476,48;10.1038/s44320-024-00039-4;FALSE;sn2024deal
MPG;2024;5785,90;10.1038/s41467-024-53793-2;FALSE;sn2024deal
MPG;2024;5590,24;10.1038/s41467-023-44616-x;FALSE;sn2024deal
MPG;2024;2075,44;10.1038/s41598-024-59989-2;FALSE;sn2024deal
MPG;2024;5785,90;10.1038/s41467-024-53464-2;FALSE;sn2024deal
MPG;2024;5785,90;10.1038/s41467-024-46934-0;FALSE;sn2024deal
MPG;2024;2075,44;10.1038/s41598-024-61140-0;FALSE;sn2024deal
MPG;2025;1969,07;10.1038/s41598-025-08035-w;FALSE;sn2024deal
MPG;2025;5489,36;10.1038/s41467-025-58365-6;FALSE;sn2024deal
MPG;2025;1969,07;10.1038/s41597-025-05138-x;FALSE;sn2024deal
MPG;2025;1969,07;10.1038/s41598-025-04953-x;FALSE;sn2024deal
MPG;2025;5489,36;10.1038/s41467-025-58880-6;FALSE;sn2024deal
MPG;2025;2413,86;10.1186/s13148-025-01868-2;FALSE;sn2024deal
MPG;2025;1969,07;10.1038/s41598-025-95054-2;FALSE;sn2024deal
MPG;2025;5489,36;10.1038/s41467-025-58646-0;FALSE;sn2024deal
MPG;2025;5489,36;10.1038/s41467-025-60701-9;FALSE;sn2024deal
MPG;2025;5489,36;10.1038/s41467-025-60237-y;FALSE;sn2024deal
MPG;2025;5489,36;10.1038/s41467-025-58870-8;FALSE;sn2024deal
MPG;2025;1969,07;10.1038/s41598-025-00208-x;FALSE;sn2024deal
MPG;2025;1489,96;10.1186/s40793-025-00732-3;FALSE;sn2024deal
MPG;2025;2721,58;10.1038/s41524-025-01689-0;FALSE;sn2024deal
MPG;2025;1863,91;10.1186/s12864-025-11534-9;FALSE;sn2024deal
MPG;2025;5489,36;10.1038/s41467-025-57549-4;FALSE;sn2024deal
MPG;2025;2779,39;10.1007/s00018-025-05715-8;FALSE;sn2024deal
MPG;2025;2779,39;10.1007/s00018-025-05753-2;FALSE;sn2024deal
MPG;2025;3247,57;10.1038/s42003-025-07900-8;FALSE;sn2024deal
MPG;2025;5489,36;10.1038/s41467-025-60105-9;FALSE;sn2024deal
MPG;2025;3247,57;10.1038/s42004-025-01547-6;FALSE;sn2024deal
MPG;2025;3032,38;10.1038/s43246-025-00797-0;FALSE;sn2024deal
MPG;2025;1617,90;10.1038/s40494-025-01568-3;FALSE;sn2024deal
MPG;2025;5489,36;10.1038/s41467-025-58706-5;FALSE;sn2024deal
MPG;2025;5489,36;10.1038/s41467-025-58725-2;FALSE;sn2024deal
MPG;2025;5489,36;10.1038/s41467-025-60523-9;FALSE;sn2024deal
MPG;2025;3032,38;10.1038/s43246-025-00788-1;FALSE;sn2024deal
MPG;2025;1969,07;10.1038/s41598-025-97691-z;FALSE;sn2024deal
MPG;2025;5489,36;10.1038/s41467-025-65592-4;FALSE;sn2024deal
MPG;2025;5489,36;10.1038/s41467-025-59153-y;FALSE;sn2024deal
MPG;2025;1832,20;10.1186/s12862-025-02404-9;FALSE;sn2024deal
MPG;2025;5489,36;10.1038/s41467-025-59953-2;FALSE;sn2024deal
MPG;2025;1676,59;10.1186/s40814-025-01709-2;FALSE;sn2024deal
MPG;2025;2284,29;10.1038/s44328-025-00024-3;FALSE;sn2024deal
MPG;2025;1863,91;10.1186/s12963-025-00422-9;FALSE;sn2024deal
MPG;2025;2072,38;10.1007/s10433-025-00849-x;FALSE;sn2024deal
MPG;2025;2721,58;10.1038/s41524-025-01825-w;FALSE;sn2024deal
MPG;2025;5489,36;10.1038/s41467-025-59970-1;FALSE;sn2024deal
MPG;2025;3247,57;10.1038/s42005-025-02392-8;FALSE;sn2024deal
MPG;2025;2508,38;10.1038/s43247-025-02400-3;FALSE;sn2024deal
MPG;2025;5489,36;10.1038/s41467-025-67599-3;FALSE;sn2024deal
MPG;2025;1929,14;10.1186/s13007-025-01400-w;FALSE;sn2024deal
MPG;2025;5489,36;10.1038/s41467-025-64676-5;FALSE;sn2024deal
MPG;2025;3247,57;10.1038/s42004-025-01530-1;FALSE;sn2024deal
MPG;2025;1969,07;10.1038/s41598-025-24332-w;FALSE;sn2024deal
MPG;2025;5489,36;10.1038/s41467-025-59254-8;FALSE;sn2024deal
MPG;2025;2002,30;10.1007/s10680-025-09756-4;FALSE;sn2024deal
MPG;2025;5489,36;10.1038/s41467-025-58713-6;FALSE;sn2024deal
MPG;2025;3751,04;10.1186/s13059-025-03700-9;FALSE;sn2024deal
MPG;2025;2721,58;10.1038/s41524-025-01596-4;FALSE;sn2024deal
MPG;2025;5489,36;10.1038/s41467-025-64443-6;FALSE;sn2024deal
MPG;2025;5489,36;10.1038/s41467-025-60663-y;FALSE;sn2024deal
MPG;2025;3751,04;10.1186/s13059-025-03875-1;FALSE;sn2024deal
MPG;2025;5489,36;10.1038/s41467-025-60538-2;FALSE;sn2024deal
MPG;2025;3247,57;10.1038/s42003-025-09194-2;FALSE;sn2024deal
MPG;2025;3247,57;10.1038/s42003-025-08096-7;FALSE;sn2024deal
MPG;2025;3247,57;10.1038/s42003-025-08966-0;FALSE;sn2024deal
MPG;2025;5489,36;10.1038/s41467-025-58530-x;FALSE;sn2024deal
MPG;2025;1969,07;10.1038/s41598-025-20255-8;FALSE;sn2024deal
MPG;2025;1969,07;10.1038/s41598-025-00755-3;FALSE;sn2024deal
MPG;2025;1784,64;10.1038/s44271-025-00352-0;FALSE;sn2024deal
MPG;2025;3247,57;10.1038/s42005-025-02095-0;FALSE;sn2024deal
MPG;2025;3247,57;10.1038/s42004-025-01801-x;FALSE;sn2024deal
MPG;2025;5489,36;10.1038/s41467-025-58885-1;FALSE;sn2024deal
MPG;2025;5489,36;10.1038/s41467-025-67319-x;FALSE;sn2024deal
MPG;2025;2508,38;10.1038/s43247-025-02422-x;FALSE;sn2024deal
MPG;2025;5489,36;10.1038/s41467-025-67570-2;FALSE;sn2024deal
MPG;2025;3247,57;10.1038/s42005-025-02090-5;FALSE;sn2024deal
MPG;2025;2177,26;10.1186/s12889-025-24625-9;FALSE;sn2024deal
MPG;2025;3247,57;10.1038/s42003-025-08346-8;FALSE;sn2024deal
MPG;2025;7093,31;10.1038/s44321-025-00350-z;FALSE;sn2024deal
MPG;2025;7093,31;10.1038/s44321-025-00253-z;FALSE;sn2024deal
MPG;2025;7093,31;10.1038/s44319-025-00605-3;FALSE;sn2024deal
MPG;2025;1969,07;10.1038/s41597-025-04833-z;FALSE;sn2024deal
MPG;2025;5489,36;10.1038/s41467-025-64969-9;FALSE;sn2024deal
MPG;2025;1969,07;10.1038/s41598-025-00209-w;FALSE;sn2024deal
MPG;2025;3837,81;10.1038/s41398-025-03749-x;FALSE;sn2024deal
MPG;2025;1969,07;10.1038/s41598-025-95589-4;FALSE;sn2024deal
MPG;2025;1784,64;10.1038/s44271-025-00348-w;FALSE;sn2024deal
MPG;2025;1812,81;10.1186/s12866-025-03945-1;FALSE;sn2024deal
MPG;2025;7093,31;10.1038/s44318-025-00595-x;FALSE;sn2024deal
MPG;2025;5489,36;10.1038/s41467-025-60140-6;FALSE;sn2024deal
MPG;2025;3247,57;10.1038/s42003-025-08961-5;FALSE;sn2024deal
MPG;2025;3247,57;10.1038/s42003-025-07956-6;FALSE;sn2024deal
MPG;2025;3247,57;10.1038/s42003-025-08918-8;FALSE;sn2024deal
MPG;2025;2119,58;10.1038/s41539-025-00329-y;FALSE;sn2024deal
MPG;2025;5489,36;10.1038/s41467-025-66288-5;FALSE;sn2024deal
MPG;2025;1784,64;10.1038/s44271-025-00265-y;FALSE;sn2024deal
MPG;2025;5489,36;10.1038/s41467-025-67124-6;FALSE;sn2024deal
MPG;2025;2119,58;10.1038/s41535-025-00776-1;FALSE;sn2024deal
MPG;2025;3032,38;10.1038/s43246-025-01021-9;FALSE;sn2024deal
MPG;2025;5489,36;10.1038/s41467-025-59947-0;FALSE;sn2024deal
MPG;2025;5489,36;10.1038/s41467-025-67499-6;FALSE;sn2024deal
MPG;2025;2284,29;10.1038/s44260-025-00035-1;FALSE;sn2024deal
MPG;2025;5489,36;10.1038/s41467-025-67425-w;FALSE;sn2024deal
MPG;2025;5489,36;10.1038/s41467-025-59164-9;FALSE;sn2024deal
MPG;2025;5489,36;10.1038/s41467-025-64244-x;FALSE;sn2024deal
MPG;2025;5489,36;10.1038/s41467-025-59500-z;FALSE;sn2024deal
MPG;2025;2721,58;10.1038/s41524-025-01751-x;FALSE;sn2024deal
MPG;2025;1617,90;10.1038/s40494-025-01763-2;FALSE;sn2024deal
MPG;2025;5489,36;10.1038/s41467-025-65335-5;FALSE;sn2024deal
MPG;2025;7093,31;10.1038/s44318-025-00463-8;FALSE;sn2024deal
MPG;2025;1174,27;10.1186/s13104-025-07547-y;FALSE;sn2024deal
MPG;2025;1003,34;10.1186/s40323-025-00287-5;FALSE;sn2024deal
MPG;2025;1832,20;10.1186/s12862-025-02478-5;FALSE;sn2024deal
MPG;2025;1969,07;10.1038/s41597-025-04779-2;FALSE;sn2024deal
MPG;2025;1078,60;10.1057/s41599-025-06017-x;FALSE;sn2024deal
MPG;2025;1969,07;10.1038/s41597-025-05301-4;FALSE;sn2024deal
MPG;2025;2144,90;10.1186/s12979-025-00527-7;FALSE;sn2024deal
MPG;2025;5489,36;10.1038/s41467-025-60070-3;FALSE;sn2024deal
MPG;2025;7093,31;10.1038/s44320-025-00165-7;FALSE;sn2024deal
MPG;2025;2872,09;10.1038/s41699-025-00558-0;FALSE;sn2024deal
MPG;2025;3247,57;10.1038/s42005-025-02339-z;FALSE;sn2024deal
MPG;2024;5303,74;10.1038/s41467-024-54992-7;FALSE;sn2024deal
MPG;2025;3247,57;10.1038/s42005-025-02340-6;FALSE;sn2024deal
MPG;2025;5489,36;10.1038/s41467-025-60384-2;FALSE;sn2024deal
MPG;2025;5489,36;10.1038/s41467-025-66563-5;FALSE;sn2024deal
MPG;2025;986,41;10.1186/s41118-025-00243-6;FALSE;sn2024deal
MPG;2025;5489,36;10.1038/s41467-025-64835-8;FALSE;sn2024deal
MPG;2025;1969,07;10.1038/s41598-025-97926-z;FALSE;sn2024deal
MPG;2025;1969,07;10.1038/s41598-025-32245-x;FALSE;sn2024deal
MPG;2025;2721,58;10.1038/s41524-025-01669-4;FALSE;sn2024deal
MPG;2025;5489,36;10.1038/s41467-025-66637-4;FALSE;sn2024deal
MPG;2025;5489,36;10.1038/s41467-025-58313-4;FALSE;sn2024deal
MPG;2025;2694,91;10.1007/s10911-025-09591-7;FALSE;sn2024deal
MPG;2025;5489,36;10.1038/s41467-025-60052-5;FALSE;sn2024deal
MPG;2025;2284,29;10.1038/s44328-025-00058-7;FALSE;sn2024deal
MPG;2025;3247,57;10.1038/s42004-025-01810-w;FALSE;sn2024deal
MPG;2025;1969,07;10.1038/s41598-025-23543-5;FALSE;sn2024deal
MPG;2025;5489,36;10.1038/s41467-025-66396-2;FALSE;sn2024deal
MPG;2025;5489,36;10.1038/s41467-025-64228-x;FALSE;sn2024deal
MPG;2025;797,28;10.1038/s41377-025-01980-1;FALSE;sn2024deal
MPG;2025;3488,73;10.1186/s12943-025-02488-3;FALSE;sn2024deal
MPG;2025;3969,03;10.1038/s41419-025-08114-w;FALSE;sn2024deal
MPG;2025;5489,36;10.1038/s41467-025-65439-y;FALSE;sn2024deal
MPG;2025;2002,30;10.1007/s10680-025-09760-8;FALSE;sn2024deal
MPG;2025;5489,36;10.1038/s41467-025-64716-0;FALSE;sn2024deal
MPG;2025;2002,30;10.1007/s10680-025-09740-y;FALSE;sn2024deal
MPG;2025;5489,36;10.1038/s41467-025-66468-3;FALSE;sn2024deal
MPG;2025;5489,36;10.1038/s41467-025-62461-y;FALSE;sn2024deal
MPG;2025;5489,36;10.1038/s41467-025-63539-3;FALSE;sn2024deal
MPG;2025;5489,36;10.1038/s41467-025-66557-3;FALSE;sn2024deal
MPG;2025;3751,04;10.1186/s13059-025-03836-8;FALSE;sn2024deal
MPG;2025;3247,57;10.1038/s42005-025-02415-4;FALSE;sn2024deal
MPG;2025;1796,00;10.1186/s12859-025-06353-4;FALSE;sn2024deal
MPG;2025;5489,36;10.1038/s41467-025-66017-y;FALSE;sn2024deal
MPG;2025;1863,91;10.1186/s12864-025-12257-7;FALSE;sn2024deal
MPG;2025;5489,36;10.1038/s41467-025-67494-x;FALSE;sn2024deal
MPG;2025;3247,57;10.1038/s42005-025-02385-7;FALSE;sn2024deal
MPG;2025;5489,36;10.1038/s41467-025-65450-3;FALSE;sn2024deal
MPG;2025;3247,57;10.1038/s42004-025-01752-3;FALSE;sn2024deal
MPG;2025;5489,36;10.1038/s41467-025-67243-0;FALSE;sn2024deal
MPG;2025;1784,64;10.1038/s44271-025-00338-y;FALSE;sn2024deal
MPG;2025;5489,36;10.1038/s41467-025-63656-z;FALSE;sn2024deal
MPG;2025;5489,36;10.1038/s41467-025-66896-1;FALSE;sn2024deal
MPG;2025;2002,30;10.1007/s10680-025-09753-7;FALSE;sn2024deal
MPG;2025;5489,36;10.1038/s41467-025-65368-w;FALSE;sn2024deal
MPG;2025;5489,36;10.1038/s41467-025-65298-7;FALSE;sn2024deal
MPG;2025;1784,64;10.1038/s44271-025-00380-w;FALSE;sn2024deal
MPG;2025;5489,36;10.1038/s41467-025-64074-x;FALSE;sn2024deal
MPG;2025;3969,03;10.1038/s41419-025-08362-w;FALSE;sn2024deal
MPG;2025;5489,36;10.1038/s41467-025-65357-z;FALSE;sn2024deal
MPG;2025;5489,36;10.1038/s41467-025-56780-3;FALSE;sn2024deal
MPG;2025;3247,57;10.1038/s42004-025-01784-9;FALSE;sn2024deal
MPG;2025;1863,91;10.1186/s12963-025-00369-x;FALSE;sn2024deal
MPG;2025;3751,04;10.1186/s13059-025-03797-y;FALSE;sn2024deal
MPG;2025;3247,57;10.1038/s42003-025-07528-8;FALSE;sn2024deal
MPG;2025;5489,36;10.1038/s41467-025-65321-x;FALSE;sn2024deal
MPG;2025;1969,07;10.1038/s41598-025-87362-4;FALSE;sn2024deal
MPG;2025;3247,57;10.1038/s42003-025-09120-6;FALSE;sn2024deal
MPG;2025;5489,36;10.1038/s41467-025-57772-z;FALSE;sn2024deal
MPG;2025;5489,36;10.1038/s41467-025-63934-w;FALSE;sn2024deal
MPG;2025;5303,74;10.1038/s41467-024-55518-x;FALSE;sn2024deal
MPG;2025;5489,36;10.1038/s41467-025-66849-8;FALSE;sn2024deal
MPG;2025;3032,38;10.1038/s43246-025-00778-3;FALSE;sn2024deal
MPG;2025;2002,30;10.1007/s10680-025-09748-4;FALSE;sn2024deal
MPG;2025;5489,36;10.1038/s41467-025-57022-2;FALSE;sn2024deal
MPG;2025;5489,36;10.1038/s41467-025-67038-3;FALSE;sn2024deal
MPG;2025;5489,36;10.1038/s41467-025-57719-4;FALSE;sn2024deal
MPG;2025;1969,07;10.1038/s41598-025-26235-2;FALSE;sn2024deal
MPG;2025;3247,57;10.1038/s42005-025-01985-7;FALSE;sn2024deal
MPG;2025;3247,57;10.1038/s42004-025-01682-0;FALSE;sn2024deal
MPG;2025;1863,91;10.1186/s12864-025-11442-y;FALSE;sn2024deal
MPG;2025;5489,36;10.1038/s41467-025-66284-9;FALSE;sn2024deal
MPG;2025;5489,36;10.1038/s41467-025-58091-z;FALSE;sn2024deal
MPG;2025;5489,36;10.1038/s41467-025-64777-1;FALSE;sn2024deal
MPG;2025;1272,98;10.1038/s41698-025-00819-7;FALSE;sn2024deal
MPG;2025;5489,36;10.1038/s41467-025-67048-1;FALSE;sn2024deal
MPG;2025;5489,36;10.1038/s41467-025-57436-y;FALSE;sn2024deal
MPG;2025;5489,36;10.1038/s41467-025-67773-7;FALSE;sn2024deal
MPG;2025;5489,36;10.1038/s41467-025-56083-7;FALSE;sn2024deal
MPG;2025;5489,36;10.1038/s41467-025-67310-6;FALSE;sn2024deal
MPG;2025;5489,36;10.1038/s41467-025-57222-w;FALSE;sn2024deal
MPG;2025;5489,36;10.1038/s41467-025-56731-y;FALSE;sn2024deal
MPG;2025;1969,07;10.1038/s41598-025-85192-y;FALSE;sn2024deal
MPG;2025;5489,36;10.1038/s41467-025-58175-w;FALSE;sn2024deal
MPG;2025;1360,77;10.1038/s41392-025-02185-z;FALSE;sn2024deal
MPG;2025;5489,36;10.1038/s41467-025-57952-x;FALSE;sn2024deal
MPG;2025;1969,07;10.1038/s41598-025-88579-z;FALSE;sn2024deal
MPG;2025;5489,36;10.1038/s41467-025-58144-3;FALSE;sn2024deal
MPG;2025;5489,36;10.1038/s41467-025-56846-2;FALSE;sn2024deal
MPG;2025;2872,09;10.1038/s41612-025-00914-3;FALSE;sn2024deal
MPG;2025;5489,36;10.1038/s41467-025-62118-w;FALSE;sn2024deal
MPG;2025;5489,36;10.1038/s41467-025-57552-9;FALSE;sn2024deal
MPG;2025;1969,07;10.1038/s41597-025-05801-3;FALSE;sn2024deal
MPG;2025;5489,36;10.1038/s41467-025-55890-2;FALSE;sn2024deal
MPG;2025;1969,07;10.1038/s41597-025-05828-6;FALSE;sn2024deal
MPG;2025;7093,31;10.1038/s44319-025-00427-3;FALSE;sn2024deal
MPG;2025;5489,36;10.1038/s41467-025-63186-8;FALSE;sn2024deal
MPG;2025;1969,07;10.1038/s41598-025-90504-3;FALSE;sn2024deal
MPG;2025;5489,36;10.1038/s41467-025-63608-7;FALSE;sn2024deal
MPG;2025;5489,36;10.1038/s41467-025-56028-0;FALSE;sn2024deal
MPG;2025;3837,81;10.1038/s41398-025-03548-4;FALSE;sn2024deal
MPG;2025;1250,55;10.1186/s40795-024-00971-6;FALSE;sn2024deal
MPG;2025;1902,49;10.1038/s42949-025-00273-1;FALSE;sn2024deal
MPG;2025;5489,36;10.1038/s41467-025-55849-3;FALSE;sn2024deal
MPG;2025;5489,36;10.1038/s41467-025-63517-9;FALSE;sn2024deal
MPG;2025;5489,36;10.1038/s41467-025-57985-2;FALSE;sn2024deal
MPG;2025;5489,36;10.1038/s41467-025-63119-5;FALSE;sn2024deal
MPG;2025;5303,74;10.1038/s41467-024-55671-3;FALSE;sn2024deal
MPG;2025;2119,58;10.1038/s41535-025-00750-x;FALSE;sn2024deal
MPG;2025;5489,36;10.1038/s41467-025-64047-0;FALSE;sn2024deal
MPG;2025;5489,36;10.1038/s41467-025-56997-2;FALSE;sn2024deal
MPG;2025;5489,36;10.1038/s41467-025-63387-1;FALSE;sn2024deal
MPG;2025;2264,61;10.1007/s10533-025-01208-9;FALSE;sn2024deal
MPG;2025;3247,57;10.1038/s42005-025-02209-8;FALSE;sn2024deal
MPG;2025;3247,57;10.1038/s42004-025-01480-8;FALSE;sn2024deal
MPG;2025;3247,57;10.1038/s42003-025-08848-5;FALSE;sn2024deal
MPG;2025;5303,74;10.1038/s41467-024-55490-6;FALSE;sn2024deal
MPG;2025;3751,04;10.1186/s13059-025-03742-z;FALSE;sn2024deal
MPG;2025;1902,49;10.1038/s41598-024-84988-8;FALSE;sn2024deal
MPG;2025;2508,38;10.1038/s43247-025-02732-0;FALSE;sn2024deal
MPG;2025;5489,36;10.1038/s41467-025-56713-0;FALSE;sn2024deal
MPG;2025;1294,32;10.1038/s40494-025-02002-4;FALSE;sn2024deal
MPG;2025;5489,36;10.1038/s41467-025-56980-x;FALSE;sn2024deal
MPG;2025;1969,07;10.1038/s41597-025-05823-x;FALSE;sn2024deal
MPG;2025;7093,31;10.1038/s44318-025-00400-9;FALSE;sn2024deal
MPG;2025;5489,36;10.1038/s41467-025-62605-0;FALSE;sn2024deal
MPG;2025;5489,36;10.1038/s41467-025-55971-2;FALSE;sn2024deal
MPG;2025;5489,36;10.1038/s41467-025-62858-9;FALSE;sn2024deal
MPG;2025;7093,31;10.1038/s44319-025-00401-z;FALSE;sn2024deal
MPG;2025;3837,81;10.1038/s41398-025-03523-z;FALSE;sn2024deal
MPG;2025;2779,39;10.1007/s00253-025-13423-3;FALSE;sn2024deal
MPG;2025;5489,36;10.1038/s41467-025-63061-6;FALSE;sn2024deal
MPG;2025;2219,97;10.1186/s10020-025-01081-0;FALSE;sn2024deal
MPG;2025;1078,60;10.1057/s41599-025-05503-6;FALSE;sn2024deal
MPG;2025;5489,36;10.1038/s41467-025-56401-z;FALSE;sn2024deal
MPG;2025;3751,04;10.1186/s13059-025-03650-2;FALSE;sn2024deal
MPG;2025;1863,91;10.1186/s12963-025-00365-1;FALSE;sn2024deal
MPG;2025;3247,57;10.1038/s42004-025-01595-y;FALSE;sn2024deal
MPG;2025;5303,74;10.1038/s41467-024-54716-x;FALSE;sn2024deal
MPG;2025;5489,36;10.1038/s41467-025-61728-8;FALSE;sn2024deal
MPG;2025;5489,36;10.1038/s41467-025-57842-2;FALSE;sn2024deal
MPG;2025;5489,36;10.1038/s41467-025-62734-6;FALSE;sn2024deal
MPG;2025;3624,19;10.1186/s13059-024-03468-4;FALSE;sn2024deal
MPG;2025;2297,67;10.1186/s12951-025-03565-x;FALSE;sn2024deal
MPG;2025;2207,04;10.1038/s44324-024-00044-z;FALSE;sn2024deal
MPG;2025;2872,09;10.1038/s41612-025-01169-8;FALSE;sn2024deal
MPG;2025;2119,58;10.1038/s41535-025-00727-w;FALSE;sn2024deal
MPG;2025;1969,07;10.1038/s41598-025-04115-z;FALSE;sn2024deal
MPG;2025;5489,36;10.1038/s41467-025-56203-3;FALSE;sn2024deal
MPG;2025;5489,36;10.1038/s41467-025-64089-4;FALSE;sn2024deal
MPG;2025;3180,63;10.1186/s40168-025-02051-8;FALSE;sn2024deal
MPG;2025;5489,36;10.1038/s41467-025-61586-4;FALSE;sn2024deal
MPG;2025;5489,36;10.1038/s41467-025-56664-6;FALSE;sn2024deal
MPG;2025;1863,91;10.1186/s12963-025-00397-7;FALSE;sn2024deal
MPG;2025;5303,74;10.1038/s41467-024-55406-4;FALSE;sn2024deal
MPG;2025;1969,07;10.1038/s41598-025-14207-5;FALSE;sn2024deal
MPG;2025;1969,07;10.1038/s41598-025-89935-9;FALSE;sn2024deal
MPG;2025;5489,36;10.1038/s41467-025-60780-8;FALSE;sn2024deal
MPG;2025;3247,57;10.1038/s42003-025-07885-4;FALSE;sn2024deal
MPG;2025;3247,57;10.1038/s42003-025-08668-7;FALSE;sn2024deal
MPG;2025;1969,07;10.1038/s41598-025-91045-5;FALSE;sn2024deal
MPG;2025;5489,36;10.1038/s41467-025-64291-4;FALSE;sn2024deal
MPG;2025;3247,57;10.1038/s41522-024-00642-1;FALSE;sn2024deal
MPG;2025;3751,04;10.1186/s13059-025-03681-9;FALSE;sn2024deal
MPG;2025;5489,36;10.1038/s41467-025-56903-w;FALSE;sn2024deal
MPG;2025;5489,36;10.1038/s41467-025-62440-3;FALSE;sn2024deal
MPG;2025;3247,57;10.1038/s42005-025-02035-y;FALSE;sn2024deal
MPG;2025;3247,57;10.1038/s42003-025-08464-3;FALSE;sn2024deal
MPG;2025;7093,31;10.1038/s44318-025-00373-9;FALSE;sn2024deal
MPG;2025;1969,07;10.1038/s41598-025-12205-1;FALSE;sn2024deal
MPG;2025;7093,31;10.1038/s44318-025-00418-z;FALSE;sn2024deal
MPG;2025;3247,57;10.1038/s42003-025-08419-8;FALSE;sn2024deal
MPG;2025;1078,60;10.1057/s41599-025-04514-7;FALSE;sn2024deal
MPG;2025;2072,38;10.1007/s10433-025-00879-5;FALSE;sn2024deal
MPG;2025;1172,66;10.1038/s41612-025-00955-8;FALSE;sn2024deal
MPG;2025;5489,36;10.1038/s41467-025-62625-w;FALSE;sn2024deal
MPG;2025;1902,49;10.1038/s41597-024-04175-2;FALSE;sn2024deal
MPG;2025;1784,64;10.1038/s44271-025-00314-6;FALSE;sn2024deal
MPG;2025;5303,74;10.1038/s41467-025-55836-8;FALSE;sn2024deal
MPG;2025;3837,81;10.1038/s41398-025-03509-x;FALSE;sn2024deal
MPG;2025;5489,36;10.1038/s41467-025-58123-8;FALSE;sn2024deal
MPG;2025;5489,36;10.1038/s41467-025-61107-3;FALSE;sn2024deal
MPG;2025;1784,64;10.1038/s44271-024-00180-8;FALSE;sn2024deal
MPG;2025;5489,36;10.1038/s41467-025-62913-5;FALSE;sn2024deal
MPG;2025;3137,76;10.1038/s42005-024-01901-5;FALSE;sn2024deal
MPG;2025;1078,60;10.1057/s41599-025-05866-w;FALSE;sn2024deal
MPG;2025;5489,36;10.1038/s41467-025-58417-x;FALSE;sn2024deal
MPG;2025;3247,57;10.1038/s42005-025-02144-8;FALSE;sn2024deal
MPG;2025;3247,57;10.1038/s42003-025-07922-2;FALSE;sn2024deal
MPG;2025;3751,04;10.1186/s13059-025-03691-7;FALSE;sn2024deal
MPG;2025;5489,36;10.1038/s41467-025-58022-y;FALSE;sn2024deal
MPG;2025;5489,36;10.1038/s41467-025-62070-9;FALSE;sn2024deal
MPG;2025;2721,58;10.1038/s41524-025-01574-w;FALSE;sn2024deal
MPG;2025;1969,07;10.1038/s41597-025-05867-z;FALSE;sn2024deal
MPG;2025;5489,36;10.1038/s41467-025-57571-6;FALSE;sn2024deal
MPG;2025;2006,70;10.1038/s43247-025-02709-z;FALSE;sn2024deal
MPG;2025;3247,57;10.1038/s42003-025-08583-x;FALSE;sn2024deal
MPG;2025;5489,36;10.1038/s41467-025-63417-y;FALSE;sn2024deal
MPG;2025;5489,36;10.1038/s41467-025-61605-4;FALSE;sn2024deal
MPG;2025;3247,57;10.1038/s42003-025-08680-x;FALSE;sn2024deal
MPG;2025;5489,36;10.1038/s41467-025-63768-6;FALSE;sn2024deal
MPG;2025;5489,36;10.1038/s41467-025-61057-w;FALSE;sn2024deal
MPG;2025;3751,04;10.1186/s13059-025-03709-0;FALSE;sn2024deal
MPG;2025;7093,31;10.1038/s44321-025-00309-0;FALSE;sn2024deal
MPG;2025;5489,36;10.1038/s41467-025-61631-2;FALSE;sn2024deal
MPG;2025;2721,58;10.1038/s41524-025-01791-3;FALSE;sn2024deal
MPG;2025;5489,36;10.1038/s41467-025-61665-6;FALSE;sn2024deal
MPG;2025;5489,36;10.1038/s41467-025-64402-1;FALSE;sn2024deal
MPG;2025;5489,36;10.1038/s41467-025-61893-w;FALSE;sn2024deal
MPG;2025;5489,36;10.1038/s41467-025-60687-4;FALSE;sn2024deal
MPG;2025;1969,07;10.1038/s41598-025-13970-9;FALSE;sn2024deal
MPG;2025;5489,36;10.1038/s41467-025-63442-x;FALSE;sn2024deal
MPG;2025;5489,36;10.1038/s41467-025-63230-7;FALSE;sn2024deal
MPG;2025;5489,36;10.1038/s41467-025-63789-1;FALSE;sn2024deal
MPG;2025;1969,07;10.1038/s41598-025-15400-2;FALSE;sn2024deal
MPG;2025;7093,31;10.1038/s44319-025-00558-7;FALSE;sn2024deal
MPG;2025;1929,14;10.1186/s40462-025-00580-3;FALSE;sn2024deal
MPG;2025;5489,36;10.1038/s41467-025-61577-5;FALSE;sn2024deal
MPG;2025;7093,31;10.1038/s44319-025-00525-2;FALSE;sn2024deal
MPG;2025;5489,36;10.1038/s41467-025-62705-x;FALSE;sn2024deal
MPG;2025;5489,36;10.1038/s41467-025-64152-0;FALSE;sn2024deal
MPG;2025;1969,07;10.1038/s41597-025-05445-3;FALSE;sn2024deal
MPG;2025;2051,24;10.1186/s13072-025-00623-4;FALSE;sn2024deal
MPG;2025;2046,82;10.1186/s12913-025-13090-0;FALSE;sn2024deal
MPG;2025;5489,36;10.1038/s41467-025-61642-z;FALSE;sn2024deal
MPG;2025;5489,36;10.1038/s41467-025-62975-5;FALSE;sn2024deal
MPG;2025;1969,07;10.1038/s41598-025-11665-9;FALSE;sn2024deal
MPG;2025;5489,36;10.1038/s41467-025-62791-x;FALSE;sn2024deal
MPG;2025;2721,58;10.1038/s41524-025-01686-3;FALSE;sn2024deal
MPG;2025;1969,07;10.1038/s41597-025-05352-7;FALSE;sn2024deal
MPG;2025;5489,36;10.1038/s41467-025-62264-1;FALSE;sn2024deal
MPG;2025;1294,32;10.1038/s40494-025-02012-2;FALSE;sn2024deal
MPG;2025;5489,36;10.1038/s41467-025-64265-6;FALSE;sn2024deal
MPG;2020;3041,00;10.15252/msb.20199009;FALSE;wiley2019deal
MPG;2020;3836,16;10.1002/advs.202000517;FALSE;wiley2019deal
MPG;2020;3548,10;10.15252/emmm.201911419;FALSE;wiley2019deal
MPG;2020;1658,88;10.1002/ece3.6412;FALSE;wiley2019deal
MPG;2020;3041,28;10.15252/msb.20199356;FALSE;wiley2019deal
MPG;2020;3041,28;10.15252/msb.20198985;FALSE;wiley2019deal
MPG;2020;3474,24;10.15252/msb.20209873;FALSE;wiley2019deal
MPG;2020;3474,24;10.15252/emmm.202013257;FALSE;wiley2019deal
MPG;2020;3756,24;10.1002/advs.202004068;FALSE;wiley2019deal
MPG;2020;3756,24;10.1002/advs.202003890;FALSE;wiley2019deal
MPG;2020;1624,32;10.1002/ece3.7128;FALSE;wiley2019deal
MPG;2020;1624,32;10.1002/ece3.7238;FALSE;wiley2019deal
MPG;2020;1658,88;10.1002/ece3.6568;FALSE;wiley2019deal
MPG;2020;2396,16;10.1111/pbi.13441;FALSE;wiley2019deal
MPG;2020;3474,24;10.15252/msb.20209813;FALSE;wiley2019deal
MPG;2020;1185,53;10.1029/2020EF001626;FALSE;wiley2019deal
MPG;2020;3836,16;10.1002/advs.202001256;FALSE;wiley2019deal
MPG;2020;1466,40;10.1029/2020MS002165;FALSE;wiley2019deal
MPG;2020;1185,53;10.1029/2020EF001634;FALSE;wiley2019deal
MPG;2020;2616,96;10.1002/hbm.25254;FALSE;wiley2019deal
MPG;2020;1889,40;10.1002/aisy.202000204;FALSE;wiley2019deal
MPG;2020;1327,10;10.1002/ece3.6502;FALSE;wiley2019deal
MPG;2020;3474,24;10.15252/msb.20209821;FALSE;wiley2019deal
MPG;2020;1327,10;10.1002/ece3.6562;FALSE;wiley2019deal
MPG;2020;1889,40;10.1002/aisy.202000190;FALSE;wiley2019deal
MPG;2020;1299,46;10.1002/ece3.6749;FALSE;wiley2019deal
MPG;2020;2672,64;10.1002/hbm.25106;FALSE;wiley2019deal
MPG;2020;3756,24;10.1002/advs.202002948;FALSE;wiley2019deal
MPG;2020;1206,96;10.1029/2020EA001317;FALSE;wiley2019deal
MPG;2020;1263,36;10.1002/ecs2.3299;FALSE;wiley2019deal
MPG;2020;1691,14;10.1002/pan3.10119;FALSE;wiley2019deal
MPG;2020;1624,32;10.1002/ece3.6904;FALSE;wiley2019deal
MPG;2020;3836,16;10.1002/advs.201902931;FALSE;wiley2019deal
MPG;2020;1624,32;10.1002/ece3.6850;FALSE;wiley2019deal
MPG;2020;3548,10;10.15252/emmm.202012387;FALSE;wiley2019deal
MPG;2020;2616,96;10.1002/hbm.25214;FALSE;wiley2019deal
MPG;2020;1466,40;10.1029/2020MS002092;FALSE;wiley2019deal
MPG;2020;1751,04;10.1111/ecog.05079;FALSE;wiley2019deal
MPG;2020;1299,46;10.1002/ece3.6951;FALSE;wiley2019deal
MPG;2020;1432,56;10.1002/pld3.261;FALSE;wiley2019deal
MPG;2020;1985,28;10.1002/elsc.202000029;FALSE;wiley2019deal
MPG;2020;1481,06;10.1002/brb3.1825;FALSE;wiley2019deal
MPG;2020;2616,96;10.1002/hbm.25154;FALSE;wiley2019deal
MPG;2020;2616,96;10.1002/hbm.25208;FALSE;wiley2019deal
MPG;2020;1299,46;10.1002/ece3.6652;FALSE;wiley2019deal
MPG;2020;3756,24;10.1002/advs.202001121;FALSE;wiley2019deal
MPG;2020;2100,34;10.1111/acel.13214;FALSE;wiley2019deal
MPG;2020;1416,77;10.1111/csp2.312;FALSE;wiley2019deal
MPG;2020;3756,24;10.1002/advs.202001480;FALSE;wiley2019deal
MPG;2020;2672,64;10.1002/hbm.25122;FALSE;wiley2019deal
MPG;2020;1290,24;10.1002/ecs2.3233;FALSE;wiley2019deal
MPG;2020;3801,60;10.1002/advs.201903008;FALSE;wiley2019deal
MPG;2020;1146,00;10.1002/aps3.11334;FALSE;wiley2019deal
MPG;2020;1127,00;10.1002/ece3.6058;FALSE;wiley2019deal
MPG;2020;1327,00;10.1002/ece3.6180;FALSE;wiley2019deal
MPG;2020;2672,00;10.1002/hbm.24959;FALSE;wiley2019deal
MPG;2020;1497,00;10.1029/2019MS002003;FALSE;wiley2019deal
MPG;2020;2672,00;10.1002/hbm.24926;FALSE;wiley2019deal
MPG;2021;3836,16;10.1002/advs.202101602;FALSE;wiley2019deal
MPG;2021;3836,16;10.1002/advs.202101198;FALSE;wiley2019deal
MPG;2021;2764,80;10.1002/hbm.25470;FALSE;wiley2019deal
MPG;2021;3836,16;10.1002/advs.202100916;FALSE;wiley2019deal
MPG;2021;3836,16;10.1002/advs.202100888;FALSE;wiley2019deal
MPG;2021;3452,54;10.1002/advs.202100782;FALSE;wiley2019deal
MPG;2021;2145,02;10.1002/aisy.202100034;FALSE;wiley2019deal
MPG;2021;3836,16;10.1002/advs.202100641;FALSE;wiley2019deal
MPG;2021;3836,16;10.1002/advs.202100463;FALSE;wiley2019deal
MPG;2021;4147,20;10.15252/emmm.202013391;FALSE;wiley2019deal
MPG;2021;3836,16;10.1002/advs.202100067;FALSE;wiley2019deal
MPG;2021;3836,16;10.1002/advs.202004574;FALSE;wiley2019deal
MPG;2021;2764,80;10.1002/hbm.25432;FALSE;wiley2019deal
MPG;2021;1658,88;10.1002/ece3.7515;FALSE;wiley2019deal
MPG;2021;1751,04;10.1002/met.1990;FALSE;wiley2019deal
MPG;2021;2672,64;10.1002/hbm.25383;FALSE;wiley2019deal
MPG;2021;1658,88;10.1002/ece3.7507;FALSE;wiley2019deal
MPG;2021;1032,19;10.1002/eng2.12390;FALSE;wiley2019deal
MPG;2021;1714,18;10.1111/ddi.13358;FALSE;wiley2019deal
MPG;2021;1463,04;10.1002/pld3.350;FALSE;wiley2019deal
MPG;2021;4147,20;10.15252/msb.202010125;FALSE;wiley2019deal
MPG;2021;1658,88;10.1002/ece3.8025;FALSE;wiley2019deal
MPG;2021;3452,54;10.1002/advs.202102109;FALSE;wiley2019deal
MPG;2021;1202,69;10.1002/2211-5463.13255;FALSE;wiley2019deal
MPG;2021;2764,80;10.1002/hbm.25624;FALSE;wiley2019deal
MPG;2021;1559,81;10.1029/2021AV000440;FALSE;wiley2019deal
MPG;2021;1232,64;10.1029/2021EA001733;FALSE;wiley2019deal
MPG;2021;2764,80;10.1002/hbm.25678;FALSE;wiley2019deal
MPG;2021;2764,80;10.1002/hbm.25544;FALSE;wiley2019deal
MPG;2021;1843,20;10.1002/open.202100238;FALSE;wiley2019deal
MPG;2021;4008,96;10.1002/advs.202104884;FALSE;wiley2019deal
MPG;2021;4147,20;10.15252/msb.202110504;FALSE;wiley2019deal
MPG;2021;2949,12;10.1002/hbm.25760;FALSE;wiley2019deal
MPG;2021;1658,88;10.1002/ece3.8506;FALSE;wiley2019deal
MPG;2021;2257,92;10.1002/aisy.202100178;FALSE;wiley2019deal
MPG;2021;2672,64;10.1002/anbr.202100103;FALSE;wiley2019deal
MPG;2021;1327,10;10.1002/ece3.8366;FALSE;wiley2019deal
MPG;2021;2764,80;10.1002/hbm.25700;FALSE;wiley2019deal
MPG;2021;2304,00;10.1002/we.2707;FALSE;wiley2019deal
MPG;2021;1747,58;10.1029/2021MS002523;FALSE;wiley2019deal
MPG;2021;1691,14;10.1002/ame2.12190;FALSE;wiley2019deal
MPG;2021;1428,48;10.1002/ecs2.3733;FALSE;wiley2019deal
MPG;2022;1658,88;10.1002/ece3.9398;FALSE;wiley2019deal
MPG;2022;4423,60;10.15252/msb.202211002;FALSE;wiley2019deal
MPG;2022;4008,96;10.1002/advs.202203265;FALSE;wiley2019deal
MPG;2022;2949,12;10.1002/hbm.26086;FALSE;wiley2019deal
MPG;2022;2027,52;10.1002/ppp3.10319;FALSE;wiley2019deal
MPG;2022;2145,02;10.1111/acel.13711;FALSE;wiley2019deal
MPG;2022;2119,68;10.1029/2021GC010268;FALSE;wiley2019deal
MPG;2022;1747,58;10.1029/2021MS002952;FALSE;wiley2019deal
MPG;2022;2119,68;10.1029/2022GC010396;FALSE;wiley2019deal
MPG;2022;4423,68;10.1002/advs.202203730;FALSE;wiley2019deal
MPG;2022;2257,92;10.1002/aisy.202200125;FALSE;wiley2019deal
MPG;2022;1327,10;10.1002/ece3.9242;FALSE;wiley2019deal
MPG;2022;1691,13;10.1002/pan3.10405;FALSE;wiley2019deal
MPG;2022;1327,10;10.1002/ece3.9273;FALSE;wiley2019deal
MPG;2022;2672,64;10.1002/anbr.202100162;FALSE;wiley2019deal
MPG;2022;1751,04;10.1002/met.2077;FALSE;wiley2019deal
MPG;2022;2949,12;10.1002/hbm.26018;FALSE;wiley2019deal
MPG;2022;1843,20;10.1002/open.202200118;FALSE;wiley2019deal
MPG;2022;4423,68;10.15252/msb.202210947;FALSE;wiley2019deal
MPG;2022;1843,20;10.1002/open.202200095;FALSE;wiley2019deal
MPG;2022;2119,68;10.1029/2022GC010445;FALSE;wiley2019deal
MPG;2022;2119,68;10.1029/2022GC010339;FALSE;wiley2019deal
MPG;2022;1716,48;10.1029/2021AV000636;FALSE;wiley2019deal
MPG;2022;4008,96;10.1002/advs.202204684;FALSE;wiley2019deal
MPG;2022;2257,92;10.1002/aisy.202200219;FALSE;wiley2019deal
MPG;2022;1327,10;10.1002/ece3.9561;FALSE;wiley2019deal
MPG;2022;2304,00;10.1002/gch2.202200165;FALSE;wiley2019deal
MPG;2022;3446,78;10.1002/jcsm.13146;FALSE;wiley2019deal
MPG;2022;3317,76;10.1002/jev2.12276;FALSE;wiley2019deal
MPG;2022;1843,20;10.1002/open.202200157;FALSE;wiley2019deal
MPG;2022;1843,20;10.1002/open.202200185;FALSE;wiley2019deal
MPG;2022;1747,58;10.1029/2022GH000711;FALSE;wiley2019deal
MPG;2022;1935,36;10.1111/conl.12927;FALSE;wiley2019deal
MPG;2022;1658,88;10.1002/ece3.8769;FALSE;wiley2019deal
MPG;2022;2635,78;10.1111/eva.13513;FALSE;wiley2019deal
MPG;2021;2145,02;10.1111/acel.13524;FALSE;wiley2019deal
MPG;2022;3197,95;10.1111/pbi.13985;FALSE;wiley2019deal
MPG;2022;1747,58;10.1029/2021MS002730;FALSE;wiley2019deal
MPG;2022;3836,16;10.1002/advs.202104401;FALSE;wiley2019deal
MPG;2022;1658,88;10.1002/ece3.8679;FALSE;wiley2019deal
MPG;2022;4008,96;10.1002/advs.202105352;FALSE;wiley2019deal
MPG;2022;2396,16;10.1002/aesr.202200121;FALSE;wiley2019deal
MPG;2022;2672,64;10.1002/anbr.202100094;FALSE;wiley2019deal
MPG;2022;4008,96;10.1002/advs.202201524;FALSE;wiley2019deal
MPG;2022;4008,96;10.1002/advs.202105325;FALSE;wiley2019deal
MPG;2022;4008,96;10.1002/advs.202200059;FALSE;wiley2019deal
MPG;2022;2949,12;10.1002/hbm.25870;FALSE;wiley2019deal
MPG;2022;4008,96;10.1002/advs.202200056;FALSE;wiley2019deal
MPG;2022;2350,08;10.1002/jex2.33;FALSE;wiley2019deal
MPG;2022;2764,80;10.1002/hbm.25807;FALSE;wiley2019deal
MPG;2022;4008,96;10.1002/advs.202106055;FALSE;wiley2019deal
MPG;2022;4008,96;10.1002/advs.202200004;FALSE;wiley2019deal
MPG;2022;1747,58;10.1029/2021MS002813;FALSE;wiley2019deal
MPG;2022;4423,68;10.15252/msb.202110798;FALSE;wiley2019deal
MPG;2022;4008,96;10.1002/advs.202200201;FALSE;wiley2019deal
MPG;2022;4008,96;10.1002/advs.202200825;FALSE;wiley2019deal
MPG;2023;4147,20;10.1002/ntls.20220064;FALSE;wiley2019deal
MPG;2023;4414,46;10.1002/advs.202207121;FALSE;wiley2019deal
MPG;2023;1658,88;10.1002/ece3.9971;FALSE;wiley2019deal
MPG;2023;2488,32;10.1002/aisy.202300072;FALSE;wiley2019deal
MPG;2023;1935,36;10.1002/celc.202201075;FALSE;wiley2019deal
MPG;2023;2903,04;10.1111/pbi.14033;FALSE;wiley2019deal
MPG;2023;4414,46;10.1002/advs.202207472;FALSE;wiley2019deal
MPG;2023;2396,16;10.1002/advs.202300099;FALSE;wiley2019deal
MPG;2023;2396,16;10.1002/admi.202202500;FALSE;wiley2019deal
MPG;2023;2396,16;10.1002/admi.202202424;FALSE;wiley2019deal
MPG;2023;1747,58;10.1029/2022ms003048;FALSE;wiley2019deal
MPG;2023;2718,72;10.1111/2041-210X.14163;FALSE;wiley2019deal
MPG;2023;4423,68;10.15252/emmm.202216128;FALSE;wiley2019deal
MPG;2023;1428,48;10.1002/ecs2.4590;FALSE;wiley2019deal
MPG;2023;1658,88;10.1002/ece3.9791;FALSE;wiley2019deal
MPG;2023;1695,74;10.1029/2022EF003441;FALSE;wiley2019deal
MPG;2023;2257,92;10.1029/2022gl102324;FALSE;wiley2019deal
MPG;2023;616,32;10.1029/2020EA001611;FALSE;wiley2019deal
MPG;2023;4414,46;10.1002/advs.202300111;FALSE;wiley2019deal
MPG;2023;2285,57;10.1002/brb3.3046;FALSE;wiley2019deal
MPG;2023;4414,46;10.1002/advs.202302409;FALSE;wiley2019deal
MPG;2023;2488,32;10.1002/aisy.202300170;FALSE;wiley2019deal
MPG;2023;2534,40;10.1002/gch2.202300078;FALSE;wiley2019deal
MPG;2023;4414,46;10.1002/advs.202301231;FALSE;wiley2019deal
MPG;2023;1198,08;10.1002/fhu2.6;FALSE;wiley2019deal
MPG;2023;2396,16;10.1002/ntls.20230006;FALSE;wiley2019deal
MPG;2023;2488,32;10.1002/aisy.202300099;FALSE;wiley2019deal
MPG;2023;4414,46;10.1002/advs.202300526;FALSE;wiley2019deal
MPG;2023;2027,52;10.1111/2041-210X.14118;FALSE;wiley2019deal
MPG;2023;4414,46;10.1002/advs.202301495;FALSE;wiley2019deal
MPG;2023;2119,68;10.1029/2022GC010742;FALSE;wiley2019deal
MPG;2023;4144,46;10.1002/advs.202304233;FALSE;wiley2019deal
MPG;2023;2257,92;10.1029/2022GL102262;FALSE;wiley2019deal
MPG;2023;2488,32;10.1002/aisy.202300046;FALSE;wiley2019deal
MPG;2023;2359,30;10.1111/acel.13888;FALSE;wiley2019deal
MPG;2023;1328,25;10.1002/ece3.9805;FALSE;wiley2019deal
MPG;2023;2534,40;10.1002/gch2.202300073;FALSE;wiley2019deal
MPG;2023;2283,26;10.1002/mbo3.1365;FALSE;wiley2019deal
MPG;2023;1520,64;10.1111/csp2.12948;FALSE;wiley2019deal
MPG;2020;1658,88;10.1002/open.202000262;FALSE;wiley2019deal
MPG;2023;4414,46;10.1002/advs.202300626;FALSE;wiley2019deal
MPG;2023;1747,35;10.1029/2022MS003464;FALSE;wiley2019deal
MPG;2023;1747,35;10.1029/2023MS003790;FALSE;wiley2019deal
MPG;2023;4423,68;10.15252/emmm.202317459;FALSE;wiley2019deal
MPG;2023;4423,68;10.15252/msb.202211503;FALSE;wiley2019deal
MPG;2023;4423,68;10.15252/msb.202211510;FALSE;wiley2019deal
MPG;2024;1861,63;10.1002/ECE3.70366;FALSE;wiley2024deal
MPG;2024;1520,64;10.1111/CSP2.13247;FALSE;wiley2024deal
MPG;2024;2009,09;10.1029/2023MS004127;FALSE;wiley2024deal
MPG;2024;2340,86;10.1002/PPP3.10608;FALSE;wiley2024deal
MPG;2024;4727,81;10.1002/ADVS.202407641;FALSE;wiley2024deal
MPG;2024;2396,16;10.1002/AELM.202400231;FALSE;wiley2024deal
MPG;2024;2322,43;10.1029/2023AV001030;FALSE;wiley2024deal
MPG;2024;2230,27;10.1111/CONL.13073;FALSE;wiley2024deal
MPG;2024;2700,29;10.1002/HBM.70039;FALSE;wiley2024deal
MPG;2024;2396,16;10.1002/ADMI.202400472;FALSE;wiley2024deal
MPG;2024;1843,20;10.1002/WLB3.01238;FALSE;wiley2024deal
MPG;2024;4727,81;10.1002/ADVS.202402461;FALSE;wiley2024deal
MPG;2024;1861,63;10.1002/ECE3.70691;FALSE;wiley2024deal
MPG;2024;2331,65;10.1111/1751-7915.14527;FALSE;wiley2024deal
MPG;2024;2700,29;10.1002/HBM.70113;FALSE;wiley2024deal
MPG;2024;1838,59;10.1155/2024/9191823;FALSE;wiley2024deal
MPG;2024;5197,82;10.1002/ADVS.202413555;FALSE;wiley2024deal
MPG;2024;2257,92;10.1029/2024GL110871;FALSE;wiley2024deal
MPG;2024;1861,63;10.1002/ece3.11666;FALSE;wiley2024deal
MPG;2024;2009,09;10.1029/2024MS004381;FALSE;wiley2024deal
MPG;2024;4727,81;10.1002/ADVS.202407117;FALSE;wiley2024deal
MPG;2024;4727,81;10.1002/ADVS.202409275;FALSE;wiley2024deal
MPG;2024;1861,63;10.1002/ECE3.70146;FALSE;wiley2024deal
MPG;2025;1512,19;10.1002/ECS2.70162;FALSE;wiley2024deal
MPG;2024;1916,93;10.1029/2024EF004540;FALSE;wiley2024deal
MPG;2024;4727,81;10.1002/advs.202403668;FALSE;wiley2024deal
MPG;2025;2238,72;10.1029/2024AV001362;FALSE;wiley2024deal
MPG;2024;2718,72;10.1111/2041-210X.14407;FALSE;wiley2024deal
MPG;2025;2069,76;10.1029/2024GL111897;FALSE;wiley2024deal
MPG;2024;3354,62;10.1111/PBI.14459;FALSE;wiley2024deal
MPG;2024;2027,52;10.1111/2041-210X.14383;FALSE;wiley2024deal
MPG;2025;1596,67;10.1002/ELSA.202400024;FALSE;wiley2024deal
MPG;2024;2442,24;10.1029/2024AV001238;FALSE;wiley2024deal
MPG;2024;2949,12;10.1002/anbr.202400035;FALSE;wiley2024deal
MPG;2024;2396,16;10.1002/AELM.202400455;FALSE;wiley2024deal
MPG;2024;2257,92;10.1029/2024GL109460;FALSE;wiley2024deal
MPG;2025;1951,49;10.1002/ADSR.202400141;FALSE;wiley2024deal
MPG;2024;4727,81;10.1002/advs.202309131;FALSE;wiley2024deal
MPG;2024;2774,02;10.1111/EVA.13764;FALSE;wiley2024deal
MPG;2024;1747,58;10.1029/2023MS003807;FALSE;wiley2024deal
MPG;2024;4727,81;10.1002/advs.202402962;FALSE;wiley2024deal
MPG;2024;2257,92;10.1029/2023GL106636;FALSE;wiley2024deal
MPG;2024;2257,92;10.1029/2023GL106909;FALSE;wiley2024deal
MPG;2024;2276,35;10.1107/S1600577524001073;FALSE;wiley2024deal
MPG;2024;2442,24;10.1002/elsc.202300245;FALSE;wiley2024deal
MPG;2024;1861,63;10.1002/ece3.10994;FALSE;wiley2024deal
MPG;2024;1769,47;10.1002/ece3.11085;FALSE;wiley2024deal
MPG;2024;4727,81;10.1002/advs.202310196;FALSE;wiley2024deal
MPG;2024;2396,16;10.1002/admi.202300874;FALSE;wiley2024deal
MPG;2024;1935,36;10.1002/celc.202300647;FALSE;wiley2024deal
MPG;2024;4727,81;10.1002/advs.202309807;FALSE;wiley2024deal
MPG;2023;2257,92;10.1029/2023GL107084;FALSE;wiley2019deal
MPG;2024;1861,63;10.1002/ece3.11193;FALSE;wiley2024deal
MPG;2024;1861,63;10.1002/ece3.11384;FALSE;wiley2024deal
MPG;2024;2396,16;10.1002/aelm.202300841;FALSE;wiley2024deal
MPG;2024;4727,81;10.1002/advs.202309202;FALSE;wiley2024deal
MPG;2024;1861,63;10.1002/ece3.11329;FALSE;wiley2024deal
MPG;2024;2423,81;10.1002/adpr.202400022;FALSE;wiley2024deal
MPG;2024;1861,63;10.1002/ece3.11374;FALSE;wiley2024deal
MPG;2024;4727,81;10.1002/advs.202404495;FALSE;wiley2024deal
MPG;2024;2433,02;10.1002/rse2.402;FALSE;wiley2024deal
MPG;2024;2138,11;10.1002/pld3.614;FALSE;wiley2024deal
MPG;2024;1861,63;10.1002/ece3.11553;FALSE;wiley2024deal
MPG;2024;4727,81;10.1002/advs.202308881;FALSE;wiley2024deal
MPG;2024;3197,95;10.1111/pbi.14379;FALSE;wiley2024deal
MPG;2024;3133,44;10.1002/alz.13863;FALSE;wiley2024deal
MPG;2023;4414,46;10.1002/advs.202304336;FALSE;wiley2019deal
MPG;2024;2396,16;10.1002/admi.202400378;FALSE;wiley2024deal
MPG;2023;4727,81;10.1002/advs.202307306;FALSE;wiley2019deal
MPG;2024;1747,58;10.1029/2023MS003768;FALSE;wiley2024deal
MPG;2023;2396,16;10.1002/aelm.202300235;FALSE;wiley2019deal
MPG;2024;2257,92;10.1029/2024GL109034;FALSE;wiley2024deal
MPG;2023;1769,47;10.1002/ece3.10764;FALSE;wiley2019deal
MPG;2024;4727,81;10.1002/advs.202309864;FALSE;wiley2024deal
MPG;2023;1861,63;10.1002/ece3.10821;FALSE;wiley2019deal
MPG;2024;2276,35;10.1107/S1600577524002200;FALSE;wiley2024deal
MPG;2023;2350,08;10.1002/eem2.12695;FALSE;wiley2019deal
MPG;2024;1935,36;10.1002/open.202400064;FALSE;wiley2024deal
MPG;2023;3244,03;10.1002/hbm.26539;FALSE;wiley2019deal
MPG;2024;2810,88;10.1111/ene.16297;FALSE;wiley2024deal
MPG;2023;3483,65;10.1002/jev2.12399;FALSE;wiley2019deal
MPG;2024;2276,35;10.1107/S1600577524004739;FALSE;wiley2024deal
MPG;2023;2257,92;10.1029/2023GL104489;FALSE;wiley2019deal
MPG;2024;4727,81;10.1002/advs.202403765;FALSE;wiley2024deal
MPG;2023;2257,92;10.1029/2023GL104761;FALSE;wiley2019deal
MPG;2024;1566,72;10.1002/ecs2.4913;FALSE;wiley2024deal
MPG;2023;2257,92;10.1029/2023GL105073;FALSE;wiley2019deal
MPG;2024;2396,16;10.1002/admi.202400109;FALSE;wiley2024deal
MPG;2023;2257,92;10.1029/2023GL105307;FALSE;wiley2019deal
MPG;2024;4727,81;10.1002/advs.202401559;FALSE;wiley2024deal
MPG;2023;2257,92;10.1029/2023GL105503;FALSE;wiley2019deal
MPG;2024;1916,93;10.1029/2023MS004099;FALSE;wiley2024deal
MPG;2023;2257,92;10.1029/2023GL106482;FALSE;wiley2019deal
MPG;2024;1935,36;10.1002/celc.202300832;FALSE;wiley2024deal
MPG;2023;1747,58;10.1029/2023MS003648;FALSE;wiley2019deal
MPG;2024;2534,40;10.1002/sstr.202400011;FALSE;wiley2024deal
MPG;2023;1747,58;10.1029/2023MS003710;FALSE;wiley2019deal
MPG;2023;1843,20;10.1049/syb2.12085;FALSE;wiley2019deal
MPG;2023;2331,65;10.1111/1751-7915.14381;FALSE;wiley2019deal
MPG;2025;2509,06;10.1002/NTLS.70023;FALSE;wiley2024deal
MPG;2025;1841,66;10.1029/2024MS004897;FALSE;wiley2024deal
MPG;2025;2525,95;10.1002/AELM.202500298;FALSE;wiley2024deal
MPG;2025;4452,10;10.1002/SMSC.202500268;FALSE;wiley2024deal
MPG;2025;2720,26;10.1002/HBM.70308;FALSE;wiley2024deal
MPG;2025;4452,10;10.1002/SMSC.202500224;FALSE;wiley2024deal
MPG;2025;1934,59;10.1002/JAV.03490;FALSE;wiley2024deal
MPG;2025;2069,76;10.1029/2024GL113595;FALSE;wiley2024deal
MPG;2025;1951,49;10.1002/CELC.202500175;FALSE;wiley2024deal
MPG;2025;2466,82;10.1002/ELSC.70035;FALSE;wiley2024deal
MPG;2025;2576,64;10.1002/MCO2.70363;FALSE;wiley2024deal
MPG;2025;1951,49;10.1002/OPEN.202500359;FALSE;wiley2024deal
MPG;2025;4452,10;10.1002/SMSC.202500311;FALSE;wiley2024deal
MPG;2025;1757,18;10.1029/2024EF005153;FALSE;wiley2024deal
MPG;2025;4764,67;10.1002/ADVS.202502788;FALSE;wiley2024deal
MPG;2025;827,90;10.1155/AA/3207732;FALSE;wiley2024deal
MPG;2025;4764,67;10.1002/ADVS.202503569;FALSE;wiley2024deal
MPG;2025;3379,20;10.1111/PBI.70270;FALSE;wiley2024deal
MPG;2025;1841,66;10.1029/2025MS004966;FALSE;wiley2024deal
MPG;2025;1934,59;10.1002/PEI3.70073;FALSE;wiley2024deal
MPG;2025;1951,49;10.1002/CELC.202500189;FALSE;wiley2024deal
MPG;2025;2568,19;10.1111/ACEL.70215;FALSE;wiley2024deal
MPG;2025;2069,76;10.1029/2025GL114856;FALSE;wiley2024deal
MPG;2025;1461,50;10.1111/CSP2.70119;FALSE;wiley2024deal
MPG;2025;2154,24;10.1002/INF2.70053;FALSE;wiley2024deal
MPG;2025;4764,67;10.1002/ADVS.202514030;FALSE;wiley2024deal
MPG;2025;1841,66;10.1029/2024MS004655;FALSE;wiley2024deal
MPG;2025;4764,67;10.1002/ADVS.202512730;FALSE;wiley2024deal
MPG;2025;2027,52;10.1029/2024JH000306;FALSE;wiley2024deal
MPG;2025;2069,76;10.1029/2024GL112788;FALSE;wiley2024deal
MPG;2025;2069,76;10.1029/2024GL110503;FALSE;wiley2024deal
MPG;2025;1706,50;10.1002/ECE3.70997;FALSE;wiley2024deal
MPG;2025;1841,66;10.1029/2024MS004479;FALSE;wiley2024deal
MPG;2025;4764,67;10.1002/ADVS.202413355;FALSE;wiley2024deal
MPG;2025;4764,67;10.1002/ADVS.202500706;FALSE;wiley2024deal
MPG;2025;4764,67;10.1002/ADVS.202412060;FALSE;wiley2024deal
MPG;2025;2838,53;10.1002/AISY.202500381;FALSE;wiley2024deal
MPG;2025;1841,66;10.1029/2024MS004697;FALSE;wiley2024deal
MPG;2025;2069,76;10.1029/2024GL111895;FALSE;wiley2024deal
MPG;2025;2196,48;10.1002/ADMI.202500218;FALSE;wiley2024deal
MPG;2025;4764,67;10.1002/ADVS.202505538;FALSE;wiley2024deal
MPG;2025;2428,80;10.1111/1365-2435.70057;FALSE;wiley2024deal
MPG;2025;1774,08;10.1002/ECE3.71668;FALSE;wiley2024deal
MPG;2025;2428,80;10.1111/1365-2435.70077;FALSE;wiley2024deal
MPG;2025;4764,67;10.1002/ADVS.202415510;FALSE;wiley2024deal
MPG;2025;4764,67;10.1002/ADVS.202505338;FALSE;wiley2024deal
MPG;2025;4764,67;10.1002/ADVS.202502853;FALSE;wiley2024deal
MPG;2025;2069,76;10.1029/2024GL113495;FALSE;wiley2024deal
MPG;2025;2466,82;10.1002/ELSC.70027;FALSE;wiley2024deal
MPG;2025;4764,67;10.1002/ADVS.202412606;FALSE;wiley2024deal
MPG;2025;2002,18;10.1002/CMTD.202500016;FALSE;wiley2024deal
MPG;2025;4764,67;10.1002/ADVS.202507569;FALSE;wiley2024deal
MPG;2025;2238,72;10.1002/ELSC.70022;FALSE;wiley2024deal
MPG;2025;3379,20;10.1111/PBI.70174;FALSE;wiley2024deal
MPG;2025;4764,67;10.1002/ADVS.202501866;FALSE;wiley2024deal
MPG;2025;4764,67;10.1002/ADVS.202416356;FALSE;wiley2024deal
MPG;2025;2196,48;10.1002/ADMI.202500073;FALSE;wiley2024deal
MPG;2025;1774,08;10.1002/ECE3.71440;FALSE;wiley2024deal
