institution;period;euro;doi;is_hybrid
MPG;2021;1228,46;10.1021/acsomega.1c02057;FALSE
MPG;2021;1214,16;10.1021/acsomega.1c02275;FALSE
MPG;2022;1477,22;10.1021/acsomega.2c01755;FALSE
MPG;2022;1325,85;10.1021/acsomega.2c00639;FALSE
MPG;2023;1786,42;10.1021/acsomega.3c03308;FALSE
MPG;2023;1772,23;10.1021/acsomega.3c05824;FALSE
MPG;2023;1786,42;10.1021/acsomega.3c01680;FALSE
MPG;2023;1780,68;10.1021/acsomega.2c06953;FALSE
MPG;2023;1780,68;10.1021/acsomega.2c06438;FALSE
MPG;2023;2736,08;10.1021/jacsau.3c00271;FALSE
MPG;2023;2736,08;10.1021/jacsau.3c00312;FALSE
MPG;2023;1819,91;10.1021/acsomega.2c05446;FALSE
MPG;2023;1819,91;10.1021/acsomega.2c04958;FALSE
MPG;2023;1819,91;10.1021/acsomega.2c06585;FALSE
MPG;2025;2229,12;10.1021/acsomega.5c11531;FALSE
MPG;2025;1896,00;10.1021/acsomega.5c04399;FALSE
MPG;2026;2229,12;10.1021/acsomega.5c09440;FALSE
MPG;2023;2460,08;10.1063/5.0172755;FALSE
MPG;2023;2460,08;10.1063/5.0160912;FALSE
MPG;2023;2434,94;10.1063/5.0139580;FALSE
MPG;2023;2434,94;10.1063/5.0140576;FALSE
MPG;2023;2434,94;10.1063/5.0137073;FALSE
MPG;2023;2434,94;10.1063/4.0000188;FALSE
MPG;2024;2452,01;10.1063/4.0000235;FALSE
MPG;2024;1226,01;10.1063/5.0191184;FALSE
MPG;2024;2452,01;10.1063/5.0165805;FALSE
MPG;2024;1290,27;10.1063/5.0230388;FALSE
MPG;2024;2580,54;10.1063/5.0218021;FALSE
MPG;2024;2580,54;10.1063/5.0224092;FALSE
MPG;2024;1407,57;10.1063/5.0201638;FALSE
MPG;2024;2452,01;10.1063/4.0000245;FALSE
MPG;2024;2452,01;10.1063/5.0196883;FALSE
MPG;2025;1296,33;10.1063/4.0000286;FALSE
MPG;2025;1296,33;10.1063/5.0263606;FALSE
MPG;2025;1283,24;10.1063/5.0250433;FALSE
MPG;2025;1770,49;10.1063/5.0286811;FALSE
MPG;2025;1770,49;10.1063/5.0300640;FALSE
MPG;2025;2704,92;10.1063/5.0274229;FALSE
MPG;2025;2704,92;10.1063/5.0276901;FALSE
MPG;2025;2704,92;10.1063/5.0265616;FALSE
MPG;2025;2704,92;10.1063/5.0263312;FALSE
MPG;2017;1608,19;10.1186/s12868-016-0324-1;FALSE
MPG;2017;1608,19;10.1186/s12864-016-3465-9;FALSE
MPG;2017;1939,97;10.1186/s13024-016-0143-y;FALSE
MPG;2017;2092,03;10.1186/s12915-016-0341-7;FALSE
MPG;2017;1608,19;10.1186/s13029-017-0064-3;FALSE
MPG;2017;1608,19;10.1186/s12862-017-0873-7;FALSE
MPG;2017;1774,08;10.1186/s12983-017-0197-x;FALSE
MPG;2017;1608,19;10.1186/s12862-017-0911-5;FALSE
MPG;2017;1608,19;10.1186/s12864-017-3595-8;FALSE
MPG;2017;2230,27;10.1186/s13059-017-1187-1;FALSE
MPG;2017;2230,27;10.1186/s13059-017-1181-7;FALSE
MPG;2017;1608,19;10.1186/s13229-017-0131-2;FALSE
MPG;2017;2230,27;10.1186/s13059-017-1197-z;FALSE
MPG;2017;1608,19;10.1186/s12859-017-1624-x;FALSE
MPG;2017;1838,59;10.1186/s40168-017-0275-5;FALSE
MPG;2017;2092,03;10.1186/s12915-017-0389-z;FALSE
MPG;2017;1608,19;10.1186/s12963-017-0143-3;FALSE
MPG;2017;2230,27;10.1186/s13059-017-1273-4;FALSE
MPG;2017;1774,08;10.1186/s12983-017-0224-y;FALSE
MPG;2017;1608,19;10.1186/s13062-017-0188-z;FALSE
MPG;2017;1608,19;10.1186/s12862-017-1035-7;FALSE
MPG;2017;1608,19;10.1186/s12864-017-3979-9;FALSE
MPG;2017;1608,19;10.1186/s12868-017-0383-y;FALSE
MPG;2017;1608,19;10.1186/s12862-017-1056-2;FALSE
MPG;2017;1608,19;10.1186/s12864-017-4126-3;FALSE
MPG;2017;1608,19;10.1186/s12859-017-1861-z;FALSE
MPG;2017;1608,19;10.1186/s12870-017-1149-5;FALSE
MPG;2017;1608,19;10.1186/s12862-017-1101-1;FALSE
MPG;2017;1677,31;10.1186/s13007-018-0290-y;FALSE
MPG;2020;1999,87;10.1186/S12974-020-01766-9;FALSE
MPG;2020;1833,98;10.1186/s12889-020-8352-2;FALSE
MPG;2020;2092,03;10.1186/s12915-020-0760-3;FALSE
MPG;2020;1833,98;10.1186/S12889-020-08464-4;FALSE
MPG;2020;2294,78;10.1186/S40168-020-00808-X;FALSE
MPG;2020;1608,19;10.1186/S40850-020-00053-7;FALSE
MPG;2020;1502,21;10.1186/s13321-020-00433-8;FALSE
MPG;2020;1833,98;10.1186/s13071-020-04115-0;FALSE
MPG;2020;1723,39;10.1186/s12862-020-01624-5;FALSE
MPG;2020;2207,23;10.1186/s12916-020-01623-9;FALSE
MPG;2020;1608,19;10.1186/s12864-020-06820-7;FALSE
MPG;2020;2294,78;10.1186/s12915-020-00818-z;FALSE
MPG;2020;1608,19;10.1186/s12898-020-00306-6;FALSE
MPG;2020;884,74;10.1186/s40878-020-00182-5;FALSE
MPG;2020;1608,19;10.1186/s12963-020-00217-0;FALSE
MPG;2020;1774,08;10.1186/s12983-018-0266-9;FALSE
MPG;2020;2092,03;10.1186/s13073-018-0542-5;FALSE
MPG;2020;1838,59;10.1186/s13068-018-1133-9;FALSE
MPG;2020;1838,59;10.1186/s12974-018-1212-7;FALSE
MPG;2020;1608,19;10.1186/s12953-018-0139-3;FALSE
MPG;2020;1608,19;10.1186/s12889-018-5730-0;FALSE
MPG;2020;1608,19;10.1186/s12862-018-1225-y;FALSE
MPG;2020;1677,31;10.1186/s13007-018-0330-7;FALSE
MPG;2020;1608,19;10.1186/s12862-018-1232-z;FALSE
MPG;2020;1115,14;10.1186/s40478-018-0578-1;FALSE
MPG;2020;1608,19;10.1186/s12934-018-0980-1;FALSE
MPG;2020;1774,08;10.1186/s12983-018-0275-8;FALSE
MPG;2020;1838,59;10.1186/s40168-018-0546-9;FALSE
MPG;2020;1774,08;10.1186/s12983-018-0282-9;FALSE
MPG;2020;1608,19;10.1186/s40462-018-0136-2;FALSE
MPG;2020;1608,19;10.1186/s12859-018-2359-z;FALSE
MPG;2020;1608,19;10.1186/s12870-018-1478-z;FALSE
MPG;2020;2092,03;10.1186/s12915-018-0581-9;FALSE
MPG;2020;2092,03;10.1186/s12915-018-0585-5;FALSE
MPG;2020;1608,19;10.1186/s12864-018-5338-x;FALSE
MPG;2020;1608,19;10.1186/s12862-019-1352-0;FALSE
MPG;2020;1608,19;10.1186/s12859-019-2602-2;FALSE
MPG;2020;1608,19;10.1186/s40462-019-0148-6;FALSE
MPG;2020;1608,19;10.1186/s12870-018-1541-9;FALSE
MPG;2020;1741,82;10.1186/s13049-019-0591-9;FALSE
MPG;2020;1608,19;10.1186/s12862-017-1018-8;FALSE
MPG;2020;1608,19;10.1186/s12859-017-1841-3;FALSE
MPG;2020;1677,31;10.1186/s13007-017-0245-8;FALSE
MPG;2020;1677,31;10.1186/s13036-017-0079-y;FALSE
MPG;2020;1050,62;10.1186/s40478-017-0497-6;FALSE
MPG;2020;1939,97;10.1186/s13024-017-0230-8;FALSE
MPG;2020;1608,19;10.1186/s12864-017-4385-z;FALSE
MPG;2020;1608,19;10.1186/s12862-018-1141-1;FALSE
MPG;2020;1608,19;10.1186/s12859-018-2128-z;FALSE
MPG;2020;2290,18;10.1186/S13059-019-1664-9;FALSE
MPG;2020;1608,19;10.1186/S12862-019-1406-3;FALSE
MPG;2020;1939,97;10.1186/S13024-019-0316-6;FALSE
MPG;2020;1608,19;10.1186/S12859-019-2708-6;FALSE
MPG;2020;1838,59;10.1186/S40168-019-0673-Y;FALSE
MPG;2020;1842,28;10.1186/S12885-019-5597-1;FALSE
MPG;2020;1838,59;10.1186/S13148-019-0682-5;FALSE
MPG;2020;1649,66;10.1186/S12862-019-1429-9;FALSE
MPG;2020;921,60;10.1186/S40668-019-0028-X;FALSE
MPG;2020;1608,19;10.1186/S40850-019-0041-1;FALSE
MPG;2020;1774,08;10.1186/S12983-019-0313-1;FALSE
MPG;2020;1608,19;10.1186/S12889-019-6994-8;FALSE
MPG;2020;2290,18;10.1186/S13059-019-1709-0;FALSE
MPG;2020;1608,19;10.1186/S40850-019-0043-Z;FALSE
MPG;2020;2110,46;10.1186/s40168-019-0717-3;FALSE
MPG;2020;1677,31;10.1186/s13007-019-0462-4;FALSE
MPG;2020;1608,19;10.1186/s12889-019-7296-x;FALSE
MPG;2020;921,60;10.1186/s40323-019-0134-y;FALSE
MPG;2020;1557,50;10.1186/s12859-019-3031-y;FALSE
MPG;2020;921,60;10.1186/s40668-019-0030-3;FALSE
MPG;2020;1557,50;10.1186/s12859-019-3019-7;FALSE
MPG;2020;2110,46;10.1186/s40168-019-0743-1;FALSE
MPG;2020;921,60;10.1186/s40645-019-0304-z;FALSE
MPG;2020;1649,66;10.1186/s12862-019-1520-2;FALSE
MPG;2020;1608,19;10.1186/s12864-019-6106-2;FALSE
MPG;2020;1608,19;10.1186/s13071-019-3748-5;FALSE
MPG;2020;1833,98;10.1186/s13007-019-0502-0;FALSE
MPG;2020;1649,66;10.1186/s12866-019-1601-9;FALSE
MPG;2020;2290,18;10.1186/s13059-019-1860-7;FALSE
MPG;2020;1188,86;10.1186/s13408-019-0077-0;FALSE
MPG;2020;1419,26;10.1186/s13321-019-0395-y;FALSE
MPG;2020;2110,46;10.1186/s12979-019-0171-x;FALSE
MPG;2020;1723,39;10.1186/s40478-019-0860-x;FALSE
MPG;2020;2571,26;10.1186/s13059-019-1903-0;FALSE
MPG;2020;1608,19;10.1186/s12864-019-6392-8;FALSE
MPG;2020;1557,50;10.1186/s12859-019-3325-0;FALSE
MPG;2020;1774,08;10.1186/s12983-019-0343-8;FALSE
MPG;2020;1649,66;10.1186/s12862-019-1562-5;FALSE
MPG;2020;1557,50;10.1186/s12859-019-3329-9;FALSE
MPG;2020;1608,19;10.1186/s12870-020-2247-3;FALSE
MPG;2020;1649,66;10.1186/s12862-020-1592-z;FALSE
MPG;2020;2294,78;10.1186/s40168-020-0790-7;FALSE
MPG;2021;1029,11;10.1017/fms.2020.12;FALSE
MPG;2021;2572,77;10.1017/sus.2020.16;FALSE
MPG;2022;1624,16;10.1017/fms.2021.27;FALSE
MPG;2022;1624,16;10.1017/fms.2021.28;FALSE
MPG;2022;2300,89;10.1017/ehs.2021.26;FALSE
MPG;2022;1353,46;10.1017/glj.2021.34;FALSE
MPG;2022;1353,46;10.1017/glj.2021.41;FALSE
MPG;2022;2300,89;10.1017/ehs.2021.48;FALSE
MPG;2022;3456,00;10.1242/dmm.049571;FALSE
MPG;2023;1808,64;10.1242/bio.059941;FALSE
MPG;2017;725,00;10.5194/gmd-10-4005-2017;FALSE
MPG;2017;86,40;10.5194/bg-14-45-2017;FALSE
MPG;2018;2306,30;10.5194/gmd-11-4291-2018;FALSE
MPG;2018;1140,48;10.5194/bg-15-6139-2018;FALSE
MPG;2018;2040,19;10.5194/acp-18-14979-2018;FALSE
MPG;2018;2214,14;10.5194/angeo-36-1361-2018;FALSE
MPG;2018;1866,24;10.5194/acp-18-2669-2018;FALSE
MPG;2018;1685,38;10.5194/bg-15-6067-2018;FALSE
MPG;2018;1451,52;10.5194/acp-18-2381-2018;FALSE
MPG;2018;2217,60;10.5194/esd-9-1191-2018;FALSE
MPG;2018;1123,20;10.5194/acp-18-1671-2018;FALSE
MPG;2018;1862,78;10.5194/bg-15-5969-2018;FALSE
MPG;2018;1862,78;10.5194/gmd-11-4021-2018;FALSE
MPG;2018;1178,50;10.5194/acp-18-14005-2018;FALSE
MPG;2018;2785,54;10.5194/cp-14-2011-2018;FALSE
MPG;2018;1330,56;10.5194/gmd-11-4987-2018;FALSE
MPG;2018;1596,67;10.5194/esd-9-1283-2018;FALSE
MPG;2018;1468,80;10.5194/amt-11-1833-2018;FALSE
MPG;2018;1641,60;10.5194/bg-15-1607-2018;FALSE
MPG;2018;1762,56;10.5194/acp-18-3799-2018;FALSE
MPG;2018;1728,00;10.5194/gmd-11-989-2018;FALSE
MPG;2018;1658,88;10.5194/acp-18-3403-2018;FALSE
MPG;2018;1728,00;10.5194/se-9-247-2018;FALSE
MPG;2018;1036,80;10.5194/bg-15-1415-2018;FALSE
MPG;2018;2246,40;10.5194/bg-15-1293-2018;FALSE
MPG;2018;2592,00;10.5194/amt-11-1207-2018;FALSE
MPG;2018;2464,13;10.5194/acp-18-10825-2018;FALSE
MPG;2018;2280,96;10.5194/hess-22-4061-2018;FALSE
MPG;2018;1036,80;10.5194/acp-18-17077-2018;FALSE
MPG;2018;1555,20;10.5194/acp-18-10391-2018;FALSE
MPG;2018;2483,71;10.5194/acp-18-16747-2018;FALSE
MPG;2018;3317,76;10.5194/bg-15-2691-2018;FALSE
MPG;2018;4458,24;10.5194/acp-18-10289-2018;FALSE
MPG;2018;1714,18;10.5194/gmd-11-4677-2018;FALSE
MPG;2018;1178,50;10.5194/acp-18-6625-2018;FALSE
MPG;2018;1392,77;10.5194/acp-18-10275-2018;FALSE
MPG;2018;1178,50;10.5194/amt-11-6327-2018;FALSE
MPG;2018;3525,12;10.5194/acp-18-10055-2018;FALSE
MPG;2018;1507,97;10.5194/bg-15-6941-2018;FALSE
MPG;2018;1419,26;10.5194/cp-14-1051-2018;FALSE
MPG;2018;2249,86;10.5194/bg-15-6537-2018;FALSE
MPG;2018;1392,77;10.5194/acp-18-9831-2018;FALSE
MPG;2018;1036,80;10.5194/bg-15-4205-2018;FALSE
MPG;2018;1762,56;10.5194/amt-11-3987-2018;FALSE
MPG;2018;2903,04;10.5194/gmd-11-2581-2018;FALSE
MPG;2018;1762,56;10.5194/amt-10-5089-2017;FALSE
MPG;2018;2073,60;10.5194/acp-18-8601-2018;FALSE
MPG;2018;1728,00;10.5194/hess-22-3275-2018;FALSE
MPG;2018;539,14;10.5194/ars-16-177-2018;FALSE
MPG;2018;1866,24;10.5194/esd-9-739-2018;FALSE
MPG;2018;1382,40;10.5194/hess-22-3197-2018;FALSE
MPG;2018;950,40;10.5194/acp-18-1079-2018;FALSE
MPG;2018;1451,52;10.5194/acp-17-15137-2017;FALSE
MPG;2018;4250,88;10.5194/acp-18-921-2018;FALSE
MPG;2018;1555,20;10.5194/acp-18-799-2018;FALSE
MPG;2018;1468,80;10.5194/bg-15-279-2018;FALSE
MPG;2018;1330,56;10.5194/gmd-11-3465-2018;FALSE
MPG;2018;1555,20;10.5194/acp-18-12329-2018;FALSE
MPG;2018;1419,26;10.5194/bg-15-5015-2018;FALSE
MPG;2018;1607,04;10.5194/acp-18-12045-2018;FALSE
MPG;2018;2249,86;10.5194/gmd-11-3369-2018;FALSE
MPG;2018;1071,36;10.5194/acp-18-11031-2018;FALSE
MPG;2018;1123,20;10.5194/esd-9-413-2018;FALSE
MPG;2018;1728,00;10.5194/esd-9-393-2018;FALSE
MPG;2018;1596,67;10.5194/bg-15-2481-2018;FALSE
MPG;2018;1762,56;10.5194/acp-18-5589-2018;FALSE
MPG;2018;1296,00;10.5194/bg-15-2433-2018;FALSE
MPG;2018;1900,80;10.5194/bg-15-1947-2018;FALSE
MPG;2018;2356,99;10.5194/bg-15-5677-2018;FALSE
MPG;2018;1714,18;10.5194/acp-18-13495-2018;FALSE
MPG;2018;1241,86;10.5194/esd-9-1127-2018;FALSE
MPG;2018;2464,13;10.5194/acp-18-13457-2018;FALSE
MPG;2018;2035,58;10.5194/amt-11-5279-2018;FALSE
MPG;2018;1153,15;10.5194/acp-18-12845-2018;FALSE
MPG;2018;2799,36;10.5194/acp-18-12817-2018;FALSE
MPG;2019;975,74;10.5194/bg-16-1493-2019;FALSE
MPG;2019;1862,78;10.5194/gmd-12-1365-2019;FALSE
MPG;2019;2785,54;10.5194/gmd-12-1241-2019;FALSE
MPG;2019;2571,26;10.5194/acp-19-7209-2019;FALSE
MPG;2019;1419,26;10.5194/se-10-725-2019;FALSE
MPG;2019;1862,78;10.5194/acp-19-6821-2019;FALSE
MPG;2019;7820,93;10.5194/amt-12-2745-2019;FALSE
MPG;2019;1685,38;10.5194/bg-16-1883-2019;FALSE
MPG;2019;1685,38;10.5194/acp-19-4041-2019;FALSE
MPG;2019;2142,72;10.5194/amt-12-1935-2019;FALSE
MPG;2019;1685,38;10.5194/gmd-12-989-2019;FALSE
MPG;2019;1951,49;10.5194/amt-12-1785-2019;FALSE
MPG;2019;1607,04;10.5194/gi-8-97-2019;FALSE
MPG;2019;59,13;10.5194/bg-2018-375;FALSE
MPG;2019;1419,26;10.5194/gmd-13-185-2020;FALSE
MPG;2019;3636,86;10.5194/gmd-2018-286;FALSE
MPG;2019;2571,26;10.5194/cp-16-117-2020;FALSE
MPG;2019;1064,45;10.5194/esd-10-473-2019;FALSE
MPG;2019;1285,63;10.5194/amt-13-153-2020;FALSE
MPG;2019;798,34;10.5194/os-15-941-2019;FALSE
MPG;2019;3015,94;10.5194/bg-17-55-2020;FALSE
MPG;2019;1419,26;10.5194/bg-16-2557-2019;FALSE
MPG;2019;857,09;10.5194/bg-17-47-2020;FALSE
MPG;2019;4928,26;10.5194/acp-2018-323;FALSE
MPG;2019;2571,26;10.5194/acp-2019-303;FALSE
MPG;2019;1392,77;10.5194/bg-2019-64;FALSE
MPG;2019;4392,58;10.5194/acp-2018-949;FALSE
MPG;2019;3321,22;10.5194/acp-2019-264;FALSE
MPG;2019;1607,04;10.5194/acp-2019-297;FALSE
MPG;2019;2040,19;10.5194/esd-10-501-2019;FALSE
MPG;2019;2040,19;10.5194/gmd-12-3585-2019;FALSE
MPG;2019;2035,58;10.5194/bg-16-3113-2019;FALSE
MPG;2019;3106,94;10.5194/bg-16-3747-2019;FALSE
MPG;2019;1064,45;10.5194/acp-19-10379-2019;FALSE
MPG;2019;2142,72;10.5194/acp-19-12121-2019;FALSE
MPG;2019;1392,77;10.5194/acp-19-10391-2019;FALSE
MPG;2019;2035,58;10.5194/os-15-1267-2019;FALSE
MPG;2019;2571,26;10.5194/bg-16-3009-2019;FALSE
MPG;2019;1714,18;10.5194/acp-19-11953-2019;FALSE
MPG;2019;1392,77;10.5194/acp-19-11939-2019;FALSE
MPG;2019;2464,13;10.5194/acp-19-11501-2019;FALSE
MPG;2019;2128,90;10.5194/acp-19-11279-2019;FALSE
MPG;2019;2249,00;10.5194/hess-23-515-2019;FALSE
MPG;2019;1419,00;10.5194/cp-15-153-2019;FALSE
MPG;2019;1607,00;10.5194/bg-16-177-2019;FALSE
MPG;2019;3749,00;10.5194/gmd-12-33-2019;FALSE
MPG;2019;2892,67;10.5194/amt-12-1337-2019;FALSE
MPG;2019;2571,26;10.5194/acp-19-2209-2019;FALSE
MPG;2019;3428,35;10.5194/cp-15-335-2019;FALSE
MPG;2019;1607,04;10.5194/amt-12-1013-2019;FALSE
MPG;2019;2678,40;10.5194/acp-19-1915-2019;FALSE
MPG;2019;1153,15;10.5194/amt-12-735-2019;FALSE
MPG;2019;1499,90;10.5194/amt-12-6259-2019;FALSE
MPG;2019;1951,49;10.5194/gmd-12-4781-2019;FALSE
MPG;2019;2142,72;10.5194/hess-23-4433-2019;FALSE
MPG;2019;2571,26;10.5194/amt-12-5717-2019;FALSE
MPG;2019;1774,08;10.5194/bg-16-4065-2019;FALSE
MPG;2019;2464,13;10.5194/bg-16-2443-2019;FALSE
MPG;2019;2483,71;10.5194/bg-16-3883-2019;FALSE
MPG;2019;1064,45;10.5194/acp-19-7397-2019;FALSE
MPG;2019;1596,67;10.5194/os-15-651-2019;FALSE
MPG;2019;1153,15;10.5194/bg-16-4647-2019;FALSE
MPG;2019;3535,49;10.5194/acp-19-5417-2019;FALSE
MPG;2020;1419,26;10.5194/gi-9-239-2020;FALSE
MPG;2020;2927,23;10.5194/amt-13-2751-2020;FALSE
MPG;2020;1507,97;10.5194/acp-20-6129-2020;FALSE
MPG;2020;1241,86;10.5194/acp-20-6081-2020;FALSE
MPG;2020;2249,86;10.5194/amt-13-2711-2020;FALSE
MPG;2020;1071,36;10.5194/bg-17-2647-2020;FALSE
MPG;2020;2384,64;10.5194/acp-20-5787-2020;FALSE
MPG;2020;2395,01;10.5194/os-16-167-2020;FALSE
MPG;2020;2483,71;10.5194/bg-17-2397-2020;FALSE
MPG;2020;1862,78;10.5194/cp-16-575-2020;FALSE
MPG;2020;1607,04;10.5194/acp-20-3697-2020;FALSE
MPG;2020;2464,13;10.5194/bg-17-1343-2020;FALSE
MPG;2020;1607,04;10.5194/acp-20-3091-2020;FALSE
MPG;2020;1774,08;10.5194/acp-20-2891-2020;FALSE
MPG;2020;1392,77;10.5194/acp-20-2695-2020;FALSE
MPG;2020;1821,31;10.5194/acp-20-2471-2020;FALSE
MPG;2020;3147,12;10.5194/amt-13-5087-2020;FALSE
MPG;2020;2412,79;10.5194/acp-20-10807-2020;FALSE
MPG;2020;1783,37;10.5194/acp-20-10459-2020;FALSE
MPG;2020;1678,46;10.5194/gmd-13-4091-2020;FALSE
MPG;2020;1862,78;10.5194/gmd-13-783-2020;FALSE
MPG;2020;749,95;10.5194/bg-17-1063-2020;FALSE
MPG;2020;3015,94;10.5194/esd-11-201-2020;FALSE
MPG;2020;1596,67;10.5194/bg-17-945-2020;FALSE
MPG;2020;2483,71;10.5194/amt-13-685-2020;FALSE
MPG;2020;3106,94;10.5194/acp-20-4757-2020;FALSE
MPG;2020;2356,99;10.5194/amt-13-2035-2020;FALSE
MPG;2020;2356,99;10.5194/acp-20-4713-2020;FALSE
MPG;2020;3106,94;10.5194/acp-20-4493-2020;FALSE
MPG;2020;1071,36;10.5194/angeo-38-491-2020;FALSE
MPG;2020;1392,77;10.5194/bg-17-1897-2020;FALSE
MPG;2020;1476,55;10.5194/esd-11-885-2020;FALSE
MPG;2020;1951,49;10.5194/amt-13-1671-2020;FALSE
MPG;2020;2412,79;10.5194/amt-13-5739-2020;FALSE
MPG;2020;3459,46;10.5194/bg-17-1765-2020;FALSE
MPG;2020;2098,08;10.5194/bg-17-5129-2020;FALSE
MPG;2020;964,22;10.5194/acp-20-3921-2020;FALSE
MPG;2020;1129,13;10.5194/gmd-13-4993-2020;FALSE
MPG;2020;2098,08;10.5194/hess-24-4923-2020;FALSE
MPG;2020;1783,37;10.5194/amt-13-5551-2020;FALSE
MPG;2020;1888,27;10.5194/acp-20-11729-2020;FALSE
MPG;2020;1129,13;10.5194/acp-20-8975-2020 ;FALSE
MPG;2020;1823,98;10.5194/tc-14-2387-2020;FALSE
MPG;2020;1563,41;10.5194/tc-14-2369-2020 ;FALSE
MPG;2020;1153,94;10.5194/hess-24-3725-2020;FALSE
MPG;2020;1129,13;10.5194/amt-13-3717-2020;FALSE
MPG;2020;868,56;10.5194/amt-13-3651-2020;FALSE
MPG;2020;1049,04;10.5194/acp-20-7683-2020;FALSE
MPG;2020;1468,66;10.5194/amt-13-3507-2020;FALSE
MPG;2020;3147,12;10.5194/bg-17-4375-2020;FALSE
MPG;2020;1389,70;10.5194/bg-17-3991-2020;FALSE
MPG;2020;2518,82;10.5194/bg-17-3247-2020;FALSE
MPG;2020;2098,08;10.5194/bg-17-3203-2020;FALSE
MPG;2020;1888,27;10.5194/acp-20-6973-2020;FALSE
MPG;2020;1993,18;10.5194/acp-20-6769-2020;FALSE
MPG;2020;2084,54;10.5194/acp-20-6583-2020;FALSE
MPG;2020;1997,69;10.5194/acp-20-15513-2020;FALSE
MPG;2020;955,42;10.5194/acp-20-15285-2020;FALSE
MPG;2020;1302,84;10.5194/tc-14-4201-2020;FALSE
MPG;2020;5559,91;10.5194/acp-20-14183-2020;FALSE
MPG;2020;1997,69;10.5194/bg-17-5721-2020;FALSE
MPG;2020;2517,70;10.5194/bg-17-5615-2020;FALSE
MPG;2020;1573,56;10.5194/acp-20-13541-2020;FALSE
MPG;2020;2412,79;10.5194/acp-20-13497-2020;FALSE
MPG;2020;1363,75;10.5194/amt-13-6053-2020;FALSE
MPG;2020;1888,27;10.5194/bg-17-5399-2020;FALSE
MPG;2020;1993,18;10.5194/acp-20-13283-2020;FALSE
MPG;2020;2692,54;10.5194/amt-13-5923-2020;FALSE
MPG;2020;1678,46;10.5194/cp-16-2039-2020;FALSE
MPG;2020;1993,18;10.5194/acp-20-12655-2020;FALSE
MPG;2021;1581,13;10.5194/amt-14-6867-2021;FALSE
MPG;2021;1386,11;10.5194/amt-14-6759-2021;FALSE
MPG;2021;1617,13;10.5194/esd-12-1015-2021;FALSE
MPG;2021;2464,20;10.5194/npg-28-533-2021;FALSE
MPG;2021;2464,20;10.5194/npg-28-501-2021;FALSE
MPG;2021;1848,15;10.5194/acp-21-15259-2021;FALSE
MPG;2021;1258,66;10.5194/acp-21-17513-2021;FALSE
MPG;2021;1520,20;10.5194/acp-21-17373-2021;FALSE
MPG;2021;2281,32;10.5194/esd-12-1139-2021;FALSE
MPG;2021;1425,19;10.5194/amt-14-6991-2021;FALSE
MPG;2021;1528,59;10.5194/acp-21-14333-2021;FALSE
MPG;2021;744,48;10.5194/acp-21-14079-2021;FALSE
MPG;2021;1935,64;10.5194/bg-18-4985-2021;FALSE
MPG;2021;1348,76;10.5194/bg-18-4873-2021;FALSE
MPG;2021;719,34;10.5194/acp-21-13011-2021;FALSE
MPG;2021;2163,32;10.5194/amt-14-5241-2021;FALSE
MPG;2021;3058,48;10.5194/bg-18-4389-2021;FALSE
MPG;2021;969,76;10.5194/gmd-14-4429-2021;FALSE
MPG;2021;1550,07;10.5194/cp-17-1455-2021;FALSE
MPG;2021;1531,66;10.5194/acp-21-10439-2021;FALSE
MPG;2021;671,37;10.5194/acp-21-10337-2021;FALSE
MPG;2021;1499,90;10.5194/bg-18-6533-2021;FALSE
MPG;2021;1774,08;10.5194/amt-14-7873-2021;FALSE
MPG;2021;1774,08;10.5194/acp-21-18413-2021;FALSE
MPG;2021;1951,49;10.5194/acp-21-18065-2021;FALSE
MPG;2021;1843,20;10.5194/gmd-14-7477-2021;FALSE
MPG;2021;2749,82;10.5194/amt-14-7595-2021;FALSE
MPG;2021;1843,20;10.5194/cp-17-2481-2021;FALSE
MPG;2021;1241,86;10.5194/esd-12-1413-2021;FALSE
MPG;2021;2999,81;10.5194/amt-13-7069-2020;FALSE
MPG;2021;2035,58;10.5194/amt-14-5501-2021;FALSE
MPG;2021;1596,67;10.5194/acp-21-11723-2021;FALSE
MPG;2021;1774,08;10.5194/cp-17-1665-2021;FALSE
MPG;2021;1499,90;10.5194/amt-14-5319-2021;FALSE
MPG;2021;1928,45;10.5194/esd-12-745-2021;FALSE
MPG;2021;2483,71;10.5194/soil-7-305-2021;FALSE
MPG;2021;1821,31;10.5194/gmd-14-1427-2021;FALSE
MPG;2021;3370,75;10.5194/acp-21-9367-2021;FALSE
MPG;2021;1774,08;10.5194/cp-17-633-2021;FALSE
MPG;2021;1071,36;10.5194/acp-21-8999-2021;FALSE
MPG;2021;1607,04;10.5194/amt-14-1817-2021;FALSE
MPG;2021;1862,78;10.5194/acp-21-8615-2021;FALSE
MPG;2021;2306,30;10.5194/tc-15-1131-2021;FALSE
MPG;2021;3015,94;10.5194/tc-15-1097-2021;FALSE
MPG;2021;3814,27;10.5194/amt-14-3989-2021;FALSE
MPG;2021;1821,31;10.5194/amt-14-1439-2021;FALSE
MPG;2021;1774,08;10.5194/amt-14-1525-2021;FALSE
MPG;2021;50,19;gi-2019-10;FALSE
MPG;2021;414,72;10.5194/egqsj-70-145-2021;FALSE
MPG;2021;1821,31;10.5194/bg-18-1241-2021;FALSE
MPG;2021;1774,08;10.5194/bg-18-1029-2021;FALSE
MPG;2021;1862,78;10.5194/acp-21-1485-2021;FALSE
MPG;2021;1714,17;10.5194/acp-21-1565-2021;FALSE
MPG;2021;2035,58;10.5194/amt-14-995-2021;FALSE
MPG;2021;1330,56;10.5194/amt-14-769-2021;FALSE
MPG;2021;832,18;10.5194/mr-2-343-2021;FALSE
MPG;2021;1674,76;10.5194/bg-18-3219-2021;FALSE
MPG;2021;1495,08;10.5194/acp-21-8195-2021;FALSE
MPG;2021;2022,76;10.5194/amt-14-3871-2021;FALSE
MPG;2021;946,60;10.5194/acp-21-7933-2021;FALSE
MPG;2021;2286,60;10.5194/acp-21-7473-2021;FALSE
MPG;2021;2110,71;10.5194/acp-21-6999-2021;FALSE
MPG;2021;2402,92;10.5194/gmd-14-2317-2021;FALSE
MPG;2021;2678,40;10.5194/acp-21-989-2021;FALSE
MPG;2021;1862,78;10.5194/acp-21-483-2021;FALSE
MPG;2021;1153,15;10.5194/amt-14-295-2021;FALSE
MPG;2021;1330,56;10.5194/bg-18-39-2021;FALSE
MPG;2021;2749,82;10.5194/acp-21-6509-2021;FALSE
MPG;2021;2395,01;10.5194/acp-21-6565-2021;FALSE
MPG;2021;2128,90;10.5194/acp-21-6175-2021;FALSE
MPG;2021;2785,54;10.5194/acp-21-6231-2021;FALSE
MPG;2021;1064,38;10.5194/esd-12-401-2021;FALSE
MPG;2021;2306,30;10.5194/bg-18-2379-2021;FALSE
MPG;2021;2356,99;10.5194/acp-21-5393-2021;FALSE
MPG;2021;4178,30;10.5194/acp-21-5315-2021;FALSE
MPG;2021;1105,92;10.5194/mr-2-105-2021;FALSE
MPG;2022;1714,18;10.5194/acp-22-4969-2022;FALSE
MPG;2022;1843,20;10.5194/cp-18-759-2022;FALSE
MPG;2022;1843,20;10.5194/gmd-15-8581-2022;FALSE
MPG;2022;1843,20;10.5194/gmd-15-8377-2022;FALSE
MPG;2022;1499,90;10.5194/amt-15-6433-2022;FALSE
MPG;2022;2572,42;10.5194/esd-13-1505-2022;FALSE
MPG;2022;2249,86;10.5194/esd-13-1535-2022;FALSE
MPG;2022;1843,20;10.5194/gmd-15-9157-2022;FALSE
MPG;2022;1596,67;10.5194/acp-22-15925-2022;FALSE
MPG;2022;1843,20;10.5194/gmd-15-4147-2022;FALSE
MPG;2022;1774,08;10.5194/acp-22-6879-2022;FALSE
MPG;2022;2306,30;10.5194/bg-19-2627-2022;FALSE
MPG;2022;1330,56;10.5194/acp-22-6275-2022;FALSE
MPG;2022;1843,20;10.5194/cp-18-1035-2022;FALSE
MPG;2022;3535,49;10.5194/amt-15-2889-2022;FALSE
MPG;2022;1330,56;10.5194/acp-22-6151-2022;FALSE
MPG;2022;1392,77;10.5194/bg-19-477-2022;FALSE
MPG;2022;1843,20;10.5194/gmd-15-6985-2022;FALSE
MPG;2022;1330,56;10.5194/os-18-1361-2022;FALSE
MPG;2022;1607,04;10.5194/bg-19-4315-2022;FALSE
MPG;2022;1419,26;10.5194/esd-13-1289-2022;FALSE
MPG;2022;1843,20;10.5194/gmd-15-2673-2022;FALSE
MPG;2022;1285,63;10.5194/acp-22-4117-2022;FALSE
MPG;2022;1153,15;10.5194/tc-16-1057-2022;FALSE
MPG;2022;3193,34;10.5194/hess-26-1579-2022;FALSE
MPG;2022;2040,19;10.5194/bg-19-1611-2022;FALSE
MPG;2022;1774,08;10.5194/amt-15-1395-2022;FALSE
MPG;2022;2128,90;10.5194/acp-22-3469-2022;FALSE
MPG;2022;1241,86;10.5194/os-18-307-2022;FALSE
MPG;2022;1862,78;10.5194/esd-13-1451-2022;FALSE
MPG;2022;1285,63;10.5194/acp-22-13833-2022;FALSE
MPG;2022;2128,90;10.5194/acp-22-13607-2022;FALSE
MPG;2022;2571,26;10.5194/amt-15-5719-2022;FALSE
MPG;2022;2483,71;10.5194/acp-22-245-2022;FALSE
MPG;2022;1862,78;10.5194/bg-19-71-2022;FALSE
MPG;2022;1821,31;10.5194/acp-22-47-2022;FALSE
MPG;2022;2217,60;10.5194/hess-26-6263-2022;FALSE
MPG;2022;2785,54;10.5194/acp-22-15287-2022;FALSE
MPG;2022;1507,97;10.5194/tc-16-3889-2022;FALSE
MPG;2022;2249,86;10.5194/acp-22-12607-2022;FALSE
MPG;2022;1843,20;10.5194/cp-18-273-2022;FALSE
MPG;2022;1928,45;10.5194/acp-22-7875-2022;FALSE
MPG;2022;2678,40;10.5194/bg-19-559-2022;FALSE
MPG;2022;3193,34;10.5194/bg-19-2805-2022;FALSE
MPG;2022;1774,08;10.5194/amt-15-987-2022;FALSE
MPG;2022;2035,58;10.5194/acp-22-7051-2022;FALSE
MPG;2022;2035,58;10.5194/acp-22-2487-2022;FALSE
MPG;2022;2249,86;10.5194/hess-26-1089-2022;FALSE
MPG;2022;1392,77;10.5194/bg-19-3491-2022;FALSE
MPG;2022;1607,04;10.5194/acp-22-9483-2022;FALSE
MPG;2022;1714,18;10.5194/hess-26-4431-2022;FALSE
MPG;2022;1607,04;10.5194/acp-22-8935-2022;FALSE
MPG;2022;1507,97;10.5194/acp-22-10901-2022;FALSE
MPG;2022;2999,81;10.5194/acp-22-8739-2022;FALSE
MPG;2022;1843,20;10.5194/cp-18-1897-2022;FALSE
MPG;2022;1596,67;10.5194/os-18-979-2022;FALSE
MPG;2022;1685,38;10.5194/acp-22-10603-2022;FALSE
MPG;2022;1507,97;10.5194/acp-22-8683-2022;FALSE
MPG;2022;1064,45;10.5194/bg-19-3727-2022;FALSE
MPG;2023;1843,20;10.5194/gmd-16-885-2023;FALSE
MPG;2023;1843,20;10.5194/gmd-16-779-2023;FALSE
MPG;2023;1843,20;10.5194/cp-19-179-2023;FALSE
MPG;2023;3459,46;10.5194/acp-23-1169-2023;FALSE
MPG;2023;2356,99;10.5194/acp-23-251-2023;FALSE
MPG;2023;1821,31;10.5194/bg-20-57-2023;FALSE
MPG;2023;2571,26;10.5194/acp-23-119-2023;FALSE
MPG;2023;1241,86;10.5194/amt-16-3299-2023;FALSE
MPG;2023;1071,36;10.5194/amt-16-2771-2023;FALSE
MPG;2023;1285,63;10.5194/acp-23-4763-2023;FALSE
MPG;2023;1843,20;10.5194/gmd-16-2037-2023;FALSE
MPG;2023;2927,23;10.5194/hess-27-1531-2023;FALSE
MPG;2023;1392,77;10.5194/acp-23-4545-2023;FALSE
MPG;2023;1507,97;10.5194/acp-23-14673-2023;FALSE
MPG;2023;2892,67;10.5194/esd-14-1211-2023;FALSE
MPG;2023;3282,05;10.5194/amt-16-5537-2023;FALSE
MPG;2023;1821,31;10.5194/acp-23-14307-2023;FALSE
MPG;2023;3428,35;10.5194/acp-23-14127-2023;FALSE
MPG;2023;1178,50;10.5194/bg-20-3625-2023;FALSE
MPG;2023;3193,34;10.5194/esd-14-861-2023;FALSE
MPG;2023;1419,26;10.5194/bg-20-3523-2023;FALSE
MPG;2023;1392,77;10.5194/bg-20-3151-2023;FALSE
MPG;2023;1843,20;10.5194/gmd-16-7357-2023;FALSE
MPG;2023;1419,26;10.5194/acp-23-15165-2023;FALSE
MPG;2023;1843,20;10.5194/cp-19-1531-2023;FALSE
MPG;2023;2142,72;10.5194/acp-23-8149-2023;FALSE
MPG;2023;1612,80;10.5194/essd-15-3051-2023;FALSE
MPG;2023;1685,38;10.5194/bg-20-2837-2023;FALSE
MPG;2023;2249,86;10.5194/acp-23-7719-2023;FALSE
MPG;2023;1685,38;10.5194/esd-14-101-2023;FALSE
MPG;2023;1843,20;10.5194/cp-19-1081-2023;FALSE
MPG;2023;1843,20;10.5194/gmd-16-3013-2023;FALSE
MPG;2023;1607,04;10.5194/acp-23-5929-2023;FALSE
MPG;2023;2128,90;10.5194/tc-17-2095-2023;FALSE
MPG;2023;1392,77;10.5194/bg-20-1759-2023;FALSE
MPG;2023;1843,20;10.5194/gmd-16-5515-2023;FALSE
MPG;2023;1714,18;10.5194/bg-20-3651-2023;FALSE
MPG;2023;1843,20;10.5194/gmd-16-5179-2023;FALSE
MPG;2023;1392,77;10.5194/bg-20-3637-2023;FALSE
MPG;2023;1951,49;10.5194/bg-20-4391-2023;FALSE
MPG;2023;1714,18;10.5194/amt-16-4741-2023;FALSE
MPG;2023;2217,60;10.5194/acp-23-13191-2023;FALSE
MPG;2023;1241,86;10.5194/acp-23-13015-2023;FALSE
MPG;2023;1685,38;10.5194/acp-23-12651-2023;FALSE
MPG;2023;2388,71;10.5194/acp-23-10901-2023;FALSE
MPG;2023;857,09;10.5194/bg-20-2805-2023;FALSE
MPG;2023;5785,34;10.5194/amt-16-1609-2023;FALSE
MPG;2023;1843,20;10.5194/cp-19-637-2023;FALSE
MPG;2023;1843,20;10.5194/cp-19-555-2023;FALSE
MPG;2023;2035,58;10.5194/amt-16-1323-2023;FALSE
MPG;2023;1419,26;10.5194/amt-16-1179-2023;FALSE
MPG;2023;1064,45;10.5194/amt-16-1167-2023;FALSE
MPG;2023;1714,18;10.5194/acp-23-2813-2023;FALSE
MPG;2024;1419,26;10.5194/acp-23-15767-2023;FALSE
MPG;2024;1285,63;10.5194/esd-14-1363-2023;FALSE
MPG;2024;1607,04;10.5194/acp-23-15733-2023;FALSE
MPG;2024;1843,20;10.5194/gmd-17-7401-2024;FALSE
MPG;2024;2999,81;10.5194/acp-24-11883-2024;FALSE
MPG;2024;1843,20;10.5194/gmd-17-7467-2024;FALSE
MPG;2024;1714,18;10.5194/acp-24-11603-2024;FALSE
MPG;2024;2483,71;10.5194/acp-24-2555-2024;FALSE
MPG;2024;1466,08;10.5194/acp-25-6429-2025;FALSE
MPG;2024;1843,20;10.5194/gmd-17-1563-2024;FALSE
MPG;2024;3282,05;10.5194/acp-25-6219-2025;FALSE
MPG;2024;1821,31;10.5194/acp-24-1979-2024;FALSE
MPG;2024;2571,26;10.5194/bg-22-2935-2025;FALSE
MPG;2024;1612,80;10.5194/essd-17-2553-2025;FALSE
MPG;2024;1821,31;10.5194/acp-25-5893-2025;FALSE
MPG;2024;2249,86;10.5194/esd-16-869-2025;FALSE
MPG;2024;1013,76;10.5194/mr-6-119-2025;FALSE
MPG;2024;1499,90;10.5194/acp-24-3869-2024;FALSE
MPG;2024;1607,04;10.5194/bg-21-1533-2024;FALSE
MPG;2024;1843,20;10.5194/gmd-17-2419-2024;FALSE
MPG;2024;1774,08;10.5194/bg-21-1391-2024;FALSE
MPG;2024;2040,19;10.5194/bg-21-1277-2024;FALSE
MPG;2024;1285,63;10.5194/bg-21-1161-2024;FALSE
MPG;2024;1843,20;10.5194/gmd-17-5705-2024;FALSE
MPG;2024;2999,81;10.5194/acp-24-8413-2024;FALSE
MPG;2024;1843,20;10.5194/cp-20-1595-2024;FALSE
MPG;2024;2142,72;10.5194/soil-10-467-2024;FALSE
MPG;2024;2128,90;10.5194/acp-24-7499-2024;FALSE
MPG;2024;2892,67;10.5194/bg-21-2571-2024;FALSE
MPG;2024;1843,20;10.5194/cp-21-719-2025;FALSE
MPG;2024;1241,86;10.5194/tc-18-2473-2024;FALSE
MPG;2024;1862,78;10.5194/acp-24-5315-2024;FALSE
MPG;2024;2040,19;10.5194/egusphere-2024-2896;FALSE
MPG;2024;3282,04;10.5194/bg-21-5079-2024;FALSE
MPG;2024;2142,72;10.5194/acp-24-12943-2024;FALSE
MPG;2024;2040,19;10.5194/acp-24-7203-2024;FALSE
MPG;2024;2838,53;10.5194/amt-17-6485-2024;FALSE
MPG;2024;1843,20;10.5194/gmd-17-4689-2024;FALSE
MPG;2024;1828,22;10.5194/wes-9-2147-2024;FALSE
MPG;2024;1928,45;10.5194/esd-15-717-2024;FALSE
MPG;2024;2892,67;10.5194/acp-24-12295-2024;FALSE
MPG;2024;1153,15;10.5194/amt-17-3553-2024;FALSE
MPG;2024;1330,56;10.5194/amt-17-3439-2024;FALSE
MPG;2024;1843,20;10.5194/cp-20-2741-2024;FALSE
MPG;2024;1596,67;10.5194/acp-25-13831-2025;FALSE
MPG;2024;2785,54;10.5194/amt-18-5103-2025;FALSE
MPG;2024;1843,20;10.5194/os-21-2215-2025;FALSE
MPG;2024;1607,04;10.5194/acp-24-8983-2024;FALSE
MPG;2024;1596,67;10.5194/acp-24-8893-2024;FALSE
MPG;2024;1843,20;10.5194/cp-20-1785-2024;FALSE
MPG;2024;1774,08;10.5194/acp-24-8751-2024;FALSE
MPG;2024;2851,20;10.5194/mr-6-43-2025;FALSE
MPG;2024;1612,80;10.5194/essd-16-2113-2024;FALSE
MPG;2024;1612,80;10.5194/essd-17-633-2025;FALSE
MPG;2024;3104,64;10.5194/bg-21-2051-2024;FALSE
MPG;2024;3370,75;10.5194/bg-21-1923-2024;FALSE
MPG;2024;2142,72;10.5194/bg-21-1827-2024;FALSE
MPG;2024;1843,20;10.5194/gmd-17-2705-2024;FALSE
MPG;2024;1178,50;10.5194/acp-24-4017-2024;FALSE
MPG;2024;2739,46;10.5194/amt-17-627-2024;FALSE
MPG;2024;2249,86;10.5194/amt-17-277-2024;FALSE
MPG;2024;1241,86;10.5194/esd-15-1-2024;FALSE
MPG;2024;2927,23;10.5194/acp-24-185-2024;FALSE
MPG;2024;1596,67;10.5194/amt-17-5619-2024;FALSE
MPG;2024;2678,40;10.5194/bg-21-4169-2024;FALSE
MPG;2024;1843,20;10.5194/gmd-17-6683-2024;FALSE
MPG;2025;2035,58;10.5194/amt-18-1441-2025;FALSE
MPG;2025;1596,67;10.5194/amt-18-3407-2025;FALSE
MPG;2025;2128,90;10.5194/esd-16-451-2025;FALSE
MPG;2025;1419,26;10.5194/acp-25-7863-2025;FALSE
MPG;2025;1153,15;10.5194/amt-18-3393-2025;FALSE
MPG;2025;1866,24;10.5194/acp-25-6991-2025;FALSE
MPG;2025;1843,20;10.5194/gmd-18-3985-2025;FALSE
MPG;2025;1612,80;10.5194/essd-17-6621-2025;FALSE
MPG;2025;1866,24;10.5194/acp-25-17009-2025;FALSE
MPG;2025;1866,24;10.5194/amt-18-7053-2025;FALSE
MPG;2025;1866,24;10.5194/acp-25-16553-2025;FALSE
MPG;2025;933,12;10.5194/gchron-7-583-2025;FALSE
MPG;2025;1866,24;10.5194/amt-18-6917-2025;FALSE
MPG;2025;1866,24;10.5194/bg-22-6937-2025;FALSE
MPG;2025;1866,24;10.5194/esd-16-2021-2025;FALSE
MPG;2025;1866,24;10.5194/acp-25-15077-2025;FALSE
MPG;2025;1866,24;10.5194/amt-18-6291-2025;FALSE
MPG;2025;1866,24;10.5194/acp-25-14987-2025;FALSE
MPG;2025;1451,52;10.5194/essd-17-5871-2025;FALSE
MPG;2025;1866,24;10.5194/amt-18-5999-2025;FALSE
MPG;2025;1843,20;10.5194/gmd-18-2921-2025;FALSE
MPG;2025;2035,58;10.5194/amt-18-1943-2025;FALSE
MPG;2025;1071,36;10.5194/bg-22-2087-2025;FALSE
MPG;2025;881,28;10.5194/wcd-6-489-2025;FALSE
MPG;2025;2356,99;10.5194/bg-22-1907-2025;FALSE
MPG;2025;2035,58;10.5194/bg-22-1887-2025;FALSE
MPG;2025;1843,20;10.5194/cp-21-773-2025;FALSE
MPG;2025;1843,20;10.5194/gmd-18-2111-2025;FALSE
MPG;2025;1130,56;10.5194/acp-25-3873-2025;FALSE
MPG;2025;887,04;10.5194/acp-25-9075-2025;FALSE
MPG;2025;1866,24;10.5194/acp-25-10511-2025;FALSE
MPG;2025;1866,24;10.5194/acp-25-9885-2025;FALSE
MPG;2025;2052,86;10.5194/gmd-18-7735-2025;FALSE
MPG;2025;1866,24;10.5194/bg-22-5787-2025;FALSE
MPG;2025;1866,24;10.5194/acp-25-18697-2025;FALSE
MPG;2025;2052,86;10.5194/gmd-18-7357-2025;FALSE
MPG;2025;1866,24;10.5194/acp-25-12779-2025;FALSE
MPG;2025;2052,86;10.5194/gmd-18-6701-2025;FALSE
MPG;2025;1774,08;10.5194/acp-25-243-2025;FALSE
MPG;2025;1928,45;10.5194/acp-25-639-2025;FALSE
MPG;2025;1507,97;10.5194/esd-16-151-2025;FALSE
MPG;2025;1596,67;10.5194/egusphere-2024-883;FALSE
MPG;2025;1843,20;10.5194/gmd-18-461-2025;FALSE
MPG;2025;1843,20;10.5194/gmd-18-1189-2025;FALSE
MPG;2025;2052,86;10.5194/gmd-18-10017-2025;FALSE
MPG;2025;1928,45;10.5194/acp-25-17667-2025;FALSE
MPG;2025;2052,86;10.5194/gmd-18-9385-2025;FALSE
MPG;2025;1866,24;10.5194/bg-22-7519-2025;FALSE
MPG;2026;1866,24;10.5194/bg-23-233-2026;FALSE
MPG;2026;2052,86;10.5194/gmd-19-911-2026;FALSE
MPG;2026;1866,24;10.5194/amt-19-101-2026;FALSE
MPG;2026;1934,21;10.5194/jm-45-195-2026;FALSE
MPG;2026;1866,24;10.5194/bg-23-1897-2026;FALSE
MPG;2026;1451,52;10.5194/essd-18-1833-2026;FALSE
MPG;2026;1451,52;10.5194/essd-18-1783-2026;FALSE
MPG;2026;1866,24;10.5194/acp-26-2561-2026;FALSE
MPG;2026;1866,24;10.5194/tc-20-1047-2026;FALSE
MPG;2026;1866,24;10.5194/bg-23-1137-2026;FALSE
MPG;2026;1866,24;10.5194/bg-23-1065-2026;FALSE
MPG;2026;1866,24;10.5194/esd-17-167-2026;FALSE
MPG;2018;2487,80;10.7554/eLife.36268;FALSE
MPG;2018;2487,80;10.7554/eLife.41241;FALSE
MPG;2018;2346,05;10.7554/eLife.32282;FALSE
MPG;2018;2487,80;10.7554/eLife.40251;FALSE
MPG;2018;2346,05;10.7554/eLife.32346;FALSE
MPG;2018;2189,26;10.7554/eLife.38889;FALSE
MPG;2018;2346,05;10.7554/eLife.28715;FALSE
MPG;2018;2487,80;10.7554/eLife.38017;FALSE
MPG;2018;2346,05;10.7554/eLife.32332;FALSE
MPG;2018;2346,05;10.7554/eLife.32581;FALSE
MPG;2018;2346,05;10.7554/eLife.33468;FALSE
MPG;2018;2329,15;10.7554/eLife.34960;FALSE
MPG;2018;2329,15;10.7554/eLife.36764;FALSE
MPG;2018;2466,81;10.7554/eLife.36440;FALSE
MPG;2018;2466,81;10.7554/eLife.34202;FALSE
MPG;2018;2329,15;10.7554/eLife.32833;FALSE
MPG;2018;2487,80;10.7554/eLife.36262;FALSE
MPG;2018;2487,80;10.7554/eLife.38187;FALSE
MPG;2018;2487,80;10.7554/eLife.42209;FALSE
MPG;2018;2487,80;10.7554/eLife.37385;FALSE
MPG;2018;2487,80;10.7554/eLife.38976;FALSE
MPG;2018;2487,80;10.7554/eLife.37677;FALSE
MPG;2018;2352,27;10.7554/eLife.33442;FALSE
MPG;2018;2352,27;10.7554/eLife.31149;FALSE
MPG;2018;2487,80;10.7554/eLife.34880;FALSE
MPG;2018;2487,80;10.7554/eLife.34519;FALSE
MPG;2018;2487,80;10.7554/eLife.35718;FALSE
MPG;2018;2352,27;10.7554/eLife.32018;FALSE
MPG;2018;2321,28;10.7554/eLife.33322;FALSE
MPG;2018;2346,05;10.7554/eLife.32794;FALSE
MPG;2018;2364,05;10.7554/eLife.34353;FALSE
MPG;2018;2487,80;10.7554/eLife.37078;FALSE
MPG;2018;2487,80;10.7554/eLife.37093;FALSE
MPG;2018;2487,80;10.7554/eLife.35816;FALSE
MPG;2018;2487,80;10.7554/eLife.38906;FALSE
MPG;2018;2424,65;10.7554/eLife.36615;FALSE
MPG;2018;2487,80;10.7554/eLife.38611;FALSE
MPG;2018;2487,80;10.7554/eLife.37960;FALSE
MPG;2019;2558,41;10.7554/eLife.47040;FALSE
MPG;2019;2612,72;10.7554/eLife.50963;FALSE
MPG;2019;2612,72;10.7554/eLife.49539;FALSE
MPG;2019;2563,65;10.7554/eLife.43842;FALSE
MPG;2019;1287,21;10.7554/eLife.43194;FALSE
MPG;2019;2574,42;10.7554/eLife.44860;FALSE
MPG;2019;2608,69;10.7554/eLife.44392;FALSE
MPG;2019;2608,69;10.7554/eLife.47498;FALSE
MPG;2019;2596,93;10.7554/eLife.50900;FALSE
MPG;2019;2579,03;10.7554/eLife.44056;FALSE
MPG;2019;2581,80;10.7554/eLife.43620;FALSE
MPG;2019;2611,06;10.7554/eLife.47994;FALSE
MPG;2019;2579,03;10.7554/eLife.45056;FALSE
MPG;2019;2595,29;10.7554/eLife.50161;FALSE
MPG;2019;2487,80;10.7554/eLife.44471;FALSE
MPG;2019;2487,80;10.7554/eLife.43606;FALSE
MPG;2019;2487,80;10.7554/eLife.42747;FALSE
MPG;2019;2487,80;10.7554/eLife.43542;FALSE
MPG;2019;2597,63;10.7554/eLife.46302;FALSE
MPG;2019;2597,63;10.7554/eLife.51481;FALSE
MPG;2019;2644,87;10.7554/eLife.49374;FALSE
MPG;2019;2487,80;10.7554/eLife.42138;FALSE
MPG;2019;2487,80;10.7554/eLife.37321;FALSE
MPG;2019;2616,28;10.7554/eLife.45863;FALSE
MPG;2019;2585,28;10.7554/eLife.44837;FALSE
MPG;2019;2567,76;10.7554/eLife.43235;FALSE
MPG;2019;2567,76;10.7554/eLife.48287;FALSE
MPG;2019;2593,89;10.7554/eLife.46564;FALSE
MPG;2019;2591,09;10.7554/eLife.51029;FALSE
MPG;2019;2591,09;10.7554/eLife.49542;FALSE
MPG;2020;2648,03;10.7554/eLife.55687;FALSE
MPG;2020;2648,03;10.7554/eLife.52714;FALSE
MPG;2020;2371,34;10.7554/eLife.58596;FALSE
MPG;2020;2552,29;10.7554/eLife.57591;FALSE
MPG;2020;2571,89;10.7554/eLife.53433;FALSE
MPG;2020;2649,25;10.7554/eLife.53740;FALSE
MPG;2020;2392,87;10.7554/eLife.55589 ;FALSE
MPG;2020;2662,72;10.7554/eLife.53517;FALSE
MPG;2020;2662,23;10.7554/eLife.51406;FALSE
MPG;2020;2591,09;10.7554/eLife.50014;FALSE
MPG;2020;2590,63;10.7554/eLife.46876;FALSE
MPG;2020;2327,89;10.7554/eLife.57947;FALSE
MPG;2020;2591,09;10.7554/eLife.53910;FALSE
MPG;2020;2540,58;10.7554/eLife.54277;FALSE
MPG;2020;2385,99;10.7554/eLife.52904;FALSE
MPG;2020;2385,99;10.7554/eLife.59902;FALSE
MPG;2020;2385,99;10.7554/eLife.58723;FALSE
MPG;2020;2385,99;10.7554/eLife.55585;FALSE
MPG;2020;2383,36;10.7554/eLife.62953;FALSE
MPG;2020;2383,36;10.7554/eLife.59816;FALSE
MPG;2020;2383,36;10.7554/eLife.60895;FALSE
MPG;2020;2383,36;10.7554/eLife.60579;FALSE
MPG;2020;2591,09;10.7554/eLife.50770;FALSE
MPG;2020;2620,33;10.7554/eLife.52563;FALSE
MPG;2020;2464,39;10.7554/eLife.56110;FALSE
MPG;2020;2464,39;10.7554/eLife.54201;FALSE
MPG;2020;2648,03;10.7554/eLife.54462;FALSE
MPG;2020;2366,77;10.7554/eLife.59191;FALSE
MPG;2020;2417,13;10.7554/eLife.55794;FALSE
MPG;2020;2366,77;10.7554/eLife.57857;FALSE
MPG;2020;2366,77;10.7554/eLife.54207;FALSE
MPG;2020;2417,13;10.7554/eLife.57589;FALSE
MPG;2020;2327,89;10.7554/eLife.57603;FALSE
MPG;2020;2327,89;10.7554/eLife.61467;FALSE
MPG;2020;2429,56;10.7554/eLife.54930;FALSE
MPG;2020;2616,99;10.7554/eLife.50564;FALSE
MPG;2020;2602,56;10.7554/eLife.49774;FALSE
MPG;2020;0,00;10.7554/eLife.57008;FALSE
MPG;2020;2622,71;10.7554/eLife.52939;FALSE
MPG;2020;2313,56;10.7554/eLife.60661;FALSE
MPG;2020;2620,33;10.7554/eLife.54434;FALSE
MPG;2020;2602,56;10.7554/eLife.47551;FALSE
MPG;2020;2328,85;10.7554/eLife.60603;FALSE
MPG;2020;2328,85;10.7554/eLife.58641;FALSE
MPG;2020;2327,70;10.7554/eLife.64501;FALSE
MPG;2020;2327,70;10.7554/eLife.61387;FALSE
MPG;2020;2327,70;10.7554/eLife.59954;FALSE
MPG;2021;2444,82;10.7554/eLife.64593;FALSE
MPG;2021;2423,43;10.7554/eLife.66143;FALSE
MPG;2021;2459,23;10.7554/eLife.67838;FALSE
MPG;2021;2459,23;10.7554/eLife.53174;FALSE
MPG;2021;2459,22;10.7554/eLife.68980;FALSE
MPG;2021;2427,10;10.7554/eLife.62718;FALSE
MPG;2021;2967,79;10.7554/eLife.72353;FALSE
MPG;2021;2473,16;10.7554/eLife.64812;FALSE
MPG;2021;2461,96;10.7554/eLife.67195;FALSE
MPG;2021;2461,96;10.7554/eLife.67303;FALSE
MPG;2021;2954,35;10.7554/eLife.69861;FALSE
MPG;2021;2461,96;10.7554/eLife.68758;FALSE
MPG;2021;2466,18;10.7554/eLife.65811;FALSE
MPG;2021;2466,18;10.7554/eLife.64829;FALSE
MPG;2021;2443,37;10.7554/eLife.66768;FALSE
MPG;2021;2490,92;10.7554/eLife.65309;FALSE
MPG;2021;2490,92;10.7554/eLife.66711;FALSE
MPG;2021;2989,11;10.7554/eLife.72674;FALSE
MPG;2021;2438,61;10.7554/eLife.66551;FALSE
MPG;2021;2439,23;10.7554/eLife.66186;FALSE
MPG;2021;2453,99;10.7554/eLife.66322;FALSE
MPG;2021;2421,39;10.7554/eLife.62520;FALSE
MPG;2021;2541,92;10.7554/eLife.67778;FALSE
MPG;2021;2395,01;10.7554/eLife.59323;FALSE
MPG;2021;2421,39;10.7554/eLife.64806;FALSE
MPG;2021;2396,61;10.7554/eLife.63092;FALSE
MPG;2021;2421,39;10.7554/eLife.63591;FALSE
MPG;2021;3064,92;10.7554/eLife.73724;FALSE
MPG;2021;2477,85;10.7554/eLife.63844;FALSE
MPG;2021;2477,85;10.7554/eLife.68620;FALSE
MPG;2021;2435,51;10.7554/eLife.64000;FALSE
MPG;2021;2435,51;10.7554/eLife.65381;FALSE
MPG;2021;2973,42;10.7554/eLife.70068;FALSE
MPG;2021;2444,41;10.7554/eLife.67275;FALSE
MPG;2021;2378,59;10.7554/eLife.61619;FALSE
MPG;2021;2375,46;10.7554/eLife.64134;FALSE
MPG;2021;2375,46;10.7554/eLife.62233;FALSE
MPG;2021;2549,80;10.7554/eLife.62863;FALSE
MPG;2021;2382,53;10.7554/eLife.57964;FALSE
MPG;2021;2383,71;10.7554/eLife.61346;FALSE
MPG;2022;3141,25;10.7554/eLife.71309;FALSE
MPG;2022;3141,25;10.7554/eLife.77019;FALSE
MPG;2022;3321,80;10.7554/eLife.81432;FALSE
MPG;2022;3269,63;10.7554/eLife.75985;FALSE
MPG;2022;3318,92;10.7554/eLife.77937;FALSE
MPG;2022;3273,04;10.7554/eLife.74637;FALSE
MPG;2022;3273,04;10.7554/eLife.77429;FALSE
MPG;2022;2913,80;10.7554/eLife.66397;FALSE
MPG;2022;3097,89;10.7554/eLife.73695;FALSE
MPG;2022;3225,99;10.7554/eLife.77095;FALSE
MPG;2022;3358,60;10.7554/eLife.76004;FALSE
MPG;2022;3305,91;10.7554/eLife.75826;FALSE
MPG;2022;3411,31;10.7554/eLife.76344;FALSE
MPG;2022;3391,56;10.7554/eLife.77492;FALSE
MPG;2022;3388,90;10.7554/eLife.77215;FALSE
MPG;2022;2880,00;10.7554/eLife.57520;FALSE
MPG;2022;2539,24;10.7554/eLife.60183;FALSE
MPG;2022;3047,09;10.7554/eLife.72330;FALSE
MPG;2022;2539,24;10.7554/eLife.65117;FALSE
MPG;2022;3039,04;10.7554/eLife.74086;FALSE
MPG;2022;3096,22;10.7554/eLife.75354;FALSE
MPG;2022;3218,18;10.7554/eLife.76825;FALSE
MPG;2022;3096,22;10.7554/eLife.73603;FALSE
MPG;2022;3284,24;10.7554/eLife.71533;FALSE
MPG;2022;3269,01;10.7554/eLife.75419;FALSE
MPG;2022;3096,22;10.7554/eLife.73231;FALSE
MPG;2022;3284,24;10.7554/eLife.76308;FALSE
MPG;2022;3269,01;10.7554/eLife.75464;FALSE
MPG;2022;3096,22;10.7554/eLife.75523;FALSE
MPG;2022;3269,01;10.7554/eLife.77468;FALSE
MPG;2022;3096,22;10.7554/eLife.69223;FALSE
MPG;2022;2680,07;10.7554/eLife.64526;FALSE
MPG;2022;3456,00;10.7554/eLife.77227;FALSE
MPG;2022;3456,00;10.7554/eLife.75899;FALSE
MPG;2022;3456,00;10.7554/eLife.77252;FALSE
MPG;2022;3452,89;10.7554/eLife.73715;FALSE
MPG;2023;3240,21;10.7554/eLife.70792;FALSE
MPG;2023;3180,57;10.7554/eLife.85188;FALSE
MPG;2023;3146,11;10.7554/eLife.76421;FALSE
MPG;2023;3273,35;10.7554/eLife.83565;FALSE
MPG;2023;3151,56;10.7554/eLife.82386;FALSE
MPG;2023;3165,42;10.7554/eLife.85581;FALSE
MPG;2023;3079,94;10.7554/eLife.83843;FALSE
MPG;2023;3280,18;10.7554/eLife.87513;FALSE
MPG;2023;3176,18;10.7554/eLife.82384;FALSE
MPG;2023;3232,63;10.7554/eLife.83722;FALSE
MPG;2023;3240,21;10.7554/eLife.82824;FALSE
MPG;2023;3240,21;10.7554/eLife.82825;FALSE
MPG;2023;3240,21;10.7554/eLife.69415;FALSE
MPG;2023;3240,21;10.7554/eLife.83077;FALSE
MPG;2023;3125,62;10.7554/eLife.83660;FALSE
MPG;2023;3240,21;10.7554/eLife.82580;FALSE
MPG;2023;2700,17;10.7554/eLife.68670;FALSE
MPG;2024;2759,94;10.7554/eLife.105394;FALSE
MPG;2024;2597,63;10.7554/eLife.102375;FALSE
MPG;2025;2985,22;10.7554/eLife.110034;FALSE
MPG;2025;2988,07;10.7554/eLife.110074;FALSE
MPG;2025;2763,65;10.7554/eLife.105707;FALSE
MPG;2025;3980,19;10.7554/eLife.108933;FALSE
MPG;2025;2965,25;10.7554/eLife.109465;FALSE
MPG;2025;2693,10;10.7554/eLife.106509;FALSE
MPG;2026;3456,00;10.7554/eLife.111624;FALSE
MPG;2023;2144,25;10.7554/eLife.87450;FALSE
MPG;2023;2124,09;10.7554/eLife.87668;FALSE
MPG;2023;2152,06;10.7554/eLife.87527;FALSE
MPG;2023;2104,88;10.7554/eLife.93502;FALSE
MPG;2023;2086,58;10.7554/eLife.88824;FALSE
MPG;2023;2086,39;10.7554/eLife.87081;FALSE
MPG;2023;2101,04;10.7554/eLife.89862;FALSE
MPG;2023;2178,51;10.7554/eLife.93749;FALSE
MPG;2023;2169,70;10.7554/eLife.93158;FALSE
MPG;2023;2137,88;10.7554/eLife.94811;FALSE
MPG;2023;2120,37;10.7554/eLife.89315;FALSE
MPG;2023;2137,88;10.7554/eLife.94198;FALSE
MPG;2023;2107,57;10.7554/eLife.91420;FALSE
MPG;2023;2096,64;10.7554/eLife.90174;FALSE
MPG;2023;2160,14;10.7554/eLife.86577;FALSE
MPG;2023;2160,33;10.7554/eLife.87075;FALSE
MPG;2023;2156,69;10.7554/eLife.89371;FALSE
MPG;2023;2087,53;10.7554/eLife.88367;FALSE
MPG;2023;2120,18;10.7554/eLife.90735;FALSE
MPG;2023;2159,12;10.7554/eLife.93369;FALSE
MPG;2023;2159,12;10.7554/eLife.92426;FALSE
MPG;2023;2159,12;10.7554/eLife.93689;FALSE
MPG;2023;2132,34;10.7554/eLife.91716;FALSE
MPG;2023;2137,29;10.7554/eLife.89225;FALSE
MPG;2023;2099,89;10.7554/eLife.87930;FALSE
MPG;2023;2094,16;10.7554/eLife.87820;FALSE
MPG;2023;2094,16;10.7554/eLife.87634;FALSE
MPG;2024;2149,25;10.7554/eLife.98637;FALSE
MPG;2024;2692,85;10.7554/eLife.104182;FALSE
MPG;2024;2134,13;10.7554/eLife.99203;FALSE
MPG;2024;2104,88;10.7554/eLife.95557;FALSE
MPG;2024;2105,07;10.7554/eLife.95304;FALSE
MPG;2024;2162,97;10.7554/eLife.98317;FALSE
MPG;2024;2147,45;10.7554/eLife.98218;FALSE
MPG;2024;2107,19;10.7554/eLife.99767;FALSE
MPG;2024;2726,76;10.7554/eLife.105138;FALSE
MPG;2024;2127,42;10.7554/eLife.99602;FALSE
MPG;2024;2147,25;10.7554/eLife.99266;FALSE
MPG;2024;2123,11;10.7554/eLife.98254;FALSE
MPG;2024;2107,19;10.7554/eLife.100749;FALSE
MPG;2024;2107,19;10.7554/eLife.100735;FALSE
MPG;2024;2622,47;10.7554/eLife.102765;FALSE
MPG;2024;2069,15;10.7554/eLife.100366;FALSE
MPG;2024;2650,46;10.7554/eLife.103481;FALSE
MPG;2024;2141,66;10.7554/eLife.95042;FALSE
MPG;2024;2137,49;10.7554/eLife.98347;FALSE
MPG;2024;2137,49;10.7554/eLife.98818;FALSE
MPG;2024;2144,06;10.7554/eLife.95549;FALSE
MPG;2024;2144,06;10.7554/eLife.94918;FALSE
MPG;2024;1512,19;10.1016/j.stress.2024.100729;FALSE
MPG;2024;3210,24;10.1016/j.brs.2024.12.1190;FALSE
MPG;2024;4012,27;10.1016/j.xinn.2024.100764;FALSE
MPG;2024;1419,26;10.1016/j.nme.2024.101858;FALSE
MPG;2024;2531,23;10.1016/j.isci.2024.111624;FALSE
MPG;2024;1005,31;10.1016/j.eng.2024.11.039;FALSE
MPG;2025;2603,04;10.1016/j.isci.2025.112544;FALSE
MPG;2025;1579,78;10.1016/j.ceja.2025.100746;FALSE
MPG;2025;2593,54;10.1016/j.matdes.2025.114025;FALSE
MPG;2025;425,78;10.1016/j.nme.2025.101923;FALSE
MPG;2025;2830,08;10.1016/j.nbt.2025.05.003;FALSE
MPG;2025;2603,04;10.1016/j.isci.2025.112693;FALSE
MPG;2025;2603,04;10.1016/j.isci.2025.112857;FALSE
MPG;2025;1926,14;10.1016/j.carpta.2025.100843;FALSE
MPG;2025;1300,99;10.1016/j.rineng.2025.105602;FALSE
MPG;2025;4380,29;10.1016/j.celrep.2025.115794;FALSE
MPG;2025;2531,23;10.1016/j.isci.2025.112185;FALSE
MPG;2025;2204,93;10.1016/j.ssmph.2025.101797;FALSE
MPG;2025;2603,04;10.1016/j.isci.2025.112792;FALSE
MPG;2025;733,92;10.1016/j.xpro.2025.103813;FALSE
MPG;2025;870,14;10.1016/j.softx.2025.102080;FALSE
MPG;2025;4380,29;10.1016/j.celrep.2025.115522;FALSE
MPG;2025;1267,20;10.1016/j.jmrt.2025.05.176;FALSE
MPG;2025;2269,34;10.1016/j.matdes.2025.114194;FALSE
MPG;2025;2019,07;10.1016/j.nme.2025.102033;FALSE
MPG;2025;2692,80;10.1016/j.isci.2025.114349;FALSE
MPG;2025;802,56;10.1016/j.chbah.2025.100211;FALSE
MPG;2025;4856,02;10.1016/j.ebiom.2025.105988;FALSE
MPG;2025;4514,93;10.1016/j.celrep.2025.116469;FALSE
MPG;2025;2692,80;10.1016/j.isci.2025.114410;FALSE
MPG;2025;3931,49;10.1016/j.patter.2025.101423;FALSE
MPG;2025;1082,40;10.1016/j.nme.2025.102002;FALSE
MPG;2025;802,56;10.1016/j.chbah.2025.100223;FALSE
MPG;2025;3277,82;10.1016/j.ynstr.2025.100772;FALSE
MPG;2025;2585,09;10.1016/j.xhgg.2025.100537;FALSE
MPG;2025;1261,92;10.1016/j.nme.2025.102029;FALSE
MPG;2025;4676,50;10.1016/j.celrep.2025.116598;FALSE
MPG;2025;1082,40;10.1016/j.nme.2025.102036;FALSE
MPG;2025;2754,05;10.1016/j.nicl.2025.103895;FALSE
MPG;2025;4401,41;10.1016/j.celrep.2025.116609;FALSE
MPG;2025;2923,01;10.1016/j.bpsgos.2025.100651;FALSE
MPG;2025;4514,93;10.1016/j.celrep.2025.116415;FALSE
MPG;2025;4514,93;10.1016/j.celrep.2025.116474;FALSE
MPG;2025;1631,52;10.1016/j.crbeha.2025.100196;FALSE
MPG;2025;1444,61;10.1016/j.chbr.2025.100841;FALSE
MPG;2025;1247,66;10.1016/j.xpro.2025.104281;FALSE
MPG;2025;760,32;10.1016/j.xpro.2025.104246;FALSE
MPG;2025;4012,27;10.1016/j.crmeth.2025.101249;FALSE
MPG;2025;2052,86;10.1016/j.actpsy.2025.106126;FALSE
MPG;2025;1731,84;10.1016/j.nme.2025.102015;FALSE
MPG;2025;2692,80;10.1016/j.isci.2025.113978;FALSE
MPG;2025;2054,98;10.1016/j.ijchp.2025.100630;FALSE
MPG;2025;2906,11;10.1016/j.matdes.2025.115090;FALSE
MPG;2025;4249,34;10.1016/j.celrep.2025.115277;FALSE
MPG;2025;4676,50;10.1016/j.xcrp.2025.102796;FALSE
MPG;2025;1731,84;10.1016/j.nme.2025.101970;FALSE
MPG;2025;2323,20;10.1016/j.yjsbx.2025.100130;FALSE
MPG;2025;1360,13;10.1016/j.qsa.2025.100295;FALSE
MPG;2025;2531,23;10.1016/j.isci.2025.113042;FALSE
MPG;2025;2745,60;10.1016/j.dcn.2025.101601;FALSE
MPG;2025;2880,77;10.1016/j.dcn.2025.101598;FALSE
MPG;2025;4514,93;10.1016/j.celrep.2025.116033;FALSE
MPG;2025;1630,46;10.1016/j.heliyon.2025.e43868;FALSE
MPG;2025;1410,82;10.1016/j.chbr.2025.100750;FALSE
MPG;2025;2603,04;10.1016/j.isci.2025.113656;FALSE
MPG;2025;733,92;10.1016/j.xpro.2025.103987;FALSE
MPG;2025;2019,07;10.1016/j.identj.2025.100943;FALSE
MPG;2025;2720,26;10.1016/j.neo.2025.101196;FALSE
MPG;2025;4514,93;10.1016/j.celrep.2025.116282;FALSE
MPG;2025;1292,54;10.1016/j.jmrt.2025.08.188;FALSE
MPG;2025;2531,23;10.1016/j.isci.2025.112090;FALSE
MPG;2025;1672,70;10.1016/j.actpsy.2025.104891;FALSE
MPG;2025;2356,99;10.1016/j.bioflm.2025.100276;FALSE
MPG;2025;2618,88;10.1016/j.nicl.2025.103757;FALSE
MPG;2025;1531,20;10.1016/j.isci.2025.111987;FALSE
MPG;2025;425,78;10.1016/j.nme.2025.101895;FALSE
MPG;2025;2603,04;10.1016/j.isci.2025.112158;FALSE
MPG;2025;4093,06;10.1016/j.ebiom.2023.104889;FALSE
MPG;2025;2399,23;10.1016/j.ecoenv.2025.118004;FALSE
MPG;2025;425,78;10.1016/j.nme.2025.101886;FALSE
MPG;2025;733,92;10.1016/j.xpro.2025.103637;FALSE
MPG;2025;2618,88;10.1016/j.nicl.2025.103772;FALSE
MPG;2025;2593,54;10.1016/j.matdes.2025.113807;FALSE
MPG;2025;3328,51;10.1016/j.brs.2025.02.007;FALSE
MPG;2025;2531,23;10.1016/j.isci.2025.112223;FALSE
MPG;2025;3204,43;10.1016/j.stemcr.2025.102451;FALSE
MPG;2025;425,78;10.1016/j.nme.2025.101904;FALSE
MPG;2025;425,78;10.1016/j.nme.2025.101867;FALSE
MPG;2025;3320,06;10.1016/j.redox.2025.103534;FALSE
MPG;2025;1216,51;10.1016/j.chbr.2025.100602;FALSE
MPG;2025;1934,59;10.1016/j.jmh.2025.100303;FALSE
MPG;2025;425,78;10.1016/j.nme.2025.101916;FALSE
MPG;2021;1058,69;10.12688/f1000research.54864.1;FALSE
MPG;2024;1184,01;10.12688/f1000research.157814.1;FALSE
MPG;2024;1026,06;10.12688/f1000research.134798.1;FALSE
MPG;2024;1392,50;10.12688/f1000research.130443.1;FALSE
MPG;2018;1105,92;10.3389/fnbeh.2018.00306;FALSE
MPG;2018;1105,92;10.3389/fpls.2018.01838;FALSE
MPG;2018;1843,20;10.3389/fpsyg.2018.02542;FALSE
MPG;2018;1105,92;10.3389/fphys.2018.01483;FALSE
MPG;2018;662,40;10.3389/fncom.2018.00086;FALSE
MPG;2018;1843,20;10.3389/fimmu.2018.02417;FALSE
MPG;2018;1843,20;10.3389/fpls.2018.01569;FALSE
MPG;2018;1105,92;10.3389/fnins.2018.00467;FALSE
MPG;2018;662,40;10.3389/fnsys.2018.00055;FALSE
MPG;2018;1105,92;10.3389/frobt.2018.00082;FALSE
MPG;2018;1105,92;10.3389/fnins.2018.00788;FALSE
MPG;2018;887,04;10.3389/fnmol.2018.00240;FALSE
MPG;2018;1474,56;10.3389/fnbeh.2018.00262;FALSE
MPG;2018;1843,20;10.3389/fpsyg.2018.00570;FALSE
MPG;2018;887,04;10.3389/fncel.2018.00186;FALSE
MPG;2018;1105,92;10.3389/feart.2018.00189;FALSE
MPG;2018;1105,92;10.3389/fpsyg.2018.00576;FALSE
MPG;2018;1105,92;10.3389/fncom.2018.00089;FALSE
MPG;2018;1474,56;10.3389/fpls.2018.00538;FALSE
MPG;2018;1105,92;10.3389/fmicb.2018.02673;FALSE
MPG;2018;1843,20;10.3389/fpsyg.2018.02232;FALSE
MPG;2018;1105,92;10.3389/fmicb.2018.00858;FALSE
MPG;2018;1843,20;10.3389/fpsyg.2018.02252;FALSE
MPG;2018;1105,92;10.3389/fphy.2018.00039;FALSE
MPG;2018;1474,56;10.3389/fncir.2018.00036;FALSE
MPG;2018;1843,20;10.3389/fncir.2018.00039;FALSE
MPG;2018;1843,20;10.3389/fevo.2018.00060;FALSE
MPG;2018;1105,92;10.3389/fnins.2018.00315;FALSE
MPG;2018;887,04;10.3389/fncir.2018.00042;FALSE
MPG;2018;1843,20;10.3389/fnmol.2018.00047;FALSE
MPG;2018;1843,20;10.3389/fpsyg.2018.00184;FALSE
MPG;2018;1105,92;10.3389/fevo.2018.00019;FALSE
MPG;2018;1105,92;10.3389/fpsyg.2018.00250;FALSE
MPG;2018;887,04;10.3389/fncel.2018.00057;FALSE
MPG;2018;1843,20;10.3389/fpsyg.2018.00294;FALSE
MPG;2018;1105,92;10.3389/fmicb.2018.00401;FALSE
MPG;2018;1843,20;10.3389/fmicb.2018.01070;FALSE
MPG;2018;1105,92;10.3389/fpls.2018.00702;FALSE
MPG;2018;662,40;10.3389/fnins.2018.00359;FALSE
MPG;2018;1105,92;10.3389/fmats.2018.00030;FALSE
MPG;2018;1474,56;10.3389/fnmol.2018.00199;FALSE
MPG;2018;1843,20;10.3389/frobt.2018.00067;FALSE
MPG;2018;1105,92;10.3389/fpls.2018.00787;FALSE
MPG;2018;1474,56;10.3389/fnhum.2018.00240;FALSE
MPG;2018;887,04;10.3389/fnhum.2018.00239;FALSE
MPG;2018;1843,20;10.3389/fpsyg.2018.01284;FALSE
MPG;2018;887,04;10.3389/fnhum.2018.00244;FALSE
MPG;2018;1843,20;10.3389/fnmol.2018.00259;FALSE
MPG;2018;1474,56;10.3389/fimmu.2018.01346;FALSE
MPG;2018;1105,92;10.3389/fphys.2018.01022;FALSE
MPG;2018;1843,20;10.3389/fevo.2018.00085;FALSE
MPG;2018;1105,92;10.3389/fncel.2018.00231;FALSE
MPG;2018;1843,20;10.3389/fpsyg.2018.01374;FALSE
MPG;2018;1843,20;10.3389/fict.2018.00018;FALSE
MPG;2018;1843,20;10.3389/fnagi.2018.00247;FALSE
MPG;2018;1474,56;10.3389/fpls.2017.02152;FALSE
MPG;2018;887,04;10.3389/fimmu.2017.01895;FALSE
MPG;2018;1105,92;10.3389/fpsyg.2017.02312;FALSE
MPG;2018;1105,92;10.3389/fnins.2017.00742;FALSE
MPG;2018;1843,20;10.3389/fbioe.2018.00025;FALSE
MPG;2018;662,40;10.3389/fncel.2018.00086;FALSE
MPG;2018;1843,20;10.3389/fncel.2018.00156;FALSE
MPG;2018;1105,92;10.3389/fnhum.2018.00105;FALSE
MPG;2018;662,40;10.3389/fncel.2018.00094;FALSE
MPG;2018;1843,20;10.3389/fpsyg.2018.01679;FALSE
MPG;2018;1843,20;10.3389/fmicb.2018.00680;FALSE
MPG;2018;662,40;10.3389/fimmu.2018.02067;FALSE
MPG;2018;1843,20;10.3389/fpsyg.2018.00525;FALSE
MPG;2018;887,04;10.3389/fgene.2018.00382;FALSE
MPG;2018;1105,92;10.3389/frobt.2018.00109;FALSE
MPG;2018;1843,20;10.3389/fnagi.2018.00011;FALSE
MPG;2018;1105,92;10.3389/fpsyg.2018.01747;FALSE
MPG;2018;1105,92;10.3389/fpsyg.2018.00036;FALSE
MPG;2018;1105,92;10.3389/fneur.2018.00783;FALSE
MPG;2018;662,40;10.3389/fnins.2018.00020;FALSE
MPG;2018;887,04;10.3389/fpls.2018.01389;FALSE
MPG;2018;662,40;10.3389/fphys.2018.00049;FALSE
MPG;2018;1105,92;10.3389/fpls.2018.00145;FALSE
MPG;2018;1843,20;10.3389/fnhum.2018.00034;FALSE
MPG;2018;1105,92;10.3389/fphy.2018.00008;FALSE
MPG;2018;1105,92;10.3389/fmicb.2018.00251;FALSE
MPG;2018;1843,20;10.3389/feart.2018.00138;FALSE
MPG;2018;1843,20;10.3389/fpls.2018.01412;FALSE
MPG;2018;887,04;10.3389/fpls.2018.01416;FALSE
MPG;2018;1105,92;10.3389/fpls.2018.01423;FALSE
MPG;2018;662,40;10.3389/fcell.2018.00124;FALSE
MPG;2018;662,40;10.3389/fpsyg.2018.01355;FALSE
MPG;2018;1843,20;10.3389/fpsyg.2018.01873;FALSE
MPG;2018;1105,92;10.3389/fphys.2018.01651;FALSE
MPG;2018;1843,20;10.3389/fnmol.2018.00366;FALSE
MPG;2018;1843,20;10.3389/fpls.2018.01733;FALSE
MPG;2018;1105,92;10.3389/fchem.2018.00480;FALSE
MPG;2018;1843,20;10.3389/fnins.2018.00881;FALSE
MPG;2018;1843,20;10.3389/fninf.2018.00072;FALSE
MPG;2018;1843,20;10.3389/fpls.2018.01754;FALSE
MPG;2018;1105,92;10.3389/fgene.2018.00484;FALSE
MPG;2018;1105,92;10.3389/fendo.2018.00723;FALSE
MPG;2018;1843,20;10.3389/feart.2018.00168;FALSE
MPG;2018;1843,20;10.3389/fnhum.2018.00492;FALSE
MPG;2018;1843,20;10.3389/fmicb.2018.02490;FALSE
MPG;2018;1105,92;10.3389/fncom.2018.00097;FALSE
MPG;2019;662,40;10.3389/fnins.2019.00099;FALSE
MPG;2019;887,04;10.3389/fpls.2019.00172;FALSE
MPG;2019;1105,92;10.3389/fevo.2019.00040;FALSE
MPG;2019;1105,92;10.3389/fpls.2019.00188;FALSE
MPG;2019;1105,92;10.3389/fpls.2019.00208;FALSE
MPG;2019;1843,20;10.3389/fpsyg.2019.00390;FALSE
MPG;2019;1105,92;10.3389/fgene.2019.00132;FALSE
MPG;2019;1105,92;10.3389/fchem.2019.00106;FALSE
MPG;2019;1105,92;10.3389/fpls.2019.00230;FALSE
MPG;2019;1105,92;10.3389/fmicb.2019.00380;FALSE
MPG;2019;1843,20;10.3389/fphys.2019.00207;FALSE
MPG;2019;887,04;10.3389/fphar.2019.00207;FALSE
MPG;2019;662,40;10.3389/fpsyt.2019.00126;FALSE
MPG;2019;1105,92;10.3389/fpls.2019.00283;FALSE
MPG;2019;1105,92;10.3389/fnsys.2019.00009;FALSE
MPG;2019;1843,20;10.3389/fmicb.2019.00496;FALSE
MPG;2019;1105,92;10.3389/fmicb.2019.00523;FALSE
MPG;2019;1105,92;10.3389/fnhum.2019.00102;FALSE
MPG;2019;1843,20;10.3389/fnins.2019.00262;FALSE
MPG;2019;1843,20;10.3389/fevo.2019.00087;FALSE
MPG;2019;1105,92;10.3389/fmicb.2019.00582;FALSE
MPG;2019;1843,20;10.3389/fnhum.2019.00103;FALSE
MPG;2019;1105,92;10.3389/fevo.2019.00093;FALSE
MPG;2019;662,40;10.3389/fevo.2019.00094;FALSE
MPG;2019;662,40;10.3389/fneur.2019.00302;FALSE
MPG;2019;1843,20;10.3389/fpsyg.2019.00685;FALSE
MPG;2019;887,04;10.3389/fimmu.2019.00684;FALSE
MPG;2019;1843,20;10.3389/fphys.2019.00343;FALSE
MPG;2019;887,04;10.3389/fendo.2019.00209;FALSE
MPG;2019;1843,20;10.3389/fmicb.2019.00665;FALSE
MPG;2019;1843,20;10.3389/fevo.2019.00107;FALSE
MPG;2019;1843,20;10.3389/fchem.2019.00215;FALSE
MPG;2019;1105,92;10.3389/fneur.2019.00335;FALSE
MPG;2019;1843,20;10.3389/fevo.2019.00116;FALSE
MPG;2019;662,40;10.3389/fpsyt.2019.00220;FALSE
MPG;2019;1105,92;10.3389/fpls.2019.00454;FALSE
MPG;2019;887,04;10.3389/fnins.2019.00986;FALSE
MPG;2019;1105,92;10.3389/fncom.2019.00070;FALSE
MPG;2019;1105,92;10.3389/fpsyg.2019.02275;FALSE
MPG;2019;1105,92;10.3389/fphy.2019.00122;FALSE
MPG;2019;1105,92;10.3389/fchem.2019.00662;FALSE
MPG;2019;662,40;10.3389/fevo.2019.00403;FALSE
MPG;2019;1105,92;10.3389/fevo.2019.00408;FALSE
MPG;2019;1474,56;10.3389/fncel.2019.00413;FALSE
MPG;2019;1843,20;10.3389/fnagi.2019.00264;FALSE
MPG;2019;1105,92;10.3389/fnagi.2019.00277;FALSE
MPG;2019;1843,20;10.3389/fnins.2019.01146;FALSE
MPG;2019;1843,20;10.3389/fpls.2019.01441;FALSE
MPG;2019;1105,92;10.3389/fmicb.2019.02533;FALSE
MPG;2019;662,40;10.3389/fnhum.2019.00397;FALSE
MPG;2019;1105,92;10.3389/fnhum.2019.00398;FALSE
MPG;2019;1843,20;10.3389/feart.2019.00310;FALSE
MPG;2019;1843,20;10.3389/fpsyg.2019.02646;FALSE
MPG;2019;1843,20;10.3389/fphys.2019.01474;FALSE
MPG;2019;1105,92;10.3389/fspas.2019.00072;FALSE
MPG;2019;1843,20;10.3389/fphys.2019.00012;FALSE
MPG;2019;1474,56;10.3389/fimmu.2019.00089;FALSE
MPG;2019;1105,92;10.3389/fmicb.2019.00051;FALSE
MPG;2019;1105,92;10.3389/fpsyg.2019.00138;FALSE
MPG;2019;1843,20;10.3389/fevo.2019.00016;FALSE
MPG;2019;1105,92;10.3389/fpls.2019.00106;FALSE
MPG;2019;662,40;10.3389/fnana.2019.00013;FALSE
MPG;2019;887,04;10.3389/fnins.2019.00523;FALSE
MPG;2019;1105,92;10.3389/fevo.2019.00183;FALSE
MPG;2019;662,40;10.3389/fcell.2019.00090;FALSE
MPG;2019;1105,92;10.3389/fncel.2019.00239;FALSE
MPG;2019;1105,92;10.3389/feart.2019.00132;FALSE
MPG;2019;1843,20;10.3389/fimmu.2019.01236;FALSE
MPG;2019;1105,92;10.3389/fevo.2019.00200;FALSE
MPG;2019;1843,20;10.3389/fphys.2019.00685;FALSE
MPG;2019;1843,20;10.3389/fmed.2019.00123;FALSE
MPG;2019;1105,92;10.3389/fnins.2019.00567;FALSE
MPG;2019;1843,20;10.3389/fnagi.2019.00138;FALSE
MPG;2019;1105,92;10.3389/fphy.2019.00076;FALSE
MPG;2019;662,40;10.3389/fphys.2019.00851;FALSE
MPG;2019;1843,20;10.3389/fmicb.2019.01565;FALSE
MPG;2019;887,04;10.3389/fncel.2019.00305;FALSE
MPG;2019;1105,92;10.3389/fnbot.2019.00051;FALSE
MPG;2019;1843,20;10.3389/fchem.2019.00490;FALSE
MPG;2019;1105,92;10.3389/fpls.2019.00822;FALSE
MPG;2019;1105,92;10.3389/fgene.2019.00682;FALSE
MPG;2019;887,04;10.3389/fcell.2019.00129;FALSE
MPG;2019;1843,20;10.3389/fnagi.2019.00183;FALSE
MPG;2019;1474,56;10.3389/fevo.2019.00281;FALSE
MPG;2019;1105,92;10.3389/fams.2019.00037;FALSE
MPG;2019;1105,92;10.3389/fendo.2019.00509;FALSE
MPG;2019;1105,92;10.3389/fncir.2019.00050;FALSE
MPG;2019;1105,92;10.3389/fnagi.2019.00202;FALSE
MPG;2019;1105,92;10.3389/fnbot.2019.00064;FALSE
MPG;2019;1843,20;10.3389/fevo.2019.00298;FALSE
MPG;2019;1105,92;10.3389/fnins.2019.00833;FALSE
MPG;2019;1474,56;10.3389/fnhum.2019.00281;FALSE
MPG;2019;1843,20;10.3389/fmicb.2019.01883;FALSE
MPG;2019;1474,56;10.3389/fmicb.2018.03124;FALSE
MPG;2019;1843,20;10.3389/ffgc.2018.00012;FALSE
MPG;2019;1105,92;10.3389/fnhum.2019.00285;FALSE
MPG;2019;1843,20;10.3389/fnins.2018.00979;FALSE
MPG;2019;1105,92;10.3389/fpsyg.2019.01915;FALSE
MPG;2019;1843,20;10.3389/fimmu.2018.03174;FALSE
MPG;2019;1105,92;10.3389/fmolb.2019.00078;FALSE
MPG;2019;1105,92;10.3389/fnint.2019.00050;FALSE
MPG;2019;1843,20;10.3389/fdata.2019.00031;FALSE
MPG;2019;1105,92;10.3389/fmicb.2019.02128;FALSE
MPG;2019;887,04;10.3389/fnins.2018.00468;FALSE
MPG;2019;1105,92;10.3389/fspas.2019.00029;FALSE
MPG;2019;1105,92;10.3389/fpsyt.2019.00277;FALSE
MPG;2019;1843,20;10.3389/frobt.2019.00033;FALSE
MPG;2019;1843,20;10.3389/fncom.2019.00027;FALSE
MPG;2019;1105,92;10.3389/feart.2019.00099;FALSE
MPG;2019;887,04;10.3389/fncir.2019.00034;FALSE
MPG;2019;1843,20;10.3389/fpls.2019.00617;FALSE
MPG;2019;662,40;10.3389/fpsyt.2019.00337;FALSE
MPG;2020;1082,88;10.3389/fchem.2020.00793;FALSE
MPG;2020;1082,88;10.3389/fpsyg.2020.01818;FALSE
MPG;2020;868,56;10.3389/fpsyg.2020.01876;FALSE
MPG;2020;1082,88;10.3389/fpls.2020.01118;FALSE
MPG;2020;1082,88;10.3389/fncel.2020.00239;FALSE
MPG;2020;1082,88;10.3389/frobt.2020.00110;FALSE
MPG;2020;1082,88;10.3389/fchem.2020.00757;FALSE
MPG;2020;868,56;10.3389/fpls.2020.01210;FALSE
MPG;2020;1082,88;10.3389/ffgc.2020.00099;FALSE
MPG;2020;1804,80;10.3389/feart.2020.00353;FALSE
MPG;2020;648,60;10.3389/fpsyg.2020.02127;FALSE
MPG;2020;1082,88;10.3389/fnhum.2020.00366;FALSE
MPG;2020;1843,20;10.3389/fpsyt.2020.00518;FALSE
MPG;2020;1443,84;10.3389/fimmu.2020.02165;FALSE
MPG;2020;1843,20;10.3389/fpsyt.2020.00496;FALSE
MPG;2020;1804,80;10.3389/fnbeh.2020.569899;FALSE
MPG;2020;662,40;10.3389/fcell.2020.00391;FALSE
MPG;2020;648,60;10.3389/frsus.2020.567211;FALSE
MPG;2020;662,40;10.3389/fcomp.2020.00005;FALSE
MPG;2020;1443,84;10.3389/fpsyg.2020.570189;FALSE
MPG;2020;1082,88;10.3389/fpls.2020.536507;FALSE
MPG;2020;868,56;10.3389/feduc.2020.533998;FALSE
MPG;2020;1804,80;10.3389/fpsyg.2020.525301;FALSE
MPG;2020;541,44;10.3389/fenrg.2020.549298;FALSE
MPG;2020;1105,92;10.3389/fmicb.2020.00269;FALSE
MPG;2020;1474,56;10.3389/fmars.2020.00118;FALSE
MPG;2020;1843,20;10.3389/fpsyg.2020.00351;FALSE
MPG;2020;662,40;10.3389/fonc.2020.00324;FALSE
MPG;2020;648,60;10.3389/fcell.2020.620735;FALSE
MPG;2020;868,56;10.3389/fams.2020.616584;FALSE
MPG;2020;868,56;10.3389/fphy.2020.552354;FALSE
MPG;2020;1082,88;10.3389/fpsyg.2020.588948;FALSE
MPG;2020;1082,88;10.3389/fmicb.2020.619430;FALSE
MPG;2020;1082,88;10.3389/fphys.2020.614565;FALSE
MPG;2020;1082,88;10.3389/fenrg.2020.613092;FALSE
MPG;2020;1804,80;10.3389/fpsyg.2020.568064;FALSE
MPG;2020;1082,88;10.3389/fmicb.2020.635786;FALSE
MPG;2020;1804,80;10.3389/fnagi.2020.550416;FALSE
MPG;2020;1804,80;10.3389/fpsyg.2020.586819;FALSE
MPG;2020;1082,88;10.3389/fcell.2020.590158;FALSE
MPG;2020;1804,80;10.3389/fmolb.2020.578137;FALSE
MPG;2020;1082,88;10.3389/fbioe.2020.597950;FALSE
MPG;2020;1804,80;10.3389/fpsyg.2020.578979;FALSE
MPG;2020;1804,80;10.3389/fpsyg.2020.593671;FALSE
MPG;2020;1804,80;10.3389/fmicb.2020.583010;FALSE
MPG;2020;1082,88;10.3389/frma.2020.586992;FALSE
MPG;2020;1804,80;10.3389/fpsyg.2020.567133;FALSE
MPG;2020;1804,80;10.3389/fpsyg.2020.570895;FALSE
MPG;2020;1804,80;10.3389/fpls.2020.581675;FALSE
MPG;2020;868,56;10.3389/fpls.2020.595792;FALSE
MPG;2020;648,60;10.3389/feart.2020.561207;FALSE
MPG;2020;1804,80;10.3389/fbioe.2020.558880;FALSE
MPG;2020;1804,80;10.3389/fpls.2020.546295;FALSE
MPG;2020;1082,88;10.3389/fpls.2020.583275;FALSE
MPG;2020;1082,88;10.3389/fbioe.2020.588922;FALSE
MPG;2020;1082,88;10.3389/ffgc.2020.543112;FALSE
MPG;2020;1082,88;10.3389/fmars.2020.579959;FALSE
MPG;2020;1105,92;10.3389/fpsyg.2020.00186;FALSE
MPG;2020;887,04;10.3389/fpsyt.2020.00200;FALSE
MPG;2020;1105,92;10.3389/fnins.2020.00235;FALSE
MPG;2020;1105,92;10.3389/fphar.2020.00411;FALSE
MPG;2020;662,40;10.3389/fmicb.2020.00626;FALSE
MPG;2020;1843,20;10.3389/fmicb.2020.00636;FALSE
MPG;2020;1843,20;10.3389/fncel.2020.00086;FALSE
MPG;2020;1843,20;10.3389/fnint.2020.00019;FALSE
MPG;2020;1843,20;10.3389/feart.2020.00158;FALSE
MPG;2020;1474,56;10.3389/fphys.2020.00429;FALSE
MPG;2020;887,04;10.3389/fchem.2020.00536;FALSE
MPG;2020;1105,92;10.3389/fphys.2020.00464;FALSE
MPG;2020;1105,92;10.3389/fncom.2020.00062;FALSE
MPG;2020;662,40;10.3389/fnagi.2020.00133;FALSE
MPG;2020;1843,20;10.3389/fevo.2020.00131;FALSE
MPG;2020;1105,92;10.3389/fphar.2020.00686;FALSE
MPG;2020;1474,56;10.3389/fnbeh.2020.00115;FALSE
MPG;2020;1843,20;10.3389/feart.2020.00168;FALSE
MPG;2020;1105,92;10.3389/fspas.2020.00045;FALSE
MPG;2020;552,96;10.3389/fenrg.2020.00161;FALSE
MPG;2020;1105,92;10.3389/fpsyg.2019.01543;FALSE
MPG;2020;1843,20;10.3389/fpls.2020.01046;FALSE
MPG;2020;1105,92;10.3389/fnhum.2019.00308;FALSE
MPG;2020;1843,20;10.3389/fvets.2020.00485;FALSE
MPG;2020;1105,92;10.3389/fchem.2019.00710;FALSE
MPG;2020;887,04;10.3389/fpls.2020.01071;FALSE
MPG;2020;1105,92;10.3389/fncel.2019.00558;FALSE
MPG;2020;1105,92;10.3389/fspas.2020.00040;FALSE
MPG;2020;1105,92;10.3389/fnbot.2019.00116;FALSE
MPG;2020;1474,56;10.3389/fpls.2020.00948;FALSE
MPG;2020;1105,92;10.3389/fpsyg.2019.03056;FALSE
MPG;2020;188,12;10.3389/fspas.2019.00064;FALSE
MPG;2020;1843,20;10.3389/feart.2019.00296;FALSE
MPG;2020;1105,92;10.3389/fnins.2020.00082;FALSE
MPG;2020;1843,20;10.3389/fnbeh.2020.00015;FALSE
MPG;2020;1843,20;10.3389/feart.2020.00020;FALSE
MPG;2020;1105,92;10.3389/fchem.2020.00090;FALSE
MPG;2020;1105,92;10.3389/fspas.2020.00003;FALSE
MPG;2020;1843,20;10.3389/fmicb.2020.00233;FALSE
MPG;2020;1082,88;10.3389/fnhum.2020.586998;FALSE
MPG;2020;1804,80;10.3389/fpls.2020.578204;FALSE
MPG;2020;1804,80;10.3389/fbioe.2020.586534;FALSE
MPG;2020;1082,88;10.3389/fphy.2020.527734;FALSE
MPG;2020;648,60;10.3389/fpsyt.2020.517372;FALSE
MPG;2020;1082,88;10.3389/fpsyg.2020.576580;FALSE
MPG;2020;1804,80;10.3389/frvir.2020.611091;FALSE
MPG;2020;868,56;10.3389/fmicb.2020.583158;FALSE
MPG;2020;1082,88;10.3389/fpsyg.2020.589096;FALSE
MPG;2020;648,60;10.3389/fcomm.2020.601168;FALSE
MPG;2020;1082,88;10.3389/fchem.2020.00663;FALSE
MPG;2020;648,60;10.3389/fchem.2020.00706;FALSE
MPG;2021;1843,20;10.3389/fimmu.2021.668487;FALSE
MPG;2021;1105,92;10.3389/fcell.2021.720490;FALSE
MPG;2021;1843,20;10.3389/fphy.2021.668283;FALSE
MPG;2021;1105,92;10.3389/fcell.2021.708318;FALSE
MPG;2021;1105,92;10.3389/feart.2021.657179;FALSE
MPG;2021;1843,20;10.3389/fcell.2021.700276;FALSE
MPG;2021;0,00;10.3389/fpsyg.2021.640548;FALSE
MPG;2021;1843,20;10.3389/fbioe.2021.699025;FALSE
MPG;2021;1105,92;10.3389/frobt.2021.645748;FALSE
MPG;2021;1105,92;10.3389/fenrg.2021.720489;FALSE
MPG;2021;1105,92;10.3389/fgene.2021.660899;FALSE
MPG;2021;1105,92;10.3389/fimmu.2021.694680;FALSE
MPG;2021;1105,92;10.3389/fnana.2021.725731;FALSE
MPG;2021;1105,92;10.3389/fnins.2021.612639;FALSE
MPG;2021;1843,20;10.3389/fpsyg.2021.645266;FALSE
MPG;2021;0,00;10.3389/fpsyg.2021.735849;FALSE
MPG;2021;662,40;10.3389/fpsyg.2021.680882;FALSE
MPG;2021;1843,20;10.3389/fpsyg.2021.693124;FALSE
MPG;2021;1105,92;10.3389/fpsyg.2021.624689;FALSE
MPG;2021;1105,92;10.3389/fphy.2021.709651;FALSE
MPG;2021;1105,92;10.3389/fninf.2021.679838;FALSE
MPG;2021;1105,92;10.3389/fragi.2021.707372;FALSE
MPG;2021;908,35;10.3389/fhumd.2021.594214;FALSE
MPG;2021;887,04;10.3389/fnins.2021.722366;FALSE
MPG;2021;1105,92;10.3389/fpsyg.2021.661022;FALSE
MPG;2021;1105,92;10.3389/fpsyg.2021.711289;FALSE
MPG;2021;1105,92;10.3389/fmicb.2021.750124;FALSE
MPG;2021;1474,56;10.3389/fphys.2021.639149;FALSE
MPG;2021;662,40;10.3389/fcell.2021.661113;FALSE
MPG;2021;1105,92;10.3389/fmicb.2021.658803;FALSE
MPG;2021;1843,20;10.3389/fpls.2021.645030;FALSE
MPG;2021;1105,92;10.3389/fbioe.2021.669093;FALSE
MPG;2021;1843,20;10.3389/fcell.2021.639162;FALSE
MPG;2021;1105,92;10.3389/fcell.2021.676911;FALSE
MPG;2021;1105,92;10.3389/fpsyg.2021.652673;FALSE
MPG;2021;1843,20;10.3389/fpls.2021.671286;FALSE
MPG;2021;1105,92;10.3389/fmats.2021.772200;FALSE
MPG;2021;1105,92;10.3389/fgene.2021.641620;FALSE
MPG;2021;887,04;10.3389/fchem.2021.766932;FALSE
MPG;2021;1105,92;10.3389/fmolb.2021.668821;FALSE
MPG;2021;1474,56;10.3389/fnagi.2021.731603;FALSE
MPG;2021;887,04;10.3389/fmicb.2021.685224;FALSE
MPG;2021;1105,92;10.3389/fmolb.2021.754654;FALSE
MPG;2021;1843,20;10.3389/fpls.2021.660430;FALSE
MPG;2021;1105,92;10.3389/fmolb.2021.784318;FALSE
MPG;2021;1105,92;10.3389/fmolb.2021.624264;FALSE
MPG;2021;662,40;10.3389/fchem.2021.772059;FALSE
MPG;2021;1843,20;10.3389/fnins.2021.680530;FALSE
MPG;2021;1105,92;10.3389/feart.2021.769107;FALSE
MPG;2021;1105,92;10.3389/fclim.2021.624075;FALSE
MPG;2021;1105,92;10.3389/fevo.2021.680463;FALSE
MPG;2021;1105,92;10.3389/fnhum.2021.681904;FALSE
MPG;2021;1105,92;10.3389/fpsyg.2021.648200;FALSE
MPG;2021;908,35;10.3389/fcomm.2021.652690;FALSE
MPG;2021;1843,20;10.3389/feart.2021.681931;FALSE
MPG;2021;1105,92;10.3389/fmicb.2021.712538;FALSE
MPG;2021;1843,20;10.3389/fphys.2021.691633;FALSE
MPG;2021;1105,92;10.3389/fnmol.2021.715054;FALSE
MPG;2021;1843,20;10.3389/feart.2021.613395;FALSE
MPG;2021;1105,92;10.3389/fmars.2021.695100;FALSE
MPG;2021;1105,92;10.3389/fnhum.2021.676032;FALSE
MPG;2021;0,00;10.3389/fimmu.2021.679836;FALSE
MPG;2021;1843,20;10.3389/fcell.2020.615759;FALSE
MPG;2021;1843,20;10.3389/fmars.2021.583188;FALSE
MPG;2021;1105,92;10.3389/fevo.2021.583301;FALSE
MPG;2021;1105,92;10.3389/fpls.2021.624365;FALSE
MPG;2021;662,40;10.3389/fcell.2021.625715;FALSE
MPG;2021;1105,92;10.3389/fpls.2021.627258;FALSE
MPG;2021;887,04;10.3389/fpls.2021.637166;FALSE
MPG;2021;1474,56;10.3389/fmicb.2021.637526;FALSE
MPG;2021;1843,20;10.3389/fpsyg.2021.628728;FALSE
MPG;2021;0,00;10.3389/fmolb.2021.770320;FALSE
MPG;2021;1105,92;10.3389/frobt.2021.791722;FALSE
MPG;2021;887,04;10.3389/fpls.2021.758933;FALSE
MPG;2021;1105,92;10.3389/fpsyg.2021.718414;FALSE
MPG;2021;1105,92;10.3389/fchem.2021.800027;FALSE
MPG;2021;1105,92;10.3389/fevo.2021.743014;FALSE
MPG;2021;1843,20;10.3389/fpsyg.2021.736833;FALSE
MPG;2021;1105,92;10.3389/feart.2021.787669;FALSE
MPG;2021;1105,92;10.3389/fnmol.2021.790466;FALSE
MPG;2021;1105,92;10.3389/fnins.2021.764342;FALSE
MPG;2021;1105,92;10.3389/feart.2021.771683;FALSE
MPG;2021;1474,56;10.3389/fvets.2021.789133;FALSE
MPG;2021;1843,20;10.3389/fchem.2021.698067;FALSE
MPG;2021;887,04;10.3389/feart.2021.789291;FALSE
MPG;2021;1105,92;10.3389/fpsyg.2021.782765;FALSE
MPG;2021;662,40;10.3389/fnins.2021.797487;FALSE
MPG;2021;662,40;10.3389/fphy.2021.808683;FALSE
MPG;2021;1105,92;10.3389/fnins.2021.640502;FALSE
MPG;2021;1105,92;10.3389/fmolb.2021.636562;FALSE
MPG;2021;1105,92;10.3389/fncir.2021.644743;FALSE
MPG;2021;1843,20;10.3389/fevo.2021.633634;FALSE
MPG;2021;1843,20;10.3389/fpls.2021.649394;FALSE
MPG;2021;1843,20;10.3389/fnins.2021.632922;FALSE
MPG;2021;1105,92;10.3389/fevo.2021.615899;FALSE
MPG;2021;1843,20;10.3389/fpsyt.2021.730742;FALSE
MPG;2021;946,04;10.3389/fdata.2021.731349;FALSE
MPG;2021;1105,92;10.3389/fchem.2021.746229;FALSE
MPG;2021;887,04;10.3389/fpsyt.2021.665536;FALSE
MPG;2021;1105,92;10.3389/fgene.2021.727314;FALSE
MPG;2021;1105,92;10.3389/fcell.2021.729670;FALSE
MPG;2021;1105,92;10.3389/fmicb.2021.737616;FALSE
MPG;2021;1105,92;10.3389/fnins.2021.755867;FALSE
MPG;2021;1474,56;10.3389/fevo.2021.752695;FALSE
MPG;2021;1105,92;10.3389/fpsyg.2021.666166;FALSE
MPG;2021;887,04;10.3389/fpsyg.2021.731898;FALSE
MPG;2021;1105,92;10.3389/fpsyg.2021.742577;FALSE
MPG;2021;1105,92;10.3389/fimmu.2021.732298;FALSE
MPG;2021;1105,92;10.3389/fpsyg.2020.604904;FALSE
MPG;2021;887,04;10.3389/fgene.2020.571694;FALSE
MPG;2021;1105,92;10.3389/fphys.2020.604754;FALSE
MPG;2021;1105,92;10.3389/fpsyg.2020.608287;FALSE
MPG;2021;1843,20;10.3389/fevo.2020.603677;FALSE
MPG;2021;887,04;10.3389/fnagi.2020.607107;FALSE
MPG;2021;1105,92;10.3389/feart.2021.617662;FALSE
MPG;2021;1843,20;10.3389/fmicb.2021.643730;FALSE
MPG;2021;662,40;10.3389/fpsyg.2021.633100;FALSE
MPG;2021;887,04;10.3389/fpls.2021.637508;FALSE
MPG;2021;1105,92;10.3389/fcell.2021.640169;FALSE
MPG;2021;1105,92;10.3389/fcell.2021.639815;FALSE
MPG;2021;1843,20;10.3389/fnins.2021.608699;FALSE
MPG;2021;1474,56;10.3389/fevo.2021.644019;FALSE
MPG;2021;1105,92;10.3389/fpls.2021.658296;FALSE
MPG;2021;1474,56;10.3389/fpls.2021.656683;FALSE
MPG;2021;1474,56;10.3389/fpsyg.2021.638783;FALSE
MPG;2021;1105,92;10.3389/fimmu.2021.656451;FALSE
MPG;2021;1105,92;10.3389/fpsyg.2021.630115;FALSE
MPG;2021;1105,92;10.3389/fphy.2021.627826;FALSE
MPG;2021;662,40;10.3389/fphys.2021.660906;FALSE
MPG;2021;1843,20;10.3389/fpubh.2021.674597;FALSE
MPG;2021;662,40;10.3389/fpsyt.2021.681903;FALSE
MPG;2021;1105,92;10.3389/fmicb.2021.556268;FALSE
MPG;2021;1105,92;10.3389/fpsyg.2021.664687;FALSE
MPG;2021;0,00;10.3389/fams.2021.641239;FALSE
MPG;2021;1105,92;10.3389/fpsyt.2021.685754;FALSE
MPG;2021;0,00;10.3389/fevo.2021.644497;FALSE
MPG;2021;1843,20;10.3389/fnins.2021.643391;FALSE
MPG;2021;1105,92;10.3389/fpsyg.2021.668300;FALSE
MPG;2022;1843,20;10.3389/fphys.2022.852946;FALSE
MPG;2022;1105,92;10.3389/fnhum.2022.852737;FALSE
MPG;2022;887,04;10.3389/fnhum.2022.848026;FALSE
MPG;2022;1105,92;10.3389/fnagi.2022.846017;FALSE
MPG;2022;1105,92;10.3389/frobt.2022.840335;FALSE
MPG;2022;887,04;10.3389/fnhum.2022.758138;FALSE
MPG;2022;1105,92;10.3389/fphy.2022.836784;FALSE
MPG;2022;1105,92;10.3389/fphy.2022.842578;FALSE
MPG;2022;887,04;10.3389/fnbeh.2022.835680;FALSE
MPG;2022;887,04;10.3389/fncel.2022.839811;FALSE
MPG;2022;1099,58;10.3389/fams.2022.826988;FALSE
MPG;2022;1099,58;10.3389/fclim.2022.844634;FALSE
MPG;2022;662,40;10.3389/fpsyg.2022.824983;FALSE
MPG;2022;1105,92;10.3389/feart.2022.680926;FALSE
MPG;2022;662,40;10.3389/fpsyg.2022.814844;FALSE
MPG;2022;1099,58;10.3389/fcosc.2022.738820;FALSE
MPG;2022;1105,92;10.3389/fchem.2022.809863;FALSE
MPG;2022;1105,92;10.3389/fimmu.2022.820134;FALSE
MPG;2022;1105,92;10.3389/fmicb.2022.740259;FALSE
MPG;2022;1105,92;10.3389/fnhum.2022.825454;FALSE
MPG;2022;1105,92;10.3389/fpls.2022.805738;FALSE
MPG;2022;887,04;10.3389/fevo.2022.791345;FALSE
MPG;2022;1843,20;10.3389/fnbeh.2022.827673;FALSE
MPG;2022;1474,56;10.3389/fimmu.2022.1039803;FALSE
MPG;2022;1105,92;10.3389/fpls.2022.1051107;FALSE
MPG;2022;1105,92;10.3389/fcell.2022.1054476;FALSE
MPG;2022;1843,20;10.3389/fpsyg.2022.917630;FALSE
MPG;2022;1105,92;10.3389/fphy.2022.848624;FALSE
MPG;2022;1105,92;10.3389/fphys.2022.846732;FALSE
MPG;2022;1105,92;10.3389/fphy.2022.842180;FALSE
MPG;2022;1105,92;10.3389/fphar.2022.840478;FALSE
MPG;2022;887,04;10.3389/fmolb.2022.838148;FALSE
MPG;2022;1105,92;10.3389/fphy.2022.834682;FALSE
MPG;2022;1105,92;10.3389/fnut.2022.831696;FALSE
MPG;2022;662,40;10.3389/fnmol.2022.829365;FALSE
MPG;2022;1105,92;10.3389/fmars.2022.813961;FALSE
MPG;2022;887,04;10.3389/fphys.2022.812535;FALSE
MPG;2022;1105,92;10.3389/fpsyt.2022.804763;FALSE
MPG;2022;1843,20;10.3389/fevo.2022.788101;FALSE
MPG;2022;1474,56;10.3389/fnins.2022.779964;FALSE
MPG;2022;1099,58;10.3389/frai.2022.731615;FALSE
MPG;2022;1105,92;10.3389/fphys.2021.750535;FALSE
MPG;2022;662,40;10.3389/fphy.2021.810220;FALSE
MPG;2022;1105,92;10.3389/fgene.2021.812139;FALSE
MPG;2022;887,04;10.3389/fncel.2021.789086;FALSE
MPG;2022;1105,92;10.3389/fnut.2021.720756;FALSE
MPG;2022;1105,92;10.3389/fncel.2021.804649;FALSE
MPG;2022;1105,92;10.3389/fpls.2021.804140;FALSE
MPG;2022;662,40;10.3389/fnsyn.2021.798267;FALSE
MPG;2022;1105,92;10.3389/fpls.2021.803878;FALSE
MPG;2022;1105,92;10.3389/fgene.2021.821543;FALSE
MPG;2022;1105,92;10.3389/fbinf.2021.817254;FALSE
MPG;2022;1105,92;10.3389/fevo.2021.742626;FALSE
MPG;2022;1105,92;10.3389/fragi.2022.944466;FALSE
MPG;2022;662,40;10.3389/fcimb.2022.926541;FALSE
MPG;2022;1843,20;10.3389/fpls.2022.919443;FALSE
MPG;2022;1105,92;10.3389/fnhum.2022.916551;FALSE
MPG;2022;1105,92;10.3389/fsoil.2022.904259;FALSE
MPG;2022;887,04;10.3389/fimmu.2022.903562;FALSE
MPG;2022;1105,92;10.3389/fpsyg.2022.902569;FALSE
MPG;2022;1105,92;10.3389/fphy.2022.896212;FALSE
MPG;2022;1105,92;10.3389/fmolb.2022.895496;FALSE
MPG;2022;1105,92;10.3389/fevo.2022.892752;FALSE
MPG;2022;1105,92;10.3389/fphy.2022.879113;FALSE
MPG;2022;1105,92;10.3389/fgene.2022.872211;FALSE
MPG;2022;1105,92;10.3389/fevo.2022.824641;FALSE
MPG;2022;662,40;10.3389/fpsyg.2022.818471;FALSE
MPG;2022;662,40;10.3389/fnins.2022.793163;FALSE
MPG;2022;887,04;10.3389/fncel.2022.788150;FALSE
MPG;2022;1816,70;10.3389/frvir.2022.697934;FALSE
MPG;2022;1843,20;10.3389/fpsyg.2022.1080755;FALSE
MPG;2022;1105,92;10.3389/fchem.2022.1085463;FALSE
MPG;2022;1105,92;10.3389/fpain.2022.944181;FALSE
MPG;2022;1105,92;10.3389/fpsyg.2022.933344;FALSE
MPG;2022;1105,92;10.3389/fspas.2022.1020748;FALSE
MPG;2022;1105,92;10.3389/fspas.2022.1038949;FALSE
MPG;2022;1105,92;10.3389/fevo.2022.958032;FALSE
MPG;2022;887,04;10.3389/fbioe.2022.994776;FALSE
MPG;2022;900,86;10.3389/fspas.2022.1025368;FALSE
MPG;2022;1105,92;10.3389/fgene.2022.901515;FALSE
MPG;2022;1105,92;10.3389/fphy.2022.1034267;FALSE
MPG;2022;887,04;10.3389/fnetp.2022.1007585;FALSE
MPG;2022;1843,20;10.3389/fnmol.2022.941494;FALSE
MPG;2022;1843,20;10.3389/fpsyg.2022.918688;FALSE
MPG;2022;662,40;10.3389/fevo.2022.916956;FALSE
MPG;2022;662,40;10.3389/fpsyt.2022.915058;FALSE
MPG;2022;1105,92;10.3389/fphy.2022.909365;FALSE
MPG;2022;1105,92;10.3389/fnhum.2022.903407;FALSE
MPG;2022;1105,92;10.3389/fmolb.2022.898627;FALSE
MPG;2022;1105,92;10.3389/fevo.2022.884661;FALSE
MPG;2022;1843,20;10.3389/fevo.2022.865482;FALSE
MPG;2022;887,04;10.3389/fnhum.2022.859731;FALSE
MPG;2022;1105,92;10.3389/fpsyg.2022.822394;FALSE
MPG;2022;1105,92;10.3389/fmolb.2022.871121;FALSE
MPG;2022;1105,92;10.3389/femat.2022.880579;FALSE
MPG;2022;1843,20;10.3389/fpls.2022.892907;FALSE
MPG;2022;1105,92;10.3389/fcell.2022.892922;FALSE
MPG;2022;887,04;10.3389/fnetp.2022.893743;FALSE
MPG;2022;1105,92;10.3389/fphys.2022.897931;FALSE
MPG;2022;1105,92;10.3389/fams.2022.903563;FALSE
MPG;2022;662,40;10.3389/fragi.2022.909509;FALSE
MPG;2022;662,40;10.3389/fevo.2022.801850;FALSE
MPG;2022;1474,56;10.3389/fpsyg.2022.968836;FALSE
MPG;2022;1843,20;10.3389/fevo.2022.951967;FALSE
MPG;2022;1843,20;10.3389/fncom.2022.910735;FALSE
MPG;2022;1105,92;10.3389/fspas.2022.912302;FALSE
MPG;2022;1105,92;10.3389/fnana.2022.1000693;FALSE
MPG;2022;1105,92;10.3389/fpsyg.2022.931905;FALSE
MPG;2022;1105,92;10.3389/fevo.2022.995490;FALSE
MPG;2022;1105,92;10.3389/fnins.2022.1022251;FALSE
MPG;2022;887,04;10.3389/fchem.2022.993085;FALSE
MPG;2022;1105,92;10.3389/feart.2022.982694;FALSE
MPG;2022;1105,92;10.3389/fmicb.2022.988871;FALSE
MPG;2022;662,40;10.3389/fspas.2022.1033542;FALSE
MPG;2022;1105,92;10.3389/fphy.2022.987830;FALSE
MPG;2022;1843,20;10.3389/fnhum.2022.930849;FALSE
MPG;2022;887,04;10.3389/fcell.2022.985831;FALSE
MPG;2022;1105,92;10.3389/fpsyg.2022.966347;FALSE
MPG;2022;887,04;10.3389/fchem.2022.982757;FALSE
MPG;2022;1105,92;10.3389/fbioe.2022.982975;FALSE
MPG;2022;1105,92;10.3389/fnana.2022.945295;FALSE
MPG;2022;1105,92;10.3389/fevo.2022.980351;FALSE
MPG;2022;1105,92;10.3389/fpsyt.2022.937582;FALSE
MPG;2022;1105,92;10.3389/fevo.2022.976521;FALSE
MPG;2022;887,04;10.3389/fnhum.2022.928563;FALSE
MPG;2022;685,44;10.3389/fdata.2022.967477;FALSE
MPG;2022;1843,20;10.3389/frobt.2022.854212;FALSE
MPG;2022;1105,92;10.3389/fpsyg.2022.953008;FALSE
MPG;2022;1105,92;10.3389/fnins.2022.818800 ;FALSE
MPG;2022;1105,92;10.3389/fmicb.2022.950460;FALSE
MPG;2022;1105,92;10.3389/fphy.2022.892812;FALSE
MPG;2022;1105,92;10.3389/feart.2022.786829;FALSE
MPG;2022;1474,56;10.3389/fnagi.2022.935781;FALSE
MPG;2022;1105,92;10.3389/fmolb.2022.883060;FALSE
MPG;2022;1105,92;10.3389/fpsyg.2022.932507;FALSE
MPG;2022;1105,92;10.3389/fams.2022.879140;FALSE
MPG;2022;887,04;10.3389/fcell.2022.932341;FALSE
MPG;2022;662,40;10.3389/fnins.2022.878950;FALSE
MPG;2022;1105,92;10.3389/fnins.2022.928841;FALSE
MPG;2022;1105,92;10.3389/fevo.2022.876596;FALSE
MPG;2022;887,04;10.3389/fnins.2022.809269;FALSE
MPG;2022;662,40;10.3389/fncir.2022.876304;FALSE
MPG;2022;1105,92;10.3389/fphys.2022.874527;FALSE
MPG;2022;1105,92;10.3389/fcell.2022.871789;FALSE
MPG;2022;1105,92;10.3389/fpls.2022.862079;FALSE
MPG;2023;1105,92;10.3389/fmicb.2023.1232946;FALSE
MPG;2023;1105,92;10.3389/fnins.2023.1213265;FALSE
MPG;2023;1474,56;10.3389/fmicb.2023.1199370;FALSE
MPG;2023;887,04;10.3389/fnetp.2023.1172454;FALSE
MPG;2023;1474,56;10.3389/fnint.2023.1299087;FALSE
MPG;2023;1105,92;10.3389/fevo.2023.1158887;FALSE
MPG;2023;678,97;10.3389/frhem.2023.1328503;FALSE
MPG;2023;909,22;10.3389/fphy.2023.1335285;FALSE
MPG;2023;1105,92;10.3389/fmicb.2023.1179204;FALSE
MPG;2023;1105,92;10.3389/fevo.2023.1176278;FALSE
MPG;2023;1843,20;10.3389/fnana.2023.1168523;FALSE
MPG;2023;887,04;10.3389/fevo.2023.1150532;FALSE
MPG;2023;887,04;10.3389/fcimb.2023.1166077;FALSE
MPG;2023;1105,92;10.3389/fphar.2023.1148190;FALSE
MPG;2023;1843,20;10.3389/fevo.2023.1152489;FALSE
MPG;2023;1843,20;10.3389/fendo.2023.1130203;FALSE
MPG;2023;887,04;10.3389/feart.2023.1133281;FALSE
MPG;2023;887,04;10.3389/fmicb.2023.1095621;FALSE
MPG;2023;1105,92;10.3389/fearc.2023.1080785;FALSE
MPG;2023;1133,57;10.3389/fnins.2023.1306166;FALSE
MPG;2023;662,40;10.3389/falgy.2023.1303943;FALSE
MPG;2023;1843,20;10.3389/feart.2023.1302419;FALSE
MPG;2023;1105,92;10.3389/fimmu.2023.1281646;FALSE
MPG;2023;1105,92;10.3389/fnins.2023.1281098;FALSE
MPG;2023;887,04;10.3389/frobt.2023.1271610;FALSE
MPG;2023;214,78;10.3389/fearc.2023.1208985;FALSE
MPG;2023;1105,92;10.3389/frobt.2023.1155837;FALSE
MPG;2023;1843,20;10.3389/fphy.2023.1089114;FALSE
MPG;2023;662,40;10.3389/fpsyg.2023.1068229;FALSE
MPG;2023;662,40;10.3389/fcell.2023.1132696;FALSE
MPG;2023;1843,20;10.3389/fevo.2023.1111484;FALSE
MPG;2023;1843,20;10.3389/falgy.2023.1066392;FALSE
MPG;2023;1105,92;10.3389/fevo.2023.982443;FALSE
MPG;2023;1105,92;10.3389/fbioe.2023.1091899;FALSE
MPG;2023;887,04;10.3389/fmicb.2023.1075557;FALSE
MPG;2023;1105,92;10.3389/fchem.2023.1248456;FALSE
MPG;2023;887,04;10.3389/fphy.2023.1209505;FALSE
MPG;2023;1843,20;10.3389/fevo.2023.1207480;FALSE
MPG;2023;887,04;10.3389/fphys.2023.1195502;FALSE
MPG;2023;1843,20;10.3389/fnins.2023.1163462;FALSE
MPG;2023;887,04;10.3389/fncel.2023.1130091;FALSE
MPG;2023;1843,20;10.3389/fnins.2023.1116002;FALSE
MPG;2023;1105,92;10.3389/fmars.2023.1051510;FALSE
MPG;2023;1474,56;10.3389/fmicb.2023.1205257;FALSE
MPG;2023;1843,20;10.3389/fgene.2023.1197206;FALSE
MPG;2023;1843,20;10.3389/fgene.2023.1184015;FALSE
MPG;2023;887,04;10.3389/fncel.2023.1180798;FALSE
MPG;2023;1105,92;10.3389/fpls.2023.1178239;FALSE
MPG;2023;662,40;10.3389/fspas.2023.1176740;FALSE
MPG;2023;1105,92;10.3389/fevo.2023.1175205;FALSE
MPG;2023;887,04;10.3389/fpsyt.2023.1160075;FALSE
MPG;2023;1105,92;10.3389/fpsyg.2023.1156540;FALSE
MPG;2023;1105,92;10.3389/frans.2023.1154391;FALSE
MPG;2023;1105,92;10.3389/fnetp.2023.1085347;FALSE
MPG;2023;1843,20;10.3389/fpsyg.2023.1062146;FALSE
MPG;2023;1105,92;10.3389/fimmu.2023.1298004;FALSE
MPG;2023;662,40;10.3389/fphar.2023.1297596;FALSE
MPG;2023;887,04;10.3389/fmicb.2023.1281628;FALSE
MPG;2023;43,78;10.3389/fimmu.2023.1273938;FALSE
MPG;2023;1105,92;10.3389/fchem.2023.1259016;FALSE
MPG;2023;1105,92;10.3389/fagro.2023.1216520;FALSE
MPG;2023;1474,56;10.3389/fmolb.2023.1266431;FALSE
MPG;2023;1105,92;10.3389/fpsyg.2023.1215370;FALSE
MPG;2023;662,40;10.3389/fphys.2023.1250798;FALSE
MPG;2023;887,04;10.3389/fimmu.2023.1212551;FALSE
MPG;2023;662,40;10.3389/fpsyg.2023.1236853;FALSE
MPG;2023;1105,92;10.3389/fspas.2023.1176325;FALSE
MPG;2023;1843,20;10.3389/fmicb.2023.1279865;FALSE
MPG;2023;1474,56;10.3389/fmicb.2023.1274068;FALSE
MPG;2023;1474,56;10.3389/fnins.2023.1236876;FALSE
MPG;2023;662,40;10.3389/frbhe.2023.1232462;FALSE
MPG;2023;1474,56;10.3389/fmars.2023.1216442;FALSE
MPG;2023;1843,20;10.3389/fpls.2023.1150956;FALSE
MPG;2023;1105,62;10.3389/fnhum.2023.1147352;FALSE
MPG;2023;662,40;10.3389/frobt.2023.1145798;FALSE
MPG;2023;887,04;10.3389/fnins.2023.1133086;FALSE
MPG;2023;887,04;10.3389/fpsyg.2022.1087517;FALSE
MPG;2023;887,04;10.3389/frans.2022.1051955;FALSE
MPG;2024;1133,57;10.3389/fpsyg.2024.1323700;FALSE
MPG;2024;1133,57;10.3389/fphy.2024.1321164;FALSE
MPG;2024;1889,28;10.3389/fpsyg.2023.1305562;FALSE
MPG;2024;1105,92;10.3389/fams.2023.1266739;FALSE
MPG;2024;887,04;10.3389/fams.2024.1221051;FALSE
MPG;2024;909,22;10.3389/fearc.2024.1458040;FALSE
MPG;2024;1511,42;10.3389/fpls.2024.1330927;FALSE
MPG;2024;1511,42;10.3389/fpls.2024.1518369;FALSE
MPG;2024;1133,57;10.3389/fpsyg.2024.1468782;FALSE
MPG;2024;1133,57;10.3389/fpls.2024.1522606;FALSE
MPG;2024;1133,57;10.3389/fcell.2024.1519831;FALSE
MPG;2024;1133,57;10.3389/fbioe.2024.1496117;FALSE
MPG;2024;1889,28;10.3389/fimmu.2024.1480152;FALSE
MPG;2024;1133,57;10.3389/fcimb.2024.1480076;FALSE
MPG;2024;1889,28;10.3389/fevo.2024.1476254;FALSE
MPG;2024;1133,57;10.3389/fmats.2024.1470878;FALSE
MPG;2024;1889,28;10.3389/feart.2024.1458322;FALSE
MPG;2024;1889,28;10.3389/fendo.2024.1448107;FALSE
MPG;2024;678,97;10.3389/fdpys.2024.1367381;FALSE
MPG;2024;1105,92;10.3389/fpsyg.2024.1300996;FALSE
MPG;2024;1105,92;10.3389/fnins.2024.1286991;FALSE
MPG;2024;1133,57;10.3389/fmamm.2024.1399358;FALSE
MPG;2024;678,96;10.3389/fimmu.2024.1393324;FALSE
MPG;2024;1889,28;10.3389/fspas.2024.1394741;FALSE
MPG;2024;457,92;10.3389/fspas.2024.1371101;FALSE
MPG;2024;678,97;10.3389/fpsyt.2024.1388264;FALSE
MPG;2024;678,96;10.3389/fpls.2024.1369543;FALSE
MPG;2024;1889,28;10.3389/frobt.2024.1355205;FALSE
MPG;2024;1133,57;10.3389/fpsyg.2024.1360191;FALSE
MPG;2024;1133,57;10.3389/fpsyg.2024.1354392;FALSE
MPG;2024;909,22;10.3389/fpls.2024.1352830;FALSE
MPG;2024;1843,20;10.3389/fpsyg.2024.1270114;FALSE
MPG;2024;1511,42;10.3389/feart.2024.1352099;FALSE
MPG;2024;1889,28;10.3389/fphys.2024.1348993;FALSE
MPG;2024;909,22;10.3389/fpsyg.2024.1321614;FALSE
MPG;2024;1133,57;10.3389/fcosc.2023.1298850;FALSE
MPG;2024;1133,57;10.3389/fpsyg.2024.1438581;FALSE
MPG;2024;678,96;10.3389/fnmol.2024.1426410;FALSE
MPG;2024;1511,42;10.3389/frans.2024.1425190;FALSE
MPG;2024;1889,28;10.3389/fnhum.2024.1401895;FALSE
MPG;2024;678,96;10.3389/falgy.2024.1426816;FALSE
MPG;2024;1133,57;10.3389/fpsyg.2024.1399995;FALSE
MPG;2024;1133,57;10.3389/fcell.2024.1393237;FALSE
MPG;2024;1889,28;10.3389/fmicb.2024.1393588;FALSE
MPG;2024;678,97;10.3389/fcvm.2024.1384996;FALSE
MPG;2024;1105,92;10.3389/fendo.2024.1277929;FALSE
MPG;2024;1889,28;10.3389/fmolb.2024.1471100;FALSE
MPG;2024;1133,57;10.3389/feart.2024.1470577;FALSE
MPG;2024;909,22;10.3389/fnhum.2024.1416667;FALSE
MPG;2024;1511,42;10.3389/frfst.2024.1466604;FALSE
MPG;2024;1133,57;10.3389/feduc.2024.1411660;FALSE
MPG;2024;1889,28;10.3389/fpara.2024.1461641;FALSE
MPG;2024;678,96;10.3389/fcosc.2024.1402500;FALSE
MPG;2024;1889,28;10.3389/fmats.2024.1461579;FALSE
MPG;2024;1889,28;10.3389/fearc.2024.1461150 ;FALSE
MPG;2024;1133,57;10.3389/fphy.2024.1399287;FALSE
MPG;2024;1133,57;10.3389/fearc.2024.1450968;FALSE
MPG;2024;678,97;10.3389/fncel.2024.1471192;FALSE
MPG;2024;1889,28;10.3389/fbioe.2024.1395659;FALSE
MPG;2024;1133,57;10.3389/fmicb.2024.1434301;FALSE
MPG;2024;1133,57;10.3389/fphy.2024.1433895;FALSE
MPG;2024;909,22;10.3389/fnins.2024.1421026;FALSE
MPG;2024;1133,57;10.3389/fspas.2024.1386305;FALSE
MPG;2024;909,22;10.3389/fmicb.2024.1422844;FALSE
MPG;2024;1511,42;10.3389/fmicb.2024.1367127;FALSE
MPG;2024;1133,57;10.3389/fimmu.2024.1355012;FALSE
MPG;2024;679,00;10.3389/fevo.2024.1351400;FALSE
MPG;2024;1133,57;10.3389/fcell.2024.1344734;FALSE
MPG;2025;1133,57;10.3389/fcell.2025.1667437;FALSE
MPG;2025;1889,28;10.3389/fpls.2025.1561316;FALSE
MPG;2025;1133,57;10.3389/fncel.2025.1590002;FALSE
MPG;2025;1889,28;10.3389/fcell.2025.1603517;FALSE
MPG;2025;909,22;10.3389/fnagi.2025.1715045;FALSE
MPG;2025;1133,57;10.3389/fchem.2025.1720662;FALSE
MPG;2025;1889,28;10.3389/fpls.2025.1711338;FALSE
MPG;2025;1133,57;10.3389/fimmu.2025.1708280;FALSE
MPG;2025;1511,42;10.3389/fspas.2025.1673021;FALSE
MPG;2025;909,22;10.3389/fnetp.2025.1674919;FALSE
MPG;2025;1133,57;10.3389/fearc.2025.1697454;FALSE
MPG;2025;1889,28;10.3389/flang.2025.1599924;FALSE
MPG;2025;909,22;10.3389/fimmu.2025.1659947;FALSE
MPG;2025;909,22;10.3389/fnagi.2025.1670175;FALSE
MPG;2025;1511,42;10.3389/frvir.2025.1567854;FALSE
MPG;2025;1889,28;10.3389/fnhum.2025.1625756;FALSE
MPG;2025;1133,57;10.3389/fpubh.2025.1658945;FALSE
MPG;2025;1108,88;10.3389/fearc.2025.1736875;FALSE
MPG;2025;1889,28;10.3389/frsip.2025.1707422;FALSE
MPG;2025;1133,57;10.3389/fhumd.2025.1638653;FALSE
MPG;2025;1133,57;10.3389/fphy.2025.1653635;FALSE
MPG;2025;1889,28;10.3389/fpls.2025.1626844;FALSE
MPG;2025;1133,57;10.3389/fsoc.2025.1584885;FALSE
MPG;2025;1133,57;10.3389/fnhum.2025.1632844;FALSE
MPG;2025;1133,57;10.3389/fdest.2025.1638362;FALSE
MPG;2025;1511,42;10.3389/fmars.2025.1639181;FALSE
MPG;2025;1133,57;10.3389/fearc.2025.1679633;FALSE
MPG;2025;909,22;10.3389/fmamm.2025.1678231;FALSE
MPG;2025;158,08;10.3389/fmolb.2025.1595173;FALSE
MPG;2025;1511,42;10.3389/fevo.2025.1561078;FALSE
MPG;2025;1133,57;10.3389/frai.2025.1561292;FALSE
MPG;2025;1889,28;10.3389/frsfm.2025.1527707;FALSE
MPG;2025;1511,42;10.3389/fnhum.2025.1543131;FALSE
MPG;2025;1133,57;10.3389/fpls.2025.1557446;FALSE
MPG;2025;1133,57;10.3389/frobt.2025.1429327;FALSE
MPG;2025;1889,28;10.3389/feart.2025.1391458;FALSE
MPG;2025;1133,57;10.3389/fearc.2025.1557715;FALSE
MPG;2025;1133,57;10.3389/fearc.2025.1552292;FALSE
MPG;2025;1133,57;10.3389/fncel.2025.1575022;FALSE
MPG;2025;1511,42;10.3389/fnetp.2025.1572834;FALSE
MPG;2025;763,20;10.3389/fdpys.2025.1536440;FALSE
MPG;2025;1133,57;10.3389/fmamm.2025.1564287;FALSE
MPG;2025;1133,57;10.3389/fmars.2025.1558655;FALSE
MPG;2025;1511,42;10.3389/fcimb.2025.1542707;FALSE
MPG;2025;1133,57;10.3389/fclim.2025.1554685;FALSE
MPG;2025;1889,28;10.3389/fnins.2025.1568222;FALSE
MPG;2025;1133,57;10.3389/fcimb.2025.1596955;FALSE
MPG;2025;1889,28;10.3389/fpls.2025.1717745;FALSE
MPG;2026;1889,28;10.3389/fpara.2026.1798958;FALSE
MPG;2026;1889,28;10.3389/flang.2026.1705688;FALSE
MPG;2026;909,22;10.3389/fnetp.2026.1776969;FALSE
MPG;2026;909,22;10.3389/fpsyt.2026.1683069;FALSE
MPG;2026;887,04;10.3389/fnetp.2026.1701638 ;FALSE
MPG;2026;1889,28;10.3389/fdpys.2026.1690962 ;FALSE
MPG;2026;1133,57;10.3389/fmicb.2026.1798642;FALSE
MPG;2026;1133,57;10.3389/fnhum.2026.1593289;FALSE
MPG;2019;1632,00;10.1155/2019/8436505;FALSE
MPG;2019;1632,00;10.1155/2019/1918504;FALSE
MPG;2018;1253,92;10.1088/1367-2630/aac7f0;FALSE
MPG;2018;1253,92;10.1088/1367-2630/aac5bb;FALSE
MPG;2018;1253,92;10.1088/1367-2630/aabb96;FALSE
MPG;2018;1253,92;10.1088/1367-2630/aabb99;FALSE
MPG;2018;1253,92;10.1088/1367-2630/aaac4f;FALSE
MPG;2018;1253,92;10.1088/1367-2630/aab2c5;FALSE
MPG;2018;1253,92;10.1088/1367-2630/aab32f;FALSE
MPG;2018;1253,92;10.1088/1367-2630/aab8d9;FALSE
MPG;2018;1278,25;10.1088/1367-2630/aacbbd;FALSE
MPG;2018;1278,25;10.1088/1367-2630/aacf21;FALSE
MPG;2018;1278,25;10.1088/1367-2630/aace35;FALSE
MPG;2018;1278,25;10.1088/1367-2630/aad1eb;FALSE
MPG;2018;1278,25;10.1088/1367-2630/aace6d;FALSE
MPG;2018;1278,25;10.1088/1367-2630/aad173;FALSE
MPG;2018;1278,25;10.1088/1367-2630/aad490;FALSE
MPG;2018;1278,25;10.1088/1367-2630/aad9ba;FALSE
MPG;2018;1278,25;10.1088/1367-2630/aadb71;FALSE
MPG;2018;1278,25;10.1088/1367-2630/aade37;FALSE
MPG;2019;1267,46;10.1088/1367-2630/aaf0d5;FALSE
MPG;2019;1267,46;10.1088/1367-2630/aaf751;FALSE
MPG;2019;1267,46;10.1088/1367-2630/ab0a7c;FALSE
MPG;2019;1267,46;10.1088/1367-2630/ab0a8a;FALSE
MPG;2019;1364,96;10.1088/1367-2630/ab0a80;FALSE
MPG;2019;1267,46;10.1088/1367-2630/ab0119;FALSE
MPG;2019;1281,05;10.1088/1367-2630/aae512;FALSE
MPG;2019;1281,05;10.1088/1367-2630/aae4a9;FALSE
MPG;2019;1281,05;10.1088/1367-2630/aae72d;FALSE
MPG;2019;1281,05;10.1088/1367-2630/aae735;FALSE
MPG;2019;1281,05;10.1088/1367-2630/aae8f0;FALSE
MPG;2019;1281,05;10.1088/1367-2630/aae9fa;FALSE
MPG;2019;1281,05;10.1088/1367-2630/aaea1b;FALSE
MPG;2019;1281,05;10.1088/1367-2630/aaeea2;FALSE
MPG;2019;1281,05;10.1088/1367-2630/aaf038;FALSE
MPG;2019;1281,05;10.1088/1367-2630/aaf02e;FALSE
MPG;2019;1970,85;10.1088/1748-9326/aaeaeb;FALSE
MPG;2019;1313,90;10.1088/2399-6528/aaf09d;FALSE
MPG;2019;1281,05;10.1088/1367-2630/aaf65f;FALSE
MPG;2019;1276,61;10.1088/1367-2630/ab0756;FALSE
MPG;2019;1276,61;10.1088/1367-2630/ab130e;FALSE
MPG;2019;1964,02;10.1088/1748-9326/ab1379;FALSE
MPG;2019;1374,81;10.1088/1367-2630/ab1517;FALSE
MPG;2019;1374,81;10.1088/1367-2630/ab19cc;FALSE
MPG;2019;1374,81;10.1088/1367-2630/ab1c3b;FALSE
MPG;2019;1276,61;10.1088/1367-2630/ab25a4;FALSE
MPG;2019;1374,81;10.1088/1367-2630/ab28b2;FALSE
MPG;2019;1374,81;10.1088/1367-2630/ab20fd;FALSE
MPG;2019;1427,29;10.1088/1367-2630/ab4509;FALSE
MPG;2019;1427,29;10.1088/1367-2630/ab482d;FALSE
MPG;2019;1427,29;10.1088/1367-2630/ab4ab7;FALSE
MPG;2019;1427,29;10.1088/1367-2630/ab4f56;FALSE
MPG;2019;1427,29;10.1088/1367-2630/ab4da0;FALSE
MPG;2019;1427,29;10.1088/1367-2630/ab5822;FALSE
MPG;2019;1427,29;10.1088/1367-2630/ab5c4d;FALSE
MPG;2019;1427,29;10.1088/1367-2630/ab5cc4;FALSE
MPG;2019;1427,29;10.1088/1367-2630/ab5628;FALSE
MPG;2019;1359,32;10.1088/2399-6528/ab6175;FALSE
MPG;2019;1410,73;10.1088/1367-2630/ab3ce3;FALSE
MPG;2019;1410,73;10.1088/1367-2630/ab3acf;FALSE
MPG;2019;1410,73;10.1088/1367-2630/ab3b4c;FALSE
MPG;2019;1410,73;10.1088/1367-2630/ab36a9;FALSE
MPG;2019;1410,73;10.1088/1367-2630/ab319b;FALSE
MPG;2019;1343,55;10.1088/2399-6528/ab33cc;FALSE
MPG;2019;1410,73;10.1088/1367-2630/ab2652;FALSE
MPG;2019;1410,73;10.1088/1367-2630/ab26c1;FALSE
MPG;2019;1410,73;10.1088/1367-2630/ab2821;FALSE
MPG;2020;1253,74;10.1088/2399-6528/ab8f01;FALSE
MPG;2020;1344,64;10.1088/1367-2630/ab90d8;FALSE
MPG;2020;1344,64;10.1088/1367-2630/ab9709;FALSE
MPG;2020;1344,64;10.1088/1367-2630/ab9d54;FALSE
MPG;2020;1344,64;10.1088/1367-2630/ab9ee4;FALSE
MPG;2020;1379,12;10.1088/2515-7620/ab9d04;FALSE
MPG;2020;1862,15;10.1088/1748-9326/abc443;FALSE
MPG;2020;1350,45;10.1088/1367-2630/ab6522;FALSE
MPG;2020;1350,45;10.1088/1367-2630/ab7538;FALSE
MPG;2020;1350,45;10.1088/1367-2630/ab776f;FALSE
MPG;2020;1350,45;10.1088/1367-2630/ab704f;FALSE
MPG;2020;1929,22;10.1088/1748-9326/ab7d02;FALSE
MPG;2020;1929,22;10.1088/1748-9326/ab8334;FALSE
MPG;2020;1350,45;10.1088/1367-2630/ab7bf1;FALSE
MPG;2020;1327,34;10.1088/1367-2630/aba14b;FALSE
MPG;2020;1327,34;10.1088/1367-2630/aba219;FALSE
MPG;2020;1327,34;10.1088/1367-2630/aba76b;FALSE
MPG;2020;1327,34;10.1088/1367-2630/aba7f4;FALSE
MPG;2020;1327,34;10.1088/1367-2630/abaa03;FALSE
MPG;2020;1327,34;10.1088/1367-2630/abaa87;FALSE
MPG;2020;1327,34;10.1088/1367-2630/abb73e;FALSE
MPG;2021;2227,32;10.1088/1748-9326/ac2f66;FALSE
MPG;2021;1492,24;10.1088/1367-2630/ac2920;FALSE
MPG;2021;1492,24;10.1088/1367-2630/ac0fff;FALSE
MPG;2021;1456,59;10.1088/1367-2630/ac180a;FALSE
MPG;2021;1371,19;10.1088/2399-6528/abf5ae;FALSE
MPG;2021;2193,90;10.1088/2632-2153/abfaed;FALSE
MPG;2021;2073,51;10.1088/1748-9326/ac0be1;FALSE
MPG;2021;1469,85;10.1088/1367-2630/ac03d0;FALSE
MPG;2021;1469,85;10.1088/1367-2630/ac06e5;FALSE
MPG;2021;1469,85;10.1088/1367-2630/ac00d6;FALSE
MPG;2021;1469,85;10.1088/1367-2630/abf9b2;FALSE
MPG;2021;1434,73;10.1088/1367-2630/abf583;FALSE
MPG;2021;1469,85;10.1088/1367-2630/ac0f1a;FALSE
MPG;2021;1434,73;10.1088/1367-2630/abf705;FALSE
MPG;2021;1469,85;10.1088/1367-2630/abfa60;FALSE
MPG;2021;1377,36;10.1088/1367-2630/abd123;FALSE
MPG;2021;1377,36;10.1088/1367-2630/abd43c;FALSE
MPG;2021;2068,34;10.1088/1748-9326/abe909;FALSE
MPG;2021;1431,16;10.1088/1367-2630/abe60e;FALSE
MPG;2022;2272,05;10.1088/2632-2153/ac3149;FALSE
MPG;2022;2272,05;10.1088/2632-2153/ac3712;FALSE
MPG;2022;1522,21;10.1088/1367-2630/ac3b2e;FALSE
MPG;2022;2272,05;10.1088/1748-9326/ac4139;FALSE
MPG;2022;1522,21;10.1088/1367-2630/ac40cd;FALSE
MPG;2022;1522,21;10.1088/1367-2630/ac44e6;FALSE
MPG;2022;1522,21;10.1088/1367-2630/ac2dab;FALSE
MPG;2022;1522,21;10.1088/1367-2630/ac320b;FALSE
MPG;2018;1329,07;10.3390/polym10060576;FALSE
MPG;2018;98,45;10.3390/genes9100493;FALSE
MPG;2018;1329,07;10.3390/nano8060405;FALSE
MPG;2018;1063,26;10.3390/cryst8110407;FALSE
MPG;2018;753,14;10.3390/a11070091;FALSE
MPG;2018;1329,07;10.3390/nano8110903;FALSE
MPG;2018;575,93;10.3390/brainsci8060114;FALSE
MPG;2018;487,33;10.3390/cli6040090;FALSE
MPG;2018;964,81;10.3390/app8050728;FALSE
MPG;2018;310,12;10.3390/pr6120246;FALSE
MPG;2018;1594,89;10.3390/ijms19051315;FALSE
MPG;2018;1594,89;10.3390/ijms19123829;FALSE
MPG;2018;1329,07;10.3390/nano8070502;FALSE
MPG;2018;1594,89;10.3390/molecules23123165;FALSE
MPG;2018;1594,89;10.3390/rs10071118;FALSE
MPG;2018;1260,15;10.3390/v10120688;FALSE
MPG;2018;1329,07;10.3390/e20070520;FALSE
MPG;2018;1594,89;10.3390/molecules23071758;FALSE
MPG;2018;1240,47;10.3390/app8081252;FALSE
MPG;2018;1594,89;10.3390/rs10081277;FALSE
MPG;2018;1329,07;10.3390/e20090655;FALSE
MPG;2018;487,33;10.3390/geosciences8090350;FALSE
MPG;2018;324,88;10.3390/cells7090140;FALSE
MPG;2018;1594,89;10.3390/rs10081293;FALSE
MPG;2018;1417,68;10.3390/en11102766;FALSE
MPG;2018;1417,68;10.3390/en11102767;FALSE
MPG;2018;551,32;10.3390/app8101777;FALSE
MPG;2018;310,12;10.3390/pr6100187;FALSE
MPG;2018;1416,96;10.3390/e19110601;FALSE
MPG;2018;330,62;10.3390/cli5040088;FALSE
MPG;2018;1700,35;10.3390/ijms18122614;FALSE
MPG;2018;1700,35;10.3390/molecules23010068;FALSE
MPG;2018;1133,57;10.3390/app8010052;FALSE
MPG;2018;1329,07;10.3390/e20040222;FALSE
MPG;2018;1594,89;10.3390/molecules23040769;FALSE
MPG;2018;1240,47;10.3390/app8030322;FALSE
MPG;2018;1240,47;10.3390/app8030341;FALSE
MPG;2018;310,12;10.3390/computation6010021;FALSE
MPG;2018;1348,76;10.3390/ijms19030770;FALSE
MPG;2019;1178,61;10.3390/met9121252;FALSE
MPG;2019;1480,55;10.3390/catal9110926;FALSE
MPG;2019;1666,12;10.3390/rs11212562;FALSE
MPG;2019;1572,83;10.3390/su11236538;FALSE
MPG;2019;1561,61;10.3390/ijms20194773;FALSE
MPG;2019;1315,81;10.3390/e21121148;FALSE
MPG;2019;1296,00;10.3390/cryst9120623;FALSE
MPG;2019;1296,00;10.3390/cryst9120665;FALSE
MPG;2019;617,13;10.3390/inorganics7120143;FALSE
MPG;2019;1666,14;10.3390/cells8121646;FALSE
MPG;2019;235,81;10.3390/galaxies8010004;FALSE
MPG;2019;1388,28;10.3390/app9224832;FALSE
MPG;2019;1480,55;10.3390/catal10010013;FALSE
MPG;2019;945,71;10.3390/molecules23123357;FALSE
MPG;2019;1417,68;10.3390/ma12010145;FALSE
MPG;2019;1665,25;10.3390/ijms20030485;FALSE
MPG;2019;601,34;10.3390/life9010015;FALSE
MPG;2019;1027,92;10.3390/polym11020251;FALSE
MPG;2019;1033,75;10.3390/genes10020099;FALSE
MPG;2019;334,08;10.3390/brainsci9020025;FALSE
MPG;2019;1480,22;10.3390/nano9030339;FALSE
MPG;2019;1665,25;10.3390/ijms20040990;FALSE
MPG;2019;1284,90;10.3390/genes10030194;FALSE
MPG;2019;1295,19;10.3390/mi10030179;FALSE
MPG;2019;925,14;10.3390/biom9030110;FALSE
MPG;2019;1665,25;10.3390/ijms20030607;FALSE
MPG;2019;925,14;10.3390/pharmaceutics11040180;FALSE
MPG;2019;1666,14;10.3390/cells8040315;FALSE
MPG;2019;786,93;10.3390/geosciences9050241;FALSE
MPG;2019;1152,00;10.3390/cryst9060322;FALSE
MPG;2019;1666,14;10.3390/molecules24132408;FALSE
MPG;2019;1456,47;10.3390/ijms20133249;FALSE
MPG;2019;925,14;10.3390/agronomy9060305;FALSE
MPG;2019;324,52;10.3390/galaxies7020054;FALSE
MPG;2019;1480,55;10.3390/e21080737;FALSE
MPG;2019;1459,93;10.3390/ijms20153672;FALSE
MPG;2019;1480,55;10.3390/e21080742;FALSE
MPG;2019;1666,14;10.3390/ma12162580;FALSE
MPG;2019;1459,93;10.3390/ijms20163956;FALSE
MPG;2019;1480,55;10.3390/catal9090723;FALSE
MPG;2019;1110,41;10.3390/plants8090318;FALSE
MPG;2019;1666,14;10.3390/molecules24173199;FALSE
MPG;2019;1614,30;10.3390/en12183455;FALSE
MPG;2019;1296,00;10.3390/atmos10090503;FALSE
MPG;2019;1666,14;10.3390/cancers11091298;FALSE
MPG;2019;1296,00;10.3390/atmos10090531;FALSE
MPG;2019;1110,41;10.3390/math7090861;FALSE
MPG;2019;1666,14;10.3390/cells8101149;FALSE
MPG;2019;1563,61;10.3390/ijms20194896;FALSE
MPG;2020;651,73;10.3390/plants9030316;FALSE
MPG;2020;1110,41;10.3390/biom10040578;FALSE
MPG;2020;1666,14;10.3390/cells9040997;FALSE
MPG;2020;1911,96;10.3390/nano10071376;FALSE
MPG;2020;1296,00;10.3390/mi11030285;FALSE
MPG;2020;1911,96;10.3390/cells9102196;FALSE
MPG;2020;925,00;10.3390/data5020043;FALSE
MPG;2020;1911,96;10.3390/ijms21176297;FALSE
MPG;2020;554,69;10.3390/plants9050552;FALSE
MPG;2020;1529,57;10.3390/e22090967;FALSE
MPG;2020;1666,14;10.3390/rs12081248;FALSE
MPG;2020;1911,96;10.3390/cells9081755;FALSE
MPG;2020;1562,46;10.3390/cryst10050394;FALSE
MPG;2020;1911,96;10.3390/cells9092043;FALSE
MPG;2020;1296,00;10.3390/cryst10050355;FALSE
MPG;2020;1529,57;10.3390/microorganisms8091415;FALSE
MPG;2020;1666,14;10.3390/ijms21093187;FALSE
MPG;2020;1721,33;10.3390/app10186153;FALSE
MPG;2020;1952,29;10.3390/nu12051492;FALSE
MPG;2020;1911,96;10.3390/cells9092021;FALSE
MPG;2020;1562,46;10.3390/cryst10060437;FALSE
MPG;2020;956,54;10.3390/inorganics8090050;FALSE
MPG;2020;1666,14;10.3390/cells9061432;FALSE
MPG;2020;1721,33;10.3390/polym12081626;FALSE
MPG;2020;1296,00;10.3390/brainsci10010039;FALSE
MPG;2020;1562,46;10.3390/e22060637;FALSE
MPG;2020;1911,96;10.3390/v12070743;FALSE
MPG;2020;1666,14;10.3390/ijms21010050;FALSE
MPG;2020;780,71;10.3390/microorganisms8060881;FALSE
MPG;2020;1911,96;10.3390/ijms21134614;FALSE
MPG;2020;1110,41;10.3390/plants9050622;FALSE
MPG;2020;1529,57;10.3390/cryst10070618;FALSE
MPG;2020;1952,29;10.3390/ma13122746;FALSE
MPG;2020;1911,96;10.3390/nu12082201;FALSE
MPG;2020;1952,29;10.3390/cells9061493;FALSE
MPG;2020;1449,48;10.3390/nano9050662;FALSE
MPG;2020;1809,22;10.3390/ijms21124376;FALSE
MPG;2020;1911,96;10.3390/cells9092087;FALSE
MPG;2020;1296,00;10.3390/metabo10010037;FALSE
MPG;2020;1296,00;10.3390/metabo10040152;FALSE
MPG;2020;1721,33;10.3390/polym12081844;FALSE
MPG;2020;1666,14;10.3390/rs12020302;FALSE
MPG;2020;1562,46;10.3390/agronomy10050706;FALSE
MPG;2020;1911,96;10.3390/s20174986;FALSE
MPG;2020;1110,41;10.3390/plants9020184;FALSE
MPG;2020;1502,32;10.3390/genes11070752;FALSE
MPG;2020;1337,81;10.3390/sym12091498;FALSE
MPG;2020;1433,46;10.3390/pr8111357;FALSE
MPG;2020;1317,77;10.3390/biom10071013;FALSE
MPG;2020;1911,96;10.3390/molecules25184166;FALSE
MPG;2020;1529,57;10.3390/plants9070892;FALSE
MPG;2020;1529,57;10.3390/e22101066;FALSE
MPG;2020;2198,92;10.3390/ijerph17218114;FALSE
MPG;2020;1911,96;10.3390/cells9102222;FALSE
MPG;2020;1911,62;10.3390/molecules25215019;FALSE
MPG;2020;1721,33;10.3390/biom10081107;FALSE
MPG;2020;1529,91;10.3390/e22111293;FALSE
MPG;2020;2103,72;10.3390/cancers12092409;FALSE
MPG;2020;1720,76;10.3390/polym12112662;FALSE
MPG;2020;1721,33;10.3390/biom10091226;FALSE
MPG;2020;1529,91;10.3390/e22111292;FALSE
MPG;2020;1529,91;10.3390/brainsci10120906;FALSE
MPG;2020;1529,91;10.3390/cryst10121145;FALSE
MPG;2020;1911,62;10.3390/ijms22010059;FALSE
MPG;2020;1698,77;10.3390/ijms21218148;FALSE
MPG;2020;1552,13;10.3390/ijms21238987;FALSE
MPG;2020;1061,45;10.3390/cells9102287;FALSE
MPG;2020;956,32;10.3390/fi12110182;FALSE
MPG;2020;2103,49;10.3390/cancers13020208;FALSE
MPG;2020;815,96;10.3390/cells9020333;FALSE
MPG;2020;1666,14;10.3390/ijms21051720;FALSE
MPG;2020;1110,00;10.3390/plants9010101;FALSE
MPG;2020;1296,00;10.3390/metabo10020065;FALSE
MPG;2020;1666,14;10.3390/cancers12040920;FALSE
MPG;2020;1008,00;10.3390/brainsci10040235;FALSE
MPG;2021;1462,78;10.3390/agronomy11050865;FALSE
MPG;2021;1138,01;10.3390/a14070189;FALSE
MPG;2021;1625,61;10.3390/app11115217;FALSE
MPG;2021;1625,61;10.3390/app11125709;FALSE
MPG;2021;1625,61;10.3390/biom11060802;FALSE
MPG;2021;1625,61;10.3390/biom11050752;FALSE
MPG;2021;1625,61;10.3390/biom11050615;FALSE
MPG;2021;1625,61;10.3390/catal11060726;FALSE
MPG;2021;1625,61;10.3390/cells10051023;FALSE
MPG;2021;1625,61;10.3390/cells10061386;FALSE
MPG;2021;1462,78;10.3390/e23070853;FALSE
MPG;2021;1462,78;10.3390/f12060667;FALSE
MPG;2021;1625,61;10.3390/ijms22094450;FALSE
MPG;2021;1625,61;10.3390/ijms22105209;FALSE
MPG;2021;1625,61;10.3390/ijms22137101;FALSE
MPG;2021;1950,38;10.3390/md19070368;FALSE
MPG;2021;1625,61;10.3390/ma14092285;FALSE
MPG;2021;1625,61;10.3390/ma14123203;FALSE
MPG;2021;1625,61;10.3390/microorganisms9040837;FALSE
MPG;2021;1625,61;10.3390/molecules26113474;FALSE
MPG;2021;1625,61;10.3390/molecules26102997;FALSE
MPG;2021;1462,78;10.3390/ph14070603;FALSE
MPG;2021;1198,94;10.3390/life11060568;FALSE
MPG;2021;1454,18;10.3390/ijms22084129;FALSE
MPG;2021;1445,38;10.3390/microorganisms9050985;FALSE
MPG;2021;1415,06;10.3390/ijms22116160;FALSE
MPG;2021;1264,46;10.3390/genes12070963;FALSE
MPG;2021;831,24;10.3390/pathogens10040438;FALSE
MPG;2021;812,66;10.3390/cryst11050567;FALSE
MPG;2021;812,66;10.3390/plants10050954;FALSE
MPG;2021;812,66;10.3390/plants10050962;FALSE
MPG;2021;924,14;10.3390/cells10061404;FALSE
MPG;2021;924,14;10.3390/cells10051209;FALSE
MPG;2021;1698,27;10.3390/biom11101426;FALSE
MPG;2021;1528,17;10.3390/brainsci11081017;FALSE
MPG;2021;1528,17;10.3390/brainsci11080996;FALSE
MPG;2021;1868,38;10.3390/cancers13164127;FALSE
MPG;2021;1698,27;10.3390/cells10071756;FALSE
MPG;2021;1698,27;10.3390/cells10081937;FALSE
MPG;2021;1528,17;10.3390/e23101273;FALSE
MPG;2021;1952,97;10.3390/ijerph18168280;FALSE
MPG;2021;1698,27;10.3390/ijms22147616;FALSE
MPG;2021;1698,27;10.3390/ijms22158172;FALSE
MPG;2021;1698,27;10.3390/ijms22168631;FALSE
MPG;2021;2148,25;10.3390/jcm10020366;FALSE
MPG;2021;1698,27;10.3390/ijms221910451;FALSE
MPG;2021;763,02;10.3390/mti4040091;FALSE
MPG;2021;1698,27;10.3390/ijms221810075;FALSE
MPG;2021;1562,46;10.3390/metabo11010012;FALSE
MPG;2021;1698,27;10.3390/ijms221910577;FALSE
MPG;2021;1757,38;10.3390/polym13030433;FALSE
MPG;2021;1527,56;10.3390/jof7090765;FALSE
MPG;2021;1952,29;10.3390/nano11010163;FALSE
MPG;2021;2037,56;10.3390/md19080445;FALSE
MPG;2021;1952,29;10.3390/cells10010132;FALSE
MPG;2021;1868,38;10.3390/nano11102502;FALSE
MPG;2021;1952,29;10.3390/ma14030691;FALSE
MPG;2021;1952,29;10.3390/molecules26030555;FALSE
MPG;2021;942,97;10.3390/cells10092240;FALSE
MPG;2021;1952,29;10.3390/nano11010251;FALSE
MPG;2021;961,36;10.3390/cryst11091102;FALSE
MPG;2021;1952,29;10.3390/molecules26040825;FALSE
MPG;2021;626,27;10.3390/quantum3030036;FALSE
MPG;2021;1914,97;10.3390/ijms22073476;FALSE
MPG;2021;1914,97;10.3390/ijms22063078;FALSE
MPG;2021;1914,97;10.3390/ijms22063164;FALSE
MPG;2021;1914,97;10.3390/app11072959;FALSE
MPG;2021;1914,97;10.3390/biom11040509;FALSE
MPG;2021;956,97;10.3390/en14082032;FALSE
MPG;2021;1007,77;10.3390/molecules26030720;FALSE
MPG;2021;1250,38;10.3390/cryst11040378;FALSE
MPG;2021;1443,23;10.3390/ijms22063261;FALSE
MPG;2021;1537,57;10.3390/molecules26061664;FALSE
MPG;2021;1568,68;10.3390/genes12020149;FALSE
MPG;2022;2188,80;10.3390/cells11030328;FALSE
MPG;2022;1989,50;10.3390/atmos13020315;FALSE
MPG;2022;2188,80;10.3390/catal12020188;FALSE
MPG;2022;1790,21;10.3390/e24020280;FALSE
MPG;2022;2287,87;10.3390/app12031361;FALSE
MPG;2022;2287,87;10.3390/molecules27031007;FALSE
MPG;2022;1592,06;10.3390/e24030374;FALSE
MPG;2022;2174,97;10.3390/ijms23031609;FALSE
MPG;2022;2287,87;10.3390/molecules27030659;FALSE
MPG;2022;1149,69;10.3390/photonics9020076;FALSE
MPG;2022;1768,32;10.3390/jpm12020244;FALSE
MPG;2022;1790,21;10.3390/sym14030478;FALSE
MPG;2022;1215,94;10.3390/plants11040564;FALSE
MPG;2022;2287,87;10.3390/app12052333;FALSE
MPG;2022;2388,10;10.3390/nano12050869;FALSE
MPG;2022;2487,17;10.3390/ijerph19063290;FALSE
MPG;2022;2388,10;10.3390/s22052070;FALSE
MPG;2022;1392,77;10.3390/condmat7010024;FALSE
MPG;2022;2388,10;10.3390/nano12050801;FALSE
MPG;2022;1790,21;10.3390/insects13030270;FALSE
MPG;2022;2232,58;10.3390/ijerph19053110;FALSE
MPG;2022;2188,80;10.3390/antiox11030462;FALSE
MPG;2022;1592,06;10.3390/life12030404;FALSE
MPG;2022;1161,22;10.3390/cryst12030345;FALSE
MPG;2022;1989,50;10.3390/metabo12030239;FALSE
MPG;2022;2017,15;10.3390/ijms23073838;FALSE
MPG;2022;2227,55;10.3390/ijms23031027;FALSE
MPG;2022;1790,55;10.3390/e24040476;FALSE
MPG;2022;2487,28;10.3390/rs14091995;FALSE
MPG;2022;1970,02;10.3390/catal12050465;FALSE
MPG;2022;1989,62;10.3390/brainsci12040486;FALSE
MPG;2022;1790,55;10.3390/photonics9040259;FALSE
MPG;2022;2288,22;10.3390/ma15082743;FALSE
MPG;2022;618,85;10.3390/g13030039;FALSE
MPG;2022;1989,62;10.3390/brainsci12050622;FALSE
MPG;2022;1790,55;10.3390/sym14050972;FALSE
MPG;2022;591,19;10.3390/laws11030045;FALSE
MPG;2022;2387,75;10.3390/nano12091595;FALSE
MPG;2022;2288,22;10.3390/molecules27103331;FALSE
MPG;2022;1768,55;10.3390/metabo12070585;FALSE
MPG;2022;2188,68;10.3390/cells11132121;FALSE
MPG;2022;1723,16;10.3390/ani11102999;FALSE
MPG;2022;1914,96;10.3390/app112411969;FALSE
MPG;2022;1723,16;10.3390/biology10111099;FALSE
MPG;2022;1914,96;10.3390/biom11121782;FALSE
MPG;2022;1914,96;10.3390/biom11121770;FALSE
MPG;2022;1914,96;10.3390/biom11121839;FALSE
MPG;2022;1723,16;10.3390/bios11100380;FALSE
MPG;2022;1723,16;10.3390/e23121640;FALSE
MPG;2022;1723,16;10.3390/e23121652;FALSE
MPG;2022;2202,16;10.3390/ijerph181910463;FALSE
MPG;2022;2202,16;10.3390/ijerph182312510;FALSE
MPG;2022;1914,96;10.3390/ijms222010992;FALSE
MPG;2022;1914,96;10.3390/ijms222212539;FALSE
MPG;2022;1914,96;10.3390/ijms222413287;FALSE
MPG;2022;1914,96;10.3390/ijms23010546;FALSE
MPG;2022;1914,96;10.3390/ijms23010353;FALSE
MPG;2022;1340,58;10.3390/info12120503;FALSE
MPG;2022;2106,77;10.3390/jcm10214987;FALSE
MPG;2022;1532,39;10.3390/jimaging7110219;FALSE
MPG;2022;1532,39;10.3390/life11121289;FALSE
MPG;2022;1914,96;10.3390/molecules26226893;FALSE
MPG;2022;0,00;10.3390/psych3040053;FALSE
MPG;2022;1819,58;10.3390/su132313095;FALSE
MPG;2022;1489,53;10.3390/genes12121913;FALSE
MPG;2022;1489,53;10.3390/genes13010053;FALSE
MPG;2022;979,20;10.3390/cryst12010040;FALSE
MPG;2022;626,68;10.3390/v13122388;FALSE
MPG;2022;1592,06;10.3390/jimaging8100285;FALSE
MPG;2022;2188,80;10.3390/cells11223570;FALSE
MPG;2022;2287,87;10.3390/ma15238558;FALSE
MPG;2022;2125,32;10.3390/v14112502;FALSE
MPG;2022;2287,87;10.3390/molecules28010105;FALSE
MPG;2022;1989,50;10.3390/biology11081187;FALSE
MPG;2022;2188,80;10.3390/cells11152323;FALSE
MPG;2022;1790,21;10.3390/math10152613;FALSE
MPG;2022;1989,50;10.3390/agronomy12081758;FALSE
MPG;2022;2487,17;10.3390/rs14174335;FALSE
MPG;2022;1989,50;10.3390/bios12080601;FALSE
MPG;2022;2287,87;10.3390/ijms23168841;FALSE
MPG;2022;1989,50;10.3390/separations9080214;FALSE
MPG;2022;2161,15;10.3390/ijms23168901;FALSE
MPG;2022;2287,87;10.3390/ma15175812;FALSE
MPG;2022;2287,87;10.3390/ma15165523;FALSE
MPG;2022;2388,10;10.3390/nano12172912;FALSE
MPG;2022;2388,10;10.3390/nano12172950;FALSE
MPG;2022;2089,73;10.3390/biom12081083;FALSE
MPG;2022;2287,87;10.3390/ijms231911448;FALSE
MPG;2022;1989,50;10.3390/brainsci12091260;FALSE
MPG;2022;1889,38;10.3390/cryst12081029;FALSE
MPG;2023;2739,46;10.3390/s23229024;FALSE
MPG;2023;2739,46;10.3390/cryst13101519;FALSE
MPG;2023;2739,46;10.3390/s23249758;FALSE
MPG;2023;2740,80;10.3390/ijms242216128;FALSE
MPG;2023;2739,46;10.3390/e25121641;FALSE
MPG;2023;2739,46;10.3390/e25121637;FALSE
MPG;2023;2845,44;10.3390/microorganisms12010005;FALSE
MPG;2023;2634,62;10.3390/ijms24065646;FALSE
MPG;2023;2108,16;10.3390/e25020322;FALSE
MPG;2023;2634,62;10.3390/rs15030570;FALSE
MPG;2023;1896,19;10.3390/horticulturae9010039;FALSE
MPG;2023;2108,16;10.3390/fermentation9010067;FALSE
MPG;2023;2108,16;10.3390/e25020356;FALSE
MPG;2023;2108,16;10.3390/f14020411;FALSE
MPG;2023;2422,66;10.3390/molecules28052320;FALSE
MPG;2023;1164,20;10.3390/cells12060909;FALSE
MPG;2023;1331,10;10.3390/e25030451;FALSE
MPG;2023;1791,60;10.3390/agronomy13041027;FALSE
MPG;2023;1685,38;10.3390/quat6020025;FALSE
MPG;2023;0,00;10.3390/ma16072638;FALSE
MPG;2023;1896,19;10.3390/ani13111802;FALSE
MPG;2023;1162,62;10.3390/e25040685;FALSE
MPG;2023;2621,10;10.3390/jcm12103511;FALSE
MPG;2023;2200,14;10.3390/su15097413;FALSE
MPG;2023;2108,16;10.3390/cryst13040673;FALSE
MPG;2023;1475,71;10.3390/rel14070822;FALSE
MPG;2023;2341,80;10.3390/ijms241310740;FALSE
MPG;2023;2317,82;10.3390/agronomy13061457;FALSE
MPG;2023;2739,46;10.3390/e25050751;FALSE
MPG;2023;1808,82;10.3390/atmos14071136;FALSE
MPG;2023;2845,44;10.3390/rs15164027;FALSE
MPG;2023;1475,71;10.3390/educsci13080797;FALSE
MPG;2023;2755,48;10.3390/ijms241411364;FALSE
MPG;2023;2095,50;10.3390/nano13192688;FALSE
MPG;2023;2091,28;10.3390/biomedicines11072054;FALSE
MPG;2023;2425,00;10.3390/cells12152001;FALSE
MPG;2023;2108,16;10.3390/ani13172751;FALSE
MPG;2023;2438,80;10.3390/v15091872;FALSE
MPG;2024;3089,66;10.3390/ijms25168851;FALSE
MPG;2024;2770,56;10.3390/jintelligence12070070;FALSE
MPG;2024;2416,00;10.3390/d16080480;FALSE
MPG;2024;2155,00;10.3390/jintelligence12090087;FALSE
MPG;2024;2119,00;10.3390/genes15091123;FALSE
MPG;2024;2876,54;10.3390/jfb15040110;FALSE
MPG;2024;2663,42;10.3390/ijerph21050570;FALSE
MPG;2024;2770,33;10.3390/v16060933;FALSE
MPG;2024;3089,66;10.3390/pharmaceutics16060707;FALSE
MPG;2024;2770,33;10.3390/jpm14050493;FALSE
MPG;2024;2770,33;10.3390/jcm13113295;FALSE
MPG;2024;3089,66;10.3390/ijms25137125;FALSE
MPG;2024;2785,26;10.3390/ijms25136845;FALSE
MPG;2024;2876,54;10.3390/cells14010054;FALSE
MPG;2024;1389,92;10.3390/data9020024;FALSE
MPG;2024;1492,00;10.3390/soc14010002;FALSE
MPG;2024;3089,66;10.3390/ijms25020753;FALSE
MPG;2024;2574,72;10.3390/ijms25020893;FALSE
MPG;2024;1278,37;10.3390/opt5010007;FALSE
MPG;2024;2556,74;10.3390/app14051824;FALSE
MPG;2024;2876,10;10.3390/fractalfract8040197;FALSE
MPG;2024;2770,33;10.3390/en17061299;FALSE
MPG;2024;3089,66;10.3390/ijms25084181;FALSE
MPG;2025;3077,78;10.3390/e27020143;FALSE
MPG;2025;2130,77;10.3390/ncrna11010008;FALSE
MPG;2025;1657,27;10.3390/laws14020023;FALSE
MPG;2025;3196,15;10.3390/vaccines13030314;FALSE
MPG;2025;3196,15;10.3390/molecules30030570;FALSE
MPG;2025;3432,90;10.3390/ijms26062764;FALSE
MPG;2025;2485,90;10.3390/d17030143;FALSE
MPG;2025;763,10;10.3390/pr13051286;FALSE
MPG;2025;2575,49;10.3390/molecules30122516;FALSE
MPG;2025;2289,32;10.3390/sym17060931;FALSE
MPG;2025;2003,16;10.3390/cryst15060574;FALSE
MPG;2025;2352,92;10.3390/e27080819;FALSE
MPG;2025;2683,07;10.3390/nano15161275;FALSE
MPG;2025;2498,03;10.3390/vaccines13070757;FALSE
MPG;2026;887,82;10.3390/histories6020026;FALSE
MPG;2026;1953,20;10.3390/brainsci16020176;FALSE
MPG;2026;1420,51;10.3390/g17020014;FALSE
MPG;2026;1716,46;10.3390/systems14020142;FALSE
MPG;2026;1953,20;10.3390/bs16020294;FALSE
MPG;2026;799,04;10.3390/cells15050414;FALSE
MPG;2026;1598,08;10.3390/rel17030337;FALSE
MPG;2026;2219,55;10.3390/ijerph23040493;FALSE
MPG;2026;2130,77;10.3390/children13040463;FALSE
MPG;2026;2397,12;10.3390/batteries12040127;FALSE
MPG;2025;2304,00;10.1628/978-3-16-163904-3;FALSE
MPG;2018;1279,12;10.1088/1367-2630/aa9cd9;FALSE
MPG;2018;1279,12;10.1088/1367-2630/aa9ed1;FALSE
MPG;2018;1279,12;10.1088/1367-2630/aa9ed2;FALSE
MPG;2018;1279,12;10.1088/1367-2630/aa9f9f;FALSE
MPG;2018;1279,12;10.1088/1367-2630/aaa266;FALSE
MPG;2018;1279,12;10.1088/1367-2630/aaa395;FALSE
MPG;2018;1279,12;10.1088/1367-2630/aaa67c;FALSE
MPG;2018;1279,12;10.1088/1367-2630/aaad94;FALSE
MPG;2018;1279,12;10.1088/1367-2630/aaaf44;FALSE
MPG;2018;1279,12;10.1088/1367-2630/aab03b;FALSE
MPG;2018;1279,12;10.1088/1367-2630/aab548;FALSE
MPG;2018;1279,12;10.1088/1367-2630/aab5d0;FALSE
MPG;2020;1034,90;10.7717/peerj.8283;FALSE
MPG;2020;656,85;10.7717/peerj.7245;FALSE
MPG;2020;656,85;10.7717/peerj.7701;FALSE
MPG;2020;1034,90;10.7717/peerj.8614;FALSE
MPG;2020;1034,90;10.7717/peerj.9290;FALSE
MPG;2020;1034,90;10.7717/peerj.9852;FALSE
MPG;2020;1034,90;10.7717/peerj.10625;FALSE
MPG;2020;1034,90;10.7717/peerj.10551;FALSE
MPG;2020;656,85;10.7717/peerj.4745;FALSE
MPG;2020;656,85;10.7717/peerj.3999;FALSE
MPG;2020;424,36;10.7717/peerj.3745;FALSE
MPG;2020;225,88;10.7717/peerj.2934;FALSE
MPG;2020;656,85;10.7717/peerj.6710;FALSE
MPG;2020;1034,90;10.7717/peerj.8211;FALSE
MPG;2021;1095,09;10.7717/peerj.12198;FALSE
MPG;2021;1060,83;10.7717/peerj.11415;FALSE
MPG;2021;1040,01;10.7717/peerj.10947;FALSE
MPG;2022;1109,25;10.7717/peerj.12431;FALSE
MPG;2022;1109,25;10.7717/peerj.12566;FALSE
MPG;2022;1433,91;10.7717/peerj.14159;FALSE
MPG;2022;1433,91;10.7717/peerj.14047;FALSE
MPG;2022;1236,83;10.7717/peerj.12839;FALSE
MPG;2022;1462,73;10.7717/peerj.13510;FALSE
MPG;2023;1398,69;10.7717/peerj.14519;FALSE
MPG;2024;1435,15;10.7717/peerj.16972;FALSE
MPG;2018;2239,02;10.1371/journal.pcbi.1006559;FALSE
MPG;2018;2338,53;10.1371/journal.pgen.1007793;FALSE
MPG;2018;1587,22;10.1371/journal.pone.0207828;FALSE
MPG;2018;1587,22;10.1371/journal.pone.0207633;FALSE
MPG;2018;1487,71;10.1371/journal.pone.0207868;FALSE
MPG;2018;1587,22;10.1371/journal.pone.0208030;FALSE
MPG;2018;1487,71;10.1371/journal.pone.0206483;FALSE
MPG;2018;1487,71;10.1371/journal.pone.0206616;FALSE
MPG;2018;1392,83;10.1371/journal.pone.0193252;FALSE
MPG;2018;1392,83;10.1371/journal.pone.0192152;FALSE
MPG;2018;1392,83;10.1371/journal.pone.0193856;FALSE
MPG;2018;2885,85;10.1371/journal.pbio.2005114;FALSE
MPG;2018;2239,02;10.1371/journal.pcbi.1006240;FALSE
MPG;2018;2239,02;10.1371/journal.pntd.0006580;FALSE
MPG;2018;2885,85;10.1371/journal.pbio.2005066;FALSE
MPG;2018;2338,53;10.1371/journal.pcbi.1006526;FALSE
MPG;2018;2182,18;10.1371/journal.pcbi.1006079;FALSE
MPG;2018;2338,53;10.1371/journal.pgen.1007699;FALSE
MPG;2018;1449,94;10.1371/journal.pone.0168306;FALSE
MPG;2018;2338,53;10.1371/journal.pgen.1007743;FALSE
MPG;2018;1449,94;10.1371/journal.pone.0195026;FALSE
MPG;2018;1487,71;10.1371/journal.pone.0205980;FALSE
MPG;2018;1449,94;10.1371/journal.pone.0193555;FALSE
MPG;2018;1587,22;10.1371/journal.pone.0203907;FALSE
MPG;2018;1449,94;10.1371/journal.pone.0194656;FALSE
MPG;2018;1487,71;10.1371/journal.pone.0205351;FALSE
MPG;2018;1449,94;10.1371/journal.pone.0194859;FALSE
MPG;2018;1587,22;10.1371/journal.pone.0205520;FALSE
MPG;2018;1587,22;10.1371/journal.pone.0205646;FALSE
MPG;2018;1449,94;10.1371/journal.pone.0194699;FALSE
MPG;2018;1487,71;10.1371/journal.pone.0205903;FALSE
MPG;2018;1449,94;10.1371/journal.pone.0194805;FALSE
MPG;2018;2239,02;10.1371/journal.pcbi.1006492;FALSE
MPG;2018;2239,02;10.1371/journal.pgen.1007628;FALSE
MPG;2018;1587,22;10.1371/journal.pone.0204066;FALSE
MPG;2018;1487,71;10.1371/journal.pone.0204358;FALSE
MPG;2018;1487,71;10.1371/journal.pone.0203956;FALSE
MPG;2018;1487,71;10.1371/journal.pone.0204577;FALSE
MPG;2018;2885,85;10.1371/journal.pbio.2005293;FALSE
MPG;2018;1406,66;10.1371/journal.pone.0190195;FALSE
MPG;2018;2239,02;10.1371/journal.pcbi.1006081;FALSE
MPG;2018;1406,66;10.1371/journal.pone.0189540;FALSE
MPG;2018;2239,02;10.1371/journal.pntd.0006447;FALSE
MPG;2018;1406,66;10.1371/journal.pone.0190265;FALSE
MPG;2018;1487,71;10.1371/journal.pone.0197208;FALSE
MPG;2018;1406,66;10.1371/journal.pone.0190541;FALSE
MPG;2018;1487,71;10.1371/journal.pone.0197886;FALSE
MPG;2018;1406,66;10.1371/journal.pone.0190488;FALSE
MPG;2018;1487,71;10.1371/journal.pone.0198018;FALSE
MPG;2018;1487,71;10.1371/journal.pone.0197633;FALSE
MPG;2018;1487,71;10.1371/journal.pone.0197760;FALSE
MPG;2018;1487,71;10.1371/journal.pone.0197221;FALSE
MPG;2018;1487,71;10.1371/journal.pone.0197133;FALSE
MPG;2018;1487,71;10.1371/journal.pone.0198485;FALSE
MPG;2018;2885,85;10.1371/journal.pbio.2006018;FALSE
MPG;2018;1487,71;10.1371/journal.pone.0201409;FALSE
MPG;2018;1487,71;10.1371/journal.pone.0201114;FALSE
MPG;2018;2111,44;10.1371/journal.pgen.1007155;FALSE
MPG;2018;1402,94;10.1371/journal.pone.0191557;FALSE
MPG;2018;1402,94;10.1371/journal.pone.0191215;FALSE
MPG;2018;1402,94;10.1371/journal.pone.0191673;FALSE
MPG;2018;1402,94;10.1371/journal.pone.0186361;FALSE
MPG;2018;1402,94;10.1371/journal.pone.0191924;FALSE
MPG;2018;2861,49;10.1371/journal.pbio.2004845;FALSE
MPG;2018;2220,13;10.1371/journal.pgen.1007162;FALSE
MPG;2018;2220,13;10.1371/journal.pgen.1007298;FALSE
MPG;2018;1475,15;10.1371/journal.pone.0196038;FALSE
MPG;2018;1475,15;10.1371/journal.pone.0196889;FALSE
MPG;2018;1475,15;10.1371/journal.pone.0196493;FALSE
MPG;2018;2239,02;10.1371/journal.pcbi.1006372;FALSE
MPG;2018;1475,15;10.1371/journal.pone.0195307;FALSE
MPG;2018;2239,02;10.1371/journal.pcbi.1006422;FALSE
MPG;2018;2220,13;10.1371/journal.ppat.1006997;FALSE
MPG;2018;1487,71;10.1371/journal.pone.0202163;FALSE
MPG;2018;1487,71;10.1371/journal.pone.0202019;FALSE
MPG;2018;1587,22;10.1371/journal.pone.0203571;FALSE
MPG;2019;3041,72;10.1371/journal.pbio.3000298;FALSE
MPG;2019;2382,68;10.1371/journal.pcbi.1007055;FALSE
MPG;2019;2382,68;10.1371/journal.pcbi.1006987;FALSE
MPG;2019;2382,68;10.1371/journal.pcbi.1006821;FALSE
MPG;2019;1617,18;10.1371/journal.pone.0216433;FALSE
MPG;2019;1617,18;10.1371/journal.pone.0200976;FALSE
MPG;2019;1617,18;10.1371/journal.pone.0216930;FALSE
MPG;2019;1617,18;10.1371/journal.pone.0217596;FALSE
MPG;2019;2338,53;10.1371/journal.pgen.1007852;FALSE
MPG;2019;2338,53;10.1371/journal.pgen.1007856;FALSE
MPG;2019;2239,02;10.1371/journal.pgen.1007828;FALSE
MPG;2019;1587,22;10.1371/journal.pone.0209752;FALSE
MPG;2019;1487,71;10.1371/journal.pone.0208999;FALSE
MPG;2019;1587,22;10.1371/journal.pone.0209211;FALSE
MPG;2019;2885,85;10.1371/journal.pbio.2005281;FALSE
MPG;2019;2985,36;10.1371/journal.pbio.3000214;FALSE
MPG;2019;2338,53;10.1371/journal.pgen.1008065;FALSE
MPG;2019;1587,22;10.1371/journal.pone.0214815;FALSE
MPG;2019;1587,22;10.1371/journal.pone.0212944;FALSE
MPG;2019;1587,22;10.1371/journal.pone.0214954;FALSE
MPG;2019;1587,22;10.1371/journal.pone.0213810;FALSE
MPG;2019;1587,22;10.1371/journal.pone.0214128;FALSE
MPG;2019;2338,53;10.1371/journal.ppat.1007705;FALSE
MPG;2019;1665,70;10.1371/journal.pone.0220793;FALSE
MPG;2019;1665,70;10.1371/journal.pone.0221401;FALSE
MPG;2019;1665,70;10.1371/journal.pone.0221342;FALSE
MPG;2019;1665,70;10.1371/journal.pone.0221186;FALSE
MPG;2019;2239,02;10.1371/journal.pcbi.1006687;FALSE
MPG;2019;2338,53;10.1371/journal.pcbi.1006759;FALSE
MPG;2019;1487,71;10.1371/journal.pone.0210160;FALSE
MPG;2019;1587,22;10.1371/journal.pone.0204715;FALSE
MPG;2019;1587,22;10.1371/journal.pone.0211028;FALSE
MPG;2019;1587,22;10.1371/journal.pone.0211502;FALSE
MPG;2019;1587,22;10.1371/journal.pone.0211510;FALSE
MPG;2019;2404,90;10.1371/journal.pcbi.1006944;FALSE
MPG;2019;2404,90;10.1371/journal.pcbi.1006699;FALSE
MPG;2019;2404,90;10.1371/journal.pgen.1007778;FALSE
MPG;2019;2404,90;10.1371/journal.pgen.1008093;FALSE
MPG;2019;2404,90;10.1371/journal.pntd.0007396;FALSE
MPG;2019;1632,26;10.1371/journal.pone.0215907;FALSE
MPG;2019;1632,26;10.1371/journal.pone.0215436;FALSE
MPG;2019;1632,26;10.1371/journal.pone.0216229;FALSE
MPG;2019;1632,26;10.1371/journal.pone.0214817;FALSE
MPG;2019;1653,12;10.1371/journal.pone.0225041;FALSE
MPG;2019;1653,12;10.1371/journal.pone.0225369;FALSE
MPG;2019;1653,12;10.1371/journal.pone.0225143;FALSE
MPG;2019;2459,97;10.1371/journal.pcbi.1007476;FALSE
MPG;2019;2459,97;10.1371/journal.pcbi.1007548;FALSE
MPG;2019;2459,97;10.1371/journal.pcbi.1007546;FALSE
MPG;2019;1669,64;10.1371/journal.pone.0225900;FALSE
MPG;2019;1669,64;10.1371/journal.pone.0220220;FALSE
MPG;2019;1669,64;10.1371/journal.pone.0226734;FALSE
MPG;2019;0,00;10.1371/journal.pbio.3000156;FALSE
MPG;2019;0,00;10.1371/journal.pcbi.1006820;FALSE
MPG;2019;0,00;10.1371/journal.pcbi.1006819;FALSE
MPG;2019;0,00;10.1371/journal.pgen.1007766;FALSE
MPG;2019;0,00;10.1371/journal.pgen.1007964;FALSE
MPG;2019;0,00;10.1371/journal.pone.0202743;FALSE
MPG;2019;0,00;10.1371/journal.ppat.1007601;FALSE
MPG;2019;1644,54;10.1371/journal.pone.0222842;FALSE
MPG;2019;1644,54;10.1371/journal.pone.0222420;FALSE
MPG;2019;1644,54;10.1371/journal.pone.0222606;FALSE
MPG;2019;2447,52;10.1371/journal.pcbi.1007004;FALSE
MPG;2019;2447,52;10.1371/journal.pgen.1008449;FALSE
MPG;2019;1661,19;10.1371/journal.pone.0224317;FALSE
MPG;2019;1661,19;10.1371/journal.pone.0223896;FALSE
MPG;2019;1661,19;10.1371/journal.pone.0224241;FALSE
MPG;2019;1661,19;10.1371/journal.pone.0224741;FALSE
MPG;2019;2413,69;10.1371/journal.pcbi.1007167;FALSE
MPG;2019;1638,23;10.1371/journal.pone.0218728;FALSE
MPG;2019;1638,23;10.1371/journal.pone.0218188;FALSE
MPG;2019;2455,07;10.1371/journal.pcbi.1007188;FALSE
MPG;2019;2455,07;10.1371/journal.pcbi.1006979;FALSE
MPG;2019;2455,07;10.1371/journal.pgen.1008313;FALSE
MPG;2019;1666,31;10.1371/journal.pone.0220238;FALSE
MPG;2019;1666,31;10.1371/journal.pone.0219624;FALSE
MPG;2020;2392,87;10.1371/journal.pcbi.1008132;FALSE
MPG;2020;2249,30;10.1371/journal.pcbi.1008149;FALSE
MPG;2020;2249,30;10.1371/journal.ppat.1008739;FALSE
MPG;2020;1526,65;10.1371/journal.pone.0237641;FALSE
MPG;2020;2392,87;10.1371/journal.ppat.1008530;FALSE
MPG;2020;2371,82;10.1371/journal.pcbi.1007843;FALSE
MPG;2020;1609,81;10.1371/journal.pone.0233835;FALSE
MPG;2020;1609,81;10.1371/journal.pone.0233235;FALSE
MPG;2020;1609,81;10.1371/journal.pone.0228119;FALSE
MPG;2020;1609,81;10.1371/journal.pone.0232379;FALSE
MPG;2020;3048,69;10.1371/journal.pbio.3000361;FALSE
MPG;2020;2388,14;10.1371/journal.pcbi.1007482;FALSE
MPG;2020;2388,14;10.1371/journal.pcbi.1007588;FALSE
MPG;2020;2388,14;10.1371/journal.pgen.1008552;FALSE
MPG;2020;2388,14;10.1371/journal.pgen.1008546;FALSE
MPG;2020;1620,89;10.1371/journal.pone.0227898;FALSE
MPG;2020;2860,04;10.1371/journal.pbio.3000928;FALSE
MPG;2020;1520,59;10.1371/journal.pone.0238912;FALSE
MPG;2020;1615,92;10.1371/journal.pone.0239718;FALSE
MPG;2020;1615,92;10.1371/journal.pone.0239379;FALSE
MPG;2020;1615,92;10.1371/journal.pone.0238904;FALSE
MPG;2020;1615,92;10.1371/journal.pone.0239678;FALSE
MPG;2020;2383,37;10.1371/journal.pcbi.1008162;FALSE
MPG;2020;2492,82;10.1371/journal.pgen.1008275;FALSE
MPG;2020;1691,94;10.1371/journal.pone.0230439;FALSE
MPG;2020;2310,49;10.1371/journal.pcbi.1007810;FALSE
MPG;2020;1691,94;10.1371/journal.pone.0231179;FALSE
MPG;2020;1666,50;10.1371/journal.pone.0235124;FALSE
MPG;2020;2310,49;10.1371/journal.pgen.1008905;FALSE
MPG;2020;2457,97;10.1371/journal.pgen.1008877;FALSE
MPG;2020;1666,50;10.1371/journal.pone.0235421;FALSE
MPG;2020;1673,14;10.1371/journal.pone.0228271;FALSE
MPG;2020;2224,76;10.1371/journal.pcbi.1007962;FALSE
MPG;2020;1673,14;10.1371/journal.pone.0230214;FALSE
MPG;2020;2366,77;10.1371/journal.pcbi.1008110;FALSE
MPG;2020;1673,14;10.1371/journal.pone.0229230;FALSE
MPG;2020;1673,14;10.1371/journal.pone.0229255;FALSE
MPG;2020;1510,00;10.1371/journal.pone.0236416;FALSE
MPG;2020;1510,00;10.1371/journal.pone.0236171;FALSE
MPG;2020;2794,62;10.1371/journal.pbio.3000925;FALSE
MPG;2020;2794,62;10.1371/journal.pbio.3000943;FALSE
MPG;2020;2189,12;10.1371/journal.pcbi.1008354;FALSE
MPG;2020;2189,12;10.1371/journal.pcbi.1008392;FALSE
MPG;2020;2328,85;10.1371/journal.pcbi.1008304;FALSE
MPG;2020;2794,62;10.1371/journal.pbio.3000871;FALSE
MPG;2020;2189,12;10.1371/journal.pcbi.1007832;FALSE
MPG;2020;2162,33;10.1371/journal.pcbi.1008406;FALSE
MPG;2020;2162,33;10.1371/journal.pcbi.1008410;FALSE
MPG;2020;2300,35;10.1371/journal.pcbi.1007858;FALSE
MPG;2020;1559,64;10.1371/journal.pone.0243298;FALSE
MPG;2020;1559,64;10.1371/journal.pone.0242709;FALSE
MPG;2020;2162,33;10.1371/journal.ppat.1009113;FALSE
MPG;2020;1559,64;10.1371/journal.pone.0242550;FALSE
MPG;2020;1559,64;10.1371/journal.pone.0242662;FALSE
MPG;2020;1559,64;10.1371/journal.pone.0241714;FALSE
MPG;2020;1559,64;10.1371/journal.pone.0242941;FALSE
MPG;2020;1559,64;10.1371/journal.pone.0242071;FALSE
MPG;2020;2399,15;10.1371/journal.pcbi.1007835;FALSE
MPG;2020;2399,15;10.1371/journal.pcbi.1007885;FALSE
MPG;2020;2399,15;10.1371/journal.pgen.1008687;FALSE
MPG;2020;1628,36;10.1371/journal.pone.0230090;FALSE
MPG;2021;2427,10;10.1371/journal.pcbi.1008927;FALSE
MPG;2021;1645,57;10.1371/journal.pone.0251061;FALSE
MPG;2021;1645,57;10.1371/journal.pone.0249985;FALSE
MPG;2021;2547,36;10.1371/journal.pcbi.1009431;FALSE
MPG;2021;2473,17;10.1371/journal.ppat.1009886;FALSE
MPG;2021;1676,81;10.1371/journal.pone.0230700;FALSE
MPG;2021;1676,81;10.1371/journal.pone.0239021;FALSE
MPG;2021;1286,05;10.1371/journal.pone.0257307;FALSE
MPG;2021;2473,17;10.1371/journal.ppat.1009871;FALSE
MPG;2021;1669,21;10.1371/journal.pone.0256761;FALSE
MPG;2021;1722,39;10.1371/journal.pone.0256614;FALSE
MPG;2021;2535,82;10.1371/journal.pcbi.1009357;FALSE
MPG;2021;2535,82;10.1371/journal.pcbi.1009288;FALSE
MPG;2021;2428,33;10.1371/journal.pcbi.1008398;FALSE
MPG;2021;2428,33;10.1371/journal.pcbi.1009128;FALSE
MPG;2021;2428,33;10.1371/journal.pcbi.1009093;FALSE
MPG;2021;1646,41;10.1371/journal.pone.0241883;FALSE
MPG;2021;1646,41;10.1371/journal.pone.0252527;FALSE
MPG;2021;2428,33;10.1371/journal.pcbi.1008412;FALSE
MPG;2021;1646,41;10.1371/journal.pone.0234232;FALSE
MPG;2021;2467,65;10.1371/journal.pcbi.1009134;FALSE
MPG;2021;1726,37;10.1371/journal.pone.0254546;FALSE
MPG;2021;1726,37;10.1371/journal.pone.0254860;FALSE
MPG;2021;2390,44;10.1371/journal.pgen.1009308;FALSE
MPG;2021;2390,44;10.1371/journal.pgen.1009144;FALSE
MPG;2021;2390,44;10.1371/journal.ppat.1009223;FALSE
MPG;2021;2247,01;10.1371/journal.pgen.1009290;FALSE
MPG;2021;1620,72;10.1371/journal.pone.0245295;FALSE
MPG;2021;1620,72;10.1371/journal.pone.0246446;FALSE
MPG;2021;1620,72;10.1371/journal.pone.0246589;FALSE
MPG;2021;1620,72;10.1371/journal.pone.0246663;FALSE
MPG;2021;1789,07;10.1371/journal.pone.0256585;FALSE
MPG;2021;2403,83;10.1371/journal.pcbi.1009590;FALSE
MPG;2021;1733,83;10.1371/journal.pone.0259015;FALSE
MPG;2021;2553,64;10.1371/journal.pcbi.1009503;FALSE
MPG;2021;2222,29;10.1371/journal.pntd.0009098;FALSE
MPG;2021;2630,25;10.1371/journal.pcbi.1009476;FALSE
MPG;2021;1602,89;10.1371/journal.pone.0248849;FALSE
MPG;2021;1786,53;10.1371/journal.pone.0258235;FALSE
MPG;2021;1602,89;10.1371/journal.pone.0250224;FALSE
MPG;2021;1786,53;10.1371/journal.pone.0259746;FALSE
MPG;2021;1602,89;10.1371/journal.pone.0249447;FALSE
MPG;2021;1016,35;10.1371/journal.pone.0256323;FALSE
MPG;2021;1602,89;10.1371/journal.pone.0251228;FALSE
MPG;2021;1602,89;10.1371/journal.pone.0251309;FALSE
MPG;2021;1602,89;10.1371/journal.pone.0248086;FALSE
MPG;2021;940,93;10.1371/journal.pone.0251466;FALSE
MPG;2021;2794,84;10.1371/journal.pbio.3001043;FALSE
MPG;2021;2364,14;10.1371/journal.pcbi.1008897;FALSE
MPG;2021;2329,04;10.1371/journal.pcbi.1008503;FALSE
MPG;2021;1602,89;10.1371/journal.pone.0251076;FALSE
MPG;2021;1579,09;10.1371/journal.pone.0244824;FALSE
MPG;2021;1485,93;10.1371/journal.pone.0243436;FALSE
MPG;2021;2794,84;10.1371/journal.pbio.3000919;FALSE
MPG;2021;2444,41;10.1371/journal.pcbi.1008787;FALSE
MPG;2021;2444,41;10.1371/journal.pcbi.1008703;FALSE
MPG;2021;1657,31;10.1371/journal.pone.0247445;FALSE
MPG;2021;1657,31;10.1371/journal.pone.0247439;FALSE
MPG;2021;1604,60;10.1371/journal.pone.0249241;FALSE
MPG;2021;2366,67;10.1371/journal.pcbi.1008773;FALSE
MPG;2021;2366,67;10.1371/journal.pcbi.1008702;FALSE
MPG;2021;1604,60;10.1371/journal.pone.0249651;FALSE
MPG;2021;1604,60;10.1371/journal.pone.0248121;FALSE
MPG;2021;1604,60;10.1371/journal.pone.0249309;FALSE
MPG;2021;1604,60;10.1371/journal.pone.0248004;FALSE
MPG;2021;2366,67;10.1371/journal.pcbi.1008790;FALSE
MPG;2021;2366,67;10.1371/journal.pgen.1009448;FALSE
MPG;2022;1909,08;10.1371/journal.pone.0263384;FALSE
MPG;2022;1909,08;10.1371/journal.pone.0263028;FALSE
MPG;2022;1989,06;10.1371/journal.pone.0273407;FALSE
MPG;2022;1927,35;10.1371/journal.pone.0273450;FALSE
MPG;2022;1989,06;10.1371/journal.pone.0274186;FALSE
MPG;2022;1989,06;10.1371/journal.pone.0274693;FALSE
MPG;2022;1989,06;10.1371/journal.pone.0274810;FALSE
MPG;2022;1927,35;10.1371/journal.pone.0275011;FALSE
MPG;2022;1989,06;10.1371/journal.pone.0275758;FALSE
MPG;2022;2925,73;10.1371/journal.ppat.1010825;FALSE
MPG;2022;4747,58;10.1371/journal.pbio.3001707;FALSE
MPG;2022;4747,58;10.1371/journal.pbio.3001775;FALSE
MPG;2022;3001,21;10.1371/journal.pcbi.1010429;FALSE
MPG;2022;3001,21;10.1371/journal.pcbi.1010442;FALSE
MPG;2022;3094,45;10.1371/journal.pcbi.1010448;FALSE
MPG;2022;3094,45;10.1371/journal.pgen.1010384;FALSE
MPG;2022;2103,76;10.1371/journal.pone.0268161;FALSE
MPG;2022;2731,15;10.1371/journal.pcbi.1010678;FALSE
MPG;2022;2813,09;10.1371/journal.pcbi.1009866;FALSE
MPG;2022;2813,09;10.1371/journal.pcbi.1009920;FALSE
MPG;2022;2900,48;10.1371/journal.pcbi.1010682;FALSE
MPG;2022;2900,48;10.1371/journal.pcbi.1010747;FALSE
MPG;2022;1971,89;10.1371/journal.pone.0278402;FALSE
MPG;2022;1971,89;10.1371/journal.pone.0277783;FALSE
MPG;2022;5987,06;10.1371/journal.pbio.3001636;FALSE
MPG;2022;1914,73;10.1371/journal.pone.0265460;FALSE
MPG;2022;1975,73;10.1371/journal.pone.0266253;FALSE
MPG;2022;2038,99;10.1371/journal.pone.0267730;FALSE
MPG;2022;5998,82;10.1371/journal.pbio.3001713;FALSE
MPG;2022;2914,52;10.1371/journal.pcbi.1010272;FALSE
MPG;2022;2914,52;10.1371/journal.pdig.0000074;FALSE
MPG;2022;1979,61;10.1371/journal.pone.0267551;FALSE
MPG;2022;1979,61;10.1371/journal.pone.0268297;FALSE
MPG;2022;1979,61;10.1371/journal.pone.0269722;FALSE
MPG;2022;2615,41;10.1371/journal.pcbi.1009634;FALSE
MPG;2022;2615,41;10.1371/journal.pcbi.1009756;FALSE
MPG;2022;1776,45;10.1371/journal.pone.0261282;FALSE
MPG;2022;2615,41;10.1371/journal.ppat.1010182;FALSE
MPG;2022;3277,38;10.1371/journal.pbio.3000923;FALSE
MPG;2022;2900,48;10.1371/journal.pcbi.1010642;FALSE
MPG;2022;1910,71;10.1371/journal.pone.0276808;FALSE
MPG;2022;1910,71;10.1371/journal.pone.0274061;FALSE
MPG;2022;1971,89;10.1371/journal.pone.0273984;FALSE
MPG;2022;1507,60;10.1371/journal.pone.0276845;FALSE
MPG;2022;2964,92;10.1371/journal.pcbi.1009430;FALSE
MPG;2022;2013,84;10.1371/journal.pone.0267759;FALSE
MPG;2022;2013,84;10.1371/journal.pone.0267204;FALSE
MPG;2022;2013,84;10.1371/journal.pone.0265775;FALSE
MPG;2022;1267,20;10.1371/journal.pone.0267168;FALSE
MPG;2022;2774,41;10.1371/journal.pcbi.1009906;FALSE
MPG;2022;1884,44;10.1371/journal.pone.0266589;FALSE
MPG;2022;1884,44;10.1371/journal.pone.0266395;FALSE
MPG;2022;2774,41;10.1371/journal.pcbi.1010008;FALSE
MPG;2022;1826,26;10.1371/journal.pone.0266158;FALSE
MPG;2022;1884,44;10.1371/journal.pone.0265415;FALSE
MPG;2022;1834,18;10.1371/journal.pone.0263189;FALSE
MPG;2022;1834,18;10.1371/journal.pone.0262947;FALSE
MPG;2022;2790,07;10.1371/journal.pntd.0010565;FALSE
MPG;2022;2968,78;10.1371/journal.ppat.1010583;FALSE
MPG;2022;2016,46;10.1371/journal.pone.0271545;FALSE
MPG;2022;2016,46;10.1371/journal.pone.0269975;FALSE
MPG;2022;2016,46;10.1371/journal.pone.0271576;FALSE
MPG;2022;2081,03;10.1371/journal.pone.0271548;FALSE
MPG;2023;1883,14;10.1371/journal.pone.0281703;FALSE
MPG;2023;5789,47;10.1371/journal.pbio.3002393;FALSE
MPG;2023;2990,52;10.1371/journal.pgen.1011056;FALSE
MPG;2023;1900,00;10.1371/journal.pone.0294136;FALSE
MPG;2023;2032,63;10.1371/journal.pone.0284836;FALSE
MPG;2023;1554,74;10.1371/journal.pone.0293663;FALSE
MPG;2023;2891,99;10.1371/journal.pcbi.1011489;FALSE
MPG;2023;1966,11;10.1371/journal.pone.0291085;FALSE
MPG;2023;3042,51;10.1371/journal.pcbi.1011549;FALSE
MPG;2023;3042,51;10.1371/journal.pcbi.1011569;FALSE
MPG;2023;3042,51;10.1371/journal.pgen.1010998;FALSE
MPG;2023;5816,51;10.1371/journal.pbio.3002266;FALSE
MPG;2023;6036,01;10.1371/journal.pbio.3002270;FALSE
MPG;2023;2913,75;10.1371/journal.pcbi.1011388;FALSE
MPG;2023;5890,12;10.1371/journal.pbio.3002365;FALSE
MPG;2023;3117,87;10.1371/journal.pcbi.1011387;FALSE
MPG;2023;2119,19;10.1371/journal.pone.0290398;FALSE
MPG;2023;2797,55;10.1371/journal.pcbi.1011001;FALSE
MPG;2023;2628,96;10.1371/journal.pntd.0010362;FALSE
MPG;2023;1901,91;10.1371/journal.pone.0284850;FALSE
MPG;2023;1901,91;10.1371/journal.pone.0284331;FALSE
MPG;2023;1901,91;10.1371/journal.pone.0275635;FALSE
MPG;2023;2796,27;10.1371/journal.pgen.1010750;FALSE
MPG;2023;1901,04;10.1371/journal.pone.0285946;FALSE
MPG;2023;1901,04;10.1371/journal.pone.0285930;FALSE
MPG;2023;3058,56;10.1371/journal.pcbi.1010983;FALSE
MPG;2023;5489,16;10.1371/journal.pbio.3002191;FALSE
MPG;2023;3058,56;10.1371/journal.pcbi.1010982;FALSE
MPG;2023;1869,42;10.1371/journal.pone.0285686;FALSE
MPG;2023;2079,36;10.1371/journal.pone.0283221;FALSE
MPG;2023;1869,42;10.1371/journal.pone.0286922;FALSE
MPG;2023;921,60;10.1371/journal.pone.0283893;FALSE
MPG;2023;2666,91;10.1371/journal.pdig.0000292;FALSE
MPG;2023;2014,85;10.1371/journal.pone.0268943;FALSE
MPG;2023;2749,76;10.1371/journal.pcbi.1011228;FALSE
MPG;2023;2749,76;10.1371/journal.pgen.1010806;FALSE
MPG;2023;2749,76;10.1371/journal.pgen.1010832;FALSE
MPG;2023;2942,40;10.1371/journal.pcbi.1010987;FALSE
MPG;2023;2942,40;10.1371/journal.pcbi.1011271;FALSE
MPG;2023;2814,54;10.1371/journal.pcbi.1010531;FALSE
MPG;2023;2942,40;10.1371/journal.pgen.1010819;FALSE
MPG;2023;2814,54;10.1371/journal.pcbi.1011297;FALSE
MPG;2023;2749,77;10.1371/journal.pgen.1010763;FALSE
MPG;2023;2814,54;10.1371/journal.pcbi.1010832;FALSE
MPG;2023;3011,72;10.1371/journal.pcbi.1011310;FALSE
MPG;2023;2814,54;10.1371/journal.pgen.1010798;FALSE
MPG;2023;1913,46;10.1371/journal.pone.0288104;FALSE
MPG;2023;2814,54;10.1371/journal.ppat.1011404;FALSE
MPG;2023;5618,48;10.1371/journal.pbio.3002211;FALSE
MPG;2023;5590,18;10.1371/journal.pbio.3001887;FALSE
MPG;2023;2703,61;10.1371/journal.pcbi.1010799;FALSE
MPG;2023;2787,60;10.1371/journal.pcbi.1010822;FALSE
MPG;2023;1895,15;10.1371/journal.pone.0279940;FALSE
MPG;2023;1895,15;10.1371/journal.pone.0273136;FALSE
MPG;2023;1895,15;10.1371/journal.pone.0280347;FALSE
MPG;2023;1895,15;10.1371/journal.pone.0280721;FALSE
MPG;2023;2867,58;10.1371/journal.pcbi.1010714;FALSE
MPG;2023;1889,04;10.1371/journal.pone.0277727;FALSE
MPG;2023;1188,07;10.1371/journal.pone.0268577;FALSE
MPG;2023;2769,93;10.1371/journal.pgen.1010644;FALSE
MPG;2023;1883,14;10.1371/journal.pone.0281872;FALSE
MPG;2024;6050,42;10.1371/journal.pbio.3002968;FALSE
MPG;2024;2059,35;10.1371/journal.pone.0304694;FALSE
MPG;2024;2059,35;10.1371/journal.pone.0293717;FALSE
MPG;2024;2059,35;10.1371/journal.pone.0302580;FALSE
MPG;2024;5789,47;10.1371/journal.pbio.3002664;FALSE
MPG;2024;2059,35;10.1371/journal.pone.0297896;FALSE
MPG;2024;2059,35;10.1371/journal.pone.0299580;FALSE
MPG;2024;5789,47;10.1371/journal.pbio.3002584;FALSE
MPG;2024;3020,61;10.1371/journal.pcbi.1011468;FALSE
MPG;2024;2059,35;10.1371/journal.pone.0302714;FALSE
MPG;2024;5998,86;10.1371/journal.pbio.3002828;FALSE
MPG;2024;3020,61;10.1371/journal.pcbi.1011904;FALSE
MPG;2024;2059,35;10.1371/journal.pone.0301999;FALSE
MPG;2024;2106,15;10.1371/journal.pone.0310816;FALSE
MPG;2024;2059,35;10.1371/journal.pone.0302334;FALSE
MPG;2024;2106,15;10.1371/journal.pone.0309180;FALSE
MPG;2024;5789,47;10.1371/journal.pbio.3002609;FALSE
MPG;2024;2059,35;10.1371/journal.pone.0299292;FALSE
MPG;2024;2059,35;10.1371/journal.pone.0306128;FALSE
MPG;2024;3020,61;10.1371/journal.pcbi.1012204;FALSE
MPG;2024;3020,61;10.1371/journal.pgen.1011295;FALSE
MPG;2024;3066,30;10.1371/journal.pcbi.1012072;FALSE
MPG;2024;2399,54;10.1371/journal.pone.0305333;FALSE
MPG;2024;3117,87;10.1371/journal.pcbi.1012510;FALSE
MPG;2024;3211,16;10.1371/journal.pcbi.1012505;FALSE
MPG;2024;3211,16;10.1371/journal.pcbi.1012576;FALSE
MPG;2024;2119,19;10.1371/journal.pone.0291099;FALSE
MPG;2024;2513,18;10.1371/journal.pone.0312934;FALSE
MPG;2024;2513,18;10.1371/journal.pone.0304923;FALSE
MPG;2024;6036,01;10.1371/journal.pbio.3002699;FALSE
MPG;2024;2952,22;10.1371/journal.pcbi.1012376;FALSE
MPG;2024;2952,22;10.1371/journal.pcbi.1012331;FALSE
MPG;2024;2952,22;10.1371/journal.pcbi.1012355;FALSE
MPG;2024;3040,55;10.1371/journal.pgen.1011384;FALSE
MPG;2024;2774,53;10.1371/journal.pntd.0012440;FALSE
MPG;2024;2379,65;10.1371/journal.pone.0308041;FALSE
MPG;2024;3040,55;10.1371/journal.ppat.1012462;FALSE
MPG;2024;3029,84;10.1371/journal.pcbi.1011823;FALSE
MPG;2024;3029,84;10.1371/journal.pgen.1011141;FALSE
MPG;2024;1924,98;10.1371/journal.pone.0295641;FALSE
MPG;2024;1924,98;10.1371/journal.pone.0296385;FALSE
MPG;2024;2059,35;10.1371/journal.pone.0298037;FALSE
MPG;2024;2813,50;10.1371/journal.pcbi.1010355;FALSE
MPG;2024;3010,61;10.1371/journal.pcbi.1011660;FALSE
MPG;2024;2046,28;10.1371/journal.pone.0295763;FALSE
MPG;2024;3179,10;10.1371/journal.pbio.3001407;FALSE
MPG;2024;3179,10;10.1371/journal.pbio.3001257;FALSE
MPG;2024;2059,35;10.1371/journal.pone.0295589;FALSE
MPG;2024;3143,63;10.1371/journal.pcbi.1012675;FALSE
MPG;2024;3143,63;10.1371/journal.pcbi.1012568;FALSE
MPG;2025;2259,98;10.1371/journal.pone.0327597;FALSE
MPG;2025;3010,34;10.1371/journal.pcbi.1013564;FALSE
MPG;2025;2356,43;10.1371/journal.pone.0327939;FALSE
MPG;2025;2356,43;10.1371/journal.pone.0334925;FALSE
MPG;2025;5440,96;10.1371/journal.pbio.3003469;FALSE
MPG;2025;2356,43;10.1371/journal.pone.0332718;FALSE
MPG;2025;3003,11;10.1371/journal.pcbi.1013298;FALSE
MPG;2025;2887,65;10.1371/journal.pcsy.0000058;FALSE
MPG;2025;2887,65;10.1371/journal.pgen.1011784;FALSE
MPG;2025;2259,98;10.1371/journal.pone.0327364;FALSE
MPG;2025;2259,98;10.1371/journal.pone.0328712;FALSE
MPG;2025;5427,91;10.1371/journal.pbio.3002981;FALSE
MPG;2025;2982,70;10.1371/journal.pcbi.1013011;FALSE
MPG;2025;2334,38;10.1371/journal.pone.0323201;FALSE
MPG;2025;2334,38;10.1371/journal.pone.0322869;FALSE
MPG;2025;2334,38;10.1371/journal.pone.0323615;FALSE
MPG;2025;5606,58;10.1371/journal.pbio.3002913;FALSE
MPG;2025;5477,18;10.1371/journal.pbio.3003180;FALSE
MPG;2025;2280,50;10.1371/journal.pone.0325535;FALSE
MPG;2025;2913,86;10.1371/journal.ppat.1013210;FALSE
MPG;2025;2986,23;10.1371/journal.pgen.1011799;FALSE
MPG;2025;2247,28;10.1371/journal.pone.0316416;FALSE
MPG;2025;5436,76;10.1371/journal.pbio.3003226;FALSE
MPG;2025;4755,50;10.1371/journal.pbio.3003077;FALSE
MPG;2025;3113,78;10.1371/journal.pbio.3003178;FALSE
MPG;2025;5483,82;10.1371/journal.pbio.3003401;FALSE
MPG;2025;2976,38;10.1371/journal.pcbi.1012972;FALSE
MPG;2025;2892,36;10.1371/journal.pcbi.1013056;FALSE
MPG;2025;2283,26;10.1371/journal.pone.0332380;FALSE
MPG;2025;2329,43;10.1371/journal.pone.0300405;FALSE
MPG;2025;2892,36;10.1371/journal.pgen.1011747;FALSE
MPG;2025;2374,99;10.1371/journal.pone.0331844;FALSE
MPG;2025;1023,32;10.1371/journal.pone.0320148;FALSE
MPG;2025;2263,67;10.1371/journal.pone.0326884;FALSE
MPG;2025;2374,99;10.1371/journal.pone.0330519;FALSE
MPG;2025;2562,85;10.1371/journal.pgph.0004225;FALSE
MPG;2025;2445,38;10.1371/journal.pone.0318115;FALSE
MPG;2025;2445,38;10.1371/journal.pone.0317962;FALSE
MPG;2025;3237,68;10.1371/journal.pgen.1011594;FALSE
MPG;2025;3237,68;10.1371/journal.pgen.1011572;FALSE
MPG;2025;2990,56;10.1371/journal.pdig.0001099;FALSE
MPG;2018;1244,16;10.1098/rsos.181002;FALSE
MPG;2018;1244,16;10.1098/rsos.181100;FALSE
MPG;2018;1244,16;10.1098/rsos.180825;FALSE
MPG;2019;1244,16;10.1098/rsos.190696;FALSE
MPG;2019;1244,16;10.1098/rsos.190256;FALSE
MPG;2019;1244,16;10.1098/rsos.181942;FALSE
MPG;2019;1244,00;10.1098/rsos.190529;FALSE
MPG;2019;1244,16;10.1098/rsos.181440;FALSE
MPG;2019;1244,16;10.1098/rsos.181273;FALSE
MPG;2019;1244,00;10.1098/rsos.191100;FALSE
MPG;2020;1244,00;10.1098/rsos.191989;FALSE
MPG;2020;1218,24;10.1098/rsos.200570;FALSE
MPG;2020;1218,24;10.1098/rsos.180877;FALSE
MPG;2020;1244,00;10.1098/rsos.200274;FALSE
MPG;2020;1244,00;10.1098/rsos.200577;FALSE
MPG;2020;1244,00;10.1098/rsos.192090;FALSE
MPG;2020;1218,24;10.1098/rsos.200734;FALSE
MPG;2020;1218,24;10.1098/rsos.191815;FALSE
MPG;2020;1218,24;10.1098/rsos.200454;FALSE
MPG;2021;1244,16;10.1098/rsos.201032;FALSE
MPG;2021;1244,16;10.1098/rsos.202171;FALSE
MPG;2021;1055,54;10.1098/rsos.202341;FALSE
MPG;2021;1244,16;10.1098/rsos.201933;FALSE
MPG;2021;1427,24;10.1098/rsos.211229;FALSE
MPG;2021;1427,24;10.1098/rsos.210025;FALSE
MPG;2021;1427,24;10.1098/rsos.210450;FALSE
MPG;2022;1658,88;10.1098/rsos.220652;FALSE
MPG;2022;1658,88;10.1098/rsos.220436;FALSE
MPG;2022;1658,88;10.1098/rsos.220826;FALSE
MPG;2022;1658,88;10.1098/rsos.221131;FALSE
MPG;2022;1658,88;10.1098/rsos.220746;FALSE
MPG;2022;1658,88;10.1098/rsos.220194;FALSE
MPG;2022;2073,60;10.1098/rsob.220078;FALSE
MPG;2022;1658,88;10.1098/rsos.220256;FALSE
MPG;2022;1658,88;10.1098/rsos.211252;FALSE
MPG;2022;1658,88;10.1098/rsos.211489;FALSE
MPG;2022;1658,88;10.1098/rsos.211281;FALSE
MPG;2023;1658,88;10.1098/rsos.230835;FALSE
MPG;2023;1658,88;10.1098/rsos.230355;FALSE
MPG;2023;1658,88;10.1098/rsos.230340;FALSE
MPG;2023;1658,88;10.1098/rsos.221475;FALSE
MPG;2023;1658,88;10.1098/rsos.230463;FALSE
MPG;2023;1658,88;10.1098/rsos.230214;FALSE
MPG;2023;1658,88;10.1098/rsos.230215;FALSE
MPG;2023;1658,88;10.1098/rsos.230489;FALSE
MPG;2023;1658,88;10.1098/rsos.221401;FALSE
MPG;2023;1658,88;10.1098/rsos.230967;FALSE
MPG;2023;1658,88;10.1098/rsos.231252;FALSE
MPG;2023;1658,88;10.1098/rsos.231073;FALSE
MPG;2023;1658,88;10.1098/rsos.230750;FALSE
MPG;2023;1658,88;10.1098/rsos.221306;FALSE
MPG;2023;1658,88;10.1098/rsos.221443;FALSE
MPG;2024;1935,36;10.1098/rsos.241081;FALSE
MPG;2024;1658,88;10.1098/rsos.231541;FALSE
MPG;2024;1658,88;10.1098/rsos.191613;FALSE
MPG;2024;1658,88;10.1098/rsos.240417;FALSE
MPG;2024;1935,36;10.1098/rsos.240161;FALSE
MPG;2024;1658,88;10.1098/rsos.231735;FALSE
MPG;2024;1935,36;10.1098/rsos.240366;FALSE
MPG;2024;1658,88;10.1098/rsos.241415;FALSE
MPG;2024;1935,36;10.1098/rsos.240114;FALSE
MPG;2024;1935,36;10.1098/rsos.241623;FALSE
MPG;2024;2759,04;10.1098/rsob.240082;FALSE
MPG;2024;1935,36;10.1098/rsos.241837;FALSE
MPG;2024;1935,36;10.1098/rsos.241632;FALSE
MPG;2024;1935,36;10.1098/rsos.241072;FALSE
MPG;2025;1935,36;10.1098/rsos.242138;FALSE
MPG;2025;1935,36;10.1098/rsos.241717;FALSE
MPG;2025;1935,36;10.1098/rsos.250208;FALSE
MPG;2025;1935,36;10.1098/rsos.250385;FALSE
MPG;2025;1935,36;10.1098/rsos.242095;FALSE
MPG;2025;1658,88;10.1098/rsos.220497;FALSE
MPG;2025;1935,36;10.1098/rsos.250802;FALSE
MPG;2025;2759,04;10.1098/rsbl.2025.0421;FALSE
MPG;2025;2759,04;10.1098/rstb.2024.0307;FALSE
MPG;2025;1935,36;10.1098/rsos.250960;FALSE
MPG;2025;2759,04;10.1098/rspb.2025.1169;FALSE
MPG;2025;2759,04;10.1098/rspb.2025.2860;FALSE
MPG;2025;2759,04;10.1098/rspb.2025.0474;FALSE
MPG;2025;2759,04;10.1098/rspb.2025.2675;FALSE
MPG;2025;1935,36;10.1098/rsos.251125;FALSE
MPG;2025;2759,04;10.1098/rsob.250236;FALSE
MPG;2025;2759,04;10.1098/rspa.2025.0331;FALSE
MPG;2025;2759,04;10.1098/rstb.2024.0369;FALSE
MPG;2025;1935,36;10.1098/rsos.250555;FALSE
MPG;2025;2759,04;10.1098/rspb.2025.1433;FALSE
MPG;2025;2759,04;10.1098/rstb.2024.0211;FALSE
MPG;2025;2759,04;10.1098/rspb.2025.1371;FALSE
MPG;2025;2759,04;10.1098/rstb.2024.0208;FALSE
MPG;2025;2759,04;10.1098/rspb.2025.2307;FALSE
MPG;2025;1935,36;10.1098/rsos.250453;FALSE
MPG;2025;2759,04;10.1098/rsbl.2025.0545;FALSE
MPG;2025;1935,36;10.1098/rsos.251045;FALSE
MPG;2025;2759,04;10.1098/rspb.2025.1508;FALSE
MPG;2025;2759,04;10.1098/rsif.2025.0342;FALSE
MPG;2025;2759,04;10.1098/rstb.2024.0269;FALSE
MPG;2025;2759,04;10.1098/rspb.2025.1442;FALSE
MPG;2025;2759,04;10.1098/rstb.2024.0257;FALSE
MPG;2025;2759,04;10.1098/rstb.2024.0265;FALSE
MPG;2025;1935,36;10.1098/rsos.250084;FALSE
MPG;2023;2055,47;10.1039/D3EA00137G;FALSE
MPG;2023;1136,06;10.1039/D3RA02587J;FALSE
MPG;2023;1126,55;10.1039/D3RA01412F;FALSE
MPG;2024;1422,35;10.1039/D4RA01897D;FALSE
MPG;2024;2275,75;10.1039/D4MA00134F;FALSE
MPG;2024;1145,80;10.1039/D3RA07759D;FALSE
MPG;2020;263,21;10.1177/1948550620916071;FALSE
MPG;2021;649,86;10.1177/21582440211009223;FALSE
MPG;2021;2020,58;10.1177/23814683211042832;FALSE
MPG;2021;218,55;10.1177/2041669520938408;FALSE
MPG;2023;636,32;10.1177/20592043231181215;FALSE
MPG;2023;856,83;10.1177/20416695231215604;FALSE
MPG;2023;795,01;10.1177/23780231231192774;FALSE
MPG;2023;366,60;10.1177/20597991231160281;FALSE
MPG;2024;2159,25;10.1177/17562864241282633;FALSE
MPG;2024;313,71;10.1177/20416695241265821;FALSE
MPG;2024;695,85;10.1177/20592043241268726;FALSE
MPG;2025;2113,58;10.1177/11779322251321065;FALSE
MPG;2019;1749,89;10.1117/1.NPh.6.3.035008;FALSE
MPG;2017;1244,16;10.1186/s41476-017-0043-y;FALSE
MPG;2017;1608,19;10.1186/s12963-017-0151-3;FALSE
MPG;2020;599,04;10.1186/s40852-017-0065-0;FALSE
MPG;2020;921,60;10.1186/s13021-018-0093-5;FALSE
MPG;2020;1013,76;10.1140/EPJQT/S40507-019-0071-1;FALSE
MPG;2020;967,68;10.1007/s41109-019-0166-8;FALSE
MPG;2019;1221,12;10.1080/14686996.2019.1687255;FALSE
MPG;2019;1221,12;10.1080/14686996.2019.1655664;FALSE
MPG;2019;1520,64;10.1080/19420889.2019.1625661;FALSE
MPG;2020;0,00;10.1080/20008198.2020.1837512;FALSE
MPG;2020;1019,52;10.1080/20548923.2020.1759316;FALSE
MPG;2021;0,00;10.1080/27678490.2021.2016023;FALSE
MPG;2021;1048,32;10.1080/20548923.2021.1944479;FALSE
MPG;2022;840,96;10.1080/17445647.2022.2052767;FALSE
MPG;2024;1297,44;10.1080/13873954.2024.2328662;FALSE
MPG;2024;2467,58;10.1080/15592324.2024.2360298;FALSE
MPG;2024;1581,41;10.1080/23311886.2024.2359268;FALSE
MPG;2024;3104,06;10.1080/19490976.2024.2304158;FALSE
MPG;2024;758,88;10.1080/23779497.2024.2358754;FALSE
MPG;2024;2834,78;10.1080/10253890.2024.2345906;FALSE
MPG;2025;4127,33;10.1080/19420862.2025.2528902;FALSE
MPG;2025;3760,13;10.1080/19490976.2025.2587966;FALSE
MPG;2025;2815,20;10.1080/19336950.2025.2602975;FALSE
MPG;2025;3432,10;10.1080/15476286.2025.2580180;FALSE
MPG;2018;1522,53;10.1029/2018MS001383;FALSE
MPG;2018;1522,53;10.1029/2018MS001390;FALSE
MPG;2018;4478,04;10.1002/advs.201801837;FALSE
MPG;2018;4478,04;10.1002/advs.201801602;FALSE
MPG;2018;1397,15;10.1002/ece3.4724;FALSE
MPG;2018;1343,41;10.1002/ecs2.2514;FALSE
MPG;2018;2507,70;10.1111/pbi.13004;FALSE
MPG;2018;1522,53;10.1029/2017MS001233;FALSE
MPG;2018;1522,53;10.1029/2017MS001242;FALSE
MPG;2018;1522,53;10.1029/2018MS001312;FALSE
MPG;2018;1522,53;10.1029/2017MS001217;FALSE
MPG;2018;1522,53;10.1029/2017MS001239;FALSE
MPG;2018;1746,44;10.1002/ece3.4549;FALSE
MPG;2018;1719,57;10.1002/mbo3.694;FALSE
MPG;2018;1746,44;10.1002/ece3.4459;FALSE
MPG;2018;4478,04;10.1002/advs.201800446;FALSE
MPG;2018;4478,04;10.1002/advs.201800432;FALSE
MPG;2018;4478,04;10.1002/advs.201800346;FALSE
MPG;2018;1746,44;10.1002/ece3.4061;FALSE
MPG;2018;1397,15;10.1002/ece3.4088;FALSE
MPG;2018;4030,24;10.1002/advs.201800239;FALSE
MPG;2018;1397,15;10.1002/ece3.4246;FALSE
MPG;2018;1612,10;10.1002/2017EF000620;FALSE
MPG;2018;4478,04;10.1002/advs.201701000;FALSE
MPG;2018;4478,04;10.1002/advs.201700897;FALSE
MPG;2018;2597,26;10.1111/acel.12760;FALSE
MPG;2018;1934,51;10.1002/brb3.956;FALSE
MPG;2018;2418,14;10.1002/brb3.940;FALSE
MPG;2018;2239,02;10.1002/evl3.46;FALSE
MPG;2019;1524,64;10.1111/cas.13981;FALSE
MPG;2019;1497,60;10.1029/2019MS001677;FALSE
MPG;2019;3836,62;10.1002/advs.201900019;FALSE
MPG;2019;1405,44;10.1029/2018MS001447;FALSE
MPG;2019;1410,05;10.1002/ece3.5395;FALSE
MPG;2019;3836,62;10.1002/advs.201802315;FALSE
MPG;2019;3041,28;10.15252/emmm.201809448;FALSE
MPG;2019;1497,60;10.1029/2019MS001639;FALSE
MPG;2019;3041,28;10.15252/msb.20198870;FALSE
MPG;2019;1497,60;10.1029/2019MS001617;FALSE
MPG;2019;3836,62;10.1002/advs.201802199;FALSE
MPG;2019;1713,25;10.1111/gcbb.12672;FALSE
MPG;2019;1497,60;10.1029/2019MS001776;FALSE
MPG;2019;1860,71;10.1096/fba.2019-00085;FALSE
MPG;2019;3836,62;10.1002/advs.201902992;FALSE
MPG;2019;1497,60;10.1029/2019MS001698;FALSE
MPG;2019;1497,60;10.1029/2019MS001820;FALSE
MPG;2019;2672,00;10.1002/hbm.24916;FALSE
MPG;2019;3452,54;10.1002/advs.201902409;FALSE
MPG;2019;1290,24;10.1002/ecs2.2921;FALSE
MPG;2019;1463,04;10.1002/pld3.186;FALSE
MPG;2019;1497,60;10.1029/2019MS001746;FALSE
MPG;2019;3041,28;10.15252/emmm.201910427;FALSE
MPG;2019;1677,31;10.1002/mbo3.974;FALSE
MPG;2019;1232,18;10.1029/2019EA000686;FALSE
MPG;2019;3836,62;10.1002/advs.201901199;FALSE
MPG;2019;2144,56;10.1111/acel.13043;FALSE
MPG;2019;3041,28;10.15252/msb.20188793;FALSE
MPG;2019;1127,81;10.1002/ece3.5168;FALSE
MPG;2019;1513,27;10.1002/brb3.1308;FALSE
MPG;2020;2077,06;10.1002/evl3.207;FALSE
MPG;2021;4147,20;10.1002/ntls.10010;FALSE
MPG;2021;4147,20;10.1002/ntls.20210068;FALSE
MPG;2021;2145,02;10.1111/acel.13479;FALSE
MPG;2021;1559,81;10.1029/2021AV000414;FALSE
MPG;2021;4147,20;10.1002/ntls.10004;FALSE
MPG;2021;3168,00;10.1111/jav.02826;FALSE
MPG;2022;999,93;10.1112/tlm3.12046;FALSE
MPG;2024;2285,57;10.1002/edn3.593;FALSE
MPG;2024;1838,59;10.1155/2024/9692863;FALSE
