institution;period;doi;is_hybrid;euro
MPG;2017;10.1080/2055074X.2017.1287535;FALSE;
MPG;2017;10.1080/13506285.2017.1290729;TRUE;
MPG;2017;10.1080/01440365.2017.1289671;TRUE;
MPG;2017;10.1080/13504630.2017.1281467;TRUE;
MPG;2017;10.1080/23802359.2017.1289349;FALSE;
MPG;2017;10.1080/08916934.2017.1281914;TRUE;
