institution,period,euro,doi,is_hybrid,opt_out,publisher,journal_full_title,issn,issn_print,issn_electronic,issn_l,license_ref,indexed_in_crossref,pmid,pmcid,ut,url,doaj,agreement
University College Dublin,2026,,10.1145/3805621.3807628,FALSE,FALSE,,,,,,,,,,,,,,acm2026ie
University College Dublin,2026,,10.1145/3772318.3791446,FALSE,FALSE,,,,,,,,,,,,,,acm2026ie
Munster Technological University,2026,,10.1145/3777490.3777511,FALSE,FALSE,,,,,,,,,,,,,,acm2026ie
University College Dublin,2026,,10.1145/3773699.3776530,FALSE,FALSE,,,,,,,,,,,,,,acm2026ie
University of Galway,2026,,10.1145/3774905.3793132,FALSE,FALSE,,,,,,,,,,,,,,acm2026ie
University College Dublin,2026,,10.1145/3742413.3789127,FALSE,FALSE,,,,,,,,,,,,,,acm2026ie
University College Dublin,2026,,10.1145/3773966.3779398,FALSE,FALSE,,,,,,,,,,,,,,acm2026ie
Technological University Dublin,2026,,10.1145/3777490.3777498,FALSE,FALSE,,,,,,,,,,,,,,acm2026ie
University of Limerick,2026,,10.1145/3816425,FALSE,FALSE,,,,,,,,,,,,,,acm2026ie
Technological University Dublin,2026,,10.1145/3777490.3777497,FALSE,FALSE,,,,,,,,,,,,,,acm2026ie
Technological University Dublin,2026,,10.1145/3777490.3777507,FALSE,FALSE,,,,,,,,,,,,,,acm2026ie
Trinity College Dublin,2026,,10.1145/3742413.3789141,FALSE,FALSE,,,,,,,,,,,,,,acm2026ie
Maynooth University,2026,,10.1145/3777490.3777500,FALSE,FALSE,,,,,,,,,,,,,,acm2026ie
Technological University Dublin,2026,,10.1145/3777490.3777508,FALSE,FALSE,,,,,,,,,,,,,,acm2026ie
Technological University Dublin,2026,,10.1145/3772318.3791123,FALSE,FALSE,,,,,,,,,,,,,,acm2026ie
Dublin City University,2026,,10.1145/3746271.3776603,FALSE,FALSE,,,,,,,,,,,,,,acm2026ie
Dublin City University,2026,,10.1145/3779232.3779263,FALSE,FALSE,,,,,,,,,,,,,,acm2026ie
Technological University Dublin,2026,,10.1145/3820158,FALSE,FALSE,,,,,,,,,,,,,,acm2026ie
University College Dublin,2026,,10.1145/3777490.3777509,FALSE,FALSE,,,,,,,,,,,,,,acm2026ie
Technological University Dublin,2026,,10.1145/3777490.3777494,FALSE,FALSE,,,,,,,,,,,,,,acm2026ie
Technological University Dublin,2026,,10.1145/3787364.3787368,FALSE,FALSE,,,,,,,,,,,,,,acm2026ie
University College Dublin,2026,,10.1145/3793853.3799811,FALSE,FALSE,,,,,,,,,,,,,,acm2026ie
University College Dublin,2026,,10.1145/3774904.3792949,FALSE,FALSE,,,,,,,,,,,,,,acm2026ie
Technological University Dublin,2026,,10.1145/3777490.3777510,FALSE,FALSE,,,,,,,,,,,,,,acm2026ie
Trinity College Dublin,2026,,10.1145/3773699.3773960,FALSE,FALSE,,,,,,,,,,,,,,acm2026ie
University College Cork,2026,,10.1145/3785022.3785129,FALSE,FALSE,,,,,,,,,,,,,,acm2026ie
Munster Technological University,2026,,10.1145/3803418,FALSE,FALSE,,,,,,,,,,,,,,acm2026ie
University College Dublin,2026,,10.1145/3772318.3790380,FALSE,FALSE,,,,,,,,,,,,,,acm2026ie
Technological University Dublin,2026,,10.1145/3776734.3794357,FALSE,FALSE,,,,,,,,,,,,,,acm2026ie
Technological University Dublin,2026,,10.1145/3777490.3777504,FALSE,FALSE,,,,,,,,,,,,,,acm2026ie
University College Dublin,2026,,10.1145/3788149.3788168,FALSE,FALSE,,,,,,,,,,,,,,acm2026ie
University College Dublin,2026,,10.1145/3776734.3794355,FALSE,FALSE,,,,,,,,,,,,,,acm2026ie
Technological University Dublin,2026,,10.1145/3777490.3777501,FALSE,FALSE,,,,,,,,,,,,,,acm2026ie
Technological University Dublin,2026,,10.1145/3777490.3777491,FALSE,FALSE,,,,,,,,,,,,,,acm2026ie
Technological University Dublin,2026,,10.1145/3777490.3777493,FALSE,FALSE,,,,,,,,,,,,,,acm2026ie
Dublin City University,2026,,10.1145/3774905.3794653,FALSE,FALSE,,,,,,,,,,,,,,acm2026ie
University College Dublin,2026,,10.1145/3800645.3812957,FALSE,FALSE,,,,,,,,,,,,,,acm2026ie
University College Dublin,2026,,10.1145/3800645.3813076,FALSE,FALSE,,,,,,,,,,,,,,acm2026ie
University of Limerick,2026,,10.1145/3786179.3788324,FALSE,FALSE,,,,,,,,,,,,,,acm2026ie
University College Cork,2026,,10.1145/3788063,FALSE,FALSE,,,,,,,,,,,,,,acm2026ie
University College Dublin,2026,,10.1145/3772318.3791835,FALSE,FALSE,,,,,,,,,,,,,,acm2026ie
University College Dublin,2026,,10.1145/3795766.3799774,FALSE,FALSE,,,,,,,,,,,,,,acm2026ie
University of Limerick,2026,,10.1145/3789492.3796405,FALSE,FALSE,,,,,,,,,,,,,,acm2026ie
University College Dublin,2026,,10.1145/3794209.3794282,FALSE,FALSE,,,,,,,,,,,,,,acm2026ie
University of Limerick,2026,,10.1145/3789492.3796401,FALSE,FALSE,,,,,,,,,,,,,,acm2026ie
University College Dublin,2026,,10.1145/3772318.3790628,FALSE,FALSE,,,,,,,,,,,,,,acm2026ie
Trinity College Dublin,2026,,10.1145/3774935.3806186,FALSE,FALSE,,,,,,,,,,,,,,acm2026ie
University of Limerick,2026,,10.1145/3789492.3796389,FALSE,FALSE,,,,,,,,,,,,,,acm2026ie
Dublin City University,2026,,10.1145/3805622.3810427,FALSE,FALSE,,,,,,,,,,,,,,acm2026ie
University College Dublin,2026,,10.1145/3800645.3812824,FALSE,FALSE,,,,,,,,,,,,,,acm2026ie
Trinity College Dublin,2026,,10.1145/3772318.3791785,FALSE,FALSE,,,,,,,,,,,,,,acm2026ie
University of Galway,2026,,10.1145/3772318.3790427,FALSE,FALSE,,,,,,,,,,,,,,acm2026ie
Trinity College Dublin,2026,,10.1145/3805689.3806809,FALSE,FALSE,,,,,,,,,,,,,,acm2026ie
University College Dublin,2026,,10.1145/3805689.3812278,FALSE,FALSE,,,,,,,,,,,,,,acm2026ie
University College Dublin,2026,,10.1145/3773077.3806115,FALSE,FALSE,,,,,,,,,,,,,,acm2026ie
University College Dublin,2026,,10.1145/3805689.3812349,FALSE,FALSE,,,,,,,,,,,,,,acm2026ie
Trinity College Dublin,2026,,10.1145/3805689.3806740,FALSE,FALSE,,,,,,,,,,,,,,acm2026ie
University College Cork,2026,,10.1115/1.4071519,TRUE,FALSE,,,,,,,,,,,,,,asme2025ie
University College Cork,2026,,10.1115/1.4071942,TRUE,FALSE,,,,,,,,,,,,,,asme2025ie
University College Dublin,2026,,10.1017/s0940739126100253,FALSE,FALSE,,,,,,,,,,,,,,cam2026ie
University College Cork,2026,,10.1017/s0018246x26101472,FALSE,FALSE,,,,,,,,,,,,,,cam2026ie
Trinity College Dublin,2026,,10.1017/s1368980026102195,FALSE,FALSE,,,,,,,,,,,,,,cam2026ie
University of Limerick,2026,,10.1017/jfm.2026.11402,TRUE,FALSE,,,,,,,,,,,,,,cam2026ie
Trinity College Dublin,2026,,10.1017/ipm.2026.10187,TRUE,FALSE,,,,,,,,,,,,,,cam2026ie
Teagasc,2026,,10.1017/wsc.2026.10095,FALSE,FALSE,,,,,,,,,,,,,,cam2026ie
University of Galway,2026,,10.1017/s0033291726103596,FALSE,FALSE,,,,,,,,,,,,,,cam2026ie
Maynooth University,2026,,10.1017/lst.2026.10110,TRUE,FALSE,,,,,,,,,,,,,,cam2026ie
Royal College of Surgeons in Ireland,2026,,10.1017/s0022215126104538,TRUE,FALSE,,,,,,,,,,,,,,cam2026ie
Munster Technological University,2026,,10.1017/s0021859626100562,TRUE,FALSE,,,,,,,,,,,,,,cam2026ie
University of Limerick,2026,,10.1017/lst.2026.10112,TRUE,FALSE,,,,,,,,,,,,,,cam2026ie
University College Dublin,2026,,10.1017/ipm.2026.10183,TRUE,FALSE,,,,,,,,,,,,,,cam2026ie
Royal College of Surgeons in Ireland,2026,,10.1017/s0266462326103493,FALSE,FALSE,,,,,,,,,,,,,,cam2026ie
University of Galway,2026,,10.1017/ipm.2026.10185,TRUE,FALSE,,,,,,,,,,,,,,cam2026ie
University of Galway,2026,,10.1017/ipm.2026.10184,TRUE,FALSE,,,,,,,,,,,,,,cam2026ie
Royal College of Surgeons in Ireland,2026,,10.1017/ipm.2026.10182,TRUE,FALSE,,,,,,,,,,,,,,cam2026ie
University College Cork,2026,,10.1017/s0029665126102201,TRUE,FALSE,,,,,,,,,,,,,,cam2026ie
University College Cork,2026,,10.1017/s0029665126102195,TRUE,FALSE,,,,,,,,,,,,,,cam2026ie
University College Dublin,2026,,10.1017/ipm.2026.10173,TRUE,FALSE,,,,,,,,,,,,,,cam2026ie
University College Cork,2026,,10.1192/bjo.2026.10978,FALSE,FALSE,,,,,,,,,,,,,,cam2026ie
University College Dublin,2026,,10.1017/s0007114526106874,TRUE,FALSE,,,,,,,,,,,,,,cam2026ie
Trinity College Dublin,2026,,10.1180/mgm.2026.10206,TRUE,FALSE,,,,,,,,,,,,,,cam2026ie
University College Dublin,2026,,10.1017/s0033291726104139,FALSE,FALSE,,,,,,,,,,,,,,cam2026ie
Royal College of Surgeons in Ireland,2026,,10.1017/ash.2026.10369,FALSE,FALSE,,,,,,,,,,,,,,cam2026ie
Trinity College Dublin,2026,,10.1017/ice.2026.10439,TRUE,FALSE,,,,,,,,,,,,,,cam2026ie
Royal College of Surgeons in Ireland,2026,,10.1017/ipm.2026.10192,TRUE,FALSE,,,,,,,,,,,,,,cam2026ie
Royal College of Surgeons in Ireland,2026,,10.1017/ipm.2026.10193,TRUE,FALSE,,,,,,,,,,,,,,cam2026ie
Trinity College Dublin,2026,,10.1017/pub.2026.10165,FALSE,FALSE,,,,,,,,,,,,,,cam2026ie
Dublin City University,2026,,10.1017/ipm.2026.10189,TRUE,FALSE,,,,,,,,,,,,,,cam2026ie
Dublin City University,2026,,10.1017/s147567652610108x,FALSE,FALSE,,,,,,,,,,,,,,cam2026ie
University College Dublin,2026,,10.1016/j.tplants.2026.05.008,TRUE,FALSE,,,,,,,,,,,,,,els2024ie
Trinity College Dublin,2026,,10.1016/j.ymthe.2026.04.054,TRUE,FALSE,,,,,,,,,,,,,,els2024ie
Royal College of Surgeons in Ireland,2026,,10.1016/j.molmed.2026.04.008,TRUE,FALSE,,,,,,,,,,,,,,els2024ie
University College Cork,2026,,10.1016/j.tim.2026.04.006,TRUE,FALSE,,,,,,,,,,,,,,els2024ie
University College Cork,2026,,10.1016/j.chom.2026.03.017,TRUE,FALSE,,,,,,,,,,,,,,els2024ie
University of Limerick,2026,,10.1016/j.actpsy.2026.107215,TRUE,FALSE,,,,,,,,,,,,,,els2026ie
University College Dublin,2026,,10.1016/j.matchemphys.2026.132775,TRUE,FALSE,,,,,,,,,,,,,,els2026ie
Munster Technological University,2026,,10.1016/j.applthermaleng.2026.131727,TRUE,FALSE,,,,,,,,,,,,,,els2026ie
University College Dublin,2026,,10.1016/j.resp.2026.104608,TRUE,FALSE,,,,,,,,,,,,,,els2026ie
Technological University Dublin,2026,,10.1016/j.rio.2026.101062,TRUE,FALSE,,,,,,,,,,,,,,els2026ie
University of Limerick,2026,,10.1016/j.hfh.2026.100144,TRUE,FALSE,,,,,,,,,,,,,,els2026ie
Royal College of Surgeons in Ireland,2026,,10.1016/j.jcis.2026.140895,TRUE,FALSE,,,,,,,,,,,,,,els2026ie
Dublin City University,2026,,10.1016/j.colsurfb.2026.115904,TRUE,FALSE,,,,,,,,,,,,,,els2026ie
University College Dublin,2026,,10.1016/j.foodcont.2026.112376,TRUE,FALSE,,,,,,,,,,,,,,els2026ie
University of Galway,2026,,10.1016/j.inoche.2026.117023,TRUE,FALSE,,,,,,,,,,,,,,els2026ie
University of Limerick,2026,,10.1016/j.jsams.2026.06.003,TRUE,FALSE,,,,,,,,,,,,,,els2026ie
Trinity College Dublin,2026,,10.1016/j.nbsj.2026.100351,TRUE,FALSE,,,,,,,,,,,,,,els2026ie
Maynooth University,2026,,10.1016/j.jip.2026.108677,TRUE,FALSE,,,,,,,,,,,,,,els2026ie
University College Dublin,2026,,10.1016/j.foodres.2026.119633,TRUE,FALSE,,,,,,,,,,,,,,els2026ie
University College Cork,2026,,10.1016/j.ejon.2026.103238,TRUE,FALSE,,,,,,,,,,,,,,els2026ie
Royal College of Surgeons in Ireland,2026,,10.1016/j.nepr.2026.104878,TRUE,FALSE,,,,,,,,,,,,,,els2026ie
University of Limerick,2026,,10.1016/j.ijft.2026.101655,TRUE,FALSE,,,,,,,,,,,,,,els2026ie
Atlantic Technological University,2026,,10.1016/j.ibmed.2026.100407,TRUE,FALSE,,,,,,,,,,,,,,els2026ie
University College Dublin,2026,,10.1016/j.ejogrb.2026.115238,TRUE,FALSE,,,,,,,,,,,,,,els2026ie
University College Dublin,2026,,10.1016/j.foodres.2026.119660,TRUE,FALSE,,,,,,,,,,,,,,els2026ie
University College Cork,2026,,10.1016/j.fufo.2026.101082,TRUE,FALSE,,,,,,,,,,,,,,els2026ie
Dublin City University,2026,,10.1016/j.eti.2026.105019,TRUE,FALSE,,,,,,,,,,,,,,els2026ie
Munster Technological University,2026,,10.1016/j.ibneur.2026.06.004,TRUE,FALSE,,,,,,,,,,,,,,els2026ie
Royal College of Surgeons in Ireland,2026,,10.1016/j.semarthrit.2026.153007,TRUE,FALSE,,,,,,,,,,,,,,els2026ie
Dublin City University,2026,,10.1016/j.atech.2026.102273,TRUE,FALSE,,,,,,,,,,,,,,els2026ie
University College Cork,2026,,10.1016/j.apgeog.2026.104075,TRUE,FALSE,,,,,,,,,,,,,,els2026ie
University of Galway,2026,,10.1016/j.ijhydene.2026.155753,TRUE,FALSE,,,,,,,,,,,,,,els2026ie
University College Dublin,2026,,10.1016/j.foodqual.2026.105990,TRUE,FALSE,,,,,,,,,,,,,,els2026ie
University College Cork,2026,,10.1016/j.plabm.2026.e00543,TRUE,FALSE,,,,,,,,,,,,,,els2026ie
Royal College of Surgeons in Ireland,2026,,10.1016/j.injury.2026.113402,TRUE,FALSE,,,,,,,,,,,,,,els2026ie
University College Dublin,2026,,10.1016/j.jid.2026.05.022,TRUE,FALSE,,,,,,,,,,,,,,els2026ie
Royal College of Surgeons in Ireland,2026,,10.1016/j.solener.2026.114759,TRUE,FALSE,,,,,,,,,,,,,,els2026ie
University College Dublin,2026,,10.1016/j.theriogenology.2026.118021,TRUE,FALSE,,,,,,,,,,,,,,els2026ie
University College Cork,2026,,10.1016/j.energy.2026.141495,TRUE,FALSE,,,,,,,,,,,,,,els2026ie
University College Cork,2026,,10.1016/j.ijpharm.2026.127051,TRUE,FALSE,,,,,,,,,,,,,,els2026ie
Maynooth University,2026,,10.1016/j.snb.2026.140303,TRUE,FALSE,,,,,,,,,,,,,,els2026ie
University College Dublin,2026,,10.1016/j.eja.2026.128198,TRUE,FALSE,,,,,,,,,,,,,,els2026ie
Trinity College Dublin,2026,,10.1016/j.mtadv.2026.100825,TRUE,FALSE,,,,,,,,,,,,,,els2026ie
University of Limerick,2026,,10.1016/j.ecmx.2026.102034,TRUE,FALSE,,,,,,,,,,,,,,els2026ie
University of Limerick,2026,,10.1016/j.ijlp.2026.102238,TRUE,FALSE,,,,,,,,,,,,,,els2026ie
University of Limerick,2026,,10.1016/j.energy.2026.141545,TRUE,FALSE,,,,,,,,,,,,,,els2026ie
University College Cork,2026,,10.1016/j.ejps.2026.107572,TRUE,FALSE,,,,,,,,,,,,,,els2026ie
Dublin City University,2026,,10.1016/j.artmed.2026.103460,TRUE,FALSE,,,,,,,,,,,,,,els2026ie
Trinity College Dublin,2026,,10.1016/j.ijid.2026.108849,TRUE,FALSE,,,,,,,,,,,,,,els2026ie
Trinity College Dublin,2026,,10.1016/j.quageo.2026.101748,TRUE,FALSE,,,,,,,,,,,,,,els2026ie
Trinity College Dublin,2026,,10.1016/j.jmrt.2026.06.008,TRUE,FALSE,,,,,,,,,,,,,,els2026ie
University College Cork,2026,,10.1016/j.fufo.2026.101058,TRUE,FALSE,,,,,,,,,,,,,,els2026ie
University College Dublin,2026,,10.1016/j.annale.2026.100223,TRUE,FALSE,,,,,,,,,,,,,,els2026ie
University of Limerick,2026,,10.1016/j.afres.2026.102182,TRUE,FALSE,,,,,,,,,,,,,,els2026ie
University College Dublin,2026,,10.1016/j.envint.2026.110346,TRUE,FALSE,,,,,,,,,,,,,,els2026ie
University of Galway,2026,,10.1016/j.biortech.2026.135050,TRUE,FALSE,,,,,,,,,,,,,,els2026ie
University of Galway,2026,,10.1016/j.biortech.2026.135055,TRUE,FALSE,,,,,,,,,,,,,,els2026ie
Trinity College Dublin,2026,,10.1016/j.trip.2026.102093,TRUE,FALSE,,,,,,,,,,,,,,els2026ie
University of Galway,2026,,10.1016/j.scitotenv.2026.181924,TRUE,FALSE,,,,,,,,,,,,,,els2026ie
University of Galway,2026,,10.1016/j.jenvrad.2026.108056,TRUE,FALSE,,,,,,,,,,,,,,els2026ie
Technological University Dublin,2026,,10.1016/j.enbuild.2026.117734,TRUE,FALSE,,,,,,,,,,,,,,els2026ie
University of Galway,2026,,10.1016/j.jvcir.2026.104846,TRUE,FALSE,,,,,,,,,,,,,,els2026ie
University College Dublin,2026,,10.1016/j.toxrep.2026.102285,TRUE,FALSE,,,,,,,,,,,,,,els2026ie
Royal College of Surgeons in Ireland,2026,,10.1016/j.tcr.2026.101385,TRUE,FALSE,,,,,,,,,,,,,,els2026ie
Technological University of the Shannon: Midlands Midwest,2026,,10.1016/j.iswa.2026.200681,TRUE,FALSE,,,,,,,,,,,,,,els2026ie
University College Dublin,2026,,10.1016/j.maturitas.2026.109004,TRUE,FALSE,,,,,,,,,,,,,,els2026ie
Maynooth University,2026,,10.1016/j.tre.2026.104983,TRUE,FALSE,,,,,,,,,,,,,,els2026ie
Trinity College Dublin,2026,,10.1016/j.jmbbm.2026.107485,TRUE,FALSE,,,,,,,,,,,,,,els2026ie
University of Galway,2026,,10.1016/j.dib.2026.112895,TRUE,FALSE,,,,,,,,,,,,,,els2026ie
University College Dublin,2026,,10.1016/j.enconman.2026.121723,TRUE,FALSE,,,,,,,,,,,,,,els2026ie
University of Galway,2026,,10.1016/j.jclepro.2026.148579,TRUE,FALSE,,,,,,,,,,,,,,els2026ie
Technological University of the Shannon: Midlands Midwest,2026,,10.1016/j.cscm.2026.e06188,TRUE,FALSE,,,,,,,,,,,,,,els2026ie
Trinity College Dublin,2026,,10.1016/j.rset.2026.100149,TRUE,FALSE,,,,,,,,,,,,,,els2026ie
University College Cork,2026,,10.1016/j.nexres.2026.101944,TRUE,FALSE,,,,,,,,,,,,,,els2026ie
University College Cork,2026,,10.1016/j.compchemeng.2026.109725,TRUE,FALSE,,,,,,,,,,,,,,els2026ie
Royal College of Surgeons in Ireland,2026,,10.1016/j.jtv.2026.101020,TRUE,FALSE,,,,,,,,,,,,,,els2026ie
Trinity College Dublin,2026,,10.1016/j.tipsro.2026.100413,TRUE,FALSE,,,,,,,,,,,,,,els2026ie
Trinity College Dublin,2026,,10.1016/j.ijnsa.2026.100574,TRUE,FALSE,,,,,,,,,,,,,,els2026ie
Dublin City University,2026,,10.1016/j.ijnsa.2026.100579,TRUE,FALSE,,,,,,,,,,,,,,els2026ie
Dublin City University,2026,,10.1016/j.cities.2026.107191,TRUE,FALSE,,,,,,,,,,,,,,els2026ie
Trinity College Dublin,2026,,10.1016/j.jenvman.2026.130057,TRUE,FALSE,,,,,,,,,,,,,,els2026ie
Munster Technological University,2026,,10.1016/j.epsr.2026.113357,TRUE,FALSE,,,,,,,,,,,,,,els2026ie
Royal College of Surgeons in Ireland,2026,,10.1016/j.bbi.2026.106839,TRUE,FALSE,,,,,,,,,,,,,,els2026ie
University of Limerick,2026,,10.1016/j.jsams.2026.05.011,TRUE,FALSE,,,,,,,,,,,,,,els2026ie
University College Dublin,2026,,10.1016/j.ynstr.2026.100824,TRUE,FALSE,,,,,,,,,,,,,,els2026ie
University College Dublin,2026,,10.1016/j.tjnut.2026.101611,TRUE,FALSE,,,,,,,,,,,,,,els2026ie
University College Cork,2026,,10.1016/j.compag.2026.111951,TRUE,FALSE,,,,,,,,,,,,,,els2026ie
University College Dublin,2026,,10.1016/j.tifs.2026.105834,TRUE,FALSE,,,,,,,,,,,,,,els2026ie
University of Galway,2026,,10.1016/j.ecss.2026.109999,TRUE,FALSE,,,,,,,,,,,,,,els2026ie
University College Dublin,2026,,10.1016/j.foodchem.2026.149778,TRUE,FALSE,,,,,,,,,,,,,,els2026ie
University of Limerick,2026,,10.1016/j.energy.2026.141465,TRUE,FALSE,,,,,,,,,,,,,,els2026ie
University of Galway,2026,,10.1016/j.redox.2026.104231,TRUE,FALSE,,,,,,,,,,,,,,els2026ie
University College Dublin,2026,,10.1016/j.jcp.2026.115056,TRUE,FALSE,,,,,,,,,,,,,,els2026ie
Trinity College Dublin,2026,,10.1016/j.physio.2026.102337,TRUE,FALSE,,,,,,,,,,,,,,els2026ie
University of Limerick,2026,,10.1016/j.mattod.2026.103397,TRUE,FALSE,,,,,,,,,,,,,,els2026ie
Trinity College Dublin,2026,,10.1016/j.meaene.2026.100103,TRUE,FALSE,,,,,,,,,,,,,,els2026ie
University College Dublin,2026,,10.1016/j.envint.2026.110322,TRUE,FALSE,,,,,,,,,,,,,,els2026ie
Dublin City University,2026,,10.1016/j.electstud.2026.103089,TRUE,FALSE,,,,,,,,,,,,,,els2026ie
University College Dublin,2026,,10.1016/j.poly.2026.118201,TRUE,FALSE,,,,,,,,,,,,,,els2026ie
University College Dublin,2026,,10.1016/j.tifs.2026.105824,TRUE,FALSE,,,,,,,,,,,,,,els2026ie
Dublin City University,2026,,10.1016/j.seppur.2026.138549,TRUE,FALSE,,,,,,,,,,,,,,els2026ie
University College Dublin,2026,,10.1016/j.ijchp.2026.100694,TRUE,FALSE,,,,,,,,,,,,,,els2026ie
Maynooth University,2026,,10.1016/j.ecmx.2026.101963,TRUE,FALSE,,,,,,,,,,,,,,els2026ie
University College Dublin,2026,,10.1016/j.ijnurstu.2026.105583,TRUE,FALSE,,,,,,,,,,,,,,els2026ie
Royal College of Surgeons in Ireland,2026,,10.1016/j.actbio.2026.05.024,TRUE,FALSE,,,,,,,,,,,,,,els2026ie
University College Cork,2026,,10.1016/j.jmir.2026.102452,TRUE,FALSE,,,,,,,,,,,,,,els2026ie
Maynooth University,2026,,10.1016/j.electacta.2026.149140,TRUE,FALSE,,,,,,,,,,,,,,els2026ie
University College Dublin,2026,,10.1016/j.techfore.2026.124759,TRUE,FALSE,,,,,,,,,,,,,,els2026ie
University College Dublin,2026,,10.1016/j.landusepol.2026.108105,TRUE,FALSE,,,,,,,,,,,,,,els2026ie
University College Dublin,2026,,10.1016/j.jenvman.2026.130004,TRUE,FALSE,,,,,,,,,,,,,,els2026ie
Trinity College Dublin,2026,,10.1016/j.precamres.2026.108161,TRUE,FALSE,,,,,,,,,,,,,,els2026ie
University College Cork,2026,,10.1016/j.bbi.2026.106815,TRUE,FALSE,,,,,,,,,,,,,,els2026ie
University College Dublin,2026,,10.1016/j.cnsns.2026.110149,TRUE,FALSE,,,,,,,,,,,,,,els2026ie
University College Dublin,2026,,10.1016/j.jcou.2026.103462,TRUE,FALSE,,,,,,,,,,,,,,els2026ie
Trinity College Dublin,2026,,10.1016/j.iccn.2026.104458,TRUE,FALSE,,,,,,,,,,,,,,els2026ie
Technological University of the Shannon: Midlands Midwest,2026,,10.1016/j.biteb.2026.102814,TRUE,FALSE,,,,,,,,,,,,,,els2026ie
University College Dublin,2026,,10.1016/j.foodchem.2026.149673,TRUE,FALSE,,,,,,,,,,,,,,els2026ie
Dublin City University,2026,,10.1016/j.tate.2026.105603,TRUE,FALSE,,,,,,,,,,,,,,els2026ie
University College Dublin,2026,,10.1016/j.comppsych.2026.152714,TRUE,FALSE,,,,,,,,,,,,,,els2026ie
University of Galway,2026,,10.1016/j.ophtha.2026.05.013,TRUE,FALSE,,,,,,,,,,,,,,els2026ie
Trinity College Dublin,2026,,10.1016/j.diagmicrobio.2026.117458,TRUE,FALSE,,,,,,,,,,,,,,els2026ie
Trinity College Dublin,2026,,10.1016/j.ecolecon.2026.109039,TRUE,FALSE,,,,,,,,,,,,,,els2026ie
University College Dublin,2026,,10.1016/j.dld.2026.05.008,TRUE,FALSE,,,,,,,,,,,,,,els2026ie
University College Cork,2026,,10.1016/j.esr.2026.102275,TRUE,FALSE,,,,,,,,,,,,,,els2026ie
Dublin City University,2026,,10.1016/j.rineng.2026.111083,TRUE,FALSE,,,,,,,,,,,,,,els2026ie
Atlantic Technological University,2026,,10.1016/j.tfp.2026.101308,TRUE,FALSE,,,,,,,,,,,,,,els2026ie
Technological University of the Shannon: Midlands Midwest,2026,,10.1016/j.ijpharm.2026.126987,TRUE,FALSE,,,,,,,,,,,,,,els2026ie
Trinity College Dublin,2026,,10.1016/j.cemconcomp.2026.106675,TRUE,FALSE,,,,,,,,,,,,,,els2026ie
University of Galway,2026,,10.1016/j.wri.2026.100372,TRUE,FALSE,,,,,,,,,,,,,,els2026ie
Trinity College Dublin,2026,,10.1016/j.istruc.2026.112105,TRUE,FALSE,,,,,,,,,,,,,,els2026ie
University College Cork,2026,,10.1016/j.fhfh.2026.100288,TRUE,FALSE,,,,,,,,,,,,,,els2026ie
University College Dublin,2026,,10.1016/j.oceaneng.2026.126055,TRUE,FALSE,,,,,,,,,,,,,,els2026ie
University of Galway,2026,,10.1016/j.biopha.2026.119533,TRUE,FALSE,,,,,,,,,,,,,,els2026ie
Maynooth University,2026,,10.1016/j.ptsp.2026.101936,TRUE,FALSE,,,,,,,,,,,,,,els2026ie
Dundalk Institute of Technology,2026,,10.1016/j.crm.2026.100826,TRUE,FALSE,,,,,,,,,,,,,,els2026ie
University College Dublin,2026,,10.1016/j.jfoodeng.2026.113165,TRUE,FALSE,,,,,,,,,,,,,,els2026ie
University of Limerick,2026,,10.1016/j.socscimed.2026.119373,TRUE,FALSE,,,,,,,,,,,,,,els2026ie
Dublin City University,2026,,10.1016/j.jairtraman.2026.103052,TRUE,FALSE,,,,,,,,,,,,,,els2026ie
University of Limerick,2026,,10.1016/j.intaccaudtax.2026.100778,TRUE,FALSE,,,,,,,,,,,,,,els2026ie
University College Cork,2026,,10.1016/j.frl.2026.110172,TRUE,FALSE,,,,,,,,,,,,,,els2026ie
University College Dublin,2026,,10.1016/j.jaclp.2026.05.003,TRUE,FALSE,,,,,,,,,,,,,,els2026ie
Maynooth University,2026,,10.1016/j.jalgebra.2026.04.044,TRUE,FALSE,,,,,,,,,,,,,,els2026ie
University College Dublin,2026,,10.1016/j.tranpol.2026.104189,TRUE,FALSE,,,,,,,,,,,,,,els2026ie
University of Limerick,2026,,10.1016/j.ssaho.2026.102774,TRUE,FALSE,,,,,,,,,,,,,,els2026ie
University of Limerick,2026,,10.1016/j.tice.2026.103600,TRUE,FALSE,,,,,,,,,,,,,,els2026ie
University of Galway,2026,,10.1016/j.intimp.2026.116837,TRUE,FALSE,,,,,,,,,,,,,,els2026ie
Royal College of Surgeons in Ireland,2026,,10.1016/j.jpra.2026.05.009,TRUE,FALSE,,,,,,,,,,,,,,els2026ie
University College Dublin,2026,,10.1016/j.clet.2026.101221,TRUE,FALSE,,,,,,,,,,,,,,els2026ie
Trinity College Dublin,2026,,10.1016/j.jstrokecerebrovasdis.2026.108652,TRUE,FALSE,,,,,,,,,,,,,,els2026ie
Royal College of Surgeons in Ireland,2026,,10.1016/j.wneu.2026.125048,TRUE,FALSE,,,,,,,,,,,,,,els2026ie
Trinity College Dublin,2026,,10.1016/j.ssaho.2026.102848,TRUE,FALSE,,,,,,,,,,,,,,els2026ie
Trinity College Dublin,2026,,10.1016/j.jtha.2026.04.035,TRUE,FALSE,,,,,,,,,,,,,,els2026ie
University College Cork,2026,,10.1016/j.cptl.2026.102683,TRUE,FALSE,,,,,,,,,,,,,,els2026ie
Royal College of Surgeons in Ireland,2026,,10.1016/j.artd.2026.102062,TRUE,FALSE,,,,,,,,,,,,,,els2026ie
Trinity College Dublin,2026,,10.1016/j.tipsro.2026.100412,TRUE,FALSE,,,,,,,,,,,,,,els2026ie
University College Cork,2026,,10.1016/j.ssmqr.2026.100774,TRUE,FALSE,,,,,,,,,,,,,,els2026ie
University College Dublin,2026,,10.3168/jds.2025-27549,TRUE,FALSE,,,,,,,,,,,,,,els2026ie
University College Dublin,2026,,10.1016/j.microc.2026.118267,TRUE,FALSE,,,,,,,,,,,,,,els2026ie
Technological University of the Shannon: Midlands Midwest,2026,,10.1016/j.matdes.2026.116134,TRUE,FALSE,,,,,,,,,,,,,,els2026ie
University College Dublin,2026,,10.1016/j.ecss.2026.109961,TRUE,FALSE,,,,,,,,,,,,,,els2026ie
Royal College of Surgeons in Ireland,2026,,10.1016/j.ejrad.2026.112914,TRUE,FALSE,,,,,,,,,,,,,,els2026ie
Atlantic Technological University,2026,,10.1016/j.ocecoaman.2026.108231,TRUE,FALSE,,,,,,,,,,,,,,els2026ie
Royal College of Surgeons in Ireland,2026,,10.1016/j.jtv.2026.101016,TRUE,FALSE,,,,,,,,,,,,,,els2026ie
Trinity College Dublin,2026,,10.1016/j.ecoinf.2026.103793,TRUE,FALSE,,,,,,,,,,,,,,els2026ie
University of Galway,2026,,10.1016/j.atech.2026.102189,TRUE,FALSE,,,,,,,,,,,,,,els2026ie
University of Limerick,2026,,10.1016/j.nexus.2026.100723,TRUE,FALSE,,,,,,,,,,,,,,els2026ie
University of Galway,2026,,10.1016/j.jpedcp.2026.200215,TRUE,FALSE,,,,,,,,,,,,,,els2026ie
Atlantic Technological University,2026,,10.1016/j.nexres.2026.101829,TRUE,FALSE,,,,,,,,,,,,,,els2026ie
University College Cork,2026,,10.1016/j.carres.2026.109946,TRUE,FALSE,,,,,,,,,,,,,,els2026ie
University College Cork,2026,,10.1016/j.ijmecsci.2026.111698,TRUE,FALSE,,,,,,,,,,,,,,els2026ie
Trinity College Dublin,2026,,10.1016/j.tafmec.2026.105658,TRUE,FALSE,,,,,,,,,,,,,,els2026ie
University of Galway,2026,,10.1016/j.compstruct.2026.120409,TRUE,FALSE,,,,,,,,,,,,,,els2026ie
Trinity College Dublin,2026,,10.1016/j.jdent.2026.106735,TRUE,FALSE,,,,,,,,,,,,,,els2026ie
University of Limerick,2026,,10.1016/j.anireprosci.2026.108231,TRUE,FALSE,,,,,,,,,,,,,,els2026ie
Trinity College Dublin,2026,,10.1016/j.mtbio.2026.103190,TRUE,FALSE,,,,,,,,,,,,,,els2026ie
University College Dublin,2026,,10.1016/j.rineng.2026.110848,TRUE,FALSE,,,,,,,,,,,,,,els2026ie
Trinity College Dublin,2026,,10.1016/j.cocr.2026.100026,TRUE,FALSE,,,,,,,,,,,,,,els2026ie
Royal College of Surgeons in Ireland,2026,,10.1016/j.nexres.2026.101842,TRUE,FALSE,,,,,,,,,,,,,,els2026ie
University of Galway,2026,,10.1016/j.compeleceng.2026.111217,TRUE,FALSE,,,,,,,,,,,,,,els2026ie
University of Limerick,2026,,10.1016/j.ergon.2026.103968,TRUE,FALSE,,,,,,,,,,,,,,els2026ie
University College Dublin,2026,,10.1016/j.appet.2026.108580,TRUE,FALSE,,,,,,,,,,,,,,els2026ie
Royal College of Surgeons in Ireland,2026,,10.1016/j.avsg.2026.04.031,TRUE,FALSE,,,,,,,,,,,,,,els2026ie
University of Galway,2026,,10.1016/j.jddst.2026.108432,TRUE,FALSE,,,,,,,,,,,,,,els2026ie
University College Dublin,2026,,10.1016/j.jcomm.2026.100562,TRUE,FALSE,,,,,,,,,,,,,,els2026ie
Trinity College Dublin,2026,,10.1016/j.sleepx.2026.100187,TRUE,FALSE,,,,,,,,,,,,,,els2026ie
South East Technological University,2026,,10.1016/j.nedt.2026.107143,TRUE,FALSE,,,,,,,,,,,,,,els2026ie
University College Dublin,2026,,10.1016/j.plaphy.2026.111352,TRUE,FALSE,,,,,,,,,,,,,,els2026ie
Royal College of Surgeons in Ireland,2026,,10.1016/j.surge.2026.04.008,TRUE,FALSE,,,,,,,,,,,,,,els2026ie
University of Galway,2026,,10.1016/j.ref.2026.100866,TRUE,FALSE,,,,,,,,,,,,,,els2026ie
Royal College of Surgeons in Ireland,2026,,10.1016/j.jarlif.2026.100072,TRUE,FALSE,,,,,,,,,,,,,,els2026ie
Dublin City University,2026,,10.1016/j.egycc.2026.100248,TRUE,FALSE,,,,,,,,,,,,,,els2026ie
University College Cork,2026,,10.1016/j.foodchem.2026.149492,TRUE,FALSE,,,,,,,,,,,,,,els2026ie
Technological University Dublin,2026,,10.1016/j.icheatmasstransfer.2026.111400,TRUE,FALSE,,,,,,,,,,,,,,els2026ie
Maynooth University,2026,,10.1016/j.egyr.2026.109361,TRUE,FALSE,,,,,,,,,,,,,,els2026ie
University College Dublin,2026,,10.1016/j.postharvbio.2026.114417,TRUE,FALSE,,,,,,,,,,,,,,els2026ie
University College Dublin,2026,,10.1016/j.rvsc.2026.106232,TRUE,FALSE,,,,,,,,,,,,,,els2026ie
University College Dublin,2026,,10.1016/j.foodchem.2026.149370,TRUE,FALSE,,,,,,,,,,,,,,els2026ie
Maynooth University,2026,,10.1016/j.langsci.2026.101834,TRUE,FALSE,,,,,,,,,,,,,,els2026ie
University College Cork,2026,,10.1016/j.mar.2026.100965,TRUE,FALSE,,,,,,,,,,,,,,els2026ie
Dublin City University,2026,,10.1016/j.ibneur.2026.04.013,TRUE,FALSE,,,,,,,,,,,,,,els2026ie
Trinity College Dublin,2026,,10.1016/j.gimo.2026.104402,TRUE,FALSE,,,,,,,,,,,,,,els2026ie
University of Limerick,2026,,10.1016/j.midw.2026.104835,TRUE,FALSE,,,,,,,,,,,,,,els2026ie
Royal College of Surgeons in Ireland,2026,,10.1016/j.drugpo.2026.105321,TRUE,FALSE,,,,,,,,,,,,,,els2026ie
Trinity College Dublin,2026,,10.1016/j.imu.2026.101762,TRUE,FALSE,,,,,,,,,,,,,,els2026ie
Royal College of Surgeons in Ireland,2026,,10.1016/j.rpth.2026.106623,TRUE,FALSE,,,,,,,,,,,,,,els2026ie
Munster Technological University,2026,,10.1016/j.mtsust.2026.101368,TRUE,FALSE,,,,,,,,,,,,,,els2026ie
Trinity College Dublin,2026,,10.1016/j.rineng.2026.110820,TRUE,FALSE,,,,,,,,,,,,,,els2026ie
Royal College of Surgeons in Ireland,2026,,10.1016/j.jseint.2026.101733,TRUE,FALSE,,,,,,,,,,,,,,els2026ie
Dublin City University,2026,,10.1016/j.rico.2026.100723,TRUE,FALSE,,,,,,,,,,,,,,els2026ie
Trinity College Dublin,2026,,10.1016/j.bcp.2026.118007,TRUE,FALSE,,,,,,,,,,,,,,els2026ie
Trinity College Dublin,2026,,10.1016/j.jue.2026.103859,TRUE,FALSE,,,,,,,,,,,,,,els2026ie
Dublin City University,2026,,10.1016/j.future.2026.108557,TRUE,FALSE,,,,,,,,,,,,,,els2026ie
University of Limerick,2026,,10.1016/j.cpr.2026.102744,TRUE,FALSE,,,,,,,,,,,,,,els2026ie
University College Dublin,2026,,10.1016/j.smallrumres.2026.107775,TRUE,FALSE,,,,,,,,,,,,,,els2026ie
University College Cork,2026,,10.1016/j.prdoa.2026.100446,TRUE,FALSE,,,,,,,,,,,,,,els2026ie
Maynooth University,2026,,10.1016/j.eprime.2026.201198,TRUE,FALSE,,,,,,,,,,,,,,els2026ie
University College Dublin,2026,,10.1016/j.lwt.2026.119415,TRUE,FALSE,,,,,,,,,,,,,,els2026ie
Technological University of the Shannon: Midlands Midwest,2026,,10.1016/j.matdes.2026.116110,TRUE,FALSE,,,,,,,,,,,,,,els2026ie
Trinity College Dublin,2026,,10.1016/j.ejim.2026.106923,TRUE,FALSE,,,,,,,,,,,,,,els2026ie
Royal College of Surgeons in Ireland,2026,,10.1016/j.jtv.2026.101004,TRUE,FALSE,,,,,,,,,,,,,,els2026ie
Trinity College Dublin,2026,,10.1016/j.actbio.2026.04.051,TRUE,FALSE,,,,,,,,,,,,,,els2026ie
Royal College of Surgeons in Ireland,2026,,10.1016/j.wneu.2026.125017,TRUE,FALSE,,,,,,,,,,,,,,els2026ie
Technological University Dublin,2026,,10.1016/j.mtcomm.2026.115230,TRUE,FALSE,,,,,,,,,,,,,,els2026ie
University of Limerick,2026,,10.1016/j.xrrt.2026.100764,TRUE,FALSE,,,,,,,,,,,,,,els2026ie
University College Cork,2026,,10.1016/j.focha.2026.101314,TRUE,FALSE,,,,,,,,,,,,,,els2026ie
University of Galway,2026,,10.1016/j.ijcard.2026.134525,TRUE,FALSE,,,,,,,,,,,,,,els2026ie
University College Dublin,2026,,10.1016/j.eti.2026.104957,TRUE,FALSE,,,,,,,,,,,,,,els2026ie
Royal College of Surgeons in Ireland,2026,,10.1016/j.tcr.2026.101351,TRUE,FALSE,,,,,,,,,,,,,,els2026ie
Maynooth University,2026,,10.1016/j.ijepes.2026.111890,TRUE,FALSE,,,,,,,,,,,,,,els2026ie
University College Cork,2026,,10.1016/j.afres.2026.102062,TRUE,FALSE,,,,,,,,,,,,,,els2026ie
Trinity College Dublin,2026,,10.1016/j.jinf.2026.106755,TRUE,FALSE,,,,,,,,,,,,,,els2026ie
University of Galway,2026,,10.1016/j.cmpb.2026.109404,TRUE,FALSE,,,,,,,,,,,,,,els2026ie
Dublin City University,2026,,10.1016/j.jer.2026.04.030,TRUE,FALSE,,,,,,,,,,,,,,els2026ie
Atlantic Technological University,2026,,10.1016/j.srs.2026.100438,TRUE,FALSE,,,,,,,,,,,,,,els2026ie
University College Cork,2026,,10.1016/j.ultsonch.2026.107863,TRUE,FALSE,,,,,,,,,,,,,,els2026ie
University of Limerick,2026,,10.1016/j.compositesb.2026.113700,TRUE,FALSE,,,,,,,,,,,,,,els2026ie
Royal College of Surgeons in Ireland,2026,,10.1016/j.artd.2026.102048,TRUE,FALSE,,,,,,,,,,,,,,els2026ie
University College Dublin,2026,,10.3168/jds.2025-27732,TRUE,FALSE,,,,,,,,,,,,,,els2026ie
Trinity College Dublin,2026,,10.1016/j.landusepol.2026.108077,TRUE,FALSE,,,,,,,,,,,,,,els2026ie
University College Dublin,2026,,10.1016/j.biortech.2026.134709,TRUE,FALSE,,,,,,,,,,,,,,els2026ie
University College Cork,2026,,10.1016/j.jand.2026.156367,TRUE,FALSE,,,,,,,,,,,,,,els2026ie
University College Dublin,2026,,10.1016/j.surfin.2026.109372,TRUE,FALSE,,,,,,,,,,,,,,els2026ie
University College Cork,2026,,10.1016/j.eclinm.2026.103968,TRUE,FALSE,,,,,,,,,,,,,,els2026ie
Dublin City University,2026,,10.1016/j.apsadv.2026.100995,TRUE,FALSE,,,,,,,,,,,,,,els2026ie
University of Galway,2026,,10.1016/j.combustflame.2026.115015,TRUE,FALSE,,,,,,,,,,,,,,els2026ie
University College Cork,2026,,10.1016/j.optlastec.2026.115393,TRUE,FALSE,,,,,,,,,,,,,,els2026ie
Royal College of Surgeons in Ireland,2026,,10.1016/j.scitotenv.2026.181817,TRUE,FALSE,,,,,,,,,,,,,,els2026ie
University College Dublin,2026,,10.1016/j.jevs.2026.105910,TRUE,FALSE,,,,,,,,,,,,,,els2026ie
Dublin City University,2026,,10.1016/j.pedn.2026.04.019,TRUE,FALSE,,,,,,,,,,,,,,els2026ie
University College Cork,2026,,10.1016/j.tifs.2026.105760,TRUE,FALSE,,,,,,,,,,,,,,els2026ie
University College Dublin,2026,,10.1016/j.foodcont.2026.112235,TRUE,FALSE,,,,,,,,,,,,,,els2026ie
Royal College of Surgeons in Ireland,2026,,10.1016/j.jtv.2026.101002,TRUE,FALSE,,,,,,,,,,,,,,els2026ie
Trinity College Dublin,2026,,10.1016/j.clsr.2026.106332,TRUE,FALSE,,,,,,,,,,,,,,els2026ie
Trinity College Dublin,2026,,10.1016/j.nbsj.2026.100335,TRUE,FALSE,,,,,,,,,,,,,,els2026ie
Trinity College Dublin,2026,,10.1016/j.optlastec.2026.115373,TRUE,FALSE,,,,,,,,,,,,,,els2026ie
Maynooth University,2026,,10.1016/j.ipm.2026.104840,TRUE,FALSE,,,,,,,,,,,,,,els2026ie
Trinity College Dublin,2026,,10.1016/j.csl.2026.101990,TRUE,FALSE,,,,,,,,,,,,,,els2026ie
University of Galway,2026,,10.1016/j.jclinepi.2026.112272,TRUE,FALSE,,,,,,,,,,,,,,els2026ie
Atlantic Technological University,2026,,10.1016/j.chaos.2026.118337,TRUE,FALSE,,,,,,,,,,,,,,els2026ie
University College Dublin,2026,,10.1016/j.ffa.2026.102836,TRUE,FALSE,,,,,,,,,,,,,,els2026ie
Trinity College Dublin,2026,,10.1016/j.clsr.2026.106315,TRUE,FALSE,,,,,,,,,,,,,,els2026ie
Trinity College Dublin,2026,,10.1016/j.tipsro.2026.100403,TRUE,FALSE,,,,,,,,,,,,,,els2026ie
University College Dublin,2026,,10.1016/j.talanta.2026.129864,TRUE,FALSE,,,,,,,,,,,,,,els2026ie
University of Galway,2026,,10.1016/j.toxcx.2026.100256,TRUE,FALSE,,,,,,,,,,,,,,els2026ie
University College Cork,2026,,10.1016/j.rcradv.2026.200340,TRUE,FALSE,,,,,,,,,,,,,,els2026ie
University College Dublin,2026,,10.1016/j.atech.2026.102129,TRUE,FALSE,,,,,,,,,,,,,,els2026ie
Maynooth University,2026,,10.1016/j.jhg.2026.04.001,TRUE,FALSE,,,,,,,,,,,,,,els2026ie
Technological University Dublin,2026,,10.1016/j.saa.2026.127923,TRUE,FALSE,,,,,,,,,,,,,,els2026ie
University College Dublin,2026,,10.1016/j.jmapro.2026.04.049,TRUE,FALSE,,,,,,,,,,,,,,els2026ie
University of Galway,2026,,10.1016/j.scr.2026.103995,TRUE,FALSE,,,,,,,,,,,,,,els2026ie
Trinity College Dublin,2026,,10.1016/j.jmir.2026.102398,TRUE,FALSE,,,,,,,,,,,,,,els2026ie
Munster Technological University,2026,,10.1016/j.heliyon.2026.e44954,TRUE,FALSE,,,,,,,,,,,,,,els2026ie
University of Galway,2026,,10.1016/j.rineng.2026.110572,TRUE,FALSE,,,,,,,,,,,,,,els2026ie
University of Limerick,2026,,10.1016/j.ces.2026.124032,TRUE,FALSE,,,,,,,,,,,,,,els2026ie
University College Dublin,2026,,10.1016/j.compfluid.2026.107080,TRUE,FALSE,,,,,,,,,,,,,,els2026ie
Trinity College Dublin,2026,,10.1016/j.matdes.2026.116042,TRUE,FALSE,,,,,,,,,,,,,,els2026ie
University of Limerick,2026,,10.1016/j.socscimed.2026.119293,TRUE,FALSE,,,,,,,,,,,,,,els2026ie
Dublin City University,2026,,10.1016/j.socscimed.2026.119301,TRUE,FALSE,,,,,,,,,,,,,,els2026ie
University College Cork,2026,,10.1016/j.epsr.2026.113108,TRUE,FALSE,,,,,,,,,,,,,,els2026ie
University of Galway,2026,,10.1016/j.jmrt.2026.04.089,TRUE,FALSE,,,,,,,,,,,,,,els2026ie
University of Galway,2026,,10.1016/j.bonr.2026.101915,TRUE,FALSE,,,,,,,,,,,,,,els2026ie
University College Cork,2026,,10.1016/j.caeo.2026.100367,TRUE,FALSE,,,,,,,,,,,,,,els2026ie
University College Dublin,2026,,10.1016/j.crmeth.2026.101454,TRUE,FALSE,,,,,,,,,,,,,,els2026ie
University of Galway,2026,,10.1016/j.yexmp.2026.105045,TRUE,FALSE,,,,,,,,,,,,,,els2026ie
University College Dublin,2026,,10.1016/j.oceaneng.2026.125627,TRUE,FALSE,,,,,,,,,,,,,,els2026ie
Technological University Dublin,2026,,10.1016/j.scitotenv.2026.181797,TRUE,FALSE,,,,,,,,,,,,,,els2026ie
Trinity College Dublin,2026,,10.1016/j.biomaterials.2026.124216,TRUE,FALSE,,,,,,,,,,,,,,els2026ie
Maynooth University,2026,,10.1016/j.ijchp.2026.100686,TRUE,FALSE,,,,,,,,,,,,,,els2026ie
University College Dublin,2026,,10.1016/j.egyr.2026.109339,TRUE,FALSE,,,,,,,,,,,,,,els2026ie
University of Galway,2026,,10.1016/j.jacasi.2026.03.023,TRUE,FALSE,,,,,,,,,,,,,,els2026ie
University of Galway,2026,,10.1016/j.ins.2026.123517,TRUE,FALSE,,,,,,,,,,,,,,els2026ie
Royal College of Surgeons in Ireland,2026,,10.1016/j.neuropharm.2026.110973,TRUE,FALSE,,,,,,,,,,,,,,els2026ie
University College Cork,2026,,10.1016/j.optlastec.2026.115297,TRUE,FALSE,,,,,,,,,,,,,,els2026ie
University College Dublin,2026,,10.1016/j.socscimed.2026.119253,TRUE,FALSE,,,,,,,,,,,,,,els2026ie
Royal College of Surgeons in Ireland,2026,,10.1016/j.neuroscience.2026.04.007,TRUE,FALSE,,,,,,,,,,,,,,els2026ie
University College Dublin,2026,,10.1016/j.ecosys.2026.101390,TRUE,FALSE,,,,,,,,,,,,,,els2026ie
Trinity College Dublin,2026,,10.1016/j.asoc.2026.115245,TRUE,FALSE,,,,,,,,,,,,,,els2026ie
Munster Technological University,2026,,10.1016/j.erss.2026.104705,TRUE,FALSE,,,,,,,,,,,,,,els2026ie
Royal College of Surgeons in Ireland,2026,,10.1016/j.infpip.2026.100541,TRUE,FALSE,,,,,,,,,,,,,,els2026ie
Trinity College Dublin,2026,,10.1016/j.xcrm.2026.102792,TRUE,FALSE,,,,,,,,,,,,,,els2026ie
University of Limerick,2026,,10.1016/j.actpsy.2026.106811,TRUE,FALSE,,,,,,,,,,,,,,els2026ie
University of Galway,2026,,10.1016/j.cmpb.2026.109361,TRUE,FALSE,,,,,,,,,,,,,,els2026ie
University College Dublin,2026,,10.1016/j.jenvman.2026.129699,TRUE,FALSE,,,,,,,,,,,,,,els2026ie
University College Dublin,2026,,10.1016/j.colsurfa.2026.140473,TRUE,FALSE,,,,,,,,,,,,,,els2026ie
Trinity College Dublin,2026,,10.1016/j.renene.2026.125777,TRUE,FALSE,,,,,,,,,,,,,,els2026ie
University College Cork,2026,,10.1016/j.renene.2026.125787,TRUE,FALSE,,,,,,,,,,,,,,els2026ie
Trinity College Dublin,2026,,10.1016/j.jcpo.2026.100739,TRUE,FALSE,,,,,,,,,,,,,,els2026ie
University College Cork,2026,,10.1016/j.est.2026.122180,TRUE,FALSE,,,,,,,,,,,,,,els2026ie
Atlantic Technological University,2026,,10.1016/j.array.2026.100813,TRUE,FALSE,,,,,,,,,,,,,,els2026ie
University College Dublin,2026,,10.1016/j.afres.2026.102012,TRUE,FALSE,,,,,,,,,,,,,,els2026ie
Maynooth University,2026,,10.1016/j.ecmx.2026.101855,TRUE,FALSE,,,,,,,,,,,,,,els2026ie
University College Cork,2026,,10.1016/j.jbusres.2026.116216,TRUE,FALSE,,,,,,,,,,,,,,els2026ie
University College Cork,2026,,10.1016/j.jad.2026.121742,TRUE,FALSE,,,,,,,,,,,,,,els2026ie
University College Cork,2026,,10.1016/j.tjnut.2026.101531,TRUE,FALSE,,,,,,,,,,,,,,els2026ie
University College Cork,2026,,10.1016/j.fm.2026.105117,TRUE,FALSE,,,,,,,,,,,,,,els2026ie
Trinity College Dublin,2026,,10.1016/j.srhc.2026.101214,TRUE,FALSE,,,,,,,,,,,,,,els2026ie
University College Dublin,2026,,10.1016/j.ecmx.2026.101849,TRUE,FALSE,,,,,,,,,,,,,,els2026ie
University College Cork,2026,,10.1016/j.jafr.2026.102894,TRUE,FALSE,,,,,,,,,,,,,,els2026ie
University of Limerick,2026,,10.1016/j.ceja.2026.101194,TRUE,FALSE,,,,,,,,,,,,,,els2026ie
Munster Technological University,2026,,10.1016/j.enconman.2026.121479,TRUE,FALSE,,,,,,,,,,,,,,els2026ie
Trinity College Dublin,2026,,10.1016/j.vaccine.2026.128541,TRUE,FALSE,,,,,,,,,,,,,,els2026ie
University of Galway,2026,,10.1016/j.ijhydene.2026.154934,TRUE,FALSE,,,,,,,,,,,,,,els2026ie
Atlantic Technological University,2026,,10.1016/j.ijft.2026.101617,TRUE,FALSE,,,,,,,,,,,,,,els2026ie
Dublin City University,2026,,10.1016/j.jclepro.2026.148231,TRUE,FALSE,,,,,,,,,,,,,,els2026ie
University College Dublin,2026,,10.1016/j.enconman.2026.121461,TRUE,FALSE,,,,,,,,,,,,,,els2026ie
University of Limerick,2026,,10.1016/j.camwa.2026.04.001,TRUE,FALSE,,,,,,,,,,,,,,els2026ie
University College Dublin,2026,,10.1016/j.marstruc.2026.104096,TRUE,FALSE,,,,,,,,,,,,,,els2026ie
Dublin City University,2026,,10.1016/j.jsr.2026.04.003,TRUE,FALSE,,,,,,,,,,,,,,els2026ie
Trinity College Dublin,2026,,10.1016/j.compag.2026.111582,TRUE,FALSE,,,,,,,,,,,,,,els2026ie
Dublin City University,2026,,10.1016/j.tate.2026.105480,TRUE,FALSE,,,,,,,,,,,,,,els2026ie
Maynooth University,2026,,10.1016/j.rinp.2026.108650,TRUE,FALSE,,,,,,,,,,,,,,els2026ie
Dublin City University,2026,,10.1016/j.clsr.2026.106317,TRUE,FALSE,,,,,,,,,,,,,,els2026ie
Dublin City University,2026,,10.1016/j.mtadv.2026.100771,TRUE,FALSE,,,,,,,,,,,,,,els2026ie
University of Limerick,2026,,10.1016/j.jairtraman.2026.103030,TRUE,FALSE,,,,,,,,,,,,,,els2026ie
University of Galway,2026,,10.1016/j.actpsy.2026.106783,TRUE,FALSE,,,,,,,,,,,,,,els2026ie
University College Dublin,2026,,10.1016/j.jenvman.2026.129587,TRUE,FALSE,,,,,,,,,,,,,,els2026ie
University of Galway,2026,,10.1016/j.jacl.2026.03.026,TRUE,FALSE,,,,,,,,,,,,,,els2026ie
Trinity College Dublin,2026,,10.1016/j.coviro.2026.101541,TRUE,FALSE,,,,,,,,,,,,,,els2026ie
University of Limerick,2026,,10.1016/j.ecns.2026.101964,TRUE,FALSE,,,,,,,,,,,,,,els2026ie
University of Galway,2026,,10.1016/j.biomaterials.2026.124165,TRUE,FALSE,,,,,,,,,,,,,,els2026ie
University of Limerick,2026,,10.1016/j.jamda.2026.106212,TRUE,FALSE,,,,,,,,,,,,,,els2026ie
Royal College of Surgeons in Ireland,2026,,10.1016/j.tjfa.2026.100150,TRUE,FALSE,,,,,,,,,,,,,,els2026ie
Atlantic Technological University,2026,,10.1016/j.ssaho.2026.102698,TRUE,FALSE,,,,,,,,,,,,,,els2026ie
University of Limerick,2026,,10.1016/j.ssaho.2026.102726,TRUE,FALSE,,,,,,,,,,,,,,els2026ie
Royal College of Surgeons in Ireland,2026,,10.1016/j.jsurg.2026.103959,TRUE,FALSE,,,,,,,,,,,,,,els2026ie
Trinity College Dublin,2026,,10.1016/j.esmogo.2026.100325,TRUE,FALSE,,,,,,,,,,,,,,els2026ie
Trinity College Dublin,2026,,10.1016/j.ard.2026.03.010,TRUE,FALSE,,,,,,,,,,,,,,els2026ie
Royal College of Surgeons in Ireland,2026,,10.1016/j.artd.2026.102003,TRUE,FALSE,,,,,,,,,,,,,,els2026ie
University College Dublin,2026,,10.1016/s2214-109x(26)00054-9,TRUE,FALSE,,,,,,,,,,,,,,els2026ie
Trinity College Dublin,2026,,10.1016/j.jaad.2026.01.077,TRUE,FALSE,,,,,,,,,,,,,,els2026ie
University College Dublin,2026,,10.1016/j.foodhyd.2026.113093,TRUE,FALSE,,,,,,,,,,,,,,els2026ie
University of Galway,2026,,10.1016/j.jmbbm.2026.107520,TRUE,FALSE,,,,,,,,,,,,,,els2026ie
University of Galway,2026,,10.1016/j.phytol.2026.104207,TRUE,FALSE,,,,,,,,,,,,,,els2026ie
University College Dublin,2026,,10.1016/j.jhydrol.2026.135932,TRUE,FALSE,,,,,,,,,,,,,,els2026ie
Trinity College Dublin,2026,,10.1016/j.coelec.2026.101900,TRUE,FALSE,,,,,,,,,,,,,,els2026ie
Trinity College Dublin,2026,,10.1016/j.chbr.2026.101187,TRUE,FALSE,,,,,,,,,,,,,,els2026ie
University College Dublin,2026,,10.1016/j.acags.2026.100378,TRUE,FALSE,,,,,,,,,,,,,,els2026ie
University College Dublin,2026,,10.1016/j.electacta.2026.149433,TRUE,FALSE,,,,,,,,,,,,,,els2026ie
University College Dublin,2026,,10.1016/j.oceaneng.2026.126699,TRUE,FALSE,,,,,,,,,,,,,,els2026ie
Royal College of Surgeons in Ireland,2026,,10.1016/j.fas.2026.06.017,TRUE,FALSE,,,,,,,,,,,,,,els2026ie
Trinity College Dublin,2026,,10.1016/j.jlb.2026.100479,TRUE,FALSE,,,,,,,,,,,,,,els2026ie
University of Galway,2026,,10.1016/j.jns.2026.126073,TRUE,FALSE,,,,,,,,,,,,,,els2026ie
University of Limerick,2026,,10.1016/j.jad.2026.122171,TRUE,FALSE,,,,,,,,,,,,,,els2026ie
University College Dublin,2026,,10.1016/j.enconman.2026.121853,TRUE,FALSE,,,,,,,,,,,,,,els2026ie
Trinity College Dublin,2026,,10.1016/j.ultramic.2026.114416,TRUE,FALSE,,,,,,,,,,,,,,els2026ie
Trinity College Dublin,2026,,10.1016/j.sftr.2026.102002,TRUE,FALSE,,,,,,,,,,,,,,els2026ie
Dublin City University,2026,,10.1016/j.egyai.2026.100823,TRUE,FALSE,,,,,,,,,,,,,,els2026ie
University College Cork,2026,,10.1016/j.mtelec.2026.100229,TRUE,FALSE,,,,,,,,,,,,,,els2026ie
University College Cork,2026,,10.1016/j.bios.2026.118965,TRUE,FALSE,,,,,,,,,,,,,,els2026ie
Trinity College Dublin,2026,,10.1016/j.revpalbo.2026.105656,TRUE,FALSE,,,,,,,,,,,,,,els2026ie
University College Dublin,2026,,10.1016/j.jenvman.2026.130345,TRUE,FALSE,,,,,,,,,,,,,,els2026ie
University College Dublin,2026,,10.1016/j.rcradv.2026.200357,TRUE,FALSE,,,,,,,,,,,,,,els2026ie
University of Limerick,2026,,10.1016/j.scca.2026.100225,TRUE,FALSE,,,,,,,,,,,,,,els2026ie
University College Dublin,2026,,10.1016/j.lwt.2026.119678,TRUE,FALSE,,,,,,,,,,,,,,els2026ie
University College Dublin,2026,,10.1016/j.cageo.2026.106225,TRUE,FALSE,,,,,,,,,,,,,,els2026ie
University College Dublin,2026,,10.1016/j.cscm.2026.e06276,TRUE,FALSE,,,,,,,,,,,,,,els2026ie
Atlantic Technological University,2026,,10.1016/j.mtcomm.2026.115628,TRUE,FALSE,,,,,,,,,,,,,,els2026ie
University College Cork,2026,,10.1016/j.jelectrocard.2026.154399,TRUE,FALSE,,,,,,,,,,,,,,els2026ie
Technological University Dublin,2026,,10.1016/j.lwt.2026.119675,TRUE,FALSE,,,,,,,,,,,,,,els2026ie
University College Dublin,2026,,10.1016/j.foodchem.2026.150161,TRUE,FALSE,,,,,,,,,,,,,,els2026ie
University College Dublin,2026,,10.1016/j.epsr.2026.113521,TRUE,FALSE,,,,,,,,,,,,,,els2026ie
University College Dublin,2026,,10.1016/j.wroa.2026.100577,TRUE,FALSE,,,,,,,,,,,,,,els2026ie
Maynooth University,2026,,10.1016/j.ecmx.2026.102062,TRUE,FALSE,,,,,,,,,,,,,,els2026ie
University of Galway,2026,,10.1016/j.jhydrol.2026.135916,TRUE,FALSE,,,,,,,,,,,,,,els2026ie
University College Dublin,2026,,10.1016/j.microc.2026.118836,TRUE,FALSE,,,,,,,,,,,,,,els2026ie
Dublin City University,2026,,10.1016/j.optlastec.2026.115836,TRUE,FALSE,,,,,,,,,,,,,,els2026ie
University of Limerick,2026,,10.1016/j.jss.2026.112973,TRUE,FALSE,,,,,,,,,,,,,,els2026ie
University of Limerick,2026,,10.1016/j.energy.2026.141727,TRUE,FALSE,,,,,,,,,,,,,,els2026ie
University College Dublin,2026,,10.1016/j.epsr.2026.113490,TRUE,FALSE,,,,,,,,,,,,,,els2026ie
University College Dublin,2026,,10.1016/j.epsr.2026.113529,TRUE,FALSE,,,,,,,,,,,,,,els2026ie
Royal College of Surgeons in Ireland,2026,,10.1016/j.ejrad.2026.113038,TRUE,FALSE,,,,,,,,,,,,,,els2026ie
University College Cork,2026,,10.1016/j.idairyj.2026.106725,TRUE,FALSE,,,,,,,,,,,,,,els2026ie
University College Dublin,2026,,10.1016/j.mtcomm.2026.115610,TRUE,FALSE,,,,,,,,,,,,,,els2026ie
Trinity College Dublin,2026,,10.1016/j.chbah.2026.100338,TRUE,FALSE,,,,,,,,,,,,,,els2026ie
Technological University of the Shannon: Midlands Midwest,2026,,10.1016/j.acalib.2026.103295,TRUE,FALSE,,,,,,,,,,,,,,els2026ie
University College Dublin,2026,,10.1016/j.epsr.2026.113556,TRUE,FALSE,,,,,,,,,,,,,,els2026ie
University of Galway,2026,,10.1016/j.tej.2026.107555,TRUE,FALSE,,,,,,,,,,,,,,els2026ie
Dublin City University,2026,,10.1016/j.dsp.2026.106364,TRUE,FALSE,,,,,,,,,,,,,,els2026ie
University College Cork,2026,,10.1016/j.wombi.2026.102233,TRUE,FALSE,,,,,,,,,,,,,,els2026ie
University College Cork,2026,,10.1016/j.anorl.2026.04.009,TRUE,FALSE,,,,,,,,,,,,,,els2026ie
Technological University Dublin,2026,,10.1016/j.jafr.2026.103103,TRUE,FALSE,,,,,,,,,,,,,,els2026ie
University College Cork,2026,,10.1016/j.scca.2026.100226,TRUE,FALSE,,,,,,,,,,,,,,els2026ie
Dublin City University,2026,,10.1016/j.bioadv.2026.215025,TRUE,FALSE,,,,,,,,,,,,,,els2026ie
University of Galway,2026,,10.1016/j.jmps.2026.106737,TRUE,FALSE,,,,,,,,,,,,,,els2026ie
University of Galway,2026,,10.1016/j.ijid.2026.108905,TRUE,FALSE,,,,,,,,,,,,,,els2026ie
University College Cork,2026,,10.1016/j.wombi.2026.102234,TRUE,FALSE,,,,,,,,,,,,,,els2026ie
University College Dublin,2026,,10.1016/j.measurement.2026.122255,TRUE,FALSE,,,,,,,,,,,,,,els2026ie
University College Dublin,2026,,10.1016/j.foodchem.2026.150110,TRUE,FALSE,,,,,,,,,,,,,,els2026ie
Royal College of Surgeons in Ireland,2026,,10.1016/j.suronc.2026.102487,TRUE,FALSE,,,,,,,,,,,,,,els2026ie
Trinity College Dublin,2026,,10.1016/j.jgo.2026.103037,TRUE,FALSE,,,,,,,,,,,,,,els2026ie
Technological University Dublin,2026,,10.1016/j.oceram.2026.101006,TRUE,FALSE,,,,,,,,,,,,,,els2026ie
University of Galway,2026,,10.1016/j.jaridenv.2026.105679,TRUE,FALSE,,,,,,,,,,,,,,els2026ie
University College Cork,2026,,10.1016/j.carbpol.2026.125575,TRUE,FALSE,,,,,,,,,,,,,,els2026ie
South East Technological University,2026,,10.1016/j.jenvrad.2026.108085,TRUE,FALSE,,,,,,,,,,,,,,els2026ie
University College Dublin,2026,,10.1016/j.jenvman.2026.130235,TRUE,FALSE,,,,,,,,,,,,,,els2026ie
South East Technological University,2026,,10.1016/j.ijpharm.2026.127110,TRUE,FALSE,,,,,,,,,,,,,,els2026ie
University College Dublin,2026,,10.1016/j.joca.2026.06.006,TRUE,FALSE,,,,,,,,,,,,,,els2026ie
University College Dublin,2026,,10.1016/j.radi.2026.103479,TRUE,FALSE,,,,,,,,,,,,,,els2026ie
University College Dublin,2026,,10.1016/j.afres.2026.102301,TRUE,FALSE,,,,,,,,,,,,,,els2026ie
Trinity College Dublin,2026,,10.1016/j.radi.2026.103474,TRUE,FALSE,,,,,,,,,,,,,,els2026ie
University College Cork,2026,,10.1016/j.mib.2026.102786,TRUE,FALSE,,,,,,,,,,,,,,els2026ie
University of Galway,2026,,10.1016/j.array.2026.101012,TRUE,FALSE,,,,,,,,,,,,,,els2026ie
Technological University Dublin,2026,,10.1016/j.envc.2026.101552,TRUE,FALSE,,,,,,,,,,,,,,els2026ie
Technological University Dublin,2026,,10.1016/j.afres.2026.102297,TRUE,FALSE,,,,,,,,,,,,,,els2026ie
University College Cork,2026,,10.1016/j.oceaneng.2026.126575,TRUE,FALSE,,,,,,,,,,,,,,els2026ie
Trinity College Dublin,2026,,10.1016/j.jebo.2026.107665,TRUE,FALSE,,,,,,,,,,,,,,els2026ie
Trinity College Dublin,2026,,10.1016/j.gerinurse.2026.104156,TRUE,FALSE,,,,,,,,,,,,,,els2026ie
University College Dublin,2026,,10.1016/j.socscimed.2026.119484,TRUE,FALSE,,,,,,,,,,,,,,els2026ie
Munster Technological University,2026,,10.1016/j.epsr.2026.113488,TRUE,FALSE,,,,,,,,,,,,,,els2026ie
University of Limerick,2026,,10.1016/j.jrurstud.2026.104274,TRUE,FALSE,,,,,,,,,,,,,,els2026ie
University College Dublin,2026,,10.1016/j.radi.2026.103477,TRUE,FALSE,,,,,,,,,,,,,,els2026ie
Royal College of Surgeons in Ireland,2026,,10.1016/j.lana.2026.101543,TRUE,FALSE,,,,,,,,,,,,,,els2026ie
University College Dublin,2026,,10.1016/j.scenv.2026.100333,TRUE,FALSE,,,,,,,,,,,,,,els2026ie
Trinity College Dublin,2026,,10.1016/j.epsl.2026.120183,TRUE,FALSE,,,,,,,,,,,,,,els2026ie
University of Galway,2026,,10.1016/j.jhydrol.2026.135878,TRUE,FALSE,,,,,,,,,,,,,,els2026ie
University of Limerick,2026,,10.1016/j.cma.2026.119154,TRUE,FALSE,,,,,,,,,,,,,,els2026ie
Technological University of the Shannon: Midlands Midwest,2026,,10.1016/j.eneco.2026.109454,TRUE,FALSE,,,,,,,,,,,,,,els2026ie
University College Cork,2026,,10.1016/j.marenvres.2026.108196,TRUE,FALSE,,,,,,,,,,,,,,els2026ie
University College Dublin,2026,,10.1016/j.ejogrb.2026.115251,TRUE,FALSE,,,,,,,,,,,,,,els2026ie
University College Dublin,2026,,10.1016/j.biombioe.2026.109717,TRUE,FALSE,,,,,,,,,,,,,,els2026ie
University of Galway,2026,,10.1016/j.aej.2026.06.014,TRUE,FALSE,,,,,,,,,,,,,,els2026ie
Trinity College Dublin,2026,,10.1016/j.entcom.2026.101162,TRUE,FALSE,,,,,,,,,,,,,,els2026ie
University College Cork,2026,,10.1016/j.sipas.2026.100351,TRUE,FALSE,,,,,,,,,,,,,,els2026ie
University of Galway,2026,,10.1016/j.jadr.2026.101107,TRUE,FALSE,,,,,,,,,,,,,,els2026ie
University of Galway,2026,,10.1016/j.stress.2026.101448,TRUE,FALSE,,,,,,,,,,,,,,els2026ie
University of Galway,2026,,10.1016/j.jclinepi.2026.112375,TRUE,FALSE,,,,,,,,,,,,,,els2026ie
Dublin City University,2026,,10.1016/j.jer.2026.06.019,TRUE,FALSE,,,,,,,,,,,,,,els2026ie
University College Cork,2026,,10.1016/j.jxh.2026.100008,TRUE,FALSE,,,,,,,,,,,,,,els2026ie
University College Cork,2026,,10.1016/j.foodres.2026.119741,TRUE,FALSE,,,,,,,,,,,,,,els2026ie
Munster Technological University,2026,,10.1016/j.buildenv.2026.114703,TRUE,FALSE,,,,,,,,,,,,,,els2026ie
University College Cork,2026,,10.1016/j.cptl.2026.102719,TRUE,FALSE,,,,,,,,,,,,,,els2026ie
University of Limerick,2026,,10.1016/j.dib.2026.112965,TRUE,FALSE,,,,,,,,,,,,,,els2026ie
University of Galway,2026,,10.1016/j.rineng.2026.111498,TRUE,FALSE,,,,,,,,,,,,,,els2026ie
University College Dublin,2026,,10.1016/j.jafr.2026.103072,TRUE,FALSE,,,,,,,,,,,,,,els2026ie
University of Galway,2026,,10.1016/j.clet.2026.101253,TRUE,FALSE,,,,,,,,,,,,,,els2026ie
University of Limerick,2026,,10.1016/j.electacta.2026.149286,TRUE,FALSE,,,,,,,,,,,,,,els2026ie
Trinity College Dublin,2026,,10.1016/j.eneco.2026.109429,TRUE,FALSE,,,,,,,,,,,,,,els2026ie
University College Dublin,2026,,10.1016/j.csl.2026.102014,TRUE,FALSE,,,,,,,,,,,,,,els2026ie
Trinity College Dublin,2026,,10.1016/j.mtbio.2026.103308,TRUE,FALSE,,,,,,,,,,,,,,els2026ie
University of Galway,2026,,10.1016/j.jrurstud.2026.104251,TRUE,FALSE,,,,,,,,,,,,,,els2026ie
University College Cork,2026,,10.1016/j.jclepro.2026.148658,TRUE,FALSE,,,,,,,,,,,,,,els2026ie
Royal College of Surgeons in Ireland,2026,,10.1016/j.wneu.2026.125125,TRUE,FALSE,,,,,,,,,,,,,,els2026ie
University of Galway,2026,,10.1016/j.jafr.2026.103038,TRUE,FALSE,,,,,,,,,,,,,,els2026ie
University College Dublin,2026,,10.1016/j.intfin.2026.102360,TRUE,FALSE,,,,,,,,,,,,,,els2026ie
Trinity College Dublin,2026,,10.1016/j.apsadv.2026.101017,TRUE,FALSE,,,,,,,,,,,,,,els2026ie
Trinity College Dublin,2026,,10.1016/j.eiar.2026.108542,TRUE,FALSE,,,,,,,,,,,,,,els2026ie
Royal College of Surgeons in Ireland,2026,,10.1016/j.omton.2026.201244,TRUE,FALSE,,,,,,,,,,,,,,els2026ie
Dublin City University,2026,,10.1016/j.ecoenv.2026.120304,TRUE,FALSE,,,,,,,,,,,,,,els2026ie
University College Cork,2026,,10.1016/j.jfbs.2026.100734,TRUE,FALSE,,,,,,,,,,,,,,els2026ie
University of Galway,2026,,10.1016/j.sbsr.2026.101012,TRUE,FALSE,,,,,,,,,,,,,,els2026ie
University College Dublin,2026,,10.1016/j.esmorc.2026.100516,TRUE,FALSE,,,,,,,,,,,,,,els2026ie
Technological University Dublin,2026,,10.1016/j.crgsc.2026.100516,TRUE,FALSE,,,,,,,,,,,,,,els2026ie
University of Galway,2026,,10.1016/j.sna.2026.117797,TRUE,FALSE,,,,,,,,,,,,,,els2026ie
University College Cork,2026,,10.1108/jmhtep-06-2025-0064,TRUE,FALSE,,,,,,,,,,,,,,eme2024ie
University College Cork,2026,,10.1108/aaaj-02-2026-8892,TRUE,FALSE,,,,,,,,,,,,,,eme2024ie
University of Limerick,2026,,10.1108/ijmhsc-07-2025-0095,TRUE,FALSE,,,,,,,,,,,,,,eme2024ie
University College Cork,2026,,10.1108/jsbed-04-2025-0242,TRUE,FALSE,,,,,,,,,,,,,,eme2024ie
University of Limerick,2026,,10.1108/ebhrm-02-2026-0110,TRUE,FALSE,,,,,,,,,,,,,,eme2024ie
University College Dublin,2026,,10.1108/itp-01-2026-0119,TRUE,FALSE,,,,,,,,,,,,,,eme2024ie
University of Galway,2026,,10.1108/ejim-09-2025-1269,TRUE,FALSE,,,,,,,,,,,,,,eme2024ie
University College Cork,2026,,10.1108/qmr-04-2025-0096,TRUE,FALSE,,,,,,,,,,,,,,eme2024ie
University of Galway,2026,,10.1108/ils-08-2025-0140,TRUE,FALSE,,,,,,,,,,,,,,eme2024ie
University of Limerick,2026,,10.1108/ils-09-2025-0171,TRUE,FALSE,,,,,,,,,,,,,,eme2024ie
University of Limerick,2026,,10.1108/ijhcqa-12-2025-0218,TRUE,FALSE,,,,,,,,,,,,,,eme2024ie
University of Galway,2026,,10.1108/ils-09-2025-0168,TRUE,FALSE,,,,,,,,,,,,,,eme2024ie
University College Dublin,2026,,10.1108/jica-11-2025-0112,TRUE,FALSE,,,,,,,,,,,,,,eme2024ie
University of Galway,2026,,10.1108/ejm-03-2024-0184,TRUE,FALSE,,,,,,,,,,,,,,eme2024ie
University of Galway,2026,,10.1108/ijhcqa-01-2026-0005,TRUE,FALSE,,,,,,,,,,,,,,eme2024ie
Maynooth University,2026,,10.1108/ils-08-2025-0146,TRUE,FALSE,,,,,,,,,,,,,,eme2024ie
University College Cork,2026,,10.1108/jmp-05-2025-0483,TRUE,FALSE,,,,,,,,,,,,,,eme2024ie
University of Galway,2026,,10.1108/ils-09-2025-0173,TRUE,FALSE,,,,,,,,,,,,,,eme2024ie
University College Dublin,2026,,10.1108/aaaj-11-2025-8532,TRUE,FALSE,,,,,,,,,,,,,,eme2024ie
University College Cork,2026,,10.1108/ejtd-02-2026-0030,TRUE,FALSE,,,,,,,,,,,,,,eme2024ie
University of Galway,2026,,10.1108/tqm-04-2025-0218,TRUE,FALSE,,,,,,,,,,,,,,eme2024ie
University of Galway,2026,,10.1108/ils-09-2025-0172,TRUE,FALSE,,,,,,,,,,,,,,eme2024ie
Trinity College Dublin,2026,,10.1108/jfrc-07-2025-0218,TRUE,FALSE,,,,,,,,,,,,,,eme2024ie
Maynooth University,2026,,10.1108/he-11-2025-0252,TRUE,FALSE,,,,,,,,,,,,,,eme2024ie
Trinity College Dublin,2026,,10.1108/nfs-09-2025-0334,TRUE,FALSE,,,,,,,,,,,,,,eme2024ie
Trinity College Dublin,2026,,10.1109/jtehm.2026.3697640,FALSE,FALSE,,,,,,,,,,,,,,ieee2024ie
University of Galway,2026,,10.1109/ojcoms.2026.3696887,FALSE,FALSE,,,,,,,,,,,,,,ieee2024ie
Trinity College Dublin,2026,,10.1109/access.2026.3696723,FALSE,FALSE,,,,,,,,,,,,,,ieee2024ie
University College Cork,2026,,10.1109/jmw.2026.3696483,FALSE,FALSE,,,,,,,,,,,,,,ieee2024ie
Technological University Dublin,2026,,10.1109/access.2026.3696460,FALSE,FALSE,,,,,,,,,,,,,,ieee2024ie
Maynooth University,2026,,10.1109/tcst.2026.3695621,TRUE,FALSE,,,,,,,,,,,,,,ieee2024ie
University College Cork,2026,,10.1109/access.2026.3694798,FALSE,FALSE,,,,,,,,,,,,,,ieee2024ie
University College Dublin,2026,,10.1109/ojcoms.2026.3693923,FALSE,FALSE,,,,,,,,,,,,,,ieee2024ie
University of Limerick,2026,,10.1109/ojvt.2026.3692626,FALSE,FALSE,,,,,,,,,,,,,,ieee2024ie
University College Cork,2026,,10.1109/tse.2026.3694572,TRUE,FALSE,,,,,,,,,,,,,,ieee2024ie
Dublin City University,2026,,10.1109/ojcoms.2026.3692403,FALSE,FALSE,,,,,,,,,,,,,,ieee2024ie
University College Cork,2026,,10.1109/access.2026.3690352,FALSE,FALSE,,,,,,,,,,,,,,ieee2024ie
University of Limerick,2026,,10.1109/ieeedata.2026.3689031,FALSE,FALSE,,,,,,,,,,,,,,ieee2024ie
University College Cork,2026,,10.1109/tap.2026.3690195,TRUE,FALSE,,,,,,,,,,,,,,ieee2024ie
University of Galway,2026,,10.1109/ojvt.2026.3687800,FALSE,FALSE,,,,,,,,,,,,,,ieee2024ie
University of Galway,2026,,10.1109/access.2026.3688794,FALSE,FALSE,,,,,,,,,,,,,,ieee2024ie
University of Galway,2026,,10.1109/access.2026.3688193,FALSE,FALSE,,,,,,,,,,,,,,ieee2024ie
Dublin City University,2026,,10.1109/comst.2026.3689266,TRUE,FALSE,,,,,,,,,,,,,,ieee2024ie
University of Limerick,2026,,10.1109/jstars.2026.3687712,FALSE,FALSE,,,,,,,,,,,,,,ieee2024ie
University of Limerick,2026,,10.1109/access.2026.3686964,FALSE,FALSE,,,,,,,,,,,,,,ieee2024ie
Maynooth University,2026,,10.1109/ted.2026.3684765,TRUE,FALSE,,,,,,,,,,,,,,ieee2024ie
Technological University Dublin,2026,,10.1109/ojcoms.2026.3684213,FALSE,FALSE,,,,,,,,,,,,,,ieee2024ie
University College Cork,2026,,10.1109/tmtt.2026.3683629,TRUE,FALSE,,,,,,,,,,,,,,ieee2024ie
Technological University Dublin,2026,,10.1109/tpds.2026.3682580,TRUE,FALSE,,,,,,,,,,,,,,ieee2024ie
Dublin City University,2026,,10.1109/access.2026.3684856,FALSE,FALSE,,,,,,,,,,,,,,ieee2024ie
Maynooth University,2026,,10.1109/ojcsys.2026.3685925,FALSE,FALSE,,,,,,,,,,,,,,ieee2024ie
University College Dublin,2026,,10.1109/access.2026.3683296,FALSE,FALSE,,,,,,,,,,,,,,ieee2024ie
University College Dublin,2026,,10.1109/access.2026.3682461,FALSE,FALSE,,,,,,,,,,,,,,ieee2024ie
University College Cork,2026,,10.1109/lmwt.2026.3681467,TRUE,FALSE,,,,,,,,,,,,,,ieee2024ie
University of Galway,2026,,10.1109/ojvt.2026.3681390,FALSE,FALSE,,,,,,,,,,,,,,ieee2024ie
University of Galway,2026,,10.1109/ojcoms.2026.3681580,FALSE,FALSE,,,,,,,,,,,,,,ieee2024ie
Technological University Dublin,2026,,10.1109/ieeedata.2026.3681245,FALSE,FALSE,,,,,,,,,,,,,,ieee2024ie
University of Galway,2026,,10.1109/ojits.2026.3680774,FALSE,FALSE,,,,,,,,,,,,,,ieee2024ie
University of Galway,2026,,10.1109/jiot.2026.3681922,TRUE,FALSE,,,,,,,,,,,,,,ieee2024ie
Dublin City University,2026,,10.1109/tasc.2026.3683137,TRUE,FALSE,,,,,,,,,,,,,,ieee2024ie
Dublin City University,2026,,10.1109/tbc.2026.3680007,TRUE,FALSE,,,,,,,,,,,,,,ieee2024ie
Trinity College Dublin,2026,,10.1109/tnsm.2026.3665553,TRUE,FALSE,,,,,,,,,,,,,,ieee2024ie
University College Cork,2026,,10.1109/lmwt.2026.3698267,TRUE,FALSE,,,,,,,,,,,,,,ieee2024ie
University College Cork,2026,,10.1109/jsen.2026.3696544,TRUE,FALSE,,,,,,,,,,,,,,ieee2024ie
Maynooth University,2026,,10.1109/joe.2026.3691615,TRUE,FALSE,,,,,,,,,,,,,,ieee2024ie
Dublin City University,2026,,10.1109/lsp.2026.3709728,TRUE,FALSE,,,,,,,,,,,,,,ieee2024ie
Maynooth University,2026,,10.1109/tste.2026.3707474,TRUE,FALSE,,,,,,,,,,,,,,ieee2024ie
University College Cork,2026,,10.1109/tmag.2026.3706019,TRUE,FALSE,,,,,,,,,,,,,,ieee2024ie
University College Dublin,2026,,10.1109/tcsi.2026.3705790,TRUE,FALSE,,,,,,,,,,,,,,ieee2024ie
Dublin City University,2026,,10.1109/access.2026.3706484,FALSE,FALSE,,,,,,,,,,,,,,ieee2024ie
University of Limerick,2026,,10.1109/ojvt.2026.3705622,FALSE,FALSE,,,,,,,,,,,,,,ieee2024ie
University College Cork,2026,,10.1109/tnsm.2026.3705859,TRUE,FALSE,,,,,,,,,,,,,,ieee2024ie
University College Cork,2026,,10.1109/jproc.2026.3705899,TRUE,FALSE,,,,,,,,,,,,,,ieee2024ie
Dublin City University,2026,,10.1109/jlt.2026.3705621,TRUE,FALSE,,,,,,,,,,,,,,ieee2024ie
University of Limerick,2026,,10.1109/ojvt.2026.3702262,FALSE,FALSE,,,,,,,,,,,,,,ieee2024ie
University College Cork,2026,,10.1109/tdmr.2026.3700961,TRUE,FALSE,,,,,,,,,,,,,,ieee2024ie
Trinity College Dublin,2026,,10.1109/jtehm.2026.3701554,FALSE,FALSE,,,,,,,,,,,,,,ieee2024ie
University College Dublin,2026,,10.1109/ieeedata.2026.3699581,FALSE,FALSE,,,,,,,,,,,,,,ieee2024ie
University College Dublin,2026,,10.1109/lssc.2026.3699799,TRUE,FALSE,,,,,,,,,,,,,,ieee2024ie
Dublin City University,2026,,10.1109/tits.2026.3703872,TRUE,FALSE,,,,,,,,,,,,,,ieee2024ie
University College Dublin,2026,,10.1109/ojcoms.2026.3699599,FALSE,FALSE,,,,,,,,,,,,,,ieee2024ie
University of Galway,2026,,10.1109/access.2026.3699588,FALSE,FALSE,,,,,,,,,,,,,,ieee2024ie
Maynooth University,2026,,10.1109/tcst.2026.3699748,TRUE,FALSE,,,,,,,,,,,,,,ieee2024ie
Trinity College Dublin,2026,,10.1109/tvt.2026.3702875,TRUE,FALSE,,,,,,,,,,,,,,ieee2024ie
University College Cork,2026,,10.1088/1361-648x/ae6699,TRUE,FALSE,,,,,,,,,,,,,,iop2025ie
Trinity College Dublin,2026,,10.1088/1748-9326/ae6c38,FALSE,FALSE,,,,,,,,,,,,,,iop2025ie
University College Dublin,2026,,10.1088/1361-6560/ae7797,TRUE,FALSE,,,,,,,,,,,,,,iop2025ie
Trinity College Dublin,2026,,10.1088/1751-8121/ae7b8e,TRUE,FALSE,,,,,,,,,,,,,,iop2025ie
University College Cork,2026,,10.1088/1361-665x/ae7cfc,TRUE,FALSE,,,,,,,,,,,,,,iop2025ie
University College Dublin,2026,,10.1063/5.0290374,TRUE,FALSE,,,,,,,,,,,,,,aip2026ie
Technological University Dublin,2026,,10.1116/6.0005161,TRUE,FALSE,,,,,,,,,,,,,,aip2026ie
Trinity College Dublin,2026,,10.1063/5.0292425,TRUE,FALSE,,,,,,,,,,,,,,aip2026ie
University College Dublin,2026,,10.1063/5.0325442,TRUE,FALSE,,,,,,,,,,,,,,aip2026ie
University College Dublin,2026,,10.1063/5.0309799,TRUE,FALSE,,,,,,,,,,,,,,aip2026ie
University of Limerick,2026,,10.1063/5.0330610,TRUE,FALSE,,,,,,,,,,,,,,aip2026ie
University College Dublin,2026,,10.1063/5.0325608,TRUE,FALSE,,,,,,,,,,,,,,aip2026ie
Trinity College Dublin,2026,,10.1063/5.0334173,TRUE,FALSE,,,,,,,,,,,,,,aip2026ie
University College Dublin,2026,,10.1063/5.0330036,TRUE,FALSE,,,,,,,,,,,,,,aip2026ie
University College Cork,2026,,10.1063/5.0325471,TRUE,FALSE,,,,,,,,,,,,,,aip2026ie
Dublin City University,2025,,10.1371/journal.pone.0321227,FALSE,FALSE,,,,,,,,,,,,,,IReL PLOS Agreement
South East Technological University,2025,,10.1371/journal.pone.0320329,FALSE,FALSE,,,,,,,,,,,,,,IReL PLOS Agreement
University College Dublin,2026,,10.1099/acmi.0.001053.v3,FALSE,FALSE,,,,,,,,,,,,,,microbio2024ie
Teagasc,2026,,10.1099/acmi.0.001088.v3,FALSE,FALSE,,,,,,,,,,,,,,microbio2024ie
University College Dublin,2026,,10.1099/acmi.0.001087.v3,FALSE,FALSE,,,,,,,,,,,,,,microbio2024ie
University College Cork,2026,,10.1099/acmi.0.001107.v3,FALSE,FALSE,,,,,,,,,,,,,,microbio2024ie
University College Cork,2026,,10.1099/mgen.0.001729,FALSE,FALSE,,,,,,,,,,,,,,microbio2024ie
University College Cork,2026,,10.1099/mic.0.001710,FALSE,FALSE,,,,,,,,,,,,,,microbio2024ie
University College Cork,2026,,10.1099/jmm.0.002168,FALSE,FALSE,,,,,,,,,,,,,,microbio2024ie
Teagasc,2026,,10.1099/mic.0.001695,FALSE,FALSE,,,,,,,,,,,,,,microbio2024ie
Royal College of Surgeons in Ireland,2026,,10.1093/annalsats/aaoag021,TRUE,FALSE,,,,,,,,,,,,,,oxf2024ie
University College Dublin,2026,,10.1093/beheco/arag034,TRUE,FALSE,,,,,,,,,,,,,,oxf2024ie
University College Dublin,2026,,10.1093/fmls/cqag014,TRUE,FALSE,,,,,,,,,,,,,,oxf2024ie
University College Dublin,2026,,10.1093/ibd/izag066,TRUE,FALSE,,,,,,,,,,,,,,oxf2024ie
University of Limerick,2026,,10.1093/imamat/hxag009,TRUE,FALSE,,,,,,,,,,,,,,oxf2024ie
University College Dublin,2025,,10.1093/jcr/ucaf039,TRUE,FALSE,,,,,,,,,,,,,,oxf2024ie
University College Dublin,2026,,10.1093/jeb/voag012,TRUE,FALSE,,,,,,,,,,,,,,oxf2024ie
University of Galway,2026,,10.1093/jhuman/huag003,TRUE,FALSE,,,,,,,,,,,,,,oxf2024ie
Maynooth University,2026,,10.1093/jimmun/vkag073,TRUE,FALSE,,,,,,,,,,,,,,oxf2024ie
Atlantic Technological University,2026,,10.1093/nutrit/nuag063,TRUE,FALSE,,,,,,,,,,,,,,oxf2024ie
University of Galway,2026,,10.1093/stmcls/sxag015,TRUE,FALSE,,,,,,,,,,,,,,oxf2024ie
Trinity College Dublin,2026,,10.1093/ageing/afag135,TRUE,FALSE,,,,,,,,,,,,,,oxf2024ie
Trinity College Dublin,2026,,10.1093/ageing/afag174,TRUE,FALSE,,,,,,,,,,,,,,oxf2024ie
University College Dublin,2025,,10.1093/ecco-jcc/jjaf211,TRUE,FALSE,,,,,,,,,,,,,,oxf2024ie
University College Cork,2026,,10.1093/ecco-jcc/jjag039,TRUE,FALSE,,,,,,,,,,,,,,oxf2024ie
University College Cork,2026,,10.1093/ecco-jcc/jjag076,TRUE,FALSE,,,,,,,,,,,,,,oxf2024ie
Trinity College Dublin,2026,,10.1093/ehr/ceag051,TRUE,FALSE,,,,,,,,,,,,,,oxf2024ie
University College Cork,2025,,10.1093/femsle/fnaf144,TRUE,FALSE,,,,,,,,,,,,,,oxf2024ie
Trinity College Dublin,2026,,10.1093/ibd/izag107,TRUE,FALSE,,,,,,,,,,,,,,oxf2024ie
Trinity College Dublin,2026,,10.1093/icon/moag041,TRUE,FALSE,,,,,,,,,,,,,,oxf2024ie
Dublin City University,2026,,10.1093/isq/sqag039,TRUE,FALSE,,,,,,,,,,,,,,oxf2024ie
University College Cork,2026,,10.1093/jambio/lxag124,TRUE,FALSE,,,,,,,,,,,,,,oxf2024ie
Teagasc,2026,,10.1093/jas/skag145,TRUE,FALSE,,,,,,,,,,,,,,oxf2024ie
University College Dublin,2026,,10.1093/jiplp/jpag061,TRUE,FALSE,,,,,,,,,,,,,,oxf2024ie
University College Dublin,2026,,10.1093/jiplp/jpag066,TRUE,FALSE,,,,,,,,,,,,,,oxf2024ie
University of Galway,2026,,10.1093/jiplp/jpag070,TRUE,FALSE,,,,,,,,,,,,,,oxf2024ie
University College Cork,2026,,10.1093/pubmed/fdag037,TRUE,FALSE,,,,,,,,,,,,,,oxf2024ie
University College Dublin,2026,,10.1093/reprod/xaag054,TRUE,FALSE,,,,,,,,,,,,,,oxf2024ie
Trinity College Dublin,2026,,10.1093/rheumatology/keag246,TRUE,FALSE,,,,,,,,,,,,,,oxf2024ie
University College Dublin,2026,,10.1093/schbul/sbag071,TRUE,FALSE,,,,,,,,,,,,,,oxf2024ie
Dublin City University,2026,,10.1093/teamat/hrag013,TRUE,FALSE,,,,,,,,,,,,,,oxf2024ie
University College Dublin,2026,,10.1093/inteam/vjag032,TRUE,FALSE,,,,,,,,,,,,,,oxf2024ie
University College Dublin,2026,,10.1093/intqhc/mzag090,TRUE,FALSE,,,,,,,,,,,,,,oxf2024ie
University College Dublin,2026,,10.1093/jdh/epag017,TRUE,FALSE,,,,,,,,,,,,,,oxf2024ie
Maynooth University,2026,,10.1093/jdsade/enag036,TRUE,FALSE,,,,,,,,,,,,,,oxf2024ie
South East Technological University,2026,,10.1371/journal.pone.0348055,FALSE,FALSE,,,,,,,,,,,,,,plos2026ie
South East Technological University,2026,,10.1371/journal.pone.0346770,FALSE,FALSE,,,,,,,,,,,,,,plos2026ie
Trinity College Dublin,2026,,10.1371/journal.pone.0346684,FALSE,FALSE,,,,,,,,,,,,,,plos2026ie
Trinity College Dublin,2026,,10.1371/journal.pone.0347753,FALSE,FALSE,,,,,,,,,,,,,,plos2026ie
University College Cork,2026,,10.1371/journal.pone.0338282,FALSE,FALSE,,,,,,,,,,,,,,plos2026ie
University College Cork,2026,,10.1371/journal.pone.0346984,FALSE,FALSE,,,,,,,,,,,,,,plos2026ie
University College Cork,2026,,10.1371/journal.pone.0348773,FALSE,FALSE,,,,,,,,,,,,,,plos2026ie
University of Galway,2026,,10.1371/journal.pgen.1011851,FALSE,FALSE,,,,,,,,,,,,,,plos2026ie
Munster Technological University,2026,,10.1371/journal.pone.0346874,FALSE,FALSE,,,,,,,,,,,,,,plos2026ie
Atlantic Technological University,2026,,10.1371/journal.pone.0348021,FALSE,FALSE,,,,,,,,,,,,,,plos2026ie
University College Dublin,2026,,10.1371/journal.pone.0342279,FALSE,FALSE,,,,,,,,,,,,,,plos2026ie
University College Dublin,2026,,10.1371/journal.pcbi.1014209,FALSE,FALSE,,,,,,,,,,,,,,plos2026ie
University College Dublin,2026,,10.1371/journal.pdig.0001373,FALSE,FALSE,,,,,,,,,,,,,,plos2026ie
University College Dublin,2026,,10.1371/journal.pone.0345667,FALSE,FALSE,,,,,,,,,,,,,,plos2026ie
Technological University Dublin,2026,,10.1371/journal.pone.0347176,FALSE,FALSE,,,,,,,,,,,,,,plos2026ie
Dublin City University,2026,,10.1371/journal.pone.0349785,FALSE,FALSE,,,,,,,,,,,,,,plos2026ie
Dublin City University,2026,,10.1371/journal.pone.0351253,FALSE,FALSE,,,,,,,,,,,,,,plos2026ie
Dublin City University,2026,,10.1371/journal.pone.0299411,FALSE,FALSE,,,,,,,,,,,,,,plos2026ie
Trinity College Dublin,2026,,10.1371/journal.pcbi.1014301,FALSE,FALSE,,,,,,,,,,,,,,plos2026ie
Trinity College Dublin,2026,,10.1371/journal.pcbi.1013463,FALSE,FALSE,,,,,,,,,,,,,,plos2026ie
Technological University Dublin,2026,,10.1371/journal.pcbi.1013581,FALSE,FALSE,,,,,,,,,,,,,,plos2026ie
University College Cork,2026,,10.1371/journal.pone.0349670,FALSE,FALSE,,,,,,,,,,,,,,plos2026ie
University College Dublin,2026,,10.1371/journal.pone.0349885,FALSE,FALSE,,,,,,,,,,,,,,plos2026ie
University College Dublin,2026,,10.1371/journal.pone.0348445,FALSE,FALSE,,,,,,,,,,,,,,plos2026ie
University College Dublin,2026,,10.1371/journal.pone.0349197,FALSE,FALSE,,,,,,,,,,,,,,plos2026ie
University College Dublin,2026,,10.1371/journal.pone.0350624,FALSE,FALSE,,,,,,,,,,,,,,plos2026ie
University College Dublin,2026,,10.1371/journal.pone.0349303,FALSE,FALSE,,,,,,,,,,,,,,plos2026ie
University of Galway,2026,,10.1371/journal.pgen.1011949,FALSE,FALSE,,,,,,,,,,,,,,plos2026ie
University of Galway,2026,,10.1371/journal.pone.0337017,FALSE,FALSE,,,,,,,,,,,,,,plos2026ie
University of Limerick,2026,,10.1371/journal.pone.0334989,FALSE,FALSE,,,,,,,,,,,,,,plos2026ie
South East Technological University,2026,,10.1371/journal.pone.0353466,FALSE,FALSE,,,,,,,,,,,,,,plos2026ie
Trinity College Dublin,2026,,10.1371/journal.pone.0352160,FALSE,FALSE,,,,,,,,,,,,,,plos2026ie
Technological University Dublin,2026,,10.1371/journal.pone.0351473,FALSE,FALSE,,,,,,,,,,,,,,plos2026ie
University of Limerick,2026,,10.1371/journal.pone.0352500,FALSE,FALSE,,,,,,,,,,,,,,plos2026ie
Technological University Dublin,2026,,10.1039/d6tc00131a,TRUE,FALSE,,,,,,,,,,,,,,rsc2025ie
Trinity College Dublin,2026,,10.1039/d6tc00832a,TRUE,FALSE,,,,,,,,,,,,,,rsc2025ie
University College Cork,2026,,10.1039/d5fb00945f,TRUE,FALSE,,,,,,,,,,,,,,rsc2025ie
University College Dublin,2026,,10.1039/d5su00966a,TRUE,FALSE,,,,,,,,,,,,,,rsc2025ie
University College Dublin,2026,,10.1039/d5nr05371d,TRUE,FALSE,,,,,,,,,,,,,,rsc2025ie
University of Galway,2026,,10.1039/d6nr00519e,TRUE,FALSE,,,,,,,,,,,,,,rsc2025ie
University of Galway,2026,,10.1039/d6bm00195e,TRUE,FALSE,,,,,,,,,,,,,,rsc2025ie
University of Limerick,2026,,10.1039/d6ta01463a,TRUE,FALSE,,,,,,,,,,,,,,rsc2025ie
University of Limerick,2026,,10.1039/d6nr00929h,TRUE,FALSE,,,,,,,,,,,,,,rsc2025ie
Dublin City University,2026,,10.1039/d6tb00152a,TRUE,FALSE,,,,,,,,,,,,,,rsc2025ie
Trinity College Dublin,2026,,10.1039/d6su00176a,TRUE,FALSE,,,,,,,,,,,,,,rsc2025ie
Trinity College Dublin,2026,,10.1039/d6qi00188b,TRUE,FALSE,,,,,,,,,,,,,,rsc2025ie
University College Dublin,2026,,10.1039/d6na00088f,TRUE,FALSE,,,,,,,,,,,,,,rsc2025ie
University of Galway,2026,,10.1039/d6ma00263c,TRUE,FALSE,,,,,,,,,,,,,,rsc2025ie
University of Limerick,2026,,10.1039/d5ma01478f,TRUE,FALSE,,,,,,,,,,,,,,rsc2025ie
University of Limerick,2026,,10.1039/d6cc01363e,TRUE,FALSE,,,,,,,,,,,,,,rsc2025ie
Maynooth University,2026,,10.1177/00111287261440146,TRUE,FALSE,,,,,,,,,,,,,,sage2024ie
University College Cork,2026,,10.1177/00220345261442955,TRUE,FALSE,,,,,,,,,,,,,,sage2024ie
University of Galway,2026,,10.1177/01650254261441509,TRUE,FALSE,,,,,,,,,,,,,,sage2024ie
University of Limerick,2026,,10.1177/17449871261429343,TRUE,FALSE,,,,,,,,,,,,,,sage2024ie
University College Dublin,2026,,10.1177/17479541261421589,TRUE,FALSE,,,,,,,,,,,,,,sage2024ie
Maynooth University,2026,,10.1177/00187267261445807,TRUE,FALSE,,,,,,,,,,,,,,sage2024ie
University College Dublin,2026,,10.1177/00197939261446954,TRUE,FALSE,,,,,,,,,,,,,,sage2024ie
Maynooth University,2026,,10.1177/00207152261457407,TRUE,FALSE,,,,,,,,,,,,,,sage2024ie
Trinity College Dublin,2026,,10.1177/00218863261450213,TRUE,FALSE,,,,,,,,,,,,,,sage2024ie
University of Limerick,2026,,10.1177/00315125261454746,TRUE,FALSE,,,,,,,,,,,,,,sage2024ie
University College Dublin,2026,,10.1177/00332941261450879,TRUE,FALSE,,,,,,,,,,,,,,sage2024ie
University of Limerick,2026,,10.1177/00938548261456567,TRUE,FALSE,,,,,,,,,,,,,,sage2024ie
Maynooth University,2026,,10.1177/01708406261447697,TRUE,FALSE,,,,,,,,,,,,,,sage2024ie
Dublin City University,2026,,10.1177/02662426261458753,TRUE,FALSE,,,,,,,,,,,,,,sage2024ie
University College Cork,2026,,10.1177/02692155261444570,TRUE,FALSE,,,,,,,,,,,,,,sage2024ie
University College Dublin,2026,,10.1177/02692163261446187,TRUE,FALSE,,,,,,,,,,,,,,sage2024ie
University College Dublin,2026,,10.1177/03091325261455049,TRUE,FALSE,,,,,,,,,,,,,,sage2024ie
University of Limerick,2026,,10.1177/03098168261459826,TRUE,FALSE,,,,,,,,,,,,,,sage2024ie
Maynooth University,2026,,10.1177/03324893261455700,TRUE,FALSE,,,,,,,,,,,,,,sage2024ie
Trinity College Dublin,2026,,10.1177/07916035261452124,TRUE,FALSE,,,,,,,,,,,,,,sage2024ie
Trinity College Dublin,2026,,10.1177/07916035261452196,TRUE,FALSE,,,,,,,,,,,,,,sage2024ie
University of Galway,2026,,10.1177/07916035261452530,TRUE,FALSE,,,,,,,,,,,,,,sage2024ie
Technological University of the Shannon: Midlands Midwest,2026,,10.1177/07916035261456951,TRUE,FALSE,,,,,,,,,,,,,,sage2024ie
Trinity College Dublin,2026,,10.1177/07916035261459335,TRUE,FALSE,,,,,,,,,,,,,,sage2024ie
Trinity College Dublin,2026,,10.1177/07916035261462712,TRUE,FALSE,,,,,,,,,,,,,,sage2024ie
University of Limerick,2026,,10.1177/08438714261452784,TRUE,FALSE,,,,,,,,,,,,,,sage2024ie
Trinity College Dublin,2026,,10.1177/08861099261452633,TRUE,FALSE,,,,,,,,,,,,,,sage2024ie
University College Cork,2026,,10.1177/09646639261453522,TRUE,FALSE,,,,,,,,,,,,,,sage2024ie
Atlantic Technological University,2026,,10.1177/09697764261459295,TRUE,FALSE,,,,,,,,,,,,,,sage2024ie
University of Galway,2026,,10.1177/09732586261459526,TRUE,FALSE,,,,,,,,,,,,,,sage2024ie
Trinity College Dublin,2026,,10.1177/09734082261448327,TRUE,FALSE,,,,,,,,,,,,,,sage2024ie
University College Dublin,2026,,10.1177/10406387261455839,TRUE,FALSE,,,,,,,,,,,,,,sage2024ie
University College Dublin,2026,,10.1177/10870547261439441,TRUE,FALSE,,,,,,,,,,,,,,sage2024ie
University College Dublin,2026,,10.1177/10870547261455946,TRUE,FALSE,,,,,,,,,,,,,,sage2024ie
University College Dublin,2026,,10.1177/10870547261459712,TRUE,FALSE,,,,,,,,,,,,,,sage2024ie
University of Limerick,2026,,10.1177/13505084261444675,TRUE,FALSE,,,,,,,,,,,,,,sage2024ie
University of Limerick,2026,,10.1177/13591053261446886,TRUE,FALSE,,,,,,,,,,,,,,sage2024ie
Atlantic Technological University,2026,,10.1177/13591053261450561,TRUE,FALSE,,,,,,,,,,,,,,sage2024ie
South East Technological University,2026,,10.1177/13623613261448516,TRUE,FALSE,,,,,,,,,,,,,,sage2024ie
Trinity College Dublin,2026,,10.1177/13634615261457225,TRUE,FALSE,,,,,,,,,,,,,,sage2024ie
Dublin City University,2026,,10.1177/13657127261446741,TRUE,FALSE,,,,,,,,,,,,,,sage2024ie
University of Limerick,2026,,10.1177/14705931261453641,TRUE,FALSE,,,,,,,,,,,,,,sage2024ie
University College Dublin,2026,,10.1177/14705931261463092,TRUE,FALSE,,,,,,,,,,,,,,sage2024ie
University College Dublin,2026,,10.1177/14705958261464800,TRUE,FALSE,,,,,,,,,,,,,,sage2024ie
Trinity College Dublin,2026,,10.1177/14740222261462144,TRUE,FALSE,,,,,,,,,,,,,,sage2024ie
University College Dublin,2026,,10.1177/14759217261456534,TRUE,FALSE,,,,,,,,,,,,,,sage2024ie
Maynooth University,2026,,10.1177/17411432261457326,TRUE,FALSE,,,,,,,,,,,,,,sage2024ie
Munster Technological University,2026,,10.1177/17479541261460816,TRUE,FALSE,,,,,,,,,,,,,,sage2024ie
South East Technological University,2026,,10.1177/26326663261457541,TRUE,FALSE,,,,,,,,,,,,,,sage2024ie
Trinity College Dublin,2026,,10.1177/27541258261454928,TRUE,FALSE,,,,,,,,,,,,,,sage2024ie
University College Dublin,2026,,10.1177/29768667261452071,TRUE,FALSE,,,,,,,,,,,,,,sage2024ie
University College Cork,2026,,10.1038/s41372-025-02547-z,TRUE,FALSE,,,,,,,,,,,,,,sn2025ie
University College Dublin,2026,,10.1007/s10551-025-06230-3,TRUE,FALSE,,,,,,,,,,,,,,sn2025ie
University College Dublin,2026,,10.1007/s10344-025-02045-9,TRUE,FALSE,,,,,,,,,,,,,,sn2025ie
University College Dublin,2026,,10.1007/s00291-025-00842-x,TRUE,FALSE,,,,,,,,,,,,,,sn2025ie
University of Limerick,2026,,10.1007/s10805-025-09715-y,TRUE,FALSE,,,,,,,,,,,,,,sn2025ie
Royal College of Surgeons in Ireland,2026,,10.1007/s11845-025-04262-2,TRUE,FALSE,,,,,,,,,,,,,,sn2025ie
University of Galway,2026,,10.1038/s41386-025-02305-x,TRUE,FALSE,,,,,,,,,,,,,,sn2025ie
University of Galway,2026,,10.1007/s11136-025-04120-9,TRUE,FALSE,,,,,,,,,,,,,,sn2025ie
University College Cork,2026,,10.1038/s41390-025-04699-2,TRUE,FALSE,,,,,,,,,,,,,,sn2025ie
University College Cork,2026,,10.1007/s40656-025-00714-1,TRUE,FALSE,,,,,,,,,,,,,,sn2025ie
Trinity College Dublin,2026,,10.1007/s40368-026-01162-6,TRUE,FALSE,,,,,,,,,,,,,,sn2025ie
Royal College of Surgeons in Ireland,2026,,10.1007/s11845-025-04266-y,TRUE,FALSE,,,,,,,,,,,,,,sn2025ie
University of Galway,2026,,10.1038/s41380-025-03432-z,TRUE,FALSE,,,,,,,,,,,,,,sn2025ie
University College Dublin,2026,,10.1007/s00246-026-04161-y,TRUE,FALSE,,,,,,,,,,,,,,sn2025ie
University College Dublin,2026,,10.1007/s40279-025-02388-y,TRUE,FALSE,,,,,,,,,,,,,,sn2025ie
Maynooth University,2026,,10.1007/s10694-025-01859-y,TRUE,FALSE,,,,,,,,,,,,,,sn2025ie
University College Dublin,2026,,10.1007/s00227-025-04784-4,TRUE,FALSE,,,,,,,,,,,,,,sn2025ie
University College Dublin,2026,,10.1007/s11071-025-11999-z,TRUE,FALSE,,,,,,,,,,,,,,sn2025ie
University College Dublin,2026,,10.1057/s41253-025-00309-z,TRUE,FALSE,,,,,,,,,,,,,,sn2025ie
Royal College of Surgeons in Ireland,2026,,10.1007/s00330-025-12288-4,TRUE,FALSE,,,,,,,,,,,,,,sn2025ie
Royal College of Surgeons in Ireland,2026,,10.1007/s10615-026-01028-w,TRUE,FALSE,,,,,,,,,,,,,,sn2025ie
University of Limerick,2026,,10.1007/s10824-025-09574-w,TRUE,FALSE,,,,,,,,,,,,,,sn2025ie
Trinity College Dublin,2026,,10.1007/s10620-025-09665-w,TRUE,FALSE,,,,,,,,,,,,,,sn2025ie
Trinity College Dublin,2026,,10.1007/s00134-025-08284-3,TRUE,FALSE,,,,,,,,,,,,,,sn2025ie
University College Dublin,2026,,10.1007/s00158-025-04238-x,TRUE,FALSE,,,,,,,,,,,,,,sn2025ie
Trinity College Dublin,2026,,10.1007/s40515-025-00777-4,TRUE,FALSE,,,,,,,,,,,,,,sn2025ie
Royal College of Surgeons in Ireland,2026,,10.1007/s00384-025-05066-7,FALSE,FALSE,,,,,,,,,,,,,,sn2025ie
University of Galway,2026,,10.1007/s43681-025-00975-3,TRUE,FALSE,,,,,,,,,,,,,,sn2025ie
Trinity College Dublin,2026,,10.1007/s12687-025-00854-8,TRUE,FALSE,,,,,,,,,,,,,,sn2025ie
University of Galway,2026,,10.1007/s10534-026-00790-1,TRUE,FALSE,,,,,,,,,,,,,,sn2025ie
Trinity College Dublin,2026,,10.1007/s10750-025-06096-6,TRUE,FALSE,,,,,,,,,,,,,,sn2025ie
University College Dublin,2026,,10.1007/s00246-026-04171-w,TRUE,FALSE,,,,,,,,,,,,,,sn2025ie
University of Limerick,2026,,10.1007/s11218-026-10174-5,TRUE,FALSE,,,,,,,,,,,,,,sn2025ie
Dublin City University,2026,,10.1007/s42979-026-04745-8,TRUE,FALSE,,,,,,,,,,,,,,sn2025ie
University College Cork,2026,,10.1007/s00267-026-02383-7,TRUE,FALSE,,,,,,,,,,,,,,sn2025ie
Trinity College Dublin,2026,,10.1007/s11764-026-01972-z,TRUE,FALSE,,,,,,,,,,,,,,sn2025ie
University College Cork,2026,,10.1007/s00240-025-01900-3,TRUE,FALSE,,,,,,,,,,,,,,sn2025ie
Dublin City University,2026,,10.1007/s43477-025-00205-2,TRUE,FALSE,,,,,,,,,,,,,,sn2025ie
University College Cork,2026,,10.1038/s41390-026-04780-4,TRUE,FALSE,,,,,,,,,,,,,,sn2025ie
Trinity College Dublin,2026,,10.1007/s41999-026-01418-w,TRUE,FALSE,,,,,,,,,,,,,,sn2025ie
Trinity College Dublin,2026,,10.1007/s11255-026-05033-3,TRUE,FALSE,,,,,,,,,,,,,,sn2025ie
Trinity College Dublin,2026,,10.1007/s00429-026-03073-0,TRUE,FALSE,,,,,,,,,,,,,,sn2025ie
Royal College of Surgeons in Ireland,2026,,10.1007/s12029-026-01404-2,TRUE,FALSE,,,,,,,,,,,,,,sn2025ie
Trinity College Dublin,2026,,10.1038/s41390-026-04799-7,TRUE,FALSE,,,,,,,,,,,,,,sn2025ie
Trinity College Dublin,2026,,10.1007/s11229-026-05455-7,TRUE,FALSE,,,,,,,,,,,,,,sn2025ie
Royal College of Surgeons in Ireland,2026,,10.1007/s11912-026-01753-y,TRUE,FALSE,,,,,,,,,,,,,,sn2025ie
Trinity College Dublin,2026,,10.1007/s00737-025-01670-2,TRUE,FALSE,,,,,,,,,,,,,,sn2025ie
University College Cork,2026,,10.1007/s40722-026-00472-7,TRUE,FALSE,,,,,,,,,,,,,,sn2025ie
Trinity College Dublin,2026,,10.1007/s12029-026-01407-z,TRUE,FALSE,,,,,,,,,,,,,,sn2025ie
University of Galway,2026,,10.1007/s41060-026-01023-x,TRUE,FALSE,,,,,,,,,,,,,,sn2025ie
University College Cork,2026,,10.1007/s10140-026-02441-x,TRUE,FALSE,,,,,,,,,,,,,,sn2025ie
Royal College of Surgeons in Ireland,2026,,10.1007/s00384-026-05104-y,FALSE,FALSE,,,,,,,,,,,,,,sn2025ie
University College Dublin,2026,,10.1007/s11042-026-21192-y,TRUE,FALSE,,,,,,,,,,,,,,sn2025ie
University College Dublin,2026,,10.1007/s00170-026-17511-0,TRUE,FALSE,,,,,,,,,,,,,,sn2025ie
Trinity College Dublin,2026,,10.1007/s11357-026-02141-x,TRUE,FALSE,,,,,,,,,,,,,,sn2025ie
University College Cork,2026,,10.1007/s13349-025-01037-2,TRUE,FALSE,,,,,,,,,,,,,,sn2025ie
University College Cork,2026,,10.1007/s00394-026-03900-4,TRUE,FALSE,,,,,,,,,,,,,,sn2025ie
University College Cork,2026,,10.1007/s10309-026-00823-2,TRUE,FALSE,,,,,,,,,,,,,,sn2025ie
University of Limerick,2026,,10.1007/s11845-025-04232-8,TRUE,FALSE,,,,,,,,,,,,,,sn2025ie
Royal College of Surgeons in Ireland,2026,,10.1007/s11845-026-04280-8,TRUE,FALSE,,,,,,,,,,,,,,sn2025ie
Trinity College Dublin,2026,,10.1007/s40368-026-01164-4,TRUE,FALSE,,,,,,,,,,,,,,sn2025ie
Dublin City University,2026,,10.1007/s10460-026-10848-y,TRUE,FALSE,,,,,,,,,,,,,,sn2025ie
Dublin City University,2026,,10.1007/s11332-026-01672-2,TRUE,FALSE,,,,,,,,,,,,,,sn2025ie
Atlantic Technological University,2026,,10.1007/s10055-026-01313-6,FALSE,FALSE,,,,,,,,,,,,,,sn2025ie
Royal College of Surgeons in Ireland,2026,,10.1038/s41431-026-02027-8,TRUE,FALSE,,,,,,,,,,,,,,sn2025ie
Royal College of Surgeons in Ireland,2026,,10.1007/s11695-026-08540-5,TRUE,FALSE,,,,,,,,,,,,,,sn2025ie
Royal College of Surgeons in Ireland,2026,,10.1007/s10995-026-04236-5,TRUE,FALSE,,,,,,,,,,,,,,sn2025ie
Dublin City University,2026,,10.1007/s00604-026-07848-4,TRUE,FALSE,,,,,,,,,,,,,,sn2025ie
University College Cork,2026,,10.1007/s12161-026-03003-0,TRUE,FALSE,,,,,,,,,,,,,,sn2025ie
Trinity College Dublin,2026,,10.1007/s42947-026-00725-6,TRUE,FALSE,,,,,,,,,,,,,,sn2025ie
University of Limerick,2026,,10.1007/s10798-026-10067-w,TRUE,FALSE,,,,,,,,,,,,,,sn2025ie
Royal College of Surgeons in Ireland,2026,,10.1007/s10111-026-00863-8,TRUE,FALSE,,,,,,,,,,,,,,sn2025ie
Trinity College Dublin,2026,,10.1007/s00221-026-07238-5,TRUE,FALSE,,,,,,,,,,,,,,sn2025ie
University College Dublin,2026,,10.1007/s00247-026-06547-9,TRUE,FALSE,,,,,,,,,,,,,,sn2025ie
Trinity College Dublin,2026,,10.1038/s41433-026-04334-2,TRUE,FALSE,,,,,,,,,,,,,,sn2025ie
Technological University Dublin,2026,,10.1007/s41060-026-01044-6,TRUE,FALSE,,,,,,,,,,,,,,sn2025ie
University of Limerick,2026,,10.1007/s00787-025-02955-8,TRUE,FALSE,,,,,,,,,,,,,,sn2025ie
University of Galway,2026,,10.1038/s41435-026-00383-5,TRUE,FALSE,,,,,,,,,,,,,,sn2025ie
Trinity College Dublin,2026,,10.1038/s41390-025-04750-2,TRUE,FALSE,,,,,,,,,,,,,,sn2025ie
Royal College of Surgeons in Ireland,2026,,10.1007/s42399-026-02278-y,TRUE,FALSE,,,,,,,,,,,,,,sn2025ie
Technological University of the Shannon: Midlands Midwest,2026,,10.1007/s00520-026-10432-4,TRUE,FALSE,,,,,,,,,,,,,,sn2025ie
University College Dublin,2026,,10.1007/s10840-026-02274-1,TRUE,FALSE,,,,,,,,,,,,,,sn2025ie
University College Cork,2026,,10.1007/s12526-026-01630-8,TRUE,FALSE,,,,,,,,,,,,,,sn2025ie
Technological University Dublin,2026,,10.1007/s44402-026-00032-4,TRUE,FALSE,,,,,,,,,,,,,,sn2025ie
University College Dublin,2026,,10.1007/s00464-026-12680-1,TRUE,FALSE,,,,,,,,,,,,,,sn2025ie
University College Cork,2026,,10.1007/s40670-026-02656-0,TRUE,FALSE,,,,,,,,,,,,,,sn2025ie
University of Galway,2026,,10.1007/s11845-025-04235-5,TRUE,FALSE,,,,,,,,,,,,,,sn2025ie
University of Galway,2026,,10.1007/s11845-026-04282-6,TRUE,FALSE,,,,,,,,,,,,,,sn2025ie
Maynooth University,2026,,10.1007/s41105-026-00640-0,TRUE,FALSE,,,,,,,,,,,,,,sn2025ie
University College Dublin,2026,,10.1007/s13178-026-01304-x,TRUE,FALSE,,,,,,,,,,,,,,sn2025ie
University College Dublin,2026,,10.1007/s10841-026-00752-5,TRUE,FALSE,,,,,,,,,,,,,,sn2025ie
Trinity College Dublin,2026,,10.1007/s10784-026-09714-3,TRUE,FALSE,,,,,,,,,,,,,,sn2025ie
Trinity College Dublin,2026,,10.1038/s41390-026-04883-y,TRUE,FALSE,,,,,,,,,,,,,,sn2025ie
Trinity College Dublin,2026,,10.1007/s12187-026-10347-w,TRUE,FALSE,,,,,,,,,,,,,,sn2025ie
University College Cork,2026,,10.1007/s00338-026-02846-7,TRUE,FALSE,,,,,,,,,,,,,,sn2025ie
Trinity College Dublin,2026,,10.1007/s00405-026-10129-8,TRUE,FALSE,,,,,,,,,,,,,,sn2025ie
University College Dublin,2026,,10.1007/s00374-026-01998-6,TRUE,FALSE,,,,,,,,,,,,,,sn2025ie
University of Limerick,2026,,10.1007/s00466-026-02762-1,TRUE,FALSE,,,,,,,,,,,,,,sn2025ie
Royal College of Surgeons in Ireland,2026,,10.1007/s00464-026-12649-0,TRUE,FALSE,,,,,,,,,,,,,,sn2025ie
Dublin City University,2026,,10.1007/s11760-026-05214-8,TRUE,FALSE,,,,,,,,,,,,,,sn2025ie
University College Cork,2026,,10.1007/s10460-026-10859-9,TRUE,FALSE,,,,,,,,,,,,,,sn2025ie
University College Cork,2026,,10.1007/s11096-026-02105-3,FALSE,FALSE,,,,,,,,,,,,,,sn2025ie
University College Dublin,2026,,10.1007/s10980-026-02319-w,FALSE,FALSE,,,,,,,,,,,,,,sn2025ie
Trinity College Dublin,2026,,10.1007/s42380-026-00345-5,TRUE,FALSE,,,,,,,,,,,,,,sn2025ie
Trinity College Dublin,2026,,10.1007/s10009-026-00844-2,TRUE,FALSE,,,,,,,,,,,,,,sn2025ie
Trinity College Dublin,2026,,10.1007/s10072-026-08944-2,TRUE,FALSE,,,,,,,,,,,,,,sn2025ie
University College Cork,2026,,10.1007/s00428-026-04464-8,TRUE,FALSE,,,,,,,,,,,,,,sn2025ie
University College Cork,2026,,10.1007/s11097-026-10140-8,TRUE,FALSE,,,,,,,,,,,,,,sn2025ie
University College Dublin,2026,,10.1007/s10489-026-07133-0,TRUE,FALSE,,,,,,,,,,,,,,sn2025ie
Technological University Dublin,2026,,10.1007/s10203-026-00563-y,TRUE,FALSE,,,,,,,,,,,,,,sn2025ie
University College Cork,2026,,10.1007/s43681-026-01026-1,TRUE,FALSE,,,,,,,,,,,,,,sn2025ie
Royal College of Surgeons in Ireland,2026,,10.1007/s11845-026-04291-5,TRUE,FALSE,,,,,,,,,,,,,,sn2025ie
Dublin City University,2026,,10.1007/s42438-026-00634-8,TRUE,FALSE,,,,,,,,,,,,,,sn2025ie
Trinity College Dublin,2026,,10.1007/s10163-026-02537-z,TRUE,FALSE,,,,,,,,,,,,,,sn2025ie
Trinity College Dublin,2026,,10.1007/s00262-026-04323-0,FALSE,FALSE,,,,,,,,,,,,,,sn2025ie
University College Cork,2026,,10.1007/s00146-026-02938-6,TRUE,FALSE,,,,,,,,,,,,,,sn2025ie
Dublin City University,2026,,10.1007/s11069-025-07808-w,TRUE,FALSE,,,,,,,,,,,,,,sn2025ie
University College Dublin,2026,,10.1007/s12671-026-02809-7,TRUE,FALSE,,,,,,,,,,,,,,sn2025ie
University College Cork,2026,,10.1007/s11096-026-02120-4,FALSE,FALSE,,,,,,,,,,,,,,sn2025ie
Royal College of Surgeons in Ireland,2026,,10.1007/s10439-026-04060-6,TRUE,FALSE,,,,,,,,,,,,,,sn2025ie
University College Dublin,2026,,10.1007/s11007-026-09728-3,TRUE,FALSE,,,,,,,,,,,,,,sn2025ie
University College Cork,2026,,10.1007/s40266-026-01293-x,TRUE,FALSE,,,,,,,,,,,,,,sn2025ie
Technological University Dublin,2026,,10.1007/s43545-026-01401-z,TRUE,FALSE,,,,,,,,,,,,,,sn2025ie
University College Dublin,2026,,10.1007/s11095-026-04050-2,TRUE,FALSE,,,,,,,,,,,,,,sn2025ie
Dublin City University,2026,,10.1007/s12289-026-01995-y,TRUE,FALSE,,,,,,,,,,,,,,sn2025ie
Dublin City University,2026,,10.1007/s42380-026-00352-6,TRUE,FALSE,,,,,,,,,,,,,,sn2025ie
Royal College of Surgeons in Ireland,2026,,10.1007/s11845-026-04299-x,TRUE,FALSE,,,,,,,,,,,,,,sn2025ie
University College Dublin,2026,,10.1007/s00246-026-04236-w,TRUE,FALSE,,,,,,,,,,,,,,sn2025ie
Royal College of Surgeons in Ireland,2026,,10.1007/s10741-026-10618-2,TRUE,FALSE,,,,,,,,,,,,,,sn2025ie
Technological University of the Shannon: Midlands Midwest,2026,,10.1007/s10798-026-10083-w,TRUE,FALSE,,,,,,,,,,,,,,sn2025ie
University of Limerick,2026,,10.1007/s11615-026-00657-7,TRUE,FALSE,,,,,,,,,,,,,,sn2025ie
Dublin City University,2026,,10.1007/s11831-026-10560-4,TRUE,FALSE,,,,,,,,,,,,,,sn2025ie
Trinity College Dublin,2026,,10.1007/s13347-026-01065-w,TRUE,FALSE,,,,,,,,,,,,,,sn2025ie
University College Dublin,2026,,10.1007/s11845-026-04351-w,TRUE,FALSE,,,,,,,,,,,,,,sn2025ie
University College Cork,2026,,10.1007/s00267-026-02413-4,TRUE,FALSE,,,,,,,,,,,,,,sn2025ie
University College Cork,2026,,10.1007/s11096-026-02129-9,FALSE,FALSE,,,,,,,,,,,,,,sn2025ie
Dublin City University,2026,,10.1007/s42380-026-00351-7,TRUE,FALSE,,,,,,,,,,,,,,sn2025ie
Royal College of Surgeons in Ireland,2026,,10.1007/s40264-026-01664-8,TRUE,FALSE,,,,,,,,,,,,,,sn2025ie
Trinity College Dublin,2026,,10.1007/s00041-026-10243-5,TRUE,FALSE,,,,,,,,,,,,,,sn2025ie
University College Dublin,2026,,10.1007/s11845-026-04325-y,TRUE,FALSE,,,,,,,,,,,,,,sn2025ie
Royal College of Surgeons in Ireland,2026,,10.1007/s11845-026-04326-x,TRUE,FALSE,,,,,,,,,,,,,,sn2025ie
Royal College of Surgeons in Ireland,2026,,10.1007/s00345-026-06343-y,TRUE,FALSE,,,,,,,,,,,,,,sn2025ie
Maynooth University,2026,,10.1007/s10462-026-11515-8,FALSE,FALSE,,,,,,,,,,,,,,sn2025ie
Trinity College Dublin,2026,,10.3758/s13428-026-02995-1,TRUE,FALSE,,,,,,,,,,,,,,sn2025ie
Royal College of Surgeons in Ireland,2026,,10.1007/s12178-026-10026-x,TRUE,FALSE,,,,,,,,,,,,,,sn2025ie
University College Dublin,2026,,10.1007/s11845-026-04314-1,TRUE,FALSE,,,,,,,,,,,,,,sn2025ie
Royal College of Surgeons in Ireland,2026,,10.1007/s11701-026-03331-7,TRUE,FALSE,,,,,,,,,,,,,,sn2025ie
University College Dublin,2026,,10.1007/s11004-026-10283-z,TRUE,FALSE,,,,,,,,,,,,,,sn2025ie
University College Dublin,2026,,10.1007/s10489-026-07230-0,TRUE,FALSE,,,,,,,,,,,,,,sn2025ie
University College Cork,2026,,10.1007/s00228-026-04046-2,TRUE,FALSE,,,,,,,,,,,,,,sn2025ie
Trinity College Dublin,2026,,10.1007/s41999-026-01473-3,TRUE,FALSE,,,,,,,,,,,,,,sn2025ie
Trinity College Dublin,2026,,10.1007/s00146-026-02991-1,TRUE,FALSE,,,,,,,,,,,,,,sn2025ie
Royal College of Surgeons in Ireland,2026,,10.1007/s11845-026-04328-9,TRUE,FALSE,,,,,,,,,,,,,,sn2025ie
University College Dublin,2026,,10.1007/s00431-026-06927-1,TRUE,FALSE,,,,,,,,,,,,,,sn2025ie
University College Cork,2026,,10.1007/s00520-026-10657-3,TRUE,FALSE,,,,,,,,,,,,,,sn2025ie
University of Galway,2026,,10.1007/s00415-026-13817-x,TRUE,FALSE,,,,,,,,,,,,,,sn2025ie
University College Cork,2026,,10.1007/s11096-026-02135-x,FALSE,FALSE,,,,,,,,,,,,,,sn2025ie
University of Galway,2026,,10.1007/s12220-026-02415-y,TRUE,FALSE,,,,,,,,,,,,,,sn2025ie
Technological University Dublin,2026,,10.1007/s43555-026-00084-0,TRUE,FALSE,,,,,,,,,,,,,,sn2025ie
University College Dublin,2026,,10.1007/s10953-026-01592-2,TRUE,FALSE,,,,,,,,,,,,,,sn2025ie
University of Galway,2026,,10.1007/s00170-026-18015-7,TRUE,FALSE,,,,,,,,,,,,,,sn2025ie
University of Galway,2026,,10.1007/s11845-026-04340-z,TRUE,FALSE,,,,,,,,,,,,,,sn2025ie
University College Dublin,2026,,10.1007/s42399-026-02324-9,TRUE,FALSE,,,,,,,,,,,,,,sn2025ie
University of Limerick,2026,,10.1007/s10231-026-01686-0,TRUE,FALSE,,,,,,,,,,,,,,sn2025ie
University College Cork,2026,,10.1007/s10803-026-07317-0,TRUE,FALSE,,,,,,,,,,,,,,sn2025ie
Royal College of Surgeons in Ireland,2026,,10.1007/s11845-026-04377-0,TRUE,FALSE,,,,,,,,,,,,,,sn2025ie
South East Technological University,2026,,10.1007/s11104-026-08370-5,TRUE,FALSE,,,,,,,,,,,,,,sn2025ie
Royal College of Surgeons in Ireland,2026,,10.1007/s10143-026-04189-x,TRUE,FALSE,,,,,,,,,,,,,,sn2025ie
University of Limerick,2026,,10.1140/epjp/s13360-026-07640-6,TRUE,FALSE,,,,,,,,,,,,,,sn2025ie
University College Dublin,2026,,10.1038/s41372-026-02674-1,TRUE,FALSE,,,,,,,,,,,,,,sn2025ie
Technological University of the Shannon: Midlands Midwest,2026,,10.1007/s10098-026-03488-7,TRUE,FALSE,,,,,,,,,,,,,,sn2025ie
University of Galway,2026,,10.1007/s10864-026-09632-z,TRUE,FALSE,,,,,,,,,,,,,,sn2025ie
University College Dublin,2026,,10.1007/s10796-026-10739-x,TRUE,FALSE,,,,,,,,,,,,,,sn2025ie
University College Dublin,2026,,10.1007/s12393-026-09437-w,TRUE,FALSE,,,,,,,,,,,,,,sn2025ie
Royal College of Surgeons in Ireland,2026,,10.1007/s11845-026-04324-z,TRUE,FALSE,,,,,,,,,,,,,,sn2025ie
Maynooth University,2026,,10.1007/s00526-026-03339-9,TRUE,FALSE,,,,,,,,,,,,,,sn2025ie
University College Dublin,2026,,10.1007/s12393-026-09439-8,TRUE,FALSE,,,,,,,,,,,,,,sn2025ie
University College Dublin,2026,,10.1007/s11845-026-04335-w,TRUE,FALSE,,,,,,,,,,,,,,sn2025ie
Trinity College Dublin,2026,,10.1038/s41386-026-02401-6,TRUE,FALSE,,,,,,,,,,,,,,sn2025ie
University of Limerick,2026,,10.1007/s10798-026-10074-x,TRUE,FALSE,,,,,,,,,,,,,,sn2025ie
Trinity College Dublin,2026,,10.1007/s11049-026-09709-4,TRUE,FALSE,,,,,,,,,,,,,,sn2025ie
Royal College of Surgeons in Ireland,2026,,10.1007/s11845-026-04402-2,TRUE,FALSE,,,,,,,,,,,,,,sn2025ie
Royal College of Surgeons in Ireland,2026,,10.1007/s00198-026-08043-0,TRUE,FALSE,,,,,,,,,,,,,,sn2025ie
Trinity College Dublin,2026,,10.1038/s41371-026-01125-w,TRUE,FALSE,,,,,,,,,,,,,,sn2025ie
University College Dublin,2026,,10.1007/s12145-026-02115-9,TRUE,FALSE,,,,,,,,,,,,,,sn2025ie
Trinity College Dublin,2026,,10.1007/s11075-026-02368-x,TRUE,FALSE,,,,,,,,,,,,,,sn2025ie
University of Galway,2026,,10.1007/s43681-026-01030-5,TRUE,FALSE,,,,,,,,,,,,,,sn2025ie
University College Dublin,2026,,10.1007/s42399-026-02348-1,TRUE,FALSE,,,,,,,,,,,,,,sn2025ie
Trinity College Dublin,2026,,10.1038/s41390-026-04903-x,TRUE,FALSE,,,,,,,,,,,,,,sn2025ie
Trinity College Dublin,2026,,10.1007/s11845-026-04312-3,TRUE,FALSE,,,,,,,,,,,,,,sn2025ie
Trinity College Dublin,2026,,10.1007/s11096-026-02155-7,FALSE,FALSE,,,,,,,,,,,,,,sn2025ie
Trinity College Dublin,2026,,10.1007/s10461-026-05144-z,TRUE,FALSE,,,,,,,,,,,,,,sn2025ie
University College Cork,2026,,10.1007/s00127-026-03094-4,TRUE,FALSE,,,,,,,,,,,,,,sn2025ie
Maynooth University,2026,,10.1007/s10584-026-04156-x,TRUE,FALSE,,,,,,,,,,,,,,sn2025ie
South East Technological University,2026,,10.1007/s11277-026-12041-0,TRUE,FALSE,,,,,,,,,,,,,,sn2025ie
Technological University Dublin,2026,,10.1007/s11665-026-14029-0,TRUE,FALSE,,,,,,,,,,,,,,sn2025ie
Trinity College Dublin,2026,,10.1007/s43477-026-00235-4,TRUE,FALSE,,,,,,,,,,,,,,sn2025ie
University College Dublin,2026,,10.1007/s00170-026-18229-9,TRUE,FALSE,,,,,,,,,,,,,,sn2025ie
University College Dublin,2026,,10.1007/s10123-026-00836-x,FALSE,FALSE,,,,,,,,,,,,,,sn2025ie
Trinity College Dublin,2026,,10.1007/s13157-026-02053-8,TRUE,FALSE,,,,,,,,,,,,,,sn2025ie
University College Dublin,2026,,10.1007/s10815-026-03889-z,TRUE,FALSE,,,,,,,,,,,,,,sn2025ie
University of Limerick,2026,,10.1007/s11845-026-04431-x,TRUE,FALSE,,,,,,,,,,,,,,sn2025ie
University College Dublin,2026,,10.1007/s00383-026-06437-z,TRUE,FALSE,,,,,,,,,,,,,,sn2025ie
University of Limerick,2026,,10.1007/s10798-026-10096-5,TRUE,FALSE,,,,,,,,,,,,,,sn2025ie
Trinity College Dublin,2026,,10.1007/s00011-026-02242-5,TRUE,FALSE,,,,,,,,,,,,,,sn2025ie
University of Galway,2026,,10.1007/s11146-026-10062-x,TRUE,FALSE,,,,,,,,,,,,,,sn2025ie
Royal College of Surgeons in Ireland,2026,,10.1007/s11695-026-08711-4,TRUE,FALSE,,,,,,,,,,,,,,sn2025ie
Dublin City University,2026,,10.1007/s41060-026-01141-6,TRUE,FALSE,,,,,,,,,,,,,,sn2025ie
University College Dublin,2026,,10.1057/s41292-026-00386-5,TRUE,FALSE,,,,,,,,,,,,,,sn2025ie
University of Limerick,2026,,10.1007/s11845-026-04320-3,TRUE,FALSE,,,,,,,,,,,,,,sn2025ie
South East Technological University,2026,,10.1007/s13738-026-03415-z,TRUE,FALSE,,,,,,,,,,,,,,sn2025ie
University College Dublin,2026,,10.1007/s00520-026-10738-3,TRUE,FALSE,,,,,,,,,,,,,,sn2025ie
Trinity College Dublin,2026,,10.1007/s11229-026-05570-5,TRUE,FALSE,,,,,,,,,,,,,,sn2025ie
Royal College of Surgeons in Ireland,2026,,10.1007/s11255-026-05180-7,TRUE,FALSE,,,,,,,,,,,,,,sn2025ie
Trinity College Dublin,2026,,10.1007/s41999-026-01469-z,TRUE,FALSE,,,,,,,,,,,,,,sn2025ie
University College Dublin,2026,,10.1007/s00126-026-01454-3,TRUE,FALSE,,,,,,,,,,,,,,sn2025ie
Maynooth University,2026,,10.1007/s11084-026-09729-5,FALSE,FALSE,,,,,,,,,,,,,,sn2025ie
Trinity College Dublin,2026,,10.1007/s00520-026-10752-5,TRUE,FALSE,,,,,,,,,,,,,,sn2025ie
Atlantic Technological University,2026,,10.1007/s10959-026-01509-1,TRUE,FALSE,,,,,,,,,,,,,,sn2025ie
University of Galway,2026,,10.1007/s42729-026-03296-4,TRUE,FALSE,,,,,,,,,,,,,,sn2025ie
Trinity College Dublin,2026,,10.1007/s13187-026-02899-w,TRUE,FALSE,,,,,,,,,,,,,,sn2025ie
Trinity College Dublin,2026,,10.1007/s11158-026-09775-w,TRUE,FALSE,,,,,,,,,,,,,,sn2025ie
Royal College of Surgeons in Ireland,2026,,10.1007/s00330-026-12528-1,TRUE,FALSE,,,,,,,,,,,,,,sn2025ie
University College Dublin,2026,,10.1007/s10677-026-10557-9,TRUE,FALSE,,,,,,,,,,,,,,sn2025ie
Trinity College Dublin,2026,,10.1007/s11222-026-10887-9,TRUE,FALSE,,,,,,,,,,,,,,sn2025ie
University of Galway,2026,,10.1140/epjs/s11734-026-02353-4,TRUE,FALSE,,,,,,,,,,,,,,sn2025ie
University College Dublin,2026,,10.1007/s12520-026-02500-x,TRUE,FALSE,,,,,,,,,,,,,,sn2025ie
University College Dublin,2026,,10.1007/s12393-026-09441-0,TRUE,FALSE,,,,,,,,,,,,,,sn2025ie
University College Dublin,2026,,10.1007/s41748-026-01209-0,TRUE,FALSE,,,,,,,,,,,,,,sn2025ie
Royal College of Surgeons in Ireland,2026,,10.1007/s11845-026-04436-6,TRUE,FALSE,,,,,,,,,,,,,,sn2025ie
University College Dublin,2026,,10.1038/s41370-026-00917-z,TRUE,FALSE,,,,,,,,,,,,,,sn2025ie
Trinity College Dublin,2026,,10.1007/s11845-026-04442-8,TRUE,FALSE,,,,,,,,,,,,,,sn2025ie
University College Dublin,2026,,10.1007/s10956-026-10330-8,TRUE,FALSE,,,,,,,,,,,,,,sn2025ie
Royal College of Surgeons in Ireland,2026,,10.1007/s11845-026-04448-2,TRUE,FALSE,,,,,,,,,,,,,,sn2025ie
Dublin City University,2026,,10.1007/s40072-026-00428-w,TRUE,FALSE,,,,,,,,,,,,,,sn2025ie
Royal College of Surgeons in Ireland,2026,,10.1007/s40883-026-00594-2,TRUE,FALSE,,,,,,,,,,,,,,sn2025ie
Trinity College Dublin,2026,,10.1007/s11229-026-05626-6,TRUE,FALSE,,,,,,,,,,,,,,sn2025ie
Dublin City University,2026,,10.1007/s00371-026-04480-4,TRUE,FALSE,,,,,,,,,,,,,,sn2025ie
Trinity College Dublin,2026,,10.1038/s41433-026-04545-7,TRUE,FALSE,,,,,,,,,,,,,,sn2025ie
University of Limerick,2026,,10.1007/s10798-026-10103-9,TRUE,FALSE,,,,,,,,,,,,,,sn2025ie
University College Dublin,2026,,10.1007/s11222-026-10884-y,TRUE,FALSE,,,,,,,,,,,,,,sn2025ie
Maynooth University,2026,,10.1007/s13132-026-03300-3,TRUE,FALSE,,,,,,,,,,,,,,sn2025ie
University College Dublin,2026,,10.1007/s11694-026-04407-6,TRUE,FALSE,,,,,,,,,,,,,,sn2025ie
University College Dublin,2026,,10.1007/s11845-026-04447-3,TRUE,FALSE,,,,,,,,,,,,,,sn2025ie
Dublin City University,2026,,10.1007/s10956-026-10320-w,TRUE,FALSE,,,,,,,,,,,,,,sn2025ie
University College Dublin,2026,,10.1007/s00335-026-10243-2,TRUE,FALSE,,,,,,,,,,,,,,sn2025ie
University College Dublin,2026,,10.1007/s13347-026-01115-3,TRUE,FALSE,,,,,,,,,,,,,,sn2025ie
Royal College of Surgeons in Ireland,2026,,10.1007/s11845-026-04445-5,TRUE,FALSE,,,,,,,,,,,,,,sn2025ie
Royal College of Surgeons in Ireland,2026,,10.1007/s11845-026-04456-2,TRUE,FALSE,,,,,,,,,,,,,,sn2025ie
University College Dublin,2026,,10.1007/s43545-026-01476-8,TRUE,FALSE,,,,,,,,,,,,,,sn2025ie
University College Dublin,2026,,10.1007/s00246-026-04314-z,TRUE,FALSE,,,,,,,,,,,,,,sn2025ie
University College Dublin,2026,,10.1007/s00394-026-04000-z,TRUE,FALSE,,,,,,,,,,,,,,sn2025ie
Royal College of Surgeons in Ireland,2026,,10.1007/s11845-026-04428-6,TRUE,FALSE,,,,,,,,,,,,,,sn2025ie
University of Limerick,2026,,10.1007/s00170-026-18331-y,TRUE,FALSE,,,,,,,,,,,,,,sn2025ie
University College Cork,2026,,10.1007/s11023-026-09783-y,TRUE,FALSE,,,,,,,,,,,,,,sn2025ie
University of Limerick,2026,,10.1007/s00394-026-03987-9,TRUE,FALSE,,,,,,,,,,,,,,sn2025ie
University College Dublin,2026,,10.1007/s10803-026-07353-w,TRUE,FALSE,,,,,,,,,,,,,,sn2025ie
University College Dublin,2026,,10.1007/s11213-026-09766-1,TRUE,FALSE,,,,,,,,,,,,,,sn2025ie
University College Dublin,2026,,10.1007/s00737-026-01718-x,TRUE,FALSE,,,,,,,,,,,,,,sn2025ie
University of Galway,2026,,10.1007/s11682-026-01165-3,TRUE,FALSE,,,,,,,,,,,,,,sn2025ie
Trinity College Dublin,2026,,10.1038/s41390-026-04924-6,TRUE,FALSE,,,,,,,,,,,,,,sn2025ie
University College Dublin,2026,,10.1007/s41042-026-00300-1,TRUE,FALSE,,,,,,,,,,,,,,sn2025ie
Dublin City University,2026,,10.1007/s00702-026-03184-2,TRUE,FALSE,,,,,,,,,,,,,,sn2025ie
University College Dublin,2026,,10.1007/s11864-026-01396-y,TRUE,FALSE,,,,,,,,,,,,,,sn2025ie
Trinity College Dublin,2026,,10.1007/s10460-026-10911-8,TRUE,FALSE,,,,,,,,,,,,,,sn2025ie
Royal College of Surgeons in Ireland,2026,,10.1007/s11538-026-01670-y,TRUE,FALSE,,,,,,,,,,,,,,sn2025ie
University College Cork,2026,,10.1007/s10834-026-10100-z,TRUE,FALSE,,,,,,,,,,,,,,sn2025ie
University College Dublin,2026,,10.1007/s00246-026-04318-9,TRUE,FALSE,,,,,,,,,,,,,,sn2025ie
University College Dublin,2026,,10.1007/s10612-026-09884-1,TRUE,FALSE,,,,,,,,,,,,,,sn2025ie
University College Dublin,2026,,10.1007/s00253-026-13829-7,FALSE,FALSE,,,,,,,,,,,,,,sn2025ie
University College Dublin,2026,,10.1007/s40519-026-01860-6,FALSE,FALSE,,,,,,,,,,,,,,sn2025ie
Dublin City University,2026,,10.1007/s10801-026-01548-1,TRUE,FALSE,,,,,,,,,,,,,,sn2025ie
Dublin City University,2026,,10.1007/s41297-026-00326-0,TRUE,FALSE,,,,,,,,,,,,,,sn2025ie
University College Cork,2026,,10.1007/s00227-026-04878-7,TRUE,FALSE,,,,,,,,,,,,,,sn2025ie
Royal College of Surgeons in Ireland,2026,,10.1007/s11701-026-03527-x,TRUE,FALSE,,,,,,,,,,,,,,sn2025ie
University College Dublin,2026,,10.1007/s41981-026-00377-4,TRUE,FALSE,,,,,,,,,,,,,,sn2025ie
Maynooth University,2026,,10.1007/s40653-026-00912-4,TRUE,FALSE,,,,,,,,,,,,,,sn2025ie
Trinity College Dublin,2026,,10.1038/s41366-026-02098-z,TRUE,FALSE,,,,,,,,,,,,,,sn2025ie
University of Limerick,2026,,10.1007/s42823-026-01087-6,TRUE,FALSE,,,,,,,,,,,,,,sn2025ie
University College Dublin,2026,,10.1007/s10260-026-00849-w,TRUE,FALSE,,,,,,,,,,,,,,sn2025ie
University of Limerick,2026,,10.1080/03058034.2026.2624342,TRUE,FALSE,,,,,,,,,,,,,,tf2024ie
Trinity College Dublin,2026,,10.1080/00909882.2026.2657836,TRUE,FALSE,,,,,,,,,,,,,,tf2024ie
University of Limerick,2026,,10.1080/15427560.2026.2657322,TRUE,FALSE,,,,,,,,,,,,,,tf2024ie
University of Galway,2026,,10.1080/10686967.2026.2657268,TRUE,FALSE,,,,,,,,,,,,,,tf2024ie
University of Galway,2026,,10.1080/01942638.2026.2654615,TRUE,FALSE,,,,,,,,,,,,,,tf2024ie
Trinity College Dublin,2026,,10.1080/2833115x.2026.2656170,TRUE,FALSE,,,,,,,,,,,,,,tf2024ie
Dublin City University,2026,,10.1080/02673037.2026.2653612,TRUE,FALSE,,,,,,,,,,,,,,tf2024ie
University College Cork,2026,,10.1080/20539320.2026.2652149,TRUE,FALSE,,,,,,,,,,,,,,tf2024ie
University of Galway,2026,,10.1080/20539320.2026.2652142,TRUE,FALSE,,,,,,,,,,,,,,tf2024ie
University of Limerick,2026,,10.1080/03069400.2026.2651604,TRUE,FALSE,,,,,,,,,,,,,,tf2024ie
University College Cork,2026,,10.1080/09574042.2026.2644691,TRUE,FALSE,,,,,,,,,,,,,,tf2024ie
University of Limerick,2026,,10.1080/14794713.2026.2645525,TRUE,FALSE,,,,,,,,,,,,,,tf2024ie
Dublin City University,2026,,10.1080/21552851.2026.2639144,TRUE,FALSE,,,,,,,,,,,,,,tf2024ie
University College Dublin,2026,,10.1080/17530350.2026.2624511,TRUE,FALSE,,,,,,,,,,,,,,tf2024ie
University College Cork,2026,,10.1080/01612840.2026.2621863,TRUE,FALSE,,,,,,,,,,,,,,tf2024ie
Dublin City University,2026,,10.1080/02619768.2026.2692979,TRUE,FALSE,,,,,,,,,,,,,,tf2024ie
University College Dublin,2026,,10.1080/17439884.2026.2678187,TRUE,FALSE,,,,,,,,,,,,,,tf2024ie
University College Cork,2026,,10.1080/13603116.2026.2691594,TRUE,FALSE,,,,,,,,,,,,,,tf2024ie
University of Limerick,2026,,10.1080/10282580.2026.2691057,TRUE,FALSE,,,,,,,,,,,,,,tf2024ie
University College Cork,2026,,10.1080/12460125.2026.2688526,TRUE,FALSE,,,,,,,,,,,,,,tf2024ie
University of Limerick,2026,,10.1080/14675986.2026.2690859,TRUE,FALSE,,,,,,,,,,,,,,tf2024ie
University of Limerick,2026,,10.1080/14681366.2026.2687858,TRUE,FALSE,,,,,,,,,,,,,,tf2024ie
Dublin City University,2026,,10.1080/10447318.2026.2690094,TRUE,FALSE,,,,,,,,,,,,,,tf2024ie
University of Limerick,2026,,10.1080/13573322.2026.2689079,TRUE,FALSE,,,,,,,,,,,,,,tf2024ie
Dublin City University,2026,,10.1080/17408989.2026.2688149,TRUE,FALSE,,,,,,,,,,,,,,tf2024ie
University College Dublin,2026,,10.1080/0950236x.2026.2681500,TRUE,FALSE,,,,,,,,,,,,,,tf2024ie
Dublin City University,2026,,10.1080/02614367.2026.2683849,TRUE,FALSE,,,,,,,,,,,,,,tf2024ie
University of Limerick,2026,,10.1080/01402382.2026.2687626,TRUE,FALSE,,,,,,,,,,,,,,tf2024ie
University of Galway,2026,,10.1080/0144929x.2026.2675626,TRUE,FALSE,,,,,,,,,,,,,,tf2024ie
University College Cork,2026,,10.1080/1350178x.2026.2686644,TRUE,FALSE,,,,,,,,,,,,,,tf2024ie
Dublin City University,2026,,10.1080/24748668.2026.2685442,TRUE,FALSE,,,,,,,,,,,,,,tf2024ie
Dublin City University,2026,,10.1080/15562948.2026.2686751,TRUE,FALSE,,,,,,,,,,,,,,tf2024ie
Maynooth University,2026,,10.1080/02660830.2026.2687295,TRUE,FALSE,,,,,,,,,,,,,,tf2024ie
University College Cork,2026,,10.1080/09620214.2026.2686377,TRUE,FALSE,,,,,,,,,,,,,,tf2024ie
Technological University of the Shannon: Midlands Midwest,2026,,10.1080/02650533.2026.2683354,TRUE,FALSE,,,,,,,,,,,,,,tf2024ie
University College Dublin,2026,,10.1080/17535069.2026.2685318,TRUE,FALSE,,,,,,,,,,,,,,tf2024ie
Dublin City University,2026,,10.1080/19415257.2026.2685612,TRUE,FALSE,,,,,,,,,,,,,,tf2024ie
University College Cork,2026,,10.1080/13676261.2026.2677821,TRUE,FALSE,,,,,,,,,,,,,,tf2024ie
Dublin City University,2026,,10.1080/14719037.2026.2684320,TRUE,FALSE,,,,,,,,,,,,,,tf2024ie
Technological University of the Shannon: Midlands Midwest,2026,,10.1080/08952841.2026.2680873,TRUE,FALSE,,,,,,,,,,,,,,tf2024ie
University of Limerick,2026,,10.1080/0309877x.2026.2679576,TRUE,FALSE,,,,,,,,,,,,,,tf2024ie
Trinity College Dublin,2026,,10.1080/09638288.2026.2676067,TRUE,FALSE,,,,,,,,,,,,,,tf2024ie
University of Limerick,2026,,10.1080/07317107.2026.2681594,TRUE,FALSE,,,,,,,,,,,,,,tf2024ie
Dublin City University,2026,,10.1080/02619768.2026.2680942,TRUE,FALSE,,,,,,,,,,,,,,tf2024ie
Maynooth University,2026,,10.1080/10476210.2026.2680424,TRUE,FALSE,,,,,,,,,,,,,,tf2024ie
Royal College of Surgeons in Ireland,2026,,10.1080/13561820.2026.2680057,TRUE,FALSE,,,,,,,,,,,,,,tf2024ie
University College Cork,2026,,10.1080/00220272.2026.2680399,TRUE,FALSE,,,,,,,,,,,,,,tf2024ie
University College Cork,2026,,10.1080/13603116.2026.2679705,TRUE,FALSE,,,,,,,,,,,,,,tf2024ie
Atlantic Technological University,2026,,10.1080/00207179.2026.2679231,TRUE,FALSE,,,,,,,,,,,,,,tf2024ie
Royal College of Surgeons in Ireland,2026,,10.1080/02688697.2026.2663478,TRUE,FALSE,,,,,,,,,,,,,,tf2024ie
University College Dublin,2026,,10.1080/17496977.2026.2667700,TRUE,FALSE,,,,,,,,,,,,,,tf2024ie
South East Technological University,2026,,10.1080/03610470.2026.2673485,TRUE,FALSE,,,,,,,,,,,,,,tf2024ie
Maynooth University,2026,,10.1080/1359866x.2026.2675947,TRUE,FALSE,,,,,,,,,,,,,,tf2024ie
University College Cork,2026,,10.1080/13572334.2026.2674377,TRUE,FALSE,,,,,,,,,,,,,,tf2024ie
Technological University Dublin,2026,,10.1080/25739638.2026.2676684,TRUE,FALSE,,,,,,,,,,,,,,tf2024ie
University College Cork,2026,,10.1080/12460125.2026.2668529,TRUE,FALSE,,,,,,,,,,,,,,tf2024ie
University College Cork,2026,,10.1080/12460125.2026.2675043,TRUE,FALSE,,,,,,,,,,,,,,tf2024ie
University College Cork,2026,,10.1080/13697137.2026.2676683,TRUE,FALSE,,,,,,,,,,,,,,tf2024ie
Dublin City University,2026,,10.1080/03323315.2026.2675302,TRUE,FALSE,,,,,,,,,,,,,,tf2024ie
Dublin City University,2026,,10.1080/03323315.2026.2675307,TRUE,FALSE,,,,,,,,,,,,,,tf2024ie
University College Cork,2026,,10.1080/10447318.2026.2675436,TRUE,FALSE,,,,,,,,,,,,,,tf2024ie
University of Galway,2026,,10.1080/20508840.2026.2672327,TRUE,FALSE,,,,,,,,,,,,,,tf2024ie
Dublin City University,2026,,10.1080/02643944.2026.2672628,TRUE,FALSE,,,,,,,,,,,,,,tf2024ie
University College Cork,2026,,10.1080/12460125.2026.2664010,TRUE,FALSE,,,,,,,,,,,,,,tf2024ie
University of Limerick,2026,,10.1080/25355406.2026.2672920,TRUE,FALSE,,,,,,,,,,,,,,tf2024ie
Trinity College Dublin,2026,,10.1080/09638288.2026.2669995,TRUE,FALSE,,,,,,,,,,,,,,tf2024ie
University College Cork,2026,,10.1080/12460125.2026.2669329,TRUE,FALSE,,,,,,,,,,,,,,tf2024ie
University College Cork,2026,,10.1080/12460125.2026.2673375,TRUE,FALSE,,,,,,,,,,,,,,tf2024ie
Atlantic Technological University,2026,,10.1080/19357397.2026.2668990,TRUE,FALSE,,,,,,,,,,,,,,tf2024ie
Atlantic Technological University,2026,,10.1080/09537287.2026.2671419,TRUE,FALSE,,,,,,,,,,,,,,tf2024ie
University College Dublin,2026,,10.1080/12265934.2026.2670420,TRUE,FALSE,,,,,,,,,,,,,,tf2024ie
University College Dublin,2026,,10.1080/01440365.2026.2660701,TRUE,FALSE,,,,,,,,,,,,,,tf2024ie
University College Cork,2026,,10.1080/12460125.2026.2669855,TRUE,FALSE,,,,,,,,,,,,,,tf2024ie
Maynooth University,2026,,10.1080/14789450.2026.2669276,TRUE,FALSE,,,,,,,,,,,,,,tf2024ie
Dublin City University,2026,,10.1080/13603108.2026.2670433,TRUE,FALSE,,,,,,,,,,,,,,tf2024ie
Dublin City University,2026,,10.1080/10225706.2026.2660101,TRUE,FALSE,,,,,,,,,,,,,,tf2024ie
University College Cork,2026,,10.1080/13575279.2026.2668104,TRUE,FALSE,,,,,,,,,,,,,,tf2024ie
University College Cork,2026,,10.1080/01614622.2026.2664977,TRUE,FALSE,,,,,,,,,,,,,,tf2024ie
Technological University of the Shannon: Midlands Midwest,2026,,10.1080/07370016.2026.2667174,TRUE,FALSE,,,,,,,,,,,,,,tf2024ie
Dublin City University,2026,,10.1080/17408989.2026.2666846,TRUE,FALSE,,,,,,,,,,,,,,tf2024ie
University College Dublin,2026,,10.1080/20414005.2026.2666747,TRUE,FALSE,,,,,,,,,,,,,,tf2024ie
University College Cork,2026,,10.1080/12460125.2026.2666614,TRUE,FALSE,,,,,,,,,,,,,,tf2024ie
University College Cork,2026,,10.1080/07907184.2026.2664694,TRUE,FALSE,,,,,,,,,,,,,,tf2024ie
University College Dublin,2026,,10.1080/21650373.2026.2665408,TRUE,FALSE,,,,,,,,,,,,,,tf2024ie
Munster Technological University,2026,,10.1080/1034912x.2026.2666499,TRUE,FALSE,,,,,,,,,,,,,,tf2024ie
Technological University of the Shannon: Midlands Midwest,2026,,10.1080/23279095.2026.2649973,TRUE,FALSE,,,,,,,,,,,,,,tf2024ie
Dublin City University,2026,,10.1080/2833115x.2026.2665655,TRUE,FALSE,,,,,,,,,,,,,,tf2024ie
University of Limerick,2026,,10.1080/17408989.2026.2665675,TRUE,FALSE,,,,,,,,,,,,,,tf2024ie
Technological University Dublin,2026,,10.1080/25739638.2026.2665118,TRUE,FALSE,,,,,,,,,,,,,,tf2024ie
University College Cork,2026,,10.1080/12460125.2026.2664787,TRUE,FALSE,,,,,,,,,,,,,,tf2024ie
University College Dublin,2026,,10.1080/17449642.2026.2664872,TRUE,FALSE,,,,,,,,,,,,,,tf2024ie
University College Cork,2026,,10.1080/12460125.2026.2662348,TRUE,FALSE,,,,,,,,,,,,,,tf2024ie
Atlantic Technological University,2026,,10.1080/12460125.2026.2662330,TRUE,FALSE,,,,,,,,,,,,,,tf2024ie
Dublin City University,2026,,10.1080/13573322.2026.2663001,TRUE,FALSE,,,,,,,,,,,,,,tf2024ie
Dublin City University,2026,,10.1080/12460125.2026.2663115,TRUE,FALSE,,,,,,,,,,,,,,tf2024ie
University College Cork,2026,,10.1080/12460125.2026.2662349,TRUE,FALSE,,,,,,,,,,,,,,tf2024ie
University College Cork,2026,,10.1080/00015385.2026.2658924,TRUE,FALSE,,,,,,,,,,,,,,tf2024ie
University College Dublin,2026,,10.1080/19406940.2026.2662215,TRUE,FALSE,,,,,,,,,,,,,,tf2024ie
Trinity College Dublin,2026,,10.1080/19443927.2026.2661790,TRUE,FALSE,,,,,,,,,,,,,,tf2024ie
University of Galway,2026,,10.1080/13607863.2026.2661811,TRUE,FALSE,,,,,,,,,,,,,,tf2024ie
University of Limerick,2026,,10.1080/00033790.2026.2661195,TRUE,FALSE,,,,,,,,,,,,,,tf2024ie
Maynooth University,2026,,10.1080/09612025.2026.2660393,TRUE,FALSE,,,,,,,,,,,,,,tf2024ie
University College Dublin,2026,,10.1080/13629395.2026.2659048,TRUE,FALSE,,,,,,,,,,,,,,tf2024ie
Dublin City University,2026,,10.1080/17408989.2026.2657291,TRUE,FALSE,,,,,,,,,,,,,,tf2024ie
University of Galway,2026,,10.1080/17434440.2026.2648001,TRUE,FALSE,,,,,,,,,,,,,,tf2024ie
University College Dublin,2026,,10.1080/18387357.2026.2657844,TRUE,FALSE,,,,,,,,,,,,,,tf2024ie
Maynooth University,2026,,10.1080/0361073x.2026.2658412,TRUE,FALSE,,,,,,,,,,,,,,tf2024ie
University College Cork,2026,,10.1080/12460125.2026.2659227,TRUE,FALSE,,,,,,,,,,,,,,tf2024ie
University of Limerick,2026,,10.1080/14484528.2026.2659095,TRUE,FALSE,,,,,,,,,,,,,,tf2024ie
Dublin City University,2026,,10.1080/14672715.2026.2659068,TRUE,FALSE,,,,,,,,,,,,,,tf2024ie
University of Limerick,2026,,10.1080/07907184.2026.2660088,TRUE,FALSE,,,,,,,,,,,,,,tf2024ie
Dublin City University,2026,,10.1111/jar.70260,TRUE,FALSE,,,,,,,,,,,,,,wiley2025ie
Dublin City University,2026,,10.1111/gwao.70191,TRUE,FALSE,,,,,,,,,,,,,,wiley2025ie
Dublin City University,2026,,10.1111/nicc.70519,TRUE,FALSE,,,,,,,,,,,,,,wiley2025ie
Dublin City University,2026,,10.1002/cbic.202500874,TRUE,FALSE,,,,,,,,,,,,,,wiley2025ie
Teagasc,2026,,10.1002/jpln.70087,TRUE,FALSE,,,,,,,,,,,,,,wiley2025ie
University of Galway,2026,,10.1111/dme.70364,TRUE,FALSE,,,,,,,,,,,,,,wiley2025ie
University of Galway,2026,,10.1029/2026rs008662,TRUE,FALSE,,,,,,,,,,,,,,wiley2025ie
University of Galway,2026,,10.1002/ejp.70284,TRUE,FALSE,,,,,,,,,,,,,,wiley2025ie
University of Galway,2026,,10.1111/area.70116,TRUE,FALSE,,,,,,,,,,,,,,wiley2025ie
University of Galway,2026,,10.1002/ejoc.202501083,TRUE,FALSE,,,,,,,,,,,,,,wiley2025ie
University of Galway,2026,,10.1111/nph.71172,TRUE,FALSE,,,,,,,,,,,,,,wiley2025ie
Maynooth University,2026,,10.1002/env.70107,TRUE,FALSE,,,,,,,,,,,,,,wiley2025ie
Maynooth University,2026,,10.1111/ejss.70345,TRUE,FALSE,,,,,,,,,,,,,,wiley2025ie
Maynooth University,2026,,10.1029/2025jc022808,TRUE,FALSE,,,,,,,,,,,,,,wiley2025ie
Maynooth University,2026,,10.1002/wea.70078,TRUE,FALSE,,,,,,,,,,,,,,wiley2025ie
Maynooth University,2026,,10.1096/fj.202504659r,TRUE,FALSE,,,,,,,,,,,,,,wiley2025ie
Royal College of Surgeons in Ireland,2026,,10.1002/cpt.70356,TRUE,FALSE,,,,,,,,,,,,,,wiley2025ie
Royal College of Surgeons in Ireland,2026,,10.1111/apa.70630,TRUE,FALSE,,,,,,,,,,,,,,wiley2025ie
Royal College of Surgeons in Ireland,2026,,10.1111/dmcn.70317,TRUE,FALSE,,,,,,,,,,,,,,wiley2025ie
Royal College of Surgeons in Ireland,2026,,10.1111/dom.70925,TRUE,FALSE,,,,,,,,,,,,,,wiley2025ie
Royal College of Surgeons in Ireland,2026,,10.1111/ejh.70225,TRUE,FALSE,,,,,,,,,,,,,,wiley2025ie
Royal College of Surgeons in Ireland,2026,,10.1002/ijgo.71091,TRUE,FALSE,,,,,,,,,,,,,,wiley2025ie
Royal College of Surgeons in Ireland,2026,,10.1111/dme.70361,TRUE,FALSE,,,,,,,,,,,,,,wiley2025ie
Royal College of Surgeons in Ireland,2026,,10.1111/jpc.70429,TRUE,FALSE,,,,,,,,,,,,,,wiley2025ie
Royal College of Surgeons in Ireland,2026,,10.1111/dmcn.70310,TRUE,FALSE,,,,,,,,,,,,,,wiley2025ie
Royal College of Surgeons in Ireland,2026,,10.1002/ijgo.71062,TRUE,FALSE,,,,,,,,,,,,,,wiley2025ie
Royal College of Surgeons in Ireland,2026,,10.1111/bjc.70067,TRUE,FALSE,,,,,,,,,,,,,,wiley2025ie
Royal College of Surgeons in Ireland,2026,,10.1002/ijgo.71022,TRUE,FALSE,,,,,,,,,,,,,,wiley2025ie
Royal College of Surgeons in Ireland,2026,,10.1002/cmdc.202501041,TRUE,FALSE,,,,,,,,,,,,,,wiley2025ie
Technological University Dublin,2026,,10.1002/jsfa.70775,TRUE,FALSE,,,,,,,,,,,,,,wiley2025ie
Technological University Dublin,2026,,10.1002/cav.70137,TRUE,FALSE,,,,,,,,,,,,,,wiley2025ie
Technological University Dublin,2026,,10.1111/jar.70228,TRUE,FALSE,,,,,,,,,,,,,,wiley2025ie
University College Cork,2026,,10.1111/obr.70177,TRUE,FALSE,,,,,,,,,,,,,,wiley2025ie
University College Cork,2026,,10.1111/andr.70263,TRUE,FALSE,,,,,,,,,,,,,,wiley2025ie
University College Cork,2026,,10.1002/tl.70042,TRUE,FALSE,,,,,,,,,,,,,,wiley2025ie
University College Cork,2026,,10.1111/tct.70447,TRUE,FALSE,,,,,,,,,,,,,,wiley2025ie
University College Cork,2026,,10.1111/jnc.70475,TRUE,FALSE,,,,,,,,,,,,,,wiley2025ie
University College Cork,2026,,10.1002/ijfe.70224,TRUE,FALSE,,,,,,,,,,,,,,wiley2025ie
University College Cork,2026,,10.1002/car.70130,TRUE,FALSE,,,,,,,,,,,,,,wiley2025ie
University College Cork,2026,,10.1111/mve.70080,TRUE,FALSE,,,,,,,,,,,,,,wiley2025ie
University College Cork,2026,,10.1111/emed.70035,TRUE,FALSE,,,,,,,,,,,,,,wiley2025ie
University College Cork,2026,,10.1002/pon.70476,TRUE,FALSE,,,,,,,,,,,,,,wiley2025ie
University College Cork,2026,,10.1002/ana.78240,TRUE,FALSE,,,,,,,,,,,,,,wiley2025ie
University College Cork,2026,,10.1002/car.70127,TRUE,FALSE,,,,,,,,,,,,,,wiley2025ie
University College Cork,2026,,10.1002/mnfr.70483,TRUE,FALSE,,,,,,,,,,,,,,wiley2025ie
University College Cork,2026,,10.1111/pai.70353,TRUE,FALSE,,,,,,,,,,,,,,wiley2025ie
University College Cork,2026,,10.1111/aphw.70149,TRUE,FALSE,,,,,,,,,,,,,,wiley2025ie
University College Cork,2026,,10.1111/jan.70623,TRUE,FALSE,,,,,,,,,,,,,,wiley2025ie
University College Cork,2026,,10.1111/gwao.70165,TRUE,FALSE,,,,,,,,,,,,,,wiley2025ie
University College Cork,2026,,10.1002/sd.71063,TRUE,FALSE,,,,,,,,,,,,,,wiley2025ie
University College Cork,2026,,10.1111/cea.70303,TRUE,FALSE,,,,,,,,,,,,,,wiley2025ie
University College Dublin,2026,,10.1002/sea2.70028,TRUE,FALSE,,,,,,,,,,,,,,wiley2025ie
University College Dublin,2026,,10.1111/jan.17008,TRUE,FALSE,,,,,,,,,,,,,,wiley2025ie
University College Dublin,2026,,10.1111/reel.70071,TRUE,FALSE,,,,,,,,,,,,,,wiley2025ie
University College Dublin,2026,,10.1002/age.70146,TRUE,FALSE,,,,,,,,,,,,,,wiley2025ie
University College Dublin,2026,,10.1002/bit.70266,TRUE,FALSE,,,,,,,,,,,,,,wiley2025ie
University College Dublin,2026,,10.1002/mar.70193,TRUE,FALSE,,,,,,,,,,,,,,wiley2025ie
University College Dublin,2026,,10.1002/ppul.71694,TRUE,FALSE,,,,,,,,,,,,,,wiley2025ie
University College Dublin,2026,,10.1002/rev3.70180,TRUE,FALSE,,,,,,,,,,,,,,wiley2025ie
University College Dublin,2026,,10.1002/bit.70260,TRUE,FALSE,,,,,,,,,,,,,,wiley2025ie
University College Dublin,2026,,10.1002/biot.70249,TRUE,FALSE,,,,,,,,,,,,,,wiley2025ie
University College Dublin,2026,,10.1002/csr.70709,TRUE,FALSE,,,,,,,,,,,,,,wiley2025ie
University College Dublin,2026,,10.1111/ejop.70101,TRUE,FALSE,,,,,,,,,,,,,,wiley2025ie
University College Dublin,2026,,10.1002/adem.70954,TRUE,FALSE,,,,,,,,,,,,,,wiley2025ie
University College Dublin,2026,,10.1111/codi.70487,TRUE,FALSE,,,,,,,,,,,,,,wiley2025ie
University College Dublin,2026,,10.1002/anie.8698780,TRUE,FALSE,,,,,,,,,,,,,,wiley2025ie
University College Dublin,2026,,10.1111/1471-0307.70130,TRUE,FALSE,,,,,,,,,,,,,,wiley2025ie
University College Dublin,2026,,10.1002/pon.70485,TRUE,FALSE,,,,,,,,,,,,,,wiley2025ie
University College Dublin,2026,,10.1096/fj.202504935r,TRUE,FALSE,,,,,,,,,,,,,,wiley2025ie
University College Dublin,2026,,10.1111/eve.70117,TRUE,FALSE,,,,,,,,,,,,,,wiley2025ie
University College Dublin,2026,,10.1002/jclp.70148,TRUE,FALSE,,,,,,,,,,,,,,wiley2025ie
University College Dublin,2026,,10.1002/adfm.202532133,TRUE,FALSE,,,,,,,,,,,,,,wiley2025ie
University College Dublin,2026,,10.1111/glal.70028,TRUE,FALSE,,,,,,,,,,,,,,wiley2025ie
University College Dublin,2026,,10.1111/iju.70469,TRUE,FALSE,,,,,,,,,,,,,,wiley2025ie
University College Dublin,2026,,10.1111/vru.70175,TRUE,FALSE,,,,,,,,,,,,,,wiley2025ie
University College Dublin,2026,,10.1111/nph.71185,TRUE,FALSE,,,,,,,,,,,,,,wiley2025ie
University College Dublin,2026,,10.1111/jan.70607,TRUE,FALSE,,,,,,,,,,,,,,wiley2025ie
University College Dublin,2026,,10.1002/mdc3.70634,TRUE,FALSE,,,,,,,,,,,,,,wiley2025ie
University College Dublin,2026,,10.1111/his.70149,TRUE,FALSE,,,,,,,,,,,,,,wiley2025ie
University College Dublin,2026,,10.1002/for.70143,TRUE,FALSE,,,,,,,,,,,,,,wiley2025ie
University College Dublin,2026,,10.1002/cepa.70261,TRUE,FALSE,,,,,,,,,,,,,,wiley2025ie
University College Dublin,2026,,10.1111/eip.70171,TRUE,FALSE,,,,,,,,,,,,,,wiley2025ie
University College Dublin,2026,,10.1002/art.70123,TRUE,FALSE,,,,,,,,,,,,,,wiley2025ie
University College Dublin,2026,,10.1002/ejoc.202501247,TRUE,FALSE,,,,,,,,,,,,,,wiley2025ie
Trinity College Dublin,2026,,10.1111/apa.70640,TRUE,FALSE,,,,,,,,,,,,,,wiley2025ie
Trinity College Dublin,2026,,10.1111/jir.70128,TRUE,FALSE,,,,,,,,,,,,,,wiley2025ie
Trinity College Dublin,2026,,10.1002/eji.70219,TRUE,FALSE,,,,,,,,,,,,,,wiley2025ie
Trinity College Dublin,2026,,10.1002/cssc.70790,TRUE,FALSE,,,,,,,,,,,,,,wiley2025ie
Trinity College Dublin,2026,,10.1111/jar.70254,TRUE,FALSE,,,,,,,,,,,,,,wiley2025ie
Trinity College Dublin,2026,,10.1111/roiw.70077,TRUE,FALSE,,,,,,,,,,,,,,wiley2025ie
Trinity College Dublin,2026,,10.1113/jp290979,TRUE,FALSE,,,,,,,,,,,,,,wiley2025ie
Trinity College Dublin,2026,,10.1111/jcpp.70174,TRUE,FALSE,,,,,,,,,,,,,,wiley2025ie
Trinity College Dublin,2026,,10.1111/bjh.70579,TRUE,FALSE,,,,,,,,,,,,,,wiley2025ie
Trinity College Dublin,2026,,10.1111/ecin.70068,TRUE,FALSE,,,,,,,,,,,,,,wiley2025ie
Trinity College Dublin,2026,,10.1111/eje.70182,TRUE,FALSE,,,,,,,,,,,,,,wiley2025ie
Trinity College Dublin,2026,,10.1111/ger.70092,TRUE,FALSE,,,,,,,,,,,,,,wiley2025ie
Trinity College Dublin,2026,,10.1111/jan.70638,TRUE,FALSE,,,,,,,,,,,,,,wiley2025ie
Trinity College Dublin,2026,,10.1111/emre.70079,TRUE,FALSE,,,,,,,,,,,,,,wiley2025ie
Trinity College Dublin,2026,,10.1111/obr.70163,TRUE,FALSE,,,,,,,,,,,,,,wiley2025ie
Trinity College Dublin,2026,,10.1002/ijgo.71055,TRUE,FALSE,,,,,,,,,,,,,,wiley2025ie
Trinity College Dublin,2026,,10.1111/jar.70236,TRUE,FALSE,,,,,,,,,,,,,,wiley2025ie
Trinity College Dublin,2026,,10.1002/bse.70942,TRUE,FALSE,,,,,,,,,,,,,,wiley2025ie
Trinity College Dublin,2026,,10.1002/adhm.202505076,TRUE,FALSE,,,,,,,,,,,,,,wiley2025ie
Trinity College Dublin,2026,,10.1002/smtd.202502308,TRUE,FALSE,,,,,,,,,,,,,,wiley2025ie
Trinity College Dublin,2026,,10.1111/jnc.70443,TRUE,FALSE,,,,,,,,,,,,,,wiley2025ie
Trinity College Dublin,2026,,10.1111/cod.70157,TRUE,FALSE,,,,,,,,,,,,,,wiley2025ie
Trinity College Dublin,2026,,10.1111/cfs.70201,TRUE,FALSE,,,,,,,,,,,,,,wiley2025ie
Trinity College Dublin,2026,,10.1111/ejn.70496,TRUE,FALSE,,,,,,,,,,,,,,wiley2025ie
Trinity College Dublin,2026,,10.1111/add.70433,TRUE,FALSE,,,,,,,,,,,,,,wiley2025ie
Trinity College Dublin,2026,,10.1111/add.70418,TRUE,FALSE,,,,,,,,,,,,,,wiley2025ie
Trinity College Dublin,2026,,10.1111/1477-9552.70039,TRUE,FALSE,,,,,,,,,,,,,,wiley2025ie
University of Limerick,2026,,10.1002/smll.74171,TRUE,FALSE,,,,,,,,,,,,,,wiley2025ie
University of Limerick,2026,,10.1002/bse.71045,TRUE,FALSE,,,,,,,,,,,,,,wiley2025ie
University of Limerick,2026,,10.1002/pc.71231,TRUE,FALSE,,,,,,,,,,,,,,wiley2025ie
University of Limerick,2026,,10.1111/bjc.70030,TRUE,FALSE,,,,,,,,,,,,,,wiley2025ie
University of Limerick,2026,,10.1111/psyp.70309,TRUE,FALSE,,,,,,,,,,,,,,wiley2025ie
University of Limerick,2026,,10.1002/smr.70124,TRUE,FALSE,,,,,,,,,,,,,,wiley2025ie
South East Technological University,2026,,10.1111/sum.70223,TRUE,FALSE,,,,,,,,,,,,,,wiley2025ie
Atlantic Technological University,2026,,10.1111/mms.70188,TRUE,FALSE,,,,,,,,,,,,,,wiley2025ie
Atlantic Technological University,2026,,10.1002/kin.70098,TRUE,FALSE,,,,,,,,,,,,,,wiley2025ie
Atlantic Technological University,2026,,10.1111/nbu.70058,TRUE,FALSE,,,,,,,,,,,,,,wiley2025ie
Technological University of the Shannon: Midlands Midwest,2026,,10.1002/pen.70654,TRUE,FALSE,,,,,,,,,,,,,,wiley2025ie
Mary Immaculate College,2026,,10.1111/1471-3802.70088,TRUE,FALSE,,,,,,,,,,,,,,wiley2025ie
Teagasc,2026,,10.1155/jfpp/7768843,FALSE,FALSE,,,,,,,,,,,,,,wiley2025ie
University of Galway,2026,,10.1155/ijcp/1022208,FALSE,FALSE,,,,,,,,,,,,,,wiley2025ie
University of Galway,2026,,10.1155/ijbm/7395612,FALSE,FALSE,,,,,,,,,,,,,,wiley2025ie
University of Galway,2026,,10.1155/ijvm/1159242,FALSE,FALSE,,,,,,,,,,,,,,wiley2025ie
Maynooth University,2026,,10.1002/pul2.70309,FALSE,FALSE,,,,,,,,,,,,,,wiley2025ie
Maynooth University,2026,,10.1002/gdj3.70075,FALSE,FALSE,,,,,,,,,,,,,,wiley2025ie
Royal College of Surgeons in Ireland,2026,,10.1111/iwj.70939,FALSE,FALSE,,,,,,,,,,,,,,wiley2025ie
Royal College of Surgeons in Ireland,2026,,10.1002/viw.20260011,FALSE,FALSE,,,,,,,,,,,,,,wiley2025ie
Technological University Dublin,2026,,10.1111/mcn.70213,FALSE,FALSE,,,,,,,,,,,,,,wiley2025ie
University College Cork,2026,,10.1111/csp2.70290,FALSE,FALSE,,,,,,,,,,,,,,wiley2025ie
University College Cork,2026,,10.1002/mbo3.70315,FALSE,FALSE,,,,,,,,,,,,,,wiley2025ie
University College Cork,2026,,10.1155/hsc/4458406,FALSE,FALSE,,,,,,,,,,,,,,wiley2025ie
University College Cork,2026,,10.1029/2025gh001764,FALSE,FALSE,,,,,,,,,,,,,,wiley2025ie
University College Cork,2026,,10.1155/crog/5737675,FALSE,FALSE,,,,,,,,,,,,,,wiley2025ie
University College Cork,2026,,10.1155/crdm/5545924,FALSE,FALSE,,,,,,,,,,,,,,wiley2025ie
University College Cork,2026,,10.1111/1755-0998.70148,FALSE,FALSE,,,,,,,,,,,,,,wiley2025ie
University College Dublin,2026,,10.1002/ctm2.70713,FALSE,FALSE,,,,,,,,,,,,,,wiley2025ie
University College Dublin,2026,,10.1002/advs.75928,FALSE,FALSE,,,,,,,,,,,,,,wiley2025ie
University College Dublin,2026,,10.1049/rsn2.70173,FALSE,FALSE,,,,,,,,,,,,,,wiley2025ie
University College Dublin,2026,,10.1111/eva.70274,FALSE,FALSE,,,,,,,,,,,,,,wiley2025ie
University College Dublin,2026,,10.1155/cro/9413435,FALSE,FALSE,,,,,,,,,,,,,,wiley2025ie
University College Dublin,2026,,10.1155/ppc/9934354,FALSE,FALSE,,,,,,,,,,,,,,wiley2025ie
University College Dublin,2026,,10.1002/ece3.73549,FALSE,FALSE,,,,,,,,,,,,,,wiley2025ie
University College Dublin,2026,,10.1155/int/1244315,FALSE,FALSE,,,,,,,,,,,,,,wiley2025ie
University College Dublin,2026,,10.1155/er/7708379,FALSE,FALSE,,,,,,,,,,,,,,wiley2025ie
University College Dublin,2026,,10.1155/jfpp/1973243,FALSE,FALSE,,,,,,,,,,,,,,wiley2025ie
University College Dublin,2026,,10.1002/fsn3.71717,FALSE,FALSE,,,,,,,,,,,,,,wiley2025ie
University College Dublin,2026,,10.1155/joic/5850249,FALSE,FALSE,,,,,,,,,,,,,,wiley2025ie
University College Dublin,2026,,10.1111/1751-7915.70374,FALSE,FALSE,,,,,,,,,,,,,,wiley2025ie
Trinity College Dublin,2026,,10.1002/jsp2.70198,FALSE,FALSE,,,,,,,,,,,,,,wiley2025ie
Trinity College Dublin,2026,,10.1155/crp/4994662,FALSE,FALSE,,,,,,,,,,,,,,wiley2025ie
Trinity College Dublin,2026,,10.1002/trc2.70236,FALSE,FALSE,,,,,,,,,,,,,,wiley2025ie
Trinity College Dublin,2026,,10.1002/alz.71232,FALSE,FALSE,,,,,,,,,,,,,,wiley2025ie
Trinity College Dublin,2026,,10.1002/ccr3.72602,FALSE,FALSE,,,,,,,,,,,,,,wiley2025ie
University of Limerick,2026,,10.1111/mcn.70193,FALSE,FALSE,,,,,,,,,,,,,,wiley2025ie
University of Limerick,2026,,10.1002/nop2.70585,FALSE,FALSE,,,,,,,,,,,,,,wiley2025ie
University of Limerick,2026,,10.1002/eng2.70766,FALSE,FALSE,,,,,,,,,,,,,,wiley2025ie
University of Limerick,2026,,10.1002/jeo2.70705,FALSE,FALSE,,,,,,,,,,,,,,wiley2025ie
Atlantic Technological University,2026,,10.1002/ejsc.70195,FALSE,FALSE,,,,,,,,,,,,,,wiley2025ie
Technological University of the Shannon: Midlands Midwest,2026,,10.1113/ep093585,FALSE,FALSE,,,,,,,,,,,,,,wiley2025ie
Dublin City University,2026,,10.1111/mcn.70215,FALSE,FALSE,,,,,,,,,,,,,,wiley2025ie
Teagasc,2026,,10.1002/leg3.70133,FALSE,FALSE,,,,,,,,,,,,,,wiley2025ie
Royal College of Surgeons in Ireland,2026,,10.1155/cris/8788042,FALSE,FALSE,,,,,,,,,,,,,,wiley2025ie
Technological University Dublin,2026,,10.1002/ejsc.70204,FALSE,FALSE,,,,,,,,,,,,,,wiley2025ie
Technological University Dublin,2026,,10.1002/fsn3.72031,FALSE,FALSE,,,,,,,,,,,,,,wiley2025ie
Technological University Dublin,2026,,10.1049/sfw2/5529107,FALSE,FALSE,,,,,,,,,,,,,,wiley2025ie
University College Cork,2026,,10.1002/aelm.70464,FALSE,FALSE,,,,,,,,,,,,,,wiley2025ie
University College Cork,2026,,10.1111/1751-7915.70404,FALSE,FALSE,,,,,,,,,,,,,,wiley2025ie
University College Cork,2026,,10.1002/jmrs.70104,FALSE,FALSE,,,,,,,,,,,,,,wiley2025ie
University College Dublin,2026,,10.1002/ece3.73956,FALSE,FALSE,,,,,,,,,,,,,,wiley2025ie
Trinity College Dublin,2026,,10.1002/jsp2.70201,FALSE,FALSE,,,,,,,,,,,,,,wiley2025ie
Dublin City University,2026,,10.1002/eet.70111,TRUE,FALSE,,,,,,,,,,,,,,wiley2025ie
Dublin City University,2026,,10.1111/johs.70075,TRUE,FALSE,,,,,,,,,,,,,,wiley2025ie
Dublin City University,2026,,10.1111/reel.70062,TRUE,FALSE,,,,,,,,,,,,,,wiley2025ie
Teagasc,2026,,10.1002/mnfr.70540,TRUE,FALSE,,,,,,,,,,,,,,wiley2025ie
Teagasc,2026,,10.1002/ps.71051,TRUE,FALSE,,,,,,,,,,,,,,wiley2025ie
University of Galway,2026,,10.1002/adhm.71402,TRUE,FALSE,,,,,,,,,,,,,,wiley2025ie
University of Galway,2026,,10.1111/ggi.70622,TRUE,FALSE,,,,,,,,,,,,,,wiley2025ie
University of Galway,2026,,10.1113/jp290236,TRUE,FALSE,,,,,,,,,,,,,,wiley2025ie
Royal College of Surgeons in Ireland,2026,,10.1111/jocn.70413,TRUE,FALSE,,,,,,,,,,,,,,wiley2025ie
Royal College of Surgeons in Ireland,2026,,10.1111/eip.70204,TRUE,FALSE,,,,,,,,,,,,,,wiley2025ie
Royal College of Surgeons in Ireland,2026,,10.1002/epi.70362,TRUE,FALSE,,,,,,,,,,,,,,wiley2025ie
Royal College of Surgeons in Ireland,2026,,10.1002/arj.70380,TRUE,FALSE,,,,,,,,,,,,,,wiley2025ie
Technological University Dublin,2026,,10.1002/jid.70096,TRUE,FALSE,,,,,,,,,,,,,,wiley2025ie
University College Cork,2026,,10.1111/jpm.70088,TRUE,FALSE,,,,,,,,,,,,,,wiley2025ie
University College Cork,2026,,10.1111/dme.70389,TRUE,FALSE,,,,,,,,,,,,,,wiley2025ie
University College Cork,2026,,10.1111/jfb.70542,TRUE,FALSE,,,,,,,,,,,,,,wiley2025ie
University College Cork,2026,,10.1111/1460-6984.70271,TRUE,FALSE,,,,,,,,,,,,,,wiley2025ie
University College Dublin,2026,,10.1002/csr.70797,TRUE,FALSE,,,,,,,,,,,,,,wiley2025ie
University College Dublin,2026,,10.1111/gfs.70064,TRUE,FALSE,,,,,,,,,,,,,,wiley2025ie
University College Dublin,2026,,10.1111/dom.71041,TRUE,FALSE,,,,,,,,,,,,,,wiley2025ie
University College Dublin,2026,,10.1111/nin.70130,TRUE,FALSE,,,,,,,,,,,,,,wiley2025ie
University College Dublin,2026,,10.1111/emre.70091,TRUE,FALSE,,,,,,,,,,,,,,wiley2025ie
University College Dublin,2026,,10.1029/2025jg009040,TRUE,FALSE,,,,,,,,,,,,,,wiley2025ie
University College Dublin,2026,,10.1111/1758-5899.70190,TRUE,FALSE,,,,,,,,,,,,,,wiley2025ie
Trinity College Dublin,2026,,10.1111/eje.70230,TRUE,FALSE,,,,,,,,,,,,,,wiley2025ie
Trinity College Dublin,2026,,10.1111/cen.70094,TRUE,FALSE,,,,,,,,,,,,,,wiley2025ie
Trinity College Dublin,2026,,10.1002/admt.71126,TRUE,FALSE,,,,,,,,,,,,,,wiley2025ie
Trinity College Dublin,2026,,10.1111/kykl.70068,TRUE,FALSE,,,,,,,,,,,,,,wiley2025ie
Trinity College Dublin,2026,,10.1111/cdoe.70083,TRUE,FALSE,,,,,,,,,,,,,,wiley2025ie
Trinity College Dublin,2026,,10.1111/bjir.70067,TRUE,FALSE,,,,,,,,,,,,,,wiley2025ie
Trinity College Dublin,2026,,10.1111/tops.70066,TRUE,FALSE,,,,,,,,,,,,,,wiley2025ie
South East Technological University,2026,,10.1111/mve.70088,TRUE,FALSE,,,,,,,,,,,,,,wiley2025ie
Atlantic Technological University,2026,,10.1002/kin.70102,TRUE,FALSE,,,,,,,,,,,,,,wiley2025ie
Dublin City University,2026,,10.1039/d6cb00097e,TRUE,FALSE,,,,,,,,,,,,,,rsc2025ie
Dublin City University,2026,,10.1039/d6ay00533k,TRUE,FALSE,,,,,,,,,,,,,,rsc2025ie
Technological University Dublin,2026,,10.1039/d6su00302h,TRUE,FALSE,,,,,,,,,,,,,,rsc2025ie
Technological University Dublin,2026,,10.1039/d6su00010j,TRUE,FALSE,,,,,,,,,,,,,,rsc2025ie
Technological University Dublin,2026,,10.1039/d6fb00132g,TRUE,FALSE,,,,,,,,,,,,,,rsc2025ie
Trinity College Dublin,2026,,10.1039/d5tc02985f,TRUE,FALSE,,,,,,,,,,,,,,rsc2025ie
Trinity College Dublin,2026,,10.1039/d5ra08677a,TRUE,FALSE,,,,,,,,,,,,,,rsc2025ie
University College Cork,2026,,10.1039/d6ra00558f,TRUE,FALSE,,,,,,,,,,,,,,rsc2025ie
University College Cork,2026,,10.1039/d6ce00346j,TRUE,FALSE,,,,,,,,,,,,,,rsc2025ie
University College Dublin,2026,,10.1039/d6cc02236g,TRUE,FALSE,,,,,,,,,,,,,,rsc2025ie
University of Galway,2026,,10.1039/d5cp04721h,TRUE,FALSE,,,,,,,,,,,,,,rsc2025ie
University College Dublin,2026,,10.1007/s00253-026-13865-3,FALSE,FALSE,,,,,,,,,,,,,,sn2025ie
Trinity College Dublin,2026,,10.1177/01708406261447706,TRUE,FALSE,,,,,,,,,,,,,,sage2024ie
Trinity College Dublin,2026,,10.1093/petrology/egag056,TRUE,FALSE,,,,,,,,,,,,,,oxf2024ie
Technological University Dublin,2026,,10.1177/00243639261423443,TRUE,FALSE,,,,,,,,,,,,,,sage2024ie
University College Cork,2026,,10.1145/3822512,FALSE,FALSE,,,,,,,,,,,,,,acm2026ie
University College Dublin,2026,,10.1098/rspb.2025.2552,TRUE,FALSE,,,,,,,,,,,,,,trs2024ie
University of Galway,2025,,10.1177/26349817251380037,TRUE,FALSE,,,,,,,,,,,,,,sage2024ie
University College Dublin,2025,,10.1017/s0025100325100819,FALSE,FALSE,,,,,,,,,,,,,,cam2021ie
University College Dublin,2026,,10.1371/journal.pone.0343973,FALSE,FALSE,,,,,,,,,,,,,,plos2026ie
Maynooth University,2025,,10.1017/ihs.2026.10122,FALSE,FALSE,,,,,,,,,,,,,,cam2021ie
Dublin City University,2026,,10.1017/ihs.2026.10126,FALSE,FALSE,,,,,,,,,,,,,,IReL CUP Agreement
Dublin City University,2026,,10.1017/s1475676526101091,FALSE,FALSE,,,,,,,,,,,,,,IReL CUP Agreement
Mary Immaculate College,2026,,10.1017/s0265051726100771,TRUE,FALSE,,,,,,,,,,,,,,IReL CUP Agreement
Trinity College Dublin,2026,,10.1017/ipm.2026.10194,TRUE,FALSE,,,,,,,,,,,,,,IReL CUP Agreement
University College Cork,2026,,10.1099/mic.0.001691,FALSE,FALSE,,,,,,,,,,,,,,microbio2024ie
University College Dublin,2026,,10.1093/nutrit/nuag051,TRUE,FALSE,,,,,,,,,,,,,,oxf2024ie
University College Cork,2026,,10.1099/mic.0.001718,FALSE,FALSE,,,,,,,,,,,,,,microbio2024ie
Dublin City University,2026,,10.1093/icon/moag078,TRUE,FALSE,,,,,,,,,,,,,,oxf2024ie
Trinity College Dublin,2026,,10.1093/pa/gsag029,TRUE,FALSE,,,,,,,,,,,,,,oxf2024ie
University College Dublin,2026,,10.1093/jeg/lbag045,TRUE,FALSE,,,,,,,,,,,,,,oxf2024ie
University College Dublin,2026,,10.1093/jrsssa/qnag079,TRUE,FALSE,,,,,,,,,,,,,,oxf2024ie
Technological University of the Shannon: Midlands Midwest,2026,,10.1080/15623599.2026.2687480,TRUE,FALSE,,,,,,,,,,,,,,tf2024ie
Trinity College Dublin,2026,,10.1080/09672559.2026.2684201,TRUE,FALSE,,,,,,,,,,,,,,tf2024ie
University College Dublin,2026,,10.1080/13527258.2026.2689916,TRUE,FALSE,,,,,,,,,,,,,,tf2024ie
University College Dublin,2026,,10.1080/00343404.2026.2681659,TRUE,FALSE,,,,,,,,,,,,,,tf2024ie
University of Galway,2026,,10.1080/07256868.2026.2690622,TRUE,FALSE,,,,,,,,,,,,,,tf2024ie
University of Galway,2026,,10.1109/icjece.2026.3690229,TRUE,FALSE,,,,,,,,,,,,,,ieee2024ie
Maynooth University,2026,,10.1177/02662426261465364,TRUE,FALSE,,,,,,,,,,,,,,sage2024ie
Trinity College Dublin,2026,,10.1093/ageing/afag203,TRUE,FALSE,,,,,,,,,,,,,,oxf2024ie
University of Galway,2026,,10.1093/yiel/yvag017,TRUE,FALSE,,,,,,,,,,,,,,oxf2024ie
Munster Technological University,2026,,10.1371/journal.ppat.1014349,FALSE,FALSE,,,,,,,,,,,,,,plos2026ie
University of Limerick,2026,,10.1371/journal.pone.0332357,FALSE,FALSE,,,,,,,,,,,,,,plos2026ie
Dublin City University,2026,,10.1093/jopres/xjag058,TRUE,FALSE,,,,,,,,,,,,,,oxf2024ie
University of Galway,2026,,10.1093/ageing/afag204,TRUE,FALSE,,,,,,,,,,,,,,oxf2024ie
University College Cork,2026,,10.1177/00914509261466701,TRUE,FALSE,,,,,,,,,,,,,,sage2024ie
University College Dublin,2026,,10.1177/01171968261468817,TRUE,FALSE,,,,,,,,,,,,,,sage2024ie
University of Galway,2026,,10.1177/02656590261461427,TRUE,FALSE,,,,,,,,,,,,,,sage2024ie
University College Dublin,2026,,10.1177/03324893261459221,TRUE,FALSE,,,,,,,,,,,,,,sage2024ie
Dublin City University,2026,,10.1177/13691481261455520,TRUE,FALSE,,,,,,,,,,,,,,sage2024ie
Dundalk Institute of Technology,2026,,10.1177/14639491261466279,TRUE,FALSE,,,,,,,,,,,,,,sage2024ie
University College Dublin,2026,,10.1177/17479541261462822,TRUE,FALSE,,,,,,,,,,,,,,sage2024ie
University of Galway,2026,,10.1080/14781700.2026.2650651,TRUE,FALSE,,,,,,,,,,,,,,tf2024ie
Trinity College Dublin,2026,,10.1038/s41415-026-9534-9,TRUE,FALSE,,,,,,,,,,,,,,sn2025ie
Trinity College Dublin,2026,,10.1038/s41415-026-9628-4,TRUE,FALSE,,,,,,,,,,,,,,sn2025ie
Dublin City University,2026,,10.1080/19477503.2026.2692318,TRUE,FALSE,,,,,,,,,,,,,,tf2024ie
Dublin City University,2026,,10.1080/13607863.2026.2678993,TRUE,FALSE,,,,,,,,,,,,,,tf2024ie
Maynooth University,2026,,10.1080/09612025.2026.2679926,TRUE,FALSE,,,,,,,,,,,,,,tf2024ie
Trinity College Dublin,2026,,10.1080/17521483.2026.2691862,TRUE,FALSE,,,,,,,,,,,,,,tf2024ie
Trinity College Dublin,2026,,10.1080/1081602x.2026.2685740,TRUE,FALSE,,,,,,,,,,,,,,tf2024ie
Trinity College Dublin,2026,,10.1080/02668734.2026.2665347,TRUE,FALSE,,,,,,,,,,,,,,tf2024ie
University College Cork,2026,,10.1080/01436597.2026.2691872,TRUE,FALSE,,,,,,,,,,,,,,tf2024ie
University College Cork,2026,,10.1080/12460125.2026.2687559,TRUE,FALSE,,,,,,,,,,,,,,tf2024ie
University College Cork,2026,,10.1080/12460125.2026.2688530,TRUE,FALSE,,,,,,,,,,,,,,tf2024ie
University College Cork,2026,,10.1080/09639489.2026.2677061,TRUE,FALSE,,,,,,,,,,,,,,tf2024ie
University College Dublin,2026,,10.1080/09672559.2026.2689352,TRUE,FALSE,,,,,,,,,,,,,,tf2024ie
University of Galway,2026,,10.1080/09612025.2026.2692202,TRUE,FALSE,,,,,,,,,,,,,,tf2024ie
Dublin City University,2026,,10.1108/ijwhm-07-2025-0157,TRUE,FALSE,,,,,,,,,,,,,,eme2024ie
Trinity College Dublin,2026,,10.1108/ijchm-02-2026-0155,TRUE,FALSE,,,,,,,,,,,,,,eme2024ie
University College Dublin,2026,,10.1108/jwl-11-2025-0384,TRUE,FALSE,,,,,,,,,,,,,,eme2024ie
