"institution","period","euro","doi","is_hybrid","opt_out","publisher","journal_full_title","issn","issn_print","issn_electronic","issn_l","license_ref","indexed_in_crossref","pmid","pmcid","ut","url","doaj","agreement","group_id"
"",,,"","","","","","","","","","","","","","","","","",""
"",,,"","","","","","","","","","","","","","","","","",""
"",,,"","","","","","","","","","","","","","","","","",""
"",,,"","","","","","","","","","","","","","","","","",""
"",,,"","","","","","","","","","","","","","","","","",""
"",,,"","","","","","","","","","","","","","","","","",""
"",,,"","","","","","","","","","","","","","","","","",""
"",,,"","","","","","","","","","","","","","","","","",""
"University of Limerick",2026,NA,"10.1145/3816425",FALSE,FALSE,"Association for Computing Machinery (ACM)","ACM Transactions on Computing Education","1946-6226",NA,"1946-6226","1946-6226","https://creativecommons.org/licenses/by/4.0/legalcode",TRUE,NA,NA,NA,NA,FALSE,"acm2026ie","00a0n9e72_acm2026ie_2026"
"",,,"","","","","","","","","","","","","","","","","",""
"",,,"","","","","","","","","","","","","","","","","",""
"",,,"","","","","","","","","","","","","","","","","",""
"",,,"","","","","","","","","","","","","","","","","",""
"",,,"","","","","","","","","","","","","","","","","",""
"",,,"","","","","","","","","","","","","","","","","",""
"",,,"","","","","","","","","","","","","","","","","",""
"",,,"","","","","","","","","","","","","","","","","",""
"Technological University Dublin",2026,NA,"10.1145/3820158",FALSE,FALSE,"Association for Computing Machinery (ACM)","ACM Transactions on Computing for Healthcare","2691-1957","2691-1957","2637-8051","2637-8051","https://creativecommons.org/licenses/by/4.0/legalcode",TRUE,NA,NA,NA,NA,FALSE,"acm2026ie","04t0qbt32_acm2026ie_2026"
"",,,"","","","","","","","","","","","","","","","","",""
"",,,"","","","","","","","","","","","","","","","","",""
"",,,"","","","","","","","","","","","","","","","","",""
"",,,"","","","","","","","","","","","","","","","","",""
"",,,"","","","","","","","","","","","","","","","","",""
"",,,"","","","","","","","","","","","","","","","","",""
"",,,"","","","","","","","","","","","","","","","","",""
"",,,"","","","","","","","","","","","","","","","","",""
"Munster Technological University",2026,NA,"10.1145/3803418",FALSE,FALSE,"Association for Computing Machinery (ACM)","ACM Transactions on Software Engineering and Methodology","1049-331X","1049-331X","1557-7392","1049-331X",NA,TRUE,NA,NA,NA,NA,FALSE,"acm2026ie","013xpqh61_acm2026ie_2026"
"",,,"","","","","","","","","","","","","","","","","",""
"",,,"","","","","","","","","","","","","","","","","",""
"",,,"","","","","","","","","","","","","","","","","",""
"",,,"","","","","","","","","","","","","","","","","",""
"",,,"","","","","","","","","","","","","","","","","",""
"",,,"","","","","","","","","","","","","","","","","",""
"",,,"","","","","","","","","","","","","","","","","",""
"",,,"","","","","","","","","","","","","","","","","",""
"",,,"","","","","","","","","","","","","","","","","",""
"",,,"","","","","","","","","","","","","","","","","",""
"",,,"","","","","","","","","","","","","","","","","",""
"",,,"","","","","","","","","","","","","","","","","",""
"University College Cork",2026,NA,"10.1145/3788063",FALSE,FALSE,"Association for Computing Machinery (ACM)","Proceedings of the ACM on Human-Computer Interaction","2573-0142",NA,"2573-0142","2573-0142","https://creativecommons.org/licenses/by-nc-nd/4.0/legalcode",TRUE,NA,NA,NA,NA,FALSE,"acm2026ie","03265fv13_acm2026ie_2026"
"",,,"","","","","","","","","","","","","","","","","",""
"",,,"","","","","","","","","","","","","","","","","",""
"",,,"","","","","","","","","","","","","","","","","",""
"",,,"","","","","","","","","","","","","","","","","",""
"",,,"","","","","","","","","","","","","","","","","",""
"",,,"","","","","","","","","","","","","","","","","",""
"",,,"","","","","","","","","","","","","","","","","",""
"",,,"","","","","","","","","","","","","","","","","",""
"",,,"","","","","","","","","","","","","","","","","",""
"",,,"","","","","","","","","","","","","","","","","",""
"",,,"","","","","","","","","","","","","","","","","",""
"",,,"","","","","","","","","","","","","","","","","",""
"",,,"","","","","","","","","","","","","","","","","",""
"",,,"","","","","","","","","","","","","","","","","",""
"",,,"","","","","","","","","","","","","","","","","",""
"",,,"","","","","","","","","","","","","","","","","",""
"",,,"","","","","","","","","","","","","","","","","",""
"University College Cork",2026,NA,"10.1115/1.4071519",TRUE,FALSE,"ASME International","Journal of Mechanical Design","1050-0472","1050-0472","1528-9001","1050-0472","https://creativecommons.org/licenses/by/4.0/",TRUE,NA,NA,NA,NA,FALSE,"asme2025ie","03265fv13_asme2025ie_2026"
"University College Cork",2026,NA,"10.1115/1.4071942",TRUE,FALSE,"ASME International","Journal of Mechanical Design","1050-0472","1050-0472","1528-9001","1050-0472","https://creativecommons.org/licenses/by/4.0/",TRUE,NA,NA,NA,NA,FALSE,"asme2025ie","03265fv13_asme2025ie_2026"
"University College Dublin",2026,NA,"10.1017/s0940739126100253",FALSE,FALSE,"Cambridge University Press (CUP)","International Journal of Cultural Property","0940-7391","0940-7391","1465-7317","0940-7391","http://creativecommons.org/licenses/by/4.0",TRUE,NA,NA,NA,NA,FALSE,"cam2026ie","05m7pjf47_cam2026ie_2026"
"University College Cork",2026,NA,"10.1017/s0018246x26101472",FALSE,FALSE,"Cambridge University Press (CUP)","The Historical Journal","0018-246X","0018-246X","1469-5103","0018-246X","http://creativecommons.org/licenses/by-nc-nd/4.0",TRUE,NA,NA,NA,NA,FALSE,"cam2026ie","03265fv13_cam2026ie_2026"
"Trinity College Dublin",2026,NA,"10.1017/s1368980026102195",FALSE,FALSE,"Cambridge University Press (CUP)","Public Health Nutrition","1368-9800","1368-9800","1475-2727","1368-9800","https://creativecommons.org/licenses/by/4.0/",TRUE,"41878797","PMC13087978",NA,NA,TRUE,"cam2026ie","02tyrky19_cam2026ie_2026"
"University of Limerick",2026,NA,"10.1017/jfm.2026.11402",TRUE,FALSE,"Cambridge University Press (CUP)","Journal of Fluid Mechanics","0022-1120","0022-1120","1469-7645","0022-1120","https://creativecommons.org/licenses/by/4.0/",TRUE,NA,NA,NA,NA,FALSE,"cam2026ie","00a0n9e72_cam2026ie_2026"
"Trinity College Dublin",2026,NA,"10.1017/ipm.2026.10187",TRUE,FALSE,"Cambridge University Press (CUP)","Irish Journal of Psychological Medicine","0790-9667","0790-9667","2051-6967","2051-6967","https://creativecommons.org/licenses/by/4.0/",TRUE,"41877642",NA,NA,NA,FALSE,"cam2026ie","02tyrky19_cam2026ie_2026"
"Teagasc",2026,NA,"10.1017/wsc.2026.10095",FALSE,FALSE,"Cambridge University Press (CUP)","Weed Science","0043-1745","0043-1745","1550-2759","0043-1745","https://creativecommons.org/licenses/by/4.0/",TRUE,NA,NA,NA,NA,FALSE,"cam2026ie","03sx84n71_cam2026ie_2026"
"University of Galway",2026,NA,"10.1017/s0033291726103596",FALSE,FALSE,"Cambridge University Press (CUP)","Psychological Medicine","0033-2917","0033-2917","1469-8978","0033-2917","http://creativecommons.org/licenses/by/4.0",TRUE,"41773067","PMC12969209",NA,NA,FALSE,"cam2026ie","03bea9k73_cam2026ie_2026"
"Maynooth University",2026,NA,"10.1017/lst.2026.10110",TRUE,FALSE,"Cambridge University Press (CUP)","Legal Studies","0261-3875","0261-3875","1748-121X","0261-3875","http://creativecommons.org/licenses/by-nc/4.0",TRUE,NA,NA,NA,NA,FALSE,"cam2026ie","048nfjm95_cam2026ie_2026"
"Royal College of Surgeons in Ireland",2026,NA,"10.1017/s0022215126104538",TRUE,FALSE,"Cambridge University Press (CUP)","The Journal of Laryngology & Otology","0022-2151","0022-2151","1748-5460","0022-2151","http://creativecommons.org/licenses/by/4.0",TRUE,"41755397","PMC13443429",NA,NA,FALSE,"cam2026ie","01hxy9878_cam2026ie_2026"
"Munster Technological University",2026,NA,"10.1017/s0021859626100562",TRUE,FALSE,"Cambridge University Press (CUP)","The Journal of Agricultural Science","0021-8596","0021-8596","1469-5146","0021-8596","https://creativecommons.org/licenses/by/4.0/",TRUE,NA,NA,NA,NA,FALSE,"cam2026ie","013xpqh61_cam2026ie_2026"
"University of Limerick",2026,NA,"10.1017/lst.2026.10112",TRUE,FALSE,"Cambridge University Press (CUP)","Legal Studies","0261-3875","0261-3875","1748-121X","0261-3875","http://creativecommons.org/licenses/by/4.0",TRUE,NA,NA,NA,NA,FALSE,"cam2026ie","00a0n9e72_cam2026ie_2026"
"University College Dublin",2026,NA,"10.1017/ipm.2026.10183",TRUE,FALSE,"Cambridge University Press (CUP)","Irish Journal of Psychological Medicine","0790-9667","0790-9667","2051-6967","2051-6967","https://creativecommons.org/licenses/by/4.0/",TRUE,"41877639",NA,NA,NA,FALSE,"cam2026ie","05m7pjf47_cam2026ie_2026"
"Royal College of Surgeons in Ireland",2026,NA,"10.1017/s0266462326103493",FALSE,FALSE,"Cambridge University Press (CUP)","International Journal of Technology Assessment in Health Care","0266-4623","0266-4623","1471-6348","0266-4623","http://creativecommons.org/licenses/by/4.0",TRUE,"41646016","PMC12964152",NA,NA,TRUE,"cam2026ie","01hxy9878_cam2026ie_2026"
"University of Galway",2026,NA,"10.1017/ipm.2026.10185",TRUE,FALSE,"Cambridge University Press (CUP)","Irish Journal of Psychological Medicine","0790-9667","0790-9667","2051-6967","2051-6967","https://creativecommons.org/licenses/by/4.0/",TRUE,"41877640",NA,NA,NA,FALSE,"cam2026ie","03bea9k73_cam2026ie_2026"
"University of Galway",2026,NA,"10.1017/ipm.2026.10184",TRUE,FALSE,"Cambridge University Press (CUP)","Irish Journal of Psychological Medicine","0790-9667","0790-9667","2051-6967","2051-6967","https://creativecommons.org/licenses/by/4.0/",TRUE,"41885118",NA,NA,NA,FALSE,"cam2026ie","03bea9k73_cam2026ie_2026"
"Royal College of Surgeons in Ireland",2026,NA,"10.1017/ipm.2026.10182",TRUE,FALSE,"Cambridge University Press (CUP)","Irish Journal of Psychological Medicine","0790-9667","0790-9667","2051-6967","2051-6967","https://creativecommons.org/licenses/by/4.0/",TRUE,"41657021",NA,NA,NA,FALSE,"cam2026ie","01hxy9878_cam2026ie_2026"
"University College Cork",2026,NA,"10.1017/s0029665126102201",TRUE,FALSE,"Cambridge University Press (CUP)","Proceedings of the Nutrition Society","0029-6651","0029-6651","1475-2719","0029-6651","https://creativecommons.org/licenses/by/4.0/",TRUE,"41532647",NA,NA,NA,FALSE,"cam2026ie","03265fv13_cam2026ie_2026"
"University College Cork",2026,NA,"10.1017/s0029665126102195",TRUE,FALSE,"Cambridge University Press (CUP)","Proceedings of the Nutrition Society","0029-6651","0029-6651","1475-2719","0029-6651","https://creativecommons.org/licenses/by/4.0/",TRUE,"41527405",NA,NA,NA,FALSE,"cam2026ie","03265fv13_cam2026ie_2026"
"University College Dublin",2026,NA,"10.1017/ipm.2026.10173",TRUE,FALSE,"Cambridge University Press (CUP)","Irish Journal of Psychological Medicine","0790-9667","0790-9667","2051-6967","2051-6967","https://creativecommons.org/licenses/by/4.0/",TRUE,"41703975",NA,NA,NA,FALSE,"cam2026ie","05m7pjf47_cam2026ie_2026"
"University College Cork",2026,NA,"10.1192/bjo.2026.10978",FALSE,FALSE,"Royal College of Psychiatrists","British Journal of Psychiatry Open","2056-4724",NA,"2056-4724","2056-4724","https://creativecommons.org/licenses/by/4.0/",TRUE,"41766629","PMC12963842",NA,NA,TRUE,"cam2026ie","03265fv13_cam2026ie_2026"
"University College Dublin",2026,NA,"10.1017/s0007114526106874",TRUE,FALSE,"Cambridge University Press (CUP)","British Journal of Nutrition","0007-1145","0007-1145","1475-2662","0007-1145","https://creativecommons.org/licenses/by/4.0/",TRUE,"41883254",NA,NA,NA,FALSE,"cam2026ie","05m7pjf47_cam2026ie_2026"
"Trinity College Dublin",2026,NA,"10.1180/mgm.2026.10206",TRUE,FALSE,"Mineralogical Society","Mineralogical Magazine","0026-461X","0026-461X","1471-8022","0026-461X","http://creativecommons.org/licenses/by/4.0",TRUE,NA,NA,NA,NA,FALSE,"cam2026ie","02tyrky19_cam2026ie_2026"
"University College Dublin",2026,NA,"10.1017/s0033291726104139",FALSE,FALSE,"Cambridge University Press (CUP)","Psychological Medicine","0033-2917","0033-2917","1469-8978","0033-2917","http://creativecommons.org/licenses/by/4.0",TRUE,"41958303","PMC13079223",NA,NA,FALSE,"cam2026ie","05m7pjf47_cam2026ie_2026"
"Royal College of Surgeons in Ireland",2026,NA,"10.1017/ash.2026.10369",FALSE,FALSE,"Cambridge University Press (CUP)","Antimicrobial Stewardship & Healthcare Epidemiology","2732-494X",NA,"2732-494X","2732-494X","https://creativecommons.org/licenses/by/4.0/",TRUE,"42038633","PMC13104524",NA,NA,TRUE,"cam2026ie","01hxy9878_cam2026ie_2026"
"Trinity College Dublin",2026,NA,"10.1017/ice.2026.10439",TRUE,FALSE,"Cambridge University Press (CUP)","Infection Control & Hospital Epidemiology","0899-823X","0899-823X","1559-6834","0899-823X","https://creativecommons.org/licenses/by/4.0/",TRUE,"41972277","PMC13216808",NA,NA,FALSE,"cam2026ie","02tyrky19_cam2026ie_2026"
"Royal College of Surgeons in Ireland",2026,NA,"10.1017/ipm.2026.10192",TRUE,FALSE,"Cambridge University Press (CUP)","Irish Journal of Psychological Medicine","0790-9667","0790-9667","2051-6967","2051-6967","https://creativecommons.org/licenses/by/4.0/",TRUE,"42011664",NA,NA,NA,FALSE,"cam2026ie","01hxy9878_cam2026ie_2026"
"Royal College of Surgeons in Ireland",2026,NA,"10.1017/ipm.2026.10193",TRUE,FALSE,"Cambridge University Press (CUP)","Irish Journal of Psychological Medicine","0790-9667","0790-9667","2051-6967","2051-6967","https://creativecommons.org/licenses/by-nc-nd/4.0/",TRUE,"42017388",NA,NA,NA,FALSE,"cam2026ie","01hxy9878_cam2026ie_2026"
"Trinity College Dublin",2026,NA,"10.1017/pub.2026.10165",FALSE,FALSE,"Cambridge University Press (CUP)","Public Humanities","2977-0173",NA,"2977-0173","2977-0173","http://creativecommons.org/licenses/by/4.0",TRUE,NA,NA,NA,NA,FALSE,"cam2026ie","02tyrky19_cam2026ie_2026"
"Dublin City University",2026,NA,"10.1017/ipm.2026.10189",TRUE,FALSE,"Cambridge University Press (CUP)","Irish Journal of Psychological Medicine","0790-9667","0790-9667","2051-6967","2051-6967","https://creativecommons.org/licenses/by/4.0/",TRUE,"41937557",NA,NA,NA,FALSE,"cam2026ie","04a1a1e81_cam2026ie_2026"
"Dublin City University",2026,NA,"10.1017/s147567652610108x",FALSE,FALSE,"Cambridge University Press (CUP)","European Journal of Political Research","0304-4130","0304-4130","1475-6765","0304-4130","https://creativecommons.org/licenses/by/4.0/",TRUE,NA,NA,NA,NA,TRUE,"cam2026ie","04a1a1e81_cam2026ie_2026"
"University College Dublin",2026,NA,"10.1016/j.tplants.2026.05.008",TRUE,FALSE,"Elsevier BV","Trends in Plant Science","1360-1385","1360-1385",NA,"1360-1385","http://creativecommons.org/licenses/by/4.0/",TRUE,"42270526",NA,NA,NA,FALSE,"els2024ie","05m7pjf47_els2024ie_2026"
"Trinity College Dublin",2026,NA,"10.1016/j.ymthe.2026.04.054",TRUE,FALSE,"Elsevier BV","Molecular Therapy","1525-0016","1525-0016",NA,"1525-0016","http://creativecommons.org/licenses/by-nc-nd/4.0/",TRUE,"42070082","PMC13464304",NA,NA,FALSE,"els2024ie","02tyrky19_els2024ie_2026"
"Royal College of Surgeons in Ireland",2026,NA,"10.1016/j.molmed.2026.04.008",TRUE,FALSE,"Elsevier BV","Trends in Molecular Medicine","1471-4914","1471-4914",NA,"1471-4914","http://creativecommons.org/licenses/by/4.0/",TRUE,"42115084",NA,NA,NA,FALSE,"els2024ie","01hxy9878_els2024ie_2026"
"University College Cork",2026,NA,"10.1016/j.tim.2026.04.006",TRUE,FALSE,"Elsevier BV","Trends in Microbiology","0966-842X","0966-842X",NA,"0966-842X","http://creativecommons.org/licenses/by/4.0/",TRUE,"42069481",NA,NA,NA,FALSE,"els2024ie","03265fv13_els2024ie_2026"
"University College Cork",2026,NA,"10.1016/j.chom.2026.03.017",TRUE,FALSE,"Elsevier BV","Cell Host & Microbe","1931-3128","1931-3128",NA,"1931-3128","http://creativecommons.org/licenses/by/4.0/",TRUE,"41990750",NA,NA,NA,FALSE,"els2024ie","03265fv13_els2024ie_2026"
"University of Limerick",2026,NA,"10.1016/j.actpsy.2026.107215",TRUE,FALSE,"Elsevier BV","Acta Psychologica","0001-6918","0001-6918",NA,"0001-6918","http://creativecommons.org/licenses/by/4.0/",TRUE,"42259207",NA,NA,NA,TRUE,"els2026ie","00a0n9e72_els2026ie_2026"
"University College Dublin",2026,NA,"10.1016/j.matchemphys.2026.132775",TRUE,FALSE,"Elsevier BV","Materials Chemistry and Physics","0254-0584","0254-0584",NA,"0254-0584","http://creativecommons.org/licenses/by/4.0/",TRUE,NA,NA,NA,NA,FALSE,"els2026ie","05m7pjf47_els2026ie_2026"
"Munster Technological University",2026,NA,"10.1016/j.applthermaleng.2026.131727",TRUE,FALSE,"Elsevier BV","Applied Thermal Engineering","1359-4311","1359-4311",NA,"1359-4311","http://creativecommons.org/licenses/by/4.0/",TRUE,NA,NA,NA,NA,FALSE,"els2026ie","013xpqh61_els2026ie_2026"
"University College Dublin",2026,NA,"10.1016/j.resp.2026.104608",TRUE,FALSE,"Elsevier BV","Respiratory Physiology & Neurobiology","1569-9048","1569-9048",NA,"1569-9048","http://creativecommons.org/licenses/by/4.0/",TRUE,"42270055",NA,NA,NA,FALSE,"els2026ie","05m7pjf47_els2026ie_2026"
"Technological University Dublin",2026,NA,"10.1016/j.rio.2026.101062",TRUE,FALSE,"Elsevier BV","Results in Optics","2666-9501","2666-9501",NA,"2666-9501","http://creativecommons.org/licenses/by/4.0/",TRUE,NA,NA,NA,NA,TRUE,"els2026ie","04t0qbt32_els2026ie_2026"
"University of Limerick",2026,NA,"10.1016/j.hfh.2026.100144",TRUE,FALSE,"Elsevier BV","Human Factors in Healthcare","2772-5014","2772-5014",NA,"2772-5014","http://creativecommons.org/licenses/by/4.0/",TRUE,NA,NA,NA,NA,TRUE,"els2026ie","00a0n9e72_els2026ie_2026"
"Royal College of Surgeons in Ireland",2026,NA,"10.1016/j.jcis.2026.140895",TRUE,FALSE,"Elsevier BV","Journal of Colloid and Interface Science","0021-9797","0021-9797",NA,"0021-9797","http://creativecommons.org/licenses/by-nc/4.0/",TRUE,"42322714",NA,NA,NA,FALSE,"els2026ie","01hxy9878_els2026ie_2026"
"Dublin City University",2026,NA,"10.1016/j.colsurfb.2026.115904",TRUE,FALSE,"Elsevier BV","Colloids and Surfaces B: Biointerfaces","0927-7765","0927-7765",NA,"0927-7765","http://creativecommons.org/licenses/by/4.0/",TRUE,"42296940",NA,NA,NA,FALSE,"els2026ie","04a1a1e81_els2026ie_2026"
"University College Dublin",2026,NA,"10.1016/j.foodcont.2026.112376",TRUE,FALSE,"Elsevier BV","Food Control","0956-7135","0956-7135",NA,"0956-7135","http://creativecommons.org/licenses/by/4.0/",TRUE,NA,NA,NA,NA,FALSE,"els2026ie","05m7pjf47_els2026ie_2026"
"University of Galway",2026,NA,"10.1016/j.inoche.2026.117023",TRUE,FALSE,"Elsevier BV","Inorganic Chemistry Communications","1387-7003","1387-7003",NA,"1387-7003","http://creativecommons.org/licenses/by/4.0/",TRUE,NA,NA,NA,NA,FALSE,"els2026ie","03bea9k73_els2026ie_2026"
"University of Limerick",2026,NA,"10.1016/j.jsams.2026.06.003",TRUE,FALSE,"Elsevier BV","Journal of Science and Medicine in Sport","1440-2440","1440-2440",NA,"1878-1861","http://creativecommons.org/licenses/by/4.0/",TRUE,"42336716",NA,NA,NA,FALSE,"els2026ie","00a0n9e72_els2026ie_2026"
"Trinity College Dublin",2026,NA,"10.1016/j.nbsj.2026.100351",TRUE,FALSE,"Elsevier BV","Nature-Based Solutions","2772-4115","2772-4115",NA,"2772-4115","http://creativecommons.org/licenses/by/4.0/",TRUE,NA,NA,NA,NA,TRUE,"els2026ie","02tyrky19_els2026ie_2026"
"Maynooth University",2026,NA,"10.1016/j.jip.2026.108677",TRUE,FALSE,"Elsevier BV","Journal of Invertebrate Pathology","0022-2011","0022-2011",NA,"0022-2011","http://creativecommons.org/licenses/by/4.0/",TRUE,"42259469",NA,NA,NA,FALSE,"els2026ie","048nfjm95_els2026ie_2026"
"University College Dublin",2026,NA,"10.1016/j.foodres.2026.119633",TRUE,FALSE,"Elsevier BV","Food Research International","0963-9969","0963-9969",NA,"0963-9969","http://creativecommons.org/licenses/by/4.0/",TRUE,"42629006",NA,NA,NA,FALSE,"els2026ie","05m7pjf47_els2026ie_2026"
"University College Cork",2026,NA,"10.1016/j.ejon.2026.103238",TRUE,FALSE,"Elsevier BV","European Journal of Oncology Nursing","1462-3889","1462-3889",NA,"1462-3889","http://creativecommons.org/licenses/by/4.0/",TRUE,"42284813",NA,NA,NA,FALSE,"els2026ie","03265fv13_els2026ie_2026"
"Royal College of Surgeons in Ireland",2026,NA,"10.1016/j.nepr.2026.104878",TRUE,FALSE,"Elsevier BV","Nurse Education in Practice","1471-5953","1471-5953",NA,"1471-5953","http://creativecommons.org/licenses/by/4.0/",TRUE,"42284856",NA,NA,NA,FALSE,"els2026ie","01hxy9878_els2026ie_2026"
"University of Limerick",2026,NA,"10.1016/j.ijft.2026.101655",TRUE,FALSE,"Elsevier BV","International Journal of Thermofluids","2666-2027","2666-2027",NA,"2666-2027","http://creativecommons.org/licenses/by/4.0/",TRUE,NA,NA,NA,NA,TRUE,"els2026ie","00a0n9e72_els2026ie_2026"
"Atlantic Technological University",2026,NA,"10.1016/j.ibmed.2026.100407",TRUE,FALSE,"Elsevier BV","Intelligence-Based Medicine","2666-5212","2666-5212",NA,"2666-5212","http://creativecommons.org/licenses/by/4.0/",TRUE,NA,NA,NA,NA,TRUE,"els2026ie","0458dap48_els2026ie_2026"
"University College Dublin",2026,NA,"10.1016/j.ejogrb.2026.115238",TRUE,FALSE,"Elsevier BV","European Journal of Obstetrics & Gynecology and Reproductive Biology","0301-2115","0301-2115",NA,"0301-2115","http://creativecommons.org/licenses/by/4.0/",TRUE,"42263348",NA,NA,NA,FALSE,"els2026ie","05m7pjf47_els2026ie_2026"
"University College Dublin",2026,NA,"10.1016/j.foodres.2026.119660",TRUE,FALSE,"Elsevier BV","Food Research International","0963-9969","0963-9969",NA,"0963-9969","http://creativecommons.org/licenses/by/4.0/",TRUE,"42409490",NA,NA,NA,FALSE,"els2026ie","05m7pjf47_els2026ie_2026"
"University College Cork",2026,NA,"10.1016/j.fufo.2026.101082",TRUE,FALSE,"Elsevier BV","Future Foods","2666-8335","2666-8335",NA,"2666-8335","http://creativecommons.org/licenses/by/4.0/",TRUE,NA,NA,NA,NA,TRUE,"els2026ie","03265fv13_els2026ie_2026"
"Dublin City University",2026,NA,"10.1016/j.eti.2026.105019",TRUE,FALSE,"Elsevier BV","Environmental Technology & Innovation","2352-1864","2352-1864",NA,"2352-1864","http://creativecommons.org/licenses/by/4.0/",TRUE,NA,NA,NA,NA,TRUE,"els2026ie","04a1a1e81_els2026ie_2026"
"Munster Technological University",2026,NA,"10.1016/j.ibneur.2026.06.004",TRUE,FALSE,"Elsevier BV","IBRO Neuroscience Reports","2667-2421","2667-2421",NA,"2667-2421","http://creativecommons.org/licenses/by/4.0/",TRUE,"42290944","PMC13264101",NA,NA,TRUE,"els2026ie","013xpqh61_els2026ie_2026"
"Royal College of Surgeons in Ireland",2026,NA,"10.1016/j.semarthrit.2026.153007",TRUE,FALSE,"Elsevier BV","Seminars in Arthritis and Rheumatism","0049-0172","0049-0172",NA,"0049-0172","http://creativecommons.org/licenses/by/4.0/",TRUE,"42407383",NA,NA,NA,FALSE,"els2026ie","01hxy9878_els2026ie_2026"
"Dublin City University",2026,NA,"10.1016/j.atech.2026.102273",TRUE,FALSE,"Elsevier BV","Smart Agricultural Technology","2772-3755","2772-3755",NA,"2772-3755","http://creativecommons.org/licenses/by/4.0/",TRUE,NA,NA,NA,NA,TRUE,"els2026ie","04a1a1e81_els2026ie_2026"
"University College Cork",2026,NA,"10.1016/j.apgeog.2026.104075",TRUE,FALSE,"Elsevier BV","Applied Geography","0143-6228","0143-6228",NA,"0143-6228","http://creativecommons.org/licenses/by/4.0/",TRUE,NA,NA,NA,NA,FALSE,"els2026ie","03265fv13_els2026ie_2026"
"University of Galway",2026,NA,"10.1016/j.ijhydene.2026.155753",TRUE,FALSE,"Elsevier BV","International Journal of Hydrogen Energy","0360-3199","0360-3199",NA,"0360-3199","http://creativecommons.org/licenses/by/4.0/",TRUE,NA,NA,NA,NA,FALSE,"els2026ie","03bea9k73_els2026ie_2026"
"University College Dublin",2026,NA,"10.1016/j.foodqual.2026.105990",TRUE,FALSE,"Elsevier BV","Food Quality and Preference","0950-3293","0950-3293",NA,"0950-3293","http://creativecommons.org/licenses/by/4.0/",TRUE,NA,NA,NA,NA,FALSE,"els2026ie","05m7pjf47_els2026ie_2026"
"University College Cork",2026,NA,"10.1016/j.plabm.2026.e00543",TRUE,FALSE,"Elsevier BV","Practical Laboratory Medicine","2352-5517","2352-5517",NA,"2352-5517","http://creativecommons.org/licenses/by/4.0/",TRUE,"42293242","PMC13254708",NA,NA,TRUE,"els2026ie","03265fv13_els2026ie_2026"
"Royal College of Surgeons in Ireland",2026,NA,"10.1016/j.injury.2026.113402",TRUE,FALSE,"Elsevier BV","Injury","0020-1383","0020-1383",NA,"0020-1383","http://creativecommons.org/licenses/by/4.0/",TRUE,"42248061",NA,NA,NA,FALSE,"els2026ie","01hxy9878_els2026ie_2026"
"University College Dublin",2026,NA,"10.1016/j.jid.2026.05.022",TRUE,FALSE,"Elsevier BV","Journal of Investigative Dermatology","0022-202X","0022-202X",NA,"0022-202X","http://creativecommons.org/licenses/by/4.0/",TRUE,"42248506",NA,NA,NA,FALSE,"els2026ie","05m7pjf47_els2026ie_2026"
"Royal College of Surgeons in Ireland",2026,NA,"10.1016/j.solener.2026.114759",TRUE,FALSE,"Elsevier BV","Solar Energy","0038-092X","0038-092X",NA,"0038-092X","http://creativecommons.org/licenses/by/4.0/",TRUE,NA,NA,NA,NA,FALSE,"els2026ie","01hxy9878_els2026ie_2026"
"University College Dublin",2026,NA,"10.1016/j.theriogenology.2026.118021",TRUE,FALSE,"Elsevier BV","Theriogenology","0093-691X","0093-691X",NA,"0093-691X","http://creativecommons.org/licenses/by/4.0/",TRUE,"42263329",NA,NA,NA,FALSE,"els2026ie","05m7pjf47_els2026ie_2026"
"University College Cork",2026,NA,"10.1016/j.energy.2026.141495",TRUE,FALSE,"Elsevier BV","Energy","0360-5442","0360-5442",NA,"0360-5442","http://creativecommons.org/licenses/by/4.0/",TRUE,NA,NA,NA,NA,FALSE,"els2026ie","03265fv13_els2026ie_2026"
"University College Cork",2026,NA,"10.1016/j.ijpharm.2026.127051",TRUE,FALSE,"Elsevier BV","International Journal of Pharmaceutics","0378-5173","0378-5173",NA,"0378-5173","http://creativecommons.org/licenses/by/4.0/",TRUE,"42264231",NA,NA,NA,FALSE,"els2026ie","03265fv13_els2026ie_2026"
"Maynooth University",2026,NA,"10.1016/j.snb.2026.140303",TRUE,FALSE,"Elsevier BV","Sensors and Actuators B: Chemical","0925-4005","0925-4005",NA,"0925-4005","http://creativecommons.org/licenses/by/4.0/",TRUE,NA,NA,NA,NA,FALSE,"els2026ie","048nfjm95_els2026ie_2026"
"University College Dublin",2026,NA,"10.1016/j.eja.2026.128198",TRUE,FALSE,"Elsevier BV","European Journal of Agronomy","1161-0301","1161-0301",NA,"1161-0301","http://creativecommons.org/licenses/by/4.0/",TRUE,NA,NA,NA,NA,FALSE,"els2026ie","05m7pjf47_els2026ie_2026"
"Trinity College Dublin",2026,NA,"10.1016/j.mtadv.2026.100825",TRUE,FALSE,"Elsevier BV","Materials Today Advances","2590-0498","2590-0498",NA,"2590-0498","http://creativecommons.org/licenses/by/4.0/",TRUE,NA,NA,NA,NA,TRUE,"els2026ie","02tyrky19_els2026ie_2026"
"University of Limerick",2026,NA,"10.1016/j.ecmx.2026.102034",TRUE,FALSE,"Elsevier BV","Energy Conversion and Management: X","2590-1745","2590-1745",NA,"2590-1745","http://creativecommons.org/licenses/by/4.0/",TRUE,NA,NA,NA,NA,TRUE,"els2026ie","00a0n9e72_els2026ie_2026"
"University of Limerick",2026,NA,"10.1016/j.ijlp.2026.102238",TRUE,FALSE,"Elsevier BV","International Journal of Law and Psychiatry","0160-2527","0160-2527",NA,"0160-2527","http://creativecommons.org/licenses/by/4.0/",TRUE,"42247792",NA,NA,NA,FALSE,"els2026ie","00a0n9e72_els2026ie_2026"
"University of Limerick",2026,NA,"10.1016/j.energy.2026.141545",TRUE,FALSE,"Elsevier BV","Energy","0360-5442","0360-5442",NA,"0360-5442","http://creativecommons.org/licenses/by/4.0/",TRUE,NA,NA,NA,NA,FALSE,"els2026ie","00a0n9e72_els2026ie_2026"
"University College Cork",2026,NA,"10.1016/j.ejps.2026.107572",TRUE,FALSE,"Elsevier BV","European Journal of Pharmaceutical Sciences","0928-0987","0928-0987",NA,"0928-0987","http://creativecommons.org/licenses/by/4.0/",TRUE,"42250781",NA,NA,NA,TRUE,"els2026ie","03265fv13_els2026ie_2026"
"Dublin City University",2026,NA,"10.1016/j.artmed.2026.103460",TRUE,FALSE,"Elsevier BV","Artificial Intelligence in Medicine","0933-3657","0933-3657",NA,"0933-3657","http://creativecommons.org/licenses/by/4.0/",TRUE,"42235350",NA,NA,NA,FALSE,"els2026ie","04a1a1e81_els2026ie_2026"
"Trinity College Dublin",2026,NA,"10.1016/j.ijid.2026.108849",TRUE,FALSE,"Elsevier BV","International Journal of Infectious Diseases","1201-9712","1201-9712",NA,"1201-9712","http://creativecommons.org/licenses/by/4.0/",TRUE,"42229786",NA,NA,NA,TRUE,"els2026ie","02tyrky19_els2026ie_2026"
"Trinity College Dublin",2026,NA,"10.1016/j.quageo.2026.101748",TRUE,FALSE,"Elsevier BV","Quaternary Geochronology","1871-1014","1871-1014",NA,"1871-1014","http://creativecommons.org/licenses/by-nc/4.0/",TRUE,NA,NA,NA,NA,FALSE,"els2026ie","02tyrky19_els2026ie_2026"
"Trinity College Dublin",2026,NA,"10.1016/j.jmrt.2026.06.008",TRUE,FALSE,"Elsevier BV","Journal of Materials Research and Technology","2238-7854","2238-7854",NA,"2238-7854","http://creativecommons.org/licenses/by-nc-nd/4.0/",TRUE,NA,NA,NA,NA,TRUE,"els2026ie","02tyrky19_els2026ie_2026"
"University College Cork",2026,NA,"10.1016/j.fufo.2026.101058",TRUE,FALSE,"Elsevier BV","Future Foods","2666-8335","2666-8335",NA,"2666-8335","http://creativecommons.org/licenses/by/4.0/",TRUE,NA,NA,NA,NA,TRUE,"els2026ie","03265fv13_els2026ie_2026"
"University College Dublin",2026,NA,"10.1016/j.annale.2026.100223",TRUE,FALSE,"Elsevier BV","Annals of Tourism Research Empirical Insights","2666-9579","2666-9579",NA,"2666-9579","http://creativecommons.org/licenses/by/4.0/",TRUE,NA,NA,NA,NA,TRUE,"els2026ie","05m7pjf47_els2026ie_2026"
"University of Limerick",2026,NA,"10.1016/j.afres.2026.102182",TRUE,FALSE,"Elsevier BV","Applied Food Research","2772-5022","2772-5022",NA,"2772-5022","http://creativecommons.org/licenses/by/4.0/",TRUE,NA,NA,NA,NA,TRUE,"els2026ie","00a0n9e72_els2026ie_2026"
"University College Dublin",2026,NA,"10.1016/j.envint.2026.110346",TRUE,FALSE,"Elsevier BV","Environment International","0160-4120","0160-4120",NA,"0160-4120","http://creativecommons.org/licenses/by/4.0/",TRUE,"42247999",NA,NA,NA,TRUE,"els2026ie","05m7pjf47_els2026ie_2026"
"University of Galway",2026,NA,"10.1016/j.biortech.2026.135050",TRUE,FALSE,"Elsevier BV","Bioresource Technology","0960-8524","0960-8524",NA,"0960-8524","http://creativecommons.org/licenses/by/4.0/",TRUE,"42225157",NA,NA,NA,FALSE,"els2026ie","03bea9k73_els2026ie_2026"
"University of Galway",2026,NA,"10.1016/j.biortech.2026.135055",TRUE,FALSE,"Elsevier BV","Bioresource Technology","0960-8524","0960-8524",NA,"0960-8524","http://creativecommons.org/licenses/by/4.0/",TRUE,"42225162",NA,NA,NA,FALSE,"els2026ie","03bea9k73_els2026ie_2026"
"Trinity College Dublin",2026,NA,"10.1016/j.trip.2026.102093",TRUE,FALSE,"Elsevier BV","Transportation Research Interdisciplinary Perspectives","2590-1982","2590-1982",NA,"2590-1982","http://creativecommons.org/licenses/by/4.0/",TRUE,NA,NA,NA,NA,TRUE,"els2026ie","02tyrky19_els2026ie_2026"
"University of Galway",2026,NA,"10.1016/j.scitotenv.2026.181924",TRUE,FALSE,"Elsevier BV","Science of The Total Environment","0048-9697","0048-9697",NA,"0048-9697","http://creativecommons.org/licenses/by/4.0/",TRUE,"42229306",NA,NA,NA,FALSE,"els2026ie","03bea9k73_els2026ie_2026"
"University of Galway",2026,NA,"10.1016/j.jenvrad.2026.108056",TRUE,FALSE,"Elsevier BV","Journal of Environmental Radioactivity","0265-931X","0265-931X",NA,"0265-931X","http://creativecommons.org/licenses/by/4.0/",TRUE,"42229399",NA,NA,NA,FALSE,"els2026ie","03bea9k73_els2026ie_2026"
"Technological University Dublin",2026,NA,"10.1016/j.enbuild.2026.117734",TRUE,FALSE,"Elsevier BV","Energy and Buildings","0378-7788","0378-7788",NA,"0378-7788","http://creativecommons.org/licenses/by/4.0/",TRUE,NA,NA,NA,NA,FALSE,"els2026ie","04t0qbt32_els2026ie_2026"
"University of Galway",2026,NA,"10.1016/j.jvcir.2026.104846",TRUE,FALSE,"Elsevier BV","Journal of Visual Communication and Image Representation","1047-3203","1047-3203",NA,"1047-3203","http://creativecommons.org/licenses/by/4.0/",TRUE,NA,NA,NA,NA,FALSE,"els2026ie","03bea9k73_els2026ie_2026"
"University College Dublin",2026,NA,"10.1016/j.toxrep.2026.102285",TRUE,FALSE,"Elsevier BV","Toxicology Reports","2214-7500","2214-7500",NA,"2214-7500","http://creativecommons.org/licenses/by/4.0/",TRUE,"42281601","PMC13251645",NA,NA,TRUE,"els2026ie","05m7pjf47_els2026ie_2026"
"Royal College of Surgeons in Ireland",2026,NA,"10.1016/j.tcr.2026.101385",TRUE,FALSE,"Elsevier BV","Trauma & Case Reports","2352-6440","2352-6440",NA,"2352-6440","http://creativecommons.org/licenses/by/4.0/",TRUE,"42232473","PMC13223513",NA,NA,TRUE,"els2026ie","01hxy9878_els2026ie_2026"
"Technological University of the Shannon: Midlands Midwest",2026,NA,"10.1016/j.iswa.2026.200681",TRUE,FALSE,"Elsevier BV","Intelligent Systems with Applications","2667-3053","2667-3053",NA,"2667-3053","http://creativecommons.org/licenses/by/4.0/",TRUE,NA,NA,NA,NA,TRUE,"els2026ie","04efm0253_els2026ie_2026"
"University College Dublin",2026,NA,"10.1016/j.maturitas.2026.109004",TRUE,FALSE,"Elsevier BV","Maturitas","0378-5122","0378-5122",NA,"0378-5122","http://creativecommons.org/licenses/by/4.0/",TRUE,"42224847",NA,NA,NA,FALSE,"els2026ie","05m7pjf47_els2026ie_2026"
"Maynooth University",2026,NA,"10.1016/j.tre.2026.104983",TRUE,FALSE,"Elsevier BV","Transportation Research Part E: Logistics and Transportation Review","1366-5545","1366-5545",NA,"1366-5545","http://creativecommons.org/licenses/by/4.0/",TRUE,NA,NA,NA,NA,FALSE,"els2026ie","048nfjm95_els2026ie_2026"
"Trinity College Dublin",2026,NA,"10.1016/j.jmbbm.2026.107485",TRUE,FALSE,"Elsevier BV","Journal of the Mechanical Behavior of Biomedical Materials","1751-6161","1751-6161",NA,"1878-0180","http://creativecommons.org/licenses/by/4.0/",TRUE,"42218856",NA,NA,NA,FALSE,"els2026ie","02tyrky19_els2026ie_2026"
"University of Galway",2026,NA,"10.1016/j.dib.2026.112895",TRUE,FALSE,"Elsevier BV","Data in Brief","2352-3409","2352-3409",NA,"2352-3409","http://creativecommons.org/licenses/by/4.0/",TRUE,"42272818","PMC13247565",NA,NA,TRUE,"els2026ie","03bea9k73_els2026ie_2026"
"University College Dublin",2026,NA,"10.1016/j.enconman.2026.121723",TRUE,FALSE,"Elsevier BV","Energy Conversion and Management","0196-8904","0196-8904",NA,"0196-8904","http://creativecommons.org/licenses/by/4.0/",TRUE,NA,NA,NA,NA,FALSE,"els2026ie","05m7pjf47_els2026ie_2026"
"University of Galway",2026,NA,"10.1016/j.jclepro.2026.148579",TRUE,FALSE,"Elsevier BV","Journal of Cleaner Production","0959-6526","0959-6526",NA,"0959-6526","http://creativecommons.org/licenses/by/4.0/",TRUE,NA,NA,NA,NA,FALSE,"els2026ie","03bea9k73_els2026ie_2026"
"Technological University of the Shannon: Midlands Midwest",2026,NA,"10.1016/j.cscm.2026.e06188",TRUE,FALSE,"Elsevier BV","Case Studies in Construction Materials","2214-5095","2214-5095",NA,"2214-5095","http://creativecommons.org/licenses/by-nc-nd/4.0/",TRUE,NA,NA,NA,NA,TRUE,"els2026ie","04efm0253_els2026ie_2026"
"Trinity College Dublin",2026,NA,"10.1016/j.rset.2026.100149",TRUE,FALSE,"Elsevier BV","Renewable and Sustainable Energy Transition","2667-095X","2667-095X",NA,"2667-095X","http://creativecommons.org/licenses/by/4.0/",TRUE,NA,NA,NA,NA,TRUE,"els2026ie","02tyrky19_els2026ie_2026"
"University College Cork",2026,NA,"10.1016/j.nexres.2026.101944",TRUE,FALSE,"Elsevier BV","Next Research","3050-4759","3050-4759",NA,"3050-4759","http://creativecommons.org/licenses/by/4.0/",TRUE,NA,NA,NA,NA,FALSE,"els2026ie","03265fv13_els2026ie_2026"
"University College Cork",2026,NA,"10.1016/j.compchemeng.2026.109725",TRUE,FALSE,"Elsevier BV","Computers & Chemical Engineering","0098-1354","0098-1354",NA,"0098-1354","http://creativecommons.org/licenses/by/4.0/",TRUE,NA,NA,NA,NA,FALSE,"els2026ie","03265fv13_els2026ie_2026"
"Royal College of Surgeons in Ireland",2026,NA,"10.1016/j.jtv.2026.101020",TRUE,FALSE,"Elsevier BV","Journal of Tissue Viability","0965-206X","0965-206X",NA,"0965-206X","http://creativecommons.org/licenses/by/4.0/",TRUE,"42214122",NA,NA,NA,FALSE,"els2026ie","01hxy9878_els2026ie_2026"
"Trinity College Dublin",2026,NA,"10.1016/j.tipsro.2026.100413",TRUE,FALSE,"Elsevier BV","Technical Innovations & Patient Support in Radiation Oncology","2405-6324","2405-6324",NA,"2405-6324","http://creativecommons.org/licenses/by/4.0/",TRUE,"42292032","PMC13264375",NA,NA,TRUE,"els2026ie","02tyrky19_els2026ie_2026"
"Trinity College Dublin",2026,NA,"10.1016/j.ijnsa.2026.100574",TRUE,FALSE,"Elsevier BV","International Journal of Nursing Studies Advances","2666-142X","2666-142X",NA,"2666-142X","http://creativecommons.org/licenses/by/4.0/",TRUE,"42367732","PMC13293649",NA,NA,TRUE,"els2026ie","02tyrky19_els2026ie_2026"
"Dublin City University",2026,NA,"10.1016/j.ijnsa.2026.100579",TRUE,FALSE,"Elsevier BV","International Journal of Nursing Studies Advances","2666-142X","2666-142X",NA,"2666-142X","http://creativecommons.org/licenses/by/4.0/",TRUE,"42306506","PMC13265650",NA,NA,TRUE,"els2026ie","04a1a1e81_els2026ie_2026"
"Dublin City University",2026,NA,"10.1016/j.cities.2026.107191",TRUE,FALSE,"Elsevier BV","Cities","0264-2751","0264-2751",NA,"0264-2751","http://creativecommons.org/licenses/by/4.0/",TRUE,NA,NA,NA,NA,FALSE,"els2026ie","04a1a1e81_els2026ie_2026"
"Trinity College Dublin",2026,NA,"10.1016/j.jenvman.2026.130057",TRUE,FALSE,"Elsevier BV","Journal of Environmental Management","0301-4797","0301-4797",NA,"0301-4797","http://creativecommons.org/licenses/by/4.0/",TRUE,"42190534",NA,NA,NA,FALSE,"els2026ie","02tyrky19_els2026ie_2026"
"Munster Technological University",2026,NA,"10.1016/j.epsr.2026.113357",TRUE,FALSE,"Elsevier BV","Electric Power Systems Research","0378-7796","0378-7796",NA,"0378-7796","http://creativecommons.org/licenses/by/4.0/",TRUE,NA,NA,NA,NA,FALSE,"els2026ie","013xpqh61_els2026ie_2026"
"Royal College of Surgeons in Ireland",2026,NA,"10.1016/j.bbi.2026.106839",TRUE,FALSE,"Elsevier BV","Brain, Behavior, and Immunity","0889-1591","0889-1591",NA,"0889-1591","http://creativecommons.org/licenses/by/4.0/",TRUE,"42190846",NA,NA,NA,FALSE,"els2026ie","01hxy9878_els2026ie_2026"
"University of Limerick",2026,NA,"10.1016/j.jsams.2026.05.011",TRUE,FALSE,"Elsevier BV","Journal of Science and Medicine in Sport","1440-2440","1440-2440",NA,"1878-1861","http://creativecommons.org/licenses/by/4.0/",TRUE,"42265026",NA,NA,NA,FALSE,"els2026ie","00a0n9e72_els2026ie_2026"
"University College Dublin",2026,NA,"10.1016/j.ynstr.2026.100824",TRUE,FALSE,"Elsevier BV","Neurobiology of Stress","2352-2895","2352-2895",NA,"2352-2895","http://creativecommons.org/licenses/by/4.0/",TRUE,"42254805","PMC13235406",NA,NA,TRUE,"els2026ie","05m7pjf47_els2026ie_2026"
"University College Dublin",2026,NA,"10.1016/j.tjnut.2026.101611",TRUE,FALSE,"Elsevier BV","Journal of Nutrition","0022-3166","0022-3166",NA,"0022-3166","http://creativecommons.org/licenses/by/4.0/",TRUE,"42176989","PMC13494231",NA,NA,FALSE,"els2026ie","05m7pjf47_els2026ie_2026"
"University College Cork",2026,NA,"10.1016/j.compag.2026.111951",TRUE,FALSE,"Elsevier BV","Computers and Electronics in Agriculture","0168-1699","0168-1699",NA,"0168-1699","http://creativecommons.org/licenses/by/4.0/",TRUE,NA,NA,NA,NA,FALSE,"els2026ie","03265fv13_els2026ie_2026"
"University College Dublin",2026,NA,"10.1016/j.tifs.2026.105834",TRUE,FALSE,"Elsevier BV","Trends in Food Science & Technology","0924-2244","0924-2244",NA,"0924-2244","http://creativecommons.org/licenses/by/4.0/",TRUE,NA,NA,NA,NA,FALSE,"els2026ie","05m7pjf47_els2026ie_2026"
"University of Galway",2026,NA,"10.1016/j.ecss.2026.109999",TRUE,FALSE,"Elsevier BV","Estuarine, Coastal and Shelf Science","0272-7714","0272-7714",NA,"0272-7714","http://creativecommons.org/licenses/by/4.0/",TRUE,NA,NA,NA,NA,FALSE,"els2026ie","03bea9k73_els2026ie_2026"
"University College Dublin",2026,NA,"10.1016/j.foodchem.2026.149778",TRUE,FALSE,"Elsevier BV","Food Chemistry","0308-8146","0308-8146",NA,"0308-8146","http://creativecommons.org/licenses/by/4.0/",TRUE,"42248023",NA,NA,NA,FALSE,"els2026ie","05m7pjf47_els2026ie_2026"
"University of Limerick",2026,NA,"10.1016/j.energy.2026.141465",TRUE,FALSE,"Elsevier BV","Energy","0360-5442","0360-5442",NA,"0360-5442","http://creativecommons.org/licenses/by/4.0/",TRUE,NA,NA,NA,NA,FALSE,"els2026ie","00a0n9e72_els2026ie_2026"
"University of Galway",2026,NA,"10.1016/j.redox.2026.104231",TRUE,FALSE,"Elsevier BV","Redox Biology","2213-2317","2213-2317",NA,"2213-2317","http://creativecommons.org/licenses/by/4.0/",TRUE,"42275699","PMC13276316",NA,NA,TRUE,"els2026ie","03bea9k73_els2026ie_2026"
"University College Dublin",2026,NA,"10.1016/j.jcp.2026.115056",TRUE,FALSE,"Elsevier BV","Journal of Computational Physics","0021-9991","0021-9991",NA,"0021-9991","http://creativecommons.org/licenses/by/4.0/",TRUE,NA,NA,NA,NA,FALSE,"els2026ie","05m7pjf47_els2026ie_2026"
"Trinity College Dublin",2026,NA,"10.1016/j.physio.2026.102337",TRUE,FALSE,"Elsevier BV","Physiotherapy","0031-9406","0031-9406",NA,"0031-9406","http://creativecommons.org/licenses/by/4.0/",TRUE,"42365742",NA,NA,NA,FALSE,"els2026ie","02tyrky19_els2026ie_2026"
"University of Limerick",2026,NA,"10.1016/j.mattod.2026.103397",TRUE,FALSE,"Elsevier BV","Materials Today","1369-7021","1369-7021",NA,"1369-7021","http://creativecommons.org/licenses/by/4.0/",TRUE,NA,NA,NA,NA,FALSE,"els2026ie","00a0n9e72_els2026ie_2026"
"Trinity College Dublin",2026,NA,"10.1016/j.meaene.2026.100103",TRUE,FALSE,"Elsevier BV","Measurement: Energy","2950-3450","2950-3450",NA,"2950-3450","http://creativecommons.org/licenses/by/4.0/",TRUE,NA,NA,NA,NA,TRUE,"els2026ie","02tyrky19_els2026ie_2026"
"University College Dublin",2026,NA,"10.1016/j.envint.2026.110322",TRUE,FALSE,"Elsevier BV","Environment International","0160-4120","0160-4120",NA,"0160-4120","http://creativecommons.org/licenses/by/4.0/",TRUE,"42202632",NA,NA,NA,TRUE,"els2026ie","05m7pjf47_els2026ie_2026"
"Dublin City University",2026,NA,"10.1016/j.electstud.2026.103089",TRUE,FALSE,"Elsevier BV","Electoral Studies","0261-3794","0261-3794",NA,"0261-3794","http://creativecommons.org/licenses/by/4.0/",TRUE,NA,NA,NA,NA,FALSE,"els2026ie","04a1a1e81_els2026ie_2026"
"University College Dublin",2026,NA,"10.1016/j.poly.2026.118201",TRUE,FALSE,"Elsevier BV","Polyhedron","0277-5387","0277-5387",NA,"0277-5387","http://creativecommons.org/licenses/by/4.0/",TRUE,NA,NA,NA,NA,FALSE,"els2026ie","05m7pjf47_els2026ie_2026"
"University College Dublin",2026,NA,"10.1016/j.tifs.2026.105824",TRUE,FALSE,"Elsevier BV","Trends in Food Science & Technology","0924-2244","0924-2244",NA,"0924-2244","http://creativecommons.org/licenses/by/4.0/",TRUE,NA,NA,NA,NA,FALSE,"els2026ie","05m7pjf47_els2026ie_2026"
"Dublin City University",2026,NA,"10.1016/j.seppur.2026.138549",TRUE,FALSE,"Elsevier BV","Separation and Purification Technology","1383-5866","1383-5866",NA,"1383-5866","http://creativecommons.org/licenses/by/4.0/",TRUE,NA,NA,NA,NA,FALSE,"els2026ie","04a1a1e81_els2026ie_2026"
"University College Dublin",2026,NA,"10.1016/j.ijchp.2026.100694",TRUE,FALSE,"Elsevier BV","International Journal of Clinical and Health Psychology","1697-2600","1697-2600",NA,"1697-2600","http://creativecommons.org/licenses/by/4.0/",TRUE,"42256536","PMC13240750",NA,NA,TRUE,"els2026ie","05m7pjf47_els2026ie_2026"
"Maynooth University",2026,NA,"10.1016/j.ecmx.2026.101963",TRUE,FALSE,"Elsevier BV","Energy Conversion and Management: X","2590-1745","2590-1745",NA,"2590-1745","http://creativecommons.org/licenses/by/4.0/",TRUE,NA,NA,NA,NA,TRUE,"els2026ie","048nfjm95_els2026ie_2026"
"University College Dublin",2026,NA,"10.1016/j.ijnurstu.2026.105583",TRUE,FALSE,"Elsevier BV","International Journal of Nursing Studies","0020-7489","0020-7489",NA,"0020-7489","http://creativecommons.org/licenses/by/4.0/",TRUE,"42235300",NA,NA,NA,FALSE,"els2026ie","05m7pjf47_els2026ie_2026"
"Royal College of Surgeons in Ireland",2026,NA,"10.1016/j.actbio.2026.05.024",TRUE,FALSE,"Elsevier BV","Acta Biomaterialia","1742-7061","1742-7061",NA,"1742-7061","http://creativecommons.org/licenses/by/4.0/",TRUE,"42142690",NA,NA,NA,FALSE,"els2026ie","01hxy9878_els2026ie_2026"
"University College Cork",2026,NA,"10.1016/j.jmir.2026.102452",TRUE,FALSE,"Elsevier BV","Journal of Medical Imaging and Radiation Sciences","1939-8654","1939-8654",NA,"1876-7982","http://creativecommons.org/licenses/by/4.0/",TRUE,"42250408",NA,NA,NA,FALSE,"els2026ie","03265fv13_els2026ie_2026"
"Maynooth University",2026,NA,"10.1016/j.electacta.2026.149140",TRUE,FALSE,"Elsevier BV","Electrochimica Acta","0013-4686","0013-4686",NA,"0013-4686","http://creativecommons.org/licenses/by/4.0/",TRUE,NA,NA,NA,NA,FALSE,"els2026ie","048nfjm95_els2026ie_2026"
"University College Dublin",2026,NA,"10.1016/j.techfore.2026.124759",TRUE,FALSE,"Elsevier BV","Technological Forecasting and Social Change","0040-1625","0040-1625",NA,"0040-1625","http://creativecommons.org/licenses/by/4.0/",TRUE,NA,NA,NA,NA,FALSE,"els2026ie","05m7pjf47_els2026ie_2026"
"University College Dublin",2026,NA,"10.1016/j.landusepol.2026.108105",TRUE,FALSE,"Elsevier BV","Land Use Policy","0264-8377","0264-8377",NA,"0264-8377","http://creativecommons.org/licenses/by/4.0/",TRUE,NA,NA,NA,NA,FALSE,"els2026ie","05m7pjf47_els2026ie_2026"
"University College Dublin",2026,NA,"10.1016/j.jenvman.2026.130004",TRUE,FALSE,"Elsevier BV","Journal of Environmental Management","0301-4797","0301-4797",NA,"0301-4797","http://creativecommons.org/licenses/by/4.0/",TRUE,"42160860",NA,NA,NA,FALSE,"els2026ie","05m7pjf47_els2026ie_2026"
"Trinity College Dublin",2026,NA,"10.1016/j.precamres.2026.108161",TRUE,FALSE,"Elsevier BV","Precambrian Research","0301-9268","0301-9268",NA,"0301-9268","http://creativecommons.org/licenses/by/4.0/",TRUE,NA,NA,NA,NA,FALSE,"els2026ie","02tyrky19_els2026ie_2026"
"University College Cork",2026,NA,"10.1016/j.bbi.2026.106815",TRUE,FALSE,"Elsevier BV","Brain, Behavior, and Immunity","0889-1591","0889-1591",NA,"0889-1591","http://creativecommons.org/licenses/by/4.0/",TRUE,"42178054",NA,NA,NA,FALSE,"els2026ie","03265fv13_els2026ie_2026"
"University College Dublin",2026,NA,"10.1016/j.cnsns.2026.110149",TRUE,FALSE,"Elsevier BV","Communications in Nonlinear Science and Numerical Simulation","1007-5704","1007-5704",NA,"1007-5704","http://creativecommons.org/licenses/by/4.0/",TRUE,NA,NA,NA,NA,FALSE,"els2026ie","05m7pjf47_els2026ie_2026"
"University College Dublin",2026,NA,"10.1016/j.jcou.2026.103462",TRUE,FALSE,"Elsevier BV","Journal of CO2 Utilization","2212-9820","2212-9820",NA,"2212-9820","http://creativecommons.org/licenses/by/4.0/",TRUE,NA,NA,NA,NA,FALSE,"els2026ie","05m7pjf47_els2026ie_2026"
"Trinity College Dublin",2026,NA,"10.1016/j.iccn.2026.104458",TRUE,FALSE,"Elsevier BV","Intensive and Critical Care Nursing","0964-3397","0964-3397",NA,"0964-3397","http://creativecommons.org/licenses/by/4.0/",TRUE,"42217352",NA,NA,NA,FALSE,"els2026ie","02tyrky19_els2026ie_2026"
"Technological University of the Shannon: Midlands Midwest",2026,NA,"10.1016/j.biteb.2026.102814",TRUE,FALSE,"Elsevier BV","Bioresource Technology Reports","2589-014X","2589-014X",NA,"2589-014X","http://creativecommons.org/licenses/by/4.0/",TRUE,NA,NA,NA,NA,FALSE,"els2026ie","04efm0253_els2026ie_2026"
"University College Dublin",2026,NA,"10.1016/j.foodchem.2026.149673",TRUE,FALSE,"Elsevier BV","Food Chemistry","0308-8146","0308-8146",NA,"0308-8146","http://creativecommons.org/licenses/by/4.0/",TRUE,"42269430",NA,NA,NA,FALSE,"els2026ie","05m7pjf47_els2026ie_2026"
"Dublin City University",2026,NA,"10.1016/j.tate.2026.105603",TRUE,FALSE,"Elsevier BV","Teaching and Teacher Education","0742-051X","0742-051X",NA,"0742-051X","http://creativecommons.org/licenses/by/4.0/",TRUE,NA,NA,NA,NA,FALSE,"els2026ie","04a1a1e81_els2026ie_2026"
"University College Dublin",2026,NA,"10.1016/j.comppsych.2026.152714",TRUE,FALSE,"Elsevier BV","Comprehensive Psychiatry","0010-440X","0010-440X",NA,"0010-440X","http://creativecommons.org/licenses/by/4.0/",TRUE,"42144003",NA,NA,NA,TRUE,"els2026ie","05m7pjf47_els2026ie_2026"
"University of Galway",2026,NA,"10.1016/j.ophtha.2026.05.013",TRUE,FALSE,"Elsevier BV","Ophthalmology","0161-6420","0161-6420",NA,"0161-6420","http://creativecommons.org/licenses/by/4.0/",TRUE,"42155674",NA,NA,NA,FALSE,"els2026ie","03bea9k73_els2026ie_2026"
"Trinity College Dublin",2026,NA,"10.1016/j.diagmicrobio.2026.117458",TRUE,FALSE,"Elsevier BV","Diagnostic Microbiology and Infectious Disease","0732-8893","0732-8893",NA,"0732-8893","http://creativecommons.org/licenses/by/4.0/",TRUE,"42139919",NA,NA,NA,FALSE,"els2026ie","02tyrky19_els2026ie_2026"
"Trinity College Dublin",2026,NA,"10.1016/j.ecolecon.2026.109039",TRUE,FALSE,"Elsevier BV","Ecological Economics","0921-8009","0921-8009",NA,"0921-8009","http://creativecommons.org/licenses/by/4.0/",TRUE,NA,NA,NA,NA,FALSE,"els2026ie","02tyrky19_els2026ie_2026"
"University College Dublin",2026,NA,"10.1016/j.dld.2026.05.008",TRUE,FALSE,"Elsevier BV","Digestive and Liver Disease","1590-8658","1590-8658",NA,"1590-8658","http://creativecommons.org/licenses/by/4.0/",TRUE,"42218054",NA,NA,NA,FALSE,"els2026ie","05m7pjf47_els2026ie_2026"
"University College Cork",2026,NA,"10.1016/j.esr.2026.102275",TRUE,FALSE,"Elsevier BV","Energy Strategy Reviews","2211-467X","2211-467X",NA,"2211-467X","http://creativecommons.org/licenses/by/4.0/",TRUE,NA,NA,NA,NA,TRUE,"els2026ie","03265fv13_els2026ie_2026"
"Dublin City University",2026,NA,"10.1016/j.rineng.2026.111083",TRUE,FALSE,"Elsevier BV","Results in Engineering","2590-1230","2590-1230",NA,"2590-1230","http://creativecommons.org/licenses/by/4.0/",TRUE,NA,NA,NA,NA,TRUE,"els2026ie","04a1a1e81_els2026ie_2026"
"Atlantic Technological University",2026,NA,"10.1016/j.tfp.2026.101308",TRUE,FALSE,"Elsevier BV","Trees, Forests and People","2666-7193","2666-7193",NA,"2666-7193","http://creativecommons.org/licenses/by/4.0/",TRUE,NA,NA,NA,NA,TRUE,"els2026ie","0458dap48_els2026ie_2026"
"Technological University of the Shannon: Midlands Midwest",2026,NA,"10.1016/j.ijpharm.2026.126987",TRUE,FALSE,"Elsevier BV","International Journal of Pharmaceutics","0378-5173","0378-5173",NA,"0378-5173","http://creativecommons.org/licenses/by/4.0/",TRUE,"42150645",NA,NA,NA,FALSE,"els2026ie","04efm0253_els2026ie_2026"
"Trinity College Dublin",2026,NA,"10.1016/j.cemconcomp.2026.106675",TRUE,FALSE,"Elsevier BV","Cement and Concrete Composites","0958-9465","0958-9465",NA,"0958-9465","http://creativecommons.org/licenses/by/4.0/",TRUE,NA,NA,NA,NA,FALSE,"els2026ie","02tyrky19_els2026ie_2026"
"University of Galway",2026,NA,"10.1016/j.wri.2026.100372",TRUE,FALSE,"Elsevier BV","Water Resources and Industry","2212-3717","2212-3717",NA,"2212-3717","http://creativecommons.org/licenses/by/4.0/",TRUE,NA,NA,NA,NA,TRUE,"els2026ie","03bea9k73_els2026ie_2026"
"Trinity College Dublin",2026,NA,"10.1016/j.istruc.2026.112105",TRUE,FALSE,"Elsevier BV","Structures","2352-0124","2352-0124",NA,"2352-0124","http://creativecommons.org/licenses/by/4.0/",TRUE,NA,NA,NA,NA,FALSE,"els2026ie","02tyrky19_els2026ie_2026"
"University College Cork",2026,NA,"10.1016/j.fhfh.2026.100288",TRUE,FALSE,"Elsevier BV","Food Hydrocolloids for Health","2667-0259","2667-0259",NA,"2667-0259","http://creativecommons.org/licenses/by/4.0/",TRUE,NA,NA,NA,NA,TRUE,"els2026ie","03265fv13_els2026ie_2026"
"University College Dublin",2026,NA,"10.1016/j.oceaneng.2026.126055",TRUE,FALSE,"Elsevier BV","Ocean Engineering","0029-8018","0029-8018",NA,"0029-8018","http://creativecommons.org/licenses/by/4.0/",TRUE,NA,NA,NA,NA,FALSE,"els2026ie","05m7pjf47_els2026ie_2026"
"University of Galway",2026,NA,"10.1016/j.biopha.2026.119533",TRUE,FALSE,"Elsevier BV","Biomedicine & Pharmacotherapy","0753-3322","0753-3322",NA,"0753-3322","http://creativecommons.org/licenses/by/4.0/",TRUE,"42161225",NA,NA,NA,FALSE,"els2026ie","03bea9k73_els2026ie_2026"
"Maynooth University",2026,NA,"10.1016/j.ptsp.2026.101936",TRUE,FALSE,"Elsevier BV","Physical Therapy in Sport","1466-853X","1466-853X",NA,"1466-853X","http://creativecommons.org/licenses/by/4.0/",TRUE,"42139756",NA,NA,NA,FALSE,"els2026ie","048nfjm95_els2026ie_2026"
"Dundalk Institute of Technology",2026,NA,"10.1016/j.crm.2026.100826",TRUE,FALSE,"Elsevier BV","Climate Risk Management","2212-0963","2212-0963",NA,"2212-0963","http://creativecommons.org/licenses/by/4.0/",TRUE,NA,NA,NA,NA,TRUE,"els2026ie","01800zd49_els2026ie_2026"
"University College Dublin",2026,NA,"10.1016/j.jfoodeng.2026.113165",TRUE,FALSE,"Elsevier BV","Journal of Food Engineering","0260-8774","0260-8774",NA,"0260-8774","http://creativecommons.org/licenses/by/4.0/",TRUE,NA,NA,NA,NA,FALSE,"els2026ie","05m7pjf47_els2026ie_2026"
"University of Limerick",2026,NA,"10.1016/j.socscimed.2026.119373",TRUE,FALSE,"Elsevier BV","Social Science & Medicine","0277-9536","0277-9536",NA,"0277-9536","http://creativecommons.org/licenses/by/4.0/",TRUE,"42150227",NA,NA,NA,FALSE,"els2026ie","00a0n9e72_els2026ie_2026"
"Dublin City University",2026,NA,"10.1016/j.jairtraman.2026.103052",TRUE,FALSE,"Elsevier BV","Journal of Air Transport Management","0969-6997","0969-6997",NA,"0969-6997","http://creativecommons.org/licenses/by/4.0/",TRUE,NA,NA,NA,NA,FALSE,"els2026ie","04a1a1e81_els2026ie_2026"
"University of Limerick",2026,NA,"10.1016/j.intaccaudtax.2026.100778",TRUE,FALSE,"Elsevier BV","Journal of International Accounting, Auditing and Taxation","1061-9518","1061-9518",NA,"1061-9518","http://creativecommons.org/licenses/by/4.0/",TRUE,NA,NA,NA,NA,FALSE,"els2026ie","00a0n9e72_els2026ie_2026"
"University College Cork",2026,NA,"10.1016/j.frl.2026.110172",TRUE,FALSE,"Elsevier BV","Finance Research Letters","1544-6123","1544-6123",NA,"1544-6131","http://creativecommons.org/licenses/by/4.0/",TRUE,NA,NA,NA,NA,FALSE,"els2026ie","03265fv13_els2026ie_2026"
"University College Dublin",2026,NA,"10.1016/j.jaclp.2026.05.003",TRUE,FALSE,"Elsevier BV","Journal of the Academy of Consultation-Liaison Psychiatry","2667-2960","2667-2960",NA,"2667-2960","http://creativecommons.org/licenses/by/4.0/",TRUE,"42140521",NA,NA,NA,FALSE,"els2026ie","05m7pjf47_els2026ie_2026"
"Maynooth University",2026,NA,"10.1016/j.jalgebra.2026.04.044",TRUE,FALSE,"Elsevier BV","Journal of Algebra","0021-8693","0021-8693",NA,"0021-8693","http://creativecommons.org/licenses/by/4.0/",TRUE,NA,NA,NA,NA,FALSE,"els2026ie","048nfjm95_els2026ie_2026"
"University College Dublin",2026,NA,"10.1016/j.tranpol.2026.104189",TRUE,FALSE,"Elsevier BV","Transport Policy","0967-070X","0967-070X",NA,"0967-070X","http://creativecommons.org/licenses/by/4.0/",TRUE,NA,NA,NA,NA,FALSE,"els2026ie","05m7pjf47_els2026ie_2026"
"University of Limerick",2026,NA,"10.1016/j.ssaho.2026.102774",TRUE,FALSE,"Elsevier BV","Social Sciences & Humanities Open","2590-2911","2590-2911",NA,"2590-2911","http://creativecommons.org/licenses/by/4.0/",TRUE,NA,NA,NA,NA,TRUE,"els2026ie","00a0n9e72_els2026ie_2026"
"University of Limerick",2026,NA,"10.1016/j.tice.2026.103600",TRUE,FALSE,"Elsevier BV","Tissue and Cell","0040-8166","0040-8166",NA,"0040-8166","http://creativecommons.org/licenses/by/4.0/",TRUE,"42127544",NA,NA,NA,FALSE,"els2026ie","00a0n9e72_els2026ie_2026"
"University of Galway",2026,NA,"10.1016/j.intimp.2026.116837",TRUE,FALSE,"Elsevier BV","International Immunopharmacology","1567-5769","1567-5769",NA,"1567-5769","http://creativecommons.org/licenses/by/4.0/",TRUE,"42143505",NA,NA,NA,FALSE,"els2026ie","03bea9k73_els2026ie_2026"
"Royal College of Surgeons in Ireland",2026,NA,"10.1016/j.jpra.2026.05.009",TRUE,FALSE,"Elsevier BV","JPRAS Open","2352-5878","2352-5878",NA,"2352-5878","http://creativecommons.org/licenses/by/4.0/",TRUE,"42239978","PMC13227273",NA,NA,TRUE,"els2026ie","01hxy9878_els2026ie_2026"
"University College Dublin",2026,NA,"10.1016/j.clet.2026.101221",TRUE,FALSE,"Elsevier BV","Cleaner Engineering and Technology","2666-7908","2666-7908",NA,"2666-7908","http://creativecommons.org/licenses/by/4.0/",TRUE,NA,NA,NA,NA,TRUE,"els2026ie","05m7pjf47_els2026ie_2026"
"Trinity College Dublin",2026,NA,"10.1016/j.jstrokecerebrovasdis.2026.108652",TRUE,FALSE,"Elsevier BV","Journal of Stroke and Cerebrovascular Diseases","1052-3057","1052-3057",NA,"1052-3057","http://creativecommons.org/licenses/by/4.0/",TRUE,"42070676",NA,NA,NA,FALSE,"els2026ie","02tyrky19_els2026ie_2026"
"Royal College of Surgeons in Ireland",2026,NA,"10.1016/j.wneu.2026.125048",TRUE,FALSE,"Elsevier BV","World Neurosurgery","1878-8750","1878-8750",NA,"1878-8750","http://creativecommons.org/licenses/by/4.0/",TRUE,"42134503",NA,NA,NA,FALSE,"els2026ie","01hxy9878_els2026ie_2026"
"Trinity College Dublin",2026,NA,"10.1016/j.ssaho.2026.102848",TRUE,FALSE,"Elsevier BV","Social Sciences & Humanities Open","2590-2911","2590-2911",NA,"2590-2911","http://creativecommons.org/licenses/by/4.0/",TRUE,NA,NA,NA,NA,TRUE,"els2026ie","02tyrky19_els2026ie_2026"
"Trinity College Dublin",2026,NA,"10.1016/j.jtha.2026.04.035",TRUE,FALSE,"Elsevier BV","Journal of Thrombosis and Haemostasis","1538-7836","1538-7836",NA,"1538-7836","http://creativecommons.org/licenses/by/4.0/",TRUE,"42128059",NA,NA,NA,FALSE,"els2026ie","02tyrky19_els2026ie_2026"
"University College Cork",2026,NA,"10.1016/j.cptl.2026.102683",TRUE,FALSE,"Elsevier BV","Currents in Pharmacy Teaching and Learning","1877-1297","1877-1297",NA,"1877-1297","http://creativecommons.org/licenses/by/4.0/",TRUE,"42167095",NA,NA,NA,FALSE,"els2026ie","03265fv13_els2026ie_2026"
"Royal College of Surgeons in Ireland",2026,NA,"10.1016/j.artd.2026.102062",TRUE,FALSE,"Elsevier BV","Arthroplasty Today","2352-3441","2352-3441",NA,"2352-3441","http://creativecommons.org/licenses/by/4.0/",TRUE,"42305559","PMC13265651",NA,NA,TRUE,"els2026ie","01hxy9878_els2026ie_2026"
"Trinity College Dublin",2026,NA,"10.1016/j.tipsro.2026.100412",TRUE,FALSE,"Elsevier BV","Technical Innovations & Patient Support in Radiation Oncology","2405-6324","2405-6324",NA,"2405-6324","http://creativecommons.org/licenses/by/4.0/",TRUE,"42231932","PMC13224374",NA,NA,TRUE,"els2026ie","02tyrky19_els2026ie_2026"
"University College Cork",2026,NA,"10.1016/j.ssmqr.2026.100774",TRUE,FALSE,"Elsevier BV","SSM - Qualitative Research in Health","2667-3215","2667-3215",NA,"2667-3215","http://creativecommons.org/licenses/by/4.0/",TRUE,NA,NA,NA,NA,TRUE,"els2026ie","03265fv13_els2026ie_2026"
"University College Dublin",2026,NA,"10.3168/jds.2025-27549",TRUE,FALSE,"American Dairy Science Association","Journal of Dairy Science","0022-0302","0022-0302",NA,"0022-0302","http://creativecommons.org/licenses/by/4.0/",TRUE,"42114742",NA,NA,NA,TRUE,"els2026ie","05m7pjf47_els2026ie_2026"
"University College Dublin",2026,NA,"10.1016/j.microc.2026.118267",TRUE,FALSE,"Elsevier BV","Microchemical Journal","0026-265X","0026-265X",NA,"0026-265X","http://creativecommons.org/licenses/by/4.0/",TRUE,NA,NA,NA,NA,FALSE,"els2026ie","05m7pjf47_els2026ie_2026"
"Technological University of the Shannon: Midlands Midwest",2026,NA,"10.1016/j.matdes.2026.116134",TRUE,FALSE,"Elsevier BV","Materials & Design","0264-1275","0264-1275",NA,"0264-1275","http://creativecommons.org/licenses/by/4.0/",TRUE,NA,NA,NA,NA,TRUE,"els2026ie","04efm0253_els2026ie_2026"
"University College Dublin",2026,NA,"10.1016/j.ecss.2026.109961",TRUE,FALSE,"Elsevier BV","Estuarine, Coastal and Shelf Science","0272-7714","0272-7714",NA,"0272-7714","http://creativecommons.org/licenses/by/4.0/",TRUE,NA,NA,NA,NA,FALSE,"els2026ie","05m7pjf47_els2026ie_2026"
"Royal College of Surgeons in Ireland",2026,NA,"10.1016/j.ejrad.2026.112914",TRUE,FALSE,"Elsevier BV","European Journal of Radiology","0720-048X","0720-048X",NA,"0720-048X","http://creativecommons.org/licenses/by/4.0/",TRUE,"42107146",NA,NA,NA,FALSE,"els2026ie","01hxy9878_els2026ie_2026"
"Atlantic Technological University",2026,NA,"10.1016/j.ocecoaman.2026.108231",TRUE,FALSE,"Elsevier BV","Ocean & Coastal Management","0964-5691","0964-5691",NA,"0964-5691","http://creativecommons.org/licenses/by/4.0/",TRUE,NA,NA,NA,NA,FALSE,"els2026ie","0458dap48_els2026ie_2026"
"Royal College of Surgeons in Ireland",2026,NA,"10.1016/j.jtv.2026.101016",TRUE,FALSE,"Elsevier BV","Journal of Tissue Viability","0965-206X","0965-206X",NA,"0965-206X","http://creativecommons.org/licenses/by/4.0/",TRUE,"42431055",NA,NA,NA,FALSE,"els2026ie","01hxy9878_els2026ie_2026"
"Trinity College Dublin",2026,NA,"10.1016/j.ecoinf.2026.103793",TRUE,FALSE,"Elsevier BV","Ecological Informatics","1574-9541","1574-9541",NA,"1574-9541","http://creativecommons.org/licenses/by/4.0/",TRUE,NA,NA,NA,NA,TRUE,"els2026ie","02tyrky19_els2026ie_2026"
"University of Galway",2026,NA,"10.1016/j.atech.2026.102189",TRUE,FALSE,"Elsevier BV","Smart Agricultural Technology","2772-3755","2772-3755",NA,"2772-3755","http://creativecommons.org/licenses/by/4.0/",TRUE,NA,NA,NA,NA,TRUE,"els2026ie","03bea9k73_els2026ie_2026"
"University of Limerick",2026,NA,"10.1016/j.nexus.2026.100723",TRUE,FALSE,"Elsevier BV","Energy Nexus","2772-4271","2772-4271",NA,"2772-4271","http://creativecommons.org/licenses/by/4.0/",TRUE,NA,NA,NA,NA,TRUE,"els2026ie","00a0n9e72_els2026ie_2026"
"University of Galway",2026,NA,"10.1016/j.jpedcp.2026.200215",TRUE,FALSE,"Elsevier BV","The Journal of Pediatrics: Clinical Practice","2950-5410","2950-5410",NA,"2950-5410","http://creativecommons.org/licenses/by/4.0/",TRUE,"42305405","PMC13265703",NA,NA,TRUE,"els2026ie","03bea9k73_els2026ie_2026"
"Atlantic Technological University",2026,NA,"10.1016/j.nexres.2026.101829",TRUE,FALSE,"Elsevier BV","Next Research","3050-4759","3050-4759",NA,"3050-4759","http://creativecommons.org/licenses/by/4.0/",TRUE,NA,NA,NA,NA,FALSE,"els2026ie","0458dap48_els2026ie_2026"
"University College Cork",2026,NA,"10.1016/j.carres.2026.109946",TRUE,FALSE,"Elsevier BV","Carbohydrate Research","0008-6215","0008-6215",NA,"0008-6215","http://creativecommons.org/licenses/by/4.0/",TRUE,"42085944",NA,NA,NA,FALSE,"els2026ie","03265fv13_els2026ie_2026"
"University College Cork",2026,NA,"10.1016/j.ijmecsci.2026.111698",TRUE,FALSE,"Elsevier BV","International Journal of Mechanical Sciences","0020-7403","0020-7403",NA,"0020-7403","http://creativecommons.org/licenses/by/4.0/",TRUE,NA,NA,NA,NA,FALSE,"els2026ie","03265fv13_els2026ie_2026"
"Trinity College Dublin",2026,NA,"10.1016/j.tafmec.2026.105658",TRUE,FALSE,"Elsevier BV","Theoretical and Applied Fracture Mechanics","0167-8442","0167-8442",NA,"0167-8442","http://creativecommons.org/licenses/by/4.0/",TRUE,NA,NA,NA,NA,FALSE,"els2026ie","02tyrky19_els2026ie_2026"
"University of Galway",2026,NA,"10.1016/j.compstruct.2026.120409",TRUE,FALSE,"Elsevier BV","Composite Structures","0263-8223","0263-8223",NA,"0263-8223","http://creativecommons.org/licenses/by/4.0/",TRUE,NA,NA,NA,NA,FALSE,"els2026ie","03bea9k73_els2026ie_2026"
"Trinity College Dublin",2026,NA,"10.1016/j.jdent.2026.106735",TRUE,FALSE,"Elsevier BV","Journal of Dentistry","0300-5712","0300-5712",NA,"0300-5712","http://creativecommons.org/licenses/by/4.0/",TRUE,"42086141",NA,NA,NA,FALSE,"els2026ie","02tyrky19_els2026ie_2026"
"University of Limerick",2026,NA,"10.1016/j.anireprosci.2026.108231",TRUE,FALSE,"Elsevier BV","Animal Reproduction Science","0378-4320","0378-4320",NA,"0378-4320","http://creativecommons.org/licenses/by/4.0/",TRUE,"42161208",NA,NA,NA,FALSE,"els2026ie","00a0n9e72_els2026ie_2026"
"Trinity College Dublin",2026,NA,"10.1016/j.mtbio.2026.103190",TRUE,FALSE,"Elsevier BV","Materials Today Bio","2590-0064","2590-0064",NA,"2590-0064","http://creativecommons.org/licenses/by/4.0/",TRUE,"42111763","PMC13153650",NA,NA,TRUE,"els2026ie","02tyrky19_els2026ie_2026"
"University College Dublin",2026,NA,"10.1016/j.rineng.2026.110848",TRUE,FALSE,"Elsevier BV","Results in Engineering","2590-1230","2590-1230",NA,"2590-1230","http://creativecommons.org/licenses/by/4.0/",TRUE,NA,NA,NA,NA,TRUE,"els2026ie","05m7pjf47_els2026ie_2026"
"Trinity College Dublin",2026,NA,"10.1016/j.cocr.2026.100026",TRUE,FALSE,"Elsevier BV","Coordination Chemistry Research","2950-4864","2950-4864",NA,"2950-4864","http://creativecommons.org/licenses/by/4.0/",TRUE,NA,NA,NA,NA,FALSE,"els2026ie","02tyrky19_els2026ie_2026"
"Royal College of Surgeons in Ireland",2026,NA,"10.1016/j.nexres.2026.101842",TRUE,FALSE,"Elsevier BV","Next Research","3050-4759","3050-4759",NA,"3050-4759","http://creativecommons.org/licenses/by/4.0/",TRUE,NA,NA,NA,NA,FALSE,"els2026ie","01hxy9878_els2026ie_2026"
"University of Galway",2026,NA,"10.1016/j.compeleceng.2026.111217",TRUE,FALSE,"Elsevier BV","Computers and Electrical Engineering","0045-7906","0045-7906",NA,"0045-7906","http://creativecommons.org/licenses/by/4.0/",TRUE,NA,NA,NA,NA,FALSE,"els2026ie","03bea9k73_els2026ie_2026"
"University of Limerick",2026,NA,"10.1016/j.ergon.2026.103968",TRUE,FALSE,"Elsevier BV","International Journal of Industrial Ergonomics","0169-8141","0169-8141",NA,"0169-8141","http://creativecommons.org/licenses/by/4.0/",TRUE,NA,NA,NA,NA,FALSE,"els2026ie","00a0n9e72_els2026ie_2026"
"University College Dublin",2026,NA,"10.1016/j.appet.2026.108580",TRUE,FALSE,"Elsevier BV","Appetite","0195-6663","0195-6663",NA,"0195-6663","http://creativecommons.org/licenses/by/4.0/",TRUE,"42097223",NA,NA,NA,FALSE,"els2026ie","05m7pjf47_els2026ie_2026"
"Royal College of Surgeons in Ireland",2026,NA,"10.1016/j.avsg.2026.04.031",TRUE,FALSE,"Elsevier BV","Annals of Vascular Surgery","0890-5096","0890-5096",NA,"0890-5096","http://creativecommons.org/licenses/by/4.0/",TRUE,"42103137",NA,NA,NA,FALSE,"els2026ie","01hxy9878_els2026ie_2026"
"University of Galway",2026,NA,"10.1016/j.jddst.2026.108432",TRUE,FALSE,"Elsevier BV","Journal of Drug Delivery Science and Technology","1773-2247","1773-2247",NA,"1773-2247","http://creativecommons.org/licenses/by/4.0/",TRUE,NA,NA,NA,NA,FALSE,"els2026ie","03bea9k73_els2026ie_2026"
"University College Dublin",2026,NA,"10.1016/j.jcomm.2026.100562",TRUE,FALSE,"Elsevier BV","Journal of Commodity Markets","2405-8513","2405-8513",NA,"2405-8505","http://creativecommons.org/licenses/by/4.0/",TRUE,NA,NA,NA,NA,FALSE,"els2026ie","05m7pjf47_els2026ie_2026"
"Trinity College Dublin",2026,NA,"10.1016/j.sleepx.2026.100187",TRUE,FALSE,"Elsevier BV","Sleep Medicine: X","2590-1427","2590-1427",NA,"2590-1427","http://creativecommons.org/licenses/by/4.0/",TRUE,"42170230","PMC13187575",NA,NA,TRUE,"els2026ie","02tyrky19_els2026ie_2026"
"South East Technological University",2026,NA,"10.1016/j.nedt.2026.107143",TRUE,FALSE,"Elsevier BV","Nurse Education Today","0260-6917","0260-6917",NA,"0260-6917","http://creativecommons.org/licenses/by/4.0/",TRUE,"42090786",NA,NA,NA,FALSE,"els2026ie","03fgx6868_els2026ie_2026"
"University College Dublin",2026,NA,"10.1016/j.plaphy.2026.111352",TRUE,FALSE,"Elsevier BV","Plant Physiology and Biochemistry","0981-9428","0981-9428",NA,"0981-9428","http://creativecommons.org/licenses/by/4.0/",TRUE,"42096969",NA,NA,NA,FALSE,"els2026ie","05m7pjf47_els2026ie_2026"
"Royal College of Surgeons in Ireland",2026,NA,"10.1016/j.surge.2026.04.008",TRUE,FALSE,"Elsevier BV","The Surgeon","1479-666X","1479-666X",NA,"1479-666X","http://creativecommons.org/licenses/by/4.0/",TRUE,"42091387",NA,NA,NA,FALSE,"els2026ie","01hxy9878_els2026ie_2026"
"University of Galway",2026,NA,"10.1016/j.ref.2026.100866",TRUE,FALSE,"Elsevier BV","Renewable Energy Focus","1755-0084","1755-0084",NA,"1878-0229","http://creativecommons.org/licenses/by/4.0/",TRUE,NA,NA,NA,NA,FALSE,"els2026ie","03bea9k73_els2026ie_2026"
"Royal College of Surgeons in Ireland",2026,NA,"10.1016/j.jarlif.2026.100072",TRUE,FALSE,"Elsevier BV","The Journal of Aging Research & Lifestyle","2534-773X","2534-773X",NA,"2534-773X","http://creativecommons.org/licenses/by/4.0/",TRUE,"42199692","PMC13199647",NA,NA,TRUE,"els2026ie","01hxy9878_els2026ie_2026"
"Dublin City University",2026,NA,"10.1016/j.egycc.2026.100248",TRUE,FALSE,"Elsevier BV","Energy and Climate Change","2666-2787","2666-2787",NA,"2666-2787","http://creativecommons.org/licenses/by/4.0/",TRUE,NA,NA,NA,NA,FALSE,"els2026ie","04a1a1e81_els2026ie_2026"
"University College Cork",2026,NA,"10.1016/j.foodchem.2026.149492",TRUE,FALSE,"Elsevier BV","Food Chemistry","0308-8146","0308-8146",NA,"0308-8146","http://creativecommons.org/licenses/by/4.0/",TRUE,"42143509",NA,NA,NA,FALSE,"els2026ie","03265fv13_els2026ie_2026"
"Technological University Dublin",2026,NA,"10.1016/j.icheatmasstransfer.2026.111400",TRUE,FALSE,"Elsevier BV","International Communications in Heat and Mass Transfer","0735-1933","0735-1933",NA,"0735-1933","http://creativecommons.org/licenses/by/4.0/",TRUE,NA,NA,NA,NA,FALSE,"els2026ie","04t0qbt32_els2026ie_2026"
"Maynooth University",2026,NA,"10.1016/j.egyr.2026.109361",TRUE,FALSE,"Elsevier BV","Energy Reports","2352-4847","2352-4847",NA,"2352-4847","http://creativecommons.org/licenses/by/4.0/",TRUE,NA,NA,NA,NA,TRUE,"els2026ie","048nfjm95_els2026ie_2026"
"University College Dublin",2026,NA,"10.1016/j.postharvbio.2026.114417",TRUE,FALSE,"Elsevier BV","Postharvest Biology and Technology","0925-5214","0925-5214",NA,"0925-5214","http://creativecommons.org/licenses/by/4.0/",TRUE,NA,NA,NA,NA,FALSE,"els2026ie","05m7pjf47_els2026ie_2026"
"University College Dublin",2026,NA,"10.1016/j.rvsc.2026.106232",TRUE,FALSE,"Elsevier BV","Research in Veterinary Science","0034-5288","0034-5288",NA,"0034-5288","http://creativecommons.org/licenses/by/4.0/",TRUE,"42085970",NA,NA,NA,FALSE,"els2026ie","05m7pjf47_els2026ie_2026"
"University College Dublin",2026,NA,"10.1016/j.foodchem.2026.149370",TRUE,FALSE,"Elsevier BV","Food Chemistry","0308-8146","0308-8146",NA,"0308-8146","http://creativecommons.org/licenses/by/4.0/",TRUE,"42114501",NA,NA,NA,FALSE,"els2026ie","05m7pjf47_els2026ie_2026"
"Maynooth University",2026,NA,"10.1016/j.langsci.2026.101834",TRUE,FALSE,"Elsevier BV","Language Sciences","0388-0001","0388-0001",NA,"0388-0001","http://creativecommons.org/licenses/by/4.0/",TRUE,NA,NA,NA,NA,FALSE,"els2026ie","048nfjm95_els2026ie_2026"
"University College Cork",2026,NA,"10.1016/j.mar.2026.100965",TRUE,FALSE,"Elsevier BV","Management Accounting Research","1044-5005","1044-5005",NA,"1044-5005","http://creativecommons.org/licenses/by/4.0/",TRUE,NA,NA,NA,NA,FALSE,"els2026ie","03265fv13_els2026ie_2026"
"Dublin City University",2026,NA,"10.1016/j.ibneur.2026.04.013",TRUE,FALSE,"Elsevier BV","IBRO Neuroscience Reports","2667-2421","2667-2421",NA,"2667-2421","http://creativecommons.org/licenses/by/4.0/",TRUE,"42211588","PMC13213280",NA,NA,TRUE,"els2026ie","04a1a1e81_els2026ie_2026"
"Trinity College Dublin",2026,NA,"10.1016/j.gimo.2026.104402",TRUE,FALSE,"Elsevier BV","Genetics in Medicine Open","2949-7744","2949-7744",NA,"2949-7744","http://creativecommons.org/licenses/by/4.0/",TRUE,"42405195","PMC13332460",NA,NA,TRUE,"els2026ie","02tyrky19_els2026ie_2026"
"University of Limerick",2026,NA,"10.1016/j.midw.2026.104835",TRUE,FALSE,"Elsevier BV","Midwifery","0266-6138","0266-6138",NA,"0266-6138","http://creativecommons.org/licenses/by/4.0/",TRUE,"42096725",NA,NA,NA,FALSE,"els2026ie","00a0n9e72_els2026ie_2026"
"Royal College of Surgeons in Ireland",2026,NA,"10.1016/j.drugpo.2026.105321",TRUE,FALSE,"Elsevier BV","International Journal of Drug Policy","0955-3959","0955-3959",NA,"0955-3959","http://creativecommons.org/licenses/by/4.0/",TRUE,"42107258",NA,NA,NA,FALSE,"els2026ie","01hxy9878_els2026ie_2026"
"Trinity College Dublin",2026,NA,"10.1016/j.imu.2026.101762",TRUE,FALSE,"Elsevier BV","Informatics in Medicine Unlocked","2352-9148","2352-9148",NA,"2352-9148","http://creativecommons.org/licenses/by/4.0/",TRUE,NA,NA,NA,NA,TRUE,"els2026ie","02tyrky19_els2026ie_2026"
"Royal College of Surgeons in Ireland",2026,NA,"10.1016/j.rpth.2026.106623",TRUE,FALSE,"Elsevier BV","Research and Practice in Thrombosis and Haemostasis","2475-0379","2475-0379",NA,"2475-0379","http://creativecommons.org/licenses/by/4.0/",TRUE,"42254459","PMC13240810",NA,NA,TRUE,"els2026ie","01hxy9878_els2026ie_2026"
"Munster Technological University",2026,NA,"10.1016/j.mtsust.2026.101368",TRUE,FALSE,"Elsevier BV","Materials Today Sustainability","2589-2347","2589-2347",NA,"2589-2347","http://creativecommons.org/licenses/by/4.0/",TRUE,NA,NA,NA,NA,TRUE,"els2026ie","013xpqh61_els2026ie_2026"
"Trinity College Dublin",2026,NA,"10.1016/j.rineng.2026.110820",TRUE,FALSE,"Elsevier BV","Results in Engineering","2590-1230","2590-1230",NA,"2590-1230","http://creativecommons.org/licenses/by/4.0/",TRUE,NA,NA,NA,NA,TRUE,"els2026ie","02tyrky19_els2026ie_2026"
"Royal College of Surgeons in Ireland",2026,NA,"10.1016/j.jseint.2026.101733",TRUE,FALSE,"Elsevier BV","JSES International","2666-6383","2666-6383",NA,"2666-6383","http://creativecommons.org/licenses/by/4.0/",TRUE,"42388261","PMC13321026",NA,NA,TRUE,"els2026ie","01hxy9878_els2026ie_2026"
"Dublin City University",2026,NA,"10.1016/j.rico.2026.100723",TRUE,FALSE,"Elsevier BV","Results in Control and Optimization","2666-7207","2666-7207",NA,"2666-7207","http://creativecommons.org/licenses/by/4.0/",TRUE,NA,NA,NA,NA,TRUE,"els2026ie","04a1a1e81_els2026ie_2026"
"Trinity College Dublin",2026,NA,"10.1016/j.bcp.2026.118007",TRUE,FALSE,"Elsevier BV","Biochemical Pharmacology","0006-2952","0006-2952",NA,"0006-2952","http://creativecommons.org/licenses/by/4.0/",TRUE,"42044812",NA,NA,NA,FALSE,"els2026ie","02tyrky19_els2026ie_2026"
"Trinity College Dublin",2026,NA,"10.1016/j.jue.2026.103859",TRUE,FALSE,"Elsevier BV","Journal of Urban Economics","0094-1190","0094-1190",NA,"0094-1190","http://creativecommons.org/licenses/by/4.0/",TRUE,NA,NA,NA,NA,FALSE,"els2026ie","02tyrky19_els2026ie_2026"
"Dublin City University",2026,NA,"10.1016/j.future.2026.108557",TRUE,FALSE,"Elsevier BV","Future Generation Computer Systems","0167-739X","0167-739X",NA,"0167-739X","http://creativecommons.org/licenses/by/4.0/",TRUE,NA,NA,NA,NA,FALSE,"els2026ie","04a1a1e81_els2026ie_2026"
"University of Limerick",2026,NA,"10.1016/j.cpr.2026.102744",TRUE,FALSE,"Elsevier BV","Clinical Psychology Review","0272-7358","0272-7358",NA,"0272-7358","http://creativecommons.org/licenses/by/4.0/",TRUE,"42119551",NA,NA,NA,FALSE,"els2026ie","00a0n9e72_els2026ie_2026"
"University College Dublin",2026,NA,"10.1016/j.smallrumres.2026.107775",TRUE,FALSE,"Elsevier BV","Small Ruminant Research","0921-4488","0921-4488",NA,"0921-4488","http://creativecommons.org/licenses/by/4.0/",TRUE,NA,NA,NA,NA,FALSE,"els2026ie","05m7pjf47_els2026ie_2026"
"University College Cork",2026,NA,"10.1016/j.prdoa.2026.100446",TRUE,FALSE,"Elsevier BV","Clinical Parkinsonism & Related Disorders","2590-1125","2590-1125",NA,"2590-1125","http://creativecommons.org/licenses/by/4.0/",TRUE,"42170062","PMC13188141",NA,NA,TRUE,"els2026ie","03265fv13_els2026ie_2026"
"Maynooth University",2026,NA,"10.1016/j.eprime.2026.201198",TRUE,FALSE,"Elsevier BV","e-Prime – Nexus of Electrical, Electronic, and Intelligent Engineering","3117-5112","3117-5112",NA,"3117-5112","http://creativecommons.org/licenses/by/4.0/",TRUE,NA,NA,NA,NA,FALSE,"els2026ie","048nfjm95_els2026ie_2026"
"University College Dublin",2026,NA,"10.1016/j.lwt.2026.119415",TRUE,FALSE,"Elsevier BV","LWT","0023-6438","0023-6438",NA,"0023-6438","http://creativecommons.org/licenses/by/4.0/",TRUE,NA,NA,NA,NA,TRUE,"els2026ie","05m7pjf47_els2026ie_2026"
"Technological University of the Shannon: Midlands Midwest",2026,NA,"10.1016/j.matdes.2026.116110",TRUE,FALSE,"Elsevier BV","Materials & Design","0264-1275","0264-1275",NA,"0264-1275","http://creativecommons.org/licenses/by/4.0/",TRUE,NA,NA,NA,NA,TRUE,"els2026ie","04efm0253_els2026ie_2026"
"Trinity College Dublin",2026,NA,"10.1016/j.ejim.2026.106923",TRUE,FALSE,"Elsevier BV","European Journal of Internal Medicine","0953-6205","0953-6205",NA,"0953-6205","http://creativecommons.org/licenses/by/4.0/",TRUE,"42070957",NA,NA,NA,FALSE,"els2026ie","02tyrky19_els2026ie_2026"
"Royal College of Surgeons in Ireland",2026,NA,"10.1016/j.jtv.2026.101004",TRUE,FALSE,"Elsevier BV","Journal of Tissue Viability","0965-206X","0965-206X",NA,"0965-206X","http://creativecommons.org/licenses/by/4.0/",TRUE,"42070550",NA,NA,NA,FALSE,"els2026ie","01hxy9878_els2026ie_2026"
"Trinity College Dublin",2026,NA,"10.1016/j.actbio.2026.04.051",TRUE,FALSE,"Elsevier BV","Acta Biomaterialia","1742-7061","1742-7061",NA,"1742-7061","http://creativecommons.org/licenses/by-nc/4.0/",TRUE,"42066933",NA,NA,NA,FALSE,"els2026ie","02tyrky19_els2026ie_2026"
"Royal College of Surgeons in Ireland",2026,NA,"10.1016/j.wneu.2026.125017",TRUE,FALSE,"Elsevier BV","World Neurosurgery","1878-8750","1878-8750",NA,"1878-8750","http://creativecommons.org/licenses/by/4.0/",TRUE,"42069214",NA,NA,NA,FALSE,"els2026ie","01hxy9878_els2026ie_2026"
"Technological University Dublin",2026,NA,"10.1016/j.mtcomm.2026.115230",TRUE,FALSE,"Elsevier BV","Materials Today Communications","2352-4928","2352-4928",NA,"2352-4928","http://creativecommons.org/licenses/by/4.0/",TRUE,NA,NA,NA,NA,FALSE,"els2026ie","04t0qbt32_els2026ie_2026"
"University of Limerick",2026,NA,"10.1016/j.xrrt.2026.100764",TRUE,FALSE,"Elsevier BV","JSES Reviews, Reports, and Techniques","2666-6391","2666-6391",NA,"2666-6391","http://creativecommons.org/licenses/by/4.0/",TRUE,"42305925","PMC13265995",NA,NA,TRUE,"els2026ie","00a0n9e72_els2026ie_2026"
"University College Cork",2026,NA,"10.1016/j.focha.2026.101314",TRUE,FALSE,"Elsevier BV","Food Chemistry Advances","2772-753X","2772-753X",NA,"2772-753X","http://creativecommons.org/licenses/by/4.0/",TRUE,NA,NA,NA,NA,TRUE,"els2026ie","03265fv13_els2026ie_2026"
"University of Galway",2026,NA,"10.1016/j.ijcard.2026.134525",TRUE,FALSE,"Elsevier BV","International Journal of Cardiology","0167-5273","0167-5273",NA,"0167-5273","http://creativecommons.org/licenses/by/4.0/",TRUE,"42044716",NA,NA,NA,FALSE,"els2026ie","03bea9k73_els2026ie_2026"
"University College Dublin",2026,NA,"10.1016/j.eti.2026.104957",TRUE,FALSE,"Elsevier BV","Environmental Technology & Innovation","2352-1864","2352-1864",NA,"2352-1864","http://creativecommons.org/licenses/by/4.0/",TRUE,NA,NA,NA,NA,TRUE,"els2026ie","05m7pjf47_els2026ie_2026"
"Royal College of Surgeons in Ireland",2026,NA,"10.1016/j.tcr.2026.101351",TRUE,FALSE,"Elsevier BV","Trauma & Case Reports","2352-6440","2352-6440",NA,"2352-6440","http://creativecommons.org/licenses/by/4.0/",TRUE,"42111052","PMC13153601",NA,NA,TRUE,"els2026ie","01hxy9878_els2026ie_2026"
"Maynooth University",2026,NA,"10.1016/j.ijepes.2026.111890",TRUE,FALSE,"Elsevier BV","International Journal of Electrical Power & Energy Systems","0142-0615","0142-0615",NA,"0142-0615","http://creativecommons.org/licenses/by/4.0/",TRUE,NA,NA,NA,NA,TRUE,"els2026ie","048nfjm95_els2026ie_2026"
"University College Cork",2026,NA,"10.1016/j.afres.2026.102062",TRUE,FALSE,"Elsevier BV","Applied Food Research","2772-5022","2772-5022",NA,"2772-5022","http://creativecommons.org/licenses/by/4.0/",TRUE,NA,NA,NA,NA,TRUE,"els2026ie","03265fv13_els2026ie_2026"
"Trinity College Dublin",2026,NA,"10.1016/j.jinf.2026.106755",TRUE,FALSE,"Elsevier BV","Journal of Infection","0163-4453","0163-4453",NA,"0163-4453","http://creativecommons.org/licenses/by/4.0/",TRUE,"42049140",NA,NA,NA,FALSE,"els2026ie","02tyrky19_els2026ie_2026"
"University of Galway",2026,NA,"10.1016/j.cmpb.2026.109404",TRUE,FALSE,"Elsevier BV","Computer Methods and Programs in Biomedicine","0169-2607","0169-2607",NA,"0169-2607","http://creativecommons.org/licenses/by/4.0/",TRUE,"42066381",NA,NA,NA,FALSE,"els2026ie","03bea9k73_els2026ie_2026"
"Dublin City University",2026,NA,"10.1016/j.jer.2026.04.030",TRUE,FALSE,"Elsevier BV","Journal of Engineering Research","2307-1877","2307-1877",NA,"2307-1877","http://creativecommons.org/licenses/by/4.0/",TRUE,NA,NA,NA,NA,TRUE,"els2026ie","04a1a1e81_els2026ie_2026"
"Atlantic Technological University",2026,NA,"10.1016/j.srs.2026.100438",TRUE,FALSE,"Elsevier BV","Science of Remote Sensing","2666-0172","2666-0172",NA,"2666-0172","http://creativecommons.org/licenses/by/4.0/",TRUE,NA,NA,NA,NA,TRUE,"els2026ie","0458dap48_els2026ie_2026"
"University College Cork",2026,NA,"10.1016/j.ultsonch.2026.107863",TRUE,FALSE,"Elsevier BV","Ultrasonics Sonochemistry","1350-4177","1350-4177",NA,"1350-4177","http://creativecommons.org/licenses/by/4.0/",TRUE,"42127525","PMC13195769",NA,NA,TRUE,"els2026ie","03265fv13_els2026ie_2026"
"University of Limerick",2026,NA,"10.1016/j.compositesb.2026.113700",TRUE,FALSE,"Elsevier BV","Composites Part B: Engineering","1359-8368","1359-8368",NA,"1359-8368","http://creativecommons.org/licenses/by/4.0/",TRUE,NA,NA,NA,NA,FALSE,"els2026ie","00a0n9e72_els2026ie_2026"
"Royal College of Surgeons in Ireland",2026,NA,"10.1016/j.artd.2026.102048",TRUE,FALSE,"Elsevier BV","Arthroplasty Today","2352-3441","2352-3441",NA,"2352-3441","http://creativecommons.org/licenses/by/4.0/",TRUE,"42292315","PMC13264190",NA,NA,TRUE,"els2026ie","01hxy9878_els2026ie_2026"
"University College Dublin",2026,NA,"10.3168/jds.2025-27732",TRUE,FALSE,"American Dairy Science Association","Journal of Dairy Science","0022-0302","0022-0302",NA,"0022-0302","http://creativecommons.org/licenses/by/4.0/",TRUE,"42019608",NA,NA,NA,TRUE,"els2026ie","05m7pjf47_els2026ie_2026"
"Trinity College Dublin",2026,NA,"10.1016/j.landusepol.2026.108077",TRUE,FALSE,"Elsevier BV","Land Use Policy","0264-8377","0264-8377",NA,"0264-8377","http://creativecommons.org/licenses/by/4.0/",TRUE,NA,NA,NA,NA,FALSE,"els2026ie","02tyrky19_els2026ie_2026"
"University College Dublin",2026,NA,"10.1016/j.biortech.2026.134709",TRUE,FALSE,"Elsevier BV","Bioresource Technology","0960-8524","0960-8524",NA,"0960-8524","http://creativecommons.org/licenses/by/4.0/",TRUE,"42034293",NA,NA,NA,FALSE,"els2026ie","05m7pjf47_els2026ie_2026"
"University College Cork",2026,NA,"10.1016/j.jand.2026.156367",TRUE,FALSE,"Elsevier BV","Journal of the Academy of Nutrition and Dietetics","2212-2672","2212-2672",NA,"2212-2672","http://creativecommons.org/licenses/by/4.0/",TRUE,"42044743",NA,NA,NA,FALSE,"els2026ie","03265fv13_els2026ie_2026"
"University College Dublin",2026,NA,"10.1016/j.surfin.2026.109372",TRUE,FALSE,"Elsevier BV","Surfaces and Interfaces","2468-0230","2468-0230",NA,"2468-0230","http://creativecommons.org/licenses/by/4.0/",TRUE,NA,NA,NA,NA,FALSE,"els2026ie","05m7pjf47_els2026ie_2026"
"University College Cork",2026,NA,"10.1016/j.eclinm.2026.103968",TRUE,FALSE,"Elsevier BV","EClinicalMedicine","2589-5370","2589-5370",NA,"2589-5370","http://creativecommons.org/licenses/by/4.0/",TRUE,"42163973","PMC13186082",NA,NA,TRUE,"els2026ie","03265fv13_els2026ie_2026"
"Dublin City University",2026,NA,"10.1016/j.apsadv.2026.100995",TRUE,FALSE,"Elsevier BV","Applied Surface Science Advances","2666-5239","2666-5239",NA,"2666-5239","http://creativecommons.org/licenses/by/4.0/",TRUE,NA,NA,NA,NA,TRUE,"els2026ie","04a1a1e81_els2026ie_2026"
"University of Galway",2026,NA,"10.1016/j.combustflame.2026.115015",TRUE,FALSE,"Elsevier BV","Combustion and Flame","0010-2180","0010-2180",NA,"0010-2180","http://creativecommons.org/licenses/by-nc/4.0/",TRUE,NA,NA,NA,NA,FALSE,"els2026ie","03bea9k73_els2026ie_2026"
"University College Cork",2026,NA,"10.1016/j.optlastec.2026.115393",TRUE,FALSE,"Elsevier BV","Optics & Laser Technology","0030-3992","0030-3992",NA,"0030-3992","http://creativecommons.org/licenses/by/4.0/",TRUE,NA,NA,NA,NA,FALSE,"els2026ie","03265fv13_els2026ie_2026"
"Royal College of Surgeons in Ireland",2026,NA,"10.1016/j.scitotenv.2026.181817",TRUE,FALSE,"Elsevier BV","Science of The Total Environment","0048-9697","0048-9697",NA,"0048-9697","http://creativecommons.org/licenses/by/4.0/",TRUE,"42066486",NA,NA,NA,FALSE,"els2026ie","01hxy9878_els2026ie_2026"
"University College Dublin",2026,NA,"10.1016/j.jevs.2026.105910",TRUE,FALSE,"Elsevier BV","Journal of Equine Veterinary Science","0737-0806","0737-0806",NA,"0737-0806","http://creativecommons.org/licenses/by/4.0/",TRUE,"42025859",NA,NA,NA,FALSE,"els2026ie","05m7pjf47_els2026ie_2026"
"Dublin City University",2026,NA,"10.1016/j.pedn.2026.04.019",TRUE,FALSE,"Elsevier BV","Journal of Pediatric Nursing","0882-5963","0882-5963",NA,"0882-5963","http://creativecommons.org/licenses/by/4.0/",TRUE,"42060957",NA,NA,NA,FALSE,"els2026ie","04a1a1e81_els2026ie_2026"
"University College Cork",2026,NA,"10.1016/j.tifs.2026.105760",TRUE,FALSE,"Elsevier BV","Trends in Food Science & Technology","0924-2244","0924-2244",NA,"0924-2244","http://creativecommons.org/licenses/by/4.0/",TRUE,NA,NA,NA,NA,FALSE,"els2026ie","03265fv13_els2026ie_2026"
"University College Dublin",2026,NA,"10.1016/j.foodcont.2026.112235",TRUE,FALSE,"Elsevier BV","Food Control","0956-7135","0956-7135",NA,"0956-7135","http://creativecommons.org/licenses/by/4.0/",TRUE,NA,NA,NA,NA,FALSE,"els2026ie","05m7pjf47_els2026ie_2026"
"Royal College of Surgeons in Ireland",2026,NA,"10.1016/j.jtv.2026.101002",TRUE,FALSE,"Elsevier BV","Journal of Tissue Viability","0965-206X","0965-206X",NA,"0965-206X","http://creativecommons.org/licenses/by/4.0/",TRUE,"42061336",NA,NA,NA,FALSE,"els2026ie","01hxy9878_els2026ie_2026"
"Trinity College Dublin",2026,NA,"10.1016/j.clsr.2026.106332",TRUE,FALSE,"Elsevier BV","Computer Law & Security Review","2212-473X","2212-473X",NA,"2212-473X","http://creativecommons.org/licenses/by/4.0/",TRUE,NA,NA,NA,NA,FALSE,"els2026ie","02tyrky19_els2026ie_2026"
"Trinity College Dublin",2026,NA,"10.1016/j.nbsj.2026.100335",TRUE,FALSE,"Elsevier BV","Nature-Based Solutions","2772-4115","2772-4115",NA,"2772-4115","http://creativecommons.org/licenses/by/4.0/",TRUE,NA,NA,NA,NA,TRUE,"els2026ie","02tyrky19_els2026ie_2026"
"Trinity College Dublin",2026,NA,"10.1016/j.optlastec.2026.115373",TRUE,FALSE,"Elsevier BV","Optics & Laser Technology","0030-3992","0030-3992",NA,"0030-3992","http://creativecommons.org/licenses/by/4.0/",TRUE,NA,NA,NA,NA,FALSE,"els2026ie","02tyrky19_els2026ie_2026"
"Maynooth University",2026,NA,"10.1016/j.ipm.2026.104840",TRUE,FALSE,"Elsevier BV","Information Processing & Management","0306-4573","0306-4573",NA,"0306-4573","http://creativecommons.org/licenses/by/4.0/",TRUE,NA,NA,NA,NA,FALSE,"els2026ie","048nfjm95_els2026ie_2026"
"Trinity College Dublin",2026,NA,"10.1016/j.csl.2026.101990",TRUE,FALSE,"Elsevier BV","Computer Speech & Language","0885-2308","0885-2308",NA,"0885-2308","http://creativecommons.org/licenses/by-nc/4.0/",TRUE,NA,NA,NA,NA,FALSE,"els2026ie","02tyrky19_els2026ie_2026"
"University of Galway",2026,NA,"10.1016/j.jclinepi.2026.112272",TRUE,FALSE,"Elsevier BV","Journal of Clinical Epidemiology","0895-4356","0895-4356",NA,"0895-4356","http://creativecommons.org/licenses/by/4.0/",TRUE,"42019637",NA,NA,NA,FALSE,"els2026ie","03bea9k73_els2026ie_2026"
"Atlantic Technological University",2026,NA,"10.1016/j.chaos.2026.118337",TRUE,FALSE,"Elsevier BV","Chaos, Solitons & Fractals","0960-0779","0960-0779",NA,"0960-0779","http://creativecommons.org/licenses/by/4.0/",TRUE,NA,NA,NA,NA,FALSE,"els2026ie","0458dap48_els2026ie_2026"
"University College Dublin",2026,NA,"10.1016/j.ffa.2026.102836",TRUE,FALSE,"Elsevier BV","Finite Fields and Their Applications","1071-5797","1071-5797",NA,"1071-5797","http://creativecommons.org/licenses/by/4.0/",TRUE,NA,NA,NA,NA,FALSE,"els2026ie","05m7pjf47_els2026ie_2026"
"Trinity College Dublin",2026,NA,"10.1016/j.clsr.2026.106315",TRUE,FALSE,"Elsevier BV","Computer Law & Security Review","2212-473X","2212-473X",NA,"2212-473X","http://creativecommons.org/licenses/by/4.0/",TRUE,NA,NA,NA,NA,FALSE,"els2026ie","02tyrky19_els2026ie_2026"
"Trinity College Dublin",2026,NA,"10.1016/j.tipsro.2026.100403",TRUE,FALSE,"Elsevier BV","Technical Innovations & Patient Support in Radiation Oncology","2405-6324","2405-6324",NA,"2405-6324","http://creativecommons.org/licenses/by/4.0/",TRUE,"42057770","PMC13122818",NA,NA,TRUE,"els2026ie","02tyrky19_els2026ie_2026"
"University College Dublin",2026,NA,"10.1016/j.talanta.2026.129864",TRUE,FALSE,"Elsevier BV","Talanta","0039-9140","0039-9140",NA,"0039-9140","http://creativecommons.org/licenses/by/4.0/",TRUE,"42019285",NA,NA,NA,FALSE,"els2026ie","05m7pjf47_els2026ie_2026"
"University of Galway",2026,NA,"10.1016/j.toxcx.2026.100256",TRUE,FALSE,"Elsevier BV","Toxicon: X","2590-1710","2590-1710",NA,"2590-1710","http://creativecommons.org/licenses/by/4.0/",TRUE,"42088787","PMC13138031",NA,NA,TRUE,"els2026ie","03bea9k73_els2026ie_2026"
"University College Cork",2026,NA,"10.1016/j.rcradv.2026.200340",TRUE,FALSE,"Elsevier BV","Resources, Conservation & Recycling Advances","2667-3789","2667-3789",NA,"2667-3789","http://creativecommons.org/licenses/by/4.0/",TRUE,NA,NA,NA,NA,TRUE,"els2026ie","03265fv13_els2026ie_2026"
"University College Dublin",2026,NA,"10.1016/j.atech.2026.102129",TRUE,FALSE,"Elsevier BV","Smart Agricultural Technology","2772-3755","2772-3755",NA,"2772-3755","http://creativecommons.org/licenses/by/4.0/",TRUE,NA,NA,NA,NA,TRUE,"els2026ie","05m7pjf47_els2026ie_2026"
"Maynooth University",2026,NA,"10.1016/j.jhg.2026.04.001",TRUE,FALSE,"Elsevier BV","Journal of Historical Geography","0305-7488","0305-7488",NA,"0305-7488","http://creativecommons.org/licenses/by/4.0/",TRUE,NA,NA,NA,NA,FALSE,"els2026ie","048nfjm95_els2026ie_2026"
"Technological University Dublin",2026,NA,"10.1016/j.saa.2026.127923",TRUE,FALSE,"Elsevier BV","Spectrochimica Acta Part A: Molecular and Biomolecular Spectroscopy","1386-1425","1386-1425",NA,"1386-1425","http://creativecommons.org/licenses/by/4.0/",TRUE,"42013739",NA,NA,NA,FALSE,"els2026ie","04t0qbt32_els2026ie_2026"
"University College Dublin",2026,NA,"10.1016/j.jmapro.2026.04.049",TRUE,FALSE,"Elsevier BV","Journal of Manufacturing Processes","1526-6125","1526-6125",NA,"1526-6125","http://creativecommons.org/licenses/by/4.0/",TRUE,NA,NA,NA,NA,FALSE,"els2026ie","05m7pjf47_els2026ie_2026"
"University of Galway",2026,NA,"10.1016/j.scr.2026.103995",TRUE,FALSE,"Elsevier BV","Stem Cell Research","1873-5061","1873-5061",NA,"1873-5061","http://creativecommons.org/licenses/by/4.0/",TRUE,"42048683",NA,NA,NA,TRUE,"els2026ie","03bea9k73_els2026ie_2026"
"Trinity College Dublin",2026,NA,"10.1016/j.jmir.2026.102398",TRUE,FALSE,"Elsevier BV","Journal of Medical Imaging and Radiation Sciences","1939-8654","1939-8654",NA,"1876-7982","http://creativecommons.org/licenses/by/4.0/",TRUE,"42114399",NA,NA,NA,FALSE,"els2026ie","02tyrky19_els2026ie_2026"
"Munster Technological University",2026,NA,"10.1016/j.heliyon.2026.e44954",TRUE,FALSE,"Elsevier BV","Heliyon","2405-8440","2405-8440",NA,"2405-8440","http://creativecommons.org/licenses/by/4.0/",TRUE,NA,NA,NA,NA,TRUE,"els2026ie","013xpqh61_els2026ie_2026"
"University of Galway",2026,NA,"10.1016/j.rineng.2026.110572",TRUE,FALSE,"Elsevier BV","Results in Engineering","2590-1230","2590-1230",NA,"2590-1230","http://creativecommons.org/licenses/by/4.0/",TRUE,NA,NA,NA,NA,TRUE,"els2026ie","03bea9k73_els2026ie_2026"
"University of Limerick",2026,NA,"10.1016/j.ces.2026.124032",TRUE,FALSE,"Elsevier BV","Chemical Engineering Science","0009-2509","0009-2509",NA,"0009-2509","http://creativecommons.org/licenses/by/4.0/",TRUE,NA,NA,NA,NA,FALSE,"els2026ie","00a0n9e72_els2026ie_2026"
"University College Dublin",2026,NA,"10.1016/j.compfluid.2026.107080",TRUE,FALSE,"Elsevier BV","Computers & Fluids","0045-7930","0045-7930",NA,"0045-7930","http://creativecommons.org/licenses/by/4.0/",TRUE,NA,NA,NA,NA,FALSE,"els2026ie","05m7pjf47_els2026ie_2026"
"Trinity College Dublin",2026,NA,"10.1016/j.matdes.2026.116042",TRUE,FALSE,"Elsevier BV","Materials & Design","0264-1275","0264-1275",NA,"0264-1275","http://creativecommons.org/licenses/by/4.0/",TRUE,NA,NA,NA,NA,TRUE,"els2026ie","02tyrky19_els2026ie_2026"
"University of Limerick",2026,NA,"10.1016/j.socscimed.2026.119293",TRUE,FALSE,"Elsevier BV","Social Science & Medicine","0277-9536","0277-9536",NA,"0277-9536","http://creativecommons.org/licenses/by/4.0/",TRUE,"42024973",NA,NA,NA,FALSE,"els2026ie","00a0n9e72_els2026ie_2026"
"Dublin City University",2026,NA,"10.1016/j.socscimed.2026.119301",TRUE,FALSE,"Elsevier BV","Social Science & Medicine","0277-9536","0277-9536",NA,"0277-9536","http://creativecommons.org/licenses/by-nc-nd/4.0/",TRUE,"42019406",NA,NA,NA,FALSE,"els2026ie","04a1a1e81_els2026ie_2026"
"University College Cork",2026,NA,"10.1016/j.epsr.2026.113108",TRUE,FALSE,"Elsevier BV","Electric Power Systems Research","0378-7796","0378-7796",NA,"0378-7796","http://creativecommons.org/licenses/by-nc/4.0/",TRUE,NA,NA,NA,NA,FALSE,"els2026ie","03265fv13_els2026ie_2026"
"University of Galway",2026,NA,"10.1016/j.jmrt.2026.04.089",TRUE,FALSE,"Elsevier BV","Journal of Materials Research and Technology","2238-7854","2238-7854",NA,"2238-7854","http://creativecommons.org/licenses/by/4.0/",TRUE,NA,NA,NA,NA,TRUE,"els2026ie","03bea9k73_els2026ie_2026"
"University of Galway",2026,NA,"10.1016/j.bonr.2026.101915",TRUE,FALSE,"Elsevier BV","Bone Reports","2352-1872","2352-1872",NA,"2352-1872","http://creativecommons.org/licenses/by/4.0/",TRUE,"42027593","PMC13101557",NA,NA,TRUE,"els2026ie","03bea9k73_els2026ie_2026"
"University College Cork",2026,NA,"10.1016/j.caeo.2026.100367",TRUE,FALSE,"Elsevier BV","Computers and Education Open","2666-5573","2666-5573",NA,"2666-5573","http://creativecommons.org/licenses/by/4.0/",TRUE,NA,NA,NA,NA,TRUE,"els2026ie","03265fv13_els2026ie_2026"
"University College Dublin",2026,NA,"10.1016/j.crmeth.2026.101454",TRUE,FALSE,"Elsevier BV","Cell Reports Methods","2667-2375","2667-2375",NA,"2667-2375","http://creativecommons.org/licenses/by/4.0/",TRUE,"42119558","PMC13282655",NA,NA,TRUE,"els2026ie","05m7pjf47_els2026ie_2026"
"University of Galway",2026,NA,"10.1016/j.yexmp.2026.105045",TRUE,FALSE,"Elsevier BV","Experimental and Molecular Pathology","0014-4800","0014-4800",NA,"0014-4800","http://creativecommons.org/licenses/by/4.0/",TRUE,"42000400",NA,NA,NA,FALSE,"els2026ie","03bea9k73_els2026ie_2026"
"University College Dublin",2026,NA,"10.1016/j.oceaneng.2026.125627",TRUE,FALSE,"Elsevier BV","Ocean Engineering","0029-8018","0029-8018",NA,"0029-8018","http://creativecommons.org/licenses/by/4.0/",TRUE,NA,NA,NA,NA,FALSE,"els2026ie","05m7pjf47_els2026ie_2026"
"Technological University Dublin",2026,NA,"10.1016/j.scitotenv.2026.181797",TRUE,FALSE,"Elsevier BV","Science of The Total Environment","0048-9697","0048-9697",NA,"0048-9697","http://creativecommons.org/licenses/by/4.0/",TRUE,"42000637",NA,NA,NA,FALSE,"els2026ie","04t0qbt32_els2026ie_2026"
"Trinity College Dublin",2026,NA,"10.1016/j.biomaterials.2026.124216",TRUE,FALSE,"Elsevier BV","Biomaterials","0142-9612","0142-9612",NA,"0142-9612","http://creativecommons.org/licenses/by/4.0/",TRUE,"42001539",NA,NA,NA,FALSE,"els2026ie","02tyrky19_els2026ie_2026"
"Maynooth University",2026,NA,"10.1016/j.ijchp.2026.100686",TRUE,FALSE,"Elsevier BV","International Journal of Clinical and Health Psychology","1697-2600","1697-2600",NA,"1697-2600","http://creativecommons.org/licenses/by/4.0/",TRUE,"42058151","PMC13123360",NA,NA,TRUE,"els2026ie","048nfjm95_els2026ie_2026"
"University College Dublin",2026,NA,"10.1016/j.egyr.2026.109339",TRUE,FALSE,"Elsevier BV","Energy Reports","2352-4847","2352-4847",NA,"2352-4847","http://creativecommons.org/licenses/by/4.0/",TRUE,NA,NA,NA,NA,TRUE,"els2026ie","05m7pjf47_els2026ie_2026"
"University of Galway",2026,NA,"10.1016/j.jacasi.2026.03.023",TRUE,FALSE,"Elsevier BV","JACC: Asia","2772-3747","2772-3747",NA,"2772-3747","http://creativecommons.org/licenses/by/4.0/",TRUE,"42142096","PMC13350794",NA,NA,TRUE,"els2026ie","03bea9k73_els2026ie_2026"
"University of Galway",2026,NA,"10.1016/j.ins.2026.123517",TRUE,FALSE,"Elsevier BV","Information Sciences","0020-0255","0020-0255",NA,"0020-0255","http://creativecommons.org/licenses/by/4.0/",TRUE,NA,NA,NA,NA,FALSE,"els2026ie","03bea9k73_els2026ie_2026"
"Royal College of Surgeons in Ireland",2026,NA,"10.1016/j.neuropharm.2026.110973",TRUE,FALSE,"Elsevier BV","Neuropharmacology","0028-3908","0028-3908",NA,"0028-3908","http://creativecommons.org/licenses/by/4.0/",TRUE,"41990969",NA,NA,NA,FALSE,"els2026ie","01hxy9878_els2026ie_2026"
"University College Cork",2026,NA,"10.1016/j.optlastec.2026.115297",TRUE,FALSE,"Elsevier BV","Optics & Laser Technology","0030-3992","0030-3992",NA,"0030-3992","http://creativecommons.org/licenses/by/4.0/",TRUE,NA,NA,NA,NA,FALSE,"els2026ie","03265fv13_els2026ie_2026"
"University College Dublin",2026,NA,"10.1016/j.socscimed.2026.119253",TRUE,FALSE,"Elsevier BV","Social Science & Medicine","0277-9536","0277-9536",NA,"0277-9536","http://creativecommons.org/licenses/by/4.0/",TRUE,"42001800",NA,NA,NA,FALSE,"els2026ie","05m7pjf47_els2026ie_2026"
"Royal College of Surgeons in Ireland",2026,NA,"10.1016/j.neuroscience.2026.04.007",TRUE,FALSE,"Elsevier BV","Neuroscience","0306-4522","0306-4522",NA,"0306-4522","http://creativecommons.org/licenses/by/4.0/",TRUE,"42002068",NA,NA,NA,FALSE,"els2026ie","01hxy9878_els2026ie_2026"
"University College Dublin",2026,NA,"10.1016/j.ecosys.2026.101390",TRUE,FALSE,"Elsevier BV","Economic Systems","0939-3625","0939-3625",NA,"0939-3625","http://creativecommons.org/licenses/by/4.0/",TRUE,NA,NA,NA,NA,FALSE,"els2026ie","05m7pjf47_els2026ie_2026"
"Trinity College Dublin",2026,NA,"10.1016/j.asoc.2026.115245",TRUE,FALSE,"Elsevier BV","Applied Soft Computing","1568-4946","1568-4946",NA,"1568-4946","http://creativecommons.org/licenses/by/4.0/",TRUE,NA,NA,NA,NA,FALSE,"els2026ie","02tyrky19_els2026ie_2026"
"Munster Technological University",2026,NA,"10.1016/j.erss.2026.104705",TRUE,FALSE,"Elsevier BV","Energy Research & Social Science","2214-6296","2214-6296",NA,"2214-6296","http://creativecommons.org/licenses/by/4.0/",TRUE,NA,NA,NA,NA,FALSE,"els2026ie","013xpqh61_els2026ie_2026"
"Royal College of Surgeons in Ireland",2026,NA,"10.1016/j.infpip.2026.100541",TRUE,FALSE,"Elsevier BV","Infection Prevention in Practice","2590-0889","2590-0889",NA,"2590-0889","http://creativecommons.org/licenses/by/4.0/",TRUE,"42169718","PMC13187587",NA,NA,TRUE,"els2026ie","01hxy9878_els2026ie_2026"
"Trinity College Dublin",2026,NA,"10.1016/j.xcrm.2026.102792",TRUE,FALSE,"Elsevier BV","Cell Reports Medicine","2666-3791","2666-3791",NA,"2666-3791","http://creativecommons.org/licenses/by/4.0/",TRUE,"42102824","PMC13293971",NA,NA,TRUE,"els2026ie","02tyrky19_els2026ie_2026"
"University of Limerick",2026,NA,"10.1016/j.actpsy.2026.106811",TRUE,FALSE,"Elsevier BV","Acta Psychologica","0001-6918","0001-6918",NA,"0001-6918","http://creativecommons.org/licenses/by/4.0/",TRUE,"41997071",NA,NA,NA,TRUE,"els2026ie","00a0n9e72_els2026ie_2026"
"University of Galway",2026,NA,"10.1016/j.cmpb.2026.109361",TRUE,FALSE,"Elsevier BV","Computer Methods and Programs in Biomedicine","0169-2607","0169-2607",NA,"0169-2607","http://creativecommons.org/licenses/by/4.0/",TRUE,"42001655",NA,NA,NA,FALSE,"els2026ie","03bea9k73_els2026ie_2026"
"University College Dublin",2026,NA,"10.1016/j.jenvman.2026.129699",TRUE,FALSE,"Elsevier BV","Journal of Environmental Management","0301-4797","0301-4797",NA,"0301-4797","http://creativecommons.org/licenses/by/4.0/",TRUE,"41990669",NA,NA,NA,FALSE,"els2026ie","05m7pjf47_els2026ie_2026"
"University College Dublin",2026,NA,"10.1016/j.colsurfa.2026.140473",TRUE,FALSE,"Elsevier BV","Colloids and Surfaces A: Physicochemical and Engineering Aspects","0927-7757","0927-7757",NA,"0927-7757","http://creativecommons.org/licenses/by/4.0/",TRUE,NA,NA,NA,NA,FALSE,"els2026ie","05m7pjf47_els2026ie_2026"
"Trinity College Dublin",2026,NA,"10.1016/j.renene.2026.125777",TRUE,FALSE,"Elsevier BV","Renewable Energy","0960-1481","0960-1481",NA,"0960-1481","http://creativecommons.org/licenses/by/4.0/",TRUE,NA,NA,NA,NA,FALSE,"els2026ie","02tyrky19_els2026ie_2026"
"University College Cork",2026,NA,"10.1016/j.renene.2026.125787",TRUE,FALSE,"Elsevier BV","Renewable Energy","0960-1481","0960-1481",NA,"0960-1481","http://creativecommons.org/licenses/by/4.0/",TRUE,NA,NA,NA,NA,FALSE,"els2026ie","03265fv13_els2026ie_2026"
"Trinity College Dublin",2026,NA,"10.1016/j.jcpo.2026.100739",TRUE,FALSE,"Elsevier BV","Journal of Cancer Policy","2213-5383","2213-5383",NA,"2213-5383","http://creativecommons.org/licenses/by/4.0/",TRUE,"41985714",NA,NA,NA,FALSE,"els2026ie","02tyrky19_els2026ie_2026"
"University College Cork",2026,NA,"10.1016/j.est.2026.122180",TRUE,FALSE,"Elsevier BV","Journal of Energy Storage","2352-152X","2352-152X",NA,"2352-152X","http://creativecommons.org/licenses/by/4.0/",TRUE,NA,NA,NA,NA,FALSE,"els2026ie","03265fv13_els2026ie_2026"
"Atlantic Technological University",2026,NA,"10.1016/j.array.2026.100813",TRUE,FALSE,"Elsevier BV","Array","2590-0056","2590-0056",NA,"2590-0056","http://creativecommons.org/licenses/by/4.0/",TRUE,NA,NA,NA,NA,TRUE,"els2026ie","0458dap48_els2026ie_2026"
"University College Dublin",2026,NA,"10.1016/j.afres.2026.102012",TRUE,FALSE,"Elsevier BV","Applied Food Research","2772-5022","2772-5022",NA,"2772-5022","http://creativecommons.org/licenses/by/4.0/",TRUE,NA,NA,NA,NA,TRUE,"els2026ie","05m7pjf47_els2026ie_2026"
"Maynooth University",2026,NA,"10.1016/j.ecmx.2026.101855",TRUE,FALSE,"Elsevier BV","Energy Conversion and Management: X","2590-1745","2590-1745",NA,"2590-1745","http://creativecommons.org/licenses/by/4.0/",TRUE,NA,NA,NA,NA,TRUE,"els2026ie","048nfjm95_els2026ie_2026"
"University College Cork",2026,NA,"10.1016/j.jbusres.2026.116216",TRUE,FALSE,"Elsevier BV","Journal of Business Research","0148-2963","0148-2963",NA,"0148-2963","http://creativecommons.org/licenses/by-nc-nd/4.0/",TRUE,NA,NA,NA,NA,FALSE,"els2026ie","03265fv13_els2026ie_2026"
"University College Cork",2026,NA,"10.1016/j.jad.2026.121742",TRUE,FALSE,"Elsevier BV","Journal of Affective Disorders","0165-0327","0165-0327",NA,"0165-0327","http://creativecommons.org/licenses/by/4.0/",TRUE,"41936983",NA,NA,NA,FALSE,"els2026ie","03265fv13_els2026ie_2026"
"University College Cork",2026,NA,"10.1016/j.tjnut.2026.101531",TRUE,FALSE,"Elsevier BV","Journal of Nutrition","0022-3166","0022-3166",NA,"0022-3166","http://creativecommons.org/licenses/by/4.0/",TRUE,"42000045",NA,NA,NA,FALSE,"els2026ie","03265fv13_els2026ie_2026"
"University College Cork",2026,NA,"10.1016/j.fm.2026.105117",TRUE,FALSE,"Elsevier BV","Food Microbiology","0740-0020","0740-0020",NA,"0740-0020","http://creativecommons.org/licenses/by/4.0/",TRUE,"42215197",NA,NA,NA,FALSE,"els2026ie","03265fv13_els2026ie_2026"
"Trinity College Dublin",2026,NA,"10.1016/j.srhc.2026.101214",TRUE,FALSE,"Elsevier BV","Sexual & Reproductive Healthcare","1877-5756","1877-5756",NA,"1877-5756","http://creativecommons.org/licenses/by/4.0/",TRUE,"41980467",NA,NA,NA,FALSE,"els2026ie","02tyrky19_els2026ie_2026"
"University College Dublin",2026,NA,"10.1016/j.ecmx.2026.101849",TRUE,FALSE,"Elsevier BV","Energy Conversion and Management: X","2590-1745","2590-1745",NA,"2590-1745","http://creativecommons.org/licenses/by/4.0/",TRUE,NA,NA,NA,NA,TRUE,"els2026ie","05m7pjf47_els2026ie_2026"
"University College Cork",2026,NA,"10.1016/j.jafr.2026.102894",TRUE,FALSE,"Elsevier BV","Journal of Agriculture and Food Research","2666-1543","2666-1543",NA,"2666-1543","http://creativecommons.org/licenses/by/4.0/",TRUE,NA,NA,NA,NA,TRUE,"els2026ie","03265fv13_els2026ie_2026"
"University of Limerick",2026,NA,"10.1016/j.ceja.2026.101194",TRUE,FALSE,"Elsevier BV","Chemical Engineering Journal Advances","2666-8211","2666-8211",NA,"2666-8211","http://creativecommons.org/licenses/by/4.0/",TRUE,NA,NA,NA,NA,TRUE,"els2026ie","00a0n9e72_els2026ie_2026"
"Munster Technological University",2026,NA,"10.1016/j.enconman.2026.121479",TRUE,FALSE,"Elsevier BV","Energy Conversion and Management","0196-8904","0196-8904",NA,"0196-8904","http://creativecommons.org/licenses/by/4.0/",TRUE,NA,NA,NA,NA,FALSE,"els2026ie","013xpqh61_els2026ie_2026"
"Trinity College Dublin",2026,NA,"10.1016/j.vaccine.2026.128541",TRUE,FALSE,"Elsevier BV","Vaccine","0264-410X","0264-410X",NA,"0264-410X","http://creativecommons.org/licenses/by/4.0/",TRUE,"41934686",NA,NA,NA,FALSE,"els2026ie","02tyrky19_els2026ie_2026"
"University of Galway",2026,NA,"10.1016/j.ijhydene.2026.154934",TRUE,FALSE,"Elsevier BV","International Journal of Hydrogen Energy","0360-3199","0360-3199",NA,"0360-3199","http://creativecommons.org/licenses/by/4.0/",TRUE,NA,NA,NA,NA,FALSE,"els2026ie","03bea9k73_els2026ie_2026"
"Atlantic Technological University",2026,NA,"10.1016/j.ijft.2026.101617",TRUE,FALSE,"Elsevier BV","International Journal of Thermofluids","2666-2027","2666-2027",NA,"2666-2027","http://creativecommons.org/licenses/by/4.0/",TRUE,NA,NA,NA,NA,TRUE,"els2026ie","0458dap48_els2026ie_2026"
"Dublin City University",2026,NA,"10.1016/j.jclepro.2026.148231",TRUE,FALSE,"Elsevier BV","Journal of Cleaner Production","0959-6526","0959-6526",NA,"0959-6526","http://creativecommons.org/licenses/by/4.0/",TRUE,NA,NA,NA,NA,FALSE,"els2026ie","04a1a1e81_els2026ie_2026"
"University College Dublin",2026,NA,"10.1016/j.enconman.2026.121461",TRUE,FALSE,"Elsevier BV","Energy Conversion and Management","0196-8904","0196-8904",NA,"0196-8904","http://creativecommons.org/licenses/by/4.0/",TRUE,NA,NA,NA,NA,FALSE,"els2026ie","05m7pjf47_els2026ie_2026"
"University of Limerick",2026,NA,"10.1016/j.camwa.2026.04.001",TRUE,FALSE,"Elsevier BV","Computers & Mathematics with Applications","0898-1221","0898-1221",NA,"0898-1221","http://creativecommons.org/licenses/by/4.0/",TRUE,NA,NA,NA,NA,FALSE,"els2026ie","00a0n9e72_els2026ie_2026"
"University College Dublin",2026,NA,"10.1016/j.marstruc.2026.104096",TRUE,FALSE,"Elsevier BV","Marine Structures","0951-8339","0951-8339",NA,"0951-8339","http://creativecommons.org/licenses/by/4.0/",TRUE,NA,NA,NA,NA,FALSE,"els2026ie","05m7pjf47_els2026ie_2026"
"Dublin City University",2026,NA,"10.1016/j.jsr.2026.04.003",TRUE,FALSE,"Elsevier BV","Journal of Safety Research","0022-4375","0022-4375",NA,"0022-4375","http://creativecommons.org/licenses/by/4.0/",TRUE,"42297522",NA,NA,NA,FALSE,"els2026ie","04a1a1e81_els2026ie_2026"
"Trinity College Dublin",2026,NA,"10.1016/j.compag.2026.111582",TRUE,FALSE,"Elsevier BV","Computers and Electronics in Agriculture","0168-1699","0168-1699",NA,"0168-1699","http://creativecommons.org/licenses/by/4.0/",TRUE,NA,NA,NA,NA,FALSE,"els2026ie","02tyrky19_els2026ie_2026"
"Dublin City University",2026,NA,"10.1016/j.tate.2026.105480",TRUE,FALSE,"Elsevier BV","Teaching and Teacher Education","0742-051X","0742-051X",NA,"0742-051X","http://creativecommons.org/licenses/by/4.0/",TRUE,NA,NA,NA,NA,FALSE,"els2026ie","04a1a1e81_els2026ie_2026"
"Maynooth University",2026,NA,"10.1016/j.rinp.2026.108650",TRUE,FALSE,"Elsevier BV","Results in Physics","2211-3797","2211-3797",NA,"2211-3797","http://creativecommons.org/licenses/by/4.0/",TRUE,NA,NA,NA,NA,TRUE,"els2026ie","048nfjm95_els2026ie_2026"
"Dublin City University",2026,NA,"10.1016/j.clsr.2026.106317",TRUE,FALSE,"Elsevier BV","Computer Law & Security Review","2212-473X","2212-473X",NA,"2212-473X","http://creativecommons.org/licenses/by/4.0/",TRUE,NA,NA,NA,NA,FALSE,"els2026ie","04a1a1e81_els2026ie_2026"
"Dublin City University",2026,NA,"10.1016/j.mtadv.2026.100771",TRUE,FALSE,"Elsevier BV","Materials Today Advances","2590-0498","2590-0498",NA,"2590-0498","http://creativecommons.org/licenses/by/4.0/",TRUE,NA,NA,NA,NA,TRUE,"els2026ie","04a1a1e81_els2026ie_2026"
"University of Limerick",2026,NA,"10.1016/j.jairtraman.2026.103030",TRUE,FALSE,"Elsevier BV","Journal of Air Transport Management","0969-6997","0969-6997",NA,"0969-6997","http://creativecommons.org/licenses/by/4.0/",TRUE,NA,NA,NA,NA,FALSE,"els2026ie","00a0n9e72_els2026ie_2026"
"University of Galway",2026,NA,"10.1016/j.actpsy.2026.106783",TRUE,FALSE,"Elsevier BV","Acta Psychologica","0001-6918","0001-6918",NA,"0001-6918","http://creativecommons.org/licenses/by/4.0/",TRUE,"41990469",NA,NA,NA,TRUE,"els2026ie","03bea9k73_els2026ie_2026"
"University College Dublin",2026,NA,"10.1016/j.jenvman.2026.129587",TRUE,FALSE,"Elsevier BV","Journal of Environmental Management","0301-4797","0301-4797",NA,"0301-4797","http://creativecommons.org/licenses/by/4.0/",TRUE,"41966001",NA,NA,NA,FALSE,"els2026ie","05m7pjf47_els2026ie_2026"
"University of Galway",2026,NA,"10.1016/j.jacl.2026.03.026",TRUE,FALSE,"Elsevier BV","Journal of Clinical Lipidology","1933-2874","1933-2874",NA,"1876-4789","http://creativecommons.org/licenses/by/4.0/",TRUE,"42031588",NA,NA,NA,FALSE,"els2026ie","03bea9k73_els2026ie_2026"
"Trinity College Dublin",2026,NA,"10.1016/j.coviro.2026.101541",TRUE,FALSE,"Elsevier BV","Current Opinion in Virology","1879-6257","1879-6257",NA,"1879-6257","http://creativecommons.org/licenses/by/4.0/",TRUE,"42030758",NA,NA,NA,FALSE,"els2026ie","02tyrky19_els2026ie_2026"
"University of Limerick",2026,NA,"10.1016/j.ecns.2026.101964",TRUE,FALSE,"Elsevier BV","Clinical Simulation in Nursing","1876-1399","1876-1399",NA,"1876-1399","http://creativecommons.org/licenses/by/4.0/",TRUE,NA,NA,NA,NA,FALSE,"els2026ie","00a0n9e72_els2026ie_2026"
"University of Galway",2026,NA,"10.1016/j.biomaterials.2026.124165",TRUE,FALSE,"Elsevier BV","Biomaterials","0142-9612","0142-9612",NA,"0142-9612","http://creativecommons.org/licenses/by/4.0/",TRUE,"41934825",NA,NA,NA,FALSE,"els2026ie","03bea9k73_els2026ie_2026"
"University of Limerick",2026,NA,"10.1016/j.jamda.2026.106212",TRUE,FALSE,"Elsevier BV","Journal of the American Medical Directors Association","1525-8610","1525-8610",NA,"1525-8610","http://creativecommons.org/licenses/by/4.0/",TRUE,"42055472",NA,NA,NA,FALSE,"els2026ie","00a0n9e72_els2026ie_2026"
"Royal College of Surgeons in Ireland",2026,NA,"10.1016/j.tjfa.2026.100150",TRUE,FALSE,"Elsevier BV","The Journal of Frailty & Aging","2260-1341","2260-1341",NA,"2260-1341","http://creativecommons.org/licenses/by/4.0/",TRUE,"42234566","PMC13254956",NA,NA,FALSE,"els2026ie","01hxy9878_els2026ie_2026"
"Atlantic Technological University",2026,NA,"10.1016/j.ssaho.2026.102698",TRUE,FALSE,"Elsevier BV","Social Sciences & Humanities Open","2590-2911","2590-2911",NA,"2590-2911","http://creativecommons.org/licenses/by/4.0/",TRUE,NA,NA,NA,NA,TRUE,"els2026ie","0458dap48_els2026ie_2026"
"University of Limerick",2026,NA,"10.1016/j.ssaho.2026.102726",TRUE,FALSE,"Elsevier BV","Social Sciences & Humanities Open","2590-2911","2590-2911",NA,"2590-2911","http://creativecommons.org/licenses/by/4.0/",TRUE,NA,NA,NA,NA,TRUE,"els2026ie","00a0n9e72_els2026ie_2026"
"Royal College of Surgeons in Ireland",2026,NA,"10.1016/j.jsurg.2026.103959",TRUE,FALSE,"Elsevier BV","Journal of Surgical Education","1931-7204","1931-7204",NA,"1878-7452","http://creativecommons.org/licenses/by/4.0/",TRUE,"41997029",NA,NA,NA,FALSE,"els2026ie","01hxy9878_els2026ie_2026"
"Trinity College Dublin",2026,NA,"10.1016/j.esmogo.2026.100325",TRUE,FALSE,"Elsevier BV","ESMO Gastrointestinal Oncology","2949-8198","2949-8198",NA,"2949-8198","http://creativecommons.org/licenses/by/4.0/",TRUE,"42022130","PMC13098464",NA,NA,TRUE,"els2026ie","02tyrky19_els2026ie_2026"
"Trinity College Dublin",2026,NA,"10.1016/j.ard.2026.03.010",TRUE,FALSE,"Elsevier BV","Annals of the Rheumatic Diseases","0003-4967","0003-4967",NA,"0003-4967","http://creativecommons.org/licenses/by/4.0/",TRUE,"41966860",NA,NA,NA,FALSE,"els2026ie","02tyrky19_els2026ie_2026"
"Royal College of Surgeons in Ireland",2026,NA,"10.1016/j.artd.2026.102003",TRUE,FALSE,"Elsevier BV","Arthroplasty Today","2352-3441","2352-3441",NA,"2352-3441","http://creativecommons.org/licenses/by/4.0/",TRUE,"42064685","PMC13125897",NA,NA,TRUE,"els2026ie","01hxy9878_els2026ie_2026"
"University College Dublin",2026,NA,"10.1016/s2214-109x(26)00054-9",TRUE,FALSE,"Elsevier BV","The Lancet Global Health","2214-109X","2214-109X",NA,"2214-109X","http://creativecommons.org/licenses/by/4.0/",TRUE,NA,NA,NA,NA,TRUE,"els2026ie","05m7pjf47_els2026ie_2026"
"Trinity College Dublin",2026,NA,"10.1016/j.jaad.2026.01.077",TRUE,FALSE,"Elsevier BV","Journal of the American Academy of Dermatology","0190-9622","0190-9622",NA,"0190-9622","http://creativecommons.org/licenses/by-nc/4.0/",TRUE,"42209113",NA,NA,NA,FALSE,"els2026ie","02tyrky19_els2026ie_2026"
"University College Dublin",2026,NA,"10.1016/j.foodhyd.2026.113093",TRUE,FALSE,"Elsevier BV","Food Hydrocolloids","0268-005X","0268-005X",NA,"0268-005X","http://creativecommons.org/licenses/by/4.0/",TRUE,NA,NA,NA,NA,FALSE,"els2026ie","05m7pjf47_els2026ie_2026"
"University of Galway",2026,NA,"10.1016/j.jmbbm.2026.107520",TRUE,FALSE,"Elsevier BV","Journal of the Mechanical Behavior of Biomedical Materials","1751-6161","1751-6161",NA,"1878-0180","http://creativecommons.org/licenses/by/4.0/",TRUE,"42378771",NA,NA,NA,FALSE,"els2026ie","03bea9k73_els2026ie_2026"
"University of Galway",2026,NA,"10.1016/j.phytol.2026.104207",TRUE,FALSE,"Elsevier BV","Phytochemistry Letters","1874-3900","1874-3900",NA,"1874-3900","http://creativecommons.org/licenses/by/4.0/",TRUE,NA,NA,NA,NA,FALSE,"els2026ie","03bea9k73_els2026ie_2026"
"University College Dublin",2026,NA,"10.1016/j.jhydrol.2026.135932",TRUE,FALSE,"Elsevier BV","Journal of Hydrology","0022-1694","0022-1694",NA,"0022-1694","http://creativecommons.org/licenses/by/4.0/",TRUE,NA,NA,NA,NA,FALSE,"els2026ie","05m7pjf47_els2026ie_2026"
"Trinity College Dublin",2026,NA,"10.1016/j.coelec.2026.101900",TRUE,FALSE,"Elsevier BV","Current Opinion in Electrochemistry","2451-9103","2451-9103",NA,"2451-9103","http://creativecommons.org/licenses/by/4.0/",TRUE,NA,NA,NA,NA,FALSE,"els2026ie","02tyrky19_els2026ie_2026"
"Trinity College Dublin",2026,NA,"10.1016/j.chbr.2026.101187",TRUE,FALSE,"Elsevier BV","Computers in Human Behavior Reports","2451-9588","2451-9588",NA,"2451-9588","http://creativecommons.org/licenses/by/4.0/",TRUE,NA,NA,NA,NA,TRUE,"els2026ie","02tyrky19_els2026ie_2026"
"University College Dublin",2026,NA,"10.1016/j.acags.2026.100378",TRUE,FALSE,"Elsevier BV","Applied Computing and Geosciences","2590-1974","2590-1974",NA,"2590-1974","http://creativecommons.org/licenses/by/4.0/",TRUE,NA,NA,NA,NA,TRUE,"els2026ie","05m7pjf47_els2026ie_2026"
"University College Dublin",2026,NA,"10.1016/j.electacta.2026.149433",TRUE,FALSE,"Elsevier BV","Electrochimica Acta","0013-4686","0013-4686",NA,"0013-4686","http://creativecommons.org/licenses/by/4.0/",TRUE,NA,NA,NA,NA,FALSE,"els2026ie","05m7pjf47_els2026ie_2026"
"University College Dublin",2026,NA,"10.1016/j.oceaneng.2026.126699",TRUE,FALSE,"Elsevier BV","Ocean Engineering","0029-8018","0029-8018",NA,"0029-8018","http://creativecommons.org/licenses/by/4.0/",TRUE,NA,NA,NA,NA,FALSE,"els2026ie","05m7pjf47_els2026ie_2026"
"Royal College of Surgeons in Ireland",2026,NA,"10.1016/j.fas.2026.06.017",TRUE,FALSE,"Elsevier BV","Foot and Ankle Surgery","1268-7731","1268-7731",NA,"1268-7731","http://creativecommons.org/licenses/by/4.0/",TRUE,"42386456",NA,NA,NA,FALSE,"els2026ie","01hxy9878_els2026ie_2026"
"Trinity College Dublin",2026,NA,"10.1016/j.jlb.2026.100479",TRUE,FALSE,"Elsevier BV","The Journal of Liquid Biopsy","2950-1954","2950-1954",NA,"2950-1954","http://creativecommons.org/licenses/by/4.0/",TRUE,"42433605","PMC13352406",NA,NA,TRUE,"els2026ie","02tyrky19_els2026ie_2026"
"University of Galway",2026,NA,"10.1016/j.jns.2026.126073",TRUE,FALSE,"Elsevier BV","Journal of the Neurological Sciences","0022-510X","0022-510X",NA,"0022-510X","http://creativecommons.org/licenses/by/4.0/",TRUE,"42385336",NA,NA,NA,FALSE,"els2026ie","03bea9k73_els2026ie_2026"
"University of Limerick",2026,NA,"10.1016/j.jad.2026.122171",TRUE,FALSE,"Elsevier BV","Journal of Affective Disorders","0165-0327","0165-0327",NA,"0165-0327","http://creativecommons.org/licenses/by/4.0/",TRUE,"42364659",NA,NA,NA,FALSE,"els2026ie","00a0n9e72_els2026ie_2026"
"University College Dublin",2026,NA,"10.1016/j.enconman.2026.121853",TRUE,FALSE,"Elsevier BV","Energy Conversion and Management","0196-8904","0196-8904",NA,"0196-8904","http://creativecommons.org/licenses/by/4.0/",TRUE,NA,NA,NA,NA,FALSE,"els2026ie","05m7pjf47_els2026ie_2026"
"Trinity College Dublin",2026,NA,"10.1016/j.ultramic.2026.114416",TRUE,FALSE,"Elsevier BV","Ultramicroscopy","0304-3991","0304-3991",NA,"0304-3991","http://creativecommons.org/licenses/by/4.0/",TRUE,"42385557",NA,NA,NA,FALSE,"els2026ie","02tyrky19_els2026ie_2026"
"Trinity College Dublin",2026,NA,"10.1016/j.sftr.2026.102002",TRUE,FALSE,"Elsevier BV","Sustainable Futures","2666-1888","2666-1888",NA,"2666-1888","http://creativecommons.org/licenses/by/4.0/",TRUE,NA,NA,NA,NA,TRUE,"els2026ie","02tyrky19_els2026ie_2026"
"Dublin City University",2026,NA,"10.1016/j.egyai.2026.100823",TRUE,FALSE,"Elsevier BV","Energy and AI","2666-5468","2666-5468",NA,"2666-5468","http://creativecommons.org/licenses/by/4.0/",TRUE,NA,NA,NA,NA,TRUE,"els2026ie","04a1a1e81_els2026ie_2026"
"University College Cork",2026,NA,"10.1016/j.mtelec.2026.100229",TRUE,FALSE,"Elsevier BV","Materials Today Electronics","2772-9494","2772-9494",NA,"2772-9494","http://creativecommons.org/licenses/by/4.0/",TRUE,NA,NA,NA,NA,TRUE,"els2026ie","03265fv13_els2026ie_2026"
"University College Cork",2026,NA,"10.1016/j.bios.2026.118965",TRUE,FALSE,"Elsevier BV","Biosensors and Bioelectronics","0956-5663","0956-5663",NA,"0956-5663","http://creativecommons.org/licenses/by/4.0/",TRUE,"42372687",NA,NA,NA,FALSE,"els2026ie","03265fv13_els2026ie_2026"
"Trinity College Dublin",2026,NA,"10.1016/j.revpalbo.2026.105656",TRUE,FALSE,"Elsevier BV","Review of Palaeobotany and Palynology","0034-6667","0034-6667",NA,"0034-6667","http://creativecommons.org/licenses/by/4.0/",TRUE,NA,NA,NA,NA,FALSE,"els2026ie","02tyrky19_els2026ie_2026"
"University College Dublin",2026,NA,"10.1016/j.jenvman.2026.130345",TRUE,FALSE,"Elsevier BV","Journal of Environmental Management","0301-4797","0301-4797",NA,"0301-4797","http://creativecommons.org/licenses/by/4.0/",TRUE,"42372444",NA,NA,NA,FALSE,"els2026ie","05m7pjf47_els2026ie_2026"
"University College Dublin",2026,NA,"10.1016/j.rcradv.2026.200357",TRUE,FALSE,"Elsevier BV","Resources, Conservation & Recycling Advances","2667-3789","2667-3789",NA,"2667-3789","http://creativecommons.org/licenses/by/4.0/",TRUE,NA,NA,NA,NA,TRUE,"els2026ie","05m7pjf47_els2026ie_2026"
"University of Limerick",2026,NA,"10.1016/j.scca.2026.100225",TRUE,FALSE,"Elsevier BV","Sustainable Chemistry for Climate Action","2772-8269","2772-8269",NA,"2772-8269","http://creativecommons.org/licenses/by/4.0/",TRUE,NA,NA,NA,NA,TRUE,"els2026ie","00a0n9e72_els2026ie_2026"
"University College Dublin",2026,NA,"10.1016/j.lwt.2026.119678",TRUE,FALSE,"Elsevier BV","LWT","0023-6438","0023-6438",NA,"0023-6438","http://creativecommons.org/licenses/by/4.0/",TRUE,NA,NA,NA,NA,TRUE,"els2026ie","05m7pjf47_els2026ie_2026"
"University College Dublin",2026,NA,"10.1016/j.cageo.2026.106225",TRUE,FALSE,"Elsevier BV","Computers & Geosciences","0098-3004","0098-3004",NA,"0098-3004","http://creativecommons.org/licenses/by/4.0/",TRUE,NA,NA,NA,NA,FALSE,"els2026ie","05m7pjf47_els2026ie_2026"
"University College Dublin",2026,NA,"10.1016/j.cscm.2026.e06276",TRUE,FALSE,"Elsevier BV","Case Studies in Construction Materials","2214-5095","2214-5095",NA,"2214-5095","http://creativecommons.org/licenses/by/4.0/",TRUE,NA,NA,NA,NA,TRUE,"els2026ie","05m7pjf47_els2026ie_2026"
"Atlantic Technological University",2026,NA,"10.1016/j.mtcomm.2026.115628",TRUE,FALSE,"Elsevier BV","Materials Today Communications","2352-4928","2352-4928",NA,"2352-4928","http://creativecommons.org/licenses/by/4.0/",TRUE,NA,NA,NA,NA,FALSE,"els2026ie","0458dap48_els2026ie_2026"
"University College Cork",2026,NA,"10.1016/j.jelectrocard.2026.154399",TRUE,FALSE,"Elsevier BV","Journal of Electrocardiology","0022-0736","0022-0736",NA,"0022-0736","http://creativecommons.org/licenses/by/4.0/",TRUE,"42398299",NA,NA,NA,FALSE,"els2026ie","03265fv13_els2026ie_2026"
"Technological University Dublin",2026,NA,"10.1016/j.lwt.2026.119675",TRUE,FALSE,"Elsevier BV","LWT","0023-6438","0023-6438",NA,"0023-6438","http://creativecommons.org/licenses/by/4.0/",TRUE,NA,NA,NA,NA,TRUE,"els2026ie","04t0qbt32_els2026ie_2026"
"University College Dublin",2026,NA,"10.1016/j.foodchem.2026.150161",TRUE,FALSE,"Elsevier BV","Food Chemistry","0308-8146","0308-8146",NA,"0308-8146","http://creativecommons.org/licenses/by/4.0/",TRUE,"42508124",NA,NA,NA,FALSE,"els2026ie","05m7pjf47_els2026ie_2026"
"University College Dublin",2026,NA,"10.1016/j.epsr.2026.113521",TRUE,FALSE,"Elsevier BV","Electric Power Systems Research","0378-7796","0378-7796",NA,"0378-7796","http://creativecommons.org/licenses/by/4.0/",TRUE,NA,NA,NA,NA,FALSE,"els2026ie","05m7pjf47_els2026ie_2026"
"University College Dublin",2026,NA,"10.1016/j.wroa.2026.100577",TRUE,FALSE,"Elsevier BV","Water Research X","2589-9147","2589-9147",NA,"2589-9147","http://creativecommons.org/licenses/by/4.0/",TRUE,NA,NA,NA,NA,TRUE,"els2026ie","05m7pjf47_els2026ie_2026"
"Maynooth University",2026,NA,"10.1016/j.ecmx.2026.102062",TRUE,FALSE,"Elsevier BV","Energy Conversion and Management: X","2590-1745","2590-1745",NA,"2590-1745","http://creativecommons.org/licenses/by/4.0/",TRUE,NA,NA,NA,NA,TRUE,"els2026ie","048nfjm95_els2026ie_2026"
"University of Galway",2026,NA,"10.1016/j.jhydrol.2026.135916",TRUE,FALSE,"Elsevier BV","Journal of Hydrology","0022-1694","0022-1694",NA,"0022-1694","http://creativecommons.org/licenses/by/4.0/",TRUE,NA,NA,NA,NA,FALSE,"els2026ie","03bea9k73_els2026ie_2026"
"University College Dublin",2026,NA,"10.1016/j.microc.2026.118836",TRUE,FALSE,"Elsevier BV","Microchemical Journal","0026-265X","0026-265X",NA,"0026-265X","http://creativecommons.org/licenses/by/4.0/",TRUE,NA,NA,NA,NA,FALSE,"els2026ie","05m7pjf47_els2026ie_2026"
"Dublin City University",2026,NA,"10.1016/j.optlastec.2026.115836",TRUE,FALSE,"Elsevier BV","Optics & Laser Technology","0030-3992","0030-3992",NA,"0030-3992","http://creativecommons.org/licenses/by/4.0/",TRUE,NA,NA,NA,NA,FALSE,"els2026ie","04a1a1e81_els2026ie_2026"
"University of Limerick",2026,NA,"10.1016/j.jss.2026.112973",TRUE,FALSE,"Elsevier BV","Journal of Systems and Software","0164-1212","0164-1212",NA,"0164-1212","http://creativecommons.org/licenses/by/4.0/",TRUE,NA,NA,NA,NA,FALSE,"els2026ie","00a0n9e72_els2026ie_2026"
"University of Limerick",2026,NA,"10.1016/j.energy.2026.141727",TRUE,FALSE,"Elsevier BV","Energy","0360-5442","0360-5442",NA,"0360-5442","http://creativecommons.org/licenses/by/4.0/",TRUE,NA,NA,NA,NA,FALSE,"els2026ie","00a0n9e72_els2026ie_2026"
"University College Dublin",2026,NA,"10.1016/j.epsr.2026.113490",TRUE,FALSE,"Elsevier BV","Electric Power Systems Research","0378-7796","0378-7796",NA,"0378-7796","http://creativecommons.org/licenses/by/4.0/",TRUE,NA,NA,NA,NA,FALSE,"els2026ie","05m7pjf47_els2026ie_2026"
"University College Dublin",2026,NA,"10.1016/j.epsr.2026.113529",TRUE,FALSE,"Elsevier BV","Electric Power Systems Research","0378-7796","0378-7796",NA,"0378-7796","http://creativecommons.org/licenses/by/4.0/",TRUE,NA,NA,NA,NA,FALSE,"els2026ie","05m7pjf47_els2026ie_2026"
"Royal College of Surgeons in Ireland",2026,NA,"10.1016/j.ejrad.2026.113038",TRUE,FALSE,"Elsevier BV","European Journal of Radiology","0720-048X","0720-048X",NA,"0720-048X","http://creativecommons.org/licenses/by/4.0/",TRUE,"42385277",NA,NA,NA,FALSE,"els2026ie","01hxy9878_els2026ie_2026"
"University College Cork",2026,NA,"10.1016/j.idairyj.2026.106725",TRUE,FALSE,"Elsevier BV","International Dairy Journal","0958-6946","0958-6946",NA,"0958-6946","http://creativecommons.org/licenses/by/4.0/",TRUE,NA,NA,NA,NA,FALSE,"els2026ie","03265fv13_els2026ie_2026"
"University College Dublin",2026,NA,"10.1016/j.mtcomm.2026.115610",TRUE,FALSE,"Elsevier BV","Materials Today Communications","2352-4928","2352-4928",NA,"2352-4928","http://creativecommons.org/licenses/by/4.0/",TRUE,NA,NA,NA,NA,FALSE,"els2026ie","05m7pjf47_els2026ie_2026"
"Trinity College Dublin",2026,NA,"10.1016/j.chbah.2026.100338",TRUE,FALSE,"Elsevier BV","Computers in Human Behavior: Artificial Humans","2949-8821","2949-8821",NA,"2949-8821","http://creativecommons.org/licenses/by/4.0/",TRUE,NA,NA,NA,NA,TRUE,"els2026ie","02tyrky19_els2026ie_2026"
"Technological University of the Shannon: Midlands Midwest",2026,NA,"10.1016/j.acalib.2026.103295",TRUE,FALSE,"Elsevier BV","The Journal of Academic Librarianship","0099-1333","0099-1333",NA,"0099-1333","http://creativecommons.org/licenses/by/4.0/",TRUE,NA,NA,NA,NA,FALSE,"els2026ie","04efm0253_els2026ie_2026"
"University College Dublin",2026,NA,"10.1016/j.epsr.2026.113556",TRUE,FALSE,"Elsevier BV","Electric Power Systems Research","0378-7796","0378-7796",NA,"0378-7796","http://creativecommons.org/licenses/by/4.0/",TRUE,NA,NA,NA,NA,FALSE,"els2026ie","05m7pjf47_els2026ie_2026"
"University of Galway",2026,NA,"10.1016/j.tej.2026.107555",TRUE,FALSE,"Elsevier BV","The Electricity Journal","1040-6190","1040-6190",NA,"1040-6190","http://creativecommons.org/licenses/by/4.0/",TRUE,NA,NA,NA,NA,FALSE,"els2026ie","03bea9k73_els2026ie_2026"
"Dublin City University",2026,NA,"10.1016/j.dsp.2026.106364",TRUE,FALSE,"Elsevier BV","Digital Signal Processing","1051-2004","1051-2004",NA,"1051-2004","http://creativecommons.org/licenses/by/4.0/",TRUE,NA,NA,NA,NA,FALSE,"els2026ie","04a1a1e81_els2026ie_2026"
"University College Cork",2026,NA,"10.1016/j.wombi.2026.102233",TRUE,FALSE,"Elsevier BV","Women and Birth","1871-5192","1871-5192",NA,"1871-5192","http://creativecommons.org/licenses/by/4.0/",TRUE,"42341700",NA,NA,NA,FALSE,"els2026ie","03265fv13_els2026ie_2026"
"University College Cork",2026,NA,"10.1016/j.anorl.2026.04.009",TRUE,FALSE,"Elsevier BV","European Annals of Otorhinolaryngology, Head and Neck Diseases","1879-7296","1879-7296",NA,"1879-7296","http://creativecommons.org/licenses/by/4.0/",TRUE,"42342524",NA,NA,NA,FALSE,"els2026ie","03265fv13_els2026ie_2026"
"Technological University Dublin",2026,NA,"10.1016/j.jafr.2026.103103",TRUE,FALSE,"Elsevier BV","Journal of Agriculture and Food Research","2666-1543","2666-1543",NA,"2666-1543","http://creativecommons.org/licenses/by/4.0/",TRUE,NA,NA,NA,NA,TRUE,"els2026ie","04t0qbt32_els2026ie_2026"
"University College Cork",2026,NA,"10.1016/j.scca.2026.100226",TRUE,FALSE,"Elsevier BV","Sustainable Chemistry for Climate Action","2772-8269","2772-8269",NA,"2772-8269","http://creativecommons.org/licenses/by/4.0/",TRUE,NA,NA,NA,NA,TRUE,"els2026ie","03265fv13_els2026ie_2026"
"Dublin City University",2026,NA,"10.1016/j.bioadv.2026.215025",TRUE,FALSE,"Elsevier BV","Biomaterials Advances","2772-9508","2772-9508",NA,"2772-9508","http://creativecommons.org/licenses/by/4.0/",TRUE,"42335553",NA,NA,NA,FALSE,"els2026ie","04a1a1e81_els2026ie_2026"
"University of Galway",2026,NA,"10.1016/j.jmps.2026.106737",TRUE,FALSE,"Elsevier BV","Journal of the Mechanics and Physics of Solids","0022-5096","0022-5096",NA,"0022-5096","http://creativecommons.org/licenses/by/4.0/",TRUE,NA,NA,NA,NA,FALSE,"els2026ie","03bea9k73_els2026ie_2026"
"University of Galway",2026,NA,"10.1016/j.ijid.2026.108905",TRUE,FALSE,"Elsevier BV","International Journal of Infectious Diseases","1201-9712","1201-9712",NA,"1201-9712","http://creativecommons.org/licenses/by/4.0/",TRUE,"42323155",NA,NA,NA,TRUE,"els2026ie","03bea9k73_els2026ie_2026"
"University College Cork",2026,NA,"10.1016/j.wombi.2026.102234",TRUE,FALSE,"Elsevier BV","Women and Birth","1871-5192","1871-5192",NA,"1871-5192","http://creativecommons.org/licenses/by/4.0/",TRUE,"42349217",NA,NA,NA,FALSE,"els2026ie","03265fv13_els2026ie_2026"
"University College Dublin",2026,NA,"10.1016/j.measurement.2026.122255",TRUE,FALSE,"Elsevier BV","Measurement","0263-2241","0263-2241",NA,"0263-2241","http://creativecommons.org/licenses/by/4.0/",TRUE,NA,NA,NA,NA,FALSE,"els2026ie","05m7pjf47_els2026ie_2026"
"University College Dublin",2026,NA,"10.1016/j.foodchem.2026.150110",TRUE,FALSE,"Elsevier BV","Food Chemistry","0308-8146","0308-8146",NA,"0308-8146","http://creativecommons.org/licenses/by/4.0/",TRUE,"42623807",NA,NA,NA,FALSE,"els2026ie","05m7pjf47_els2026ie_2026"
"Royal College of Surgeons in Ireland",2026,NA,"10.1016/j.suronc.2026.102487",TRUE,FALSE,"Elsevier BV","Surgical Oncology","0960-7404","0960-7404",NA,"0960-7404","http://creativecommons.org/licenses/by/4.0/",TRUE,"42348948",NA,NA,NA,FALSE,"els2026ie","01hxy9878_els2026ie_2026"
"Trinity College Dublin",2026,NA,"10.1016/j.jgo.2026.103037",TRUE,FALSE,"Elsevier BV","Journal of Geriatric Oncology","1879-4068","1879-4068",NA,"1879-4068","http://creativecommons.org/licenses/by/4.0/",TRUE,"42349049",NA,NA,NA,FALSE,"els2026ie","02tyrky19_els2026ie_2026"
"Technological University Dublin",2026,NA,"10.1016/j.oceram.2026.101006",TRUE,FALSE,"Elsevier BV","Open Ceramics","2666-5395","2666-5395",NA,"2666-5395","http://creativecommons.org/licenses/by/4.0/",TRUE,NA,NA,NA,NA,TRUE,"els2026ie","04t0qbt32_els2026ie_2026"
"University of Galway",2026,NA,"10.1016/j.jaridenv.2026.105679",TRUE,FALSE,"Elsevier BV","Journal of Arid Environments","0140-1963","0140-1963",NA,"0140-1963","http://creativecommons.org/licenses/by/4.0/",TRUE,NA,NA,NA,NA,FALSE,"els2026ie","03bea9k73_els2026ie_2026"
"University College Cork",2026,NA,"10.1016/j.carbpol.2026.125575",TRUE,FALSE,"Elsevier BV","Carbohydrate Polymers","0144-8617","0144-8617",NA,"0144-8617","http://creativecommons.org/licenses/by/4.0/",TRUE,"42493140",NA,NA,NA,FALSE,"els2026ie","03265fv13_els2026ie_2026"
"South East Technological University",2026,NA,"10.1016/j.jenvrad.2026.108085",TRUE,FALSE,"Elsevier BV","Journal of Environmental Radioactivity","0265-931X","0265-931X",NA,"0265-931X","http://creativecommons.org/licenses/by/4.0/",TRUE,"42323917",NA,NA,NA,FALSE,"els2026ie","03fgx6868_els2026ie_2026"
"University College Dublin",2026,NA,"10.1016/j.jenvman.2026.130235",TRUE,FALSE,"Elsevier BV","Journal of Environmental Management","0301-4797","0301-4797",NA,"0301-4797","http://creativecommons.org/licenses/by/4.0/",TRUE,"42330560",NA,NA,NA,FALSE,"els2026ie","05m7pjf47_els2026ie_2026"
"South East Technological University",2026,NA,"10.1016/j.ijpharm.2026.127110",TRUE,FALSE,"Elsevier BV","International Journal of Pharmaceutics","0378-5173","0378-5173",NA,"0378-5173","http://creativecommons.org/licenses/by/4.0/",TRUE,"42323032",NA,NA,NA,FALSE,"els2026ie","03fgx6868_els2026ie_2026"
"University College Dublin",2026,NA,"10.1016/j.joca.2026.06.006",TRUE,FALSE,"Elsevier BV","Osteoarthritis and Cartilage","1063-4584","1063-4584",NA,"1063-4584","http://creativecommons.org/licenses/by/4.0/",TRUE,"42331135",NA,NA,NA,FALSE,"els2026ie","05m7pjf47_els2026ie_2026"
"University College Dublin",2026,NA,"10.1016/j.radi.2026.103479",TRUE,FALSE,"Elsevier BV","Radiography","1078-8174","1078-8174",NA,"1078-8174","http://creativecommons.org/licenses/by/4.0/",TRUE,"42385665",NA,NA,NA,FALSE,"els2026ie","05m7pjf47_els2026ie_2026"
"University College Dublin",2026,NA,"10.1016/j.afres.2026.102301",TRUE,FALSE,"Elsevier BV","Applied Food Research","2772-5022","2772-5022",NA,"2772-5022","http://creativecommons.org/licenses/by/4.0/",TRUE,NA,NA,NA,NA,TRUE,"els2026ie","05m7pjf47_els2026ie_2026"
"Trinity College Dublin",2026,NA,"10.1016/j.radi.2026.103474",TRUE,FALSE,"Elsevier BV","Radiography","1078-8174","1078-8174",NA,"1078-8174","http://creativecommons.org/licenses/by/4.0/",TRUE,"42361614",NA,NA,NA,FALSE,"els2026ie","02tyrky19_els2026ie_2026"
"University College Cork",2026,NA,"10.1016/j.mib.2026.102786",TRUE,FALSE,"Elsevier BV","Current Opinion in Microbiology","1369-5274","1369-5274",NA,"1369-5274","http://creativecommons.org/licenses/by/4.0/",TRUE,"42378947",NA,NA,NA,FALSE,"els2026ie","03265fv13_els2026ie_2026"
"University of Galway",2026,NA,"10.1016/j.array.2026.101012",TRUE,FALSE,"Elsevier BV","Array","2590-0056","2590-0056",NA,"2590-0056","http://creativecommons.org/licenses/by/4.0/",TRUE,NA,NA,NA,NA,TRUE,"els2026ie","03bea9k73_els2026ie_2026"
"Technological University Dublin",2026,NA,"10.1016/j.envc.2026.101552",TRUE,FALSE,"Elsevier BV","Environmental Challenges","2667-0100","2667-0100",NA,"2667-0100","http://creativecommons.org/licenses/by/4.0/",TRUE,NA,NA,NA,NA,TRUE,"els2026ie","04t0qbt32_els2026ie_2026"
"Technological University Dublin",2026,NA,"10.1016/j.afres.2026.102297",TRUE,FALSE,"Elsevier BV","Applied Food Research","2772-5022","2772-5022",NA,"2772-5022","http://creativecommons.org/licenses/by/4.0/",TRUE,NA,NA,NA,NA,TRUE,"els2026ie","04t0qbt32_els2026ie_2026"
"University College Cork",2026,NA,"10.1016/j.oceaneng.2026.126575",TRUE,FALSE,"Elsevier BV","Ocean Engineering","0029-8018","0029-8018",NA,"0029-8018","http://creativecommons.org/licenses/by/4.0/",TRUE,NA,NA,NA,NA,FALSE,"els2026ie","03265fv13_els2026ie_2026"
"Trinity College Dublin",2026,NA,"10.1016/j.jebo.2026.107665",TRUE,FALSE,"Elsevier BV","Journal of Economic Behavior & Organization","0167-2681","0167-2681",NA,"0167-2681","http://creativecommons.org/licenses/by/4.0/",TRUE,NA,NA,NA,NA,FALSE,"els2026ie","02tyrky19_els2026ie_2026"
"Trinity College Dublin",2026,NA,"10.1016/j.gerinurse.2026.104156",TRUE,FALSE,"Elsevier BV","Geriatric Nursing","0197-4572","0197-4572",NA,"0197-4572","http://creativecommons.org/licenses/by/4.0/",TRUE,"42364330",NA,NA,NA,FALSE,"els2026ie","02tyrky19_els2026ie_2026"
"University College Dublin",2026,NA,"10.1016/j.socscimed.2026.119484",TRUE,FALSE,"Elsevier BV","Social Science & Medicine","0277-9536","0277-9536",NA,"0277-9536","http://creativecommons.org/licenses/by/4.0/",TRUE,"42361436",NA,NA,NA,FALSE,"els2026ie","05m7pjf47_els2026ie_2026"
"Munster Technological University",2026,NA,"10.1016/j.epsr.2026.113488",TRUE,FALSE,"Elsevier BV","Electric Power Systems Research","0378-7796","0378-7796",NA,"0378-7796","http://creativecommons.org/licenses/by/4.0/",TRUE,NA,NA,NA,NA,FALSE,"els2026ie","013xpqh61_els2026ie_2026"
"University of Limerick",2026,NA,"10.1016/j.jrurstud.2026.104274",TRUE,FALSE,"Elsevier BV","Journal of Rural Studies","0743-0167","0743-0167",NA,"0743-0167","http://creativecommons.org/licenses/by/4.0/",TRUE,NA,NA,NA,NA,FALSE,"els2026ie","00a0n9e72_els2026ie_2026"
"University College Dublin",2026,NA,"10.1016/j.radi.2026.103477",TRUE,FALSE,"Elsevier BV","Radiography","1078-8174","1078-8174",NA,"1078-8174","http://creativecommons.org/licenses/by/4.0/",TRUE,"42372383",NA,NA,NA,FALSE,"els2026ie","05m7pjf47_els2026ie_2026"
"Royal College of Surgeons in Ireland",2026,NA,"10.1016/j.lana.2026.101543",TRUE,FALSE,"Elsevier BV","The Lancet Regional Health - Americas","2667-193X","2667-193X",NA,"2667-193X","http://creativecommons.org/licenses/by/4.0/",TRUE,NA,NA,NA,NA,TRUE,"els2026ie","01hxy9878_els2026ie_2026"
"University College Dublin",2026,NA,"10.1016/j.scenv.2026.100333",TRUE,FALSE,"Elsevier BV","Sustainable Chemistry for the Environment","2949-8392","2949-8392",NA,"2949-8392","http://creativecommons.org/licenses/by/4.0/",TRUE,NA,NA,NA,NA,TRUE,"els2026ie","05m7pjf47_els2026ie_2026"
"Trinity College Dublin",2026,NA,"10.1016/j.epsl.2026.120183",TRUE,FALSE,"Elsevier BV","Earth and Planetary Science Letters","0012-821X","0012-821X",NA,"0012-821X","http://creativecommons.org/licenses/by/4.0/",TRUE,NA,NA,NA,NA,FALSE,"els2026ie","02tyrky19_els2026ie_2026"
"University of Galway",2026,NA,"10.1016/j.jhydrol.2026.135878",TRUE,FALSE,"Elsevier BV","Journal of Hydrology","0022-1694","0022-1694",NA,"0022-1694","http://creativecommons.org/licenses/by/4.0/",TRUE,NA,NA,NA,NA,FALSE,"els2026ie","03bea9k73_els2026ie_2026"
"University of Limerick",2026,NA,"10.1016/j.cma.2026.119154",TRUE,FALSE,"Elsevier BV","Computer Methods in Applied Mechanics and Engineering","0045-7825","0045-7825",NA,"0045-7825","http://creativecommons.org/licenses/by/4.0/",TRUE,NA,NA,NA,NA,FALSE,"els2026ie","00a0n9e72_els2026ie_2026"
"Technological University of the Shannon: Midlands Midwest",2026,NA,"10.1016/j.eneco.2026.109454",TRUE,FALSE,"Elsevier BV","Energy Economics","0140-9883","0140-9883",NA,"0140-9883","http://creativecommons.org/licenses/by/4.0/",TRUE,NA,NA,NA,NA,FALSE,"els2026ie","04efm0253_els2026ie_2026"
"University College Cork",2026,NA,"10.1016/j.marenvres.2026.108196",TRUE,FALSE,"Elsevier BV","Marine Environmental Research","0141-1136","0141-1136",NA,"0141-1136","http://creativecommons.org/licenses/by-nc-nd/4.0/",TRUE,"42385261",NA,NA,NA,FALSE,"els2026ie","03265fv13_els2026ie_2026"
"University College Dublin",2026,NA,"10.1016/j.ejogrb.2026.115251",TRUE,FALSE,"Elsevier BV","European Journal of Obstetrics & Gynecology and Reproductive Biology","0301-2115","0301-2115",NA,"0301-2115","http://creativecommons.org/licenses/by/4.0/",TRUE,"42320224",NA,NA,NA,FALSE,"els2026ie","05m7pjf47_els2026ie_2026"
"University College Dublin",2026,NA,"10.1016/j.biombioe.2026.109717",TRUE,FALSE,"Elsevier BV","Biomass and Bioenergy","0961-9534","0961-9534",NA,"0961-9534","http://creativecommons.org/licenses/by/4.0/",TRUE,NA,NA,NA,NA,FALSE,"els2026ie","05m7pjf47_els2026ie_2026"
"University of Galway",2026,NA,"10.1016/j.aej.2026.06.014",TRUE,FALSE,"Elsevier BV","Alexandria Engineering Journal","1110-0168","1110-0168",NA,"1110-0168","http://creativecommons.org/licenses/by/4.0/",TRUE,NA,NA,NA,NA,TRUE,"els2026ie","03bea9k73_els2026ie_2026"
"Trinity College Dublin",2026,NA,"10.1016/j.entcom.2026.101162",TRUE,FALSE,"Elsevier BV","Entertainment Computing","1875-9521","1875-9521",NA,"1875-9521","http://creativecommons.org/licenses/by/4.0/",TRUE,NA,NA,NA,NA,FALSE,"els2026ie","02tyrky19_els2026ie_2026"
"University College Cork",2026,NA,"10.1016/j.sipas.2026.100351",TRUE,FALSE,"Elsevier BV","Surgery in Practice and Science","2666-2620","2666-2620",NA,"2666-2620","http://creativecommons.org/licenses/by/4.0/",TRUE,"42370035","PMC13293754",NA,NA,TRUE,"els2026ie","03265fv13_els2026ie_2026"
"University of Galway",2026,NA,"10.1016/j.jadr.2026.101107",TRUE,FALSE,"Elsevier BV","Journal of Affective Disorders Reports","2666-9153","2666-9153",NA,"2666-9153","http://creativecommons.org/licenses/by/4.0/",TRUE,NA,NA,NA,NA,TRUE,"els2026ie","03bea9k73_els2026ie_2026"
"University of Galway",2026,NA,"10.1016/j.stress.2026.101448",TRUE,FALSE,"Elsevier BV","Plant Stress","2667-064X","2667-064X",NA,"2667-064X","http://creativecommons.org/licenses/by/4.0/",TRUE,NA,NA,NA,NA,TRUE,"els2026ie","03bea9k73_els2026ie_2026"
"University of Galway",2026,NA,"10.1016/j.jclinepi.2026.112375",TRUE,FALSE,"Elsevier BV","Journal of Clinical Epidemiology","0895-4356","0895-4356",NA,"0895-4356","http://creativecommons.org/licenses/by/4.0/",TRUE,"42285375",NA,NA,NA,FALSE,"els2026ie","03bea9k73_els2026ie_2026"
"Dublin City University",2026,NA,"10.1016/j.jer.2026.06.019",TRUE,FALSE,"Elsevier BV","Journal of Engineering Research","2307-1877","2307-1877",NA,"2307-1877","http://creativecommons.org/licenses/by/4.0/",TRUE,NA,NA,NA,NA,TRUE,"els2026ie","04a1a1e81_els2026ie_2026"
"University College Cork",2026,NA,"10.1016/j.jxh.2026.100008",TRUE,FALSE,"Elsevier BV","Journal of Experimental Horticulture","3051-1186","3051-1186",NA,"3051-1186","http://creativecommons.org/licenses/by/4.0/",TRUE,NA,NA,NA,NA,FALSE,"els2026ie","03265fv13_els2026ie_2026"
"University College Cork",2026,NA,"10.1016/j.foodres.2026.119741",TRUE,FALSE,"Elsevier BV","Food Research International","0963-9969","0963-9969",NA,"0963-9969","http://creativecommons.org/licenses/by/4.0/",TRUE,"42562514",NA,NA,NA,FALSE,"els2026ie","03265fv13_els2026ie_2026"
"Munster Technological University",2026,NA,"10.1016/j.buildenv.2026.114703",TRUE,FALSE,"Elsevier BV","Building and Environment","0360-1323","0360-1323",NA,"0360-1323","http://creativecommons.org/licenses/by/4.0/",TRUE,NA,NA,NA,NA,FALSE,"els2026ie","013xpqh61_els2026ie_2026"
"University College Cork",2026,NA,"10.1016/j.cptl.2026.102719",TRUE,FALSE,"Elsevier BV","Currents in Pharmacy Teaching and Learning","1877-1297","1877-1297",NA,"1877-1297","http://creativecommons.org/licenses/by/4.0/",TRUE,"42287853",NA,NA,NA,FALSE,"els2026ie","03265fv13_els2026ie_2026"
"University of Limerick",2026,NA,"10.1016/j.dib.2026.112965",TRUE,FALSE,"Elsevier BV","Data in Brief","2352-3409","2352-3409",NA,"2352-3409","http://creativecommons.org/licenses/by/4.0/",TRUE,"42358917","PMC13292776",NA,NA,TRUE,"els2026ie","00a0n9e72_els2026ie_2026"
"University of Galway",2026,NA,"10.1016/j.rineng.2026.111498",TRUE,FALSE,"Elsevier BV","Results in Engineering","2590-1230","2590-1230",NA,"2590-1230","http://creativecommons.org/licenses/by/4.0/",TRUE,NA,NA,NA,NA,TRUE,"els2026ie","03bea9k73_els2026ie_2026"
"University College Dublin",2026,NA,"10.1016/j.jafr.2026.103072",TRUE,FALSE,"Elsevier BV","Journal of Agriculture and Food Research","2666-1543","2666-1543",NA,"2666-1543","http://creativecommons.org/licenses/by/4.0/",TRUE,NA,NA,NA,NA,TRUE,"els2026ie","05m7pjf47_els2026ie_2026"
"University of Galway",2026,NA,"10.1016/j.clet.2026.101253",TRUE,FALSE,"Elsevier BV","Cleaner Engineering and Technology","2666-7908","2666-7908",NA,"2666-7908","http://creativecommons.org/licenses/by/4.0/",TRUE,NA,NA,NA,NA,TRUE,"els2026ie","03bea9k73_els2026ie_2026"
"University of Limerick",2026,NA,"10.1016/j.electacta.2026.149286",TRUE,FALSE,"Elsevier BV","Electrochimica Acta","0013-4686","0013-4686",NA,"0013-4686","http://creativecommons.org/licenses/by/4.0/",TRUE,NA,NA,NA,NA,FALSE,"els2026ie","00a0n9e72_els2026ie_2026"
"Trinity College Dublin",2026,NA,"10.1016/j.eneco.2026.109429",TRUE,FALSE,"Elsevier BV","Energy Economics","0140-9883","0140-9883",NA,"0140-9883","http://creativecommons.org/licenses/by/4.0/",TRUE,NA,NA,NA,NA,FALSE,"els2026ie","02tyrky19_els2026ie_2026"
"University College Dublin",2026,NA,"10.1016/j.csl.2026.102014",TRUE,FALSE,"Elsevier BV","Computer Speech & Language","0885-2308","0885-2308",NA,"0885-2308","http://creativecommons.org/licenses/by/4.0/",TRUE,NA,NA,NA,NA,FALSE,"els2026ie","05m7pjf47_els2026ie_2026"
"Trinity College Dublin",2026,NA,"10.1016/j.mtbio.2026.103308",TRUE,FALSE,"Elsevier BV","Materials Today Bio","2590-0064","2590-0064",NA,"2590-0064","http://creativecommons.org/licenses/by/4.0/",TRUE,"42326069","PMC13277668",NA,NA,TRUE,"els2026ie","02tyrky19_els2026ie_2026"
"University of Galway",2026,NA,"10.1016/j.jrurstud.2026.104251",TRUE,FALSE,"Elsevier BV","Journal of Rural Studies","0743-0167","0743-0167",NA,"0743-0167","http://creativecommons.org/licenses/by/4.0/",TRUE,NA,NA,NA,NA,FALSE,"els2026ie","03bea9k73_els2026ie_2026"
"University College Cork",2026,NA,"10.1016/j.jclepro.2026.148658",TRUE,FALSE,"Elsevier BV","Journal of Cleaner Production","0959-6526","0959-6526",NA,"0959-6526","http://creativecommons.org/licenses/by/4.0/",TRUE,NA,NA,NA,NA,FALSE,"els2026ie","03265fv13_els2026ie_2026"
"Royal College of Surgeons in Ireland",2026,NA,"10.1016/j.wneu.2026.125125",TRUE,FALSE,"Elsevier BV","World Neurosurgery","1878-8750","1878-8750",NA,"1878-8750","http://creativecommons.org/licenses/by/4.0/",TRUE,"42285408",NA,NA,NA,FALSE,"els2026ie","01hxy9878_els2026ie_2026"
"University of Galway",2026,NA,"10.1016/j.jafr.2026.103038",TRUE,FALSE,"Elsevier BV","Journal of Agriculture and Food Research","2666-1543","2666-1543",NA,"2666-1543","http://creativecommons.org/licenses/by/4.0/",TRUE,NA,NA,NA,NA,TRUE,"els2026ie","03bea9k73_els2026ie_2026"
"University College Dublin",2026,NA,"10.1016/j.intfin.2026.102360",TRUE,FALSE,"Elsevier BV","Journal of International Financial Markets, Institutions and Money","1042-4431","1042-4431",NA,"1042-4431","http://creativecommons.org/licenses/by/4.0/",TRUE,NA,NA,NA,NA,FALSE,"els2026ie","05m7pjf47_els2026ie_2026"
"Trinity College Dublin",2026,NA,"10.1016/j.apsadv.2026.101017",TRUE,FALSE,"Elsevier BV","Applied Surface Science Advances","2666-5239","2666-5239",NA,"2666-5239","http://creativecommons.org/licenses/by-nc-nd/4.0/",TRUE,NA,NA,NA,NA,TRUE,"els2026ie","02tyrky19_els2026ie_2026"
"Trinity College Dublin",2026,NA,"10.1016/j.eiar.2026.108542",TRUE,FALSE,"Elsevier BV","Environmental Impact Assessment Review","0195-9255","0195-9255",NA,"0195-9255","http://creativecommons.org/licenses/by/4.0/",TRUE,NA,NA,NA,NA,FALSE,"els2026ie","02tyrky19_els2026ie_2026"
"Royal College of Surgeons in Ireland",2026,NA,"10.1016/j.omton.2026.201244",TRUE,FALSE,"Elsevier BV","Molecular Therapy Oncology","2950-3299","2950-3299",NA,"2950-3299","http://creativecommons.org/licenses/by/4.0/",TRUE,"42369018","PMC13293994",NA,NA,TRUE,"els2026ie","01hxy9878_els2026ie_2026"
"Dublin City University",2026,NA,"10.1016/j.ecoenv.2026.120304",TRUE,FALSE,"Elsevier BV","Ecotoxicology and Environmental Safety","0147-6513","0147-6513",NA,"0147-6513","http://creativecommons.org/licenses/by/4.0/",TRUE,"42217490",NA,NA,NA,TRUE,"els2026ie","04a1a1e81_els2026ie_2026"
"University College Cork",2026,NA,"10.1016/j.jfbs.2026.100734",TRUE,FALSE,"Elsevier BV","Journal of Family Business Strategy","1877-8585","1877-8585",NA,"1877-8585","http://creativecommons.org/licenses/by/4.0/",TRUE,NA,NA,NA,NA,FALSE,"els2026ie","03265fv13_els2026ie_2026"
"University of Galway",2026,NA,"10.1016/j.sbsr.2026.101012",TRUE,FALSE,"Elsevier BV","Sensing and Bio-Sensing Research","2214-1804","2214-1804",NA,"2214-1804","http://creativecommons.org/licenses/by/4.0/",TRUE,NA,NA,NA,NA,TRUE,"els2026ie","03bea9k73_els2026ie_2026"
"University College Dublin",2026,NA,"10.1016/j.esmorc.2026.100516",TRUE,FALSE,"Elsevier BV","ESMO Rare Cancers","3050-4619","3050-4619",NA,"3050-4619","http://creativecommons.org/licenses/by/4.0/",TRUE,NA,NA,NA,NA,FALSE,"els2026ie","05m7pjf47_els2026ie_2026"
"Technological University Dublin",2026,NA,"10.1016/j.crgsc.2026.100516",TRUE,FALSE,"Elsevier BV","Current Research in Green and Sustainable Chemistry","2666-0865","2666-0865",NA,"2666-0865","http://creativecommons.org/licenses/by/4.0/",TRUE,NA,NA,NA,NA,TRUE,"els2026ie","04t0qbt32_els2026ie_2026"
"University of Galway",2026,NA,"10.1016/j.sna.2026.117797",TRUE,FALSE,"Elsevier BV","Sensors and Actuators A: Physical","0924-4247","0924-4247",NA,"0924-4247","http://creativecommons.org/licenses/by/4.0/",TRUE,NA,NA,NA,NA,FALSE,"els2026ie","03bea9k73_els2026ie_2026"
"University College Cork",2026,NA,"10.1108/jmhtep-06-2025-0064",TRUE,FALSE,"Emerald","The Journal of Mental Health Training, Education and Practice","1755-6228","1755-6228","2042-8707","1755-6228","https://creativecommons.org/licences/by/4.0/",TRUE,NA,NA,NA,NA,FALSE,"eme2024ie","03265fv13_eme2024ie_2026"
"University College Cork",2026,NA,"10.1108/aaaj-02-2026-8892",TRUE,FALSE,"Emerald","Accounting, Auditing & Accountability Journal","1368-0668","1368-0668","1758-4205","1368-0668","https://creativecommons.org/licences/by/4.0/",TRUE,NA,NA,NA,NA,FALSE,"eme2024ie","03265fv13_eme2024ie_2026"
"University of Limerick",2026,NA,"10.1108/ijmhsc-07-2025-0095",TRUE,FALSE,"Emerald","International Journal of Migration, Health and Social Care","1747-9894","1747-9894","2042-8650","1747-9894","https://creativecommons.org/licences/by/4.0/",TRUE,NA,NA,NA,NA,FALSE,"eme2024ie","00a0n9e72_eme2024ie_2026"
"University College Cork",2026,NA,"10.1108/jsbed-04-2025-0242",TRUE,FALSE,"Emerald","Journal of Small Business and Enterprise Development","1462-6004","1462-6004","1758-7840","1462-6004","https://creativecommons.org/licences/by/4.0/",TRUE,NA,NA,NA,NA,FALSE,"eme2024ie","03265fv13_eme2024ie_2026"
"University of Limerick",2026,NA,"10.1108/ebhrm-02-2026-0110",TRUE,FALSE,"Emerald","Evidence-based HRM: a Global Forum for Empirical Scholarship","2049-3983","2049-3983","2049-3991","2049-3983","https://creativecommons.org/licences/by/4.0/",TRUE,NA,NA,NA,NA,FALSE,"eme2024ie","00a0n9e72_eme2024ie_2026"
"University College Dublin",2026,NA,"10.1108/itp-01-2026-0119",TRUE,FALSE,"Emerald","Information Technology & People","0959-3845","0959-3845","1758-5813","0959-3845","https://creativecommons.org/licences/by/4.0/",TRUE,NA,NA,NA,NA,FALSE,"eme2024ie","05m7pjf47_eme2024ie_2026"
"University of Galway",2026,NA,"10.1108/ejim-09-2025-1269",TRUE,FALSE,"Emerald","European Journal of Innovation Management","1460-1060","1460-1060","1758-7115","1460-1060","https://creativecommons.org/licences/by/4.0/",TRUE,NA,NA,NA,NA,FALSE,"eme2024ie","03bea9k73_eme2024ie_2026"
"University College Cork",2026,NA,"10.1108/qmr-04-2025-0096",TRUE,FALSE,"Emerald","Qualitative Market Research: An International Journal","1352-2752","1352-2752","1758-7646","1352-2752","https://creativecommons.org/licences/by/4.0/",TRUE,NA,NA,NA,NA,FALSE,"eme2024ie","03265fv13_eme2024ie_2026"
"University of Galway",2026,NA,"10.1108/ils-08-2025-0140",TRUE,FALSE,"Emerald","Information and Learning Sciences","2398-5348","2398-5348","2398-5356","2398-5348","https://creativecommons.org/licences/by/4.0/",TRUE,NA,NA,NA,NA,FALSE,"eme2024ie","03bea9k73_eme2024ie_2026"
"University of Limerick",2026,NA,"10.1108/ils-09-2025-0171",TRUE,FALSE,"Emerald","Information and Learning Sciences","2398-5348","2398-5348","2398-5356","2398-5348","https://creativecommons.org/licences/by/4.0/",TRUE,NA,NA,NA,NA,FALSE,"eme2024ie","00a0n9e72_eme2024ie_2026"
"University of Limerick",2026,NA,"10.1108/ijhcqa-12-2025-0218",TRUE,FALSE,"Emerald","International Journal of Health Care Quality Assurance","0952-6862","0952-6862","1758-6542","0952-6862","https://creativecommons.org/licences/by/4.0/",TRUE,NA,NA,NA,NA,FALSE,"eme2024ie","00a0n9e72_eme2024ie_2026"
"University of Galway",2026,NA,"10.1108/ils-09-2025-0168",TRUE,FALSE,"Emerald","Information and Learning Sciences","2398-5348","2398-5348","2398-5356","2398-5348","https://creativecommons.org/licences/by/4.0/",TRUE,NA,NA,NA,NA,FALSE,"eme2024ie","03bea9k73_eme2024ie_2026"
"University College Dublin",2026,NA,"10.1108/jica-11-2025-0112",TRUE,FALSE,"Emerald","Journal of Integrated Care","1476-9018","1476-9018","2042-8685","1476-9018","https://creativecommons.org/licences/by/4.0/",TRUE,NA,NA,NA,NA,FALSE,"eme2024ie","05m7pjf47_eme2024ie_2026"
"University of Galway",2026,NA,"10.1108/ejm-03-2024-0184",TRUE,FALSE,"Emerald","European Journal of Marketing","0309-0566","0309-0566","1758-7123","0309-0566","https://creativecommons.org/licences/by/4.0/",TRUE,NA,NA,NA,NA,FALSE,"eme2024ie","03bea9k73_eme2024ie_2026"
"University of Galway",2026,NA,"10.1108/ijhcqa-01-2026-0005",TRUE,FALSE,"Emerald","International Journal of Health Care Quality Assurance","0952-6862","0952-6862","1758-6542","0952-6862","https://creativecommons.org/licences/by/4.0/",TRUE,NA,"PMC13234488",NA,NA,FALSE,"eme2024ie","03bea9k73_eme2024ie_2026"
"Maynooth University",2026,NA,"10.1108/ils-08-2025-0146",TRUE,FALSE,"Emerald","Information and Learning Sciences","2398-5348","2398-5348","2398-5356","2398-5348","https://creativecommons.org/licences/by/4.0/",TRUE,NA,NA,NA,NA,FALSE,"eme2024ie","048nfjm95_eme2024ie_2026"
"University College Cork",2026,NA,"10.1108/jmp-05-2025-0483",TRUE,FALSE,"Emerald","Journal of Managerial Psychology","0268-3946","0268-3946","1758-7778","0268-3946","https://creativecommons.org/licences/by/4.0/",TRUE,NA,NA,NA,NA,FALSE,"eme2024ie","03265fv13_eme2024ie_2026"
"University of Galway",2026,NA,"10.1108/ils-09-2025-0173",TRUE,FALSE,"Emerald","Information and Learning Sciences","2398-5348","2398-5348","2398-5356","2398-5348","https://creativecommons.org/licences/by/4.0/",TRUE,NA,NA,NA,NA,FALSE,"eme2024ie","03bea9k73_eme2024ie_2026"
"University College Dublin",2026,NA,"10.1108/aaaj-11-2025-8532",TRUE,FALSE,"Emerald","Accounting, Auditing & Accountability Journal","1368-0668","1368-0668","1758-4205","1368-0668","https://creativecommons.org/licences/by/4.0/",TRUE,NA,NA,NA,NA,FALSE,"eme2024ie","05m7pjf47_eme2024ie_2026"
"University College Cork",2026,NA,"10.1108/ejtd-02-2026-0030",TRUE,FALSE,"Emerald","European Journal of Training and Development","2046-9012","2046-9012","2046-9020","2046-9020","https://creativecommons.org/licences/by/4.0/",TRUE,NA,NA,NA,NA,FALSE,"eme2024ie","03265fv13_eme2024ie_2026"
"University of Galway",2026,NA,"10.1108/tqm-04-2025-0218",TRUE,FALSE,"Emerald","The TQM Journal","1754-2731","1754-2731","1754-274X","1754-2731","https://creativecommons.org/licences/by/4.0/",TRUE,NA,NA,NA,NA,FALSE,"eme2024ie","03bea9k73_eme2024ie_2026"
"University of Galway",2026,NA,"10.1108/ils-09-2025-0172",TRUE,FALSE,"Emerald","Information and Learning Sciences","2398-5348","2398-5348","2398-5356","2398-5348","https://creativecommons.org/licences/by/4.0/",TRUE,NA,NA,NA,NA,FALSE,"eme2024ie","03bea9k73_eme2024ie_2026"
"Trinity College Dublin",2026,NA,"10.1108/jfrc-07-2025-0218",TRUE,FALSE,"Emerald","Journal of Financial Regulation and Compliance","1358-1988","1358-1988","1740-0279","1358-1988","https://creativecommons.org/licences/by/4.0/",TRUE,NA,NA,NA,NA,FALSE,"eme2024ie","02tyrky19_eme2024ie_2026"
"Maynooth University",2026,NA,"10.1108/he-11-2025-0252",TRUE,FALSE,"Emerald","Health Education","0965-4283","0965-4283","1758-714X","0965-4283","https://creativecommons.org/licences/by/4.0/",TRUE,NA,NA,NA,NA,FALSE,"eme2024ie","048nfjm95_eme2024ie_2026"
"Trinity College Dublin",2026,NA,"10.1108/nfs-09-2025-0334",TRUE,FALSE,"Emerald","Nutrition & Food Science","0034-6659","0034-6659","1758-6917","0034-6659","https://creativecommons.org/licences/by/4.0/",TRUE,NA,NA,NA,NA,FALSE,"eme2024ie","02tyrky19_eme2024ie_2026"
"Trinity College Dublin",2026,NA,"10.1109/jtehm.2026.3697640",FALSE,FALSE,"Institute of Electrical & Electronics Engineers (IEEE)","IEEE Journal of Translational Engineering in Health and Medicine","2168-2372",NA,"2168-2372","2168-2372","https://creativecommons.org/licenses/by/4.0/legalcode",TRUE,NA,NA,NA,NA,TRUE,"ieee2024ie","02tyrky19_ieee2024ie_2026"
"University of Galway",2026,NA,"10.1109/ojcoms.2026.3696887",FALSE,FALSE,"Institute of Electrical & Electronics Engineers (IEEE)","IEEE Open Journal of the Communications Society","2644-125X",NA,"2644-125X","2644-125X","https://creativecommons.org/licenses/by/4.0/legalcode",TRUE,NA,NA,NA,NA,TRUE,"ieee2024ie","03bea9k73_ieee2024ie_2026"
"Trinity College Dublin",2026,NA,"10.1109/access.2026.3696723",FALSE,FALSE,"Institute of Electrical & Electronics Engineers (IEEE)","IEEE Access","2169-3536",NA,"2169-3536","2169-3536","https://creativecommons.org/licenses/by/4.0/legalcode",TRUE,NA,NA,NA,NA,TRUE,"ieee2024ie","02tyrky19_ieee2024ie_2026"
"University College Cork",2026,NA,"10.1109/jmw.2026.3696483",FALSE,FALSE,"Institute of Electrical & Electronics Engineers (IEEE)","IEEE Journal of Microwaves","2692-8388",NA,"2692-8388","2692-8388","https://creativecommons.org/licenses/by-nc-nd/4.0/",TRUE,NA,NA,NA,NA,TRUE,"ieee2024ie","03265fv13_ieee2024ie_2026"
"Technological University Dublin",2026,NA,"10.1109/access.2026.3696460",FALSE,FALSE,"Institute of Electrical & Electronics Engineers (IEEE)","IEEE Access","2169-3536",NA,"2169-3536","2169-3536","https://creativecommons.org/licenses/by-nc-nd/4.0/",TRUE,NA,NA,NA,NA,TRUE,"ieee2024ie","04t0qbt32_ieee2024ie_2026"
"Maynooth University",2026,NA,"10.1109/tcst.2026.3695621",TRUE,FALSE,"Institute of Electrical & Electronics Engineers (IEEE)","IEEE Transactions on Control Systems Technology","1063-6536","1063-6536","1558-0865","1063-6536","https://creativecommons.org/licenses/by/4.0/legalcode",TRUE,NA,NA,NA,NA,FALSE,"ieee2024ie","048nfjm95_ieee2024ie_2026"
"University College Cork",2026,NA,"10.1109/access.2026.3694798",FALSE,FALSE,"Institute of Electrical & Electronics Engineers (IEEE)","IEEE Access","2169-3536",NA,"2169-3536","2169-3536","https://creativecommons.org/licenses/by/4.0/legalcode",TRUE,NA,NA,NA,NA,TRUE,"ieee2024ie","03265fv13_ieee2024ie_2026"
"University College Dublin",2026,NA,"10.1109/ojcoms.2026.3693923",FALSE,FALSE,"Institute of Electrical & Electronics Engineers (IEEE)","IEEE Open Journal of the Communications Society","2644-125X",NA,"2644-125X","2644-125X","https://creativecommons.org/licenses/by/4.0/legalcode",TRUE,NA,NA,NA,NA,TRUE,"ieee2024ie","05m7pjf47_ieee2024ie_2026"
"University of Limerick",2026,NA,"10.1109/ojvt.2026.3692626",FALSE,FALSE,"Institute of Electrical & Electronics Engineers (IEEE)","IEEE Open Journal of Vehicular Technology","2644-1330",NA,"2644-1330","2644-1330","https://creativecommons.org/licenses/by/4.0/legalcode",TRUE,NA,NA,NA,NA,TRUE,"ieee2024ie","00a0n9e72_ieee2024ie_2026"
"University College Cork",2026,NA,"10.1109/tse.2026.3694572",TRUE,FALSE,"Institute of Electrical & Electronics Engineers (IEEE)","IEEE Transactions on Software Engineering","0098-5589","0098-5589","1939-3520","0098-5589","https://creativecommons.org/licenses/by/4.0/legalcode",TRUE,NA,NA,NA,NA,FALSE,"ieee2024ie","03265fv13_ieee2024ie_2026"
"Dublin City University",2026,NA,"10.1109/ojcoms.2026.3692403",FALSE,FALSE,"Institute of Electrical & Electronics Engineers (IEEE)","IEEE Open Journal of the Communications Society","2644-125X",NA,"2644-125X","2644-125X","https://creativecommons.org/licenses/by/4.0/legalcode",TRUE,NA,NA,NA,NA,TRUE,"ieee2024ie","04a1a1e81_ieee2024ie_2026"
"University College Cork",2026,NA,"10.1109/access.2026.3690352",FALSE,FALSE,"Institute of Electrical & Electronics Engineers (IEEE)","IEEE Access","2169-3536",NA,"2169-3536","2169-3536","https://creativecommons.org/licenses/by/4.0/legalcode",TRUE,NA,NA,NA,NA,TRUE,"ieee2024ie","03265fv13_ieee2024ie_2026"
"University of Limerick",2026,NA,"10.1109/ieeedata.2026.3689031",FALSE,FALSE,"Institute of Electrical & Electronics Engineers (IEEE)","IEEE Data Descriptions","2995-4274",NA,"2995-4274","2995-4274","https://creativecommons.org/licenses/by/4.0/legalcode",TRUE,NA,NA,NA,NA,FALSE,"ieee2024ie","00a0n9e72_ieee2024ie_2026"
"University College Cork",2026,NA,"10.1109/tap.2026.3690195",TRUE,FALSE,"Institute of Electrical & Electronics Engineers (IEEE)","IEEE Transactions on Antennas and Propagation","0018-926X","0018-926X","1558-2221","0018-926X","https://creativecommons.org/licenses/by-nc-nd/4.0/",TRUE,NA,NA,NA,NA,FALSE,"ieee2024ie","03265fv13_ieee2024ie_2026"
"University of Galway",2026,NA,"10.1109/ojvt.2026.3687800",FALSE,FALSE,"Institute of Electrical & Electronics Engineers (IEEE)","IEEE Open Journal of Vehicular Technology","2644-1330",NA,"2644-1330","2644-1330","https://creativecommons.org/licenses/by/4.0/legalcode",TRUE,NA,NA,NA,NA,TRUE,"ieee2024ie","03bea9k73_ieee2024ie_2026"
"University of Galway",2026,NA,"10.1109/access.2026.3688794",FALSE,FALSE,"Institute of Electrical & Electronics Engineers (IEEE)","IEEE Access","2169-3536",NA,"2169-3536","2169-3536","https://creativecommons.org/licenses/by/4.0/legalcode",TRUE,NA,NA,NA,NA,TRUE,"ieee2024ie","03bea9k73_ieee2024ie_2026"
"University of Galway",2026,NA,"10.1109/access.2026.3688193",FALSE,FALSE,"Institute of Electrical & Electronics Engineers (IEEE)","IEEE Access","2169-3536",NA,"2169-3536","2169-3536","https://creativecommons.org/licenses/by/4.0/legalcode",TRUE,NA,NA,NA,NA,TRUE,"ieee2024ie","03bea9k73_ieee2024ie_2026"
"Dublin City University",2026,NA,"10.1109/comst.2026.3689266",TRUE,FALSE,"Institute of Electrical & Electronics Engineers (IEEE)","IEEE Communications Surveys & Tutorials","1553-877X",NA,"1553-877X","1553-877X","https://creativecommons.org/licenses/by/4.0/legalcode",TRUE,NA,NA,NA,NA,FALSE,"ieee2024ie","04a1a1e81_ieee2024ie_2026"
"University of Limerick",2026,NA,"10.1109/jstars.2026.3687712",FALSE,FALSE,"Institute of Electrical & Electronics Engineers (IEEE)","IEEE Journal of Selected Topics in Applied Earth Observations and Remote Sensing","1939-1404","1939-1404","2151-1535","1939-1404","https://creativecommons.org/licenses/by/4.0/legalcode",TRUE,NA,NA,NA,NA,TRUE,"ieee2024ie","00a0n9e72_ieee2024ie_2026"
"University of Limerick",2026,NA,"10.1109/access.2026.3686964",FALSE,FALSE,"Institute of Electrical & Electronics Engineers (IEEE)","IEEE Access","2169-3536",NA,"2169-3536","2169-3536","https://creativecommons.org/licenses/by/4.0/legalcode",TRUE,NA,NA,NA,NA,TRUE,"ieee2024ie","00a0n9e72_ieee2024ie_2026"
"Maynooth University",2026,NA,"10.1109/ted.2026.3684765",TRUE,FALSE,"Institute of Electrical & Electronics Engineers (IEEE)","IEEE Transactions on Electron Devices","0018-9383","0018-9383","1557-9646","0018-9383","https://creativecommons.org/licenses/by/4.0/legalcode",TRUE,NA,NA,NA,NA,FALSE,"ieee2024ie","048nfjm95_ieee2024ie_2026"
"Technological University Dublin",2026,NA,"10.1109/ojcoms.2026.3684213",FALSE,FALSE,"Institute of Electrical & Electronics Engineers (IEEE)","IEEE Open Journal of the Communications Society","2644-125X",NA,"2644-125X","2644-125X","https://creativecommons.org/licenses/by/4.0/legalcode",TRUE,NA,NA,NA,NA,TRUE,"ieee2024ie","04t0qbt32_ieee2024ie_2026"
"University College Cork",2026,NA,"10.1109/tmtt.2026.3683629",TRUE,FALSE,"Institute of Electrical & Electronics Engineers (IEEE)","IEEE Transactions on Microwave Theory and Techniques","0018-9480","0018-9480","1557-9670","0018-9480","https://creativecommons.org/licenses/by/4.0/legalcode",TRUE,NA,NA,NA,NA,FALSE,"ieee2024ie","03265fv13_ieee2024ie_2026"
"Technological University Dublin",2026,NA,"10.1109/tpds.2026.3682580",TRUE,FALSE,"Institute of Electrical & Electronics Engineers (IEEE)","IEEE Transactions on Parallel and Distributed Systems","1045-9219","1045-9219","1558-2183","1045-9219","https://creativecommons.org/licenses/by/4.0/legalcode",TRUE,NA,NA,NA,NA,FALSE,"ieee2024ie","04t0qbt32_ieee2024ie_2026"
"Dublin City University",2026,NA,"10.1109/access.2026.3684856",FALSE,FALSE,"Institute of Electrical & Electronics Engineers (IEEE)","IEEE Access","2169-3536",NA,"2169-3536","2169-3536","https://creativecommons.org/licenses/by/4.0/legalcode",TRUE,NA,NA,NA,NA,TRUE,"ieee2024ie","04a1a1e81_ieee2024ie_2026"
"Maynooth University",2026,NA,"10.1109/ojcsys.2026.3685925",FALSE,FALSE,"Institute of Electrical & Electronics Engineers (IEEE)","IEEE Open Journal of Control Systems","2694-085X",NA,"2694-085X","2694-085X","https://creativecommons.org/licenses/by/4.0/legalcode",TRUE,NA,NA,NA,NA,TRUE,"ieee2024ie","048nfjm95_ieee2024ie_2026"
"University College Dublin",2026,NA,"10.1109/access.2026.3683296",FALSE,FALSE,"Institute of Electrical & Electronics Engineers (IEEE)","IEEE Access","2169-3536",NA,"2169-3536","2169-3536","https://creativecommons.org/licenses/by/4.0/legalcode",TRUE,NA,NA,NA,NA,TRUE,"ieee2024ie","05m7pjf47_ieee2024ie_2026"
"University College Dublin",2026,NA,"10.1109/access.2026.3682461",FALSE,FALSE,"Institute of Electrical & Electronics Engineers (IEEE)","IEEE Access","2169-3536",NA,"2169-3536","2169-3536","https://creativecommons.org/licenses/by/4.0/legalcode",TRUE,NA,NA,NA,NA,TRUE,"ieee2024ie","05m7pjf47_ieee2024ie_2026"
"University College Cork",2026,NA,"10.1109/lmwt.2026.3681467",TRUE,FALSE,"Institute of Electrical & Electronics Engineers (IEEE)","IEEE Microwave and Wireless Technology Letters","2771-9588","2771-957X","2771-9588","2771-957X","https://creativecommons.org/licenses/by/4.0/legalcode",TRUE,NA,NA,NA,NA,FALSE,"ieee2024ie","03265fv13_ieee2024ie_2026"
"University of Galway",2026,NA,"10.1109/ojvt.2026.3681390",FALSE,FALSE,"Institute of Electrical & Electronics Engineers (IEEE)","IEEE Open Journal of Vehicular Technology","2644-1330",NA,"2644-1330","2644-1330","https://creativecommons.org/licenses/by/4.0/legalcode",TRUE,NA,NA,NA,NA,TRUE,"ieee2024ie","03bea9k73_ieee2024ie_2026"
"University of Galway",2026,NA,"10.1109/ojcoms.2026.3681580",FALSE,FALSE,"Institute of Electrical & Electronics Engineers (IEEE)","IEEE Open Journal of the Communications Society","2644-125X",NA,"2644-125X","2644-125X","https://creativecommons.org/licenses/by/4.0/legalcode",TRUE,NA,NA,NA,NA,TRUE,"ieee2024ie","03bea9k73_ieee2024ie_2026"
"Technological University Dublin",2026,NA,"10.1109/ieeedata.2026.3681245",FALSE,FALSE,"Institute of Electrical & Electronics Engineers (IEEE)","IEEE Data Descriptions","2995-4274",NA,"2995-4274","2995-4274","https://creativecommons.org/licenses/by/4.0/legalcode",TRUE,NA,NA,NA,NA,FALSE,"ieee2024ie","04t0qbt32_ieee2024ie_2026"
"University of Galway",2026,NA,"10.1109/ojits.2026.3680774",FALSE,FALSE,"Institute of Electrical & Electronics Engineers (IEEE)","IEEE Open Journal of Intelligent Transportation Systems","2687-7813",NA,"2687-7813","2687-7813","https://creativecommons.org/licenses/by/4.0/legalcode",TRUE,NA,NA,NA,NA,TRUE,"ieee2024ie","03bea9k73_ieee2024ie_2026"
"University of Galway",2026,NA,"10.1109/jiot.2026.3681922",TRUE,FALSE,"Institute of Electrical & Electronics Engineers (IEEE)","IEEE Internet of Things Journal","2327-4662",NA,"2327-4662","2327-4662","https://creativecommons.org/licenses/by/4.0/legalcode",TRUE,NA,NA,NA,NA,FALSE,"ieee2024ie","03bea9k73_ieee2024ie_2026"
"Dublin City University",2026,NA,"10.1109/tasc.2026.3683137",TRUE,FALSE,"Institute of Electrical & Electronics Engineers (IEEE)","IEEE Transactions on Applied Superconductivity","1051-8223","1051-8223","1558-2515","1051-8223","https://creativecommons.org/licenses/by/4.0/legalcode",TRUE,NA,NA,NA,NA,FALSE,"ieee2024ie","04a1a1e81_ieee2024ie_2026"
"Dublin City University",2026,NA,"10.1109/tbc.2026.3680007",TRUE,FALSE,"Institute of Electrical & Electronics Engineers (IEEE)","IEEE Transactions on Broadcasting","0018-9316","0018-9316","1557-9611","0018-9316","https://creativecommons.org/licenses/by/4.0/legalcode",TRUE,NA,NA,NA,NA,FALSE,"ieee2024ie","04a1a1e81_ieee2024ie_2026"
"Trinity College Dublin",2026,NA,"10.1109/tnsm.2026.3665553",TRUE,FALSE,"Institute of Electrical & Electronics Engineers (IEEE)","IEEE Transactions on Network and Service Management","1932-4537",NA,"1932-4537","1932-4537","https://creativecommons.org/licenses/by/4.0/legalcode",TRUE,NA,NA,NA,NA,FALSE,"ieee2024ie","02tyrky19_ieee2024ie_2026"
"University College Cork",2026,NA,"10.1109/lmwt.2026.3698267",TRUE,FALSE,"Institute of Electrical & Electronics Engineers (IEEE)","IEEE Microwave and Wireless Technology Letters","2771-9588","2771-957X","2771-9588","2771-957X","https://creativecommons.org/licenses/by/4.0/legalcode",TRUE,NA,NA,NA,NA,FALSE,"ieee2024ie","03265fv13_ieee2024ie_2026"
"University College Cork",2026,NA,"10.1109/jsen.2026.3696544",TRUE,FALSE,"Institute of Electrical & Electronics Engineers (IEEE)","IEEE Sensors Journal","1530-437X","1530-437X","1558-1748","1530-437X","https://creativecommons.org/licenses/by/4.0/legalcode",TRUE,NA,NA,NA,NA,FALSE,"ieee2024ie","03265fv13_ieee2024ie_2026"
"Maynooth University",2026,NA,"10.1109/joe.2026.3691615",TRUE,FALSE,"Institute of Electrical & Electronics Engineers (IEEE)","IEEE Journal of Oceanic Engineering","0364-9059","0364-9059","1558-1691","0364-9059","https://creativecommons.org/licenses/by/4.0/legalcode",TRUE,NA,NA,NA,NA,FALSE,"ieee2024ie","048nfjm95_ieee2024ie_2026"
"Dublin City University",2026,NA,"10.1109/lsp.2026.3709728",TRUE,FALSE,"Institute of Electrical & Electronics Engineers (IEEE)","IEEE Signal Processing Letters","1070-9908","1070-9908","1558-2361","1070-9908","https://creativecommons.org/licenses/by/4.0/legalcode",TRUE,NA,NA,NA,NA,FALSE,"ieee2024ie","04a1a1e81_ieee2024ie_2026"
"Maynooth University",2026,NA,"10.1109/tste.2026.3707474",TRUE,FALSE,"Institute of Electrical & Electronics Engineers (IEEE)","IEEE Transactions on Sustainable Energy","1949-3037","1949-3029","1949-3037","1949-3029","https://creativecommons.org/licenses/by/4.0/legalcode",TRUE,NA,NA,NA,NA,FALSE,"ieee2024ie","048nfjm95_ieee2024ie_2026"
"University College Cork",2026,NA,"10.1109/tmag.2026.3706019",TRUE,FALSE,"Institute of Electrical & Electronics Engineers (IEEE)","IEEE Transactions on Magnetics","0018-9464","0018-9464","1941-0069","0018-9464","https://creativecommons.org/licenses/by/4.0/legalcode",TRUE,NA,NA,NA,NA,FALSE,"ieee2024ie","03265fv13_ieee2024ie_2026"
"University College Dublin",2026,NA,"10.1109/tcsi.2026.3705790",TRUE,FALSE,"Institute of Electrical & Electronics Engineers (IEEE)","IEEE Transactions on Circuits and Systems I: Regular Papers","1549-8328","1549-8328","1558-0806","1549-8328","https://creativecommons.org/licenses/by/4.0/legalcode",TRUE,NA,NA,NA,NA,FALSE,"ieee2024ie","05m7pjf47_ieee2024ie_2026"
"Dublin City University",2026,NA,"10.1109/access.2026.3706484",FALSE,FALSE,"Institute of Electrical & Electronics Engineers (IEEE)","IEEE Access","2169-3536",NA,"2169-3536","2169-3536","https://creativecommons.org/licenses/by/4.0/legalcode",TRUE,NA,NA,NA,NA,TRUE,"ieee2024ie","04a1a1e81_ieee2024ie_2026"
"University of Limerick",2026,NA,"10.1109/ojvt.2026.3705622",FALSE,FALSE,"Institute of Electrical & Electronics Engineers (IEEE)","IEEE Open Journal of Vehicular Technology","2644-1330",NA,"2644-1330","2644-1330","https://creativecommons.org/licenses/by/4.0/legalcode",TRUE,NA,NA,NA,NA,TRUE,"ieee2024ie","00a0n9e72_ieee2024ie_2026"
"University College Cork",2026,NA,"10.1109/tnsm.2026.3705859",TRUE,FALSE,"Institute of Electrical & Electronics Engineers (IEEE)","IEEE Transactions on Network and Service Management","1932-4537",NA,"1932-4537","1932-4537","https://creativecommons.org/licenses/by/4.0/legalcode",TRUE,NA,NA,NA,NA,FALSE,"ieee2024ie","03265fv13_ieee2024ie_2026"
"University College Cork",2026,NA,"10.1109/jproc.2026.3705899",TRUE,FALSE,"Institute of Electrical & Electronics Engineers (IEEE)","Proceedings of the IEEE","0018-9219","0018-9219","1558-2256","0018-9219","https://creativecommons.org/licenses/by/4.0/legalcode",TRUE,NA,NA,NA,NA,FALSE,"ieee2024ie","03265fv13_ieee2024ie_2026"
"Dublin City University",2026,NA,"10.1109/jlt.2026.3705621",TRUE,FALSE,"Institute of Electrical & Electronics Engineers (IEEE)","Journal of Lightwave Technology","0733-8724","0733-8724","1558-2213","0733-8724","https://creativecommons.org/licenses/by-nc-nd/4.0/",TRUE,NA,NA,NA,NA,FALSE,"ieee2024ie","04a1a1e81_ieee2024ie_2026"
"University of Limerick",2026,NA,"10.1109/ojvt.2026.3702262",FALSE,FALSE,"Institute of Electrical & Electronics Engineers (IEEE)","IEEE Open Journal of Vehicular Technology","2644-1330",NA,"2644-1330","2644-1330","https://creativecommons.org/licenses/by/4.0/legalcode",TRUE,NA,NA,NA,NA,TRUE,"ieee2024ie","00a0n9e72_ieee2024ie_2026"
"University College Cork",2026,NA,"10.1109/tdmr.2026.3700961",TRUE,FALSE,"Institute of Electrical & Electronics Engineers (IEEE)","IEEE Transactions on Device and Materials Reliability","1530-4388","1530-4388","1558-2574","1530-4388","https://creativecommons.org/licenses/by/4.0/legalcode",TRUE,NA,NA,NA,NA,FALSE,"ieee2024ie","03265fv13_ieee2024ie_2026"
"Trinity College Dublin",2026,NA,"10.1109/jtehm.2026.3701554",FALSE,FALSE,"Institute of Electrical & Electronics Engineers (IEEE)","IEEE Journal of Translational Engineering in Health and Medicine","2168-2372",NA,"2168-2372","2168-2372","https://creativecommons.org/licenses/by/4.0/legalcode",TRUE,NA,NA,NA,NA,TRUE,"ieee2024ie","02tyrky19_ieee2024ie_2026"
"University College Dublin",2026,NA,"10.1109/ieeedata.2026.3699581",FALSE,FALSE,"Institute of Electrical & Electronics Engineers (IEEE)","IEEE Data Descriptions","2995-4274",NA,"2995-4274","2995-4274","https://creativecommons.org/licenses/by/4.0/legalcode",TRUE,NA,NA,NA,NA,FALSE,"ieee2024ie","05m7pjf47_ieee2024ie_2026"
"University College Dublin",2026,NA,"10.1109/lssc.2026.3699799",TRUE,FALSE,"Institute of Electrical & Electronics Engineers (IEEE)","IEEE Solid-State Circuits Letters","2573-9603",NA,"2573-9603","2573-9603","https://creativecommons.org/licenses/by/4.0/legalcode",TRUE,NA,NA,NA,NA,FALSE,"ieee2024ie","05m7pjf47_ieee2024ie_2026"
"Dublin City University",2026,NA,"10.1109/tits.2026.3703872",TRUE,FALSE,"Institute of Electrical & Electronics Engineers (IEEE)","IEEE Transactions on Intelligent Transportation Systems","1524-9050","1524-9050","1558-0016","1524-9050","https://creativecommons.org/licenses/by/4.0/legalcode",TRUE,NA,NA,NA,NA,FALSE,"ieee2024ie","04a1a1e81_ieee2024ie_2026"
"University College Dublin",2026,NA,"10.1109/ojcoms.2026.3699599",FALSE,FALSE,"Institute of Electrical & Electronics Engineers (IEEE)","IEEE Open Journal of the Communications Society","2644-125X",NA,"2644-125X","2644-125X","https://creativecommons.org/licenses/by/4.0/legalcode",TRUE,NA,NA,NA,NA,TRUE,"ieee2024ie","05m7pjf47_ieee2024ie_2026"
"University of Galway",2026,NA,"10.1109/access.2026.3699588",FALSE,FALSE,"Institute of Electrical & Electronics Engineers (IEEE)","IEEE Access","2169-3536",NA,"2169-3536","2169-3536","https://creativecommons.org/licenses/by/4.0/legalcode",TRUE,NA,NA,NA,NA,TRUE,"ieee2024ie","03bea9k73_ieee2024ie_2026"
"Maynooth University",2026,NA,"10.1109/tcst.2026.3699748",TRUE,FALSE,"Institute of Electrical & Electronics Engineers (IEEE)","IEEE Transactions on Control Systems Technology","1063-6536","1063-6536","1558-0865","1063-6536","https://creativecommons.org/licenses/by/4.0/legalcode",TRUE,NA,NA,NA,NA,FALSE,"ieee2024ie","048nfjm95_ieee2024ie_2026"
"Trinity College Dublin",2026,NA,"10.1109/tvt.2026.3702875",TRUE,FALSE,"Institute of Electrical & Electronics Engineers (IEEE)","IEEE Transactions on Vehicular Technology","0018-9545","0018-9545","1939-9359","0018-9545","https://creativecommons.org/licenses/by/4.0/legalcode",TRUE,NA,NA,NA,NA,FALSE,"ieee2024ie","02tyrky19_ieee2024ie_2026"
"University College Cork",2026,NA,"10.1088/1361-648x/ae6699",TRUE,FALSE,"IOP Publishing","Journal of Physics: Condensed Matter","0953-8984","0953-8984","1361-648X","0953-8984","https://creativecommons.org/licenses/by/4.0/",TRUE,"42055022",NA,NA,NA,FALSE,"iop2025ie","03265fv13_iop2025ie_2026"
"Trinity College Dublin",2026,NA,"10.1088/1748-9326/ae6c38",FALSE,FALSE,"IOP Publishing","Environmental Research Letters","1748-9326",NA,"1748-9326","1748-9326","https://creativecommons.org/licenses/by/4.0/",TRUE,NA,NA,NA,NA,TRUE,"iop2025ie","02tyrky19_iop2025ie_2026"
"University College Dublin",2026,NA,"10.1088/1361-6560/ae7797",TRUE,FALSE,"IOP Publishing","Physics in Medicine and Biology","0031-9155","0031-9155","1361-6560","0031-9155","https://creativecommons.org/licenses/by/4.0/",TRUE,"42235582",NA,NA,NA,FALSE,"iop2025ie","05m7pjf47_iop2025ie_2026"
"Trinity College Dublin",2026,NA,"10.1088/1751-8121/ae7b8e",TRUE,FALSE,"IOP Publishing","Journal of Physics A: Mathematical and Theoretical","1751-8113","1751-8113","1751-8121","1751-8113","https://creativecommons.org/licenses/by/4.0/",TRUE,NA,NA,NA,NA,FALSE,"iop2025ie","02tyrky19_iop2025ie_2026"
"University College Cork",2026,NA,"10.1088/1361-665x/ae7cfc",TRUE,FALSE,"IOP Publishing","Smart Materials and Structures","0964-1726","0964-1726","1361-665X","0964-1726","https://creativecommons.org/licenses/by/4.0/",TRUE,NA,NA,NA,NA,FALSE,"iop2025ie","03265fv13_iop2025ie_2026"
"University College Dublin",2026,NA,"10.1063/5.0290374",TRUE,FALSE,"AIP Publishing","Journal of Mathematical Physics","0022-2488","0022-2488","1089-7658","0022-2488","https://creativecommons.org/licenses/by/4.0/",TRUE,NA,NA,NA,NA,FALSE,"aip2026ie","05m7pjf47_aip2026ie_2026"
"Technological University Dublin",2026,NA,"10.1116/6.0005161",TRUE,FALSE,"American Vacuum Society","Journal of Vacuum Science & Technology A: Vacuum, Surfaces, and Films","0734-2101","0734-2101","1520-8559","0734-2101","https://creativecommons.org/licenses/by-nc-nd/4.0/",TRUE,NA,NA,NA,NA,FALSE,"aip2026ie","04t0qbt32_aip2026ie_2026"
"Trinity College Dublin",2026,NA,"10.1063/5.0292425",TRUE,FALSE,"AIP Publishing","APL Quantum","2835-0103",NA,"2835-0103","2835-0103","https://creativecommons.org/licenses/by/4.0/",TRUE,NA,NA,NA,NA,TRUE,"aip2026ie","02tyrky19_aip2026ie_2026"
"University College Dublin",2026,NA,"10.1063/5.0325442",TRUE,FALSE,"AIP Publishing","The Journal of Chemical Physics","0021-9606","0021-9606","1089-7690","0021-9606","https://creativecommons.org/licenses/by/4.0/",TRUE,"42017594",NA,NA,NA,FALSE,"aip2026ie","05m7pjf47_aip2026ie_2026"
"University College Dublin",2026,NA,"10.1063/5.0309799",TRUE,FALSE,"AIP Publishing","Applied Physics Letters","0003-6951","0003-6951","1077-3118","0003-6951","https://creativecommons.org/licenses/by/4.0/",TRUE,NA,NA,NA,NA,FALSE,"aip2026ie","05m7pjf47_aip2026ie_2026"
"University of Limerick",2026,NA,"10.1063/5.0330610",TRUE,FALSE,"AIP Publishing","Physics of Fluids","1070-6631","1070-6631","1089-7666","1070-6631","https://creativecommons.org/licenses/by/4.0/",TRUE,NA,NA,NA,NA,FALSE,"aip2026ie","00a0n9e72_aip2026ie_2026"
"University College Dublin",2026,NA,"10.1063/5.0325608",TRUE,FALSE,"AIP Publishing","The Journal of Chemical Physics","0021-9606","0021-9606","1089-7690","0021-9606","https://creativecommons.org/licenses/by/4.0/",TRUE,"42132253",NA,NA,NA,FALSE,"aip2026ie","05m7pjf47_aip2026ie_2026"
"Trinity College Dublin",2026,NA,"10.1063/5.0334173",TRUE,FALSE,"AIP Publishing","APL Quantum","2835-0103",NA,"2835-0103","2835-0103","https://creativecommons.org/licenses/by/4.0/",TRUE,NA,NA,NA,NA,TRUE,"aip2026ie","02tyrky19_aip2026ie_2026"
"University College Dublin",2026,NA,"10.1063/5.0330036",TRUE,FALSE,"AIP Publishing","Physics of Fluids","1070-6631","1070-6631","1089-7666","1070-6631","https://creativecommons.org/licenses/by/4.0/",TRUE,NA,NA,NA,NA,FALSE,"aip2026ie","05m7pjf47_aip2026ie_2026"
"University College Cork",2026,NA,"10.1063/5.0325471",TRUE,FALSE,"AIP Publishing","Applied Physics Letters","0003-6951","0003-6951","1077-3118","0003-6951","https://creativecommons.org/licenses/by/4.0/",TRUE,NA,NA,NA,NA,FALSE,"aip2026ie","03265fv13_aip2026ie_2026"
"Dublin City University",2025,NA,"10.1371/journal.pone.0321227",FALSE,FALSE,"Public Library of Science (PLoS)","PLOS ONE","1932-6203",NA,"1932-6203","1932-6203","http://creativecommons.org/licenses/by/4.0/",TRUE,"40493611","PMC12151441",NA,NA,TRUE,"IReL PLOS Agreement","04a1a1e81_irelplosagreement_2025"
"South East Technological University",2025,NA,"10.1371/journal.pone.0320329",FALSE,FALSE,"Public Library of Science (PLoS)","PLOS ONE","1932-6203",NA,"1932-6203","1932-6203","http://creativecommons.org/licenses/by/4.0/",TRUE,"40168372","PMC11960951",NA,NA,TRUE,"IReL PLOS Agreement","03fgx6868_irelplosagreement_2025"
"University College Dublin",2026,NA,"10.1099/acmi.0.001053.v3",FALSE,FALSE,"Microbiology Society","Access Microbiology","2516-8290",NA,"2516-8290","2516-8290","https://creativecommons.org/licenses/by/4.0/",TRUE,"42095138","PMC13143337",NA,NA,TRUE,"microbio2024ie","05m7pjf47_microbio2024ie_2026"
"Teagasc",2026,NA,"10.1099/acmi.0.001088.v3",FALSE,FALSE,"Microbiology Society","Access Microbiology","2516-8290",NA,"2516-8290","2516-8290","https://creativecommons.org/licenses/by/4.0/",TRUE,"42016597","PMC13094775",NA,NA,TRUE,"microbio2024ie","03sx84n71_microbio2024ie_2026"
"University College Dublin",2026,NA,"10.1099/acmi.0.001087.v3",FALSE,FALSE,"Microbiology Society","Access Microbiology","2516-8290",NA,"2516-8290","2516-8290","https://creativecommons.org/licenses/by/4.0/",TRUE,"41623658","PMC12852370",NA,NA,TRUE,"microbio2024ie","05m7pjf47_microbio2024ie_2026"
"University College Cork",2026,NA,"10.1099/acmi.0.001107.v3",FALSE,FALSE,"Microbiology Society","Access Microbiology","2516-8290",NA,"2516-8290","2516-8290","https://creativecommons.org/licenses/by/4.0/",TRUE,"41623653","PMC12858992",NA,NA,TRUE,"microbio2024ie","03265fv13_microbio2024ie_2026"
"University College Cork",2026,NA,"10.1099/mgen.0.001729",FALSE,FALSE,"Microbiology Society","Microbial Genomics","2057-5858",NA,"2057-5858","2057-5858","http://creativecommons.org/licenses/by/4.0/",TRUE,"42188674","PMC13207995",NA,NA,TRUE,"microbio2024ie","03265fv13_microbio2024ie_2026"
"University College Cork",2026,NA,"10.1099/mic.0.001710",FALSE,FALSE,"Microbiology Society","Microbiology","1350-0872","1350-0872","1465-2080","1350-0872","http://creativecommons.org/licenses/by/4.0/",TRUE,"42228390","PMC13229382",NA,NA,TRUE,"microbio2024ie","03265fv13_microbio2024ie_2026"
"University College Cork",2026,NA,"10.1099/jmm.0.002168",FALSE,FALSE,"Microbiology Society","Journal of Medical Microbiology","0022-2615","0022-2615","1473-5644","0022-2615","http://creativecommons.org/licenses/by/4.0/",TRUE,"42113673","PMC13160451",NA,NA,FALSE,"microbio2024ie","03265fv13_microbio2024ie_2026"
"Teagasc",2026,NA,"10.1099/mic.0.001695",FALSE,FALSE,"Microbiology Society","Microbiology","1350-0872","1350-0872","1465-2080","1350-0872","http://creativecommons.org/licenses/by/4.0/",TRUE,"42084497","PMC13142294",NA,NA,TRUE,"microbio2024ie","03sx84n71_microbio2024ie_2026"
"Royal College of Surgeons in Ireland",2026,NA,"10.1093/annalsats/aaoag021",TRUE,FALSE,"Oxford University Press (OUP)","Annals of the American Thoracic Society","2329-6933","2329-6933","2325-6621","2325-6621","https://creativecommons.org/licenses/by/4.0/",TRUE,"41973991","PMC13235859",NA,NA,FALSE,"oxf2024ie","01hxy9878_oxf2024ie_2026"
"University College Dublin",2026,NA,"10.1093/beheco/arag034",TRUE,FALSE,"Oxford University Press (OUP)","Behavioral Ecology","1045-2249","1045-2249","1465-7279","1045-2249","https://creativecommons.org/licenses/by/4.0/",TRUE,"42244817","PMC13231267",NA,NA,FALSE,"oxf2024ie","05m7pjf47_oxf2024ie_2026"
"University College Dublin",2026,NA,"10.1093/fmls/cqag014",TRUE,FALSE,"Oxford University Press (OUP)","Forum for Modern Language Studies","0015-8518","0015-8518","1471-6860","0015-8518","https://creativecommons.org/licenses/by/4.0/",TRUE,NA,NA,NA,NA,FALSE,"oxf2024ie","05m7pjf47_oxf2024ie_2026"
"University College Dublin",2026,NA,"10.1093/ibd/izag066",TRUE,FALSE,"Oxford University Press (OUP)","Inflammatory Bowel Diseases","1078-0998","1078-0998","1536-4844","1078-0998","https://creativecommons.org/licenses/by-nc/4.0/",TRUE,"42133571","PMC13337297",NA,NA,FALSE,"oxf2024ie","05m7pjf47_oxf2024ie_2026"
"University of Limerick",2026,NA,"10.1093/imamat/hxag009",TRUE,FALSE,"Oxford University Press (OUP)","IMA Journal of Applied Mathematics","0272-4960","0272-4960","1464-3634","0272-4960","https://creativecommons.org/licenses/by/4.0/",TRUE,NA,NA,NA,NA,FALSE,"oxf2024ie","00a0n9e72_oxf2024ie_2026"
"University College Dublin",2025,NA,"10.1093/jcr/ucaf039",TRUE,FALSE,"Oxford University Press (OUP)","Journal of Consumer Research","0093-5301","0093-5301","1537-5277","0093-5301","https://creativecommons.org/licenses/by-nc/4.0/",TRUE,NA,NA,NA,NA,FALSE,"oxf2024ie","05m7pjf47_oxf2024ie_2025"
"University College Dublin",2026,NA,"10.1093/jeb/voag012",TRUE,FALSE,"Oxford University Press (OUP)","Journal of Evolutionary Biology","1420-9101",NA,"1420-9101","1010-061X","https://creativecommons.org/licenses/by/4.0/",TRUE,"41719112",NA,NA,NA,FALSE,"oxf2024ie","05m7pjf47_oxf2024ie_2026"
"University of Galway",2026,NA,"10.1093/jhuman/huag003",TRUE,FALSE,"Oxford University Press (OUP)","Journal of Human Rights Practice","1757-9619","1757-9619","1757-9627","1757-9619","https://creativecommons.org/licenses/by/4.0/",TRUE,NA,NA,NA,NA,FALSE,"oxf2024ie","03bea9k73_oxf2024ie_2026"
"Maynooth University",2026,NA,"10.1093/jimmun/vkag073",TRUE,FALSE,"Oxford University Press (OUP)","The Journal of Immunology","0022-1767","0022-1767","1550-6606","0022-1767","https://creativecommons.org/licenses/by/4.0/",TRUE,"42054076",NA,NA,NA,FALSE,"oxf2024ie","048nfjm95_oxf2024ie_2026"
"Atlantic Technological University",2026,NA,"10.1093/nutrit/nuag063",TRUE,FALSE,"Oxford University Press (OUP)","Nutrition Reviews","0029-6643","0029-6643","1753-4887","0029-6643","https://creativecommons.org/licenses/by-nc-nd/4.0/",TRUE,"42176340",NA,NA,NA,FALSE,"oxf2024ie","0458dap48_oxf2024ie_2026"
"University of Galway",2026,NA,"10.1093/stmcls/sxag015",TRUE,FALSE,"Oxford University Press (OUP)","STEM CELLS","1066-5099","1066-5099","1549-4918","1066-5099","https://creativecommons.org/licenses/by/4.0/",TRUE,"41903207","PMC13199064",NA,NA,FALSE,"oxf2024ie","03bea9k73_oxf2024ie_2026"
"Trinity College Dublin",2026,NA,"10.1093/ageing/afag135",TRUE,FALSE,"Oxford University Press (OUP)","Age and Ageing","0002-0729","0002-0729","1468-2834","0002-0729","https://creativecommons.org/licenses/by/4.0/",TRUE,"42160766","PMC13189271",NA,NA,FALSE,"oxf2024ie","02tyrky19_oxf2024ie_2026"
"Trinity College Dublin",2026,NA,"10.1093/ageing/afag174",TRUE,FALSE,"Oxford University Press (OUP)","Age and Ageing","0002-0729","0002-0729","1468-2834","0002-0729","https://creativecommons.org/licenses/by-nc-nd/4.0/",TRUE,"42328804","PMC13284709",NA,NA,FALSE,"oxf2024ie","02tyrky19_oxf2024ie_2026"
"University College Dublin",2025,NA,"10.1093/ecco-jcc/jjaf211",TRUE,FALSE,"Oxford University Press (OUP)","Journal of Crohn's and Colitis","1873-9946","1873-9946","1876-4479","1873-9946","https://creativecommons.org/licenses/by-nc/4.0/",TRUE,"41514169","PMC13242946",NA,NA,FALSE,"oxf2024ie","05m7pjf47_oxf2024ie_2025"
"University College Cork",2026,NA,"10.1093/ecco-jcc/jjag039",TRUE,FALSE,"Oxford University Press (OUP)","Journal of Crohn's and Colitis","1873-9946","1873-9946","1876-4479","1873-9946","https://creativecommons.org/licenses/by-nc/4.0/",TRUE,"42166713","PMC13193586",NA,NA,FALSE,"oxf2024ie","03265fv13_oxf2024ie_2026"
"University College Cork",2026,NA,"10.1093/ecco-jcc/jjag076",TRUE,FALSE,"Oxford University Press (OUP)","Journal of Crohn's and Colitis","1873-9946","1873-9946","1876-4479","1873-9946","https://creativecommons.org/licenses/by-nc/4.0/",TRUE,"42315148","PMC13278771",NA,NA,FALSE,"oxf2024ie","03265fv13_oxf2024ie_2026"
"Trinity College Dublin",2026,NA,"10.1093/ehr/ceag051",TRUE,FALSE,"Oxford University Press (OUP)","The English Historical Review","0013-8266","0013-8266","1477-4534","0013-8266","https://creativecommons.org/licenses/by-nc-nd/4.0/",TRUE,NA,NA,NA,NA,FALSE,"oxf2024ie","02tyrky19_oxf2024ie_2026"
"University College Cork",2025,NA,"10.1093/femsle/fnaf144",TRUE,FALSE,"Oxford University Press (OUP)","FEMS Microbiology Letters","1574-6968",NA,"1574-6968","0378-1097","https://creativecommons.org/licenses/by-nc-nd/4.0/",TRUE,"41848567","PMC13017692",NA,NA,FALSE,"oxf2024ie","03265fv13_oxf2024ie_2025"
"Trinity College Dublin",2026,NA,"10.1093/ibd/izag107",TRUE,FALSE,"Oxford University Press (OUP)","Inflammatory Bowel Diseases","1078-0998","1078-0998","1536-4844","1078-0998","https://creativecommons.org/licenses/by-nc/4.0/",TRUE,"42322204","PMC13414547",NA,NA,FALSE,"oxf2024ie","02tyrky19_oxf2024ie_2026"
"Trinity College Dublin",2026,NA,"10.1093/icon/moag041",TRUE,FALSE,"Oxford University Press (OUP)","International Journal Of Constitutional Law","1474-2640","1474-2640","1474-2659","1474-2640","https://creativecommons.org/licenses/by/4.0/",TRUE,NA,NA,NA,NA,FALSE,"oxf2024ie","02tyrky19_oxf2024ie_2026"
"Dublin City University",2026,NA,"10.1093/isq/sqag039",TRUE,FALSE,"Oxford University Press (OUP)","International Studies Quarterly","0020-8833","0020-8833","1468-2478","0020-8833","https://creativecommons.org/licenses/by-nc-nd/4.0/",TRUE,NA,NA,NA,NA,FALSE,"oxf2024ie","04a1a1e81_oxf2024ie_2026"
"University College Cork",2026,NA,"10.1093/jambio/lxag124",TRUE,FALSE,"Oxford University Press (OUP)","Journal of Applied Microbiology","1365-2672",NA,"1365-2672","1364-5072","https://creativecommons.org/licenses/by/4.0/",TRUE,"42172045",NA,NA,NA,FALSE,"oxf2024ie","03265fv13_oxf2024ie_2026"
"Teagasc",2026,NA,"10.1093/jas/skag145",TRUE,FALSE,"Oxford University Press (OUP)","Journal of Animal Science","0021-8812","0021-8812","1525-3163","0021-8812","https://creativecommons.org/licenses/by/4.0/",TRUE,"42080705","PMC13221719",NA,NA,FALSE,"oxf2024ie","03sx84n71_oxf2024ie_2026"
"University College Dublin",2026,NA,"10.1093/jiplp/jpag061",TRUE,FALSE,"Oxford University Press (OUP)","Journal of Intellectual Property Law & Practice","1747-1532","1747-1532","1747-1540","1747-1532","https://creativecommons.org/licenses/by-nc-nd/4.0/",TRUE,NA,NA,NA,NA,FALSE,"oxf2024ie","05m7pjf47_oxf2024ie_2026"
"University College Dublin",2026,NA,"10.1093/jiplp/jpag066",TRUE,FALSE,"Oxford University Press (OUP)","Journal of Intellectual Property Law & Practice","1747-1532","1747-1532","1747-1540","1747-1532","https://creativecommons.org/licenses/by-nc-nd/4.0/",TRUE,NA,NA,NA,NA,FALSE,"oxf2024ie","05m7pjf47_oxf2024ie_2026"
"University of Galway",2026,NA,"10.1093/jiplp/jpag070",TRUE,FALSE,"Oxford University Press (OUP)","Journal of Intellectual Property Law & Practice","1747-1532","1747-1532","1747-1540","1747-1532","https://creativecommons.org/licenses/by-nc-nd/4.0/",TRUE,NA,NA,NA,NA,FALSE,"oxf2024ie","03bea9k73_oxf2024ie_2026"
"University College Cork",2026,NA,"10.1093/pubmed/fdag037",TRUE,FALSE,"Oxford University Press (OUP)","Journal of Public Health","1741-3842","1741-3842","1741-3850","1741-3842","https://creativecommons.org/licenses/by/4.0/",TRUE,"42139007","PMC13223579",NA,NA,FALSE,"oxf2024ie","03265fv13_oxf2024ie_2026"
"University College Dublin",2026,NA,"10.1093/reprod/xaag054",TRUE,FALSE,"Oxford University Press (OUP)","Reproduction","1470-1626","1470-1626","1741-7899","1470-1626","https://creativecommons.org/licenses/by/4.0/",TRUE,"42104139",NA,NA,NA,FALSE,"oxf2024ie","05m7pjf47_oxf2024ie_2026"
"Trinity College Dublin",2026,NA,"10.1093/rheumatology/keag246",TRUE,FALSE,"Oxford University Press (OUP)","Rheumatology","1462-0324","1462-0324","1462-0332","1462-0324","https://creativecommons.org/licenses/by/4.0/",TRUE,"42104161","PMC13275133",NA,NA,FALSE,"oxf2024ie","02tyrky19_oxf2024ie_2026"
"University College Dublin",2026,NA,"10.1093/schbul/sbag071",TRUE,FALSE,"Oxford University Press (OUP)","Schizophrenia Bulletin","0586-7614","0586-7614","1745-1701","0586-7614","https://creativecommons.org/licenses/by/4.0/",TRUE,"42104793","PMC13156487",NA,NA,FALSE,"oxf2024ie","05m7pjf47_oxf2024ie_2026"
"Dublin City University",2026,NA,"10.1093/teamat/hrag013",TRUE,FALSE,"Oxford University Press (OUP)","Teaching Mathematics and its Applications: An International Journal of the IMA","0268-3679","0268-3679","1471-6976","0268-3679","http://creativecommons.org/licenses/by-nc/4.0/",TRUE,NA,NA,NA,NA,FALSE,"oxf2024ie","04a1a1e81_oxf2024ie_2026"
"University College Dublin",2026,NA,"10.1093/inteam/vjag032",TRUE,FALSE,"Oxford University Press (OUP)","Integrated Environmental Assessment and Management","1551-3777","1551-3777","1551-3793","1551-3777","https://creativecommons.org/licenses/by/4.0/",TRUE,"41712747",NA,NA,NA,FALSE,"oxf2024ie","05m7pjf47_oxf2024ie_2026"
"University College Dublin",2026,NA,"10.1093/intqhc/mzag090",TRUE,FALSE,"Oxford University Press (OUP)","International Journal for Quality in Health Care","1353-4505","1353-4505","1464-3677","1353-4505","https://creativecommons.org/licenses/by-nc-nd/4.0/",TRUE,"42330363","PMC13322961",NA,NA,FALSE,"oxf2024ie","05m7pjf47_oxf2024ie_2026"
"University College Dublin",2026,NA,"10.1093/jdh/epag017",TRUE,FALSE,"Oxford University Press (OUP)","Journal Of Design History","0952-4649","0952-4649","1741-7279","0952-4649","https://creativecommons.org/licenses/by/4.0/",TRUE,NA,NA,NA,NA,FALSE,"oxf2024ie","05m7pjf47_oxf2024ie_2026"
"Maynooth University",2026,NA,"10.1093/jdsade/enag036",TRUE,FALSE,"Oxford University Press (OUP)","Journal of Deaf Studies and Deaf Education","1081-4159","1081-4159","1465-7325","1081-4159","https://creativecommons.org/licenses/by/4.0/",TRUE,"42335292","PMC13595087",NA,NA,FALSE,"oxf2024ie","048nfjm95_oxf2024ie_2026"
"South East Technological University",2026,NA,"10.1371/journal.pone.0348055",FALSE,FALSE,"Public Library of Science (PLoS)","PLOS ONE","1932-6203",NA,"1932-6203","1932-6203","http://creativecommons.org/licenses/by/4.0/",TRUE,"42060712","PMC13132420",NA,NA,TRUE,"plos2026ie","03fgx6868_plos2026ie_2026"
"South East Technological University",2026,NA,"10.1371/journal.pone.0346770",FALSE,FALSE,"Public Library of Science (PLoS)","PLOS ONE","1932-6203",NA,"1932-6203","1932-6203","http://creativecommons.org/licenses/by/4.0/",TRUE,"41996398","PMC13089751",NA,NA,TRUE,"plos2026ie","03fgx6868_plos2026ie_2026"
"Trinity College Dublin",2026,NA,"10.1371/journal.pone.0346684",FALSE,FALSE,"Public Library of Science (PLoS)","PLOS ONE","1932-6203",NA,"1932-6203","1932-6203","http://creativecommons.org/licenses/by/4.0/",TRUE,"42008532","PMC13095099",NA,NA,TRUE,"plos2026ie","02tyrky19_plos2026ie_2026"
"Trinity College Dublin",2026,NA,"10.1371/journal.pone.0347753",FALSE,FALSE,"Public Library of Science (PLoS)","PLOS ONE","1932-6203",NA,"1932-6203","1932-6203","http://creativecommons.org/licenses/by/4.0/",TRUE,"42102030","PMC13155618",NA,NA,TRUE,"plos2026ie","02tyrky19_plos2026ie_2026"
"University College Cork",2026,NA,"10.1371/journal.pone.0338282",FALSE,FALSE,"Public Library of Science (PLoS)","PLOS ONE","1932-6203",NA,"1932-6203","1932-6203","http://creativecommons.org/licenses/by/4.0/",TRUE,"42060680","PMC13132449",NA,NA,TRUE,"plos2026ie","03265fv13_plos2026ie_2026"
"University College Cork",2026,NA,"10.1371/journal.pone.0346984",FALSE,FALSE,"Public Library of Science (PLoS)","PLOS ONE","1932-6203",NA,"1932-6203","1932-6203","http://creativecommons.org/licenses/by/4.0/",TRUE,"42085385","PMC13143119",NA,NA,TRUE,"plos2026ie","03265fv13_plos2026ie_2026"
"University College Cork",2026,NA,"10.1371/journal.pone.0348773",FALSE,FALSE,"Public Library of Science (PLoS)","PLOS ONE","1932-6203",NA,"1932-6203","1932-6203","http://creativecommons.org/licenses/by/4.0/",TRUE,"42102053","PMC13155543",NA,NA,TRUE,"plos2026ie","03265fv13_plos2026ie_2026"
"University of Galway",2026,NA,"10.1371/journal.pgen.1011851",FALSE,FALSE,"Public Library of Science (PLoS)","PLOS Genetics","1553-7404",NA,"1553-7404","1553-7390","http://creativecommons.org/licenses/by/4.0/",TRUE,"41941540","PMC13068326",NA,NA,TRUE,"plos2026ie","03bea9k73_plos2026ie_2026"
"Munster Technological University",2026,NA,"10.1371/journal.pone.0346874",FALSE,FALSE,"Public Library of Science (PLoS)","PLOS ONE","1932-6203",NA,"1932-6203","1932-6203","http://creativecommons.org/licenses/by/4.0/",TRUE,"41990019","PMC13086327",NA,NA,TRUE,"plos2026ie","013xpqh61_plos2026ie_2026"
"Atlantic Technological University",2026,NA,"10.1371/journal.pone.0348021",FALSE,FALSE,"Public Library of Science (PLoS)","PLOS ONE","1932-6203",NA,"1932-6203","1932-6203","http://creativecommons.org/licenses/by/4.0/",TRUE,"42090371","PMC13148673",NA,NA,TRUE,"plos2026ie","0458dap48_plos2026ie_2026"
"University College Dublin",2026,NA,"10.1371/journal.pone.0342279",FALSE,FALSE,"Public Library of Science (PLoS)","PLOS ONE","1932-6203",NA,"1932-6203","1932-6203","http://creativecommons.org/licenses/by/4.0/",TRUE,"42113850","PMC13160332",NA,NA,TRUE,"plos2026ie","05m7pjf47_plos2026ie_2026"
"University College Dublin",2026,NA,"10.1371/journal.pcbi.1014209",FALSE,FALSE,"Public Library of Science (PLoS)","PLOS Computational Biology","1553-7358",NA,"1553-7358","1553-734X","http://creativecommons.org/licenses/by/4.0/",TRUE,"42044089","PMC13119895",NA,NA,TRUE,"plos2026ie","05m7pjf47_plos2026ie_2026"
"University College Dublin",2026,NA,"10.1371/journal.pdig.0001373",FALSE,FALSE,"Public Library of Science (PLoS)","PLOS Digital Health","2767-3170",NA,"2767-3170","2767-3170","http://creativecommons.org/licenses/by/4.0/",TRUE,"42060626","PMC13132241",NA,NA,TRUE,"plos2026ie","05m7pjf47_plos2026ie_2026"
"University College Dublin",2026,NA,"10.1371/journal.pone.0345667",FALSE,FALSE,"Public Library of Science (PLoS)","PLOS ONE","1932-6203",NA,"1932-6203","1932-6203","http://creativecommons.org/licenses/by/4.0/",TRUE,"41984894","PMC13082708",NA,NA,TRUE,"plos2026ie","05m7pjf47_plos2026ie_2026"
"Technological University Dublin",2026,NA,"10.1371/journal.pone.0347176",FALSE,FALSE,"Public Library of Science (PLoS)","PLOS ONE","1932-6203",NA,"1932-6203","1932-6203","http://creativecommons.org/licenses/by/4.0/",TRUE,"42102055","PMC13155631",NA,NA,TRUE,"plos2026ie","04t0qbt32_plos2026ie_2026"
"Dublin City University",2026,NA,"10.1371/journal.pone.0349785",FALSE,FALSE,"Public Library of Science (PLoS)","PLOS ONE","1932-6203",NA,"1932-6203","1932-6203","http://creativecommons.org/licenses/by/4.0/",TRUE,"42213737","PMC13221067",NA,NA,TRUE,"plos2026ie","04a1a1e81_plos2026ie_2026"
"Dublin City University",2026,NA,"10.1371/journal.pone.0351253",FALSE,FALSE,"Public Library of Science (PLoS)","PLOS ONE","1932-6203",NA,"1932-6203","1932-6203","http://creativecommons.org/licenses/by/4.0/",TRUE,"42268835","PMC13252725",NA,NA,TRUE,"plos2026ie","04a1a1e81_plos2026ie_2026"
"Dublin City University",2026,NA,"10.1371/journal.pone.0299411",FALSE,FALSE,"Public Library of Science (PLoS)","PLOS ONE","1932-6203",NA,"1932-6203","1932-6203","http://creativecommons.org/licenses/by/4.0/",TRUE,"42302232","PMC13271751",NA,NA,TRUE,"plos2026ie","04a1a1e81_plos2026ie_2026"
"Trinity College Dublin",2026,NA,"10.1371/journal.pcbi.1014301",FALSE,FALSE,"Public Library of Science (PLoS)","PLOS Computational Biology","1553-7358",NA,"1553-7358","1553-734X","http://creativecommons.org/licenses/by/4.0/",TRUE,"42149919","PMC13221153",NA,NA,TRUE,"plos2026ie","02tyrky19_plos2026ie_2026"
"Trinity College Dublin",2026,NA,"10.1371/journal.pcbi.1013463",FALSE,FALSE,"Public Library of Science (PLoS)","PLOS Computational Biology","1553-7358",NA,"1553-7358","1553-734X","http://creativecommons.org/licenses/by/4.0/",TRUE,"42127149","PMC13183287",NA,NA,TRUE,"plos2026ie","02tyrky19_plos2026ie_2026"
"Technological University Dublin",2026,NA,"10.1371/journal.pcbi.1013581",FALSE,FALSE,"Public Library of Science (PLoS)","PLOS Computational Biology","1553-7358",NA,"1553-7358","1553-734X","http://creativecommons.org/licenses/by/4.0/",TRUE,"42189895","PMC13235922",NA,NA,TRUE,"plos2026ie","04t0qbt32_plos2026ie_2026"
"University College Cork",2026,NA,"10.1371/journal.pone.0349670",FALSE,FALSE,"Public Library of Science (PLoS)","PLOS ONE","1932-6203",NA,"1932-6203","1932-6203","http://creativecommons.org/licenses/by/4.0/",TRUE,"42201920","PMC13215509",NA,NA,TRUE,"plos2026ie","03265fv13_plos2026ie_2026"
"University College Dublin",2026,NA,"10.1371/journal.pone.0349885",FALSE,FALSE,"Public Library of Science (PLoS)","PLOS ONE","1932-6203",NA,"1932-6203","1932-6203","http://creativecommons.org/licenses/by/4.0/",TRUE,"42207738","PMC13218511",NA,NA,TRUE,"plos2026ie","05m7pjf47_plos2026ie_2026"
"University College Dublin",2026,NA,"10.1371/journal.pone.0348445",FALSE,FALSE,"Public Library of Science (PLoS)","PLOS ONE","1932-6203",NA,"1932-6203","1932-6203","http://creativecommons.org/licenses/by/4.0/",TRUE,"42234728","PMC13232946",NA,NA,TRUE,"plos2026ie","05m7pjf47_plos2026ie_2026"
"University College Dublin",2026,NA,"10.1371/journal.pone.0349197",FALSE,FALSE,"Public Library of Science (PLoS)","PLOS ONE","1932-6203",NA,"1932-6203","1932-6203","http://creativecommons.org/licenses/by/4.0/",TRUE,"42149815","PMC13183206",NA,NA,TRUE,"plos2026ie","05m7pjf47_plos2026ie_2026"
"University College Dublin",2026,NA,"10.1371/journal.pone.0350624",FALSE,FALSE,"Public Library of Science (PLoS)","PLOS ONE","1932-6203",NA,"1932-6203","1932-6203","http://creativecommons.org/licenses/by/4.0/",TRUE,"42224229","PMC13225430",NA,NA,TRUE,"plos2026ie","05m7pjf47_plos2026ie_2026"
"University College Dublin",2026,NA,"10.1371/journal.pone.0349303",FALSE,FALSE,"Public Library of Science (PLoS)","PLOS ONE","1932-6203",NA,"1932-6203","1932-6203","http://creativecommons.org/licenses/by/4.0/",TRUE,"42127084","PMC13170838",NA,NA,TRUE,"plos2026ie","05m7pjf47_plos2026ie_2026"
"University of Galway",2026,NA,"10.1371/journal.pgen.1011949",FALSE,FALSE,"Public Library of Science (PLoS)","PLOS Genetics","1553-7404",NA,"1553-7404","1553-7390","http://creativecommons.org/licenses/by/4.0/",TRUE,"42102131","PMC13178975",NA,NA,TRUE,"plos2026ie","03bea9k73_plos2026ie_2026"
"University of Galway",2026,NA,"10.1371/journal.pone.0337017",FALSE,FALSE,"Public Library of Science (PLoS)","PLOS ONE","1932-6203",NA,"1932-6203","1932-6203","http://creativecommons.org/licenses/by/4.0/",TRUE,"42268793","PMC13252789",NA,NA,TRUE,"plos2026ie","03bea9k73_plos2026ie_2026"
"University of Limerick",2026,NA,"10.1371/journal.pone.0334989",FALSE,FALSE,"Public Library of Science (PLoS)","PLOS ONE","1932-6203",NA,"1932-6203","1932-6203","http://creativecommons.org/licenses/by/4.0/",TRUE,"42172292","PMC13197080",NA,NA,TRUE,"plos2026ie","00a0n9e72_plos2026ie_2026"
"South East Technological University",2026,NA,"10.1371/journal.pone.0353466",FALSE,FALSE,"Public Library of Science (PLoS)","PLOS ONE","1932-6203",NA,"1932-6203","1932-6203","http://creativecommons.org/licenses/by/4.0/",TRUE,"42424403","PMC13349137",NA,NA,TRUE,"plos2026ie","03fgx6868_plos2026ie_2026"
"Trinity College Dublin",2026,NA,"10.1371/journal.pone.0352160",FALSE,FALSE,"Public Library of Science (PLoS)","PLOS ONE","1932-6203",NA,"1932-6203","1932-6203","http://creativecommons.org/licenses/by/4.0/",TRUE,"42391194","PMC13327205",NA,NA,TRUE,"plos2026ie","02tyrky19_plos2026ie_2026"
"Technological University Dublin",2026,NA,"10.1371/journal.pone.0351473",FALSE,FALSE,"Public Library of Science (PLoS)","PLOS ONE","1932-6203",NA,"1932-6203","1932-6203","http://creativecommons.org/licenses/by/4.0/",TRUE,"42418422","PMC13345234",NA,NA,TRUE,"plos2026ie","04t0qbt32_plos2026ie_2026"
"University of Limerick",2026,NA,"10.1371/journal.pone.0352500",FALSE,FALSE,"Public Library of Science (PLoS)","PLOS ONE","1932-6203",NA,"1932-6203","1932-6203","http://creativecommons.org/licenses/by/4.0/",TRUE,"42424261","PMC13349198",NA,NA,TRUE,"plos2026ie","00a0n9e72_plos2026ie_2026"
"Technological University Dublin",2026,NA,"10.1039/d6tc00131a",TRUE,FALSE,"Royal Society of Chemistry (RSC)","Journal of Materials Chemistry C","2050-7526","2050-7526","2050-7534","2050-7526","http://creativecommons.org/licenses/by-nc/3.0/",TRUE,NA,NA,NA,NA,FALSE,"rsc2025ie","04t0qbt32_rsc2025ie_2026"
"Trinity College Dublin",2026,NA,"10.1039/d6tc00832a",TRUE,FALSE,"Royal Society of Chemistry (RSC)","Journal of Materials Chemistry C","2050-7526","2050-7526","2050-7534","2050-7526","http://creativecommons.org/licenses/by/3.0/",TRUE,NA,NA,NA,NA,FALSE,"rsc2025ie","02tyrky19_rsc2025ie_2026"
"University College Cork",2026,NA,"10.1039/d5fb00945f",TRUE,FALSE,"Royal Society of Chemistry (RSC)","Sustainable Food Technology","2753-8095",NA,"2753-8095","2753-8095","http://creativecommons.org/licenses/by/3.0/",TRUE,NA,NA,NA,NA,TRUE,"rsc2025ie","03265fv13_rsc2025ie_2026"
"University College Dublin",2026,NA,"10.1039/d5su00966a",TRUE,FALSE,"Royal Society of Chemistry (RSC)","RSC Sustainability","2753-8125",NA,"2753-8125","2753-8125","http://creativecommons.org/licenses/by/3.0/",TRUE,NA,NA,NA,NA,TRUE,"rsc2025ie","05m7pjf47_rsc2025ie_2026"
"University College Dublin",2026,NA,"10.1039/d5nr05371d",TRUE,FALSE,"Royal Society of Chemistry (RSC)","Nanoscale","2040-3364","2040-3364","2040-3372","2040-3364","http://creativecommons.org/licenses/by/3.0/",TRUE,"42003439",NA,NA,NA,FALSE,"rsc2025ie","05m7pjf47_rsc2025ie_2026"
"University of Galway",2026,NA,"10.1039/d6nr00519e",TRUE,FALSE,"Royal Society of Chemistry (RSC)","Nanoscale","2040-3364","2040-3364","2040-3372","2040-3364","http://creativecommons.org/licenses/by/3.0/",TRUE,"42093519",NA,NA,NA,FALSE,"rsc2025ie","03bea9k73_rsc2025ie_2026"
"University of Galway",2026,NA,"10.1039/d6bm00195e",TRUE,FALSE,"Royal Society of Chemistry (RSC)","Biomaterials Science","2047-4830","2047-4830","2047-4849","2047-4830","http://creativecommons.org/licenses/by-nc/3.0/",TRUE,"42029068",NA,NA,NA,FALSE,"rsc2025ie","03bea9k73_rsc2025ie_2026"
"University of Limerick",2026,NA,"10.1039/d6ta01463a",TRUE,FALSE,"Royal Society of Chemistry (RSC)","Journal of Materials Chemistry A","2050-7488","2050-7488","2050-7496","2050-7496","http://creativecommons.org/licenses/by/3.0/",TRUE,"42099532","PMC13148129",NA,NA,FALSE,"rsc2025ie","00a0n9e72_rsc2025ie_2026"
"University of Limerick",2026,NA,"10.1039/d6nr00929h",TRUE,FALSE,"Royal Society of Chemistry (RSC)","Nanoscale","2040-3364","2040-3364","2040-3372","2040-3364","http://creativecommons.org/licenses/by/3.0/",TRUE,"42171110",NA,NA,NA,FALSE,"rsc2025ie","00a0n9e72_rsc2025ie_2026"
"Dublin City University",2026,NA,"10.1039/d6tb00152a",TRUE,FALSE,"Royal Society of Chemistry (RSC)","Journal of Materials Chemistry B","2050-750X","2050-750X","2050-7518","2050-750X","http://creativecommons.org/licenses/by/3.0/",TRUE,"42300724",NA,NA,NA,FALSE,"rsc2025ie","04a1a1e81_rsc2025ie_2026"
"Trinity College Dublin",2026,NA,"10.1039/d6su00176a",TRUE,FALSE,"Royal Society of Chemistry (RSC)","RSC Sustainability","2753-8125",NA,"2753-8125","2753-8125","http://creativecommons.org/licenses/by/3.0/",TRUE,NA,NA,NA,NA,TRUE,"rsc2025ie","02tyrky19_rsc2025ie_2026"
"Trinity College Dublin",2026,NA,"10.1039/d6qi00188b",TRUE,FALSE,"Royal Society of Chemistry (RSC)","Inorganic Chemistry Frontiers","2052-1553",NA,"2052-1553","2052-1545","http://creativecommons.org/licenses/by/3.0/",TRUE,NA,NA,NA,NA,FALSE,"rsc2025ie","02tyrky19_rsc2025ie_2026"
"University College Dublin",2026,NA,"10.1039/d6na00088f",TRUE,FALSE,"Royal Society of Chemistry (RSC)","Nanoscale Advances","2516-0230",NA,"2516-0230","2516-0230","http://creativecommons.org/licenses/by/3.0/",TRUE,"42272762","PMC13248886",NA,NA,TRUE,"rsc2025ie","05m7pjf47_rsc2025ie_2026"
"University of Galway",2026,NA,"10.1039/d6ma00263c",TRUE,FALSE,"Royal Society of Chemistry (RSC)","Materials Advances","2633-5409",NA,"2633-5409","2633-5409","http://creativecommons.org/licenses/by/3.0/",TRUE,NA,NA,NA,NA,TRUE,"rsc2025ie","03bea9k73_rsc2025ie_2026"
"University of Limerick",2026,NA,"10.1039/d5ma01478f",TRUE,FALSE,"Royal Society of Chemistry (RSC)","Materials Advances","2633-5409",NA,"2633-5409","2633-5409","http://creativecommons.org/licenses/by/3.0/",TRUE,NA,NA,NA,NA,TRUE,"rsc2025ie","00a0n9e72_rsc2025ie_2026"
"University of Limerick",2026,NA,"10.1039/d6cc01363e",TRUE,FALSE,"Royal Society of Chemistry (RSC)","Chemical Communications","1359-7345","1359-7345","1364-548X","1359-7345","http://creativecommons.org/licenses/by/3.0/",TRUE,"42300147",NA,NA,NA,FALSE,"rsc2025ie","00a0n9e72_rsc2025ie_2026"
"Maynooth University",2026,NA,"10.1177/00111287261440146",TRUE,FALSE,"SAGE Publications","Crime & Delinquency","0011-1287","0011-1287","1552-387X","0011-1287","https://creativecommons.org/licenses/by/4.0/",TRUE,NA,NA,NA,NA,FALSE,"sage2024ie","048nfjm95_sage2024ie_2026"
"University College Cork",2026,NA,"10.1177/00220345261442955",TRUE,FALSE,"SAGE Publications","Journal of Dental Research","0022-0345","0022-0345","1544-0591","0022-0345","https://creativecommons.org/licenses/by/4.0/",TRUE,"42200307",NA,NA,NA,FALSE,"sage2024ie","03265fv13_sage2024ie_2026"
"University of Galway",2026,NA,"10.1177/01650254261441509",TRUE,FALSE,"SAGE Publications","International Journal of Behavioral Development","0165-0254","0165-0254","1464-0651","0165-0254","https://creativecommons.org/licenses/by-nc/4.0/",TRUE,NA,NA,NA,NA,FALSE,"sage2024ie","03bea9k73_sage2024ie_2026"
"University of Limerick",2026,NA,"10.1177/17449871261429343",TRUE,FALSE,"SAGE Publications","Journal of Research in Nursing","1744-9871","1744-9871","1744-988X","1744-9871","https://creativecommons.org/licenses/by-nc/4.0/",TRUE,"42110349","PMC13152997",NA,NA,FALSE,"sage2024ie","00a0n9e72_sage2024ie_2026"
"University College Dublin",2026,NA,"10.1177/17479541261421589",TRUE,FALSE,"SAGE Publications","International Journal of Sports Science & Coaching","1747-9541","1747-9541","2048-397X","1747-9541","https://creativecommons.org/licenses/by/4.0/",TRUE,NA,NA,NA,NA,FALSE,"sage2024ie","05m7pjf47_sage2024ie_2026"
"Maynooth University",2026,NA,"10.1177/00187267261445807",TRUE,FALSE,"SAGE Publications","Human Relations","0018-7267","0018-7267","1741-282X","0018-7267","https://creativecommons.org/licenses/by-nc/4.0/",TRUE,NA,NA,NA,NA,FALSE,"sage2024ie","048nfjm95_sage2024ie_2026"
"University College Dublin",2026,NA,"10.1177/00197939261446954",TRUE,FALSE,"SAGE Publications","ILR Review","0019-7939","0019-7939","2162-271X","0019-7939","https://creativecommons.org/licenses/by-nc/4.0/",TRUE,NA,NA,NA,NA,FALSE,"sage2024ie","05m7pjf47_sage2024ie_2026"
"Maynooth University",2026,NA,"10.1177/00207152261457407",TRUE,FALSE,"SAGE Publications","International Journal of Comparative Sociology","0020-7152","0020-7152","1745-2554","0020-7152","https://creativecommons.org/licenses/by-nc/4.0/",TRUE,NA,NA,NA,NA,FALSE,"sage2024ie","048nfjm95_sage2024ie_2026"
"Trinity College Dublin",2026,NA,"10.1177/00218863261450213",TRUE,FALSE,"SAGE Publications","The Journal of Applied Behavioral Science","0021-8863","0021-8863","1552-6879","0021-8863","https://creativecommons.org/licenses/by/4.0/",TRUE,NA,NA,NA,NA,FALSE,"sage2024ie","02tyrky19_sage2024ie_2026"
"University of Limerick",2026,NA,"10.1177/00315125261454746",TRUE,FALSE,"SAGE Publications","Perceptual and Motor Skills","0031-5125","0031-5125","1558-688X","0031-5125","https://creativecommons.org/licenses/by/4.0/",TRUE,"42179076",NA,NA,NA,FALSE,"sage2024ie","00a0n9e72_sage2024ie_2026"
"University College Dublin",2026,NA,"10.1177/00332941261450879",TRUE,FALSE,"SAGE Publications","Psychological Reports","0033-2941","0033-2941","1558-691X","0033-2941","https://creativecommons.org/licenses/by-nc/4.0/",TRUE,"42155110",NA,NA,NA,FALSE,"sage2024ie","05m7pjf47_sage2024ie_2026"
"University of Limerick",2026,NA,"10.1177/00938548261456567",TRUE,FALSE,"SAGE Publications","Criminal Justice and Behavior","0093-8548","0093-8548","1552-3594","0093-8548","https://creativecommons.org/licenses/by-nc/4.0/",TRUE,NA,NA,NA,NA,FALSE,"sage2024ie","00a0n9e72_sage2024ie_2026"
"Maynooth University",2026,NA,"10.1177/01708406261447697",TRUE,FALSE,"SAGE Publications","Organization Studies","0170-8406","0170-8406","1741-3044","0170-8406","https://creativecommons.org/licenses/by-nc/4.0/",TRUE,NA,NA,NA,NA,FALSE,"sage2024ie","048nfjm95_sage2024ie_2026"
"Dublin City University",2026,NA,"10.1177/02662426261458753",TRUE,FALSE,"SAGE Publications","International Small Business Journal: Researching Entrepreneurship","0266-2426","0266-2426","1741-2870","0266-2426","https://creativecommons.org/licenses/by/4.0/",TRUE,NA,NA,NA,NA,FALSE,"sage2024ie","04a1a1e81_sage2024ie_2026"
"University College Cork",2026,NA,"10.1177/02692155261444570",TRUE,FALSE,"SAGE Publications","Clinical Rehabilitation","0269-2155","0269-2155","1477-0873","0269-2155","https://creativecommons.org/licenses/by-nc/4.0/",TRUE,"42089701",NA,NA,NA,FALSE,"sage2024ie","03265fv13_sage2024ie_2026"
"University College Dublin",2026,NA,"10.1177/02692163261446187",TRUE,FALSE,"SAGE Publications","Palliative Medicine","0269-2163","0269-2163","1477-030X","0269-2163","https://creativecommons.org/licenses/by-nc/4.0/",TRUE,"42183593","PMC13478421",NA,NA,FALSE,"sage2024ie","05m7pjf47_sage2024ie_2026"
"University College Dublin",2026,NA,"10.1177/03091325261455049",TRUE,FALSE,"SAGE Publications","Progress in Human Geography","0309-1325","0309-1325","1477-0288","0309-1325","https://creativecommons.org/licenses/by-nc/4.0/",TRUE,NA,NA,NA,NA,FALSE,"sage2024ie","05m7pjf47_sage2024ie_2026"
"University of Limerick",2026,NA,"10.1177/03098168261459826",TRUE,FALSE,"SAGE Publications","Capital & Class","0309-8168","0309-8168","2041-0980","0309-8168","https://creativecommons.org/licenses/by-nc/4.0/",TRUE,NA,NA,NA,NA,FALSE,"sage2024ie","00a0n9e72_sage2024ie_2026"
"Maynooth University",2026,NA,"10.1177/03324893261455700",TRUE,FALSE,"SAGE Publications","Irish Economic and Social History","0332-4893","0332-4893","2050-4918","0332-4893","https://creativecommons.org/licenses/by-nc/4.0/",TRUE,NA,NA,NA,NA,FALSE,"sage2024ie","048nfjm95_sage2024ie_2026"
"Trinity College Dublin",2026,NA,"10.1177/07916035261452124",TRUE,FALSE,"SAGE Publications","Irish Journal of Sociology","0791-6035","0791-6035","2050-5280","0791-6035","https://creativecommons.org/licenses/by-nc/4.0/",TRUE,NA,NA,NA,NA,FALSE,"sage2024ie","02tyrky19_sage2024ie_2026"
"Trinity College Dublin",2026,NA,"10.1177/07916035261452196",TRUE,FALSE,"SAGE Publications","Irish Journal of Sociology","0791-6035","0791-6035","2050-5280","0791-6035","https://creativecommons.org/licenses/by/4.0/",TRUE,NA,NA,NA,NA,FALSE,"sage2024ie","02tyrky19_sage2024ie_2026"
"University of Galway",2026,NA,"10.1177/07916035261452530",TRUE,FALSE,"SAGE Publications","Irish Journal of Sociology","0791-6035","0791-6035","2050-5280","0791-6035","https://creativecommons.org/licenses/by/4.0/",TRUE,NA,NA,NA,NA,FALSE,"sage2024ie","03bea9k73_sage2024ie_2026"
"Technological University of the Shannon: Midlands Midwest",2026,NA,"10.1177/07916035261456951",TRUE,FALSE,"SAGE Publications","Irish Journal of Sociology","0791-6035","0791-6035","2050-5280","0791-6035","https://creativecommons.org/licenses/by-nc/4.0/",TRUE,NA,NA,NA,NA,FALSE,"sage2024ie","04efm0253_sage2024ie_2026"
"Trinity College Dublin",2026,NA,"10.1177/07916035261459335",TRUE,FALSE,"SAGE Publications","Irish Journal of Sociology","0791-6035","0791-6035","2050-5280","0791-6035","https://creativecommons.org/licenses/by-nc/4.0/",TRUE,NA,NA,NA,NA,FALSE,"sage2024ie","02tyrky19_sage2024ie_2026"
"Trinity College Dublin",2026,NA,"10.1177/07916035261462712",TRUE,FALSE,"SAGE Publications","Irish Journal of Sociology","0791-6035","0791-6035","2050-5280","0791-6035","https://creativecommons.org/licenses/by-nc/4.0/",TRUE,NA,NA,NA,NA,FALSE,"sage2024ie","02tyrky19_sage2024ie_2026"
"University of Limerick",2026,NA,"10.1177/08438714261452784",TRUE,FALSE,"SAGE Publications","International Journal of Maritime History","0843-8714","0843-8714","2052-7756","0843-8714","https://creativecommons.org/licenses/by/4.0/",TRUE,NA,NA,NA,NA,FALSE,"sage2024ie","00a0n9e72_sage2024ie_2026"
"Trinity College Dublin",2026,NA,"10.1177/08861099261452633",TRUE,FALSE,"SAGE Publications","Affilia","0886-1099","0886-1099","1552-3020","0886-1099","https://creativecommons.org/licenses/by/4.0/",TRUE,NA,NA,NA,NA,FALSE,"sage2024ie","02tyrky19_sage2024ie_2026"
"University College Cork",2026,NA,"10.1177/09646639261453522",TRUE,FALSE,"SAGE Publications","Social & Legal Studies","0964-6639","0964-6639","1461-7390","0964-6639","https://creativecommons.org/licenses/by/4.0/",TRUE,NA,NA,NA,NA,FALSE,"sage2024ie","03265fv13_sage2024ie_2026"
"Atlantic Technological University",2026,NA,"10.1177/09697764261459295",TRUE,FALSE,"SAGE Publications","European Urban and Regional Studies","0969-7764","0969-7764","1461-7145","0969-7764","https://creativecommons.org/licenses/by-nc/4.0/",TRUE,NA,NA,NA,NA,FALSE,"sage2024ie","0458dap48_sage2024ie_2026"
"University of Galway",2026,NA,"10.1177/09732586261459526",TRUE,FALSE,"SAGE Publications","Journal of Creative Communications","0973-2586","0973-2586","0973-2594","0973-2586","https://creativecommons.org/licenses/by-nc/4.0/",TRUE,NA,NA,NA,NA,FALSE,"sage2024ie","03bea9k73_sage2024ie_2026"
"Trinity College Dublin",2026,NA,"10.1177/09734082261448327",TRUE,FALSE,"SAGE Publications","Journal of Education for Sustainable Development","0973-4082","0973-4082","0973-4074","0973-4082","https://creativecommons.org/licenses/by/4.0/",TRUE,NA,NA,NA,NA,FALSE,"sage2024ie","02tyrky19_sage2024ie_2026"
"University College Dublin",2026,NA,"10.1177/10406387261455839",TRUE,FALSE,"SAGE Publications","Journal of Veterinary Diagnostic Investigation","1040-6387","1040-6387","1943-4936","1040-6387","https://creativecommons.org/licenses/by-nc/4.0/",TRUE,"42381112","PMC13318842",NA,NA,FALSE,"sage2024ie","05m7pjf47_sage2024ie_2026"
"University College Dublin",2026,NA,"10.1177/10870547261439441",TRUE,FALSE,"SAGE Publications","Journal of Attention Disorders","1087-0547","1087-0547","1557-1246","1087-0547","https://creativecommons.org/licenses/by-nc/4.0/",TRUE,"42216782",NA,NA,NA,FALSE,"sage2024ie","05m7pjf47_sage2024ie_2026"
"University College Dublin",2026,NA,"10.1177/10870547261455946",TRUE,FALSE,"SAGE Publications","Journal of Attention Disorders","1087-0547","1087-0547","1557-1246","1087-0547","https://creativecommons.org/licenses/by-nc/4.0/",TRUE,"42216788","PMC13538929",NA,NA,FALSE,"sage2024ie","05m7pjf47_sage2024ie_2026"
"University College Dublin",2026,NA,"10.1177/10870547261459712",TRUE,FALSE,"SAGE Publications","Journal of Attention Disorders","1087-0547","1087-0547","1557-1246","1087-0547","https://creativecommons.org/licenses/by-nc/4.0/",TRUE,"42400277","PMC13538915",NA,NA,FALSE,"sage2024ie","05m7pjf47_sage2024ie_2026"
"University of Limerick",2026,NA,"10.1177/13505084261444675",TRUE,FALSE,"SAGE Publications","Organization","1350-5084","1350-5084","1461-7323","1350-5084","https://creativecommons.org/licenses/by-nc/4.0/",TRUE,NA,NA,NA,NA,FALSE,"sage2024ie","00a0n9e72_sage2024ie_2026"
"University of Limerick",2026,NA,"10.1177/13591053261446886",TRUE,FALSE,"SAGE Publications","Journal of Health Psychology","1359-1053","1359-1053","1461-7277","1359-1053","https://creativecommons.org/licenses/by/4.0/",TRUE,"42152752",NA,NA,NA,FALSE,"sage2024ie","00a0n9e72_sage2024ie_2026"
"Atlantic Technological University",2026,NA,"10.1177/13591053261450561",TRUE,FALSE,"SAGE Publications","Journal of Health Psychology","1359-1053","1359-1053","1461-7277","1359-1053","https://creativecommons.org/licenses/by/4.0/",TRUE,"42216519",NA,NA,NA,FALSE,"sage2024ie","0458dap48_sage2024ie_2026"
"South East Technological University",2026,NA,"10.1177/13623613261448516",TRUE,FALSE,"SAGE Publications","Autism","1362-3613","1362-3613","1461-7005","1362-3613","https://creativecommons.org/licenses/by/4.0/",TRUE,"42218751","PMC13392180",NA,NA,FALSE,"sage2024ie","03fgx6868_sage2024ie_2026"
"Trinity College Dublin",2026,NA,"10.1177/13634615261457225",TRUE,FALSE,"SAGE Publications","Transcultural Psychiatry","1363-4615","1363-4615","1461-7471","1363-4615","https://creativecommons.org/licenses/by-nc/4.0/",TRUE,"42334078",NA,NA,NA,FALSE,"sage2024ie","02tyrky19_sage2024ie_2026"
"Dublin City University",2026,NA,"10.1177/13657127261446741",TRUE,FALSE,"SAGE Publications","The International Journal of Evidence & Proof","1365-7127","1365-7127","1740-5572","1365-7127","https://creativecommons.org/licenses/by/4.0/",TRUE,NA,NA,NA,NA,FALSE,"sage2024ie","04a1a1e81_sage2024ie_2026"
"University of Limerick",2026,NA,"10.1177/14705931261453641",TRUE,FALSE,"SAGE Publications","Marketing Theory","1470-5931","1470-5931","1741-301X","1470-5931","https://creativecommons.org/licenses/by/4.0/",TRUE,NA,NA,NA,NA,FALSE,"sage2024ie","00a0n9e72_sage2024ie_2026"
"University College Dublin",2026,NA,"10.1177/14705931261463092",TRUE,FALSE,"SAGE Publications","Marketing Theory","1470-5931","1470-5931","1741-301X","1470-5931","https://creativecommons.org/licenses/by-nc/4.0/",TRUE,NA,NA,NA,NA,FALSE,"sage2024ie","05m7pjf47_sage2024ie_2026"
"University College Dublin",2026,NA,"10.1177/14705958261464800",TRUE,FALSE,"SAGE Publications","International Journal of Cross Cultural Management","1470-5958","1470-5958","1741-2838","1470-5958","https://creativecommons.org/licenses/by-nc/4.0/",TRUE,NA,NA,NA,NA,FALSE,"sage2024ie","05m7pjf47_sage2024ie_2026"
"Trinity College Dublin",2026,NA,"10.1177/14740222261462144",TRUE,FALSE,"SAGE Publications","Arts and Humanities in Higher Education","1474-0222","1474-0222","1741-265X","1474-0222","https://creativecommons.org/licenses/by-nc/4.0/",TRUE,NA,NA,NA,NA,FALSE,"sage2024ie","02tyrky19_sage2024ie_2026"
"University College Dublin",2026,NA,"10.1177/14759217261456534",TRUE,FALSE,"SAGE Publications","Structural Health Monitoring","1475-9217","1475-9217","1741-3168","1475-9217","https://creativecommons.org/licenses/by-nc/4.0/",TRUE,NA,NA,NA,NA,FALSE,"sage2024ie","05m7pjf47_sage2024ie_2026"
"Maynooth University",2026,NA,"10.1177/17411432261457326",TRUE,FALSE,"SAGE Publications","Educational Management Administration & Leadership","1741-1432","1741-1432","1741-1440","1741-1432","https://creativecommons.org/licenses/by-nc/4.0/",TRUE,NA,NA,NA,NA,FALSE,"sage2024ie","048nfjm95_sage2024ie_2026"
"Munster Technological University",2026,NA,"10.1177/17479541261460816",TRUE,FALSE,"SAGE Publications","International Journal of Sports Science & Coaching","1747-9541","1747-9541","2048-397X","1747-9541","https://creativecommons.org/licenses/by-nc/4.0/",TRUE,NA,NA,NA,NA,FALSE,"sage2024ie","013xpqh61_sage2024ie_2026"
"South East Technological University",2026,NA,"10.1177/26326663261457541",TRUE,FALSE,"SAGE Publications","Incarceration: An international journal of imprisonment, detention and coercive confinement","2632-6663","2632-6663","2632-6663","2632-6663","https://creativecommons.org/licenses/by-nc/4.0/",TRUE,NA,NA,NA,NA,FALSE,"sage2024ie","03fgx6868_sage2024ie_2026"
"Trinity College Dublin",2026,NA,"10.1177/27541258261454928",TRUE,FALSE,"SAGE Publications","Dialogues in Urban Research","2754-1258","2754-1258","2754-1258","2754-1258","https://creativecommons.org/licenses/by-nc/4.0/",TRUE,NA,NA,NA,NA,FALSE,"sage2024ie","02tyrky19_sage2024ie_2026"
"University College Dublin",2026,NA,"10.1177/29768667261452071",TRUE,FALSE,"SAGE Publications","Dialogues in Sociology","2976-8667","2976-8667","2976-8667","2976-8667","https://creativecommons.org/licenses/by-nc/4.0/",TRUE,NA,NA,NA,NA,FALSE,"sage2024ie","05m7pjf47_sage2024ie_2026"
"University College Cork",2026,NA,"10.1038/s41372-025-02547-z",TRUE,FALSE,"Springer Nature","Journal of Perinatology","0743-8346","0743-8346","1476-5543","0743-8346","https://creativecommons.org/licenses/by/4.0",TRUE,"41490924","PMC13290479",NA,NA,FALSE,"sn2025ie","03265fv13_sn2025ie_2026"
"University College Dublin",2026,NA,"10.1007/s10551-025-06230-3",TRUE,FALSE,"Springer Nature","Journal of Business Ethics","0167-4544","0167-4544","1573-0697","0167-4544","https://creativecommons.org/licenses/by/4.0",TRUE,"42827424","PMC13627200",NA,NA,FALSE,"sn2025ie","05m7pjf47_sn2025ie_2026"
"University College Dublin",2026,NA,"10.1007/s10344-025-02045-9",TRUE,FALSE,"Springer Nature","European Journal of Wildlife Research","1612-4642","1612-4642","1439-0574","1439-0574","https://creativecommons.org/licenses/by/4.0",TRUE,NA,NA,NA,NA,FALSE,"sn2025ie","05m7pjf47_sn2025ie_2026"
"University College Dublin",2026,NA,"10.1007/s00291-025-00842-x",TRUE,FALSE,"Springer Nature","OR Spectrum","0171-6468","0171-6468","1436-6304","0171-6468","https://creativecommons.org/licenses/by/4.0",TRUE,NA,NA,NA,NA,FALSE,"sn2025ie","05m7pjf47_sn2025ie_2026"
"University of Limerick",2026,NA,"10.1007/s10805-025-09715-y",TRUE,FALSE,"Springer Nature","Journal of Academic Ethics","1570-1727","1570-1727","1572-8544","1570-1727","https://creativecommons.org/licenses/by/4.0",TRUE,NA,NA,NA,NA,FALSE,"sn2025ie","00a0n9e72_sn2025ie_2026"
"Royal College of Surgeons in Ireland",2026,NA,"10.1007/s11845-025-04262-2",TRUE,FALSE,"Springer Nature","Irish Journal of Medical Science (1971 -)","0021-1265","0021-1265","1863-4362","0021-1265","https://creativecommons.org/licenses/by/4.0",TRUE,"41504818","PMC13190470",NA,NA,FALSE,"sn2025ie","01hxy9878_sn2025ie_2026"
"University of Galway",2026,NA,"10.1038/s41386-025-02305-x",TRUE,FALSE,"Springer Nature","Neuropsychopharmacology","0893-133X","0893-133X","1740-634X","0893-133X","https://creativecommons.org/licenses/by/4.0",TRUE,"41513847","PMC13125613",NA,NA,FALSE,"sn2025ie","03bea9k73_sn2025ie_2026"
"University of Galway",2026,NA,"10.1007/s11136-025-04120-9",TRUE,FALSE,"Springer Nature","Quality of Life Research","0962-9343","0962-9343","1573-2649","0962-9343","https://creativecommons.org/licenses/by/4.0",TRUE,"41511562","PMC12789114",NA,NA,FALSE,"sn2025ie","03bea9k73_sn2025ie_2026"
"University College Cork",2026,NA,"10.1038/s41390-025-04699-2",TRUE,FALSE,"Springer Nature","Pediatric Research","0031-3998","0031-3998","1530-0447","0031-3998","https://creativecommons.org/licenses/by/4.0",TRUE,"41519946",NA,NA,NA,FALSE,"sn2025ie","03265fv13_sn2025ie_2026"
"University College Cork",2026,NA,"10.1007/s40656-025-00714-1",TRUE,FALSE,"Springer Nature","History and Philosophy of the Life Sciences","0391-9714","0391-9714","1742-6316","0391-9714","https://creativecommons.org/licenses/by/4.0",TRUE,"41528421","PMC12799643",NA,NA,FALSE,"sn2025ie","03265fv13_sn2025ie_2026"
"Trinity College Dublin",2026,NA,"10.1007/s40368-026-01162-6",TRUE,FALSE,"Springer Nature","European Archives of Paediatric Dentistry","1818-6300","1818-6300","1996-9805","1818-6300","https://creativecommons.org/licenses/by/4.0",TRUE,"41530608","PMC13331863",NA,NA,FALSE,"sn2025ie","02tyrky19_sn2025ie_2026"
"Royal College of Surgeons in Ireland",2026,NA,"10.1007/s11845-025-04266-y",TRUE,FALSE,"Springer Nature","Irish Journal of Medical Science (1971 -)","0021-1265","0021-1265","1863-4362","0021-1265","https://creativecommons.org/licenses/by/4.0",TRUE,"41528678","PMC13190491",NA,NA,FALSE,"sn2025ie","01hxy9878_sn2025ie_2026"
"University of Galway",2026,NA,"10.1038/s41380-025-03432-z",TRUE,FALSE,"Springer Nature","Molecular Psychiatry","1359-4184","1359-4184","1476-5578","1359-4184","https://creativecommons.org/licenses/by/4.0",TRUE,"41540091","PMC13099646",NA,NA,FALSE,"sn2025ie","03bea9k73_sn2025ie_2026"
"University College Dublin",2026,NA,"10.1007/s00246-026-04161-y",TRUE,FALSE,"Springer Nature","Pediatric Cardiology","0172-0643","0172-0643","1432-1971","0172-0643","https://creativecommons.org/licenses/by/4.0",TRUE,"41543537",NA,NA,NA,FALSE,"sn2025ie","05m7pjf47_sn2025ie_2026"
"University College Dublin",2026,NA,"10.1007/s40279-025-02388-y",TRUE,FALSE,"Springer Nature","Sports Medicine","0112-1642","0112-1642","1179-2035","0112-1642","https://creativecommons.org/licenses/by/4.0",TRUE,"41545627","PMC13198475",NA,NA,FALSE,"sn2025ie","05m7pjf47_sn2025ie_2026"
"Maynooth University",2026,NA,"10.1007/s10694-025-01859-y",TRUE,FALSE,"Springer Nature","Fire Technology","0015-2684","0015-2684","1572-8099","0015-2684","https://creativecommons.org/licenses/by/4.0",TRUE,NA,NA,NA,NA,FALSE,"sn2025ie","048nfjm95_sn2025ie_2026"
"University College Dublin",2026,NA,"10.1007/s00227-025-04784-4",TRUE,FALSE,"Springer Nature","Marine Biology","0025-3162","0025-3162","1432-1793","0025-3162","https://creativecommons.org/licenses/by/4.0",TRUE,NA,NA,NA,NA,FALSE,"sn2025ie","05m7pjf47_sn2025ie_2026"
"University College Dublin",2026,NA,"10.1007/s11071-025-11999-z",TRUE,FALSE,"Springer Nature","Nonlinear Dynamics","0924-090X","0924-090X","1573-269X","0924-090X","https://creativecommons.org/licenses/by/4.0",TRUE,NA,NA,NA,NA,FALSE,"sn2025ie","05m7pjf47_sn2025ie_2026"
"University College Dublin",2026,NA,"10.1057/s41253-025-00309-z",TRUE,FALSE,"Springer Nature","French Politics","1476-3419","1476-3419","1476-3427","1476-3419","https://creativecommons.org/licenses/by/4.0",TRUE,NA,NA,NA,NA,FALSE,"sn2025ie","05m7pjf47_sn2025ie_2026"
"Royal College of Surgeons in Ireland",2026,NA,"10.1007/s00330-025-12288-4",TRUE,FALSE,"Springer Nature","European Radiology","1432-1084",NA,"1432-1084","0938-7994","https://creativecommons.org/licenses/by/4.0",TRUE,"41565794","PMC13212389",NA,NA,FALSE,"sn2025ie","01hxy9878_sn2025ie_2026"
"Royal College of Surgeons in Ireland",2026,NA,"10.1007/s10615-026-01028-w",TRUE,FALSE,"Springer Nature","Clinical Social Work Journal","0091-1674","0091-1674","1573-3343","0091-1674","https://creativecommons.org/licenses/by/4.0",TRUE,NA,NA,NA,NA,FALSE,"sn2025ie","01hxy9878_sn2025ie_2026"
"University of Limerick",2026,NA,"10.1007/s10824-025-09574-w",TRUE,FALSE,"Springer Nature","Journal of Cultural Economics","0885-2545","0885-2545","1573-6997","0885-2545","https://creativecommons.org/licenses/by/4.0",TRUE,NA,NA,NA,NA,FALSE,"sn2025ie","00a0n9e72_sn2025ie_2026"
"Trinity College Dublin",2026,NA,"10.1007/s10620-025-09665-w",TRUE,FALSE,"Springer Nature","Digestive Diseases and Sciences","0163-2116","0163-2116","1573-2568","0163-2116","https://creativecommons.org/licenses/by-nc/4.0",TRUE,"41588284","PMC13447540",NA,NA,FALSE,"sn2025ie","02tyrky19_sn2025ie_2026"
"Trinity College Dublin",2026,NA,"10.1007/s00134-025-08284-3",TRUE,FALSE,"Springer Nature","Intensive Care Medicine","0342-4642","0342-4642","1432-1238","0342-4642","https://creativecommons.org/licenses/by-nc/4.0",TRUE,"41586891","PMC12971731",NA,NA,FALSE,"sn2025ie","02tyrky19_sn2025ie_2026"
"University College Dublin",2026,NA,"10.1007/s00158-025-04238-x",TRUE,FALSE,"Springer Nature","Structural and Multidisciplinary Optimization","1615-147X","1615-147X","1615-1488","1615-147X","https://creativecommons.org/licenses/by/4.0",TRUE,NA,NA,NA,NA,FALSE,"sn2025ie","05m7pjf47_sn2025ie_2026"
"Trinity College Dublin",2026,NA,"10.1007/s40515-025-00777-4",TRUE,FALSE,"Springer Nature","Transportation Infrastructure Geotechnology","2196-7202","2196-7202","2196-7210","2196-7210","https://creativecommons.org/licenses/by/4.0",TRUE,NA,NA,NA,NA,FALSE,"sn2025ie","02tyrky19_sn2025ie_2026"
"Royal College of Surgeons in Ireland",2026,NA,"10.1007/s00384-025-05066-7",FALSE,FALSE,"Springer Nature","International Journal of Colorectal Disease","1432-1262",NA,"1432-1262","0179-1958","https://creativecommons.org/licenses/by/4.0",TRUE,"41586878","PMC12835026",NA,NA,FALSE,"sn2025ie","01hxy9878_sn2025ie_2026"
"University of Galway",2026,NA,"10.1007/s43681-025-00975-3",TRUE,FALSE,"Springer Nature","AI and Ethics","2730-5953","2730-5953","2730-5961","2730-5953","https://creativecommons.org/licenses/by/4.0",TRUE,NA,NA,NA,NA,FALSE,"sn2025ie","03bea9k73_sn2025ie_2026"
"Trinity College Dublin",2026,NA,"10.1007/s12687-025-00854-8",TRUE,FALSE,"Springer Nature","Journal of Community Genetics","1868-6001",NA,"1868-6001","1868-310X","https://creativecommons.org/licenses/by/4.0",TRUE,"41604047","PMC12852527",NA,NA,FALSE,"sn2025ie","02tyrky19_sn2025ie_2026"
"University of Galway",2026,NA,"10.1007/s10534-026-00790-1",TRUE,FALSE,"Springer Nature","BioMetals","0966-0844","0966-0844","1572-8773","0966-0844","https://creativecommons.org/licenses/by/4.0",TRUE,"41604057","PMC13083482",NA,NA,FALSE,"sn2025ie","03bea9k73_sn2025ie_2026"
"Trinity College Dublin",2026,NA,"10.1007/s10750-025-06096-6",TRUE,FALSE,"Springer Nature","Hydrobiologia","0018-8158","0018-8158","1573-5117","0018-8158","https://creativecommons.org/licenses/by/4.0",TRUE,NA,NA,NA,NA,FALSE,"sn2025ie","02tyrky19_sn2025ie_2026"
"University College Dublin",2026,NA,"10.1007/s00246-026-04171-w",TRUE,FALSE,"Springer Nature","Pediatric Cardiology","0172-0643","0172-0643","1432-1971","0172-0643","https://creativecommons.org/licenses/by/4.0",TRUE,"41609843",NA,NA,NA,FALSE,"sn2025ie","05m7pjf47_sn2025ie_2026"
"University of Limerick",2026,NA,"10.1007/s11218-026-10174-5",TRUE,FALSE,"Springer Nature","Social Psychology of Education","1573-1928",NA,"1573-1928","1381-2890","https://creativecommons.org/licenses/by/4.0",TRUE,NA,NA,NA,NA,FALSE,"sn2025ie","00a0n9e72_sn2025ie_2026"
"Dublin City University",2026,NA,"10.1007/s42979-026-04745-8",TRUE,FALSE,"Springer Nature","SN Computer Science","2661-8907",NA,"2661-8907","2661-8907","https://creativecommons.org/licenses/by/4.0",TRUE,NA,NA,NA,NA,FALSE,"sn2025ie","04a1a1e81_sn2025ie_2026"
"University College Cork",2026,NA,"10.1007/s00267-026-02383-7",TRUE,FALSE,"Springer Nature","Environmental Management","0364-152X","0364-152X","1432-1009","0364-152X","https://creativecommons.org/licenses/by/4.0",TRUE,"41618014","PMC12858499",NA,NA,FALSE,"sn2025ie","03265fv13_sn2025ie_2026"
"Trinity College Dublin",2026,NA,"10.1007/s11764-026-01972-z",TRUE,FALSE,"Springer Nature","Journal of Cancer Survivorship","1932-2259","1932-2259","1932-2267","1932-2259","https://creativecommons.org/licenses/by/4.0",TRUE,"41619142",NA,NA,NA,FALSE,"sn2025ie","02tyrky19_sn2025ie_2026"
"University College Cork",2026,NA,"10.1007/s00240-025-01900-3",TRUE,FALSE,"Springer Nature","Urolithiasis","2194-7236",NA,"2194-7236","2194-7228","https://creativecommons.org/licenses/by/4.0",TRUE,"41618989","PMC12860802",NA,NA,FALSE,"sn2025ie","03265fv13_sn2025ie_2026"
"Dublin City University",2026,NA,"10.1007/s43477-025-00205-2",TRUE,FALSE,"Springer Nature","Global Implementation Research and Applications","2662-9275",NA,"2662-9275","2662-9275","https://creativecommons.org/licenses/by/4.0",TRUE,NA,NA,NA,NA,FALSE,"sn2025ie","04a1a1e81_sn2025ie_2026"
"University College Cork",2026,NA,"10.1038/s41390-026-04780-4",TRUE,FALSE,"Springer Nature","Pediatric Research","0031-3998","0031-3998","1530-0447","0031-3998","https://creativecommons.org/licenses/by/4.0",TRUE,"41629622",NA,NA,NA,FALSE,"sn2025ie","03265fv13_sn2025ie_2026"
"Trinity College Dublin",2026,NA,"10.1007/s41999-026-01418-w",TRUE,FALSE,"Springer Nature","European Geriatric Medicine","1878-7657",NA,"1878-7657","1878-7649","https://creativecommons.org/licenses/by/4.0",TRUE,"41632375","PMC13109137",NA,NA,FALSE,"sn2025ie","02tyrky19_sn2025ie_2026"
"Trinity College Dublin",2026,NA,"10.1007/s11255-026-05033-3",TRUE,FALSE,"Springer Nature","International Urology and Nephrology","1573-2584",NA,"1573-2584","0301-1623","https://creativecommons.org/licenses/by/4.0",TRUE,"41634434","PMC13375663",NA,NA,FALSE,"sn2025ie","02tyrky19_sn2025ie_2026"
"Trinity College Dublin",2026,NA,"10.1007/s00429-026-03073-0",TRUE,FALSE,"Springer Nature","Brain Structure and Function","1863-2661",NA,"1863-2661","1863-2653","https://creativecommons.org/licenses/by/4.0",TRUE,"41636833","PMC12872721",NA,NA,FALSE,"sn2025ie","02tyrky19_sn2025ie_2026"
"Royal College of Surgeons in Ireland",2026,NA,"10.1007/s12029-026-01404-2",TRUE,FALSE,"Springer Nature","Journal of Gastrointestinal Cancer","1941-6636",NA,"1941-6636","1941-6636","https://creativecommons.org/licenses/by/4.0",TRUE,"41634500","PMC12868011",NA,NA,FALSE,"sn2025ie","01hxy9878_sn2025ie_2026"
"Trinity College Dublin",2026,NA,"10.1038/s41390-026-04799-7",TRUE,FALSE,"Springer Nature","Pediatric Research","0031-3998","0031-3998","1530-0447","0031-3998","https://creativecommons.org/licenses/by/4.0",TRUE,"41639373","PMC13485671",NA,NA,FALSE,"sn2025ie","02tyrky19_sn2025ie_2026"
"Trinity College Dublin",2026,NA,"10.1007/s11229-026-05455-7",TRUE,FALSE,"Springer Nature","Synthese","1573-0964",NA,"1573-0964","0039-7857","https://creativecommons.org/licenses/by/4.0",TRUE,NA,NA,NA,NA,FALSE,"sn2025ie","02tyrky19_sn2025ie_2026"
"Royal College of Surgeons in Ireland",2026,NA,"10.1007/s11912-026-01753-y",TRUE,FALSE,"Springer Nature","Current Oncology Reports","1534-6269",NA,"1534-6269","1523-3790","https://creativecommons.org/licenses/by/4.0",TRUE,"41642399","PMC12876476",NA,NA,FALSE,"sn2025ie","01hxy9878_sn2025ie_2026"
"Trinity College Dublin",2026,NA,"10.1007/s00737-025-01670-2",TRUE,FALSE,"Springer Nature","Archives of Women's Mental Health","1434-1816","1434-1816","1435-1102","1434-1816","https://creativecommons.org/licenses/by/4.0",TRUE,"41642372","PMC12876076",NA,NA,FALSE,"sn2025ie","02tyrky19_sn2025ie_2026"
"University College Cork",2026,NA,"10.1007/s40722-026-00472-7",TRUE,FALSE,"Springer Nature","Journal of Ocean Engineering and Marine Energy","2198-6444","2198-6444","2198-6452","2198-6452","https://creativecommons.org/licenses/by/4.0",TRUE,NA,NA,NA,NA,FALSE,"sn2025ie","03265fv13_sn2025ie_2026"
"Trinity College Dublin",2026,NA,"10.1007/s12029-026-01407-z",TRUE,FALSE,"Springer Nature","Journal of Gastrointestinal Cancer","1941-6636",NA,"1941-6636","1941-6636","https://creativecommons.org/licenses/by/4.0",TRUE,"41649630","PMC12881065",NA,NA,FALSE,"sn2025ie","02tyrky19_sn2025ie_2026"
"University of Galway",2026,NA,"10.1007/s41060-026-01023-x",TRUE,FALSE,"Springer Nature","International Journal of Data Science and Analytics","2364-415X","2364-415X","2364-4168","2364-4168","https://creativecommons.org/licenses/by/4.0",TRUE,NA,NA,NA,NA,FALSE,"sn2025ie","03bea9k73_sn2025ie_2026"
"University College Cork",2026,NA,"10.1007/s10140-026-02441-x",TRUE,FALSE,"Springer Nature","Emergency Radiology","1438-1435",NA,"1438-1435","1070-3004","https://creativecommons.org/licenses/by/4.0",TRUE,"41652294","PMC13079524",NA,NA,FALSE,"sn2025ie","03265fv13_sn2025ie_2026"
"Royal College of Surgeons in Ireland",2026,NA,"10.1007/s00384-026-05104-y",FALSE,FALSE,"Springer Nature","International Journal of Colorectal Disease","1432-1262",NA,"1432-1262","0179-1958","https://creativecommons.org/licenses/by/4.0",TRUE,"41653209","PMC12886303",NA,NA,FALSE,"sn2025ie","01hxy9878_sn2025ie_2026"
"University College Dublin",2026,NA,"10.1007/s11042-026-21192-y",TRUE,FALSE,"Springer Nature","Multimedia Tools and Applications","1573-7721",NA,"1573-7721","1380-7501","https://creativecommons.org/licenses/by/4.0",TRUE,NA,NA,NA,NA,FALSE,"sn2025ie","05m7pjf47_sn2025ie_2026"
"University College Dublin",2026,NA,"10.1007/s00170-026-17511-0",TRUE,FALSE,"Springer Nature","The International Journal of Advanced Manufacturing Technology","0268-3768","0268-3768","1433-3015","0268-3768","https://creativecommons.org/licenses/by/4.0",TRUE,NA,NA,NA,NA,FALSE,"sn2025ie","05m7pjf47_sn2025ie_2026"
"Trinity College Dublin",2026,NA,"10.1007/s11357-026-02141-x",TRUE,FALSE,"Springer Nature","GeroScience","2509-2723",NA,"2509-2723","2509-2723","https://creativecommons.org/licenses/by/4.0",TRUE,"41665740","PMC13356001",NA,NA,FALSE,"sn2025ie","02tyrky19_sn2025ie_2026"
"University College Cork",2026,NA,"10.1007/s13349-025-01037-2",TRUE,FALSE,"Springer Nature","Journal of Civil Structural Health Monitoring","2190-5452","2190-5452","2190-5479","2190-5452","https://creativecommons.org/licenses/by/4.0",TRUE,NA,NA,NA,NA,FALSE,"sn2025ie","03265fv13_sn2025ie_2026"
"University College Cork",2026,NA,"10.1007/s00394-026-03900-4",TRUE,FALSE,"Springer Nature","European Journal of Nutrition","1436-6207","1436-6207","1436-6215","1436-6207","https://creativecommons.org/licenses/by/4.0",TRUE,"41677879","PMC12901295",NA,NA,FALSE,"sn2025ie","03265fv13_sn2025ie_2026"
"University College Cork",2026,NA,"10.1007/s10309-026-00823-2",TRUE,FALSE,"Springer Nature","Clinical Epileptology","2948-104X","2948-104X","2948-1058","2948-104X","https://creativecommons.org/licenses/by/4.0/deed.de",TRUE,NA,NA,NA,NA,FALSE,"sn2025ie","03265fv13_sn2025ie_2026"
"University of Limerick",2026,NA,"10.1007/s11845-025-04232-8",TRUE,FALSE,"Springer Nature","Irish Journal of Medical Science (1971 -)","0021-1265","0021-1265","1863-4362","0021-1265","https://creativecommons.org/licenses/by/4.0",TRUE,"41686412","PMC13342121",NA,NA,FALSE,"sn2025ie","00a0n9e72_sn2025ie_2026"
"Royal College of Surgeons in Ireland",2026,NA,"10.1007/s11845-026-04280-8",TRUE,FALSE,"Springer Nature","Irish Journal of Medical Science (1971 -)","0021-1265","0021-1265","1863-4362","0021-1265","https://creativecommons.org/licenses/by/4.0",TRUE,"41689623","PMC13342014",NA,NA,FALSE,"sn2025ie","01hxy9878_sn2025ie_2026"
"Trinity College Dublin",2026,NA,"10.1007/s40368-026-01164-4",TRUE,FALSE,"Springer Nature","European Archives of Paediatric Dentistry","1818-6300","1818-6300","1996-9805","1818-6300","https://creativecommons.org/licenses/by/4.0",TRUE,"41689596","PMC13331928",NA,NA,FALSE,"sn2025ie","02tyrky19_sn2025ie_2026"
"Dublin City University",2026,NA,"10.1007/s10460-026-10848-y",TRUE,FALSE,"Springer Nature","Agriculture and Human Values","0889-048X","0889-048X","1572-8366","0889-048X","https://creativecommons.org/licenses/by/4.0",TRUE,NA,NA,NA,NA,FALSE,"sn2025ie","04a1a1e81_sn2025ie_2026"
"Dublin City University",2026,NA,"10.1007/s11332-026-01672-2",TRUE,FALSE,"Springer Nature","Sport Sciences for Health","1824-7490","1824-7490","1825-1234","1824-7490","https://creativecommons.org/licenses/by/4.0",TRUE,NA,NA,NA,NA,FALSE,"sn2025ie","04a1a1e81_sn2025ie_2026"
"Atlantic Technological University",2026,NA,"10.1007/s10055-026-01313-6",FALSE,FALSE,"Springer Nature","Virtual Reality","1434-9957",NA,"1434-9957","1359-4338","https://creativecommons.org/licenses/by/4.0",TRUE,NA,NA,NA,NA,TRUE,"sn2025ie","0458dap48_sn2025ie_2026"
"Royal College of Surgeons in Ireland",2026,NA,"10.1038/s41431-026-02027-8",TRUE,FALSE,"Springer Nature","European Journal of Human Genetics","1018-4813","1018-4813","1476-5438","1018-4813","https://creativecommons.org/licenses/by/4.0",TRUE,"41708838",NA,NA,NA,FALSE,"sn2025ie","01hxy9878_sn2025ie_2026"
"Royal College of Surgeons in Ireland",2026,NA,"10.1007/s11695-026-08540-5",TRUE,FALSE,"Springer Nature","Obesity Surgery","0960-8923","0960-8923","1708-0428","0960-8923","https://creativecommons.org/licenses/by/4.0",TRUE,"41708973","PMC13038633",NA,NA,FALSE,"sn2025ie","01hxy9878_sn2025ie_2026"
"Royal College of Surgeons in Ireland",2026,NA,"10.1007/s10995-026-04236-5",TRUE,FALSE,"Springer Nature","Maternal and Child Health Journal","1092-7875","1092-7875","1573-6628","1092-7875","https://creativecommons.org/licenses/by/4.0",TRUE,"41712055","PMC12999885",NA,NA,FALSE,"sn2025ie","01hxy9878_sn2025ie_2026"
"Dublin City University",2026,NA,"10.1007/s00604-026-07848-4",TRUE,FALSE,"Springer Nature","Microchimica Acta","0026-3672","0026-3672","1436-5073","0026-3672","https://creativecommons.org/licenses/by/4.0",TRUE,"41711987","PMC12920715",NA,NA,FALSE,"sn2025ie","04a1a1e81_sn2025ie_2026"
"University College Cork",2026,NA,"10.1007/s12161-026-03003-0",TRUE,FALSE,"Springer Nature","Food Analytical Methods","1936-9751","1936-9751","1936-976X","1936-9751","https://creativecommons.org/licenses/by/4.0",TRUE,NA,NA,NA,NA,FALSE,"sn2025ie","03265fv13_sn2025ie_2026"
"Trinity College Dublin",2026,NA,"10.1007/s42947-026-00725-6",TRUE,FALSE,"Springer Nature","International Journal of Pavement Research and Technology","1996-6814","1996-6814","1997-1400","1996-6814","https://creativecommons.org/licenses/by/4.0",TRUE,NA,NA,NA,NA,FALSE,"sn2025ie","02tyrky19_sn2025ie_2026"
"University of Limerick",2026,NA,"10.1007/s10798-026-10067-w",TRUE,FALSE,"Springer Nature","International Journal of Technology and Design Education","0957-7572","0957-7572","1573-1804","0957-7572","https://creativecommons.org/licenses/by/4.0",TRUE,NA,NA,NA,NA,FALSE,"sn2025ie","00a0n9e72_sn2025ie_2026"
"Royal College of Surgeons in Ireland",2026,NA,"10.1007/s10111-026-00863-8",TRUE,FALSE,"Springer Nature","Cognition, Technology & Work","1435-5558","1435-5558","1435-5566","1435-5558","https://creativecommons.org/licenses/by/4.0",TRUE,NA,NA,NA,NA,FALSE,"sn2025ie","01hxy9878_sn2025ie_2026"
"Trinity College Dublin",2026,NA,"10.1007/s00221-026-07238-5",TRUE,FALSE,"Springer Nature","Experimental Brain Research","0014-4819","0014-4819","1432-1106","0014-4819","https://creativecommons.org/licenses/by/4.0",TRUE,"41721840","PMC12924856",NA,NA,FALSE,"sn2025ie","02tyrky19_sn2025ie_2026"
"University College Dublin",2026,NA,"10.1007/s00247-026-06547-9",TRUE,FALSE,"Springer Nature","Pediatric Radiology","1432-1998",NA,"1432-1998","0301-0449","https://creativecommons.org/licenses/by/4.0",TRUE,"41729266","PMC13546323",NA,NA,FALSE,"sn2025ie","05m7pjf47_sn2025ie_2026"
"Trinity College Dublin",2026,NA,"10.1038/s41433-026-04334-2",TRUE,FALSE,"Springer Nature","Eye","0950-222X","0950-222X","1476-5454","0950-222X","https://creativecommons.org/licenses/by/4.0",TRUE,"41741700","PMC13161277",NA,NA,FALSE,"sn2025ie","02tyrky19_sn2025ie_2026"
"Technological University Dublin",2026,NA,"10.1007/s41060-026-01044-6",TRUE,FALSE,"Springer Nature","International Journal of Data Science and Analytics","2364-415X","2364-415X","2364-4168","2364-4168","https://creativecommons.org/licenses/by/4.0",TRUE,NA,NA,NA,NA,FALSE,"sn2025ie","04t0qbt32_sn2025ie_2026"
"University of Limerick",2026,NA,"10.1007/s00787-025-02955-8",TRUE,FALSE,"Springer Nature","European Child & Adolescent Psychiatry","1018-8827","1018-8827","1435-165X","1018-8827","https://creativecommons.org/licenses/by/4.0",TRUE,"41739150","PMC13272611",NA,NA,FALSE,"sn2025ie","00a0n9e72_sn2025ie_2026"
"University of Galway",2026,NA,"10.1038/s41435-026-00383-5",TRUE,FALSE,"Springer Nature","Genes and Immunity","1476-5470",NA,"1476-5470","1466-4879","https://creativecommons.org/licenses/by/4.0",TRUE,"41748904","PMC13086572",NA,NA,FALSE,"sn2025ie","03bea9k73_sn2025ie_2026"
"Trinity College Dublin",2026,NA,"10.1038/s41390-025-04750-2",TRUE,FALSE,"Springer Nature","Pediatric Research","0031-3998","0031-3998","1530-0447","0031-3998","https://creativecommons.org/licenses/by/4.0",TRUE,"41760908",NA,NA,NA,FALSE,"sn2025ie","02tyrky19_sn2025ie_2026"
"Royal College of Surgeons in Ireland",2026,NA,"10.1007/s42399-026-02278-y",TRUE,FALSE,"Springer Nature","SN Comprehensive Clinical Medicine","2523-8973",NA,"2523-8973","2523-8973","https://creativecommons.org/licenses/by/4.0",TRUE,NA,NA,NA,NA,FALSE,"sn2025ie","01hxy9878_sn2025ie_2026"
"Technological University of the Shannon: Midlands Midwest",2026,NA,"10.1007/s00520-026-10432-4",TRUE,FALSE,"Springer Nature","Supportive Care in Cancer","0941-4355","0941-4355","1433-7339","0941-4355","https://creativecommons.org/licenses/by/4.0",TRUE,"41762334","PMC12950083",NA,NA,FALSE,"sn2025ie","04efm0253_sn2025ie_2026"
"University College Dublin",2026,NA,"10.1007/s10840-026-02274-1",TRUE,FALSE,"Springer Nature","Journal of Interventional Cardiac Electrophysiology","1572-8595",NA,"1572-8595","1383-875X","https://creativecommons.org/licenses/by/4.0",TRUE,"41762383",NA,NA,NA,FALSE,"sn2025ie","05m7pjf47_sn2025ie_2026"
"University College Cork",2026,NA,"10.1007/s12526-026-01630-8",TRUE,FALSE,"Springer Nature","Marine Biodiversity","1867-1616","1867-1616","1867-1624","1867-1616","https://creativecommons.org/licenses/by/4.0",TRUE,NA,NA,NA,NA,FALSE,"sn2025ie","03265fv13_sn2025ie_2026"
"Technological University Dublin",2026,NA,"10.1007/s44402-026-00032-4",TRUE,FALSE,"Springer Nature","Ophthalmic and Physiological Optics","0275-5408","0275-5408","1475-1313","0275-5408","https://creativecommons.org/licenses/by/4.0",TRUE,"42313376","PMC13369038",NA,NA,FALSE,"sn2025ie","04t0qbt32_sn2025ie_2026"
"University College Dublin",2026,NA,"10.1007/s00464-026-12680-1",TRUE,FALSE,"Springer Nature","Surgical Endoscopy","0930-2794","0930-2794","1432-2218","0930-2794","https://creativecommons.org/licenses/by/4.0",TRUE,"41772218","PMC13161004",NA,NA,FALSE,"sn2025ie","05m7pjf47_sn2025ie_2026"
"University College Cork",2026,NA,"10.1007/s40670-026-02656-0",TRUE,FALSE,"Springer Nature","Medical Science Educator","2156-8650",NA,"2156-8650","2156-8650","https://creativecommons.org/licenses/by/4.0",TRUE,"42438561","PMC13356107",NA,NA,FALSE,"sn2025ie","03265fv13_sn2025ie_2026"
"University of Galway",2026,NA,"10.1007/s11845-025-04235-5",TRUE,FALSE,"Springer Nature","Irish Journal of Medical Science (1971 -)","0021-1265","0021-1265","1863-4362","0021-1265","https://creativecommons.org/licenses/by/4.0",TRUE,"41774343","PMC13342403",NA,NA,FALSE,"sn2025ie","03bea9k73_sn2025ie_2026"
"University of Galway",2026,NA,"10.1007/s11845-026-04282-6",TRUE,FALSE,"Springer Nature","Irish Journal of Medical Science (1971 -)","0021-1265","0021-1265","1863-4362","0021-1265","https://creativecommons.org/licenses/by/4.0",TRUE,"41772211","PMC13342269",NA,NA,FALSE,"sn2025ie","03bea9k73_sn2025ie_2026"
"Maynooth University",2026,NA,"10.1007/s41105-026-00640-0",TRUE,FALSE,"Springer Nature","Sleep and Biological Rhythms","1446-9235","1446-9235","1479-8425","1446-9235","https://creativecommons.org/licenses/by/4.0",TRUE,"42367632","PMC13304382",NA,NA,FALSE,"sn2025ie","048nfjm95_sn2025ie_2026"
"University College Dublin",2026,NA,"10.1007/s13178-026-01304-x",TRUE,FALSE,"Springer Nature","Sexuality Research and Social Policy","1868-9884","1868-9884","1553-6610","1553-6610","https://creativecommons.org/licenses/by/4.0",TRUE,NA,NA,NA,NA,FALSE,"sn2025ie","05m7pjf47_sn2025ie_2026"
"University College Dublin",2026,NA,"10.1007/s10841-026-00752-5",TRUE,FALSE,"Springer Nature","Journal of Insect Conservation","1366-638X","1366-638X","1572-9753","1366-638X","https://creativecommons.org/licenses/by/4.0",TRUE,NA,NA,NA,NA,FALSE,"sn2025ie","05m7pjf47_sn2025ie_2026"
"Trinity College Dublin",2026,NA,"10.1007/s10784-026-09714-3",TRUE,FALSE,"Springer Nature","International Environmental Agreements: Politics, Law and Economics","1567-9764","1567-9764","1573-1553","1567-9764","https://creativecommons.org/licenses/by/4.0",TRUE,NA,NA,NA,NA,FALSE,"sn2025ie","02tyrky19_sn2025ie_2026"
"Trinity College Dublin",2026,NA,"10.1038/s41390-026-04883-y",TRUE,FALSE,"Springer Nature","Pediatric Research","0031-3998","0031-3998","1530-0447","0031-3998","https://creativecommons.org/licenses/by/4.0",TRUE,"41795020","PMC13433259",NA,NA,FALSE,"sn2025ie","02tyrky19_sn2025ie_2026"
"Trinity College Dublin",2026,NA,"10.1007/s12187-026-10347-w",TRUE,FALSE,"Springer Nature","Child Indicators Research","1874-897X","1874-897X","1874-8988","1874-897X","https://creativecommons.org/licenses/by/4.0",TRUE,NA,NA,NA,NA,FALSE,"sn2025ie","02tyrky19_sn2025ie_2026"
"University College Cork",2026,NA,"10.1007/s00338-026-02846-7",TRUE,FALSE,"Springer Nature","Coral Reefs","0722-4028","0722-4028","1432-0975","0722-4028","https://creativecommons.org/licenses/by/4.0",TRUE,NA,NA,NA,NA,FALSE,"sn2025ie","03265fv13_sn2025ie_2026"
"Trinity College Dublin",2026,NA,"10.1007/s00405-026-10129-8",TRUE,FALSE,"Springer Nature","European Archives of Oto-Rhino-Laryngology","0937-4477","0937-4477","1434-4726","0937-4477","https://creativecommons.org/licenses/by/4.0",TRUE,"41801348","PMC13388511",NA,NA,FALSE,"sn2025ie","02tyrky19_sn2025ie_2026"
"University College Dublin",2026,NA,"10.1007/s00374-026-01998-6",TRUE,FALSE,"Springer Nature","Biology and Fertility of Soils","0178-2762","0178-2762","1432-0789","0178-2762","https://creativecommons.org/licenses/by/4.0",TRUE,NA,NA,NA,NA,FALSE,"sn2025ie","05m7pjf47_sn2025ie_2026"
"University of Limerick",2026,NA,"10.1007/s00466-026-02762-1",TRUE,FALSE,"Springer Nature","Computational Mechanics","0178-7675","0178-7675","1432-0924","0178-7675","https://creativecommons.org/licenses/by/4.0",TRUE,NA,NA,NA,NA,FALSE,"sn2025ie","00a0n9e72_sn2025ie_2026"
"Royal College of Surgeons in Ireland",2026,NA,"10.1007/s00464-026-12649-0",TRUE,FALSE,"Springer Nature","Surgical Endoscopy","0930-2794","0930-2794","1432-2218","0930-2794","https://creativecommons.org/licenses/by/4.0",TRUE,"41807711","PMC13160988",NA,NA,FALSE,"sn2025ie","01hxy9878_sn2025ie_2026"
"Dublin City University",2026,NA,"10.1007/s11760-026-05214-8",TRUE,FALSE,"Springer Nature","Signal, Image and Video Processing","1863-1703","1863-1703","1863-1711","1863-1703","https://creativecommons.org/licenses/by/4.0",TRUE,NA,NA,NA,NA,FALSE,"sn2025ie","04a1a1e81_sn2025ie_2026"
"University College Cork",2026,NA,"10.1007/s10460-026-10859-9",TRUE,FALSE,"Springer Nature","Agriculture and Human Values","1572-8366",NA,"1572-8366","0889-048X","https://creativecommons.org/licenses/by/4.0",TRUE,NA,NA,NA,NA,FALSE,"sn2025ie","03265fv13_sn2025ie_2026"
"University College Cork",2026,NA,"10.1007/s11096-026-02105-3",FALSE,FALSE,"Springer Nature","International Journal of Clinical Pharmacy","2210-7711",NA,"2210-7711","2210-7703","https://creativecommons.org/licenses/by/4.0",TRUE,"41811630","PMC13369712",NA,NA,FALSE,"sn2025ie","03265fv13_sn2025ie_2026"
"University College Dublin",2026,NA,"10.1007/s10980-026-02319-w",FALSE,FALSE,"Springer Nature","Landscape Ecology","1572-9761",NA,"1572-9761","0921-2973","https://creativecommons.org/licenses/by/4.0",TRUE,NA,NA,NA,NA,FALSE,"sn2025ie","05m7pjf47_sn2025ie_2026"
"Trinity College Dublin",2026,NA,"10.1007/s42380-026-00345-5",TRUE,FALSE,"Springer Nature","International Journal of Bullying Prevention","2523-3653","2523-3653","2523-3661","2523-3653","https://creativecommons.org/licenses/by/4.0",TRUE,NA,NA,NA,NA,FALSE,"sn2025ie","02tyrky19_sn2025ie_2026"
"Trinity College Dublin",2026,NA,"10.1007/s10009-026-00844-2",TRUE,FALSE,"Springer Nature","International Journal on Software Tools for Technology Transfer","1433-2779","1433-2779","1433-2787","1433-2779","https://creativecommons.org/licenses/by/4.0",TRUE,NA,NA,NA,NA,FALSE,"sn2025ie","02tyrky19_sn2025ie_2026"
"Trinity College Dublin",2026,NA,"10.1007/s10072-026-08944-2",TRUE,FALSE,"Springer Nature","Neurological Sciences","1590-1874","1590-1874","1590-3478","1590-1874","https://creativecommons.org/licenses/by/4.0",TRUE,"41814011","PMC12979298",NA,NA,FALSE,"sn2025ie","02tyrky19_sn2025ie_2026"
"University College Cork",2026,NA,"10.1007/s00428-026-04464-8",TRUE,FALSE,"Springer Nature","Virchows Archiv","0945-6317","0945-6317","1432-2307","0945-6317","https://creativecommons.org/licenses/by/4.0",TRUE,"41824069",NA,NA,NA,FALSE,"sn2025ie","03265fv13_sn2025ie_2026"
"University College Cork",2026,NA,"10.1007/s11097-026-10140-8",TRUE,FALSE,"Springer Nature","Phenomenology and the Cognitive Sciences","1568-7759","1568-7759","1572-8676","1568-7759","https://creativecommons.org/licenses/by/4.0",TRUE,NA,NA,NA,NA,FALSE,"sn2025ie","03265fv13_sn2025ie_2026"
"University College Dublin",2026,NA,"10.1007/s10489-026-07133-0",TRUE,FALSE,"Springer Nature","Applied Intelligence","0924-669X","0924-669X","1573-7497","0924-669X","https://creativecommons.org/licenses/by/4.0",TRUE,NA,NA,NA,NA,FALSE,"sn2025ie","05m7pjf47_sn2025ie_2026"
"Technological University Dublin",2026,NA,"10.1007/s10203-026-00563-y",TRUE,FALSE,"Springer Nature","Decisions in Economics and Finance","1593-8883","1593-8883","1129-6569","1129-6569","https://creativecommons.org/licenses/by/4.0",TRUE,NA,NA,NA,NA,FALSE,"sn2025ie","04t0qbt32_sn2025ie_2026"
"University College Cork",2026,NA,"10.1007/s43681-026-01026-1",TRUE,FALSE,"Springer Nature","AI and Ethics","2730-5953","2730-5953","2730-5961","2730-5953","https://creativecommons.org/licenses/by/4.0",TRUE,NA,NA,NA,NA,FALSE,"sn2025ie","03265fv13_sn2025ie_2026"
"Royal College of Surgeons in Ireland",2026,NA,"10.1007/s11845-026-04291-5",TRUE,FALSE,"Springer Nature","Irish Journal of Medical Science (1971 -)","0021-1265","0021-1265","1863-4362","0021-1265","https://creativecommons.org/licenses/by/4.0",TRUE,"41838367","PMC13342156",NA,NA,FALSE,"sn2025ie","01hxy9878_sn2025ie_2026"
"Dublin City University",2026,NA,"10.1007/s42438-026-00634-8",TRUE,FALSE,"Springer Nature","Postdigital Science and Education","2524-485X","2524-485X","2524-4868","2524-485X","https://creativecommons.org/licenses/by/4.0",TRUE,NA,NA,NA,NA,FALSE,"sn2025ie","04a1a1e81_sn2025ie_2026"
"Trinity College Dublin",2026,NA,"10.1007/s10163-026-02537-z",TRUE,FALSE,"Springer Nature","Journal of Material Cycles and Waste Management","1438-4957","1438-4957","1611-8227","1438-4957","https://creativecommons.org/licenses/by/4.0",TRUE,NA,NA,NA,NA,FALSE,"sn2025ie","02tyrky19_sn2025ie_2026"
"Trinity College Dublin",2026,NA,"10.1007/s00262-026-04323-0",FALSE,FALSE,"Springer Nature","Cancer Immunology, Immunotherapy","1432-0851",NA,"1432-0851","0340-7004","https://creativecommons.org/licenses/by/4.0",TRUE,"41843165","PMC12996465",NA,NA,TRUE,"sn2025ie","02tyrky19_sn2025ie_2026"
"University College Cork",2026,NA,"10.1007/s00146-026-02938-6",TRUE,FALSE,"Springer Nature","AI & SOCIETY","0951-5666","0951-5666","1435-5655","0951-5666","https://creativecommons.org/licenses/by/4.0",TRUE,NA,NA,NA,NA,FALSE,"sn2025ie","03265fv13_sn2025ie_2026"
"Dublin City University",2026,NA,"10.1007/s11069-025-07808-w",TRUE,FALSE,"Springer Nature","Natural Hazards","0921-030X","0921-030X","1573-0840","0921-030X","https://creativecommons.org/licenses/by/4.0",TRUE,NA,NA,NA,NA,FALSE,"sn2025ie","04a1a1e81_sn2025ie_2026"
"University College Dublin",2026,NA,"10.1007/s12671-026-02809-7",TRUE,FALSE,"Springer Nature","Mindfulness","1868-8527","1868-8527","1868-8535","1868-8527","https://creativecommons.org/licenses/by/4.0",TRUE,NA,NA,NA,NA,FALSE,"sn2025ie","05m7pjf47_sn2025ie_2026"
"University College Cork",2026,NA,"10.1007/s11096-026-02120-4",FALSE,FALSE,"Springer Nature","International Journal of Clinical Pharmacy","2210-7711",NA,"2210-7711","2210-7703","https://creativecommons.org/licenses/by/4.0",TRUE,"41849093","PMC13368962",NA,NA,FALSE,"sn2025ie","03265fv13_sn2025ie_2026"
"Royal College of Surgeons in Ireland",2026,NA,"10.1007/s10439-026-04060-6",TRUE,FALSE,"Springer Nature","Annals of Biomedical Engineering","0090-6964","0090-6964","1573-9686","0090-6964","https://creativecommons.org/licenses/by/4.0",TRUE,"41857337",NA,NA,NA,FALSE,"sn2025ie","01hxy9878_sn2025ie_2026"
"University College Dublin",2026,NA,"10.1007/s11007-026-09728-3",TRUE,FALSE,"Springer Nature","Continental Philosophy Review","1387-2842","1387-2842","1573-1103","1387-2842","https://creativecommons.org/licenses/by/4.0",TRUE,NA,NA,NA,NA,FALSE,"sn2025ie","05m7pjf47_sn2025ie_2026"
"University College Cork",2026,NA,"10.1007/s40266-026-01293-x",TRUE,FALSE,"Springer Nature","Drugs & Aging","1170-229X","1170-229X","1179-1969","1170-229X","https://creativecommons.org/licenses/by-nc/4.0",TRUE,"41865214","PMC13038655",NA,NA,FALSE,"sn2025ie","03265fv13_sn2025ie_2026"
"Technological University Dublin",2026,NA,"10.1007/s43545-026-01401-z",TRUE,FALSE,"Springer Nature","SN Social Sciences","2662-9283",NA,"2662-9283","2662-9283","https://creativecommons.org/licenses/by/4.0",TRUE,NA,NA,NA,NA,FALSE,"sn2025ie","04t0qbt32_sn2025ie_2026"
"University College Dublin",2026,NA,"10.1007/s11095-026-04050-2",TRUE,FALSE,"Springer Nature","Pharmaceutical Research","0724-8741","0724-8741","1573-904X","0724-8741","https://creativecommons.org/licenses/by/4.0",TRUE,"41876941","PMC13179207",NA,NA,FALSE,"sn2025ie","05m7pjf47_sn2025ie_2026"
"Dublin City University",2026,NA,"10.1007/s12289-026-01995-y",TRUE,FALSE,"Springer Nature","International Journal of Material Forming","1960-6206","1960-6206","1960-6214","1960-6214","https://creativecommons.org/licenses/by/4.0",TRUE,NA,NA,NA,NA,FALSE,"sn2025ie","04a1a1e81_sn2025ie_2026"
"Dublin City University",2026,NA,"10.1007/s42380-026-00352-6",TRUE,FALSE,"Springer Nature","International Journal of Bullying Prevention","2523-3653","2523-3653","2523-3661","2523-3653","https://creativecommons.org/licenses/by/4.0",TRUE,NA,NA,NA,NA,FALSE,"sn2025ie","04a1a1e81_sn2025ie_2026"
"Royal College of Surgeons in Ireland",2026,NA,"10.1007/s11845-026-04299-x",TRUE,FALSE,"Springer Nature","Irish Journal of Medical Science (1971 -)","0021-1265","0021-1265","1863-4362","0021-1265","https://creativecommons.org/licenses/by/4.0",TRUE,"41886227","PMC13341837",NA,NA,FALSE,"sn2025ie","01hxy9878_sn2025ie_2026"
"University College Dublin",2026,NA,"10.1007/s00246-026-04236-w",TRUE,FALSE,"Springer Nature","Pediatric Cardiology","0172-0643","0172-0643","1432-1971","0172-0643","https://creativecommons.org/licenses/by/4.0",TRUE,"41894016","PMC13498647",NA,NA,FALSE,"sn2025ie","05m7pjf47_sn2025ie_2026"
"Royal College of Surgeons in Ireland",2026,NA,"10.1007/s10741-026-10618-2",TRUE,FALSE,"Springer Nature","Heart Failure Reviews","1573-7322",NA,"1573-7322","1382-4147","https://creativecommons.org/licenses/by/4.0",TRUE,"41894109","PMC13031184",NA,NA,FALSE,"sn2025ie","01hxy9878_sn2025ie_2026"
"Technological University of the Shannon: Midlands Midwest",2026,NA,"10.1007/s10798-026-10083-w",TRUE,FALSE,"Springer Nature","International Journal of Technology and Design Education","0957-7572","0957-7572","1573-1804","0957-7572","https://creativecommons.org/licenses/by/4.0",TRUE,NA,NA,NA,NA,FALSE,"sn2025ie","04efm0253_sn2025ie_2026"
"University of Limerick",2026,NA,"10.1007/s11615-026-00657-7",TRUE,FALSE,"Springer Nature","Politische Vierteljahresschrift","0032-3470","0032-3470","1862-2860","0032-3470","https://creativecommons.org/licenses/by/4.0/deed.de",TRUE,NA,NA,NA,NA,FALSE,"sn2025ie","00a0n9e72_sn2025ie_2026"
"Dublin City University",2026,NA,"10.1007/s11831-026-10560-4",TRUE,FALSE,"Springer Nature","Archives of Computational Methods in Engineering","1134-3060","1134-3060","1886-1784","1134-3060","https://creativecommons.org/licenses/by/4.0",TRUE,NA,NA,NA,NA,FALSE,"sn2025ie","04a1a1e81_sn2025ie_2026"
"Trinity College Dublin",2026,NA,"10.1007/s13347-026-01065-w",TRUE,FALSE,"Springer Nature","Philosophy & Technology","2210-5433","2210-5433","2210-5441","2210-5433","https://creativecommons.org/licenses/by/4.0",TRUE,NA,NA,NA,NA,FALSE,"sn2025ie","02tyrky19_sn2025ie_2026"
"University College Dublin",2026,NA,"10.1007/s11845-026-04351-w",TRUE,FALSE,"Springer Nature","Irish Journal of Medical Science (1971 -)","0021-1265","0021-1265","1863-4362","0021-1265","https://creativecommons.org/licenses/by/4.0",TRUE,"41915344","PMC13342023",NA,NA,FALSE,"sn2025ie","05m7pjf47_sn2025ie_2026"
"University College Cork",2026,NA,"10.1007/s00267-026-02413-4",TRUE,FALSE,"Springer Nature","Environmental Management","0364-152X","0364-152X","1432-1009","0364-152X","https://creativecommons.org/licenses/by/4.0",TRUE,"41915035","PMC13038798",NA,NA,FALSE,"sn2025ie","03265fv13_sn2025ie_2026"
"University College Cork",2026,NA,"10.1007/s11096-026-02129-9",FALSE,FALSE,"Springer Nature","International Journal of Clinical Pharmacy","2210-7711",NA,"2210-7711","2210-7703","https://creativecommons.org/licenses/by/4.0",TRUE,"41920496","PMC13368901",NA,NA,FALSE,"sn2025ie","03265fv13_sn2025ie_2026"
"Dublin City University",2026,NA,"10.1007/s42380-026-00351-7",TRUE,FALSE,"Springer Nature","International Journal of Bullying Prevention","2523-3653","2523-3653","2523-3661","2523-3653","https://creativecommons.org/licenses/by/4.0",TRUE,NA,NA,NA,NA,FALSE,"sn2025ie","04a1a1e81_sn2025ie_2026"
"Royal College of Surgeons in Ireland",2026,NA,"10.1007/s40264-026-01664-8",TRUE,FALSE,"Springer Nature","Drug Safety","0114-5916","0114-5916","1179-1942","0114-5916","https://creativecommons.org/licenses/by-nc/4.0",TRUE,"41922857","PMC13354688",NA,NA,FALSE,"sn2025ie","01hxy9878_sn2025ie_2026"
"Trinity College Dublin",2026,NA,"10.1007/s00041-026-10243-5",TRUE,FALSE,"Springer Nature","Journal of Fourier Analysis and Applications","1069-5869","1069-5869","1531-5851","1069-5869","https://creativecommons.org/licenses/by/4.0",TRUE,NA,NA,NA,NA,FALSE,"sn2025ie","02tyrky19_sn2025ie_2026"
"University College Dublin",2026,NA,"10.1007/s11845-026-04325-y",TRUE,FALSE,"Springer Nature","Irish Journal of Medical Science (1971 -)","0021-1265","0021-1265","1863-4362","0021-1265","https://creativecommons.org/licenses/by/4.0",TRUE,"41926024","PMC13342412",NA,NA,FALSE,"sn2025ie","05m7pjf47_sn2025ie_2026"
"Royal College of Surgeons in Ireland",2026,NA,"10.1007/s11845-026-04326-x",TRUE,FALSE,"Springer Nature","Irish Journal of Medical Science (1971 -)","0021-1265","0021-1265","1863-4362","0021-1265","https://creativecommons.org/licenses/by/4.0",TRUE,"41945218","PMC13342330",NA,NA,FALSE,"sn2025ie","01hxy9878_sn2025ie_2026"
"Royal College of Surgeons in Ireland",2026,NA,"10.1007/s00345-026-06343-y",TRUE,FALSE,"Springer Nature","World Journal of Urology","1433-8726",NA,"1433-8726","0724-4983","https://creativecommons.org/licenses/by/4.0",TRUE,"41945167","PMC13056739",NA,NA,FALSE,"sn2025ie","01hxy9878_sn2025ie_2026"
"Maynooth University",2026,NA,"10.1007/s10462-026-11515-8",FALSE,FALSE,"Springer Nature","Artificial Intelligence Review","1573-7462",NA,"1573-7462","0269-2821","https://creativecommons.org/licenses/by/4.0",TRUE,NA,NA,NA,NA,FALSE,"sn2025ie","048nfjm95_sn2025ie_2026"
"Trinity College Dublin",2026,NA,"10.3758/s13428-026-02995-1",TRUE,FALSE,"Springer Nature","Behavior Research Methods","1554-3528",NA,"1554-3528","1554-351X","https://creativecommons.org/licenses/by/4.0",TRUE,"41951995","PMC13061789",NA,NA,FALSE,"sn2025ie","02tyrky19_sn2025ie_2026"
"Royal College of Surgeons in Ireland",2026,NA,"10.1007/s12178-026-10026-x",TRUE,FALSE,"Springer Nature","Current Reviews in Musculoskeletal Medicine","1935-9748",NA,"1935-9748","1935-9748","https://creativecommons.org/licenses/by/4.0",TRUE,"41954670","PMC13065836",NA,NA,FALSE,"sn2025ie","01hxy9878_sn2025ie_2026"
"University College Dublin",2026,NA,"10.1007/s11845-026-04314-1",TRUE,FALSE,"Springer Nature","Irish Journal of Medical Science (1971 -)","0021-1265","0021-1265","1863-4362","0021-1265","https://creativecommons.org/licenses/by/4.0",TRUE,"41951923","PMC13341961",NA,NA,FALSE,"sn2025ie","05m7pjf47_sn2025ie_2026"
"Royal College of Surgeons in Ireland",2026,NA,"10.1007/s11701-026-03331-7",TRUE,FALSE,"Springer Nature","Journal of Robotic Surgery","1863-2491",NA,"1863-2491","1863-2483","https://creativecommons.org/licenses/by/4.0",TRUE,"41961383","PMC13068738",NA,NA,FALSE,"sn2025ie","01hxy9878_sn2025ie_2026"
"University College Dublin",2026,NA,"10.1007/s11004-026-10283-z",TRUE,FALSE,"Springer Nature","Mathematical Geosciences","1874-8961","1874-8961","1874-8953","1874-8953","https://creativecommons.org/licenses/by/4.0",TRUE,NA,NA,NA,NA,FALSE,"sn2025ie","05m7pjf47_sn2025ie_2026"
"University College Dublin",2026,NA,"10.1007/s10489-026-07230-0",TRUE,FALSE,"Springer Nature","Applied Intelligence","0924-669X","0924-669X","1573-7497","0924-669X","https://creativecommons.org/licenses/by/4.0",TRUE,NA,NA,NA,NA,FALSE,"sn2025ie","05m7pjf47_sn2025ie_2026"
"University College Cork",2026,NA,"10.1007/s00228-026-04046-2",TRUE,FALSE,"Springer Nature","European Journal of Clinical Pharmacology","0031-6970","0031-6970","1432-1041","0031-6970","https://creativecommons.org/licenses/by/4.0",TRUE,"41964759","PMC13070066",NA,NA,FALSE,"sn2025ie","03265fv13_sn2025ie_2026"
"Trinity College Dublin",2026,NA,"10.1007/s41999-026-01473-3",TRUE,FALSE,"Springer Nature","European Geriatric Medicine","1878-7657",NA,"1878-7657","1878-7649","https://creativecommons.org/licenses/by/4.0",TRUE,"41973352",NA,NA,NA,FALSE,"sn2025ie","02tyrky19_sn2025ie_2026"
"Trinity College Dublin",2026,NA,"10.1007/s00146-026-02991-1",TRUE,FALSE,"Springer Nature","AI & SOCIETY","0951-5666","0951-5666","1435-5655","0951-5666","https://creativecommons.org/licenses/by/4.0",TRUE,NA,NA,NA,NA,FALSE,"sn2025ie","02tyrky19_sn2025ie_2026"
"Royal College of Surgeons in Ireland",2026,NA,"10.1007/s11845-026-04328-9",TRUE,FALSE,"Springer Nature","Irish Journal of Medical Science (1971 -)","0021-1265","0021-1265","1863-4362","0021-1265","https://creativecommons.org/licenses/by/4.0",TRUE,"41979790","PMC13588851",NA,NA,FALSE,"sn2025ie","01hxy9878_sn2025ie_2026"
"University College Dublin",2026,NA,"10.1007/s00431-026-06927-1",TRUE,FALSE,"Springer Nature","European Journal of Pediatrics","1432-1076",NA,"1432-1076","0340-6199","https://creativecommons.org/licenses/by/4.0",TRUE,"41984231","PMC13083533",NA,NA,FALSE,"sn2025ie","05m7pjf47_sn2025ie_2026"
"University College Cork",2026,NA,"10.1007/s00520-026-10657-3",TRUE,FALSE,"Springer Nature","Supportive Care in Cancer","0941-4355","0941-4355","1433-7339","0941-4355","https://creativecommons.org/licenses/by/4.0",TRUE,"41984262","PMC13083495",NA,NA,FALSE,"sn2025ie","03265fv13_sn2025ie_2026"
"University of Galway",2026,NA,"10.1007/s00415-026-13817-x",TRUE,FALSE,"Springer Nature","Journal of Neurology","0340-5354","0340-5354","1432-1459","0340-5354","https://creativecommons.org/licenses/by/4.0",TRUE,"41986531","PMC13083420",NA,NA,FALSE,"sn2025ie","03bea9k73_sn2025ie_2026"
"University College Cork",2026,NA,"10.1007/s11096-026-02135-x",FALSE,FALSE,"Springer Nature","International Journal of Clinical Pharmacy","2210-7711",NA,"2210-7711","2210-7703","https://creativecommons.org/licenses/by/4.0",TRUE,"41984298","PMC13369247",NA,NA,FALSE,"sn2025ie","03265fv13_sn2025ie_2026"
"University of Galway",2026,NA,"10.1007/s12220-026-02415-y",TRUE,FALSE,"Springer Nature","The Journal of Geometric Analysis","1050-6926","1050-6926","1559-002X","1050-6926","https://creativecommons.org/licenses/by/4.0",TRUE,NA,NA,NA,NA,FALSE,"sn2025ie","03bea9k73_sn2025ie_2026"
"Technological University Dublin",2026,NA,"10.1007/s43555-026-00084-0",TRUE,FALSE,"Springer Nature","Current Food Science and Technology Reports","2662-8473",NA,"2662-8473","2662-8473","https://creativecommons.org/licenses/by/4.0",TRUE,NA,NA,NA,NA,FALSE,"sn2025ie","04t0qbt32_sn2025ie_2026"
"University College Dublin",2026,NA,"10.1007/s10953-026-01592-2",TRUE,FALSE,"Springer Nature","Journal of Solution Chemistry","0095-9782","0095-9782","1572-8927","0095-9782","https://creativecommons.org/licenses/by/4.0",TRUE,NA,NA,NA,NA,FALSE,"sn2025ie","05m7pjf47_sn2025ie_2026"
"University of Galway",2026,NA,"10.1007/s00170-026-18015-7",TRUE,FALSE,"Springer Nature","The International Journal of Advanced Manufacturing Technology","0268-3768","0268-3768","1433-3015","0268-3768","https://creativecommons.org/licenses/by/4.0",TRUE,NA,NA,NA,NA,FALSE,"sn2025ie","03bea9k73_sn2025ie_2026"
"University of Galway",2026,NA,"10.1007/s11845-026-04340-z",TRUE,FALSE,"Springer Nature","Irish Journal of Medical Science (1971 -)","0021-1265","0021-1265","1863-4362","0021-1265","https://creativecommons.org/licenses/by/4.0",TRUE,"41989509","PMC13588835",NA,NA,FALSE,"sn2025ie","03bea9k73_sn2025ie_2026"
"University College Dublin",2026,NA,"10.1007/s42399-026-02324-9",TRUE,FALSE,"Springer Nature","SN Comprehensive Clinical Medicine","2523-8973",NA,"2523-8973","2523-8973","https://creativecommons.org/licenses/by/4.0",TRUE,NA,NA,NA,NA,FALSE,"sn2025ie","05m7pjf47_sn2025ie_2026"
"University of Limerick",2026,NA,"10.1007/s10231-026-01686-0",TRUE,FALSE,"Springer Nature","Annali di Matematica Pura ed Applicata (1923 -)","0373-3114","0373-3114","1618-1891","0373-3114","https://creativecommons.org/licenses/by/4.0",TRUE,NA,NA,NA,NA,FALSE,"sn2025ie","00a0n9e72_sn2025ie_2026"
"University College Cork",2026,NA,"10.1007/s10803-026-07317-0",TRUE,FALSE,"Springer Nature","Journal of Autism and Developmental Disorders","0162-3257","0162-3257","1573-3432","0162-3257","https://creativecommons.org/licenses/by/4.0",TRUE,"41995983",NA,NA,NA,FALSE,"sn2025ie","03265fv13_sn2025ie_2026"
"Royal College of Surgeons in Ireland",2026,NA,"10.1007/s11845-026-04377-0",TRUE,FALSE,"Springer Nature","Irish Journal of Medical Science (1971 -)","0021-1265","0021-1265","1863-4362","0021-1265","https://creativecommons.org/licenses/by/4.0",TRUE,"41999518","PMC13588912",NA,NA,FALSE,"sn2025ie","01hxy9878_sn2025ie_2026"
"South East Technological University",2026,NA,"10.1007/s11104-026-08370-5",TRUE,FALSE,"Springer Nature","Plant and Soil","0032-079X","0032-079X","1573-5036","0032-079X","https://creativecommons.org/licenses/by/4.0",TRUE,NA,NA,NA,NA,FALSE,"sn2025ie","03fgx6868_sn2025ie_2026"
"Royal College of Surgeons in Ireland",2026,NA,"10.1007/s10143-026-04189-x",TRUE,FALSE,"Springer Nature","Neurosurgical Review","1437-2320",NA,"1437-2320","0344-5607","https://creativecommons.org/licenses/by/4.0",TRUE,"41998455","PMC13090192",NA,NA,FALSE,"sn2025ie","01hxy9878_sn2025ie_2026"
"University of Limerick",2026,NA,"10.1140/epjp/s13360-026-07640-6",TRUE,FALSE,"Springer Nature","The European Physical Journal Plus","2190-5444",NA,"2190-5444","2190-5444","https://creativecommons.org/licenses/by/4.0",TRUE,NA,NA,NA,NA,FALSE,"sn2025ie","00a0n9e72_sn2025ie_2026"
"University College Dublin",2026,NA,"10.1038/s41372-026-02674-1",TRUE,FALSE,"Springer Nature","Journal of Perinatology","0743-8346","0743-8346","1476-5543","0743-8346","https://creativecommons.org/licenses/by/4.0",TRUE,"42009895",NA,NA,NA,FALSE,"sn2025ie","05m7pjf47_sn2025ie_2026"
"Technological University of the Shannon: Midlands Midwest",2026,NA,"10.1007/s10098-026-03488-7",TRUE,FALSE,"Springer Nature","Clean Technologies and Environmental Policy","1618-954X","1618-954X","1618-9558","1618-954X","https://creativecommons.org/licenses/by/4.0",TRUE,NA,NA,NA,NA,FALSE,"sn2025ie","04efm0253_sn2025ie_2026"
"University of Galway",2026,NA,"10.1007/s10864-026-09632-z",TRUE,FALSE,"Springer Nature","Journal of Behavioral Education","1053-0819","1053-0819","1573-3513","1053-0819","https://creativecommons.org/licenses/by/4.0",TRUE,NA,NA,NA,NA,FALSE,"sn2025ie","03bea9k73_sn2025ie_2026"
"University College Dublin",2026,NA,"10.1007/s10796-026-10739-x",TRUE,FALSE,"Springer Nature","Information Systems Frontiers","1387-3326","1387-3326","1572-9419","1387-3326","https://creativecommons.org/licenses/by/4.0",TRUE,NA,NA,NA,NA,FALSE,"sn2025ie","05m7pjf47_sn2025ie_2026"
"University College Dublin",2026,NA,"10.1007/s12393-026-09437-w",TRUE,FALSE,"Springer Nature","Food Engineering Reviews","1866-7910","1866-7910","1866-7929","1866-7910","https://creativecommons.org/licenses/by/4.0",TRUE,NA,NA,NA,NA,FALSE,"sn2025ie","05m7pjf47_sn2025ie_2026"
"Royal College of Surgeons in Ireland",2026,NA,"10.1007/s11845-026-04324-z",TRUE,FALSE,"Springer Nature","Irish Journal of Medical Science (1971 -)","0021-1265","0021-1265","1863-4362","0021-1265","https://creativecommons.org/licenses/by/4.0",TRUE,"42012626","PMC13588818",NA,NA,FALSE,"sn2025ie","01hxy9878_sn2025ie_2026"
"Maynooth University",2026,NA,"10.1007/s00526-026-03339-9",TRUE,FALSE,"Springer Nature","Calculus of Variations and Partial Differential Equations","0944-2669","0944-2669","1432-0835","0944-2669","https://creativecommons.org/licenses/by/4.0",TRUE,NA,NA,NA,NA,FALSE,"sn2025ie","048nfjm95_sn2025ie_2026"
"University College Dublin",2026,NA,"10.1007/s12393-026-09439-8",TRUE,FALSE,"Springer Nature","Food Engineering Reviews","1866-7910","1866-7910","1866-7929","1866-7910","https://creativecommons.org/licenses/by/4.0",TRUE,NA,NA,NA,NA,FALSE,"sn2025ie","05m7pjf47_sn2025ie_2026"
"University College Dublin",2026,NA,"10.1007/s11845-026-04335-w",TRUE,FALSE,"Springer Nature","Irish Journal of Medical Science (1971 -)","0021-1265","0021-1265","1863-4362","0021-1265","https://creativecommons.org/licenses/by/4.0",TRUE,"42018079","PMC13588908",NA,NA,FALSE,"sn2025ie","05m7pjf47_sn2025ie_2026"
"Trinity College Dublin",2026,NA,"10.1038/s41386-026-02401-6",TRUE,FALSE,"Springer Nature","Neuropsychopharmacology","0893-133X","0893-133X","1740-634X","0893-133X","https://creativecommons.org/licenses/by/4.0",TRUE,"42020764","PMC13592875",NA,NA,FALSE,"sn2025ie","02tyrky19_sn2025ie_2026"
"University of Limerick",2026,NA,"10.1007/s10798-026-10074-x",TRUE,FALSE,"Springer Nature","International Journal of Technology and Design Education","0957-7572","0957-7572","1573-1804","0957-7572","https://creativecommons.org/licenses/by/4.0",TRUE,NA,NA,NA,NA,FALSE,"sn2025ie","00a0n9e72_sn2025ie_2026"
"Trinity College Dublin",2026,NA,"10.1007/s11049-026-09709-4",TRUE,FALSE,"Springer Nature","Natural Language & Linguistic Theory","0167-806X","0167-806X","1573-0859","0167-806X","https://creativecommons.org/licenses/by/4.0",TRUE,NA,NA,NA,NA,FALSE,"sn2025ie","02tyrky19_sn2025ie_2026"
"Royal College of Surgeons in Ireland",2026,NA,"10.1007/s11845-026-04402-2",TRUE,FALSE,"Springer Nature","Irish Journal of Medical Science (1971 -)","0021-1265","0021-1265","1863-4362","0021-1265","https://creativecommons.org/licenses/by/4.0",TRUE,"42029813","PMC13588834",NA,NA,FALSE,"sn2025ie","01hxy9878_sn2025ie_2026"
"Royal College of Surgeons in Ireland",2026,NA,"10.1007/s00198-026-08043-0",TRUE,FALSE,"Springer Nature","Osteoporosis International","0937-941X","0937-941X","1433-2965","0937-941X","https://creativecommons.org/licenses/by-nc/4.0",TRUE,"42032046",NA,NA,NA,FALSE,"sn2025ie","01hxy9878_sn2025ie_2026"
"Trinity College Dublin",2026,NA,"10.1038/s41371-026-01125-w",TRUE,FALSE,"Springer Nature","Journal of Human Hypertension","1476-5527",NA,"1476-5527","0950-9240","https://creativecommons.org/licenses/by/4.0",TRUE,"42034685","PMC13249562",NA,NA,FALSE,"sn2025ie","02tyrky19_sn2025ie_2026"
"University College Dublin",2026,NA,"10.1007/s12145-026-02115-9",TRUE,FALSE,"Springer Nature","Earth Science Informatics","1865-0473","1865-0473","1865-0481","1865-0473","https://creativecommons.org/licenses/by/4.0",TRUE,NA,NA,NA,NA,FALSE,"sn2025ie","05m7pjf47_sn2025ie_2026"
"Trinity College Dublin",2026,NA,"10.1007/s11075-026-02368-x",TRUE,FALSE,"Springer Nature","Numerical Algorithms","1017-1398","1017-1398","1572-9265","1017-1398","https://creativecommons.org/licenses/by/4.0",TRUE,NA,NA,NA,NA,FALSE,"sn2025ie","02tyrky19_sn2025ie_2026"
"University of Galway",2026,NA,"10.1007/s43681-026-01030-5",TRUE,FALSE,"Springer Nature","AI and Ethics","2730-5953","2730-5953","2730-5961","2730-5953","https://creativecommons.org/licenses/by/4.0",TRUE,NA,NA,NA,NA,FALSE,"sn2025ie","03bea9k73_sn2025ie_2026"
"University College Dublin",2026,NA,"10.1007/s42399-026-02348-1",TRUE,FALSE,"Springer Nature","SN Comprehensive Clinical Medicine","2523-8973",NA,"2523-8973","2523-8973","https://creativecommons.org/licenses/by/4.0",TRUE,NA,NA,NA,NA,FALSE,"sn2025ie","05m7pjf47_sn2025ie_2026"
"Trinity College Dublin",2026,NA,"10.1038/s41390-026-04903-x",TRUE,FALSE,"Springer Nature","Pediatric Research","0031-3998","0031-3998","1530-0447","0031-3998","https://creativecommons.org/licenses/by/4.0",TRUE,"42056534",NA,NA,NA,FALSE,"sn2025ie","02tyrky19_sn2025ie_2026"
"Trinity College Dublin",2026,NA,"10.1007/s11845-026-04312-3",TRUE,FALSE,"Springer Nature","Irish Journal of Medical Science (1971 -)","0021-1265","0021-1265","1863-4362","0021-1265","https://creativecommons.org/licenses/by/4.0",TRUE,"42053770","PMC13588930",NA,NA,FALSE,"sn2025ie","02tyrky19_sn2025ie_2026"
"Trinity College Dublin",2026,NA,"10.1007/s11096-026-02155-7",FALSE,FALSE,"Springer Nature","International Journal of Clinical Pharmacy","2210-7711",NA,"2210-7711","2210-7703","https://creativecommons.org/licenses/by/4.0",TRUE,"42053740","PMC13569569",NA,NA,FALSE,"sn2025ie","02tyrky19_sn2025ie_2026"
"Trinity College Dublin",2026,NA,"10.1007/s10461-026-05144-z",TRUE,FALSE,"Springer Nature","AIDS and Behavior","1090-7165","1090-7165","1573-3254","1090-7165","https://creativecommons.org/licenses/by/4.0",TRUE,"42053905",NA,NA,NA,FALSE,"sn2025ie","02tyrky19_sn2025ie_2026"
"University College Cork",2026,NA,"10.1007/s00127-026-03094-4",TRUE,FALSE,"Springer Nature","Social Psychiatry and Psychiatric Epidemiology","0933-7954","0933-7954","1433-9285","0933-7954","https://creativecommons.org/licenses/by/4.0",TRUE,"42053635","PMC13521974",NA,NA,FALSE,"sn2025ie","03265fv13_sn2025ie_2026"
"Maynooth University",2026,NA,"10.1007/s10584-026-04156-x",TRUE,FALSE,"Springer Nature","Climatic Change","0165-0009","0165-0009","1573-1480","0165-0009","https://creativecommons.org/licenses/by/4.0",TRUE,NA,NA,NA,NA,FALSE,"sn2025ie","048nfjm95_sn2025ie_2026"
"South East Technological University",2026,NA,"10.1007/s11277-026-12041-0",TRUE,FALSE,"Springer Nature","Wireless Personal Communications","0929-6212","0929-6212","1572-834X","0929-6212","https://creativecommons.org/licenses/by/4.0",TRUE,NA,NA,NA,NA,FALSE,"sn2025ie","03fgx6868_sn2025ie_2026"
"Technological University Dublin",2026,NA,"10.1007/s11665-026-14029-0",TRUE,FALSE,"Springer Nature","Journal of Materials Engineering and Performance","1059-9495","1059-9495","1544-1024","1059-9495","https://creativecommons.org/licenses/by/4.0",TRUE,NA,NA,NA,NA,FALSE,"sn2025ie","04t0qbt32_sn2025ie_2026"
"Trinity College Dublin",2026,NA,"10.1007/s43477-026-00235-4",TRUE,FALSE,"Springer Nature","Global Implementation Research and Applications","2662-9275",NA,"2662-9275","2662-9275","https://creativecommons.org/licenses/by/4.0",TRUE,NA,NA,NA,NA,FALSE,"sn2025ie","02tyrky19_sn2025ie_2026"
"University College Dublin",2026,NA,"10.1007/s00170-026-18229-9",TRUE,FALSE,"Springer Nature","The International Journal of Advanced Manufacturing Technology","0268-3768","0268-3768","1433-3015","0268-3768","https://creativecommons.org/licenses/by/4.0",TRUE,NA,NA,NA,NA,FALSE,"sn2025ie","05m7pjf47_sn2025ie_2026"
"University College Dublin",2026,NA,"10.1007/s10123-026-00836-x",FALSE,FALSE,"Springer Nature","International Microbiology","1618-1905",NA,"1618-1905","1139-6709","https://creativecommons.org/licenses/by/4.0",TRUE,"42062668","PMC13260041",NA,NA,FALSE,"sn2025ie","05m7pjf47_sn2025ie_2026"
"Trinity College Dublin",2026,NA,"10.1007/s13157-026-02053-8",TRUE,FALSE,"Springer Nature","Wetlands","0277-5212","0277-5212","1943-6246","0277-5212","https://creativecommons.org/licenses/by/4.0",TRUE,NA,NA,NA,NA,FALSE,"sn2025ie","02tyrky19_sn2025ie_2026"
"University College Dublin",2026,NA,"10.1007/s10815-026-03889-z",TRUE,FALSE,"Springer Nature","Journal of Assisted Reproduction and Genetics","1058-0468","1058-0468","1573-7330","1058-0468","https://creativecommons.org/licenses/by/4.0",TRUE,"42068486","PMC13518653",NA,NA,FALSE,"sn2025ie","05m7pjf47_sn2025ie_2026"
"University of Limerick",2026,NA,"10.1007/s11845-026-04431-x",TRUE,FALSE,"Springer Nature","Irish Journal of Medical Science (1971 -)","0021-1265","0021-1265","1863-4362","0021-1265","https://creativecommons.org/licenses/by/4.0",TRUE,"42081038",NA,NA,NA,FALSE,"sn2025ie","00a0n9e72_sn2025ie_2026"
"University College Dublin",2026,NA,"10.1007/s00383-026-06437-z",TRUE,FALSE,"Springer Nature","Pediatric Surgery International","1437-9813",NA,"1437-9813","0179-0358","https://creativecommons.org/licenses/by/4.0",TRUE,"42080947","PMC13139291",NA,NA,FALSE,"sn2025ie","05m7pjf47_sn2025ie_2026"
"University of Limerick",2026,NA,"10.1007/s10798-026-10096-5",TRUE,FALSE,"Springer Nature","International Journal of Technology and Design Education","0957-7572","0957-7572","1573-1804","0957-7572","https://creativecommons.org/licenses/by/4.0",TRUE,NA,NA,NA,NA,FALSE,"sn2025ie","00a0n9e72_sn2025ie_2026"
"Trinity College Dublin",2026,NA,"10.1007/s00011-026-02242-5",TRUE,FALSE,"Springer Nature","Inflammation Research","1420-908X",NA,"1420-908X","1023-3830","https://creativecommons.org/licenses/by/4.0",TRUE,"42084739","PMC13144226",NA,NA,FALSE,"sn2025ie","02tyrky19_sn2025ie_2026"
"University of Galway",2026,NA,"10.1007/s11146-026-10062-x",TRUE,FALSE,"Springer Nature","The Journal of Real Estate Finance and Economics","0895-5638","0895-5638","1573-045X","0895-5638","https://creativecommons.org/licenses/by/4.0",TRUE,NA,NA,NA,NA,FALSE,"sn2025ie","03bea9k73_sn2025ie_2026"
"Royal College of Surgeons in Ireland",2026,NA,"10.1007/s11695-026-08711-4",TRUE,FALSE,"Springer Nature","Obesity Surgery","0960-8923","0960-8923","1708-0428","0960-8923","https://creativecommons.org/licenses/by/4.0",TRUE,"42086903","PMC13249660",NA,NA,FALSE,"sn2025ie","01hxy9878_sn2025ie_2026"
"Dublin City University",2026,NA,"10.1007/s41060-026-01141-6",TRUE,FALSE,"Springer Nature","International Journal of Data Science and Analytics","2364-415X","2364-415X","2364-4168","2364-4168","https://creativecommons.org/licenses/by/4.0",TRUE,NA,NA,NA,NA,FALSE,"sn2025ie","04a1a1e81_sn2025ie_2026"
"University College Dublin",2026,NA,"10.1057/s41292-026-00386-5",TRUE,FALSE,"Springer Nature","BioSocieties","1745-8552","1745-8552","1745-8560","1745-8552","https://creativecommons.org/licenses/by/4.0",TRUE,NA,NA,NA,NA,FALSE,"sn2025ie","05m7pjf47_sn2025ie_2026"
"University of Limerick",2026,NA,"10.1007/s11845-026-04320-3",TRUE,FALSE,"Springer Nature","Irish Journal of Medical Science (1971 -)","0021-1265","0021-1265","1863-4362","0021-1265","https://creativecommons.org/licenses/by/4.0",TRUE,"42091842",NA,NA,NA,FALSE,"sn2025ie","00a0n9e72_sn2025ie_2026"
"South East Technological University",2026,NA,"10.1007/s13738-026-03415-z",TRUE,FALSE,"Springer Nature","Journal of the Iranian Chemical Society","1735-207X","1735-207X","1735-2428","1735-207X","https://creativecommons.org/licenses/by/4.0",TRUE,NA,NA,NA,NA,FALSE,"sn2025ie","03fgx6868_sn2025ie_2026"
"University College Dublin",2026,NA,"10.1007/s00520-026-10738-3",TRUE,FALSE,"Springer Nature","Supportive Care in Cancer","0941-4355","0941-4355","1433-7339","0941-4355","https://creativecommons.org/licenses/by/4.0",TRUE,"42098448","PMC13152931",NA,NA,FALSE,"sn2025ie","05m7pjf47_sn2025ie_2026"
"Trinity College Dublin",2026,NA,"10.1007/s11229-026-05570-5",TRUE,FALSE,"Springer Nature","Synthese","1573-0964",NA,"1573-0964","0039-7857","https://creativecommons.org/licenses/by/4.0",TRUE,NA,NA,NA,NA,FALSE,"sn2025ie","02tyrky19_sn2025ie_2026"
"Royal College of Surgeons in Ireland",2026,NA,"10.1007/s11255-026-05180-7",TRUE,FALSE,"Springer Nature","International Urology and Nephrology","1573-2584",NA,"1573-2584","0301-1623","https://creativecommons.org/licenses/by/4.0",TRUE,"42095978","PMC13585812",NA,NA,FALSE,"sn2025ie","01hxy9878_sn2025ie_2026"
"Trinity College Dublin",2026,NA,"10.1007/s41999-026-01469-z",TRUE,FALSE,"Springer Nature","European Geriatric Medicine","1878-7657",NA,"1878-7657","1878-7649","https://creativecommons.org/licenses/by/4.0",TRUE,"42096137","PMC13309420",NA,NA,FALSE,"sn2025ie","02tyrky19_sn2025ie_2026"
"University College Dublin",2026,NA,"10.1007/s00126-026-01454-3",TRUE,FALSE,"Springer Nature","Mineralium Deposita","0026-4598","0026-4598","1432-1866","0026-4598","https://creativecommons.org/licenses/by/4.0",TRUE,NA,NA,NA,NA,FALSE,"sn2025ie","05m7pjf47_sn2025ie_2026"
"Maynooth University",2026,NA,"10.1007/s11084-026-09729-5",FALSE,FALSE,"Springer Nature","Discover Life","2948-2976",NA,"2948-2976","2948-2968","https://creativecommons.org/licenses/by/4.0",TRUE,NA,NA,NA,NA,TRUE,"sn2025ie","048nfjm95_sn2025ie_2026"
"Trinity College Dublin",2026,NA,"10.1007/s00520-026-10752-5",TRUE,FALSE,"Springer Nature","Supportive Care in Cancer","0941-4355","0941-4355","1433-7339","0941-4355","https://creativecommons.org/licenses/by/4.0",TRUE,"42115435","PMC13160968",NA,NA,FALSE,"sn2025ie","02tyrky19_sn2025ie_2026"
"Atlantic Technological University",2026,NA,"10.1007/s10959-026-01509-1",TRUE,FALSE,"Springer Nature","Journal of Theoretical Probability","0894-9840","0894-9840","1572-9230","0894-9840","https://creativecommons.org/licenses/by/4.0",TRUE,NA,NA,NA,NA,FALSE,"sn2025ie","0458dap48_sn2025ie_2026"
"University of Galway",2026,NA,"10.1007/s42729-026-03296-4",TRUE,FALSE,"Springer Nature","Journal of Soil Science and Plant Nutrition","0718-9508","0718-9508","0718-9516","0718-9508","https://creativecommons.org/licenses/by/4.0",TRUE,NA,NA,NA,NA,FALSE,"sn2025ie","03bea9k73_sn2025ie_2026"
"Trinity College Dublin",2026,NA,"10.1007/s13187-026-02899-w",TRUE,FALSE,"Springer Nature","Journal of Cancer Education","0885-8195","0885-8195","1543-0154","0885-8195","https://creativecommons.org/licenses/by/4.0",TRUE,"42115471",NA,NA,NA,FALSE,"sn2025ie","02tyrky19_sn2025ie_2026"
"Trinity College Dublin",2026,NA,"10.1007/s11158-026-09775-w",TRUE,FALSE,"Springer Nature","Res Publica","1356-4765","1356-4765","1572-8692","1356-4765","https://creativecommons.org/licenses/by/4.0",TRUE,NA,NA,NA,NA,FALSE,"sn2025ie","02tyrky19_sn2025ie_2026"
"Royal College of Surgeons in Ireland",2026,NA,"10.1007/s00330-026-12528-1",TRUE,FALSE,"Springer Nature","European Radiology","1432-1084",NA,"1432-1084","0938-7994","https://creativecommons.org/licenses/by/4.0",TRUE,"42126431","PMC13342327",NA,NA,FALSE,"sn2025ie","01hxy9878_sn2025ie_2026"
"University College Dublin",2026,NA,"10.1007/s10677-026-10557-9",TRUE,FALSE,"Springer Nature","Ethical Theory and Moral Practice","1386-2820","1386-2820","1572-8447","1386-2820","https://creativecommons.org/licenses/by/4.0",TRUE,NA,NA,NA,NA,FALSE,"sn2025ie","05m7pjf47_sn2025ie_2026"
"Trinity College Dublin",2026,NA,"10.1007/s11222-026-10887-9",TRUE,FALSE,"Springer Nature","Statistics and Computing","0960-3174","0960-3174","1573-1375","0960-3174","https://creativecommons.org/licenses/by/4.0",TRUE,NA,NA,NA,NA,FALSE,"sn2025ie","02tyrky19_sn2025ie_2026"
"University of Galway",2026,NA,"10.1140/epjs/s11734-026-02353-4",TRUE,FALSE,"Springer Nature","The European Physical Journal Special Topics","1951-6355","1951-6355","1951-6401","1951-6355","https://creativecommons.org/licenses/by/4.0",TRUE,NA,NA,NA,NA,FALSE,"sn2025ie","03bea9k73_sn2025ie_2026"
"University College Dublin",2026,NA,"10.1007/s12520-026-02500-x",TRUE,FALSE,"Springer Nature","Archaeological and Anthropological Sciences","1866-9557","1866-9557","1866-9565","1866-9557","https://creativecommons.org/licenses/by/4.0",TRUE,NA,NA,NA,NA,FALSE,"sn2025ie","05m7pjf47_sn2025ie_2026"
"University College Dublin",2026,NA,"10.1007/s12393-026-09441-0",TRUE,FALSE,"Springer Nature","Food Engineering Reviews","1866-7910","1866-7910","1866-7929","1866-7910","https://creativecommons.org/licenses/by/4.0",TRUE,NA,NA,NA,NA,FALSE,"sn2025ie","05m7pjf47_sn2025ie_2026"
"University College Dublin",2026,NA,"10.1007/s41748-026-01209-0",TRUE,FALSE,"Springer Nature","Earth Systems and Environment","2509-9426","2509-9426","2509-9434","2509-9434","https://creativecommons.org/licenses/by/4.0",TRUE,NA,NA,NA,NA,FALSE,"sn2025ie","05m7pjf47_sn2025ie_2026"
"Royal College of Surgeons in Ireland",2026,NA,"10.1007/s11845-026-04436-6",TRUE,FALSE,"Springer Nature","Irish Journal of Medical Science (1971 -)","0021-1265","0021-1265","1863-4362","0021-1265","https://creativecommons.org/licenses/by/4.0",TRUE,"42126758",NA,NA,NA,FALSE,"sn2025ie","01hxy9878_sn2025ie_2026"
"University College Dublin",2026,NA,"10.1038/s41370-026-00917-z",TRUE,FALSE,"Springer Nature","Journal of Exposure Science & Environmental Epidemiology","1559-0631","1559-0631","1559-064X","1559-0631","https://creativecommons.org/licenses/by/4.0",TRUE,"42129497",NA,NA,NA,FALSE,"sn2025ie","05m7pjf47_sn2025ie_2026"
"Trinity College Dublin",2026,NA,"10.1007/s11845-026-04442-8",TRUE,FALSE,"Springer Nature","Irish Journal of Medical Science (1971 -)","0021-1265","0021-1265","1863-4362","0021-1265","https://creativecommons.org/licenses/by/4.0",TRUE,"42138796",NA,NA,NA,FALSE,"sn2025ie","02tyrky19_sn2025ie_2026"
"University College Dublin",2026,NA,"10.1007/s10956-026-10330-8",TRUE,FALSE,"Springer Nature","Journal of Science Education and Technology","1059-0145","1059-0145","1573-1839","1059-0145","https://creativecommons.org/licenses/by/4.0",TRUE,NA,NA,NA,NA,FALSE,"sn2025ie","05m7pjf47_sn2025ie_2026"
"Royal College of Surgeons in Ireland",2026,NA,"10.1007/s11845-026-04448-2",TRUE,FALSE,"Springer Nature","Irish Journal of Medical Science (1971 -)","0021-1265","0021-1265","1863-4362","0021-1265","https://creativecommons.org/licenses/by/4.0",TRUE,"42144497",NA,NA,NA,FALSE,"sn2025ie","01hxy9878_sn2025ie_2026"
"Dublin City University",2026,NA,"10.1007/s40072-026-00428-w",TRUE,FALSE,"Springer Nature","Stochastics and Partial Differential Equations: Analysis and Computations","2194-0401","2194-0401","2194-041X","2194-0401","https://creativecommons.org/licenses/by/4.0",TRUE,NA,NA,NA,NA,FALSE,"sn2025ie","04a1a1e81_sn2025ie_2026"
"Royal College of Surgeons in Ireland",2026,NA,"10.1007/s40883-026-00594-2",TRUE,FALSE,"Springer Nature","Regenerative Engineering and Translational Medicine","2364-4133","2364-4133","2364-4141","2364-4141","https://creativecommons.org/licenses/by/4.0",TRUE,NA,NA,NA,NA,FALSE,"sn2025ie","01hxy9878_sn2025ie_2026"
"Trinity College Dublin",2026,NA,"10.1007/s11229-026-05626-6",TRUE,FALSE,"Springer Nature","Synthese","1573-0964",NA,"1573-0964","0039-7857","https://creativecommons.org/licenses/by/4.0",TRUE,NA,NA,NA,NA,FALSE,"sn2025ie","02tyrky19_sn2025ie_2026"
"Dublin City University",2026,NA,"10.1007/s00371-026-04480-4",TRUE,FALSE,"Springer Nature","The Visual Computer","0178-2789","0178-2789","1432-2315","0178-2789","https://creativecommons.org/licenses/by/4.0",TRUE,NA,NA,NA,NA,FALSE,"sn2025ie","04a1a1e81_sn2025ie_2026"
"Trinity College Dublin",2026,NA,"10.1038/s41433-026-04545-7",TRUE,FALSE,"Springer Nature","Eye","0950-222X","0950-222X","1476-5454","0950-222X","https://creativecommons.org/licenses/by/4.0",TRUE,"42156920",NA,NA,NA,FALSE,"sn2025ie","02tyrky19_sn2025ie_2026"
"University of Limerick",2026,NA,"10.1007/s10798-026-10103-9",TRUE,FALSE,"Springer Nature","International Journal of Technology and Design Education","0957-7572","0957-7572","1573-1804","0957-7572","https://creativecommons.org/licenses/by/4.0",TRUE,NA,NA,NA,NA,FALSE,"sn2025ie","00a0n9e72_sn2025ie_2026"
"University College Dublin",2026,NA,"10.1007/s11222-026-10884-y",TRUE,FALSE,"Springer Nature","Statistics and Computing","0960-3174","0960-3174","1573-1375","0960-3174","https://creativecommons.org/licenses/by/4.0",TRUE,NA,NA,NA,NA,FALSE,"sn2025ie","05m7pjf47_sn2025ie_2026"
"Maynooth University",2026,NA,"10.1007/s13132-026-03300-3",TRUE,FALSE,"Springer Nature","Journal of the Knowledge Economy","1868-7873",NA,"1868-7873","1868-7865","https://creativecommons.org/licenses/by/4.0",TRUE,NA,NA,NA,NA,FALSE,"sn2025ie","048nfjm95_sn2025ie_2026"
"University College Dublin",2026,NA,"10.1007/s11694-026-04407-6",TRUE,FALSE,"Springer Nature","Journal of Food Measurement and Characterization","2193-4126","2193-4126","2193-4134","2193-4126","https://creativecommons.org/licenses/by/4.0",TRUE,NA,NA,NA,NA,FALSE,"sn2025ie","05m7pjf47_sn2025ie_2026"
"University College Dublin",2026,NA,"10.1007/s11845-026-04447-3",TRUE,FALSE,"Springer Nature","Irish Journal of Medical Science (1971 -)","0021-1265","0021-1265","1863-4362","0021-1265","https://creativecommons.org/licenses/by/4.0",TRUE,"42171845",NA,NA,NA,FALSE,"sn2025ie","05m7pjf47_sn2025ie_2026"
"Dublin City University",2026,NA,"10.1007/s10956-026-10320-w",TRUE,FALSE,"Springer Nature","Journal of Science Education and Technology","1059-0145","1059-0145","1573-1839","1059-0145","https://creativecommons.org/licenses/by/4.0",TRUE,NA,NA,NA,NA,FALSE,"sn2025ie","04a1a1e81_sn2025ie_2026"
"University College Dublin",2026,NA,"10.1007/s00335-026-10243-2",TRUE,FALSE,"Springer Nature","Mammalian Genome","0938-8990","0938-8990","1432-1777","0938-8990","https://creativecommons.org/licenses/by/4.0",TRUE,"42171779","PMC13197249",NA,NA,FALSE,"sn2025ie","05m7pjf47_sn2025ie_2026"
"University College Dublin",2026,NA,"10.1007/s13347-026-01115-3",TRUE,FALSE,"Springer Nature","Philosophy & Technology","2210-5433","2210-5433","2210-5441","2210-5433","https://creativecommons.org/licenses/by/4.0",TRUE,NA,NA,NA,NA,FALSE,"sn2025ie","05m7pjf47_sn2025ie_2026"
"Royal College of Surgeons in Ireland",2026,NA,"10.1007/s11845-026-04445-5",TRUE,FALSE,"Springer Nature","Irish Journal of Medical Science (1971 -)","0021-1265","0021-1265","1863-4362","0021-1265","https://creativecommons.org/licenses/by/4.0",TRUE,"42171844",NA,NA,NA,FALSE,"sn2025ie","01hxy9878_sn2025ie_2026"
"Royal College of Surgeons in Ireland",2026,NA,"10.1007/s11845-026-04456-2",TRUE,FALSE,"Springer Nature","Irish Journal of Medical Science (1971 -)","0021-1265","0021-1265","1863-4362","0021-1265","https://creativecommons.org/licenses/by/4.0",TRUE,"42176167",NA,NA,NA,FALSE,"sn2025ie","01hxy9878_sn2025ie_2026"
"University College Dublin",2026,NA,"10.1007/s43545-026-01476-8",TRUE,FALSE,"Springer Nature","SN Social Sciences","2662-9283",NA,"2662-9283","2662-9283","https://creativecommons.org/licenses/by/4.0",TRUE,NA,NA,NA,NA,FALSE,"sn2025ie","05m7pjf47_sn2025ie_2026"
"University College Dublin",2026,NA,"10.1007/s00246-026-04314-z",TRUE,FALSE,"Springer Nature","Pediatric Cardiology","0172-0643","0172-0643","1432-1971","0172-0643","https://creativecommons.org/licenses/by/4.0",TRUE,"42184038",NA,NA,NA,FALSE,"sn2025ie","05m7pjf47_sn2025ie_2026"
"University College Dublin",2026,NA,"10.1007/s00394-026-04000-z",TRUE,FALSE,"Springer Nature","European Journal of Nutrition","1436-6207","1436-6207","1436-6215","1436-6207","https://creativecommons.org/licenses/by/4.0",TRUE,"42191962","PMC13212728",NA,NA,FALSE,"sn2025ie","05m7pjf47_sn2025ie_2026"
"Royal College of Surgeons in Ireland",2026,NA,"10.1007/s11845-026-04428-6",TRUE,FALSE,"Springer Nature","Irish Journal of Medical Science (1971 -)","0021-1265","0021-1265","1863-4362","0021-1265","https://creativecommons.org/licenses/by/4.0",TRUE,"42189467",NA,NA,NA,FALSE,"sn2025ie","01hxy9878_sn2025ie_2026"
"University of Limerick",2026,NA,"10.1007/s00170-026-18331-y",TRUE,FALSE,"Springer Nature","The International Journal of Advanced Manufacturing Technology","0268-3768","0268-3768","1433-3015","0268-3768","https://creativecommons.org/licenses/by/4.0",TRUE,NA,NA,NA,NA,FALSE,"sn2025ie","00a0n9e72_sn2025ie_2026"
"University College Cork",2026,NA,"10.1007/s11023-026-09783-y",TRUE,FALSE,"Springer Nature","Minds and Machines","1572-8641",NA,"1572-8641","0924-6495","https://creativecommons.org/licenses/by/4.0",TRUE,NA,NA,NA,NA,FALSE,"sn2025ie","03265fv13_sn2025ie_2026"
"University of Limerick",2026,NA,"10.1007/s00394-026-03987-9",TRUE,FALSE,"Springer Nature","European Journal of Nutrition","1436-6207","1436-6207","1436-6215","1436-6207","https://creativecommons.org/licenses/by/4.0",TRUE,"42191934","PMC13212392",NA,NA,FALSE,"sn2025ie","00a0n9e72_sn2025ie_2026"
"University College Dublin",2026,NA,"10.1007/s10803-026-07353-w",TRUE,FALSE,"Springer Nature","Journal of Autism and Developmental Disorders","0162-3257","0162-3257","1573-3432","0162-3257","https://creativecommons.org/licenses/by/4.0",TRUE,"42207448",NA,NA,NA,FALSE,"sn2025ie","05m7pjf47_sn2025ie_2026"
"University College Dublin",2026,NA,"10.1007/s11213-026-09766-1",TRUE,FALSE,"Springer Nature","Systemic Practice and Action Research","1094-429X","1094-429X","1573-9295","1094-429X","https://creativecommons.org/licenses/by/4.0",TRUE,NA,NA,NA,NA,FALSE,"sn2025ie","05m7pjf47_sn2025ie_2026"
"University College Dublin",2026,NA,"10.1007/s00737-026-01718-x",TRUE,FALSE,"Springer Nature","Archives of Women's Mental Health","1434-1816","1434-1816","1435-1102","1434-1816","https://creativecommons.org/licenses/by/4.0",TRUE,"42207323","PMC13219175",NA,NA,FALSE,"sn2025ie","05m7pjf47_sn2025ie_2026"
"University of Galway",2026,NA,"10.1007/s11682-026-01165-3",TRUE,FALSE,"Springer Nature","Brain Imaging and Behavior","1931-7565",NA,"1931-7565","1931-7557","https://creativecommons.org/licenses/by/4.0",TRUE,"42207420","PMC13219186",NA,NA,FALSE,"sn2025ie","03bea9k73_sn2025ie_2026"
"Trinity College Dublin",2026,NA,"10.1038/s41390-026-04924-6",TRUE,FALSE,"Springer Nature","Pediatric Research","0031-3998","0031-3998","1530-0447","0031-3998","https://creativecommons.org/licenses/by/4.0",TRUE,"42209719",NA,NA,NA,FALSE,"sn2025ie","02tyrky19_sn2025ie_2026"
"University College Dublin",2026,NA,"10.1007/s41042-026-00300-1",TRUE,FALSE,"Springer Nature","International Journal of Applied Positive Psychology","2364-5059",NA,"2364-5059","2364-5059","https://creativecommons.org/licenses/by/4.0",TRUE,NA,NA,NA,NA,FALSE,"sn2025ie","05m7pjf47_sn2025ie_2026"
"Dublin City University",2026,NA,"10.1007/s00702-026-03184-2",TRUE,FALSE,"Springer Nature","Journal of Neural Transmission","0300-9564","0300-9564","1435-1463","0300-9564","https://creativecommons.org/licenses/by/4.0",TRUE,"42213165","PMC13428709",NA,NA,FALSE,"sn2025ie","04a1a1e81_sn2025ie_2026"
"University College Dublin",2026,NA,"10.1007/s11864-026-01396-y",TRUE,FALSE,"Springer Nature","Current Treatment Options in Oncology","1527-2729","1527-2729","1534-6277","1534-6277","https://creativecommons.org/licenses/by/4.0",TRUE,"42213241","PMC13221424",NA,NA,FALSE,"sn2025ie","05m7pjf47_sn2025ie_2026"
"Trinity College Dublin",2026,NA,"10.1007/s10460-026-10911-8",TRUE,FALSE,"Springer Nature","Agriculture and Human Values","1572-8366",NA,"1572-8366","0889-048X","https://creativecommons.org/licenses/by/4.0",TRUE,NA,NA,NA,NA,FALSE,"sn2025ie","02tyrky19_sn2025ie_2026"
"Royal College of Surgeons in Ireland",2026,NA,"10.1007/s11538-026-01670-y",TRUE,FALSE,"Springer Nature","Bulletin of Mathematical Biology","0092-8240","0092-8240","1522-9602","0092-8240","https://creativecommons.org/licenses/by/4.0",TRUE,"42213252","PMC13221348",NA,NA,FALSE,"sn2025ie","01hxy9878_sn2025ie_2026"
"University College Cork",2026,NA,"10.1007/s10834-026-10100-z",TRUE,FALSE,"Springer Nature","Journal of Family and Economic Issues","1058-0476","1058-0476","1573-3475","1058-0476","https://creativecommons.org/licenses/by/4.0",TRUE,NA,NA,NA,NA,FALSE,"sn2025ie","03265fv13_sn2025ie_2026"
"University College Dublin",2026,NA,"10.1007/s00246-026-04318-9",TRUE,FALSE,"Springer Nature","Pediatric Cardiology","0172-0643","0172-0643","1432-1971","0172-0643","https://creativecommons.org/licenses/by/4.0",TRUE,"42217009",NA,NA,NA,FALSE,"sn2025ie","05m7pjf47_sn2025ie_2026"
"University College Dublin",2026,NA,"10.1007/s10612-026-09884-1",TRUE,FALSE,"Springer Nature","Critical Criminology","1205-8629","1205-8629","1572-9877","1205-8629","https://creativecommons.org/licenses/by/4.0",TRUE,NA,NA,NA,NA,FALSE,"sn2025ie","05m7pjf47_sn2025ie_2026"
"University College Dublin",2026,NA,"10.1007/s00253-026-13829-7",FALSE,FALSE,"Springer Nature","Applied Microbiology and Biotechnology","1432-0614",NA,"1432-0614","0175-7598","https://creativecommons.org/licenses/by/4.0",TRUE,"42009829","PMC13230308",NA,NA,TRUE,"sn2025ie","05m7pjf47_sn2025ie_2026"
"University College Dublin",2026,NA,"10.1007/s40519-026-01860-6",FALSE,FALSE,"Springer Nature","Eating and Weight Disorders - Studies on Anorexia, Bulimia and Obesity","1590-1262",NA,"1590-1262","1124-4909","https://creativecommons.org/licenses/by/4.0",TRUE,"42043699","PMC13253707",NA,NA,TRUE,"sn2025ie","05m7pjf47_sn2025ie_2026"
"Dublin City University",2026,NA,"10.1007/s10801-026-01548-1",TRUE,FALSE,"Springer Nature","Journal of Algebraic Combinatorics","0925-9899","0925-9899","1572-9192","0925-9899","https://creativecommons.org/licenses/by/4.0",TRUE,NA,NA,NA,NA,FALSE,"sn2025ie","04a1a1e81_sn2025ie_2026"
"Dublin City University",2026,NA,"10.1007/s41297-026-00326-0",TRUE,FALSE,"Springer Nature","Curriculum Perspectives","0159-7868","0159-7868","2367-1793","0159-7868","https://creativecommons.org/licenses/by/4.0",TRUE,NA,NA,NA,NA,FALSE,"sn2025ie","04a1a1e81_sn2025ie_2026"
"University College Cork",2026,NA,"10.1007/s00227-026-04878-7",TRUE,FALSE,"Springer Nature","Marine Biology","0025-3162","0025-3162","1432-1793","0025-3162","https://creativecommons.org/licenses/by/4.0",TRUE,NA,NA,NA,NA,FALSE,"sn2025ie","03265fv13_sn2025ie_2026"
"Royal College of Surgeons in Ireland",2026,NA,"10.1007/s11701-026-03527-x",TRUE,FALSE,"Springer Nature","Journal of Robotic Surgery","1863-2491",NA,"1863-2491","1863-2483","https://creativecommons.org/licenses/by/4.0",TRUE,"42223505","PMC13226349",NA,NA,FALSE,"sn2025ie","01hxy9878_sn2025ie_2026"
"University College Dublin",2026,NA,"10.1007/s41981-026-00377-4",TRUE,FALSE,"Springer Nature","Journal of Flow Chemistry","2062-249X","2062-249X","2063-0212","2062-249X","https://creativecommons.org/licenses/by/4.0",TRUE,NA,NA,NA,NA,FALSE,"sn2025ie","05m7pjf47_sn2025ie_2026"
"Maynooth University",2026,NA,"10.1007/s40653-026-00912-4",TRUE,FALSE,"Springer Nature","Journal of Child & Adolescent Trauma","1936-1521","1936-1521","1936-153X","1936-1521","https://creativecommons.org/licenses/by/4.0",TRUE,NA,NA,NA,NA,FALSE,"sn2025ie","048nfjm95_sn2025ie_2026"
"Trinity College Dublin",2026,NA,"10.1038/s41366-026-02098-z",TRUE,FALSE,"Springer Nature","International Journal of Obesity","0307-0565","0307-0565","1476-5497","0307-0565","https://creativecommons.org/licenses/by/4.0",TRUE,"42249132","PMC13461355",NA,NA,FALSE,"sn2025ie","02tyrky19_sn2025ie_2026"
"University of Limerick",2026,NA,"10.1007/s42823-026-01087-6",TRUE,FALSE,"Springer Nature","Carbon Letters","1976-4251","1976-4251","2233-4998","1976-4251","https://creativecommons.org/licenses/by/4.0",TRUE,NA,NA,NA,NA,FALSE,"sn2025ie","00a0n9e72_sn2025ie_2026"
"University College Dublin",2026,NA,"10.1007/s10260-026-00849-w",TRUE,FALSE,"Springer Nature","Statistical Methods & Applications","1618-2510","1618-2510","1613-981X","1613-981X","https://creativecommons.org/licenses/by/4.0",TRUE,NA,NA,NA,NA,FALSE,"sn2025ie","05m7pjf47_sn2025ie_2026"
"University of Limerick",2026,NA,"10.1080/03058034.2026.2624342",TRUE,FALSE,"Informa UK Limited","The London Journal","0305-8034","0305-8034","1749-6322","0305-8034","http://creativecommons.org/licenses/by/4.0/",TRUE,NA,NA,NA,NA,FALSE,"tf2024ie","00a0n9e72_tf2024ie_2026"
"Trinity College Dublin",2026,NA,"10.1080/00909882.2026.2657836",TRUE,FALSE,"Informa UK Limited","Journal of Applied Communication Research","0090-9882","0090-9882","1479-5752","0090-9882","http://creativecommons.org/licenses/by-nc-nd/4.0/",TRUE,NA,NA,NA,NA,FALSE,"tf2024ie","02tyrky19_tf2024ie_2026"
"University of Limerick",2026,NA,"10.1080/15427560.2026.2657322",TRUE,FALSE,"Informa UK Limited","Journal of Behavioral Finance","1542-7560","1542-7560","1542-7579","1542-7560","http://creativecommons.org/licenses/by-nc-nd/4.0/",TRUE,NA,NA,NA,NA,FALSE,"tf2024ie","00a0n9e72_tf2024ie_2026"
"University of Galway",2026,NA,"10.1080/10686967.2026.2657268",TRUE,FALSE,"Informa UK Limited","Quality Management Journal","1068-6967","1068-6967","2575-6222","1068-6967","http://creativecommons.org/licenses/by-nc-nd/4.0/",TRUE,NA,NA,NA,NA,FALSE,"tf2024ie","03bea9k73_tf2024ie_2026"
"University of Galway",2026,NA,"10.1080/01942638.2026.2654615",TRUE,FALSE,"Informa UK Limited","Physical & Occupational Therapy In Pediatrics","0194-2638","0194-2638","1541-3144","0194-2638","http://creativecommons.org/licenses/by-nc-nd/4.0/",TRUE,"42178662",NA,NA,NA,FALSE,"tf2024ie","03bea9k73_tf2024ie_2026"
"Trinity College Dublin",2026,NA,"10.1080/2833115x.2026.2656170",TRUE,FALSE,"Informa UK Limited","Finance and Space","2833-115X",NA,"2833-115X","2833-115X","http://creativecommons.org/licenses/by-nc-nd/4.0/",TRUE,NA,NA,NA,NA,FALSE,"tf2024ie","02tyrky19_tf2024ie_2026"
"Dublin City University",2026,NA,"10.1080/02673037.2026.2653612",TRUE,FALSE,"Informa UK Limited","Housing Studies","0267-3037","0267-3037","1466-1810","0267-3037","http://creativecommons.org/licenses/by-nc-nd/4.0/",TRUE,NA,NA,NA,NA,FALSE,"tf2024ie","04a1a1e81_tf2024ie_2026"
"University College Cork",2026,NA,"10.1080/20539320.2026.2652149",TRUE,FALSE,"Informa UK Limited","Journal of Aesthetics and Phenomenology","2053-9320","2053-9320","2053-9339","2053-9320","http://creativecommons.org/licenses/by-nc-nd/4.0/",TRUE,NA,NA,NA,NA,FALSE,"tf2024ie","03265fv13_tf2024ie_2026"
"University of Galway",2026,NA,"10.1080/20539320.2026.2652142",TRUE,FALSE,"Informa UK Limited","Journal of Aesthetics and Phenomenology","2053-9320","2053-9320","2053-9339","2053-9320","http://creativecommons.org/licenses/by-nc-nd/4.0/",TRUE,NA,NA,NA,NA,FALSE,"tf2024ie","03bea9k73_tf2024ie_2026"
"University of Limerick",2026,NA,"10.1080/03069400.2026.2651604",TRUE,FALSE,"Informa UK Limited","The Law Teacher","0306-9400","0306-9400","1943-0353","0306-9400","http://creativecommons.org/licenses/by-nc-nd/4.0/",TRUE,NA,NA,NA,NA,FALSE,"tf2024ie","00a0n9e72_tf2024ie_2026"
"University College Cork",2026,NA,"10.1080/09574042.2026.2644691",TRUE,FALSE,"Informa UK Limited","Women: a cultural review","0957-4042","0957-4042","1470-1367","0957-4042","http://creativecommons.org/licenses/by-nc-nd/4.0/",TRUE,NA,NA,NA,NA,FALSE,"tf2024ie","03265fv13_tf2024ie_2026"
"University of Limerick",2026,NA,"10.1080/14794713.2026.2645525",TRUE,FALSE,"Informa UK Limited","International Journal of Performance Arts and Digital Media","1479-4713","1479-4713","2040-0934","1479-4713","http://creativecommons.org/licenses/by/4.0/",TRUE,NA,NA,NA,NA,FALSE,"tf2024ie","00a0n9e72_tf2024ie_2026"
"Dublin City University",2026,NA,"10.1080/21552851.2026.2639144",TRUE,FALSE,"Informa UK Limited","Accounting History Review","2155-2851","2155-2851","2155-286X","2155-286X","http://creativecommons.org/licenses/by-nc-nd/4.0/",TRUE,NA,NA,NA,NA,FALSE,"tf2024ie","04a1a1e81_tf2024ie_2026"
"University College Dublin",2026,NA,"10.1080/17530350.2026.2624511",TRUE,FALSE,"Informa UK Limited","Journal of Cultural Economy","1753-0350","1753-0350","1753-0369","1753-0350","http://creativecommons.org/licenses/by-nc-nd/4.0/",TRUE,NA,NA,NA,NA,FALSE,"tf2024ie","05m7pjf47_tf2024ie_2026"
"University College Cork",2026,NA,"10.1080/01612840.2026.2621863",TRUE,FALSE,"Informa UK Limited","Issues in Mental Health Nursing","0161-2840","0161-2840","1096-4673","0161-2840","http://creativecommons.org/licenses/by-nc-nd/4.0/",TRUE,"42133931",NA,NA,NA,FALSE,"tf2024ie","03265fv13_tf2024ie_2026"
"Dublin City University",2026,NA,"10.1080/02619768.2026.2692979",TRUE,FALSE,"Informa UK Limited","European Journal of Teacher Education","0261-9768","0261-9768","1469-5928","0261-9768","http://creativecommons.org/licenses/by-nc-nd/4.0/",TRUE,NA,NA,NA,NA,FALSE,"tf2024ie","04a1a1e81_tf2024ie_2026"
"University College Dublin",2026,NA,"10.1080/17439884.2026.2678187",TRUE,FALSE,"Informa UK Limited","Learning, Media and Technology","1743-9884","1743-9884","1743-9892","1743-9884","http://creativecommons.org/licenses/by/4.0/",TRUE,NA,NA,NA,NA,FALSE,"tf2024ie","05m7pjf47_tf2024ie_2026"
"University College Cork",2026,NA,"10.1080/13603116.2026.2691594",TRUE,FALSE,"Informa UK Limited","International Journal of Inclusive Education","1360-3116","1360-3116","1464-5173","1360-3116","http://creativecommons.org/licenses/by-nc-nd/4.0/",TRUE,NA,NA,NA,NA,FALSE,"tf2024ie","03265fv13_tf2024ie_2026"
"University of Limerick",2026,NA,"10.1080/10282580.2026.2691057",TRUE,FALSE,"Informa UK Limited","Contemporary Justice Review","1028-2580","1028-2580","1477-2248","1028-2580","http://creativecommons.org/licenses/by-nc-nd/4.0/",TRUE,NA,NA,NA,NA,FALSE,"tf2024ie","00a0n9e72_tf2024ie_2026"
"University College Cork",2026,NA,"10.1080/12460125.2026.2688526",TRUE,FALSE,"Informa UK Limited","Journal of Decision Systems","1246-0125","1246-0125","2116-7052","1246-0125","http://creativecommons.org/licenses/by-nc-nd/4.0/",TRUE,NA,NA,NA,NA,FALSE,"tf2024ie","03265fv13_tf2024ie_2026"
"University of Limerick",2026,NA,"10.1080/14675986.2026.2690859",TRUE,FALSE,"Informa UK Limited","Intercultural Education","1467-5986","1467-5986","1469-8439","1467-5986","http://creativecommons.org/licenses/by/4.0/",TRUE,NA,NA,NA,NA,FALSE,"tf2024ie","00a0n9e72_tf2024ie_2026"
"University of Limerick",2026,NA,"10.1080/14681366.2026.2687858",TRUE,FALSE,"Informa UK Limited","Pedagogy, Culture & Society","1468-1366","1468-1366","1747-5104","1468-1366","http://creativecommons.org/licenses/by-nc-nd/4.0/",TRUE,NA,NA,NA,NA,FALSE,"tf2024ie","00a0n9e72_tf2024ie_2026"
"Dublin City University",2026,NA,"10.1080/10447318.2026.2690094",TRUE,FALSE,"Informa UK Limited","International Journal of Human–Computer Interaction","1044-7318","1044-7318","1532-7590","1044-7318","http://creativecommons.org/licenses/by-nc-nd/4.0/",TRUE,NA,NA,NA,NA,FALSE,"tf2024ie","04a1a1e81_tf2024ie_2026"
"University of Limerick",2026,NA,"10.1080/13573322.2026.2689079",TRUE,FALSE,"Informa UK Limited","Sport, Education and Society","1357-3322","1357-3322","1470-1243","1357-3322","http://creativecommons.org/licenses/by/4.0/",TRUE,NA,NA,NA,NA,FALSE,"tf2024ie","00a0n9e72_tf2024ie_2026"
"Dublin City University",2026,NA,"10.1080/17408989.2026.2688149",TRUE,FALSE,"Informa UK Limited","Physical Education and Sport Pedagogy","1740-8989","1740-8989","1742-5786","1740-8989","http://creativecommons.org/licenses/by-nc-nd/4.0/",TRUE,NA,NA,NA,NA,FALSE,"tf2024ie","04a1a1e81_tf2024ie_2026"
"University College Dublin",2026,NA,"10.1080/0950236x.2026.2681500",TRUE,FALSE,"Informa UK Limited","Textual Practice","0950-236X","0950-236X","1470-1308","0950-236X","http://creativecommons.org/licenses/by-nc-nd/4.0/",TRUE,NA,NA,NA,NA,FALSE,"tf2024ie","05m7pjf47_tf2024ie_2026"
"Dublin City University",2026,NA,"10.1080/02614367.2026.2683849",TRUE,FALSE,"Informa UK Limited","Leisure Studies","0261-4367","0261-4367","1466-4496","0261-4367","http://creativecommons.org/licenses/by/4.0/",TRUE,NA,NA,NA,NA,FALSE,"tf2024ie","04a1a1e81_tf2024ie_2026"
"University of Limerick",2026,NA,"10.1080/01402382.2026.2687626",TRUE,FALSE,"Informa UK Limited","West European Politics","0140-2382","0140-2382","1743-9655","0140-2382","http://creativecommons.org/licenses/by-nc-nd/4.0/",TRUE,NA,NA,NA,NA,FALSE,"tf2024ie","00a0n9e72_tf2024ie_2026"
"University of Galway",2026,NA,"10.1080/0144929x.2026.2675626",TRUE,FALSE,"Informa UK Limited","Behaviour & Information Technology","0144-929X","0144-929X","1362-3001","0144-929X","http://creativecommons.org/licenses/by-nc-nd/4.0/",TRUE,NA,NA,NA,NA,FALSE,"tf2024ie","03bea9k73_tf2024ie_2026"
"University College Cork",2026,NA,"10.1080/1350178x.2026.2686644",TRUE,FALSE,"Informa UK Limited","Journal of Economic Methodology","1350-178X","1350-178X","1469-9427","1350-178X","http://creativecommons.org/licenses/by-nc-nd/4.0/",TRUE,NA,NA,NA,NA,FALSE,"tf2024ie","03265fv13_tf2024ie_2026"
"Dublin City University",2026,NA,"10.1080/24748668.2026.2685442",TRUE,FALSE,"Informa UK Limited","International Journal of Performance Analysis in Sport","2474-8668","2474-8668","1474-8185","1474-8185","http://creativecommons.org/licenses/by/4.0/",TRUE,NA,NA,NA,NA,FALSE,"tf2024ie","04a1a1e81_tf2024ie_2026"
"Dublin City University",2026,NA,"10.1080/15562948.2026.2686751",TRUE,FALSE,"Informa UK Limited","Journal of Immigrant & Refugee Studies","1556-2948","1556-2948","1556-2956","1556-2948","http://creativecommons.org/licenses/by-nc-nd/4.0/",TRUE,NA,NA,NA,NA,FALSE,"tf2024ie","04a1a1e81_tf2024ie_2026"
"Maynooth University",2026,NA,"10.1080/02660830.2026.2687295",TRUE,FALSE,"Informa UK Limited","Studies in the Education of Adults","0266-0830","0266-0830","1478-9833","0266-0830","http://creativecommons.org/licenses/by-nc-nd/4.0/",TRUE,NA,NA,NA,NA,FALSE,"tf2024ie","048nfjm95_tf2024ie_2026"
"University College Cork",2026,NA,"10.1080/09620214.2026.2686377",TRUE,FALSE,"Informa UK Limited","International Studies in Sociology of Education","0962-0214","0962-0214","1747-5066","0962-0214","http://creativecommons.org/licenses/by-nc-nd/4.0/",TRUE,NA,NA,NA,NA,FALSE,"tf2024ie","03265fv13_tf2024ie_2026"
"Technological University of the Shannon: Midlands Midwest",2026,NA,"10.1080/02650533.2026.2683354",TRUE,FALSE,"Informa UK Limited","Journal of Social Work Practice","0265-0533","0265-0533","1465-3885","0265-0533","http://creativecommons.org/licenses/by-nc-nd/4.0/",TRUE,NA,NA,NA,NA,FALSE,"tf2024ie","04efm0253_tf2024ie_2026"
"University College Dublin",2026,NA,"10.1080/17535069.2026.2685318",TRUE,FALSE,"Informa UK Limited","Urban Research & Practice","1753-5069","1753-5069","1753-5077","1753-5069","http://creativecommons.org/licenses/by-nc-nd/4.0/",TRUE,NA,NA,NA,NA,FALSE,"tf2024ie","05m7pjf47_tf2024ie_2026"
"Dublin City University",2026,NA,"10.1080/19415257.2026.2685612",TRUE,FALSE,"Informa UK Limited","Professional Development in Education","1941-5257","1941-5257","1941-5265","1941-5257","http://creativecommons.org/licenses/by-nc-nd/4.0/",TRUE,NA,NA,NA,NA,FALSE,"tf2024ie","04a1a1e81_tf2024ie_2026"
"University College Cork",2026,NA,"10.1080/13676261.2026.2677821",TRUE,FALSE,"Informa UK Limited","Journal of Youth Studies","1367-6261","1367-6261","1469-9680","1367-6261","http://creativecommons.org/licenses/by-nc-nd/4.0/",TRUE,NA,NA,NA,NA,FALSE,"tf2024ie","03265fv13_tf2024ie_2026"
"Dublin City University",2026,NA,"10.1080/14719037.2026.2684320",TRUE,FALSE,"Informa UK Limited","Public Management Review","1471-9037","1471-9037","1471-9045","1471-9037","http://creativecommons.org/licenses/by-nc-nd/4.0/",TRUE,NA,NA,NA,NA,FALSE,"tf2024ie","04a1a1e81_tf2024ie_2026"
"Technological University of the Shannon: Midlands Midwest",2026,NA,"10.1080/08952841.2026.2680873",TRUE,FALSE,"Informa UK Limited","Journal of Women & Aging","0895-2841","0895-2841","1540-7322","0895-2841","http://creativecommons.org/licenses/by-nc-nd/4.0/",TRUE,"42212519",NA,NA,NA,FALSE,"tf2024ie","04efm0253_tf2024ie_2026"
"University of Limerick",2026,NA,"10.1080/0309877x.2026.2679576",TRUE,FALSE,"Informa UK Limited","Journal of Further and Higher Education","0309-877X","0309-877X","1469-9486","0309-877X","http://creativecommons.org/licenses/by-nc-nd/4.0/",TRUE,NA,NA,NA,NA,FALSE,"tf2024ie","00a0n9e72_tf2024ie_2026"
"Trinity College Dublin",2026,NA,"10.1080/09638288.2026.2676067",TRUE,FALSE,"Informa UK Limited","Disability and Rehabilitation","0963-8288","0963-8288","1464-5165","0963-8288","http://creativecommons.org/licenses/by-nc-nd/4.0/",TRUE,"42212629",NA,NA,NA,FALSE,"tf2024ie","02tyrky19_tf2024ie_2026"
"University of Limerick",2026,NA,"10.1080/07317107.2026.2681594",TRUE,FALSE,"Informa UK Limited","Child & Family Behavior Therapy","0731-7107","0731-7107","1545-228X","0731-7107","http://creativecommons.org/licenses/by-nc-nd/4.0/",TRUE,NA,NA,NA,NA,FALSE,"tf2024ie","00a0n9e72_tf2024ie_2026"
"Dublin City University",2026,NA,"10.1080/02619768.2026.2680942",TRUE,FALSE,"Informa UK Limited","European Journal of Teacher Education","0261-9768","0261-9768","1469-5928","0261-9768","http://creativecommons.org/licenses/by-nc-nd/4.0/",TRUE,NA,NA,NA,NA,FALSE,"tf2024ie","04a1a1e81_tf2024ie_2026"
"Maynooth University",2026,NA,"10.1080/10476210.2026.2680424",TRUE,FALSE,"Informa UK Limited","Teaching Education","1047-6210","1047-6210","1470-1286","1047-6210","http://creativecommons.org/licenses/by-nc-nd/4.0/",TRUE,NA,NA,NA,NA,FALSE,"tf2024ie","048nfjm95_tf2024ie_2026"
"Royal College of Surgeons in Ireland",2026,NA,"10.1080/13561820.2026.2680057",TRUE,FALSE,"Informa UK Limited","Journal of Interprofessional Care","1356-1820","1356-1820","1469-9567","1356-1820","http://creativecommons.org/licenses/by-nc-nd/4.0/",TRUE,"42207672",NA,NA,NA,FALSE,"tf2024ie","01hxy9878_tf2024ie_2026"
"University College Cork",2026,NA,"10.1080/00220272.2026.2680399",TRUE,FALSE,"Informa UK Limited","Journal of Curriculum Studies","0022-0272","0022-0272","1366-5839","0022-0272","http://creativecommons.org/licenses/by-nc-nd/4.0/",TRUE,NA,NA,NA,NA,FALSE,"tf2024ie","03265fv13_tf2024ie_2026"
"University College Cork",2026,NA,"10.1080/13603116.2026.2679705",TRUE,FALSE,"Informa UK Limited","International Journal of Inclusive Education","1360-3116","1360-3116","1464-5173","1360-3116","http://creativecommons.org/licenses/by-nc-nd/4.0/",TRUE,NA,NA,NA,NA,FALSE,"tf2024ie","03265fv13_tf2024ie_2026"
"Atlantic Technological University",2026,NA,"10.1080/00207179.2026.2679231",TRUE,FALSE,"Informa UK Limited","International Journal of Control","0020-7179","0020-7179","1366-5820","0020-7179","http://creativecommons.org/licenses/by-nc-nd/4.0/",TRUE,NA,NA,NA,NA,FALSE,"tf2024ie","0458dap48_tf2024ie_2026"
"Royal College of Surgeons in Ireland",2026,NA,"10.1080/02688697.2026.2663478",TRUE,FALSE,"Informa UK Limited","British Journal of Neurosurgery","0268-8697","0268-8697","1360-046X","0268-8697","http://creativecommons.org/licenses/by-nc-nd/4.0/",TRUE,"42051194",NA,NA,NA,FALSE,"tf2024ie","01hxy9878_tf2024ie_2026"
"University College Dublin",2026,NA,"10.1080/17496977.2026.2667700",TRUE,FALSE,"Informa UK Limited","Intellectual History Review","1749-6977","1749-6977","1749-6985","1749-6977","http://creativecommons.org/licenses/by-nc-nd/4.0/",TRUE,NA,NA,NA,NA,FALSE,"tf2024ie","05m7pjf47_tf2024ie_2026"
"South East Technological University",2026,NA,"10.1080/03610470.2026.2673485",TRUE,FALSE,"Informa UK Limited","Journal of the American Society of Brewing Chemists","0361-0470","0361-0470","1943-7854","0361-0470","http://creativecommons.org/licenses/by-nc-nd/4.0/",TRUE,NA,NA,NA,NA,FALSE,"tf2024ie","03fgx6868_tf2024ie_2026"
"Maynooth University",2026,NA,"10.1080/1359866x.2026.2675947",TRUE,FALSE,"Informa UK Limited","Asia-Pacific Journal of Teacher Education","1359-866X","1359-866X","1469-2945","1359-866X","http://creativecommons.org/licenses/by-nc-nd/4.0/",TRUE,NA,NA,NA,NA,FALSE,"tf2024ie","048nfjm95_tf2024ie_2026"
"University College Cork",2026,NA,"10.1080/13572334.2026.2674377",TRUE,FALSE,"Informa UK Limited","The Journal of Legislative Studies","1357-2334","1357-2334","1743-9337","1357-2334","http://creativecommons.org/licenses/by-nc-nd/4.0/",TRUE,NA,NA,NA,NA,FALSE,"tf2024ie","03265fv13_tf2024ie_2026"
"Technological University Dublin",2026,NA,"10.1080/25739638.2026.2676684",TRUE,FALSE,"Informa UK Limited","Journal of Contemporary Central and Eastern Europe","2573-9638","2573-9638","2573-9646","2573-9638","http://creativecommons.org/licenses/by-nc-nd/4.0/",TRUE,NA,NA,NA,NA,FALSE,"tf2024ie","04t0qbt32_tf2024ie_2026"
"University College Cork",2026,NA,"10.1080/12460125.2026.2668529",TRUE,FALSE,"Informa UK Limited","Journal of Decision Systems","1246-0125","1246-0125","2116-7052","1246-0125","http://creativecommons.org/licenses/by-nc-nd/4.0/",TRUE,NA,NA,NA,NA,FALSE,"tf2024ie","03265fv13_tf2024ie_2026"
"University College Cork",2026,NA,"10.1080/12460125.2026.2675043",TRUE,FALSE,"Informa UK Limited","Journal of Decision Systems","1246-0125","1246-0125","2116-7052","1246-0125","http://creativecommons.org/licenses/by-nc-nd/4.0/",TRUE,NA,NA,NA,NA,FALSE,"tf2024ie","03265fv13_tf2024ie_2026"
"University College Cork",2026,NA,"10.1080/13697137.2026.2676683",TRUE,FALSE,"Informa UK Limited","Climacteric","1369-7137","1369-7137","1473-0804","1369-7137","http://creativecommons.org/licenses/by-nc-nd/4.0/",TRUE,"42329785",NA,NA,NA,FALSE,"tf2024ie","03265fv13_tf2024ie_2026"
"Dublin City University",2026,NA,"10.1080/03323315.2026.2675302",TRUE,FALSE,"Informa UK Limited","Irish Educational Studies","0332-3315","0332-3315","1747-4965","0332-3315","http://creativecommons.org/licenses/by-nc-nd/4.0/",TRUE,NA,NA,NA,NA,FALSE,"tf2024ie","04a1a1e81_tf2024ie_2026"
"Dublin City University",2026,NA,"10.1080/03323315.2026.2675307",TRUE,FALSE,"Informa UK Limited","Irish Educational Studies","0332-3315","0332-3315","1747-4965","0332-3315","http://creativecommons.org/licenses/by-nc-nd/4.0/",TRUE,NA,NA,NA,NA,FALSE,"tf2024ie","04a1a1e81_tf2024ie_2026"
"University College Cork",2026,NA,"10.1080/10447318.2026.2675436",TRUE,FALSE,"Informa UK Limited","International Journal of Human–Computer Interaction","1044-7318","1044-7318","1532-7590","1044-7318","http://creativecommons.org/licenses/by-nc-nd/4.0/",TRUE,NA,NA,NA,NA,FALSE,"tf2024ie","03265fv13_tf2024ie_2026"
"University of Galway",2026,NA,"10.1080/20508840.2026.2672327",TRUE,FALSE,"Informa UK Limited","The Theory and Practice of Legislation","2050-8840","2050-8840","2050-8859","2050-8840","http://creativecommons.org/licenses/by-nc-nd/4.0/",TRUE,NA,NA,NA,NA,FALSE,"tf2024ie","03bea9k73_tf2024ie_2026"
"Dublin City University",2026,NA,"10.1080/02643944.2026.2672628",TRUE,FALSE,"Informa UK Limited","Pastoral Care in Education","0264-3944","0264-3944","1468-0122","0264-3944","http://creativecommons.org/licenses/by-nc-nd/4.0/",TRUE,NA,NA,NA,NA,FALSE,"tf2024ie","04a1a1e81_tf2024ie_2026"
"University College Cork",2026,NA,"10.1080/12460125.2026.2664010",TRUE,FALSE,"Informa UK Limited","Journal of Decision Systems","1246-0125","1246-0125","2116-7052","1246-0125","http://creativecommons.org/licenses/by/4.0/",TRUE,NA,NA,NA,NA,FALSE,"tf2024ie","03265fv13_tf2024ie_2026"
"University of Limerick",2026,NA,"10.1080/25355406.2026.2672920",TRUE,FALSE,"Informa UK Limited","Human Rights Education Review","2535-5406",NA,"2535-5406","2535-5406","http://creativecommons.org/licenses/by-nc-nd/4.0/",TRUE,NA,NA,NA,NA,FALSE,"tf2024ie","00a0n9e72_tf2024ie_2026"
"Trinity College Dublin",2026,NA,"10.1080/09638288.2026.2669995",TRUE,FALSE,"Informa UK Limited","Disability and Rehabilitation","0963-8288","0963-8288","1464-5165","0963-8288","http://creativecommons.org/licenses/by-nc-nd/4.0/",TRUE,"42161887",NA,NA,NA,FALSE,"tf2024ie","02tyrky19_tf2024ie_2026"
"University College Cork",2026,NA,"10.1080/12460125.2026.2669329",TRUE,FALSE,"Informa UK Limited","Journal of Decision Systems","1246-0125","1246-0125","2116-7052","1246-0125","http://creativecommons.org/licenses/by/4.0/",TRUE,NA,NA,NA,NA,FALSE,"tf2024ie","03265fv13_tf2024ie_2026"
"University College Cork",2026,NA,"10.1080/12460125.2026.2673375",TRUE,FALSE,"Informa UK Limited","Journal of Decision Systems","1246-0125","1246-0125","2116-7052","1246-0125","http://creativecommons.org/licenses/by-nc-nd/4.0/",TRUE,NA,NA,NA,NA,FALSE,"tf2024ie","03265fv13_tf2024ie_2026"
"Atlantic Technological University",2026,NA,"10.1080/19357397.2026.2668990",TRUE,FALSE,"Informa UK Limited","Journal for the Study of Sports and Athletes in Education","1935-7397","1935-7397","1935-7400","1935-7397","http://creativecommons.org/licenses/by-nc-nd/4.0/",TRUE,NA,NA,NA,NA,FALSE,"tf2024ie","0458dap48_tf2024ie_2026"
"Atlantic Technological University",2026,NA,"10.1080/09537287.2026.2671419",TRUE,FALSE,"Informa UK Limited","Production Planning & Control","0953-7287","0953-7287","1366-5871","0953-7287","http://creativecommons.org/licenses/by-nc-nd/4.0/",TRUE,NA,NA,NA,NA,FALSE,"tf2024ie","0458dap48_tf2024ie_2026"
"University College Dublin",2026,NA,"10.1080/12265934.2026.2670420",TRUE,FALSE,"Informa UK Limited","International Journal of Urban Sciences","1226-5934","1226-5934","2161-6779","1226-5934","http://creativecommons.org/licenses/by-nc-nd/4.0/",TRUE,NA,NA,NA,NA,FALSE,"tf2024ie","05m7pjf47_tf2024ie_2026"
"University College Dublin",2026,NA,"10.1080/01440365.2026.2660701",TRUE,FALSE,"Informa UK Limited","The Journal of Legal History","0144-0365","0144-0365","1744-0564","0144-0365","http://creativecommons.org/licenses/by-nc-nd/4.0/",TRUE,NA,NA,NA,NA,FALSE,"tf2024ie","05m7pjf47_tf2024ie_2026"
"University College Cork",2026,NA,"10.1080/12460125.2026.2669855",TRUE,FALSE,"Informa UK Limited","Journal of Decision Systems","1246-0125","1246-0125","2116-7052","1246-0125","http://creativecommons.org/licenses/by-nc-nd/4.0/",TRUE,NA,NA,NA,NA,FALSE,"tf2024ie","03265fv13_tf2024ie_2026"
"Maynooth University",2026,NA,"10.1080/14789450.2026.2669276",TRUE,FALSE,"Informa UK Limited","Expert Review of Proteomics","1478-9450","1478-9450","1744-8387","1478-9450","http://creativecommons.org/licenses/by/4.0/",TRUE,"42080304",NA,NA,NA,FALSE,"tf2024ie","048nfjm95_tf2024ie_2026"
"Dublin City University",2026,NA,"10.1080/13603108.2026.2670433",TRUE,FALSE,"Informa UK Limited","Perspectives: Policy and Practice in Higher Education","1360-3108","1360-3108","1460-7018","1360-3108","http://creativecommons.org/licenses/by/4.0/",TRUE,NA,NA,NA,NA,FALSE,"tf2024ie","04a1a1e81_tf2024ie_2026"
"Dublin City University",2026,NA,"10.1080/10225706.2026.2660101",TRUE,FALSE,"Informa UK Limited","Asian Geographer","1022-5706","1022-5706","2158-1762","1022-5706","http://creativecommons.org/licenses/by-nc-nd/4.0/",TRUE,NA,NA,NA,NA,FALSE,"tf2024ie","04a1a1e81_tf2024ie_2026"
"University College Cork",2026,NA,"10.1080/13575279.2026.2668104",TRUE,FALSE,"Informa UK Limited","Child Care in Practice","1357-5279","1357-5279","1476-489X","1357-5279","http://creativecommons.org/licenses/by-nc-nd/4.0/",TRUE,NA,NA,NA,NA,FALSE,"tf2024ie","03265fv13_tf2024ie_2026"
"University College Cork",2026,NA,"10.1080/01614622.2026.2664977",TRUE,FALSE,"Informa UK Limited","Italian Culture","0161-4622","0161-4622","1559-0909","0161-4622","http://creativecommons.org/licenses/by-nc-nd/4.0/",TRUE,NA,NA,NA,NA,FALSE,"tf2024ie","03265fv13_tf2024ie_2026"
"Technological University of the Shannon: Midlands Midwest",2026,NA,"10.1080/07370016.2026.2667174",TRUE,FALSE,"Informa UK Limited","Journal of Community Health Nursing","0737-0016","0737-0016","1532-7655","0737-0016","http://creativecommons.org/licenses/by-nc-nd/4.0/",TRUE,"42100883",NA,NA,NA,FALSE,"tf2024ie","04efm0253_tf2024ie_2026"
"Dublin City University",2026,NA,"10.1080/17408989.2026.2666846",TRUE,FALSE,"Informa UK Limited","Physical Education and Sport Pedagogy","1740-8989","1740-8989","1742-5786","1740-8989","http://creativecommons.org/licenses/by/4.0/",TRUE,NA,NA,NA,NA,FALSE,"tf2024ie","04a1a1e81_tf2024ie_2026"
"University College Dublin",2026,NA,"10.1080/20414005.2026.2666747",TRUE,FALSE,"Informa UK Limited","Transnational Legal Theory","2041-4005","2041-4005","2041-4013","2041-4005","http://creativecommons.org/licenses/by-nc-nd/4.0/",TRUE,NA,NA,NA,NA,FALSE,"tf2024ie","05m7pjf47_tf2024ie_2026"
"University College Cork",2026,NA,"10.1080/12460125.2026.2666614",TRUE,FALSE,"Informa UK Limited","Journal of Decision Systems","1246-0125","1246-0125","2116-7052","1246-0125","http://creativecommons.org/licenses/by-nc-nd/4.0/",TRUE,NA,NA,NA,NA,FALSE,"tf2024ie","03265fv13_tf2024ie_2026"
"University College Cork",2026,NA,"10.1080/07907184.2026.2664694",TRUE,FALSE,"Informa UK Limited","Irish Political Studies","0790-7184","0790-7184","1743-9078","0790-7184","http://creativecommons.org/licenses/by-nc-nd/4.0/",TRUE,NA,NA,NA,NA,FALSE,"tf2024ie","03265fv13_tf2024ie_2026"
"University College Dublin",2026,NA,"10.1080/21650373.2026.2665408",TRUE,FALSE,"Informa UK Limited","Journal of Sustainable Cement-Based Materials","2165-0373","2165-0373","2165-0381","2165-0373","http://creativecommons.org/licenses/by/4.0/",TRUE,NA,NA,NA,NA,FALSE,"tf2024ie","05m7pjf47_tf2024ie_2026"
"Munster Technological University",2026,NA,"10.1080/1034912x.2026.2666499",TRUE,FALSE,"Informa UK Limited","International Journal of Disability, Development and Education","1034-912X","1034-912X","1465-346X","1034-912X","http://creativecommons.org/licenses/by/4.0/",TRUE,NA,NA,NA,NA,FALSE,"tf2024ie","013xpqh61_tf2024ie_2026"
"Technological University of the Shannon: Midlands Midwest",2026,NA,"10.1080/23279095.2026.2649973",TRUE,FALSE,"Informa UK Limited","Applied Neuropsychology: Adult","2327-9095","2327-9095","2327-9109","2327-9095","http://creativecommons.org/licenses/by/4.0/",TRUE,"42011666",NA,NA,NA,FALSE,"tf2024ie","04efm0253_tf2024ie_2026"
"Dublin City University",2026,NA,"10.1080/2833115x.2026.2665655",TRUE,FALSE,"Informa UK Limited","Finance and Space","2833-115X",NA,"2833-115X","2833-115X","http://creativecommons.org/licenses/by-nc-nd/4.0/",TRUE,NA,NA,NA,NA,FALSE,"tf2024ie","04a1a1e81_tf2024ie_2026"
"University of Limerick",2026,NA,"10.1080/17408989.2026.2665675",TRUE,FALSE,"Informa UK Limited","Physical Education and Sport Pedagogy","1740-8989","1740-8989","1742-5786","1740-8989","http://creativecommons.org/licenses/by-nc-nd/4.0/",TRUE,NA,NA,NA,NA,FALSE,"tf2024ie","00a0n9e72_tf2024ie_2026"
"Technological University Dublin",2026,NA,"10.1080/25739638.2026.2665118",TRUE,FALSE,"Informa UK Limited","Journal of Contemporary Central and Eastern Europe","2573-9638","2573-9638","2573-9646","2573-9638","http://creativecommons.org/licenses/by-nc-nd/4.0/",TRUE,NA,NA,NA,NA,FALSE,"tf2024ie","04t0qbt32_tf2024ie_2026"
"University College Cork",2026,NA,"10.1080/12460125.2026.2664787",TRUE,FALSE,"Informa UK Limited","Journal of Decision Systems","1246-0125","1246-0125","2116-7052","1246-0125","http://creativecommons.org/licenses/by/4.0/",TRUE,NA,NA,NA,NA,FALSE,"tf2024ie","03265fv13_tf2024ie_2026"
"University College Dublin",2026,NA,"10.1080/17449642.2026.2664872",TRUE,FALSE,"Informa UK Limited","Ethics and Education","1744-9642","1744-9642","1744-9650","1744-9642","http://creativecommons.org/licenses/by-nc-nd/4.0/",TRUE,NA,NA,NA,NA,FALSE,"tf2024ie","05m7pjf47_tf2024ie_2026"
"University College Cork",2026,NA,"10.1080/12460125.2026.2662348",TRUE,FALSE,"Informa UK Limited","Journal of Decision Systems","1246-0125","1246-0125","2116-7052","1246-0125","http://creativecommons.org/licenses/by-nc-nd/4.0/",TRUE,NA,NA,NA,NA,FALSE,"tf2024ie","03265fv13_tf2024ie_2026"
"Atlantic Technological University",2026,NA,"10.1080/12460125.2026.2662330",TRUE,FALSE,"Informa UK Limited","Journal of Decision Systems","1246-0125","1246-0125","2116-7052","1246-0125","http://creativecommons.org/licenses/by/4.0/",TRUE,NA,NA,NA,NA,FALSE,"tf2024ie","0458dap48_tf2024ie_2026"
"Dublin City University",2026,NA,"10.1080/13573322.2026.2663001",TRUE,FALSE,"Informa UK Limited","Sport, Education and Society","1357-3322","1357-3322","1470-1243","1357-3322","http://creativecommons.org/licenses/by/4.0/",TRUE,NA,NA,NA,NA,FALSE,"tf2024ie","04a1a1e81_tf2024ie_2026"
"Dublin City University",2026,NA,"10.1080/12460125.2026.2663115",TRUE,FALSE,"Informa UK Limited","Journal of Decision Systems","1246-0125","1246-0125","2116-7052","1246-0125","http://creativecommons.org/licenses/by/4.0/",TRUE,NA,NA,NA,NA,FALSE,"tf2024ie","04a1a1e81_tf2024ie_2026"
"University College Cork",2026,NA,"10.1080/12460125.2026.2662349",TRUE,FALSE,"Informa UK Limited","Journal of Decision Systems","1246-0125","1246-0125","2116-7052","1246-0125","http://creativecommons.org/licenses/by-nc-nd/4.0/",TRUE,NA,NA,NA,NA,FALSE,"tf2024ie","03265fv13_tf2024ie_2026"
"University College Cork",2026,NA,"10.1080/00015385.2026.2658924",TRUE,FALSE,"Informa UK Limited","Acta Cardiologica","0001-5385","0001-5385","0373-7934","0001-5385","http://creativecommons.org/licenses/by-nc-nd/4.0/",TRUE,"42011029",NA,NA,NA,FALSE,"tf2024ie","03265fv13_tf2024ie_2026"
"University College Dublin",2026,NA,"10.1080/19406940.2026.2662215",TRUE,FALSE,"Informa UK Limited","International Journal of Sport Policy and Politics","1940-6940","1940-6940","1940-6959","1940-6940","http://creativecommons.org/licenses/by/4.0/",TRUE,NA,NA,NA,NA,FALSE,"tf2024ie","05m7pjf47_tf2024ie_2026"
"Trinity College Dublin",2026,NA,"10.1080/19443927.2026.2661790",TRUE,FALSE,"Informa UK Limited","Theatre, Dance and Performance Training","1944-3927","1944-3927","1944-3919","1944-3927","http://creativecommons.org/licenses/by/4.0/",TRUE,NA,NA,NA,NA,FALSE,"tf2024ie","02tyrky19_tf2024ie_2026"
"University of Galway",2026,NA,"10.1080/13607863.2026.2661811",TRUE,FALSE,"Informa UK Limited","Aging & Mental Health","1360-7863","1360-7863","1364-6915","1360-7863","http://creativecommons.org/licenses/by-nc-nd/4.0/",TRUE,"42101212",NA,NA,NA,FALSE,"tf2024ie","03bea9k73_tf2024ie_2026"
"University of Limerick",2026,NA,"10.1080/00033790.2026.2661195",TRUE,FALSE,"Informa UK Limited","Annals of Science","0003-3790","0003-3790","1464-505X","0003-3790","http://creativecommons.org/licenses/by-nc-nd/4.0/",TRUE,"42124446",NA,NA,NA,FALSE,"tf2024ie","00a0n9e72_tf2024ie_2026"
"Maynooth University",2026,NA,"10.1080/09612025.2026.2660393",TRUE,FALSE,"Informa UK Limited","Women's History Review","0961-2025","0961-2025","1747-583X","0961-2025","http://creativecommons.org/licenses/by-nc-nd/4.0/",TRUE,NA,NA,NA,NA,FALSE,"tf2024ie","048nfjm95_tf2024ie_2026"
"University College Dublin",2026,NA,"10.1080/13629395.2026.2659048",TRUE,FALSE,"Informa UK Limited","Mediterranean Politics","1362-9395","1362-9395","1743-9418","1362-9395","http://creativecommons.org/licenses/by-nc-nd/4.0/",TRUE,NA,NA,NA,NA,FALSE,"tf2024ie","05m7pjf47_tf2024ie_2026"
"Dublin City University",2026,NA,"10.1080/17408989.2026.2657291",TRUE,FALSE,"Informa UK Limited","Physical Education and Sport Pedagogy","1740-8989","1740-8989","1742-5786","1740-8989","http://creativecommons.org/licenses/by-nc-nd/4.0/",TRUE,NA,NA,NA,NA,FALSE,"tf2024ie","04a1a1e81_tf2024ie_2026"
"University of Galway",2026,NA,"10.1080/17434440.2026.2648001",TRUE,FALSE,"Informa UK Limited","Expert Review of Medical Devices","1743-4440","1743-4440","1745-2422","1743-4440","http://creativecommons.org/licenses/by-nc-nd/4.0/",TRUE,"41972475",NA,NA,NA,FALSE,"tf2024ie","03bea9k73_tf2024ie_2026"
"University College Dublin",2026,NA,"10.1080/18387357.2026.2657844",TRUE,FALSE,"Informa UK Limited","Advances in Mental Health","1838-7357","1838-7357","1837-4905","1837-4905","http://creativecommons.org/licenses/by-nc-nd/4.0/",TRUE,NA,NA,NA,NA,FALSE,"tf2024ie","05m7pjf47_tf2024ie_2026"
"Maynooth University",2026,NA,"10.1080/0361073x.2026.2658412",TRUE,FALSE,"Informa UK Limited","Experimental Aging Research","0361-073X","0361-073X","1096-4657","0361-073X","http://creativecommons.org/licenses/by-nc-nd/4.0/",TRUE,"41983331",NA,NA,NA,FALSE,"tf2024ie","048nfjm95_tf2024ie_2026"
"University College Cork",2026,NA,"10.1080/12460125.2026.2659227",TRUE,FALSE,"Informa UK Limited","Journal of Decision Systems","1246-0125","1246-0125","2116-7052","1246-0125","http://creativecommons.org/licenses/by-nc-nd/4.0/",TRUE,NA,NA,NA,NA,FALSE,"tf2024ie","03265fv13_tf2024ie_2026"
"University of Limerick",2026,NA,"10.1080/14484528.2026.2659095",TRUE,FALSE,"Informa UK Limited","Life Writing","1448-4528","1448-4528","1751-2964","1448-4528","http://creativecommons.org/licenses/by-nc-nd/4.0/",TRUE,NA,NA,NA,NA,FALSE,"tf2024ie","00a0n9e72_tf2024ie_2026"
"Dublin City University",2026,NA,"10.1080/14672715.2026.2659068",TRUE,FALSE,"Informa UK Limited","Critical Asian Studies","1467-2715","1467-2715","1472-6033","1467-2715","http://creativecommons.org/licenses/by-nc-nd/4.0/",TRUE,NA,NA,NA,NA,FALSE,"tf2024ie","04a1a1e81_tf2024ie_2026"
"University of Limerick",2026,NA,"10.1080/07907184.2026.2660088",TRUE,FALSE,"Informa UK Limited","Irish Political Studies","0790-7184","0790-7184","1743-9078","0790-7184","http://creativecommons.org/licenses/by-nc-nd/4.0/",TRUE,NA,NA,NA,NA,FALSE,"tf2024ie","00a0n9e72_tf2024ie_2026"
"Dublin City University",2026,NA,"10.1111/jar.70260",TRUE,FALSE,"Wiley-Blackwell","Journal of Applied Research in Intellectual Disabilities","1360-2322","1360-2322","1468-3148","1360-2322","http://creativecommons.org/licenses/by-nc-nd/4.0/",TRUE,"42286838","PMC13263402",NA,NA,FALSE,"wiley2025ie","04a1a1e81_wiley2025ie_2026"
"Dublin City University",2026,NA,"10.1111/gwao.70191",TRUE,FALSE,"Wiley-Blackwell","Gender, Work & Organization","0968-6673","0968-6673","1468-0432","0968-6673","http://creativecommons.org/licenses/by-nc-nd/4.0/",TRUE,NA,NA,NA,NA,FALSE,"wiley2025ie","04a1a1e81_wiley2025ie_2026"
"Dublin City University",2026,NA,"10.1111/nicc.70519",TRUE,FALSE,"Wiley-Blackwell","Nursing in Critical Care","1362-1017","1362-1017","1478-5153","1362-1017","http://creativecommons.org/licenses/by/4.0/",TRUE,"42132129","PMC13173626",NA,NA,FALSE,"wiley2025ie","04a1a1e81_wiley2025ie_2026"
"Dublin City University",2026,NA,"10.1002/cbic.202500874",TRUE,FALSE,"Wiley-Blackwell","ChemBioChem","1439-4227","1439-4227","1439-7633","1439-4227","http://creativecommons.org/licenses/by/4.0/",TRUE,"41996548","PMC13089940",NA,NA,FALSE,"wiley2025ie","04a1a1e81_wiley2025ie_2026"
"Teagasc",2026,NA,"10.1002/jpln.70087",TRUE,FALSE,"Wiley-Blackwell","Journal of Plant Nutrition and Soil Science","1436-8730","1436-8730","1522-2624","1436-8730","http://creativecommons.org/licenses/by/4.0/",TRUE,NA,NA,NA,NA,FALSE,"wiley2025ie","03sx84n71_wiley2025ie_2026"
"University of Galway",2026,NA,"10.1111/dme.70364",TRUE,FALSE,"Wiley-Blackwell","Diabetic Medicine","0742-3071","0742-3071","1464-5491","0742-3071","http://creativecommons.org/licenses/by-nc/4.0/",TRUE,"42165706","PMC13257905",NA,NA,FALSE,"wiley2025ie","03bea9k73_wiley2025ie_2026"
"University of Galway",2026,NA,"10.1029/2026rs008662",TRUE,FALSE,"American Geophysical Union (AGU)","Radio Science","0048-6604","0048-6604","1944-799X","0048-6604","http://creativecommons.org/licenses/by/4.0/",TRUE,NA,NA,NA,NA,FALSE,"wiley2025ie","03bea9k73_wiley2025ie_2026"
"University of Galway",2026,NA,"10.1002/ejp.70284",TRUE,FALSE,"Wiley-Blackwell","European Journal of Pain","1090-3801","1090-3801","1532-2149","1090-3801","http://creativecommons.org/licenses/by/4.0/",TRUE,"42101055","PMC13154716",NA,NA,FALSE,"wiley2025ie","03bea9k73_wiley2025ie_2026"
"University of Galway",2026,NA,"10.1111/area.70116",TRUE,FALSE,"Wiley-Blackwell","Area","0004-0894","0004-0894","1475-4762","0004-0894","http://creativecommons.org/licenses/by-nc-nd/4.0/",TRUE,NA,NA,NA,NA,FALSE,"wiley2025ie","03bea9k73_wiley2025ie_2026"
"University of Galway",2026,NA,"10.1002/ejoc.202501083",TRUE,FALSE,"Wiley-Blackwell","European Journal of Organic Chemistry","1434-193X","1434-193X","1099-0690","1099-0690","http://creativecommons.org/licenses/by/4.0/",TRUE,NA,NA,NA,NA,FALSE,"wiley2025ie","03bea9k73_wiley2025ie_2026"
"University of Galway",2026,NA,"10.1111/nph.71172",TRUE,FALSE,"Wiley-Blackwell","New Phytologist","0028-646X","0028-646X","1469-8137","0028-646X","http://creativecommons.org/licenses/by/4.0/",TRUE,"42010924","PMC13193366",NA,NA,FALSE,"wiley2025ie","03bea9k73_wiley2025ie_2026"
"Maynooth University",2026,NA,"10.1002/env.70107",TRUE,FALSE,"Wiley-Blackwell","Environmetrics","1180-4009","1180-4009","1099-095X","1099-095X","http://creativecommons.org/licenses/by/4.0/",TRUE,NA,NA,NA,NA,FALSE,"wiley2025ie","048nfjm95_wiley2025ie_2026"
"Maynooth University",2026,NA,"10.1111/ejss.70345",TRUE,FALSE,"Wiley-Blackwell","European Journal of Soil Science","1351-0754","1351-0754","1365-2389","1351-0754","http://creativecommons.org/licenses/by-nc-nd/4.0/",TRUE,NA,NA,NA,NA,FALSE,"wiley2025ie","048nfjm95_wiley2025ie_2026"
"Maynooth University",2026,NA,"10.1029/2025jc022808",TRUE,FALSE,"American Geophysical Union (AGU)","Journal of Geophysical Research: Oceans","2169-9275","2169-9275","2169-9291","2169-9275","http://creativecommons.org/licenses/by/4.0/",TRUE,NA,NA,NA,NA,FALSE,"wiley2025ie","048nfjm95_wiley2025ie_2026"
"Maynooth University",2026,NA,"10.1002/wea.70078",TRUE,FALSE,"Wiley-Blackwell","Weather","0043-1656","0043-1656","1477-8696","0043-1656","http://creativecommons.org/licenses/by-nc-nd/4.0/",TRUE,NA,NA,NA,NA,FALSE,"wiley2025ie","048nfjm95_wiley2025ie_2026"
"Maynooth University",2026,NA,"10.1096/fj.202504659r",TRUE,FALSE,"Wiley-Blackwell","The FASEB Journal","0892-6638","0892-6638","1530-6860","0892-6638","http://creativecommons.org/licenses/by/4.0/",TRUE,"42007763","PMC13094458",NA,NA,FALSE,"wiley2025ie","048nfjm95_wiley2025ie_2026"
"Royal College of Surgeons in Ireland",2026,NA,"10.1002/cpt.70356",TRUE,FALSE,"Wiley-Blackwell","Clinical Pharmacology & Therapeutics","0009-9236","0009-9236","1532-6535","0009-9236","http://creativecommons.org/licenses/by-nc/4.0/",TRUE,"42249887","PMC13339528",NA,NA,FALSE,"wiley2025ie","01hxy9878_wiley2025ie_2026"
"Royal College of Surgeons in Ireland",2026,NA,"10.1111/apa.70630",TRUE,FALSE,"Wiley-Blackwell","Acta Paediatrica","0803-5253","0803-5253","1651-2227","0803-5253","http://creativecommons.org/licenses/by-nc/4.0/",TRUE,"42243053","PMC13552606",NA,NA,FALSE,"wiley2025ie","01hxy9878_wiley2025ie_2026"
"Royal College of Surgeons in Ireland",2026,NA,"10.1111/dmcn.70317",TRUE,FALSE,"Wiley-Blackwell","Developmental Medicine & Child Neurology","0012-1622","0012-1622","1469-8749","0012-1622","http://creativecommons.org/licenses/by-nc/4.0/",TRUE,"42281159",NA,NA,NA,FALSE,"wiley2025ie","01hxy9878_wiley2025ie_2026"
"Royal College of Surgeons in Ireland",2026,NA,"10.1111/dom.70925",TRUE,FALSE,"Wiley-Blackwell","Diabetes, Obesity and Metabolism","1462-8902","1462-8902","1463-1326","1462-8902","http://creativecommons.org/licenses/by-nc-nd/4.0/",TRUE,"42219276","PMC13341339",NA,NA,FALSE,"wiley2025ie","01hxy9878_wiley2025ie_2026"
"Royal College of Surgeons in Ireland",2026,NA,"10.1111/ejh.70225",TRUE,FALSE,"Wiley-Blackwell","European Journal of Haematology","0902-4441","0902-4441","1600-0609","0902-4441","http://creativecommons.org/licenses/by-nc-nd/4.0/",TRUE,"42204384",NA,NA,NA,FALSE,"wiley2025ie","01hxy9878_wiley2025ie_2026"
"Royal College of Surgeons in Ireland",2026,NA,"10.1002/ijgo.71091",TRUE,FALSE,"Wiley-Blackwell","International Journal of Gynecology & Obstetrics","0020-7292","0020-7292","1879-3479","0020-7292","http://creativecommons.org/licenses/by/4.0/",TRUE,"42153946",NA,NA,NA,FALSE,"wiley2025ie","01hxy9878_wiley2025ie_2026"
"Royal College of Surgeons in Ireland",2026,NA,"10.1111/dme.70361",TRUE,FALSE,"Wiley-Blackwell","Diabetic Medicine","0742-3071","0742-3071","1464-5491","0742-3071","http://creativecommons.org/licenses/by-nc/4.0/",TRUE,"42124333","PMC13257901",NA,NA,FALSE,"wiley2025ie","01hxy9878_wiley2025ie_2026"
"Royal College of Surgeons in Ireland",2026,NA,"10.1111/jpc.70429",TRUE,FALSE,"Wiley-Blackwell","Journal of Paediatrics and Child Health","1034-4810","1034-4810","1440-1754","1034-4810","http://creativecommons.org/licenses/by/4.0/",TRUE,"42108540",NA,NA,NA,FALSE,"wiley2025ie","01hxy9878_wiley2025ie_2026"
"Royal College of Surgeons in Ireland",2026,NA,"10.1111/dmcn.70310",TRUE,FALSE,"Wiley-Blackwell","Developmental Medicine & Child Neurology","0012-1622","0012-1622","1469-8749","0012-1622","http://creativecommons.org/licenses/by-nc-nd/4.0/",TRUE,"42277597",NA,NA,NA,FALSE,"wiley2025ie","01hxy9878_wiley2025ie_2026"
"Royal College of Surgeons in Ireland",2026,NA,"10.1002/ijgo.71062",TRUE,FALSE,"Wiley-Blackwell","International Journal of Gynecology & Obstetrics","0020-7292","0020-7292","1879-3479","0020-7292","http://creativecommons.org/licenses/by-nc/4.0/",TRUE,"42104843","PMC13278667",NA,NA,FALSE,"wiley2025ie","01hxy9878_wiley2025ie_2026"
"Royal College of Surgeons in Ireland",2026,NA,"10.1111/bjc.70067",TRUE,FALSE,"Wiley-Blackwell","British Journal of Clinical Psychology","0144-6657","0144-6657","2044-8260","0144-6657","http://creativecommons.org/licenses/by-nc/4.0/",TRUE,"42135966",NA,NA,NA,FALSE,"wiley2025ie","01hxy9878_wiley2025ie_2026"
"Royal College of Surgeons in Ireland",2026,NA,"10.1002/ijgo.71022",TRUE,FALSE,"Wiley-Blackwell","International Journal of Gynecology & Obstetrics","0020-7292","0020-7292","1879-3479","0020-7292","http://creativecommons.org/licenses/by/4.0/",TRUE,"41999132","PMC13629596",NA,NA,FALSE,"wiley2025ie","01hxy9878_wiley2025ie_2026"
"Royal College of Surgeons in Ireland",2026,NA,"10.1002/cmdc.202501041",TRUE,FALSE,"Wiley-Blackwell","ChemMedChem","1860-7179","1860-7179","1860-7187","1860-7179","http://creativecommons.org/licenses/by/4.0/",TRUE,"42035271","PMC13110364",NA,NA,FALSE,"wiley2025ie","01hxy9878_wiley2025ie_2026"
"Technological University Dublin",2026,NA,"10.1002/jsfa.70775",TRUE,FALSE,"Wiley-Blackwell","Journal of the Science of Food and Agriculture","0022-5142","0022-5142","1097-0010","0022-5142","http://creativecommons.org/licenses/by/4.0/",TRUE,"42252591",NA,NA,NA,FALSE,"wiley2025ie","04t0qbt32_wiley2025ie_2026"
"Technological University Dublin",2026,NA,"10.1002/cav.70137",TRUE,FALSE,"Wiley-Blackwell","Computer Animation and Virtual Worlds","1546-4261","1546-4261","1546-427X","1546-4261","http://creativecommons.org/licenses/by/4.0/",TRUE,NA,NA,NA,NA,FALSE,"wiley2025ie","04t0qbt32_wiley2025ie_2026"
"Technological University Dublin",2026,NA,"10.1111/jar.70228",TRUE,FALSE,"Wiley-Blackwell","Journal of Applied Research in Intellectual Disabilities","1360-2322","1360-2322","1468-3148","1360-2322","http://creativecommons.org/licenses/by-nc-nd/4.0/",TRUE,"41991487","PMC13086564",NA,NA,FALSE,"wiley2025ie","04t0qbt32_wiley2025ie_2026"
"University College Cork",2026,NA,"10.1111/obr.70177",TRUE,FALSE,"Wiley-Blackwell","Obesity Reviews","1467-7881","1467-7881","1467-789X","1467-7881","http://creativecommons.org/licenses/by-nc/4.0/",TRUE,"42310972",NA,NA,NA,FALSE,"wiley2025ie","03265fv13_wiley2025ie_2026"
"University College Cork",2026,NA,"10.1111/andr.70263",TRUE,FALSE,"Wiley-Blackwell","Andrology","2047-2919","2047-2919","2047-2927","2047-2919","http://creativecommons.org/licenses/by-nc/4.0/",TRUE,"42179065",NA,NA,NA,FALSE,"wiley2025ie","03265fv13_wiley2025ie_2026"
"University College Cork",2026,NA,"10.1002/tl.70042",TRUE,FALSE,"Wiley-Blackwell","New Directions for Teaching and Learning","0271-0633","0271-0633","1536-0768","0271-0633","http://creativecommons.org/licenses/by-nc/4.0/",TRUE,NA,NA,NA,NA,FALSE,"wiley2025ie","03265fv13_wiley2025ie_2026"
"University College Cork",2026,NA,"10.1111/tct.70447",TRUE,FALSE,"Wiley-Blackwell","The Clinical Teacher","1743-4971","1743-4971","1743-498X","1743-4971","http://creativecommons.org/licenses/by/4.0/",TRUE,"42203683",NA,NA,NA,FALSE,"wiley2025ie","03265fv13_wiley2025ie_2026"
"University College Cork",2026,NA,"10.1111/jnc.70475",TRUE,FALSE,"Wiley-Blackwell","Journal of Neurochemistry","0022-3042","0022-3042","1471-4159","0022-3042","http://creativecommons.org/licenses/by/4.0/",TRUE,"42163562",NA,NA,NA,FALSE,"wiley2025ie","03265fv13_wiley2025ie_2026"
"University College Cork",2026,NA,"10.1002/ijfe.70224",TRUE,FALSE,"Wiley-Blackwell","International Journal of Finance & Economics","1076-9307","1076-9307","1099-1158","1076-9307","http://creativecommons.org/licenses/by-nc/4.0/",TRUE,NA,NA,NA,NA,FALSE,"wiley2025ie","03265fv13_wiley2025ie_2026"
"University College Cork",2026,NA,"10.1002/car.70130",TRUE,FALSE,"Wiley-Blackwell","Child Abuse Review","0952-9136","0952-9136","1099-0852","0952-9136","http://creativecommons.org/licenses/by-nc-nd/4.0/",TRUE,NA,NA,NA,NA,FALSE,"wiley2025ie","03265fv13_wiley2025ie_2026"
"University College Cork",2026,NA,"10.1111/mve.70080",TRUE,FALSE,"Wiley-Blackwell","Medical and Veterinary Entomology","0269-283X","0269-283X","1365-2915","0269-283X","http://creativecommons.org/licenses/by-nc-nd/4.0/",TRUE,"42144821",NA,NA,NA,FALSE,"wiley2025ie","03265fv13_wiley2025ie_2026"
"University College Cork",2026,NA,"10.1111/emed.70035",TRUE,FALSE,"Wiley-Blackwell","Early Medieval Europe","0963-9462","0963-9462","1468-0254","0963-9462","http://creativecommons.org/licenses/by/4.0/",TRUE,NA,NA,NA,NA,FALSE,"wiley2025ie","03265fv13_wiley2025ie_2026"
"University College Cork",2026,NA,"10.1002/pon.70476",TRUE,FALSE,"Wiley-Blackwell","Psycho-Oncology","1057-9249","1057-9249","1099-1611","1057-9249","http://creativecommons.org/licenses/by/4.0/",TRUE,"42076780","PMC13136553",NA,NA,FALSE,"wiley2025ie","03265fv13_wiley2025ie_2026"
"University College Cork",2026,NA,"10.1002/ana.78240",TRUE,FALSE,"Wiley-Blackwell","Annals of Neurology","0364-5134","0364-5134","1531-8249","0364-5134","http://creativecommons.org/licenses/by-nc-nd/4.0/",TRUE,"42083136","PMC13310524",NA,NA,FALSE,"wiley2025ie","03265fv13_wiley2025ie_2026"
"University College Cork",2026,NA,"10.1002/car.70127",TRUE,FALSE,"Wiley-Blackwell","Child Abuse Review","0952-9136","0952-9136","1099-0852","0952-9136","http://creativecommons.org/licenses/by-nc-nd/4.0/",TRUE,NA,NA,NA,NA,FALSE,"wiley2025ie","03265fv13_wiley2025ie_2026"
"University College Cork",2026,NA,"10.1002/mnfr.70483",TRUE,FALSE,"Wiley-Blackwell","Molecular Nutrition & Food Research","1613-4125","1613-4125","1613-4133","1613-4125","http://creativecommons.org/licenses/by/4.0/",TRUE,"42033078","PMC13109683",NA,NA,FALSE,"wiley2025ie","03265fv13_wiley2025ie_2026"
"University College Cork",2026,NA,"10.1111/pai.70353",TRUE,FALSE,"Wiley-Blackwell","Pediatric Allergy and Immunology","0905-6157","0905-6157","1399-3038","0905-6157","http://creativecommons.org/licenses/by-nc-nd/4.0/",TRUE,"42011966","PMC13097957",NA,NA,FALSE,"wiley2025ie","03265fv13_wiley2025ie_2026"
"University College Cork",2026,NA,"10.1111/aphw.70149",TRUE,FALSE,"Wiley-Blackwell","Applied Psychology: Health and Well-Being","1758-0846","1758-0846","1758-0854","1758-0854","http://creativecommons.org/licenses/by-nc-nd/4.0/",TRUE,"42041057","PMC13112514",NA,NA,FALSE,"wiley2025ie","03265fv13_wiley2025ie_2026"
"University College Cork",2026,NA,"10.1111/jan.70623",TRUE,FALSE,"Wiley-Blackwell","Journal of Advanced Nursing","0309-2402","0309-2402","1365-2648","0309-2402","http://creativecommons.org/licenses/by/4.0/",TRUE,"41995272",NA,NA,NA,FALSE,"wiley2025ie","03265fv13_wiley2025ie_2026"
"University College Cork",2026,NA,"10.1111/gwao.70165",TRUE,FALSE,"Wiley-Blackwell","Gender, Work & Organization","0968-6673","0968-6673","1468-0432","0968-6673","http://creativecommons.org/licenses/by/4.0/",TRUE,NA,NA,NA,NA,FALSE,"wiley2025ie","03265fv13_wiley2025ie_2026"
"University College Cork",2026,NA,"10.1002/sd.71063",TRUE,FALSE,"Wiley-Blackwell","Sustainable Development","0968-0802","0968-0802","1099-1719","0968-0802","http://creativecommons.org/licenses/by/4.0/",TRUE,NA,NA,NA,NA,FALSE,"wiley2025ie","03265fv13_wiley2025ie_2026"
"University College Cork",2026,NA,"10.1111/cea.70303",TRUE,FALSE,"Wiley-Blackwell","Clinical & Experimental Allergy","0954-7894","0954-7894","1365-2222","0954-7894","http://creativecommons.org/licenses/by/4.0/",TRUE,"41991331","PMC13429336",NA,NA,FALSE,"wiley2025ie","03265fv13_wiley2025ie_2026"
"University College Dublin",2026,NA,"10.1002/sea2.70028",TRUE,FALSE,"Wiley-Blackwell","Economic Anthropology","2330-4847","2330-4847","2330-4847","2330-4847","http://creativecommons.org/licenses/by-nc-nd/4.0/",TRUE,NA,NA,NA,NA,FALSE,"wiley2025ie","05m7pjf47_wiley2025ie_2026"
"University College Dublin",2026,NA,"10.1111/jan.17008",TRUE,FALSE,"Wiley-Blackwell","Journal of Advanced Nursing","0309-2402","0309-2402","1365-2648","0309-2402","http://creativecommons.org/licenses/by/4.0/",TRUE,"40296687",NA,NA,NA,FALSE,"wiley2025ie","05m7pjf47_wiley2025ie_2026"
"University College Dublin",2026,NA,"10.1111/reel.70071",TRUE,FALSE,"Wiley-Blackwell","Review of European, Comparative & International Environmental Law","2050-0386","2050-0386","2050-0394","2050-0386","http://creativecommons.org/licenses/by-nc-nd/4.0/",TRUE,NA,NA,NA,NA,FALSE,"wiley2025ie","05m7pjf47_wiley2025ie_2026"
"University College Dublin",2026,NA,"10.1002/age.70146",TRUE,FALSE,"Wiley-Blackwell","Animal Genetics","0268-9146","0268-9146","1365-2052","0268-9146","http://creativecommons.org/licenses/by-nc-nd/4.0/",TRUE,"42310950","PMC13276299",NA,NA,FALSE,"wiley2025ie","05m7pjf47_wiley2025ie_2026"
"University College Dublin",2026,NA,"10.1002/bit.70266",TRUE,FALSE,"Wiley-Blackwell","Biotechnology and Bioengineering","0006-3592","0006-3592","1097-0290","0006-3592","http://creativecommons.org/licenses/by/4.0/",TRUE,"42273893","PMC13521467",NA,NA,FALSE,"wiley2025ie","05m7pjf47_wiley2025ie_2026"
"University College Dublin",2026,NA,"10.1002/mar.70193",TRUE,FALSE,"Wiley-Blackwell","Psychology & Marketing","0742-6046","0742-6046","1520-6793","0742-6046","http://creativecommons.org/licenses/by-nc-nd/4.0/",TRUE,NA,NA,NA,NA,FALSE,"wiley2025ie","05m7pjf47_wiley2025ie_2026"
"University College Dublin",2026,NA,"10.1002/ppul.71694",TRUE,FALSE,"Wiley-Blackwell","Pediatric Pulmonology","8755-6863","8755-6863","1099-0496","1099-0496","http://creativecommons.org/licenses/by-nc/4.0/",TRUE,"42283353","PMC13261802",NA,NA,FALSE,"wiley2025ie","05m7pjf47_wiley2025ie_2026"
"University College Dublin",2026,NA,"10.1002/rev3.70180",TRUE,FALSE,"Wiley-Blackwell","Review of Education","2049-6613","2049-6613","2049-6613","2049-6613","http://creativecommons.org/licenses/by/4.0/",TRUE,NA,NA,NA,NA,FALSE,"wiley2025ie","05m7pjf47_wiley2025ie_2026"
"University College Dublin",2026,NA,"10.1002/bit.70260",TRUE,FALSE,"Wiley-Blackwell","Biotechnology and Bioengineering","0006-3592","0006-3592","1097-0290","0006-3592","http://creativecommons.org/licenses/by-nc-nd/4.0/",TRUE,"42252680",NA,NA,NA,FALSE,"wiley2025ie","05m7pjf47_wiley2025ie_2026"
"University College Dublin",2026,NA,"10.1002/biot.70249",TRUE,FALSE,"Wiley-Blackwell","Biotechnology Journal","1860-6768","1860-6768","1860-7314","1860-6768","http://creativecommons.org/licenses/by-nc-nd/4.0/",TRUE,"42205068",NA,NA,NA,FALSE,"wiley2025ie","05m7pjf47_wiley2025ie_2026"
"University College Dublin",2026,NA,"10.1002/csr.70709",TRUE,FALSE,"Wiley-Blackwell","Corporate Social Responsibility and Environmental Management","1535-3958","1535-3958","1535-3966","1535-3958","http://creativecommons.org/licenses/by/4.0/",TRUE,NA,NA,NA,NA,FALSE,"wiley2025ie","05m7pjf47_wiley2025ie_2026"
"University College Dublin",2026,NA,"10.1111/ejop.70101",TRUE,FALSE,"Wiley-Blackwell","European Journal of Philosophy","0966-8373","0966-8373","1468-0378","0966-8373","http://creativecommons.org/licenses/by/4.0/",TRUE,NA,NA,NA,NA,FALSE,"wiley2025ie","05m7pjf47_wiley2025ie_2026"
"University College Dublin",2026,NA,"10.1002/adem.70954",TRUE,FALSE,"Wiley-Blackwell","Advanced Engineering Materials","1438-1656","1438-1656","1527-2648","1438-1656","http://creativecommons.org/licenses/by/4.0/",TRUE,NA,NA,NA,NA,FALSE,"wiley2025ie","05m7pjf47_wiley2025ie_2026"
"University College Dublin",2026,NA,"10.1111/codi.70487",TRUE,FALSE,"Wiley-Blackwell","Colorectal Disease","1462-8910","1462-8910","1463-1318","1462-8910","http://creativecommons.org/licenses/by-nc-nd/4.0/",TRUE,"42162583",NA,NA,NA,FALSE,"wiley2025ie","05m7pjf47_wiley2025ie_2026"
"University College Dublin",2026,NA,"10.1002/anie.8698780",TRUE,FALSE,"Wiley-Blackwell","Angewandte Chemie International Edition","1433-7851","1433-7851","1521-3773","1433-7851","http://creativecommons.org/licenses/by/4.0/",TRUE,"42131948","PMC13327576",NA,NA,FALSE,"wiley2025ie","05m7pjf47_wiley2025ie_2026"
"University College Dublin",2026,NA,"10.1111/1471-0307.70130",TRUE,FALSE,"Wiley-Blackwell","International Journal of Dairy Technology","1364-727X","1364-727X","1471-0307","1364-727X","http://creativecommons.org/licenses/by-nc/4.0/",TRUE,NA,NA,NA,NA,FALSE,"wiley2025ie","05m7pjf47_wiley2025ie_2026"
"University College Dublin",2026,NA,"10.1002/pon.70485",TRUE,FALSE,"Wiley-Blackwell","Psycho-Oncology","1057-9249","1057-9249","1099-1611","1057-9249","http://creativecommons.org/licenses/by-nc-nd/4.0/",TRUE,"42115562","PMC13160880",NA,NA,FALSE,"wiley2025ie","05m7pjf47_wiley2025ie_2026"
"University College Dublin",2026,NA,"10.1096/fj.202504935r",TRUE,FALSE,"Wiley-Blackwell","The FASEB Journal","0892-6638","0892-6638","1530-6860","0892-6638","http://creativecommons.org/licenses/by-nc/4.0/",TRUE,"42160018",NA,NA,NA,FALSE,"wiley2025ie","05m7pjf47_wiley2025ie_2026"
"University College Dublin",2026,NA,"10.1111/eve.70117",TRUE,FALSE,"Wiley-Blackwell","Equine Veterinary Education","0957-7734","0957-7734","2042-3292","0957-7734","http://creativecommons.org/licenses/by/4.0/",TRUE,NA,NA,NA,NA,FALSE,"wiley2025ie","05m7pjf47_wiley2025ie_2026"
"University College Dublin",2026,NA,"10.1002/jclp.70148",TRUE,FALSE,"Wiley-Blackwell","Journal of Clinical Psychology","0021-9762","0021-9762","1097-4679","0021-9762","http://creativecommons.org/licenses/by-nc/4.0/",TRUE,"42044294","PMC13341044",NA,NA,FALSE,"wiley2025ie","05m7pjf47_wiley2025ie_2026"
"University College Dublin",2026,NA,"10.1002/adfm.202532133",TRUE,FALSE,"Wiley-Blackwell","Advanced Functional Materials","1616-301X","1616-301X","1616-3028","1616-301X","http://creativecommons.org/licenses/by/4.0/",TRUE,NA,NA,NA,NA,FALSE,"wiley2025ie","05m7pjf47_wiley2025ie_2026"
"University College Dublin",2026,NA,"10.1111/glal.70028",TRUE,FALSE,"Wiley-Blackwell","German Life and Letters","0016-8777","0016-8777","1468-0483","0016-8777","http://creativecommons.org/licenses/by-nc-nd/4.0/",TRUE,NA,NA,NA,NA,FALSE,"wiley2025ie","05m7pjf47_wiley2025ie_2026"
"University College Dublin",2026,NA,"10.1111/iju.70469",TRUE,FALSE,"Wiley-Blackwell","International Journal of Urology","0919-8172","0919-8172","1442-2042","0919-8172","http://creativecommons.org/licenses/by-nc-nd/4.0/",TRUE,"42047450","PMC13123305",NA,NA,FALSE,"wiley2025ie","05m7pjf47_wiley2025ie_2026"
"University College Dublin",2026,NA,"10.1111/vru.70175",TRUE,FALSE,"Wiley-Blackwell","Veterinary Radiology & Ultrasound","1058-8183","1058-8183","1740-8261","1058-8183","http://creativecommons.org/licenses/by-nc-nd/4.0/",TRUE,"42007642","PMC13094395",NA,NA,FALSE,"wiley2025ie","05m7pjf47_wiley2025ie_2026"
"University College Dublin",2026,NA,"10.1111/nph.71185",TRUE,FALSE,"Wiley-Blackwell","New Phytologist","0028-646X","0028-646X","1469-8137","0028-646X","http://creativecommons.org/licenses/by-nc-nd/4.0/",TRUE,NA,NA,NA,NA,FALSE,"wiley2025ie","05m7pjf47_wiley2025ie_2026"
"University College Dublin",2026,NA,"10.1111/jan.70607",TRUE,FALSE,"Wiley-Blackwell","Journal of Advanced Nursing","0309-2402","0309-2402","1365-2648","0309-2402","http://creativecommons.org/licenses/by/4.0/",TRUE,"42003855",NA,NA,NA,FALSE,"wiley2025ie","05m7pjf47_wiley2025ie_2026"
"University College Dublin",2026,NA,"10.1002/mdc3.70634",TRUE,FALSE,"Wiley-Blackwell","Movement Disorders Clinical Practice","2330-1619","2330-1619","2330-1619","2330-1619","http://creativecommons.org/licenses/by-nc-nd/4.0/",TRUE,"41975245","PMC13339499",NA,NA,FALSE,"wiley2025ie","05m7pjf47_wiley2025ie_2026"
"University College Dublin",2026,NA,"10.1111/his.70149",TRUE,FALSE,"Wiley-Blackwell","Histopathology","0309-0167","0309-0167","1365-2559","0309-0167","http://creativecommons.org/licenses/by/4.0/",TRUE,"42011085","PMC13341065",NA,NA,FALSE,"wiley2025ie","05m7pjf47_wiley2025ie_2026"
"University College Dublin",2026,NA,"10.1002/for.70143",TRUE,FALSE,"Wiley-Blackwell","Journal of Forecasting","0277-6693","0277-6693","1099-131X","0277-6693","http://creativecommons.org/licenses/by/4.0/",TRUE,NA,NA,NA,NA,FALSE,"wiley2025ie","05m7pjf47_wiley2025ie_2026"
"University College Dublin",2026,NA,"10.1002/cepa.70261",TRUE,FALSE,"Wiley-Blackwell","ce/papers","2509-7075","2509-7075","2509-7075","2509-7075","http://creativecommons.org/licenses/by-nc-nd/4.0/",TRUE,NA,NA,NA,NA,FALSE,"wiley2025ie","05m7pjf47_wiley2025ie_2026"
"University College Dublin",2026,NA,"10.1111/eip.70171",TRUE,FALSE,"Wiley-Blackwell","Early Intervention in Psychiatry","1751-7885","1751-7885","1751-7893","1751-7885","http://creativecommons.org/licenses/by-nc-nd/4.0/",TRUE,"42108169","PMC13158054",NA,NA,FALSE,"wiley2025ie","05m7pjf47_wiley2025ie_2026"
"University College Dublin",2026,NA,"10.1002/art.70123",TRUE,FALSE,"Wiley-Blackwell","Arthritis & Rheumatology","2326-5191","2326-5191","2326-5205","2326-5191","http://creativecommons.org/licenses/by-nc/4.0/",TRUE,"41797318","PMC13507597",NA,NA,FALSE,"wiley2025ie","05m7pjf47_wiley2025ie_2026"
"University College Dublin",2026,NA,"10.1002/ejoc.202501247",TRUE,FALSE,"Wiley-Blackwell","European Journal of Organic Chemistry","1434-193X","1434-193X","1099-0690","1099-0690","http://creativecommons.org/licenses/by/4.0/",TRUE,NA,NA,NA,NA,FALSE,"wiley2025ie","05m7pjf47_wiley2025ie_2026"
"Trinity College Dublin",2026,NA,"10.1111/apa.70640",TRUE,FALSE,"Wiley-Blackwell","Acta Paediatrica","0803-5253","0803-5253","1651-2227","0803-5253","http://creativecommons.org/licenses/by-nc/4.0/",TRUE,"42307018","PMC13460492",NA,NA,FALSE,"wiley2025ie","02tyrky19_wiley2025ie_2026"
"Trinity College Dublin",2026,NA,"10.1111/jir.70128",TRUE,FALSE,"Wiley-Blackwell","Journal of Intellectual Disability Research","0964-2633","0964-2633","1365-2788","0964-2633","http://creativecommons.org/licenses/by-nc-nd/4.0/",TRUE,"42311142","PMC13327164",NA,NA,FALSE,"wiley2025ie","02tyrky19_wiley2025ie_2026"
"Trinity College Dublin",2026,NA,"10.1002/eji.70219",TRUE,FALSE,"Wiley-Blackwell","European Journal of Immunology","0014-2980","0014-2980","1521-4141","0014-2980","http://creativecommons.org/licenses/by/4.0/",TRUE,"42307014","PMC13273928",NA,NA,FALSE,"wiley2025ie","02tyrky19_wiley2025ie_2026"
"Trinity College Dublin",2026,NA,"10.1002/cssc.70790",TRUE,FALSE,"Wiley-Blackwell","ChemSusChem","1864-5631","1864-5631","1864-564X","1864-5631","http://creativecommons.org/licenses/by-nc/4.0/",TRUE,"42312539","PMC13276789",NA,NA,FALSE,"wiley2025ie","02tyrky19_wiley2025ie_2026"
"Trinity College Dublin",2026,NA,"10.1111/jar.70254",TRUE,FALSE,"Wiley-Blackwell","Journal of Applied Research in Intellectual Disabilities","1360-2322","1360-2322","1468-3148","1360-2322","http://creativecommons.org/licenses/by/4.0/",TRUE,"42235942",NA,NA,NA,FALSE,"wiley2025ie","02tyrky19_wiley2025ie_2026"
"Trinity College Dublin",2026,NA,"10.1111/roiw.70077",TRUE,FALSE,"Wiley-Blackwell","Review of Income and Wealth","0034-6586","0034-6586","1475-4991","0034-6586","http://creativecommons.org/licenses/by-nc-nd/4.0/",TRUE,NA,NA,NA,NA,FALSE,"wiley2025ie","02tyrky19_wiley2025ie_2026"
"Trinity College Dublin",2026,NA,"10.1113/jp290979",TRUE,FALSE,"Wiley-Blackwell","The Journal of Physiology","0022-3751","0022-3751","1469-7793","0022-3751","http://creativecommons.org/licenses/by-nc-nd/4.0/",TRUE,"42260716","PMC13370687",NA,NA,FALSE,"wiley2025ie","02tyrky19_wiley2025ie_2026"
"Trinity College Dublin",2026,NA,"10.1111/jcpp.70174",TRUE,FALSE,"Wiley-Blackwell","Journal of Child Psychology and Psychiatry","0021-9630","0021-9630","1469-7610","0021-9630","http://creativecommons.org/licenses/by/4.0/",TRUE,"42241029","PMC13535759",NA,NA,FALSE,"wiley2025ie","02tyrky19_wiley2025ie_2026"
"Trinity College Dublin",2026,NA,"10.1111/bjh.70579",TRUE,FALSE,"Wiley-Blackwell","British Journal of Haematology","0007-1048","0007-1048","1365-2141","0007-1048","http://creativecommons.org/licenses/by-nc-nd/4.0/",TRUE,"42207175","PMC13462175",NA,NA,FALSE,"wiley2025ie","02tyrky19_wiley2025ie_2026"
"Trinity College Dublin",2026,NA,"10.1111/ecin.70068",TRUE,FALSE,"Wiley-Blackwell","Economic Inquiry","0095-2583","0095-2583","1465-7295","0095-2583","http://creativecommons.org/licenses/by-nc-nd/4.0/",TRUE,NA,NA,NA,NA,FALSE,"wiley2025ie","02tyrky19_wiley2025ie_2026"
"Trinity College Dublin",2026,NA,"10.1111/eje.70182",TRUE,FALSE,"Wiley-Blackwell","European Journal of Dental Education","1396-5883","1396-5883","1600-0579","1396-5883","http://creativecommons.org/licenses/by-nc/4.0/",TRUE,"42098906",NA,NA,NA,FALSE,"wiley2025ie","02tyrky19_wiley2025ie_2026"
"Trinity College Dublin",2026,NA,"10.1111/ger.70092",TRUE,FALSE,"Wiley-Blackwell","Gerodontology","0734-0664","0734-0664","1741-2358","0734-0664","http://creativecommons.org/licenses/by-nc/4.0/",TRUE,"42124556",NA,NA,NA,FALSE,"wiley2025ie","02tyrky19_wiley2025ie_2026"
"Trinity College Dublin",2026,NA,"10.1111/jan.70638",TRUE,FALSE,"Wiley-Blackwell","Journal of Advanced Nursing","0309-2402","0309-2402","1365-2648","0309-2402","http://creativecommons.org/licenses/by-nc/4.0/",TRUE,"42124358",NA,NA,NA,FALSE,"wiley2025ie","02tyrky19_wiley2025ie_2026"
"Trinity College Dublin",2026,NA,"10.1111/emre.70079",TRUE,FALSE,"Wiley-Blackwell","European Management Review","1740-4754","1740-4754","1740-4762","1740-4754","http://creativecommons.org/licenses/by-nc-nd/4.0/",TRUE,NA,NA,NA,NA,FALSE,"wiley2025ie","02tyrky19_wiley2025ie_2026"
"Trinity College Dublin",2026,NA,"10.1111/obr.70163",TRUE,FALSE,"Wiley-Blackwell","Obesity Reviews","1467-7881","1467-7881","1467-789X","1467-7881","http://creativecommons.org/licenses/by/4.0/",TRUE,"42170744",NA,NA,NA,FALSE,"wiley2025ie","02tyrky19_wiley2025ie_2026"
"Trinity College Dublin",2026,NA,"10.1002/ijgo.71055",TRUE,FALSE,"Wiley-Blackwell","International Journal of Gynecology & Obstetrics","0020-7292","0020-7292","1879-3479","0020-7292","http://creativecommons.org/licenses/by/4.0/",TRUE,"42059364","PMC13629579",NA,NA,FALSE,"wiley2025ie","02tyrky19_wiley2025ie_2026"
"Trinity College Dublin",2026,NA,"10.1111/jar.70236",TRUE,FALSE,"Wiley-Blackwell","Journal of Applied Research in Intellectual Disabilities","1360-2322","1360-2322","1468-3148","1360-2322","http://creativecommons.org/licenses/by/4.0/",TRUE,"42050748","PMC13125395",NA,NA,FALSE,"wiley2025ie","02tyrky19_wiley2025ie_2026"
"Trinity College Dublin",2026,NA,"10.1002/bse.70942",TRUE,FALSE,"Wiley-Blackwell","Business Strategy and the Environment","0964-4733","0964-4733","1099-0836","0964-4733","http://creativecommons.org/licenses/by/4.0/",TRUE,NA,NA,NA,NA,FALSE,"wiley2025ie","02tyrky19_wiley2025ie_2026"
"Trinity College Dublin",2026,NA,"10.1002/adhm.202505076",TRUE,FALSE,"Wiley-Blackwell","Advanced Healthcare Materials","2192-2640","2192-2640","2192-2659","2192-2640","http://creativecommons.org/licenses/by/4.0/",TRUE,"42117387","PMC13280202",NA,NA,FALSE,"wiley2025ie","02tyrky19_wiley2025ie_2026"
"Trinity College Dublin",2026,NA,"10.1002/smtd.202502308",TRUE,FALSE,"Wiley-Blackwell","Small Methods","2366-9608","2366-9608","2366-9608","2366-9608","http://creativecommons.org/licenses/by/4.0/",TRUE,"42007525","PMC13450365",NA,NA,FALSE,"wiley2025ie","02tyrky19_wiley2025ie_2026"
"Trinity College Dublin",2026,NA,"10.1111/jnc.70443",TRUE,FALSE,"Wiley-Blackwell","Journal of Neurochemistry","0022-3042","0022-3042","1471-4159","0022-3042","http://creativecommons.org/licenses/by/4.0/",TRUE,"42003482","PMC13093240",NA,NA,FALSE,"wiley2025ie","02tyrky19_wiley2025ie_2026"
"Trinity College Dublin",2026,NA,"10.1111/cod.70157",TRUE,FALSE,"Wiley-Blackwell","Contact Dermatitis","0105-1873","0105-1873","1600-0536","0105-1873","http://creativecommons.org/licenses/by-nc/4.0/",TRUE,"42020135","PMC13327174",NA,NA,FALSE,"wiley2025ie","02tyrky19_wiley2025ie_2026"
"Trinity College Dublin",2026,NA,"10.1111/cfs.70201",TRUE,FALSE,"Wiley-Blackwell","Child & Family Social Work","1356-7500","1356-7500","1365-2206","1356-7500","http://creativecommons.org/licenses/by/4.0/",TRUE,NA,NA,NA,NA,FALSE,"wiley2025ie","02tyrky19_wiley2025ie_2026"
"Trinity College Dublin",2026,NA,"10.1111/ejn.70496",TRUE,FALSE,"Wiley-Blackwell","European Journal of Neuroscience","0953-816X","0953-816X","1460-9568","0953-816X","http://creativecommons.org/licenses/by-nc-nd/4.0/",TRUE,"42309989","PMC13275642",NA,NA,FALSE,"wiley2025ie","02tyrky19_wiley2025ie_2026"
"Trinity College Dublin",2026,NA,"10.1111/add.70433",TRUE,FALSE,"Wiley-Blackwell","Addiction","0965-2140","0965-2140","1360-0443","0965-2140","http://creativecommons.org/licenses/by-nc-nd/4.0/",TRUE,"42002297","PMC13291098",NA,NA,FALSE,"wiley2025ie","02tyrky19_wiley2025ie_2026"
"Trinity College Dublin",2026,NA,"10.1111/add.70418",TRUE,FALSE,"Wiley-Blackwell","Addiction","0965-2140","0965-2140","1360-0443","0965-2140","http://creativecommons.org/licenses/by-nc/4.0/",TRUE,"42026851","PMC13155259",NA,NA,FALSE,"wiley2025ie","02tyrky19_wiley2025ie_2026"
"Trinity College Dublin",2026,NA,"10.1111/1477-9552.70039",TRUE,FALSE,"Wiley-Blackwell","Journal of Agricultural Economics","0021-857X","0021-857X","1477-9552","0021-857X","http://creativecommons.org/licenses/by/4.0/",TRUE,NA,NA,NA,NA,FALSE,"wiley2025ie","02tyrky19_wiley2025ie_2026"
"University of Limerick",2026,NA,"10.1002/smll.74171",TRUE,FALSE,"Wiley-Blackwell","Small","1613-6810","1613-6810","1613-6829","1613-6810","http://creativecommons.org/licenses/by/4.0/",TRUE,"42283573","PMC13432632",NA,NA,FALSE,"wiley2025ie","00a0n9e72_wiley2025ie_2026"
"University of Limerick",2026,NA,"10.1002/bse.71045",TRUE,FALSE,"Wiley-Blackwell","Business Strategy and the Environment","0964-4733","0964-4733","1099-0836","0964-4733","http://creativecommons.org/licenses/by-nc/4.0/",TRUE,NA,NA,NA,NA,FALSE,"wiley2025ie","00a0n9e72_wiley2025ie_2026"
"University of Limerick",2026,NA,"10.1002/pc.71231",TRUE,FALSE,"Wiley-Blackwell","Polymer Composites","0272-8397","0272-8397","1548-0569","0272-8397","http://creativecommons.org/licenses/by/4.0/",TRUE,NA,NA,NA,NA,FALSE,"wiley2025ie","00a0n9e72_wiley2025ie_2026"
"University of Limerick",2026,NA,"10.1111/bjc.70030",TRUE,FALSE,"Wiley-Blackwell","British Journal of Clinical Psychology","0144-6657","0144-6657","2044-8260","0144-6657","http://creativecommons.org/licenses/by-nc/4.0/",TRUE,"41424118",NA,NA,NA,FALSE,"wiley2025ie","00a0n9e72_wiley2025ie_2026"
"University of Limerick",2026,NA,"10.1111/psyp.70309",TRUE,FALSE,"Wiley-Blackwell","Psychophysiology","0048-5772","0048-5772","1469-8986","0048-5772","http://creativecommons.org/licenses/by-nc/4.0/",TRUE,"42083066","PMC13139522",NA,NA,FALSE,"wiley2025ie","00a0n9e72_wiley2025ie_2026"
"University of Limerick",2026,NA,"10.1002/smr.70124",TRUE,FALSE,"Wiley-Blackwell","Journal of Software: Evolution and Process","2047-7473","2047-7473","2047-7481","2047-7473","http://creativecommons.org/licenses/by/4.0/",TRUE,NA,NA,NA,NA,FALSE,"wiley2025ie","00a0n9e72_wiley2025ie_2026"
"South East Technological University",2026,NA,"10.1111/sum.70223",TRUE,FALSE,"Wiley-Blackwell","Soil Use and Management","0266-0032","0266-0032","1475-2743","0266-0032","http://creativecommons.org/licenses/by-nc-nd/4.0/",TRUE,NA,NA,NA,NA,FALSE,"wiley2025ie","03fgx6868_wiley2025ie_2026"
"Atlantic Technological University",2026,NA,"10.1111/mms.70188",TRUE,FALSE,"Wiley-Blackwell","Marine Mammal Science","0824-0469","0824-0469","1748-7692","0824-0469","http://creativecommons.org/licenses/by/4.0/",TRUE,NA,NA,NA,NA,FALSE,"wiley2025ie","0458dap48_wiley2025ie_2026"
"Atlantic Technological University",2026,NA,"10.1002/kin.70098",TRUE,FALSE,"Wiley-Blackwell","International Journal of Chemical Kinetics","0538-8066","0538-8066","1097-4601","0538-8066","http://creativecommons.org/licenses/by-nc-nd/4.0/",TRUE,NA,NA,NA,NA,FALSE,"wiley2025ie","0458dap48_wiley2025ie_2026"
"Atlantic Technological University",2026,NA,"10.1111/nbu.70058",TRUE,FALSE,"Wiley-Blackwell","Nutrition Bulletin","1471-9827","1471-9827","1467-3010","1467-3010","http://creativecommons.org/licenses/by/4.0/",TRUE,"42219811","PMC13522857",NA,NA,FALSE,"wiley2025ie","0458dap48_wiley2025ie_2026"
"Technological University of the Shannon: Midlands Midwest",2026,NA,"10.1002/pen.70654",TRUE,FALSE,"Wiley-Blackwell","Polymer Engineering & Science","0032-3888","0032-3888","1548-2634","0032-3888","http://creativecommons.org/licenses/by/4.0/",TRUE,NA,NA,NA,NA,FALSE,"wiley2025ie","04efm0253_wiley2025ie_2026"
"Mary Immaculate College",2026,NA,"10.1111/1471-3802.70088",TRUE,FALSE,"Wiley-Blackwell","Journal of Research in Special Educational Needs","1471-3802","1471-3802","1471-3802","1471-3802","http://creativecommons.org/licenses/by-nc-nd/4.0/",TRUE,NA,NA,NA,NA,FALSE,"wiley2025ie","009q3yg92_wiley2025ie_2026"
"Teagasc",2026,NA,"10.1155/jfpp/7768843",FALSE,FALSE,"Wiley-Blackwell","Journal of Food Processing and Preservation","0145-8892","0145-8892","1745-4549","0145-8892","https://creativecommons.org/licenses/by/4.0/",TRUE,NA,NA,NA,NA,FALSE,"wiley2025ie","03sx84n71_wiley2025ie_2026"
"University of Galway",2026,NA,"10.1155/ijcp/1022208",FALSE,FALSE,"Wiley-Blackwell","International Journal of Clinical Practice","1368-5031","1368-5031","1742-1241","1368-5031","https://creativecommons.org/licenses/by/4.0/",TRUE,NA,NA,NA,NA,TRUE,"wiley2025ie","03bea9k73_wiley2025ie_2026"
"University of Galway",2026,NA,"10.1155/ijbm/7395612",FALSE,FALSE,"Wiley-Blackwell","International Journal of Biomaterials","1687-8787","1687-8787","1687-8795","1687-8787","https://creativecommons.org/licenses/by/4.0/",TRUE,"42256731","PMC13239468",NA,NA,TRUE,"wiley2025ie","03bea9k73_wiley2025ie_2026"
"University of Galway",2026,NA,"10.1155/ijvm/1159242",FALSE,FALSE,"Wiley-Blackwell","International Journal of Vascular Medicine","2090-2824","2090-2824","2090-2832","2090-2824","https://creativecommons.org/licenses/by/4.0/",TRUE,"41994540","PMC13080266",NA,NA,TRUE,"wiley2025ie","03bea9k73_wiley2025ie_2026"
"Maynooth University",2026,NA,"10.1002/pul2.70309",FALSE,FALSE,"Wiley-Blackwell","Pulmonary Circulation","2045-8940","2045-8940","2045-8940","2045-8932","http://creativecommons.org/licenses/by-nc/4.0/",TRUE,"42064830","PMC13126081",NA,NA,TRUE,"wiley2025ie","048nfjm95_wiley2025ie_2026"
"Maynooth University",2026,NA,"10.1002/gdj3.70075",FALSE,FALSE,"Wiley-Blackwell","Geoscience Data Journal","2049-6060","2049-6060","2049-6060","2049-6060","http://creativecommons.org/licenses/by/4.0/",TRUE,NA,NA,NA,NA,TRUE,"wiley2025ie","048nfjm95_wiley2025ie_2026"
"Royal College of Surgeons in Ireland",2026,NA,"10.1111/iwj.70939",FALSE,FALSE,"Wiley-Blackwell","International Wound Journal","1742-4801","1742-4801","1742-481X","1742-4801","http://creativecommons.org/licenses/by-nc/4.0/",TRUE,"42117760","PMC13163150",NA,NA,TRUE,"wiley2025ie","01hxy9878_wiley2025ie_2026"
"Royal College of Surgeons in Ireland",2026,NA,"10.1002/viw.20260011",FALSE,FALSE,"Wiley-Blackwell","VIEW","2688-3988","2688-3988","2688-268X","2688-268X","http://creativecommons.org/licenses/by/4.0/",TRUE,NA,NA,NA,NA,TRUE,"wiley2025ie","01hxy9878_wiley2025ie_2026"
"Technological University Dublin",2026,NA,"10.1111/mcn.70213",FALSE,FALSE,"Wiley-Blackwell","Maternal & Child Nutrition","1740-8695","1740-8695","1740-8709","1740-8695","http://creativecommons.org/licenses/by-nc/4.0/",TRUE,"42306927","PMC13273528",NA,NA,TRUE,"wiley2025ie","04t0qbt32_wiley2025ie_2026"
"University College Cork",2026,NA,"10.1111/csp2.70290",FALSE,FALSE,"Wiley-Blackwell","Conservation Science and Practice","2578-4854","2578-4854","2578-4854","2578-4854","http://creativecommons.org/licenses/by/4.0/",TRUE,NA,NA,NA,NA,TRUE,"wiley2025ie","03265fv13_wiley2025ie_2026"
"University College Cork",2026,NA,"10.1002/mbo3.70315",FALSE,FALSE,"Wiley-Blackwell","MicrobiologyOpen","2045-8827","2045-8827","2045-8827","2045-8827","http://creativecommons.org/licenses/by/4.0/",TRUE,"42178752","PMC13239113",NA,NA,TRUE,"wiley2025ie","03265fv13_wiley2025ie_2026"
"University College Cork",2026,NA,"10.1155/hsc/4458406",FALSE,FALSE,"Wiley-Blackwell","Health & Social Care in the Community","0966-0410","0966-0410","1365-2524","0966-0410","https://creativecommons.org/licenses/by/4.0/",TRUE,NA,NA,NA,NA,FALSE,"wiley2025ie","03265fv13_wiley2025ie_2026"
"University College Cork",2026,NA,"10.1029/2025gh001764",FALSE,FALSE,"American Geophysical Union (AGU)","GeoHealth","2471-1403","2471-1403","2471-1403","2471-1403","http://creativecommons.org/licenses/by/4.0/",TRUE,"42255318","PMC13239361",NA,NA,TRUE,"wiley2025ie","03265fv13_wiley2025ie_2026"
"University College Cork",2026,NA,"10.1155/crog/5737675",FALSE,FALSE,"Wiley-Blackwell","Case Reports in Obstetrics and Gynecology","2090-6684","2090-6684","2090-6692","2090-6692","https://creativecommons.org/licenses/by/4.0/",TRUE,"42146768","PMC13172284",NA,NA,TRUE,"wiley2025ie","03265fv13_wiley2025ie_2026"
"University College Cork",2026,NA,"10.1155/crdm/5545924",FALSE,FALSE,"Wiley-Blackwell","Case Reports in Dermatological Medicine","2090-6463","2090-6463","2090-6471","2090-6463","https://creativecommons.org/licenses/by/4.0/",TRUE,"42131496","PMC13162122",NA,NA,TRUE,"wiley2025ie","03265fv13_wiley2025ie_2026"
"University College Cork",2026,NA,"10.1111/1755-0998.70148",FALSE,FALSE,"Wiley-Blackwell","Molecular Ecology Resources","1755-098X","1755-098X","1755-0998","1755-098X","http://creativecommons.org/licenses/by/4.0/",TRUE,"42112756","PMC13159511",NA,NA,FALSE,"wiley2025ie","03265fv13_wiley2025ie_2026"
"University College Dublin",2026,NA,"10.1002/ctm2.70713",FALSE,FALSE,"Wiley-Blackwell","Clinical and Translational Medicine","2001-1326","2001-1326","2001-1326","2001-1326","http://creativecommons.org/licenses/by/4.0/",TRUE,"42281169","PMC13260666",NA,NA,TRUE,"wiley2025ie","05m7pjf47_wiley2025ie_2026"
"University College Dublin",2026,NA,"10.1002/advs.75928",FALSE,FALSE,"Wiley-Blackwell","Advanced Science","2198-3844","2198-3844","2198-3844","2198-3844","http://creativecommons.org/licenses/by/4.0/",TRUE,"42227973","PMC13336696",NA,NA,TRUE,"wiley2025ie","05m7pjf47_wiley2025ie_2026"
"University College Dublin",2026,NA,"10.1049/rsn2.70173",FALSE,FALSE,"Institution of Engineering and Technology (IET)","IET Radar, Sonar & Navigation","1751-8784","1751-8784","1751-8792","1751-8784","http://creativecommons.org/licenses/by/4.0/",TRUE,NA,NA,NA,NA,TRUE,"wiley2025ie","05m7pjf47_wiley2025ie_2026"
"University College Dublin",2026,NA,"10.1111/eva.70274",FALSE,FALSE,"Wiley-Blackwell","Evolutionary Applications","1752-4571","1752-4571","1752-4571","1752-4571","http://creativecommons.org/licenses/by/4.0/",TRUE,"42253483","PMC13239098",NA,NA,TRUE,"wiley2025ie","05m7pjf47_wiley2025ie_2026"
"University College Dublin",2026,NA,"10.1155/cro/9413435",FALSE,FALSE,"Wiley-Blackwell","Case Reports in Orthopedics","2090-6749","2090-6749","2090-6757","2090-6757","https://creativecommons.org/licenses/by/4.0/",TRUE,"42211034","PMC13213072",NA,NA,TRUE,"wiley2025ie","05m7pjf47_wiley2025ie_2026"
"University College Dublin",2026,NA,"10.1155/ppc/9934354",FALSE,FALSE,"Wiley-Blackwell","Perspectives in Psychiatric Care","0031-5990","0031-5990","1744-6163","0031-5990","https://creativecommons.org/licenses/by/4.0/",TRUE,NA,NA,NA,NA,FALSE,"wiley2025ie","05m7pjf47_wiley2025ie_2026"
"University College Dublin",2026,NA,"10.1002/ece3.73549",FALSE,FALSE,"Wiley-Blackwell","Ecology and Evolution","2045-7758","2045-7758","2045-7758","2045-7758","http://creativecommons.org/licenses/by/4.0/",TRUE,"42093947","PMC13139767",NA,NA,TRUE,"wiley2025ie","05m7pjf47_wiley2025ie_2026"
"University College Dublin",2026,NA,"10.1155/int/1244315",FALSE,FALSE,"Wiley-Blackwell","International Journal of Intelligent Systems","0884-8173","0884-8173","1098-111X","0884-8173","https://creativecommons.org/licenses/by/4.0/",TRUE,NA,NA,NA,NA,FALSE,"wiley2025ie","05m7pjf47_wiley2025ie_2026"
"University College Dublin",2026,NA,"10.1155/er/7708379",FALSE,FALSE,"Wiley-Blackwell","International Journal of Energy Research","0363-907X","0363-907X","1099-114X","0363-907X","https://creativecommons.org/licenses/by/4.0/",TRUE,NA,NA,NA,NA,TRUE,"wiley2025ie","05m7pjf47_wiley2025ie_2026"
"University College Dublin",2026,NA,"10.1155/jfpp/1973243",FALSE,FALSE,"Wiley-Blackwell","Journal of Food Processing and Preservation","0145-8892","0145-8892","1745-4549","0145-8892","https://creativecommons.org/licenses/by/4.0/",TRUE,NA,NA,NA,NA,FALSE,"wiley2025ie","05m7pjf47_wiley2025ie_2026"
"University College Dublin",2026,NA,"10.1002/fsn3.71717",FALSE,FALSE,"Wiley-Blackwell","Food Science & Nutrition","2048-7177","2048-7177","2048-7177","2048-7177","http://creativecommons.org/licenses/by/4.0/",TRUE,"42145819","PMC13176939",NA,NA,FALSE,"wiley2025ie","05m7pjf47_wiley2025ie_2026"
"University College Dublin",2026,NA,"10.1155/joic/5850249",FALSE,FALSE,"Wiley-Blackwell","Journal of Interventional Cardiology","0896-4327","0896-4327","1540-8183","0896-4327","https://creativecommons.org/licenses/by/4.0/",TRUE,NA,NA,NA,NA,TRUE,"wiley2025ie","05m7pjf47_wiley2025ie_2026"
"University College Dublin",2026,NA,"10.1111/1751-7915.70374",FALSE,FALSE,"Wiley-Blackwell","Microbial Biotechnology","1751-7915","1751-7915","1751-7915","1751-7915","http://creativecommons.org/licenses/by-nc-nd/4.0/",TRUE,"42169395","PMC13240569",NA,NA,TRUE,"wiley2025ie","05m7pjf47_wiley2025ie_2026"
"Trinity College Dublin",2026,NA,"10.1002/jsp2.70198",FALSE,FALSE,"Wiley-Blackwell","JOR SPINE","2572-1143","2572-1143","2572-1143","2572-1143","http://creativecommons.org/licenses/by-nc/4.0/",TRUE,"42253284","PMC13241378",NA,NA,TRUE,"wiley2025ie","02tyrky19_wiley2025ie_2026"
"Trinity College Dublin",2026,NA,"10.1155/crp/4994662",FALSE,FALSE,"Wiley-Blackwell","Cardiology Research and Practice","2090-8016","2090-8016","2090-0597","2090-0597","https://creativecommons.org/licenses/by/4.0/",TRUE,"42253322","PMC13238258",NA,NA,TRUE,"wiley2025ie","02tyrky19_wiley2025ie_2026"
"Trinity College Dublin",2026,NA,"10.1002/trc2.70236",FALSE,FALSE,"Wiley-Blackwell","Alzheimer's & Dementia: Translational Research & Clinical Interventions","2352-8737","2352-8737","2352-8737","2352-8737","http://creativecommons.org/licenses/by-nc/4.0/",TRUE,"42253440","PMC13239084",NA,NA,TRUE,"wiley2025ie","02tyrky19_wiley2025ie_2026"
"Trinity College Dublin",2026,NA,"10.1002/alz.71232",FALSE,FALSE,"Wiley-Blackwell","Alzheimer's & Dementia","1552-5260","1552-5260","1552-5279","1552-5260","http://creativecommons.org/licenses/by/4.0/",TRUE,"42017463","PMC13100973",NA,NA,FALSE,"wiley2025ie","02tyrky19_wiley2025ie_2026"
"Trinity College Dublin",2026,NA,"10.1002/ccr3.72602",FALSE,FALSE,"Wiley-Blackwell","Clinical Case Reports","2050-0904","2050-0904","2050-0904","2050-0904","http://creativecommons.org/licenses/by/4.0/",TRUE,"42052312","PMC13111410",NA,NA,TRUE,"wiley2025ie","02tyrky19_wiley2025ie_2026"
"University of Limerick",2026,NA,"10.1111/mcn.70193",FALSE,FALSE,"Wiley-Blackwell","Maternal & Child Nutrition","1740-8695","1740-8695","1740-8709","1740-8695","http://creativecommons.org/licenses/by/4.0/",TRUE,"42200703","PMC13214513",NA,NA,TRUE,"wiley2025ie","00a0n9e72_wiley2025ie_2026"
"University of Limerick",2026,NA,"10.1002/nop2.70585",FALSE,FALSE,"Wiley-Blackwell","Nursing Open","2054-1058","2054-1058","2054-1058","2054-1058","http://creativecommons.org/licenses/by/4.0/",TRUE,"42083831","PMC13139899",NA,NA,TRUE,"wiley2025ie","00a0n9e72_wiley2025ie_2026"
"University of Limerick",2026,NA,"10.1002/eng2.70766",FALSE,FALSE,"Wiley-Blackwell","Engineering Reports","2577-8196","2577-8196","2577-8196","2577-8196","http://creativecommons.org/licenses/by/4.0/",TRUE,NA,NA,NA,NA,TRUE,"wiley2025ie","00a0n9e72_wiley2025ie_2026"
"University of Limerick",2026,NA,"10.1002/jeo2.70705",FALSE,FALSE,"Wiley-Blackwell","Journal of Experimental Orthopaedics","2197-1153","2197-1153","2197-1153","2197-1153","http://creativecommons.org/licenses/by/4.0/",TRUE,"42093719","PMC13140280",NA,NA,TRUE,"wiley2025ie","00a0n9e72_wiley2025ie_2026"
"Atlantic Technological University",2026,NA,"10.1002/ejsc.70195",FALSE,FALSE,"Wiley-Blackwell","European Journal of Sport Science","1746-1391","1746-1391","1536-7290","1536-7290","http://creativecommons.org/licenses/by-nc-nd/4.0/",TRUE,"42168121","PMC13238696",NA,NA,TRUE,"wiley2025ie","0458dap48_wiley2025ie_2026"
"Technological University of the Shannon: Midlands Midwest",2026,NA,"10.1113/ep093585",FALSE,FALSE,"Wiley-Blackwell","Experimental Physiology","0958-0670","0958-0670","1469-445X","0958-0670","http://creativecommons.org/licenses/by/4.0/",TRUE,"42166123","PMC13327308",NA,NA,TRUE,"wiley2025ie","04efm0253_wiley2025ie_2026"
"Dublin City University",2026,NA,"10.1111/mcn.70215",FALSE,FALSE,"Wiley-Blackwell","Maternal & Child Nutrition","1740-8695","1740-8695","1740-8709","1740-8695","http://creativecommons.org/licenses/by/4.0/",TRUE,"42389830","PMC13324816",NA,NA,TRUE,"wiley2025ie","04a1a1e81_wiley2025ie_2026"
"Teagasc",2026,NA,"10.1002/leg3.70133",FALSE,FALSE,"Wiley-Blackwell","Legume Science","2639-6181","2639-6181","2639-6181","2639-6181","http://creativecommons.org/licenses/by/4.0/",TRUE,NA,NA,NA,NA,TRUE,"wiley2025ie","03sx84n71_wiley2025ie_2026"
"Royal College of Surgeons in Ireland",2026,NA,"10.1155/cris/8788042",FALSE,FALSE,"Wiley-Blackwell","Case Reports in Surgery","2090-6900","2090-6900","2090-6919","2090-6919","https://creativecommons.org/licenses/by/4.0/",TRUE,"42375214","PMC13312435",NA,NA,TRUE,"wiley2025ie","01hxy9878_wiley2025ie_2026"
"Technological University Dublin",2026,NA,"10.1002/ejsc.70204",FALSE,FALSE,"Wiley-Blackwell","European Journal of Sport Science","1746-1391","1746-1391","1536-7290","1536-7290","http://creativecommons.org/licenses/by/4.0/",TRUE,"42348402","PMC13297019",NA,NA,TRUE,"wiley2025ie","04t0qbt32_wiley2025ie_2026"
"Technological University Dublin",2026,NA,"10.1002/fsn3.72031",FALSE,FALSE,"Wiley-Blackwell","Food Science & Nutrition","2048-7177","2048-7177","2048-7177","2048-7177","http://creativecommons.org/licenses/by/4.0/",TRUE,"42326438","PMC13282272",NA,NA,FALSE,"wiley2025ie","04t0qbt32_wiley2025ie_2026"
"Technological University Dublin",2026,NA,"10.1049/sfw2/5529107",FALSE,FALSE,"Institution of Engineering and Technology (IET)","IET Software","1751-8806","1751-8806","1751-8814","1751-8806","https://creativecommons.org/licenses/by/4.0/",TRUE,NA,NA,NA,NA,TRUE,"wiley2025ie","04t0qbt32_wiley2025ie_2026"
"University College Cork",2026,NA,"10.1002/aelm.70464",FALSE,FALSE,"Wiley-Blackwell","Advanced Electronic Materials","2199-160X","2199-160X","2199-160X","2199-160X","http://creativecommons.org/licenses/by/4.0/",TRUE,NA,NA,NA,NA,TRUE,"wiley2025ie","03265fv13_wiley2025ie_2026"
"University College Cork",2026,NA,"10.1111/1751-7915.70404",FALSE,FALSE,"Wiley-Blackwell","Microbial Biotechnology","1751-7915","1751-7915","1751-7915","1751-7915","http://creativecommons.org/licenses/by/4.0/",TRUE,"42359998",NA,NA,NA,TRUE,"wiley2025ie","03265fv13_wiley2025ie_2026"
"University College Cork",2026,NA,"10.1002/jmrs.70104",FALSE,FALSE,"Wiley-Blackwell","Journal of Medical Radiation Sciences","2051-3895","2051-3895","2051-3909","2051-3895","http://creativecommons.org/licenses/by/4.0/",TRUE,"42377394","PMC13398788",NA,NA,TRUE,"wiley2025ie","03265fv13_wiley2025ie_2026"
"University College Dublin",2026,NA,"10.1002/ece3.73956",FALSE,FALSE,"Wiley-Blackwell","Ecology and Evolution","2045-7758","2045-7758","2045-7758","2045-7758","http://creativecommons.org/licenses/by/4.0/",TRUE,"42396572","PMC13322785",NA,NA,TRUE,"wiley2025ie","05m7pjf47_wiley2025ie_2026"
"Trinity College Dublin",2026,NA,"10.1002/jsp2.70201",FALSE,FALSE,"Wiley-Blackwell","JOR SPINE","2572-1143","2572-1143","2572-1143","2572-1143","http://creativecommons.org/licenses/by-nc/4.0/",TRUE,"42327385","PMC13282693",NA,NA,TRUE,"wiley2025ie","02tyrky19_wiley2025ie_2026"
"Dublin City University",2026,NA,"10.1002/eet.70111",TRUE,FALSE,"Wiley-Blackwell","Environmental Policy and Governance","1756-932X","1756-932X","1756-9338","1756-9338","http://creativecommons.org/licenses/by/4.0/",TRUE,NA,NA,NA,NA,FALSE,"wiley2025ie","04a1a1e81_wiley2025ie_2026"
"Dublin City University",2026,NA,"10.1111/johs.70075",TRUE,FALSE,"Wiley-Blackwell","Sociology Lens","2832-5796","2832-5796","2832-580X","2832-580X","http://creativecommons.org/licenses/by-nc-nd/4.0/",TRUE,NA,NA,NA,NA,FALSE,"wiley2025ie","04a1a1e81_wiley2025ie_2026"
"Dublin City University",2026,NA,"10.1111/reel.70062",TRUE,FALSE,"Wiley-Blackwell","Review of European, Comparative & International Environmental Law","2050-0386","2050-0386","2050-0394","2050-0386","http://creativecommons.org/licenses/by-nc/4.0/",TRUE,NA,NA,NA,NA,FALSE,"wiley2025ie","04a1a1e81_wiley2025ie_2026"
"Teagasc",2026,NA,"10.1002/mnfr.70540",TRUE,FALSE,"Wiley-Blackwell","Molecular Nutrition & Food Research","1613-4125","1613-4125","1613-4133","1613-4125","http://creativecommons.org/licenses/by/4.0/",TRUE,"42357971",NA,NA,NA,FALSE,"wiley2025ie","03sx84n71_wiley2025ie_2026"
"Teagasc",2026,NA,"10.1002/ps.71051",TRUE,FALSE,"Wiley-Blackwell","Pest Management Science","1526-498X","1526-498X","1526-4998","1526-498X","http://creativecommons.org/licenses/by/4.0/",TRUE,"42324612","PMC13569366",NA,NA,FALSE,"wiley2025ie","03sx84n71_wiley2025ie_2026"
"University of Galway",2026,NA,"10.1002/adhm.71402",TRUE,FALSE,"Wiley-Blackwell","Advanced Healthcare Materials","2192-2640","2192-2640","2192-2659","2192-2640","http://creativecommons.org/licenses/by/4.0/",TRUE,"42380034","PMC13447925",NA,NA,FALSE,"wiley2025ie","03bea9k73_wiley2025ie_2026"
"University of Galway",2026,NA,"10.1111/ggi.70622",TRUE,FALSE,"Wiley-Blackwell","Geriatrics & Gerontology International","1444-1586","1444-1586","1447-0594","1447-0594","http://creativecommons.org/licenses/by-nc/4.0/",TRUE,"42366023","PMC13310656",NA,NA,FALSE,"wiley2025ie","03bea9k73_wiley2025ie_2026"
"University of Galway",2026,NA,"10.1113/jp290236",TRUE,FALSE,"Wiley-Blackwell","The Journal of Physiology","0022-3751","0022-3751","1469-7793","0022-3751","http://creativecommons.org/licenses/by/4.0/",TRUE,"42329899",NA,NA,NA,FALSE,"wiley2025ie","03bea9k73_wiley2025ie_2026"
"Royal College of Surgeons in Ireland",2026,NA,"10.1111/jocn.70413",TRUE,FALSE,"Wiley-Blackwell","Journal of Clinical Nursing","0962-1067","0962-1067","1365-2702","0962-1067","http://creativecommons.org/licenses/by/4.0/",TRUE,"42323700","PMC13629265",NA,NA,FALSE,"wiley2025ie","01hxy9878_wiley2025ie_2026"
"Royal College of Surgeons in Ireland",2026,NA,"10.1111/eip.70204",TRUE,FALSE,"Wiley-Blackwell","Early Intervention in Psychiatry","1751-7885","1751-7885","1751-7893","1751-7885","http://creativecommons.org/licenses/by-nc-nd/4.0/",TRUE,"42340248","PMC13292842",NA,NA,FALSE,"wiley2025ie","01hxy9878_wiley2025ie_2026"
"Royal College of Surgeons in Ireland",2026,NA,"10.1002/epi.70362",TRUE,FALSE,"Wiley-Blackwell","Epilepsia","0013-9580","0013-9580","1528-1167","0013-9580","http://creativecommons.org/licenses/by-nc/4.0/",TRUE,"42377999",NA,NA,NA,FALSE,"wiley2025ie","01hxy9878_wiley2025ie_2026"
"Royal College of Surgeons in Ireland",2026,NA,"10.1002/arj.70380",TRUE,FALSE,"Wiley-Blackwell","Arthroscopy","0749-8063","0749-8063","1526-3231","0749-8063","http://creativecommons.org/licenses/by-nc-nd/4.0/",TRUE,"42365619",NA,NA,NA,FALSE,"wiley2025ie","01hxy9878_wiley2025ie_2026"
"Technological University Dublin",2026,NA,"10.1002/jid.70096",TRUE,FALSE,"Wiley-Blackwell","Journal of International Development","0954-1748","0954-1748","1099-1328","0954-1748","http://creativecommons.org/licenses/by-nc/4.0/",TRUE,NA,NA,NA,NA,FALSE,"wiley2025ie","04t0qbt32_wiley2025ie_2026"
"University College Cork",2026,NA,"10.1111/jpm.70088",TRUE,FALSE,"Wiley-Blackwell","Journal of Psychiatric and Mental Health Nursing","1351-0126","1351-0126","1365-2850","1351-0126","http://creativecommons.org/licenses/by/4.0/",TRUE,"41472446",NA,NA,NA,FALSE,"wiley2025ie","03265fv13_wiley2025ie_2026"
"University College Cork",2026,NA,"10.1111/dme.70389",TRUE,FALSE,"Wiley-Blackwell","Diabetic Medicine","0742-3071","0742-3071","1464-5491","0742-3071","http://creativecommons.org/licenses/by-nc/4.0/",TRUE,"42316786","PMC13614001",NA,NA,FALSE,"wiley2025ie","03265fv13_wiley2025ie_2026"
"University College Cork",2026,NA,"10.1111/jfb.70542",TRUE,FALSE,"Wiley-Blackwell","Journal of Fish Biology","0022-1112","0022-1112","1095-8649","0022-1112","http://creativecommons.org/licenses/by/4.0/",TRUE,"42331563","PMC13602082",NA,NA,FALSE,"wiley2025ie","03265fv13_wiley2025ie_2026"
"University College Cork",2026,NA,"10.1111/1460-6984.70271",TRUE,FALSE,"Wiley-Blackwell","International Journal of Language & Communication Disorders","1368-2822","1368-2822","1460-6984","1368-2822","http://creativecommons.org/licenses/by-nc/4.0/",TRUE,"42317024","PMC13280545",NA,NA,FALSE,"wiley2025ie","03265fv13_wiley2025ie_2026"
"University College Dublin",2026,NA,"10.1002/csr.70797",TRUE,FALSE,"Wiley-Blackwell","Corporate Social Responsibility and Environmental Management","1535-3958","1535-3958","1535-3966","1535-3958","http://creativecommons.org/licenses/by-nc-nd/4.0/",TRUE,NA,NA,NA,NA,FALSE,"wiley2025ie","05m7pjf47_wiley2025ie_2026"
"University College Dublin",2026,NA,"10.1111/gfs.70064",TRUE,FALSE,"Wiley-Blackwell","Grass and Forage Science","0142-5242","0142-5242","1365-2494","0142-5242","http://creativecommons.org/licenses/by-nc-nd/4.0/",TRUE,NA,NA,NA,NA,FALSE,"wiley2025ie","05m7pjf47_wiley2025ie_2026"
"University College Dublin",2026,NA,"10.1111/dom.71041",TRUE,FALSE,"Wiley-Blackwell","Diabetes, Obesity and Metabolism","1462-8902","1462-8902","1463-1326","1462-8902","http://creativecommons.org/licenses/by-nc/4.0/",TRUE,"42380697","PMC13538790",NA,NA,FALSE,"wiley2025ie","05m7pjf47_wiley2025ie_2026"
"University College Dublin",2026,NA,"10.1111/nin.70130",TRUE,FALSE,"Wiley-Blackwell","Nursing Inquiry","1320-7881","1320-7881","1440-1800","1320-7881","http://creativecommons.org/licenses/by/4.0/",TRUE,"42365625","PMC13310549",NA,NA,FALSE,"wiley2025ie","05m7pjf47_wiley2025ie_2026"
"University College Dublin",2026,NA,"10.1111/emre.70091",TRUE,FALSE,"Wiley-Blackwell","European Management Review","1740-4754","1740-4754","1740-4762","1740-4754","http://creativecommons.org/licenses/by-nc-nd/4.0/",TRUE,NA,NA,NA,NA,FALSE,"wiley2025ie","05m7pjf47_wiley2025ie_2026"
"University College Dublin",2026,NA,"10.1029/2025jg009040",TRUE,FALSE,"American Geophysical Union (AGU)","Journal of Geophysical Research: Biogeosciences","2169-8953","2169-8953","2169-8961","2169-8953","http://creativecommons.org/licenses/by/4.0/",TRUE,NA,NA,NA,NA,FALSE,"wiley2025ie","05m7pjf47_wiley2025ie_2026"
"University College Dublin",2026,NA,"10.1111/1758-5899.70190",TRUE,FALSE,"Wiley-Blackwell","Global Policy","1758-5880","1758-5880","1758-5899","1758-5880","http://creativecommons.org/licenses/by/4.0/",TRUE,NA,NA,NA,NA,FALSE,"wiley2025ie","05m7pjf47_wiley2025ie_2026"
"Trinity College Dublin",2026,NA,"10.1111/eje.70230",TRUE,FALSE,"Wiley-Blackwell","European Journal of Dental Education","1396-5883","1396-5883","1600-0579","1396-5883","http://creativecommons.org/licenses/by/4.0/",TRUE,"42394278",NA,NA,NA,FALSE,"wiley2025ie","02tyrky19_wiley2025ie_2026"
"Trinity College Dublin",2026,NA,"10.1111/cen.70094",TRUE,FALSE,"Wiley-Blackwell","Clinical Endocrinology","0300-0664","0300-0664","1365-2265","0300-0664","http://creativecommons.org/licenses/by-nc-nd/4.0/",TRUE,"41532393",NA,NA,NA,FALSE,"wiley2025ie","02tyrky19_wiley2025ie_2026"
"Trinity College Dublin",2026,NA,"10.1002/admt.71126",TRUE,FALSE,"Wiley-Blackwell","Advanced Materials Technologies","2365-709X","2365-709X","2365-709X","2365-709X","http://creativecommons.org/licenses/by/4.0/",TRUE,NA,NA,NA,NA,FALSE,"wiley2025ie","02tyrky19_wiley2025ie_2026"
"Trinity College Dublin",2026,NA,"10.1111/kykl.70068",TRUE,FALSE,"Wiley-Blackwell","Kyklos","0023-5962","0023-5962","1467-6435","0023-5962","http://creativecommons.org/licenses/by-nc-nd/4.0/",TRUE,NA,NA,NA,NA,FALSE,"wiley2025ie","02tyrky19_wiley2025ie_2026"
"Trinity College Dublin",2026,NA,"10.1111/cdoe.70083",TRUE,FALSE,"Wiley-Blackwell","Community Dentistry and Oral Epidemiology","0301-5661","0301-5661","1600-0528","0301-5661","http://creativecommons.org/licenses/by-nc/4.0/",TRUE,"42321959",NA,NA,NA,FALSE,"wiley2025ie","02tyrky19_wiley2025ie_2026"
"Trinity College Dublin",2026,NA,"10.1111/bjir.70067",TRUE,FALSE,"Wiley-Blackwell","British Journal of Industrial Relations","0007-1080","0007-1080","1467-8543","0007-1080","http://creativecommons.org/licenses/by/4.0/",TRUE,NA,NA,NA,NA,FALSE,"wiley2025ie","02tyrky19_wiley2025ie_2026"
"Trinity College Dublin",2026,NA,"10.1111/tops.70066",TRUE,FALSE,"Wiley-Blackwell","Topics in Cognitive Science","1756-8757","1756-8757","1756-8765","1756-8757","http://creativecommons.org/licenses/by-nc/4.0/",TRUE,"42319985","PMC13397060",NA,NA,FALSE,"wiley2025ie","02tyrky19_wiley2025ie_2026"
"South East Technological University",2026,NA,"10.1111/mve.70088",TRUE,FALSE,"Wiley-Blackwell","Medical and Veterinary Entomology","0269-283X","0269-283X","1365-2915","0269-283X","http://creativecommons.org/licenses/by/4.0/",TRUE,"42318773",NA,NA,NA,FALSE,"wiley2025ie","03fgx6868_wiley2025ie_2026"
"Atlantic Technological University",2026,NA,"10.1002/kin.70102",TRUE,FALSE,"Wiley-Blackwell","International Journal of Chemical Kinetics","0538-8066","0538-8066","1097-4601","0538-8066","http://creativecommons.org/licenses/by-nc-nd/4.0/",TRUE,NA,NA,NA,NA,FALSE,"wiley2025ie","0458dap48_wiley2025ie_2026"
"Dublin City University",2026,NA,"10.1039/d6cb00097e",TRUE,FALSE,"Royal Society of Chemistry (RSC)","RSC Chemical Biology","2633-0679",NA,"2633-0679","2633-0679","http://creativecommons.org/licenses/by/3.0/",TRUE,"42394897","PMC13326999",NA,NA,TRUE,"rsc2025ie","04a1a1e81_rsc2025ie_2026"
"Dublin City University",2026,NA,"10.1039/d6ay00533k",TRUE,FALSE,"Royal Society of Chemistry (RSC)","Analytical Methods","1759-9660","1759-9660","1759-9679","1759-9660","http://creativecommons.org/licenses/by/3.0/",TRUE,"42474436",NA,NA,NA,FALSE,"rsc2025ie","04a1a1e81_rsc2025ie_2026"
"Technological University Dublin",2026,NA,"10.1039/d6su00302h",TRUE,FALSE,"Royal Society of Chemistry (RSC)","RSC Sustainability","2753-8125",NA,"2753-8125","2753-8125","http://creativecommons.org/licenses/by-nc/3.0/",TRUE,NA,NA,NA,NA,TRUE,"rsc2025ie","04t0qbt32_rsc2025ie_2026"
"Technological University Dublin",2026,NA,"10.1039/d6su00010j",TRUE,FALSE,"Royal Society of Chemistry (RSC)","RSC Sustainability","2753-8125",NA,"2753-8125","2753-8125","http://creativecommons.org/licenses/by-nc/3.0/",TRUE,NA,NA,NA,NA,TRUE,"rsc2025ie","04t0qbt32_rsc2025ie_2026"
"Technological University Dublin",2026,NA,"10.1039/d6fb00132g",TRUE,FALSE,"Royal Society of Chemistry (RSC)","Sustainable Food Technology","2753-8095",NA,"2753-8095","2753-8095","http://creativecommons.org/licenses/by/3.0/",TRUE,NA,NA,NA,NA,TRUE,"rsc2025ie","04t0qbt32_rsc2025ie_2026"
"Trinity College Dublin",2026,NA,"10.1039/d5tc02985f",TRUE,FALSE,"Royal Society of Chemistry (RSC)","Journal of Materials Chemistry C","2050-7526","2050-7526","2050-7534","2050-7526","http://creativecommons.org/licenses/by/3.0/",TRUE,"42394674","PMC13322751",NA,NA,FALSE,"rsc2025ie","02tyrky19_rsc2025ie_2026"
"Trinity College Dublin",2026,NA,"10.1039/d5ra08677a",TRUE,FALSE,"Royal Society of Chemistry (RSC)","RSC Advances","2046-2069",NA,"2046-2069","2046-2069","http://creativecommons.org/licenses/by/3.0/",TRUE,"42482815","PMC13386423",NA,NA,TRUE,"rsc2025ie","02tyrky19_rsc2025ie_2026"
"University College Cork",2026,NA,"10.1039/d6ra00558f",TRUE,FALSE,"Royal Society of Chemistry (RSC)","RSC Advances","2046-2069",NA,"2046-2069","2046-2069","http://creativecommons.org/licenses/by/3.0/",TRUE,"42395792","PMC13326209",NA,NA,TRUE,"rsc2025ie","03265fv13_rsc2025ie_2026"
"University College Cork",2026,NA,"10.1039/d6ce00346j",TRUE,FALSE,"Royal Society of Chemistry (RSC)","CrystEngComm","1466-8033",NA,"1466-8033","1466-8033","http://creativecommons.org/licenses/by/3.0/",TRUE,NA,NA,NA,NA,FALSE,"rsc2025ie","03265fv13_rsc2025ie_2026"
"University College Dublin",2026,NA,"10.1039/d6cc02236g",TRUE,FALSE,"Royal Society of Chemistry (RSC)","Chemical Communications","1359-7345","1359-7345","1364-548X","1359-7345","http://creativecommons.org/licenses/by/3.0/",TRUE,"42304731",NA,NA,NA,FALSE,"rsc2025ie","05m7pjf47_rsc2025ie_2026"
"University of Galway",2026,NA,"10.1039/d5cp04721h",TRUE,FALSE,"Royal Society of Chemistry (RSC)","Physical Chemistry Chemical Physics","1463-9076","1463-9076","1463-9084","1463-9076","http://creativecommons.org/licenses/by/3.0/",TRUE,"42389974",NA,NA,NA,FALSE,"rsc2025ie","03bea9k73_rsc2025ie_2026"
"University College Dublin",2026,NA,"10.1007/s00253-026-13865-3",FALSE,FALSE,"Springer Nature","Applied Microbiology and Biotechnology","1432-0614",NA,"1432-0614","0175-7598","https://creativecommons.org/licenses/by/4.0",TRUE,"42154087","PMC13357446",NA,NA,TRUE,"sn2025ie","05m7pjf47_sn2025ie_2026"
"Trinity College Dublin",2026,NA,"10.1177/01708406261447706",TRUE,FALSE,"SAGE Publications","Organization Studies","0170-8406","0170-8406","1741-3044","0170-8406","https://creativecommons.org/licenses/by/4.0/",TRUE,NA,NA,NA,NA,FALSE,"sage2024ie","02tyrky19_sage2024ie_2026"
"Trinity College Dublin",2026,NA,"10.1093/petrology/egag056",TRUE,FALSE,"Oxford University Press (OUP)","Journal of Petrology","0022-3530","0022-3530","1460-2415","0022-3530","https://creativecommons.org/licenses/by/4.0/",TRUE,NA,NA,NA,NA,FALSE,"oxf2024ie","02tyrky19_oxf2024ie_2026"
"Technological University Dublin",2026,NA,"10.1177/00243639261423443",TRUE,FALSE,"SAGE Publications","The Linacre Quarterly","0024-3639","0024-3639","2050-8549","0024-3639","https://creativecommons.org/licenses/by-nc/4.0/",TRUE,"41987937",NA,NA,NA,FALSE,"sage2024ie","04t0qbt32_sage2024ie_2026"
"University College Cork",2026,NA,"10.1145/3822512",FALSE,FALSE,"Association for Computing Machinery (ACM)","ACM Transactions on Embedded Computing Systems","1539-9087","1539-9087","1558-3465","1539-9087","https://creativecommons.org/licenses/by-nc-nd/4.0/legalcode",TRUE,NA,NA,NA,NA,FALSE,"acm2026ie","03265fv13_acm2026ie_2026"
"University College Dublin",2026,NA,"10.1098/rspb.2025.2552",TRUE,FALSE,"The Royal Society","Proceedings of the Royal Society B: Biological Sciences","1471-2954",NA,"1471-2954","0962-8452","http://creativecommons.org/licenses/by/4.0/",TRUE,"42049227",NA,NA,NA,FALSE,"trs2024ie","05m7pjf47_trs2024ie_2026"
"University of Galway",2025,NA,"10.1177/26349817251380037",TRUE,FALSE,"SAGE Publications","Coastal Studies & Society","2634-9817","2634-9817","2634-9817","2634-9817","https://creativecommons.org/licenses/by/4.0/",TRUE,NA,NA,NA,NA,FALSE,"sage2024ie","03bea9k73_sage2024ie_2025"
"University College Dublin",2025,NA,"10.1017/s0025100325100819",FALSE,FALSE,"Cambridge University Press (CUP)","Journal of the International Phonetic Association","0025-1003","0025-1003","1475-3502","0025-1003","https://creativecommons.org/licenses/by/4.0/",TRUE,NA,NA,NA,NA,FALSE,"cam2021ie","05m7pjf47_cam2021ie_2025"
"University College Dublin",2026,NA,"10.1371/journal.pone.0343973",FALSE,FALSE,"Public Library of Science (PLoS)","PLOS ONE","1932-6203",NA,"1932-6203","1932-6203","http://creativecommons.org/licenses/by/4.0/",TRUE,"42149990","PMC13183246",NA,NA,TRUE,"plos2026ie","05m7pjf47_plos2026ie_2026"
"Maynooth University",2025,NA,"10.1017/ihs.2026.10122",FALSE,FALSE,"Cambridge University Press (CUP)","Irish Historical Studies","0021-1214","0021-1214","2056-4139","0021-1214","https://creativecommons.org/licenses/by/4.0/",TRUE,NA,NA,NA,NA,FALSE,"cam2021ie","048nfjm95_cam2021ie_2025"
"Dublin City University",2026,NA,"10.1017/ihs.2026.10126",FALSE,FALSE,"Cambridge University Press (CUP)","Irish Historical Studies","0021-1214","0021-1214","2056-4139","0021-1214","https://creativecommons.org/licenses/by/4.0/",TRUE,NA,NA,NA,NA,FALSE,"IReL CUP Agreement","04a1a1e81_irelcupagreement_2026"
"Dublin City University",2026,NA,"10.1017/s1475676526101091",FALSE,FALSE,"Cambridge University Press (CUP)","European Journal of Political Research","0304-4130","0304-4130","1475-6765","0304-4130","https://creativecommons.org/licenses/by/4.0/",TRUE,NA,NA,NA,NA,TRUE,"IReL CUP Agreement","04a1a1e81_irelcupagreement_2026"
"Mary Immaculate College",2026,NA,"10.1017/s0265051726100771",TRUE,FALSE,"Cambridge University Press (CUP)","British Journal of Music Education","0265-0517","0265-0517","1469-2104","0265-0517","https://creativecommons.org/licenses/by/4.0/",TRUE,NA,NA,NA,NA,FALSE,"IReL CUP Agreement","009q3yg92_irelcupagreement_2026"
"Trinity College Dublin",2026,NA,"10.1017/ipm.2026.10194",TRUE,FALSE,"Cambridge University Press (CUP)","Irish Journal of Psychological Medicine","0790-9667","0790-9667","2051-6967","2051-6967","https://creativecommons.org/licenses/by/4.0/",TRUE,"42227417",NA,NA,NA,FALSE,"IReL CUP Agreement","02tyrky19_irelcupagreement_2026"
"University College Cork",2026,NA,"10.1099/mic.0.001691",FALSE,FALSE,"Microbiology Society","Microbiology","1350-0872","1350-0872","1465-2080","1350-0872","http://creativecommons.org/licenses/by/4.0/",TRUE,"42258294","PMC13245813",NA,NA,TRUE,"microbio2024ie","03265fv13_microbio2024ie_2026"
"University College Dublin",2026,NA,"10.1093/nutrit/nuag051",TRUE,FALSE,"Oxford University Press (OUP)","Nutrition Reviews","0029-6643","0029-6643","1753-4887","0029-6643","https://creativecommons.org/licenses/by/4.0/",TRUE,"42486145",NA,NA,NA,FALSE,"oxf2024ie","05m7pjf47_oxf2024ie_2026"
"University College Cork",2026,NA,"10.1099/mic.0.001718",FALSE,FALSE,"Microbiology Society","Microbiology","1350-0872","1350-0872","1465-2080","1350-0872","http://creativecommons.org/licenses/by/4.0/",TRUE,"42258296","PMC13245815",NA,NA,TRUE,"microbio2024ie","03265fv13_microbio2024ie_2026"
"Dublin City University",2026,NA,"10.1093/icon/moag078",TRUE,FALSE,"Oxford University Press (OUP)","International Journal of Constitutional Law","1474-2640","1474-2640","1474-2659","1474-2640","https://creativecommons.org/licenses/by/4.0/",TRUE,NA,NA,NA,NA,FALSE,"oxf2024ie","04a1a1e81_oxf2024ie_2026"
"Trinity College Dublin",2026,NA,"10.1093/pa/gsag029",TRUE,FALSE,"Oxford University Press (OUP)","Parliamentary Affairs","0031-2290","0031-2290","1460-2482","0031-2290","https://creativecommons.org/licenses/by/4.0/",TRUE,NA,NA,NA,NA,FALSE,"oxf2024ie","02tyrky19_oxf2024ie_2026"
"University College Dublin",2026,NA,"10.1093/jeg/lbag045",TRUE,FALSE,"Oxford University Press (OUP)","Journal of Economic Geography","1468-2702","1468-2702","1468-2710","1468-2702","https://creativecommons.org/licenses/by/4.0/",TRUE,NA,NA,NA,NA,FALSE,"oxf2024ie","05m7pjf47_oxf2024ie_2026"
"University College Dublin",2026,NA,"10.1093/jrsssa/qnag079",TRUE,FALSE,"Oxford University Press (OUP)","Journal of the Royal Statistical Society Series A: Statistics in Society","0964-1998","0964-1998","1467-985X","0964-1998","https://creativecommons.org/licenses/by/4.0/",TRUE,NA,NA,NA,NA,FALSE,"oxf2024ie","05m7pjf47_oxf2024ie_2026"
"Technological University of the Shannon: Midlands Midwest",2026,NA,"10.1080/15623599.2026.2687480",TRUE,FALSE,"Informa UK Limited","International Journal of Construction Management","1562-3599","1562-3599","2331-2327","1562-3599","http://creativecommons.org/licenses/by/4.0/",TRUE,NA,NA,NA,NA,FALSE,"tf2024ie","04efm0253_tf2024ie_2026"
"Trinity College Dublin",2026,NA,"10.1080/09672559.2026.2684201",TRUE,FALSE,"Informa UK Limited","International Journal of Philosophical Studies","0967-2559","0967-2559","1466-4542","0967-2559","http://creativecommons.org/licenses/by/4.0/",TRUE,NA,NA,NA,NA,FALSE,"tf2024ie","02tyrky19_tf2024ie_2026"
"University College Dublin",2026,NA,"10.1080/13527258.2026.2689916",TRUE,FALSE,"Informa UK Limited","International Journal of Heritage Studies","1352-7258","1352-7258","1470-3610","1352-7258","http://creativecommons.org/licenses/by/4.0/",TRUE,NA,NA,NA,NA,FALSE,"tf2024ie","05m7pjf47_tf2024ie_2026"
"University College Dublin",2026,NA,"10.1080/00343404.2026.2681659",TRUE,FALSE,"Informa UK Limited","Regional Studies","0034-3404","0034-3404","1360-0591","0034-3404","http://creativecommons.org/licenses/by/4.0/",TRUE,NA,NA,NA,NA,FALSE,"tf2024ie","05m7pjf47_tf2024ie_2026"
"University of Galway",2026,NA,"10.1080/07256868.2026.2690622",TRUE,FALSE,"Informa UK Limited","Journal of Intercultural Studies","0725-6868","0725-6868","1469-9540","0725-6868","http://creativecommons.org/licenses/by/4.0/",TRUE,NA,NA,NA,NA,FALSE,"tf2024ie","03bea9k73_tf2024ie_2026"
"University of Galway",2026,NA,"10.1109/icjece.2026.3690229",TRUE,FALSE,"Institute of Electrical & Electronics Engineers (IEEE)","IEEE Canadian Journal of Electrical and Computer Engineering","2694-1783",NA,"2694-1783","0840-8688","https://creativecommons.org/licenses/by/4.0/legalcode",TRUE,NA,NA,NA,NA,FALSE,"ieee2024ie","03bea9k73_ieee2024ie_2026"
"Maynooth University",2026,NA,"10.1177/02662426261465364",TRUE,FALSE,"SAGE Publications","International Small Business Journal: Researching Entrepreneurship","0266-2426","0266-2426","1741-2870","0266-2426","https://creativecommons.org/licenses/by/4.0/",TRUE,NA,NA,NA,NA,FALSE,"sage2024ie","048nfjm95_sage2024ie_2026"
"Trinity College Dublin",2026,NA,"10.1093/ageing/afag203",TRUE,FALSE,"Oxford University Press (OUP)","Age and Ageing","0002-0729","0002-0729","1468-2834","0002-0729","https://creativecommons.org/licenses/by/4.0/",TRUE,"42437530","PMC13356896",NA,NA,FALSE,"oxf2024ie","02tyrky19_oxf2024ie_2026"
"University of Galway",2026,NA,"10.1093/yiel/yvag017",TRUE,FALSE,"Oxford University Press (OUP)","Yearbook of International Environmental Law","0965-1721","0965-1721","2045-0052","0965-1721","https://creativecommons.org/licenses/by/4.0/",TRUE,NA,NA,NA,NA,FALSE,"oxf2024ie","03bea9k73_oxf2024ie_2026"
"Munster Technological University",2026,NA,"10.1371/journal.ppat.1014349",FALSE,FALSE,"Public Library of Science (PLoS)","PLOS Pathogens","1553-7374",NA,"1553-7374","1553-7366","http://creativecommons.org/licenses/by/4.0/",TRUE,"42490605","PMC13395368",NA,NA,TRUE,"plos2026ie","013xpqh61_plos2026ie_2026"
"University of Limerick",2026,NA,"10.1371/journal.pone.0332357",FALSE,FALSE,"Public Library of Science (PLoS)","PLOS ONE","1932-6203",NA,"1932-6203","1932-6203","http://creativecommons.org/licenses/by/4.0/",TRUE,"42490585","PMC13395406",NA,NA,TRUE,"plos2026ie","00a0n9e72_plos2026ie_2026"
"Dublin City University",2026,NA,"10.1093/jopres/xjag058",TRUE,FALSE,"Oxford University Press (OUP)","Journal of Peace Research","1460-3578",NA,"1460-3578","0022-3433","https://creativecommons.org/licenses/by-nc/4.0/",TRUE,NA,NA,NA,NA,FALSE,"oxf2024ie","04a1a1e81_oxf2024ie_2026"
"University of Galway",2026,NA,"10.1093/ageing/afag204",TRUE,FALSE,"Oxford University Press (OUP)","Age and Ageing","0002-0729","0002-0729","1468-2834","0002-0729","https://creativecommons.org/licenses/by-nc/4.0/",TRUE,"42462204","PMC13375103",NA,NA,FALSE,"oxf2024ie","03bea9k73_oxf2024ie_2026"
"University College Cork",2026,NA,"10.1177/00914509261466701",TRUE,FALSE,"SAGE Publications","Contemporary Drug Problems","0091-4509","0091-4509","2163-1808","0091-4509","https://creativecommons.org/licenses/by-nc/4.0/",TRUE,NA,NA,NA,NA,FALSE,"sage2024ie","03265fv13_sage2024ie_2026"
"University College Dublin",2026,NA,"10.1177/01171968261468817",TRUE,FALSE,"SAGE Publications","Asian and Pacific Migration Journal","0117-1968","0117-1968","2057-049X","2057-049X","https://creativecommons.org/licenses/by-nc/4.0/",TRUE,"42699829","PMC13544626",NA,NA,FALSE,"sage2024ie","05m7pjf47_sage2024ie_2026"
"University of Galway",2026,NA,"10.1177/02656590261461427",TRUE,FALSE,"SAGE Publications","Child Language Teaching and Therapy","0265-6590","0265-6590","1477-0865","0265-6590","https://creativecommons.org/licenses/by-nc/4.0/",TRUE,NA,NA,NA,NA,FALSE,"sage2024ie","03bea9k73_sage2024ie_2026"
"University College Dublin",2026,NA,"10.1177/03324893261459221",TRUE,FALSE,"SAGE Publications","Irish Economic and Social History","0332-4893","0332-4893","2050-4918","0332-4893","https://creativecommons.org/licenses/by-nc/4.0/",TRUE,NA,NA,NA,NA,FALSE,"sage2024ie","05m7pjf47_sage2024ie_2026"
"Dublin City University",2026,NA,"10.1177/13691481261455520",TRUE,FALSE,"SAGE Publications","The British Journal of Politics and International Relations","1369-1481","1369-1481","1467-856X","1369-1481","https://creativecommons.org/licenses/by-nc/4.0/",TRUE,NA,NA,NA,NA,FALSE,"sage2024ie","04a1a1e81_sage2024ie_2026"
"Dundalk Institute of Technology",2026,NA,"10.1177/14639491261466279",TRUE,FALSE,"SAGE Publications","Contemporary Issues in Early Childhood","1463-9491","1463-9491","1463-9491","1463-9491","https://creativecommons.org/licenses/by-nc/4.0/",TRUE,NA,NA,NA,NA,FALSE,"sage2024ie","01800zd49_sage2024ie_2026"
"University College Dublin",2026,NA,"10.1177/17479541261462822",TRUE,FALSE,"SAGE Publications","International Journal of Sports Science & Coaching","1747-9541","1747-9541","2048-397X","1747-9541","https://creativecommons.org/licenses/by-nc/4.0/",TRUE,NA,NA,NA,NA,FALSE,"sage2024ie","05m7pjf47_sage2024ie_2026"
"University of Galway",2026,NA,"10.1080/14781700.2026.2650651",TRUE,FALSE,"Informa UK Limited","Translation Studies","1478-1700","1478-1700","1751-2921","1478-1700","http://creativecommons.org/licenses/by-nc-nd/4.0/",TRUE,NA,NA,NA,NA,FALSE,"tf2024ie","03bea9k73_tf2024ie_2026"
"Trinity College Dublin",2026,NA,"10.1038/s41415-026-9534-9",TRUE,FALSE,"Springer Nature","British Dental Journal","0007-0610","0007-0610","1476-5373","0007-0610","https://creativecommons.org/licenses/by-nc-nd/4.0",TRUE,"42362847","PMC13309279",NA,NA,FALSE,"sn2025ie","02tyrky19_sn2025ie_2026"
"Trinity College Dublin",2026,NA,"10.1038/s41415-026-9628-4",TRUE,FALSE,"Springer Nature","British Dental Journal","0007-0610","0007-0610","1476-5373","0007-0610","https://creativecommons.org/licenses/by-nc-nd/4.0",TRUE,"42432092","PMC13354528",NA,NA,FALSE,"sn2025ie","02tyrky19_sn2025ie_2026"
"Dublin City University",2026,NA,"10.1080/19477503.2026.2692318",TRUE,FALSE,"Informa UK Limited","Investigations in Mathematics Learning","1947-7503","1947-7503","2472-7466","1947-7503","http://creativecommons.org/licenses/by-nc-nd/4.0/",TRUE,NA,NA,NA,NA,FALSE,"tf2024ie","04a1a1e81_tf2024ie_2026"
"Dublin City University",2026,NA,"10.1080/13607863.2026.2678993",TRUE,FALSE,"Informa UK Limited","Aging & Mental Health","1360-7863","1360-7863","1364-6915","1360-7863","http://creativecommons.org/licenses/by-nc-nd/4.0/",TRUE,"42340927",NA,NA,NA,FALSE,"tf2024ie","04a1a1e81_tf2024ie_2026"
"Maynooth University",2026,NA,"10.1080/09612025.2026.2679926",TRUE,FALSE,"Informa UK Limited","Women's History Review","0961-2025","0961-2025","1747-583X","0961-2025","http://creativecommons.org/licenses/by-nc-nd/4.0/",TRUE,NA,NA,NA,NA,FALSE,"tf2024ie","048nfjm95_tf2024ie_2026"
"Trinity College Dublin",2026,NA,"10.1080/17521483.2026.2691862",TRUE,FALSE,"Informa UK Limited","Law and Humanities","1752-1483","1752-1483","1752-1491","1752-1483","http://creativecommons.org/licenses/by-nc-nd/4.0/",TRUE,NA,NA,NA,NA,FALSE,"tf2024ie","02tyrky19_tf2024ie_2026"
"Trinity College Dublin",2026,NA,"10.1080/1081602x.2026.2685740",TRUE,FALSE,"Informa UK Limited","The History of the Family","1081-602X","1081-602X","1873-5398","1081-602X","http://creativecommons.org/licenses/by-nc-nd/4.0/",TRUE,NA,NA,NA,NA,FALSE,"tf2024ie","02tyrky19_tf2024ie_2026"
"Trinity College Dublin",2026,NA,"10.1080/02668734.2026.2665347",TRUE,FALSE,"Informa UK Limited","Psychoanalytic Psychotherapy","0266-8734","0266-8734","1474-9734","0266-8734","http://creativecommons.org/licenses/by-nc-nd/4.0/",TRUE,NA,NA,NA,NA,FALSE,"tf2024ie","02tyrky19_tf2024ie_2026"
"University College Cork",2026,NA,"10.1080/01436597.2026.2691872",TRUE,FALSE,"Informa UK Limited","Third World Quarterly","0143-6597","0143-6597","1360-2241","0143-6597","http://creativecommons.org/licenses/by-nc-nd/4.0/",TRUE,NA,NA,NA,NA,FALSE,"tf2024ie","03265fv13_tf2024ie_2026"
"University College Cork",2026,NA,"10.1080/12460125.2026.2687559",TRUE,FALSE,"Informa UK Limited","Journal of Decision Systems","1246-0125","1246-0125","2116-7052","1246-0125","http://creativecommons.org/licenses/by-nc-nd/4.0/",TRUE,NA,NA,NA,NA,FALSE,"tf2024ie","03265fv13_tf2024ie_2026"
"University College Cork",2026,NA,"10.1080/12460125.2026.2688530",TRUE,FALSE,"Informa UK Limited","Journal of Decision Systems","1246-0125","1246-0125","2116-7052","1246-0125","http://creativecommons.org/licenses/by-nc-nd/4.0/",TRUE,NA,NA,NA,NA,FALSE,"tf2024ie","03265fv13_tf2024ie_2026"
"University College Cork",2026,NA,"10.1080/09639489.2026.2677061",TRUE,FALSE,"Informa UK Limited","Modern & Contemporary France","0963-9489","0963-9489","1469-9869","0963-9489","http://creativecommons.org/licenses/by-nc-nd/4.0/",TRUE,NA,NA,NA,NA,FALSE,"tf2024ie","03265fv13_tf2024ie_2026"
"University College Dublin",2026,NA,"10.1080/09672559.2026.2689352",TRUE,FALSE,"Informa UK Limited","International Journal of Philosophical Studies","0967-2559","0967-2559","1466-4542","0967-2559","http://creativecommons.org/licenses/by-nc-nd/4.0/",TRUE,NA,NA,NA,NA,FALSE,"tf2024ie","05m7pjf47_tf2024ie_2026"
"University of Galway",2026,NA,"10.1080/09612025.2026.2692202",TRUE,FALSE,"Informa UK Limited","Women's History Review","0961-2025","0961-2025","1747-583X","0961-2025","http://creativecommons.org/licenses/by-nc-nd/4.0/",TRUE,NA,NA,NA,NA,FALSE,"tf2024ie","03bea9k73_tf2024ie_2026"
"Dublin City University",2026,NA,"10.1108/ijwhm-07-2025-0157",TRUE,FALSE,"Emerald","International Journal of Workplace Health Management","1753-8351","1753-8351","1753-836X","1753-8351","https://creativecommons.org/licences/by/4.0/",TRUE,NA,NA,NA,NA,FALSE,"eme2024ie","04a1a1e81_eme2024ie_2026"
"Trinity College Dublin",2026,NA,"10.1108/ijchm-02-2026-0155",TRUE,FALSE,"Emerald","International Journal of Contemporary Hospitality Management","0959-6119","0959-6119","1757-1049","0959-6119","https://creativecommons.org/licences/by/4.0/",TRUE,NA,NA,NA,NA,FALSE,"eme2024ie","02tyrky19_eme2024ie_2026"
"University College Dublin",2026,NA,"10.1108/jwl-11-2025-0384",TRUE,FALSE,"Emerald","Journal of Workplace Learning","1366-5626","1366-5626","1758-7859","1366-5626","https://creativecommons.org/licences/by/4.0/",TRUE,NA,NA,NA,NA,FALSE,"eme2024ie","05m7pjf47_eme2024ie_2026"
