"institution","period","euro","doi","is_hybrid","opt_out","publisher","journal_full_title","issn","issn_print","issn_electronic","issn_l","license_ref","indexed_in_crossref","pmid","pmcid","ut","url","doaj","agreement","group_id"
"",,,"","","","","","","","","","","","","","","","","",""
"",,,"","","","","","","","","","","","","","","","","",""
"",,,"","","","","","","","","","","","","","","","","",""
"",,,"","","","","","","","","","","","","","","","","",""
"",,,"","","","","","","","","","","","","","","","","",""
"",,,"","","","","","","","","","","","","","","","","",""
"",,,"","","","","","","","","","","","","","","","","",""
"",,,"","","","","","","","","","","","","","","","","",""
"",,,"","","","","","","","","","","","","","","","","",""
"",,,"","","","","","","","","","","","","","","","","",""
"",,,"","","","","","","","","","","","","","","","","",""
"",,,"","","","","","","","","","","","","","","","","",""
"",,,"","","","","","","","","","","","","","","","","",""
"",,,"","","","","","","","","","","","","","","","","",""
"",,,"","","","","","","","","","","","","","","","","",""
"",,,"","","","","","","","","","","","","","","","","",""
"",,,"","","","","","","","","","","","","","","","","",""
"",,,"","","","","","","","","","","","","","","","","",""
"",,,"","","","","","","","","","","","","","","","","",""
"",,,"","","","","","","","","","","","","","","","","",""
"",,,"","","","","","","","","","","","","","","","","",""
"",,,"","","","","","","","","","","","","","","","","",""
"",,,"","","","","","","","","","","","","","","","","",""
"",,,"","","","","","","","","","","","","","","","","",""
"",,,"","","","","","","","","","","","","","","","","",""
"",,,"","","","","","","","","","","","","","","","","",""
"",,,"","","","","","","","","","","","","","","","","",""
"Bochum U",2024,NA,"10.1075/elt.00052.fus",TRUE,FALSE,"John Benjamins Publishing Company","Evolutionary Linguistic Theory","2589-1588","2589-1588","2589-1596","2589-1588","http://creativecommons.org/licenses/by/4.0/",TRUE,NA,NA,NA,NA,FALSE,"jbp2024sub","04tsk2644_jbp2024sub_2024"
"Bochum U",2024,NA,"10.1075/elt.00058.slu",TRUE,FALSE,"John Benjamins Publishing Company","Evolutionary Linguistic Theory","2589-1588","2589-1588","2589-1596","2589-1588","http://creativecommons.org/licenses/by/4.0/",TRUE,NA,NA,NA,NA,FALSE,"jbp2024sub","04tsk2644_jbp2024sub_2024"
"Bochum U",2024,NA,"10.1136/jnnp-2024-334863",TRUE,FALSE,"BMJ","Journal of Neurology, Neurosurgery & Psychiatry","0022-3050","0022-3050","1468-330X","0022-3050","http://creativecommons.org/licenses/by-nc/4.0/",TRUE,"39496464","PMC12322437",NA,NA,FALSE,"bmj2023gac","04tsk2644_bmj2023gac_2024"
"Bochum U",2024,2439.93,"10.1136/rmdopen-2023-003886",FALSE,FALSE,"BMJ","RMD Open","2056-5933",NA,"2056-5933","2056-5933","http://creativecommons.org/licenses/by-nc/4.0/",TRUE,"39231546","PMC11409351",NA,NA,TRUE,"bmj2023gac","04tsk2644_bmj2023gac_2024"
"Bochum U",2024,NA,"10.1136/jme-2023-109660",TRUE,FALSE,"BMJ","Journal of Medical Ethics","0306-6800","0306-6800","1473-4257","0306-6800","https://creativecommons.org/licenses/by-nc/4.0/",TRUE,"38383152","PMC13151473",NA,NA,FALSE,"bmj2023gac","04tsk2644_bmj2023gac_2024"
"Bochum U",2024,NA,"10.1017/s0008938923000845",TRUE,FALSE,"Cambridge University Press (CUP)","Central European History","0008-9389","0008-9389","1569-1616","0008-9389","https://creativecommons.org/licenses/by/4.0/",TRUE,NA,NA,NA,NA,FALSE,"cam2022gac","04tsk2644_cam2022gac_2024"
"Bochum U",2024,NA,"10.1017/jsl.2024.51",TRUE,FALSE,"Cambridge University Press (CUP)","The Journal of Symbolic Logic","0022-4812","0022-4812","1943-5886","0022-4812","https://creativecommons.org/licenses/by/4.0/",TRUE,NA,NA,NA,NA,FALSE,"cam2022gac","04tsk2644_cam2022gac_2024"
"Bochum U",2024,NA,"10.1017/s1759078724000254",TRUE,FALSE,"Cambridge University Press (CUP)","International Journal of Microwave and Wireless Technologies","1759-0787","1759-0787","1759-0795","1759-0787","http://creativecommons.org/licenses/by/4.0",TRUE,NA,NA,NA,NA,FALSE,"cam2022gac","04tsk2644_cam2022gac_2024"
"Bochum U",2024,NA,"10.1017/bpp.2024.31",FALSE,FALSE,"Cambridge University Press (CUP)","Behavioural Public Policy","2398-063X","2398-063X","2398-0648","2398-063X","http://creativecommons.org/licenses/by/4.0/",TRUE,NA,NA,NA,NA,FALSE,"cam2022gac","04tsk2644_cam2022gac_2024"
"Bochum U",2024,NA,"10.1017/s0033291724000060",TRUE,FALSE,"Cambridge University Press (CUP)","Psychological Medicine","0033-2917","0033-2917","1469-8978","0033-2917","http://creativecommons.org/licenses/by/4.0/",TRUE,"38515277","PMC11413349",NA,NA,FALSE,"cam2022gac","04tsk2644_cam2022gac_2024"
"Bochum U",2024,NA,"10.1017/s1755020324000157",TRUE,FALSE,"Cambridge University Press (CUP)","The Review of Symbolic Logic","1755-0203","1755-0203","1755-0211","1755-0211","https://creativecommons.org/licenses/by/4.0/",TRUE,NA,NA,NA,NA,FALSE,"cam2022gac","04tsk2644_cam2022gac_2024"
"Bochum U",2024,NA,"10.1017/s1759078723001484",TRUE,FALSE,"Cambridge University Press (CUP)","International Journal of Microwave and Wireless Technologies","1759-0787","1759-0787","1759-0795","1759-0787","http://creativecommons.org/licenses/by/4.0",TRUE,NA,NA,NA,NA,FALSE,"cam2022gac","04tsk2644_cam2022gac_2024"
"Bochum U",2024,NA,"10.1017/s1470542723000090",TRUE,FALSE,"Cambridge University Press (CUP)","Journal of Germanic Linguistics","1470-5427","1470-5427","1475-3014","1470-5427","https://creativecommons.org/licenses/by/4.0/",TRUE,NA,NA,NA,NA,FALSE,"cam2022gac","04tsk2644_cam2022gac_2024"
"Bochum U",2024,NA,"10.1017/langcog.2024.12",FALSE,FALSE,"Cambridge University Press (CUP)","Language and Cognition","1866-9808","1866-9808","1866-9859","1866-9808","http://creativecommons.org/licenses/by/4.0",TRUE,NA,NA,NA,NA,TRUE,"cam2022gac","04tsk2644_cam2022gac_2024"
"Bochum U",2024,NA,"10.1017/s0041977x22000611",TRUE,FALSE,"Cambridge University Press (CUP)","Bulletin of the School of Oriental and African Studies","0041-977X","0041-977X","1474-0699","0041-977X","https://creativecommons.org/licenses/by/4.0/",TRUE,NA,NA,NA,NA,FALSE,"cam2022gac","04tsk2644_cam2022gac_2024"
"Bochum U",2024,NA,"10.1017/langcog.2024.56",FALSE,FALSE,"Cambridge University Press (CUP)","Language and Cognition","1866-9808","1866-9808","1866-9859","1866-9808","http://creativecommons.org/licenses/by/4.0",TRUE,NA,NA,NA,NA,TRUE,"cam2022gac","04tsk2644_cam2022gac_2024"
"Bochum U",2024,NA,"10.1017/bpp.2024.8",FALSE,FALSE,"Cambridge University Press (CUP)","Behavioural Public Policy","2398-063X","2398-063X","2398-0648","2398-063X","http://creativecommons.org/licenses/by/4.0/",TRUE,NA,NA,NA,NA,FALSE,"cam2022gac","04tsk2644_cam2022gac_2024"
"Bochum U",2024,NA,"10.1242/jeb.246995",TRUE,FALSE,"The Company of Biologists","Journal of Experimental Biology","0022-0949","0022-0949","1477-9145","0022-0949","http://creativecommons.org/licenses/by/4.0",TRUE,"38511547","PMC11006377",NA,NA,FALSE,"compbio2024zbmed","04tsk2644_compbio2024zbmed_2024"
"Bochum U",2024,NA,"10.1515/apeiron-2022-0100",TRUE,FALSE,"Walter de Gruyter GmbH","Apeiron","0003-6390","0003-6390","2156-7093","0003-6390","http://creativecommons.org/licenses/by/4.0",TRUE,NA,NA,NA,NA,FALSE,"degruy2023gac","04tsk2644_degruy2023gac_2024"
"Bochum U",2024,NA,"10.1515/yejls-2024-0014",TRUE,FALSE,"Walter de Gruyter GmbH","Yearbook for European Jewish Literature Studies","2196-6257","2196-6249","2196-6257","2196-6249","http://creativecommons.org/licenses/by/4.0",TRUE,NA,NA,NA,NA,FALSE,"degruy2023gac","04tsk2644_degruy2023gac_2024"
"Bochum U",2024,NA,"10.1515/roja-2024-0021",TRUE,FALSE,"Walter de Gruyter GmbH","Romanistisches Jahrbuch","1613-0413","0080-3898","1613-0413","0080-3898","http://creativecommons.org/licenses/by/4.0",TRUE,NA,NA,NA,NA,FALSE,"degruy2023gac","04tsk2644_degruy2023gac_2024"
"Bochum U",2024,NA,"10.1515/roja-2024-0011",TRUE,FALSE,"Walter de Gruyter GmbH","Romanistisches Jahrbuch","1613-0413","0080-3898","1613-0413","0080-3898","http://creativecommons.org/licenses/by/4.0",TRUE,NA,NA,NA,NA,FALSE,"degruy2023gac","04tsk2644_degruy2023gac_2024"
"Bochum U",2024,NA,"10.1515/roja-2024-0008",TRUE,FALSE,"Walter de Gruyter GmbH","Romanistisches Jahrbuch","1613-0413","0080-3898","1613-0413","0080-3898","http://creativecommons.org/licenses/by/4.0",TRUE,NA,NA,NA,NA,FALSE,"degruy2023gac","04tsk2644_degruy2023gac_2024"
"Bochum U",2024,NA,"10.1515/roja-2024-0005",TRUE,FALSE,"Walter de Gruyter GmbH","Romanistisches Jahrbuch","1613-0413","0080-3898","1613-0413","0080-3898","http://creativecommons.org/licenses/by/4.0",TRUE,NA,NA,NA,NA,FALSE,"degruy2023gac","04tsk2644_degruy2023gac_2024"
"Bochum U",2024,NA,"10.1515/zaw-2024-4005",TRUE,FALSE,"Walter de Gruyter GmbH","Zeitschrift für die alttestamentliche Wissenschaft","1613-0103","0044-2526","1613-0103","0044-2526","http://creativecommons.org/licenses/by/4.0",TRUE,NA,NA,NA,NA,FALSE,"degruy2023gac","04tsk2644_degruy2023gac_2024"
"Bochum U",2024,NA,"10.1515/arege-2024-0009",TRUE,FALSE,"Walter de Gruyter GmbH","Archiv für Religionsgeschichte","1436-3038","1436-3038","1868-8888","1436-3038","http://creativecommons.org/licenses/by/4.0",TRUE,NA,NA,NA,NA,FALSE,"degruy2023gac","04tsk2644_degruy2023gac_2024"
"Bochum U",2024,NA,"10.1515/anger-2024-0004",TRUE,FALSE,"Walter de Gruyter GmbH","Angermion","1868-9426","1438-2091","1868-9426","1438-2091","http://creativecommons.org/licenses/by/4.0",TRUE,NA,NA,NA,NA,FALSE,"degruy2023gac","04tsk2644_degruy2023gac_2024"
"Bochum U",2024,NA,"10.1515/arege-2024-0006",TRUE,FALSE,"Walter de Gruyter GmbH","Archiv für Religionsgeschichte","1436-3038","1436-3038","1868-8888","1436-3038","http://creativecommons.org/licenses/by/4.0",TRUE,NA,NA,NA,NA,FALSE,"degruy2023gac","04tsk2644_degruy2023gac_2024"
"Bochum U",2024,NA,"10.1026/0942-5403/a000435",TRUE,FALSE,"Hogrefe Publishing Group","Kindheit und Entwicklung","0942-5403","0942-5403","2190-6246","0942-5403","https://creativecommons.org/licenses/by-nc-nd/4.0",TRUE,NA,NA,NA,NA,FALSE,"hogrefe2024gac","04tsk2644_hogrefe2024gac_2024"
"Bochum U",2024,NA,"10.1026/0942-5403/a000439",TRUE,FALSE,"Hogrefe Publishing Group","Kindheit und Entwicklung","0942-5403","0942-5403","2190-6246","0942-5403","https://creativecommons.org/licenses/by-nc-nd/4.0",TRUE,NA,NA,NA,NA,FALSE,"hogrefe2024gac","04tsk2644_hogrefe2024gac_2024"
"Bochum U",2024,NA,"10.1024/0939-5911/a000861",TRUE,FALSE,"Hogrefe Publishing Group","SUCHT","0939-5911","0939-5911","1664-2856","0939-5911","https://creativecommons.org/licenses/by/4.0",TRUE,NA,NA,NA,NA,FALSE,"hogrefe2024gac","04tsk2644_hogrefe2024gac_2024"
"Bochum U",2024,NA,"10.1027/1015-5759/a000850",TRUE,FALSE,"Hogrefe Publishing Group","European Journal of Psychological Assessment","1015-5759","1015-5759","2151-2426","1015-5759","https://creativecommons.org/licenses/by-nc-nd/4.0",TRUE,NA,NA,NA,NA,FALSE,"hogrefe2024gac","04tsk2644_hogrefe2024gac_2024"
"Bochum U",2024,NA,"10.1027/1015-5759/a000847",TRUE,FALSE,"Hogrefe Publishing Group","European Journal of Psychological Assessment","1015-5759","1015-5759","2151-2426","1015-5759","https://creativecommons.org/licenses/by/4.0",TRUE,NA,NA,NA,NA,FALSE,"hogrefe2024gac","04tsk2644_hogrefe2024gac_2024"
"Bochum U",2024,NA,"10.1026/0049-8637/a000296",TRUE,FALSE,"Hogrefe Publishing Group","Zeitschrift für Entwicklungspsychologie und Pädagogische Psychologie","0049-8637","0049-8637","2190-6262","0049-8637","https://creativecommons.org/licenses/by-nc-nd/4.0",TRUE,NA,NA,NA,NA,FALSE,"hogrefe2024gac","04tsk2644_hogrefe2024gac_2024"
"Bochum U",2024,NA,"10.1024/1422-4917/a000997",TRUE,FALSE,"Hogrefe Publishing Group","Zeitschrift für Kinder- und Jugendpsychiatrie und Psychotherapie","1422-4917","1422-4917","1664-2880","1422-4917","http://creativecommons.org/licenses/by-nc/4.0",TRUE,"39388521",NA,NA,NA,FALSE,"hogrefe2024gac","04tsk2644_hogrefe2024gac_2024"
"Bochum U",2024,NA,"10.1024/1422-4917/a000998",TRUE,FALSE,"Hogrefe Publishing Group","Zeitschrift für Kinder- und Jugendpsychiatrie und Psychotherapie","1422-4917","1422-4917","1664-2880","1422-4917","http://creativecommons.org/licenses/by/4.0",TRUE,"39388529",NA,NA,NA,FALSE,"hogrefe2024gac","04tsk2644_hogrefe2024gac_2024"
"Bochum U",2024,NA,"10.1026/1616-3443/a000760",TRUE,FALSE,"Hogrefe Publishing Group","Zeitschrift für Klinische Psychologie und Psychotherapie","1616-3443","1616-3443","2190-6297","1616-3443","https://creativecommons.org/licenses/by/4.0",TRUE,NA,NA,NA,NA,FALSE,"hogrefe2024gac","04tsk2644_hogrefe2024gac_2024"
"Bochum U",2024,NA,"10.1088/1361-6595/ad1f37",TRUE,FALSE,"IOP Publishing","Plasma Sources Science and Technology","0963-0252","0963-0252","1361-6595","0963-0252","http://creativecommons.org/licenses/by/4.0",TRUE,NA,NA,NA,NA,FALSE,"iop2022tib","04tsk2644_iop2022tib_2024"
"Bochum U",2024,NA,"10.1088/1361-6463/ad2ef6",TRUE,FALSE,"IOP Publishing","Journal of Physics D: Applied Physics","0022-3727","0022-3727","1361-6463","0022-3727","http://creativecommons.org/licenses/by/4.0",TRUE,NA,NA,NA,NA,FALSE,"iop2022tib","04tsk2644_iop2022tib_2024"
"Bochum U",2024,NA,"10.1088/1361-6595/ad38d6",TRUE,FALSE,"IOP Publishing","Plasma Sources Science and Technology","0963-0252","0963-0252","1361-6595","0963-0252","http://creativecommons.org/licenses/by/4.0",TRUE,NA,NA,NA,NA,FALSE,"iop2022tib","04tsk2644_iop2022tib_2024"
"Bochum U",2024,NA,"10.1088/2632-2153/ad379e",FALSE,FALSE,"IOP Publishing","Machine Learning: Science and Technology","2632-2153",NA,"2632-2153","2632-2153","http://creativecommons.org/licenses/by/4.0",TRUE,NA,NA,NA,NA,TRUE,"iop2022tib","04tsk2644_iop2022tib_2024"
"Bochum U",2024,NA,"10.1088/1361-6595/ad473f",TRUE,FALSE,"IOP Publishing","Plasma Sources Science and Technology","0963-0252","0963-0252","1361-6595","0963-0252","http://creativecommons.org/licenses/by/4.0",TRUE,NA,NA,NA,NA,FALSE,"iop2022tib","04tsk2644_iop2022tib_2024"
"Bochum U",2024,NA,"10.1088/1361-6463/ad4b2d",TRUE,FALSE,"IOP Publishing","Journal of Physics D: Applied Physics","0022-3727","0022-3727","1361-6463","0022-3727","http://creativecommons.org/licenses/by/4.0",TRUE,NA,NA,NA,NA,FALSE,"iop2022tib","04tsk2644_iop2022tib_2024"
"Bochum U",2024,NA,"10.1209/0295-5075/ad438f",TRUE,FALSE,"IOP Publishing","EPL (Europhysics Letters)","0295-5075","0295-5075","1286-4854","0295-5075","http://creativecommons.org/licenses/by/4.0/",TRUE,NA,NA,NA,NA,FALSE,"iop2022tib","04tsk2644_iop2022tib_2024"
"Bochum U",2024,NA,"10.1088/1361-665x/ad5505",TRUE,FALSE,"IOP Publishing","Smart Materials and Structures","0964-1726","0964-1726","1361-665X","0964-1726","http://creativecommons.org/licenses/by/4.0",TRUE,NA,NA,NA,NA,FALSE,"iop2022tib","04tsk2644_iop2022tib_2024"
"Bochum U",2024,NA,"10.1088/1402-4896/ad5ec5",TRUE,FALSE,"IOP Publishing","Physica Scripta","0031-8949","0031-8949","1402-4896","0031-8949","http://creativecommons.org/licenses/by/4.0/",TRUE,NA,NA,NA,NA,FALSE,"iop2022tib","04tsk2644_iop2022tib_2024"
"Bochum U",2024,NA,"10.1088/1361-651x/ad691b",TRUE,FALSE,"IOP Publishing","Modelling and Simulation in Materials Science and Engineering","0965-0393","0965-0393","1361-651X","0965-0393","http://creativecommons.org/licenses/by/4.0",TRUE,NA,NA,NA,NA,FALSE,"iop2022tib","04tsk2644_iop2022tib_2024"
"Bochum U",2024,NA,"10.1088/1361-651x/ad691d",TRUE,FALSE,"IOP Publishing","Modelling and Simulation in Materials Science and Engineering","0965-0393","0965-0393","1361-651X","0965-0393","https://creativecommons.org/licenses/by/4.0/",TRUE,NA,NA,NA,NA,FALSE,"iop2022tib","04tsk2644_iop2022tib_2024"
"Bochum U",2024,NA,"10.1088/1361-6595/ad7d34",TRUE,FALSE,"IOP Publishing","Plasma Sources Science and Technology","0963-0252","0963-0252","1361-6595","0963-0252","https://creativecommons.org/licenses/by/4.0/",TRUE,NA,NA,NA,NA,FALSE,"iop2022tib","04tsk2644_iop2022tib_2024"
"Bochum U",2024,NA,"10.1088/1361-6463/ad816a",TRUE,FALSE,"IOP Publishing","Journal of Physics D: Applied Physics","0022-3727","0022-3727","1361-6463","0022-3727","https://creativecommons.org/licenses/by/4.0/",TRUE,NA,NA,NA,NA,FALSE,"iop2022tib","04tsk2644_iop2022tib_2024"
"Bochum U",2024,NA,"10.1088/2632-2153/ad86a1",FALSE,FALSE,"IOP Publishing","Machine Learning: Science and Technology","2632-2153",NA,"2632-2153","2632-2153","https://creativecommons.org/licenses/by/4.0/",TRUE,NA,NA,NA,NA,TRUE,"iop2022tib","04tsk2644_iop2022tib_2024"
"Bochum U",2024,NA,"10.1088/1361-6463/ad8454",TRUE,FALSE,"IOP Publishing","Journal of Physics D: Applied Physics","0022-3727","0022-3727","1361-6463","0022-3727","https://creativecommons.org/licenses/by/4.0/",TRUE,NA,NA,NA,NA,FALSE,"iop2022tib","04tsk2644_iop2022tib_2024"
"Bochum U",2024,NA,"10.1088/1361-6595/ad802d",TRUE,FALSE,"IOP Publishing","Plasma Sources Science and Technology","0963-0252","0963-0252","1361-6595","0963-0252","https://creativecommons.org/licenses/by/4.0/",TRUE,NA,NA,NA,NA,FALSE,"iop2022tib","04tsk2644_iop2022tib_2024"
"Bochum U",2024,NA,"10.1088/1361-6595/ad8ae7",TRUE,FALSE,"IOP Publishing","Plasma Sources Science and Technology","0963-0252","0963-0252","1361-6595","0963-0252","https://creativecommons.org/licenses/by/4.0/",TRUE,NA,NA,NA,NA,FALSE,"iop2022tib","04tsk2644_iop2022tib_2024"
"Bochum U",2024,NA,"10.1088/1361-6595/ad8a86",TRUE,FALSE,"IOP Publishing","Plasma Sources Science and Technology","0963-0252","0963-0252","1361-6595","0963-0252","https://creativecommons.org/licenses/by/4.0/",TRUE,NA,NA,NA,NA,FALSE,"iop2022tib","04tsk2644_iop2022tib_2024"
"Bochum U",2024,NA,"10.1088/1361-6463/ad8fb9",TRUE,FALSE,"IOP Publishing","Journal of Physics D: Applied Physics","0022-3727","0022-3727","1361-6463","0022-3727","https://creativecommons.org/licenses/by/4.0/",TRUE,NA,NA,NA,NA,FALSE,"iop2022tib","04tsk2644_iop2022tib_2024"
"Bochum U",2024,NA,"10.1088/1361-6463/ad8ded",TRUE,FALSE,"IOP Publishing","Journal of Physics D: Applied Physics","0022-3727","0022-3727","1361-6463","0022-3727","https://creativecommons.org/licenses/by/4.0/",TRUE,NA,NA,NA,NA,FALSE,"iop2022tib","04tsk2644_iop2022tib_2024"
"Bochum U",2024,NA,"10.1088/1361-665x/ad9875",TRUE,FALSE,"IOP Publishing","Smart Materials and Structures","0964-1726","0964-1726","1361-665X","0964-1726","https://creativecommons.org/licenses/by/4.0/",TRUE,NA,NA,NA,NA,FALSE,"iop2022tib","04tsk2644_iop2022tib_2024"
"Bochum U",2024,NA,"10.1088/1361-6595/ad97da",TRUE,FALSE,"IOP Publishing","Plasma Sources Science and Technology","0963-0252","0963-0252","1361-6595","0963-0252","https://creativecommons.org/licenses/by/4.0/",TRUE,NA,NA,NA,NA,FALSE,"iop2022tib","04tsk2644_iop2022tib_2024"
"Bochum U",2024,NA,"10.1088/1361-6595/ad9b4b",TRUE,FALSE,"IOP Publishing","Plasma Sources Science and Technology","0963-0252","0963-0252","1361-6595","0963-0252","https://creativecommons.org/licenses/by/4.0/",TRUE,NA,NA,NA,NA,FALSE,"iop2022tib","04tsk2644_iop2022tib_2024"
"Bochum U",2024,NA,"10.1088/1361-6463/ad9ebe",TRUE,FALSE,"IOP Publishing","Journal of Physics D: Applied Physics","0022-3727","0022-3727","1361-6463","0022-3727","https://creativecommons.org/licenses/by/4.0/",TRUE,NA,NA,NA,NA,FALSE,"iop2022tib","04tsk2644_iop2022tib_2024"
"Bochum U",2024,NA,"10.1088/1361-648x/ad9f09",TRUE,FALSE,"IOP Publishing","Journal of Physics: Condensed Matter","0953-8984","0953-8984","1361-648X","0953-8984","https://creativecommons.org/licenses/by/4.0/",TRUE,"39671794",NA,NA,NA,FALSE,"iop2022tib","04tsk2644_iop2022tib_2024"
"Bochum U",2024,NA,"10.1098/rstb.2023.0411",TRUE,FALSE,"The Royal Society","Philosophical Transactions of the Royal Society B: Biological Sciences","0962-8436","0962-8436","1471-2970","0962-8436","http://creativecommons.org/licenses/by/4.0/",TRUE,"39278239","PMC11482257",NA,NA,FALSE,"trs2024tib","04tsk2644_trs2024tib_2024"
"Bochum U",2024,NA,"10.1098/rstb.2023.0229",TRUE,FALSE,"The Royal Society","Philosophical Transactions of the Royal Society B: Biological Sciences","0962-8436","0962-8436","1471-2970","0962-8436","http://creativecommons.org/licenses/by/4.0/",TRUE,"38853558","PMC11343234",NA,NA,FALSE,"trs2024tib","04tsk2644_trs2024tib_2024"
"Bochum U",2024,NA,"10.1039/d3nj03424k",TRUE,FALSE,"Royal Society of Chemistry (RSC)","New Journal of Chemistry","1144-0546","1144-0546","1369-9261","1144-0546","http://creativecommons.org/licenses/by/3.0/",TRUE,NA,NA,NA,NA,FALSE,"rsc2024tib","04tsk2644_rsc2024tib_2024"
"Bochum U",2024,NA,"10.1039/d3cp04290a",TRUE,FALSE,"Royal Society of Chemistry (RSC)","Physical Chemistry Chemical Physics","1463-9076","1463-9076","1463-9084","1463-9076","http://creativecommons.org/licenses/by/3.0/",TRUE,"38385530",NA,NA,NA,FALSE,"rsc2024tib","04tsk2644_rsc2024tib_2024"
"Bochum U",2024,NA,"10.1039/d3an02235h",TRUE,FALSE,"Royal Society of Chemistry (RSC)","The Analyst","0003-2654","0003-2654","1364-5528","0003-2654","http://creativecommons.org/licenses/by/3.0/",TRUE,"38426854",NA,NA,NA,FALSE,"rsc2024tib","04tsk2644_rsc2024tib_2024"
"Bochum U",2024,NA,"10.1039/d3cc05553a",TRUE,FALSE,"Royal Society of Chemistry (RSC)","Chemical Communications","1359-7345","1359-7345","1364-548X","1359-7345","http://creativecommons.org/licenses/by/3.0/",TRUE,"38415283",NA,NA,NA,FALSE,"rsc2024tib","04tsk2644_rsc2024tib_2024"
"Bochum U",2024,NA,"10.1039/d4dt00709c",TRUE,FALSE,"Royal Society of Chemistry (RSC)","Dalton Transactions","1477-9226","1477-9226","1477-9234","1477-9226","http://creativecommons.org/licenses/by/3.0/",TRUE,"38619887",NA,NA,NA,FALSE,"rsc2024tib","04tsk2644_rsc2024tib_2024"
"Bochum U",2024,NA,"10.1039/d4dt00759j",TRUE,FALSE,"Royal Society of Chemistry (RSC)","Dalton Transactions","1477-9226","1477-9226","1477-9234","1477-9226","http://creativecommons.org/licenses/by/3.0/",TRUE,"38652088",NA,NA,NA,FALSE,"rsc2024tib","04tsk2644_rsc2024tib_2024"
"Bochum U",2024,NA,"10.1039/d4dt00907j",TRUE,FALSE,"Royal Society of Chemistry (RSC)","Dalton Transactions","1477-9226","1477-9226","1477-9234","1477-9226","http://creativecommons.org/licenses/by/3.0/",TRUE,"38874585",NA,NA,NA,FALSE,"rsc2024tib","04tsk2644_rsc2024tib_2024"
"Bochum U",2024,NA,"10.1039/d4cp01768d",TRUE,FALSE,"Royal Society of Chemistry (RSC)","Physical Chemistry Chemical Physics","1463-9076","1463-9076","1463-9084","1463-9076","http://creativecommons.org/licenses/by/3.0/",TRUE,"38873734",NA,NA,NA,FALSE,"rsc2024tib","04tsk2644_rsc2024tib_2024"
"Bochum U",2024,NA,"10.1039/d4cp01196a",TRUE,FALSE,"Royal Society of Chemistry (RSC)","Physical Chemistry Chemical Physics","1463-9076","1463-9076","1463-9084","1463-9076","http://creativecommons.org/licenses/by/3.0/",TRUE,"39082370",NA,NA,NA,FALSE,"rsc2024tib","04tsk2644_rsc2024tib_2024"
"Bochum U",2024,NA,"10.1039/d4dt01252f",TRUE,FALSE,"Royal Society of Chemistry (RSC)","Dalton Transactions","1477-9226","1477-9226","1477-9234","1477-9226","http://creativecommons.org/licenses/by/3.0/",TRUE,"39037344",NA,NA,NA,FALSE,"rsc2024tib","04tsk2644_rsc2024tib_2024"
"Bochum U",2024,NA,"10.1039/d4cc02556c",TRUE,FALSE,"Royal Society of Chemistry (RSC)","Chemical Communications","1359-7345","1359-7345","1364-548X","1359-7345","http://creativecommons.org/licenses/by/3.0/",TRUE,"38982941",NA,NA,NA,FALSE,"rsc2024tib","04tsk2644_rsc2024tib_2024"
"Bochum U",2024,NA,"10.1039/d4mr00059e",FALSE,FALSE,"Royal Society of Chemistry (RSC)","RSC Mechanochemistry","2976-8683",NA,"2976-8683","2976-8683","http://creativecommons.org/licenses/by/3.0/",TRUE,NA,NA,NA,NA,TRUE,"rsc2024tib","04tsk2644_rsc2024tib_2024"
"Bochum U",2024,NA,"10.1039/d4mh00245h",TRUE,FALSE,"Royal Society of Chemistry (RSC)","Materials Horizons","2051-6347","2051-6347","2051-6355","2051-6347","http://creativecommons.org/licenses/by/3.0/",TRUE,"39045620","PMC11472866",NA,NA,FALSE,"rsc2024tib","04tsk2644_rsc2024tib_2024"
"Bochum U",2024,NA,"10.1039/d4cc03167a",TRUE,FALSE,"Royal Society of Chemistry (RSC)","Chemical Communications","1359-7345","1359-7345","1364-548X","1359-7345","http://creativecommons.org/licenses/by/3.0/",TRUE,"39139106","PMC11322804",NA,NA,FALSE,"rsc2024tib","04tsk2644_rsc2024tib_2024"
"Bochum U",2024,NA,"10.1039/d4cp02295e",TRUE,FALSE,"Royal Society of Chemistry (RSC)","Physical Chemistry Chemical Physics","1463-9076","1463-9076","1463-9084","1463-9076","http://creativecommons.org/licenses/by/3.0/",TRUE,"39171731",NA,NA,NA,FALSE,"rsc2024tib","04tsk2644_rsc2024tib_2024"
"Bochum U",2024,NA,"10.1039/d4mr00054d",FALSE,FALSE,"Royal Society of Chemistry (RSC)","RSC Mechanochemistry","2976-8683",NA,"2976-8683","2976-8683","http://creativecommons.org/licenses/by/3.0/",TRUE,NA,NA,NA,NA,TRUE,"rsc2024tib","04tsk2644_rsc2024tib_2024"
"Bochum U",2024,NA,"10.1039/d4cc04126g",TRUE,FALSE,"Royal Society of Chemistry (RSC)","Chemical Communications","1359-7345","1359-7345","1364-548X","1359-7345","http://creativecommons.org/licenses/by/3.0/",TRUE,"39240534",NA,NA,NA,FALSE,"rsc2024tib","04tsk2644_rsc2024tib_2024"
"Bochum U",2024,NA,"10.1039/d4nr02358g",TRUE,FALSE,"Royal Society of Chemistry (RSC)","Nanoscale","2040-3364","2040-3364","2040-3372","2040-3364","http://creativecommons.org/licenses/by/3.0/",TRUE,"39279544",NA,NA,NA,FALSE,"rsc2024tib","04tsk2644_rsc2024tib_2024"
"Bochum U",2024,NA,"10.1039/d4cp02070g",TRUE,FALSE,"Royal Society of Chemistry (RSC)","Physical Chemistry Chemical Physics","1463-9076","1463-9076","1463-9084","1463-9076","http://creativecommons.org/licenses/by/3.0/",TRUE,"39318322",NA,NA,NA,FALSE,"rsc2024tib","04tsk2644_rsc2024tib_2024"
"Bochum U",2024,NA,"10.1039/d4cb00187g",FALSE,FALSE,"Royal Society of Chemistry (RSC)","RSC Chemical Biology","2633-0679",NA,"2633-0679","2633-0679","http://creativecommons.org/licenses/by/3.0/",TRUE,"39421717","PMC11477652",NA,NA,TRUE,"rsc2024tib","04tsk2644_rsc2024tib_2024"
"Bochum U",2024,NA,"10.1039/d4ta04731a",TRUE,FALSE,"Royal Society of Chemistry (RSC)","Journal of Materials Chemistry A","2050-7488","2050-7488","2050-7496","2050-7496","http://creativecommons.org/licenses/by/3.0/",TRUE,NA,NA,NA,NA,FALSE,"rsc2024tib","04tsk2644_rsc2024tib_2024"
"Bochum U",2024,NA,"10.1039/d4cy01018c",TRUE,FALSE,"Royal Society of Chemistry (RSC)","Catalysis Science & Technology","2044-4753","2044-4753","2044-4761","2044-4753","http://creativecommons.org/licenses/by/3.0/",TRUE,NA,NA,NA,NA,FALSE,"rsc2024tib","04tsk2644_rsc2024tib_2024"
"Bochum U",2024,NA,"10.1039/d4cc04497e",TRUE,FALSE,"Royal Society of Chemistry (RSC)","Chemical Communications","1359-7345","1359-7345","1364-548X","1359-7345","http://creativecommons.org/licenses/by/3.0/",TRUE,"39576048",NA,NA,NA,FALSE,"rsc2024tib","04tsk2644_rsc2024tib_2024"
"Bochum U",2024,NA,"10.1039/d4ra05754f",FALSE,FALSE,"Royal Society of Chemistry (RSC)","RSC Advances","2046-2069",NA,"2046-2069","2046-2069","http://creativecommons.org/licenses/by/3.0/",TRUE,"39619806","PMC11606306",NA,NA,TRUE,"rsc2024tib","04tsk2644_rsc2024tib_2024"
"Bochum U",2024,NA,"10.1039/d4dt02777a",TRUE,FALSE,"Royal Society of Chemistry (RSC)","Dalton Transactions","1477-9226","1477-9226","1477-9234","1477-9226","http://creativecommons.org/licenses/by/3.0/",TRUE,"39670725",NA,NA,NA,FALSE,"rsc2024tib","04tsk2644_rsc2024tib_2024"
"Bochum U",2024,NA,"10.1039/d4dt02992e",TRUE,FALSE,"Royal Society of Chemistry (RSC)","Dalton Transactions","1477-9226","1477-9226","1477-9234","1477-9226","http://creativecommons.org/licenses/by/3.0/",TRUE,"39714107",NA,NA,NA,FALSE,"rsc2024tib","04tsk2644_rsc2024tib_2024"
"Bochum U",2024,NA,"10.1080/0020174x.2024.2313716",TRUE,FALSE,"Informa UK Limited","Inquiry","0020-174X","0020-174X","1502-3923","0020-174X","http://creativecommons.org/licenses/by/4.0/",TRUE,NA,NA,NA,NA,FALSE,"tf2024zbw","04tsk2644_tf2024zbw_2024"
"Bochum U",2024,NA,"10.1080/14782804.2024.2320288",TRUE,FALSE,"Informa UK Limited","Journal of Contemporary European Studies","1478-2804","1478-2804","1478-2790","1478-2790","http://creativecommons.org/licenses/by-nc-nd/4.0/",TRUE,NA,NA,NA,NA,FALSE,"tf2024zbw","04tsk2644_tf2024zbw_2024"
"Bochum U",2024,NA,"10.1080/18387357.2024.2329092",TRUE,FALSE,"Informa UK Limited","Advances in Mental Health","1838-7357","1838-7357","1837-4905","1837-4905","http://creativecommons.org/licenses/by/4.0/",TRUE,NA,NA,NA,NA,FALSE,"tf2024zbw","04tsk2644_tf2024zbw_2024"
"Bochum U",2024,NA,"10.1080/01445340.2024.2333689",TRUE,FALSE,"Informa UK Limited","History and Philosophy of Logic","0144-5340","0144-5340","1464-5149","0144-5340","http://creativecommons.org/licenses/by/4.0/",TRUE,NA,NA,NA,NA,FALSE,"tf2024zbw","04tsk2644_tf2024zbw_2024"
"Bochum U",2024,NA,"10.1080/20430795.2024.2336567",TRUE,FALSE,"Informa UK Limited","Journal of Sustainable Finance & Investment","2043-0795","2043-0795","2043-0809","2043-0795","http://creativecommons.org/licenses/by-nc-nd/4.0/",TRUE,NA,NA,NA,NA,FALSE,"tf2024zbw","04tsk2644_tf2024zbw_2024"
"Bochum U",2024,NA,"10.1080/27690148.2024.2336228",TRUE,FALSE,"Informa UK Limited","Asian Journal of Sport History & Culture","2769-0148","2769-0148","2769-0156","2769-0148","http://creativecommons.org/licenses/by/4.0/",TRUE,NA,NA,NA,NA,FALSE,"tf2024zbw","04tsk2644_tf2024zbw_2024"
"Bochum U",2024,NA,"10.1080/00913367.2024.2337428",TRUE,FALSE,"Informa UK Limited","Journal of Advertising","0091-3367","0091-3367","1557-7805","0091-3367","http://creativecommons.org/licenses/by/4.0/",TRUE,NA,NA,NA,NA,FALSE,"tf2024zbw","04tsk2644_tf2024zbw_2024"
"Bochum U",2024,NA,"10.1080/0163853x.2024.2339733",TRUE,FALSE,"Informa UK Limited","Discourse Processes","0163-853X","0163-853X","1532-6950","0163-853X","http://creativecommons.org/licenses/by/4.0/",TRUE,NA,NA,NA,NA,FALSE,"tf2024zbw","04tsk2644_tf2024zbw_2024"
"Bochum U",2024,NA,"10.1080/01419870.2024.2344693",TRUE,FALSE,"Informa UK Limited","Ethnic and Racial Studies","0141-9870","0141-9870","1466-4356","0141-9870","http://creativecommons.org/licenses/by/4.0/",TRUE,NA,NA,NA,NA,FALSE,"tf2024zbw","04tsk2644_tf2024zbw_2024"
"Bochum U",2024,NA,"10.1080/01419870.2024.2345459",TRUE,FALSE,"Informa UK Limited","Ethnic and Racial Studies","0141-9870","0141-9870","1466-4356","0141-9870","http://creativecommons.org/licenses/by-nc-nd/4.0/",TRUE,NA,NA,NA,NA,FALSE,"tf2024zbw","04tsk2644_tf2024zbw_2024"
"Bochum U",2024,NA,"10.1080/1357650x.2024.2341459",TRUE,FALSE,"Informa UK Limited","Laterality: Asymmetries of Body, Brain and Cognition","1357-650X","1357-650X","1464-0678","1357-650X","http://creativecommons.org/licenses/by-nc-nd/4.0/",TRUE,"38669348",NA,NA,NA,FALSE,"tf2024zbw","04tsk2644_tf2024zbw_2024"
"Bochum U",2024,NA,"10.1080/00927872.2024.2353283",TRUE,FALSE,"Informa UK Limited","Communications in Algebra","0092-7872","0092-7872","1532-4125","0092-7872","http://creativecommons.org/licenses/by/4.0/",TRUE,NA,NA,NA,NA,FALSE,"tf2024zbw","04tsk2644_tf2024zbw_2024"
"Bochum U",2024,NA,"10.1080/09523367.2024.2353281",TRUE,FALSE,"Informa UK Limited","The International Journal of the History of Sport","0952-3367","0952-3367","1743-9035","0952-3367","http://creativecommons.org/licenses/by/4.0/",TRUE,NA,NA,NA,NA,FALSE,"tf2024zbw","04tsk2644_tf2024zbw_2024"
"Bochum U",2024,NA,"10.1080/09515089.2024.2360129",TRUE,FALSE,"Informa UK Limited","Philosophical Psychology","0951-5089","0951-5089","1465-394X","0951-5089","http://creativecommons.org/licenses/by/4.0/",TRUE,NA,NA,NA,NA,FALSE,"tf2024zbw","04tsk2644_tf2024zbw_2024"
"Bochum U",2024,NA,"10.1080/00140139.2024.2369706",TRUE,FALSE,"Informa UK Limited","Ergonomics","0014-0139","0014-0139","1366-5847","0014-0139","http://creativecommons.org/licenses/by/4.0/",TRUE,"39046357",NA,NA,NA,FALSE,"tf2024zbw","04tsk2644_tf2024zbw_2024"
"Bochum U",2024,NA,"10.1080/00295450.2024.2377027",TRUE,FALSE,"Informa UK Limited","Nuclear Technology","0029-5450","0029-5450","1943-7471","0029-5450","http://creativecommons.org/licenses/by/4.0/",TRUE,NA,NA,NA,NA,FALSE,"tf2024zbw","04tsk2644_tf2024zbw_2024"
"Bochum U",2024,NA,"10.1080/1360144x.2024.2378790",TRUE,FALSE,"Informa UK Limited","International Journal for Academic Development","1360-144X","1360-144X","1470-1324","1360-144X","http://creativecommons.org/licenses/by-nc-nd/4.0/",TRUE,NA,NA,NA,NA,FALSE,"tf2024zbw","04tsk2644_tf2024zbw_2024"
"Bochum U",2024,NA,"10.1080/08853134.2024.2377979",TRUE,FALSE,"Informa UK Limited","Journal of Personal Selling & Sales Management","0885-3134","0885-3134","1557-7813","0885-3134","http://creativecommons.org/licenses/by/4.0/",TRUE,NA,NA,NA,NA,FALSE,"tf2024zbw","04tsk2644_tf2024zbw_2024"
"Bochum U",2024,NA,"10.1080/10407790.2024.2379006",TRUE,FALSE,"Informa UK Limited","Numerical Heat Transfer, Part B: Fundamentals","1040-7790","1040-7790","1521-0626","1040-7790","http://creativecommons.org/licenses/by-nc/4.0/",TRUE,NA,NA,NA,NA,FALSE,"tf2024zbw","04tsk2644_tf2024zbw_2024"
"Bochum U",2024,NA,"10.1080/0023656x.2024.2380849",TRUE,FALSE,"Informa UK Limited","Labor History","0023-656X","0023-656X","1469-9702","0023-656X","http://creativecommons.org/licenses/by-nc-nd/4.0/",TRUE,NA,NA,NA,NA,FALSE,"tf2024zbw","04tsk2644_tf2024zbw_2024"
"Bochum U",2024,NA,"10.1080/13811118.2024.2382709",TRUE,FALSE,"Informa UK Limited","Archives of Suicide Research","1381-1118","1381-1118","1543-6136","1381-1118","http://creativecommons.org/licenses/by/4.0/",TRUE,"39045846",NA,NA,NA,FALSE,"tf2024zbw","04tsk2644_tf2024zbw_2024"
"Bochum U",2024,NA,"10.1080/08982104.2024.2388146",TRUE,FALSE,"Informa UK Limited","Journal of Liposome Research","0898-2104","0898-2104","1532-2394","0898-2104","http://creativecommons.org/licenses/by-nc-nd/4.0/",TRUE,"39135424",NA,NA,NA,FALSE,"tf2024zbw","04tsk2644_tf2024zbw_2024"
"Bochum U",2024,NA,"10.1080/02601370.2024.2391888",TRUE,FALSE,"Informa UK Limited","International Journal of Lifelong Education","0260-1370","0260-1370","1464-519X","0260-1370","http://creativecommons.org/licenses/by-nc-nd/4.0/",TRUE,NA,NA,NA,NA,FALSE,"tf2024zbw","04tsk2644_tf2024zbw_2024"
"Bochum U",2024,NA,"10.1080/01445340.2024.2393964",TRUE,FALSE,"Informa UK Limited","History and Philosophy of Logic","0144-5340","0144-5340","1464-5149","0144-5340","http://creativecommons.org/licenses/by-nc-nd/4.0/",TRUE,NA,NA,NA,NA,FALSE,"tf2024zbw","04tsk2644_tf2024zbw_2024"
"Bochum U",2024,NA,"10.1080/13572334.2024.2398940",TRUE,FALSE,"Informa UK Limited","The Journal of Legislative Studies","1357-2334","1357-2334","1743-9337","1357-2334","http://creativecommons.org/licenses/by-nc-nd/4.0/",TRUE,NA,NA,NA,NA,FALSE,"tf2024zbw","04tsk2644_tf2024zbw_2024"
"Bochum U",2024,NA,"10.1080/14728222.2024.2400093",TRUE,FALSE,"Informa UK Limited","Expert Opinion on Therapeutic Targets","1472-8222","1472-8222","1744-7631","1472-8222","http://creativecommons.org/licenses/by-nc-nd/4.0/",TRUE,"39329430",NA,NA,NA,FALSE,"tf2024zbw","04tsk2644_tf2024zbw_2024"
"Bochum U",2024,NA,"10.1080/14747731.2024.2400002",TRUE,FALSE,"Informa UK Limited","Globalizations","1474-7731","1474-7731","1474-774X","1474-7731","http://creativecommons.org/licenses/by/4.0/",TRUE,NA,NA,NA,NA,FALSE,"tf2024zbw","04tsk2644_tf2024zbw_2024"
"Bochum U",2024,NA,"10.1080/09658211.2024.2402920",TRUE,FALSE,"Informa UK Limited","Memory","0965-8211","0965-8211","1464-0686","0965-8211","http://creativecommons.org/licenses/by/4.0/",TRUE,"39288236",NA,NA,NA,FALSE,"tf2024zbw","04tsk2644_tf2024zbw_2024"
"Bochum U",2024,NA,"10.1080/13534645.2024.2406075",TRUE,FALSE,"Informa UK Limited","Parallax","1353-4645","1353-4645","1460-700X","1353-4645","http://creativecommons.org/licenses/by/4.0/",TRUE,NA,NA,NA,NA,FALSE,"tf2024zbw","04tsk2644_tf2024zbw_2024"
"Bochum U",2024,NA,"10.1080/0048721x.2024.2413331",TRUE,FALSE,"Informa UK Limited","Religion","0048-721X","0048-721X","1096-1151","0048-721X","http://creativecommons.org/licenses/by-nc-nd/4.0/",TRUE,NA,NA,NA,NA,FALSE,"tf2024zbw","04tsk2644_tf2024zbw_2024"
"Bochum U",2024,NA,"10.1080/09602011.2024.2413718",TRUE,FALSE,"Informa UK Limited","Neuropsychological Rehabilitation","0960-2011","0960-2011","1464-0694","0960-2011","http://creativecommons.org/licenses/by-nc-nd/4.0/",TRUE,"39412401",NA,NA,NA,FALSE,"tf2024zbw","04tsk2644_tf2024zbw_2024"
"Bochum U",2024,NA,"10.1080/21548455.2024.2414358",TRUE,FALSE,"Informa UK Limited","International Journal of Science Education, Part B","2154-8455","2154-8455","2154-8463","2154-8455","http://creativecommons.org/licenses/by/4.0/",TRUE,NA,NA,NA,NA,FALSE,"tf2024zbw","04tsk2644_tf2024zbw_2024"
"Bochum U",2024,NA,"10.1080/08989575.2024.2429332",TRUE,FALSE,"Informa UK Limited","a/b: Auto/Biography Studies","0898-9575","0898-9575","2151-7290","0898-9575","http://creativecommons.org/licenses/by/4.0/",TRUE,NA,NA,NA,NA,FALSE,"tf2024zbw","04tsk2644_tf2024zbw_2024"
"Bochum U",2024,NA,"10.1080/13569775.2024.2428529",TRUE,FALSE,"Informa UK Limited","Contemporary Politics","1356-9775","1356-9775","1469-3631","1356-9775","http://creativecommons.org/licenses/by-nc-nd/4.0/",TRUE,NA,NA,NA,NA,FALSE,"tf2024zbw","04tsk2644_tf2024zbw_2024"
"Bochum U",2024,NA,"10.1016/j.istruc.2024.105943",TRUE,FALSE,"Elsevier BV","Structures","2352-0124","2352-0124",NA,"2352-0124","http://creativecommons.org/licenses/by/4.0/",TRUE,NA,NA,NA,NA,FALSE,"els2023deal","04tsk2644_els2023deal_2024"
"Bochum U",2024,NA,"10.1016/j.cma.2024.116806",TRUE,FALSE,"Elsevier BV","Computer Methods in Applied Mechanics and Engineering","0045-7825","0045-7825",NA,"0045-7825","http://creativecommons.org/licenses/by/4.0/",TRUE,NA,NA,NA,NA,FALSE,"els2023deal","04tsk2644_els2023deal_2024"
"Bochum U",2024,NA,"10.1016/j.engappai.2024.108156",TRUE,FALSE,"Elsevier BV","Engineering Applications of Artificial Intelligence","0952-1976","0952-1976",NA,"0952-1976","http://creativecommons.org/licenses/by-nc/4.0/",TRUE,NA,NA,NA,NA,FALSE,"els2023deal","04tsk2644_els2023deal_2024"
"Bochum U",2024,NA,"10.1016/j.cma.2024.116888",TRUE,FALSE,"Elsevier BV","Computer Methods in Applied Mechanics and Engineering","0045-7825","0045-7825",NA,"0045-7825","http://creativecommons.org/licenses/by/4.0/",TRUE,NA,NA,NA,NA,FALSE,"els2023deal","04tsk2644_els2023deal_2024"
"Bochum U",2024,NA,"10.1016/j.cma.2024.116907",TRUE,FALSE,"Elsevier BV","Computer Methods in Applied Mechanics and Engineering","0045-7825","0045-7825",NA,"0045-7825","http://creativecommons.org/licenses/by/4.0/",TRUE,NA,NA,NA,NA,FALSE,"els2023deal","04tsk2644_els2023deal_2024"
"Bochum U",2024,NA,"10.1016/j.autcon.2024.105382",TRUE,FALSE,"Elsevier BV","Automation in Construction","0926-5805","0926-5805",NA,"0926-5805","http://creativecommons.org/licenses/by/4.0/",TRUE,NA,NA,NA,NA,FALSE,"els2023deal","04tsk2644_els2023deal_2024"
"Bochum U",2024,NA,"10.1016/j.cemconres.2024.107485",TRUE,FALSE,"Elsevier BV","Cement and Concrete Research","0008-8846","0008-8846",NA,"0008-8846","http://creativecommons.org/licenses/by/4.0/",TRUE,NA,NA,NA,NA,FALSE,"els2023deal","04tsk2644_els2023deal_2024"
"Bochum U",2024,NA,"10.1016/j.jmps.2024.105633",TRUE,FALSE,"Elsevier BV","Journal of the Mechanics and Physics of Solids","0022-5096","0022-5096",NA,"0022-5096","http://creativecommons.org/licenses/by-nc-nd/4.0/",TRUE,NA,NA,NA,NA,FALSE,"els2023deal","04tsk2644_els2023deal_2024"
"Bochum U",2024,NA,"10.1016/j.msea.2024.146403",TRUE,FALSE,"Elsevier BV","Materials Science and Engineering: A","0921-5093","0921-5093",NA,"0921-5093","http://creativecommons.org/licenses/by-nc/4.0/",TRUE,NA,NA,NA,NA,FALSE,"els2023deal","04tsk2644_els2023deal_2024"
"Bochum U",2024,NA,"10.1016/j.compgeo.2024.106314",TRUE,FALSE,"Elsevier BV","Computers and Geotechnics","0266-352X","0266-352X",NA,"0266-352X","http://creativecommons.org/licenses/by/4.0/",TRUE,NA,NA,NA,NA,FALSE,"els2023deal","04tsk2644_els2023deal_2024"
"Bochum U",2024,NA,"10.1016/j.jweia.2024.105821",TRUE,FALSE,"Elsevier BV","Journal of Wind Engineering and Industrial Aerodynamics","0167-6105","0167-6105",NA,"0167-6105","http://creativecommons.org/licenses/by/4.0/",TRUE,NA,NA,NA,NA,FALSE,"els2023deal","04tsk2644_els2023deal_2024"
"Bochum U",2024,NA,"10.1016/j.scitotenv.2024.173677",TRUE,FALSE,"Elsevier BV","Science of The Total Environment","0048-9697","0048-9697",NA,"0048-9697","http://creativecommons.org/licenses/by-nc/4.0/",TRUE,"38823711",NA,NA,NA,FALSE,"els2023deal","04tsk2644_els2023deal_2024"
"Bochum U",2024,NA,"10.1016/j.compgeo.2024.106477",TRUE,FALSE,"Elsevier BV","Computers and Geotechnics","0266-352X","0266-352X",NA,"0266-352X","http://creativecommons.org/licenses/by/4.0/",TRUE,NA,NA,NA,NA,FALSE,"els2023deal","04tsk2644_els2023deal_2024"
"Bochum U",2024,NA,"10.1016/j.apm.2024.06.028",TRUE,FALSE,"Elsevier BV","Applied Mathematical Modelling","0307-904X","0307-904X",NA,"0307-904X","http://creativecommons.org/licenses/by-nc-nd/4.0/",TRUE,NA,NA,NA,NA,FALSE,"els2023deal","04tsk2644_els2023deal_2024"
"Bochum U",2024,NA,"10.1016/j.compgeo.2024.106529",TRUE,FALSE,"Elsevier BV","Computers and Geotechnics","0266-352X","0266-352X",NA,"0266-352X","http://creativecommons.org/licenses/by/4.0/",TRUE,NA,NA,NA,NA,FALSE,"els2023deal","04tsk2644_els2023deal_2024"
"Bochum U",2024,NA,"10.1016/j.aei.2024.102677",TRUE,FALSE,"Elsevier BV","Advanced Engineering Informatics","1474-0346","1474-0346",NA,"1474-0346","http://creativecommons.org/licenses/by/4.0/",TRUE,NA,NA,NA,NA,FALSE,"els2023deal","04tsk2644_els2023deal_2024"
"Bochum U",2024,NA,"10.1016/j.conbuildmat.2024.137742",TRUE,FALSE,"Elsevier BV","Construction and Building Materials","0950-0618","0950-0618",NA,"0950-0618","http://creativecommons.org/licenses/by-nc-nd/4.0/",TRUE,NA,NA,NA,NA,FALSE,"els2023deal","04tsk2644_els2023deal_2024"
"Bochum U",2024,NA,"10.1016/j.cma.2024.117321",TRUE,FALSE,"Elsevier BV","Computer Methods in Applied Mechanics and Engineering","0045-7825","0045-7825",NA,"0045-7825","http://creativecommons.org/licenses/by/4.0/",TRUE,NA,NA,NA,NA,FALSE,"els2023deal","04tsk2644_els2023deal_2024"
"Bochum U",2024,NA,"10.1016/j.jcsr.2024.108974",TRUE,FALSE,"Elsevier BV","Journal of Constructional Steel Research","0143-974X","0143-974X",NA,"0143-974X","http://creativecommons.org/licenses/by/4.0/",TRUE,NA,NA,NA,NA,FALSE,"els2023deal","04tsk2644_els2023deal_2024"
"Bochum U",2024,NA,"10.1016/j.conbuildmat.2024.138034",TRUE,FALSE,"Elsevier BV","Construction and Building Materials","0950-0618","0950-0618",NA,"0950-0618","http://creativecommons.org/licenses/by/4.0/",TRUE,NA,NA,NA,NA,FALSE,"els2023deal","04tsk2644_els2023deal_2024"
"Bochum U",2024,NA,"10.1016/j.aei.2024.102808",TRUE,FALSE,"Elsevier BV","Advanced Engineering Informatics","1474-0346","1474-0346",NA,"1474-0346","http://creativecommons.org/licenses/by/4.0/",TRUE,NA,NA,NA,NA,FALSE,"els2023deal","04tsk2644_els2023deal_2024"
"Bochum U",2024,NA,"10.1016/j.cma.2024.117422",TRUE,FALSE,"Elsevier BV","Computer Methods in Applied Mechanics and Engineering","0045-7825","0045-7825",NA,"0045-7825","http://creativecommons.org/licenses/by/4.0/",TRUE,NA,NA,NA,NA,FALSE,"els2023deal","04tsk2644_els2023deal_2024"
"Bochum U",2024,NA,"10.1016/j.tws.2024.112671",TRUE,FALSE,"Elsevier BV","Thin-Walled Structures","0263-8231","0263-8231",NA,"0263-8231","http://creativecommons.org/licenses/by/4.0/",TRUE,NA,NA,NA,NA,FALSE,"els2023deal","04tsk2644_els2023deal_2024"
"Bochum U",2024,NA,"10.1016/j.solener.2024.113093",TRUE,FALSE,"Elsevier BV","Solar Energy","0038-092X","0038-092X",NA,"0038-092X","http://creativecommons.org/licenses/by-nc-nd/4.0/",TRUE,NA,NA,NA,NA,FALSE,"els2023deal","04tsk2644_els2023deal_2024"
"Bochum U",2024,NA,"10.1016/j.cma.2024.117648",TRUE,FALSE,"Elsevier BV","Computer Methods in Applied Mechanics and Engineering","0045-7825","0045-7825",NA,"0045-7825","http://creativecommons.org/licenses/by-nc-nd/4.0/",TRUE,NA,NA,NA,NA,FALSE,"els2023deal","04tsk2644_els2023deal_2024"
"Bochum U",2024,NA,"10.1016/j.scitotenv.2024.170376",TRUE,FALSE,"Elsevier BV","Science of The Total Environment","0048-9697","0048-9697",NA,"0048-9697","http://creativecommons.org/licenses/by/4.0/",TRUE,"38281629",NA,NA,NA,FALSE,"els2023deal","04tsk2644_els2023deal_2024"
"Bochum U",2024,NA,"10.1016/j.chemosphere.2024.142489",TRUE,FALSE,"Elsevier BV","Chemosphere","0045-6535","0045-6535",NA,"0045-6535","http://creativecommons.org/licenses/by/4.0/",TRUE,"38825247",NA,NA,NA,FALSE,"els2023deal","04tsk2644_els2023deal_2024"
"Bochum U",2024,NA,"10.1016/j.scitotenv.2024.174722",TRUE,FALSE,"Elsevier BV","Science of The Total Environment","0048-9697","0048-9697",NA,"0048-9697","http://creativecommons.org/licenses/by-nc-nd/4.0/",TRUE,"39004358",NA,NA,NA,FALSE,"els2023deal","04tsk2644_els2023deal_2024"
"Bochum U",2024,NA,"10.1016/j.jtherbio.2024.103928",TRUE,FALSE,"Elsevier BV","Journal of Thermal Biology","0306-4565","0306-4565",NA,"0306-4565","http://creativecommons.org/licenses/by-nc/4.0/",TRUE,"39126754",NA,NA,NA,FALSE,"els2023deal","04tsk2644_els2023deal_2024"
"Bochum U",2024,NA,"10.1016/j.bbabio.2024.149510",TRUE,FALSE,"Elsevier BV","Biochimica et Biophysica Acta (BBA) - Bioenergetics","0005-2728","0005-2728",NA,"0005-2728","http://creativecommons.org/licenses/by-nc-nd/4.0/",TRUE,"39321862",NA,NA,NA,FALSE,"els2023deal","04tsk2644_els2023deal_2024"
"Bochum U",2024,NA,"10.1016/j.fuel.2024.131217",TRUE,FALSE,"Elsevier BV","Fuel","0016-2361","0016-2361",NA,"0016-2361","http://creativecommons.org/licenses/by/4.0/",TRUE,NA,NA,NA,NA,FALSE,"els2023deal","04tsk2644_els2023deal_2024"
"Bochum U",2024,NA,"10.1016/j.fuel.2024.132064",TRUE,FALSE,"Elsevier BV","Fuel","0016-2361","0016-2361",NA,"0016-2361","http://creativecommons.org/licenses/by/4.0/",TRUE,NA,NA,NA,NA,FALSE,"els2023deal","04tsk2644_els2023deal_2024"
"Bochum U",2024,6901.5,"10.1016/j.bpj.2024.06.020",TRUE,FALSE,"Elsevier BV","Biophysical Journal","0006-3495","0006-3495",NA,"0006-3495","http://creativecommons.org/licenses/by-nc-nd/4.0/",TRUE,"38909280","PMC11365111",NA,NA,FALSE,"els2023deal","04tsk2644_els2023deal_2024"
"Bochum U",2024,NA,"10.1016/j.jsb.2024.108112",TRUE,FALSE,"Elsevier BV","Journal of Structural Biology","1047-8477","1047-8477",NA,"1047-8477","http://creativecommons.org/licenses/by-nc-nd/4.0/",TRUE,"39069032",NA,NA,NA,FALSE,"els2023deal","04tsk2644_els2023deal_2024"
"Bochum U",2024,NA,"10.1016/j.coelec.2024.101590",TRUE,FALSE,"Elsevier BV","Current Opinion in Electrochemistry","2451-9103","2451-9103",NA,"2451-9103","http://creativecommons.org/licenses/by/4.0/",TRUE,NA,NA,NA,NA,FALSE,"els2023deal","04tsk2644_els2023deal_2024"
"Bochum U",2024,6901.5,"10.1016/j.bpj.2024.09.011",TRUE,FALSE,"Elsevier BV","Biophysical Journal","0006-3495","0006-3495",NA,"0006-3495","http://creativecommons.org/licenses/by/4.0/",TRUE,"39262114","PMC11617625",NA,NA,FALSE,"els2023deal","04tsk2644_els2023deal_2024"
"Bochum U",2024,NA,"10.1016/j.cej.2024.155776",TRUE,FALSE,"Elsevier BV","Chemical Engineering Journal","1385-8947","1385-8947",NA,"1385-8947","http://creativecommons.org/licenses/by/4.0/",TRUE,NA,NA,NA,NA,FALSE,"els2023deal","04tsk2644_els2023deal_2024"
"Bochum U",2024,NA,"10.1016/j.mcat.2024.114615",TRUE,FALSE,"Elsevier BV","Molecular Catalysis","2468-8231","2468-8231",NA,"2468-8231","http://creativecommons.org/licenses/by/4.0/",TRUE,NA,NA,NA,NA,FALSE,"els2023deal","04tsk2644_els2023deal_2024"
"Bochum U",2024,NA,"10.1016/j.poly.2024.117283",TRUE,FALSE,"Elsevier BV","Polyhedron","0277-5387","0277-5387",NA,"0277-5387","http://creativecommons.org/licenses/by/4.0/",TRUE,NA,NA,NA,NA,FALSE,"els2023deal","04tsk2644_els2023deal_2024"
"Bochum U",2024,NA,"10.1016/j.vibspec.2024.103761",TRUE,FALSE,"Elsevier BV","Vibrational Spectroscopy","0924-2031","0924-2031",NA,"0924-2031","http://creativecommons.org/licenses/by/4.0/",TRUE,NA,NA,NA,NA,FALSE,"els2023deal","04tsk2644_els2023deal_2024"
"Bochum U",2024,NA,"10.1016/j.envexpbot.2024.105800",TRUE,FALSE,"Elsevier BV","Environmental and Experimental Botany","0098-8472","0098-8472",NA,"0098-8472","http://creativecommons.org/licenses/by/4.0/",TRUE,NA,NA,NA,NA,FALSE,"els2023deal","04tsk2644_els2023deal_2024"
"Bochum U",2024,NA,"10.1016/j.eja.2024.127234",TRUE,FALSE,"Elsevier BV","European Journal of Agronomy","1161-0301","1161-0301",NA,"1161-0301","http://creativecommons.org/licenses/by-nc/4.0/",TRUE,NA,NA,NA,NA,FALSE,"els2023deal","04tsk2644_els2023deal_2024"
"Bochum U",2024,NA,"10.1016/j.jenvp.2024.102441",TRUE,FALSE,"Elsevier BV","Journal of Environmental Psychology","0272-4944","0272-4944",NA,"0272-4944","http://creativecommons.org/licenses/by/4.0/",TRUE,NA,NA,NA,NA,FALSE,"els2023deal","04tsk2644_els2023deal_2024"
"Bochum U",2024,NA,"10.1016/j.jenvman.2024.123035",TRUE,FALSE,"Elsevier BV","Journal of Environmental Management","0301-4797","0301-4797",NA,"0301-4797","http://creativecommons.org/licenses/by/4.0/",TRUE,"39471605",NA,NA,NA,FALSE,"els2023deal","04tsk2644_els2023deal_2024"
"Bochum U",2024,NA,"10.1016/j.rsase.2024.101388",TRUE,FALSE,"Elsevier BV","Remote Sensing Applications: Society and Environment","2352-9385","2352-9385",NA,"2352-9385","http://creativecommons.org/licenses/by/4.0/",TRUE,NA,NA,NA,NA,FALSE,"els2023deal","04tsk2644_els2023deal_2024"
"Bochum U",2024,NA,"10.1016/j.gca.2024.01.022",TRUE,FALSE,"Elsevier BV","Geochimica et Cosmochimica Acta","0016-7037","0016-7037",NA,"0016-7037","http://creativecommons.org/licenses/by-nc/4.0/",TRUE,NA,NA,NA,NA,FALSE,"els2023deal","04tsk2644_els2023deal_2024"
"Bochum U",2024,NA,"10.1016/j.renene.2024.119989",TRUE,FALSE,"Elsevier BV","Renewable Energy","0960-1481","0960-1481",NA,"0960-1481","http://creativecommons.org/licenses/by/4.0/",TRUE,NA,NA,NA,NA,FALSE,"els2023deal","04tsk2644_els2023deal_2024"
"Bochum U",2024,NA,"10.1016/j.jsames.2024.104840",TRUE,FALSE,"Elsevier BV","Journal of South American Earth Sciences","0895-9811","0895-9811",NA,"0895-9811","http://creativecommons.org/licenses/by/4.0/",TRUE,NA,NA,NA,NA,FALSE,"els2023deal","04tsk2644_els2023deal_2024"
"Bochum U",2024,NA,"10.1016/j.earscirev.2024.104730",TRUE,FALSE,"Elsevier BV","Earth-Science Reviews","0012-8252","0012-8252",NA,"0012-8252","http://creativecommons.org/licenses/by/4.0/",TRUE,NA,NA,NA,NA,FALSE,"els2023deal","04tsk2644_els2023deal_2024"
"Bochum U",2024,NA,"10.1016/j.precamres.2024.107366",TRUE,FALSE,"Elsevier BV","Precambrian Research","0301-9268","0301-9268",NA,"0301-9268","http://creativecommons.org/licenses/by/4.0/",TRUE,NA,NA,NA,NA,FALSE,"els2023deal","04tsk2644_els2023deal_2024"
"Bochum U",2024,NA,"10.1016/j.geothermics.2024.103011",TRUE,FALSE,"Elsevier BV","Geothermics","0375-6505","0375-6505",NA,"0375-6505","http://creativecommons.org/licenses/by-nc-nd/4.0/",TRUE,NA,NA,NA,NA,FALSE,"els2023deal","04tsk2644_els2023deal_2024"
"Bochum U",2024,NA,"10.1016/j.gca.2024.04.029",TRUE,FALSE,"Elsevier BV","Geochimica et Cosmochimica Acta","0016-7037","0016-7037",NA,"0016-7037","http://creativecommons.org/licenses/by-nc/4.0/",TRUE,NA,NA,NA,NA,FALSE,"els2023deal","04tsk2644_els2023deal_2024"
"Bochum U",2024,NA,"10.1016/j.jwpe.2024.105729",TRUE,FALSE,"Elsevier BV","Journal of Water Process Engineering","2214-7144","2214-7144",NA,"2214-7144","http://creativecommons.org/licenses/by/4.0/",TRUE,NA,NA,NA,NA,FALSE,"els2023deal","04tsk2644_els2023deal_2024"
"Bochum U",2024,NA,"10.1016/j.envsoft.2024.106143",TRUE,FALSE,"Elsevier BV","Environmental Modelling & Software","1364-8152","1364-8152",NA,"1364-8152","http://creativecommons.org/licenses/by/4.0/",TRUE,NA,NA,NA,NA,FALSE,"els2023deal","04tsk2644_els2023deal_2024"
"Bochum U",2024,NA,"10.1016/j.renene.2024.121386",TRUE,FALSE,"Elsevier BV","Renewable Energy","0960-1481","0960-1481",NA,"0960-1481","http://creativecommons.org/licenses/by/4.0/",TRUE,NA,NA,NA,NA,FALSE,"els2023deal","04tsk2644_els2023deal_2024"
"Bochum U",2024,NA,"10.1016/j.geothermics.2024.103199",TRUE,FALSE,"Elsevier BV","Geothermics","0375-6505","0375-6505",NA,"0375-6505","http://creativecommons.org/licenses/by/4.0/",TRUE,NA,NA,NA,NA,FALSE,"els2023deal","04tsk2644_els2023deal_2024"
"Bochum U",2024,NA,"10.1016/j.precamres.2024.107634",TRUE,FALSE,"Elsevier BV","Precambrian Research","0301-9268","0301-9268",NA,"0301-9268","http://creativecommons.org/licenses/by/4.0/",TRUE,NA,NA,NA,NA,FALSE,"els2023deal","04tsk2644_els2023deal_2024"
"Bochum U",2024,NA,"10.1016/j.renene.2024.122090",TRUE,FALSE,"Elsevier BV","Renewable Energy","0960-1481","0960-1481",NA,"0960-1481","http://creativecommons.org/licenses/by-nc-nd/4.0/",TRUE,NA,NA,NA,NA,FALSE,"els2023deal","04tsk2644_els2023deal_2024"
"Bochum U",2024,NA,"10.1016/j.chemosphere.2024.143918",TRUE,FALSE,"Elsevier BV","Chemosphere","0045-6535","0045-6535",NA,"0045-6535","http://creativecommons.org/licenses/by-nc-nd/4.0/",TRUE,"39647792",NA,NA,NA,FALSE,"els2023deal","04tsk2644_els2023deal_2024"
"Bochum U",2024,NA,"10.1016/j.supflu.2024.106268",TRUE,FALSE,"Elsevier BV","The Journal of Supercritical Fluids","0896-8446","0896-8446",NA,"0896-8446","http://creativecommons.org/licenses/by-nc/4.0/",TRUE,NA,NA,NA,NA,FALSE,"els2023deal","04tsk2644_els2023deal_2024"
"Bochum U",2024,NA,"10.1016/j.supflu.2024.106338",TRUE,FALSE,"Elsevier BV","The Journal of Supercritical Fluids","0896-8446","0896-8446",NA,"0896-8446","http://creativecommons.org/licenses/by/4.0/",TRUE,NA,NA,NA,NA,FALSE,"els2023deal","04tsk2644_els2023deal_2024"
"Bochum U",2024,NA,"10.1016/j.apenergy.2024.122745",TRUE,FALSE,"Elsevier BV","Applied Energy","0306-2619","0306-2619",NA,"0306-2619","http://creativecommons.org/licenses/by-nc-nd/4.0/",TRUE,NA,NA,NA,NA,FALSE,"els2023deal","04tsk2644_els2023deal_2024"
"Bochum U",2024,NA,"10.1016/j.ijheatmasstransfer.2024.125427",TRUE,FALSE,"Elsevier BV","International Journal of Heat and Mass Transfer","0017-9310","0017-9310",NA,"0017-9310","http://creativecommons.org/licenses/by-nc-nd/4.0/",TRUE,NA,NA,NA,NA,FALSE,"els2023deal","04tsk2644_els2023deal_2024"
"Bochum U",2024,NA,"10.1016/j.resconrec.2024.107558",TRUE,FALSE,"Elsevier BV","Resources, Conservation and Recycling","0921-3449","0921-3449",NA,"0921-3449","http://creativecommons.org/licenses/by-nc/4.0/",TRUE,NA,NA,NA,NA,FALSE,"els2023deal","04tsk2644_els2023deal_2024"
"Bochum U",2024,NA,"10.1016/j.ijmultiphaseflow.2024.104824",TRUE,FALSE,"Elsevier BV","International Journal of Multiphase Flow","0301-9322","0301-9322",NA,"0301-9322","http://creativecommons.org/licenses/by/4.0/",TRUE,NA,NA,NA,NA,FALSE,"els2023deal","04tsk2644_els2023deal_2024"
"Bochum U",2024,NA,"10.1016/j.talanta.2024.126117",TRUE,FALSE,"Elsevier BV","Talanta","0039-9140","0039-9140",NA,"0039-9140","http://creativecommons.org/licenses/by-nc/4.0/",TRUE,"38663072",NA,NA,NA,FALSE,"els2023deal","04tsk2644_els2023deal_2024"
"Bochum U",2024,NA,"10.1016/j.fuel.2024.131613",TRUE,FALSE,"Elsevier BV","Fuel","0016-2361","0016-2361",NA,"0016-2361","http://creativecommons.org/licenses/by/4.0/",TRUE,NA,NA,NA,NA,FALSE,"els2023deal","04tsk2644_els2023deal_2024"
"Bochum U",2024,NA,"10.1016/j.scriptamat.2024.116147",TRUE,FALSE,"Elsevier BV","Scripta Materialia","1359-6462","1359-6462",NA,"1359-6462","http://creativecommons.org/licenses/by/4.0/",TRUE,NA,NA,NA,NA,FALSE,"els2023deal","04tsk2644_els2023deal_2024"
"Bochum U",2024,NA,"10.1016/j.cryogenics.2024.103817",TRUE,FALSE,"Elsevier BV","Cryogenics","0011-2275","0011-2275",NA,"0011-2275","http://creativecommons.org/licenses/by-nc/4.0/",TRUE,NA,NA,NA,NA,FALSE,"els2023deal","04tsk2644_els2023deal_2024"
"Bochum U",2024,NA,"10.1016/j.euromechflu.2024.04.012",TRUE,FALSE,"Elsevier BV","European Journal of Mechanics - B/Fluids","0997-7546","0997-7546",NA,"0997-7546","http://creativecommons.org/licenses/by-nc/4.0/",TRUE,NA,NA,NA,NA,FALSE,"els2023deal","04tsk2644_els2023deal_2024"
"Bochum U",2024,NA,"10.1016/j.mtcomm.2024.109341",TRUE,FALSE,"Elsevier BV","Materials Today Communications","2352-4928","2352-4928",NA,"2352-4928","http://creativecommons.org/licenses/by/4.0/",TRUE,NA,NA,NA,NA,FALSE,"els2023deal","04tsk2644_els2023deal_2024"
"Bochum U",2024,NA,"10.1016/j.surfcoat.2024.131002",TRUE,FALSE,"Elsevier BV","Surface and Coatings Technology","0257-8972","0257-8972",NA,"0257-8972","http://creativecommons.org/licenses/by-nc-nd/4.0/",TRUE,NA,NA,NA,NA,FALSE,"els2023deal","04tsk2644_els2023deal_2024"
"Bochum U",2024,NA,"10.1016/j.msea.2024.146851",TRUE,FALSE,"Elsevier BV","Materials Science and Engineering: A","0921-5093","0921-5093",NA,"0921-5093","http://creativecommons.org/licenses/by-nc-nd/4.0/",TRUE,NA,NA,NA,NA,FALSE,"els2023deal","04tsk2644_els2023deal_2024"
"Bochum U",2024,NA,"10.1016/j.apenergy.2024.123672",TRUE,FALSE,"Elsevier BV","Applied Energy","0306-2619","0306-2619",NA,"0306-2619","http://creativecommons.org/licenses/by/4.0/",TRUE,NA,NA,NA,NA,FALSE,"els2023deal","04tsk2644_els2023deal_2024"
"Bochum U",2024,NA,"10.1016/j.jct.2024.107341",TRUE,FALSE,"Elsevier BV","The Journal of Chemical Thermodynamics","0021-9614","0021-9614",NA,"0021-9614","http://creativecommons.org/licenses/by/4.0/",TRUE,NA,NA,NA,NA,FALSE,"els2023deal","04tsk2644_els2023deal_2024"
"Bochum U",2024,NA,"10.1016/j.energy.2024.132400",TRUE,FALSE,"Elsevier BV","Energy","0360-5442","0360-5442",NA,"0360-5442","http://creativecommons.org/licenses/by/4.0/",TRUE,NA,NA,NA,NA,FALSE,"els2023deal","04tsk2644_els2023deal_2024"
"Bochum U",2024,NA,"10.1016/j.rser.2024.114730",TRUE,FALSE,"Elsevier BV","Renewable and Sustainable Energy Reviews","1364-0321","1364-0321",NA,"1364-0321","http://creativecommons.org/licenses/by/4.0/",TRUE,NA,NA,NA,NA,FALSE,"els2023deal","04tsk2644_els2023deal_2024"
"Bochum U",2024,NA,"10.1016/j.partic.2024.07.004",TRUE,FALSE,"Elsevier BV","Particuology","1674-2001","1674-2001",NA,"1674-2001","http://creativecommons.org/licenses/by/4.0/",TRUE,NA,NA,NA,NA,FALSE,"els2023deal","04tsk2644_els2023deal_2024"
"Bochum U",2024,NA,"10.1016/j.jcat.2024.115697",TRUE,FALSE,"Elsevier BV","Journal of Catalysis","0021-9517","0021-9517",NA,"0021-9517","http://creativecommons.org/licenses/by-nc-nd/4.0/",TRUE,NA,NA,NA,NA,FALSE,"els2023deal","04tsk2644_els2023deal_2024"
"Bochum U",2024,NA,"10.1016/j.energy.2024.132672",TRUE,FALSE,"Elsevier BV","Energy","0360-5442","0360-5442",NA,"0360-5442","http://creativecommons.org/licenses/by/4.0/",TRUE,NA,NA,NA,NA,FALSE,"els2023deal","04tsk2644_els2023deal_2024"
"Bochum U",2024,NA,"10.1016/j.apenergy.2024.124126",TRUE,FALSE,"Elsevier BV","Applied Energy","0306-2619","0306-2619",NA,"0306-2619","http://creativecommons.org/licenses/by/4.0/",TRUE,NA,NA,NA,NA,FALSE,"els2023deal","04tsk2644_els2023deal_2024"
"Bochum U",2024,NA,"10.1016/j.forsciint.2024.112236",TRUE,FALSE,"Elsevier BV","Forensic Science International","0379-0738","0379-0738",NA,"0379-0738","http://creativecommons.org/licenses/by-nc-nd/4.0/",TRUE,"39369496",NA,NA,NA,FALSE,"els2023deal","04tsk2644_els2023deal_2024"
"Bochum U",2024,NA,"10.1016/j.actamat.2024.120470",TRUE,FALSE,"Elsevier BV","Acta Materialia","1359-6454","1359-6454",NA,"1359-6454","http://creativecommons.org/licenses/by/4.0/",TRUE,NA,NA,NA,NA,FALSE,"els2023deal","04tsk2644_els2023deal_2024"
"Bochum U",2024,NA,"10.1016/j.scriptamat.2024.116430",TRUE,FALSE,"Elsevier BV","Scripta Materialia","1359-6462","1359-6462",NA,"1359-6462","http://creativecommons.org/licenses/by/4.0/",TRUE,NA,NA,NA,NA,FALSE,"els2023deal","04tsk2644_els2023deal_2024"
"Bochum U",2024,NA,"10.1016/j.optlastec.2024.112287",TRUE,FALSE,"Elsevier BV","Optics & Laser Technology","0030-3992","0030-3992",NA,"0030-3992","http://creativecommons.org/licenses/by/4.0/",TRUE,NA,NA,NA,NA,FALSE,"els2023deal","04tsk2644_els2023deal_2024"
"Bochum U",2024,NA,"10.1016/j.geomphys.2024.105149",TRUE,FALSE,"Elsevier BV","Journal of Geometry and Physics","0393-0440","0393-0440",NA,"0393-0440","http://creativecommons.org/licenses/by-nc/4.0/",TRUE,NA,NA,NA,NA,FALSE,"els2023deal","04tsk2644_els2023deal_2024"
"Bochum U",2024,NA,"10.1016/j.jpaa.2024.107759",TRUE,FALSE,"Elsevier BV","Journal of Pure and Applied Algebra","0022-4049","0022-4049",NA,"0022-4049","http://creativecommons.org/licenses/by-nc-nd/4.0/",TRUE,NA,NA,NA,NA,FALSE,"els2023deal","04tsk2644_els2023deal_2024"
"Bochum U",2024,NA,"10.1016/j.spl.2024.110323",TRUE,FALSE,"Elsevier BV","Statistics & Probability Letters","0167-7152","0167-7152",NA,"0167-7152","http://creativecommons.org/licenses/by/4.0/",TRUE,NA,NA,NA,NA,FALSE,"els2023deal","04tsk2644_els2023deal_2024"
"Bochum U",2024,NA,"10.1016/j.cma.2024.117600",TRUE,FALSE,"Elsevier BV","Computer Methods in Applied Mechanics and Engineering","0045-7825","0045-7825",NA,"0045-7825","http://creativecommons.org/licenses/by/4.0/",TRUE,NA,NA,NA,NA,FALSE,"els2023deal","04tsk2644_els2023deal_2024"
"Bochum U",2024,NA,"10.1016/j.learninstruc.2024.101998",TRUE,FALSE,"Elsevier BV","Learning and Instruction","0959-4752","0959-4752",NA,"0959-4752","http://creativecommons.org/licenses/by-nc/4.0/",TRUE,NA,NA,NA,NA,FALSE,"els2023deal","04tsk2644_els2023deal_2024"
"Bochum U",2024,NA,"10.1016/j.learninstruc.2024.102028",TRUE,FALSE,"Elsevier BV","Learning and Instruction","0959-4752","0959-4752",NA,"0959-4752","http://creativecommons.org/licenses/by-nc-nd/4.0/",TRUE,NA,NA,NA,NA,FALSE,"els2023deal","04tsk2644_els2023deal_2024"
"Bochum U",2024,NA,"10.1016/j.learninstruc.2024.102052",TRUE,FALSE,"Elsevier BV","Learning and Instruction","0959-4752","0959-4752",NA,"0959-4752","http://creativecommons.org/licenses/by/4.0/",TRUE,NA,NA,NA,NA,FALSE,"els2023deal","04tsk2644_els2023deal_2024"
"Bochum U",2024,NA,"10.1016/j.shpsa.2024.05.007",TRUE,FALSE,"Elsevier BV","Studies in History and Philosophy of Science Part A","0039-3681","0039-3681",NA,"0039-3681","http://creativecommons.org/licenses/by-nc-nd/4.0/",TRUE,"38733743",NA,NA,NA,FALSE,"els2023deal","04tsk2644_els2023deal_2024"
"Bochum U",2024,NA,"10.1016/j.apal.2024.103505",TRUE,FALSE,"Elsevier BV","Annals of Pure and Applied Logic","0168-0072","0168-0072",NA,"0168-0072","http://creativecommons.org/licenses/by/4.0/",TRUE,NA,NA,NA,NA,FALSE,"els2023deal","04tsk2644_els2023deal_2024"
"Bochum U",2024,NA,"10.1016/j.shpsa.2024.08.004",TRUE,FALSE,"Elsevier BV","Studies in History and Philosophy of Science Part A","0039-3681","0039-3681",NA,"0039-3681","http://creativecommons.org/licenses/by/4.0/",TRUE,"39226867",NA,NA,NA,FALSE,"els2023deal","04tsk2644_els2023deal_2024"
"Bochum U",2024,NA,"10.1016/j.cognition.2024.105962",TRUE,FALSE,"Elsevier BV","Cognition","0010-0277","0010-0277",NA,"0010-0277","http://creativecommons.org/licenses/by-nc-nd/4.0/",TRUE,"39426325",NA,NA,NA,FALSE,"els2023deal","04tsk2644_els2023deal_2024"
"Bochum U",2024,NA,"10.1016/j.sab.2024.106884",TRUE,FALSE,"Elsevier BV","Spectrochimica Acta Part B: Atomic Spectroscopy","0584-8547","0584-8547",NA,"0584-8547","http://creativecommons.org/licenses/by/4.0/",TRUE,NA,NA,NA,NA,FALSE,"els2023deal","04tsk2644_els2023deal_2024"
"Bochum U",2024,NA,"10.1016/j.cjph.2024.09.012",TRUE,FALSE,"Elsevier BV","Chinese Journal of Physics","0577-9073","0577-9073",NA,"0577-9073","http://creativecommons.org/licenses/by/4.0/",TRUE,NA,NA,NA,NA,FALSE,"els2023deal","04tsk2644_els2023deal_2024"
"Bochum U",2024,NA,"10.1016/j.jad.2024.02.019",TRUE,FALSE,"Elsevier BV","Journal of Affective Disorders","0165-0327","0165-0327",NA,"0165-0327","http://creativecommons.org/licenses/by-nc/4.0/",TRUE,"38346649",NA,NA,NA,FALSE,"els2023deal","04tsk2644_els2023deal_2024"
"Bochum U",2024,NA,"10.1016/j.tele.2024.102122",TRUE,FALSE,"Elsevier BV","Telematics and Informatics","0736-5853","0736-5853",NA,"0736-5853","http://creativecommons.org/licenses/by/4.0/",TRUE,NA,NA,NA,NA,FALSE,"els2023deal","04tsk2644_els2023deal_2024"
"Bochum U",2024,NA,"10.1016/j.lindif.2024.102444",TRUE,FALSE,"Elsevier BV","Learning & Individual Differences","1041-6080","1041-6080",NA,"1041-6080","http://creativecommons.org/licenses/by-nc/4.0/",TRUE,NA,NA,NA,NA,FALSE,"els2023deal","04tsk2644_els2023deal_2024"
"Bochum U",2024,NA,"10.1016/j.jpsychires.2024.04.030",TRUE,FALSE,"Elsevier BV","Journal of Psychiatric Research","0022-3956","0022-3956",NA,"0022-3956","http://creativecommons.org/licenses/by-nc/4.0/",TRUE,"38642456",NA,NA,NA,FALSE,"els2023deal","04tsk2644_els2023deal_2024"
"Bochum U",2024,6901.5,"10.1016/j.cub.2024.03.005",TRUE,FALSE,"Elsevier BV","Current Biology","0960-9822","0960-9822",NA,"0960-9822","http://creativecommons.org/licenses/by/4.0/",TRUE,"38537637",NA,NA,NA,FALSE,"els2023deal","04tsk2644_els2023deal_2024"
"Bochum U",2024,NA,"10.1016/j.brat.2024.104597",TRUE,FALSE,"Elsevier BV","Behaviour Research and Therapy","0005-7967","0005-7967",NA,"0005-7967","http://creativecommons.org/licenses/by/4.0/",TRUE,"38905955",NA,NA,NA,FALSE,"els2023deal","04tsk2644_els2023deal_2024"
"Bochum U",2024,NA,"10.1016/j.copsyc.2024.101861",TRUE,FALSE,"Elsevier BV","Current Opinion in Psychology","2352-250X","2352-250X",NA,"2352-250X","http://creativecommons.org/licenses/by-nc/4.0/",TRUE,"39153413",NA,NA,NA,FALSE,"els2023deal","04tsk2644_els2023deal_2024"
"Bochum U",2024,NA,"10.1016/j.copsyc.2024.101873",TRUE,FALSE,"Elsevier BV","Current Opinion in Psychology","2352-250X","2352-250X",NA,"2352-250X","http://creativecommons.org/licenses/by-nc-nd/4.0/",TRUE,"39241277",NA,NA,NA,FALSE,"els2023deal","04tsk2644_els2023deal_2024"
"Bochum U",2024,NA,"10.1016/j.jesp.2024.104668",TRUE,FALSE,"Elsevier BV","Journal of Experimental Social Psychology","0022-1031","0022-1031",NA,"0022-1031","http://creativecommons.org/licenses/by/4.0/",TRUE,NA,NA,NA,NA,FALSE,"els2023deal","04tsk2644_els2023deal_2024"
"Bochum U",2024,NA,"10.1016/j.yhbeh.2024.105633",TRUE,FALSE,"Elsevier BV","Hormones and Behavior","0018-506X","0018-506X",NA,"0018-506X","http://creativecommons.org/licenses/by-nc/4.0/",TRUE,"39244875",NA,NA,NA,FALSE,"els2023deal","04tsk2644_els2023deal_2024"
"Bochum U",2024,NA,"10.1016/j.jecp.2024.106099",TRUE,FALSE,"Elsevier BV","Journal of Experimental Child Psychology","0022-0965","0022-0965",NA,"0022-0965","http://creativecommons.org/licenses/by/4.0/",TRUE,"39368238",NA,NA,NA,FALSE,"els2023deal","04tsk2644_els2023deal_2024"
"Bochum U",2024,NA,"10.1016/j.psyneuen.2024.107211",TRUE,FALSE,"Elsevier BV","Psychoneuroendocrinology","0306-4530","0306-4530",NA,"0306-4530","http://creativecommons.org/licenses/by/4.0/",TRUE,"39442231",NA,NA,NA,FALSE,"els2023deal","04tsk2644_els2023deal_2024"
"Bochum U",2024,NA,"10.1016/j.ergon.2024.103669",TRUE,FALSE,"Elsevier BV","International Journal of Industrial Ergonomics","0169-8141","0169-8141",NA,"0169-8141","http://creativecommons.org/licenses/by/4.0/",TRUE,NA,NA,NA,NA,FALSE,"els2023deal","04tsk2644_els2023deal_2024"
"Bochum U",2024,NA,"10.1016/j.neubiorev.2024.105985",TRUE,FALSE,"Elsevier BV","Neuroscience & Biobehavioral Reviews","0149-7634","0149-7634",NA,"0149-7634","http://creativecommons.org/licenses/by/4.0/",TRUE,"39709153",NA,NA,NA,FALSE,"els2023deal","04tsk2644_els2023deal_2024"
"Bochum U",2024,NA,"10.1016/j.jebo.2024.07.002",TRUE,FALSE,"Elsevier BV","Journal of Economic Behavior & Organization","0167-2681","0167-2681",NA,"0167-2681","http://creativecommons.org/licenses/by/4.0/",TRUE,NA,NA,NA,NA,FALSE,"els2023deal","04tsk2644_els2023deal_2024"
"Bochum U",2024,NA,"10.1016/j.socec.2024.102191",TRUE,FALSE,"Elsevier BV","Journal of Behavioral and Experimental Economics","2214-8043","2214-8043",NA,"2214-8043","http://creativecommons.org/licenses/by/4.0/",TRUE,NA,NA,NA,NA,FALSE,"els2023deal","04tsk2644_els2023deal_2024"
"Bochum U",2024,NA,"10.1016/j.jsams.2024.02.008",TRUE,FALSE,"Elsevier BV","Journal of Science and Medicine in Sport","1440-2440","1440-2440",NA,"1878-1861","http://creativecommons.org/licenses/by/4.0/",TRUE,"38503666",NA,NA,NA,FALSE,"els2023deal","04tsk2644_els2023deal_2024"
"Bochum U",2024,NA,"10.1016/j.jbiomech.2024.112254",TRUE,FALSE,"Elsevier BV","Journal of Biomechanics","0021-9290","0021-9290",NA,"0021-9290","http://creativecommons.org/licenses/by/4.0/",TRUE,"39098262",NA,NA,NA,FALSE,"els2023deal","04tsk2644_els2023deal_2024"
"Bochum U",2024,NA,"10.1016/j.joep.2024.102759",TRUE,FALSE,"Elsevier BV","Journal of Economic Psychology","0167-4870","0167-4870",NA,"0167-4870","http://creativecommons.org/licenses/by/4.0/",TRUE,NA,NA,NA,NA,FALSE,"els2023deal","04tsk2644_els2023deal_2024"
"Bochum U",2024,NA,"10.1016/j.omega.2024.103036",TRUE,FALSE,"Elsevier BV","Omega","0305-0483","0305-0483",NA,"0305-0483","http://creativecommons.org/licenses/by-nc/4.0/",TRUE,NA,NA,NA,NA,FALSE,"els2023deal","04tsk2644_els2023deal_2024"
"Bochum U",2024,NA,"10.1016/j.jedc.2024.104822",TRUE,FALSE,"Elsevier BV","Journal of Economic Dynamics and Control","0165-1889","0165-1889",NA,"0165-1889","http://creativecommons.org/licenses/by-nc/4.0/",TRUE,NA,NA,NA,NA,FALSE,"els2023deal","04tsk2644_els2023deal_2024"
"Bochum U",2024,NA,"10.1016/j.jbankfin.2024.107118",TRUE,FALSE,"Elsevier BV","Journal of Banking & Finance","0378-4266","0378-4266",NA,"0378-4266","http://creativecommons.org/licenses/by-nc-nd/4.0/",TRUE,NA,NA,NA,NA,FALSE,"els2023deal","04tsk2644_els2023deal_2024"
"Bochum U",2024,NA,"10.1016/j.jebo.2024.03.029",TRUE,FALSE,"Elsevier BV","Journal of Economic Behavior & Organization","0167-2681","0167-2681",NA,"0167-2681","http://creativecommons.org/licenses/by/4.0/",TRUE,NA,NA,NA,NA,FALSE,"els2023deal","04tsk2644_els2023deal_2024"
"Bochum U",2024,NA,"10.1016/j.strueco.2024.05.003",TRUE,FALSE,"Elsevier BV","Structural Change and Economic Dynamics","0954-349X","0954-349X",NA,"0954-349X","http://creativecommons.org/licenses/by-nc-nd/4.0/",TRUE,NA,NA,NA,NA,FALSE,"els2023deal","04tsk2644_els2023deal_2024"
"Bochum U",2024,NA,"10.1016/j.respol.2024.105026",TRUE,FALSE,"Elsevier BV","Research Policy","0048-7333","0048-7333",NA,"0048-7333","http://creativecommons.org/licenses/by/4.0/",TRUE,NA,NA,NA,NA,FALSE,"els2023deal","04tsk2644_els2023deal_2024"
"Bochum U",2024,NA,"10.1016/j.jbusres.2024.114993",TRUE,FALSE,"Elsevier BV","Journal of Business Research","0148-2963","0148-2963",NA,"0148-2963","http://creativecommons.org/licenses/by/4.0/",TRUE,NA,NA,NA,NA,FALSE,"els2023deal","04tsk2644_els2023deal_2024"
"Bochum U",2024,NA,"10.1016/j.jmb.2024.168839",TRUE,FALSE,"Elsevier BV","Journal of Molecular Biology","0022-2836","0022-2836",NA,"0022-2836","http://creativecommons.org/licenses/by-nc-nd/4.0/",TRUE,"39476948",NA,NA,NA,FALSE,"els2023deal","04tsk2644_els2023deal_2024"
"Bochum U",2024,NA,"10.1016/j.mib.2024.102437",TRUE,FALSE,"Elsevier BV","Current Opinion in Microbiology","1369-5274","1369-5274",NA,"1369-5274","http://creativecommons.org/licenses/by/4.0/",TRUE,"38394964",NA,NA,NA,FALSE,"els2023deal","04tsk2644_els2023deal_2024"
"Bochum U",2024,NA,"10.1016/j.neubiorev.2024.105595",TRUE,FALSE,"Elsevier BV","Neuroscience & Biobehavioral Reviews","0149-7634","0149-7634",NA,"0149-7634","http://creativecommons.org/licenses/by-nc/4.0/",TRUE,"38373642",NA,NA,NA,FALSE,"els2023deal","04tsk2644_els2023deal_2024"
"Bochum U",2024,NA,"10.1016/j.mib.2024.102455",TRUE,FALSE,"Elsevier BV","Current Opinion in Microbiology","1369-5274","1369-5274",NA,"1369-5274","http://creativecommons.org/licenses/by/4.0/",TRUE,"38522265",NA,NA,NA,FALSE,"els2023deal","04tsk2644_els2023deal_2024"
"Bochum U",2024,NA,"10.1016/j.jhin.2024.02.023",TRUE,FALSE,"Elsevier BV","Journal of Hospital Infection","0195-6701","0195-6701",NA,"0195-6701","http://creativecommons.org/licenses/by-nc-nd/4.0/",TRUE,"38490488",NA,NA,NA,FALSE,"els2023deal","04tsk2644_els2023deal_2024"
"Bochum U",2024,NA,"10.1016/j.mib.2024.102474",TRUE,FALSE,"Elsevier BV","Current Opinion in Microbiology","1369-5274","1369-5274",NA,"1369-5274","http://creativecommons.org/licenses/by/4.0/",TRUE,"38615394",NA,NA,NA,FALSE,"els2023deal","04tsk2644_els2023deal_2024"
"Bochum U",2024,NA,"10.1016/j.jpain.2024.104582",TRUE,FALSE,"Elsevier BV","The Journal of Pain","1526-5900","1526-5900",NA,"1526-5900","http://creativecommons.org/licenses/by-nc-nd/4.0/",TRUE,"38821312",NA,NA,NA,FALSE,"els2023deal","04tsk2644_els2023deal_2024"
"Bochum U",2024,NA,"10.1016/j.antiviral.2024.105922",TRUE,FALSE,"Elsevier BV","Antiviral Research","0166-3542","0166-3542",NA,"0166-3542","http://creativecommons.org/licenses/by/4.0/",TRUE,"38825018",NA,NA,NA,FALSE,"els2023deal","04tsk2644_els2023deal_2024"
"Bochum U",2024,NA,"10.1016/j.freeradbiomed.2024.09.014",TRUE,FALSE,"Elsevier BV","Free Radical Biology and Medicine","0891-5849","0891-5849",NA,"0891-5849","http://creativecommons.org/licenses/by/4.0/",TRUE,"39270945",NA,NA,NA,FALSE,"els2023deal","04tsk2644_els2023deal_2024"
"Bochum U",2024,NA,"10.1016/j.tine.2024.100242",TRUE,FALSE,"Elsevier BV","Trends in Neuroscience and Education","2211-9493","2211-9493",NA,"2211-9493","http://creativecommons.org/licenses/by/4.0/",TRUE,"39638492",NA,NA,NA,FALSE,"els2023deal","04tsk2644_els2023deal_2024"
"Bochum U",2024,NA,"10.1016/j.mad.2024.112008",TRUE,FALSE,"Elsevier BV","Mechanisms of Ageing and Development","0047-6374","0047-6374",NA,"0047-6374","http://creativecommons.org/licenses/by/4.0/",TRUE,"39579880",NA,NA,NA,FALSE,"els2023deal","04tsk2644_els2023deal_2024"
"Bochum U",2024,NA,"10.1016/j.injury.2024.111714",TRUE,FALSE,"Elsevier BV","Injury","0020-1383","0020-1383",NA,"0020-1383","http://creativecommons.org/licenses/by/4.0/",TRUE,"38981358",NA,NA,NA,FALSE,"els2023deal","04tsk2644_els2023deal_2024"
"Bochum U",2024,NA,"10.1016/j.bbr.2024.115125",TRUE,FALSE,"Elsevier BV","Behavioural Brain Research","0166-4328","0166-4328",NA,"0166-4328","http://creativecommons.org/licenses/by/4.0/",TRUE,"38936425",NA,NA,NA,FALSE,"els2023deal","04tsk2644_els2023deal_2024"
"Bochum U",2024,NA,"10.1016/j.ijrobp.2024.03.004",TRUE,FALSE,"Elsevier BV","International Journal of Radiation Oncology*Biology*Physics","0360-3016","0360-3016",NA,"0360-3016","http://creativecommons.org/licenses/by-nc/4.0/",TRUE,"38522767",NA,NA,NA,FALSE,"els2023deal","04tsk2644_els2023deal_2024"
"Bochum U",2024,NA,"10.1016/j.canep.2024.102574",TRUE,FALSE,"Elsevier BV","Cancer Epidemiology","1877-7821","1877-7821",NA,"1877-7821","http://creativecommons.org/licenses/by/4.0/",TRUE,"38657392",NA,NA,NA,FALSE,"els2023deal","04tsk2644_els2023deal_2024"
"Bochum U",2024,NA,"10.1016/j.clgc.2024.102164",TRUE,FALSE,"Elsevier BV","Clinical Genitourinary Cancer","1558-7673","1558-7673",NA,"1558-7673","http://creativecommons.org/licenses/by-nc/4.0/",TRUE,"39153900",NA,NA,NA,FALSE,"els2023deal","04tsk2644_els2023deal_2024"
"Bochum U",2024,NA,"10.1016/j.semarthrit.2024.152542",TRUE,FALSE,"Elsevier BV","Seminars in Arthritis and Rheumatism","0049-0172","0049-0172",NA,"0049-0172","http://creativecommons.org/licenses/by-nc/4.0/",TRUE,"39226797",NA,NA,NA,FALSE,"els2023deal","04tsk2644_els2023deal_2024"
"Bochum U",2024,NA,"10.1016/j.jpedsurg.2024.161890",TRUE,FALSE,"Elsevier BV","Journal of Pediatric Surgery","0022-3468","0022-3468",NA,"0022-3468","http://creativecommons.org/licenses/by-nc/4.0/",TRUE,"39349343",NA,NA,NA,FALSE,"els2023deal","04tsk2644_els2023deal_2024"
"Bochum U",2024,NA,"10.1053/j.jvca.2024.01.027",TRUE,FALSE,"Elsevier BV","Journal of Cardiothoracic and Vascular Anesthesia","1053-0770","1053-0770",NA,"1053-0770","http://creativecommons.org/licenses/by/4.0/",TRUE,"38369449",NA,NA,NA,FALSE,"els2023deal","04tsk2644_els2023deal_2024"
"Bochum U",2024,NA,"10.1016/j.biochi.2024.09.004",TRUE,FALSE,"Elsevier BV","Biochimie","0300-9084","0300-9084",NA,"0300-9084","http://creativecommons.org/licenses/by/4.0/",TRUE,"39278395",NA,NA,NA,FALSE,"els2023deal","04tsk2644_els2023deal_2024"
"Bochum U",2024,NA,"10.1016/j.jcmg.2024.04.008",TRUE,FALSE,"Elsevier BV","JACC: Cardiovascular Imaging","1936-878X","1936-878X",NA,"1876-7591","http://creativecommons.org/licenses/by/4.0/",TRUE,"38842961",NA,NA,NA,FALSE,"els2023deal","04tsk2644_els2023deal_2024"
"Bochum U",2024,NA,"10.1016/j.ijcard.2024.132233",TRUE,FALSE,"Elsevier BV","International Journal of Cardiology","0167-5273","0167-5273",NA,"0167-5273","http://creativecommons.org/licenses/by/4.0/",TRUE,"38848770",NA,NA,NA,FALSE,"els2023deal","04tsk2644_els2023deal_2024"
"Bochum U",2024,NA,"10.1016/j.hrthm.2024.04.013",TRUE,FALSE,"Elsevier BV","Heart Rhythm","1547-5271","1547-5271",NA,"1547-5271","http://creativecommons.org/licenses/by-nc-nd/4.0/",TRUE,"38604590",NA,NA,NA,FALSE,"els2023deal","04tsk2644_els2023deal_2024"
"Bochum U",2024,NA,"10.1016/j.jacep.2024.07.011",TRUE,FALSE,"Elsevier BV","JACC: Clinical Electrophysiology","2405-500X","2405-500X",NA,"2405-500X","http://creativecommons.org/licenses/by-nc-nd/4.0/",TRUE,"39243257",NA,NA,NA,FALSE,"els2023deal","04tsk2644_els2023deal_2024"
"Bochum U",2024,NA,"10.1016/j.ijcard.2024.131996",TRUE,FALSE,"Elsevier BV","International Journal of Cardiology","0167-5273","0167-5273",NA,"0167-5273","http://creativecommons.org/licenses/by/4.0/",TRUE,"38555056",NA,NA,NA,FALSE,"els2023deal","04tsk2644_els2023deal_2024"
"Bochum U",2024,NA,"10.1016/j.jsbmb.2024.106528",TRUE,FALSE,"Elsevier BV","The Journal of Steroid Biochemistry and Molecular Biology","0960-0760","0960-0760",NA,"0960-0760","http://creativecommons.org/licenses/by/4.0/",TRUE,"38677380",NA,NA,NA,FALSE,"els2023deal","04tsk2644_els2023deal_2024"
"Bochum U",2024,NA,"10.1016/j.iccn.2024.103748",TRUE,FALSE,"Elsevier BV","Intensive and Critical Care Nursing","0964-3397","0964-3397",NA,"0964-3397","http://creativecommons.org/licenses/by/4.0/",TRUE,"38875775",NA,NA,NA,FALSE,"els2023deal","04tsk2644_els2023deal_2024"
"Bochum U",2024,NA,"10.1016/j.hrtlng.2024.11.013",TRUE,FALSE,"Elsevier BV","Heart & Lung","0147-9563","0147-9563",NA,"0147-9563","http://creativecommons.org/licenses/by/4.0/",TRUE,"39591764",NA,NA,NA,FALSE,"els2023deal","04tsk2644_els2023deal_2024"
"Bochum U",2024,NA,"10.1016/j.resuscitation.2024.110453",TRUE,FALSE,"Elsevier BV","Resuscitation","0300-9572","0300-9572",NA,"0300-9572","http://creativecommons.org/licenses/by-nc/4.0/",TRUE,"39645022",NA,NA,NA,FALSE,"els2023deal","04tsk2644_els2023deal_2024"
"Bochum U",2024,NA,"10.1016/j.jaad.2024.09.036",TRUE,FALSE,"Elsevier BV","Journal of the American Academy of Dermatology","0190-9622","0190-9622",NA,"0190-9622","http://creativecommons.org/licenses/by/4.0/",TRUE,"39349181",NA,NA,NA,FALSE,"els2023deal","04tsk2644_els2023deal_2024"
"Bochum U",2024,6901.5,"10.1016/j.neuron.2024.04.014",TRUE,FALSE,"Elsevier BV","Neuron","0896-6273","0896-6273",NA,"0896-6273","http://creativecommons.org/licenses/by-nc-nd/4.0/",TRUE,"38697115",NA,NA,NA,FALSE,"els2023deal","04tsk2644_els2023deal_2024"
"Bochum U",2024,NA,"10.1016/j.neurobiolaging.2024.10.001",TRUE,FALSE,"Elsevier BV","Neurobiology of Aging","0197-4580","0197-4580",NA,"0197-4580","http://creativecommons.org/licenses/by/4.0/",TRUE,"39481321",NA,NA,NA,FALSE,"els2023deal","04tsk2644_els2023deal_2024"
"Bochum U",2024,NA,"10.1053/j.semnuclmed.2024.02.007",TRUE,FALSE,"Elsevier BV","Seminars in Nuclear Medicine","0001-2998","0001-2998",NA,"0001-2998","http://creativecommons.org/licenses/by-nc/4.0/",TRUE,"38570288",NA,NA,NA,FALSE,"els2023deal","04tsk2644_els2023deal_2024"
"Bochum U",2024,NA,"10.1016/j.jpsychires.2024.08.013",TRUE,FALSE,"Elsevier BV","Journal of Psychiatric Research","0022-3956","0022-3956",NA,"0022-3956","http://creativecommons.org/licenses/by/4.0/",TRUE,"39153454",NA,NA,NA,FALSE,"els2023deal","04tsk2644_els2023deal_2024"
"Bochum U",2024,NA,"10.1016/j.schres.2024.09.003",TRUE,FALSE,"Elsevier BV","Schizophrenia Research","0920-9964","0920-9964",NA,"0920-9964","http://creativecommons.org/licenses/by/4.0/",TRUE,"39250840",NA,NA,NA,FALSE,"els2023deal","04tsk2644_els2023deal_2024"
"Bochum U",2024,NA,"10.1016/j.bbi.2024.11.028",TRUE,FALSE,"Elsevier BV","Brain, Behavior, and Immunity","0889-1591","0889-1591",NA,"0889-1591","http://creativecommons.org/licenses/by-nc-nd/4.0/",TRUE,"39612964",NA,NA,NA,FALSE,"els2023deal","04tsk2644_els2023deal_2024"
"Bochum U",2024,NA,"10.1016/j.acra.2024.01.029",TRUE,FALSE,"Elsevier BV","Academic Radiology","1076-6332","1076-6332",NA,"1076-6332","http://creativecommons.org/licenses/by/4.0/",TRUE,"38368163",NA,NA,NA,FALSE,"els2023deal","04tsk2644_els2023deal_2024"
"Bochum U",2024,NA,"10.1016/j.ejrad.2024.111374",TRUE,FALSE,"Elsevier BV","European Journal of Radiology","0720-048X","0720-048X",NA,"0720-048X","http://creativecommons.org/licenses/by-nc-nd/4.0/",TRUE,"38422607",NA,NA,NA,FALSE,"els2023deal","04tsk2644_els2023deal_2024"
"Bochum U",2024,NA,"10.1016/j.acra.2024.02.006",TRUE,FALSE,"Elsevier BV","Academic Radiology","1076-6332","1076-6332",NA,"1076-6332","http://creativecommons.org/licenses/by/4.0/",TRUE,"38418345",NA,NA,NA,FALSE,"els2023deal","04tsk2644_els2023deal_2024"
"Bochum U",2024,NA,"10.1016/j.acra.2024.11.054",TRUE,FALSE,"Elsevier BV","Academic Radiology","1076-6332","1076-6332",NA,"1076-6332","http://creativecommons.org/licenses/by/4.0/",TRUE,"39675998",NA,NA,NA,FALSE,"els2023deal","04tsk2644_els2023deal_2024"
"Bochum U",2024,NA,"10.1016/j.ejca.2024.113984",TRUE,FALSE,"Elsevier BV","European Journal of Cancer","0959-8049","0959-8049",NA,"0959-8049","http://creativecommons.org/licenses/by-nc/4.0/",TRUE,"38479119",NA,NA,NA,FALSE,"els2023deal","04tsk2644_els2023deal_2024"
"Bochum U",2024,NA,"10.1016/j.ejca.2024.115054",TRUE,FALSE,"Elsevier BV","European Journal of Cancer","0959-8049","0959-8049",NA,"0959-8049","http://creativecommons.org/licenses/by-nc-nd/4.0/",TRUE,"39388865",NA,NA,NA,FALSE,"els2023deal","04tsk2644_els2023deal_2024"
"Bochum U",2024,NA,"10.1016/j.jad.2024.08.166",TRUE,FALSE,"Elsevier BV","Journal of Affective Disorders","0165-0327","0165-0327",NA,"0165-0327","http://creativecommons.org/licenses/by-nc/4.0/",TRUE,"39187195",NA,NA,NA,FALSE,"els2023deal","04tsk2644_els2023deal_2024"
"Bochum U",2024,NA,"10.1016/j.neubiorev.2024.105772",TRUE,FALSE,"Elsevier BV","Neuroscience & Biobehavioral Reviews","0149-7634","0149-7634",NA,"0149-7634","http://creativecommons.org/licenses/by/4.0/",TRUE,"38879097",NA,NA,NA,FALSE,"els2023deal","04tsk2644_els2023deal_2024"
"Bochum U",2024,NA,"10.1016/j.jpsychires.2024.11.012",TRUE,FALSE,"Elsevier BV","Journal of Psychiatric Research","0022-3956","0022-3956",NA,"0022-3956","http://creativecommons.org/licenses/by/4.0/",TRUE,"39520765",NA,NA,NA,FALSE,"els2023deal","04tsk2644_els2023deal_2024"
"Bochum U",2024,NA,"10.1016/j.actamat.2024.119905",TRUE,FALSE,"Elsevier BV","Acta Materialia","1359-6454","1359-6454",NA,"1359-6454","http://creativecommons.org/licenses/by/4.0/",TRUE,NA,NA,NA,NA,FALSE,"els2023deal","04tsk2644_els2023deal_2024"
"Bochum U",2024,NA,"10.1016/j.commatsci.2024.113033",TRUE,FALSE,"Elsevier BV","Computational Materials Science","0927-0256","0927-0256",NA,"0927-0256","http://creativecommons.org/licenses/by/4.0/",TRUE,NA,NA,NA,NA,FALSE,"els2023deal","04tsk2644_els2023deal_2024"
"Bochum U",2024,NA,"10.1016/j.msea.2024.146780",TRUE,FALSE,"Elsevier BV","Materials Science and Engineering: A","0921-5093","0921-5093",NA,"0921-5093","http://creativecommons.org/licenses/by/4.0/",TRUE,NA,NA,NA,NA,FALSE,"els2023deal","04tsk2644_els2023deal_2024"
"Bochum U",2024,NA,"10.1016/j.mtphys.2024.101560",TRUE,FALSE,"Elsevier BV","Materials Today Physics","2542-5293","2542-5293",NA,"2542-5293","http://creativecommons.org/licenses/by/4.0/",TRUE,NA,NA,NA,NA,FALSE,"els2023deal","04tsk2644_els2023deal_2024"
"Bochum U",2024,NA,"10.1016/j.commatsci.2024.113411",TRUE,FALSE,"Elsevier BV","Computational Materials Science","0927-0256","0927-0256",NA,"0927-0256","http://creativecommons.org/licenses/by/4.0/",TRUE,NA,NA,NA,NA,FALSE,"els2023deal","04tsk2644_els2023deal_2024"
"Bochum U",2024,NA,"10.1016/j.econmod.2024.106650",TRUE,FALSE,"Elsevier BV","Economic Modelling","0264-9993","0264-9993",NA,"0264-9993","http://creativecommons.org/licenses/by/4.0/",TRUE,NA,NA,NA,NA,FALSE,"els2023deal","04tsk2644_els2023deal_2024"
"Bochum U",2024,NA,"10.1016/j.worlddev.2024.106739",TRUE,FALSE,"Elsevier BV","World Development","0305-750X","0305-750X",NA,"0305-750X","http://creativecommons.org/licenses/by-nc-nd/4.0/",TRUE,NA,NA,NA,NA,FALSE,"els2023deal","04tsk2644_els2023deal_2024"
"Bochum U",2024,NA,"10.1016/j.ijheh.2024.114381",TRUE,FALSE,"Elsevier BV","International Journal of Hygiene and Environmental Health","1438-4639","1438-4639",NA,"1438-4639","http://creativecommons.org/licenses/by-nc/4.0/",TRUE,"38652941",NA,NA,NA,FALSE,"els2023deal","04tsk2644_els2023deal_2024"
"Bochum U",2024,NA,"10.1016/j.psyneuen.2024.107066",TRUE,FALSE,"Elsevier BV","Psychoneuroendocrinology","0306-4530","0306-4530",NA,"0306-4530","http://creativecommons.org/licenses/by/4.0/",TRUE,"38723404",NA,NA,NA,FALSE,"els2023deal","04tsk2644_els2023deal_2024"
"Bochum U",2024,NA,"10.1016/j.jallcom.2024.175226",TRUE,FALSE,"Elsevier BV","Journal of Alloys and Compounds","0925-8388","0925-8388",NA,"0925-8388","http://creativecommons.org/licenses/by-nc-nd/4.0/",TRUE,NA,NA,NA,NA,FALSE,"els2023deal","04tsk2644_els2023deal_2024"
"Bochum U",2024,NA,"10.1016/j.learninstruc.2024.101939",TRUE,TRUE,"Elsevier BV","Learning and Instruction","0959-4752","0959-4752",NA,"0959-4752","https://www.elsevier.com/tdm/userlicense/1.0/",TRUE,NA,NA,NA,NA,FALSE,"els2023deal","04tsk2644_els2023deal_2024"
"Bochum U",2024,NA,"10.1016/j.jmig.2024.03.012",TRUE,TRUE,"Elsevier BV","Journal of Minimally Invasive Gynecology","1553-4650","1553-4650",NA,"1553-4650","https://www.elsevier.com/tdm/userlicense/1.0/",TRUE,"38527703",NA,NA,NA,FALSE,"els2023deal","04tsk2644_els2023deal_2024"
"Bochum U",2024,845.01,"10.1090/btran/168",FALSE,FALSE,"American Mathematical Society (AMS)","Transactions of the American Mathematical Society, Series B","2330-0000",NA,"2330-0000","2330-0000","https://creativecommons.org/licenses/by/3.0/",TRUE,NA,NA,NA,NA,TRUE,"els2023deal","04tsk2644_els2023deal_2024"
"Bochum U",2024,2607.1,"10.1136/bmjopen-2024-084080",FALSE,FALSE,"BMJ","BMJ Open","2044-6055","2044-6055","2044-6055","2044-6055","http://creativecommons.org/licenses/by-nc/4.0/",TRUE,"39317509","PMC11423745",NA,NA,TRUE,"bmj2023gac","04tsk2644_bmj2023gac_2024"
"Bochum U",2024,2607.1,"10.1136/rmdopen-2024-004430",FALSE,FALSE,"BMJ","RMD Open","2056-5933",NA,"2056-5933","2056-5933","http://creativecommons.org/licenses/by-nc/4.0/",TRUE,"39438083","PMC11499839",NA,NA,TRUE,"bmj2023gac","04tsk2644_bmj2023gac_2024"
"Bochum U",2024,2564.79,"10.1016/j.isci.2024.108846",FALSE,FALSE,"Elsevier BV","iScience","2589-0042","2589-0042",NA,"2589-0042","http://creativecommons.org/licenses/by/4.0/",TRUE,"38318351","PMC10839651",NA,NA,TRUE,"els2023deal","04tsk2644_els2023deal_2024"
"Bochum U",2024,609.9,"10.1016/j.addlet.2024.100205",FALSE,FALSE,"Elsevier BV","Additive Manufacturing Letters","2772-3690","2772-3690",NA,"2772-3690","http://creativecommons.org/licenses/by/4.0/",TRUE,NA,NA,NA,NA,TRUE,"els2023deal","04tsk2644_els2023deal_2024"
"Bochum U",2024,1609.28,"10.1016/j.heliyon.2024.e28729",FALSE,FALSE,"Elsevier BV","Heliyon","2405-8440","2405-8440",NA,"2405-8440","http://creativecommons.org/licenses/by-nc-nd/4.0/",TRUE,"38596086","PMC11002057",NA,NA,TRUE,"els2023deal","04tsk2644_els2023deal_2024"
"Bochum U",2024,1112.8,"10.1016/j.addlet.2024.100257",FALSE,FALSE,"Elsevier BV","Additive Manufacturing Letters","2772-3690","2772-3690",NA,"2772-3690","http://creativecommons.org/licenses/by/4.0/",TRUE,NA,NA,NA,NA,TRUE,"els2023deal","04tsk2644_els2023deal_2024"
"Bochum U",2024,1206.96,"10.1016/j.jmrt.2024.10.098",FALSE,FALSE,"Elsevier BV","Journal of Materials Research and Technology","2238-7854","2238-7854",NA,"2238-7854","http://creativecommons.org/licenses/by/4.0/",TRUE,NA,NA,NA,NA,TRUE,"els2023deal","04tsk2644_els2023deal_2024"
"Bochum U",2024,1123.5,"10.1016/j.afres.2024.100570",FALSE,FALSE,"Elsevier BV","Applied Food Research","2772-5022","2772-5022",NA,"2772-5022","http://creativecommons.org/licenses/by-nc-nd/4.0/",TRUE,NA,NA,NA,NA,TRUE,"els2023deal","04tsk2644_els2023deal_2024"
"Bochum U",2024,1232.64,"10.1016/j.chbr.2024.100382",FALSE,FALSE,"Elsevier BV","Computers in Human Behavior Reports","2451-9588","2451-9588",NA,"2451-9588","http://creativecommons.org/licenses/by-nc/4.0/",TRUE,NA,NA,NA,NA,TRUE,"els2023deal","04tsk2644_els2023deal_2024"
"Bochum U",2024,1557.92,"10.1016/j.actpsy.2024.104306",FALSE,FALSE,"Elsevier BV","Acta Psychologica","0001-6918","0001-6918",NA,"0001-6918","http://creativecommons.org/licenses/by-nc/4.0/",TRUE,"38735249",NA,NA,NA,TRUE,"els2023deal","04tsk2644_els2023deal_2024"
"Bochum U",2024,1128.85,"10.1016/j.jadr.2024.100843",FALSE,FALSE,"Elsevier BV","Journal of Affective Disorders Reports","2666-9153","2666-9153",NA,"2666-9153","http://creativecommons.org/licenses/by-nc/4.0/",TRUE,NA,NA,NA,NA,TRUE,"els2023deal","04tsk2644_els2023deal_2024"
"Bochum U",2024,1385.65,"10.1016/j.actpsy.2024.104494",FALSE,FALSE,"Elsevier BV","Acta Psychologica","0001-6918","0001-6918",NA,"0001-6918","http://creativecommons.org/licenses/by-nc/4.0/",TRUE,"39276445",NA,NA,NA,TRUE,"els2023deal","04tsk2644_els2023deal_2024"
"Bochum U",2024,1609.28,"10.1016/j.heliyon.2024.e36008",FALSE,FALSE,"Elsevier BV","Heliyon","2405-8440","2405-8440",NA,"2405-8440","http://creativecommons.org/licenses/by/4.0/",TRUE,"39224334","PMC11366926",NA,NA,TRUE,"els2023deal","04tsk2644_els2023deal_2024"
"Bochum U",2024,3034.5,"10.1016/j.jbc.2024.107310",FALSE,FALSE,"Elsevier BV","Journal of Biological Chemistry","0021-9258","0021-9258",NA,"0021-9258","http://creativecommons.org/licenses/by/4.0/",TRUE,"38657863","PMC11126799",NA,NA,TRUE,"els2023deal","04tsk2644_els2023deal_2024"
"Bochum U",2024,2365.13,"10.1016/j.jhepr.2023.100989",FALSE,FALSE,"Elsevier BV","JHEP Reports","2589-5559","2589-5559",NA,"2589-5559","http://creativecommons.org/licenses/by/4.0/",TRUE,"38434938","PMC10906529",NA,NA,TRUE,"els2023deal","04tsk2644_els2023deal_2024"
"Bochum U",2024,1900.32,"10.1016/j.xjtc.2024.01.010",FALSE,FALSE,"Elsevier BV","JTCVS Techniques","2666-2507","2666-2507",NA,"2666-2507","http://creativecommons.org/licenses/by/4.0/",TRUE,"38835575","PMC11145195",NA,NA,TRUE,"els2023deal","04tsk2644_els2023deal_2024"
"Bochum U",2024,1891.76,"10.1016/j.ejcb.2024.151407",FALSE,FALSE,"Elsevier BV","European Journal of Cell Biology","0171-9335","0171-9335",NA,"0171-9335","http://creativecommons.org/licenses/by/4.0/",TRUE,"38555846",NA,NA,NA,TRUE,"els2023deal","04tsk2644_els2023deal_2024"
"Bochum U",2024,1951.68,"10.1016/j.redox.2024.103453",FALSE,FALSE,"Elsevier BV","Redox Biology","2213-2317","2213-2317",NA,"2213-2317","http://creativecommons.org/licenses/by/4.0/",TRUE,"39689618","PMC11719327",NA,NA,TRUE,"els2023deal","04tsk2644_els2023deal_2024"
"Bochum U",2024,1414.9,"10.3847/1538-4357/ad644c",FALSE,FALSE,"American Astronomical Society","The Astrophysical Journal","0004-637X","0004-637X","1538-4357","0004-637X","http://creativecommons.org/licenses/by/4.0/",TRUE,NA,NA,NA,NA,TRUE,"iop2022tib","04tsk2644_iop2022tib_2024"
"Bochum U",2024,3179.36,"10.1038/s42004-024-01207-1",FALSE,FALSE,"Springer Nature","Communications Chemistry","2399-3669",NA,"2399-3669","2399-3669","https://creativecommons.org/licenses/by/4.0",TRUE,"38831005","PMC11148156",NA,NA,TRUE,"sn2024deal","04tsk2644_sn2024deal_2024"
"Bochum U",2024,1793.73,"10.1186/s12862-024-02283-6",FALSE,FALSE,"Springer Nature","BMC Ecology and Evolution","2730-7182",NA,"2730-7182","2730-7182","https://creativecommons.org/licenses/by/4.0",TRUE,"38987674","PMC11234731",NA,NA,TRUE,"sn2024deal","04tsk2644_sn2024deal_2024"
"Bochum U",2024,6944.3,"10.1038/s44318-024-00211-4",FALSE,FALSE,"Springer Nature","The EMBO Journal","1460-2075",NA,"1460-2075","0261-4189","https://creativecommons.org/licenses/by/4.0",TRUE,"39192033","PMC11480477",NA,NA,TRUE,"sn2024deal","04tsk2644_sn2024deal_2024"
"Bochum U",2024,5374.05,"10.1038/s41467-024-50408-8",FALSE,FALSE,"Springer Nature","Nature Communications","2041-1723",NA,"2041-1723","2041-1723","https://creativecommons.org/licenses/by/4.0",TRUE,"39030194","PMC11271626",NA,NA,TRUE,"sn2024deal","04tsk2644_sn2024deal_2024"
"Bochum U",2024,5374.05,"10.1038/s41467-024-50968-9",FALSE,FALSE,"Springer Nature","Nature Communications","2041-1723",NA,"2041-1723","2041-1723","https://creativecommons.org/licenses/by/4.0",TRUE,"39117612","PMC11310214",NA,NA,TRUE,"sn2024deal","04tsk2644_sn2024deal_2024"
"Bochum U",2024,5374.05,"10.1038/s41467-024-52780-x",FALSE,FALSE,"Springer Nature","Nature Communications","2041-1723",NA,"2041-1723","2041-1723","https://creativecommons.org/licenses/by/4.0",TRUE,"39362855","PMC11450097",NA,NA,TRUE,"sn2024deal","04tsk2644_sn2024deal_2024"
"Bochum U",2024,5374.05,"10.1038/s41467-024-53646-y",FALSE,FALSE,"Springer Nature","Nature Communications","2041-1723",NA,"2041-1723","2041-1723","https://creativecommons.org/licenses/by/4.0",TRUE,"39477929","PMC11526146",NA,NA,TRUE,"sn2024deal","04tsk2644_sn2024deal_2024"
"Bochum U",2024,5374.05,"10.1038/s41467-024-53444-6",FALSE,FALSE,"Springer Nature","Nature Communications","2041-1723",NA,"2041-1723","2041-1723","https://creativecommons.org/licenses/by/4.0",TRUE,"39500885","PMC11538508",NA,NA,TRUE,"sn2024deal","04tsk2644_sn2024deal_2024"
"Bochum U",2024,1927.71,"10.1038/s41598-024-80568-y",FALSE,FALSE,"Springer Nature","Scientific Reports","2045-2322",NA,"2045-2322","2045-2322","https://creativecommons.org/licenses/by/4.0",TRUE,"39738176","PMC11686099",NA,NA,TRUE,"sn2024deal","04tsk2644_sn2024deal_2024"
"Bochum U",2024,1134.52,"10.1186/s40517-024-00296-4",FALSE,FALSE,"Springer Nature","Geothermal Energy","2195-9706",NA,"2195-9706","2195-9706","https://creativecommons.org/licenses/by/4.0",TRUE,NA,NA,NA,NA,TRUE,"sn2024deal","04tsk2644_sn2024deal_2024"
"Bochum U",2024,885.96,"10.1186/s13358-024-00307-8",FALSE,FALSE,"Springer Nature","Swiss Journal of Palaeontology","1664-2376","1664-2376","1664-2384","1664-2376","https://creativecommons.org/licenses/by/4.0",TRUE,"38584612","PMC10991048",NA,NA,TRUE,"sn2024deal","04tsk2644_sn2024deal_2024"
"Bochum U",2024,1927.71,"10.1038/s41598-024-76719-w",FALSE,FALSE,"Springer Nature","Scientific Reports","2045-2322",NA,"2045-2322","2045-2322","https://creativecommons.org/licenses/by/4.0",TRUE,"39500969","PMC11538428",NA,NA,TRUE,"sn2024deal","04tsk2644_sn2024deal_2024"
"Bochum U",2024,1275.44,"10.1007/s42452-024-06184-7",FALSE,FALSE,"Springer Nature","Discover Applied Sciences","3004-9261",NA,"3004-9261","3004-9261","https://creativecommons.org/licenses/by/4.0",TRUE,NA,NA,NA,NA,TRUE,"sn2024deal","04tsk2644_sn2024deal_2024"
"Bochum U",2024,1098.59,"10.1007/s40955-023-00269-3",FALSE,FALSE,"Springer Nature","Zeitschrift für Weiterbildungsforschung","2364-0014","2364-0014","2364-0022","2364-0022","https://creativecommons.org/licenses/by/4.0/deed.de",TRUE,NA,NA,NA,NA,TRUE,"sn2024deal","04tsk2644_sn2024deal_2024"
"Bochum U",2024,1137.04,"10.1007/s40955-024-00281-1",FALSE,FALSE,"Springer Nature","Zeitschrift für Weiterbildungsforschung","2364-0014","2364-0014","2364-0022","2364-0022","https://creativecommons.org/licenses/by/4.0/deed.de",TRUE,NA,NA,NA,NA,TRUE,"sn2024deal","04tsk2644_sn2024deal_2024"
"Bochum U",2024,1862.53,"10.1038/s41598-024-51333-y",FALSE,FALSE,"Springer Nature","Scientific Reports","2045-2322",NA,"2045-2322","2045-2322","https://creativecommons.org/licenses/by/4.0",TRUE,"38228689","PMC10791664",NA,NA,TRUE,"sn2024deal","04tsk2644_sn2024deal_2024"
"Bochum U",2024,3199.3,"10.1038/s41537-024-00481-1",FALSE,FALSE,"Springer Nature","Schizophrenia","2754-6993",NA,"2754-6993","2754-6993","https://creativecommons.org/licenses/by/4.0",TRUE,"38965247","PMC11224262",NA,NA,TRUE,"sn2024deal","04tsk2644_sn2024deal_2024"
"Bochum U",2024,1927.71,"10.1038/s41598-024-71668-w",FALSE,FALSE,"Springer Nature","Scientific Reports","2045-2322",NA,"2045-2322","2045-2322","https://creativecommons.org/licenses/by/4.0",TRUE,"39242764","PMC11379872",NA,NA,TRUE,"sn2024deal","04tsk2644_sn2024deal_2024"
"Bochum U",2024,1808.3,"10.1038/s44271-024-00176-4",FALSE,FALSE,"Springer Nature","Communications Psychology","2731-9121",NA,"2731-9121","2731-9121","https://creativecommons.org/licenses/by/4.0",TRUE,"39681622","PMC11649691",NA,NA,TRUE,"sn2024deal","04tsk2644_sn2024deal_2024"
"Bochum U",2024,1927.71,"10.1038/s41598-024-76425-7",FALSE,FALSE,"Springer Nature","Scientific Reports","2045-2322",NA,"2045-2322","2045-2322","https://creativecommons.org/licenses/by/4.0",TRUE,"39496705","PMC11535244",NA,NA,TRUE,"sn2024deal","04tsk2644_sn2024deal_2024"
"Bochum U",2024,2302.64,"10.1007/s10071-024-01912-3",FALSE,FALSE,"Springer Nature","Animal Cognition","1435-9456",NA,"1435-9456","1435-9448","https://creativecommons.org/licenses/by/4.0",TRUE,"39488653","PMC11531426",NA,NA,TRUE,"sn2024deal","04tsk2644_sn2024deal_2024"
"Bochum U",2024,1927.71,"10.1038/s41598-024-76959-w",FALSE,FALSE,"Springer Nature","Scientific Reports","2045-2322",NA,"2045-2322","2045-2322","https://creativecommons.org/licenses/by/4.0",TRUE,"39455740","PMC11512007",NA,NA,TRUE,"sn2024deal","04tsk2644_sn2024deal_2024"
"Bochum U",2024,1954.72,"10.1186/s12888-024-06205-0",FALSE,FALSE,"Springer Nature","BMC Psychiatry","1471-244X",NA,"1471-244X","1471-244X","https://creativecommons.org/licenses/by/4.0",TRUE,"39478510","PMC11526667",NA,NA,TRUE,"sn2024deal","04tsk2644_sn2024deal_2024"
"Bochum U",2024,1927.71,"10.1038/s41598-024-77418-2",FALSE,FALSE,"Springer Nature","Scientific Reports","2045-2322",NA,"2045-2322","2045-2322","https://creativecommons.org/licenses/by/4.0",TRUE,"39511245","PMC11543683",NA,NA,TRUE,"sn2024deal","04tsk2644_sn2024deal_2024"
"Bochum U",2024,1916.47,"10.1186/s12877-023-04638-y",FALSE,FALSE,"Springer Nature","BMC Geriatrics","1471-2318",NA,"1471-2318","1471-2318","https://creativecommons.org/licenses/by/4.0",TRUE,"38191313","PMC10775549",NA,NA,TRUE,"sn2024deal","04tsk2644_sn2024deal_2024"
"Bochum U",2024,1698.82,"10.1186/s12909-024-05503-1",FALSE,FALSE,"Springer Nature","BMC Medical Education","1472-6920",NA,"1472-6920","1472-6920","https://creativecommons.org/licenses/by/4.0",TRUE,"38807088","PMC11134748",NA,NA,TRUE,"sn2024deal","04tsk2644_sn2024deal_2024"
"Bochum U",2024,5374.05,"10.1038/s41467-024-49219-8",FALSE,FALSE,"Springer Nature","Nature Communications","2041-1723",NA,"2041-1723","2041-1723","https://creativecommons.org/licenses/by/4.0",TRUE,"38844458",NA,NA,NA,TRUE,"sn2024deal","04tsk2644_sn2024deal_2024"
"Bochum U",2024,6944.3,"10.1038/s44321-024-00096-0",FALSE,FALSE,"Springer Nature","EMBO Molecular Medicine","1757-4684",NA,"1757-4684","1757-4676","https://creativecommons.org/licenses/by/4.0",TRUE,"38977926","PMC11319782",NA,NA,TRUE,"sn2024deal","04tsk2644_sn2024deal_2024"
"Bochum U",2024,1698.82,"10.1186/s12909-024-05924-y",FALSE,FALSE,"Springer Nature","BMC Medical Education","1472-6920",NA,"1472-6920","1472-6920","https://creativecommons.org/licenses/by/4.0",TRUE,"39210353","PMC11363420",NA,NA,TRUE,"sn2024deal","04tsk2644_sn2024deal_2024"
"Bochum U",2024,1808.3,"10.1038/s44271-024-00153-x",FALSE,FALSE,"Springer Nature","Communications Psychology","2731-9121",NA,"2731-9121","2731-9121","https://creativecommons.org/licenses/by/4.0",TRUE,"39487237","PMC11530695",NA,NA,TRUE,"sn2024deal","04tsk2644_sn2024deal_2024"
"Bochum U",2024,2548.98,"10.1080/15481603.2024.2364460",FALSE,FALSE,"Informa UK Limited","GIScience & Remote Sensing","1548-1603","1548-1603","1943-7226","1548-1603","http://creativecommons.org/licenses/by-nc/4.0/",TRUE,NA,NA,NA,NA,TRUE,"tf2024zbw","04tsk2644_tf2024zbw_2024"
"Bochum U",2024,3206.46,"10.1080/10253890.2024.2330704",FALSE,FALSE,"Informa UK Limited","Stress","1025-3890","1025-3890","1607-8888","1025-3890","http://creativecommons.org/licenses/by/4.0/",TRUE,"38528793",NA,NA,NA,TRUE,"tf2024zbw","04tsk2644_tf2024zbw_2024"
"Bochum U",2024,3206.46,"10.1080/10253890.2024.2361237",FALSE,FALSE,"Informa UK Limited","Stress","1025-3890","1025-3890","1607-8888","1025-3890","http://creativecommons.org/licenses/by/4.0/",TRUE,"38946453",NA,NA,NA,TRUE,"tf2024zbw","04tsk2644_tf2024zbw_2024"
"Bochum U",2024,1714.49,"10.1080/20008066.2024.2398357",FALSE,FALSE,"Informa UK Limited","European Journal of Psychotraumatology","2000-8066",NA,"2000-8066","2000-8066","http://creativecommons.org/licenses/by/4.0/",TRUE,"39351592","PMC11445896",NA,NA,TRUE,"tf2024zbw","04tsk2644_tf2024zbw_2024"
"Bochum U",2024,2908.07,"10.1080/22221751.2024.2404271",FALSE,FALSE,"Informa UK Limited","Emerging Microbes & Infections","2222-1751",NA,"2222-1751","2222-1751","http://creativecommons.org/licenses/by/4.0/",TRUE,"39259276","PMC11423535",NA,NA,TRUE,"tf2024zbw","04tsk2644_tf2024zbw_2024"
"Bochum U",2024,2475.2,"10.1002/admi.202300964",FALSE,FALSE,"Wiley-Blackwell","Advanced Materials Interfaces","2196-7350","2196-7350","2196-7350","2196-7350","http://creativecommons.org/licenses/by/4.0/",TRUE,NA,NA,NA,NA,TRUE,"wiley2024deal","04tsk2644_wiley2024deal_2024"
"Bochum U",2024,2475.2,"10.1002/admi.202300873",FALSE,FALSE,"Wiley-Blackwell","Advanced Materials Interfaces","2196-7350","2196-7350","2196-7350","2196-7350","http://creativecommons.org/licenses/by/4.0/",TRUE,NA,NA,NA,NA,TRUE,"wiley2024deal","04tsk2644_wiley2024deal_2024"
"Bochum U",2024,4100.24,"10.1002/smsc.202300283",FALSE,FALSE,"Wiley-Blackwell","Small Science","2688-4046","2688-4046","2688-4046","2688-4046","http://creativecommons.org/licenses/by/4.0/",TRUE,"40212992","PMC11935127",NA,NA,TRUE,"wiley2024deal","04tsk2644_wiley2024deal_2024"
"Bochum U",2024,1797.6,"10.1002/celc.202300853",FALSE,FALSE,"Wiley-Blackwell","ChemElectroChem","2196-0216","2196-0216","2196-0216","2196-0216","http://creativecommons.org/licenses/by/4.0/",TRUE,NA,NA,NA,NA,TRUE,"wiley2024deal","04tsk2644_wiley2024deal_2024"
"Bochum U",2024,1797.6,"10.1002/celc.202400143",FALSE,FALSE,"Wiley-Blackwell","ChemElectroChem","2196-0216","2196-0216","2196-0216","2196-0216","http://creativecommons.org/licenses/by/4.0/",TRUE,NA,NA,NA,NA,TRUE,"wiley2024deal","04tsk2644_wiley2024deal_2024"
"Bochum U",2024,1797.6,"10.1002/adsr.202400024",FALSE,FALSE,"Wiley-Blackwell","Advanced Sensor Research","2751-1219","2751-1219","2751-1219","2751-1219","http://creativecommons.org/licenses/by/4.0/",TRUE,NA,NA,NA,NA,TRUE,"wiley2024deal","04tsk2644_wiley2024deal_2024"
"Bochum U",2024,2225.6,"10.1002/admi.202400274",FALSE,FALSE,"Wiley-Blackwell","Advanced Materials Interfaces","2196-7350","2196-7350","2196-7350","2196-7350","http://creativecommons.org/licenses/by/4.0/",TRUE,NA,NA,NA,NA,TRUE,"wiley2024deal","04tsk2644_wiley2024deal_2024"
"Bochum U",2024,2225.6,"10.1002/admi.202400370",FALSE,FALSE,"Wiley-Blackwell","Advanced Materials Interfaces","2196-7350","2196-7350","2196-7350","2196-7350","http://creativecommons.org/licenses/by/4.0/",TRUE,NA,NA,NA,NA,TRUE,"wiley2024deal","04tsk2644_wiley2024deal_2024"
"Bochum U",2024,1797.6,"10.1002/celc.202400283",FALSE,FALSE,"Wiley-Blackwell","ChemElectroChem","2196-0216","2196-0216","2196-0216","2196-0216","http://creativecommons.org/licenses/by/4.0/",TRUE,NA,NA,NA,NA,TRUE,"wiley2024deal","04tsk2644_wiley2024deal_2024"
"Bochum U",2024,2225.6,"10.1002/admi.202400171",FALSE,FALSE,"Wiley-Blackwell","Advanced Materials Interfaces","2196-7350","2196-7350","2196-7350","2196-7350","http://creativecommons.org/licenses/by/4.0/",TRUE,NA,NA,NA,NA,TRUE,"wiley2024deal","04tsk2644_wiley2024deal_2024"
"Bochum U",2024,2225.6,"10.1002/admi.202400610",FALSE,FALSE,"Wiley-Blackwell","Advanced Materials Interfaces","2196-7350","2196-7350","2196-7350","2196-7350","http://creativecommons.org/licenses/by/4.0/",TRUE,NA,NA,NA,NA,TRUE,"wiley2024deal","04tsk2644_wiley2024deal_2024"
"Bochum U",2024,2225.6,"10.1002/admi.202400647",FALSE,FALSE,"Wiley-Blackwell","Advanced Materials Interfaces","2196-7350","2196-7350","2196-7350","2196-7350","http://creativecommons.org/licenses/by/4.0/",TRUE,NA,NA,NA,NA,TRUE,"wiley2024deal","04tsk2644_wiley2024deal_2024"
"Bochum U",2024,2508.08,"10.1002/hbm.70081",FALSE,FALSE,"Wiley-Blackwell","Human Brain Mapping","1065-9471","1065-9471","1097-0193","1065-9471","http://creativecommons.org/licenses/by-nc/4.0/",TRUE,"39624946","PMC11612665",NA,NA,TRUE,"wiley2024deal","04tsk2644_wiley2024deal_2024"
"Bochum U",2024,1968.8,"10.1002/jcv2.12293",FALSE,FALSE,"Wiley-Blackwell","JCPP Advances","2692-9384","2692-9384","2692-9384","2692-9384","http://creativecommons.org/licenses/by/4.0/",TRUE,"39734928","PMC11669770",NA,NA,TRUE,"wiley2024deal","04tsk2644_wiley2024deal_2024"
"Bochum U",2024,1926,"10.1002/ejsc.12196",FALSE,FALSE,"Wiley-Blackwell","European Journal of Sport Science","1746-1391","1746-1391","1536-7290","1536-7290","http://creativecommons.org/licenses/by/4.0/",TRUE,"39395198","PMC11534631",NA,NA,TRUE,"wiley2024deal","04tsk2644_wiley2024deal_2024"
"Bochum U",2024,2568,"10.1161/jaha.123.030623",FALSE,FALSE,"Wiley-Blackwell","Journal of the American Heart Association","2047-9980",NA,"2047-9980","2047-9980",NA,TRUE,"38348805","PMC11010078",NA,NA,TRUE,"wiley2024deal","04tsk2644_wiley2024deal_2024"
"Bochum U",2024,2525.2,"10.1002/clc.70013",FALSE,FALSE,"Wiley-Blackwell","Clinical Cardiology","0160-9289","0160-9289","1932-8737","0160-9289","http://creativecommons.org/licenses/by/4.0/",TRUE,"39262111","PMC11390790",NA,NA,TRUE,"wiley2024deal","04tsk2644_wiley2024deal_2024"
"Bochum U",2024,1692.51,"10.3390/cleantechnol6030055",FALSE,FALSE,"MDPI AG","Clean Technologies","2571-8797",NA,"2571-8797","2571-8797","https://creativecommons.org/licenses/by/4.0/",TRUE,NA,NA,NA,NA,TRUE,"wiley2024deal","04tsk2644_wiley2024deal_2024"
"Bochum U",2024,4147.32,"10.1016/j.ebiom.2024.105063",FALSE,FALSE,"Elsevier BV","EBioMedicine","2352-3964","2352-3964",NA,"2352-3964","http://creativecommons.org/licenses/by/4.0/",TRUE,"38502972","PMC10963195",NA,NA,TRUE,"els2023deal","04tsk2644_els2023deal_2024"
"Bochum U",2024,513.6,"10.1016/j.scr.2024.103320",FALSE,FALSE,"Elsevier BV","Stem Cell Research","1873-5061","1873-5061",NA,"1873-5061","http://creativecommons.org/licenses/by-nc-nd/4.0/",TRUE,"38309149",NA,NA,NA,TRUE,"els2023deal","04tsk2644_els2023deal_2024"
"Bochum U",2024,513.6,"10.1016/j.scr.2024.103459",FALSE,FALSE,"Elsevier BV","Stem Cell Research","1873-5061","1873-5061",NA,"1873-5061","http://creativecommons.org/licenses/by-nc-nd/4.0/",TRUE,"38896971",NA,NA,NA,TRUE,"els2023deal","04tsk2644_els2023deal_2024"
"Bochum U",2024,1891.76,"10.1016/j.ejcb.2024.151408",FALSE,FALSE,"Elsevier BV","European Journal of Cell Biology","0171-9335","0171-9335",NA,"0171-9335","http://creativecommons.org/licenses/by/4.0/",TRUE,"38583306",NA,NA,NA,TRUE,"els2023deal","04tsk2644_els2023deal_2024"
"Bochum U",2024,2247,"10.1016/j.jnha.2024.100039",FALSE,FALSE,"Elsevier BV","The journal of nutrition, health & aging","1279-7707","1279-7707",NA,"1279-7707","http://creativecommons.org/licenses/by-nc-nd/4.0/",TRUE,"38280831","PMC12877227",NA,NA,FALSE,"els2023deal","04tsk2644_els2023deal_2024"
"Bochum U",2024,950.16,"10.1016/j.jpra.2024.10.015",FALSE,FALSE,"Elsevier BV","JPRAS Open","2352-5878","2352-5878",NA,"2352-5878","http://creativecommons.org/licenses/by/4.0/",TRUE,"39698478","PMC11652750",NA,NA,TRUE,"els2023deal","04tsk2644_els2023deal_2024"
"Bochum U",2024,950.16,"10.1016/j.jpra.2024.10.018",FALSE,FALSE,"Elsevier BV","JPRAS Open","2352-5878","2352-5878",NA,"2352-5878","http://creativecommons.org/licenses/by/4.0/",TRUE,"39698479","PMC11652740",NA,NA,TRUE,"els2023deal","04tsk2644_els2023deal_2024"
"Bochum U",2024,1082.9,"10.1016/j.gendis.2024.101238",FALSE,FALSE,"Elsevier BV","Genes & Diseases","2352-3042","2352-3042",NA,"2352-3042","http://creativecommons.org/licenses/by/4.0/",TRUE,"39650696","PMC11620975",NA,NA,TRUE,"els2023deal","04tsk2644_els2023deal_2024"
"Bochum U",2024,513.6,"10.1016/j.scr.2024.103354",FALSE,FALSE,"Elsevier BV","Stem Cell Research","1873-5061","1873-5061",NA,"1873-5061","http://creativecommons.org/licenses/by/4.0/",TRUE,"38430734",NA,NA,NA,TRUE,"els2023deal","04tsk2644_els2023deal_2024"
"Bochum U",2024,1951.68,"10.1016/j.chstcc.2024.100065",FALSE,FALSE,"Elsevier BV","CHEST Critical Care","2949-7884","2949-7884",NA,"2949-7884","http://creativecommons.org/licenses/by/4.0/",TRUE,NA,NA,NA,NA,TRUE,"els2023deal","04tsk2644_els2023deal_2024"
"Bochum U",2024,4356.51,"10.1016/j.ebiom.2024.105508",FALSE,FALSE,"Elsevier BV","EBioMedicine","2352-3964","2352-3964",NA,"2352-3964","http://creativecommons.org/licenses/by/4.0/",TRUE,"39681038","PMC11714398",NA,NA,TRUE,"els2023deal","04tsk2644_els2023deal_2024"
"Bochum U",2024,933.04,"10.1016/j.nutos.2024.11.001",FALSE,FALSE,"Elsevier BV","Clinical Nutrition Open Science","2667-2685","2667-2685",NA,"2667-2685","http://creativecommons.org/licenses/by/4.0/",TRUE,NA,NA,NA,NA,TRUE,"els2023deal","04tsk2644_els2023deal_2024"
"Bochum U",2024,1609.28,"10.1016/j.heliyon.2024.e27636",FALSE,FALSE,"Elsevier BV","Heliyon","2405-8440","2405-8440",NA,"2405-8440","http://creativecommons.org/licenses/by/4.0/",TRUE,"38509988","PMC10950599",NA,NA,TRUE,"els2023deal","04tsk2644_els2023deal_2024"
"Bochum U",2024,744.72,"10.1016/j.softx.2024.101654",FALSE,FALSE,"Elsevier BV","SoftwareX","2352-7110","2352-7110",NA,"2352-7110","http://creativecommons.org/licenses/by/4.0/",TRUE,NA,NA,NA,NA,TRUE,"els2023deal","04tsk2644_els2023deal_2024"
"Bochum U",2024,1660.64,"10.1016/j.nme.2024.101853",FALSE,FALSE,"Elsevier BV","Nuclear Materials and Energy","2352-1791","2352-1791",NA,"2352-1791","http://creativecommons.org/licenses/by/4.0/",TRUE,NA,NA,NA,NA,TRUE,"els2023deal","04tsk2644_els2023deal_2024"
"Bochum U",2024,2607.1,"10.1136/bmjopen-2024-086779",FALSE,FALSE,"BMJ","BMJ Open","2044-6055","2044-6055","2044-6055","2044-6055","http://creativecommons.org/licenses/by-nc/4.0/",TRUE,"39515866","PMC11552568",NA,NA,TRUE,"bmj2023gac","04tsk2644_bmj2023gac_2024"
"Bochum U",2024,2607.1,"10.1136/rmdopen-2024-004169",FALSE,FALSE,"BMJ","RMD Open","2056-5933",NA,"2056-5933","2056-5933","http://creativecommons.org/licenses/by-nc/4.0/",TRUE,"38724260","PMC11086571",NA,NA,TRUE,"bmj2023gac","04tsk2644_bmj2023gac_2024"
"Bochum U",2024,2482.95,"10.1136/rmdopen-2023-003733",FALSE,FALSE,"BMJ","RMD Open","2056-5933",NA,"2056-5933","2056-5933","http://creativecommons.org/licenses/by-nc/4.0/",TRUE,"38191214","PMC10806495",NA,NA,TRUE,"bmj2023gac","04tsk2644_bmj2023gac_2024"
"Bochum U",2024,2607.1,"10.1136/rmdopen-2024-004702",FALSE,FALSE,"BMJ","RMD Open","2056-5933",NA,"2056-5933","2056-5933","http://creativecommons.org/licenses/by-nc/4.0/",TRUE,"39608866","PMC11603692",NA,NA,TRUE,"bmj2023gac","04tsk2644_bmj2023gac_2024"
"Bochum U",2024,2607.1,"10.1136/bmjopen-2024-086094",FALSE,FALSE,"BMJ","BMJ Open","2044-6055","2044-6055","2044-6055","2044-6055","http://creativecommons.org/licenses/by-nc/4.0/",TRUE,"39672586","PMC11647398",NA,NA,TRUE,"bmj2023gac","04tsk2644_bmj2023gac_2024"
"Bochum U",2024,2347.95,"10.1136/bmjno-2024-000665",FALSE,FALSE,"BMJ","BMJ Neurology Open","2632-6140",NA,"2632-6140","2632-6140","https://creativecommons.org/licenses/by/4.0/",TRUE,"38860229",NA,NA,NA,TRUE,"bmj2023gac","04tsk2644_bmj2023gac_2024"
"Bochum U",2024,1888.63,"10.1186/s12891-024-07467-1",FALSE,FALSE,"Springer Nature","BMC Musculoskeletal Disorders","1471-2474",NA,"1471-2474","1471-2474","https://creativecommons.org/licenses/by/4.0",TRUE,"38671405","PMC11046766",NA,NA,TRUE,"sn2024deal","04tsk2644_sn2024deal_2024"
"Bochum U",2024,2632.5,"10.1186/s13054-024-05175-9",FALSE,FALSE,"Springer Nature","Critical Care","1364-8535",NA,"1364-8535","1364-8535","https://creativecommons.org/licenses/by/4.0",TRUE,"39668341","PMC11639119",NA,NA,TRUE,"sn2024deal","04tsk2644_sn2024deal_2024"
"Bochum U",2024,1888.62,"10.1186/s12245-024-00705-2",FALSE,FALSE,"Springer Nature","International Journal of Emergency Medicine","1865-1380",NA,"1865-1380","1865-1372","https://creativecommons.org/licenses/by/4.0",TRUE,"39256679","PMC11385147",NA,NA,TRUE,"sn2024deal","04tsk2644_sn2024deal_2024"
"Bochum U",2024,2816.24,"10.1007/s10565-024-09935-9",FALSE,FALSE,"Springer Nature","Cell Biology and Toxicology","1573-6822",NA,"1573-6822","0742-2091","https://creativecommons.org/licenses/by/4.0",TRUE,"39538061","PMC11561009",NA,NA,FALSE,"sn2024deal","04tsk2644_sn2024deal_2024"
"Bochum U",2024,1927.71,"10.1038/s41598-024-62605-y",FALSE,FALSE,"Springer Nature","Scientific Reports","2045-2322",NA,"2045-2322","2045-2322","https://creativecommons.org/licenses/by/4.0",TRUE,"38806578","PMC11133377",NA,NA,TRUE,"sn2024deal","04tsk2644_sn2024deal_2024"
"Bochum U",2024,1983.53,"10.1186/s12893-024-02636-4",FALSE,FALSE,"Springer Nature","BMC Surgery","1471-2482",NA,"1471-2482","1471-2482","https://creativecommons.org/licenses/by/4.0",TRUE,"39563353","PMC11577625",NA,NA,TRUE,"sn2024deal","04tsk2644_sn2024deal_2024"
"Bochum U",2024,1927.71,"10.1038/s41598-024-76984-9",FALSE,FALSE,"Springer Nature","Scientific Reports","2045-2322",NA,"2045-2322","2045-2322","https://creativecommons.org/licenses/by/4.0",TRUE,"39592661","PMC11599565",NA,NA,TRUE,"sn2024deal","04tsk2644_sn2024deal_2024"
"Bochum U",2024,2249.41,"10.1186/s13075-024-03365-y",FALSE,FALSE,"Springer Nature","Arthritis Research & Therapy","1478-6362",NA,"1478-6362","1478-6354","https://creativecommons.org/licenses/by/4.0",TRUE,"39061060","PMC11282743",NA,NA,TRUE,"sn2024deal","04tsk2644_sn2024deal_2024"
"Bochum U",2024,2249.41,"10.1186/s13075-024-03359-w",FALSE,FALSE,"Springer Nature","Arthritis Research & Therapy","1478-6362",NA,"1478-6362","1478-6354","https://creativecommons.org/licenses/by/4.0",TRUE,"39097721","PMC11297750",NA,NA,TRUE,"sn2024deal","04tsk2644_sn2024deal_2024"
"Bochum U",2024,2249.41,"10.1186/s13075-024-03377-8",FALSE,FALSE,"Springer Nature","Arthritis Research & Therapy","1478-6362",NA,"1478-6362","1478-6354","https://creativecommons.org/licenses/by/4.0",TRUE,"39054458","PMC11270841",NA,NA,TRUE,"sn2024deal","04tsk2644_sn2024deal_2024"
"Bochum U",2024,2249.4,"10.1186/s13075-024-03386-7",FALSE,FALSE,"Springer Nature","Arthritis Research & Therapy","1478-6362",NA,"1478-6362","1478-6354","https://creativecommons.org/licenses/by/4.0",TRUE,"39232829","PMC11373462",NA,NA,TRUE,"sn2024deal","04tsk2644_sn2024deal_2024"
"Bochum U",2024,3083.3,"10.1038/s43856-024-00641-5",FALSE,FALSE,"Springer Nature","Communications Medicine","2730-664X",NA,"2730-664X","2730-664X","https://creativecommons.org/licenses/by/4.0",TRUE,"39487225","PMC11530451",NA,NA,TRUE,"sn2024deal","04tsk2644_sn2024deal_2024"
"Bochum U",2024,1824.76,"10.1186/s13019-024-02529-w",FALSE,FALSE,"Springer Nature","Journal of Cardiothoracic Surgery","1749-8090",NA,"1749-8090","1749-8090","https://creativecommons.org/licenses/by/4.0",TRUE,"38388907","PMC10885471",NA,NA,TRUE,"sn2024deal","04tsk2644_sn2024deal_2024"
"Bochum U",2024,1927.71,"10.1038/s41598-024-63158-w",FALSE,FALSE,"Springer Nature","Scientific Reports","2045-2322",NA,"2045-2322","2045-2322","https://creativecommons.org/licenses/by/4.0",TRUE,"38811750","PMC11137073",NA,NA,TRUE,"sn2024deal","04tsk2644_sn2024deal_2024"
"Bochum U",2024,1888.62,"10.1186/s12883-024-03794-x",FALSE,FALSE,"Springer Nature","BMC Neurology","1471-2377",NA,"1471-2377","1471-2377","https://creativecommons.org/licenses/by/4.0",TRUE,"39198811","PMC11351622",NA,NA,TRUE,"sn2024deal","04tsk2644_sn2024deal_2024"
"Bochum U",2024,1532.24,"10.1186/s42466-024-00354-z",FALSE,FALSE,"Springer Nature","Neurological Research and Practice","2524-3489",NA,"2524-3489","2524-3489","https://creativecommons.org/licenses/by/4.0",TRUE,"39465424","PMC11514528",NA,NA,TRUE,"sn2024deal","04tsk2644_sn2024deal_2024"
"Bochum U",2024,2008.15,"10.1186/s12981-024-00606-7",FALSE,FALSE,"Springer Nature","AIDS Research and Therapy","1742-6405",NA,"1742-6405","1742-6405","https://creativecommons.org/licenses/by/4.0",TRUE,"38581028","PMC10996268",NA,NA,TRUE,"sn2024deal","04tsk2644_sn2024deal_2024"
"Bochum U",2024,1888.62,"10.1186/s13006-024-00664-7",FALSE,FALSE,"Springer Nature","International Breastfeeding Journal","1746-4358",NA,"1746-4358","1746-4358","https://creativecommons.org/licenses/by/4.0",TRUE,"39272188","PMC11401266",NA,NA,TRUE,"sn2024deal","04tsk2644_sn2024deal_2024"
"Bochum U",2024,1733.07,"10.1186/s13063-024-08379-0",FALSE,FALSE,"Springer Nature","Trials","1745-6215",NA,"1745-6215","1745-6215","https://creativecommons.org/licenses/by/4.0",TRUE,"39148115","PMC11328395",NA,NA,TRUE,"sn2024deal","04tsk2644_sn2024deal_2024"
"Bochum U",2024,1549.67,"10.1186/s40348-024-00182-w",FALSE,FALSE,"Springer Nature","Molecular and Cellular Pediatrics","2194-7791",NA,"2194-7791","2194-7791","https://creativecommons.org/licenses/by/4.0",TRUE,"39285120","PMC11405648",NA,NA,TRUE,"sn2024deal","04tsk2644_sn2024deal_2024"
"Bochum U",2024,1927.71,"10.1038/s41598-024-68715-x",FALSE,FALSE,"Springer Nature","Scientific Reports","2045-2322",NA,"2045-2322","2045-2322","https://creativecommons.org/licenses/by/4.0",TRUE,"39090252","PMC11294562",NA,NA,TRUE,"sn2024deal","04tsk2644_sn2024deal_2024"
"Bochum U",2024,1983.54,"10.1186/s12893-024-02410-6",FALSE,FALSE,"Springer Nature","BMC Surgery","1471-2482",NA,"1471-2482","1471-2482","https://creativecommons.org/licenses/by/4.0",TRUE,"38698365","PMC11067230",NA,NA,TRUE,"sn2024deal","04tsk2644_sn2024deal_2024"
"Bochum U",2024,2249.41,"10.1186/s13613-024-01349-4",FALSE,FALSE,"Elsevier BV","Annals of Intensive Care","2110-5820","2110-5820",NA,"2110-5820","http://creativecommons.org/licenses/by-nc-nd/4.0/",TRUE,"39002065","PMC11246358",NA,NA,TRUE,"sn2024deal","04tsk2644_sn2024deal_2024"
"Bochum U",2024,2632.5,"10.1186/s13054-024-05056-1",FALSE,FALSE,"Springer Nature","Critical Care","1364-8535",NA,"1364-8535","1364-8535","https://creativecommons.org/licenses/by/4.0",TRUE,"39135180","PMC11321204",NA,NA,TRUE,"sn2024deal","04tsk2644_sn2024deal_2024"
"Bochum U",2024,2730.64,"10.1007/s00432-024-05815-1",FALSE,FALSE,"Springer Nature","Journal of Cancer Research and Clinical Oncology","1432-1335",NA,"1432-1335","0171-5216","https://creativecommons.org/licenses/by/4.0",TRUE,"38850365","PMC11162374",NA,NA,TRUE,"sn2024deal","04tsk2644_sn2024deal_2024"
"Bochum U",2024,2388.24,"10.1007/s00384-024-04624-9",FALSE,FALSE,"Springer Nature","International Journal of Colorectal Disease","1432-1262",NA,"1432-1262","0179-1958","https://creativecommons.org/licenses/by/4.0",TRUE,"38598172","PMC11006757",NA,NA,FALSE,"sn2024deal","04tsk2644_sn2024deal_2024"
"Bochum U",2024,1763.06,"10.1186/s40635-024-00617-8",FALSE,FALSE,"Springer Nature","Intensive Care Medicine Experimental","2197-425X",NA,"2197-425X","2197-425X","https://creativecommons.org/licenses/by/4.0",TRUE,"38589754","PMC11001842",NA,NA,TRUE,"sn2024deal","04tsk2644_sn2024deal_2024"
"Bochum U",2024,1983.53,"10.1186/s13034-024-00831-y",FALSE,FALSE,"Springer Nature","Child and Adolescent Psychiatry and Mental Health","1753-2000",NA,"1753-2000","1753-2000","https://creativecommons.org/licenses/by/4.0",TRUE,"39605050","PMC11603866",NA,NA,TRUE,"sn2024deal","04tsk2644_sn2024deal_2024"
"Bochum U",2024,1983.53,"10.1186/s13034-024-00853-6",FALSE,FALSE,"Springer Nature","Child and Adolescent Psychiatry and Mental Health","1753-2000",NA,"1753-2000","1753-2000","https://creativecommons.org/licenses/by/4.0",TRUE,"39731115","PMC11681694",NA,NA,TRUE,"sn2024deal","04tsk2644_sn2024deal_2024"
"Bochum U",2024,1789.04,"10.1186/s13049-024-01213-1",FALSE,FALSE,"Springer Nature","Scandinavian Journal of Trauma, Resuscitation and Emergency Medicine","1757-7241",NA,"1757-7241","1757-7241","https://creativecommons.org/licenses/by/4.0",TRUE,"38730289","PMC11084009",NA,NA,TRUE,"sn2024deal","04tsk2644_sn2024deal_2024"
"Bochum U",2024,1954.73,"10.1186/s40001-024-01864-x",FALSE,FALSE,"Springer Nature","European Journal of Medical Research","2047-783X",NA,"2047-783X","0949-2321","https://creativecommons.org/licenses/by/4.0",TRUE,"38698492","PMC11067130",NA,NA,TRUE,"sn2024deal","04tsk2644_sn2024deal_2024"
"Bochum U",2024,1789.04,"10.1186/s13049-024-01215-z",FALSE,FALSE,"Springer Nature","Scandinavian Journal of Trauma, Resuscitation and Emergency Medicine","1757-7241",NA,"1757-7241","1757-7241","https://creativecommons.org/licenses/by/4.0",TRUE,"38730453","PMC11084095",NA,NA,TRUE,"sn2024deal","04tsk2644_sn2024deal_2024"
"Bochum U",2024,1927.71,"10.1038/s41598-024-77994-3",FALSE,FALSE,"Springer Nature","Scientific Reports","2045-2322",NA,"2045-2322","2045-2322","https://creativecommons.org/licenses/by/4.0",TRUE,"39543148","PMC11564552",NA,NA,TRUE,"sn2024deal","04tsk2644_sn2024deal_2024"
"Bochum U",2024,1927.71,"10.1038/s41598-024-66421-2",FALSE,FALSE,"Springer Nature","Scientific Reports","2045-2322",NA,"2045-2322","2045-2322","https://creativecommons.org/licenses/by/4.0",TRUE,"38987641","PMC11236990",NA,NA,TRUE,"sn2024deal","04tsk2644_sn2024deal_2024"
"Bochum U",2024,2730.64,"10.1007/s00432-024-06043-3",FALSE,FALSE,"Springer Nature","Journal of Cancer Research and Clinical Oncology","1432-1335",NA,"1432-1335","0171-5216","https://creativecommons.org/licenses/by/4.0",TRUE,"39614916","PMC11608168",NA,NA,TRUE,"sn2024deal","04tsk2644_sn2024deal_2024"
"Bochum U",2024,1714.05,"10.1186/s40644-024-00814-4",FALSE,FALSE,"Springer Nature","Cancer Imaging","1470-7330",NA,"1470-7330","1470-7330","https://creativecommons.org/licenses/by/4.0",TRUE,"39707580","PMC11662562",NA,NA,TRUE,"sn2024deal","04tsk2644_sn2024deal_2024"
"Bochum U",2024,2730.64,"10.1007/s00432-024-06009-5",FALSE,FALSE,"Springer Nature","Journal of Cancer Research and Clinical Oncology","1432-1335",NA,"1432-1335","0171-5216","https://creativecommons.org/licenses/by/4.0",TRUE,"39546043","PMC11567988",NA,NA,TRUE,"sn2024deal","04tsk2644_sn2024deal_2024"
"Bochum U",2024,2173.34,"10.1186/s12931-024-02977-x",FALSE,FALSE,"Springer Nature","Respiratory Research","1465-993X",NA,"1465-993X","1465-9921","https://creativecommons.org/licenses/by/4.0",TRUE,"39354441","PMC11446110",NA,NA,TRUE,"sn2024deal","04tsk2644_sn2024deal_2024"
"Bochum U",2024,1159.08,"10.1186/s40337-024-00975-4",FALSE,FALSE,"Springer Nature","Journal of Eating Disorders","2050-2974",NA,"2050-2974","2050-2974","https://creativecommons.org/licenses/by/4.0",TRUE,"38268007","PMC10809437",NA,NA,TRUE,"sn2024deal","04tsk2644_sn2024deal_2024"
"Bochum U",2024,1698.82,"10.1186/s40479-024-00259-y",FALSE,FALSE,"Springer Nature","Borderline Personality Disorder and Emotion Dysregulation","2051-6673",NA,"2051-6673","2051-6673","https://creativecommons.org/licenses/by/4.0",TRUE,"39026374","PMC11256375",NA,NA,TRUE,"sn2024deal","04tsk2644_sn2024deal_2024"
"Bochum U",2024,1159.07,"10.1186/s40337-024-01152-3",FALSE,FALSE,"Springer Nature","Journal of Eating Disorders","2050-2974",NA,"2050-2974","2050-2974","https://creativecommons.org/licenses/by/4.0",TRUE,"39633398","PMC11619332",NA,NA,TRUE,"sn2024deal","04tsk2644_sn2024deal_2024"
"Bochum U",2024,2664.41,"10.1038/s41524-024-01196-8",FALSE,FALSE,"Springer Nature","npj Computational Materials","2057-3960",NA,"2057-3960","2057-3960","https://creativecommons.org/licenses/by/4.0",TRUE,NA,NA,NA,NA,TRUE,"sn2024deal","04tsk2644_sn2024deal_2024"
"Bochum U",2024,972.44,"10.1186/s41313-024-00065-7",FALSE,FALSE,"Springer Nature","Journal of Materials Science: Materials Theory","3004-8966",NA,"3004-8966","3004-8966","https://creativecommons.org/licenses/by/4.0",TRUE,NA,NA,NA,NA,FALSE,"sn2024deal","04tsk2644_sn2024deal_2024"
"Bochum U",2024,1927.71,"10.1038/s41598-024-81532-6",FALSE,FALSE,"Springer Nature","Scientific Reports","2045-2322",NA,"2045-2322","2045-2322","https://creativecommons.org/licenses/by/4.0",TRUE,"39681585","PMC11649801",NA,NA,TRUE,"sn2024deal","04tsk2644_sn2024deal_2024"
"Bochum U",2024,1075.59,"10.1186/s13256-024-04651-8",FALSE,FALSE,"Springer Nature","Journal of Medical Case Reports","1752-1947",NA,"1752-1947","1752-1947","https://creativecommons.org/licenses/by/4.0",TRUE,"38982525","PMC11234779",NA,NA,TRUE,"sn2024deal","04tsk2644_sn2024deal_2024"
"Bochum U",2024,2363.16,"10.1186/s12967-024-05844-x",FALSE,FALSE,"Springer Nature","Journal of Translational Medicine","1479-5876",NA,"1479-5876","1479-5876","https://creativecommons.org/licenses/by/4.0",TRUE,"39587670","PMC11590282",NA,NA,TRUE,"sn2024deal","04tsk2644_sn2024deal_2024"
"Bochum U",2024,2908.06,"10.1080/07853890.2024.2382372",FALSE,FALSE,"Informa UK Limited","Annals of Medicine","0785-3890","0785-3890","1365-2060","0785-3890","http://creativecommons.org/licenses/by/4.0/",TRUE,"39046819","PMC11271124",NA,NA,TRUE,"tf2024zbw","04tsk2644_tf2024zbw_2024"
"Bochum U",2024,1714.49,"10.1080/20008066.2024.2331402",FALSE,FALSE,"Informa UK Limited","European Journal of Psychotraumatology","2000-8066",NA,"2000-8066","2000-8066","http://creativecommons.org/licenses/by-nc/4.0/",TRUE,"38591762","PMC11028024",NA,NA,TRUE,"tf2024zbw","04tsk2644_tf2024zbw_2024"
"Bochum U",2024,2610.8,"10.1111/ene.16479",FALSE,FALSE,"Wiley-Blackwell","European Journal of Neurology","1351-5101","1351-5101","1468-1331","1351-5101","http://creativecommons.org/licenses/by/4.0/",TRUE,"39283047","PMC11555129",NA,NA,TRUE,"wiley2024deal","04tsk2644_wiley2024deal_2024"
"Bochum U",2024,2427.6,"10.1111/1753-0407.13525",FALSE,FALSE,"Wiley-Blackwell","Journal of Diabetes","1753-0393","1753-0393","1753-0407","1753-0407","http://creativecommons.org/licenses/by/4.0/",TRUE,"38169110","PMC11418405",NA,NA,TRUE,"wiley2024deal","04tsk2644_wiley2024deal_2024"
"Bochum U",2024,2903.6,"10.1111/ene.16205",FALSE,FALSE,"Wiley-Blackwell","European Journal of Neurology","1351-5101","1351-5101","1468-1331","1351-5101","http://creativecommons.org/licenses/by-nc/4.0/",TRUE,"38205888","PMC11235998",NA,NA,TRUE,"wiley2024deal","04tsk2644_wiley2024deal_2024"
"Bochum U",2024,3612.32,"10.1002/ehf2.14991",FALSE,FALSE,"Wiley-Blackwell","ESC Heart Failure","2055-5822",NA,"2055-5822","2055-5822","http://creativecommons.org/licenses/by-nc-nd/4.0/",TRUE,"39385474","PMC11911630",NA,NA,TRUE,"wiley2024deal","04tsk2644_wiley2024deal_2024"
"Bochum U",2024,1284,"10.1111/ene.16396",FALSE,FALSE,"Wiley-Blackwell","European Journal of Neurology","1351-5101","1351-5101","1468-1331","1351-5101","http://creativecommons.org/licenses/by-nc/4.0/",TRUE,"38925580","PMC11414797",NA,NA,TRUE,"wiley2024deal","04tsk2644_wiley2024deal_2024"
"Bochum U",2024,2490.96,"10.1002/acn3.52137",FALSE,FALSE,"Wiley-Blackwell","Annals of Clinical and Translational Neurology","2328-9503","2328-9503","2328-9503","2328-9503","http://creativecommons.org/licenses/by/4.0/",TRUE,"39054631","PMC11330211",NA,NA,TRUE,"wiley2024deal","04tsk2644_wiley2024deal_2024"
"Bochum U",2024,2140,"10.1002/epi4.12933",FALSE,FALSE,"Wiley-Blackwell","Epilepsia Open","2470-9239","2470-9239","2470-9239","2470-9239","http://creativecommons.org/licenses/by-nc-nd/4.0/",TRUE,"38689518","PMC11145620",NA,NA,TRUE,"wiley2024deal","04tsk2644_wiley2024deal_2024"
"Bochum U",2024,2764.88,"10.1002/cam4.7362",FALSE,FALSE,"Wiley-Blackwell","Cancer Medicine","2045-7634","2045-7634","2045-7634","2045-7634","http://creativecommons.org/licenses/by/4.0/",TRUE,"39618405","PMC11192969",NA,NA,TRUE,"wiley2024deal","04tsk2644_wiley2024deal_2024"
"Bochum U",2024,3038.8,"10.1002/1878-0261.13778",FALSE,FALSE,"Wiley-Blackwell","Molecular Oncology","1574-7891","1574-7891","1878-0261","1574-7891","http://creativecommons.org/licenses/by/4.0/",TRUE,"39630848","PMC11793001",NA,NA,TRUE,"wiley2024deal","04tsk2644_wiley2024deal_2024"
"Bochum U",2024,3355.52,"10.1002/jcsm.13488",FALSE,FALSE,"Wiley-Blackwell","Journal of Cachexia, Sarcopenia and Muscle","2190-5991","2190-5991","2190-6009","2190-5991","http://creativecommons.org/licenses/by/4.0/",TRUE,"38859660","PMC11294025",NA,NA,TRUE,"wiley2024deal","04tsk2644_wiley2024deal_2024"
"Bochum U",2024,2140,"10.1002/ueg2.12627",FALSE,FALSE,"Wiley-Blackwell","United European Gastroenterology Journal","2050-6406","2050-6406","2050-6414","2050-6406","http://creativecommons.org/licenses/by-nc-nd/4.0/",TRUE,"39007783","PMC11485303",NA,NA,FALSE,"wiley2024deal","04tsk2644_wiley2024deal_2024"
"Bochum U",2024,2610.8,"10.1111/ene.16330",FALSE,FALSE,"Wiley-Blackwell","European Journal of Neurology","1351-5101","1351-5101","1468-1331","1351-5101","http://creativecommons.org/licenses/by-nc-nd/4.0/",TRUE,"38794961","PMC11235736",NA,NA,TRUE,"wiley2024deal","04tsk2644_wiley2024deal_2024"
"Bochum U",2024,NA,"10.1002/zamm.202200595",TRUE,FALSE,"Wiley-Blackwell","ZAMM - Journal of Applied Mathematics and Mechanics / Zeitschrift für Angewandte Mathematik und Mechanik","0044-2267","0044-2267","1521-4001","0044-2267","http://creativecommons.org/licenses/by/4.0/",TRUE,NA,NA,NA,NA,FALSE,"wiley2024deal","04tsk2644_wiley2024deal_2024"
"Bochum U",2024,NA,"10.1002/cite.202300188",TRUE,FALSE,"Wiley-Blackwell","Chemie Ingenieur Technik","0009-286X","0009-286X","1522-2640","0009-286X","http://creativecommons.org/licenses/by/4.0/",TRUE,NA,NA,NA,NA,FALSE,"wiley2024deal","04tsk2644_wiley2024deal_2024"
"Bochum U",2024,NA,"10.1002/suco.202300877",TRUE,FALSE,"Wiley-Blackwell","Structural Concrete","1464-4177","1464-4177","1751-7648","1464-4177","http://creativecommons.org/licenses/by/4.0/",TRUE,NA,NA,NA,NA,FALSE,"wiley2024deal","04tsk2644_wiley2024deal_2024"
"Bochum U",2024,NA,"10.1002/nme.7500",TRUE,FALSE,"Wiley-Blackwell","International Journal for Numerical Methods in Engineering","0029-5981","0029-5981","1097-0207","0029-5981","http://creativecommons.org/licenses/by/4.0/",TRUE,NA,NA,NA,NA,FALSE,"wiley2024deal","04tsk2644_wiley2024deal_2024"
"Bochum U",2024,NA,"10.1002/pamm.202400004",TRUE,FALSE,"Wiley-Blackwell","PAMM","1617-7061","1617-7061","1617-7061","1617-7061","http://creativecommons.org/licenses/by/4.0/",TRUE,NA,NA,NA,NA,FALSE,"wiley2024deal","04tsk2644_wiley2024deal_2024"
"Bochum U",2024,NA,"10.1002/nag.3852",TRUE,FALSE,"Wiley-Blackwell","International Journal for Numerical and Analytical Methods in Geomechanics","0363-9061","0363-9061","1096-9853","0363-9061","http://creativecommons.org/licenses/by-nc-nd/4.0/",TRUE,NA,NA,NA,NA,FALSE,"wiley2024deal","04tsk2644_wiley2024deal_2024"
"Bochum U",2024,NA,"10.1002/pamm.202400169",TRUE,FALSE,"Wiley-Blackwell","PAMM","1617-7061","1617-7061","1617-7061","1617-7061","http://creativecommons.org/licenses/by/4.0/",TRUE,NA,NA,NA,NA,FALSE,"wiley2024deal","04tsk2644_wiley2024deal_2024"
"Bochum U",2024,NA,"10.1002/suco.202400680",TRUE,FALSE,"Wiley-Blackwell","Structural Concrete","1464-4177","1464-4177","1751-7648","1464-4177","http://creativecommons.org/licenses/by/4.0/",TRUE,NA,NA,NA,NA,FALSE,"wiley2024deal","04tsk2644_wiley2024deal_2024"
"Bochum U",2024,NA,"10.1002/suco.202400461",TRUE,FALSE,"Wiley-Blackwell","Structural Concrete","1464-4177","1464-4177","1751-7648","1464-4177","http://creativecommons.org/licenses/by/4.0/",TRUE,NA,NA,NA,NA,FALSE,"wiley2024deal","04tsk2644_wiley2024deal_2024"
"Bochum U",2024,NA,"10.1002/pamm.202400024",TRUE,FALSE,"Wiley-Blackwell","PAMM","1617-7061","1617-7061","1617-7061","1617-7061","http://creativecommons.org/licenses/by-nc-nd/4.0/",TRUE,NA,NA,NA,NA,FALSE,"wiley2024deal","04tsk2644_wiley2024deal_2024"
"Bochum U",2024,NA,"10.1002/pamm.202400040",TRUE,FALSE,"Wiley-Blackwell","PAMM","1617-7061","1617-7061","1617-7061","1617-7061","http://creativecommons.org/licenses/by/4.0/",TRUE,NA,NA,NA,NA,FALSE,"wiley2024deal","04tsk2644_wiley2024deal_2024"
"Bochum U",2024,NA,"10.1111/brv.13072",TRUE,FALSE,"Wiley-Blackwell","Biological Reviews","1464-7931","1464-7931","1469-185X","0006-3231","http://creativecommons.org/licenses/by/4.0/",TRUE,"38468189",NA,NA,NA,FALSE,"wiley2024deal","04tsk2644_wiley2024deal_2024"
"Bochum U",2024,NA,"10.1002/lno.12557",TRUE,FALSE,"Wiley-Blackwell","Limnology and Oceanography","0024-3590","0024-3590","1939-5590","0024-3590","http://creativecommons.org/licenses/by-nc-nd/4.0/",TRUE,NA,NA,NA,NA,FALSE,"wiley2024deal","04tsk2644_wiley2024deal_2024"
"Bochum U",2024,NA,"10.1002/cbic.202300863",TRUE,FALSE,"Wiley-Blackwell","ChemBioChem","1439-4227","1439-4227","1439-7633","1439-4227","http://creativecommons.org/licenses/by/4.0/",TRUE,"38713151",NA,NA,NA,FALSE,"wiley2024deal","04tsk2644_wiley2024deal_2024"
"Bochum U",2024,NA,"10.1002/cbic.202400098",TRUE,FALSE,"Wiley-Blackwell","ChemBioChem","1439-4227","1439-4227","1439-7633","1439-4227","http://creativecommons.org/licenses/by-nc-nd/4.0/",TRUE,"38787654",NA,NA,NA,FALSE,"wiley2024deal","04tsk2644_wiley2024deal_2024"
"Bochum U",2024,NA,"10.1002/tax.13221",TRUE,FALSE,"Wiley-Blackwell","Taxon","0040-0262","0040-0262","1996-8175","0040-0262","http://creativecommons.org/licenses/by-nc-nd/4.0/",TRUE,NA,NA,NA,NA,FALSE,"wiley2024deal","04tsk2644_wiley2024deal_2024"
"Bochum U",2024,NA,"10.1002/cctc.202401021",TRUE,FALSE,"Wiley-Blackwell","ChemCatChem","1867-3880","1867-3880","1867-3899","1867-3880","http://creativecommons.org/licenses/by/4.0/",TRUE,NA,NA,NA,NA,FALSE,"wiley2024deal","04tsk2644_wiley2024deal_2024"
"Bochum U",2024,NA,"10.1111/btp.13395",TRUE,FALSE,"Wiley-Blackwell","Biotropica","0006-3606","0006-3606","1744-7429","0006-3606","http://creativecommons.org/licenses/by/4.0/",TRUE,NA,NA,NA,NA,FALSE,"wiley2024deal","04tsk2644_wiley2024deal_2024"
"Bochum U",2024,NA,"10.1111/fwb.14329",TRUE,FALSE,"Wiley-Blackwell","Freshwater Biology","0046-5070","0046-5070","1365-2427","0046-5070","http://creativecommons.org/licenses/by/4.0/",TRUE,NA,NA,NA,NA,FALSE,"wiley2024deal","04tsk2644_wiley2024deal_2024"
"Bochum U",2024,NA,"10.1002/cne.70011",TRUE,FALSE,"Wiley-Blackwell","Journal of Comparative Neurology","0021-9967","0021-9967","1096-9861","0021-9967","http://creativecommons.org/licenses/by-nc/4.0/",TRUE,"39660539","PMC11632654",NA,NA,FALSE,"wiley2024deal","04tsk2644_wiley2024deal_2024"
"Bochum U",2024,NA,"10.1002/chem.202304060",TRUE,FALSE,"Wiley-Blackwell","Chemistry - A European Journal","0947-6539","0947-6539","1521-3765","0947-6539","http://creativecommons.org/licenses/by-nc/4.0/",TRUE,"38206188",NA,NA,NA,FALSE,"wiley2024deal","04tsk2644_wiley2024deal_2024"
"Bochum U",2024,NA,"10.1002/cssc.202301746",TRUE,FALSE,"Wiley-Blackwell","ChemSusChem","1864-5631","1864-5631","1864-564X","1864-5631","http://creativecommons.org/licenses/by-nc/4.0/",TRUE,"38214055",NA,NA,NA,FALSE,"wiley2024deal","04tsk2644_wiley2024deal_2024"
"Bochum U",2024,NA,"10.1002/adsc.202301474",TRUE,FALSE,"Wiley-Blackwell","Advanced Synthesis & Catalysis","1615-4150","1615-4150","1615-4169","1615-4150","http://creativecommons.org/licenses/by-nc/4.0/",TRUE,NA,NA,NA,NA,FALSE,"wiley2024deal","04tsk2644_wiley2024deal_2024"
"Bochum U",2024,NA,"10.1002/chem.202303830",TRUE,FALSE,"Wiley-Blackwell","Chemistry - A European Journal","0947-6539","0947-6539","1521-3765","0947-6539","http://creativecommons.org/licenses/by-nc-nd/4.0/",TRUE,"38271542",NA,NA,NA,FALSE,"wiley2024deal","04tsk2644_wiley2024deal_2024"
"Bochum U",2024,NA,"10.1002/cctc.202301600",TRUE,FALSE,"Wiley-Blackwell","ChemCatChem","1867-3880","1867-3880","1867-3899","1867-3880","http://creativecommons.org/licenses/by/4.0/",TRUE,NA,NA,NA,NA,FALSE,"wiley2024deal","04tsk2644_wiley2024deal_2024"
"Bochum U",2024,NA,"10.1002/smll.202311627",TRUE,FALSE,"Wiley-Blackwell","Small","1613-6810","1613-6810","1613-6829","1613-6810","http://creativecommons.org/licenses/by/4.0/",TRUE,"38462958",NA,NA,NA,FALSE,"wiley2024deal","04tsk2644_wiley2024deal_2024"
"Bochum U",2024,NA,"10.1002/anie.202403766",TRUE,FALSE,"Wiley-Blackwell","Angewandte Chemie International Edition","1433-7851","1433-7851","1521-3773","1433-7851","http://creativecommons.org/licenses/by-nc/4.0/",TRUE,"38470943",NA,NA,NA,FALSE,"wiley2024deal","04tsk2644_wiley2024deal_2024"
"Bochum U",2024,NA,"10.1002/cssc.202300871",TRUE,FALSE,"Wiley-Blackwell","ChemSusChem","1864-5631","1864-5631","1864-564X","1864-5631","http://creativecommons.org/licenses/by/4.0/",TRUE,"38546156",NA,NA,NA,FALSE,"wiley2024deal","04tsk2644_wiley2024deal_2024"
"Bochum U",2024,NA,"10.1002/chem.202400217",TRUE,FALSE,"Wiley-Blackwell","Chemistry - A European Journal","0947-6539","0947-6539","1521-3765","0947-6539","http://creativecommons.org/licenses/by-nc-nd/4.0/",TRUE,"38574234",NA,NA,NA,FALSE,"wiley2024deal","04tsk2644_wiley2024deal_2024"
"Bochum U",2024,NA,"10.1002/ente.202400678",TRUE,FALSE,"Wiley-Blackwell","Energy Technology","2194-4288","2194-4288","2194-4296","2194-4288","http://creativecommons.org/licenses/by/4.0/",TRUE,NA,NA,NA,NA,FALSE,"wiley2024deal","04tsk2644_wiley2024deal_2024"
"Bochum U",2024,NA,"10.1002/cctc.202400196",TRUE,FALSE,"Wiley-Blackwell","ChemCatChem","1867-3880","1867-3880","1867-3899","1867-3880","http://creativecommons.org/licenses/by/4.0/",TRUE,NA,NA,NA,NA,FALSE,"wiley2024deal","04tsk2644_wiley2024deal_2024"
"Bochum U",2024,NA,"10.1002/cssc.202400094",TRUE,FALSE,"Wiley-Blackwell","ChemSusChem","1864-5631","1864-5631","1864-564X","1864-5631","http://creativecommons.org/licenses/by-nc/4.0/",TRUE,"38635873",NA,NA,NA,FALSE,"wiley2024deal","04tsk2644_wiley2024deal_2024"
"Bochum U",2024,NA,"10.1002/chem.202401275",TRUE,FALSE,"Wiley-Blackwell","Chemistry - A European Journal","0947-6539","0947-6539","1521-3765","0947-6539","http://creativecommons.org/licenses/by/4.0/",TRUE,"38656605",NA,NA,NA,FALSE,"wiley2024deal","04tsk2644_wiley2024deal_2024"
"Bochum U",2024,NA,"10.1002/anie.202403649",TRUE,FALSE,"Wiley-Blackwell","Angewandte Chemie International Edition","1433-7851","1433-7851","1521-3773","1433-7851","http://creativecommons.org/licenses/by-nc/4.0/",TRUE,"38682640",NA,NA,NA,FALSE,"wiley2024deal","04tsk2644_wiley2024deal_2024"
"Bochum U",2024,NA,"10.1002/adfm.202400180",TRUE,FALSE,"Wiley-Blackwell","Advanced Functional Materials","1616-301X","1616-301X","1616-3028","1616-301X","http://creativecommons.org/licenses/by-nc-nd/4.0/",TRUE,NA,NA,NA,NA,FALSE,"wiley2024deal","04tsk2644_wiley2024deal_2024"
"Bochum U",2024,NA,"10.1002/cctc.202400491",TRUE,FALSE,"Wiley-Blackwell","ChemCatChem","1867-3880","1867-3880","1867-3899","1867-3880","http://creativecommons.org/licenses/by-nc/4.0/",TRUE,NA,NA,NA,NA,FALSE,"wiley2024deal","04tsk2644_wiley2024deal_2024"
"Bochum U",2024,NA,"10.1002/anie.202402120",TRUE,FALSE,"Wiley-Blackwell","Angewandte Chemie International Edition","1433-7851","1433-7851","1521-3773","1433-7851","http://creativecommons.org/licenses/by-nc-nd/4.0/",TRUE,"38695846",NA,NA,NA,FALSE,"wiley2024deal","04tsk2644_wiley2024deal_2024"
"Bochum U",2024,NA,"10.1002/chem.202401731",TRUE,FALSE,"Wiley-Blackwell","Chemistry - A European Journal","0947-6539","0947-6539","1521-3765","0947-6539","http://creativecommons.org/licenses/by-nc/4.0/",TRUE,"38700114",NA,NA,NA,FALSE,"wiley2024deal","04tsk2644_wiley2024deal_2024"
"Bochum U",2024,NA,"10.1002/cctc.202400601",TRUE,FALSE,"Wiley-Blackwell","ChemCatChem","1867-3880","1867-3880","1867-3899","1867-3880","http://creativecommons.org/licenses/by-nc-nd/4.0/",TRUE,NA,NA,NA,NA,FALSE,"wiley2024deal","04tsk2644_wiley2024deal_2024"
"Bochum U",2024,NA,"10.1002/adfm.202403224",TRUE,FALSE,"Wiley-Blackwell","Advanced Functional Materials","1616-301X","1616-301X","1616-3028","1616-301X","http://creativecommons.org/licenses/by-nc-nd/4.0/",TRUE,NA,NA,NA,NA,FALSE,"wiley2024deal","04tsk2644_wiley2024deal_2024"
"Bochum U",2024,NA,"10.1002/anie.202404823",TRUE,FALSE,"Wiley-Blackwell","Angewandte Chemie International Edition","1433-7851","1433-7851","1521-3773","1433-7851","http://creativecommons.org/licenses/by-nc-nd/4.0/",TRUE,"38728623",NA,NA,NA,FALSE,"wiley2024deal","04tsk2644_wiley2024deal_2024"
"Bochum U",2024,NA,"10.1002/anie.202405342",TRUE,FALSE,"Wiley-Blackwell","Angewandte Chemie International Edition","1433-7851","1433-7851","1521-3773","1433-7851","http://creativecommons.org/licenses/by-nc/4.0/",TRUE,"38801736",NA,NA,NA,FALSE,"wiley2024deal","04tsk2644_wiley2024deal_2024"
"Bochum U",2024,NA,"10.1002/anie.202405936",TRUE,FALSE,"Wiley-Blackwell","Angewandte Chemie International Edition","1433-7851","1433-7851","1521-3773","1433-7851","http://creativecommons.org/licenses/by-nc/4.0/",TRUE,"38877830",NA,NA,NA,FALSE,"wiley2024deal","04tsk2644_wiley2024deal_2024"
"Bochum U",2024,NA,"10.1002/cite.202400017",TRUE,FALSE,"Wiley-Blackwell","Chemie Ingenieur Technik","0009-286X","0009-286X","1522-2640","0009-286X","http://creativecommons.org/licenses/by/4.0/",TRUE,NA,NA,NA,NA,FALSE,"wiley2024deal","04tsk2644_wiley2024deal_2024"
"Bochum U",2024,NA,"10.1002/anie.202408974",TRUE,FALSE,"Wiley-Blackwell","Angewandte Chemie International Edition","1433-7851","1433-7851","1521-3773","1433-7851","http://creativecommons.org/licenses/by-nc/4.0/",TRUE,"38837734",NA,NA,NA,FALSE,"wiley2024deal","04tsk2644_wiley2024deal_2024"
"Bochum U",2024,NA,"10.1002/anie.202408947",TRUE,FALSE,"Wiley-Blackwell","Angewandte Chemie International Edition","1433-7851","1433-7851","1521-3773","1433-7851","http://creativecommons.org/licenses/by-nc/4.0/",TRUE,"38899792",NA,NA,NA,FALSE,"wiley2024deal","04tsk2644_wiley2024deal_2024"
"Bochum U",2024,NA,"10.1002/chem.202401988",TRUE,FALSE,"Wiley-Blackwell","Chemistry - A European Journal","0947-6539","0947-6539","1521-3765","0947-6539","http://creativecommons.org/licenses/by-nc-nd/4.0/",TRUE,"38923696",NA,NA,NA,FALSE,"wiley2024deal","04tsk2644_wiley2024deal_2024"
"Bochum U",2024,NA,"10.1002/anie.202404348",TRUE,FALSE,"Wiley-Blackwell","Angewandte Chemie International Edition","1433-7851","1433-7851","1521-3773","1433-7851","http://creativecommons.org/licenses/by-nc-nd/4.0/",TRUE,"38923429",NA,NA,NA,FALSE,"wiley2024deal","04tsk2644_wiley2024deal_2024"
"Bochum U",2024,NA,"10.1002/zaac.202400079",TRUE,FALSE,"Wiley-Blackwell","Zeitschrift für anorganische und allgemeine Chemie","0044-2313","0044-2313","1521-3749","0044-2313","http://creativecommons.org/licenses/by-nc/4.0/",TRUE,NA,NA,NA,NA,FALSE,"wiley2024deal","04tsk2644_wiley2024deal_2024"
"Bochum U",2024,NA,"10.1002/anie.202406543",TRUE,FALSE,"Wiley-Blackwell","Angewandte Chemie International Edition","1433-7851","1433-7851","1521-3773","1433-7851","http://creativecommons.org/licenses/by-nc-nd/4.0/",TRUE,"38923335",NA,NA,NA,FALSE,"wiley2024deal","04tsk2644_wiley2024deal_2024"
"Bochum U",2024,NA,"10.1002/cite.202400022",TRUE,FALSE,"Wiley-Blackwell","Chemie Ingenieur Technik","0009-286X","0009-286X","1522-2640","0009-286X","http://creativecommons.org/licenses/by/4.0/",TRUE,NA,NA,NA,NA,FALSE,"wiley2024deal","04tsk2644_wiley2024deal_2024"
"Bochum U",2024,NA,"10.1002/chem.202402476",TRUE,FALSE,"Wiley-Blackwell","Chemistry - A European Journal","0947-6539","0947-6539","1521-3765","0947-6539","http://creativecommons.org/licenses/by-nc-nd/4.0/",TRUE,"38997235",NA,NA,NA,FALSE,"wiley2024deal","04tsk2644_wiley2024deal_2024"
"Bochum U",2024,NA,"10.1002/anie.202412585",TRUE,FALSE,"Wiley-Blackwell","Angewandte Chemie International Edition","1433-7851","1433-7851","1521-3773","1433-7851","http://creativecommons.org/licenses/by-nc-nd/4.0/",TRUE,"39136323",NA,NA,NA,FALSE,"wiley2024deal","04tsk2644_wiley2024deal_2024"
"Bochum U",2024,NA,"10.1002/adfm.202419075",TRUE,FALSE,"Wiley-Blackwell","Advanced Functional Materials","1616-301X","1616-301X","1616-3028","1616-301X","http://creativecommons.org/licenses/by-nc-nd/4.0/",TRUE,NA,NA,NA,NA,FALSE,"wiley2024deal","04tsk2644_wiley2024deal_2024"
"Bochum U",2024,NA,"10.1002/adma.202411067",TRUE,FALSE,"Wiley-Blackwell","Advanced Materials","0935-9648","0935-9648","1521-4095","0935-9648","http://creativecommons.org/licenses/by/4.0/",TRUE,"39533494","PMC11707575",NA,NA,FALSE,"wiley2024deal","04tsk2644_wiley2024deal_2024"
"Bochum U",2024,NA,"10.1002/smll.202408154",TRUE,FALSE,"Wiley-Blackwell","Small","1613-6810","1613-6810","1613-6829","1613-6810","http://creativecommons.org/licenses/by/4.0/",TRUE,"39479734","PMC11855236",NA,NA,FALSE,"wiley2024deal","04tsk2644_wiley2024deal_2024"
"Bochum U",2024,NA,"10.1002/cssc.202401022",TRUE,FALSE,"Wiley-Blackwell","ChemSusChem","1864-5631","1864-5631","1864-564X","1864-5631","http://creativecommons.org/licenses/by-nc/4.0/",TRUE,"39404649","PMC11874632",NA,NA,FALSE,"wiley2024deal","04tsk2644_wiley2024deal_2024"
"Bochum U",2024,NA,"10.1002/cssc.202402086",TRUE,FALSE,"Wiley-Blackwell","ChemSusChem","1864-5631","1864-5631","1864-564X","1864-5631","http://creativecommons.org/licenses/by/4.0/",TRUE,"39620642","PMC11997912",NA,NA,FALSE,"wiley2024deal","04tsk2644_wiley2024deal_2024"
"Bochum U",2024,NA,"10.1002/cctc.202401749",TRUE,FALSE,"Wiley-Blackwell","ChemCatChem","1867-3880","1867-3880","1867-3899","1867-3880","http://creativecommons.org/licenses/by-nc/4.0/",TRUE,NA,NA,NA,NA,FALSE,"wiley2024deal","04tsk2644_wiley2024deal_2024"
"Bochum U",2024,NA,"10.1002/jnm.3255",TRUE,FALSE,"Wiley-Blackwell","International Journal of Numerical Modelling: Electronic Networks, Devices and Fields","0894-3370","0894-3370","1099-1204","0894-3370","http://creativecommons.org/licenses/by/4.0/",TRUE,NA,NA,NA,NA,FALSE,"wiley2024deal","04tsk2644_wiley2024deal_2024"
"Bochum U",2024,NA,"10.1002/admt.202400492",TRUE,FALSE,"Wiley-Blackwell","Advanced Materials Technologies","2365-709X","2365-709X","2365-709X","2365-709X","http://creativecommons.org/licenses/by-nc-nd/4.0/",TRUE,NA,NA,NA,NA,FALSE,"wiley2024deal","04tsk2644_wiley2024deal_2024"
"Bochum U",2024,NA,"10.1002/cite.202400011",TRUE,FALSE,"Wiley-Blackwell","Chemie Ingenieur Technik","0009-286X","0009-286X","1522-2640","0009-286X","http://creativecommons.org/licenses/by/4.0/",TRUE,NA,NA,NA,NA,FALSE,"wiley2024deal","04tsk2644_wiley2024deal_2024"
"Bochum U",2024,NA,"10.1111/sed.13228",TRUE,FALSE,"Wiley-Blackwell","Sedimentology","0037-0746","0037-0746","1365-3091","0037-0746","http://creativecommons.org/licenses/by/4.0/",TRUE,NA,NA,NA,NA,FALSE,"wiley2024deal","04tsk2644_wiley2024deal_2024"
"Bochum U",2024,NA,"10.1111/hith.12353",TRUE,FALSE,"Wiley-Blackwell","History and Theory","0018-2656","0018-2656","1468-2303","0018-2656","http://creativecommons.org/licenses/by-nc-nd/4.0/",TRUE,NA,NA,NA,NA,FALSE,"wiley2024deal","04tsk2644_wiley2024deal_2024"
"Bochum U",2024,NA,"10.1111/cogs.13491",TRUE,FALSE,"Wiley-Blackwell","Cognitive Science","0364-0213","0364-0213","1551-6709","0364-0213","http://creativecommons.org/licenses/by/4.0/",TRUE,"39226219",NA,NA,NA,FALSE,"wiley2024deal","04tsk2644_wiley2024deal_2024"
"Bochum U",2024,NA,"10.1002/adem.202301902",TRUE,FALSE,"Wiley-Blackwell","Advanced Engineering Materials","1438-1656","1438-1656","1527-2648","1438-1656","http://creativecommons.org/licenses/by-nc-nd/4.0/",TRUE,NA,NA,NA,NA,FALSE,"wiley2024deal","04tsk2644_wiley2024deal_2024"
"Bochum U",2024,NA,"10.1002/adem.202302091",TRUE,FALSE,"Wiley-Blackwell","Advanced Engineering Materials","1438-1656","1438-1656","1527-2648","1438-1656","http://creativecommons.org/licenses/by-nc-nd/4.0/",TRUE,NA,NA,NA,NA,FALSE,"wiley2024deal","04tsk2644_wiley2024deal_2024"
"Bochum U",2024,NA,"10.1002/cite.202300199",TRUE,FALSE,"Wiley-Blackwell","Chemie Ingenieur Technik","0009-286X","0009-286X","1522-2640","0009-286X","http://creativecommons.org/licenses/by/4.0/",TRUE,NA,NA,NA,NA,FALSE,"wiley2024deal","04tsk2644_wiley2024deal_2024"
"Bochum U",2024,NA,"10.1002/adem.202400368",TRUE,FALSE,"Wiley-Blackwell","Advanced Engineering Materials","1438-1656","1438-1656","1527-2648","1438-1656","http://creativecommons.org/licenses/by-nc-nd/4.0/",TRUE,NA,NA,NA,NA,FALSE,"wiley2024deal","04tsk2644_wiley2024deal_2024"
"Bochum U",2024,NA,"10.1002/adem.202400602",TRUE,FALSE,"Wiley-Blackwell","Advanced Engineering Materials","1438-1656","1438-1656","1527-2648","1438-1656","http://creativecommons.org/licenses/by-nc-nd/4.0/",TRUE,NA,NA,NA,NA,FALSE,"wiley2024deal","04tsk2644_wiley2024deal_2024"
"Bochum U",2024,NA,"10.1002/adem.202401063",TRUE,FALSE,"Wiley-Blackwell","Advanced Engineering Materials","1438-1656","1438-1656","1527-2648","1438-1656","http://creativecommons.org/licenses/by-nc-nd/4.0/",TRUE,NA,NA,NA,NA,FALSE,"wiley2024deal","04tsk2644_wiley2024deal_2024"
"Bochum U",2024,NA,"10.1002/adem.202402033",TRUE,FALSE,"Wiley-Blackwell","Advanced Engineering Materials","1438-1656","1438-1656","1527-2648","1438-1656","http://creativecommons.org/licenses/by/4.0/",TRUE,NA,NA,NA,NA,FALSE,"wiley2024deal","04tsk2644_wiley2024deal_2024"
"Bochum U",2024,NA,"10.1002/aenm.202403096",TRUE,FALSE,"Wiley-Blackwell","Advanced Energy Materials","1614-6832","1614-6832","1614-6840","1614-6832","http://creativecommons.org/licenses/by-nc/4.0/",TRUE,NA,NA,NA,NA,FALSE,"wiley2024deal","04tsk2644_wiley2024deal_2024"
"Bochum U",2024,NA,"10.1002/adem.202402293",TRUE,FALSE,"Wiley-Blackwell","Advanced Engineering Materials","1438-1656","1438-1656","1527-2648","1438-1656","http://creativecommons.org/licenses/by-nc-nd/4.0/",TRUE,NA,NA,NA,NA,FALSE,"wiley2024deal","04tsk2644_wiley2024deal_2024"
"Bochum U",2024,NA,"10.1112/jlms.12948",TRUE,FALSE,"Wiley-Blackwell","Journal of the London Mathematical Society","0024-6107","0024-6107","1469-7750","0024-6107","http://creativecommons.org/licenses/by/4.0/",TRUE,NA,NA,NA,NA,FALSE,"wiley2024deal","04tsk2644_wiley2024deal_2024"
"Bochum U",2024,NA,"10.1111/jtsa.12764",TRUE,FALSE,"Wiley-Blackwell","Journal of Time Series Analysis","0143-9782","0143-9782","1467-9892","0143-9782","http://creativecommons.org/licenses/by-nc-nd/4.0/",TRUE,NA,NA,NA,NA,FALSE,"wiley2024deal","04tsk2644_wiley2024deal_2024"
"Bochum U",2024,NA,"10.1111/jtsa.12772",TRUE,FALSE,"Wiley-Blackwell","Journal of Time Series Analysis","0143-9782","0143-9782","1467-9892","0143-9782","http://creativecommons.org/licenses/by/4.0/",TRUE,NA,NA,NA,NA,FALSE,"wiley2024deal","04tsk2644_wiley2024deal_2024"
"Bochum U",2024,NA,"10.1111/bjet.13453",TRUE,FALSE,"Wiley-Blackwell","British Journal of Educational Technology","0007-1013","0007-1013","1467-8535","0007-1013","http://creativecommons.org/licenses/by-nc/4.0/",TRUE,NA,NA,NA,NA,FALSE,"wiley2024deal","04tsk2644_wiley2024deal_2024"
"Bochum U",2024,NA,"10.1111/jcal.13076",TRUE,FALSE,"Wiley-Blackwell","Journal of Computer Assisted Learning","0266-4909","0266-4909","1365-2729","0266-4909","http://creativecommons.org/licenses/by-nc/4.0/",TRUE,NA,NA,NA,NA,FALSE,"wiley2024deal","04tsk2644_wiley2024deal_2024"
"Bochum U",2024,NA,"10.1111/theo.12516",TRUE,FALSE,"Wiley-Blackwell","Theoria","0040-5825","0040-5825","1755-2567","0040-5825","http://creativecommons.org/licenses/by-nc-nd/4.0/",TRUE,NA,NA,NA,NA,FALSE,"wiley2024deal","04tsk2644_wiley2024deal_2024"
"Bochum U",2024,NA,"10.1111/phpr.13113",TRUE,FALSE,"Wiley-Blackwell","Philosophy and Phenomenological Research","0031-8205","0031-8205","1933-1592","0031-8205","http://creativecommons.org/licenses/by-nc-nd/4.0/",TRUE,NA,NA,NA,NA,FALSE,"wiley2024deal","04tsk2644_wiley2024deal_2024"
"Bochum U",2024,NA,"10.1002/ppap.202400066",TRUE,FALSE,"Wiley-Blackwell","Plasma Processes and Polymers","1612-8850","1612-8850","1612-8869","1612-8850","http://creativecommons.org/licenses/by/4.0/",TRUE,NA,NA,NA,NA,FALSE,"wiley2024deal","04tsk2644_wiley2024deal_2024"
"Bochum U",2024,NA,"10.1002/ppap.202300233",TRUE,FALSE,"Wiley-Blackwell","Plasma Processes and Polymers","1612-8850","1612-8850","1612-8869","1612-8850","http://creativecommons.org/licenses/by-nc-nd/4.0/",TRUE,NA,NA,NA,NA,FALSE,"wiley2024deal","04tsk2644_wiley2024deal_2024"
"Bochum U",2024,NA,"10.1002/ppap.202400089",TRUE,FALSE,"Wiley-Blackwell","Plasma Processes and Polymers","1612-8850","1612-8850","1612-8869","1612-8850","http://creativecommons.org/licenses/by-nc/4.0/",TRUE,NA,NA,NA,NA,FALSE,"wiley2024deal","04tsk2644_wiley2024deal_2024"
"Bochum U",2024,NA,"10.1002/ppap.202400169",TRUE,FALSE,"Wiley-Blackwell","Plasma Processes and Polymers","1612-8850","1612-8850","1612-8869","1612-8850","http://creativecommons.org/licenses/by-nc/4.0/",TRUE,NA,NA,NA,NA,FALSE,"wiley2024deal","04tsk2644_wiley2024deal_2024"
"Bochum U",2024,NA,"10.1111/sltb.13065",TRUE,FALSE,"Wiley-Blackwell","Suicide and Life-Threatening Behavior","0363-0234","0363-0234","1943-278X","0363-0234","http://creativecommons.org/licenses/by-nc-nd/4.0/",TRUE,"38411273",NA,NA,NA,FALSE,"wiley2024deal","04tsk2644_wiley2024deal_2024"
"Bochum U",2024,NA,"10.1111/infa.12591",TRUE,FALSE,"Wiley-Blackwell","Infancy","1525-0008","1525-0008","1532-7078","1532-7078","http://creativecommons.org/licenses/by-nc-nd/4.0/",TRUE,"38529521",NA,NA,NA,FALSE,"wiley2024deal","04tsk2644_wiley2024deal_2024"
"Bochum U",2024,NA,"10.1002/cpp.2968",TRUE,FALSE,"Wiley-Blackwell","Clinical Psychology & Psychotherapy","1063-3995","1063-3995","1099-0879","1063-3995","http://creativecommons.org/licenses/by/4.0/",TRUE,"38562028",NA,NA,NA,FALSE,"wiley2024deal","04tsk2644_wiley2024deal_2024"
"Bochum U",2024,NA,"10.1111/sode.12741",TRUE,FALSE,"Wiley-Blackwell","Social Development","0961-205X","0961-205X","1467-9507","0961-205X","http://creativecommons.org/licenses/by/4.0/",TRUE,NA,NA,NA,NA,FALSE,"wiley2024deal","04tsk2644_wiley2024deal_2024"
"Bochum U",2024,NA,"10.1002/cne.25611",TRUE,FALSE,"Wiley-Blackwell","Journal of Comparative Neurology","0021-9967","0021-9967","1096-9861","0021-9967","http://creativecommons.org/licenses/by/4.0/",TRUE,"38625816",NA,NA,NA,FALSE,"wiley2024deal","04tsk2644_wiley2024deal_2024"
"Bochum U",2024,NA,"10.1111/sltb.13092",TRUE,FALSE,"Wiley-Blackwell","Suicide and Life-Threatening Behavior","0363-0234","0363-0234","1943-278X","0363-0234","http://creativecommons.org/licenses/by-nc-nd/4.0/",TRUE,"38709556",NA,NA,NA,FALSE,"wiley2024deal","04tsk2644_wiley2024deal_2024"
"Bochum U",2024,NA,"10.1111/jsr.14387",TRUE,FALSE,"Wiley-Blackwell","Journal of Sleep Research","0962-1105","0962-1105","1365-2869","0962-1105","http://creativecommons.org/licenses/by-nc/4.0/",TRUE,"39511947","PMC12069749",NA,NA,FALSE,"wiley2024deal","04tsk2644_wiley2024deal_2024"
"Bochum U",2024,NA,"10.1111/psyp.14714",TRUE,FALSE,"Wiley-Blackwell","Psychophysiology","0048-5772","0048-5772","1469-8986","0048-5772","http://creativecommons.org/licenses/by/4.0/",TRUE,"39484749","PMC11870813",NA,NA,FALSE,"wiley2024deal","04tsk2644_wiley2024deal_2024"
"Bochum U",2024,NA,"10.1111/ijsa.12508",TRUE,FALSE,"Wiley-Blackwell","International Journal of Selection and Assessment","0965-075X","0965-075X","1468-2389","0965-075X","http://creativecommons.org/licenses/by-nc/4.0/",TRUE,NA,NA,NA,NA,FALSE,"wiley2024deal","04tsk2644_wiley2024deal_2024"
"Bochum U",2024,NA,"10.1111/caje.12744",TRUE,FALSE,"Wiley-Blackwell","Canadian Journal of Economics/Revue canadienne d'économique","0008-4085","0008-4085","1540-5982","0008-4085","http://creativecommons.org/licenses/by-nc/4.0/",TRUE,NA,NA,NA,NA,FALSE,"wiley2024deal","04tsk2644_wiley2024deal_2024"
"Bochum U",2024,NA,"10.1113/jp285703",TRUE,FALSE,"Wiley-Blackwell","The Journal of Physiology","0022-3751","0022-3751","1469-7793","0022-3751","http://creativecommons.org/licenses/by-nc-nd/4.0/",TRUE,"38380985",NA,NA,NA,FALSE,"wiley2024deal","04tsk2644_wiley2024deal_2024"
"Bochum U",2024,NA,"10.1111/acps.13757",TRUE,FALSE,"Wiley-Blackwell","Acta Psychiatrica Scandinavica","0001-690X","0001-690X","1600-0447","0001-690X","http://creativecommons.org/licenses/by-nc-nd/4.0/",TRUE,"39244381","PMC11787924",NA,NA,FALSE,"wiley2024deal","04tsk2644_wiley2024deal_2024"
"Bochum U",2024,NA,"10.1111/ecca.12540",TRUE,FALSE,"Wiley-Blackwell","Economica","0013-0427","0013-0427","1468-0335","0013-0427","http://creativecommons.org/licenses/by-nc-nd/4.0/",TRUE,NA,NA,NA,NA,FALSE,"wiley2024deal","04tsk2644_wiley2024deal_2024"
"Bochum U",2024,NA,"10.1111/cogs.70001",TRUE,FALSE,"Wiley-Blackwell","Cognitive Science","0364-0213","0364-0213","1551-6709","0364-0213","http://creativecommons.org/licenses/by-nc/4.0/",TRUE,"39439389",NA,NA,NA,FALSE,"wiley2024deal","04tsk2644_wiley2024deal_2024"
"Bochum U",2024,NA,"10.1111/liv.15842",TRUE,FALSE,"Wiley-Blackwell","Liver International","1478-3223","1478-3223","1478-3231","1478-3223","http://creativecommons.org/licenses/by-nc/4.0/",TRUE,"38291853",NA,NA,NA,FALSE,"wiley2024deal","04tsk2644_wiley2024deal_2024"
"Bochum U",2024,NA,"10.1002/jmv.29935",TRUE,FALSE,"Wiley-Blackwell","Journal of Medical Virology","0146-6615","0146-6615","1096-9071","0146-6615","http://creativecommons.org/licenses/by-nc-nd/4.0/",TRUE,"39323094","PMC11535095",NA,NA,FALSE,"wiley2024deal","04tsk2644_wiley2024deal_2024"
"Bochum U",2024,NA,"10.1111/liv.16079",TRUE,FALSE,"Wiley-Blackwell","Liver International","1478-3223","1478-3223","1478-3231","1478-3223","http://creativecommons.org/licenses/by-nc-nd/4.0/",TRUE,"39175256",NA,NA,NA,FALSE,"wiley2024deal","04tsk2644_wiley2024deal_2024"
"Bochum U",2024,NA,"10.1002/nbm.5172",TRUE,FALSE,"Wiley-Blackwell","NMR in Biomedicine","0952-3480","0952-3480","1099-1492","0952-3480","http://creativecommons.org/licenses/by-nc/4.0/",TRUE,"38794994",NA,NA,NA,FALSE,"wiley2024deal","04tsk2644_wiley2024deal_2024"
"Bochum U",2024,NA,"10.1002/nbm.5214",TRUE,FALSE,"Wiley-Blackwell","NMR in Biomedicine","0952-3480","0952-3480","1099-1492","0952-3480","http://creativecommons.org/licenses/by-nc/4.0/",TRUE,"38982853",NA,NA,NA,FALSE,"wiley2024deal","04tsk2644_wiley2024deal_2024"
"Bochum U",2024,NA,"10.1002/art.42852",TRUE,FALSE,"Wiley-Blackwell","Arthritis & Rheumatology","2326-5191","2326-5191","2326-5205","2326-5191","http://creativecommons.org/licenses/by-nc/4.0/",TRUE,"38556921",NA,NA,NA,FALSE,"wiley2024deal","04tsk2644_wiley2024deal_2024"
"Bochum U",2024,NA,"10.1111/dom.15553",TRUE,FALSE,"Wiley-Blackwell","Diabetes, Obesity and Metabolism","1462-8902","1462-8902","1463-1326","1462-8902","http://creativecommons.org/licenses/by-nc/4.0/",TRUE,"38528822",NA,NA,NA,FALSE,"wiley2024deal","04tsk2644_wiley2024deal_2024"
"Bochum U",2024,NA,"10.1111/aor.14742",TRUE,FALSE,"Wiley-Blackwell","Artificial Organs","0160-564X","0160-564X","1525-1594","0160-564X","http://creativecommons.org/licenses/by-nc-nd/4.0/",TRUE,"38553978",NA,NA,NA,FALSE,"wiley2024deal","04tsk2644_wiley2024deal_2024"
"Bochum U",2024,NA,"10.1002/jmv.29878",TRUE,FALSE,"Wiley-Blackwell","Journal of Medical Virology","0146-6615","0146-6615","1096-9071","0146-6615","http://creativecommons.org/licenses/by/4.0/",TRUE,"39206820",NA,NA,NA,FALSE,"wiley2024deal","04tsk2644_wiley2024deal_2024"
"Bochum U",2024,NA,"10.1111/jsr.14181",TRUE,FALSE,"Wiley-Blackwell","Journal of Sleep Research","0962-1105","0962-1105","1365-2869","0962-1105","http://creativecommons.org/licenses/by-nc-nd/4.0/",TRUE,"38410033",NA,NA,NA,FALSE,"wiley2024deal","04tsk2644_wiley2024deal_2024"
"Bochum U",2024,NA,"10.1002/ejhf.3532",TRUE,FALSE,"Wiley-Blackwell","European Journal of Heart Failure","1388-9842","1388-9842","1879-0844","1388-9842","http://creativecommons.org/licenses/by-nc/4.0/",TRUE,"39620495","PMC12482853",NA,NA,FALSE,"wiley2024deal","04tsk2644_wiley2024deal_2024"
"Bochum U",2024,NA,"10.1002/ejhf.3505",TRUE,FALSE,"Wiley-Blackwell","European Journal of Heart Failure","1388-9842","1388-9842","1879-0844","1388-9842","http://creativecommons.org/licenses/by-nc/4.0/",TRUE,"39444312","PMC11860721",NA,NA,FALSE,"wiley2024deal","04tsk2644_wiley2024deal_2024"
"Bochum U",2024,NA,"10.1002/ejhf.3512",TRUE,FALSE,"Wiley-Blackwell","European Journal of Heart Failure","1388-9842","1388-9842","1879-0844","1388-9842","http://creativecommons.org/licenses/by-nc-nd/4.0/",TRUE,"39523910","PMC12034436",NA,NA,FALSE,"wiley2024deal","04tsk2644_wiley2024deal_2024"
"Bochum U",2024,NA,"10.1111/aor.14860",TRUE,FALSE,"Wiley-Blackwell","Artificial Organs","0160-564X","0160-564X","1525-1594","0160-564X","http://creativecommons.org/licenses/by/4.0/",TRUE,"39283166","PMC11752975",NA,NA,FALSE,"wiley2024deal","04tsk2644_wiley2024deal_2024"
"Bochum U",2024,NA,"10.1111/ddg.15490",TRUE,FALSE,"Wiley-Blackwell","JDDG: Journal der Deutschen Dermatologischen Gesellschaft","1610-0379","1610-0379","1610-0387","1610-0379","http://creativecommons.org/licenses/by-nc/4.0/",TRUE,"39106221",NA,NA,NA,FALSE,"wiley2024deal","04tsk2644_wiley2024deal_2024"
"Bochum U",2024,NA,"10.1111/ddg.15563",TRUE,FALSE,"Wiley-Blackwell","JDDG: Journal der Deutschen Dermatologischen Gesellschaft","1610-0379","1610-0379","1610-0387","1610-0379","http://creativecommons.org/licenses/by-nc/4.0/",TRUE,"39331026","PMC11711921",NA,NA,FALSE,"wiley2024deal","04tsk2644_wiley2024deal_2024"
"Bochum U",2024,NA,"10.1002/jca.22114",TRUE,FALSE,"Wiley-Blackwell","Journal of Clinical Apheresis","0733-2459","0733-2459","1098-1101","0733-2459","http://creativecommons.org/licenses/by-nc-nd/4.0/",TRUE,"38708583",NA,NA,NA,FALSE,"wiley2024deal","04tsk2644_wiley2024deal_2024"
"Bochum U",2024,NA,"10.1002/eat.24318",TRUE,FALSE,"Wiley-Blackwell","International Journal of Eating Disorders","0276-3478","0276-3478","1098-108X","0276-3478","http://creativecommons.org/licenses/by-nc-nd/4.0/",TRUE,"39503151","PMC11784830",NA,NA,FALSE,"wiley2024deal","04tsk2644_wiley2024deal_2024"
"Bochum U",2024,NA,"10.1002/erv.3141",TRUE,FALSE,"Wiley-Blackwell","European Eating Disorders Review","1072-4133","1072-4133","1099-0968","1072-4133","http://creativecommons.org/licenses/by-nc-nd/4.0/",TRUE,"39436325","PMC11786942",NA,NA,FALSE,"wiley2024deal","04tsk2644_wiley2024deal_2024"
"Bochum U",2024,NA,"10.1002/cpp.2956",TRUE,FALSE,"Wiley-Blackwell","Clinical Psychology & Psychotherapy","1063-3995","1063-3995","1099-0879","1063-3995","http://creativecommons.org/licenses/by-nc-nd/4.0/",TRUE,"38363023",NA,NA,NA,FALSE,"wiley2024deal","04tsk2644_wiley2024deal_2024"
"Bochum U",2024,NA,"10.1111/ddg.15467_g",TRUE,FALSE,"Wiley-Blackwell","JDDG: Journal der Deutschen Dermatologischen Gesellschaft","1610-0379","1610-0379","1610-0387","1610-0379","http://creativecommons.org/licenses/by-nc-nd/4.0/",TRUE,NA,NA,NA,NA,FALSE,"wiley2024deal","04tsk2644_wiley2024deal_2024"
"Bochum U",2024,NA,"10.1111/ejh.14302",TRUE,FALSE,"Wiley-Blackwell","European Journal of Haematology","0902-4441","0902-4441","1600-0609","0902-4441","http://creativecommons.org/licenses/by-nc/4.0/",TRUE,"39252514","PMC11613577",NA,NA,FALSE,"wiley2024deal","04tsk2644_wiley2024deal_2024"
"Bochum U",2024,NA,"10.1111/jon.13205",TRUE,FALSE,"Wiley-Blackwell","Journal of Neuroimaging","1051-2284","1051-2284","1552-6569","1051-2284","http://creativecommons.org/licenses/by-nc-nd/4.0/",TRUE,"38764165",NA,NA,NA,FALSE,"wiley2024deal","04tsk2644_wiley2024deal_2024"
"Bochum U",2024,NA,"10.1111/jon.13255",TRUE,FALSE,"Wiley-Blackwell","Journal of Neuroimaging","1051-2284","1051-2284","1552-6569","1051-2284","http://creativecommons.org/licenses/by-nc-nd/4.0/",TRUE,"39654061","PMC11628663",NA,NA,FALSE,"wiley2024deal","04tsk2644_wiley2024deal_2024"
"Bochum U",2024,NA,"10.1002/erv.3131",TRUE,FALSE,"Wiley-Blackwell","European Eating Disorders Review","1072-4133","1072-4133","1099-0968","1072-4133","http://creativecommons.org/licenses/by/4.0/",TRUE,"39135219","PMC11617807",NA,NA,FALSE,"wiley2024deal","04tsk2644_wiley2024deal_2024"
"Bochum U",2024,NA,"10.1111/obr.13851",TRUE,FALSE,"Wiley-Blackwell","Obesity Reviews","1467-7881","1467-7881","1467-789X","1467-7881","http://creativecommons.org/licenses/by/4.0/",TRUE,"39415327","PMC11711077",NA,NA,FALSE,"wiley2024deal","04tsk2644_wiley2024deal_2024"
"Bochum U",2024,NA,"10.1002/eat.24305",TRUE,FALSE,"Wiley-Blackwell","International Journal of Eating Disorders","0276-3478","0276-3478","1098-108X","0276-3478","http://creativecommons.org/licenses/by/4.0/",TRUE,"39421881","PMC11629061",NA,NA,FALSE,"wiley2024deal","04tsk2644_wiley2024deal_2024"
"Bochum U",2024,NA,"10.1111/irj.12449",TRUE,FALSE,"Wiley-Blackwell","Industrial Relations Journal","0019-8692","0019-8692","1468-2338","0019-8692","http://creativecommons.org/licenses/by-nc-nd/4.0/",TRUE,NA,NA,NA,NA,FALSE,"wiley2024deal","04tsk2644_wiley2024deal_2024"
"Bochum U",2024,NA,"10.1002/adem.202401876",TRUE,FALSE,"Wiley-Blackwell","Advanced Engineering Materials","1438-1656","1438-1656","1527-2648","1438-1656","http://creativecommons.org/licenses/by/4.0/",TRUE,NA,NA,NA,NA,FALSE,"wiley2024deal","04tsk2644_wiley2024deal_2024"
"Bochum U",2024,NA,"10.1002/adem.202400905",TRUE,FALSE,"Wiley-Blackwell","Advanced Engineering Materials","1438-1656","1438-1656","1527-2648","1438-1656","http://creativecommons.org/licenses/by-nc-nd/4.0/",TRUE,NA,NA,NA,NA,FALSE,"wiley2024deal","04tsk2644_wiley2024deal_2024"
"Bochum U",2024,NA,"10.1002/ijc.35058",TRUE,TRUE,"Wiley-Blackwell","International Journal of Cancer","0020-7136","0020-7136","1097-0215","0020-7136","http://onlinelibrary.wiley.com/termsAndConditions#vor",TRUE,"38943227",NA,NA,NA,FALSE,"wiley2024deal","04tsk2644_wiley2024deal_2024"
"Bochum U",2024,1999.2,"10.1002/celc.202300715",FALSE,FALSE,"Wiley-Blackwell","ChemElectroChem","2196-0216","2196-0216","2196-0216","2196-0216","http://creativecommons.org/licenses/by/4.0/",TRUE,NA,NA,NA,NA,TRUE,"wiley2024deal","04tsk2644_wiley2024deal_2024"
"Bochum U",2024,2354,"10.1002/sstr.202300415",FALSE,FALSE,"Wiley-Blackwell","Small Structures","2688-4062","2688-4062","2688-4062","2688-4062","http://creativecommons.org/licenses/by/4.0/",TRUE,NA,NA,NA,NA,TRUE,"wiley2024deal","04tsk2644_wiley2024deal_2024"
"Bochum U",2024,3179.35,"10.1038/s42005-024-01530-y",FALSE,FALSE,"Springer Nature","Communications Physics","2399-3650",NA,"2399-3650","2399-3650","https://creativecommons.org/licenses/by/4.0",TRUE,NA,NA,NA,NA,TRUE,"sn2024deal","04tsk2644_sn2024deal_2024"
"Bochum U",2024,2664.41,"10.1038/s41524-024-01235-4",FALSE,FALSE,"Springer Nature","npj Computational Materials","2057-3960",NA,"2057-3960","2057-3960","https://creativecommons.org/licenses/by/4.0",TRUE,NA,NA,NA,NA,TRUE,"sn2024deal","04tsk2644_sn2024deal_2024"
"Bochum U",2024,2664.41,"10.1038/s41524-024-01214-9",FALSE,FALSE,"Springer Nature","npj Computational Materials","2057-3960",NA,"2057-3960","2057-3960","https://creativecommons.org/licenses/by/4.0",TRUE,NA,NA,NA,NA,TRUE,"sn2024deal","04tsk2644_sn2024deal_2024"
"Bochum U",2024,1927.71,"10.1038/s41598-024-57285-7",FALSE,FALSE,"Springer Nature","Scientific Reports","2045-2322",NA,"2045-2322","2045-2322","https://creativecommons.org/licenses/by/4.0",TRUE,"38514711","PMC10958048",NA,NA,TRUE,"sn2024deal","04tsk2644_sn2024deal_2024"
"Bochum U",2024,1927.71,"10.1038/s41598-024-67288-z",FALSE,FALSE,"Springer Nature","Scientific Reports","2045-2322",NA,"2045-2322","2045-2322","https://creativecommons.org/licenses/by/4.0",TRUE,"39009744","PMC11251016",NA,NA,TRUE,"sn2024deal","04tsk2644_sn2024deal_2024"
"Bochum U",2024,1927.71,"10.1038/s41598-024-67400-3",FALSE,FALSE,"Springer Nature","Scientific Reports","2045-2322",NA,"2045-2322","2045-2322","https://creativecommons.org/licenses/by/4.0",TRUE,"39025960","PMC11258262",NA,NA,TRUE,"sn2024deal","04tsk2644_sn2024deal_2024"
"Bochum U",2024,2071.52,"10.1029/2024gc011535",FALSE,FALSE,"American Geophysical Union (AGU)","Geochemistry, Geophysics, Geosystems","1525-2027","1525-2027","1525-2027","1525-2027","http://creativecommons.org/licenses/by-nc-nd/4.0/",TRUE,NA,NA,NA,NA,TRUE,"wiley2024deal","04tsk2644_wiley2024deal_2024"
"Bochum U",2024,2225.6,"10.1002/admi.202400138",FALSE,FALSE,"Wiley-Blackwell","Advanced Materials Interfaces","2196-7350","2196-7350","2196-7350","2196-7350","http://creativecommons.org/licenses/by/4.0/",TRUE,NA,NA,NA,NA,TRUE,"wiley2024deal","04tsk2644_wiley2024deal_2024"
"Bochum U",2024,1985.92,"10.1002/pld3.609",FALSE,FALSE,"Wiley-Blackwell","Plant Direct","2475-4455","2475-4455","2475-4455","2475-4455","http://creativecommons.org/licenses/by-nc/4.0/",TRUE,"38911017","PMC11190351",NA,NA,TRUE,"wiley2024deal","04tsk2644_wiley2024deal_2024"
"Bochum U",2024,1129.37,"10.1186/s41235-024-00550-0",FALSE,FALSE,"Springer Nature","Cognitive Research: Principles and Implications","2365-7464",NA,"2365-7464","2365-7464","https://creativecommons.org/licenses/by/4.0",TRUE,"38652184","PMC11039595",NA,NA,TRUE,"sn2024deal","04tsk2644_sn2024deal_2024"
"Bochum U",2024,1166.3,"10.1038/s44168-024-00116-2",FALSE,FALSE,"Springer Nature","npj Climate Action","2731-9814",NA,"2731-9814","2731-9814","https://creativecommons.org/licenses/by/4.0",TRUE,NA,NA,NA,NA,TRUE,"sn2024deal","04tsk2644_sn2024deal_2024"
"Bochum U",2024,1005.99,"10.1186/s40359-024-01800-y",FALSE,FALSE,"Springer Nature","BMC Psychology","2050-7283",NA,"2050-7283","2050-7283","https://creativecommons.org/licenses/by/4.0",TRUE,"38831468","PMC11149371",NA,NA,TRUE,"sn2024deal","04tsk2644_sn2024deal_2024"
"Bochum U",2024,1927.71,"10.1038/s41598-024-59187-0",FALSE,FALSE,"Springer Nature","Scientific Reports","2045-2322",NA,"2045-2322","2045-2322","https://creativecommons.org/licenses/by/4.0",TRUE,"38609436","PMC11014858",NA,NA,TRUE,"sn2024deal","04tsk2644_sn2024deal_2024"
"Bochum U",2024,2564.79,"10.1016/j.isci.2024.109364",FALSE,FALSE,"Elsevier BV","iScience","2589-0042","2589-0042",NA,"2589-0042","http://creativecommons.org/licenses/by-nc-nd/4.0/",TRUE,"38523779","PMC10959669",NA,NA,TRUE,"els2023deal","04tsk2644_els2023deal_2024"
"Bochum U",2024,2525.2,"10.1002/aesr.202400128",FALSE,FALSE,"Wiley-Blackwell","Advanced Energy and Sustainability Research","2699-9412","2699-9412","2699-9412","2699-9412","http://creativecommons.org/licenses/by/4.0/",TRUE,NA,NA,NA,NA,TRUE,"wiley2024deal","04tsk2644_wiley2024deal_2024"
"Bochum U",2024,2182.8,"10.1002/cey2.608",FALSE,FALSE,"Wiley-Blackwell","Carbon Energy","2637-9368","2637-9368","2637-9368","2637-9368","http://creativecommons.org/licenses/by/4.0/",TRUE,NA,NA,NA,NA,TRUE,"wiley2024deal","04tsk2644_wiley2024deal_2024"
"Bochum U",2024,5374.05,"10.1038/s41467-024-51861-1",FALSE,FALSE,"Springer Nature","Nature Communications","2041-1723",NA,"2041-1723","2041-1723","https://creativecommons.org/licenses/by/4.0",TRUE,"39277631","PMC11401874",NA,NA,TRUE,"sn2024deal","04tsk2644_sn2024deal_2024"
"Bochum U",2024,5374.05,"10.1038/s41467-024-49362-2",FALSE,FALSE,"Springer Nature","Nature Communications","2041-1723",NA,"2041-1723","2041-1723","https://creativecommons.org/licenses/by/4.0",TRUE,"38956019","PMC11219896",NA,NA,TRUE,"sn2024deal","04tsk2644_sn2024deal_2024"
"Bochum U",2024,5374.05,"10.1038/s41467-024-52541-w",FALSE,FALSE,"Springer Nature","Nature Communications","2041-1723",NA,"2041-1723","2041-1723","https://creativecommons.org/licenses/by/4.0",TRUE,"39300141","PMC11412997",NA,NA,TRUE,"sn2024deal","04tsk2644_sn2024deal_2024"
"Bochum U",2024,1954.73,"10.1186/s12888-024-05907-9",FALSE,FALSE,"Springer Nature","BMC Psychiatry","1471-244X",NA,"1471-244X","1471-244X","https://creativecommons.org/licenses/by/4.0",TRUE,"38977963","PMC11229214",NA,NA,TRUE,"sn2024deal","04tsk2644_sn2024deal_2024"
"Bochum U",2024,3179.36,"10.1038/s42004-024-01315-y",FALSE,FALSE,"Springer Nature","Communications Chemistry","2399-3669",NA,"2399-3669","2399-3669","https://creativecommons.org/licenses/by/4.0",TRUE,"39375435","PMC11458801",NA,NA,TRUE,"sn2024deal","04tsk2644_sn2024deal_2024"
"Bochum U",2024,3179.36,"10.1038/s42003-024-06991-z",FALSE,FALSE,"Springer Nature","Communications Biology","2399-3642",NA,"2399-3642","2399-3642","https://creativecommons.org/licenses/by/4.0",TRUE,"39406830","PMC11480507",NA,NA,TRUE,"sn2024deal","04tsk2644_sn2024deal_2024"
"Bochum U",2024,1963.56,"10.1186/s12885-024-13101-z",FALSE,FALSE,"Springer Nature","BMC Cancer","1471-2407",NA,"1471-2407","1471-2407","https://creativecommons.org/licenses/by/4.0",TRUE,"39538176","PMC11562082",NA,NA,TRUE,"sn2024deal","04tsk2644_sn2024deal_2024"
"Bochum U",2024,1888.62,"10.1186/s12891-024-08071-z",FALSE,FALSE,"Springer Nature","BMC Musculoskeletal Disorders","1471-2474",NA,"1471-2474","1471-2474","https://creativecommons.org/licenses/by/4.0",TRUE,"39668370","PMC11636231",NA,NA,TRUE,"sn2024deal","04tsk2644_sn2024deal_2024"
"Bochum U",2024,2730.64,"10.1007/s00432-024-05954-5",FALSE,FALSE,"Springer Nature","Journal of Cancer Research and Clinical Oncology","1432-1335",NA,"1432-1335","0171-5216","https://creativecommons.org/licenses/by/4.0",TRUE,"39352477","PMC11445348",NA,NA,TRUE,"sn2024deal","04tsk2644_sn2024deal_2024"
"Bochum U",2024,2508.08,"10.1002/hbm.70111",FALSE,FALSE,"Wiley-Blackwell","Human Brain Mapping","1065-9471","1065-9471","1097-0193","1065-9471","http://creativecommons.org/licenses/by-nc/4.0/",TRUE,"39720915","PMC11669188",NA,NA,TRUE,"wiley2024deal","04tsk2644_wiley2024deal_2024"
"Bochum U",2024,3719.53,"10.1016/j.lanepe.2024.101137",FALSE,FALSE,"Elsevier BV","The Lancet Regional Health - Europe","2666-7762","2666-7762",NA,"2666-7762","http://creativecommons.org/licenses/by-nc/4.0/",TRUE,"39811788","PMC11732200",NA,NA,TRUE,"els2023deal","04tsk2644_els2023deal_2024"
"Bochum U",2024,2559.44,"10.1002/admi.202400772",FALSE,FALSE,"Wiley-Blackwell","Advanced Materials Interfaces","2196-7350","2196-7350","2196-7350","2196-7350","http://creativecommons.org/licenses/by/4.0/",TRUE,NA,NA,NA,NA,TRUE,"wiley2024deal","04tsk2644_wiley2024deal_2024"
"Bochum U",2024,NA,"10.1007/s42520-024-00564-4",TRUE,TRUE,"Springer Nature","Neue Politische Literatur","0028-3320","0028-3320","2197-6082","0028-3320","https://www.springernature.com/gp/researchers/text-and-data-mining",TRUE,NA,NA,NA,NA,FALSE,"sn2024deal","04tsk2644_sn2024deal_2024"
"Bochum U",2024,NA,"10.1007/s10694-023-01527-z",TRUE,FALSE,"Springer Nature","Fire Technology","0015-2684","0015-2684","1572-8099","0015-2684","https://creativecommons.org/licenses/by/4.0",TRUE,NA,NA,NA,NA,FALSE,"sn2024deal","04tsk2644_sn2024deal_2024"
"Bochum U",2024,NA,"10.1007/s11340-024-01034-4",TRUE,FALSE,"Springer Nature","Experimental Mechanics","0014-4851","0014-4851","1741-2765","0014-4851","https://creativecommons.org/licenses/by/4.0",TRUE,NA,NA,NA,NA,FALSE,"sn2024deal","04tsk2644_sn2024deal_2024"
"Bochum U",2024,NA,"10.1007/s10694-024-01551-7",TRUE,FALSE,"Springer Nature","Fire Technology","0015-2684","0015-2684","1572-8099","0015-2684","https://creativecommons.org/licenses/by/4.0",TRUE,NA,NA,NA,NA,FALSE,"sn2024deal","04tsk2644_sn2024deal_2024"
"Bochum U",2024,NA,"10.1007/s11356-024-32468-x",TRUE,FALSE,"Springer Nature","Environmental Science and Pollution Research","1614-7499",NA,"1614-7499","0944-1344","https://creativecommons.org/licenses/by/4.0",TRUE,"38407704","PMC10948480",NA,NA,FALSE,"sn2024deal","04tsk2644_sn2024deal_2024"
"Bochum U",2024,NA,"10.1007/s10706-023-02738-5",TRUE,FALSE,"Springer Nature","Geotechnical and Geological Engineering","0960-3182","0960-3182","1573-1529","0960-3182","https://creativecommons.org/licenses/by/4.0",TRUE,NA,NA,NA,NA,FALSE,"sn2024deal","04tsk2644_sn2024deal_2024"
"Bochum U",2024,NA,"10.1007/s11709-024-1082-2",TRUE,FALSE,"Springer Nature","Frontiers of Structural and Civil Engineering","2095-2430","2095-2430","2095-2449","2095-2430","https://creativecommons.org/licenses/by/4.0",TRUE,NA,NA,NA,NA,FALSE,"sn2024deal","04tsk2644_sn2024deal_2024"
"Bochum U",2024,NA,"10.1007/s11440-024-02331-x",TRUE,FALSE,"Springer Nature","Acta Geotechnica","1861-1125","1861-1125","1861-1133","1861-1125","https://creativecommons.org/licenses/by/4.0",TRUE,NA,NA,NA,NA,FALSE,"sn2024deal","04tsk2644_sn2024deal_2024"
"Bochum U",2024,NA,"10.1007/s10706-024-02804-6",TRUE,FALSE,"Springer Nature","Geotechnical and Geological Engineering","0960-3182","0960-3182","1573-1529","0960-3182","https://creativecommons.org/licenses/by/4.0",TRUE,NA,NA,NA,NA,FALSE,"sn2024deal","04tsk2644_sn2024deal_2024"
"Bochum U",2024,NA,"10.1617/s11527-024-02450-7",TRUE,FALSE,"Springer Nature","Materials and Structures","1359-5997","1359-5997","1871-6873","1359-5997","https://creativecommons.org/licenses/by/4.0",TRUE,NA,NA,NA,NA,FALSE,"sn2024deal","04tsk2644_sn2024deal_2024"
"Bochum U",2024,NA,"10.1007/s11440-024-02443-4",TRUE,FALSE,"Springer Nature","Acta Geotechnica","1861-1125","1861-1125","1861-1133","1861-1125","https://creativecommons.org/licenses/by/4.0",TRUE,NA,NA,NA,NA,FALSE,"sn2024deal","04tsk2644_sn2024deal_2024"
"Bochum U",2024,NA,"10.1007/s00419-023-02527-9",TRUE,TRUE,"Springer Nature","Archive of Applied Mechanics","0939-1533","0939-1533","1432-0681","0939-1533","https://www.springernature.com/gp/researchers/text-and-data-mining",TRUE,NA,NA,NA,NA,FALSE,"sn2024deal","04tsk2644_sn2024deal_2024"
"Bochum U",2024,NA,"10.1007/s13399-023-05261-y",TRUE,TRUE,"Springer Nature","Biomass Conversion and Biorefinery","2190-6815","2190-6815","2190-6823","2190-6815","https://www.springernature.com/gp/researchers/text-and-data-mining",TRUE,NA,NA,NA,NA,FALSE,"sn2024deal","04tsk2644_sn2024deal_2024"
"Bochum U",2024,NA,"10.1007/s42417-024-01368-2",TRUE,FALSE,"Springer Nature","Journal of Vibration Engineering & Technologies","2523-3920","2523-3920","2523-3939","2523-3920","https://creativecommons.org/licenses/by/4.0",TRUE,NA,NA,NA,NA,FALSE,"sn2024deal","04tsk2644_sn2024deal_2024"
"Bochum U",2024,NA,"10.1007/s12268-024-2091-3",TRUE,FALSE,"Springer Nature","BIOspektrum","0947-0867","0947-0867","1868-6249","0947-0867","https://creativecommons.org/licenses/by/4.0",TRUE,NA,NA,NA,NA,FALSE,"sn2024deal","04tsk2644_sn2024deal_2024"
"Bochum U",2024,NA,"10.1038/s41434-024-00447-z",TRUE,FALSE,"Springer Nature","Gene Therapy","0969-7128","0969-7128","1476-5462","0969-7128","https://creativecommons.org/licenses/by/4.0",TRUE,"38467879","PMC11090812",NA,NA,FALSE,"sn2024deal","04tsk2644_sn2024deal_2024"
"Bochum U",2024,NA,"10.1007/s10886-024-01514-w",TRUE,FALSE,"Springer Nature","Journal of Chemical Ecology","0098-0331","0098-0331","1573-1561","0098-0331","https://creativecommons.org/licenses/by/4.0",TRUE,"38958679","PMC11493807",NA,NA,FALSE,"sn2024deal","04tsk2644_sn2024deal_2024"
"Bochum U",2024,NA,"10.1007/s11165-024-10180-7",TRUE,FALSE,"Springer Nature","Research in Science Education","0157-244X","0157-244X","1573-1898","0157-244X","https://creativecommons.org/licenses/by/4.0",TRUE,NA,NA,NA,NA,FALSE,"sn2024deal","04tsk2644_sn2024deal_2024"
"Bochum U",2024,NA,"10.1007/s13592-024-01091-7",TRUE,FALSE,"Springer Nature","Apidologie","0044-8435","0044-8435","1297-9678","0044-8435","https://creativecommons.org/licenses/by/4.0",TRUE,NA,NA,NA,NA,FALSE,"sn2024deal","04tsk2644_sn2024deal_2024"
"Bochum U",2024,NA,"10.1007/s00424-024-03033-9",TRUE,FALSE,"Springer Nature","Pflügers Archiv - European Journal of Physiology","0031-6768","0031-6768","1432-2013","0031-6768","https://creativecommons.org/licenses/by/4.0",TRUE,"39470762","PMC11958387",NA,NA,FALSE,"sn2024deal","04tsk2644_sn2024deal_2024"
"Bochum U",2024,NA,"10.1140/epjs/s11734-024-01104-7",TRUE,FALSE,"Springer Nature","The European Physical Journal Special Topics","1951-6355","1951-6355","1951-6401","1951-6355","https://creativecommons.org/licenses/by/4.0",TRUE,NA,NA,NA,NA,FALSE,"sn2024deal","04tsk2644_sn2024deal_2024"
"Bochum U",2024,NA,"10.1007/s12268-024-2130-0",TRUE,FALSE,"Springer Nature","BIOspektrum","0947-0867","0947-0867","1868-6249","0947-0867","https://creativecommons.org/licenses/by/4.0",TRUE,NA,NA,NA,NA,FALSE,"sn2024deal","04tsk2644_sn2024deal_2024"
"Bochum U",2024,NA,"10.1007/s00775-024-02088-4",TRUE,FALSE,"Springer Nature","JBIC Journal of Biological Inorganic Chemistry","1432-1327",NA,"1432-1327","0949-8257","https://creativecommons.org/licenses/by/4.0",TRUE,"39673631","PMC11914334",NA,NA,FALSE,"sn2024deal","04tsk2644_sn2024deal_2024"
"Bochum U",2024,NA,"10.1007/s11090-023-10444-6",TRUE,FALSE,"Springer Nature","Plasma Chemistry and Plasma Processing","0272-4324","0272-4324","1572-8986","0272-4324","https://creativecommons.org/licenses/by/4.0",TRUE,NA,NA,NA,NA,FALSE,"sn2024deal","04tsk2644_sn2024deal_2024"
"Bochum U",2024,NA,"10.1140/epjb/s10051-023-00644-6",TRUE,FALSE,"Springer Nature","The European Physical Journal B","1434-6028","1434-6028","1434-6036","1434-6028","https://creativecommons.org/licenses/by/4.0",TRUE,NA,NA,NA,NA,FALSE,"sn2024deal","04tsk2644_sn2024deal_2024"
"Bochum U",2024,NA,"10.1140/epjb/s10051-024-00683-7",TRUE,FALSE,"Springer Nature","The European Physical Journal B","1434-6028","1434-6028","1434-6036","1434-6028","https://creativecommons.org/licenses/by/4.0",TRUE,NA,NA,NA,NA,FALSE,"sn2024deal","04tsk2644_sn2024deal_2024"
"Bochum U",2024,NA,"10.1007/s10762-024-01012-w",TRUE,FALSE,"Springer Nature","Journal of Infrared, Millimeter, and Terahertz Waves","1866-6892","1866-6892","1866-6906","1866-6892","https://creativecommons.org/licenses/by/4.0",TRUE,NA,NA,NA,NA,FALSE,"sn2024deal","04tsk2644_sn2024deal_2024"
"Bochum U",2024,NA,"10.1007/s35834-024-00410-3",TRUE,FALSE,"Springer Nature","Zeitschrift für Bildungsforschung","2190-6890","2190-6890","2190-6904","2190-6890","https://creativecommons.org/licenses/by/4.0",TRUE,NA,NA,NA,NA,FALSE,"sn2024deal","04tsk2644_sn2024deal_2024"
"Bochum U",2024,NA,"10.1007/s13280-024-02083-8",TRUE,FALSE,"Springer Nature","Ambio","0044-7447","0044-7447","1654-7209","0044-7447","https://creativecommons.org/licenses/by/4.0",TRUE,"39425860","PMC11662133",NA,NA,FALSE,"sn2024deal","04tsk2644_sn2024deal_2024"
"Bochum U",2024,NA,"10.1007/s00267-024-02078-x",TRUE,FALSE,"Springer Nature","Environmental Management","0364-152X","0364-152X","1432-1009","0364-152X","https://creativecommons.org/licenses/by/4.0",TRUE,"39488801","PMC11861412",NA,NA,FALSE,"sn2024deal","04tsk2644_sn2024deal_2024"
"Bochum U",2024,NA,"10.1007/s42489-024-00182-w",TRUE,FALSE,"Springer Nature","KN - Journal of Cartography and Geographic Information","2524-4957","2524-4957","2524-4965","2524-4957","https://creativecommons.org/licenses/by/4.0",TRUE,NA,NA,NA,NA,FALSE,"sn2024deal","04tsk2644_sn2024deal_2024"
"Bochum U",2024,NA,"10.1007/s42489-024-00181-x",TRUE,FALSE,"Springer Nature","KN - Journal of Cartography and Geographic Information","2524-4957","2524-4957","2524-4965","2524-4957","https://creativecommons.org/licenses/by/4.0",TRUE,"39712551","PMC11659358",NA,NA,FALSE,"sn2024deal","04tsk2644_sn2024deal_2024"
"Bochum U",2024,NA,"10.1007/s42489-024-00165-x",TRUE,TRUE,"Springer Nature","KN - Journal of Cartography and Geographic Information","2524-4957","2524-4957","2524-4965","2524-4957","https://www.springernature.com/gp/researchers/text-and-data-mining",TRUE,NA,NA,NA,NA,FALSE,"sn2024deal","04tsk2644_sn2024deal_2024"
"Bochum U",2024,NA,"10.1007/s42489-024-00172-y",TRUE,TRUE,"Springer Nature","KN - Journal of Cartography and Geographic Information","2524-4957","2524-4957","2524-4965","2524-4957","https://www.springernature.com/gp/researchers/text-and-data-mining",TRUE,NA,NA,NA,NA,FALSE,"sn2024deal","04tsk2644_sn2024deal_2024"
"Bochum U",2024,NA,"10.1007/s42489-024-00178-6",TRUE,TRUE,"Springer Nature","KN - Journal of Cartography and Geographic Information","2524-4957","2524-4957","2524-4965","2524-4957","https://www.springernature.com/gp/researchers/text-and-data-mining",TRUE,NA,NA,NA,NA,FALSE,"sn2024deal","04tsk2644_sn2024deal_2024"
"Bochum U",2024,NA,"10.1007/s00410-023-02092-y",TRUE,FALSE,"Springer Nature","Contributions to Mineralogy and Petrology","0010-7999","0010-7999","1432-0967","0010-7999","https://creativecommons.org/licenses/by/4.0",TRUE,NA,NA,NA,NA,FALSE,"sn2024deal","04tsk2644_sn2024deal_2024"
"Bochum U",2024,NA,"10.1007/s12549-023-00597-9",TRUE,FALSE,"Springer Nature","Palaeobiodiversity and Palaeoenvironments","1867-1594","1867-1594","1867-1608","1867-1594","https://creativecommons.org/licenses/by/4.0",TRUE,NA,NA,NA,NA,FALSE,"sn2024deal","04tsk2644_sn2024deal_2024"
"Bochum U",2024,NA,"10.1007/s00410-024-02110-7",TRUE,FALSE,"Springer Nature","Contributions to Mineralogy and Petrology","0010-7999","0010-7999","1432-0967","0010-7999","https://creativecommons.org/licenses/by/4.0",TRUE,NA,NA,NA,NA,FALSE,"sn2024deal","04tsk2644_sn2024deal_2024"
"Bochum U",2024,NA,"10.1007/s12665-024-11620-3",TRUE,FALSE,"Springer Nature","Environmental Earth Sciences","1866-6280","1866-6280","1866-6299","1866-6280","https://creativecommons.org/licenses/by/4.0",TRUE,NA,NA,NA,NA,FALSE,"sn2024deal","04tsk2644_sn2024deal_2024"
"Bochum U",2024,NA,"10.1007/s10661-024-12858-x",TRUE,FALSE,"Springer Nature","Environmental Monitoring and Assessment","0167-6369","0167-6369","1573-2959","0167-6369","https://creativecommons.org/licenses/by/4.0",TRUE,"38963476","PMC11224094",NA,NA,FALSE,"sn2024deal","04tsk2644_sn2024deal_2024"
"Bochum U",2024,NA,"10.1007/s00126-024-01307-x",TRUE,FALSE,"Springer Nature","Mineralium Deposita","0026-4598","0026-4598","1432-1866","0026-4598","https://creativecommons.org/licenses/by/4.0",TRUE,NA,NA,NA,NA,FALSE,"sn2024deal","04tsk2644_sn2024deal_2024"
"Bochum U",2024,NA,"10.1007/s10963-024-09183-z",TRUE,FALSE,"Springer Nature","Journal of World Prehistory","0892-7537","0892-7537","1573-7802","0892-7537","https://creativecommons.org/licenses/by/4.0",TRUE,NA,NA,NA,NA,FALSE,"sn2024deal","04tsk2644_sn2024deal_2024"
"Bochum U",2024,NA,"10.1007/s10617-024-09283-1",TRUE,FALSE,"Springer Nature","Design Automation for Embedded Systems","0929-5585","0929-5585","1572-8080","0929-5585","https://creativecommons.org/licenses/by/4.0",TRUE,NA,NA,NA,NA,FALSE,"sn2024deal","04tsk2644_sn2024deal_2024"
"Bochum U",2024,NA,"10.1007/s10703-023-00442-x",TRUE,FALSE,"Springer Nature","Formal Methods in System Design","0925-9856","0925-9856","1572-8102","0925-9856","https://creativecommons.org/licenses/by/4.0",TRUE,NA,NA,NA,NA,FALSE,"sn2024deal","04tsk2644_sn2024deal_2024"
"Bochum U",2024,NA,"10.1007/s10009-024-00747-0",TRUE,FALSE,"Springer Nature","International Journal on Software Tools for Technology Transfer","1433-2779","1433-2779","1433-2787","1433-2779","https://creativecommons.org/licenses/by/4.0",TRUE,NA,NA,NA,NA,FALSE,"sn2024deal","04tsk2644_sn2024deal_2024"
"Bochum U",2024,NA,"10.1007/s10623-024-01511-w",TRUE,FALSE,"Springer Nature","Designs, Codes and Cryptography","0925-1022","0925-1022","1573-7586","0925-1022","https://creativecommons.org/licenses/by/4.0",TRUE,NA,NA,NA,NA,FALSE,"sn2024deal","04tsk2644_sn2024deal_2024"
"Bochum U",2024,NA,"10.1007/s40194-023-01672-7",TRUE,FALSE,"Springer Nature","Welding in the World","0043-2288","0043-2288","1878-6669","0043-2288","https://creativecommons.org/licenses/by/4.0",TRUE,NA,NA,NA,NA,FALSE,"sn2024deal","04tsk2644_sn2024deal_2024"
"Bochum U",2024,NA,"10.1007/s00501-024-01436-w",TRUE,FALSE,"Springer Nature","BHM Berg- und Hüttenmännische Monatshefte","0005-8912","0005-8912","1613-7531","0005-8912","https://creativecommons.org/licenses/by/4.0",TRUE,NA,NA,NA,NA,FALSE,"sn2024deal","04tsk2644_sn2024deal_2024"
"Bochum U",2024,NA,"10.1007/s10765-023-03328-6",TRUE,FALSE,"Springer Nature","International Journal of Thermophysics","0195-928X","0195-928X","1572-9567","0195-928X","https://creativecommons.org/licenses/by/4.0",TRUE,NA,NA,NA,NA,FALSE,"sn2024deal","04tsk2644_sn2024deal_2024"
"Bochum U",2024,NA,"10.1007/s11301-023-00403-y",TRUE,FALSE,"Springer Nature","Management Review Quarterly","2198-1620","2198-1620","2198-1639","2198-1639","https://creativecommons.org/licenses/by/4.0",TRUE,NA,NA,NA,NA,FALSE,"sn2024deal","04tsk2644_sn2024deal_2024"
"Bochum U",2024,NA,"10.1365/s40702-024-01062-7",TRUE,FALSE,"Springer Nature","HMD Praxis der Wirtschaftsinformatik","1436-3011","1436-3011","2198-2775","1436-3011","https://creativecommons.org/licenses/by/4.0/deed.de",TRUE,NA,NA,NA,NA,FALSE,"sn2024deal","04tsk2644_sn2024deal_2024"
"Bochum U",2024,NA,"10.1007/s11661-024-07365-0",TRUE,FALSE,"Springer Nature","Metallurgical and Materials Transactions A","1073-5623","1073-5623","1543-1940","1073-5623","https://creativecommons.org/licenses/by/4.0",TRUE,NA,NA,NA,NA,FALSE,"sn2024deal","04tsk2644_sn2024deal_2024"
"Bochum U",2024,NA,"10.1007/s10765-024-03360-0",TRUE,FALSE,"Springer Nature","International Journal of Thermophysics","0195-928X","0195-928X","1572-9567","0195-928X","https://creativecommons.org/licenses/by/4.0",TRUE,NA,NA,NA,NA,FALSE,"sn2024deal","04tsk2644_sn2024deal_2024"
"Bochum U",2024,NA,"10.1007/s40964-024-00588-y",TRUE,FALSE,"Springer Nature","Progress in Additive Manufacturing","2363-9512","2363-9512","2363-9520","2363-9520","https://creativecommons.org/licenses/by/4.0",TRUE,NA,NA,NA,NA,FALSE,"sn2024deal","04tsk2644_sn2024deal_2024"
"Bochum U",2024,NA,"10.1007/s11628-024-00558-y",TRUE,FALSE,"Springer Nature","Service Business","1862-8516","1862-8516","1862-8508","1862-8508","https://creativecommons.org/licenses/by/4.0",TRUE,NA,NA,NA,NA,FALSE,"sn2024deal","04tsk2644_sn2024deal_2024"
"Bochum U",2024,NA,"10.1007/s40830-024-00481-1",TRUE,FALSE,"Springer Nature","Shape Memory and Superelasticity","2199-384X","2199-384X","2199-3858","2199-384X","https://creativecommons.org/licenses/by/4.0",TRUE,NA,NA,NA,NA,FALSE,"sn2024deal","04tsk2644_sn2024deal_2024"
"Bochum U",2024,NA,"10.1007/s11665-024-09548-7",TRUE,FALSE,"Springer Nature","Journal of Materials Engineering and Performance","1059-9495","1059-9495","1544-1024","1059-9495","https://creativecommons.org/licenses/by/4.0",TRUE,NA,NA,NA,NA,FALSE,"sn2024deal","04tsk2644_sn2024deal_2024"
"Bochum U",2024,NA,"10.1365/s40702-024-01082-3",TRUE,FALSE,"Springer Nature","HMD Praxis der Wirtschaftsinformatik","1436-3011","1436-3011","2198-2775","1436-3011","https://creativecommons.org/licenses/by/4.0",TRUE,NA,NA,NA,NA,FALSE,"sn2024deal","04tsk2644_sn2024deal_2024"
"Bochum U",2024,NA,"10.1007/s00170-024-14014-8",TRUE,FALSE,"Springer Nature","The International Journal of Advanced Manufacturing Technology","0268-3768","0268-3768","1433-3015","0268-3768","https://creativecommons.org/licenses/by/4.0",TRUE,NA,NA,NA,NA,FALSE,"sn2024deal","04tsk2644_sn2024deal_2024"
"Bochum U",2024,NA,"10.1007/s00170-024-14023-7",TRUE,FALSE,"Springer Nature","The International Journal of Advanced Manufacturing Technology","0268-3768","0268-3768","1433-3015","0268-3768","https://creativecommons.org/licenses/by/4.0",TRUE,NA,NA,NA,NA,FALSE,"sn2024deal","04tsk2644_sn2024deal_2024"
"Bochum U",2024,NA,"10.1007/s10853-024-10221-6",TRUE,FALSE,"Springer Nature","Journal of Materials Science","0022-2461","0022-2461","1573-4803","0022-2461","https://creativecommons.org/licenses/by/4.0",TRUE,NA,NA,NA,NA,FALSE,"sn2024deal","04tsk2644_sn2024deal_2024"
"Bochum U",2024,NA,"10.1007/s11740-024-01313-y",TRUE,FALSE,"Springer Nature","Production Engineering","0944-6524","0944-6524","1863-7353","0944-6524","https://creativecommons.org/licenses/by/4.0",TRUE,NA,NA,NA,NA,FALSE,"sn2024deal","04tsk2644_sn2024deal_2024"
"Bochum U",2024,NA,"10.1007/s11661-024-07675-3",TRUE,FALSE,"Springer Nature","Metallurgical and Materials Transactions A","1073-5623","1073-5623","1543-1940","1073-5623","https://creativecommons.org/licenses/by/4.0",TRUE,NA,NA,NA,NA,FALSE,"sn2024deal","04tsk2644_sn2024deal_2024"
"Bochum U",2024,NA,"10.1007/s00605-024-02038-x",TRUE,TRUE,"Springer Nature","Monatshefte für Mathematik","0026-9255","0026-9255","1436-5081","0026-9255","https://www.springernature.com/gp/researchers/text-and-data-mining",TRUE,NA,NA,NA,NA,FALSE,"sn2024deal","04tsk2644_sn2024deal_2024"
"Bochum U",2024,NA,"10.1007/s00039-024-00675-w",TRUE,FALSE,"Springer Nature","Geometric and Functional Analysis","1016-443X","1016-443X","1420-8970","1016-443X","https://creativecommons.org/licenses/by/4.0",TRUE,NA,NA,NA,NA,FALSE,"sn2024deal","04tsk2644_sn2024deal_2024"
"Bochum U",2024,NA,"10.1007/s10623-024-01366-1",TRUE,FALSE,"Springer Nature","Designs, Codes and Cryptography","0925-1022","0925-1022","1573-7586","0925-1022","https://creativecommons.org/licenses/by/4.0",TRUE,NA,NA,NA,NA,FALSE,"sn2024deal","04tsk2644_sn2024deal_2024"
"Bochum U",2024,NA,"10.1007/s12220-024-01586-w",TRUE,FALSE,"Springer Nature","The Journal of Geometric Analysis","1050-6926","1050-6926","1559-002X","1050-6926","https://creativecommons.org/licenses/by/4.0",TRUE,NA,NA,NA,NA,FALSE,"sn2024deal","04tsk2644_sn2024deal_2024"
"Bochum U",2024,NA,"10.1007/s13385-024-00383-7",TRUE,FALSE,"Springer Nature","European Actuarial Journal","2190-9733","2190-9733","2190-9741","2190-9733","https://creativecommons.org/licenses/by/4.0",TRUE,NA,NA,NA,NA,FALSE,"sn2024deal","04tsk2644_sn2024deal_2024"
"Bochum U",2024,NA,"10.1007/s00454-024-00644-y",TRUE,FALSE,"Springer Nature","Discrete & Computational Geometry","0179-5376","0179-5376","1432-0444","0179-5376","https://creativecommons.org/licenses/by/4.0",TRUE,NA,NA,NA,NA,FALSE,"sn2024deal","04tsk2644_sn2024deal_2024"
"Bochum U",2024,NA,"10.1007/s10212-024-00843-4",TRUE,FALSE,"Springer Nature","European Journal of Psychology of Education","0256-2928","0256-2928","1878-5174","0256-2928","https://creativecommons.org/licenses/by/4.0",TRUE,NA,NA,NA,NA,FALSE,"sn2024deal","04tsk2644_sn2024deal_2024"
"Bochum U",2024,NA,"10.1007/s00013-024-02003-y",TRUE,FALSE,"Springer Nature","Archiv der Mathematik","0003-889X","0003-889X","1420-8938","0003-889X","https://creativecommons.org/licenses/by/4.0",TRUE,NA,NA,NA,NA,FALSE,"sn2024deal","04tsk2644_sn2024deal_2024"
"Bochum U",2024,NA,"10.1007/s10955-024-03278-9",TRUE,FALSE,"Springer Nature","Journal of Statistical Physics","1572-9613",NA,"1572-9613","0022-4715","https://creativecommons.org/licenses/by/4.0",TRUE,NA,NA,NA,NA,FALSE,"sn2024deal","04tsk2644_sn2024deal_2024"
"Bochum U",2024,NA,"10.1007/s12220-024-01834-z",TRUE,FALSE,"Springer Nature","The Journal of Geometric Analysis","1050-6926","1050-6926","1559-002X","1050-6926","https://creativecommons.org/licenses/by/4.0",TRUE,NA,NA,NA,NA,FALSE,"sn2024deal","04tsk2644_sn2024deal_2024"
"Bochum U",2024,NA,"10.1007/s10955-024-03373-x",TRUE,FALSE,"Springer Nature","Journal of Statistical Physics","1572-9613",NA,"1572-9613","0022-4715","https://creativecommons.org/licenses/by/4.0",TRUE,NA,NA,NA,NA,FALSE,"sn2024deal","04tsk2644_sn2024deal_2024"
"Bochum U",2024,NA,"10.1007/s10468-024-10268-8",TRUE,TRUE,"Springer Nature","Algebras and Representation Theory","1386-923X","1386-923X","1572-9079","1386-923X","https://www.springernature.com/gp/researchers/text-and-data-mining",TRUE,NA,NA,NA,NA,FALSE,"sn2024deal","04tsk2644_sn2024deal_2024"
"Bochum U",2024,NA,"10.1007/s00030-024-00962-3",TRUE,FALSE,"Springer Nature","Nonlinear Differential Equations and Applications NoDEA","1021-9722","1021-9722","1420-9004","1021-9722","https://creativecommons.org/licenses/by/4.0",TRUE,NA,NA,NA,NA,FALSE,"sn2024deal","04tsk2644_sn2024deal_2024"
"Bochum U",2024,NA,"10.3758/s13428-024-02444-x",TRUE,FALSE,"Springer Nature","Behavior Research Methods","1554-3528",NA,"1554-3528","1554-351X","https://creativecommons.org/licenses/by/4.0",TRUE,"39147946","PMC11525295",NA,NA,FALSE,"sn2024deal","04tsk2644_sn2024deal_2024"
"Bochum U",2024,NA,"10.1007/s10212-024-00810-z",TRUE,FALSE,"Springer Nature","European Journal of Psychology of Education","0256-2928","0256-2928","1878-5174","0256-2928","https://creativecommons.org/licenses/by/4.0",TRUE,NA,NA,NA,NA,FALSE,"sn2024deal","04tsk2644_sn2024deal_2024"
"Bochum U",2024,NA,"10.1007/s10648-024-09902-0",TRUE,FALSE,"Springer Nature","Educational Psychology Review","1040-726X","1040-726X","1573-336X","1040-726X","https://creativecommons.org/licenses/by/4.0",TRUE,NA,NA,NA,NA,FALSE,"sn2024deal","04tsk2644_sn2024deal_2024"
"Bochum U",2024,NA,"10.1007/s10212-024-00892-9",TRUE,FALSE,"Springer Nature","European Journal of Psychology of Education","0256-2928","0256-2928","1878-5174","0256-2928","https://creativecommons.org/licenses/by/4.0",TRUE,NA,NA,NA,NA,FALSE,"sn2024deal","04tsk2644_sn2024deal_2024"
"Bochum U",2024,NA,"10.1007/s10212-024-00897-4",TRUE,FALSE,"Springer Nature","European Journal of Psychology of Education","0256-2928","0256-2928","1878-5174","0256-2928","https://creativecommons.org/licenses/by/4.0",TRUE,NA,NA,NA,NA,FALSE,"sn2024deal","04tsk2644_sn2024deal_2024"
"Bochum U",2024,NA,"10.1007/s11412-024-09430-7",TRUE,FALSE,"Springer Nature","International Journal of Computer-Supported Collaborative Learning","1556-1607","1556-1607","1556-1615","1556-1607","https://creativecommons.org/licenses/by/4.0",TRUE,NA,NA,NA,NA,FALSE,"sn2024deal","04tsk2644_sn2024deal_2024"
"Bochum U",2024,NA,"10.1007/s10648-024-09944-4",TRUE,FALSE,"Springer Nature","Educational Psychology Review","1040-726X","1040-726X","1573-336X","1040-726X","https://creativecommons.org/licenses/by/4.0",TRUE,NA,NA,NA,NA,FALSE,"sn2024deal","04tsk2644_sn2024deal_2024"
"Bochum U",2024,NA,"10.1007/s13194-023-00563-4",TRUE,FALSE,"Springer Nature","European Journal for Philosophy of Science","1879-4912","1879-4912","1879-4920","1879-4912","https://creativecommons.org/licenses/by/4.0",TRUE,NA,NA,NA,NA,FALSE,"sn2024deal","04tsk2644_sn2024deal_2024"
"Bochum U",2024,NA,"10.1007/s10670-024-00803-w",TRUE,FALSE,"Springer Nature","Erkenntnis","0165-0106","0165-0106","1572-8420","0165-0106","https://creativecommons.org/licenses/by/4.0",TRUE,NA,NA,NA,NA,FALSE,"sn2024deal","04tsk2644_sn2024deal_2024"
"Bochum U",2024,NA,"10.1007/s42048-024-00174-5",TRUE,FALSE,"Springer Nature","Zeitschrift für Ethik und Moralphilosophie","2522-0071",NA,"2522-0071","2522-0063","https://creativecommons.org/licenses/by/4.0",TRUE,NA,NA,NA,NA,FALSE,"sn2024deal","04tsk2644_sn2024deal_2024"
"Bochum U",2024,NA,"10.1007/s42048-024-00182-5",TRUE,FALSE,"Springer Nature","Zeitschrift für Ethik und Moralphilosophie","2522-0071",NA,"2522-0071","2522-0063","https://creativecommons.org/licenses/by/4.0",TRUE,NA,NA,NA,NA,FALSE,"sn2024deal","04tsk2644_sn2024deal_2024"
"Bochum U",2024,NA,"10.1007/s10677-024-10451-2",TRUE,FALSE,"Springer Nature","Ethical Theory and Moral Practice","1386-2820","1386-2820","1572-8447","1386-2820","https://creativecommons.org/licenses/by/4.0",TRUE,NA,NA,NA,NA,FALSE,"sn2024deal","04tsk2644_sn2024deal_2024"
"Bochum U",2024,NA,"10.1007/s10992-024-09763-6",TRUE,FALSE,"Springer Nature","Journal of Philosophical Logic","0022-3611","0022-3611","1573-0433","0022-3611","https://creativecommons.org/licenses/by/4.0",TRUE,NA,NA,NA,NA,FALSE,"sn2024deal","04tsk2644_sn2024deal_2024"
"Bochum U",2024,NA,"10.1007/s10670-024-00842-3",TRUE,FALSE,"Springer Nature","Erkenntnis","0165-0106","0165-0106","1572-8420","0165-0106","https://creativecommons.org/licenses/by/4.0",TRUE,"41425001","PMC12714820",NA,NA,FALSE,"sn2024deal","04tsk2644_sn2024deal_2024"
"Bochum U",2024,NA,"10.1007/s13194-024-00603-7",TRUE,FALSE,"Springer Nature","European Journal for Philosophy of Science","1879-4912","1879-4912","1879-4920","1879-4912","https://creativecommons.org/licenses/by/4.0",TRUE,NA,NA,NA,NA,FALSE,"sn2024deal","04tsk2644_sn2024deal_2024"
"Bochum U",2024,NA,"10.1007/s10849-024-09421-9",TRUE,FALSE,"Springer Nature","Journal of Logic, Language and Information","0925-8531","0925-8531","1572-9583","0925-8531","https://creativecommons.org/licenses/by/4.0",TRUE,"39654698","PMC11625081",NA,NA,FALSE,"sn2024deal","04tsk2644_sn2024deal_2024"
"Bochum U",2024,NA,"10.1007/s13347-024-00700-8",TRUE,FALSE,"Springer Nature","Philosophy & Technology","2210-5433","2210-5433","2210-5441","2210-5433","https://creativecommons.org/licenses/by/4.0",TRUE,NA,NA,NA,NA,FALSE,"sn2024deal","04tsk2644_sn2024deal_2024"
"Bochum U",2024,NA,"10.1007/s00146-024-01925-z",TRUE,FALSE,"Springer Nature","AI & SOCIETY","0951-5666","0951-5666","1435-5655","0951-5666","https://creativecommons.org/licenses/by/4.0",TRUE,NA,NA,NA,NA,FALSE,"sn2024deal","04tsk2644_sn2024deal_2024"
"Bochum U",2024,NA,"10.1007/s11098-024-02182-y",TRUE,FALSE,"Springer Nature","Philosophical Studies","0031-8116","0031-8116","1573-0883","0031-8116","https://creativecommons.org/licenses/by/4.0",TRUE,NA,NA,NA,NA,FALSE,"sn2024deal","04tsk2644_sn2024deal_2024"
"Bochum U",2024,NA,"10.1007/s11245-024-10061-8",TRUE,FALSE,"Springer Nature","Topoi","0167-7411","0167-7411","1572-8749","0167-7411","https://creativecommons.org/licenses/by/4.0",TRUE,NA,NA,NA,NA,FALSE,"sn2024deal","04tsk2644_sn2024deal_2024"
"Bochum U",2024,NA,"10.1007/s11016-024-00999-1",TRUE,FALSE,"Springer Nature","Metascience","0815-0796","0815-0796","1467-9981","0815-0796","https://creativecommons.org/licenses/by/4.0",TRUE,NA,NA,NA,NA,FALSE,"sn2024deal","04tsk2644_sn2024deal_2024"
"Bochum U",2024,NA,"10.1007/s11229-024-04689-7",TRUE,FALSE,"Springer Nature","Synthese","1573-0964",NA,"1573-0964","0039-7857","https://creativecommons.org/licenses/by/4.0",TRUE,NA,NA,NA,NA,FALSE,"sn2024deal","04tsk2644_sn2024deal_2024"
"Bochum U",2024,NA,"10.1007/s11245-024-10068-1",TRUE,FALSE,"Springer Nature","Topoi","0167-7411","0167-7411","1572-8749","0167-7411","https://creativecommons.org/licenses/by/4.0",TRUE,NA,NA,NA,NA,FALSE,"sn2024deal","04tsk2644_sn2024deal_2024"
"Bochum U",2024,NA,"10.1007/s13164-024-00749-6",TRUE,FALSE,"Springer Nature","Review of Philosophy and Psychology","1878-5158","1878-5158","1878-5166","1878-5158","https://creativecommons.org/licenses/by/4.0",TRUE,NA,NA,NA,NA,FALSE,"sn2024deal","04tsk2644_sn2024deal_2024"
"Bochum U",2024,NA,"10.1007/s11097-024-10026-7",TRUE,FALSE,"Springer Nature","Phenomenology and the Cognitive Sciences","1568-7759","1568-7759","1572-8676","1568-7759","https://creativecommons.org/licenses/by/4.0",TRUE,NA,NA,NA,NA,FALSE,"sn2024deal","04tsk2644_sn2024deal_2024"
"Bochum U",2024,NA,"10.1007/s13164-024-00751-y",TRUE,FALSE,"Springer Nature","Review of Philosophy and Psychology","1878-5158","1878-5158","1878-5166","1878-5158","https://creativecommons.org/licenses/by/4.0",TRUE,NA,NA,NA,NA,FALSE,"sn2024deal","04tsk2644_sn2024deal_2024"
"Bochum U",2024,NA,"10.1007/s13194-024-00616-2",TRUE,FALSE,"Springer Nature","European Journal for Philosophy of Science","1879-4912","1879-4912","1879-4920","1879-4912","https://creativecommons.org/licenses/by/4.0",TRUE,NA,NA,NA,NA,FALSE,"sn2024deal","04tsk2644_sn2024deal_2024"
"Bochum U",2024,NA,"10.1007/s00355-024-01566-7",TRUE,FALSE,"Springer Nature","Social Choice and Welfare","0176-1714","0176-1714","1432-217X","0176-1714","https://creativecommons.org/licenses/by/4.0",TRUE,NA,NA,NA,NA,FALSE,"sn2024deal","04tsk2644_sn2024deal_2024"
"Bochum U",2024,NA,"10.1007/s11245-024-10140-w",TRUE,FALSE,"Springer Nature","Topoi","0167-7411","0167-7411","1572-8749","0167-7411","https://creativecommons.org/licenses/by/4.0",TRUE,NA,NA,NA,NA,FALSE,"sn2024deal","04tsk2644_sn2024deal_2024"
"Bochum U",2024,NA,"10.1007/s00601-024-01918-0",TRUE,FALSE,"Springer Nature","Few-Body Systems","1432-5411",NA,"1432-5411","0177-7963","https://creativecommons.org/licenses/by/4.0",TRUE,NA,NA,NA,NA,FALSE,"sn2024deal","04tsk2644_sn2024deal_2024"
"Bochum U",2024,NA,"10.1140/epja/s10050-024-01426-z",TRUE,FALSE,"Springer Nature","The European Physical Journal A","1434-601X",NA,"1434-601X","1434-6001","https://creativecommons.org/licenses/by/4.0",TRUE,"39479253","PMC11519292",NA,NA,FALSE,"sn2024deal","04tsk2644_sn2024deal_2024"
"Bochum U",2024,NA,"10.1007/s11090-024-10533-0",TRUE,FALSE,"Springer Nature","Plasma Chemistry and Plasma Processing","0272-4324","0272-4324","1572-8986","0272-4324","https://creativecommons.org/licenses/by/4.0",TRUE,NA,NA,NA,NA,FALSE,"sn2024deal","04tsk2644_sn2024deal_2024"
"Bochum U",2024,NA,"10.1007/s00601-024-01915-3",TRUE,FALSE,"Springer Nature","Few-Body Systems","1432-5411",NA,"1432-5411","0177-7963","https://creativecommons.org/licenses/by/4.0",TRUE,NA,NA,NA,NA,FALSE,"sn2024deal","04tsk2644_sn2024deal_2024"
"Bochum U",2024,NA,"10.1007/s10608-023-10454-w",TRUE,FALSE,"Springer Nature","Cognitive Therapy and Research","0147-5916","0147-5916","1573-2819","0147-5916","https://creativecommons.org/licenses/by/4.0",TRUE,NA,NA,NA,NA,FALSE,"sn2024deal","04tsk2644_sn2024deal_2024"
"Bochum U",2024,NA,"10.1007/s12144-023-05602-0",TRUE,FALSE,"Springer Nature","Current Psychology","1046-1310","1046-1310","1936-4733","1046-1310","https://creativecommons.org/licenses/by/4.0",TRUE,NA,NA,NA,NA,FALSE,"sn2024deal","04tsk2644_sn2024deal_2024"
"Bochum U",2024,NA,"10.3758/s13423-024-02453-z",TRUE,FALSE,"Springer Nature","Psychonomic Bulletin & Review","1069-9384","1069-9384","1531-5320","1069-9384","https://creativecommons.org/licenses/by/4.0",TRUE,"38286912","PMC11358238",NA,NA,FALSE,"sn2024deal","04tsk2644_sn2024deal_2024"
"Bochum U",2024,NA,"10.1007/s10567-024-00470-x",TRUE,FALSE,"Springer Nature","Clinical Child and Family Psychology Review","1096-4037","1096-4037","1573-2827","1096-4037","https://creativecommons.org/licenses/by/4.0",TRUE,"38402358","PMC10920437",NA,NA,FALSE,"sn2024deal","04tsk2644_sn2024deal_2024"
"Bochum U",2024,NA,"10.1007/s10608-024-10477-x",TRUE,FALSE,"Springer Nature","Cognitive Therapy and Research","0147-5916","0147-5916","1573-2819","0147-5916","https://creativecommons.org/licenses/by/4.0",TRUE,"40832131","PMC12360707",NA,NA,FALSE,"sn2024deal","04tsk2644_sn2024deal_2024"
"Bochum U",2024,NA,"10.1007/s00702-024-02754-6",TRUE,FALSE,"Springer Nature","Journal of Neural Transmission","0300-9564","0300-9564","1435-1463","0300-9564","https://creativecommons.org/licenses/by/4.0",TRUE,"38424282","PMC11016127",NA,NA,FALSE,"sn2024deal","04tsk2644_sn2024deal_2024"
"Bochum U",2024,NA,"10.1007/s10389-024-02266-3",TRUE,FALSE,"Springer Nature","Journal of Public Health","2198-1833","2198-1833","1613-2238","0943-1853","https://creativecommons.org/licenses/by/4.0",TRUE,NA,NA,NA,NA,FALSE,"sn2024deal","04tsk2644_sn2024deal_2024"
"Bochum U",2024,NA,"10.1007/s10902-024-00788-x",TRUE,FALSE,"Springer Nature","Journal of Happiness Studies","1389-4978","1389-4978","1573-7780","1389-4978","https://creativecommons.org/licenses/by/4.0",TRUE,NA,NA,NA,NA,FALSE,"sn2024deal","04tsk2644_sn2024deal_2024"
"Bochum U",2024,NA,"10.1007/s10584-024-03784-5",TRUE,FALSE,"Springer Nature","Climatic Change","0165-0009","0165-0009","1573-1480","0165-0009","https://creativecommons.org/licenses/by/4.0",TRUE,NA,NA,NA,NA,FALSE,"sn2024deal","04tsk2644_sn2024deal_2024"
"Bochum U",2024,NA,"10.1007/s13178-024-01064-6",TRUE,FALSE,"Springer Nature","Sexuality Research and Social Policy","1868-9884","1868-9884","1553-6610","1553-6610","https://creativecommons.org/licenses/by/4.0",TRUE,NA,NA,NA,NA,FALSE,"sn2024deal","04tsk2644_sn2024deal_2024"
"Bochum U",2024,NA,"10.1007/s12144-024-05652-y",TRUE,FALSE,"Springer Nature","Current Psychology","1046-1310","1046-1310","1936-4733","1046-1310","https://creativecommons.org/licenses/by/4.0",TRUE,NA,NA,NA,NA,FALSE,"sn2024deal","04tsk2644_sn2024deal_2024"
"Bochum U",2024,NA,"10.1007/s11577-024-00960-4",TRUE,TRUE,"Springer Nature","KZfSS Kölner Zeitschrift für Soziologie und Sozialpsychologie","0023-2653","0023-2653","1861-891X","0023-2653","https://www.springernature.com/gp/researchers/text-and-data-mining",TRUE,NA,NA,NA,NA,FALSE,"sn2024deal","04tsk2644_sn2024deal_2024"
"Bochum U",2024,NA,"10.1007/s11614-024-00559-1",TRUE,FALSE,"Springer Nature","Österreichische Zeitschrift für Soziologie","1862-2585",NA,"1862-2585","1011-0070","https://creativecommons.org/licenses/by/4.0",TRUE,NA,NA,NA,NA,FALSE,"sn2024deal","04tsk2644_sn2024deal_2024"
"Bochum U",2024,NA,"10.1007/s11614-024-00563-5",TRUE,FALSE,"Springer Nature","Österreichische Zeitschrift für Soziologie","1862-2585",NA,"1862-2585","1011-0070","https://creativecommons.org/licenses/by/4.0",TRUE,NA,NA,NA,NA,FALSE,"sn2024deal","04tsk2644_sn2024deal_2024"
"Bochum U",2024,NA,"10.1007/s12187-024-10124-7",TRUE,FALSE,"Springer Nature","Child Indicators Research","1874-897X","1874-897X","1874-8988","1874-897X","https://creativecommons.org/licenses/by/4.0",TRUE,NA,NA,NA,NA,FALSE,"sn2024deal","04tsk2644_sn2024deal_2024"
"Bochum U",2024,NA,"10.1007/s12662-023-00933-3",TRUE,FALSE,"Springer Nature","German Journal of Exercise and Sport Research","2509-3142","2509-3142","2509-3150","2509-3150","https://creativecommons.org/licenses/by/4.0",TRUE,NA,NA,NA,NA,FALSE,"sn2024deal","04tsk2644_sn2024deal_2024"
"Bochum U",2024,NA,"10.1007/s10640-023-00838-7",TRUE,FALSE,"Springer Nature","Environmental and Resource Economics","0924-6460","0924-6460","1573-1502","0924-6460","https://creativecommons.org/licenses/by/4.0",TRUE,NA,NA,NA,NA,FALSE,"sn2024deal","04tsk2644_sn2024deal_2024"
"Bochum U",2024,NA,"10.1007/s11192-024-05022-2",TRUE,FALSE,"Springer Nature","Scientometrics","0138-9130","0138-9130","1588-2861","0138-9130","https://creativecommons.org/licenses/by/4.0",TRUE,NA,NA,NA,NA,FALSE,"sn2024deal","04tsk2644_sn2024deal_2024"
"Bochum U",2024,NA,"10.1007/s00350-024-6759-y",TRUE,FALSE,"Springer Nature","Medizinrecht","0723-8886","0723-8886","1433-8629","0723-8886","https://creativecommons.org/licenses/by/4.0",TRUE,NA,NA,NA,NA,FALSE,"sn2024deal","04tsk2644_sn2024deal_2024"
"Bochum U",2024,NA,"10.1007/s11007-024-09644-4",TRUE,FALSE,"Springer Nature","Continental Philosophy Review","1387-2842","1387-2842","1573-1103","1387-2842","https://creativecommons.org/licenses/by/4.0",TRUE,NA,NA,NA,NA,FALSE,"sn2024deal","04tsk2644_sn2024deal_2024"
"Bochum U",2024,NA,"10.1007/s42399-023-01636-4",TRUE,FALSE,"Springer Nature","SN Comprehensive Clinical Medicine","2523-8973",NA,"2523-8973","2523-8973","https://creativecommons.org/licenses/by/4.0",TRUE,NA,NA,NA,NA,FALSE,"sn2024deal","04tsk2644_sn2024deal_2024"
"Bochum U",2024,NA,"10.1007/s12268-024-2114-0",TRUE,FALSE,"Springer Nature","BIOspektrum","0947-0867","0947-0867","1868-6249","0947-0867","https://creativecommons.org/licenses/by/4.0",TRUE,NA,NA,NA,NA,FALSE,"sn2024deal","04tsk2644_sn2024deal_2024"
"Bochum U",2024,NA,"10.1007/s10389-024-02226-x",TRUE,FALSE,"Springer Nature","Journal of Public Health","2198-1833","2198-1833","1613-2238","0943-1853","https://creativecommons.org/licenses/by/4.0",TRUE,NA,NA,NA,NA,FALSE,"sn2024deal","04tsk2644_sn2024deal_2024"
"Bochum U",2024,NA,"10.1007/s11357-024-01160-w",TRUE,FALSE,"Springer Nature","GeroScience","2509-2723",NA,"2509-2723","2509-2723","https://creativecommons.org/licenses/by/4.0",TRUE,"38656649","PMC11336029",NA,NA,FALSE,"sn2024deal","04tsk2644_sn2024deal_2024"
"Bochum U",2024,NA,"10.1007/s00481-024-00815-8",TRUE,FALSE,"Springer Nature","Ethik in der Medizin","0935-7335","0935-7335","1437-1618","0935-7335","https://creativecommons.org/licenses/by/4.0",TRUE,NA,NA,NA,NA,FALSE,"sn2024deal","04tsk2644_sn2024deal_2024"
"Bochum U",2024,NA,"10.1038/s41380-024-02612-7",TRUE,FALSE,"Springer Nature","Molecular Psychiatry","1359-4184","1359-4184","1476-5578","1359-4184","https://creativecommons.org/licenses/by/4.0",TRUE,"38802508","PMC11541002",NA,NA,FALSE,"sn2024deal","04tsk2644_sn2024deal_2024"
"Bochum U",2024,NA,"10.1007/s00101-024-01463-9",TRUE,FALSE,"Springer Nature","Die Anaesthesiologie","2731-6858","2731-6858","2731-6866","2731-6858","https://creativecommons.org/licenses/by/4.0",TRUE,"39356309","PMC11522168",NA,NA,FALSE,"sn2024deal","04tsk2644_sn2024deal_2024"
"Bochum U",2024,NA,"10.1007/s00393-024-01606-8",TRUE,FALSE,"Springer Nature","Zeitschrift für Rheumatologie","0340-1855","0340-1855","1435-1250","0340-1855","https://creativecommons.org/licenses/by/4.0",TRUE,"39653857","PMC11965240",NA,NA,FALSE,"sn2024deal","04tsk2644_sn2024deal_2024"
"Bochum U",2024,NA,"10.1038/s41423-024-01248-5",TRUE,FALSE,"Springer Nature","Cellular and Molecular Immunology","2042-0226",NA,"2042-0226","1672-7681","https://creativecommons.org/licenses/by/4.0",TRUE,"39681605","PMC11868515",NA,NA,FALSE,"sn2024deal","04tsk2644_sn2024deal_2024"
"Bochum U",2024,NA,"10.1007/s00424-024-02966-5",TRUE,TRUE,"Springer Nature","Pflügers Archiv - European Journal of Physiology","0031-6768","0031-6768","1432-2013","0031-6768","https://www.springernature.com/gp/researchers/text-and-data-mining",TRUE,"38658400",NA,NA,NA,FALSE,"sn2024deal","04tsk2644_sn2024deal_2024"
"Bochum U",2024,NA,"10.1007/s00482-024-00836-8",TRUE,TRUE,"Springer Nature","Der Schmerz","0932-433X","0932-433X","1432-2129","0932-433X","https://www.springernature.com/gp/researchers/text-and-data-mining",TRUE,"39302445",NA,NA,NA,FALSE,"sn2024deal","04tsk2644_sn2024deal_2024"
"Bochum U",2024,NA,"10.1007/s00104-024-02107-9",TRUE,FALSE,"Springer Nature","Die Chirurgie","2731-6971","2731-6971","2731-698X","2731-6971","https://creativecommons.org/licenses/by/4.0",TRUE,"38829547","PMC11413039",NA,NA,FALSE,"sn2024deal","04tsk2644_sn2024deal_2024"
"Bochum U",2024,NA,"10.1007/s00402-024-05577-y",TRUE,FALSE,"Springer Nature","Archives of Orthopaedic and Trauma Surgery","1434-3916",NA,"1434-3916","0936-8051","https://creativecommons.org/licenses/by/4.0",TRUE,"39358485","PMC11582334",NA,NA,FALSE,"sn2024deal","04tsk2644_sn2024deal_2024"
"Bochum U",2024,NA,"10.1007/s00402-024-05602-0",TRUE,FALSE,"Springer Nature","Archives of Orthopaedic and Trauma Surgery","1434-3916",NA,"1434-3916","0936-8051","https://creativecommons.org/licenses/by/4.0",TRUE,"39361060","PMC11582093",NA,NA,FALSE,"sn2024deal","04tsk2644_sn2024deal_2024"
"Bochum U",2024,NA,"10.1038/s41394-024-00624-7",TRUE,TRUE,"Springer Nature","Spinal Cord Series and Cases","2058-6124",NA,"2058-6124","2058-6124","https://www.springernature.com/gp/researchers/text-and-data-mining",TRUE,"38472197","PMC10933252",NA,NA,FALSE,"sn2024deal","04tsk2644_sn2024deal_2024"
"Bochum U",2024,NA,"10.1007/s10840-024-01767-1",TRUE,TRUE,"Springer Nature","Journal of Interventional Cardiac Electrophysiology","1572-8595",NA,"1572-8595","1383-875X","https://www.springernature.com/gp/researchers/text-and-data-mining",TRUE,"38383674",NA,NA,NA,FALSE,"sn2024deal","04tsk2644_sn2024deal_2024"
"Bochum U",2024,NA,"10.1007/s00266-024-04142-7",TRUE,TRUE,"Springer Nature","Aesthetic Plastic Surgery","0364-216X","0364-216X","1432-5241","0364-216X","https://www.springernature.com/gp/researchers/text-and-data-mining",TRUE,"38849552",NA,NA,NA,FALSE,"sn2024deal","04tsk2644_sn2024deal_2024"
"Bochum U",2024,NA,"10.1007/s00266-024-03939-w",TRUE,FALSE,"Springer Nature","Aesthetic Plastic Surgery","0364-216X","0364-216X","1432-5241","0364-216X","https://creativecommons.org/licenses/by/4.0",TRUE,"38536428","PMC12134016",NA,NA,FALSE,"sn2024deal","04tsk2644_sn2024deal_2024"
"Bochum U",2024,NA,"10.1007/s00423-024-03341-9",TRUE,FALSE,"Springer Nature","Langenbeck's Archives of Surgery","1435-2451",NA,"1435-2451","1435-2443","https://creativecommons.org/licenses/by/4.0",TRUE,"38730065","PMC11087333",NA,NA,FALSE,"sn2024deal","04tsk2644_sn2024deal_2024"
"Bochum U",2024,NA,"10.1007/s11695-024-07552-3",TRUE,TRUE,"Springer Nature","Obesity Surgery","0960-8923","0960-8923","1708-0428","0960-8923","https://www.springernature.com/gp/researchers/text-and-data-mining",TRUE,"39527230",NA,NA,NA,FALSE,"sn2024deal","04tsk2644_sn2024deal_2024"
"Bochum U",2024,NA,"10.1007/s11764-024-01535-0",TRUE,FALSE,"Springer Nature","Journal of Cancer Survivorship","1932-2259","1932-2259","1932-2267","1932-2259","https://creativecommons.org/licenses/by/4.0",TRUE,"38291220","PMC12081545",NA,NA,FALSE,"sn2024deal","04tsk2644_sn2024deal_2024"
"Bochum U",2024,NA,"10.1007/s00345-024-04839-z",TRUE,FALSE,"Springer Nature","World Journal of Urology","1433-8726",NA,"1433-8726","0724-4983","https://creativecommons.org/licenses/by/4.0",TRUE,"38421452","PMC10904548",NA,NA,FALSE,"sn2024deal","04tsk2644_sn2024deal_2024"
"Bochum U",2024,NA,"10.1007/s11764-024-01644-w",TRUE,FALSE,"Springer Nature","Journal of Cancer Survivorship","1932-2259","1932-2259","1932-2267","1932-2259","https://creativecommons.org/licenses/by/4.0",TRUE,"38985430","PMC12906508",NA,NA,FALSE,"sn2024deal","04tsk2644_sn2024deal_2024"
"Bochum U",2024,NA,"10.1007/s00345-024-05200-0",TRUE,FALSE,"Springer Nature","World Journal of Urology","1433-8726",NA,"1433-8726","0724-4983","https://creativecommons.org/licenses/by/4.0",TRUE,"39172140","PMC11341598",NA,NA,FALSE,"sn2024deal","04tsk2644_sn2024deal_2024"
"Bochum U",2024,NA,"10.1007/s00063-024-01110-6",TRUE,TRUE,"Springer Nature","Medizinische Klinik - Intensivmedizin und Notfallmedizin","2193-6218","2193-6218","2193-6226","2193-6218","https://www.springernature.com/gp/researchers/text-and-data-mining",TRUE,"38388745",NA,NA,NA,FALSE,"sn2024deal","04tsk2644_sn2024deal_2024"
"Bochum U",2024,NA,"10.1007/s00063-024-01137-9",TRUE,TRUE,"Springer Nature","Medizinische Klinik - Intensivmedizin und Notfallmedizin","2193-6218","2193-6218","2193-6226","2193-6218","https://www.springernature.com/gp/researchers/text-and-data-mining",TRUE,"38634866",NA,NA,NA,FALSE,"sn2024deal","04tsk2644_sn2024deal_2024"
"Bochum U",2024,NA,"10.1007/s00063-024-01144-w",TRUE,TRUE,"Springer Nature","Medizinische Klinik - Intensivmedizin und Notfallmedizin","2193-6218","2193-6218","2193-6226","2193-6218","https://www.springernature.com/gp/researchers/text-and-data-mining",TRUE,"38652144",NA,NA,NA,FALSE,"sn2024deal","04tsk2644_sn2024deal_2024"
"Bochum U",2024,NA,"10.1007/s00393-024-01482-2",TRUE,FALSE,"Springer Nature","Zeitschrift für Rheumatologie","0340-1855","0340-1855","1435-1250","0340-1855","https://creativecommons.org/licenses/by/4.0",TRUE,"38381191","PMC11058609",NA,NA,FALSE,"sn2024deal","04tsk2644_sn2024deal_2024"
"Bochum U",2024,NA,"10.1007/s00393-024-01508-9",TRUE,FALSE,"Springer Nature","Zeitschrift für Rheumatologie","0340-1855","0340-1855","1435-1250","0340-1855","https://creativecommons.org/licenses/by/4.0",TRUE,"38717505","PMC11779693",NA,NA,FALSE,"sn2024deal","04tsk2644_sn2024deal_2024"
"Bochum U",2024,NA,"10.1007/s00393-024-01520-z",TRUE,FALSE,"Springer Nature","Zeitschrift für Rheumatologie","0340-1855","0340-1855","1435-1250","0340-1855","https://creativecommons.org/licenses/by/4.0",TRUE,"38806813","PMC11779690",NA,NA,FALSE,"sn2024deal","04tsk2644_sn2024deal_2024"
"Bochum U",2024,NA,"10.1007/s00772-024-01105-9",TRUE,FALSE,"Springer Nature","Gefässchirurgie","0948-7034","0948-7034","1434-3932","0948-7034","https://creativecommons.org/licenses/by/4.0",TRUE,NA,NA,NA,NA,FALSE,"sn2024deal","04tsk2644_sn2024deal_2024"
"Bochum U",2024,NA,"10.1007/s10151-024-02972-w",TRUE,FALSE,"Springer Nature","Techniques in Coloproctology","1123-6337","1123-6337","1128-045X","1123-6337","https://creativecommons.org/licenses/by/4.0",TRUE,"39141158","PMC11324676",NA,NA,FALSE,"sn2024deal","04tsk2644_sn2024deal_2024"
"Bochum U",2024,NA,"10.1007/s12265-024-10557-z",TRUE,FALSE,"Springer Nature","Journal of Cardiovascular Translational Research","1937-5387","1937-5387","1937-5395","1937-5387","https://creativecommons.org/licenses/by/4.0",TRUE,"39292408","PMC11885332",NA,NA,FALSE,"sn2024deal","04tsk2644_sn2024deal_2024"
"Bochum U",2024,NA,"10.1007/s00392-024-02553-9",TRUE,FALSE,"Springer Nature","Clinical Research in Cardiology","1861-0684","1861-0684","1861-0692","1861-0684","https://creativecommons.org/licenses/by/4.0",TRUE,"39347796","PMC12708690",NA,NA,FALSE,"sn2024deal","04tsk2644_sn2024deal_2024"
"Bochum U",2024,NA,"10.1007/s00392-023-02356-4",TRUE,FALSE,"Springer Nature","Clinical Research in Cardiology","1861-0684","1861-0684","1861-0692","1861-0684","https://creativecommons.org/licenses/by/4.0",TRUE,"38170247","PMC10850222",NA,NA,FALSE,"sn2024deal","04tsk2644_sn2024deal_2024"
"Bochum U",2024,NA,"10.1007/s00392-024-02529-9",TRUE,FALSE,"Springer Nature","Clinical Research in Cardiology","1861-0684","1861-0684","1861-0692","1861-0684","https://creativecommons.org/licenses/by/4.0",TRUE,"39222280","PMC13160959",NA,NA,FALSE,"sn2024deal","04tsk2644_sn2024deal_2024"
"Bochum U",2024,NA,"10.1007/s00392-024-02554-8",TRUE,FALSE,"Springer Nature","Clinical Research in Cardiology","1861-0684","1861-0684","1861-0692","1861-0684","https://creativecommons.org/licenses/by/4.0",TRUE,"39382705","PMC11839858",NA,NA,FALSE,"sn2024deal","04tsk2644_sn2024deal_2024"
"Bochum U",2024,NA,"10.1007/s00392-024-02587-z",TRUE,FALSE,"Springer Nature","Clinical Research in Cardiology","1861-0684","1861-0684","1861-0692","1861-0684","https://creativecommons.org/licenses/by/4.0",TRUE,"39661146","PMC11913987",NA,NA,FALSE,"sn2024deal","04tsk2644_sn2024deal_2024"
"Bochum U",2024,NA,"10.1007/s10840-024-01801-2",TRUE,FALSE,"Springer Nature","Journal of Interventional Cardiac Electrophysiology","1572-8595",NA,"1572-8595","1383-875X","https://creativecommons.org/licenses/by/4.0",TRUE,"38632135","PMC11522126",NA,NA,FALSE,"sn2024deal","04tsk2644_sn2024deal_2024"
"Bochum U",2024,NA,"10.1007/s00392-024-02450-1",TRUE,FALSE,"Springer Nature","Clinical Research in Cardiology","1861-0684","1861-0684","1861-0692","1861-0684","https://creativecommons.org/licenses/by/4.0",TRUE,"38695900","PMC13013165",NA,NA,FALSE,"sn2024deal","04tsk2644_sn2024deal_2024"
"Bochum U",2024,NA,"10.1007/s10840-024-01953-1",TRUE,FALSE,"Springer Nature","Journal of Interventional Cardiac Electrophysiology","1572-8595",NA,"1572-8595","1383-875X","https://creativecommons.org/licenses/by/4.0",TRUE,"39702551","PMC12317858",NA,NA,FALSE,"sn2024deal","04tsk2644_sn2024deal_2024"
"Bochum U",2024,NA,"10.1007/s00394-024-03559-9",TRUE,FALSE,"Springer Nature","European Journal of Nutrition","1436-6207","1436-6207","1436-6215","1436-6207","https://creativecommons.org/licenses/by/4.0",TRUE,"39680162","PMC11649730",NA,NA,FALSE,"sn2024deal","04tsk2644_sn2024deal_2024"
"Bochum U",2024,NA,"10.1007/s00101-024-01400-w",TRUE,FALSE,"Springer Nature","Die Anaesthesiologie","2731-6858","2731-6858","2731-6866","2731-6858","https://creativecommons.org/licenses/by/4.0",TRUE,"38625537","PMC11076389",NA,NA,FALSE,"sn2024deal","04tsk2644_sn2024deal_2024"
"Bochum U",2024,NA,"10.1007/s00063-024-01163-7",TRUE,FALSE,"Springer Nature","Medizinische Klinik - Intensivmedizin und Notfallmedizin","2193-6218","2193-6218","2193-6226","2193-6218","https://creativecommons.org/licenses/by/4.0",TRUE,"38916654","PMC11461771",NA,NA,FALSE,"sn2024deal","04tsk2644_sn2024deal_2024"
"Bochum U",2024,NA,"10.1007/s00423-024-03298-9",TRUE,FALSE,"Springer Nature","Langenbeck's Archives of Surgery","1435-2451",NA,"1435-2451","1435-2443","https://creativecommons.org/licenses/by/4.0",TRUE,"38570375","PMC10990981",NA,NA,FALSE,"sn2024deal","04tsk2644_sn2024deal_2024"
"Bochum U",2024,NA,"10.1007/s13304-024-01939-8",TRUE,FALSE,"Springer Nature","Updates in Surgery","2038-131X","2038-131X","2038-3312","2038-131X","https://creativecommons.org/licenses/by/4.0",TRUE,"38980596","PMC11455732",NA,NA,FALSE,"sn2024deal","04tsk2644_sn2024deal_2024"
"Bochum U",2024,NA,"10.1007/s00101-024-01440-2",TRUE,FALSE,"Springer Nature","Die Anaesthesiologie","2731-6858","2731-6858","2731-6866","2731-6858","https://creativecommons.org/licenses/by/4.0/deed.de",TRUE,"39103635","PMC12041095",NA,NA,FALSE,"sn2024deal","04tsk2644_sn2024deal_2024"
"Bochum U",2024,NA,"10.1007/s00402-024-05396-1",TRUE,TRUE,"Springer Nature","Archives of Orthopaedic and Trauma Surgery","1434-3916",NA,"1434-3916","0936-8051","https://www.springernature.com/gp/researchers/text-and-data-mining",TRUE,"38953942",NA,NA,NA,FALSE,"sn2024deal","04tsk2644_sn2024deal_2024"
"Bochum U",2024,NA,"10.1007/s00415-024-12511-0",TRUE,FALSE,"Springer Nature","Journal of Neurology","0340-5354","0340-5354","1432-1459","0340-5354","https://creativecommons.org/licenses/by/4.0",TRUE,"38896263","PMC11319366",NA,NA,FALSE,"sn2024deal","04tsk2644_sn2024deal_2024"
"Bochum U",2024,NA,"10.1007/s00405-023-08408-9",TRUE,TRUE,"Springer Nature","European Archives of Oto-Rhino-Laryngology","0937-4477","0937-4477","1434-4726","0937-4477","https://www.springernature.com/gp/researchers/text-and-data-mining",TRUE,"38191747",NA,NA,NA,FALSE,"sn2024deal","04tsk2644_sn2024deal_2024"
"Bochum U",2024,NA,"10.1007/s00106-023-01408-5",TRUE,FALSE,"Springer Nature","HNO","0017-6192","0017-6192","1433-0458","0017-6192","https://creativecommons.org/licenses/by/4.0",TRUE,"38224355","PMC10879220",NA,NA,FALSE,"sn2024deal","04tsk2644_sn2024deal_2024"
"Bochum U",2024,NA,"10.1007/s00405-024-08493-4",TRUE,FALSE,"Springer Nature","European Archives of Oto-Rhino-Laryngology","0937-4477","0937-4477","1434-4726","0937-4477","https://creativecommons.org/licenses/by/4.0",TRUE,"38551698","PMC11266488",NA,NA,FALSE,"sn2024deal","04tsk2644_sn2024deal_2024"
"Bochum U",2024,NA,"10.1007/s10919-024-00468-7",TRUE,FALSE,"Springer Nature","Journal of Nonverbal Behavior","0191-5886","0191-5886","1573-3653","0191-5886","https://creativecommons.org/licenses/by/4.0",TRUE,NA,NA,NA,NA,FALSE,"sn2024deal","04tsk2644_sn2024deal_2024"
"Bochum U",2024,NA,"10.1007/s10072-024-07548-y",TRUE,FALSE,"Springer Nature","Neurological Sciences","1590-1874","1590-1874","1590-3478","1590-1874","https://creativecommons.org/licenses/by/4.0",TRUE,"38664303","PMC11422254",NA,NA,FALSE,"sn2024deal","04tsk2644_sn2024deal_2024"
"Bochum U",2024,NA,"10.1007/s10840-024-01869-w",TRUE,FALSE,"Springer Nature","Journal of Interventional Cardiac Electrophysiology","1572-8595",NA,"1572-8595","1383-875X","https://creativecommons.org/licenses/by/4.0",TRUE,"38985244","PMC11606999",NA,NA,FALSE,"sn2024deal","04tsk2644_sn2024deal_2024"
"Bochum U",2024,NA,"10.1007/s15010-024-02225-w",TRUE,FALSE,"Springer Nature","Infection","0300-8126","0300-8126","1439-0973","0300-8126","https://creativecommons.org/licenses/by/4.0",TRUE,"38499828","PMC11288991",NA,NA,FALSE,"sn2024deal","04tsk2644_sn2024deal_2024"
"Bochum U",2024,NA,"10.1007/s10389-024-02279-y",TRUE,FALSE,"Springer Nature","Journal of Public Health","2198-1833","2198-1833","1613-2238","0943-1853","https://creativecommons.org/licenses/by/4.0",TRUE,NA,NA,NA,NA,FALSE,"sn2024deal","04tsk2644_sn2024deal_2024"
"Bochum U",2024,NA,"10.1007/s00431-024-05847-2",TRUE,FALSE,"Springer Nature","European Journal of Pediatrics","1432-1076",NA,"1432-1076","0340-6199","https://creativecommons.org/licenses/by/4.0",TRUE,"39636479","PMC11621194",NA,NA,FALSE,"sn2024deal","04tsk2644_sn2024deal_2024"
"Bochum U",2024,NA,"10.1007/s00394-024-03530-8",TRUE,FALSE,"Springer Nature","European Journal of Nutrition","1436-6207","1436-6207","1436-6215","1436-6207","https://creativecommons.org/licenses/by-nc-nd/4.0",TRUE,"39549094","PMC11569004",NA,NA,FALSE,"sn2024deal","04tsk2644_sn2024deal_2024"
"Bochum U",2024,NA,"10.1007/s00415-024-12456-4",TRUE,FALSE,"Springer Nature","Journal of Neurology","0340-5354","0340-5354","1432-1459","0340-5354","https://creativecommons.org/licenses/by/4.0",TRUE,"38811396","PMC11319532",NA,NA,FALSE,"sn2024deal","04tsk2644_sn2024deal_2024"
"Bochum U",2024,NA,"10.1007/s00415-024-12546-3",TRUE,FALSE,"Springer Nature","Journal of Neurology","0340-5354","0340-5354","1432-1459","0340-5354","https://creativecommons.org/licenses/by/4.0",TRUE,"38969876","PMC11588773",NA,NA,FALSE,"sn2024deal","04tsk2644_sn2024deal_2024"
"Bochum U",2024,NA,"10.1007/s00415-024-12581-0",TRUE,FALSE,"Springer Nature","Journal of Neurology","0340-5354","0340-5354","1432-1459","0340-5354","https://creativecommons.org/licenses/by/4.0",TRUE,"39039273","PMC11377633",NA,NA,FALSE,"sn2024deal","04tsk2644_sn2024deal_2024"
"Bochum U",2024,NA,"10.1007/s00415-024-12579-8",TRUE,FALSE,"Springer Nature","Journal of Neurology","0340-5354","0340-5354","1432-1459","0340-5354","https://creativecommons.org/licenses/by/4.0",TRUE,"39060619","PMC11377511",NA,NA,FALSE,"sn2024deal","04tsk2644_sn2024deal_2024"
"Bochum U",2024,NA,"10.1007/s00415-024-12666-w",TRUE,FALSE,"Springer Nature","Journal of Neurology","0340-5354","0340-5354","1432-1459","0340-5354","https://creativecommons.org/licenses/by/4.0",TRUE,"39249105","PMC11561115",NA,NA,FALSE,"sn2024deal","04tsk2644_sn2024deal_2024"
"Bochum U",2024,NA,"10.1007/s00415-024-12812-4",TRUE,FALSE,"Springer Nature","Journal of Neurology","0340-5354","0340-5354","1432-1459","0340-5354","https://creativecommons.org/licenses/by/4.0",TRUE,"39666102","PMC11638281",NA,NA,FALSE,"sn2024deal","04tsk2644_sn2024deal_2024"
"Bochum U",2024,NA,"10.1007/s00347-024-02063-z",TRUE,FALSE,"Springer Nature","Die Ophthalmologie","2731-720X","2731-720X","2731-7218","2731-720X","https://creativecommons.org/licenses/by/4.0",TRUE,"38922403",NA,NA,NA,FALSE,"sn2024deal","04tsk2644_sn2024deal_2024"
"Bochum U",2024,NA,"10.1007/s10151-024-02969-5",TRUE,FALSE,"Springer Nature","Techniques in Coloproctology","1123-6337","1123-6337","1128-045X","1123-6337","https://creativecommons.org/licenses/by/4.0",TRUE,"39102159","PMC11300497",NA,NA,FALSE,"sn2024deal","04tsk2644_sn2024deal_2024"
"Bochum U",2024,NA,"10.1007/s15010-024-02325-7",TRUE,FALSE,"Springer Nature","Infection","0300-8126","0300-8126","1439-0973","0300-8126","https://creativecommons.org/licenses/by/4.0",TRUE,"38896372","PMC11825614",NA,NA,FALSE,"sn2024deal","04tsk2644_sn2024deal_2024"
"Bochum U",2024,NA,"10.1007/s00784-024-05964-0",TRUE,FALSE,"Springer Nature","Clinical Oral Investigations","1436-3771",NA,"1436-3771","1432-6981","https://creativecommons.org/licenses/by/4.0",TRUE,"39382687","PMC11481636",NA,NA,FALSE,"sn2024deal","04tsk2644_sn2024deal_2024"
"Bochum U",2024,NA,"10.1007/s10309-024-00681-w",TRUE,FALSE,"Springer Nature","Clinical Epileptology","2948-104X","2948-104X","2948-1058","2948-104X","https://creativecommons.org/licenses/by/4.0",TRUE,NA,NA,NA,NA,FALSE,"sn2024deal","04tsk2644_sn2024deal_2024"
"Bochum U",2024,NA,"10.1007/s00113-024-01490-6",TRUE,TRUE,"Springer Nature","Die Unfallchirurgie","2731-7021","2731-7021","2731-703X","2731-7021","https://www.springernature.com/gp/researchers/text-and-data-mining",TRUE,"39387888",NA,NA,NA,FALSE,"sn2024deal","04tsk2644_sn2024deal_2024"
"Bochum U",2024,NA,"10.1007/s13304-024-01847-x",TRUE,FALSE,"Springer Nature","Updates in Surgery","2038-131X","2038-131X","2038-3312","2038-131X","https://creativecommons.org/licenses/by/4.0",TRUE,"38700642","PMC11129976",NA,NA,FALSE,"sn2024deal","04tsk2644_sn2024deal_2024"
"Bochum U",2024,NA,"10.1007/s00464-024-11210-1",TRUE,FALSE,"Springer Nature","Surgical Endoscopy","0930-2794","0930-2794","1432-2218","0930-2794","https://creativecommons.org/licenses/by/4.0",TRUE,"39210061","PMC11525431",NA,NA,FALSE,"sn2024deal","04tsk2644_sn2024deal_2024"
"Bochum U",2024,NA,"10.1007/s11136-024-03863-1",TRUE,FALSE,"Springer Nature","Quality of Life Research","0962-9343","0962-9343","1573-2649","0962-9343","https://creativecommons.org/licenses/by/4.0",TRUE,"39674845","PMC11919947",NA,NA,FALSE,"sn2024deal","04tsk2644_sn2024deal_2024"
"Bochum U",2024,NA,"10.1007/s00787-024-02465-z",TRUE,FALSE,"Springer Nature","European Child & Adolescent Psychiatry","1018-8827","1018-8827","1435-165X","1018-8827","https://creativecommons.org/licenses/by/4.0",TRUE,"38748240","PMC11618143",NA,NA,FALSE,"sn2024deal","04tsk2644_sn2024deal_2024"
"Bochum U",2024,NA,"10.1007/s00115-024-01610-y",TRUE,FALSE,"Springer Nature","Der Nervenarzt","0028-2804","0028-2804","1433-0407","0028-2804","https://creativecommons.org/licenses/by/4.0",TRUE,"38277046","PMC10914873",NA,NA,FALSE,"sn2024deal","04tsk2644_sn2024deal_2024"
"Bochum U",2024,NA,"10.1007/s00115-024-01730-5",TRUE,FALSE,"Springer Nature","Der Nervenarzt","0028-2804","0028-2804","1433-0407","0028-2804","https://creativecommons.org/licenses/by/4.0",TRUE,"39249524","PMC11525286",NA,NA,FALSE,"sn2024deal","04tsk2644_sn2024deal_2024"
"Bochum U",2024,NA,"10.1007/s00115-024-01745-y",TRUE,FALSE,"Springer Nature","Der Nervenarzt","0028-2804","0028-2804","1433-0407","0028-2804","https://creativecommons.org/licenses/by/4.0",TRUE,"39325201","PMC12254170",NA,NA,FALSE,"sn2024deal","04tsk2644_sn2024deal_2024"
"Bochum U",2024,NA,"10.1007/s00402-024-05654-2",TRUE,FALSE,"Springer Nature","Archives of Orthopaedic and Trauma Surgery","1434-3916",NA,"1434-3916","0936-8051","https://creativecommons.org/licenses/by/4.0",TRUE,"39708150","PMC11663177",NA,NA,FALSE,"sn2024deal","04tsk2644_sn2024deal_2024"
"Bochum U",2024,NA,"10.1007/s00104-024-02189-5",TRUE,FALSE,"Springer Nature","Die Chirurgie","2731-6971","2731-6971","2731-698X","2731-6971","https://creativecommons.org/licenses/by/4.0",TRUE,"39470773","PMC11842474",NA,NA,FALSE,"sn2024deal","04tsk2644_sn2024deal_2024"
"Bochum U",2024,NA,"10.1007/s00101-024-01449-7",TRUE,FALSE,"Springer Nature","Die Anaesthesiologie","2731-6858","2731-6858","2731-6866","2731-6858","https://creativecommons.org/licenses/by/4.0",TRUE,"39177686","PMC11358200",NA,NA,FALSE,"sn2024deal","04tsk2644_sn2024deal_2024"
"Bochum U",2024,NA,"10.1007/s00234-024-03308-z",TRUE,FALSE,"Springer Nature","Neuroradiology","0028-3940","0028-3940","1432-1920","0028-3940","https://creativecommons.org/licenses/by/4.0",TRUE,"38411902","PMC11031477",NA,NA,FALSE,"sn2024deal","04tsk2644_sn2024deal_2024"
"Bochum U",2024,NA,"10.1007/s00403-024-03032-x",TRUE,FALSE,"Springer Nature","Archives of Dermatological Research","1432-069X",NA,"1432-069X","0340-3696","https://creativecommons.org/licenses/by/4.0",TRUE,"38847867","PMC11161541",NA,NA,FALSE,"sn2024deal","04tsk2644_sn2024deal_2024"
"Bochum U",2024,NA,"10.1007/s00105-024-05405-9",TRUE,FALSE,"Springer Nature","Die Dermatologie","2731-7005","2731-7005","2731-7013","2731-7005","https://creativecommons.org/licenses/by/4.0",TRUE,"39143426","PMC11445294",NA,NA,FALSE,"sn2024deal","04tsk2644_sn2024deal_2024"
"Bochum U",2024,NA,"10.1007/s10623-024-01527-2",TRUE,FALSE,"Springer Nature","Designs, Codes and Cryptography","0925-1022","0925-1022","1573-7586","0925-1022","https://creativecommons.org/licenses/by/4.0",TRUE,"40110516","PMC11914035",NA,NA,FALSE,"sn2024deal","04tsk2644_sn2024deal_2024"
"Bochum U",2024,NA,"10.1007/s41449-024-00435-4",TRUE,FALSE,"Springer Nature","Zeitschrift für Arbeitswissenschaft","0340-2444","0340-2444","2366-4681","0340-2444","https://creativecommons.org/licenses/by/4.0",TRUE,NA,NA,NA,NA,FALSE,"sn2024deal","04tsk2644_sn2024deal_2024"
"Bochum U",2024,NA,"10.1007/s10704-024-00762-x",TRUE,FALSE,"Springer Nature","International Journal of Fracture","0376-9429","0376-9429","1573-2673","0376-9429","https://creativecommons.org/licenses/by/4.0",TRUE,NA,NA,NA,NA,FALSE,"sn2024deal","04tsk2644_sn2024deal_2024"
"Bochum U",2024,NA,"10.1007/s00466-023-02440-6",TRUE,FALSE,"Springer Nature","Computational Mechanics","0178-7675","0178-7675","1432-0924","0178-7675","https://creativecommons.org/licenses/by/4.0",TRUE,NA,NA,NA,NA,FALSE,"sn2024deal","04tsk2644_sn2024deal_2024"
"Bochum U",2024,NA,"10.1557/s43577-024-00703-y",TRUE,FALSE,"Springer Nature","MRS Bulletin","0883-7694","0883-7694","1938-1425","0883-7694","https://creativecommons.org/licenses/by/4.0",TRUE,NA,NA,NA,NA,FALSE,"sn2024deal","04tsk2644_sn2024deal_2024"
"Bochum U",2024,NA,"10.1007/s11669-024-01140-9",TRUE,FALSE,"Springer Nature","Journal of Phase Equilibria and Diffusion","1547-7037","1547-7037","1863-7345","1547-7037","https://creativecommons.org/licenses/by/4.0",TRUE,NA,NA,NA,NA,FALSE,"sn2024deal","04tsk2644_sn2024deal_2024"
"Bochum U",2024,NA,"10.1007/s00204-023-03668-0",TRUE,FALSE,"Springer Nature","Archives of Toxicology","0340-5761","0340-5761","1432-0738","0340-5761","https://creativecommons.org/licenses/by/4.0",TRUE,"38197914","PMC10861704",NA,NA,FALSE,"sn2024deal","04tsk2644_sn2024deal_2024"
"Bochum U",2024,NA,"10.1007/s41449-023-00406-1",TRUE,FALSE,"Springer Nature","Zeitschrift für Arbeitswissenschaft","0340-2444","0340-2444","2366-4681","0340-2444","https://creativecommons.org/licenses/by/4.0",TRUE,NA,NA,NA,NA,FALSE,"sn2024deal","04tsk2644_sn2024deal_2024"
"Bochum U",2024,NA,"10.1007/s00204-024-03704-7",TRUE,FALSE,"Springer Nature","Archives of Toxicology","0340-5761","0340-5761","1432-0738","0340-5761","https://creativecommons.org/licenses/by/4.0",TRUE,"38485782","PMC10965677",NA,NA,FALSE,"sn2024deal","04tsk2644_sn2024deal_2024"
"Bochum U",2024,NA,"10.1007/s40629-024-00287-8",TRUE,FALSE,"Springer Nature","Allergo Journal International","2197-0378",NA,"2197-0378","2197-0378","https://creativecommons.org/licenses/by/4.0",TRUE,NA,NA,NA,NA,FALSE,"sn2024deal","04tsk2644_sn2024deal_2024"
"Bochum U",2024,NA,"10.1007/s40664-024-00554-z",TRUE,FALSE,"Springer Nature","Zentralblatt für Arbeitsmedizin, Arbeitsschutz und Ergonomie","0944-2502","0944-2502","2198-0713","0944-2502","https://creativecommons.org/licenses/by/4.0",TRUE,NA,NA,NA,NA,FALSE,"sn2024deal","04tsk2644_sn2024deal_2024"
"Bochum U",2024,NA,"10.1038/s41562-024-01841-8",TRUE,FALSE,"Springer Nature","Nature Human Behaviour","2397-3374",NA,"2397-3374","2397-3374","https://creativecommons.org/licenses/by/4.0",TRUE,"38589702","PMC11199149",NA,NA,FALSE,"sn2021gac","04tsk2644_sn2021gac_2024"
"Bochum U",2024,NA,"10.1002/ange.202406543",TRUE,FALSE,"Wiley-Blackwell","Angewandte Chemie","0044-8249","0044-8249","1521-3757","0044-8249","http://creativecommons.org/licenses/by-nc-nd/4.0/",TRUE,NA,NA,NA,NA,FALSE,"wiley2024deal","04tsk2644_wiley2024deal_2024"
"Bochum U",2024,NA,"10.1002/ange.202412585",TRUE,FALSE,"Wiley-Blackwell","Angewandte Chemie","0044-8249","0044-8249","1521-3757","0044-8249","http://creativecommons.org/licenses/by-nc-nd/4.0/",TRUE,NA,NA,NA,NA,FALSE,"wiley2024deal","04tsk2644_wiley2024deal_2024"
"Bochum U",2024,NA,"10.1002/ange.202405342",TRUE,FALSE,"Wiley-Blackwell","Angewandte Chemie","0044-8249","0044-8249","1521-3757","0044-8249","http://creativecommons.org/licenses/by-nc/4.0/",TRUE,NA,NA,NA,NA,FALSE,"wiley2024deal","04tsk2644_wiley2024deal_2024"
"Bochum U",2024,NA,"10.1002/ange.202404348",TRUE,FALSE,"Wiley-Blackwell","Angewandte Chemie","0044-8249","0044-8249","1521-3757","0044-8249","http://creativecommons.org/licenses/by-nc-nd/4.0/",TRUE,NA,NA,NA,NA,FALSE,"wiley2024deal","04tsk2644_wiley2024deal_2024"
"Bochum U",2024,NA,"10.1002/ange.202405936",TRUE,FALSE,"Wiley-Blackwell","Angewandte Chemie","0044-8249","0044-8249","1521-3757","0044-8249","http://creativecommons.org/licenses/by-nc/4.0/",TRUE,NA,NA,NA,NA,FALSE,"wiley2024deal","04tsk2644_wiley2024deal_2024"
"Bochum U",2024,NA,"10.1002/ange.202408974",TRUE,FALSE,"Wiley-Blackwell","Angewandte Chemie","0044-8249","0044-8249","1521-3757","0044-8249","http://creativecommons.org/licenses/by-nc/4.0/",TRUE,NA,NA,NA,NA,FALSE,"wiley2024deal","04tsk2644_wiley2024deal_2024"
"Bochum U",2024,NA,"10.1002/ange.202403649",TRUE,FALSE,"Wiley-Blackwell","Angewandte Chemie","0044-8249","0044-8249","1521-3757","0044-8249","http://creativecommons.org/licenses/by-nc/4.0/",TRUE,NA,NA,NA,NA,FALSE,"wiley2024deal","04tsk2644_wiley2024deal_2024"
"Bochum U",2024,NA,"10.1002/ange.202404823",TRUE,FALSE,"Wiley-Blackwell","Angewandte Chemie","0044-8249","0044-8249","1521-3757","0044-8249","http://creativecommons.org/licenses/by-nc-nd/4.0/",TRUE,NA,NA,NA,NA,FALSE,"wiley2024deal","04tsk2644_wiley2024deal_2024"
"Bochum U",2024,NA,"10.1002/ange.202408947",TRUE,FALSE,"Wiley-Blackwell","Angewandte Chemie","0044-8249","0044-8249","1521-3757","0044-8249","http://creativecommons.org/licenses/by-nc/4.0/",TRUE,NA,NA,NA,NA,FALSE,"wiley2024deal","04tsk2644_wiley2024deal_2024"
