institution,period,euro,doi,is_hybrid
DLR,2021,1040,10.14814/phy2.14787,false
DLR,2021,1275,10.5194/acp-2020-962,false
DLR,2021,792,10.1007/s41109-021-00421-3,false
DLR,2021,1866,10.1029/2021sw002889,true
