"institution","period","euro","doi","is_hybrid","opt_out","publisher","journal_full_title","issn","issn_print","issn_electronic","issn_l","license_ref","indexed_in_crossref","pmid","pmcid","ut","url","doaj","agreement","group_id"
"KIT",2024,NA,"10.1145/3677066",TRUE,FALSE,"Association for Computing Machinery (ACM)","Proceedings of the ACM on Human-Computer Interaction","2573-0142",NA,"2573-0142","2573-0142","https://creativecommons.org/licenses/by-nc-sa/4.0/",TRUE,NA,NA,NA,NA,FALSE,"acm2021hebis","04t3en479_acm2021hebis_2024"
"",,,"","","","","","","","","","","","","","","","","",""
"",,,"","","","","","","","","","","","","","","","","",""
"",,,"","","","","","","","","","","","","","","","","",""
"",,,"","","","","","","","","","","","","","","","","",""
"",,,"","","","","","","","","","","","","","","","","",""
"",,,"","","","","","","","","","","","","","","","","",""
"",,,"","","","","","","","","","","","","","","","","",""
"",,,"","","","","","","","","","","","","","","","","",""
"",,,"","","","","","","","","","","","","","","","","",""
"",,,"","","","","","","","","","","","","","","","","",""
"",,,"","","","","","","","","","","","","","","","","",""
"",,,"","","","","","","","","","","","","","","","","",""
"KIT",2024,NA,"10.1145/3690827",TRUE,FALSE,"Association for Computing Machinery (ACM)","ACM Transactions on Knowledge Discovery from Data","1556-4681","1556-4681","1556-472X","1556-4681","https://www.acm.org/publications/policies/copyright_policy#Background",TRUE,NA,NA,NA,NA,FALSE,"acm2021hebis","04t3en479_acm2021hebis_2024"
"KIT",2024,NA,"10.1145/3675381",TRUE,FALSE,"Association for Computing Machinery (ACM)","Proceedings of the ACM on Computer Graphics and Interactive Techniques","2577-6193",NA,"2577-6193","2577-6193","https://creativecommons.org/licenses/by-nc/4.0/",TRUE,NA,NA,NA,NA,FALSE,"acm2021hebis","04t3en479_acm2021hebis_2024"
"KIT",2024,NA,"10.1145/3651299",TRUE,FALSE,"Association for Computing Machinery (ACM)","Proceedings of the ACM on Computer Graphics and Interactive Techniques","2577-6193",NA,"2577-6193","2577-6193","https://creativecommons.org/licenses/by/4.0/",TRUE,NA,NA,NA,NA,FALSE,"acm2021hebis","04t3en479_acm2021hebis_2024"
"",,,"","","","","","","","","","","","","","","","","",""
"",,,"","","","","","","","","","","","","","","","","",""
"",,,"","","","","","","","","","","","","","","","","",""
"KIT",2024,NA,"10.1145/3685276",TRUE,FALSE,"Association for Computing Machinery (ACM)","ACM Transactions on Computer-Human Interaction","1073-0516","1073-0516","1557-7325","1073-0516","https://creativecommons.org/licenses/by-nc-sa/4.0/",TRUE,NA,NA,NA,NA,FALSE,"acm2021hebis","04t3en479_acm2021hebis_2024"
"",,,"","","","","","","","","","","","","","","","","",""
"",,,"","","","","","","","","","","","","","","","","",""
"",,,"","","","","","","","","","","","","","","","","",""
"",,,"","","","","","","","","","","","","","","","","",""
"",,,"","","","","","","","","","","","","","","","","",""
"",,,"","","","","","","","","","","","","","","","","",""
"",,,"","","","","","","","","","","","","","","","","",""
"",,,"","","","","","","","","","","","","","","","","",""
"",,,"","","","","","","","","","","","","","","","","",""
"KIT",2024,NA,"10.1145/3626527",TRUE,FALSE,"Association for Computing Machinery (ACM)","ACM Transactions on Algorithms","1549-6325","1549-6325","1549-6333","1549-6325","https://www.acm.org/publications/policies/copyright_policy#Background",TRUE,NA,NA,NA,NA,FALSE,"acm2021hebis","04t3en479_acm2021hebis_2024"
"",,,"","","","","","","","","","","","","","","","","",""
"",,,"","","","","","","","","","","","","","","","","",""
"",,,"","","","","","","","","","","","","","","","","",""
"KIT",2024,NA,"10.1145/3653076",TRUE,FALSE,"Association for Computing Machinery (ACM)","ACM Transactions on Computing for Healthcare","2637-8051",NA,"2637-8051","2637-8051","https://creativecommons.org/licenses/by/4.0/",TRUE,NA,NA,NA,NA,FALSE,"acm2021hebis","04t3en479_acm2021hebis_2024"
"",,,"","","","","","","","","","","","","","","","","",""
"",,,"","","","","","","","","","","","","","","","","",""
"",,,"","","","","","","","","","","","","","","","","",""
"KIT",2024,NA,"10.1145/3704807",TRUE,FALSE,"Association for Computing Machinery (ACM)","ACM Computing Surveys","0360-0300","0360-0300","1557-7341","0360-0300","https://creativecommons.org/licenses/by/4.0/",TRUE,NA,NA,NA,NA,FALSE,"acm2021hebis","04t3en479_acm2021hebis_2024"
"",,,"","","","","","","","","","","","","","","","","",""
"",,,"","","","","","","","","","","","","","","","","",""
"",,,"","","","","","","","","","","","","","","","","",""
"",,,"","","","","","","","","","","","","","","","","",""
"",,,"","","","","","","","","","","","","","","","","",""
"",,,"","","","","","","","","","","","","","","","","",""
"",,,"","","","","","","","","","","","","","","","","",""
"",,,"","","","","","","","","","","","","","","","","",""
"",,,"","","","","","","","","","","","","","","","","",""
"",,,"","","","","","","","","","","","","","","","","",""
"",,,"","","","","","","","","","","","","","","","","",""
"",,,"","","","","","","","","","","","","","","","","",""
"",,,"","","","","","","","","","","","","","","","","",""
"",,,"","","","","","","","","","","","","","","","","",""
"",,,"","","","","","","","","","","","","","","","","",""
"",,,"","","","","","","","","","","","","","","","","",""
"",,,"","","","","","","","","","","","","","","","","",""
"",,,"","","","","","","","","","","","","","","","","",""
"",,,"","","","","","","","","","","","","","","","","",""
"",,,"","","","","","","","","","","","","","","","","",""
"",,,"","","","","","","","","","","","","","","","","",""
"",,,"","","","","","","","","","","","","","","","","",""
"",,,"","","","","","","","","","","","","","","","","",""
"",,,"","","","","","","","","","","","","","","","","",""
"",,,"","","","","","","","","","","","","","","","","",""
"",,,"","","","","","","","","","","","","","","","","",""
"",,,"","","","","","","","","","","","","","","","","",""
"",,,"","","","","","","","","","","","","","","","","",""
"",,,"","","","","","","","","","","","","","","","","",""
"",,,"","","","","","","","","","","","","","","","","",""
"",,,"","","","","","","","","","","","","","","","","",""
"",,,"","","","","","","","","","","","","","","","","",""
"KIT",2024,NA,"10.1145/3675372",TRUE,FALSE,"Association for Computing Machinery (ACM)","Proceedings of the ACM on Computer Graphics and Interactive Techniques","2577-6193",NA,"2577-6193","2577-6193","https://creativecommons.org/licenses/by/4.0/",TRUE,NA,NA,NA,NA,FALSE,"acm2021hebis","04t3en479_acm2021hebis_2024"
"KIT",2024,NA,"10.1145/3686931",TRUE,FALSE,"Association for Computing Machinery (ACM)","Proceedings of the ACM on Human-Computer Interaction","2573-0142",NA,"2573-0142","2573-0142","https://creativecommons.org/licenses/by-nd/4.0/",TRUE,NA,NA,NA,NA,FALSE,"acm2021hebis","04t3en479_acm2021hebis_2024"
"",,,"","","","","","","","","","","","","","","","","",""
"",,,"","","","","","","","","","","","","","","","","",""
"",,,"","","","","","","","","","","","","","","","","",""
"",,,"","","","","","","","","","","","","","","","","",""
"",,,"","","","","","","","","","","","","","","","","",""
"",,,"","","","","","","","","","","","","","","","","",""
"",,,"","","","","","","","","","","","","","","","","",""
"",,,"","","","","","","","","","","","","","","","","",""
"",,,"","","","","","","","","","","","","","","","","",""
"",,,"","","","","","","","","","","","","","","","","",""
"",,,"","","","","","","","","","","","","","","","","",""
"",,,"","","","","","","","","","","","","","","","","",""
"",,,"","","","","","","","","","","","","","","","","",""
"",,,"","","","","","","","","","","","","","","","","",""
"",,,"","","","","","","","","","","","","","","","","",""
"",,,"","","","","","","","","","","","","","","","","",""
"",,,"","","","","","","","","","","","","","","","","",""
"",,,"","","","","","","","","","","","","","","","","",""
"KIT",2024,NA,"10.1145/3659589",TRUE,FALSE,"Association for Computing Machinery (ACM)","Proceedings of the ACM on Interactive, Mobile, Wearable and Ubiquitous Technologies","2474-9567",NA,"2474-9567","2474-9567","https://www.acm.org/publications/policies/copyright_policy#Background",TRUE,NA,NA,NA,NA,FALSE,"acm2021hebis","04t3en479_acm2021hebis_2024"
"",,,"","","","","","","","","","","","","","","","","",""
"KIT",2024,NA,"10.1063/5.0214609",TRUE,FALSE,"AIP Publishing","Physics of Fluids","1070-6631","1070-6631","1089-7666","1070-6631","https://creativecommons.org/licenses/by-nc/4.0/",TRUE,NA,NA,NA,NA,FALSE,"aip2024tib","04t3en479_aip2024tib_2024"
"KIT",2024,NA,"10.1063/5.0189519",TRUE,FALSE,"AIP Publishing","Physics of Fluids","1070-6631","1070-6631","1089-7666","1070-6631","https://creativecommons.org/licenses/by/4.0/",TRUE,NA,NA,NA,NA,FALSE,"aip2024tib","04t3en479_aip2024tib_2024"
"KIT",2024,NA,"10.1063/5.0206632",TRUE,FALSE,"AIP Publishing","Applied Physics Letters","0003-6951","0003-6951","1077-3118","0003-6951","https://creativecommons.org/licenses/by/4.0/",TRUE,NA,NA,NA,NA,FALSE,"aip2024tib","04t3en479_aip2024tib_2024"
"KIT",2024,NA,"10.1063/5.0203527",TRUE,FALSE,"AIP Publishing","The Journal of Chemical Physics","0021-9606","0021-9606","1089-7690","0021-9606","https://creativecommons.org/licenses/by-nc/4.0/",TRUE,"39051655",NA,NA,NA,FALSE,"aip2024tib","04t3en479_aip2024tib_2024"
"KIT",2024,NA,"10.1122/8.0000827",TRUE,FALSE,"Society of Rheology","Journal of Rheology","0148-6055","0148-6055","1520-8516","0148-6055","https://creativecommons.org/licenses/by/4.0/",TRUE,NA,NA,NA,NA,FALSE,"aip2024tib","04t3en479_aip2024tib_2024"
"KIT",2024,NA,"10.1119/5.0151587",TRUE,FALSE,"American Association of Physics Teachers (AAPT)","The Physics Teacher","0031-921X","0031-921X","1943-4928","0031-921X","https://creativecommons.org/licenses/by/4.0/",TRUE,NA,NA,NA,NA,FALSE,"aip2024tib","04t3en479_aip2024tib_2024"
"KIT",2024,NA,"10.1063/5.0233997",TRUE,FALSE,"AIP Publishing","The Journal of Chemical Physics","0021-9606","0021-9606","1089-7690","0021-9606","https://creativecommons.org/licenses/by/4.0/",TRUE,"39450730",NA,NA,NA,FALSE,"aip2024tib","04t3en479_aip2024tib_2024"
"KIT",2024,NA,"10.1063/5.0229810",TRUE,FALSE,"AIP Publishing","Applied Physics Letters","0003-6951","0003-6951","1077-3118","0003-6951","https://creativecommons.org/licenses/by-nc-nd/4.0/",TRUE,NA,NA,NA,NA,FALSE,"aip2024tib","04t3en479_aip2024tib_2024"
"KIT",2024,NA,"10.1063/5.0235192",TRUE,FALSE,"AIP Publishing","Physics of Fluids","1070-6631","1070-6631","1089-7666","1070-6631","https://creativecommons.org/licenses/by/4.0/",TRUE,NA,NA,NA,NA,FALSE,"aip2024tib","04t3en479_aip2024tib_2024"
"KIT",2024,NA,"10.1063/5.0232287",TRUE,FALSE,"AIP Publishing","The Journal of Chemical Physics","0021-9606","0021-9606","1089-7690","0021-9606","https://creativecommons.org/licenses/by-nc/4.0/",TRUE,"39555764",NA,NA,NA,FALSE,"aip2024tib","04t3en479_aip2024tib_2024"
"KIT",2024,NA,"10.1063/5.0191499",TRUE,FALSE,"AIP Publishing","The Journal of Chemical Physics","0021-9606","0021-9606","1089-7690","0021-9606","https://creativecommons.org/licenses/by/4.0/",TRUE,"38341783",NA,NA,NA,FALSE,"aip2024tib","04t3en479_aip2024tib_2024"
"KIT",2024,NA,"10.1063/5.0209704",TRUE,FALSE,"AIP Publishing","The Journal of Chemical Physics","0021-9606","0021-9606","1089-7690","0021-9606","https://creativecommons.org/licenses/by/4.0/",TRUE,"38716841",NA,NA,NA,FALSE,"aip2024tib","04t3en479_aip2024tib_2024"
"KIT",2024,NA,"10.1063/5.0244254",TRUE,FALSE,"AIP Publishing","The Journal of Chemical Physics","0021-9606","0021-9606","1089-7690","0021-9606","https://creativecommons.org/licenses/by-nc/4.0/",TRUE,"39714011",NA,NA,NA,FALSE,"aip2024tib","04t3en479_aip2024tib_2024"
"KIT",2024,NA,"10.1119/5.0219962",TRUE,FALSE,"American Association of Physics Teachers (AAPT)","American Journal of Physics","0002-9505","0002-9505","1943-2909","0002-9505","https://creativecommons.org/licenses/by/4.0/",TRUE,NA,NA,NA,NA,FALSE,"aip2024tib","04t3en479_aip2024tib_2024"
"KIT",2024,NA,"10.1063/5.0222760",TRUE,FALSE,"AIP Publishing","Physics of Fluids","1070-6631","1070-6631","1089-7666","1070-6631","https://creativecommons.org/licenses/by-nc/4.0/",TRUE,NA,NA,NA,NA,FALSE,"aip2024tib","04t3en479_aip2024tib_2024"
"KIT",2024,NA,"10.1063/5.0188784",TRUE,FALSE,"AIP Publishing","Physics of Fluids","1070-6631","1070-6631","1089-7666","1070-6631","https://creativecommons.org/licenses/by/4.0/",TRUE,NA,NA,NA,NA,FALSE,"aip2024tib","04t3en479_aip2024tib_2024"
"KIT",2024,NA,"10.1063/5.0217847",TRUE,FALSE,"AIP Publishing","Chaos: An Interdisciplinary Journal of Nonlinear Science","1054-1500","1054-1500","1089-7682","1054-1500","https://creativecommons.org/licenses/by-nc-nd/4.0/",TRUE,"39432721",NA,NA,NA,FALSE,"aip2024tib","04t3en479_aip2024tib_2024"
"KIT",2024,NA,"10.1063/5.0180903",TRUE,FALSE,"AIP Publishing","Applied Physics Letters","0003-6951","0003-6951","1077-3118","0003-6951","https://creativecommons.org/licenses/by/4.0/",TRUE,NA,NA,NA,NA,FALSE,"aip2024tib","04t3en479_aip2024tib_2024"
"KIT",2024,NA,"10.1063/5.0206767",TRUE,FALSE,"AIP Publishing","Applied Physics Letters","0003-6951","0003-6951","1077-3118","0003-6951","https://creativecommons.org/licenses/by-nc-nd/4.0/",TRUE,NA,NA,NA,NA,FALSE,"aip2024tib","04t3en479_aip2024tib_2024"
"KIT",2024,NA,"10.1063/5.0231189",TRUE,FALSE,"AIP Publishing","The Journal of Chemical Physics","0021-9606","0021-9606","1089-7690","0021-9606","https://creativecommons.org/licenses/by/4.0/",TRUE,"39660658",NA,NA,NA,FALSE,"aip2024tib","04t3en479_aip2024tib_2024"
"KIT",2024,NA,"10.1063/5.0250133",TRUE,FALSE,"AIP Publishing","Physics of Fluids","1070-6631","1070-6631","1089-7666","1070-6631",NA,TRUE,NA,NA,NA,NA,FALSE,"aip2024tib","04t3en479_aip2024tib_2024"
"KIT",2024,NA,"10.1122/8.0000781",TRUE,FALSE,"Society of Rheology","Journal of Rheology","0148-6055","0148-6055","1520-8516","0148-6055","https://creativecommons.org/licenses/by/4.0/",TRUE,NA,NA,NA,NA,FALSE,"aip2024tib","04t3en479_aip2024tib_2024"
"KIT",2024,NA,"10.1063/5.0239968",TRUE,FALSE,"AIP Publishing","Applied Physics Letters","0003-6951","0003-6951","1077-3118","0003-6951","https://creativecommons.org/licenses/by/4.0/",TRUE,NA,NA,NA,NA,FALSE,"aip2024tib","04t3en479_aip2024tib_2024"
"KIT",2024,NA,"10.1017/jfm.2024.40",TRUE,FALSE,"Cambridge University Press (CUP)","Journal of Fluid Mechanics","0022-1120","0022-1120","1469-7645","0022-1120","http://creativecommons.org/licenses/by/4.0",TRUE,NA,NA,NA,NA,FALSE,"cam2022gac","04t3en479_cam2022gac_2024"
"KIT",2024,NA,"10.1017/jfm.2024.591",TRUE,FALSE,"Cambridge University Press (CUP)","Journal of Fluid Mechanics","0022-1120","0022-1120","1469-7645","0022-1120","http://creativecommons.org/licenses/by-nc-nd/4.0",TRUE,NA,NA,NA,NA,FALSE,"cam2022gac","04t3en479_cam2022gac_2024"
"KIT",2024,NA,"10.1017/psa.2024.29",TRUE,FALSE,"Cambridge University Press (CUP)","Philosophy of Science","0031-8248","0031-8248","1539-767X","0031-8248","http://creativecommons.org/licenses/by/4.0/",TRUE,NA,NA,NA,NA,FALSE,"cam2022gac","04t3en479_cam2022gac_2024"
"KIT",2024,NA,"10.1017/etds.2024.38",TRUE,FALSE,"Cambridge University Press (CUP)","Ergodic Theory and Dynamical Systems","0143-3857","0143-3857","1469-4417","0143-3857","https://creativecommons.org/licenses/by/4.0",TRUE,NA,NA,NA,NA,FALSE,"cam2022gac","04t3en479_cam2022gac_2024"
"KIT",2024,NA,"10.1017/s0963548324000063",TRUE,FALSE,"Cambridge University Press (CUP)","Combinatorics, Probability and Computing","0963-5483","0963-5483","1469-2163","0963-5483","https://creativecommons.org/licenses/by/4.0/",TRUE,NA,NA,NA,NA,FALSE,"cam2022gac","04t3en479_cam2022gac_2024"
"KIT",2024,NA,"10.1017/s1759078724000266",TRUE,FALSE,"Cambridge University Press (CUP)","International Journal of Microwave and Wireless Technologies","1759-0787","1759-0787","1759-0795","1759-0787","http://creativecommons.org/licenses/by/4.0",TRUE,NA,NA,NA,NA,FALSE,"cam2022gac","04t3en479_cam2022gac_2024"
"KIT",2024,NA,"10.1017/s1759078724000667",TRUE,FALSE,"Cambridge University Press (CUP)","International Journal of Microwave and Wireless Technologies","1759-0787","1759-0787","1759-0795","1759-0787","http://creativecommons.org/licenses/by/4.0",TRUE,NA,NA,NA,NA,FALSE,"cam2022gac","04t3en479_cam2022gac_2024"
"KIT",2024,NA,"10.1017/nws.2024.13",FALSE,FALSE,"Cambridge University Press (CUP)","Network Science","2050-1242","2050-1242","2050-1250","2050-1242","https://creativecommons.org/licenses/by/4.0/",TRUE,NA,NA,NA,NA,FALSE,"cam2022gac","04t3en479_cam2022gac_2024"
"KIT",2024,NA,"10.1017/fmp.2024.25",FALSE,FALSE,"Cambridge University Press (CUP)","Forum of Mathematics, Pi","2050-5086",NA,"2050-5086","2050-5086","https://creativecommons.org/licenses/by/4.0/",TRUE,NA,NA,NA,NA,TRUE,"cam2022gac","04t3en479_cam2022gac_2024"
"KIT",2024,NA,"10.1017/dsj.2024.41",FALSE,FALSE,"Cambridge University Press (CUP)","Design Science","2053-4701",NA,"2053-4701","2053-4701","http://creativecommons.org/licenses/by/4.0",TRUE,NA,NA,NA,NA,TRUE,"cam2022gac","04t3en479_cam2022gac_2024"
"KIT",2024,NA,"10.1017/dsj.2024.48",FALSE,FALSE,"Cambridge University Press (CUP)","Design Science","2053-4701",NA,"2053-4701","2053-4701","http://creativecommons.org/licenses/by/4.0",TRUE,NA,NA,NA,NA,TRUE,"cam2022gac","04t3en479_cam2022gac_2024"
"KIT",2024,NA,"10.1017/pds.2024.3",FALSE,FALSE,"Cambridge University Press (CUP)","Proceedings of the Design Society","2732-527X",NA,"2732-527X","2732-527X","http://creativecommons.org/licenses/by-nc-nd/4.0/",TRUE,NA,NA,NA,NA,FALSE,"cam2022gac","04t3en479_cam2022gac_2024"
"KIT",2024,NA,"10.1017/pds.2024.19",FALSE,FALSE,"Cambridge University Press (CUP)","Proceedings of the Design Society","2732-527X",NA,"2732-527X","2732-527X","http://creativecommons.org/licenses/by-nc-nd/4.0/",TRUE,NA,NA,NA,NA,FALSE,"cam2022gac","04t3en479_cam2022gac_2024"
"KIT",2024,NA,"10.1017/pds.2024.39",FALSE,FALSE,"Cambridge University Press (CUP)","Proceedings of the Design Society","2732-527X",NA,"2732-527X","2732-527X","http://creativecommons.org/licenses/by-nc-nd/4.0/",TRUE,NA,NA,NA,NA,FALSE,"cam2022gac","04t3en479_cam2022gac_2024"
"KIT",2024,NA,"10.1017/pds.2024.47",FALSE,FALSE,"Cambridge University Press (CUP)","Proceedings of the Design Society","2732-527X",NA,"2732-527X","2732-527X","http://creativecommons.org/licenses/by-nc-nd/4.0/",TRUE,NA,NA,NA,NA,FALSE,"cam2022gac","04t3en479_cam2022gac_2024"
"KIT",2024,NA,"10.1017/pds.2024.66",FALSE,FALSE,"Cambridge University Press (CUP)","Proceedings of the Design Society","2732-527X",NA,"2732-527X","2732-527X","http://creativecommons.org/licenses/by-nc-nd/4.0/",TRUE,NA,NA,NA,NA,FALSE,"cam2022gac","04t3en479_cam2022gac_2024"
"KIT",2024,NA,"10.1017/pds.2024.77",FALSE,FALSE,"Cambridge University Press (CUP)","Proceedings of the Design Society","2732-527X",NA,"2732-527X","2732-527X","http://creativecommons.org/licenses/by-nc-nd/4.0/",TRUE,NA,NA,NA,NA,FALSE,"cam2022gac","04t3en479_cam2022gac_2024"
"KIT",2024,NA,"10.1017/pds.2024.91",FALSE,FALSE,"Cambridge University Press (CUP)","Proceedings of the Design Society","2732-527X",NA,"2732-527X","2732-527X","http://creativecommons.org/licenses/by-nc-nd/4.0/",TRUE,NA,NA,NA,NA,FALSE,"cam2022gac","04t3en479_cam2022gac_2024"
"KIT",2024,NA,"10.1017/pds.2024.264",FALSE,FALSE,"Cambridge University Press (CUP)","Proceedings of the Design Society","2732-527X",NA,"2732-527X","2732-527X","http://creativecommons.org/licenses/by-nc-nd/4.0/",TRUE,NA,NA,NA,NA,FALSE,"cam2022gac","04t3en479_cam2022gac_2024"
"KIT",2024,NA,"10.1017/pds.2024.272",FALSE,FALSE,"Cambridge University Press (CUP)","Proceedings of the Design Society","2732-527X",NA,"2732-527X","2732-527X","http://creativecommons.org/licenses/by-nc-nd/4.0/",TRUE,NA,NA,NA,NA,FALSE,"cam2022gac","04t3en479_cam2022gac_2024"
"KIT",2024,NA,"10.1017/pds.2024.291",FALSE,FALSE,"Cambridge University Press (CUP)","Proceedings of the Design Society","2732-527X",NA,"2732-527X","2732-527X","http://creativecommons.org/licenses/by-nc-nd/4.0/",TRUE,NA,NA,NA,NA,FALSE,"cam2022gac","04t3en479_cam2022gac_2024"
"KIT",2024,NA,"10.1149/1945-7111/ad3a24",TRUE,FALSE,"The Electrochemical Society","Journal of The Electrochemical Society","0013-4651","0013-4651","1945-7111","0013-4651","http://creativecommons.org/licenses/by/4.0/",TRUE,NA,NA,NA,NA,FALSE,"ecs2024tib","04t3en479_ecs2024tib_2024"
"KIT",2024,NA,"10.1149/1945-7111/ad3b72",TRUE,FALSE,"The Electrochemical Society","Journal of The Electrochemical Society","0013-4651","0013-4651","1945-7111","0013-4651","http://creativecommons.org/licenses/by/4.0/",TRUE,NA,NA,NA,NA,FALSE,"ecs2024tib","04t3en479_ecs2024tib_2024"
"KIT",2024,NA,"10.1149/1945-7111/ad4917",TRUE,FALSE,"The Electrochemical Society","Journal of The Electrochemical Society","0013-4651","0013-4651","1945-7111","0013-4651","http://creativecommons.org/licenses/by-nc-nd/4.0/",TRUE,NA,NA,NA,NA,FALSE,"ecs2024tib","04t3en479_ecs2024tib_2024"
"KIT",2024,NA,"10.1149/1945-7111/ad3a16",TRUE,FALSE,"The Electrochemical Society","Journal of The Electrochemical Society","0013-4651","0013-4651","1945-7111","0013-4651","http://creativecommons.org/licenses/by/4.0/",TRUE,NA,NA,NA,NA,FALSE,"ecs2024tib","04t3en479_ecs2024tib_2024"
"KIT",2024,NA,"10.1149/1945-7111/ad3ec3",TRUE,FALSE,"The Electrochemical Society","Journal of The Electrochemical Society","0013-4651","0013-4651","1945-7111","0013-4651","http://creativecommons.org/licenses/by/4.0/",TRUE,NA,NA,NA,NA,FALSE,"ecs2024tib","04t3en479_ecs2024tib_2024"
"KIT",2024,NA,"10.1149/1945-7111/ad6a8f",TRUE,FALSE,"The Electrochemical Society","Journal of The Electrochemical Society","0013-4651","0013-4651","1945-7111","0013-4651","http://creativecommons.org/licenses/by/4.0/",TRUE,NA,NA,NA,NA,FALSE,"ecs2024tib","04t3en479_ecs2024tib_2024"
"KIT",2024,NA,"10.1149/1945-7111/ad83fb",TRUE,FALSE,"The Electrochemical Society","Journal of The Electrochemical Society","0013-4651","0013-4651","1945-7111","0013-4651","http://creativecommons.org/licenses/by-nc-nd/4.0/",TRUE,NA,NA,NA,NA,FALSE,"ecs2024tib","04t3en479_ecs2024tib_2024"
"KIT",2024,NA,"10.1149/1945-7111/ad9354",TRUE,FALSE,"The Electrochemical Society","Journal of The Electrochemical Society","0013-4651","0013-4651","1945-7111","0013-4651","https://creativecommons.org/licenses/by/4.0/",TRUE,NA,NA,NA,NA,FALSE,"ecs2024tib","04t3en479_ecs2024tib_2024"
"KIT",2024,NA,"10.1149/1945-7111/ad9a07",TRUE,FALSE,"The Electrochemical Society","Journal of The Electrochemical Society","0013-4651","0013-4651","1945-7111","0013-4651","https://creativecommons.org/licenses/by/4.0/",TRUE,NA,NA,NA,NA,FALSE,"ecs2024tib","04t3en479_ecs2024tib_2024"
"KIT",2024,NA,"10.1149/1945-7111/ad8a93",TRUE,FALSE,"The Electrochemical Society","Journal of The Electrochemical Society","0013-4651","0013-4651","1945-7111","0013-4651","https://creativecommons.org/licenses/by/4.0/",TRUE,NA,NA,NA,NA,FALSE,"ecs2024tib","04t3en479_ecs2024tib_2024"
"KIT",2024,NA,"10.1149/1945-7111/ad8d51",TRUE,FALSE,"The Electrochemical Society","Journal of The Electrochemical Society","0013-4651","0013-4651","1945-7111","0013-4651","https://creativecommons.org/licenses/by/4.0/",TRUE,NA,NA,NA,NA,FALSE,"ecs2024tib","04t3en479_ecs2024tib_2024"
"KIT",2024,NA,"10.1149/1945-7111/ad3ebd",TRUE,FALSE,"The Electrochemical Society","Journal of The Electrochemical Society","0013-4651","0013-4651","1945-7111","0013-4651","http://creativecommons.org/licenses/by/4.0/",TRUE,NA,NA,NA,NA,FALSE,"ecs2024tib","04t3en479_ecs2024tib_2024"
"KIT",2024,NA,"10.1149/1945-7111/ad5ef9",TRUE,FALSE,"The Electrochemical Society","Journal of The Electrochemical Society","0013-4651","0013-4651","1945-7111","0013-4651","http://creativecommons.org/licenses/by/4.0/",TRUE,NA,NA,NA,NA,FALSE,"ecs2024tib","04t3en479_ecs2024tib_2024"
"KIT",2024,NA,"10.1149/1945-7111/ad7763",TRUE,FALSE,"The Electrochemical Society","Journal of The Electrochemical Society","0013-4651","0013-4651","1945-7111","0013-4651","http://creativecommons.org/licenses/by/4.0/",TRUE,NA,NA,NA,NA,FALSE,"ecs2024tib","04t3en479_ecs2024tib_2024"
"KIT",2024,NA,"10.1149/1945-7111/ad9351",TRUE,FALSE,"The Electrochemical Society","Journal of The Electrochemical Society","0013-4651","0013-4651","1945-7111","0013-4651","https://creativecommons.org/licenses/by/4.0/",TRUE,NA,NA,NA,NA,FALSE,"ecs2024tib","04t3en479_ecs2024tib_2024"
"KIT",2024,NA,"10.1149/1945-7111/ad9bf2",TRUE,FALSE,"The Electrochemical Society","Journal of The Electrochemical Society","0013-4651","0013-4651","1945-7111","0013-4651","https://creativecommons.org/licenses/by/4.0/",TRUE,NA,NA,NA,NA,FALSE,"ecs2024tib","04t3en479_ecs2024tib_2024"
"KIT",2024,NA,"10.1016/j.jcs.2024.103978",TRUE,FALSE,"Elsevier BV","Journal of Cereal Science","0733-5210","0733-5210",NA,"0733-5210","http://creativecommons.org/licenses/by/4.0/",TRUE,NA,NA,NA,NA,FALSE,"els2023deal","04t3en479_els2023deal_2024"
"KIT",2024,NA,"10.1016/j.fuel.2024.133561",TRUE,FALSE,"Elsevier BV","Fuel","0016-2361","0016-2361",NA,"0016-2361","http://creativecommons.org/licenses/by-nc-nd/4.0/",TRUE,NA,NA,NA,NA,FALSE,"els2023deal","04t3en479_els2023deal_2024"
"KIT",2024,NA,"10.1016/j.ijbiomac.2024.138597",TRUE,FALSE,"Elsevier BV","International Journal of Biological Macromolecules","0141-8130","0141-8130",NA,"0141-8130","http://creativecommons.org/licenses/by/4.0/",TRUE,"39667452",NA,NA,NA,FALSE,"els2023deal","04t3en479_els2023deal_2024"
"KIT",2024,NA,"10.1016/j.fuel.2024.131967",TRUE,FALSE,"Elsevier BV","Fuel","0016-2361","0016-2361",NA,"0016-2361","http://creativecommons.org/licenses/by-nc-nd/4.0/",TRUE,NA,NA,NA,NA,FALSE,"els2023deal","04t3en479_els2023deal_2024"
"KIT",2024,NA,"10.1016/j.nanoen.2024.110439",TRUE,FALSE,"Elsevier BV","Nano Energy","2211-2855","2211-2855",NA,"2211-2855","http://creativecommons.org/licenses/by/4.0/",TRUE,NA,NA,NA,NA,FALSE,"els2023deal","04t3en479_els2023deal_2024"
"KIT",2024,NA,"10.1016/j.apm.2024.115705",TRUE,FALSE,"Elsevier BV","Applied Mathematical Modelling","0307-904X","0307-904X",NA,"0307-904X","http://creativecommons.org/licenses/by/4.0/",TRUE,NA,NA,NA,NA,FALSE,"els2023deal","04t3en479_els2023deal_2024"
"KIT",2024,NA,"10.1016/j.jss.2024.112051",TRUE,FALSE,"Elsevier BV","Journal of Systems and Software","0164-1212","0164-1212",NA,"0164-1212","http://creativecommons.org/licenses/by-nc-nd/4.0/",TRUE,NA,NA,NA,NA,FALSE,"els2023deal","04t3en479_els2023deal_2024"
"KIT",2024,NA,"10.1016/j.jss.2024.111986",TRUE,FALSE,"Elsevier BV","Journal of Systems and Software","0164-1212","0164-1212",NA,"0164-1212","http://creativecommons.org/licenses/by/4.0/",TRUE,NA,NA,NA,NA,FALSE,"els2023deal","04t3en479_els2023deal_2024"
"KIT",2024,NA,"10.1016/j.cep.2024.110113",TRUE,FALSE,"Elsevier BV","Chemical Engineering and Processing: Process Intensification","0255-2701","0255-2701",NA,"0255-2701","http://creativecommons.org/licenses/by/4.0/",TRUE,NA,NA,NA,NA,FALSE,"els2023deal","04t3en479_els2023deal_2024"
"KIT",2024,NA,"10.1016/j.triboint.2024.109342",TRUE,FALSE,"Elsevier BV","Tribology International","0301-679X","0301-679X",NA,"0301-679X","http://creativecommons.org/licenses/by/4.0/",TRUE,NA,NA,NA,NA,FALSE,"els2023deal","04t3en479_els2023deal_2024"
"KIT",2024,NA,"10.1016/j.seppur.2024.128733",TRUE,FALSE,"Elsevier BV","Separation and Purification Technology","1383-5866","1383-5866",NA,"1383-5866","http://creativecommons.org/licenses/by/4.0/",TRUE,NA,NA,NA,NA,FALSE,"els2023deal","04t3en479_els2023deal_2024"
"KIT",2024,NA,"10.1016/j.resconrec.2024.107986",TRUE,FALSE,"Elsevier BV","Resources, Conservation and Recycling","0921-3449","0921-3449",NA,"0921-3449","http://creativecommons.org/licenses/by-nc-nd/4.0/",TRUE,NA,NA,NA,NA,FALSE,"els2023deal","04t3en479_els2023deal_2024"
"KIT",2024,NA,"10.1016/j.compositesa.2024.108359",TRUE,FALSE,"Elsevier BV","Composites Part A: Applied Science and Manufacturing","1359-835X","1359-835X",NA,"1359-835X","http://creativecommons.org/licenses/by/4.0/",TRUE,NA,NA,NA,NA,FALSE,"els2023deal","04t3en479_els2023deal_2024"
"KIT",2024,NA,"10.1016/j.chroma.2024.465089",TRUE,FALSE,"Elsevier BV","Journal of Chromatography A","0021-9673","0021-9673",NA,"0021-9673","http://creativecommons.org/licenses/by-nc/4.0/",TRUE,"38879977",NA,NA,NA,FALSE,"els2023deal","04t3en479_els2023deal_2024"
"KIT",2024,NA,"10.1016/j.cie.2024.110507",TRUE,FALSE,"Elsevier BV","Computers & Industrial Engineering","0360-8352","0360-8352",NA,"0360-8352","http://creativecommons.org/licenses/by/4.0/",TRUE,NA,NA,NA,NA,FALSE,"els2023deal","04t3en479_els2023deal_2024"
"KIT",2024,NA,"10.1016/j.jsams.2024.12.012",TRUE,FALSE,"Elsevier BV","Journal of Science and Medicine in Sport","1440-2440","1440-2440",NA,"1878-1861","http://creativecommons.org/licenses/by/4.0/",TRUE,"39757030",NA,NA,NA,FALSE,"els2023deal","04t3en479_els2023deal_2024"
"KIT",2024,NA,"10.1016/j.jmps.2024.105901",TRUE,FALSE,"Elsevier BV","Journal of the Mechanics and Physics of Solids","0022-5096","0022-5096",NA,"0022-5096","http://creativecommons.org/licenses/by/4.0/",TRUE,NA,NA,NA,NA,FALSE,"els2023deal","04t3en479_els2023deal_2024"
"KIT",2024,NA,"10.1016/j.proci.2024.105681",TRUE,FALSE,"Elsevier BV","Proceedings of the Combustion Institute","1540-7489","1540-7489",NA,"1540-7489","http://creativecommons.org/licenses/by/4.0/",TRUE,NA,NA,NA,NA,FALSE,"els2023deal","04t3en479_els2023deal_2024"
"KIT",2024,NA,"10.1016/j.compositesb.2024.111533",TRUE,FALSE,"Elsevier BV","Composites Part B: Engineering","1359-8368","1359-8368",NA,"1359-8368","http://creativecommons.org/licenses/by/4.0/",TRUE,NA,NA,NA,NA,FALSE,"els2023deal","04t3en479_els2023deal_2024"
"KIT",2024,NA,"10.1016/j.anucene.2024.110956",TRUE,FALSE,"Elsevier BV","Annals of Nuclear Energy","0306-4549","0306-4549",NA,"0306-4549","http://creativecommons.org/licenses/by/4.0/",TRUE,NA,NA,NA,NA,FALSE,"els2023deal","04t3en479_els2023deal_2024"
"KIT",2024,NA,"10.1016/j.apenergy.2024.122958",TRUE,FALSE,"Elsevier BV","Applied Energy","0306-2619","0306-2619",NA,"0306-2619","http://creativecommons.org/licenses/by-nc/4.0/",TRUE,NA,NA,NA,NA,FALSE,"els2023deal","04t3en479_els2023deal_2024"
"KIT",2024,NA,"10.1016/j.solener.2024.113196",TRUE,FALSE,"Elsevier BV","Solar Energy","0038-092X","0038-092X",NA,"0038-092X","http://creativecommons.org/licenses/by/4.0/",TRUE,NA,NA,NA,NA,FALSE,"els2023deal","04t3en479_els2023deal_2024"
"KIT",2024,NA,"10.1016/j.cpc.2024.109321",TRUE,FALSE,"Elsevier BV","Computer Physics Communications","0010-4655","0010-4655",NA,"0010-4655","http://creativecommons.org/licenses/by/4.0/",TRUE,NA,NA,NA,NA,FALSE,"els2023deal","04t3en479_els2023deal_2024"
"KIT",2024,NA,"10.1016/j.jocs.2024.102263",TRUE,FALSE,"Elsevier BV","Journal of Computational Science","1877-7503","1877-7503",NA,"1877-7503","http://creativecommons.org/licenses/by/4.0/",TRUE,NA,NA,NA,NA,FALSE,"els2023deal","04t3en479_els2023deal_2024"
"KIT",2024,NA,"10.1016/j.renene.2024.120117",TRUE,FALSE,"Elsevier BV","Renewable Energy","0960-1481","0960-1481",NA,"0960-1481","http://creativecommons.org/licenses/by/4.0/",TRUE,NA,NA,NA,NA,FALSE,"els2023deal","04t3en479_els2023deal_2024"
"KIT",2024,NA,"10.1016/j.ijsolstr.2024.113162",TRUE,FALSE,"Elsevier BV","International Journal of Solids and Structures","0020-7683","0020-7683",NA,"0020-7683","http://creativecommons.org/licenses/by/4.0/",TRUE,NA,NA,NA,NA,FALSE,"els2023deal","04t3en479_els2023deal_2024"
"KIT",2024,NA,"10.1016/j.fusengdes.2024.114353",TRUE,FALSE,"Elsevier BV","Fusion Engineering and Design","0920-3796","0920-3796",NA,"0920-3796","http://creativecommons.org/licenses/by/4.0/",TRUE,NA,NA,NA,NA,FALSE,"els2023deal","04t3en479_els2023deal_2024"
"KIT",2024,NA,"10.1016/j.radphyschem.2024.112247",TRUE,FALSE,"Elsevier BV","Radiation Physics and Chemistry","0969-806X","0969-806X",NA,"0969-806X","http://creativecommons.org/licenses/by-nc-nd/4.0/",TRUE,NA,NA,NA,NA,FALSE,"els2023deal","04t3en479_els2023deal_2024"
"KIT",2024,NA,"10.1016/j.chroma.2024.464721",TRUE,FALSE,"Elsevier BV","Journal of Chromatography A","0021-9673","0021-9673",NA,"0021-9673","http://creativecommons.org/licenses/by-nc-nd/4.0/",TRUE,"38341902",NA,NA,NA,FALSE,"els2023deal","04t3en479_els2023deal_2024"
"KIT",2024,NA,"10.1016/j.apenergy.2024.125065",TRUE,FALSE,"Elsevier BV","Applied Energy","0306-2619","0306-2619",NA,"0306-2619","http://creativecommons.org/licenses/by/4.0/",TRUE,NA,NA,NA,NA,FALSE,"els2023deal","04t3en479_els2023deal_2024"
"KIT",2024,NA,"10.1016/j.fusengdes.2024.114491",TRUE,FALSE,"Elsevier BV","Fusion Engineering and Design","0920-3796","0920-3796",NA,"0920-3796","http://creativecommons.org/licenses/by-nc-nd/4.0/",TRUE,NA,NA,NA,NA,FALSE,"els2023deal","04t3en479_els2023deal_2024"
"KIT",2024,NA,"10.1016/j.fusengdes.2024.114234",TRUE,FALSE,"Elsevier BV","Fusion Engineering and Design","0920-3796","0920-3796",NA,"0920-3796","http://creativecommons.org/licenses/by/4.0/",TRUE,NA,NA,NA,NA,FALSE,"els2023deal","04t3en479_els2023deal_2024"
"KIT",2024,NA,"10.1016/j.jmsy.2024.11.008",TRUE,FALSE,"Elsevier BV","Journal of Manufacturing Systems","0278-6125","0278-6125",NA,"0278-6125","http://creativecommons.org/licenses/by/4.0/",TRUE,NA,NA,NA,NA,FALSE,"els2023deal","04t3en479_els2023deal_2024"
"KIT",2024,NA,"10.1016/j.jcp.2024.113344",TRUE,FALSE,"Elsevier BV","Journal of Computational Physics","0021-9991","0021-9991",NA,"0021-9991","http://creativecommons.org/licenses/by-nc-nd/4.0/",TRUE,NA,NA,NA,NA,FALSE,"els2023deal","04t3en479_els2023deal_2024"
"KIT",2024,NA,"10.1016/j.msea.2024.147704",TRUE,FALSE,"Elsevier BV","Materials Science and Engineering: A","0921-5093","0921-5093",NA,"0921-5093","http://creativecommons.org/licenses/by/4.0/",TRUE,NA,NA,NA,NA,FALSE,"els2023deal","04t3en479_els2023deal_2024"
"KIT",2024,NA,"10.1016/j.jss.2024.112240",TRUE,FALSE,"Elsevier BV","Journal of Systems and Software","0164-1212","0164-1212",NA,"0164-1212","http://creativecommons.org/licenses/by-nc/4.0/",TRUE,NA,NA,NA,NA,FALSE,"els2023deal","04t3en479_els2023deal_2024"
"KIT",2024,NA,"10.1016/j.jobe.2024.110163",TRUE,FALSE,"Elsevier BV","Journal of Building Engineering","2352-7102","2352-7102",NA,"2352-7102","http://creativecommons.org/licenses/by/4.0/",TRUE,NA,NA,NA,NA,FALSE,"els2023deal","04t3en479_els2023deal_2024"
"KIT",2024,NA,"10.1016/j.neunet.2024.106770",TRUE,FALSE,"Elsevier BV","Neural Networks","0893-6080","0893-6080",NA,"0893-6080","http://creativecommons.org/licenses/by/4.0/",TRUE,"39393208",NA,NA,NA,FALSE,"els2023deal","04t3en479_els2023deal_2024"
"KIT",2024,NA,"10.1016/j.mtener.2024.101643",TRUE,FALSE,"Elsevier BV","Materials Today Energy","2468-6069","2468-6069",NA,"2468-6069","http://creativecommons.org/licenses/by-nc/4.0/",TRUE,NA,NA,NA,NA,FALSE,"els2023deal","04t3en479_els2023deal_2024"
"KIT",2024,NA,"10.1016/j.cogsc.2024.100931",TRUE,FALSE,"Elsevier BV","Current Opinion in Green and Sustainable Chemistry","2452-2236","2452-2236",NA,"2452-2236","http://creativecommons.org/licenses/by-nc-nd/4.0/",TRUE,NA,NA,NA,NA,FALSE,"els2023deal","04t3en479_els2023deal_2024"
"KIT",2024,NA,"10.1016/j.est.2024.114636",TRUE,TRUE,"Elsevier BV","Journal of Energy Storage","2352-152X","2352-152X",NA,"2352-152X","https://www.elsevier.com/tdm/userlicense/1.0/",TRUE,NA,NA,NA,NA,FALSE,"els2023deal","04t3en479_els2023deal_2024"
"KIT",2024,NA,"10.1016/j.ensm.2024.103212",TRUE,FALSE,"Elsevier BV","Energy Storage Materials","2405-8297","2405-8297",NA,"2405-8289","http://creativecommons.org/licenses/by/4.0/",TRUE,NA,NA,NA,NA,FALSE,"els2023deal","04t3en479_els2023deal_2024"
"KIT",2024,NA,"10.1016/j.watres.2024.122938",TRUE,FALSE,"Elsevier BV","Water Research","0043-1354","0043-1354",NA,"0043-1354","http://creativecommons.org/licenses/by/4.0/",TRUE,"39729913",NA,NA,NA,FALSE,"els2023deal","04t3en479_els2023deal_2024"
"KIT",2024,NA,"10.1016/j.apenergy.2024.123549",TRUE,FALSE,"Elsevier BV","Applied Energy","0306-2619","0306-2619",NA,"0306-2619","http://creativecommons.org/licenses/by/4.0/",TRUE,NA,NA,NA,NA,FALSE,"els2023deal","04t3en479_els2023deal_2024"
"KIT",2024,NA,"10.1016/j.colsurfa.2024.135542",TRUE,FALSE,"Elsevier BV","Colloids and Surfaces A: Physicochemical and Engineering Aspects","0927-7757","0927-7757",NA,"0927-7757","http://creativecommons.org/licenses/by/4.0/",TRUE,NA,NA,NA,NA,FALSE,"els2023deal","04t3en479_els2023deal_2024"
"KIT",2024,NA,"10.1016/j.ijhydene.2024.01.049",TRUE,TRUE,"Elsevier BV","International Journal of Hydrogen Energy","0360-3199","0360-3199",NA,"0360-3199","https://www.elsevier.com/tdm/userlicense/1.0/",TRUE,NA,NA,NA,NA,FALSE,"els2023deal","04t3en479_els2023deal_2024"
"KIT",2024,NA,"10.1016/j.proci.2024.105297",TRUE,FALSE,"Elsevier BV","Proceedings of the Combustion Institute","1540-7489","1540-7489",NA,"1540-7489","http://creativecommons.org/licenses/by/4.0/",TRUE,NA,NA,NA,NA,FALSE,"els2023deal","04t3en479_els2023deal_2024"
"KIT",2024,NA,"10.1016/j.bioelechem.2024.108694",TRUE,FALSE,"Elsevier BV","Bioelectrochemistry","1567-5394","1567-5394",NA,"1567-5394","http://creativecommons.org/licenses/by/4.0/",TRUE,"38518507",NA,NA,NA,FALSE,"els2023deal","04t3en479_els2023deal_2024"
"KIT",2024,NA,"10.1016/j.carres.2024.109076",TRUE,FALSE,"Elsevier BV","Carbohydrate Research","0008-6215","0008-6215",NA,"0008-6215","http://creativecommons.org/licenses/by/4.0/",TRUE,"38537364",NA,NA,NA,FALSE,"els2023deal","04t3en479_els2023deal_2024"
"KIT",2024,NA,"10.1016/j.chemosphere.2024.143233",TRUE,FALSE,"Elsevier BV","Chemosphere","0045-6535","0045-6535",NA,"0045-6535","http://creativecommons.org/licenses/by/4.0/",TRUE,"39222691",NA,NA,NA,FALSE,"els2023deal","04t3en479_els2023deal_2024"
"KIT",2024,NA,"10.1016/j.cej.2024.157582",TRUE,FALSE,"Elsevier BV","Chemical Engineering Journal","1385-8947","1385-8947",NA,"1385-8947","http://creativecommons.org/licenses/by/4.0/",TRUE,NA,NA,NA,NA,FALSE,"els2023deal","04t3en479_els2023deal_2024"
"KIT",2024,NA,"10.1016/j.trf.2024.03.008",TRUE,FALSE,"Elsevier BV","Transportation Research Part F: Traffic Psychology and Behaviour","1369-8478","1369-8478",NA,"1369-8478","http://creativecommons.org/licenses/by/4.0/",TRUE,NA,NA,NA,NA,FALSE,"els2023deal","04t3en479_els2023deal_2024"
"KIT",2024,NA,"10.1016/j.autcon.2024.105592",TRUE,FALSE,"Elsevier BV","Automation in Construction","0926-5805","0926-5805",NA,"0926-5805","http://creativecommons.org/licenses/by-nc/4.0/",TRUE,NA,NA,NA,NA,FALSE,"els2023deal","04t3en479_els2023deal_2024"
"KIT",2024,NA,"10.1016/j.compchemeng.2024.108774",TRUE,FALSE,"Elsevier BV","Computers & Chemical Engineering","0098-1354","0098-1354",NA,"0098-1354","http://creativecommons.org/licenses/by-nc/4.0/",TRUE,NA,NA,NA,NA,FALSE,"els2023deal","04t3en479_els2023deal_2024"
"KIT",2024,NA,"10.1016/j.enbuild.2024.114940",TRUE,FALSE,"Elsevier BV","Energy and Buildings","0378-7788","0378-7788",NA,"0378-7788","http://creativecommons.org/licenses/by/4.0/",TRUE,NA,NA,NA,NA,FALSE,"els2023deal","04t3en479_els2023deal_2024"
"KIT",2024,NA,"10.1016/j.mineng.2024.108952",TRUE,FALSE,"Elsevier BV","Minerals Engineering","0892-6875","0892-6875",NA,"0892-6875","http://creativecommons.org/licenses/by-nc-nd/4.0/",TRUE,NA,NA,NA,NA,FALSE,"els2023deal","04t3en479_els2023deal_2024"
"KIT",2024,NA,"10.1016/j.corsci.2024.112115",TRUE,FALSE,"Elsevier BV","Corrosion Science","0010-938X","0010-938X",NA,"0010-938X","http://creativecommons.org/licenses/by-nc/4.0/",TRUE,NA,NA,NA,NA,FALSE,"els2023deal","04t3en479_els2023deal_2024"
"KIT",2024,NA,"10.1016/j.jpowsour.2024.235473",TRUE,FALSE,"Elsevier BV","Journal of Power Sources","0378-7753","0378-7753",NA,"0378-7753","http://creativecommons.org/licenses/by-nc/4.0/",TRUE,NA,NA,NA,NA,FALSE,"els2023deal","04t3en479_els2023deal_2024"
"KIT",2024,NA,"10.1016/j.jnucmat.2024.155121",TRUE,FALSE,"Elsevier BV","Journal of Nuclear Materials","0022-3115","0022-3115",NA,"0022-3115","http://creativecommons.org/licenses/by-nc/4.0/",TRUE,NA,NA,NA,NA,FALSE,"els2023deal","04t3en479_els2023deal_2024"
"KIT",2024,NA,"10.1016/j.jeurceramsoc.2024.116969",TRUE,FALSE,"Elsevier BV","Journal of the European Ceramic Society","0955-2219","0955-2219",NA,"0955-2219","http://creativecommons.org/licenses/by/4.0/",TRUE,NA,NA,NA,NA,FALSE,"els2023deal","04t3en479_els2023deal_2024"
"KIT",2024,NA,"10.1016/j.mri.2024.110247",TRUE,FALSE,"Elsevier BV","Magnetic Resonance Imaging","0730-725X","0730-725X",NA,"0730-725X","http://creativecommons.org/licenses/by/4.0/",TRUE,"39461486",NA,NA,NA,FALSE,"els2023deal","04t3en479_els2023deal_2024"
"KIT",2024,NA,"10.1016/j.chemosphere.2024.141780",TRUE,FALSE,"Elsevier BV","Chemosphere","0045-6535","0045-6535",NA,"0045-6535","http://creativecommons.org/licenses/by-nc/4.0/",TRUE,"38604516",NA,NA,NA,FALSE,"els2023deal","04t3en479_els2023deal_2024"
"KIT",2024,NA,"10.1016/j.inoche.2024.112965",TRUE,TRUE,"Elsevier BV","Inorganic Chemistry Communications","1387-7003","1387-7003",NA,"1387-7003","https://www.elsevier.com/tdm/userlicense/1.0/",TRUE,NA,NA,NA,NA,FALSE,"els2023deal","04t3en479_els2023deal_2024"
"KIT",2024,NA,"10.1016/j.apgeochem.2024.106015",TRUE,FALSE,"Elsevier BV","Applied Geochemistry","0883-2927","0883-2927",NA,"0883-2927","http://creativecommons.org/licenses/by/4.0/",TRUE,NA,NA,NA,NA,FALSE,"els2023deal","04t3en479_els2023deal_2024"
"KIT",2024,NA,"10.1016/j.desal.2024.117883",TRUE,FALSE,"Elsevier BV","Desalination","0011-9164","0011-9164",NA,"0011-9164","http://creativecommons.org/licenses/by/4.0/",TRUE,NA,NA,NA,NA,FALSE,"els2023deal","04t3en479_els2023deal_2024"
"KIT",2024,NA,"10.1016/j.jcp.2024.113542",TRUE,FALSE,"Elsevier BV","Journal of Computational Physics","0021-9991","0021-9991",NA,"0021-9991","http://creativecommons.org/licenses/by/4.0/",TRUE,NA,NA,NA,NA,FALSE,"els2023deal","04t3en479_els2023deal_2024"
"KIT",2024,NA,"10.1016/j.jbvd.2024.100020",TRUE,FALSE,"Elsevier BV","Journal of Business Venturing Design","2667-2774","2667-2774",NA,"2667-2774","http://creativecommons.org/licenses/by/4.0/",TRUE,NA,NA,NA,NA,FALSE,"els2023deal","04t3en479_els2023deal_2024"
"KIT",2024,NA,"10.1016/j.fusengdes.2024.114610",TRUE,FALSE,"Elsevier BV","Fusion Engineering and Design","0920-3796","0920-3796",NA,"0920-3796","http://creativecommons.org/licenses/by/4.0/",TRUE,NA,NA,NA,NA,FALSE,"els2023deal","04t3en479_els2023deal_2024"
"KIT",2024,NA,"10.1016/j.seppur.2024.127887",TRUE,FALSE,"Elsevier BV","Separation and Purification Technology","1383-5866","1383-5866",NA,"1383-5866","http://creativecommons.org/licenses/by/4.0/",TRUE,NA,NA,NA,NA,FALSE,"els2023deal","04t3en479_els2023deal_2024"
"KIT",2024,NA,"10.1016/j.cej.2024.148719",TRUE,FALSE,"Elsevier BV","Chemical Engineering Journal","1385-8947","1385-8947",NA,"1385-8947","http://creativecommons.org/licenses/by/4.0/",TRUE,NA,NA,NA,NA,FALSE,"els2023deal","04t3en479_els2023deal_2024"
"KIT",2024,NA,"10.1016/j.autcon.2024.105709",TRUE,FALSE,"Elsevier BV","Automation in Construction","0926-5805","0926-5805",NA,"0926-5805","http://creativecommons.org/licenses/by/4.0/",TRUE,NA,NA,NA,NA,FALSE,"els2023deal","04t3en479_els2023deal_2024"
"KIT",2024,NA,"10.1016/j.jpowsour.2024.234857",TRUE,FALSE,"Elsevier BV","Journal of Power Sources","0378-7753","0378-7753",NA,"0378-7753","http://creativecommons.org/licenses/by/4.0/",TRUE,NA,NA,NA,NA,FALSE,"els2023deal","04t3en479_els2023deal_2024"
"KIT",2024,NA,"10.1016/j.ijheatmasstransfer.2024.125309",TRUE,FALSE,"Elsevier BV","International Journal of Heat and Mass Transfer","0017-9310","0017-9310",NA,"0017-9310","http://creativecommons.org/licenses/by-nc-nd/4.0/",TRUE,NA,NA,NA,NA,FALSE,"els2023deal","04t3en479_els2023deal_2024"
"KIT",2024,NA,"10.1016/j.jechem.2024.09.010",TRUE,FALSE,"Elsevier BV","Journal of Energy Chemistry","2095-4956","2095-4956",NA,"2095-4956","http://creativecommons.org/licenses/by/4.0/",TRUE,NA,NA,NA,NA,FALSE,"els2023deal","04t3en479_els2023deal_2024"
"KIT",2024,NA,"10.1016/j.jde.2024.03.017",TRUE,FALSE,"Elsevier BV","Journal of Differential Equations","0022-0396","0022-0396",NA,"0022-0396","http://creativecommons.org/licenses/by/4.0/",TRUE,NA,NA,NA,NA,FALSE,"els2023deal","04t3en479_els2023deal_2024"
"KIT",2024,NA,"10.1016/j.atmosres.2024.107603",TRUE,FALSE,"Elsevier BV","Atmospheric Research","0169-8095","0169-8095",NA,"0169-8095","http://creativecommons.org/licenses/by-nc-nd/4.0/",TRUE,NA,NA,NA,NA,FALSE,"els2023deal","04t3en479_els2023deal_2024"
"KIT",2024,NA,"10.1016/j.ijmecsci.2024.109294",TRUE,FALSE,"Elsevier BV","International Journal of Mechanical Sciences","0020-7403","0020-7403",NA,"0020-7403","http://creativecommons.org/licenses/by-nc/4.0/",TRUE,NA,NA,NA,NA,FALSE,"els2023deal","04t3en479_els2023deal_2024"
"KIT",2024,NA,"10.1016/j.spc.2024.05.027",TRUE,FALSE,"Elsevier BV","Sustainable Production and Consumption","2352-5509","2352-5509",NA,"2352-5509","http://creativecommons.org/licenses/by-nc-nd/4.0/",TRUE,NA,NA,NA,NA,FALSE,"els2023deal","04t3en479_els2023deal_2024"
"KIT",2024,NA,"10.1016/j.seppur.2024.130274",TRUE,FALSE,"Elsevier BV","Separation and Purification Technology","1383-5866","1383-5866",NA,"1383-5866","http://creativecommons.org/licenses/by/4.0/",TRUE,NA,NA,NA,NA,FALSE,"els2023deal","04t3en479_els2023deal_2024"
"KIT",2024,NA,"10.1016/j.ijheatmasstransfer.2024.125498",TRUE,FALSE,"Elsevier BV","International Journal of Heat and Mass Transfer","0017-9310","0017-9310",NA,"0017-9310","http://creativecommons.org/licenses/by-nc/4.0/",TRUE,NA,NA,NA,NA,FALSE,"els2023deal","04t3en479_els2023deal_2024"
"KIT",2024,NA,"10.1016/j.cirp.2024.04.004",TRUE,FALSE,"Elsevier BV","CIRP Annals - Manufacturing Technology","0007-8506","0007-8506",NA,"0007-8506","http://creativecommons.org/licenses/by/4.0/",TRUE,NA,NA,NA,NA,FALSE,"els2023deal","04t3en479_els2023deal_2024"
"KIT",2024,NA,"10.1016/j.ceramint.2024.07.098",TRUE,FALSE,"Elsevier BV","Ceramics International","0272-8842","0272-8842",NA,"0272-8842","http://creativecommons.org/licenses/by/4.0/",TRUE,NA,NA,NA,NA,FALSE,"els2023deal","04t3en479_els2023deal_2024"
"KIT",2024,NA,"10.1016/j.cirpj.2024.10.002",TRUE,FALSE,"Elsevier BV","CIRP Journal of Manufacturing Science and Technology","1755-5817","1755-5817",NA,"1878-0016","http://creativecommons.org/licenses/by/4.0/",TRUE,NA,NA,NA,NA,FALSE,"els2023deal","04t3en479_els2023deal_2024"
"KIT",2024,NA,"10.1016/j.enconman.2024.118662",TRUE,FALSE,"Elsevier BV","Energy Conversion and Management","0196-8904","0196-8904",NA,"0196-8904","http://creativecommons.org/licenses/by/4.0/",TRUE,NA,NA,NA,NA,FALSE,"els2023deal","04t3en479_els2023deal_2024"
"KIT",2024,NA,"10.1016/j.enpol.2024.114343",TRUE,FALSE,"Elsevier BV","Energy Policy","0301-4215","0301-4215",NA,"0301-4215","http://creativecommons.org/licenses/by/4.0/",TRUE,NA,NA,NA,NA,FALSE,"els2023deal","04t3en479_els2023deal_2024"
"KIT",2024,NA,"10.1016/j.ssi.2024.116569",TRUE,FALSE,"Elsevier BV","Solid State Ionics","0167-2738","0167-2738",NA,"0167-2738","http://creativecommons.org/licenses/by-nc/4.0/",TRUE,NA,NA,NA,NA,FALSE,"els2023deal","04t3en479_els2023deal_2024"
"KIT",2024,NA,"10.1016/j.epsr.2024.110710",TRUE,FALSE,"Elsevier BV","Electric Power Systems Research","0378-7796","0378-7796",NA,"0378-7796","http://creativecommons.org/licenses/by/4.0/",TRUE,NA,NA,NA,NA,FALSE,"els2023deal","04t3en479_els2023deal_2024"
"KIT",2024,NA,"10.1016/j.fuel.2024.132809",TRUE,FALSE,"Elsevier BV","Fuel","0016-2361","0016-2361",NA,"0016-2361","http://creativecommons.org/licenses/by-nc-nd/4.0/",TRUE,NA,NA,NA,NA,FALSE,"els2023deal","04t3en479_els2023deal_2024"
"KIT",2024,NA,"10.1016/j.ijhydene.2024.10.221",TRUE,FALSE,"Elsevier BV","International Journal of Hydrogen Energy","0360-3199","0360-3199",NA,"0360-3199","http://creativecommons.org/licenses/by/4.0/",TRUE,NA,NA,NA,NA,FALSE,"els2023deal","04t3en479_els2023deal_2024"
"KIT",2024,NA,"10.1016/j.scriptamat.2024.116509",TRUE,FALSE,"Elsevier BV","Scripta Materialia","1359-6462","1359-6462",NA,"1359-6462","http://creativecommons.org/licenses/by-nc-nd/4.0/",TRUE,NA,NA,NA,NA,FALSE,"els2023deal","04t3en479_els2023deal_2024"
"KIT",2024,NA,"10.1016/j.techfore.2024.123711",TRUE,FALSE,"Elsevier BV","Technological Forecasting and Social Change","0040-1625","0040-1625",NA,"0040-1625","http://creativecommons.org/licenses/by-nc/4.0/",TRUE,NA,NA,NA,NA,FALSE,"els2023deal","04t3en479_els2023deal_2024"
"KIT",2024,NA,"10.1016/j.marpetgeo.2024.106774",TRUE,FALSE,"Elsevier BV","Marine and Petroleum Geology","0264-8172","0264-8172",NA,"0264-8172","http://creativecommons.org/licenses/by/4.0/",TRUE,NA,NA,NA,NA,FALSE,"els2023deal","04t3en479_els2023deal_2024"
"KIT",2024,NA,"10.1016/j.compositesb.2024.111765",TRUE,FALSE,"Elsevier BV","Composites Part B: Engineering","1359-8368","1359-8368",NA,"1359-8368","http://creativecommons.org/licenses/by/4.0/",TRUE,NA,NA,NA,NA,FALSE,"els2023deal","04t3en479_els2023deal_2024"
"KIT",2024,NA,"10.1016/j.ijmecsci.2024.109470",TRUE,FALSE,"Elsevier BV","International Journal of Mechanical Sciences","0020-7403","0020-7403",NA,"0020-7403","http://creativecommons.org/licenses/by/4.0/",TRUE,NA,NA,NA,NA,FALSE,"els2023deal","04t3en479_els2023deal_2024"
"KIT",2024,NA,"10.1016/j.proci.2024.105466",TRUE,FALSE,"Elsevier BV","Proceedings of the Combustion Institute","1540-7489","1540-7489",NA,"1540-7489","http://creativecommons.org/licenses/by/4.0/",TRUE,NA,NA,NA,NA,FALSE,"els2023deal","04t3en479_els2023deal_2024"
"KIT",2024,NA,"10.1016/j.fuel.2024.131601",TRUE,FALSE,"Elsevier BV","Fuel","0016-2361","0016-2361",NA,"0016-2361","http://creativecommons.org/licenses/by-nc-nd/4.0/",TRUE,NA,NA,NA,NA,FALSE,"els2023deal","04t3en479_els2023deal_2024"
"KIT",2024,NA,"10.1016/j.fusengdes.2024.114306",TRUE,FALSE,"Elsevier BV","Fusion Engineering and Design","0920-3796","0920-3796",NA,"0920-3796","http://creativecommons.org/licenses/by-nc-nd/4.0/",TRUE,NA,NA,NA,NA,FALSE,"els2023deal","04t3en479_els2023deal_2024"
"KIT",2024,NA,"10.1016/j.fusengdes.2024.114314",TRUE,FALSE,"Elsevier BV","Fusion Engineering and Design","0920-3796","0920-3796",NA,"0920-3796","http://creativecommons.org/licenses/by-nc-nd/4.0/",TRUE,NA,NA,NA,NA,FALSE,"els2023deal","04t3en479_els2023deal_2024"
"KIT",2024,NA,"10.1016/j.psychsport.2024.102704",TRUE,FALSE,"Elsevier BV","Psychology of Sport and Exercise","1469-0292","1469-0292",NA,"1878-5476","http://creativecommons.org/licenses/by/4.0/",TRUE,"39009100",NA,NA,NA,FALSE,"els2023deal","04t3en479_els2023deal_2024"
"KIT",2024,NA,"10.1016/j.electacta.2024.144197",TRUE,FALSE,"Elsevier BV","Electrochimica Acta","0013-4686","0013-4686",NA,"0013-4686","http://creativecommons.org/licenses/by/4.0/",TRUE,NA,NA,NA,NA,FALSE,"els2023deal","04t3en479_els2023deal_2024"
"KIT",2024,NA,"10.1016/j.cities.2024.105576",TRUE,FALSE,"Elsevier BV","Cities","0264-2751","0264-2751",NA,"0264-2751","http://creativecommons.org/licenses/by/4.0/",TRUE,NA,NA,NA,NA,FALSE,"els2023deal","04t3en479_els2023deal_2024"
"KIT",2024,NA,"10.1016/j.jobe.2024.111090",TRUE,FALSE,"Elsevier BV","Journal of Building Engineering","2352-7102","2352-7102",NA,"2352-7102","http://creativecommons.org/licenses/by-nc-nd/4.0/",TRUE,NA,NA,NA,NA,FALSE,"els2023deal","04t3en479_els2023deal_2024"
"KIT",2024,NA,"10.1016/j.nanoen.2024.109362",TRUE,FALSE,"Elsevier BV","Nano Energy","2211-2855","2211-2855",NA,"2211-2855","http://creativecommons.org/licenses/by-nc-nd/4.0/",TRUE,NA,NA,NA,NA,FALSE,"els2023deal","04t3en479_els2023deal_2024"
"KIT",2024,NA,"10.1016/j.scitotenv.2024.177984",TRUE,FALSE,"Elsevier BV","Science of The Total Environment","0048-9697","0048-9697",NA,"0048-9697","http://creativecommons.org/licenses/by/4.0/",TRUE,"39675286",NA,NA,NA,FALSE,"els2023deal","04t3en479_els2023deal_2024"
"KIT",2024,NA,"10.1016/j.watres.2024.122543",TRUE,FALSE,"Elsevier BV","Water Research","0043-1354","0043-1354",NA,"0043-1354","http://creativecommons.org/licenses/by-nc-nd/4.0/",TRUE,"39378729",NA,NA,NA,FALSE,"els2023deal","04t3en479_els2023deal_2024"
"KIT",2024,NA,"10.1016/j.ndteint.2024.103166",TRUE,FALSE,"Elsevier BV","NDT & E International","0963-8695","0963-8695",NA,"0963-8695","http://creativecommons.org/licenses/by/4.0/",TRUE,NA,NA,NA,NA,FALSE,"els2023deal","04t3en479_els2023deal_2024"
"KIT",2024,NA,"10.1016/j.compgeo.2024.106480",TRUE,FALSE,"Elsevier BV","Computers and Geotechnics","0266-352X","0266-352X",NA,"0266-352X","http://creativecommons.org/licenses/by-nc-nd/4.0/",TRUE,NA,NA,NA,NA,FALSE,"els2023deal","04t3en479_els2023deal_2024"
"KIT",2024,NA,"10.1016/j.rser.2024.114842",TRUE,FALSE,"Elsevier BV","Renewable and Sustainable Energy Reviews","1364-0321","1364-0321",NA,"1364-0321","http://creativecommons.org/licenses/by/4.0/",TRUE,NA,NA,NA,NA,FALSE,"els2023deal","04t3en479_els2023deal_2024"
"KIT",2024,NA,"10.1016/j.apgeochem.2024.106145",TRUE,FALSE,"Elsevier BV","Applied Geochemistry","0883-2927","0883-2927",NA,"0883-2927","http://creativecommons.org/licenses/by/4.0/",TRUE,NA,NA,NA,NA,FALSE,"els2023deal","04t3en479_els2023deal_2024"
"KIT",2024,NA,"10.1016/j.jhazmat.2024.134765",TRUE,FALSE,"Elsevier BV","Journal of Hazardous Materials","0304-3894","0304-3894",NA,"0304-3894","http://creativecommons.org/licenses/by/4.0/",TRUE,"38905981",NA,NA,NA,FALSE,"els2023deal","04t3en479_els2023deal_2024"
"KIT",2024,NA,"10.1016/j.jobe.2024.109401",TRUE,FALSE,"Elsevier BV","Journal of Building Engineering","2352-7102","2352-7102",NA,"2352-7102","http://creativecommons.org/licenses/by/4.0/",TRUE,NA,NA,NA,NA,FALSE,"els2023deal","04t3en479_els2023deal_2024"
"KIT",2024,NA,"10.1016/j.agrformet.2024.110312",TRUE,FALSE,"Elsevier BV","Agricultural and Forest Meteorology","0168-1923","0168-1923",NA,"0168-1923","http://creativecommons.org/licenses/by/4.0/",TRUE,NA,NA,NA,NA,FALSE,"els2023deal","04t3en479_els2023deal_2024"
"KIT",2024,NA,"10.1016/j.solmat.2024.112966",TRUE,FALSE,"Elsevier BV","Solar Energy Materials and Solar Cells","0927-0248","0927-0248",NA,"0927-0248","http://creativecommons.org/licenses/by/4.0/",TRUE,NA,NA,NA,NA,FALSE,"els2023deal","04t3en479_els2023deal_2024"
"KIT",2024,NA,"10.1016/j.renene.2024.121967",TRUE,FALSE,"Elsevier BV","Renewable Energy","0960-1481","0960-1481",NA,"0960-1481","http://creativecommons.org/licenses/by/4.0/",TRUE,NA,NA,NA,NA,FALSE,"els2023deal","04t3en479_els2023deal_2024"
"KIT",2024,NA,"10.1016/j.tranpol.2024.06.014",TRUE,FALSE,"Elsevier BV","Transport Policy","0967-070X","0967-070X",NA,"0967-070X","http://creativecommons.org/licenses/by/4.0/",TRUE,NA,NA,NA,NA,FALSE,"els2023deal","04t3en479_els2023deal_2024"
"KIT",2024,NA,"10.1016/j.scico.2024.103179",TRUE,FALSE,"Elsevier BV","Science of Computer Programming","0167-6423","0167-6423",NA,"0167-6423","http://creativecommons.org/licenses/by/4.0/",TRUE,NA,NA,NA,NA,FALSE,"els2023deal","04t3en479_els2023deal_2024"
"KIT",2024,NA,"10.1016/j.ecss.2024.108765",TRUE,FALSE,"Elsevier BV","Estuarine, Coastal and Shelf Science","0272-7714","0272-7714",NA,"0272-7714","http://creativecommons.org/licenses/by/4.0/",TRUE,NA,NA,NA,NA,FALSE,"els2023deal","04t3en479_els2023deal_2024"
"KIT",2024,NA,"10.1016/j.fusengdes.2024.114290",TRUE,FALSE,"Elsevier BV","Fusion Engineering and Design","0920-3796","0920-3796",NA,"0920-3796","http://creativecommons.org/licenses/by-nc-nd/4.0/",TRUE,NA,NA,NA,NA,FALSE,"els2023deal","04t3en479_els2023deal_2024"
"KIT",2024,NA,"10.1016/j.camwa.2024.05.026",TRUE,FALSE,"Elsevier BV","Computers & Mathematics with Applications","0898-1221","0898-1221",NA,"0898-1221","http://creativecommons.org/licenses/by-nc-nd/4.0/",TRUE,NA,NA,NA,NA,FALSE,"els2023deal","04t3en479_els2023deal_2024"
"KIT",2024,NA,"10.1016/j.ijbiomac.2024.130365",TRUE,FALSE,"Elsevier BV","International Journal of Biological Macromolecules","0141-8130","0141-8130",NA,"0141-8130","http://creativecommons.org/licenses/by/4.0/",TRUE,"38401590",NA,NA,NA,FALSE,"els2023deal","04t3en479_els2023deal_2024"
"KIT",2024,NA,"10.1016/j.jpowsour.2024.235621",TRUE,FALSE,"Elsevier BV","Journal of Power Sources","0378-7753","0378-7753",NA,"0378-7753","http://creativecommons.org/licenses/by/4.0/",TRUE,NA,NA,NA,NA,FALSE,"els2023deal","04t3en479_els2023deal_2024"
"KIT",2024,NA,"10.1016/j.nucengdes.2024.113012",TRUE,FALSE,"Elsevier BV","Nuclear Engineering and Design","0029-5493","0029-5493",NA,"0029-5493","http://creativecommons.org/licenses/by-nc/4.0/",TRUE,NA,NA,NA,NA,FALSE,"els2023deal","04t3en479_els2023deal_2024"
"KIT",2024,NA,"10.1016/j.geoen.2024.213141",TRUE,FALSE,"Elsevier BV","Geoenergy Science and Engineering","2949-8910","2949-8910",NA,"2949-8910","http://creativecommons.org/licenses/by/4.0/",TRUE,NA,NA,NA,NA,FALSE,"els2023deal","04t3en479_els2023deal_2024"
"KIT",2024,NA,"10.1016/j.bej.2024.109617",TRUE,FALSE,"Elsevier BV","Biochemical Engineering Journal","1369-703X","1369-703X",NA,"1369-703X","http://creativecommons.org/licenses/by/4.0/",TRUE,NA,NA,NA,NA,FALSE,"els2023deal","04t3en479_els2023deal_2024"
"KIT",2024,NA,"10.1016/j.dam.2024.10.007",TRUE,FALSE,"Elsevier BV","Discrete Applied Mathematics","0166-218X","0166-218X",NA,"0166-218X","http://creativecommons.org/licenses/by-nc-nd/4.0/",TRUE,NA,NA,NA,NA,FALSE,"els2023deal","04t3en479_els2023deal_2024"
"KIT",2024,NA,"10.1016/j.jpowsour.2024.235375",TRUE,FALSE,"Elsevier BV","Journal of Power Sources","0378-7753","0378-7753",NA,"0378-7753","http://creativecommons.org/licenses/by/4.0/",TRUE,NA,NA,NA,NA,FALSE,"els2023deal","04t3en479_els2023deal_2024"
"KIT",2024,NA,"10.1016/j.seppur.2024.126873",TRUE,FALSE,"Elsevier BV","Separation and Purification Technology","1383-5866","1383-5866",NA,"1383-5866","http://creativecommons.org/licenses/by-nc-nd/4.0/",TRUE,NA,NA,NA,NA,FALSE,"els2023deal","04t3en479_els2023deal_2024"
"KIT",2024,NA,"10.1016/j.jnucmat.2024.154950",TRUE,FALSE,"Elsevier BV","Journal of Nuclear Materials","0022-3115","0022-3115",NA,"0022-3115","http://creativecommons.org/licenses/by/4.0/",TRUE,NA,NA,NA,NA,FALSE,"els2023deal","04t3en479_els2023deal_2024"
"KIT",2024,NA,"10.1016/j.susc.2024.122550",TRUE,FALSE,"Elsevier BV","Surface Science","0039-6028","0039-6028",NA,"0039-6028","http://creativecommons.org/licenses/by/4.0/",TRUE,NA,NA,NA,NA,FALSE,"els2023deal","04t3en479_els2023deal_2024"
"KIT",2024,NA,"10.1016/j.snb.2024.136529",TRUE,FALSE,"Elsevier BV","Sensors and Actuators B: Chemical","0925-4005","0925-4005",NA,"0925-4005","http://creativecommons.org/licenses/by/4.0/",TRUE,NA,NA,NA,NA,FALSE,"els2023deal","04t3en479_els2023deal_2024"
"KIT",2024,NA,"10.1016/j.inoche.2024.113753",TRUE,FALSE,"Elsevier BV","Inorganic Chemistry Communications","1387-7003","1387-7003",NA,"1387-7003","http://creativecommons.org/licenses/by/4.0/",TRUE,NA,NA,NA,NA,FALSE,"els2023deal","04t3en479_els2023deal_2024"
"KIT",2024,NA,"10.1016/j.jpowsour.2024.235626",TRUE,FALSE,"Elsevier BV","Journal of Power Sources","0378-7753","0378-7753",NA,"0378-7753","http://creativecommons.org/licenses/by/4.0/",TRUE,NA,NA,NA,NA,FALSE,"els2023deal","04t3en479_els2023deal_2024"
"KIT",2024,NA,"10.1016/j.cma.2024.117215",TRUE,FALSE,"Elsevier BV","Computer Methods in Applied Mechanics and Engineering","0045-7825","0045-7825",NA,"0045-7825","http://creativecommons.org/licenses/by/4.0/",TRUE,NA,NA,NA,NA,FALSE,"els2023deal","04t3en479_els2023deal_2024"
"KIT",2024,NA,"10.1016/j.ijhydene.2024.08.231",TRUE,FALSE,"Elsevier BV","International Journal of Hydrogen Energy","0360-3199","0360-3199",NA,"0360-3199","http://creativecommons.org/licenses/by/4.0/",TRUE,NA,NA,NA,NA,FALSE,"els2023deal","04t3en479_els2023deal_2024"
"KIT",2024,NA,"10.1016/j.carbon.2024.119689",TRUE,FALSE,"Elsevier BV","Carbon","0008-6223","0008-6223",NA,"0008-6223","http://creativecommons.org/licenses/by/4.0/",TRUE,NA,NA,NA,NA,FALSE,"els2023deal","04t3en479_els2023deal_2024"
"KIT",2024,NA,"10.1016/j.anucene.2024.111061",TRUE,FALSE,"Elsevier BV","Annals of Nuclear Energy","0306-4549","0306-4549",NA,"0306-4549","http://creativecommons.org/licenses/by/4.0/",TRUE,NA,NA,NA,NA,FALSE,"els2023deal","04t3en479_els2023deal_2024"
"KIT",2024,NA,"10.1016/j.sna.2024.115713",TRUE,FALSE,"Elsevier BV","Sensors and Actuators A: Physical","0924-4247","0924-4247",NA,"0924-4247","http://creativecommons.org/licenses/by-nc-nd/4.0/",TRUE,NA,NA,NA,NA,FALSE,"els2023deal","04t3en479_els2023deal_2024"
"KIT",2024,NA,"10.1016/j.jaerosci.2024.106476",TRUE,FALSE,"Elsevier BV","Journal of Aerosol Science","0021-8502","0021-8502",NA,"0021-8502","http://creativecommons.org/licenses/by/4.0/",TRUE,NA,NA,NA,NA,FALSE,"els2023deal","04t3en479_els2023deal_2024"
"KIT",2024,NA,"10.1016/j.colsurfa.2024.134694",TRUE,FALSE,"Elsevier BV","Colloids and Surfaces A: Physicochemical and Engineering Aspects","0927-7757","0927-7757",NA,"0927-7757","http://creativecommons.org/licenses/by/4.0/",TRUE,NA,NA,NA,NA,FALSE,"els2023deal","04t3en479_els2023deal_2024"
"KIT",2024,NA,"10.1016/j.mtcomm.2024.109801",TRUE,FALSE,"Elsevier BV","Materials Today Communications","2352-4928","2352-4928",NA,"2352-4928","http://creativecommons.org/licenses/by/4.0/",TRUE,NA,NA,NA,NA,FALSE,"els2023deal","04t3en479_els2023deal_2024"
"KIT",2024,NA,"10.1016/j.peg.2024.100025",TRUE,FALSE,"Elsevier BV","Progress in Economic Geography","2949-6942","2949-6942",NA,"2949-6942","http://creativecommons.org/licenses/by-nc-nd/4.0/",TRUE,NA,NA,NA,NA,FALSE,"els2023deal","04t3en479_els2023deal_2024"
"KIT",2024,NA,"10.1016/j.proci.2024.105273",TRUE,FALSE,"Elsevier BV","Proceedings of the Combustion Institute","1540-7489","1540-7489",NA,"1540-7489","http://creativecommons.org/licenses/by/4.0/",TRUE,NA,NA,NA,NA,FALSE,"els2023deal","04t3en479_els2023deal_2024"
"KIT",2024,NA,"10.1016/j.cej.2024.153410",TRUE,FALSE,"Elsevier BV","Chemical Engineering Journal","1385-8947","1385-8947",NA,"1385-8947","http://creativecommons.org/licenses/by-nc-nd/4.0/",TRUE,NA,NA,NA,NA,FALSE,"els2023deal","04t3en479_els2023deal_2024"
"KIT",2024,NA,"10.1016/j.resconrec.2024.107579",TRUE,FALSE,"Elsevier BV","Resources, Conservation and Recycling","0921-3449","0921-3449",NA,"0921-3449","http://creativecommons.org/licenses/by-nc/4.0/",TRUE,NA,NA,NA,NA,FALSE,"els2023deal","04t3en479_els2023deal_2024"
"KIT",2024,NA,"10.1016/j.fluid.2024.114104",TRUE,FALSE,"Elsevier BV","Fluid Phase Equilibria","0378-3812","0378-3812",NA,"0378-3812","http://creativecommons.org/licenses/by/4.0/",TRUE,NA,NA,NA,NA,FALSE,"els2023deal","04t3en479_els2023deal_2024"
"KIT",2024,NA,"10.1016/j.optcom.2024.131339",TRUE,FALSE,"Elsevier BV","Optics Communications","0030-4018","0030-4018",NA,"0030-4018","http://creativecommons.org/licenses/by/4.0/",TRUE,NA,NA,NA,NA,FALSE,"els2023deal","04t3en479_els2023deal_2024"
"KIT",2024,NA,"10.1016/j.fusengdes.2024.114195",TRUE,FALSE,"Elsevier BV","Fusion Engineering and Design","0920-3796","0920-3796",NA,"0920-3796","http://creativecommons.org/licenses/by-nc/4.0/",TRUE,NA,NA,NA,NA,FALSE,"els2023deal","04t3en479_els2023deal_2024"
"KIT",2024,NA,"10.1016/j.tecto.2024.230283",TRUE,FALSE,"Elsevier BV","Tectonophysics","0040-1951","0040-1951",NA,"0040-1951","http://creativecommons.org/licenses/by-nc/4.0/",TRUE,NA,NA,NA,NA,FALSE,"els2023deal","04t3en479_els2023deal_2024"
"KIT",2024,NA,"10.1016/j.geothermics.2024.103012",TRUE,FALSE,"Elsevier BV","Geothermics","0375-6505","0375-6505",NA,"0375-6505","http://creativecommons.org/licenses/by/4.0/",TRUE,NA,NA,NA,NA,FALSE,"els2023deal","04t3en479_els2023deal_2024"
"KIT",2024,NA,"10.1016/j.yofte.2024.104047",TRUE,FALSE,"Elsevier BV","Optical Fiber Technology","1068-5200","1068-5200",NA,"1068-5200","http://creativecommons.org/licenses/by/4.0/",TRUE,NA,NA,NA,NA,FALSE,"els2023deal","04t3en479_els2023deal_2024"
"KIT",2024,NA,"10.1016/j.euromechsol.2024.105410",TRUE,FALSE,"Elsevier BV","European Journal of Mechanics - A/Solids","0997-7538","0997-7538",NA,"0997-7538","http://creativecommons.org/licenses/by/4.0/",TRUE,NA,NA,NA,NA,FALSE,"els2023deal","04t3en479_els2023deal_2024"
"KIT",2024,NA,"10.1016/j.cej.2024.155260",TRUE,FALSE,"Elsevier BV","Chemical Engineering Journal","1385-8947","1385-8947",NA,"1385-8947","http://creativecommons.org/licenses/by-nc/4.0/",TRUE,NA,NA,NA,NA,FALSE,"els2023deal","04t3en479_els2023deal_2024"
"KIT",2024,NA,"10.1016/j.fusengdes.2024.114412",TRUE,FALSE,"Elsevier BV","Fusion Engineering and Design","0920-3796","0920-3796",NA,"0920-3796","http://creativecommons.org/licenses/by-nc/4.0/",TRUE,NA,NA,NA,NA,FALSE,"els2023deal","04t3en479_els2023deal_2024"
"KIT",2024,NA,"10.1016/j.geb.2024.04.001",TRUE,FALSE,"Elsevier BV","Games and Economic Behavior","0899-8256","0899-8256",NA,"0899-8256","http://creativecommons.org/licenses/by-nc-nd/4.0/",TRUE,NA,NA,NA,NA,FALSE,"els2023deal","04t3en479_els2023deal_2024"
"KIT",2024,NA,"10.1016/j.psep.2024.02.013",TRUE,FALSE,"Elsevier BV","Process Safety and Environmental Protection","0957-5820","0957-5820",NA,NA,"http://creativecommons.org/licenses/by/4.0/",TRUE,NA,NA,NA,NA,FALSE,"els2023deal","04t3en479_els2023deal_2024"
"KIT",2024,NA,"10.1016/j.matchar.2024.114314",TRUE,FALSE,"Elsevier BV","Materials Characterization","1044-5803","1044-5803",NA,"1044-5803","http://creativecommons.org/licenses/by-nc-nd/4.0/",TRUE,NA,NA,NA,NA,FALSE,"els2023deal","04t3en479_els2023deal_2024"
"KIT",2024,NA,"10.1016/j.actamat.2024.119804",TRUE,FALSE,"Elsevier BV","Acta Materialia","1359-6454","1359-6454",NA,"1359-6454","http://creativecommons.org/licenses/by-nc-nd/4.0/",TRUE,NA,NA,NA,NA,FALSE,"els2023deal","04t3en479_els2023deal_2024"
"KIT",2024,NA,"10.1016/j.chroma.2024.465261",TRUE,FALSE,"Elsevier BV","Journal of Chromatography A","0021-9673","0021-9673",NA,"0021-9673","http://creativecommons.org/licenses/by/4.0/",TRUE,"39216284",NA,NA,NA,FALSE,"els2023deal","04t3en479_els2023deal_2024"
"KIT",2024,NA,"10.1016/j.cej.2024.149684",TRUE,FALSE,"Elsevier BV","Chemical Engineering Journal","1385-8947","1385-8947",NA,"1385-8947","http://creativecommons.org/licenses/by/4.0/",TRUE,NA,NA,NA,NA,FALSE,"els2023deal","04t3en479_els2023deal_2024"
"KIT",2024,NA,"10.1016/j.clay.2024.107259",TRUE,FALSE,"Elsevier BV","Applied Clay Science","0169-1317","0169-1317",NA,"0169-1317","http://creativecommons.org/licenses/by/4.0/",TRUE,NA,NA,NA,NA,FALSE,"els2023deal","04t3en479_els2023deal_2024"
"KIT",2024,NA,"10.1016/j.engfailanal.2024.108110",TRUE,FALSE,"Elsevier BV","Engineering Failure Analysis","1350-6307","1350-6307",NA,"1350-6307","http://creativecommons.org/licenses/by/4.0/",TRUE,NA,NA,NA,NA,FALSE,"els2023deal","04t3en479_els2023deal_2024"
"KIT",2024,NA,"10.1016/j.proci.2024.105207",TRUE,FALSE,"Elsevier BV","Proceedings of the Combustion Institute","1540-7489","1540-7489",NA,"1540-7489","http://creativecommons.org/licenses/by/4.0/",TRUE,NA,NA,NA,NA,FALSE,"els2023deal","04t3en479_els2023deal_2024"
"KIT",2024,NA,"10.1016/j.cej.2024.157842",TRUE,FALSE,"Elsevier BV","Chemical Engineering Journal","1385-8947","1385-8947",NA,"1385-8947","http://creativecommons.org/licenses/by-nc/4.0/",TRUE,NA,NA,NA,NA,FALSE,"els2023deal","04t3en479_els2023deal_2024"
"KIT",2024,NA,"10.1016/j.spa.2024.104501",TRUE,FALSE,"Elsevier BV","Stochastic Processes and their Applications","0304-4149","0304-4149",NA,"0304-4149","http://creativecommons.org/licenses/by-nc/4.0/",TRUE,NA,NA,NA,NA,FALSE,"els2023deal","04t3en479_els2023deal_2024"
"KIT",2024,NA,"10.1016/j.apenergy.2024.123972",TRUE,FALSE,"Elsevier BV","Applied Energy","0306-2619","0306-2619",NA,"0306-2619","http://creativecommons.org/licenses/by/4.0/",TRUE,NA,NA,NA,NA,FALSE,"els2023deal","04t3en479_els2023deal_2024"
"KIT",2024,NA,"10.1016/j.chroma.2024.465543",TRUE,FALSE,"Elsevier BV","Journal of Chromatography A","0021-9673","0021-9673",NA,"0021-9673","http://creativecommons.org/licenses/by-nc/4.0/",TRUE,"39615419",NA,NA,NA,FALSE,"els2023deal","04t3en479_els2023deal_2024"
"KIT",2024,NA,"10.1016/j.enpol.2024.114109",TRUE,FALSE,"Elsevier BV","Energy Policy","0301-4215","0301-4215",NA,"0301-4215","http://creativecommons.org/licenses/by/4.0/",TRUE,NA,NA,NA,NA,FALSE,"els2023deal","04t3en479_els2023deal_2024"
"KIT",2024,NA,"10.1016/j.cep.2024.109891",TRUE,FALSE,"Elsevier BV","Chemical Engineering and Processing: Process Intensification","0255-2701","0255-2701",NA,"0255-2701","http://creativecommons.org/licenses/by/4.0/",TRUE,NA,NA,NA,NA,FALSE,"els2023deal","04t3en479_els2023deal_2024"
"KIT",2024,NA,"10.1016/j.ijmecsci.2024.109443",TRUE,FALSE,"Elsevier BV","International Journal of Mechanical Sciences","0020-7403","0020-7403",NA,"0020-7403","http://creativecommons.org/licenses/by-nc-nd/4.0/",TRUE,NA,NA,NA,NA,FALSE,"els2023deal","04t3en479_els2023deal_2024"
"KIT",2024,NA,"10.1016/j.seppur.2024.128612",TRUE,FALSE,"Elsevier BV","Separation and Purification Technology","1383-5866","1383-5866",NA,"1383-5866","http://creativecommons.org/licenses/by/4.0/",TRUE,NA,NA,NA,NA,FALSE,"els2023deal","04t3en479_els2023deal_2024"
"KIT",2024,NA,"10.1016/j.ijfatigue.2024.108642",TRUE,FALSE,"Elsevier BV","International Journal of Fatigue","0142-1123","0142-1123",NA,"0142-1123","http://creativecommons.org/licenses/by/4.0/",TRUE,NA,NA,NA,NA,FALSE,"els2023deal","04t3en479_els2023deal_2024"
"KIT",2024,NA,"10.1016/j.fusengdes.2024.114425",TRUE,FALSE,"Elsevier BV","Fusion Engineering and Design","0920-3796","0920-3796",NA,"0920-3796","http://creativecommons.org/licenses/by/4.0/",TRUE,NA,NA,NA,NA,FALSE,"els2023deal","04t3en479_els2023deal_2024"
"KIT",2024,NA,"10.1016/j.jcp.2024.112907",TRUE,FALSE,"Elsevier BV","Journal of Computational Physics","0021-9991","0021-9991",NA,"0021-9991","http://creativecommons.org/licenses/by/4.0/",TRUE,NA,NA,NA,NA,FALSE,"els2023deal","04t3en479_els2023deal_2024"
"KIT",2024,NA,"10.1016/j.jeurceramsoc.2024.116875",TRUE,FALSE,"Elsevier BV","Journal of the European Ceramic Society","0955-2219","0955-2219",NA,"0955-2219","http://creativecommons.org/licenses/by/4.0/",TRUE,NA,NA,NA,NA,FALSE,"els2023deal","04t3en479_els2023deal_2024"
"KIT",2024,NA,"10.1016/j.memsci.2024.123248",TRUE,FALSE,"Elsevier BV","Journal of Membrane Science","0376-7388","0376-7388",NA,"0376-7388","http://creativecommons.org/licenses/by/4.0/",TRUE,NA,NA,NA,NA,FALSE,"els2023deal","04t3en479_els2023deal_2024"
"KIT",2024,NA,"10.1016/j.jisa.2024.103832",TRUE,FALSE,"Elsevier BV","Journal of Information Security and Applications","2214-2126","2214-2126",NA,"2214-2126","http://creativecommons.org/licenses/by/4.0/",TRUE,NA,NA,NA,NA,FALSE,"els2023deal","04t3en479_els2023deal_2024"
"KIT",2024,NA,"10.1016/j.cirp.2024.04.054",TRUE,FALSE,"Elsevier BV","CIRP Annals - Manufacturing Technology","0007-8506","0007-8506",NA,"0007-8506","http://creativecommons.org/licenses/by-nc-nd/4.0/",TRUE,NA,NA,NA,NA,FALSE,"els2023deal","04t3en479_els2023deal_2024"
"KIT",2024,NA,"10.1016/j.erss.2024.103879",TRUE,FALSE,"Elsevier BV","Energy Research & Social Science","2214-6296","2214-6296",NA,"2214-6296","http://creativecommons.org/licenses/by/4.0/",TRUE,NA,NA,NA,NA,FALSE,"els2023deal","04t3en479_els2023deal_2024"
"KIT",2024,NA,"10.1016/j.mathsocsci.2024.01.006",TRUE,FALSE,"Elsevier BV","Mathematical Social Sciences","0165-4896","0165-4896",NA,"0165-4896","http://creativecommons.org/licenses/by/4.0/",TRUE,NA,NA,NA,NA,FALSE,"els2023deal","04t3en479_els2023deal_2024"
"KIT",2024,NA,"10.1016/j.ndteint.2024.103067",TRUE,FALSE,"Elsevier BV","NDT & E International","0963-8695","0963-8695",NA,"0963-8695","http://creativecommons.org/licenses/by/4.0/",TRUE,NA,NA,NA,NA,FALSE,"els2023deal","04t3en479_els2023deal_2024"
"KIT",2024,NA,"10.1016/j.fusengdes.2024.114325",TRUE,FALSE,"Elsevier BV","Fusion Engineering and Design","0920-3796","0920-3796",NA,"0920-3796","http://creativecommons.org/licenses/by-nc-nd/4.0/",TRUE,NA,NA,NA,NA,FALSE,"els2023deal","04t3en479_els2023deal_2024"
"KIT",2024,NA,"10.1016/j.psep.2024.01.101",TRUE,FALSE,"Elsevier BV","Process Safety and Environmental Protection","0957-5820","0957-5820",NA,NA,"http://creativecommons.org/licenses/by-nc-nd/4.0/",TRUE,NA,NA,NA,NA,FALSE,"els2023deal","04t3en479_els2023deal_2024"
"KIT",2024,NA,"10.1016/j.ijheatmasstransfer.2024.126448",TRUE,FALSE,"Elsevier BV","International Journal of Heat and Mass Transfer","0017-9310","0017-9310",NA,"0017-9310","http://creativecommons.org/licenses/by-nc/4.0/",TRUE,NA,NA,NA,NA,FALSE,"els2023deal","04t3en479_els2023deal_2024"
"KIT",2024,NA,"10.1016/j.geoen.2024.212787",TRUE,FALSE,"Elsevier BV","Geoenergy Science and Engineering","2949-8910","2949-8910",NA,"2949-8910","http://creativecommons.org/licenses/by/4.0/",TRUE,NA,NA,NA,NA,FALSE,"els2023deal","04t3en479_els2023deal_2024"
"KIT",2024,NA,"10.1016/j.jfa.2024.110713",TRUE,TRUE,"Elsevier BV","Journal of Functional Analysis","0022-1236","0022-1236",NA,"0022-1236","https://www.elsevier.com/tdm/userlicense/1.0/",TRUE,NA,NA,NA,NA,FALSE,"els2023deal","04t3en479_els2023deal_2024"
"KIT",2024,NA,"10.1016/j.ces.2024.120287",TRUE,FALSE,"Elsevier BV","Chemical Engineering Science","0009-2509","0009-2509",NA,"0009-2509","http://creativecommons.org/licenses/by/4.0/",TRUE,NA,NA,NA,NA,FALSE,"els2023deal","04t3en479_els2023deal_2024"
"KIT",2024,NA,"10.1016/j.ensm.2024.103566",TRUE,FALSE,"Elsevier BV","Energy Storage Materials","2405-8297","2405-8297",NA,"2405-8289","http://creativecommons.org/licenses/by-nc-nd/4.0/",TRUE,NA,NA,NA,NA,FALSE,"els2023deal","04t3en479_els2023deal_2024"
"KIT",2024,NA,"10.1016/j.future.2024.07.009",TRUE,FALSE,"Elsevier BV","Future Generation Computer Systems","0167-739X","0167-739X",NA,"0167-739X","http://creativecommons.org/licenses/by-nc-nd/4.0/",TRUE,NA,NA,NA,NA,FALSE,"els2023deal","04t3en479_els2023deal_2024"
"KIT",2024,NA,"10.1016/j.is.2024.102424",TRUE,FALSE,"Elsevier BV","Information Systems","0306-4379","0306-4379",NA,"0306-4379","http://creativecommons.org/licenses/by/4.0/",TRUE,NA,NA,NA,NA,FALSE,"els2023deal","04t3en479_els2023deal_2024"
"KIT",2024,NA,"10.1016/j.addma.2024.104335",TRUE,FALSE,"Elsevier BV","Additive Manufacturing","2214-8604","2214-8604",NA,"2214-7810","http://creativecommons.org/licenses/by/4.0/",TRUE,NA,NA,NA,NA,FALSE,"els2023deal","04t3en479_els2023deal_2024"
"KIT",2024,NA,"10.1016/j.jsv.2024.118313",TRUE,TRUE,"Elsevier BV","Journal of Sound and Vibration","0022-460X","0022-460X",NA,"0022-460X","https://www.elsevier.com/tdm/userlicense/1.0/",TRUE,NA,NA,NA,NA,FALSE,"els2023deal","04t3en479_els2023deal_2024"
"KIT",2024,NA,"10.1016/j.actamat.2024.120394",TRUE,FALSE,"Elsevier BV","Acta Materialia","1359-6454","1359-6454",NA,"1359-6454","http://creativecommons.org/licenses/by-nc-nd/4.0/",TRUE,NA,NA,NA,NA,FALSE,"els2023deal","04t3en479_els2023deal_2024"
"KIT",2024,NA,"10.1016/j.jaap.2024.106628",TRUE,FALSE,"Elsevier BV","Journal of Analytical and Applied Pyrolysis","0165-2370","0165-2370",NA,"0165-2370","http://creativecommons.org/licenses/by-nc/4.0/",TRUE,NA,NA,NA,NA,FALSE,"els2023deal","04t3en479_els2023deal_2024"
"KIT",2024,NA,"10.1016/j.jpowsour.2024.235401",TRUE,FALSE,"Elsevier BV","Journal of Power Sources","0378-7753","0378-7753",NA,"0378-7753","http://creativecommons.org/licenses/by/4.0/",TRUE,NA,NA,NA,NA,FALSE,"els2023deal","04t3en479_els2023deal_2024"
"KIT",2024,NA,"10.1016/j.nima.2024.169377",TRUE,TRUE,"Elsevier BV","Nuclear Instruments and Methods in Physics Research Section A: Accelerators, Spectrometers, Detectors and Associated Equipment","0168-9002","0168-9002",NA,"0168-9002","https://www.elsevier.com/tdm/userlicense/1.0/",TRUE,NA,NA,NA,NA,FALSE,"els2023deal","04t3en479_els2023deal_2024"
"KIT",2024,NA,"10.1016/j.cma.2024.117443",TRUE,FALSE,"Elsevier BV","Computer Methods in Applied Mechanics and Engineering","0045-7825","0045-7825",NA,"0045-7825","http://creativecommons.org/licenses/by/4.0/",TRUE,NA,NA,NA,NA,FALSE,"els2023deal","04t3en479_els2023deal_2024"
"KIT",2024,NA,"10.1016/j.jclepro.2024.143580",TRUE,FALSE,"Elsevier BV","Journal of Cleaner Production","0959-6526","0959-6526",NA,"0959-6526","http://creativecommons.org/licenses/by/4.0/",TRUE,NA,NA,NA,NA,FALSE,"els2023deal","04t3en479_els2023deal_2024"
"KIT",2024,NA,"10.1016/j.ejor.2024.01.022",TRUE,FALSE,"Elsevier BV","European Journal of Operational Research","0377-2217","0377-2217",NA,"0377-2217","http://creativecommons.org/licenses/by/4.0/",TRUE,NA,NA,NA,NA,FALSE,"els2023deal","04t3en479_els2023deal_2024"
"KIT",2024,NA,"10.1016/j.jmapro.2024.07.118",TRUE,FALSE,"Elsevier BV","Journal of Manufacturing Processes","1526-6125","1526-6125",NA,"1526-6125","http://creativecommons.org/licenses/by/4.0/",TRUE,NA,NA,NA,NA,FALSE,"els2023deal","04t3en479_els2023deal_2024"
"KIT",2024,NA,"10.1016/j.ssci.2024.106731",TRUE,FALSE,"Elsevier BV","Safety Science","0925-7535","0925-7535",NA,"0925-7535","http://creativecommons.org/licenses/by/4.0/",TRUE,NA,NA,NA,NA,FALSE,"els2023deal","04t3en479_els2023deal_2024"
"KIT",2024,NA,"10.1016/j.fusengdes.2024.114242",TRUE,FALSE,"Elsevier BV","Fusion Engineering and Design","0920-3796","0920-3796",NA,"0920-3796","http://creativecommons.org/licenses/by/4.0/",TRUE,NA,NA,NA,NA,FALSE,"els2023deal","04t3en479_els2023deal_2024"
"KIT",2024,NA,"10.1016/j.jenvrad.2024.107446",TRUE,FALSE,"Elsevier BV","Journal of Environmental Radioactivity","0265-931X","0265-931X",NA,"0265-931X","http://creativecommons.org/licenses/by-nc-nd/4.0/",TRUE,"38733660",NA,NA,NA,FALSE,"els2023deal","04t3en479_els2023deal_2024"
"KIT",2024,NA,"10.1016/j.habitatint.2024.103043",TRUE,FALSE,"Elsevier BV","Habitat International","0197-3975","0197-3975",NA,"0197-3975","http://creativecommons.org/licenses/by/4.0/",TRUE,NA,NA,NA,NA,FALSE,"els2023deal","04t3en479_els2023deal_2024"
"KIT",2024,NA,"10.1016/j.apcatb.2024.124363",TRUE,FALSE,"Elsevier BV","Applied Catalysis B: Environmental","0926-3373","0926-3373",NA,"0926-3373","http://creativecommons.org/licenses/by/4.0/",TRUE,NA,NA,NA,NA,FALSE,"els2023deal","04t3en479_els2023deal_2024"
"KIT",2024,NA,"10.1016/j.cep.2024.110019",TRUE,FALSE,"Elsevier BV","Chemical Engineering and Processing: Process Intensification","0255-2701","0255-2701",NA,"0255-2701","http://creativecommons.org/licenses/by/4.0/",TRUE,NA,NA,NA,NA,FALSE,"els2023deal","04t3en479_els2023deal_2024"
"KIT",2024,NA,"10.1016/j.commatsci.2024.113553",TRUE,TRUE,"Elsevier BV","Computational Materials Science","0927-0256","0927-0256",NA,"0927-0256","https://www.elsevier.com/tdm/userlicense/1.0/",TRUE,NA,NA,NA,NA,FALSE,"els2023deal","04t3en479_els2023deal_2024"
"KIT",2024,NA,"10.1016/j.jeurceramsoc.2024.116763",TRUE,FALSE,"Elsevier BV","Journal of the European Ceramic Society","0955-2219","0955-2219",NA,"0955-2219","http://creativecommons.org/licenses/by-nc-nd/4.0/",TRUE,NA,NA,NA,NA,FALSE,"els2023deal","04t3en479_els2023deal_2024"
"KIT",2024,NA,"10.1016/j.scriptamat.2024.116209",TRUE,FALSE,"Elsevier BV","Scripta Materialia","1359-6462","1359-6462",NA,"1359-6462","http://creativecommons.org/licenses/by/4.0/",TRUE,NA,NA,NA,NA,FALSE,"els2023deal","04t3en479_els2023deal_2024"
"KIT",2024,NA,"10.1016/j.scriptamat.2024.116117",TRUE,FALSE,"Elsevier BV","Scripta Materialia","1359-6462","1359-6462",NA,"1359-6462","http://creativecommons.org/licenses/by/4.0/",TRUE,NA,NA,NA,NA,FALSE,"els2023deal","04t3en479_els2023deal_2024"
"KIT",2024,NA,"10.1016/j.cma.2024.117102",TRUE,FALSE,"Elsevier BV","Computer Methods in Applied Mechanics and Engineering","0045-7825","0045-7825",NA,"0045-7825","http://creativecommons.org/licenses/by/4.0/",TRUE,NA,NA,NA,NA,FALSE,"els2023deal","04t3en479_els2023deal_2024"
"KIT",2024,NA,"10.1016/j.ensm.2024.103289",TRUE,FALSE,"Elsevier BV","Energy Storage Materials","2405-8297","2405-8297",NA,"2405-8289","http://creativecommons.org/licenses/by-nc/4.0/",TRUE,NA,NA,NA,NA,FALSE,"els2023deal","04t3en479_els2023deal_2024"
"KIT",2024,NA,"10.1016/j.disc.2024.114031",TRUE,FALSE,"Elsevier BV","Discrete Mathematics","0012-365X","0012-365X",NA,"0012-365X","http://creativecommons.org/licenses/by/4.0/",TRUE,NA,NA,NA,NA,FALSE,"els2023deal","04t3en479_els2023deal_2024"
"KIT",2024,NA,"10.1016/j.gete.2024.100560",TRUE,TRUE,"Elsevier BV","Geomechanics for Energy and the Environment","2352-3808","2352-3808",NA,"2352-3808","https://www.elsevier.com/tdm/userlicense/1.0/",TRUE,NA,NA,NA,NA,FALSE,"els2023deal","04t3en479_els2023deal_2024"
"KIT",2024,NA,"10.1016/j.agrformet.2024.110102",TRUE,FALSE,"Elsevier BV","Agricultural and Forest Meteorology","0168-1923","0168-1923",NA,"0168-1923","http://creativecommons.org/licenses/by/4.0/",TRUE,NA,NA,NA,NA,FALSE,"els2023deal","04t3en479_els2023deal_2024"
"KIT",2024,NA,"10.1016/j.synthmet.2024.117784",TRUE,FALSE,"Elsevier BV","Synthetic Metals","0379-6779","0379-6779",NA,"0379-6779","http://creativecommons.org/licenses/by/4.0/",TRUE,NA,NA,NA,NA,FALSE,"els2023deal","04t3en479_els2023deal_2024"
"KIT",2024,NA,"10.1016/j.msea.2024.146556",TRUE,FALSE,"Elsevier BV","Materials Science and Engineering: A","0921-5093","0921-5093",NA,"0921-5093","http://creativecommons.org/licenses/by/4.0/",TRUE,NA,NA,NA,NA,FALSE,"els2023deal","04t3en479_els2023deal_2024"
"KIT",2024,NA,"10.1016/j.chroma.2024.464706",TRUE,FALSE,"Elsevier BV","Journal of Chromatography A","0021-9673","0021-9673",NA,"0021-9673","http://creativecommons.org/licenses/by-nc-nd/4.0/",TRUE,"38335881",NA,NA,NA,FALSE,"els2023deal","04t3en479_els2023deal_2024"
"KIT",2024,NA,"10.1016/j.jnucmat.2024.155556",TRUE,FALSE,"Elsevier BV","Journal of Nuclear Materials","0022-3115","0022-3115",NA,"0022-3115","http://creativecommons.org/licenses/by-nc-nd/4.0/",TRUE,NA,NA,NA,NA,FALSE,"els2023deal","04t3en479_els2023deal_2024"
"KIT",2024,NA,"10.1016/j.vacuum.2024.113708",TRUE,FALSE,"Elsevier BV","Vacuum","0042-207X","0042-207X",NA,"0042-207X","http://creativecommons.org/licenses/by/4.0/",TRUE,NA,NA,NA,NA,FALSE,"els2023deal","04t3en479_els2023deal_2024"
"KIT",2024,NA,"10.1016/j.jpowsour.2024.234963",TRUE,FALSE,"Elsevier BV","Journal of Power Sources","0378-7753","0378-7753",NA,"0378-7753","http://creativecommons.org/licenses/by/4.0/",TRUE,NA,NA,NA,NA,FALSE,"els2023deal","04t3en479_els2023deal_2024"
"KIT",2024,NA,"10.1016/j.jfoodeng.2024.112221",TRUE,FALSE,"Elsevier BV","Journal of Food Engineering","0260-8774","0260-8774",NA,"0260-8774","http://creativecommons.org/licenses/by/4.0/",TRUE,NA,NA,NA,NA,FALSE,"els2023deal","04t3en479_els2023deal_2024"
"KIT",2024,NA,"10.1016/j.wasman.2024.01.035",TRUE,FALSE,"Elsevier BV","Waste Management","0956-053X","0956-053X",NA,"0956-053X","http://creativecommons.org/licenses/by/4.0/",TRUE,"38277808",NA,NA,NA,FALSE,"els2023deal","04t3en479_els2023deal_2024"
"KIT",2024,NA,"10.1016/j.chemphys.2024.112195",TRUE,TRUE,"Elsevier BV","Chemical Physics","0301-0104","0301-0104",NA,"0301-0104","https://www.elsevier.com/tdm/userlicense/1.0/",TRUE,NA,NA,NA,NA,FALSE,"els2023deal","04t3en479_els2023deal_2024"
"KIT",2024,NA,"10.1016/j.memsci.2024.123219",TRUE,TRUE,"Elsevier BV","Journal of Membrane Science","0376-7388","0376-7388",NA,"0376-7388","https://www.elsevier.com/tdm/userlicense/1.0/",TRUE,NA,NA,NA,NA,FALSE,"els2023deal","04t3en479_els2023deal_2024"
"KIT",2024,NA,"10.1016/j.cattod.2024.114615",TRUE,FALSE,"Elsevier BV","Catalysis Today","0920-5861","0920-5861",NA,"0920-5861","http://creativecommons.org/licenses/by-nc/4.0/",TRUE,NA,NA,NA,NA,FALSE,"els2023deal","04t3en479_els2023deal_2024"
"KIT",2024,NA,"10.1016/j.jmps.2024.105842",TRUE,FALSE,"Elsevier BV","Journal of the Mechanics and Physics of Solids","0022-5096","0022-5096",NA,"0022-5096","http://creativecommons.org/licenses/by/4.0/",TRUE,NA,NA,NA,NA,FALSE,"els2023deal","04t3en479_els2023deal_2024"
"KIT",2024,NA,"10.1016/j.ultramic.2024.113995",TRUE,FALSE,"Elsevier BV","Ultramicroscopy","0304-3991","0304-3991",NA,"0304-3991","http://creativecommons.org/licenses/by/4.0/",TRUE,"38851016",NA,NA,NA,FALSE,"els2023deal","04t3en479_els2023deal_2024"
"KIT",2024,NA,"10.1016/j.est.2024.113389",TRUE,FALSE,"Elsevier BV","Journal of Energy Storage","2352-152X","2352-152X",NA,"2352-152X","http://creativecommons.org/licenses/by/4.0/",TRUE,NA,NA,NA,NA,FALSE,"els2023deal","04t3en479_els2023deal_2024"
"KIT",2024,NA,"10.1016/j.chemosphere.2024.142266",TRUE,FALSE,"Elsevier BV","Chemosphere","0045-6535","0045-6535",NA,"0045-6535","http://creativecommons.org/licenses/by-nc-nd/4.0/",TRUE,"38714245",NA,NA,NA,FALSE,"els2023deal","04t3en479_els2023deal_2024"
"KIT",2024,NA,"10.1016/j.marchem.2024.104465",TRUE,FALSE,"Elsevier BV","Marine Chemistry","0304-4203","0304-4203",NA,"0304-4203","http://creativecommons.org/licenses/by-nc-nd/4.0/",TRUE,NA,NA,NA,NA,FALSE,"els2023deal","04t3en479_els2023deal_2024"
"KIT",2024,NA,"10.1016/j.jpowsour.2024.234487",TRUE,FALSE,"Elsevier BV","Journal of Power Sources","0378-7753","0378-7753",NA,"0378-7753","http://creativecommons.org/licenses/by/4.0/",TRUE,NA,NA,NA,NA,FALSE,"els2023deal","04t3en479_els2023deal_2024"
"KIT",2024,NA,"10.1016/j.engfailanal.2024.108799",TRUE,FALSE,"Elsevier BV","Engineering Failure Analysis","1350-6307","1350-6307",NA,"1350-6307","http://creativecommons.org/licenses/by/4.0/",TRUE,NA,NA,NA,NA,FALSE,"els2023deal","04t3en479_els2023deal_2024"
"KIT",2024,NA,"10.1016/j.mee.2024.112168",TRUE,FALSE,"Elsevier BV","Microelectronic Engineering","0167-9317","0167-9317",NA,"0167-9317","http://creativecommons.org/licenses/by/4.0/",TRUE,NA,NA,NA,NA,FALSE,"els2023deal","04t3en479_els2023deal_2024"
"KIT",2024,NA,"10.1016/j.knosys.2024.111856",TRUE,FALSE,"Elsevier BV","Knowledge-Based Systems","0950-7051","0950-7051",NA,"0950-7051","http://creativecommons.org/licenses/by/4.0/",TRUE,NA,NA,NA,NA,FALSE,"els2023deal","04t3en479_els2023deal_2024"
"KIT",2024,NA,"10.1016/j.watres.2024.121241",TRUE,FALSE,"Elsevier BV","Water Research","0043-1354","0043-1354",NA,"0043-1354","http://creativecommons.org/licenses/by/4.0/",TRUE,"38377922",NA,NA,NA,FALSE,"els2023deal","04t3en479_els2023deal_2024"
"KIT",2024,NA,"10.1016/j.desal.2024.117504",TRUE,FALSE,"Elsevier BV","Desalination","0011-9164","0011-9164",NA,"0011-9164","http://creativecommons.org/licenses/by/4.0/",TRUE,NA,NA,NA,NA,FALSE,"els2023deal","04t3en479_els2023deal_2024"
"KIT",2024,NA,"10.1016/j.apenergy.2024.123624",TRUE,FALSE,"Elsevier BV","Applied Energy","0306-2619","0306-2619",NA,"0306-2619","http://creativecommons.org/licenses/by/4.0/",TRUE,NA,NA,NA,NA,FALSE,"els2023deal","04t3en479_els2023deal_2024"
"KIT",2024,NA,"10.1016/j.jhydrol.2024.131429",TRUE,FALSE,"Elsevier BV","Journal of Hydrology","0022-1694","0022-1694",NA,"0022-1694","http://creativecommons.org/licenses/by/4.0/",TRUE,NA,NA,NA,NA,FALSE,"els2023deal","04t3en479_els2023deal_2024"
"KIT",2024,NA,"10.1016/j.est.2024.112605",TRUE,FALSE,"Elsevier BV","Journal of Energy Storage","2352-152X","2352-152X",NA,"2352-152X","http://creativecommons.org/licenses/by/4.0/",TRUE,NA,NA,NA,NA,FALSE,"els2023deal","04t3en479_els2023deal_2024"
"KIT",2024,NA,"10.1016/j.jss.2024.112277",TRUE,FALSE,"Elsevier BV","Journal of Systems and Software","0164-1212","0164-1212",NA,"0164-1212","http://creativecommons.org/licenses/by-nc/4.0/",TRUE,NA,NA,NA,NA,FALSE,"els2023deal","04t3en479_els2023deal_2024"
"KIT",2024,NA,"10.1016/j.agrformet.2024.110127",TRUE,FALSE,"Elsevier BV","Agricultural and Forest Meteorology","0168-1923","0168-1923",NA,"0168-1923","http://creativecommons.org/licenses/by/4.0/",TRUE,NA,NA,NA,NA,FALSE,"els2023deal","04t3en479_els2023deal_2024"
"KIT",2024,NA,"10.1016/j.susmat.2024.e01174",TRUE,FALSE,"Elsevier BV","Sustainable Materials and Technologies","2214-9937","2214-9937",NA,"2214-9929","http://creativecommons.org/licenses/by/4.0/",TRUE,NA,NA,NA,NA,FALSE,"els2023deal","04t3en479_els2023deal_2024"
"KIT",2024,NA,"10.1016/j.intermet.2024.108500",TRUE,FALSE,"Elsevier BV","Intermetallics","0966-9795","0966-9795",NA,"0966-9795","http://creativecommons.org/licenses/by-nc/4.0/",TRUE,NA,NA,NA,NA,FALSE,"els2023deal","04t3en479_els2023deal_2024"
"KIT",2024,NA,"10.1016/j.ijbiomac.2024.136159",TRUE,FALSE,"Elsevier BV","International Journal of Biological Macromolecules","0141-8130","0141-8130",NA,"0141-8130","http://creativecommons.org/licenses/by/4.0/",TRUE,"39357716",NA,NA,NA,FALSE,"els2023deal","04t3en479_els2023deal_2024"
"KIT",2024,NA,"10.1016/j.astropartphys.2024.103072",TRUE,FALSE,"Elsevier BV","Astroparticle Physics","0927-6505","0927-6505",NA,"0927-6505","http://creativecommons.org/licenses/by-nc-nd/4.0/",TRUE,NA,NA,NA,NA,FALSE,"els2023deal","04t3en479_els2023deal_2024"
"KIT",2024,NA,"10.1016/j.jclepro.2024.143497",TRUE,FALSE,"Elsevier BV","Journal of Cleaner Production","0959-6526","0959-6526",NA,"0959-6526","http://creativecommons.org/licenses/by/4.0/",TRUE,NA,NA,NA,NA,FALSE,"els2023deal","04t3en479_els2023deal_2024"
"KIT",2024,NA,"10.1016/j.electacta.2024.143774",TRUE,FALSE,"Elsevier BV","Electrochimica Acta","0013-4686","0013-4686",NA,"0013-4686","http://creativecommons.org/licenses/by/4.0/",TRUE,NA,NA,NA,NA,FALSE,"els2023deal","04t3en479_els2023deal_2024"
"KIT",2024,NA,"10.1016/j.jmr.2024.107782",TRUE,FALSE,"Elsevier BV","Journal of Magnetic Resonance","1090-7807","1090-7807",NA,"1090-7807","http://creativecommons.org/licenses/by-nc/4.0/",TRUE,"39413718",NA,NA,NA,FALSE,"els2023deal","04t3en479_els2023deal_2024"
"KIT",2024,NA,"10.1016/j.powtec.2024.120102",TRUE,FALSE,"Elsevier BV","Powder Technology","0032-5910","0032-5910",NA,"0032-5910","http://creativecommons.org/licenses/by/4.0/",TRUE,NA,NA,NA,NA,FALSE,"els2023deal","04t3en479_els2023deal_2024"
"KIT",2024,NA,"10.1016/j.fuel.2024.131600",TRUE,FALSE,"Elsevier BV","Fuel","0016-2361","0016-2361",NA,"0016-2361","http://creativecommons.org/licenses/by/4.0/",TRUE,NA,NA,NA,NA,FALSE,"els2023deal","04t3en479_els2023deal_2024"
"KIT",2024,NA,"10.1016/j.ijheatfluidflow.2024.109444",TRUE,FALSE,"Elsevier BV","International Journal of Heat and Fluid Flow","0142-727X","0142-727X",NA,"0142-727X","http://creativecommons.org/licenses/by/4.0/",TRUE,NA,NA,NA,NA,FALSE,"els2023deal","04t3en479_els2023deal_2024"
"KIT",2024,NA,"10.1016/j.cose.2024.104197",TRUE,FALSE,"Elsevier BV","Computers & Security","0167-4048","0167-4048",NA,"0167-4048","http://creativecommons.org/licenses/by/4.0/",TRUE,NA,NA,NA,NA,FALSE,"els2023deal","04t3en479_els2023deal_2024"
"KIT",2024,NA,"10.1016/j.chemosphere.2024.143140",TRUE,FALSE,"Elsevier BV","Chemosphere","0045-6535","0045-6535",NA,"0045-6535","http://creativecommons.org/licenses/by/4.0/",TRUE,"39173833",NA,NA,NA,FALSE,"els2023deal","04t3en479_els2023deal_2024"
"KIT",2024,NA,"10.1016/j.resconrec.2024.107557",TRUE,FALSE,"Elsevier BV","Resources, Conservation and Recycling","0921-3449","0921-3449",NA,"0921-3449","http://creativecommons.org/licenses/by/4.0/",TRUE,NA,NA,NA,NA,FALSE,"els2023deal","04t3en479_els2023deal_2024"
"KIT",2024,NA,"10.1016/j.scriptamat.2024.116341",TRUE,FALSE,"Elsevier BV","Scripta Materialia","1359-6462","1359-6462",NA,"1359-6462","http://creativecommons.org/licenses/by-nc-nd/4.0/",TRUE,NA,NA,NA,NA,FALSE,"els2023deal","04t3en479_els2023deal_2024"
"KIT",2024,NA,"10.1016/j.electacta.2024.144881",TRUE,FALSE,"Elsevier BV","Electrochimica Acta","0013-4686","0013-4686",NA,"0013-4686","http://creativecommons.org/licenses/by-nc/4.0/",TRUE,NA,NA,NA,NA,FALSE,"els2023deal","04t3en479_els2023deal_2024"
"KIT",2024,NA,"10.1016/j.ijmultiphaseflow.2024.104772",TRUE,TRUE,"Elsevier BV","International Journal of Multiphase Flow","0301-9322","0301-9322",NA,"0301-9322","https://www.elsevier.com/tdm/userlicense/1.0/",TRUE,NA,NA,NA,NA,FALSE,"els2023deal","04t3en479_els2023deal_2024"
"KIT",2024,NA,"10.1016/j.biombioe.2024.107059",TRUE,FALSE,"Elsevier BV","Biomass and Bioenergy","0961-9534","0961-9534",NA,"0961-9534","http://creativecommons.org/licenses/by/4.0/",TRUE,NA,NA,NA,NA,FALSE,"els2023deal","04t3en479_els2023deal_2024"
"KIT",2024,NA,"10.1016/j.cirp.2024.05.004",TRUE,FALSE,"Elsevier BV","CIRP Annals - Manufacturing Technology","0007-8506","0007-8506",NA,"0007-8506","http://creativecommons.org/licenses/by/4.0/",TRUE,NA,NA,NA,NA,FALSE,"els2023deal","04t3en479_els2023deal_2024"
"KIT",2024,NA,"10.1016/j.surfin.2024.104736",TRUE,FALSE,"Elsevier BV","Surfaces and Interfaces","2468-0230","2468-0230",NA,"2468-0230","http://creativecommons.org/licenses/by-nc/4.0/",TRUE,NA,NA,NA,NA,FALSE,"els2023deal","04t3en479_els2023deal_2024"
"KIT",2024,NA,"10.1016/j.apsusc.2024.161716",TRUE,FALSE,"Elsevier BV","Applied Surface Science","0169-4332","0169-4332",NA,"0169-4332","http://creativecommons.org/licenses/by/4.0/",TRUE,NA,NA,NA,NA,FALSE,"els2023deal","04t3en479_els2023deal_2024"
"KIT",2024,NA,"10.1016/j.matlet.2024.136303",TRUE,FALSE,"Elsevier BV","Materials Letters","0167-577X","0167-577X",NA,"0167-577X","http://creativecommons.org/licenses/by/4.0/",TRUE,NA,NA,NA,NA,FALSE,"els2023deal","04t3en479_els2023deal_2024"
"KIT",2024,NA,"10.1016/j.corsci.2024.112485",TRUE,FALSE,"Elsevier BV","Corrosion Science","0010-938X","0010-938X",NA,"0010-938X","http://creativecommons.org/licenses/by-nc/4.0/",TRUE,NA,NA,NA,NA,FALSE,"els2023deal","04t3en479_els2023deal_2024"
"KIT",2024,NA,"10.1016/j.eurpolymj.2024.113315",TRUE,FALSE,"Elsevier BV","European Polymer Journal","0014-3057","0014-3057",NA,"0014-3057","http://creativecommons.org/licenses/by/4.0/",TRUE,NA,NA,NA,NA,FALSE,"els2023deal","04t3en479_els2023deal_2024"
"KIT",2024,NA,"10.1016/j.fuel.2024.133680",TRUE,FALSE,"Elsevier BV","Fuel","0016-2361","0016-2361",NA,"0016-2361","http://creativecommons.org/licenses/by/4.0/",TRUE,NA,NA,NA,NA,FALSE,"els2023deal","04t3en479_els2023deal_2024"
"KIT",2024,NA,"10.1016/j.jclepro.2024.142161",TRUE,FALSE,"Elsevier BV","Journal of Cleaner Production","0959-6526","0959-6526",NA,"0959-6526","http://creativecommons.org/licenses/by/4.0/",TRUE,NA,NA,NA,NA,FALSE,"els2023deal","04t3en479_els2023deal_2024"
"KIT",2024,NA,"10.1016/j.cej.2024.155852",TRUE,FALSE,"Elsevier BV","Chemical Engineering Journal","1385-8947","1385-8947",NA,"1385-8947","http://creativecommons.org/licenses/by/4.0/",TRUE,NA,NA,NA,NA,FALSE,"els2023deal","04t3en479_els2023deal_2024"
"KIT",2024,NA,"10.1016/j.jpowsour.2024.236073",TRUE,FALSE,"Elsevier BV","Journal of Power Sources","0378-7753","0378-7753",NA,"0378-7753","http://creativecommons.org/licenses/by/4.0/",TRUE,NA,NA,NA,NA,FALSE,"els2023deal","04t3en479_els2023deal_2024"
"KIT",2024,NA,"10.1016/j.scitotenv.2024.174344",TRUE,FALSE,"Elsevier BV","Science of The Total Environment","0048-9697","0048-9697",NA,"0048-9697","http://creativecommons.org/licenses/by-nc/4.0/",TRUE,"38964417",NA,NA,NA,FALSE,"els2023deal","04t3en479_els2023deal_2024"
"KIT",2024,NA,"10.1016/j.asr.2024.06.053",TRUE,FALSE,"Elsevier BV","Advances in Space Research","0273-1177","0273-1177",NA,"0273-1177","http://creativecommons.org/licenses/by/4.0/",TRUE,NA,NA,NA,NA,FALSE,"els2023deal","04t3en479_els2023deal_2024"
"KIT",2024,NA,"10.1016/j.apenergy.2024.123364",TRUE,FALSE,"Elsevier BV","Applied Energy","0306-2619","0306-2619",NA,"0306-2619","http://creativecommons.org/licenses/by/4.0/",TRUE,NA,NA,NA,NA,FALSE,"els2023deal","04t3en479_els2023deal_2024"
"KIT",2024,NA,"10.1016/j.proci.2024.105348",TRUE,FALSE,"Elsevier BV","Proceedings of the Combustion Institute","1540-7489","1540-7489",NA,"1540-7489","http://creativecommons.org/licenses/by/4.0/",TRUE,NA,NA,NA,NA,FALSE,"els2023deal","04t3en479_els2023deal_2024"
"KIT",2024,NA,"10.1016/j.triboint.2024.110083",TRUE,FALSE,"Elsevier BV","Tribology International","0301-679X","0301-679X",NA,"0301-679X","http://creativecommons.org/licenses/by/4.0/",TRUE,NA,NA,NA,NA,FALSE,"els2023deal","04t3en479_els2023deal_2024"
"KIT",2024,NA,"10.1016/j.jcat.2024.115363",TRUE,FALSE,"Elsevier BV","Journal of Catalysis","0021-9517","0021-9517",NA,"0021-9517","http://creativecommons.org/licenses/by/4.0/",TRUE,NA,NA,NA,NA,FALSE,"els2023deal","04t3en479_els2023deal_2024"
"KIT",2024,NA,"10.1016/j.hrthm.2024.01.047",TRUE,FALSE,"Elsevier BV","Heart Rhythm","1547-5271","1547-5271",NA,"1547-5271","http://creativecommons.org/licenses/by/4.0/",TRUE,"38301854",NA,NA,NA,FALSE,"els2023deal","04t3en479_els2023deal_2024"
"KIT",2024,NA,"10.1016/j.enbuild.2024.113891",TRUE,FALSE,"Elsevier BV","Energy and Buildings","0378-7788","0378-7788",NA,"0378-7788","http://creativecommons.org/licenses/by/4.0/",TRUE,NA,NA,NA,NA,FALSE,"els2023deal","04t3en479_els2023deal_2024"
"KIT",2024,NA,"10.1016/j.jqsrt.2024.109121",TRUE,FALSE,"Elsevier BV","Journal of Quantitative Spectroscopy and Radiative Transfer","0022-4073","0022-4073",NA,"0022-4073","http://creativecommons.org/licenses/by-nc-nd/4.0/",TRUE,NA,NA,NA,NA,FALSE,"els2023deal","04t3en479_els2023deal_2024"
"KIT",2024,NA,"10.1016/j.fusengdes.2024.114367",TRUE,FALSE,"Elsevier BV","Fusion Engineering and Design","0920-3796","0920-3796",NA,"0920-3796","http://creativecommons.org/licenses/by/4.0/",TRUE,NA,NA,NA,NA,FALSE,"els2023deal","04t3en479_els2023deal_2024"
"KIT",2024,NA,"10.1016/j.energy.2024.131324",TRUE,FALSE,"Elsevier BV","Energy","0360-5442","0360-5442",NA,"0360-5442","http://creativecommons.org/licenses/by-nc-nd/4.0/",TRUE,NA,NA,NA,NA,FALSE,"els2023deal","04t3en479_els2023deal_2024"
"KIT",2024,NA,"10.1016/j.apgeochem.2024.106091",TRUE,FALSE,"Elsevier BV","Applied Geochemistry","0883-2927","0883-2927",NA,"0883-2927","http://creativecommons.org/licenses/by/4.0/",TRUE,NA,NA,NA,NA,FALSE,"els2023deal","04t3en479_els2023deal_2024"
"KIT",2024,NA,"10.1016/j.epsr.2024.110963",TRUE,FALSE,"Elsevier BV","Electric Power Systems Research","0378-7796","0378-7796",NA,"0378-7796","http://creativecommons.org/licenses/by/4.0/",TRUE,NA,NA,NA,NA,FALSE,"els2023deal","04t3en479_els2023deal_2024"
"KIT",2024,NA,"10.1016/j.erss.2024.103694",TRUE,FALSE,"Elsevier BV","Energy Research & Social Science","2214-6296","2214-6296",NA,"2214-6296","http://creativecommons.org/licenses/by-nc/4.0/",TRUE,NA,NA,NA,NA,FALSE,"els2023deal","04t3en479_els2023deal_2024"
"KIT",2024,NA,"10.1016/j.gexplo.2024.107641",TRUE,FALSE,"Elsevier BV","Journal of Geochemical Exploration","0375-6742","0375-6742",NA,"0375-6742","http://creativecommons.org/licenses/by/4.0/",TRUE,NA,NA,NA,NA,FALSE,"els2023deal","04t3en479_els2023deal_2024"
"KIT",2024,NA,"10.1016/j.rser.2024.114706",TRUE,FALSE,"Elsevier BV","Renewable and Sustainable Energy Reviews","1364-0321","1364-0321",NA,"1364-0321","http://creativecommons.org/licenses/by/4.0/",TRUE,NA,NA,NA,NA,FALSE,"els2023deal","04t3en479_els2023deal_2024"
"KIT",2024,NA,"10.1016/j.jfa.2024.110622",TRUE,FALSE,"Elsevier BV","Journal of Functional Analysis","0022-1236","0022-1236",NA,"0022-1236","http://creativecommons.org/licenses/by/4.0/",TRUE,NA,NA,NA,NA,FALSE,"els2023deal","04t3en479_els2023deal_2024"
"KIT",2024,NA,"10.1016/j.jqsrt.2024.109310",TRUE,FALSE,"Elsevier BV","Journal of Quantitative Spectroscopy and Radiative Transfer","0022-4073","0022-4073",NA,"0022-4073","http://creativecommons.org/licenses/by/4.0/",TRUE,NA,NA,NA,NA,FALSE,"els2023deal","04t3en479_els2023deal_2024"
"KIT",2024,NA,"10.1016/j.bpc.2024.107365",TRUE,FALSE,"Elsevier BV","Biophysical Chemistry","0301-4622","0301-4622",NA,"0301-4622","http://creativecommons.org/licenses/by/4.0/",TRUE,"39657392",NA,NA,NA,FALSE,"els2023deal","04t3en479_els2023deal_2024"
"KIT",2024,NA,"10.1016/j.chemosphere.2024.141833",TRUE,FALSE,"Elsevier BV","Chemosphere","0045-6535","0045-6535",NA,"0045-6535","http://creativecommons.org/licenses/by/4.0/",TRUE,"38579944",NA,NA,NA,FALSE,"els2023deal","04t3en479_els2023deal_2024"
"KIT",2024,NA,"10.1016/j.watres.2024.122902",TRUE,FALSE,"Elsevier BV","Water Research","0043-1354","0043-1354",NA,"0043-1354","http://creativecommons.org/licenses/by/4.0/",TRUE,"39667174",NA,NA,NA,FALSE,"els2023deal","04t3en479_els2023deal_2024"
"KIT",2024,NA,"10.1016/j.engstruct.2024.118070",TRUE,FALSE,"Elsevier BV","Engineering Structures","0141-0296","0141-0296",NA,"0141-0296","http://creativecommons.org/licenses/by/4.0/",TRUE,NA,NA,NA,NA,FALSE,"els2023deal","04t3en479_els2023deal_2024"
"KIT",2024,NA,"10.1016/j.electacta.2024.144270",TRUE,FALSE,"Elsevier BV","Electrochimica Acta","0013-4686","0013-4686",NA,"0013-4686","http://creativecommons.org/licenses/by/4.0/",TRUE,NA,NA,NA,NA,FALSE,"els2023deal","04t3en479_els2023deal_2024"
"KIT",2024,NA,"10.1016/j.cemconres.2024.107509",TRUE,FALSE,"Elsevier BV","Cement and Concrete Research","0008-8846","0008-8846",NA,"0008-8846","http://creativecommons.org/licenses/by/4.0/",TRUE,NA,NA,NA,NA,FALSE,"els2023deal","04t3en479_els2023deal_2024"
"KIT",2024,NA,"10.1016/j.apgeochem.2024.106087",TRUE,FALSE,"Elsevier BV","Applied Geochemistry","0883-2927","0883-2927",NA,"0883-2927","http://creativecommons.org/licenses/by/4.0/",TRUE,NA,NA,NA,NA,FALSE,"els2023deal","04t3en479_els2023deal_2024"
"KIT",2024,NA,"10.1016/j.chemosphere.2024.143711",TRUE,FALSE,"Elsevier BV","Chemosphere","0045-6535","0045-6535",NA,"0045-6535","http://creativecommons.org/licenses/by/4.0/",TRUE,"39521288",NA,NA,NA,FALSE,"els2023deal","04t3en479_els2023deal_2024"
"KIT",2024,NA,"10.1016/j.biortech.2024.130467",TRUE,FALSE,"Elsevier BV","Bioresource Technology","0960-8524","0960-8524",NA,"0960-8524","http://creativecommons.org/licenses/by/4.0/",TRUE,"38373504",NA,NA,NA,FALSE,"els2023deal","04t3en479_els2023deal_2024"
"KIT",2024,NA,"10.1016/j.ceramint.2024.10.006",TRUE,FALSE,"Elsevier BV","Ceramics International","0272-8842","0272-8842",NA,"0272-8842","http://creativecommons.org/licenses/by/4.0/",TRUE,NA,NA,NA,NA,FALSE,"els2023deal","04t3en479_els2023deal_2024"
"KIT",2024,NA,"10.1016/j.cirpj.2024.07.006",TRUE,FALSE,"Elsevier BV","CIRP Journal of Manufacturing Science and Technology","1755-5817","1755-5817",NA,"1878-0016","http://creativecommons.org/licenses/by-nc-nd/4.0/",TRUE,NA,NA,NA,NA,FALSE,"els2023deal","04t3en479_els2023deal_2024"
"KIT",2024,NA,"10.1016/j.isprsjprs.2024.09.037",TRUE,FALSE,"Elsevier BV","ISPRS Journal of Photogrammetry and Remote Sensing","0924-2716","0924-2716",NA,"0924-2716","http://creativecommons.org/licenses/by/4.0/",TRUE,NA,NA,NA,NA,FALSE,"els2023deal","04t3en479_els2023deal_2024"
"KIT",2024,NA,"10.1016/j.eneco.2024.108022",TRUE,FALSE,"Elsevier BV","Energy Economics","0140-9883","0140-9883",NA,"0140-9883","http://creativecommons.org/licenses/by/4.0/",TRUE,NA,NA,NA,NA,FALSE,"els2023deal","04t3en479_els2023deal_2024"
"KIT",2024,NA,"10.1016/j.actamat.2024.120299",TRUE,FALSE,"Elsevier BV","Acta Materialia","1359-6454","1359-6454",NA,"1359-6454","http://creativecommons.org/licenses/by/4.0/",TRUE,NA,NA,NA,NA,FALSE,"els2023deal","04t3en479_els2023deal_2024"
"KIT",2024,NA,"10.1016/j.cobme.2024.100568",TRUE,FALSE,"Elsevier BV","Current Opinion in Biomedical Engineering","2468-4511","2468-4511",NA,"2468-4511","http://creativecommons.org/licenses/by/4.0/",TRUE,NA,NA,NA,NA,FALSE,"els2023deal","04t3en479_els2023deal_2024"
"KIT",2024,NA,"10.1016/j.im.2024.103920",TRUE,FALSE,"Elsevier BV","Information & Management","0378-7206","0378-7206",NA,"0378-7206","http://creativecommons.org/licenses/by-nc-nd/4.0/",TRUE,NA,NA,NA,NA,FALSE,"els2023deal","04t3en479_els2023deal_2024"
"KIT",2024,NA,"10.1016/j.matt.2024.02.004",TRUE,FALSE,"Elsevier BV","Matter","2590-2385","2590-2385",NA,"2590-2385","http://creativecommons.org/licenses/by/4.0/",TRUE,NA,NA,NA,NA,FALSE,"els2023deal","04t3en479_els2023deal_2024"
"KIT",2024,NA,"10.1088/2516-1091/ada333",TRUE,FALSE,"IOP Publishing","Progress in Biomedical Engineering","2516-1091",NA,"2516-1091","2516-1091","https://creativecommons.org/licenses/by/4.0/",TRUE,"39774104",NA,NA,NA,FALSE,"iop2022tib","04t3en479_iop2022tib_2024"
"KIT",2024,NA,"10.1088/1361-6420/ad797b",TRUE,FALSE,"IOP Publishing","Inverse Problems","0266-5611","0266-5611","1361-6420","0266-5611","https://creativecommons.org/licenses/by/4.0/",TRUE,NA,NA,NA,NA,FALSE,"iop2022tib","04t3en479_iop2022tib_2024"
"KIT",2024,NA,"10.1088/1361-6420/ad7c77",TRUE,FALSE,"IOP Publishing","Inverse Problems","0266-5611","0266-5611","1361-6420","0266-5611","https://creativecommons.org/licenses/by/4.0/",TRUE,NA,NA,NA,NA,FALSE,"iop2022tib","04t3en479_iop2022tib_2024"
"KIT",2024,NA,"10.1088/1361-648x/ad1ca8",TRUE,FALSE,"IOP Publishing","Journal of Physics: Condensed Matter","0953-8984","0953-8984","1361-648X","0953-8984","http://creativecommons.org/licenses/by/4.0",TRUE,"38194720",NA,NA,NA,FALSE,"iop2022tib","04t3en479_iop2022tib_2024"
"KIT",2024,NA,"10.1088/1361-648x/ad4763",TRUE,FALSE,"IOP Publishing","Journal of Physics: Condensed Matter","0953-8984","0953-8984","1361-648X","0953-8984","http://creativecommons.org/licenses/by/4.0",TRUE,"38701829",NA,NA,NA,FALSE,"iop2022tib","04t3en479_iop2022tib_2024"
"KIT",2024,NA,"10.1088/1361-648x/ad7660",TRUE,FALSE,"IOP Publishing","Journal of Physics: Condensed Matter","0953-8984","0953-8984","1361-648X","0953-8984","https://creativecommons.org/licenses/by/4.0/",TRUE,"39222654",NA,NA,NA,FALSE,"iop2022tib","04t3en479_iop2022tib_2024"
"KIT",2024,NA,"10.1088/1361-6501/ad5ea1",TRUE,FALSE,"IOP Publishing","Measurement Science and Technology","0957-0233","0957-0233","1361-6501","0957-0233","https://creativecommons.org/licenses/by/4.0/",TRUE,NA,NA,NA,NA,FALSE,"iop2022tib","04t3en479_iop2022tib_2024"
"KIT",2024,NA,"10.1088/1361-6501/ad8771",TRUE,FALSE,"IOP Publishing","Measurement Science and Technology","0957-0233","0957-0233","1361-6501","0957-0233","https://creativecommons.org/licenses/by/4.0/",TRUE,NA,NA,NA,NA,FALSE,"iop2022tib","04t3en479_iop2022tib_2024"
"KIT",2024,NA,"10.1088/1361-651x/ad4b4c",TRUE,FALSE,"IOP Publishing","Modelling and Simulation in Materials Science and Engineering","0965-0393","0965-0393","1361-651X","0965-0393","http://creativecommons.org/licenses/by/4.0",TRUE,NA,NA,NA,NA,FALSE,"iop2022tib","04t3en479_iop2022tib_2024"
"KIT",2024,NA,"10.1088/1361-651x/ad8d6f",TRUE,FALSE,"IOP Publishing","Modelling and Simulation in Materials Science and Engineering","0965-0393","0965-0393","1361-651X","0965-0393","https://creativecommons.org/licenses/by/4.0/",TRUE,NA,NA,NA,NA,FALSE,"iop2022tib","04t3en479_iop2022tib_2024"
"KIT",2024,NA,"10.1088/1361-6528/ad3fc1",TRUE,FALSE,"IOP Publishing","Nanotechnology","0957-4484","0957-4484","1361-6528","0957-4484","http://creativecommons.org/licenses/by/4.0/",TRUE,"38631325",NA,NA,NA,FALSE,"iop2022tib","04t3en479_iop2022tib_2024"
"KIT",2024,NA,"10.1088/1361-6560/ad6370",TRUE,FALSE,"IOP Publishing","Physics in Medicine and Biology","0031-9155","0031-9155","1361-6560","0031-9155","http://creativecommons.org/licenses/by/4.0",TRUE,"39008979",NA,NA,NA,FALSE,"iop2022tib","04t3en479_iop2022tib_2024"
"KIT",2024,NA,"10.1088/1361-6641/ad8d06",TRUE,FALSE,"IOP Publishing","Semiconductor Science and Technology","0268-1242","0268-1242","1361-6641","0268-1242","https://creativecommons.org/licenses/by/4.0/",TRUE,NA,NA,NA,NA,FALSE,"iop2022tib","04t3en479_iop2022tib_2024"
"KIT",2024,NA,"10.1088/1361-6668/ad3c9a",TRUE,FALSE,"IOP Publishing","Superconductor Science and Technology","0953-2048","0953-2048","1361-6668","0953-2048","http://creativecommons.org/licenses/by/4.0",TRUE,NA,NA,NA,NA,FALSE,"iop2022tib","04t3en479_iop2022tib_2024"
"KIT",2024,NA,"10.1088/1361-6668/ad4a30",TRUE,FALSE,"IOP Publishing","Superconductor Science and Technology","0953-2048","0953-2048","1361-6668","0953-2048","http://creativecommons.org/licenses/by/4.0",TRUE,NA,NA,NA,NA,FALSE,"iop2022tib","04t3en479_iop2022tib_2024"
"KIT",2024,NA,"10.1088/1361-6668/ad59cf",TRUE,FALSE,"IOP Publishing","Superconductor Science and Technology","0953-2048","0953-2048","1361-6668","0953-2048","http://creativecommons.org/licenses/by/4.0",TRUE,NA,NA,NA,NA,FALSE,"iop2022tib","04t3en479_iop2022tib_2024"
"KIT",2024,NA,"10.1088/1361-6668/ad637b",TRUE,FALSE,"IOP Publishing","Superconductor Science and Technology","0953-2048","0953-2048","1361-6668","0953-2048","http://creativecommons.org/licenses/by/4.0",TRUE,NA,NA,NA,NA,FALSE,"iop2022tib","04t3en479_iop2022tib_2024"
"KIT",2024,NA,"10.1088/1367-2630/ad8674",FALSE,FALSE,"IOP Publishing","New Journal of Physics","1367-2630",NA,"1367-2630","1367-2630","https://creativecommons.org/licenses/by/4.0/",TRUE,NA,NA,NA,NA,TRUE,"iop2022tib","04t3en479_iop2022tib_2024"
"KIT",2024,NA,"10.1088/1475-7516/2024/05/035",TRUE,FALSE,"IOP Publishing","Journal of Cosmology and Astroparticle Physics","1475-7516",NA,"1475-7516","1475-7516","http://creativecommons.org/licenses/by/4.0/",TRUE,NA,NA,NA,NA,FALSE,"iop2022tib","04t3en479_iop2022tib_2024"
"KIT",2024,NA,"10.1088/1475-7516/2024/05/065",TRUE,FALSE,"IOP Publishing","Journal of Cosmology and Astroparticle Physics","1475-7516",NA,"1475-7516","1475-7516","http://creativecommons.org/licenses/by/4.0/",TRUE,NA,NA,NA,NA,FALSE,"iop2022tib","04t3en479_iop2022tib_2024"
"KIT",2024,NA,"10.1088/1741-4326/ad383b",FALSE,FALSE,"IOP Publishing","Nuclear Fusion","0029-5515","0029-5515","1741-4326","0029-5515","http://creativecommons.org/licenses/by/4.0",TRUE,NA,NA,NA,NA,TRUE,"iop2022tib","04t3en479_iop2022tib_2024"
"KIT",2024,NA,"10.1088/1741-4326/ad49b5",FALSE,FALSE,"IOP Publishing","Nuclear Fusion","0029-5515","0029-5515","1741-4326","0029-5515","http://creativecommons.org/licenses/by/4.0",TRUE,NA,NA,NA,NA,TRUE,"iop2022tib","04t3en479_iop2022tib_2024"
"KIT",2024,NA,"10.1088/1741-4326/ad7a0c",FALSE,FALSE,"IOP Publishing","Nuclear Fusion","0029-5515","0029-5515","1741-4326","0029-5515","https://creativecommons.org/licenses/by/4.0/",TRUE,NA,NA,NA,NA,TRUE,"iop2022tib","04t3en479_iop2022tib_2024"
"KIT",2024,NA,"10.1088/1748-0221/19/02/c02078",TRUE,FALSE,"IOP Publishing","Journal of Instrumentation","1748-0221",NA,"1748-0221","1748-0221","http://creativecommons.org/licenses/by/4.0/",TRUE,NA,NA,NA,NA,FALSE,"iop2022tib","04t3en479_iop2022tib_2024"
"KIT",2024,NA,"10.1088/1748-0221/19/02/p02036",TRUE,FALSE,"IOP Publishing","Journal of Instrumentation","1748-0221",NA,"1748-0221","1748-0221","http://creativecommons.org/licenses/by/4.0/",TRUE,NA,NA,NA,NA,FALSE,"iop2022tib","04t3en479_iop2022tib_2024"
"KIT",2024,NA,"10.1088/1748-0221/19/03/c03014",TRUE,FALSE,"IOP Publishing","Journal of Instrumentation","1748-0221",NA,"1748-0221","1748-0221","http://creativecommons.org/licenses/by/4.0/",TRUE,NA,NA,NA,NA,FALSE,"iop2022tib","04t3en479_iop2022tib_2024"
"KIT",2024,NA,"10.1088/1748-0221/19/03/c03043",TRUE,FALSE,"IOP Publishing","Journal of Instrumentation","1748-0221",NA,"1748-0221","1748-0221","http://creativecommons.org/licenses/by/4.0/",TRUE,NA,NA,NA,NA,FALSE,"iop2022tib","04t3en479_iop2022tib_2024"
"KIT",2024,NA,"10.1088/1748-0221/19/04/c04010",TRUE,FALSE,"IOP Publishing","Journal of Instrumentation","1748-0221",NA,"1748-0221","1748-0221","http://creativecommons.org/licenses/by/4.0/",TRUE,NA,NA,NA,NA,FALSE,"iop2022tib","04t3en479_iop2022tib_2024"
"KIT",2024,NA,"10.1088/1748-0221/19/10/p10017",TRUE,FALSE,"IOP Publishing","Journal of Instrumentation","1748-0221",NA,"1748-0221","1748-0221","http://creativecommons.org/licenses/by/4.0/",TRUE,NA,NA,NA,NA,FALSE,"iop2022tib","04t3en479_iop2022tib_2024"
"KIT",2024,NA,"10.1088/1748-0221/19/11/p11022",TRUE,FALSE,"IOP Publishing","Journal of Instrumentation","1748-0221",NA,"1748-0221","1748-0221","http://creativecommons.org/licenses/by/4.0/",TRUE,NA,NA,NA,NA,FALSE,"iop2022tib","04t3en479_iop2022tib_2024"
"KIT",2024,NA,"10.1088/1748-0221/19/12/c12015",TRUE,FALSE,"IOP Publishing","Journal of Instrumentation","1748-0221",NA,"1748-0221","1748-0221","http://creativecommons.org/licenses/by/4.0/",TRUE,NA,NA,NA,NA,FALSE,"iop2022tib","04t3en479_iop2022tib_2024"
"KIT",2024,NA,"10.1088/1748-9326/ad2d11",FALSE,FALSE,"IOP Publishing","Environmental Research Letters","1748-9326",NA,"1748-9326","1748-9326","https://creativecommons.org/licenses/by/4.0/",TRUE,NA,NA,NA,NA,TRUE,"iop2022tib","04t3en479_iop2022tib_2024"
"KIT",2024,NA,"10.1088/1748-9326/ad69ab",FALSE,FALSE,"IOP Publishing","Environmental Research Letters","1748-9326",NA,"1748-9326","1748-9326","https://creativecommons.org/licenses/by/4.0/",TRUE,NA,NA,NA,NA,TRUE,"iop2022tib","04t3en479_iop2022tib_2024"
"KIT",2024,NA,"10.1088/1751-8121/ad591e",TRUE,FALSE,"IOP Publishing","Journal of Physics A: Mathematical and Theoretical","1751-8113","1751-8113","1751-8121","1751-8113","http://creativecommons.org/licenses/by/4.0",TRUE,NA,NA,NA,NA,FALSE,"iop2022tib","04t3en479_iop2022tib_2024"
"KIT",2024,NA,"10.1088/2058-8585/ad20fa",TRUE,FALSE,"IOP Publishing","Flexible and Printed Electronics","2058-8585",NA,"2058-8585","2058-8585","http://creativecommons.org/licenses/by/4.0",TRUE,NA,NA,NA,NA,FALSE,"iop2022tib","04t3en479_iop2022tib_2024"
"KIT",2024,NA,"10.1088/2515-7639/ad71f5",FALSE,FALSE,"IOP Publishing","Journal of Physics: Materials","2515-7639",NA,"2515-7639","2515-7639","https://creativecommons.org/licenses/by/4.0/",TRUE,NA,NA,NA,NA,TRUE,"iop2022tib","04t3en479_iop2022tib_2024"
"KIT",2024,NA,"10.1088/2515-7647/ad46a9",FALSE,FALSE,"IOP Publishing","Journal of Physics: Photonics","2515-7647",NA,"2515-7647","2515-7647","http://creativecommons.org/licenses/by/4.0",TRUE,NA,NA,NA,NA,TRUE,"iop2022tib","04t3en479_iop2022tib_2024"
"KIT",2024,NA,"10.1088/2515-7655/ad423c",FALSE,FALSE,"IOP Publishing","Journal of Physics: Energy","2515-7655",NA,"2515-7655","2515-7655","http://creativecommons.org/licenses/by/4.0",TRUE,NA,NA,NA,NA,TRUE,"iop2022tib","04t3en479_iop2022tib_2024"
"KIT",2024,NA,"10.1088/2631-8695/ad1cb0",TRUE,FALSE,"IOP Publishing","Engineering Research Express","2631-8695",NA,"2631-8695","2631-8695","http://creativecommons.org/licenses/by/4.0/",TRUE,NA,NA,NA,NA,FALSE,"iop2022tib","04t3en479_iop2022tib_2024"
"KIT",2024,NA,"10.1088/2632-2153/ad33e0",FALSE,FALSE,"IOP Publishing","Machine Learning: Science and Technology","2632-2153",NA,"2632-2153","2632-2153","http://creativecommons.org/licenses/by/4.0",TRUE,NA,NA,NA,NA,TRUE,"iop2022tib","04t3en479_iop2022tib_2024"
"KIT",2024,NA,"10.1088/2632-2153/ad43b1",FALSE,FALSE,"IOP Publishing","Machine Learning: Science and Technology","2632-2153",NA,"2632-2153","2632-2153","http://creativecommons.org/licenses/by/4.0",TRUE,NA,NA,NA,NA,TRUE,"iop2022tib","04t3en479_iop2022tib_2024"
"KIT",2024,NA,"10.1038/s41567-024-02400-8",TRUE,FALSE,"Springer Nature","Nature Physics","1745-2473","1745-2473","1745-2481","1745-2473","https://creativecommons.org/licenses/by/4.0",TRUE,"38799981","PMC11116114",NA,NA,FALSE,"sn2021gac","04t3en479_sn2021gac_2024"
"KIT",2024,NA,"10.1038/s41559-024-02364-1",TRUE,FALSE,"Springer Nature","Nature Ecology & Evolution","2397-334X",NA,"2397-334X","2397-334X","https://creativecommons.org/licenses/by/4.0",TRUE,"38467713","PMC11090827",NA,NA,FALSE,"sn2021gac","04t3en479_sn2021gac_2024"
"KIT",2024,NA,"10.1038/s41586-024-07245-y",TRUE,FALSE,"Springer Nature","Nature","0028-0836","0028-0836","1476-4687","0028-0836","https://creativecommons.org/licenses/by/4.0",TRUE,"38632482","PMC11023936",NA,NA,FALSE,"sn2021gac","04t3en479_sn2021gac_2024"
"KIT",2024,NA,"10.1038/s41561-024-01453-x",TRUE,FALSE,"Springer Nature","Nature Geoscience","1752-0894","1752-0894","1752-0908","1752-0894","https://creativecommons.org/licenses/by/4.0",TRUE,NA,NA,NA,NA,FALSE,"sn2021gac","04t3en479_sn2021gac_2024"
"KIT",2024,NA,"10.1038/s41564-024-01731-9",TRUE,FALSE,"Springer Nature","Nature Microbiology","2058-5276",NA,"2058-5276","2058-5276","https://creativecommons.org/licenses/by/4.0",TRUE,"38877225","PMC11222155",NA,NA,FALSE,"sn2021gac","04t3en479_sn2021gac_2024"
"KIT",2024,NA,"10.1038/s41893-024-01395-7",TRUE,FALSE,"Springer Nature","Nature Sustainability","2398-9629",NA,"2398-9629","2398-9629","https://creativecommons.org/licenses/by/4.0",TRUE,NA,NA,NA,NA,FALSE,"sn2021gac","04t3en479_sn2021gac_2024"
"KIT",2024,NA,"10.1039/d4sm00828f",TRUE,FALSE,"Royal Society of Chemistry (RSC)","Soft Matter","1744-683X","1744-683X","1744-6848","1744-683X","http://creativecommons.org/licenses/by/3.0/",TRUE,"39297181",NA,NA,NA,FALSE,"rsc2024tib","04t3en479_rsc2024tib_2024"
"KIT",2024,NA,"10.1039/d4cy00541d",TRUE,FALSE,"Royal Society of Chemistry (RSC)","Catalysis Science & Technology","2044-4753","2044-4753","2044-4761","2044-4753","http://creativecommons.org/licenses/by/3.0/",TRUE,NA,NA,NA,NA,FALSE,"rsc2024tib","04t3en479_rsc2024tib_2024"
"KIT",2024,NA,"10.1039/d4se00935e",TRUE,FALSE,"Royal Society of Chemistry (RSC)","Sustainable Energy & Fuels","2398-4902",NA,"2398-4902","2398-4902","http://creativecommons.org/licenses/by/3.0/",TRUE,NA,NA,NA,NA,FALSE,"rsc2024tib","04t3en479_rsc2024tib_2024"
"KIT",2024,NA,"10.1039/d3gc05098j",TRUE,FALSE,"Royal Society of Chemistry (RSC)","Green Chemistry","1463-9262","1463-9262","1463-9270","1463-9262","http://creativecommons.org/licenses/by/3.0/",TRUE,NA,NA,NA,NA,FALSE,"rsc2024tib","04t3en479_rsc2024tib_2024"
"KIT",2024,NA,"10.1039/d4na00074a",FALSE,FALSE,"Royal Society of Chemistry (RSC)","Nanoscale Advances","2516-0230",NA,"2516-0230","2516-0230","http://creativecommons.org/licenses/by/3.0/",TRUE,"38694455","PMC11059489",NA,NA,TRUE,"rsc2024tib","04t3en479_rsc2024tib_2024"
"KIT",2024,NA,"10.1039/d4cy00860j",TRUE,FALSE,"Royal Society of Chemistry (RSC)","Catalysis Science & Technology","2044-4753","2044-4753","2044-4761","2044-4753","http://creativecommons.org/licenses/by/3.0/",TRUE,NA,NA,NA,NA,FALSE,"rsc2024tib","04t3en479_rsc2024tib_2024"
"KIT",2024,NA,"10.1039/d4nj02527j",TRUE,FALSE,"Royal Society of Chemistry (RSC)","New Journal of Chemistry","1144-0546","1144-0546","1369-9261","1144-0546","http://creativecommons.org/licenses/by/3.0/",TRUE,NA,NA,NA,NA,FALSE,"rsc2024tib","04t3en479_rsc2024tib_2024"
"KIT",2024,NA,"10.1039/d4ra06394e",FALSE,FALSE,"Royal Society of Chemistry (RSC)","RSC Advances","2046-2069",NA,"2046-2069","2046-2069","http://creativecommons.org/licenses/by/3.0/",TRUE,"39434991","PMC11492426",NA,NA,TRUE,"rsc2024tib","04t3en479_rsc2024tib_2024"
"KIT",2024,NA,"10.1039/d3cc05783f",TRUE,FALSE,"Royal Society of Chemistry (RSC)","Chemical Communications","1359-7345","1359-7345","1364-548X","1359-7345","http://creativecommons.org/licenses/by/3.0/",TRUE,"38465702",NA,NA,NA,FALSE,"rsc2024tib","04t3en479_rsc2024tib_2024"
"KIT",2024,NA,"10.1039/d4ob01032a",TRUE,FALSE,"Royal Society of Chemistry (RSC)","Organic & Biomolecular Chemistry","1477-0520","1477-0520","1477-0539","1477-0520","http://creativecommons.org/licenses/by/3.0/",TRUE,"38973457",NA,NA,NA,FALSE,"rsc2024tib","04t3en479_rsc2024tib_2024"
"KIT",2024,NA,"10.1039/d4dd00130c",FALSE,FALSE,"Royal Society of Chemistry (RSC)","Digital Discovery","2635-098X",NA,"2635-098X","2635-098X","http://creativecommons.org/licenses/by/3.0/",TRUE,NA,NA,NA,NA,TRUE,"rsc2024tib","04t3en479_rsc2024tib_2024"
"KIT",2024,NA,"10.1039/d4cc03907f",TRUE,FALSE,"Royal Society of Chemistry (RSC)","Chemical Communications","1359-7345","1359-7345","1364-548X","1359-7345","http://creativecommons.org/licenses/by/3.0/",TRUE,"39412543",NA,NA,NA,FALSE,"rsc2024tib","04t3en479_rsc2024tib_2024"
"KIT",2024,NA,"10.1039/d4cc04209c",TRUE,FALSE,"Royal Society of Chemistry (RSC)","Chemical Communications","1359-7345","1359-7345","1364-548X","1359-7345","http://creativecommons.org/licenses/by/3.0/",TRUE,"39412510",NA,NA,NA,FALSE,"rsc2024tib","04t3en479_rsc2024tib_2024"
"KIT",2024,NA,"10.1039/d4ra06694d",FALSE,FALSE,"Royal Society of Chemistry (RSC)","RSC Advances","2046-2069",NA,"2046-2069","2046-2069","http://creativecommons.org/licenses/by/3.0/",TRUE,"39640522","PMC11618052",NA,NA,TRUE,"rsc2024tib","04t3en479_rsc2024tib_2024"
"KIT",2024,NA,"10.1039/d4dt00089g",TRUE,FALSE,"Royal Society of Chemistry (RSC)","Dalton Transactions","1477-9226","1477-9226","1477-9234","1477-9226","http://creativecommons.org/licenses/by/3.0/",TRUE,"38284266",NA,NA,NA,FALSE,"rsc2024tib","04t3en479_rsc2024tib_2024"
"KIT",2024,NA,"10.1039/d3ta07840j",TRUE,FALSE,"Royal Society of Chemistry (RSC)","Journal of Materials Chemistry A","2050-7488","2050-7488","2050-7496","2050-7496","http://creativecommons.org/licenses/by/3.0/",TRUE,NA,NA,NA,NA,FALSE,"rsc2024tib","04t3en479_rsc2024tib_2024"
"KIT",2024,NA,"10.1039/d4cc03873h",TRUE,FALSE,"Royal Society of Chemistry (RSC)","Chemical Communications","1359-7345","1359-7345","1364-548X","1359-7345","http://creativecommons.org/licenses/by/3.0/",TRUE,"39302633",NA,NA,NA,FALSE,"rsc2024tib","04t3en479_rsc2024tib_2024"
"KIT",2024,NA,"10.1039/d3se01351k",TRUE,FALSE,"Royal Society of Chemistry (RSC)","Sustainable Energy & Fuels","2398-4902",NA,"2398-4902","2398-4902","http://creativecommons.org/licenses/by/3.0/",TRUE,NA,NA,NA,NA,FALSE,"rsc2024tib","04t3en479_rsc2024tib_2024"
"KIT",2024,NA,"10.1039/d4cy00574k",TRUE,FALSE,"Royal Society of Chemistry (RSC)","Catalysis Science & Technology","2044-4753","2044-4753","2044-4761","2044-4753","http://creativecommons.org/licenses/by/3.0/",TRUE,NA,NA,NA,NA,FALSE,"rsc2024tib","04t3en479_rsc2024tib_2024"
"KIT",2024,NA,"10.1039/d3dt04322c",TRUE,FALSE,"Royal Society of Chemistry (RSC)","Dalton Transactions","1477-9226","1477-9226","1477-9234","1477-9226","http://creativecommons.org/licenses/by/3.0/",TRUE,"38482899",NA,NA,NA,FALSE,"rsc2024tib","04t3en479_rsc2024tib_2024"
"KIT",2024,NA,"10.1039/d4cp02116a",TRUE,FALSE,"Royal Society of Chemistry (RSC)","Physical Chemistry Chemical Physics","1463-9076","1463-9076","1463-9084","1463-9076","http://creativecommons.org/licenses/by/3.0/",TRUE,"38979564",NA,NA,NA,FALSE,"rsc2024tib","04t3en479_rsc2024tib_2024"
"KIT",2024,NA,"10.1039/d4dt00284a",TRUE,FALSE,"Royal Society of Chemistry (RSC)","Dalton Transactions","1477-9226","1477-9226","1477-9234","1477-9226","http://creativecommons.org/licenses/by/3.0/",TRUE,"38380981",NA,NA,NA,FALSE,"rsc2024tib","04t3en479_rsc2024tib_2024"
"KIT",2024,NA,"10.1039/d4nr01403k",TRUE,FALSE,"Royal Society of Chemistry (RSC)","Nanoscale","2040-3364","2040-3364","2040-3372","2040-3364","http://creativecommons.org/licenses/by/3.0/",TRUE,"39034735",NA,NA,NA,FALSE,"rsc2024tib","04t3en479_rsc2024tib_2024"
"KIT",2024,NA,"10.1039/d4na00525b",FALSE,FALSE,"Royal Society of Chemistry (RSC)","Nanoscale Advances","2516-0230",NA,"2516-0230","2516-0230","http://creativecommons.org/licenses/by/3.0/",TRUE,"39781243","PMC11705977",NA,NA,TRUE,"rsc2024tib","04t3en479_rsc2024tib_2024"
"KIT",2024,NA,"10.1039/d3ee04350a",TRUE,FALSE,"Royal Society of Chemistry (RSC)","Energy & Environmental Science","1754-5692","1754-5692","1754-5706","1754-5692","http://creativecommons.org/licenses/by/3.0/",TRUE,NA,NA,NA,NA,FALSE,"rsc2024tib","04t3en479_rsc2024tib_2024"
"KIT",2024,NA,"10.1039/d4dd00018h",FALSE,FALSE,"Royal Society of Chemistry (RSC)","Digital Discovery","2635-098X",NA,"2635-098X","2635-098X","http://creativecommons.org/licenses/by/3.0/",TRUE,NA,NA,NA,NA,TRUE,"rsc2024tib","04t3en479_rsc2024tib_2024"
"KIT",2024,NA,"10.1039/d3dt04323a",TRUE,FALSE,"Royal Society of Chemistry (RSC)","Dalton Transactions","1477-9226","1477-9226","1477-9234","1477-9226","http://creativecommons.org/licenses/by/3.0/",TRUE,"38487924",NA,NA,NA,FALSE,"rsc2024tib","04t3en479_rsc2024tib_2024"
"KIT",2024,NA,"10.1039/d4mr00014e",FALSE,FALSE,"Royal Society of Chemistry (RSC)","RSC Mechanochemistry","2976-8683",NA,"2976-8683","2976-8683","http://creativecommons.org/licenses/by/3.0/",TRUE,NA,NA,NA,NA,TRUE,"rsc2024tib","04t3en479_rsc2024tib_2024"
"KIT",2024,NA,"10.1039/d4nj02058h",TRUE,FALSE,"Royal Society of Chemistry (RSC)","New Journal of Chemistry","1144-0546","1144-0546","1369-9261","1144-0546","http://creativecommons.org/licenses/by/3.0/",TRUE,NA,NA,NA,NA,FALSE,"rsc2024tib","04t3en479_rsc2024tib_2024"
"KIT",2024,NA,"10.1039/d3cy01445b",TRUE,FALSE,"Royal Society of Chemistry (RSC)","Catalysis Science & Technology","2044-4753","2044-4753","2044-4761","2044-4753","http://creativecommons.org/licenses/by/3.0/",TRUE,NA,NA,NA,NA,FALSE,"rsc2024tib","04t3en479_rsc2024tib_2024"
"KIT",2024,NA,"10.1039/d4re00168k",TRUE,FALSE,"Royal Society of Chemistry (RSC)","Reaction Chemistry & Engineering","2058-9883",NA,"2058-9883","2058-9883","http://creativecommons.org/licenses/by/3.0/",TRUE,NA,NA,NA,NA,FALSE,"rsc2024tib","04t3en479_rsc2024tib_2024"
"KIT",2024,NA,"10.1039/d4dt02497d",TRUE,FALSE,"Royal Society of Chemistry (RSC)","Dalton Transactions","1477-9226","1477-9226","1477-9234","1477-9226","http://creativecommons.org/licenses/by/3.0/",TRUE,"39360786",NA,NA,NA,FALSE,"rsc2024tib","04t3en479_rsc2024tib_2024"
"KIT",2024,NA,"10.1039/d4dt01132e",TRUE,FALSE,"Royal Society of Chemistry (RSC)","Dalton Transactions","1477-9226","1477-9226","1477-9234","1477-9226","http://creativecommons.org/licenses/by/3.0/",TRUE,"38919036",NA,NA,NA,FALSE,"rsc2024tib","04t3en479_rsc2024tib_2024"
"KIT",2024,NA,"10.1039/d4cc03714f",TRUE,FALSE,"Royal Society of Chemistry (RSC)","Chemical Communications","1359-7345","1359-7345","1364-548X","1359-7345","http://creativecommons.org/licenses/by/3.0/",TRUE,"39291856",NA,NA,NA,FALSE,"rsc2024tib","04t3en479_rsc2024tib_2024"
"KIT",2024,NA,"10.1039/d4dt02068e",TRUE,FALSE,"Royal Society of Chemistry (RSC)","Dalton Transactions","1477-9226","1477-9226","1477-9234","1477-9226","http://creativecommons.org/licenses/by/3.0/",TRUE,"39831404",NA,NA,NA,FALSE,"rsc2024tib","04t3en479_rsc2024tib_2024"
"KIT",2024,NA,"10.1039/d3cp06192b",TRUE,FALSE,"Royal Society of Chemistry (RSC)","Physical Chemistry Chemical Physics","1463-9076","1463-9076","1463-9084","1463-9076","http://creativecommons.org/licenses/by/3.0/",TRUE,"38407473",NA,NA,NA,FALSE,"rsc2024tib","04t3en479_rsc2024tib_2024"
"KIT",2024,NA,"10.1039/d4cp03825h",TRUE,FALSE,"Royal Society of Chemistry (RSC)","Physical Chemistry Chemical Physics","1463-9076","1463-9076","1463-9084","1463-9076","http://creativecommons.org/licenses/by/3.0/",TRUE,"39513230",NA,NA,NA,FALSE,"rsc2024tib","04t3en479_rsc2024tib_2024"
"KIT",2024,NA,"10.1039/d4dt00429a",TRUE,FALSE,"Royal Society of Chemistry (RSC)","Dalton Transactions","1477-9226","1477-9226","1477-9234","1477-9226","http://creativecommons.org/licenses/by/3.0/",TRUE,"38826041",NA,NA,NA,FALSE,"rsc2024tib","04t3en479_rsc2024tib_2024"
"KIT",2024,NA,"10.1039/d3re00409k",TRUE,FALSE,"Royal Society of Chemistry (RSC)","Reaction Chemistry & Engineering","2058-9883",NA,"2058-9883","2058-9883","http://creativecommons.org/licenses/by/3.0/",TRUE,NA,NA,NA,NA,FALSE,"rsc2024tib","04t3en479_rsc2024tib_2024"
"KIT",2024,NA,"10.1039/d4re00087k",TRUE,FALSE,"Royal Society of Chemistry (RSC)","Reaction Chemistry & Engineering","2058-9883",NA,"2058-9883","2058-9883","http://creativecommons.org/licenses/by/3.0/",TRUE,NA,NA,NA,NA,FALSE,"rsc2024tib","04t3en479_rsc2024tib_2024"
"KIT",2024,NA,"10.1039/d4cy00625a",TRUE,FALSE,"Royal Society of Chemistry (RSC)","Catalysis Science & Technology","2044-4753","2044-4753","2044-4761","2044-4753","http://creativecommons.org/licenses/by/3.0/",TRUE,NA,NA,NA,NA,FALSE,"rsc2024tib","04t3en479_rsc2024tib_2024"
"KIT",2024,NA,"10.1039/d4re00312h",TRUE,FALSE,"Royal Society of Chemistry (RSC)","Reaction Chemistry & Engineering","2058-9883",NA,"2058-9883","2058-9883","http://creativecommons.org/licenses/by/3.0/",TRUE,NA,NA,NA,NA,FALSE,"rsc2024tib","04t3en479_rsc2024tib_2024"
"KIT",2024,NA,"10.1039/d4cc00466c",TRUE,FALSE,"Royal Society of Chemistry (RSC)","Chemical Communications","1359-7345","1359-7345","1364-548X","1359-7345","http://creativecommons.org/licenses/by/3.0/",TRUE,"38517063",NA,NA,NA,FALSE,"rsc2024tib","04t3en479_rsc2024tib_2024"
"KIT",2024,NA,"10.1039/d4gc00745j",TRUE,FALSE,"Royal Society of Chemistry (RSC)","Green Chemistry","1463-9262","1463-9262","1463-9270","1463-9262","http://creativecommons.org/licenses/by/3.0/",TRUE,NA,NA,NA,NA,FALSE,"rsc2024tib","04t3en479_rsc2024tib_2024"
"KIT",2024,NA,"10.1039/d4su00424h",FALSE,FALSE,"Royal Society of Chemistry (RSC)","RSC Sustainability","2753-8125",NA,"2753-8125","2753-8125","http://creativecommons.org/licenses/by/3.0/",TRUE,NA,NA,NA,NA,TRUE,"rsc2024tib","04t3en479_rsc2024tib_2024"
"KIT",2024,NA,"10.1039/d4gc05645k",TRUE,FALSE,"Royal Society of Chemistry (RSC)","Green Chemistry","1463-9262","1463-9262","1463-9270","1463-9262","http://creativecommons.org/licenses/by/3.0/",TRUE,NA,NA,NA,NA,FALSE,"rsc2024tib","04t3en479_rsc2024tib_2024"
"KIT",2024,NA,"10.1039/d4py01358a",TRUE,FALSE,"Royal Society of Chemistry (RSC)","Polymer Chemistry","1759-9954","1759-9954","1759-9962","1759-9954","http://creativecommons.org/licenses/by/3.0/",TRUE,NA,NA,NA,NA,FALSE,"rsc2024tib","04t3en479_rsc2024tib_2024"
"KIT",2024,NA,"10.1039/d4dt01588f",TRUE,FALSE,"Royal Society of Chemistry (RSC)","Dalton Transactions","1477-9226","1477-9226","1477-9234","1477-9226","http://creativecommons.org/licenses/by/3.0/",TRUE,"39041069",NA,NA,NA,FALSE,"rsc2024tib","04t3en479_rsc2024tib_2024"
"KIT",2024,NA,"10.1039/d4dt01769b",TRUE,FALSE,"Royal Society of Chemistry (RSC)","Dalton Transactions","1477-9226","1477-9226","1477-9234","1477-9226","http://creativecommons.org/licenses/by/3.0/",TRUE,"39373196",NA,NA,NA,FALSE,"rsc2024tib","04t3en479_rsc2024tib_2024"
"KIT",2024,NA,"10.1039/d3ee03273f",TRUE,FALSE,"Royal Society of Chemistry (RSC)","Energy & Environmental Science","1754-5692","1754-5692","1754-5706","1754-5692","http://creativecommons.org/licenses/by/3.0/",TRUE,NA,NA,NA,NA,FALSE,"rsc2024tib","04t3en479_rsc2024tib_2024"
"KIT",2024,NA,"10.1039/d3ee03687a",TRUE,FALSE,"Royal Society of Chemistry (RSC)","Energy & Environmental Science","1754-5692","1754-5692","1754-5706","1754-5692","http://creativecommons.org/licenses/by/3.0/",TRUE,"38659971","PMC11036531",NA,NA,FALSE,"rsc2024tib","04t3en479_rsc2024tib_2024"
"KIT",2024,NA,"10.1039/d4dt01367k",TRUE,FALSE,"Royal Society of Chemistry (RSC)","Dalton Transactions","1477-9226","1477-9226","1477-9234","1477-9226","http://creativecommons.org/licenses/by/3.0/",TRUE,"38828484",NA,NA,NA,FALSE,"rsc2024tib","04t3en479_rsc2024tib_2024"
"KIT",2024,NA,"10.1039/d4qi01747a",TRUE,FALSE,"Royal Society of Chemistry (RSC)","Inorganic Chemistry Frontiers","2052-1553",NA,"2052-1553","2052-1545","http://creativecommons.org/licenses/by/3.0/",TRUE,NA,NA,NA,NA,FALSE,"rsc2024tib","04t3en479_rsc2024tib_2024"
"KIT",2024,NA,"10.1039/d4cc05896h",TRUE,FALSE,"Royal Society of Chemistry (RSC)","Chemical Communications","1359-7345","1359-7345","1364-548X","1359-7345","http://creativecommons.org/licenses/by/3.0/",TRUE,"39714892",NA,NA,NA,FALSE,"rsc2024tib","04t3en479_rsc2024tib_2024"
"KIT",2024,NA,"10.1039/d3cy01722b",TRUE,FALSE,"Royal Society of Chemistry (RSC)","Catalysis Science & Technology","2044-4753","2044-4753","2044-4761","2044-4753","http://creativecommons.org/licenses/by/3.0/",TRUE,NA,NA,NA,NA,FALSE,"rsc2024tib","04t3en479_rsc2024tib_2024"
"KIT",2024,NA,"10.1039/d4cy01028k",TRUE,FALSE,"Royal Society of Chemistry (RSC)","Catalysis Science & Technology","2044-4753","2044-4753","2044-4761","2044-4753","http://creativecommons.org/licenses/by/3.0/",TRUE,NA,NA,NA,NA,FALSE,"rsc2024tib","04t3en479_rsc2024tib_2024"
"KIT",2024,NA,"10.1039/d4cy00770k",TRUE,FALSE,"Royal Society of Chemistry (RSC)","Catalysis Science & Technology","2044-4753","2044-4753","2044-4761","2044-4753","http://creativecommons.org/licenses/by/3.0/",TRUE,NA,NA,NA,NA,FALSE,"rsc2024tib","04t3en479_rsc2024tib_2024"
"KIT",2024,NA,"10.1039/d4ya00242c",FALSE,FALSE,"Royal Society of Chemistry (RSC)","Energy Advances","2753-1457",NA,"2753-1457","2753-1457","http://creativecommons.org/licenses/by/3.0/",TRUE,NA,NA,NA,NA,TRUE,"rsc2024tib","04t3en479_rsc2024tib_2024"
"KIT",2024,NA,"10.1039/d4na00242c",FALSE,FALSE,"Royal Society of Chemistry (RSC)","Nanoscale Advances","2516-0230",NA,"2516-0230","2516-0230","http://creativecommons.org/licenses/by/3.0/",TRUE,"38933859","PMC11197426",NA,NA,TRUE,"rsc2024tib","04t3en479_rsc2024tib_2024"
"KIT",2024,NA,"10.1039/d4ra05630b",FALSE,FALSE,"Royal Society of Chemistry (RSC)","RSC Advances","2046-2069",NA,"2046-2069","2046-2069","http://creativecommons.org/licenses/by/3.0/",TRUE,"39239278","PMC11376233",NA,NA,TRUE,"rsc2024tib","04t3en479_rsc2024tib_2024"
"KIT",2024,NA,"10.1039/d3su00482a",FALSE,FALSE,"Royal Society of Chemistry (RSC)","RSC Sustainability","2753-8125",NA,"2753-8125","2753-8125","http://creativecommons.org/licenses/by/3.0/",TRUE,NA,NA,NA,NA,TRUE,"rsc2024tib","04t3en479_rsc2024tib_2024"
"KIT",2024,NA,"10.1039/d4ob00692e",TRUE,FALSE,"Royal Society of Chemistry (RSC)","Organic & Biomolecular Chemistry","1477-0520","1477-0520","1477-0539","1477-0520","http://creativecommons.org/licenses/by/3.0/",TRUE,"38771639",NA,NA,NA,FALSE,"rsc2024tib","04t3en479_rsc2024tib_2024"
"KIT",2024,NA,"10.1039/d4ob00932k",TRUE,FALSE,"Royal Society of Chemistry (RSC)","Organic & Biomolecular Chemistry","1477-0520","1477-0520","1477-0539","1477-0520","http://creativecommons.org/licenses/by/3.0/",TRUE,"38973494",NA,NA,NA,FALSE,"rsc2024tib","04t3en479_rsc2024tib_2024"
"KIT",2024,NA,"10.1039/d4su00228h",FALSE,FALSE,"Royal Society of Chemistry (RSC)","RSC Sustainability","2753-8125",NA,"2753-8125","2753-8125","http://creativecommons.org/licenses/by/3.0/",TRUE,NA,NA,NA,NA,TRUE,"rsc2024tib","04t3en479_rsc2024tib_2024"
"KIT",2024,NA,"10.1039/d3ee04028c",TRUE,FALSE,"Royal Society of Chemistry (RSC)","Energy & Environmental Science","1754-5692","1754-5692","1754-5706","1754-5692","http://creativecommons.org/licenses/by/3.0/",TRUE,NA,NA,NA,NA,FALSE,"rsc2024tib","04t3en479_rsc2024tib_2024"
"KIT",2024,NA,"10.1039/d4ya00205a",FALSE,FALSE,"Royal Society of Chemistry (RSC)","Energy Advances","2753-1457",NA,"2753-1457","2753-1457","http://creativecommons.org/licenses/by/3.0/",TRUE,NA,NA,NA,NA,TRUE,"rsc2024tib","04t3en479_rsc2024tib_2024"
"KIT",2024,NA,"10.1039/d4cp02894e",TRUE,FALSE,"Royal Society of Chemistry (RSC)","Physical Chemistry Chemical Physics","1463-9076","1463-9076","1463-9084","1463-9076","http://creativecommons.org/licenses/by/3.0/",TRUE,"39387819",NA,NA,NA,FALSE,"rsc2024tib","04t3en479_rsc2024tib_2024"
"KIT",2024,NA,"10.1039/d4cp04057k",TRUE,FALSE,"Royal Society of Chemistry (RSC)","Physical Chemistry Chemical Physics","1463-9076","1463-9076","1463-9084","1463-9076","http://creativecommons.org/licenses/by/3.0/",TRUE,"39670681",NA,NA,NA,FALSE,"rsc2024tib","04t3en479_rsc2024tib_2024"
"KIT",2024,NA,"10.1039/d3cy01336g",TRUE,FALSE,"Royal Society of Chemistry (RSC)","Catalysis Science & Technology","2044-4753","2044-4753","2044-4761","2044-4753","http://creativecommons.org/licenses/by/3.0/",TRUE,NA,NA,NA,NA,FALSE,"rsc2024tib","04t3en479_rsc2024tib_2024"
"KIT",2024,NA,"10.1039/d4cy00032c",TRUE,FALSE,"Royal Society of Chemistry (RSC)","Catalysis Science & Technology","2044-4753","2044-4753","2044-4761","2044-4753","http://creativecommons.org/licenses/by/3.0/",TRUE,NA,NA,NA,NA,FALSE,"rsc2024tib","04t3en479_rsc2024tib_2024"
"KIT",2024,NA,"10.1039/d4mh00899e",TRUE,FALSE,"Royal Society of Chemistry (RSC)","Materials Horizons","2051-6347","2051-6347","2051-6355","2051-6347","http://creativecommons.org/licenses/by/3.0/",TRUE,"39589404",NA,NA,NA,FALSE,"rsc2024tib","04t3en479_rsc2024tib_2024"
"KIT",2024,NA,"10.1039/d3sm01553j",TRUE,FALSE,"Royal Society of Chemistry (RSC)","Soft Matter","1744-683X","1744-683X","1744-6848","1744-683X","http://creativecommons.org/licenses/by/3.0/",TRUE,"38265427",NA,NA,NA,FALSE,"rsc2024tib","04t3en479_rsc2024tib_2024"
"KIT",2024,NA,"10.1039/d4ta02329c",TRUE,FALSE,"Royal Society of Chemistry (RSC)","Journal of Materials Chemistry A","2050-7488","2050-7488","2050-7496","2050-7496","http://creativecommons.org/licenses/by/3.0/",TRUE,NA,NA,NA,NA,FALSE,"rsc2024tib","04t3en479_rsc2024tib_2024"
"KIT",2024,NA,"10.1039/d3na00904a",FALSE,FALSE,"Royal Society of Chemistry (RSC)","Nanoscale Advances","2516-0230",NA,"2516-0230","2516-0230","http://creativecommons.org/licenses/by/3.0/",TRUE,"38817427","PMC11134268",NA,NA,TRUE,"rsc2024tib","04t3en479_rsc2024tib_2024"
"KIT",2024,NA,"10.1039/d4cp00860j",TRUE,FALSE,"Royal Society of Chemistry (RSC)","Physical Chemistry Chemical Physics","1463-9076","1463-9076","1463-9084","1463-9076","http://creativecommons.org/licenses/by/3.0/",TRUE,"38660936",NA,NA,NA,FALSE,"rsc2024tib","04t3en479_rsc2024tib_2024"
"KIT",2024,NA,"10.1039/d4gc02590c",TRUE,FALSE,"Royal Society of Chemistry (RSC)","Green Chemistry","1463-9262","1463-9262","1463-9270","1463-9262","http://creativecommons.org/licenses/by/3.0/",TRUE,NA,NA,NA,NA,FALSE,"rsc2024tib","04t3en479_rsc2024tib_2024"
"KIT",2024,NA,"10.1039/d4tc00018h",TRUE,FALSE,"Royal Society of Chemistry (RSC)","Journal of Materials Chemistry C","2050-7526","2050-7526","2050-7534","2050-7526","http://creativecommons.org/licenses/by/3.0/",TRUE,NA,NA,NA,NA,FALSE,"rsc2024tib","04t3en479_rsc2024tib_2024"
"KIT",2024,NA,"10.1177/10812865241247519",TRUE,FALSE,"SAGE Publications","Mathematics and Mechanics of Solids","1081-2865","1081-2865","1741-3028","1081-2865","https://creativecommons.org/licenses/by-nc/4.0/",TRUE,NA,NA,NA,NA,FALSE,"sage2024gac","04t3en479_sage2024gac_2024"
"KIT",2024,NA,"10.1177/03611981241233580",TRUE,FALSE,"SAGE Publications","Transportation Research Record: Journal of the Transportation Research Board","0361-1981","0361-1981","2169-4052","0361-1981","https://creativecommons.org/licenses/by-nc/4.0/",TRUE,NA,NA,NA,NA,FALSE,"sage2024gac","04t3en479_sage2024gac_2024"
"KIT",2024,NA,"10.1177/03611981241236793",TRUE,FALSE,"SAGE Publications","Transportation Research Record: Journal of the Transportation Research Board","0361-1981","0361-1981","2169-4052","0361-1981","https://creativecommons.org/licenses/by-nc/4.0/",TRUE,NA,NA,NA,NA,FALSE,"sage2024gac","04t3en479_sage2024gac_2024"
"KIT",2024,NA,"10.1177/10812865241241002",TRUE,FALSE,"SAGE Publications","Mathematics and Mechanics of Solids","1081-2865","1081-2865","1741-3028","1081-2865","https://creativecommons.org/licenses/by/4.0/",TRUE,NA,NA,NA,NA,FALSE,"sage2024gac","04t3en479_sage2024gac_2024"
"KIT",2024,NA,"10.1177/03611981241252782",TRUE,FALSE,"SAGE Publications","Transportation Research Record: Journal of the Transportation Research Board","0361-1981","0361-1981","2169-4052","0361-1981","https://creativecommons.org/licenses/by/4.0/",TRUE,NA,NA,NA,NA,FALSE,"sage2024gac","04t3en479_sage2024gac_2024"
"KIT",2024,NA,"10.1177/10126902241266615",TRUE,FALSE,"SAGE Publications","International Review for the Sociology of Sport","1012-6902","1012-6902","1461-7218","1012-6902","https://creativecommons.org/licenses/by/4.0/",TRUE,NA,NA,NA,NA,FALSE,"sage2024gac","04t3en479_sage2024gac_2024"
"KIT",2024,NA,"10.1177/10943420241268323",TRUE,FALSE,"SAGE Publications","The International Journal of High Performance Computing Applications","1094-3420","1094-3420","1741-2846","1094-3420","https://creativecommons.org/licenses/by-nc/4.0/",TRUE,NA,NA,NA,NA,FALSE,"sage2024gac","04t3en479_sage2024gac_2024"
"KIT",2024,NA,"10.1177/00375497241300372",TRUE,FALSE,"SAGE Publications","SIMULATION","0037-5497","0037-5497","1741-3133","0037-5497","https://creativecommons.org/licenses/by/4.0/",TRUE,NA,NA,NA,NA,FALSE,"sage2024gac","04t3en479_sage2024gac_2024"
"KIT",2024,NA,"10.1080/00958972.2024.2318779",TRUE,FALSE,"Informa UK Limited","Journal of Coordination Chemistry","0095-8972","0095-8972","1029-0389","0095-8972","http://creativecommons.org/licenses/by-nc-nd/4.0/",TRUE,NA,NA,NA,NA,FALSE,"tf2024zbw","04t3en479_tf2024zbw_2024"
"KIT",2024,NA,"10.1080/00218464.2024.2360498",TRUE,FALSE,"Informa UK Limited","The Journal of Adhesion","0021-8464","0021-8464","1545-5823","0021-8464","http://creativecommons.org/licenses/by-nc-nd/4.0/",TRUE,NA,NA,NA,NA,FALSE,"tf2024zbw","04t3en479_tf2024zbw_2024"
"KIT",2024,NA,"10.1080/14036096.2024.2328633",TRUE,FALSE,"Informa UK Limited","Housing, Theory and Society","1403-6096","1403-6096","1651-2278","1403-6096","http://creativecommons.org/licenses/by/4.0/",TRUE,NA,NA,NA,NA,FALSE,"tf2024zbw","04t3en479_tf2024zbw_2024"
"KIT",2024,NA,"10.1080/24733938.2024.2441321",TRUE,FALSE,"Informa UK Limited","Science and Medicine in Football","2473-3938","2473-3938","2473-4446","2473-3938","http://creativecommons.org/licenses/by-nc-nd/4.0/",TRUE,"39682027",NA,NA,NA,FALSE,"tf2024zbw","04t3en479_tf2024zbw_2024"
"KIT",2024,NA,"10.1080/07373937.2024.2328300",TRUE,FALSE,"Informa UK Limited","Drying Technology","0737-3937","0737-3937","1532-2300","0737-3937","http://creativecommons.org/licenses/by/4.0/",TRUE,NA,NA,NA,NA,FALSE,"tf2024zbw","04t3en479_tf2024zbw_2024"
"KIT",2024,NA,"10.1080/00295639.2024.2357953",TRUE,FALSE,"Informa UK Limited","Nuclear Science and Engineering","0029-5639","0029-5639","1943-748X","0029-5639","http://creativecommons.org/licenses/by/4.0/",TRUE,NA,NA,NA,NA,FALSE,"tf2024zbw","04t3en479_tf2024zbw_2024"
"KIT",2024,NA,"10.1080/09544828.2024.2320018",TRUE,FALSE,"Informa UK Limited","Journal of Engineering Design","0954-4828","0954-4828","1466-1837","0954-4828","http://creativecommons.org/licenses/by/4.0/",TRUE,NA,NA,NA,NA,FALSE,"tf2024zbw","04t3en479_tf2024zbw_2024"
"KIT",2024,NA,"10.1080/01605682.2024.2436063",TRUE,FALSE,"Informa UK Limited","Journal of the Operational Research Society","0160-5682","0160-5682","1476-9360","0160-5682","http://creativecommons.org/licenses/by/4.0/",TRUE,NA,NA,NA,NA,FALSE,"tf2024zbw","04t3en479_tf2024zbw_2024"
"KIT",2024,NA,"10.1080/09654313.2024.2319234",TRUE,FALSE,"Informa UK Limited","European Planning Studies","0965-4313","0965-4313","1469-5944","0965-4313","http://creativecommons.org/licenses/by/4.0/",TRUE,NA,NA,NA,NA,FALSE,"tf2024zbw","04t3en479_tf2024zbw_2024"
"KIT",2024,NA,"10.1080/07373937.2024.2306525",TRUE,FALSE,"Informa UK Limited","Drying Technology","0737-3937","0737-3937","1532-2300","0737-3937","http://creativecommons.org/licenses/by/4.0/",TRUE,NA,NA,NA,NA,FALSE,"tf2024zbw","04t3en479_tf2024zbw_2024"
"KIT",2024,NA,"10.1080/00207543.2024.2436638",TRUE,FALSE,"Informa UK Limited","International Journal of Production Research","0020-7543","0020-7543","1366-588X","0020-7543","http://creativecommons.org/licenses/by/4.0/",TRUE,NA,NA,NA,NA,FALSE,"tf2024zbw","04t3en479_tf2024zbw_2024"
"KIT",2024,NA,"10.1080/24705357.2024.2426808",TRUE,FALSE,"Informa UK Limited","Journal of Ecohydraulics","2470-5357","2470-5357","2470-5365","2470-5357","http://creativecommons.org/licenses/by/4.0/",TRUE,NA,NA,NA,NA,FALSE,"tf2024zbw","04t3en479_tf2024zbw_2024"
"KIT",2024,NA,"10.1080/00031305.2024.2413081",TRUE,FALSE,"Informa UK Limited","The American Statistician","0003-1305","0003-1305","1537-2731","0003-1305","http://creativecommons.org/licenses/by/4.0/",TRUE,NA,NA,NA,NA,FALSE,"tf2024zbw","04t3en479_tf2024zbw_2024"
"KIT",2024,NA,"10.1080/24751448.2024.2405343",TRUE,FALSE,"Informa UK Limited","Technology|Architecture + Design","2475-1448","2475-1448","2475-143X","2475-143X","http://creativecommons.org/licenses/by/4.0/",TRUE,NA,NA,NA,NA,FALSE,"tf2024zbw","04t3en479_tf2024zbw_2024"
"KIT",2024,NA,"10.1080/10584609.2024.2317274",TRUE,FALSE,"Informa UK Limited","Political Communication","1058-4609","1058-4609","1091-7675","1058-4609","http://creativecommons.org/licenses/by/4.0/",TRUE,NA,NA,NA,NA,FALSE,"tf2024zbw","04t3en479_tf2024zbw_2024"
"KIT",2024,NA,"10.1080/00295639.2024.2403890",TRUE,FALSE,"Informa UK Limited","Nuclear Science and Engineering","0029-5639","0029-5639","1943-748X","0029-5639","http://creativecommons.org/licenses/by-nc-nd/4.0/",TRUE,NA,NA,NA,NA,FALSE,"tf2024zbw","04t3en479_tf2024zbw_2024"
"KIT",2024,NA,"10.1080/09523367.2024.2380407",TRUE,FALSE,"Informa UK Limited","The International Journal of the History of Sport","0952-3367","0952-3367","1743-9035","0952-3367","http://creativecommons.org/licenses/by/4.0/",TRUE,NA,NA,NA,NA,FALSE,"tf2024zbw","04t3en479_tf2024zbw_2024"
"KIT",2024,NA,"10.1080/00207543.2024.2370510",TRUE,FALSE,"Informa UK Limited","International Journal of Production Research","0020-7543","0020-7543","1366-588X","0020-7543","http://creativecommons.org/licenses/by/4.0/",TRUE,NA,NA,NA,NA,FALSE,"tf2024zbw","04t3en479_tf2024zbw_2024"
"KIT",2024,NA,"10.1080/07366299.2024.2349528",TRUE,FALSE,"Informa UK Limited","Solvent Extraction and Ion Exchange","0736-6299","0736-6299","1532-2262","0736-6299","http://creativecommons.org/licenses/by/4.0/",TRUE,NA,NA,NA,NA,FALSE,"tf2024zbw","04t3en479_tf2024zbw_2024"
"KIT",2024,NA,"10.1080/02331934.2024.2322155",TRUE,FALSE,"Informa UK Limited","Optimization","0233-1934","0233-1934","1029-4945","0233-1934","http://creativecommons.org/licenses/by/4.0/",TRUE,NA,NA,NA,NA,FALSE,"tf2024zbw","04t3en479_tf2024zbw_2024"
"KIT",2024,NA,"10.1080/1612197x.2024.2415046",TRUE,FALSE,"Informa UK Limited","International Journal of Sport and Exercise Psychology","1612-197X","1612-197X","1557-251X","1557-251X","http://creativecommons.org/licenses/by/4.0/",TRUE,NA,NA,NA,NA,FALSE,"tf2024zbw","04t3en479_tf2024zbw_2024"
"KIT",2024,968,"10.1016/j.trip.2024.101078",FALSE,FALSE,"Elsevier BV","Transportation Research Interdisciplinary Perspectives","2590-1982","2590-1982",NA,"2590-1982","http://creativecommons.org/licenses/by/4.0/",TRUE,NA,NA,NA,NA,TRUE,"els2023deal","04t3en479_els2023deal_2024"
"KIT",2024,1096,"10.1016/j.nme.2024.101600",FALSE,FALSE,"Elsevier BV","Nuclear Materials and Energy","2352-1791","2352-1791",NA,"2352-1791","http://creativecommons.org/licenses/by/4.0/",TRUE,NA,NA,NA,NA,TRUE,"els2023deal","04t3en479_els2023deal_2024"
"KIT",2024,2564.79,"10.1016/j.isci.2024.108849",FALSE,FALSE,"Elsevier BV","iScience","2589-0042","2589-0042",NA,"2589-0042","http://creativecommons.org/licenses/by/4.0/",TRUE,"38303730","PMC10831942",NA,NA,TRUE,"els2023deal","04t3en479_els2023deal_2024"
"KIT",2024,1557.92,"10.1016/j.resenv.2024.100150",FALSE,FALSE,"Elsevier BV","Resources, Environment and Sustainability","2666-9161","2666-9161",NA,"2666-9161","http://creativecommons.org/licenses/by-nc-nd/4.0/",TRUE,NA,NA,NA,NA,TRUE,"els2023deal","04t3en479_els2023deal_2024"
"KIT",2024,1504,"10.1016/j.heliyon.2024.e25248",FALSE,FALSE,"Elsevier BV","Heliyon","2405-8440","2405-8440",NA,"2405-8440","http://creativecommons.org/licenses/by/4.0/",TRUE,"38404815","PMC10884343",NA,NA,TRUE,"els2023deal","04t3en479_els2023deal_2024"
"KIT",2024,1456,"10.1016/j.catcom.2024.106873",FALSE,FALSE,"Elsevier BV","Catalysis Communications","1566-7367","1566-7367",NA,"1566-7367","http://creativecommons.org/licenses/by/4.0/",TRUE,NA,NA,NA,NA,TRUE,"els2023deal","04t3en479_els2023deal_2024"
"KIT",2024,1320,"10.1016/j.nme.2024.101625",FALSE,FALSE,"Elsevier BV","Nuclear Materials and Energy","2352-1791","2352-1791",NA,"2352-1791","http://creativecommons.org/licenses/by/4.0/",TRUE,NA,NA,NA,NA,TRUE,"els2023deal","04t3en479_els2023deal_2024"
"KIT",2024,1880,"10.1016/j.wace.2024.100661",FALSE,FALSE,"Elsevier BV","Weather and Climate Extremes","2212-0947","2212-0947",NA,"2212-0947","http://creativecommons.org/licenses/by/4.0/",TRUE,NA,NA,NA,NA,TRUE,"els2023deal","04t3en479_els2023deal_2024"
"KIT",2024,1403.84,"10.1016/j.elecom.2024.107705",FALSE,FALSE,"Elsevier BV","Electrochemistry Communications","1388-2481","1388-2481",NA,"1388-2481","http://creativecommons.org/licenses/by/4.0/",TRUE,NA,NA,NA,NA,TRUE,"els2023deal","04t3en479_els2023deal_2024"
"KIT",2024,2456.72,"10.1016/j.matdes.2024.112882",FALSE,FALSE,"Elsevier BV","Materials & Design","0264-1275","0264-1275",NA,"0264-1275","http://creativecommons.org/licenses/by/4.0/",TRUE,NA,NA,NA,NA,TRUE,"els2023deal","04t3en479_els2023deal_2024"
"KIT",2024,1320,"10.1016/j.nme.2024.101647",FALSE,FALSE,"Elsevier BV","Nuclear Materials and Energy","2352-1791","2352-1791",NA,"2352-1791","http://creativecommons.org/licenses/by-nc-nd/4.0/",TRUE,NA,NA,NA,NA,TRUE,"els2023deal","04t3en479_els2023deal_2024"
"KIT",2024,582.08,"10.1016/j.rinam.2024.100453",FALSE,FALSE,"Elsevier BV","Results in Applied Mathematics","2590-0374","2590-0374",NA,"2590-0374","http://creativecommons.org/licenses/by/4.0/",TRUE,NA,NA,NA,NA,TRUE,"els2023deal","04t3en479_els2023deal_2024"
"KIT",2024,1320,"10.1016/j.nme.2024.101650",FALSE,FALSE,"Elsevier BV","Nuclear Materials and Energy","2352-1791","2352-1791",NA,"2352-1791","http://creativecommons.org/licenses/by/4.0/",TRUE,NA,NA,NA,NA,TRUE,"els2023deal","04t3en479_els2023deal_2024"
"KIT",2024,2564.79,"10.1016/j.isci.2024.109484",FALSE,FALSE,"Elsevier BV","iScience","2589-0042","2589-0042",NA,"2589-0042","http://creativecommons.org/licenses/by-nc/4.0/",TRUE,"38784855","PMC11112505",NA,NA,TRUE,"els2023deal","04t3en479_els2023deal_2024"
"KIT",2024,583.15,"10.1016/j.clce.2024.100118",FALSE,FALSE,"Elsevier BV","Cleaner Chemical Engineering","2772-7823","2772-7823",NA,"2772-7823","http://creativecommons.org/licenses/by/4.0/",TRUE,NA,NA,NA,NA,TRUE,"els2023deal","04t3en479_els2023deal_2024"
"KIT",2024,2268.4,"10.1016/j.jcou.2024.102800",FALSE,FALSE,"Elsevier BV","Journal of CO2 Utilization","2212-9820","2212-9820",NA,"2212-9820","http://creativecommons.org/licenses/by/4.0/",TRUE,NA,NA,NA,NA,FALSE,"els2023deal","04t3en479_els2023deal_2024"
"KIT",2024,716.9,"10.1016/j.xpro.2024.103072",FALSE,FALSE,"Elsevier BV","STAR Protocols","2666-1667","2666-1667",NA,"2666-1667","http://creativecommons.org/licenses/by-nc-nd/4.0/",TRUE,"38768032","PMC11134856",NA,NA,TRUE,"els2023deal","04t3en479_els2023deal_2024"
"KIT",2024,1920,"10.1016/j.powera.2024.100148",FALSE,FALSE,"Elsevier BV","Journal of Power Sources Advances","2666-2485","2666-2485",NA,"2666-2485","http://creativecommons.org/licenses/by/4.0/",TRUE,NA,NA,NA,NA,TRUE,"els2023deal","04t3en479_els2023deal_2024"
"KIT",2024,1320,"10.1016/j.nme.2024.101683",FALSE,FALSE,"Elsevier BV","Nuclear Materials and Energy","2352-1791","2352-1791",NA,"2352-1791","http://creativecommons.org/licenses/by/4.0/",TRUE,NA,NA,NA,NA,TRUE,"els2023deal","04t3en479_els2023deal_2024"
"KIT",2024,1977.36,"10.1016/j.lwt.2024.116365",FALSE,FALSE,"Elsevier BV","LWT","0023-6438","0023-6438",NA,"0023-6438","http://creativecommons.org/licenses/by/4.0/",TRUE,NA,NA,NA,NA,TRUE,"els2023deal","04t3en479_els2023deal_2024"
"KIT",2024,643.5,"10.1016/j.nme.2024.101689",FALSE,FALSE,"Elsevier BV","Nuclear Materials and Energy","2352-1791","2352-1791",NA,"2352-1791","http://creativecommons.org/licenses/by/4.0/",TRUE,NA,NA,NA,NA,TRUE,"els2023deal","04t3en479_els2023deal_2024"
"KIT",2024,1172.72,"10.1016/j.urbmob.2024.100085",FALSE,FALSE,"Elsevier BV","Journal of Urban Mobility","2667-0917","2667-0917",NA,"2667-0917","http://creativecommons.org/licenses/by-nc-nd/4.0/",TRUE,NA,NA,NA,NA,TRUE,"els2023deal","04t3en479_els2023deal_2024"
"KIT",2024,1232.64,"10.1016/j.chbr.2024.100488",FALSE,FALSE,"Elsevier BV","Computers in Human Behavior Reports","2451-9588","2451-9588",NA,"2451-9588","http://creativecommons.org/licenses/by/4.0/",TRUE,NA,NA,NA,NA,TRUE,"els2023deal","04t3en479_els2023deal_2024"
"KIT",2024,2290.42,"10.1186/s12889-023-16786-2",FALSE,FALSE,"Springer Nature","BMC Public Health","1471-2458",NA,"1471-2458","1471-2458","https://creativecommons.org/licenses/by/4.0",TRUE,"37789303","PMC10548763",NA,NA,TRUE,"sn2024deal","04t3en479_sn2024deal_2024"
"KIT",2024,2071.41,"10.1038/s41598-023-43401-6",FALSE,FALSE,"Springer Nature","Scientific Reports","2045-2322",NA,"2045-2322","2045-2322","https://creativecommons.org/licenses/by/4.0",TRUE,"37803010","PMC10558536",NA,NA,TRUE,"sn2024deal","04t3en479_sn2024deal_2024"
"KIT",2024,1418.48,"10.1186/s44247-023-00043-y",FALSE,FALSE,"Springer Nature","BMC Digital Health","2731-684X",NA,"2731-684X","2731-684X","https://creativecommons.org/licenses/by/4.0",TRUE,NA,NA,NA,NA,TRUE,"sn2024deal","04t3en479_sn2024deal_2024"
"KIT",2024,1399.73,"10.1186/s40658-024-00631-5",FALSE,FALSE,"Springer Nature","EJNMMI Physics","2197-7364",NA,"2197-7364","2197-7364","https://creativecommons.org/licenses/by/4.0",TRUE,"38509411","PMC11266340",NA,NA,TRUE,"sn2024deal","04t3en479_sn2024deal_2024"
"KIT",2024,1096.16,"10.1186/s40069-023-00627-y",FALSE,FALSE,"Springer Nature","International Journal of Concrete Structures and Materials","2234-1315",NA,"2234-1315","1976-0485","https://creativecommons.org/licenses/by/4.0",TRUE,NA,NA,NA,NA,TRUE,"sn2024deal","04t3en479_sn2024deal_2024"
"KIT",2024,1927.71,"10.1038/s41598-024-53796-5",FALSE,FALSE,"Springer Nature","Scientific Reports","2045-2322",NA,"2045-2322","2045-2322","https://creativecommons.org/licenses/by/4.0",TRUE,"38332022","PMC10853278",NA,NA,TRUE,"sn2024deal","04t3en479_sn2024deal_2024"
"KIT",2024,1740.68,"10.1038/s41597-023-02587-0",FALSE,FALSE,"Springer Nature","Scientific Data","2052-4463",NA,"2052-4463","2052-4463","https://creativecommons.org/licenses/by/4.0",TRUE,"37813901","PMC10562449",NA,NA,TRUE,"sn2024deal","04t3en479_sn2024deal_2024"
"KIT",2024,1432,"10.1186/s13321-023-00764-2",FALSE,FALSE,"Springer Nature","Journal of Cheminformatics","1758-2946",NA,"1758-2946","1758-2946","https://creativecommons.org/licenses/by/4.0",TRUE,"37821998","PMC10568891",NA,NA,TRUE,"sn2024deal","04t3en479_sn2024deal_2024"
"KIT",2024,1740.68,"10.1038/s41598-023-44424-9",FALSE,FALSE,"Springer Nature","Scientific Reports","2045-2322",NA,"2045-2322","2045-2322","https://creativecommons.org/licenses/by/4.0",TRUE,"37821570","PMC10567844",NA,NA,TRUE,"sn2024deal","04t3en479_sn2024deal_2024"
"KIT",2024,2153.21,"10.1186/s12934-023-02224-w",FALSE,FALSE,"Springer Nature","Microbial Cell Factories","1475-2859",NA,"1475-2859","1475-2859","https://creativecommons.org/licenses/by/4.0",TRUE,"37864174","PMC10588050",NA,NA,TRUE,"sn2024deal","04t3en479_sn2024deal_2024"
"KIT",2024,5774.64,"10.1038/s41467-023-42212-7",FALSE,FALSE,"Springer Nature","Nature Communications","2041-1723",NA,"2041-1723","2041-1723","https://creativecommons.org/licenses/by/4.0",TRUE,"37884517","PMC10603056",NA,NA,TRUE,"sn2024deal","04t3en479_sn2024deal_2024"
"KIT",2024,1740.68,"10.1038/s41598-023-45021-6",FALSE,FALSE,"Springer Nature","Scientific Reports","2045-2322",NA,"2045-2322","2045-2322","https://creativecommons.org/licenses/by/4.0",TRUE,"37863971","PMC10589267",NA,NA,TRUE,"sn2024deal","04t3en479_sn2024deal_2024"
"KIT",2024,2071.41,"10.1038/s41598-023-45515-3",FALSE,FALSE,"Springer Nature","Scientific Reports","2045-2322",NA,"2045-2322","2045-2322","https://creativecommons.org/licenses/by/4.0",TRUE,"37884661","PMC10603138",NA,NA,TRUE,"sn2024deal","04t3en479_sn2024deal_2024"
"KIT",2024,1219.1,"10.1186/s40517-023-00272-4",FALSE,FALSE,"Springer Nature","Geothermal Energy","2195-9706",NA,"2195-9706","2195-9706","https://creativecommons.org/licenses/by/4.0",TRUE,NA,NA,NA,NA,TRUE,"sn2024deal","04t3en479_sn2024deal_2024"
"KIT",2024,872,"10.1186/s42162-023-00299-8",FALSE,FALSE,"Springer Nature","Energy Informatics","2520-8942",NA,"2520-8942","2520-8942","https://creativecommons.org/licenses/by/4.0",TRUE,NA,NA,NA,NA,TRUE,"sn2024deal","04t3en479_sn2024deal_2024"
"KIT",2024,3416.35,"10.1038/s42004-023-01041-x",FALSE,FALSE,"Springer Nature","Communications Chemistry","2399-3669",NA,"2399-3669","2399-3669","https://creativecommons.org/licenses/by/4.0",TRUE,"37925584","PMC10625552",NA,NA,TRUE,"sn2024deal","04t3en479_sn2024deal_2024"
"KIT",2024,4852.64,"10.1038/s41467-023-43094-5",FALSE,FALSE,"Springer Nature","Nature Communications","2041-1723",NA,"2041-1723","2041-1723","https://creativecommons.org/licenses/by/4.0",TRUE,"37949889","PMC10638379",NA,NA,TRUE,"sn2024deal","04t3en479_sn2024deal_2024"
"KIT",2024,2071.41,"10.1038/s41598-023-46523-z",FALSE,FALSE,"Springer Nature","Scientific Reports","2045-2322",NA,"2045-2322","2045-2322","https://creativecommons.org/licenses/by/4.0",TRUE,"37949902","PMC10638384",NA,NA,TRUE,"sn2024deal","04t3en479_sn2024deal_2024"
"KIT",2024,1927.71,"10.1038/s41598-024-62382-8",FALSE,FALSE,"Springer Nature","Scientific Reports","2045-2322",NA,"2045-2322","2045-2322","https://creativecommons.org/licenses/by/4.0",TRUE,"38802427","PMC11130162",NA,NA,TRUE,"sn2024deal","04t3en479_sn2024deal_2024"
"KIT",2024,1096.16,"10.1186/s40517-023-00279-x",FALSE,FALSE,"Springer Nature","Geothermal Energy","2195-9706",NA,"2195-9706","2195-9706","https://creativecommons.org/licenses/by/4.0",TRUE,NA,NA,NA,NA,TRUE,"sn2024deal","04t3en479_sn2024deal_2024"
"KIT",2024,2071.41,"10.1038/s41597-023-02721-y",FALSE,FALSE,"Springer Nature","Scientific Data","2052-4463",NA,"2052-4463","2052-4463","https://creativecommons.org/licenses/by/4.0",TRUE,"37990027","PMC10663493",NA,NA,TRUE,"sn2024deal","04t3en479_sn2024deal_2024"
"KIT",2024,3416.35,"10.1038/s42004-023-01058-2",FALSE,FALSE,"Springer Nature","Communications Chemistry","2399-3669",NA,"2399-3669","2399-3669","https://creativecommons.org/licenses/by/4.0",TRUE,"37980378","PMC10657425",NA,NA,TRUE,"sn2024deal","04t3en479_sn2024deal_2024"
"KIT",2024,2131.53,"10.1186/s12889-024-18589-5",FALSE,FALSE,"Springer Nature","BMC Public Health","1471-2458",NA,"1471-2458","1471-2458","https://creativecommons.org/licenses/by/4.0",TRUE,"38711051","PMC11071338",NA,NA,TRUE,"sn2024deal","04t3en479_sn2024deal_2024"
"KIT",2024,1740.68,"10.1038/s41598-023-48343-7",FALSE,FALSE,"Springer Nature","Scientific Reports","2045-2322",NA,"2045-2322","2045-2322","https://creativecommons.org/licenses/by/4.0",TRUE,"38040865","PMC10692072",NA,NA,TRUE,"sn2024deal","04t3en479_sn2024deal_2024"
"KIT",2024,2072,"10.1007/s41781-023-00105-w",FALSE,FALSE,"Springer Nature","Computing and Software for Big Science","2510-2036","2510-2036","2510-2044","2510-2044","https://creativecommons.org/licenses/by/4.0",TRUE,NA,NA,NA,NA,FALSE,"sn2024deal","04t3en479_sn2024deal_2024"
"KIT",2024,3416.35,"10.1038/s42004-023-01072-4",FALSE,FALSE,"Springer Nature","Communications Chemistry","2399-3669",NA,"2399-3669","2399-3669","https://creativecommons.org/licenses/by/4.0",TRUE,"38110545","PMC10728195",NA,NA,TRUE,"sn2024deal","04t3en479_sn2024deal_2024"
"KIT",2024,4852.64,"10.1038/s41467-023-43948-y",FALSE,FALSE,"Springer Nature","Nature Communications","2041-1723",NA,"2041-1723","2041-1723","https://creativecommons.org/licenses/by/4.0",TRUE,"38086917","PMC10716191",NA,NA,TRUE,"sn2024deal","04t3en479_sn2024deal_2024"
"KIT",2024,2868.3,"10.1038/s43246-023-00439-3",FALSE,FALSE,"Springer Nature","Communications Materials","2662-4443",NA,"2662-4443","2662-4443","https://creativecommons.org/licenses/by/4.0",TRUE,NA,NA,NA,NA,TRUE,"sn2024deal","04t3en479_sn2024deal_2024"
"KIT",2024,1096.16,"10.1186/s40517-023-00278-y",FALSE,FALSE,"Springer Nature","Geothermal Energy","2195-9706",NA,"2195-9706","2195-9706","https://creativecommons.org/licenses/by/4.0",TRUE,NA,NA,NA,NA,TRUE,"sn2024deal","04t3en479_sn2024deal_2024"
"KIT",2024,2868.3,"10.1038/s43246-023-00442-8",FALSE,FALSE,"Springer Nature","Communications Materials","2662-4443",NA,"2662-4443","2662-4443","https://creativecommons.org/licenses/by/4.0",TRUE,NA,NA,NA,NA,TRUE,"sn2024deal","04t3en479_sn2024deal_2024"
"KIT",2024,4852.64,"10.1038/s41467-023-44495-2",FALSE,FALSE,"Springer Nature","Nature Communications","2041-1723",NA,"2041-1723","2041-1723","https://creativecommons.org/licenses/by/4.0",TRUE,"38216573","PMC10786895",NA,NA,TRUE,"sn2024deal","04t3en479_sn2024deal_2024"
"KIT",2024,1740.68,"10.1038/s41598-023-50616-0",FALSE,FALSE,"Springer Nature","Scientific Reports","2045-2322",NA,"2045-2322","2045-2322","https://creativecommons.org/licenses/by/4.0",TRUE,"38238376","PMC10796323",NA,NA,TRUE,"sn2024deal","04t3en479_sn2024deal_2024"
"KIT",2024,1740.68,"10.1038/s41598-023-50846-2",FALSE,FALSE,"Springer Nature","Scientific Reports","2045-2322",NA,"2045-2322","2045-2322","https://creativecommons.org/licenses/by/4.0",TRUE,"38218940","PMC10787769",NA,NA,TRUE,"sn2024deal","04t3en479_sn2024deal_2024"
"KIT",2024,1801.6,"10.1038/s41598-024-51915-w",FALSE,FALSE,"Springer Nature","Scientific Reports","2045-2322",NA,"2045-2322","2045-2322","https://creativecommons.org/licenses/by/4.0",TRUE,"38438392","PMC10912692",NA,NA,TRUE,"sn2024deal","04t3en479_sn2024deal_2024"
"KIT",2024,2712,"10.1007/s00253-024-13011-x",FALSE,FALSE,"Springer Nature","Applied Microbiology and Biotechnology","0175-7598","0175-7598","1432-0614","0175-7598","https://creativecommons.org/licenses/by/4.0",TRUE,"38252163","PMC10803453",NA,NA,TRUE,"sn2024deal","04t3en479_sn2024deal_2024"
"KIT",2024,5374.05,"10.1038/s41467-024-45129-x",FALSE,FALSE,"Springer Nature","Nature Communications","2041-1723",NA,"2041-1723","2041-1723","https://creativecommons.org/licenses/by/4.0",TRUE,"38280875","PMC10821865",NA,NA,TRUE,"sn2024deal","04t3en479_sn2024deal_2024"
"KIT",2024,1060.3,"10.1186/s40517-024-00283-9",FALSE,FALSE,"Springer Nature","Geothermal Energy","2195-9706",NA,"2195-9706","2195-9706","https://creativecommons.org/licenses/by/4.0",TRUE,NA,NA,NA,NA,TRUE,"sn2024deal","04t3en479_sn2024deal_2024"
"KIT",2024,5022.48,"10.1038/s41467-024-44883-2",FALSE,FALSE,"Springer Nature","Nature Communications","2041-1723",NA,"2041-1723","2041-1723","https://creativecommons.org/licenses/by/4.0",TRUE,"38321016","PMC10847130",NA,NA,TRUE,"sn2024deal","04t3en479_sn2024deal_2024"
"KIT",2024,2003.83,"10.1186/s12934-024-02318-z",FALSE,FALSE,"Springer Nature","Microbial Cell Factories","1475-2859",NA,"1475-2859","1475-2859","https://creativecommons.org/licenses/by/4.0",TRUE,"38336674","PMC10854032",NA,NA,TRUE,"sn2024deal","04t3en479_sn2024deal_2024"
"KIT",2024,1448,"10.1186/s13595-024-01227-w",FALSE,FALSE,"Springer Nature","Annals of Forest Science","1297-966X",NA,"1297-966X","1286-4560","https://creativecommons.org/licenses/by/4.0",TRUE,NA,NA,NA,NA,TRUE,"sn2024deal","04t3en479_sn2024deal_2024"
"KIT",2024,3392.66,"10.1038/s41378-024-00654-z",FALSE,FALSE,"Springer Nature","Microsystems & Nanoengineering","2055-7434",NA,"2055-7434","2055-7434","https://creativecommons.org/licenses/by/4.0",TRUE,"38434587","PMC10907756",NA,NA,TRUE,"sn2024deal","04t3en479_sn2024deal_2024"
"KIT",2024,1832,"10.1007/s41104-024-00139-1",FALSE,FALSE,"Springer Nature","Automotive and Engine Technology","2365-5135",NA,"2365-5135","2365-5135","https://creativecommons.org/licenses/by/4.0",TRUE,NA,NA,NA,NA,TRUE,"sn2024deal","04t3en479_sn2024deal_2024"
"KIT",2024,2294.64,"10.1007/s41781-024-00117-0",FALSE,FALSE,"Springer Nature","Computing and Software for Big Science","2510-2036","2510-2036","2510-2044","2510-2044","https://creativecommons.org/licenses/by/4.0",TRUE,NA,NA,NA,NA,FALSE,"sn2024deal","04t3en479_sn2024deal_2024"
"KIT",2024,972.44,"10.1186/s41313-024-00057-7",FALSE,FALSE,"Springer Nature","Journal of Materials Science: Materials Theory","3004-8966",NA,"3004-8966","3004-8966","https://creativecommons.org/licenses/by/4.0",TRUE,NA,NA,NA,NA,FALSE,"sn2024deal","04t3en479_sn2024deal_2024"
"KIT",2024,1801.6,"10.1038/s41598-024-57243-3",FALSE,FALSE,"Springer Nature","Scientific Reports","2045-2322",NA,"2045-2322","2045-2322","https://creativecommons.org/licenses/by/4.0",TRUE,"38531954","PMC10966109",NA,NA,TRUE,"sn2024deal","04t3en479_sn2024deal_2024"
"KIT",2024,1927.71,"10.1038/s41598-024-58615-5",FALSE,FALSE,"Springer Nature","Scientific Reports","2045-2322",NA,"2045-2322","2045-2322","https://creativecommons.org/licenses/by/4.0",TRUE,"38580709","PMC10997780",NA,NA,TRUE,"sn2024deal","04t3en479_sn2024deal_2024"
"KIT",2024,2131.53,"10.1186/s12889-024-18448-3",FALSE,FALSE,"Springer Nature","BMC Public Health","1471-2458",NA,"1471-2458","1471-2458","https://creativecommons.org/licenses/by/4.0",TRUE,"38580947","PMC10998408",NA,NA,TRUE,"sn2024deal","04t3en479_sn2024deal_2024"
"KIT",2024,5374.05,"10.1038/s41467-024-47434-x",FALSE,FALSE,"Springer Nature","Nature Communications","2041-1723",NA,"2041-1723","2041-1723","https://creativecommons.org/licenses/by/4.0",TRUE,"38600061","PMC11006894",NA,NA,TRUE,"sn2024deal","04t3en479_sn2024deal_2024"
"KIT",2024,2490.1,"10.1038/s41524-024-01258-x",FALSE,FALSE,"Springer Nature","npj Computational Materials","2057-3960",NA,"2057-3960","2057-3960","https://creativecommons.org/licenses/by/4.0",TRUE,NA,NA,NA,NA,TRUE,"sn2024deal","04t3en479_sn2024deal_2024"
"KIT",2024,1990,"10.1038/s44264-024-00015-3",FALSE,FALSE,"Springer Nature","npj Sustainable Agriculture","2731-9202",NA,"2731-9202","2731-9202","https://creativecommons.org/licenses/by/4.0",TRUE,NA,NA,NA,NA,TRUE,"sn2024deal","04t3en479_sn2024deal_2024"
"KIT",2024,2075.06,"10.1038/s41538-024-00264-z",FALSE,FALSE,"Springer Nature","npj Science of Food","2396-8370",NA,"2396-8370","2396-8370","https://creativecommons.org/licenses/by/4.0",TRUE,"38615055","PMC11016095",NA,NA,TRUE,"sn2024deal","04t3en479_sn2024deal_2024"
"KIT",2024,5022.48,"10.1038/s41467-024-47540-w",FALSE,FALSE,"Springer Nature","Nature Communications","2041-1723",NA,"2041-1723","2041-1723","https://creativecommons.org/licenses/by/4.0",TRUE,"38627407","PMC11021565",NA,NA,TRUE,"sn2024deal","04t3en479_sn2024deal_2024"
"KIT",2024,1927.71,"10.1038/s41598-024-59252-8",FALSE,FALSE,"Springer Nature","Scientific Reports","2045-2322",NA,"2045-2322","2045-2322","https://creativecommons.org/licenses/by/4.0",TRUE,"38671198","PMC11053154",NA,NA,TRUE,"sn2024deal","04t3en479_sn2024deal_2024"
"KIT",2024,5374.05,"10.1038/s41467-024-47782-8",FALSE,FALSE,"Springer Nature","Nature Communications","2041-1723",NA,"2041-1723","2041-1723","https://creativecommons.org/licenses/by/4.0",TRUE,"38670947","PMC11053115",NA,NA,TRUE,"sn2024deal","04t3en479_sn2024deal_2024"
"KIT",2024,5374.05,"10.1038/s41467-024-47086-x",FALSE,FALSE,"Springer Nature","Nature Communications","2041-1723",NA,"2041-1723","2041-1723","https://creativecommons.org/licenses/by/4.0",TRUE,"38643198","PMC11032308",NA,NA,TRUE,"sn2024deal","04t3en479_sn2024deal_2024"
"KIT",2024,5022.48,"10.1038/s41467-024-47335-z",FALSE,FALSE,"Springer Nature","Nature Communications","2041-1723",NA,"2041-1723","2041-1723","https://creativecommons.org/licenses/by/4.0",TRUE,"38654002","PMC11039745",NA,NA,TRUE,"sn2024deal","04t3en479_sn2024deal_2024"
"KIT",2024,5374.05,"10.1038/s41467-024-48127-1",FALSE,FALSE,"Springer Nature","Nature Communications","2041-1723",NA,"2041-1723","2041-1723","https://creativecommons.org/licenses/by/4.0",TRUE,"38724535","PMC11082149",NA,NA,TRUE,"sn2024deal","04t3en479_sn2024deal_2024"
"KIT",2024,2003.83,"10.1186/s12934-024-02391-4",FALSE,FALSE,"Springer Nature","Microbial Cell Factories","1475-2859",NA,"1475-2859","1475-2859","https://creativecommons.org/licenses/by/4.0",TRUE,"38698392","PMC11064277",NA,NA,TRUE,"sn2024deal","04t3en479_sn2024deal_2024"
"KIT",2024,5022.48,"10.1038/s41467-024-48150-2",FALSE,FALSE,"Springer Nature","Nature Communications","2041-1723",NA,"2041-1723","2041-1723","https://creativecommons.org/licenses/by/4.0",TRUE,"38714689","PMC11076518",NA,NA,TRUE,"sn2024deal","04t3en479_sn2024deal_2024"
"KIT",2024,2627.81,"10.1038/s41612-024-00652-y",FALSE,FALSE,"Springer Nature","npj Climate and Atmospheric Science","2397-3722",NA,"2397-3722","2397-3722","https://creativecommons.org/licenses/by/4.0",TRUE,NA,NA,NA,NA,TRUE,"sn2024deal","04t3en479_sn2024deal_2024"
"KIT",2024,1960.24,"10.1007/s41104-024-00140-8",FALSE,FALSE,"Springer Nature","Automotive and Engine Technology","2365-5135",NA,"2365-5135","2365-5135","https://creativecommons.org/licenses/by/4.0",TRUE,NA,NA,NA,NA,TRUE,"sn2024deal","04t3en479_sn2024deal_2024"
"KIT",2024,1801.6,"10.1038/s41597-024-03330-z",FALSE,FALSE,"Springer Nature","Scientific Data","2052-4463",NA,"2052-4463","2052-4463","https://creativecommons.org/licenses/by/4.0",TRUE,"38769371","PMC11106320",NA,NA,TRUE,"sn2024deal","04t3en479_sn2024deal_2024"
"KIT",2024,1801.6,"10.1038/s41598-024-62094-z",FALSE,FALSE,"Springer Nature","Scientific Reports","2045-2322",NA,"2045-2322","2045-2322","https://creativecommons.org/licenses/by/4.0",TRUE,"38778075","PMC11636924",NA,NA,TRUE,"sn2024deal","04t3en479_sn2024deal_2024"
"KIT",2024,5374.05,"10.1038/s41467-024-48656-9",FALSE,FALSE,"Springer Nature","Nature Communications","2041-1723",NA,"2041-1723","2041-1723","https://creativecommons.org/licenses/by/4.0",TRUE,"38862488","PMC11167051",NA,NA,TRUE,"sn2024deal","04t3en479_sn2024deal_2024"
"KIT",2024,1801.6,"10.1038/s41598-024-62564-4",FALSE,FALSE,"Springer Nature","Scientific Reports","2045-2322",NA,"2045-2322","2045-2322","https://creativecommons.org/licenses/by/4.0",TRUE,"38783051","PMC11116391",NA,NA,TRUE,"sn2024deal","04t3en479_sn2024deal_2024"
"KIT",2024,1960.24,"10.1007/s41104-024-00144-4",FALSE,FALSE,"Springer Nature","Automotive and Engine Technology","2365-5135",NA,"2365-5135","2365-5135","https://creativecommons.org/licenses/by/4.0",TRUE,NA,NA,NA,NA,TRUE,"sn2024deal","04t3en479_sn2024deal_2024"
"KIT",2024,1896.12,"10.1007/s11569-024-00456-7",FALSE,FALSE,"Springer Nature","NanoEthics","1871-4757","1871-4757","1871-4765","1871-4757","https://creativecommons.org/licenses/by/4.0",TRUE,NA,NA,NA,NA,TRUE,"sn2024deal","04t3en479_sn2024deal_2024"
"KIT",2024,2490.1,"10.1038/s41524-024-01302-w",FALSE,FALSE,"Springer Nature","npj Computational Materials","2057-3960",NA,"2057-3960","2057-3960","https://creativecommons.org/licenses/by/4.0",TRUE,NA,NA,NA,NA,TRUE,"sn2024deal","04t3en479_sn2024deal_2024"
"KIT",2024,1060.3,"10.1186/s40517-024-00285-7",FALSE,FALSE,"Springer Nature","Geothermal Energy","2195-9706",NA,"2195-9706","2195-9706","https://creativecommons.org/licenses/by/4.0",TRUE,NA,NA,NA,NA,TRUE,"sn2024deal","04t3en479_sn2024deal_2024"
"KIT",2024,986.86,"10.1057/s41599-024-03277-x",FALSE,FALSE,"Springer Nature","Humanities and Social Sciences Communications","2662-9992",NA,"2662-9992","2662-9992","https://creativecommons.org/licenses/by/4.0",TRUE,NA,NA,NA,NA,TRUE,"sn2024deal","04t3en479_sn2024deal_2024"
"KIT",2024,1896.12,"10.1007/s11569-024-00454-9",FALSE,FALSE,"Springer Nature","NanoEthics","1871-4757","1871-4757","1871-4765","1871-4757","https://creativecommons.org/licenses/by/4.0",TRUE,NA,NA,NA,NA,TRUE,"sn2024deal","04t3en479_sn2024deal_2024"
"KIT",2024,1101.62,"10.1186/s12544-024-00659-9",FALSE,FALSE,"Springer Nature","European Transport Research Review","1866-8887",NA,"1866-8887","1866-8887","https://creativecommons.org/licenses/by/4.0",TRUE,NA,NA,NA,NA,TRUE,"sn2024deal","04t3en479_sn2024deal_2024"
"KIT",2024,2028.85,"10.1186/s13068-024-02532-2",FALSE,FALSE,"Springer Nature","Biotechnology for Biofuels and Bioproducts","2731-3654",NA,"2731-3654","2731-3654","https://creativecommons.org/licenses/by/4.0",TRUE,"38907325","PMC11191387",NA,NA,TRUE,"sn2024deal","04t3en479_sn2024deal_2024"
"KIT",2024,902.52,"10.1186/s42162-024-00353-z",FALSE,FALSE,"Springer Nature","Energy Informatics","2520-8942",NA,"2520-8942","2520-8942","https://creativecommons.org/licenses/by/4.0",TRUE,NA,NA,NA,NA,TRUE,"sn2024deal","04t3en479_sn2024deal_2024"
"KIT",2024,2490.1,"10.1038/s41524-024-01320-8",FALSE,FALSE,"Springer Nature","npj Computational Materials","2057-3960",NA,"2057-3960","2057-3960","https://creativecommons.org/licenses/by/4.0",TRUE,NA,NA,NA,NA,TRUE,"sn2024deal","04t3en479_sn2024deal_2024"
"KIT",2024,1681.82,"10.1038/s44172-024-00233-0",FALSE,FALSE,"Springer Nature","Communications Engineering","2731-3395",NA,"2731-3395","2731-3395","https://creativecommons.org/licenses/by/4.0",TRUE,NA,"PMC11217505",NA,NA,TRUE,"sn2024deal","04t3en479_sn2024deal_2024"
"KIT",2024,907.8,"10.1007/s44163-024-00146-z",FALSE,FALSE,"Springer Nature","Discover Artificial Intelligence","2731-0809",NA,"2731-0809","2731-0809","https://creativecommons.org/licenses/by/4.0",TRUE,NA,NA,NA,NA,TRUE,"sn2024deal","04t3en479_sn2024deal_2024"
"KIT",2024,2294.64,"10.1007/s41781-024-00122-3",FALSE,FALSE,"Springer Nature","Computing and Software for Big Science","2510-2036","2510-2036","2510-2044","2510-2044","https://creativecommons.org/licenses/by/4.0",TRUE,NA,NA,NA,NA,FALSE,"sn2024deal","04t3en479_sn2024deal_2024"
"KIT",2024,5374.05,"10.1038/s41467-024-50096-4",FALSE,FALSE,"Springer Nature","Nature Communications","2041-1723",NA,"2041-1723","2041-1723","https://creativecommons.org/licenses/by/4.0",TRUE,"38987250","PMC11237121",NA,NA,TRUE,"sn2024deal","04t3en479_sn2024deal_2024"
"KIT",2024,2075.06,"10.1038/s41535-024-00664-0",FALSE,FALSE,"Springer Nature","npj Quantum Materials","2397-4648",NA,"2397-4648","2397-4648","https://creativecommons.org/licenses/by/4.0",TRUE,NA,NA,NA,NA,TRUE,"sn2024deal","04t3en479_sn2024deal_2024"
"KIT",2024,1927.71,"10.1038/s41598-024-66443-w",FALSE,FALSE,"Springer Nature","Scientific Reports","2045-2322",NA,"2045-2322","2045-2322","https://creativecommons.org/licenses/by/4.0",TRUE,"39039079","PMC11632085",NA,NA,TRUE,"sn2024deal","04t3en479_sn2024deal_2024"
"KIT",2024,3179.36,"10.1038/s42003-024-06553-3",FALSE,FALSE,"Springer Nature","Communications Biology","2399-3642",NA,"2399-3642","2399-3642","https://creativecommons.org/licenses/by/4.0",TRUE,"38997419","PMC11245547",NA,NA,TRUE,"sn2024deal","04t3en479_sn2024deal_2024"
"KIT",2024,2971.36,"10.1038/s42003-024-06541-7",FALSE,FALSE,"Springer Nature","Communications Biology","2399-3642",NA,"2399-3642","2399-3642","https://creativecommons.org/licenses/by/4.0",TRUE,"39020032","PMC11255233",NA,NA,TRUE,"sn2024deal","04t3en479_sn2024deal_2024"
"KIT",2024,1159.08,"10.1186/s13705-024-00475-y",FALSE,FALSE,"Springer Nature","Energy, Sustainability and Society","2192-0567",NA,"2192-0567","2192-0567","https://creativecommons.org/licenses/by/4.0",TRUE,NA,NA,NA,NA,TRUE,"sn2024deal","04t3en479_sn2024deal_2024"
"KIT",2024,2968.68,"10.1038/s43246-024-00617-x",FALSE,FALSE,"Springer Nature","Communications Materials","2662-4443",NA,"2662-4443","2662-4443","https://creativecommons.org/licenses/by/4.0",TRUE,NA,NA,NA,NA,TRUE,"sn2024deal","04t3en479_sn2024deal_2024"
"KIT",2024,1023.28,"10.1186/s40643-024-00791-3",FALSE,FALSE,"Springer Nature","Bioresources and Bioprocessing","2197-4365",NA,"2197-4365","2197-4365","https://creativecommons.org/licenses/by/4.0",TRUE,"39066992","PMC11283448",NA,NA,TRUE,"sn2024deal","04t3en479_sn2024deal_2024"
"KIT",2024,5374.05,"10.1038/s41467-024-51512-5",FALSE,FALSE,"Springer Nature","Nature Communications","2041-1723",NA,"2041-1723","2041-1723","https://creativecommons.org/licenses/by/4.0",TRUE,"39160162","PMC11333574",NA,NA,TRUE,"sn2024deal","04t3en479_sn2024deal_2024"
"KIT",2024,1801.6,"10.1038/s41598-024-70132-z",FALSE,FALSE,"Springer Nature","Scientific Reports","2045-2322",NA,"2045-2322","2045-2322","https://creativecommons.org/licenses/by/4.0",TRUE,"39160197","PMC11333493",NA,NA,TRUE,"sn2024deal","04t3en479_sn2024deal_2024"
"KIT",2024,2712,"10.1007/s00253-024-13294-0",FALSE,FALSE,"Springer Nature","Applied Microbiology and Biotechnology","0175-7598","0175-7598","1432-0614","0175-7598","https://creativecommons.org/licenses/by/4.0",TRUE,"39212740","PMC11364797",NA,NA,TRUE,"sn2024deal","04t3en479_sn2024deal_2024"
"KIT",2024,1801.6,"10.1038/s41597-024-03831-x",FALSE,FALSE,"Springer Nature","Scientific Data","2052-4463",NA,"2052-4463","2052-4463","https://creativecommons.org/licenses/by/4.0",TRUE,"39284828","PMC11405776",NA,NA,TRUE,"sn2024deal","04t3en479_sn2024deal_2024"
"KIT",2024,1801.6,"10.1038/s41598-024-71354-x",FALSE,FALSE,"Springer Nature","Scientific Reports","2045-2322",NA,"2045-2322","2045-2322","https://creativecommons.org/licenses/by/4.0",TRUE,"39251663","PMC11384770",NA,NA,TRUE,"sn2024deal","04t3en479_sn2024deal_2024"
"KIT",2024,1832,"10.1007/s41104-024-00145-3",FALSE,FALSE,"Springer Nature","Automotive and Engine Technology","2365-5135",NA,"2365-5135","2365-5135","https://creativecommons.org/licenses/by/4.0",TRUE,NA,NA,NA,NA,TRUE,"sn2024deal","04t3en479_sn2024deal_2024"
"KIT",2024,1372.75,"10.1080/13873954.2024.2328663",FALSE,FALSE,"Informa UK Limited","Mathematical and Computer Modelling of Dynamical Systems","1387-3954","1387-3954","1744-5051","1387-3954","http://creativecommons.org/licenses/by/4.0/",TRUE,NA,NA,NA,NA,TRUE,"tf2024zbw","04t3en479_tf2024zbw_2024"
"KIT",2024,1232.5,"10.1080/23299460.2024.2342594",FALSE,FALSE,"Informa UK Limited","Journal of Responsible Innovation","2329-9460","2329-9460","2329-9037","2329-9037","http://creativecommons.org/licenses/by/4.0/",TRUE,NA,NA,NA,NA,TRUE,"tf2024zbw","04t3en479_tf2024zbw_2024"
"KIT",2024,2520,"10.1080/14756366.2024.2305856",FALSE,FALSE,"Informa UK Limited","Journal of Enzyme Inhibition and Medicinal Chemistry","1475-6366","1475-6366","1475-6374","1475-6366","http://creativecommons.org/licenses/by-nc/4.0/",TRUE,"38326989","PMC10854447",NA,NA,TRUE,"tf2024zbw","04t3en479_tf2024zbw_2024"
"KIT",2024,2052.75,"10.1080/27685241.2024.2349544",FALSE,FALSE,"Informa UK Limited","NJAS: Impact in Agricultural and Life Sciences","2768-5241",NA,"2768-5241","2768-5241","http://creativecommons.org/licenses/by/4.0/",TRUE,NA,NA,NA,NA,FALSE,"tf2024zbw","04t3en479_tf2024zbw_2024"
"KIT",2024,1213.8,"10.1080/22797254.2024.2396932",FALSE,FALSE,"Informa UK Limited","European Journal of Remote Sensing","2279-7254",NA,"2279-7254","2279-7254","http://creativecommons.org/licenses/by/4.0/",TRUE,NA,NA,NA,NA,TRUE,"tf2024zbw","04t3en479_tf2024zbw_2024"
"KIT",2024,1600,"10.1002/nano.202200149",FALSE,FALSE,"Wiley-Blackwell","Nano Select","2688-4011","2688-4011","2688-4011","2688-4011","http://creativecommons.org/licenses/by/4.0/",TRUE,NA,NA,NA,NA,TRUE,"wiley2024deal","04t3en479_wiley2024deal_2024"
"KIT",2024,2040,"10.1002/mame.202300041",FALSE,FALSE,"Wiley-Blackwell","Macromolecular Materials and Engineering","1438-7492","1438-7492","1439-2054","1438-7492","http://creativecommons.org/licenses/by/4.0/",TRUE,NA,NA,NA,NA,TRUE,"wiley2024deal","04t3en479_wiley2024deal_2024"
"KIT",2024,1248,"10.1029/2023ea002906",FALSE,FALSE,"American Geophysical Union (AGU)","Earth and Space Science","2333-5084","2333-5084","2333-5084","2333-5084","http://creativecommons.org/licenses/by/4.0/",TRUE,NA,NA,NA,NA,TRUE,"wiley2024deal","04t3en479_wiley2024deal_2024"
"KIT",2024,2040,"10.1002/cey2.483",FALSE,FALSE,"Wiley-Blackwell","Carbon Energy","2637-9368","2637-9368","2637-9368","2637-9368","http://creativecommons.org/licenses/by/4.0/",TRUE,NA,NA,NA,NA,TRUE,"wiley2024deal","04t3en479_wiley2024deal_2024"
"KIT",2024,980.56,"10.1049/stg2.12137",FALSE,FALSE,"Wiley-Blackwell","IET Smart Grid","2515-2947","2515-2947","2515-2947","2515-2947","http://creativecommons.org/licenses/by-nc-nd/4.0/",TRUE,NA,NA,NA,NA,TRUE,"wiley2024deal","04t3en479_wiley2024deal_2024"
"KIT",2024,2311.2,"10.1111/jfr3.13002",FALSE,FALSE,"Wiley-Blackwell","Journal of Flood Risk Management","1753-318X","1753-318X","1753-318X","1753-318X","http://creativecommons.org/licenses/by/4.0/",TRUE,NA,NA,NA,NA,TRUE,"wiley2024deal","04t3en479_wiley2024deal_2024"
"KIT",2024,824,"10.1049/stg2.12169",FALSE,FALSE,"Wiley-Blackwell","IET Smart Grid","2515-2947","2515-2947","2515-2947","2515-2947","http://creativecommons.org/licenses/by/4.0/",TRUE,NA,NA,NA,NA,TRUE,"wiley2024deal","04t3en479_wiley2024deal_2024"
"KIT",2024,2160,"10.1002/aisy.202300501",FALSE,FALSE,"Wiley-Blackwell","Advanced Intelligent Systems","2640-4567","2640-4567","2640-4567","2640-4567","http://creativecommons.org/licenses/by/4.0/",TRUE,NA,NA,NA,NA,TRUE,"wiley2024deal","04t3en479_wiley2024deal_2024"
"KIT",2024,1880,"10.1107/s1600577524001905",FALSE,FALSE,"International Union of Crystallography (IUCr)","Journal of Synchrotron Radiation","1600-5775",NA,"1600-5775","0909-0495","https://creativecommons.org/licenses/by/4.0/legalcode",TRUE,"38530833","PMC11075722",NA,NA,TRUE,"wiley2024deal","04t3en479_wiley2024deal_2024"
"KIT",2024,1999.2,"10.1002/celc.202300387",FALSE,FALSE,"Wiley-Blackwell","ChemElectroChem","2196-0216","2196-0216","2196-0216","2196-0216","http://creativecommons.org/licenses/by/4.0/",TRUE,NA,NA,NA,NA,TRUE,"wiley2024deal","04t3en479_wiley2024deal_2024"
"KIT",2024,2097.2,"10.1029/2024gl108922",FALSE,FALSE,"American Geophysical Union (AGU)","Geophysical Research Letters","0094-8276","0094-8276","1944-8007","0094-8276","http://creativecommons.org/licenses/by/4.0/",TRUE,NA,NA,NA,NA,TRUE,"wiley2024deal","04t3en479_wiley2024deal_2024"
"KIT",2024,2063.46,"10.1155/2024/2125023",FALSE,FALSE,"Wiley-Blackwell","International Journal of Energy Research","0363-907X","0363-907X","1099-114X","0363-907X","http://creativecommons.org/licenses/by/4.0/",TRUE,NA,NA,NA,NA,TRUE,"wiley2024deal","04t3en479_wiley2024deal_2024"
"KIT",2024,2080,"10.1002/admi.202300721",FALSE,FALSE,"Wiley-Blackwell","Advanced Materials Interfaces","2196-7350","2196-7350","2196-7350","2196-7350","http://creativecommons.org/licenses/by/4.0/",TRUE,NA,NA,NA,NA,TRUE,"wiley2024deal","04t3en479_wiley2024deal_2024"
"KIT",2024,1680,"10.1002/adsr.202300134",FALSE,FALSE,"Wiley-Blackwell","Advanced Sensor Research","2751-1219","2751-1219","2751-1219","2751-1219","http://creativecommons.org/licenses/by/4.0/",TRUE,NA,NA,NA,NA,TRUE,"wiley2024deal","04t3en479_wiley2024deal_2024"
"KIT",2024,1680,"10.1002/celc.202300512",FALSE,FALSE,"Wiley-Blackwell","ChemElectroChem","2196-0216","2196-0216","2196-0216","2196-0216","http://creativecommons.org/licenses/by/4.0/",TRUE,NA,NA,NA,NA,TRUE,"wiley2024deal","04t3en479_wiley2024deal_2024"
"KIT",2024,1680,"10.1002/celc.202300529",FALSE,FALSE,"Wiley-Blackwell","ChemElectroChem","2196-0216","2196-0216","2196-0216","2196-0216","http://creativecommons.org/licenses/by/4.0/",TRUE,NA,NA,NA,NA,TRUE,"wiley2024deal","04t3en479_wiley2024deal_2024"
"KIT",2024,3303.44,"10.1111/pbi.14194",FALSE,FALSE,"Wiley-Blackwell","Plant Biotechnology Journal","1467-7644","1467-7644","1467-7652","1467-7644","http://creativecommons.org/licenses/by-nc/4.0/",TRUE,"37864303","PMC10826985",NA,NA,TRUE,"wiley2024deal","04t3en479_wiley2024deal_2024"
"KIT",2024,2011.6,"10.1002/jsf2.184",FALSE,FALSE,"Wiley-Blackwell","JSFA reports","2573-5098","2573-5098","2573-5098","2573-5098","http://creativecommons.org/licenses/by/4.0/",TRUE,NA,NA,NA,NA,FALSE,"wiley2024deal","04t3en479_wiley2024deal_2024"
"KIT",2024,2097.2,"10.1029/2023gl107350",FALSE,FALSE,"American Geophysical Union (AGU)","Geophysical Research Letters","0094-8276","0094-8276","1944-8007","0094-8276","http://creativecommons.org/licenses/by/4.0/",TRUE,NA,NA,NA,NA,TRUE,"wiley2024deal","04t3en479_wiley2024deal_2024"
"KIT",2024,2200,"10.1002/sstr.202300545",FALSE,FALSE,"Wiley-Blackwell","Small Structures","2688-4062","2688-4062","2688-4062","2688-4062","http://creativecommons.org/licenses/by/4.0/",TRUE,NA,NA,NA,NA,TRUE,"wiley2024deal","04t3en479_wiley2024deal_2024"
"KIT",2024,1680,"10.1002/celc.202300401",FALSE,FALSE,"Wiley-Blackwell","ChemElectroChem","2196-0216","2196-0216","2196-0216","2196-0216","http://creativecommons.org/licenses/by/4.0/",TRUE,NA,NA,NA,NA,TRUE,"wiley2024deal","04t3en479_wiley2024deal_2024"
"KIT",2024,1977.36,"10.1049/ell2.13143",FALSE,FALSE,"Institution of Engineering and Technology (IET)","Electronics Letters","0013-5194","0013-5194","1350-911X","0013-5194","http://creativecommons.org/licenses/by/4.0/",TRUE,NA,NA,NA,NA,TRUE,"wiley2024deal","04t3en479_wiley2024deal_2024"
"KIT",2024,4104,"10.1002/advs.202308901",FALSE,FALSE,"Wiley-Blackwell","Advanced Science","2198-3844","2198-3844","2198-3844","2198-3844","http://creativecommons.org/licenses/by/4.0/",TRUE,"38308172","PMC11005745",NA,NA,TRUE,"wiley2024deal","04t3en479_wiley2024deal_2024"
"KIT",2024,2040,"10.1002/mame.202300438",FALSE,FALSE,"Wiley-Blackwell","Macromolecular Materials and Engineering","1438-7492","1438-7492","1439-2054","1438-7492","http://creativecommons.org/licenses/by/4.0/",TRUE,NA,NA,NA,NA,TRUE,"wiley2024deal","04t3en479_wiley2024deal_2024"
"KIT",2024,4391.28,"10.1002/advs.202309043",FALSE,FALSE,"Wiley-Blackwell","Advanced Science","2198-3844","2198-3844","2198-3844","2198-3844","http://creativecommons.org/licenses/by/4.0/",TRUE,"38509846","PMC11151064",NA,NA,TRUE,"wiley2024deal","04t3en479_wiley2024deal_2024"
"KIT",2024,2080,"10.1002/admi.202301067",FALSE,FALSE,"Wiley-Blackwell","Advanced Materials Interfaces","2196-7350","2196-7350","2196-7350","2196-7350","http://creativecommons.org/licenses/by/4.0/",TRUE,NA,NA,NA,NA,TRUE,"wiley2024deal","04t3en479_wiley2024deal_2024"
"KIT",2024,1977.36,"10.1049/ell2.13116",FALSE,FALSE,"Institution of Engineering and Technology (IET)","Electronics Letters","0013-5194","0013-5194","1350-911X","0013-5194","http://creativecommons.org/licenses/by/4.0/",TRUE,NA,NA,NA,NA,TRUE,"wiley2024deal","04t3en479_wiley2024deal_2024"
"KIT",2024,1680,"10.1002/celc.202300802",FALSE,FALSE,"Wiley-Blackwell","ChemElectroChem","2196-0216","2196-0216","2196-0216","2196-0216","http://creativecommons.org/licenses/by/4.0/",TRUE,NA,NA,NA,NA,TRUE,"wiley2024deal","04t3en479_wiley2024deal_2024"
"KIT",2024,4104,"10.1002/advs.202400258",FALSE,FALSE,"Wiley-Blackwell","Advanced Science","2198-3844","2198-3844","2198-3844","2198-3844","http://creativecommons.org/licenses/by/4.0/",TRUE,"38526197","PMC11165551",NA,NA,TRUE,"wiley2024deal","04t3en479_wiley2024deal_2024"
"KIT",2024,2040,"10.1002/mame.202400007",FALSE,FALSE,"Wiley-Blackwell","Macromolecular Materials and Engineering","1438-7492","1438-7492","1439-2054","1438-7492","http://creativecommons.org/licenses/by/4.0/",TRUE,NA,NA,NA,NA,TRUE,"wiley2024deal","04t3en479_wiley2024deal_2024"
"KIT",2024,1977.36,"10.1049/ell2.13153",FALSE,FALSE,"Institution of Engineering and Technology (IET)","Electronics Letters","0013-5194","0013-5194","1350-911X","0013-5194","http://creativecommons.org/licenses/by/4.0/",TRUE,NA,NA,NA,NA,TRUE,"wiley2024deal","04t3en479_wiley2024deal_2024"
"KIT",2024,1797.6,"10.1002/open.202400024",FALSE,FALSE,"Wiley-Blackwell","ChemistryOpen","2191-1363","2191-1363","2191-1363","2191-1363","http://creativecommons.org/licenses/by/4.0/",TRUE,"38471964","PMC11319226",NA,NA,TRUE,"wiley2024deal","04t3en479_wiley2024deal_2024"
"KIT",2024,1734,"10.1155/2023/3684046",FALSE,FALSE,"Wiley-Blackwell","International Journal of Energy Research","1099-114X","0363-907X","1099-114X","0363-907X","https://creativecommons.org/licenses/by/4.0/",TRUE,NA,NA,NA,NA,TRUE,"wiley2024deal","04t3en479_wiley2024deal_2024"
"KIT",2024,1797.6,"10.1002/adsr.202300189",FALSE,FALSE,"Wiley-Blackwell","Advanced Sensor Research","2751-1219","2751-1219","2751-1219","2751-1219","http://creativecommons.org/licenses/by/4.0/",TRUE,NA,NA,NA,NA,TRUE,"wiley2024deal","04t3en479_wiley2024deal_2024"
"KIT",2024,2525.2,"10.1002/aesr.202400048",FALSE,FALSE,"Wiley-Blackwell","Advanced Energy and Sustainability Research","2699-9412","2699-9412","2699-9412","2699-9412","http://creativecommons.org/licenses/by/4.0/",TRUE,NA,NA,NA,NA,TRUE,"wiley2024deal","04t3en479_wiley2024deal_2024"
"KIT",2024,2040,"10.1002/inf2.12558",FALSE,FALSE,"Wiley-Blackwell","InfoMat","2567-3165","2567-3165","2567-3165","2567-3165","http://creativecommons.org/licenses/by/4.0/",TRUE,NA,NA,NA,NA,TRUE,"wiley2024deal","04t3en479_wiley2024deal_2024"
"KIT",2024,4104,"10.1002/advs.202401629",FALSE,FALSE,"Wiley-Blackwell","Advanced Science","2198-3844","2198-3844","2198-3844","2198-3844","http://creativecommons.org/licenses/by/4.0/",TRUE,"38721863","PMC11267323",NA,NA,TRUE,"wiley2024deal","04t3en479_wiley2024deal_2024"
"KIT",2024,4100.24,"10.1002/smsc.202400257",FALSE,FALSE,"Wiley-Blackwell","Small Science","2688-4046","2688-4046","2688-4046","2688-4046","http://creativecommons.org/licenses/by/4.0/",TRUE,"40213440","PMC11934974",NA,NA,TRUE,"wiley2024deal","04t3en479_wiley2024deal_2024"
"KIT",2024,1680,"10.1002/celc.202400254",FALSE,FALSE,"Wiley-Blackwell","ChemElectroChem","2196-0216","2196-0216","2196-0216","2196-0216","http://creativecommons.org/licenses/by/4.0/",TRUE,NA,NA,NA,NA,TRUE,"wiley2024deal","04t3en479_wiley2024deal_2024"
"KIT",2024,1797.6,"10.1002/celc.202400273",FALSE,FALSE,"Wiley-Blackwell","ChemElectroChem","2196-0216","2196-0216","2196-0216","2196-0216","http://creativecommons.org/licenses/by/4.0/",TRUE,NA,NA,NA,NA,TRUE,"wiley2024deal","04t3en479_wiley2024deal_2024"
"KIT",2024,1976,"10.1107/s160057752400804x",FALSE,FALSE,"International Union of Crystallography (IUCr)","Journal of Synchrotron Radiation","1600-5775",NA,"1600-5775","0909-0495","https://creativecommons.org/licenses/by/4.0/legalcode",TRUE,"39347701","PMC11542658",NA,NA,TRUE,"wiley2024deal","04t3en479_wiley2024deal_2024"
"KIT",2024,2200,"10.1002/sstr.202400197",FALSE,FALSE,"Wiley-Blackwell","Small Structures","2688-4062","2688-4062","2688-4062","2688-4062","http://creativecommons.org/licenses/by/4.0/",TRUE,NA,NA,NA,NA,TRUE,"wiley2024deal","04t3en479_wiley2024deal_2024"
"KIT",2024,1968.8,"10.1029/2023gc011197",FALSE,FALSE,"American Geophysical Union (AGU)","Geochemistry, Geophysics, Geosystems","1525-2027","1525-2027","1525-2027","1525-2027","http://creativecommons.org/licenses/by/4.0/",TRUE,NA,NA,NA,NA,TRUE,"wiley2024deal","04t3en479_wiley2024deal_2024"
"KIT",2024,2080,"10.1002/agt2.588",FALSE,FALSE,"Wiley-Blackwell","Aggregate","2692-4560","2692-4560","2692-4560","2692-4560","http://creativecommons.org/licenses/by/4.0/",TRUE,NA,NA,NA,NA,TRUE,"wiley2024deal","04t3en479_wiley2024deal_2024"
"KIT",2024,4104,"10.1002/advs.202404866",FALSE,FALSE,"Wiley-Blackwell","Advanced Science","2198-3844","2198-3844","2198-3844","2198-3844","http://creativecommons.org/licenses/by/4.0/",TRUE,"38984475","PMC11426009",NA,NA,TRUE,"wiley2024deal","04t3en479_wiley2024deal_2024"
"KIT",2024,1680,"10.1002/celc.202400391",FALSE,FALSE,"Wiley-Blackwell","ChemElectroChem","2196-0216","2196-0216","2196-0216","2196-0216","http://creativecommons.org/licenses/by/4.0/",TRUE,NA,NA,NA,NA,TRUE,"wiley2024deal","04t3en479_wiley2024deal_2024"
"KIT",2024,2225.6,"10.1029/2023wr036420",FALSE,FALSE,"American Geophysical Union (AGU)","Water Resources Research","0043-1397","0043-1397","1944-7973","0043-1397","http://creativecommons.org/licenses/by/4.0/",TRUE,NA,NA,NA,NA,TRUE,"wiley2024deal","04t3en479_wiley2024deal_2024"
"KIT",2024,4104,"10.1002/advs.202407102",FALSE,FALSE,"Wiley-Blackwell","Advanced Science","2198-3844","2198-3844","2198-3844","2198-3844","http://creativecommons.org/licenses/by/4.0/",TRUE,"39340834","PMC11578347",NA,NA,TRUE,"wiley2024deal","04t3en479_wiley2024deal_2024"
"KIT",2024,2080,"10.1002/admi.202400569",FALSE,FALSE,"Wiley-Blackwell","Advanced Materials Interfaces","2196-7350","2196-7350","2196-7350","2196-7350","http://creativecommons.org/licenses/by/4.0/",TRUE,NA,NA,NA,NA,TRUE,"wiley2024deal","04t3en479_wiley2024deal_2024"
"KIT",2024,2080,"10.1002/admi.202400400",FALSE,FALSE,"Wiley-Blackwell","Advanced Materials Interfaces","2196-7350","2196-7350","2196-7350","2196-7350","http://creativecommons.org/licenses/by/4.0/",TRUE,NA,NA,NA,NA,TRUE,"wiley2024deal","04t3en479_wiley2024deal_2024"
"KIT",2024,2114.32,"10.1107/s1600577524006751",FALSE,FALSE,"International Union of Crystallography (IUCr)","Journal of Synchrotron Radiation","1600-5775",NA,"1600-5775","0909-0495","https://creativecommons.org/licenses/by/4.0/legalcode",TRUE,"39190503","PMC11371060",NA,NA,TRUE,"wiley2024deal","04t3en479_wiley2024deal_2024"
"KIT",2024,NA,"10.1002/cbic.202400143",TRUE,FALSE,"Wiley-Blackwell","ChemBioChem","1439-4227","1439-4227","1439-7633","1439-4227","http://creativecommons.org/licenses/by/4.0/",TRUE,"38442077",NA,NA,NA,FALSE,"wiley2024deal","04t3en479_wiley2024deal_2024"
"KIT",2024,NA,"10.1002/chem.202402754",TRUE,FALSE,"Wiley-Blackwell","Chemistry - A European Journal","0947-6539","0947-6539","1521-3765","0947-6539","http://creativecommons.org/licenses/by/4.0/",TRUE,"39172132",NA,NA,NA,FALSE,"wiley2024deal","04t3en479_wiley2024deal_2024"
"KIT",2024,NA,"10.1002/appl.202400266",TRUE,FALSE,"Wiley-Blackwell","Applied Research","2702-4288","2702-4288","2702-4288","2702-4288","http://creativecommons.org/licenses/by/4.0/",TRUE,NA,NA,NA,NA,FALSE,"wiley2024deal","04t3en479_wiley2024deal_2024"
"KIT",2024,NA,"10.1002/cphc.202400649",TRUE,FALSE,"Wiley-Blackwell","ChemPhysChem","1439-4235","1439-4235","1439-7641","1439-4235","http://creativecommons.org/licenses/by/4.0/",TRUE,"39172113","PMC11614364",NA,NA,FALSE,"wiley2024deal","04t3en479_wiley2024deal_2024"
"KIT",2024,NA,"10.1002/adma.202410060",TRUE,FALSE,"Wiley-Blackwell","Advanced Materials","0935-9648","0935-9648","1521-4095","0935-9648","http://creativecommons.org/licenses/by-nc/4.0/",TRUE,"39564745","PMC11854872",NA,NA,FALSE,"wiley2024deal","04t3en479_wiley2024deal_2024"
"KIT",2024,NA,"10.1002/smll.202402035",TRUE,FALSE,"Wiley-Blackwell","Small","1613-6810","1613-6810","1613-6829","1613-6810","http://creativecommons.org/licenses/by/4.0/",TRUE,"38770746",NA,NA,NA,FALSE,"wiley2024deal","04t3en479_wiley2024deal_2024"
"KIT",2024,NA,"10.1002/ange.202414526",TRUE,FALSE,"Wiley-Blackwell","Angewandte Chemie","0044-8249","0044-8249","1521-3757","0044-8249","http://creativecommons.org/licenses/by-nc/4.0/",TRUE,NA,NA,NA,NA,FALSE,"wiley2024deal","04t3en479_wiley2024deal_2024"
"KIT",2024,NA,"10.1002/ange.202405319",TRUE,FALSE,"Wiley-Blackwell","Angewandte Chemie","0044-8249","0044-8249","1521-3757","0044-8249","http://creativecommons.org/licenses/by/4.0/",TRUE,NA,NA,NA,NA,FALSE,"wiley2024deal","04t3en479_wiley2024deal_2024"
"KIT",2024,NA,"10.1002/ange.202418558",TRUE,FALSE,"Wiley-Blackwell","Angewandte Chemie","0044-8249","0044-8249","1521-3757","0044-8249","http://creativecommons.org/licenses/by/4.0/",TRUE,NA,NA,NA,NA,FALSE,"wiley2024deal","04t3en479_wiley2024deal_2024"
"KIT",2024,NA,"10.1002/ange.202402885",TRUE,FALSE,"Wiley-Blackwell","Angewandte Chemie","0044-8249","0044-8249","1521-3757","0044-8249","http://creativecommons.org/licenses/by/4.0/",TRUE,NA,NA,NA,NA,FALSE,"wiley2024deal","04t3en479_wiley2024deal_2024"
"KIT",2024,NA,"10.1002/ange.202404775",TRUE,FALSE,"Wiley-Blackwell","Angewandte Chemie","0044-8249","0044-8249","1521-3757","0044-8249","http://creativecommons.org/licenses/by-nc/4.0/",TRUE,NA,NA,NA,NA,FALSE,"wiley2024deal","04t3en479_wiley2024deal_2024"
"KIT",2024,NA,"10.1002/adfm.202404560",TRUE,FALSE,"Wiley-Blackwell","Advanced Functional Materials","1616-301X","1616-301X","1616-3028","1616-301X","http://creativecommons.org/licenses/by-nc/4.0/",TRUE,NA,NA,NA,NA,FALSE,"wiley2024deal","04t3en479_wiley2024deal_2024"
"KIT",2024,NA,"10.1002/smll.202406236",TRUE,FALSE,"Wiley-Blackwell","Small","1613-6810","1613-6810","1613-6829","1613-6810","http://creativecommons.org/licenses/by/4.0/",TRUE,"39358967","PMC11579955",NA,NA,FALSE,"wiley2024deal","04t3en479_wiley2024deal_2024"
"KIT",2024,NA,"10.1002/solr.202400132",TRUE,FALSE,"Wiley-Blackwell","Solar RRL","2367-198X","2367-198X","2367-198X","2367-198X","http://creativecommons.org/licenses/by/4.0/",TRUE,NA,NA,NA,NA,FALSE,"wiley2024deal","04t3en479_wiley2024deal_2024"
"KIT",2024,NA,"10.1002/ejic.202400593",TRUE,FALSE,"Wiley-Blackwell","European Journal of Inorganic Chemistry","1434-1948","1434-1948","1099-0682","1434-1948","http://creativecommons.org/licenses/by/4.0/",TRUE,NA,NA,NA,NA,FALSE,"wiley2024deal","04t3en479_wiley2024deal_2024"
"KIT",2024,NA,"10.1002/anie.202405319",TRUE,FALSE,"Wiley-Blackwell","Angewandte Chemie International Edition","1433-7851","1433-7851","1521-3773","1433-7851","http://creativecommons.org/licenses/by/4.0/",TRUE,"38656624",NA,NA,NA,FALSE,"wiley2024deal","04t3en479_wiley2024deal_2024"
"KIT",2024,NA,"10.1002/anie.202418558",TRUE,FALSE,"Wiley-Blackwell","Angewandte Chemie International Edition","1433-7851","1433-7851","1521-3773","1433-7851","http://creativecommons.org/licenses/by/4.0/",TRUE,"39611319","PMC11773309",NA,NA,FALSE,"wiley2024deal","04t3en479_wiley2024deal_2024"
"KIT",2024,NA,"10.1002/adem.202301797",TRUE,FALSE,"Wiley-Blackwell","Advanced Engineering Materials","1438-1656","1438-1656","1527-2648","1438-1656","http://creativecommons.org/licenses/by/4.0/",TRUE,NA,NA,NA,NA,FALSE,"wiley2024deal","04t3en479_wiley2024deal_2024"
"KIT",2024,NA,"10.1002/adem.202301843",TRUE,FALSE,"Wiley-Blackwell","Advanced Engineering Materials","1438-1656","1438-1656","1527-2648","1438-1656","http://creativecommons.org/licenses/by/4.0/",TRUE,NA,NA,NA,NA,FALSE,"wiley2024deal","04t3en479_wiley2024deal_2024"
"KIT",2024,NA,"10.1002/qj.4801",TRUE,FALSE,"Wiley-Blackwell","Quarterly Journal of the Royal Meteorological Society","0035-9009","0035-9009","1477-870X","0035-9009","http://creativecommons.org/licenses/by/4.0/",TRUE,NA,NA,NA,NA,FALSE,"wiley2024deal","04t3en479_wiley2024deal_2024"
"KIT",2024,NA,"10.1002/ente.202400244",TRUE,FALSE,"Wiley-Blackwell","Energy Technology","2194-4288","2194-4288","2194-4296","2194-4288","http://creativecommons.org/licenses/by-nc/4.0/",TRUE,NA,NA,NA,NA,FALSE,"wiley2024deal","04t3en479_wiley2024deal_2024"
"KIT",2024,NA,"10.1002/adem.202302085",TRUE,FALSE,"Wiley-Blackwell","Advanced Engineering Materials","1438-1656","1438-1656","1527-2648","1438-1656","http://creativecommons.org/licenses/by-nc/4.0/",TRUE,NA,NA,NA,NA,FALSE,"wiley2024deal","04t3en479_wiley2024deal_2024"
"KIT",2024,NA,"10.1002/ente.202301272",TRUE,FALSE,"Wiley-Blackwell","Energy Technology","2194-4288","2194-4288","2194-4296","2194-4288","http://creativecommons.org/licenses/by/4.0/",TRUE,NA,NA,NA,NA,FALSE,"wiley2024deal","04t3en479_wiley2024deal_2024"
"KIT",2024,NA,"10.1002/mma.10435",TRUE,FALSE,"Wiley-Blackwell","Mathematical Methods in the Applied Sciences","0170-4214","0170-4214","1099-1476","0170-4214","http://creativecommons.org/licenses/by/3.0/",TRUE,NA,NA,NA,NA,FALSE,"wiley2024deal","04t3en479_wiley2024deal_2024"
"KIT",2024,NA,"10.1002/chem.202400977",TRUE,FALSE,"Wiley-Blackwell","Chemistry - A European Journal","0947-6539","0947-6539","1521-3765","0947-6539","http://creativecommons.org/licenses/by-nc-nd/4.0/",TRUE,"38693865",NA,NA,NA,FALSE,"wiley2024deal","04t3en479_wiley2024deal_2024"
"KIT",2024,NA,"10.1002/adom.202400925",TRUE,FALSE,"Wiley-Blackwell","Advanced Optical Materials","2195-1071","2195-1071","2195-1071","2195-1071","http://creativecommons.org/licenses/by-nc/4.0/",TRUE,NA,NA,NA,NA,FALSE,"wiley2024deal","04t3en479_wiley2024deal_2024"
"KIT",2024,NA,"10.1002/adom.202303094",TRUE,FALSE,"Wiley-Blackwell","Advanced Optical Materials","2195-1071","2195-1071","2195-1071","2195-1071","http://creativecommons.org/licenses/by/4.0/",TRUE,NA,NA,NA,NA,FALSE,"wiley2024deal","04t3en479_wiley2024deal_2024"
"KIT",2024,NA,"10.1002/cite.202300169",TRUE,FALSE,"Wiley-Blackwell","Chemie Ingenieur Technik","0009-286X","0009-286X","1522-2640","0009-286X","http://creativecommons.org/licenses/by/4.0/",TRUE,NA,NA,NA,NA,FALSE,"wiley2024deal","04t3en479_wiley2024deal_2024"
"KIT",2024,NA,"10.1002/adhm.202401820",TRUE,FALSE,"Wiley-Blackwell","Advanced Healthcare Materials","2192-2640","2192-2640","2192-2659","2192-2640","http://creativecommons.org/licenses/by/4.0/",TRUE,"39444094","PMC11694083",NA,NA,FALSE,"wiley2024deal","04t3en479_wiley2024deal_2024"
"KIT",2024,NA,"10.1002/adhm.202402046",TRUE,FALSE,"Wiley-Blackwell","Advanced Healthcare Materials","2192-2640","2192-2640","2192-2659","2192-2640","http://creativecommons.org/licenses/by/4.0/",TRUE,"39403791","PMC11773094",NA,NA,FALSE,"wiley2024deal","04t3en479_wiley2024deal_2024"
"KIT",2024,NA,"10.1002/adfm.202410355",TRUE,FALSE,"Wiley-Blackwell","Advanced Functional Materials","1616-301X","1616-301X","1616-3028","1616-301X","http://creativecommons.org/licenses/by/4.0/",TRUE,NA,NA,NA,NA,FALSE,"wiley2024deal","04t3en479_wiley2024deal_2024"
"KIT",2024,NA,"10.1002/admt.202401159",TRUE,FALSE,"Wiley-Blackwell","Advanced Materials Technologies","2365-709X","2365-709X","2365-709X","2365-709X","http://creativecommons.org/licenses/by/4.0/",TRUE,NA,NA,NA,NA,FALSE,"wiley2024deal","04t3en479_wiley2024deal_2024"
"KIT",2024,NA,"10.1002/batt.202400368",TRUE,FALSE,"Wiley-Blackwell","Batteries & Supercaps","2566-6223","2566-6223","2566-6223","2566-6223","http://creativecommons.org/licenses/by-nc-nd/4.0/",TRUE,NA,NA,NA,NA,FALSE,"wiley2024deal","04t3en479_wiley2024deal_2024"
"KIT",2024,NA,"10.1002/batt.202400406",TRUE,FALSE,"Wiley-Blackwell","Batteries & Supercaps","2566-6223","2566-6223","2566-6223","2566-6223","http://creativecommons.org/licenses/by-nc-nd/4.0/",TRUE,NA,NA,NA,NA,FALSE,"wiley2024deal","04t3en479_wiley2024deal_2024"
"KIT",2024,NA,"10.1002/batt.202400499",TRUE,FALSE,"Wiley-Blackwell","Batteries & Supercaps","2566-6223","2566-6223","2566-6223","2566-6223","http://creativecommons.org/licenses/by-nc-nd/4.0/",TRUE,NA,NA,NA,NA,FALSE,"wiley2024deal","04t3en479_wiley2024deal_2024"
"KIT",2024,NA,"10.1002/chem.202403002",TRUE,FALSE,"Wiley-Blackwell","Chemistry - A European Journal","0947-6539","0947-6539","1521-3765","0947-6539","http://creativecommons.org/licenses/by-nc/4.0/",TRUE,"39373348","PMC11789548",NA,NA,FALSE,"wiley2024deal","04t3en479_wiley2024deal_2024"
"KIT",2024,NA,"10.1002/batt.202400051",TRUE,FALSE,"Wiley-Blackwell","Batteries & Supercaps","2566-6223","2566-6223","2566-6223","2566-6223","http://creativecommons.org/licenses/by/4.0/",TRUE,NA,NA,NA,NA,FALSE,"wiley2024deal","04t3en479_wiley2024deal_2024"
"KIT",2024,NA,"10.1002/zamm.202300432",TRUE,FALSE,"Wiley-Blackwell","ZAMM - Journal of Applied Mathematics and Mechanics / Zeitschrift für Angewandte Mathematik und Mechanik","0044-2267","0044-2267","1521-4001","0044-2267","http://creativecommons.org/licenses/by-nc/4.0/",TRUE,NA,NA,NA,NA,FALSE,"wiley2024deal","04t3en479_wiley2024deal_2024"
"KIT",2024,NA,"10.1002/marc.202400601",TRUE,FALSE,"Wiley-Blackwell","Macromolecular Rapid Communications","1022-1336","1022-1336","1521-3927","1022-1336","http://creativecommons.org/licenses/by/4.0/",TRUE,"39340483","PMC11713867",NA,NA,FALSE,"wiley2024deal","04t3en479_wiley2024deal_2024"
"KIT",2024,NA,"10.1002/batt.202400601",TRUE,FALSE,"Wiley-Blackwell","Batteries & Supercaps","2566-6223","2566-6223","2566-6223","2566-6223","http://creativecommons.org/licenses/by/4.0/",TRUE,NA,NA,NA,NA,FALSE,"wiley2024deal","04t3en479_wiley2024deal_2024"
"KIT",2024,NA,"10.1002/adfm.202412372",TRUE,FALSE,"Wiley-Blackwell","Advanced Functional Materials","1616-301X","1616-301X","1616-3028","1616-301X","http://creativecommons.org/licenses/by-nc/4.0/",TRUE,NA,NA,NA,NA,FALSE,"wiley2024deal","04t3en479_wiley2024deal_2024"
"KIT",2024,NA,"10.1111/sjos.12733",TRUE,FALSE,"Wiley-Blackwell","Scandinavian Journal of Statistics","0303-6898","0303-6898","1467-9469","0303-6898","http://creativecommons.org/licenses/by-nc-nd/4.0/",TRUE,NA,NA,NA,NA,FALSE,"wiley2024deal","04t3en479_wiley2024deal_2024"
"KIT",2024,NA,"10.1002/ejic.202400162",TRUE,FALSE,"Wiley-Blackwell","European Journal of Inorganic Chemistry","1434-1948","1434-1948","1099-0682","1434-1948","http://creativecommons.org/licenses/by/4.0/",TRUE,NA,NA,NA,NA,FALSE,"wiley2024deal","04t3en479_wiley2024deal_2024"
"KIT",2024,NA,"10.1002/pssb.202300480",TRUE,FALSE,"Wiley-Blackwell","physica status solidi (b)","0370-1972","0370-1972","1521-3951","0370-1972","http://creativecommons.org/licenses/by/4.0/",TRUE,NA,NA,NA,NA,FALSE,"wiley2024deal","04t3en479_wiley2024deal_2024"
"KIT",2024,NA,"10.1029/2023jb027244",TRUE,FALSE,"American Geophysical Union (AGU)","Journal of Geophysical Research: Solid Earth","2169-9313","2169-9313","2169-9356","2169-9313","http://creativecommons.org/licenses/by-nc-nd/4.0/",TRUE,NA,NA,NA,NA,FALSE,"wiley2024deal","04t3en479_wiley2024deal_2024"
"KIT",2024,NA,"10.1111/maps.14170",TRUE,FALSE,"Wiley-Blackwell","Meteoritics & Planetary Science","1086-9379","1086-9379","1945-5100","1086-9379","http://creativecommons.org/licenses/by-nc-nd/4.0/",TRUE,NA,NA,NA,NA,FALSE,"wiley2024deal","04t3en479_wiley2024deal_2024"
"KIT",2024,NA,"10.1002/mrc.5448",TRUE,FALSE,"Wiley-Blackwell","Magnetic Resonance in Chemistry","0749-1581","0749-1581","1097-458X","0749-1581","http://creativecommons.org/licenses/by/4.0/",TRUE,"38785031",NA,NA,NA,FALSE,"wiley2024deal","04t3en479_wiley2024deal_2024"
"KIT",2024,NA,"10.1111/cobi.14276",TRUE,FALSE,"Wiley-Blackwell","Conservation Biology","0888-8892","0888-8892","1523-1739","0888-8892","http://creativecommons.org/licenses/by-nc-nd/4.0/",TRUE,"38721859",NA,NA,NA,FALSE,"wiley2024deal","04t3en479_wiley2024deal_2024"
"KIT",2024,NA,"10.1002/anie.202318805",TRUE,FALSE,"Wiley-Blackwell","Angewandte Chemie International Edition","1433-7851","1433-7851","1521-3773","1433-7851","http://creativecommons.org/licenses/by-nc-nd/4.0/",TRUE,"38687094",NA,NA,NA,FALSE,"wiley2024deal","04t3en479_wiley2024deal_2024"
"KIT",2024,NA,"10.1002/cphc.202400118",TRUE,FALSE,"Wiley-Blackwell","ChemPhysChem","1439-4235","1439-4235","1439-7641","1439-4235","http://creativecommons.org/licenses/by/4.0/",TRUE,"38742372",NA,NA,NA,FALSE,"wiley2024deal","04t3en479_wiley2024deal_2024"
"KIT",2024,NA,"10.1002/qj.4687",TRUE,FALSE,"Wiley-Blackwell","Quarterly Journal of the Royal Meteorological Society","0035-9009","0035-9009","1477-870X","0035-9009","http://creativecommons.org/licenses/by/4.0/",TRUE,NA,NA,NA,NA,FALSE,"wiley2024deal","04t3en479_wiley2024deal_2024"
"KIT",2024,NA,"10.1002/ente.202301526",TRUE,FALSE,"Wiley-Blackwell","Energy Technology","2194-4288","2194-4288","2194-4296","2194-4288","http://creativecommons.org/licenses/by-nc-nd/4.0/",TRUE,NA,NA,NA,NA,FALSE,"wiley2024deal","04t3en479_wiley2024deal_2024"
"KIT",2024,NA,"10.1002/adfm.202313944",TRUE,FALSE,"Wiley-Blackwell","Advanced Functional Materials","1616-301X","1616-301X","1616-3028","1616-301X","http://creativecommons.org/licenses/by-nc-nd/4.0/",TRUE,NA,NA,NA,NA,FALSE,"wiley2024deal","04t3en479_wiley2024deal_2024"
"KIT",2024,NA,"10.1002/smtd.202400251",TRUE,FALSE,"Wiley-Blackwell","Small Methods","2366-9608","2366-9608","2366-9608","2366-9608","http://creativecommons.org/licenses/by-nc-nd/4.0/",TRUE,"38607949","PMC11672188",NA,NA,FALSE,"wiley2024deal","04t3en479_wiley2024deal_2024"
"KIT",2024,NA,"10.1002/cphc.202400120",TRUE,FALSE,"Wiley-Blackwell","ChemPhysChem","1439-4235","1439-4235","1439-7641","1439-4235","http://creativecommons.org/licenses/by-nc/4.0/",TRUE,"38456204",NA,NA,NA,FALSE,"wiley2024deal","04t3en479_wiley2024deal_2024"
"KIT",2024,NA,"10.1002/anie.202414480",TRUE,FALSE,"Wiley-Blackwell","Angewandte Chemie International Edition","1433-7851","1433-7851","1521-3773","1433-7851","http://creativecommons.org/licenses/by-nc-nd/4.0/",TRUE,"39420772",NA,NA,NA,FALSE,"wiley2024deal","04t3en479_wiley2024deal_2024"
"KIT",2024,NA,"10.1002/chem.202403047",TRUE,FALSE,"Wiley-Blackwell","Chemistry - A European Journal","0947-6539","0947-6539","1521-3765","0947-6539","http://creativecommons.org/licenses/by-nc-nd/4.0/",TRUE,"39377743",NA,NA,NA,FALSE,"wiley2024deal","04t3en479_wiley2024deal_2024"
"KIT",2024,NA,"10.1002/chem.202401788",TRUE,FALSE,"Wiley-Blackwell","Chemistry - A European Journal","0947-6539","0947-6539","1521-3765","0947-6539","http://creativecommons.org/licenses/by-nc-nd/4.0/",TRUE,"38995737",NA,NA,NA,FALSE,"wiley2024deal","04t3en479_wiley2024deal_2024"
"KIT",2024,NA,"10.1002/cbic.202400625",TRUE,FALSE,"Wiley-Blackwell","ChemBioChem","1439-4227","1439-4227","1439-7633","1439-4227","http://creativecommons.org/licenses/by-nc/4.0/",TRUE,"39166896",NA,NA,NA,FALSE,"wiley2024deal","04t3en479_wiley2024deal_2024"
"KIT",2024,NA,"10.1002/anie.202414526",TRUE,FALSE,"Wiley-Blackwell","Angewandte Chemie International Edition","1433-7851","1433-7851","1521-3773","1433-7851","http://creativecommons.org/licenses/by-nc/4.0/",TRUE,"39531348",NA,NA,NA,FALSE,"wiley2024deal","04t3en479_wiley2024deal_2024"
"KIT",2024,NA,"10.1002/anie.202404775",TRUE,FALSE,"Wiley-Blackwell","Angewandte Chemie International Edition","1433-7851","1433-7851","1521-3773","1433-7851","http://creativecommons.org/licenses/by-nc/4.0/",TRUE,"38758087",NA,NA,NA,FALSE,"wiley2024deal","04t3en479_wiley2024deal_2024"
"KIT",2024,NA,"10.1002/adfm.202404631",TRUE,FALSE,"Wiley-Blackwell","Advanced Functional Materials","1616-301X","1616-301X","1616-3028","1616-301X","http://creativecommons.org/licenses/by-nc/4.0/",TRUE,NA,NA,NA,NA,FALSE,"wiley2024deal","04t3en479_wiley2024deal_2024"
"KIT",2024,NA,"10.1002/ente.202400183",TRUE,FALSE,"Wiley-Blackwell","Energy Technology","2194-4288","2194-4288","2194-4296","2194-4288","http://creativecommons.org/licenses/by-nc-nd/4.0/",TRUE,NA,NA,NA,NA,FALSE,"wiley2024deal","04t3en479_wiley2024deal_2024"
"KIT",2024,NA,"10.1002/adem.202400357",TRUE,FALSE,"Wiley-Blackwell","Advanced Engineering Materials","1438-1656","1438-1656","1527-2648","1438-1656","http://creativecommons.org/licenses/by-nc-nd/4.0/",TRUE,NA,NA,NA,NA,FALSE,"wiley2024deal","04t3en479_wiley2024deal_2024"
"KIT",2024,NA,"10.1002/anie.202413530",TRUE,FALSE,"Wiley-Blackwell","Angewandte Chemie International Edition","1433-7851","1433-7851","1521-3773","1433-7851","http://creativecommons.org/licenses/by/4.0/",TRUE,"39352041",NA,NA,NA,FALSE,"wiley2024deal","04t3en479_wiley2024deal_2024"
"KIT",2024,NA,"10.1002/zamm.202400554",TRUE,FALSE,"Wiley-Blackwell","ZAMM - Journal of Applied Mathematics and Mechanics / Zeitschrift für Angewandte Mathematik und Mechanik","0044-2267","0044-2267","1521-4001","0044-2267","http://creativecommons.org/licenses/by/4.0/",TRUE,NA,NA,NA,NA,FALSE,"wiley2024deal","04t3en479_wiley2024deal_2024"
"KIT",2024,NA,"10.1002/chem.202400765",TRUE,FALSE,"Wiley-Blackwell","Chemistry - A European Journal","0947-6539","0947-6539","1521-3765","0947-6539","http://creativecommons.org/licenses/by-nc/4.0/",TRUE,"38742808",NA,NA,NA,FALSE,"wiley2024deal","04t3en479_wiley2024deal_2024"
"KIT",2024,NA,"10.1002/zaac.202400092",TRUE,FALSE,"Wiley-Blackwell","Zeitschrift für anorganische und allgemeine Chemie","0044-2313","0044-2313","1521-3749","0044-2313","http://creativecommons.org/licenses/by-nc-nd/4.0/",TRUE,NA,NA,NA,NA,FALSE,"wiley2024deal","04t3en479_wiley2024deal_2024"
"KIT",2024,NA,"10.1002/chem.202400418",TRUE,FALSE,"Wiley-Blackwell","Chemistry - A European Journal","0947-6539","0947-6539","1521-3765","0947-6539","http://creativecommons.org/licenses/by-nc-nd/4.0/",TRUE,"38593253",NA,NA,NA,FALSE,"wiley2024deal","04t3en479_wiley2024deal_2024"
"KIT",2024,NA,"10.1002/adem.202301909",TRUE,FALSE,"Wiley-Blackwell","Advanced Engineering Materials","1438-1656","1438-1656","1527-2648","1438-1656","http://creativecommons.org/licenses/by-nc-nd/4.0/",TRUE,NA,NA,NA,NA,FALSE,"wiley2024deal","04t3en479_wiley2024deal_2024"
"KIT",2024,NA,"10.1002/ente.202400057",TRUE,FALSE,"Wiley-Blackwell","Energy Technology","2194-4288","2194-4288","2194-4296","2194-4288","http://creativecommons.org/licenses/by/4.0/",TRUE,NA,NA,NA,NA,FALSE,"wiley2024deal","04t3en479_wiley2024deal_2024"
"KIT",2024,NA,"10.1002/ente.202401668",TRUE,FALSE,"Wiley-Blackwell","Energy Technology","2194-4288","2194-4288","2194-4296","2194-4288","http://creativecommons.org/licenses/by/4.0/",TRUE,NA,NA,NA,NA,FALSE,"wiley2024deal","04t3en479_wiley2024deal_2024"
"KIT",2024,NA,"10.1002/andp.202400054",TRUE,FALSE,"Wiley-Blackwell","Annalen der Physik","0003-3804","0003-3804","1521-3889","0003-3804","http://creativecommons.org/licenses/by/4.0/",TRUE,NA,NA,NA,NA,FALSE,"wiley2024deal","04t3en479_wiley2024deal_2024"
"KIT",2024,NA,"10.1002/pip.3840",TRUE,FALSE,"Wiley-Blackwell","Progress in Photovoltaics: Research and Applications","1062-7995","1062-7995","1099-159X","1062-7995","http://creativecommons.org/licenses/by-nc-nd/4.0/",TRUE,NA,NA,NA,NA,FALSE,"wiley2024deal","04t3en479_wiley2024deal_2024"
"KIT",2024,NA,"10.1002/cctc.202400908",TRUE,FALSE,"Wiley-Blackwell","ChemCatChem","1867-3880","1867-3880","1867-3899","1867-3880","http://creativecommons.org/licenses/by-nc-nd/4.0/",TRUE,NA,NA,NA,NA,FALSE,"wiley2024deal","04t3en479_wiley2024deal_2024"
"KIT",2024,NA,"10.1002/smll.202404437",TRUE,FALSE,"Wiley-Blackwell","Small","1613-6810","1613-6810","1613-6829","1613-6810","http://creativecommons.org/licenses/by-nc/4.0/",TRUE,"39268805","PMC11600684",NA,NA,FALSE,"wiley2024deal","04t3en479_wiley2024deal_2024"
"KIT",2024,NA,"10.1002/cctc.202400626",TRUE,FALSE,"Wiley-Blackwell","ChemCatChem","1867-3880","1867-3880","1867-3899","1867-3880","http://creativecommons.org/licenses/by-nc/4.0/",TRUE,NA,NA,NA,NA,FALSE,"wiley2024deal","04t3en479_wiley2024deal_2024"
"KIT",2024,NA,"10.1002/net.22217",TRUE,FALSE,"Wiley-Blackwell","Networks","0028-3045","0028-3045","1097-0037","0028-3045","http://creativecommons.org/licenses/by-nc-nd/4.0/",TRUE,NA,NA,NA,NA,FALSE,"wiley2024deal","04t3en479_wiley2024deal_2024"
"KIT",2024,NA,"10.1002/qj.4714",TRUE,FALSE,"Wiley-Blackwell","Quarterly Journal of the Royal Meteorological Society","0035-9009","0035-9009","1477-870X","0035-9009","http://creativecommons.org/licenses/by/4.0/",TRUE,NA,NA,NA,NA,FALSE,"wiley2024deal","04t3en479_wiley2024deal_2024"
"KIT",2024,NA,"10.1002/aenm.202403811",TRUE,FALSE,"Wiley-Blackwell","Advanced Energy Materials","1614-6832","1614-6832","1614-6840","1614-6832","http://creativecommons.org/licenses/by/4.0/",TRUE,NA,NA,NA,NA,FALSE,"wiley2024deal","04t3en479_wiley2024deal_2024"
"KIT",2024,NA,"10.1002/qj.4840",TRUE,FALSE,"Wiley-Blackwell","Quarterly Journal of the Royal Meteorological Society","0035-9009","0035-9009","1477-870X","0035-9009","http://creativecommons.org/licenses/by-nc/4.0/",TRUE,NA,NA,NA,NA,FALSE,"wiley2024deal","04t3en479_wiley2024deal_2024"
"KIT",2024,NA,"10.1002/adem.202302082",TRUE,FALSE,"Wiley-Blackwell","Advanced Engineering Materials","1438-1656","1438-1656","1527-2648","1438-1656","http://creativecommons.org/licenses/by/4.0/",TRUE,NA,NA,NA,NA,FALSE,"wiley2024deal","04t3en479_wiley2024deal_2024"
"KIT",2024,NA,"10.1002/cphc.202400086",TRUE,FALSE,"Wiley-Blackwell","ChemPhysChem","1439-4235","1439-4235","1439-7641","1439-4235","http://creativecommons.org/licenses/by/4.0/",TRUE,"38661573",NA,NA,NA,FALSE,"wiley2024deal","04t3en479_wiley2024deal_2024"
"KIT",2024,NA,"10.1002/anie.202404874",TRUE,FALSE,"Wiley-Blackwell","Angewandte Chemie International Edition","1433-7851","1433-7851","1521-3773","1433-7851","http://creativecommons.org/licenses/by/4.0/",TRUE,"38709977",NA,NA,NA,FALSE,"wiley2024deal","04t3en479_wiley2024deal_2024"
"KIT",2024,NA,"10.1002/chem.202401071",TRUE,FALSE,"Wiley-Blackwell","Chemistry - A European Journal","0947-6539","0947-6539","1521-3765","0947-6539","http://creativecommons.org/licenses/by/4.0/",TRUE,"39140791",NA,NA,NA,FALSE,"wiley2024deal","04t3en479_wiley2024deal_2024"
"KIT",2024,NA,"10.1002/chem.202400781",TRUE,FALSE,"Wiley-Blackwell","Chemistry - A European Journal","0947-6539","0947-6539","1521-3765","0947-6539","http://creativecommons.org/licenses/by/4.0/",TRUE,"38668679",NA,NA,NA,FALSE,"wiley2024deal","04t3en479_wiley2024deal_2024"
"KIT",2024,NA,"10.1002/anie.202402885",TRUE,FALSE,"Wiley-Blackwell","Angewandte Chemie International Edition","1433-7851","1433-7851","1521-3773","1433-7851","http://creativecommons.org/licenses/by/4.0/",TRUE,"38511969",NA,NA,NA,FALSE,"wiley2024deal","04t3en479_wiley2024deal_2024"
"KIT",2024,NA,"10.1002/chem.202401466",TRUE,FALSE,"Wiley-Blackwell","Chemistry - A European Journal","0947-6539","0947-6539","1521-3765","0947-6539","http://creativecommons.org/licenses/by-nc-nd/4.0/",TRUE,"38708576",NA,NA,NA,FALSE,"wiley2024deal","04t3en479_wiley2024deal_2024"
"KIT",2024,NA,"10.1002/cite.202300140",TRUE,FALSE,"Wiley-Blackwell","Chemie Ingenieur Technik","0009-286X","0009-286X","1522-2640","0009-286X","http://creativecommons.org/licenses/by-nc-nd/4.0/",TRUE,NA,NA,NA,NA,FALSE,"wiley2024deal","04t3en479_wiley2024deal_2024"
"KIT",2024,NA,"10.1002/aenm.202402996",TRUE,FALSE,"Wiley-Blackwell","Advanced Energy Materials","1614-6832","1614-6832","1614-6840","1614-6832","http://creativecommons.org/licenses/by/4.0/",TRUE,NA,NA,NA,NA,FALSE,"wiley2024deal","04t3en479_wiley2024deal_2024"
"KIT",2024,NA,"10.1107/s1600576724007659",TRUE,FALSE,"International Union of Crystallography (IUCr)","Journal of Applied Crystallography","1600-5767",NA,"1600-5767","0021-8898","https://creativecommons.org/licenses/by/4.0/legalcode",TRUE,"39387077","PMC11460394",NA,NA,FALSE,"wiley2024deal","04t3en479_wiley2024deal_2024"
"KIT",2024,NA,"10.1107/s1600576724003418",TRUE,FALSE,"International Union of Crystallography (IUCr)","Journal of Applied Crystallography","1600-5767",NA,"1600-5767","0021-8898","https://creativecommons.org/licenses/by/4.0/legalcode",TRUE,"38846764","PMC11151676",NA,NA,FALSE,"wiley2024deal","04t3en479_wiley2024deal_2024"
"KIT",2024,NA,"10.1029/2024jb029385",TRUE,FALSE,"American Geophysical Union (AGU)","Journal of Geophysical Research: Solid Earth","2169-9313","2169-9313","2169-9356","2169-9313","http://creativecommons.org/licenses/by/4.0/",TRUE,NA,NA,NA,NA,FALSE,"wiley2024deal","04t3en479_wiley2024deal_2024"
"KIT",2024,NA,"10.1002/aic.18659",TRUE,TRUE,"Wiley-Blackwell","AIChE Journal","0001-1541","0001-1541","1547-5905","0001-1541","http://onlinelibrary.wiley.com/termsAndConditions#vor",TRUE,NA,NA,NA,NA,FALSE,"wiley2024deal","04t3en479_wiley2024deal_2024"
"KIT",2024,NA,"10.1002/adfm.202316469",TRUE,FALSE,"Wiley-Blackwell","Advanced Functional Materials","1616-301X","1616-301X","1616-3028","1616-301X","http://creativecommons.org/licenses/by-nc/4.0/",TRUE,NA,NA,NA,NA,FALSE,"wiley2024deal","04t3en479_wiley2024deal_2024"
"KIT",2024,NA,"10.1002/cctc.202400371",TRUE,FALSE,"Wiley-Blackwell","ChemCatChem","1867-3880","1867-3880","1867-3899","1867-3880","http://creativecommons.org/licenses/by/4.0/",TRUE,NA,NA,NA,NA,FALSE,"wiley2024deal","04t3en479_wiley2024deal_2024"
"KIT",2024,NA,"10.1002/adfm.202413489",TRUE,FALSE,"Wiley-Blackwell","Advanced Functional Materials","1616-301X","1616-301X","1616-3028","1616-301X","http://creativecommons.org/licenses/by-nc-nd/4.0/",TRUE,NA,NA,NA,NA,FALSE,"wiley2024deal","04t3en479_wiley2024deal_2024"
"KIT",2024,NA,"10.1002/batt.202400420",TRUE,FALSE,"Wiley-Blackwell","Batteries & Supercaps","2566-6223","2566-6223","2566-6223","2566-6223","http://creativecommons.org/licenses/by-nc/4.0/",TRUE,NA,NA,NA,NA,FALSE,"wiley2024deal","04t3en479_wiley2024deal_2024"
"KIT",2024,NA,"10.1002/anie.202403044",TRUE,FALSE,"Wiley-Blackwell","Angewandte Chemie International Edition","1433-7851","1433-7851","1521-3773","1433-7851","http://creativecommons.org/licenses/by-nc/4.0/",TRUE,"38517205",NA,NA,NA,FALSE,"wiley2024deal","04t3en479_wiley2024deal_2024"
"KIT",2024,NA,"10.1002/chem.202400247",TRUE,FALSE,"Wiley-Blackwell","Chemistry - A European Journal","0947-6539","0947-6539","1521-3765","0947-6539","http://creativecommons.org/licenses/by-nc/4.0/",TRUE,"38441913",NA,NA,NA,FALSE,"wiley2024deal","04t3en479_wiley2024deal_2024"
"KIT",2024,NA,"10.1002/adfm.202402110",TRUE,FALSE,"Wiley-Blackwell","Advanced Functional Materials","1616-301X","1616-301X","1616-3028","1616-301X","http://creativecommons.org/licenses/by/4.0/",TRUE,NA,NA,NA,NA,FALSE,"wiley2024deal","04t3en479_wiley2024deal_2024"
"KIT",2024,NA,"10.1002/chem.202400565",TRUE,FALSE,"Wiley-Blackwell","Chemistry - A European Journal","0947-6539","0947-6539","1521-3765","0947-6539","http://creativecommons.org/licenses/by/4.0/",TRUE,"38642002",NA,NA,NA,FALSE,"wiley2024deal","04t3en479_wiley2024deal_2024"
"KIT",2024,NA,"10.1002/admt.202302058",TRUE,FALSE,"Wiley-Blackwell","Advanced Materials Technologies","2365-709X","2365-709X","2365-709X","2365-709X","http://creativecommons.org/licenses/by/4.0/",TRUE,NA,NA,NA,NA,FALSE,"wiley2024deal","04t3en479_wiley2024deal_2024"
"KIT",2024,NA,"10.1002/adts.202400989",TRUE,FALSE,"Wiley-Blackwell","Advanced Theory and Simulations","2513-0390","2513-0390","2513-0390","2513-0390","http://creativecommons.org/licenses/by-nc/4.0/",TRUE,NA,NA,NA,NA,FALSE,"wiley2024deal","04t3en479_wiley2024deal_2024"
"KIT",2024,NA,"10.1002/adma.202408547",TRUE,FALSE,"Wiley-Blackwell","Advanced Materials","0935-9648","0935-9648","1521-4095","0935-9648","http://creativecommons.org/licenses/by/4.0/",TRUE,"39180269",NA,NA,NA,FALSE,"wiley2024deal","04t3en479_wiley2024deal_2024"
"KIT",2024,NA,"10.1029/2023jd039791",TRUE,FALSE,"American Geophysical Union (AGU)","Journal of Geophysical Research: Atmospheres","2169-897X","2169-897X","2169-8996","2169-897X","http://creativecommons.org/licenses/by/4.0/",TRUE,NA,NA,NA,NA,FALSE,"wiley2024deal","04t3en479_wiley2024deal_2024"
"KIT",2024,NA,"10.1002/cctc.202301470",TRUE,FALSE,"Wiley-Blackwell","ChemCatChem","1867-3880","1867-3880","1867-3899","1867-3880","http://creativecommons.org/licenses/by/4.0/",TRUE,NA,NA,NA,NA,FALSE,"wiley2024deal","04t3en479_wiley2024deal_2024"
"KIT",2024,NA,"10.1002/cssc.202401045",TRUE,FALSE,"Wiley-Blackwell","ChemSusChem","1864-5631","1864-5631","1864-564X","1864-5631","http://creativecommons.org/licenses/by/4.0/",TRUE,"38977411","PMC11660749",NA,NA,FALSE,"wiley2024deal","04t3en479_wiley2024deal_2024"
"KIT",2024,NA,"10.1002/anie.202408511",TRUE,FALSE,"Wiley-Blackwell","Angewandte Chemie International Edition","1433-7851","1433-7851","1521-3773","1433-7851","http://creativecommons.org/licenses/by/4.0/",TRUE,"38877822",NA,NA,NA,FALSE,"wiley2024deal","04t3en479_wiley2024deal_2024"
"KIT",2024,NA,"10.1002/cctc.202301228",TRUE,FALSE,"Wiley-Blackwell","ChemCatChem","1867-3880","1867-3880","1867-3899","1867-3880","http://creativecommons.org/licenses/by-nc/4.0/",TRUE,NA,NA,NA,NA,FALSE,"wiley2024deal","04t3en479_wiley2024deal_2024"
"KIT",2024,NA,"10.1002/ejic.202400684",TRUE,FALSE,"Wiley-Blackwell","European Journal of Inorganic Chemistry","1434-1948","1434-1948","1099-0682","1434-1948","http://creativecommons.org/licenses/by/4.0/",TRUE,NA,NA,NA,NA,FALSE,"wiley2024deal","04t3en479_wiley2024deal_2024"
"KIT",2024,NA,"10.1002/adfm.202413215",TRUE,FALSE,"Wiley-Blackwell","Advanced Functional Materials","1616-301X","1616-301X","1616-3028","1616-301X","http://creativecommons.org/licenses/by/4.0/",TRUE,NA,NA,NA,NA,FALSE,"wiley2024deal","04t3en479_wiley2024deal_2024"
"KIT",2024,NA,"10.1002/adfm.202312830",TRUE,FALSE,"Wiley-Blackwell","Advanced Functional Materials","1616-301X","1616-301X","1616-3028","1616-301X","http://creativecommons.org/licenses/by/4.0/",TRUE,NA,NA,NA,NA,FALSE,"wiley2024deal","04t3en479_wiley2024deal_2024"
"KIT",2024,NA,"10.1002/adfm.202408525",TRUE,FALSE,"Wiley-Blackwell","Advanced Functional Materials","1616-301X","1616-301X","1616-3028","1616-301X","http://creativecommons.org/licenses/by/4.0/",TRUE,NA,NA,NA,NA,FALSE,"wiley2024deal","04t3en479_wiley2024deal_2024"
"KIT",2024,NA,"10.1002/adma.202411601",TRUE,FALSE,"Wiley-Blackwell","Advanced Materials","0935-9648","0935-9648","1521-4095","0935-9648","http://creativecommons.org/licenses/by/4.0/",TRUE,"39679840","PMC11795707",NA,NA,FALSE,"wiley2024deal","04t3en479_wiley2024deal_2024"
"KIT",2024,NA,"10.1002/adfm.202410899",TRUE,FALSE,"Wiley-Blackwell","Advanced Functional Materials","1616-301X","1616-301X","1616-3028","1616-301X","http://creativecommons.org/licenses/by/4.0/",TRUE,NA,NA,NA,NA,FALSE,"wiley2024deal","04t3en479_wiley2024deal_2024"
"KIT",2024,NA,"10.1002/chem.202403670",TRUE,FALSE,"Wiley-Blackwell","Chemistry - A European Journal","0947-6539","0947-6539","1521-3765","0947-6539","http://creativecommons.org/licenses/by-nc-nd/4.0/",TRUE,"39641992",NA,NA,NA,FALSE,"wiley2024deal","04t3en479_wiley2024deal_2024"
"KIT",2024,NA,"10.1002/ejoc.202301240",TRUE,FALSE,"Wiley-Blackwell","European Journal of Organic Chemistry","1434-193X","1434-193X","1099-0690","1099-0690","http://creativecommons.org/licenses/by-nc-nd/4.0/",TRUE,NA,NA,NA,NA,FALSE,"wiley2024deal","04t3en479_wiley2024deal_2024"
"KIT",2024,NA,"10.1002/cphc.202400419",TRUE,FALSE,"Wiley-Blackwell","ChemPhysChem","1439-4235","1439-4235","1439-7641","1439-4235","http://creativecommons.org/licenses/by/4.0/",TRUE,"38945838","PMC7617705",NA,NA,FALSE,"wiley2024deal","04t3en479_wiley2024deal_2024"
"KIT",2024,NA,"10.1002/bit.28914",TRUE,FALSE,"Wiley-Blackwell","Biotechnology and Bioengineering","0006-3592","0006-3592","1097-0290","0006-3592","http://creativecommons.org/licenses/by/4.0/",TRUE,"39723534","PMC11895408",NA,NA,FALSE,"wiley2024deal","04t3en479_wiley2024deal_2024"
"KIT",2024,NA,"10.1002/bit.28899",TRUE,FALSE,"Wiley-Blackwell","Biotechnology and Bioengineering","0006-3592","0006-3592","1097-0290","0006-3592","http://creativecommons.org/licenses/by-nc/4.0/",TRUE,"39688343","PMC11808428",NA,NA,FALSE,"wiley2024deal","04t3en479_wiley2024deal_2024"
"KIT",2024,NA,"10.1002/biot.202400394",TRUE,FALSE,"Wiley-Blackwell","Biotechnology Journal","1860-6768","1860-6768","1860-7314","1860-6768","http://creativecommons.org/licenses/by/4.0/",TRUE,"39246125",NA,NA,NA,FALSE,"wiley2024deal","04t3en479_wiley2024deal_2024"
"KIT",2024,NA,"10.1002/poi3.420",TRUE,FALSE,"Wiley-Blackwell","Policy & Internet","1944-2866","1944-2866","1944-2866","1944-2866","http://creativecommons.org/licenses/by/4.0/",TRUE,NA,NA,NA,NA,FALSE,"wiley2024deal","04t3en479_wiley2024deal_2024"
"KIT",2024,NA,"10.1002/ente.202401046",TRUE,FALSE,"Wiley-Blackwell","Energy Technology","2194-4288","2194-4288","2194-4296","2194-4288","http://creativecommons.org/licenses/by/4.0/",TRUE,NA,NA,NA,NA,FALSE,"wiley2024deal","04t3en479_wiley2024deal_2024"
"KIT",2024,NA,"10.1002/nme.7442",TRUE,FALSE,"Wiley-Blackwell","International Journal for Numerical Methods in Engineering","0029-5981","0029-5981","1097-0207","0029-5981","http://creativecommons.org/licenses/by-nc-nd/4.0/",TRUE,NA,NA,NA,NA,FALSE,"wiley2024deal","04t3en479_wiley2024deal_2024"
"KIT",2024,NA,"10.1029/2024gb008159",TRUE,FALSE,"American Geophysical Union (AGU)","Global Biogeochemical Cycles","0886-6236","0886-6236","1944-9224","0886-6236","http://creativecommons.org/licenses/by-nc/4.0/",TRUE,NA,NA,NA,NA,FALSE,"wiley2024deal","04t3en479_wiley2024deal_2024"
"KIT",2024,NA,"10.1002/cctc.202400092",TRUE,FALSE,"Wiley-Blackwell","ChemCatChem","1867-3880","1867-3880","1867-3899","1867-3880","http://creativecommons.org/licenses/by/4.0/",TRUE,NA,NA,NA,NA,FALSE,"wiley2024deal","04t3en479_wiley2024deal_2024"
"KIT",2024,NA,"10.1029/2023jd040247",TRUE,FALSE,"American Geophysical Union (AGU)","Journal of Geophysical Research: Atmospheres","2169-897X","2169-897X","2169-8996","2169-897X","http://creativecommons.org/licenses/by/4.0/",TRUE,NA,NA,NA,NA,FALSE,"wiley2024deal","04t3en479_wiley2024deal_2024"
"KIT",2024,NA,"10.1002/cite.202400007",TRUE,FALSE,"Wiley-Blackwell","Chemie Ingenieur Technik","0009-286X","0009-286X","1522-2640","0009-286X","http://creativecommons.org/licenses/by/4.0/",TRUE,NA,NA,NA,NA,FALSE,"wiley2024deal","04t3en479_wiley2024deal_2024"
"KIT",2024,NA,"10.1002/chem.202400798",TRUE,FALSE,"Wiley-Blackwell","Chemistry - A European Journal","0947-6539","0947-6539","1521-3765","0947-6539","http://creativecommons.org/licenses/by-nc/4.0/",TRUE,"38623849",NA,NA,NA,FALSE,"wiley2024deal","04t3en479_wiley2024deal_2024"
"KIT",2024,NA,"10.1002/suco.202301104",TRUE,FALSE,"Wiley-Blackwell","Structural Concrete","1464-4177","1464-4177","1751-7648","1464-4177","http://creativecommons.org/licenses/by-nc/4.0/",TRUE,NA,NA,NA,NA,FALSE,"wiley2024deal","04t3en479_wiley2024deal_2024"
"KIT",2024,NA,"10.1002/cite.202300104",TRUE,FALSE,"Wiley-Blackwell","Chemie Ingenieur Technik","0009-286X","0009-286X","1522-2640","0009-286X","http://creativecommons.org/licenses/by-nc/4.0/",TRUE,NA,NA,NA,NA,FALSE,"wiley2024deal","04t3en479_wiley2024deal_2024"
"KIT",2024,NA,"10.1111/acps.13726",TRUE,FALSE,"Wiley-Blackwell","Acta Psychiatrica Scandinavica","0001-690X","0001-690X","1600-0447","0001-690X","http://creativecommons.org/licenses/by/4.0/",TRUE,"38987940","PMC11787911",NA,NA,FALSE,"wiley2024deal","04t3en479_wiley2024deal_2024"
"KIT",2024,NA,"10.1002/pamm.202400135",TRUE,FALSE,"Wiley-Blackwell","PAMM","1617-7061","1617-7061","1617-7061","1617-7061","http://creativecommons.org/licenses/by/4.0/",TRUE,NA,NA,NA,NA,FALSE,"wiley2024deal","04t3en479_wiley2024deal_2024"
"KIT",2024,NA,"10.1002/adem.202400969",TRUE,FALSE,"Wiley-Blackwell","Advanced Engineering Materials","1438-1656","1438-1656","1527-2648","1438-1656","http://creativecommons.org/licenses/by/4.0/",TRUE,NA,NA,NA,NA,FALSE,"wiley2024deal","04t3en479_wiley2024deal_2024"
"KIT",2024,NA,"10.1002/marc.202400512",TRUE,FALSE,"Wiley-Blackwell","Macromolecular Rapid Communications","1022-1336","1022-1336","1521-3927","1022-1336","http://creativecommons.org/licenses/by/4.0/",TRUE,"39108065","PMC11661663",NA,NA,FALSE,"wiley2024deal","04t3en479_wiley2024deal_2024"
"KIT",2024,NA,"10.1002/ejoc.202400914",TRUE,FALSE,"Wiley-Blackwell","European Journal of Organic Chemistry","1434-193X","1434-193X","1099-0690","1099-0690","http://creativecommons.org/licenses/by/4.0/",TRUE,NA,NA,NA,NA,FALSE,"wiley2024deal","04t3en479_wiley2024deal_2024"
"KIT",2024,NA,"10.1002/joc.8393",TRUE,FALSE,"Wiley-Blackwell","International Journal of Climatology","0899-8418","0899-8418","1097-0088","0899-8418","http://creativecommons.org/licenses/by-nc/4.0/",TRUE,NA,NA,NA,NA,FALSE,"wiley2024deal","04t3en479_wiley2024deal_2024"
"KIT",2024,NA,"10.1002/cssc.202301903",TRUE,FALSE,"Wiley-Blackwell","ChemSusChem","1864-5631","1864-5631","1864-564X","1864-5631","http://creativecommons.org/licenses/by-nc/4.0/",TRUE,"38266158",NA,NA,NA,FALSE,"wiley2024deal","04t3en479_wiley2024deal_2024"
"KIT",2024,NA,"10.1002/adom.202400150",TRUE,FALSE,"Wiley-Blackwell","Advanced Optical Materials","2195-1071","2195-1071","2195-1071","2195-1071","http://creativecommons.org/licenses/by-nc-nd/4.0/",TRUE,NA,NA,NA,NA,FALSE,"wiley2024deal","04t3en479_wiley2024deal_2024"
"KIT",2024,NA,"10.1002/lpor.202300967",TRUE,FALSE,"Wiley-Blackwell","Laser & Photonics Reviews","1863-8880","1863-8880","1863-8899","1863-8880","http://creativecommons.org/licenses/by-nc-nd/4.0/",TRUE,NA,NA,NA,NA,FALSE,"wiley2024deal","04t3en479_wiley2024deal_2024"
"KIT",2024,NA,"10.1002/bit.28767",TRUE,FALSE,"Wiley-Blackwell","Biotechnology and Bioengineering","0006-3592","0006-3592","1097-0290","0006-3592","http://creativecommons.org/licenses/by-nc-nd/4.0/",TRUE,"38853584",NA,NA,NA,FALSE,"wiley2024deal","04t3en479_wiley2024deal_2024"
"KIT",2024,NA,"10.1002/macp.202300441",TRUE,FALSE,"Wiley-Blackwell","Macromolecular Chemistry and Physics","1022-1352","1022-1352","1521-3935","1022-1352","http://creativecommons.org/licenses/by-nc/4.0/",TRUE,NA,NA,NA,NA,FALSE,"wiley2024deal","04t3en479_wiley2024deal_2024"
"KIT",2024,NA,"10.1002/cpe.8123",TRUE,FALSE,"Wiley-Blackwell","Concurrency and Computation: Practice and Experience","1532-0626","1532-0626","1532-0634","1532-0626","http://creativecommons.org/licenses/by-nc-nd/4.0/",TRUE,NA,NA,NA,NA,FALSE,"wiley2024deal","04t3en479_wiley2024deal_2024"
"KIT",2024,NA,"10.1002/macp.202400396",TRUE,FALSE,"Wiley-Blackwell","Macromolecular Chemistry and Physics","1022-1352","1022-1352","1521-3935","1022-1352","http://creativecommons.org/licenses/by-nc/4.0/",TRUE,NA,NA,NA,NA,FALSE,"wiley2024deal","04t3en479_wiley2024deal_2024"
"KIT",2024,NA,"10.1002/smll.202404429",TRUE,FALSE,"Wiley-Blackwell","Small","1613-6810","1613-6810","1613-6829","1613-6810","http://creativecommons.org/licenses/by/4.0/",TRUE,"39291890","PMC11657036",NA,NA,FALSE,"wiley2024deal","04t3en479_wiley2024deal_2024"
"KIT",2024,NA,"10.1002/adem.202301766",TRUE,FALSE,"Wiley-Blackwell","Advanced Engineering Materials","1438-1656","1438-1656","1527-2648","1438-1656","http://creativecommons.org/licenses/by-nc-nd/4.0/",TRUE,NA,NA,NA,NA,FALSE,"wiley2024deal","04t3en479_wiley2024deal_2024"
"KIT",2024,NA,"10.1002/cssc.202400727",TRUE,FALSE,"Wiley-Blackwell","ChemSusChem","1864-5631","1864-5631","1864-564X","1864-5631","http://creativecommons.org/licenses/by/4.0/",TRUE,"39185930","PMC11696215",NA,NA,FALSE,"wiley2024deal","04t3en479_wiley2024deal_2024"
"KIT",2024,NA,"10.1002/smll.202309735",TRUE,FALSE,"Wiley-Blackwell","Small","1613-6810","1613-6810","1613-6829","1613-6810","http://creativecommons.org/licenses/by-nc-nd/4.0/",TRUE,"38618655",NA,NA,NA,FALSE,"wiley2024deal","04t3en479_wiley2024deal_2024"
"KIT",2024,NA,"10.1002/batt.202300370",TRUE,FALSE,"Wiley-Blackwell","Batteries & Supercaps","2566-6223","2566-6223","2566-6223","2566-6223","http://creativecommons.org/licenses/by-nc-nd/4.0/",TRUE,NA,NA,NA,NA,FALSE,"wiley2024deal","04t3en479_wiley2024deal_2024"
"KIT",2024,NA,"10.1002/adfm.202403646",TRUE,FALSE,"Wiley-Blackwell","Advanced Functional Materials","1616-301X","1616-301X","1616-3028","1616-301X","http://creativecommons.org/licenses/by-nc/4.0/",TRUE,NA,NA,NA,NA,FALSE,"wiley2024deal","04t3en479_wiley2024deal_2024"
"KIT",2024,NA,"10.1002/zamm.202300650",TRUE,FALSE,"Wiley-Blackwell","ZAMM - Journal of Applied Mathematics and Mechanics / Zeitschrift für Angewandte Mathematik und Mechanik","0044-2267","0044-2267","1521-4001","0044-2267","http://creativecommons.org/licenses/by-nc-nd/4.0/",TRUE,NA,NA,NA,NA,FALSE,"wiley2024deal","04t3en479_wiley2024deal_2024"
"KIT",2024,NA,"10.1002/cssc.202400351",TRUE,FALSE,"Wiley-Blackwell","ChemSusChem","1864-5631","1864-5631","1864-564X","1864-5631","http://creativecommons.org/licenses/by/4.0/",TRUE,"38700386",NA,NA,NA,FALSE,"wiley2024deal","04t3en479_wiley2024deal_2024"
"KIT",2024,NA,"10.1002/cite.202400100",TRUE,FALSE,"Wiley-Blackwell","Chemie Ingenieur Technik","0009-286X","0009-286X","1522-2640","0009-286X","http://creativecommons.org/licenses/by/4.0/",TRUE,NA,NA,NA,NA,FALSE,"wiley2024deal","04t3en479_wiley2024deal_2024"
"KIT",2024,NA,"10.1002/amp2.10179",TRUE,FALSE,"Wiley-Blackwell","Journal of Advanced Manufacturing and Processing","2637-403X","2637-403X","2637-403X","2637-403X","http://creativecommons.org/licenses/by-nc-nd/4.0/",TRUE,NA,NA,NA,NA,FALSE,"wiley2024deal","04t3en479_wiley2024deal_2024"
"KIT",2024,NA,"10.1002/cite.202300165",TRUE,FALSE,"Wiley-Blackwell","Chemie Ingenieur Technik","0009-286X","0009-286X","1522-2640","0009-286X","http://creativecommons.org/licenses/by-nc/4.0/",TRUE,NA,NA,NA,NA,FALSE,"wiley2024deal","04t3en479_wiley2024deal_2024"
"KIT",2024,NA,"10.1002/admt.202400416",TRUE,FALSE,"Wiley-Blackwell","Advanced Materials Technologies","2365-709X","2365-709X","2365-709X","2365-709X","http://creativecommons.org/licenses/by/4.0/",TRUE,NA,NA,NA,NA,FALSE,"wiley2024deal","04t3en479_wiley2024deal_2024"
"KIT",2024,NA,"10.1002/anie.202411010",TRUE,FALSE,"Wiley-Blackwell","Angewandte Chemie International Edition","1433-7851","1433-7851","1521-3773","1433-7851","http://creativecommons.org/licenses/by/4.0/",TRUE,"38895894",NA,NA,NA,FALSE,"wiley2024deal","04t3en479_wiley2024deal_2024"
"KIT",2024,NA,"10.1002/adfm.202406635",TRUE,FALSE,"Wiley-Blackwell","Advanced Functional Materials","1616-301X","1616-301X","1616-3028","1616-301X","http://creativecommons.org/licenses/by/4.0/",TRUE,NA,NA,NA,NA,FALSE,"wiley2024deal","04t3en479_wiley2024deal_2024"
"KIT",2024,NA,"10.1002/adfm.202403794",TRUE,FALSE,"Wiley-Blackwell","Advanced Functional Materials","1616-301X","1616-301X","1616-3028","1616-301X","http://creativecommons.org/licenses/by/4.0/",TRUE,NA,NA,NA,NA,FALSE,"wiley2024deal","04t3en479_wiley2024deal_2024"
"KIT",2024,NA,"10.1002/smll.202403405",TRUE,FALSE,"Wiley-Blackwell","Small","1613-6810","1613-6810","1613-6829","1613-6810","http://creativecommons.org/licenses/by/4.0/",TRUE,"39690842","PMC11798355",NA,NA,FALSE,"wiley2024deal","04t3en479_wiley2024deal_2024"
"KIT",2024,NA,"10.1002/smll.202307215",TRUE,TRUE,"Wiley-Blackwell","Small","1613-6810","1613-6810","1613-6829","1613-6810","http://onlinelibrary.wiley.com/termsAndConditions#vor",TRUE,"38258390",NA,NA,NA,FALSE,"wiley2024deal","04t3en479_wiley2024deal_2024"
"KIT",2024,NA,"10.1002/adfm.202403694",TRUE,FALSE,"Wiley-Blackwell","Advanced Functional Materials","1616-301X","1616-301X","1616-3028","1616-301X","http://creativecommons.org/licenses/by/4.0/",TRUE,NA,NA,NA,NA,FALSE,"wiley2024deal","04t3en479_wiley2024deal_2024"
"KIT",2024,NA,"10.1002/asia.202301084",TRUE,FALSE,"Wiley-Blackwell","Chemistry - An Asian Journal","1861-4728","1861-4728","1861-471X","1861-471X","http://creativecommons.org/licenses/by/4.0/",TRUE,"38197668",NA,NA,NA,FALSE,"wiley2024deal","04t3en479_wiley2024deal_2024"
"KIT",2024,NA,"10.1002/anie.202401372",TRUE,FALSE,"Wiley-Blackwell","Angewandte Chemie International Edition","1433-7851","1433-7851","1521-3773","1433-7851","http://creativecommons.org/licenses/by/4.0/",TRUE,"38390783",NA,NA,NA,FALSE,"wiley2024deal","04t3en479_wiley2024deal_2024"
"KIT",2024,NA,"10.1002/ceat.202300409",TRUE,FALSE,"Wiley-Blackwell","Chemical Engineering & Technology","0930-7516","0930-7516","1521-4125","0930-7516","http://creativecommons.org/licenses/by/4.0/",TRUE,NA,NA,NA,NA,FALSE,"wiley2024deal","04t3en479_wiley2024deal_2024"
"KIT",2024,NA,"10.1002/nme.7538",TRUE,FALSE,"Wiley-Blackwell","International Journal for Numerical Methods in Engineering","0029-5981","0029-5981","1097-0207","0029-5981","http://creativecommons.org/licenses/by/4.0/",TRUE,NA,NA,NA,NA,FALSE,"wiley2024deal","04t3en479_wiley2024deal_2024"
"KIT",2024,NA,"10.1002/chem.202402456",TRUE,FALSE,"Wiley-Blackwell","Chemistry - A European Journal","0947-6539","0947-6539","1521-3765","0947-6539","http://creativecommons.org/licenses/by/4.0/",TRUE,"38953791",NA,NA,NA,FALSE,"wiley2024deal","04t3en479_wiley2024deal_2024"
"KIT",2024,NA,"10.1002/anie.202414517",TRUE,FALSE,"Wiley-Blackwell","Angewandte Chemie International Edition","1433-7851","1433-7851","1521-3773","1433-7851","http://creativecommons.org/licenses/by/4.0/",TRUE,"39183175","PMC11701351",NA,NA,FALSE,"wiley2024deal","04t3en479_wiley2024deal_2024"
"KIT",2024,NA,"10.1002/chem.202401696",TRUE,FALSE,"Wiley-Blackwell","Chemistry - A European Journal","0947-6539","0947-6539","1521-3765","0947-6539","http://creativecommons.org/licenses/by/4.0/",TRUE,"38758593",NA,NA,NA,FALSE,"wiley2024deal","04t3en479_wiley2024deal_2024"
"KIT",2024,NA,"10.1002/zaac.202400116",TRUE,FALSE,"Wiley-Blackwell","Zeitschrift für anorganische und allgemeine Chemie","0044-2313","0044-2313","1521-3749","0044-2313","http://creativecommons.org/licenses/by/4.0/",TRUE,NA,NA,NA,NA,FALSE,"wiley2024deal","04t3en479_wiley2024deal_2024"
"KIT",2024,NA,"10.1002/fuce.202300252",TRUE,FALSE,"Wiley-Blackwell","Fuel Cells","1615-6846","1615-6846","1615-6854","1615-6846","http://creativecommons.org/licenses/by/4.0/",TRUE,NA,NA,NA,NA,FALSE,"wiley2024deal","04t3en479_wiley2024deal_2024"
"KIT",2024,NA,"10.1002/cite.202400083",TRUE,FALSE,"Wiley-Blackwell","Chemie Ingenieur Technik","0009-286X","0009-286X","1522-2640","0009-286X","http://creativecommons.org/licenses/by/4.0/",TRUE,NA,NA,NA,NA,FALSE,"wiley2024deal","04t3en479_wiley2024deal_2024"
"KIT",2024,NA,"10.1112/topo.70007",TRUE,FALSE,"Wiley-Blackwell","Journal of Topology","1753-8416","1753-8416","1753-8424","1753-8416","http://creativecommons.org/licenses/by/4.0/",TRUE,NA,NA,NA,NA,FALSE,"wiley2024deal","04t3en479_wiley2024deal_2024"
"KIT",2024,NA,"10.1111/jtxs.12871",TRUE,FALSE,"Wiley-Blackwell","Journal of Texture Studies","0022-4901","0022-4901","1745-4603","0022-4901","http://creativecommons.org/licenses/by/4.0/",TRUE,"39496214",NA,NA,NA,FALSE,"wiley2024deal","04t3en479_wiley2024deal_2024"
"KIT",2024,NA,"10.1002/anse.202400025",TRUE,FALSE,"Wiley-Blackwell","Analysis & Sensing","2629-2742","2629-2742","2629-2742","2629-2742","http://creativecommons.org/licenses/by-nc/4.0/",TRUE,NA,NA,NA,NA,FALSE,"wiley2024deal","04t3en479_wiley2024deal_2024"
"KIT",2024,NA,"10.1002/smll.202402204",TRUE,FALSE,"Wiley-Blackwell","Small","1613-6810","1613-6810","1613-6829","1613-6810","http://creativecommons.org/licenses/by/4.0/",TRUE,"38778727",NA,NA,NA,FALSE,"wiley2024deal","04t3en479_wiley2024deal_2024"
"KIT",2024,NA,"10.1002/adfm.202410665",TRUE,FALSE,"Wiley-Blackwell","Advanced Functional Materials","1616-301X","1616-301X","1616-3028","1616-301X","http://creativecommons.org/licenses/by/4.0/",TRUE,NA,NA,NA,NA,FALSE,"wiley2024deal","04t3en479_wiley2024deal_2024"
"KIT",2024,NA,"10.1002/adom.202302964",TRUE,FALSE,"Wiley-Blackwell","Advanced Optical Materials","2195-1071","2195-1071","2195-1071","2195-1071","http://creativecommons.org/licenses/by-nc-nd/4.0/",TRUE,NA,NA,NA,NA,FALSE,"wiley2024deal","04t3en479_wiley2024deal_2024"
"KIT",2024,NA,"10.1002/adma.202402386",TRUE,FALSE,"Wiley-Blackwell","Advanced Materials","0935-9648","0935-9648","1521-4095","0935-9648","http://creativecommons.org/licenses/by-nc-nd/4.0/",TRUE,"38708954",NA,NA,NA,FALSE,"wiley2024deal","04t3en479_wiley2024deal_2024"
"KIT",2024,NA,"10.1002/jemt.24746",TRUE,FALSE,"Wiley-Blackwell","Microscopy Research and Technique","1059-910X","1059-910X","1097-0029","1059-910X","http://creativecommons.org/licenses/by-nc/4.0/",TRUE,"39580795","PMC11842943",NA,NA,FALSE,"wiley2024deal","04t3en479_wiley2024deal_2024"
"KIT",2024,NA,"10.1029/2024jd041576",TRUE,FALSE,"American Geophysical Union (AGU)","Journal of Geophysical Research: Atmospheres","2169-897X","2169-897X","2169-8996","2169-897X","http://creativecommons.org/licenses/by/4.0/",TRUE,NA,NA,NA,NA,FALSE,"wiley2024deal","04t3en479_wiley2024deal_2024"
"KIT",2024,NA,"10.1002/adem.202400388",TRUE,FALSE,"Wiley-Blackwell","Advanced Engineering Materials","1438-1656","1438-1656","1527-2648","1438-1656","http://creativecommons.org/licenses/by-nc/4.0/",TRUE,NA,NA,NA,NA,FALSE,"wiley2024deal","04t3en479_wiley2024deal_2024"
"KIT",2024,NA,"10.1002/batt.202300594",TRUE,FALSE,"Wiley-Blackwell","Batteries & Supercaps","2566-6223","2566-6223","2566-6223","2566-6223","http://creativecommons.org/licenses/by/4.0/",TRUE,NA,NA,NA,NA,FALSE,"wiley2024deal","04t3en479_wiley2024deal_2024"
"KIT",2024,NA,"10.1111/febs.17231",TRUE,FALSE,"Wiley-Blackwell","FEBS Journal","1742-464X","1742-464X","1742-4658","1742-464X","http://creativecommons.org/licenses/by-nc/4.0/",TRUE,"39108082",NA,NA,NA,FALSE,"wiley2024deal","04t3en479_wiley2024deal_2024"
"KIT",2024,NA,"10.1002/chem.202400066",TRUE,FALSE,"Wiley-Blackwell","Chemistry - A European Journal","0947-6539","0947-6539","1521-3765","0947-6539","http://creativecommons.org/licenses/by/4.0/",TRUE,"38366887",NA,NA,NA,FALSE,"wiley2024deal","04t3en479_wiley2024deal_2024"
"KIT",2024,NA,"10.1002/nme.7552",TRUE,FALSE,"Wiley-Blackwell","International Journal for Numerical Methods in Engineering","0029-5981","0029-5981","1097-0207","0029-5981","http://creativecommons.org/licenses/by/4.0/",TRUE,NA,NA,NA,NA,FALSE,"wiley2024deal","04t3en479_wiley2024deal_2024"
"KIT",2024,NA,"10.1002/batt.202400277",TRUE,FALSE,"Wiley-Blackwell","Batteries & Supercaps","2566-6223","2566-6223","2566-6223","2566-6223","http://creativecommons.org/licenses/by/4.0/",TRUE,NA,NA,NA,NA,FALSE,"wiley2024deal","04t3en479_wiley2024deal_2024"
"KIT",2024,NA,"10.1002/ente.202400493",TRUE,FALSE,"Wiley-Blackwell","Energy Technology","2194-4288","2194-4288","2194-4296","2194-4288","http://creativecommons.org/licenses/by/4.0/",TRUE,NA,NA,NA,NA,FALSE,"wiley2024deal","04t3en479_wiley2024deal_2024"
"KIT",2024,NA,"10.1002/chem.202304296",TRUE,FALSE,"Wiley-Blackwell","Chemistry - A European Journal","0947-6539","0947-6539","1521-3765","0947-6539","http://creativecommons.org/licenses/by/4.0/",TRUE,"38380537",NA,NA,NA,FALSE,"wiley2024deal","04t3en479_wiley2024deal_2024"
"KIT",2024,NA,"10.1002/batt.202400207",TRUE,FALSE,"Wiley-Blackwell","Batteries & Supercaps","2566-6223","2566-6223","2566-6223","2566-6223","http://creativecommons.org/licenses/by/4.0/",TRUE,NA,NA,NA,NA,FALSE,"wiley2024deal","04t3en479_wiley2024deal_2024"
"KIT",2024,NA,"10.1002/batt.202400317",TRUE,FALSE,"Wiley-Blackwell","Batteries & Supercaps","2566-6223","2566-6223","2566-6223","2566-6223","http://creativecommons.org/licenses/by/4.0/",TRUE,NA,NA,NA,NA,FALSE,"wiley2024deal","04t3en479_wiley2024deal_2024"
"KIT",2024,NA,"10.1002/batt.202300285",TRUE,FALSE,"Wiley-Blackwell","Batteries & Supercaps","2566-6223","2566-6223","2566-6223","2566-6223","http://creativecommons.org/licenses/by/4.0/",TRUE,NA,NA,NA,NA,FALSE,"wiley2024deal","04t3en479_wiley2024deal_2024"
"KIT",2024,NA,"10.1002/adfm.202401956",TRUE,FALSE,"Wiley-Blackwell","Advanced Functional Materials","1616-301X","1616-301X","1616-3028","1616-301X","http://creativecommons.org/licenses/by/4.0/",TRUE,NA,NA,NA,NA,FALSE,"wiley2024deal","04t3en479_wiley2024deal_2024"
"KIT",2024,NA,"10.1002/adfm.202313517",TRUE,FALSE,"Wiley-Blackwell","Advanced Functional Materials","1616-301X","1616-301X","1616-3028","1616-301X","http://creativecommons.org/licenses/by/4.0/",TRUE,NA,NA,NA,NA,FALSE,"wiley2024deal","04t3en479_wiley2024deal_2024"
"KIT",2024,NA,"10.1002/adfm.202401938",TRUE,FALSE,"Wiley-Blackwell","Advanced Functional Materials","1616-301X","1616-301X","1616-3028","1616-301X","http://creativecommons.org/licenses/by/4.0/",TRUE,NA,NA,NA,NA,FALSE,"wiley2024deal","04t3en479_wiley2024deal_2024"
"KIT",2024,NA,"10.1002/adfm.202401957",TRUE,FALSE,"Wiley-Blackwell","Advanced Functional Materials","1616-301X","1616-301X","1616-3028","1616-301X","http://creativecommons.org/licenses/by/4.0/",TRUE,NA,NA,NA,NA,FALSE,"wiley2024deal","04t3en479_wiley2024deal_2024"
"KIT",2024,NA,"10.1002/ejic.202400080",TRUE,FALSE,"Wiley-Blackwell","European Journal of Inorganic Chemistry","1434-1948","1434-1948","1099-0682","1434-1948","http://creativecommons.org/licenses/by/4.0/",TRUE,NA,NA,NA,NA,FALSE,"wiley2024deal","04t3en479_wiley2024deal_2024"
"KIT",2024,NA,"10.1002/jhet.4815",TRUE,FALSE,"Wiley-Blackwell","Journal of Heterocyclic Chemistry","0022-152X","0022-152X","1943-5193","0022-152X","http://creativecommons.org/licenses/by/4.0/",TRUE,NA,NA,NA,NA,FALSE,"wiley2024deal","04t3en479_wiley2024deal_2024"
"KIT",2024,NA,"10.1002/chem.202401682",TRUE,FALSE,"Wiley-Blackwell","Chemistry - A European Journal","0947-6539","0947-6539","1521-3765","0947-6539","http://creativecommons.org/licenses/by/4.0/",TRUE,"38934566",NA,NA,NA,FALSE,"wiley2024deal","04t3en479_wiley2024deal_2024"
"KIT",2024,NA,"10.1002/adfm.202403365",TRUE,FALSE,"Wiley-Blackwell","Advanced Functional Materials","1616-301X","1616-301X","1616-3028","1616-301X","http://creativecommons.org/licenses/by/4.0/",TRUE,NA,NA,NA,NA,FALSE,"wiley2024deal","04t3en479_wiley2024deal_2024"
"KIT",2024,NA,"10.1002/anie.202417234",TRUE,FALSE,"Wiley-Blackwell","Angewandte Chemie International Edition","1433-7851","1433-7851","1521-3773","1433-7851","http://creativecommons.org/licenses/by/4.0/",TRUE,"39378024",NA,NA,NA,FALSE,"wiley2024deal","04t3en479_wiley2024deal_2024"
"KIT",2024,NA,"10.1002/chem.202401656",TRUE,FALSE,"Wiley-Blackwell","Chemistry - A European Journal","0947-6539","0947-6539","1521-3765","0947-6539","http://creativecommons.org/licenses/by/4.0/",TRUE,"38969621",NA,NA,NA,FALSE,"wiley2024deal","04t3en479_wiley2024deal_2024"
"KIT",2024,NA,"10.1002/anie.202411752",TRUE,FALSE,"Wiley-Blackwell","Angewandte Chemie International Edition","1433-7851","1433-7851","1521-3773","1433-7851","http://creativecommons.org/licenses/by/4.0/",TRUE,"39159419",NA,NA,NA,FALSE,"wiley2024deal","04t3en479_wiley2024deal_2024"
"KIT",2024,NA,"10.1002/aenm.202304229",TRUE,FALSE,"Wiley-Blackwell","Advanced Energy Materials","1614-6832","1614-6832","1614-6840","1614-6832","http://creativecommons.org/licenses/by-nc-nd/4.0/",TRUE,NA,NA,NA,NA,FALSE,"wiley2024deal","04t3en479_wiley2024deal_2024"
"KIT",2024,NA,"10.1002/batt.202300590",TRUE,FALSE,"Wiley-Blackwell","Batteries & Supercaps","2566-6223","2566-6223","2566-6223","2566-6223","http://creativecommons.org/licenses/by-nc-nd/4.0/",TRUE,NA,NA,NA,NA,FALSE,"wiley2024deal","04t3en479_wiley2024deal_2024"
"KIT",2024,NA,"10.1002/adma.202402792",TRUE,FALSE,"Wiley-Blackwell","Advanced Materials","0935-9648","0935-9648","1521-4095","0935-9648","http://creativecommons.org/licenses/by-nc-nd/4.0/",TRUE,"38616764",NA,NA,NA,FALSE,"wiley2024deal","04t3en479_wiley2024deal_2024"
"KIT",2024,NA,"10.1002/aenm.202404037",TRUE,FALSE,"Wiley-Blackwell","Advanced Energy Materials","1614-6832","1614-6832","1614-6840","1614-6832","http://creativecommons.org/licenses/by/4.0/",TRUE,NA,NA,NA,NA,FALSE,"wiley2024deal","04t3en479_wiley2024deal_2024"
"KIT",2024,NA,"10.1002/adma.202400263",TRUE,FALSE,"Wiley-Blackwell","Advanced Materials","0935-9648","0935-9648","1521-4095","0935-9648","http://creativecommons.org/licenses/by-nc-nd/4.0/",TRUE,"38412289",NA,NA,NA,FALSE,"wiley2024deal","04t3en479_wiley2024deal_2024"
"KIT",2024,NA,"10.1002/anie.202318204",TRUE,FALSE,"Wiley-Blackwell","Angewandte Chemie International Edition","1433-7851","1433-7851","1521-3773","1433-7851","http://creativecommons.org/licenses/by-nc-nd/4.0/",TRUE,"38244210",NA,NA,NA,FALSE,"wiley2024deal","04t3en479_wiley2024deal_2024"
"KIT",2024,NA,"10.1002/admt.202302206",TRUE,FALSE,"Wiley-Blackwell","Advanced Materials Technologies","2365-709X","2365-709X","2365-709X","2365-709X","http://creativecommons.org/licenses/by/4.0/",TRUE,NA,NA,NA,NA,FALSE,"wiley2024deal","04t3en479_wiley2024deal_2024"
"KIT",2024,NA,"10.1002/smll.202407092",TRUE,FALSE,"Wiley-Blackwell","Small","1613-6810","1613-6810","1613-6829","1613-6810","http://creativecommons.org/licenses/by/4.0/",TRUE,"39648589","PMC12019903",NA,NA,FALSE,"wiley2024deal","04t3en479_wiley2024deal_2024"
"KIT",2024,NA,"10.1002/nme.7573",TRUE,FALSE,"Wiley-Blackwell","International Journal for Numerical Methods in Engineering","0029-5981","0029-5981","1097-0207","0029-5981","http://creativecommons.org/licenses/by-nc-nd/4.0/",TRUE,NA,NA,NA,NA,FALSE,"wiley2024deal","04t3en479_wiley2024deal_2024"
"KIT",2024,NA,"10.1002/cctc.202301298",TRUE,FALSE,"Wiley-Blackwell","ChemCatChem","1867-3880","1867-3880","1867-3899","1867-3880","http://creativecommons.org/licenses/by-nc/4.0/",TRUE,NA,NA,NA,NA,FALSE,"wiley2024deal","04t3en479_wiley2024deal_2024"
"KIT",2024,NA,"10.1002/cctc.202301655",TRUE,FALSE,"Wiley-Blackwell","ChemCatChem","1867-3880","1867-3880","1867-3899","1867-3880","http://creativecommons.org/licenses/by/4.0/",TRUE,NA,NA,NA,NA,FALSE,"wiley2024deal","04t3en479_wiley2024deal_2024"
"KIT",2024,NA,"10.1002/ejic.202300720",TRUE,FALSE,"Wiley-Blackwell","European Journal of Inorganic Chemistry","1434-1948","1434-1948","1099-0682","1434-1948","http://creativecommons.org/licenses/by/4.0/",TRUE,NA,NA,NA,NA,FALSE,"wiley2024deal","04t3en479_wiley2024deal_2024"
"KIT",2024,NA,"10.1111/php.13908",TRUE,FALSE,"Wiley-Blackwell","Photochemistry and Photobiology","0031-8655","0031-8655","1751-1097","0031-8655","http://creativecommons.org/licenses/by/4.0/",TRUE,"38269403",NA,NA,NA,FALSE,"wiley2024deal","04t3en479_wiley2024deal_2024"
"KIT",2024,NA,"10.1002/1873-3468.14968",TRUE,TRUE,"Wiley-Blackwell","FEBS Letters","0014-5793","0014-5793","1873-3468","0014-5793","http://onlinelibrary.wiley.com/termsAndConditions#vor",TRUE,"38946046",NA,NA,NA,FALSE,"wiley2024deal","04t3en479_wiley2024deal_2024"
"KIT",2024,NA,"10.1002/adfm.202402444",TRUE,FALSE,"Wiley-Blackwell","Advanced Functional Materials","1616-301X","1616-301X","1616-3028","1616-301X","http://creativecommons.org/licenses/by/4.0/",TRUE,NA,NA,NA,NA,FALSE,"wiley2024deal","04t3en479_wiley2024deal_2024"
"KIT",2024,NA,"10.1002/batt.202400112",TRUE,FALSE,"Wiley-Blackwell","Batteries & Supercaps","2566-6223","2566-6223","2566-6223","2566-6223","http://creativecommons.org/licenses/by/4.0/",TRUE,NA,NA,NA,NA,FALSE,"wiley2024deal","04t3en479_wiley2024deal_2024"
"KIT",2024,NA,"10.1002/cssc.202402202",TRUE,FALSE,"Wiley-Blackwell","ChemSusChem","1864-5631","1864-5631","1864-564X","1864-5631","http://creativecommons.org/licenses/by/4.0/",TRUE,"39611322","PMC11997913",NA,NA,FALSE,"wiley2024deal","04t3en479_wiley2024deal_2024"
"KIT",2024,NA,"10.1002/cssc.202401779",TRUE,FALSE,"Wiley-Blackwell","ChemSusChem","1864-5631","1864-5631","1864-564X","1864-5631","http://creativecommons.org/licenses/by/4.0/",TRUE,"39423255","PMC11874706",NA,NA,FALSE,"wiley2024deal","04t3en479_wiley2024deal_2024"
"KIT",2024,NA,"10.1002/cssc.202401780",TRUE,FALSE,"Wiley-Blackwell","ChemSusChem","1864-5631","1864-5631","1864-564X","1864-5631","http://creativecommons.org/licenses/by/4.0/",TRUE,"39423138","PMC11874684",NA,NA,FALSE,"wiley2024deal","04t3en479_wiley2024deal_2024"
"KIT",2024,NA,"10.1002/admt.202400968",TRUE,FALSE,"Wiley-Blackwell","Advanced Materials Technologies","2365-709X","2365-709X","2365-709X","2365-709X","http://creativecommons.org/licenses/by-nc/4.0/",TRUE,NA,NA,NA,NA,FALSE,"wiley2024deal","04t3en479_wiley2024deal_2024"
"KIT",2024,NA,"10.1002/admt.202301631",TRUE,FALSE,"Wiley-Blackwell","Advanced Materials Technologies","2365-709X","2365-709X","2365-709X","2365-709X","http://creativecommons.org/licenses/by-nc/4.0/",TRUE,NA,NA,NA,NA,FALSE,"wiley2024deal","04t3en479_wiley2024deal_2024"
"KIT",2024,NA,"10.1002/cite.202300183",TRUE,FALSE,"Wiley-Blackwell","Chemie Ingenieur Technik","0009-286X","0009-286X","1522-2640","0009-286X","http://creativecommons.org/licenses/by/4.0/",TRUE,NA,NA,NA,NA,FALSE,"wiley2024deal","04t3en479_wiley2024deal_2024"
"KIT",2024,NA,"10.1002/pamm.202400187",TRUE,FALSE,"Wiley-Blackwell","PAMM","1617-7061","1617-7061","1617-7061","1617-7061","http://creativecommons.org/licenses/by/4.0/",TRUE,NA,NA,NA,NA,FALSE,"wiley2024deal","04t3en479_wiley2024deal_2024"
"KIT",2024,NA,"10.1002/ente.202400998",TRUE,FALSE,"Wiley-Blackwell","Energy Technology","2194-4288","2194-4288","2194-4296","2194-4288","http://creativecommons.org/licenses/by-nc/4.0/",TRUE,NA,NA,NA,NA,FALSE,"wiley2024deal","04t3en479_wiley2024deal_2024"
"KIT",2024,NA,"10.1002/solr.202400165",TRUE,FALSE,"Wiley-Blackwell","Solar RRL","2367-198X","2367-198X","2367-198X","2367-198X","http://onlinelibrary.wiley.com/termsAndConditions#vor",TRUE,NA,NA,NA,NA,FALSE,"wiley2024deal","04t3en479_wiley2024deal_2024"
"KIT",2024,NA,"10.1002/cctc.202400890",TRUE,FALSE,"Wiley-Blackwell","ChemCatChem","1867-3880","1867-3880","1867-3899","1867-3880","http://creativecommons.org/licenses/by/4.0/",TRUE,NA,NA,NA,NA,FALSE,"wiley2024deal","04t3en479_wiley2024deal_2024"
"KIT",2024,NA,"10.1002/batt.202400503",TRUE,FALSE,"Wiley-Blackwell","Batteries & Supercaps","2566-6223","2566-6223","2566-6223","2566-6223","http://creativecommons.org/licenses/by/4.0/",TRUE,NA,NA,NA,NA,FALSE,"wiley2024deal","04t3en479_wiley2024deal_2024"
"KIT",2024,NA,"10.1002/batt.202300534",TRUE,FALSE,"Wiley-Blackwell","Batteries & Supercaps","2566-6223","2566-6223","2566-6223","2566-6223","http://creativecommons.org/licenses/by/4.0/",TRUE,NA,NA,NA,NA,FALSE,"wiley2024deal","04t3en479_wiley2024deal_2024"
"KIT",2024,NA,"10.1002/aenm.202401153",TRUE,FALSE,"Wiley-Blackwell","Advanced Energy Materials","1614-6832","1614-6832","1614-6840","1614-6832","http://creativecommons.org/licenses/by/4.0/",TRUE,NA,NA,NA,NA,FALSE,"wiley2024deal","04t3en479_wiley2024deal_2024"
"KIT",2024,NA,"10.1002/batt.202400023",TRUE,FALSE,"Wiley-Blackwell","Batteries & Supercaps","2566-6223","2566-6223","2566-6223","2566-6223","http://creativecommons.org/licenses/by/4.0/",TRUE,NA,NA,NA,NA,FALSE,"wiley2024deal","04t3en479_wiley2024deal_2024"
"KIT",2024,NA,"10.1002/marc.202300674",TRUE,FALSE,"Wiley-Blackwell","Macromolecular Rapid Communications","1022-1336","1022-1336","1521-3927","1022-1336","http://creativecommons.org/licenses/by-nc-nd/4.0/",TRUE,"38234077",NA,NA,NA,FALSE,"wiley2024deal","04t3en479_wiley2024deal_2024"
"KIT",2024,NA,"10.1002/batt.202400666",TRUE,FALSE,"Wiley-Blackwell","Batteries & Supercaps","2566-6223","2566-6223","2566-6223","2566-6223","http://creativecommons.org/licenses/by-nc-nd/4.0/",TRUE,NA,NA,NA,NA,FALSE,"wiley2024deal","04t3en479_wiley2024deal_2024"
"KIT",2024,NA,"10.1111/jtsa.12787",TRUE,FALSE,"Wiley-Blackwell","Journal of Time Series Analysis","0143-9782","0143-9782","1467-9892","0143-9782","http://creativecommons.org/licenses/by-nc/4.0/",TRUE,NA,NA,NA,NA,FALSE,"wiley2024deal","04t3en479_wiley2024deal_2024"
"KIT",2024,NA,"10.1002/adem.202400258",TRUE,FALSE,"Wiley-Blackwell","Advanced Engineering Materials","1438-1656","1438-1656","1527-2648","1438-1656","http://creativecommons.org/licenses/by-nc/4.0/",TRUE,NA,NA,NA,NA,FALSE,"wiley2024deal","04t3en479_wiley2024deal_2024"
"KIT",2024,NA,"10.1111/cgf.15160",TRUE,FALSE,"Wiley-Blackwell","Computer Graphics Forum","0167-7055","0167-7055","1467-8659","0167-7055","http://creativecommons.org/licenses/by/4.0/",TRUE,NA,NA,NA,NA,FALSE,"wiley2024deal","04t3en479_wiley2024deal_2024"
"KIT",2024,NA,"10.1002/ejoc.202400847",TRUE,FALSE,"Wiley-Blackwell","European Journal of Organic Chemistry","1434-193X","1434-193X","1099-0690","1099-0690","http://creativecommons.org/licenses/by-nc/4.0/",TRUE,NA,NA,NA,NA,FALSE,"wiley2024deal","04t3en479_wiley2024deal_2024"
"KIT",2024,NA,"10.1002/ange.202403044",TRUE,FALSE,"Wiley-Blackwell","Angewandte Chemie","0044-8249","0044-8249","1521-3757","0044-8249","http://creativecommons.org/licenses/by-nc/4.0/",TRUE,NA,NA,NA,NA,FALSE,"wiley2024deal","04t3en479_wiley2024deal_2024"
"KIT",2024,NA,"10.1002/anie.202403189",TRUE,FALSE,"Wiley-Blackwell","Angewandte Chemie International Edition","1433-7851","1433-7851","1521-3773","1433-7851","http://creativecommons.org/licenses/by-nc-nd/4.0/",TRUE,"38701048",NA,NA,NA,FALSE,"wiley2024deal","04t3en479_wiley2024deal_2024"
"KIT",2024,NA,"10.1002/nme.7433",TRUE,FALSE,"Wiley-Blackwell","International Journal for Numerical Methods in Engineering","0029-5981","0029-5981","1097-0207","0029-5981","http://creativecommons.org/licenses/by-nc-nd/4.0/",TRUE,NA,NA,NA,NA,FALSE,"wiley2024deal","04t3en479_wiley2024deal_2024"
"KIT",2024,NA,"10.1002/qute.202300367",TRUE,FALSE,"Wiley-Blackwell","Advanced Quantum Technologies","2511-9044","2511-9044","2511-9044","2511-9044","http://creativecommons.org/licenses/by/4.0/",TRUE,NA,NA,NA,NA,FALSE,"wiley2024deal","04t3en479_wiley2024deal_2024"
"KIT",2024,NA,"10.1029/2024jg008043",TRUE,FALSE,"American Geophysical Union (AGU)","Journal of Geophysical Research: Biogeosciences","2169-8953","2169-8953","2169-8961","2169-8953","http://creativecommons.org/licenses/by/4.0/",TRUE,NA,NA,NA,NA,FALSE,"wiley2024deal","04t3en479_wiley2024deal_2024"
"KIT",2024,NA,"10.1111/jace.20040",TRUE,FALSE,"Wiley-Blackwell","Journal of the American Ceramic Society","0002-7820","0002-7820","1551-2916","0002-7820","http://creativecommons.org/licenses/by/4.0/",TRUE,NA,NA,NA,NA,FALSE,"wiley2024deal","04t3en479_wiley2024deal_2024"
"KIT",2024,NA,"10.1002/pol.20240092",TRUE,FALSE,"Wiley-Blackwell","Journal of Polymer Science","2642-4150","2642-4150","2642-4169","2642-4150","http://creativecommons.org/licenses/by-nc-nd/4.0/",TRUE,NA,NA,NA,NA,FALSE,"wiley2024deal","04t3en479_wiley2024deal_2024"
"KIT",2024,NA,"10.1002/marc.202400441",TRUE,FALSE,"Wiley-Blackwell","Macromolecular Rapid Communications","1022-1336","1022-1336","1521-3927","1022-1336","http://creativecommons.org/licenses/by-nc-nd/4.0/",TRUE,"39042093",NA,NA,NA,FALSE,"wiley2024deal","04t3en479_wiley2024deal_2024"
"KIT",2024,NA,"10.1002/aenm.202404843",TRUE,FALSE,"Wiley-Blackwell","Advanced Energy Materials","1614-6832","1614-6832","1614-6840","1614-6832","http://creativecommons.org/licenses/by-nc-nd/4.0/",TRUE,NA,NA,NA,NA,FALSE,"wiley2024deal","04t3en479_wiley2024deal_2024"
"KIT",2024,NA,"10.1002/adfm.202311828",TRUE,FALSE,"Wiley-Blackwell","Advanced Functional Materials","1616-301X","1616-301X","1616-3028","1616-301X","http://creativecommons.org/licenses/by/4.0/",TRUE,NA,NA,NA,NA,FALSE,"wiley2024deal","04t3en479_wiley2024deal_2024"
"KIT",2024,NA,"10.1002/chem.202402005",TRUE,FALSE,"Wiley-Blackwell","Chemistry - A European Journal","0947-6539","0947-6539","1521-3765","0947-6539","http://creativecommons.org/licenses/by/4.0/",TRUE,"38980960",NA,NA,NA,FALSE,"wiley2024deal","04t3en479_wiley2024deal_2024"
"KIT",2024,NA,"10.1002/aenm.202402157",TRUE,FALSE,"Wiley-Blackwell","Advanced Energy Materials","1614-6832","1614-6832","1614-6840","1614-6832","http://creativecommons.org/licenses/by/4.0/",TRUE,NA,NA,NA,NA,FALSE,"wiley2024deal","04t3en479_wiley2024deal_2024"
"KIT",2024,NA,"10.1002/pc.29028",TRUE,TRUE,"Wiley-Blackwell","Polymer Composites","0272-8397","0272-8397","1548-0569","0272-8397","http://onlinelibrary.wiley.com/termsAndConditions#vor",TRUE,NA,NA,NA,NA,FALSE,"wiley2024deal","04t3en479_wiley2024deal_2024"
"KIT",2024,NA,"10.1002/cphc.202400280",TRUE,FALSE,"Wiley-Blackwell","ChemPhysChem","1439-4235","1439-4235","1439-7641","1439-4235","http://creativecommons.org/licenses/by-nc-nd/4.0/",TRUE,"38887965",NA,NA,NA,FALSE,"wiley2024deal","04t3en479_wiley2024deal_2024"
"KIT",2024,NA,"10.1002/batt.202300595",TRUE,FALSE,"Wiley-Blackwell","Batteries & Supercaps","2566-6223","2566-6223","2566-6223","2566-6223","http://creativecommons.org/licenses/by/4.0/",TRUE,NA,NA,NA,NA,FALSE,"wiley2024deal","04t3en479_wiley2024deal_2024"
"KIT",2024,NA,"10.1007/s11085-024-10229-y",TRUE,FALSE,"Springer Nature","High Temperature Corrosion of Materials","2731-8397","2731-8397","2731-8400","2731-8397","https://creativecommons.org/licenses/by/4.0",TRUE,NA,NA,NA,NA,FALSE,"sn2024deal","04t3en479_sn2024deal_2024"
"KIT",2024,NA,"10.1007/s11069-024-06488-2",TRUE,FALSE,"Springer Nature","Natural Hazards","0921-030X","0921-030X","1573-0840","0921-030X","https://creativecommons.org/licenses/by/4.0",TRUE,NA,NA,NA,NA,FALSE,"sn2024deal","04t3en479_sn2024deal_2024"
"KIT",2024,NA,"10.1007/s11740-024-01300-3",TRUE,FALSE,"Springer Nature","Production Engineering","0944-6524","0944-6524","1863-7353","0944-6524","https://creativecommons.org/licenses/by/4.0",TRUE,NA,NA,NA,NA,FALSE,"sn2024deal","04t3en479_sn2024deal_2024"
"KIT",2024,NA,"10.1007/s00170-024-14913-w",TRUE,FALSE,"Springer Nature","The International Journal of Advanced Manufacturing Technology","0268-3768","0268-3768","1433-3015","0268-3768","https://creativecommons.org/licenses/by/4.0",TRUE,NA,NA,NA,NA,FALSE,"sn2024deal","04t3en479_sn2024deal_2024"
"KIT",2024,NA,"10.1007/s00217-024-04608-7",TRUE,FALSE,"Springer Nature","European Food Research and Technology","1438-2377","1438-2377","1438-2385","1438-2377","https://creativecommons.org/licenses/by/4.0",TRUE,NA,NA,NA,NA,FALSE,"sn2024deal","04t3en479_sn2024deal_2024"
"KIT",2024,NA,"10.1007/s11623-024-1962-6",TRUE,FALSE,"Springer Nature","Datenschutz und Datensicherheit - DuD","1614-0702","1614-0702","1862-2607","1614-0702","https://creativecommons.org/licenses/by/4.0",TRUE,NA,NA,NA,NA,FALSE,"sn2024deal","04t3en479_sn2024deal_2024"
"KIT",2024,NA,"10.1007/s00531-024-02411-z",TRUE,FALSE,"Springer Nature","International Journal of Earth Sciences","1437-3254","1437-3254","1437-3262","1437-3254","https://creativecommons.org/licenses/by/4.0",TRUE,NA,NA,NA,NA,FALSE,"sn2024deal","04t3en479_sn2024deal_2024"
"KIT",2024,NA,"10.1007/s00026-024-00705-2",TRUE,FALSE,"Springer Nature","Annals of Combinatorics","0218-0006","0218-0006","0219-3094","0218-0006","https://creativecommons.org/licenses/by/4.0",TRUE,"39568549","PMC11573844",NA,NA,FALSE,"sn2024deal","04t3en479_sn2024deal_2024"
"KIT",2024,NA,"10.1007/s00231-024-03464-1",TRUE,FALSE,"Springer Nature","Heat and Mass Transfer","0947-7411","0947-7411","1432-1181","0947-7411","https://creativecommons.org/licenses/by/4.0",TRUE,NA,NA,NA,NA,FALSE,"sn2024deal","04t3en479_sn2024deal_2024"
"KIT",2024,NA,"10.1007/s00245-024-10154-1",TRUE,FALSE,"Springer Nature","Applied Mathematics & Optimization","0095-4616","0095-4616","1432-0606","0095-4616","https://creativecommons.org/licenses/by/4.0",TRUE,NA,NA,NA,NA,FALSE,"sn2024deal","04t3en479_sn2024deal_2024"
"KIT",2024,NA,"10.1007/s00186-024-00857-0",TRUE,FALSE,"Springer Nature","Mathematical Methods of Operations Research","1432-2994","1432-2994","1432-5217","1432-2994","https://creativecommons.org/licenses/by/4.0",TRUE,NA,NA,NA,NA,FALSE,"sn2024deal","04t3en479_sn2024deal_2024"
"KIT",2024,NA,"10.1007/s41060-024-00527-8",TRUE,FALSE,"Springer Nature","International Journal of Data Science and Analytics","2364-415X","2364-415X","2364-4168","2364-4168","https://creativecommons.org/licenses/by/4.0",TRUE,NA,NA,NA,NA,FALSE,"sn2024deal","04t3en479_sn2024deal_2024"
"KIT",2024,NA,"10.1007/s10902-024-00776-1",TRUE,FALSE,"Springer Nature","Journal of Happiness Studies","1389-4978","1389-4978","1573-7780","1389-4978","https://creativecommons.org/licenses/by/4.0",TRUE,NA,NA,NA,NA,FALSE,"sn2024deal","04t3en479_sn2024deal_2024"
"KIT",2024,NA,"10.1007/s13369-024-09480-x",TRUE,FALSE,"Springer Nature","Arabian Journal for Science and Engineering","2193-567X","2193-567X","2191-4281","2191-4281","https://creativecommons.org/licenses/by/4.0",TRUE,NA,NA,NA,NA,FALSE,"sn2024deal","04t3en479_sn2024deal_2024"
"KIT",2024,NA,"10.1007/s00033-024-02273-0",TRUE,FALSE,"Springer Nature","Zeitschrift für angewandte Mathematik und Physik","0044-2275","0044-2275","1420-9039","0044-2275","https://creativecommons.org/licenses/by/4.0",TRUE,NA,NA,NA,NA,FALSE,"sn2024deal","04t3en479_sn2024deal_2024"
"KIT",2024,NA,"10.1007/s12599-024-00861-y",TRUE,FALSE,"Springer Nature","Business & Information Systems Engineering","2363-7005","2363-7005","1867-0202","1867-0202","https://creativecommons.org/licenses/by/4.0",TRUE,NA,NA,NA,NA,FALSE,"sn2024deal","04t3en479_sn2024deal_2024"
"KIT",2024,NA,"10.1007/s00216-024-05457-9",TRUE,FALSE,"Springer Nature","Analytical and Bioanalytical Chemistry","1618-2642","1618-2642","1618-2650","1618-2642","https://creativecommons.org/licenses/by/4.0",TRUE,"39095616","PMC11377506",NA,NA,FALSE,"sn2024deal","04t3en479_sn2024deal_2024"
"KIT",2024,NA,"10.1007/s12369-024-01121-5",TRUE,FALSE,"Springer Nature","International Journal of Social Robotics","1875-4791","1875-4791","1875-4805","1875-4791","https://creativecommons.org/licenses/by/4.0",TRUE,NA,NA,NA,NA,FALSE,"sn2024deal","04t3en479_sn2024deal_2024"
"KIT",2024,NA,"10.1007/s00374-024-01809-w",TRUE,FALSE,"Springer Nature","Biology and Fertility of Soils","0178-2762","0178-2762","1432-0789","0178-2762","https://creativecommons.org/licenses/by/4.0",TRUE,NA,NA,NA,NA,FALSE,"sn2024deal","04t3en479_sn2024deal_2024"
"KIT",2024,NA,"10.1007/s00374-024-01862-5",TRUE,FALSE,"Springer Nature","Biology and Fertility of Soils","0178-2762","0178-2762","1432-0789","0178-2762","https://creativecommons.org/licenses/by/4.0",TRUE,NA,NA,NA,NA,FALSE,"sn2024deal","04t3en479_sn2024deal_2024"
"KIT",2024,NA,"10.1007/s00453-024-01257-w",TRUE,FALSE,"Springer Nature","Algorithmica","0178-4617","0178-4617","1432-0541","0178-4617","https://creativecommons.org/licenses/by/4.0",TRUE,NA,NA,NA,NA,FALSE,"sn2024deal","04t3en479_sn2024deal_2024"
"KIT",2024,NA,"10.1007/s10208-024-09639-w",TRUE,FALSE,"Springer Nature","Foundations of Computational Mathematics","1615-3375","1615-3375","1615-3383","1615-3375","https://creativecommons.org/licenses/by/4.0",TRUE,NA,NA,NA,NA,FALSE,"sn2024deal","04t3en479_sn2024deal_2024"
"KIT",2024,NA,"10.1007/s11301-024-00450-z",TRUE,FALSE,"Springer Nature","Management Review Quarterly","2198-1620","2198-1620","2198-1639","2198-1639","https://creativecommons.org/licenses/by/4.0",TRUE,NA,NA,NA,NA,FALSE,"sn2024deal","04t3en479_sn2024deal_2024"
"KIT",2024,NA,"10.1007/s00374-024-01826-9",TRUE,FALSE,"Springer Nature","Biology and Fertility of Soils","0178-2762","0178-2762","1432-0789","0178-2762","https://creativecommons.org/licenses/by/4.0",TRUE,"40098814","PMC11910402",NA,NA,FALSE,"sn2024deal","04t3en479_sn2024deal_2024"
"KIT",2024,NA,"10.1007/s00374-024-01801-4",TRUE,FALSE,"Springer Nature","Biology and Fertility of Soils","0178-2762","0178-2762","1432-0789","0178-2762","https://creativecommons.org/licenses/by/4.0",TRUE,NA,NA,NA,NA,FALSE,"sn2024deal","04t3en479_sn2024deal_2024"
"KIT",2024,NA,"10.1007/s00205-024-01980-2",TRUE,FALSE,"Springer Nature","Archive for Rational Mechanics and Analysis","0003-9527","0003-9527","1432-0673","0003-9527","https://creativecommons.org/licenses/by/4.0",TRUE,NA,NA,NA,NA,FALSE,"sn2024deal","04t3en479_sn2024deal_2024"
"KIT",2024,NA,"10.1007/s00709-024-02003-3",TRUE,FALSE,"Springer Nature","Protoplasma","0033-183X","0033-183X","1615-6102","0033-183X","https://creativecommons.org/licenses/by/4.0",TRUE,"39505773","PMC11839714",NA,NA,FALSE,"sn2024deal","04t3en479_sn2024deal_2024"
"KIT",2024,NA,"10.1007/s10455-024-09973-w",TRUE,FALSE,"Springer Nature","Annals of Global Analysis and Geometry","0232-704X","0232-704X","1572-9060","0232-704X","https://creativecommons.org/licenses/by/4.0",TRUE,NA,NA,NA,NA,FALSE,"sn2024deal","04t3en479_sn2024deal_2024"
"KIT",2024,NA,"10.1007/s00161-024-01305-4",TRUE,FALSE,"Springer Nature","Continuum Mechanics and Thermodynamics","0935-1175","0935-1175","1432-0959","0935-1175","https://creativecommons.org/licenses/by/4.0",TRUE,NA,NA,NA,NA,FALSE,"sn2024deal","04t3en479_sn2024deal_2024"
"KIT",2024,NA,"10.1007/s00184-024-00959-z",TRUE,FALSE,"Springer Nature","Metrika","0026-1335","0026-1335","1435-926X","0026-1335","https://creativecommons.org/licenses/by/4.0",TRUE,NA,NA,NA,NA,FALSE,"sn2024deal","04t3en479_sn2024deal_2024"
"KIT",2024,NA,"10.1007/s00362-024-01529-1",TRUE,FALSE,"Springer Nature","Statistical Papers","0932-5026","0932-5026","1613-9798","0932-5026","https://creativecommons.org/licenses/by/4.0",TRUE,NA,NA,NA,NA,FALSE,"sn2024deal","04t3en479_sn2024deal_2024"
"KIT",2024,NA,"10.1007/s40964-024-00891-8",TRUE,FALSE,"Springer Nature","Progress in Additive Manufacturing","2363-9512","2363-9512","2363-9520","2363-9520","https://creativecommons.org/licenses/by/4.0",TRUE,NA,NA,NA,NA,FALSE,"sn2024deal","04t3en479_sn2024deal_2024"
"KIT",2024,NA,"10.1007/s40964-024-00899-0",TRUE,FALSE,"Springer Nature","Progress in Additive Manufacturing","2363-9512","2363-9512","2363-9520","2363-9520","https://creativecommons.org/licenses/by/4.0",TRUE,NA,NA,NA,NA,FALSE,"sn2024deal","04t3en479_sn2024deal_2024"
"KIT",2024,NA,"10.1007/s41064-024-00273-3",TRUE,FALSE,"Springer Nature","PFG – Journal of Photogrammetry, Remote Sensing and Geoinformation Science","2512-2789","2512-2789","2512-2819","2512-2789","https://creativecommons.org/licenses/by/4.0",TRUE,NA,NA,NA,NA,FALSE,"sn2024deal","04t3en479_sn2024deal_2024"
"KIT",2024,NA,"10.1007/s12525-024-00732-0",TRUE,FALSE,"Springer Nature","Electronic Markets","1019-6781","1019-6781","1422-8890","1019-6781","https://creativecommons.org/licenses/by/4.0",TRUE,NA,NA,NA,NA,FALSE,"sn2024deal","04t3en479_sn2024deal_2024"
"KIT",2024,NA,"10.1007/s10909-024-03204-z",TRUE,FALSE,"Springer Nature","Journal of Low Temperature Physics","0022-2291","0022-2291","1573-7357","0022-2291","https://creativecommons.org/licenses/by/4.0",TRUE,NA,NA,NA,NA,FALSE,"sn2024deal","04t3en479_sn2024deal_2024"
"KIT",2024,NA,"10.1007/s12662-024-00979-x",TRUE,FALSE,"Springer Nature","German Journal of Exercise and Sport Research","2509-3142","2509-3142","2509-3150","2509-3150","https://creativecommons.org/licenses/by/4.0",TRUE,NA,NA,NA,NA,FALSE,"sn2024deal","04t3en479_sn2024deal_2024"
"KIT",2024,NA,"10.1007/s40964-024-00700-2",TRUE,FALSE,"Springer Nature","Progress in Additive Manufacturing","2363-9512","2363-9512","2363-9520","2363-9520","https://creativecommons.org/licenses/by/4.0",TRUE,NA,NA,NA,NA,FALSE,"sn2024deal","04t3en479_sn2024deal_2024"
"KIT",2024,NA,"10.1007/s10806-023-09920-y",TRUE,FALSE,"Springer Nature","Journal of Agricultural and Environmental Ethics","1187-7863","1187-7863","1573-322X","1187-7863","https://creativecommons.org/licenses/by/4.0",TRUE,NA,NA,NA,NA,FALSE,"sn2024deal","04t3en479_sn2024deal_2024"
"KIT",2024,NA,"10.1007/s13399-024-05921-7",TRUE,FALSE,"Springer Nature","Biomass Conversion and Biorefinery","2190-6815","2190-6815","2190-6823","2190-6815","https://creativecommons.org/licenses/by/4.0",TRUE,NA,NA,NA,NA,FALSE,"sn2024deal","04t3en479_sn2024deal_2024"
"KIT",2024,NA,"10.1007/s11579-024-00356-0",TRUE,FALSE,"Springer Nature","Mathematics and Financial Economics","1862-9679","1862-9679","1862-9660","1862-9660","https://creativecommons.org/licenses/by/4.0",TRUE,NA,NA,NA,NA,FALSE,"sn2024deal","04t3en479_sn2024deal_2024"
"KIT",2024,NA,"10.1007/s00453-024-01283-8",TRUE,FALSE,"Springer Nature","Algorithmica","0178-4617","0178-4617","1432-0541","0178-4617","https://creativecommons.org/licenses/by/4.0",TRUE,NA,NA,NA,NA,FALSE,"sn2024deal","04t3en479_sn2024deal_2024"
"KIT",2024,NA,"10.1007/s11071-024-10667-y",TRUE,FALSE,"Springer Nature","Nonlinear Dynamics","0924-090X","0924-090X","1573-269X","0924-090X","https://creativecommons.org/licenses/by/4.0",TRUE,NA,NA,NA,NA,FALSE,"sn2024deal","04t3en479_sn2024deal_2024"
"KIT",2024,NA,"10.1007/s11071-024-10344-0",TRUE,FALSE,"Springer Nature","Nonlinear Dynamics","0924-090X","0924-090X","1573-269X","0924-090X","https://creativecommons.org/licenses/by/4.0",TRUE,NA,NA,NA,NA,FALSE,"sn2024deal","04t3en479_sn2024deal_2024"
"KIT",2024,NA,"10.1007/s00707-024-03972-5",TRUE,FALSE,"Springer Nature","Acta Mechanica","0001-5970","0001-5970","1619-6937","0001-5970","https://creativecommons.org/licenses/by/4.0",TRUE,NA,NA,NA,NA,FALSE,"sn2024deal","04t3en479_sn2024deal_2024"
"KIT",2024,NA,"10.1007/s10909-024-03217-8",TRUE,FALSE,"Springer Nature","Journal of Low Temperature Physics","0022-2291","0022-2291","1573-7357","0022-2291","https://creativecommons.org/licenses/by/4.0",TRUE,NA,NA,NA,NA,FALSE,"sn2024deal","04t3en479_sn2024deal_2024"
"KIT",2024,NA,"10.1007/s41742-024-00668-5",TRUE,FALSE,"Springer Nature","International Journal of Environmental Research","1735-6865","1735-6865","2008-2304","1735-6865","https://creativecommons.org/licenses/by/4.0",TRUE,NA,NA,NA,NA,FALSE,"sn2024deal","04t3en479_sn2024deal_2024"
"KIT",2024,NA,"10.1007/s00531-024-02454-2",TRUE,TRUE,"Springer Nature","International Journal of Earth Sciences","1437-3254","1437-3254","1437-3262","1437-3254","https://www.springernature.com/gp/researchers/text-and-data-mining",TRUE,NA,NA,NA,NA,FALSE,"sn2024deal","04t3en479_sn2024deal_2024"
"KIT",2024,NA,"10.1007/s11075-023-01717-4",TRUE,FALSE,"Springer Nature","Numerical Algorithms","1017-1398","1017-1398","1572-9265","1017-1398","https://creativecommons.org/licenses/by/4.0",TRUE,NA,NA,NA,NA,FALSE,"sn2024deal","04t3en479_sn2024deal_2024"
"KIT",2024,NA,"10.1007/s11440-024-02261-8",TRUE,FALSE,"Springer Nature","Acta Geotechnica","1861-1125","1861-1125","1861-1133","1861-1125","https://creativecommons.org/licenses/by/4.0",TRUE,NA,NA,NA,NA,FALSE,"sn2024deal","04t3en479_sn2024deal_2024"
"KIT",2024,NA,"10.1007/s11998-023-00901-4",TRUE,FALSE,"Springer Nature","Journal of Coatings Technology and Research","1547-0091","1547-0091","1935-3804","1547-0091","https://creativecommons.org/licenses/by/4.0",TRUE,NA,NA,NA,NA,FALSE,"sn2024deal","04t3en479_sn2024deal_2024"
"KIT",2024,NA,"10.1007/s00126-024-01262-7",TRUE,FALSE,"Springer Nature","Mineralium Deposita","0026-4598","0026-4598","1432-1866","0026-4598","https://creativecommons.org/licenses/by/4.0",TRUE,NA,NA,NA,NA,FALSE,"sn2024deal","04t3en479_sn2024deal_2024"
"KIT",2024,NA,"10.1007/s11117-024-01062-3",TRUE,FALSE,"Springer Nature","Positivity","1385-1292","1385-1292","1572-9281","1385-1292","https://creativecommons.org/licenses/by/4.0",TRUE,NA,NA,NA,NA,FALSE,"sn2024deal","04t3en479_sn2024deal_2024"
"KIT",2024,NA,"10.1007/s10618-023-00999-5",TRUE,FALSE,"Springer Nature","Data Mining and Knowledge Discovery","1384-5810","1384-5810","1573-756X","1384-5810","https://creativecommons.org/licenses/by/4.0",TRUE,NA,NA,NA,NA,FALSE,"sn2024deal","04t3en479_sn2024deal_2024"
"KIT",2024,NA,"10.1007/s12268-024-2090-4",TRUE,FALSE,"Springer Nature","BIOspektrum","0947-0867","0947-0867","1868-6249","0947-0867","https://creativecommons.org/licenses/by/4.0",TRUE,NA,NA,NA,NA,FALSE,"sn2024deal","04t3en479_sn2024deal_2024"
"KIT",2024,NA,"10.1007/s00397-024-01455-x",TRUE,FALSE,"Springer Nature","Rheologica Acta","0035-4511","0035-4511","1435-1528","0035-4511","https://creativecommons.org/licenses/by/4.0",TRUE,NA,NA,NA,NA,FALSE,"sn2024deal","04t3en479_sn2024deal_2024"
"KIT",2024,NA,"10.1140/epjs/s11734-024-01398-7",TRUE,FALSE,"Springer Nature","The European Physical Journal Special Topics","1951-6355","1951-6355","1951-6401","1951-6355","https://creativecommons.org/licenses/by/4.0",TRUE,NA,NA,NA,NA,FALSE,"sn2024deal","04t3en479_sn2024deal_2024"
"KIT",2024,NA,"10.1007/s10951-024-00814-z",TRUE,FALSE,"Springer Nature","Journal of Scheduling","1094-6136","1094-6136","1099-1425","1094-6136","https://creativecommons.org/licenses/by/4.0",TRUE,NA,NA,NA,NA,FALSE,"sn2024deal","04t3en479_sn2024deal_2024"
"KIT",2024,NA,"10.1007/s12013-024-01235-7",TRUE,FALSE,"Springer Nature","Cell Biochemistry and Biophysics","1085-9195","1085-9195","1559-0283","1085-9195","https://creativecommons.org/licenses/by/4.0",TRUE,"38388989","PMC11344727",NA,NA,FALSE,"sn2024deal","04t3en479_sn2024deal_2024"
"",,,"","","","","","","","","","","","","","","","","",""
"KIT",2024,NA,"10.1007/s00013-023-01962-y",TRUE,FALSE,"Springer Nature","Archiv der Mathematik","0003-889X","0003-889X","1420-8938","0003-889X","https://creativecommons.org/licenses/by/4.0",TRUE,NA,NA,NA,NA,FALSE,"sn2024deal","04t3en479_sn2024deal_2024"
"KIT",2024,NA,"10.1007/s11740-023-01248-w",TRUE,FALSE,"Springer Nature","Production Engineering","0944-6524","0944-6524","1863-7353","0944-6524","https://creativecommons.org/licenses/by/4.0",TRUE,NA,NA,NA,NA,FALSE,"sn2024deal","04t3en479_sn2024deal_2024"
"KIT",2024,NA,"10.1007/s10853-024-09713-2",TRUE,FALSE,"Springer Nature","Journal of Materials Science","0022-2461","0022-2461","1573-4803","0022-2461","https://creativecommons.org/licenses/by/4.0",TRUE,NA,NA,NA,NA,FALSE,"sn2024deal","04t3en479_sn2024deal_2024"
"KIT",2024,NA,"10.1007/s12599-024-00857-8",TRUE,FALSE,"Springer Nature","Business & Information Systems Engineering","2363-7005","2363-7005","1867-0202","1867-0202","https://creativecommons.org/licenses/by/4.0",TRUE,NA,NA,NA,NA,FALSE,"sn2024deal","04t3en479_sn2024deal_2024"
"KIT",2024,NA,"10.1007/s12662-024-00968-0",TRUE,FALSE,"Springer Nature","German Journal of Exercise and Sport Research","2509-3142","2509-3142","2509-3150","2509-3150","https://creativecommons.org/licenses/by/4.0",TRUE,NA,NA,NA,NA,FALSE,"sn2024deal","04t3en479_sn2024deal_2024"
"KIT",2024,NA,"10.1007/s00357-024-09481-3",TRUE,FALSE,"Springer Nature","Journal of Classification","0176-4268","0176-4268","1432-1343","0176-4268","https://creativecommons.org/licenses/by/4.0",TRUE,NA,NA,NA,NA,FALSE,"sn2024deal","04t3en479_sn2024deal_2024"
"KIT",2024,NA,"10.1007/s10546-024-00890-w",TRUE,FALSE,"Springer Nature","Boundary-Layer Meteorology","0006-8314","0006-8314","1573-1472","0006-8314","https://creativecommons.org/licenses/by/4.0",TRUE,NA,NA,NA,NA,FALSE,"sn2024deal","04t3en479_sn2024deal_2024"
"KIT",2024,NA,"10.1007/s10845-024-02478-0",TRUE,FALSE,"Springer Nature","Journal of Intelligent Manufacturing","0956-5515","0956-5515","1572-8145","0956-5515","https://creativecommons.org/licenses/by/4.0",TRUE,NA,NA,NA,NA,FALSE,"sn2024deal","04t3en479_sn2024deal_2024"
"KIT",2024,NA,"10.1007/s00591-023-00361-2",TRUE,FALSE,"Springer Nature","Mathematische Semesterberichte","0720-728X","0720-728X","1432-1815","0720-728X","https://creativecommons.org/licenses/by/4.0",TRUE,NA,NA,NA,NA,FALSE,"sn2024deal","04t3en479_sn2024deal_2024"
"KIT",2024,NA,"10.1007/s10010-024-00753-3",TRUE,FALSE,"Springer Nature","Forschung im Ingenieurwesen","0015-7899","0015-7899","1434-0860","0015-7899","https://creativecommons.org/licenses/by/4.0",TRUE,NA,NA,NA,NA,FALSE,"sn2024deal","04t3en479_sn2024deal_2024"
"KIT",2024,NA,"10.1007/s11044-024-10001-9",TRUE,FALSE,"Springer Nature","Multibody System Dynamics","1384-5640","1384-5640","1573-272X","1384-5640","https://creativecommons.org/licenses/by/4.0",TRUE,NA,NA,NA,NA,FALSE,"sn2024deal","04t3en479_sn2024deal_2024"
"KIT",2024,NA,"10.1007/s12525-024-00723-1",TRUE,FALSE,"Springer Nature","Electronic Markets","1019-6781","1019-6781","1422-8890","1019-6781","https://creativecommons.org/licenses/by/4.0",TRUE,NA,NA,NA,NA,FALSE,"sn2024deal","04t3en479_sn2024deal_2024"
"KIT",2024,NA,"10.1007/s12662-023-00931-5",TRUE,FALSE,"Springer Nature","German Journal of Exercise and Sport Research","2509-3142","2509-3142","2509-3150","2509-3150","https://creativecommons.org/licenses/by/4.0",TRUE,NA,NA,NA,NA,FALSE,"sn2024deal","04t3en479_sn2024deal_2024"
"KIT",2024,NA,"10.1007/s00126-024-01314-y",TRUE,TRUE,"Springer Nature","Mineralium Deposita","0026-4598","0026-4598","1432-1866","0026-4598","https://www.springernature.com/gp/researchers/text-and-data-mining",TRUE,NA,NA,NA,NA,FALSE,"sn2024deal","04t3en479_sn2024deal_2024"
"KIT",2024,NA,"10.1007/s12662-023-00932-4",TRUE,FALSE,"Springer Nature","German Journal of Exercise and Sport Research","2509-3142","2509-3142","2509-3150","2509-3150","https://creativecommons.org/licenses/by/4.0",TRUE,NA,NA,NA,NA,FALSE,"sn2024deal","04t3en479_sn2024deal_2024"
"KIT",2024,NA,"10.1007/s00366-024-02068-x",TRUE,FALSE,"Springer Nature","Engineering with Computers","0177-0667","0177-0667","1435-5663","0177-0667","https://creativecommons.org/licenses/by/4.0",TRUE,NA,NA,NA,NA,FALSE,"sn2024deal","04t3en479_sn2024deal_2024"
"KIT",2024,NA,"10.1007/s10659-024-10050-3",TRUE,FALSE,"Springer Nature","Journal of Elasticity","0374-3535","0374-3535","1573-2681","0374-3535","https://creativecommons.org/licenses/by/4.0",TRUE,NA,NA,NA,NA,FALSE,"sn2024deal","04t3en479_sn2024deal_2024"
"KIT",2024,NA,"10.1007/s41449-024-00436-3",TRUE,FALSE,"Springer Nature","Zeitschrift für Arbeitswissenschaft","0340-2444","0340-2444","2366-4681","0340-2444","https://creativecommons.org/licenses/by/4.0",TRUE,NA,NA,NA,NA,FALSE,"sn2024deal","04t3en479_sn2024deal_2024"
"KIT",2024,NA,"10.1007/s00291-024-00795-7",TRUE,FALSE,"Springer Nature","OR Spectrum","0171-6468","0171-6468","1436-6304","0171-6468","https://creativecommons.org/licenses/by/4.0",TRUE,NA,NA,NA,NA,FALSE,"sn2024deal","04t3en479_sn2024deal_2024"
"KIT",2024,NA,"10.1007/s00013-024-01970-6",TRUE,FALSE,"Springer Nature","Archiv der Mathematik","0003-889X","0003-889X","1420-8938","0003-889X","https://creativecommons.org/licenses/by/4.0",TRUE,NA,NA,NA,NA,FALSE,"sn2024deal","04t3en479_sn2024deal_2024"
"KIT",2024,NA,"10.1007/s11747-024-01057-2",TRUE,FALSE,"Springer Nature","Journal of the Academy of Marketing Science","0092-0703","0092-0703","1552-7824","0092-0703","https://creativecommons.org/licenses/by/4.0",TRUE,NA,NA,NA,NA,FALSE,"sn2024deal","04t3en479_sn2024deal_2024"
"KIT",2024,NA,"10.1007/s41064-024-00280-4",TRUE,FALSE,"Springer Nature","PFG – Journal of Photogrammetry, Remote Sensing and Geoinformation Science","2512-2789","2512-2789","2512-2819","2512-2789","https://creativecommons.org/licenses/by/4.0",TRUE,NA,NA,NA,NA,FALSE,"sn2024deal","04t3en479_sn2024deal_2024"
"KIT",2024,NA,"10.1007/s12274-024-6671-9",TRUE,FALSE,"Springer Nature","Nano Research","1998-0124","1998-0124","1998-0000","1998-0000","https://creativecommons.org/licenses/by/4.0",TRUE,NA,NA,NA,NA,TRUE,"sn2024deal","04t3en479_sn2024deal_2024"
"KIT",2024,NA,"10.1007/s00376-024-4219-2",TRUE,FALSE,"Springer Nature","Advances in Atmospheric Sciences","0256-1530","0256-1530","1861-9533","0256-1530","https://creativecommons.org/licenses/by/4.0",TRUE,NA,NA,NA,NA,FALSE,"sn2024deal","04t3en479_sn2024deal_2024"
"KIT",2024,NA,"10.1007/s00170-024-14887-9",TRUE,FALSE,"Springer Nature","The International Journal of Advanced Manufacturing Technology","0268-3768","0268-3768","1433-3015","0268-3768","https://creativecommons.org/licenses/by/4.0",TRUE,NA,NA,NA,NA,FALSE,"sn2024deal","04t3en479_sn2024deal_2024"
"KIT",2024,NA,"10.1007/s10711-024-00892-5",TRUE,FALSE,"Springer Nature","Geometriae Dedicata","0046-5755","0046-5755","1572-9168","0046-5755","https://creativecommons.org/licenses/by/4.0",TRUE,NA,NA,NA,NA,FALSE,"sn2024deal","04t3en479_sn2024deal_2024"
"KIT",2024,NA,"10.1007/s10455-024-09946-z",TRUE,FALSE,"Springer Nature","Annals of Global Analysis and Geometry","0232-704X","0232-704X","1572-9060","0232-704X","https://creativecommons.org/licenses/by/4.0",TRUE,NA,NA,NA,NA,FALSE,"sn2024deal","04t3en479_sn2024deal_2024"
"KIT",2024,NA,"10.1007/s12662-024-00955-5",TRUE,FALSE,"Springer Nature","German Journal of Exercise and Sport Research","2509-3142","2509-3142","2509-3150","2509-3150","https://creativecommons.org/licenses/by/4.0",TRUE,NA,NA,NA,NA,FALSE,"sn2024deal","04t3en479_sn2024deal_2024"
"KIT",2024,NA,"10.1007/s10909-024-03048-7",TRUE,FALSE,"Springer Nature","Journal of Low Temperature Physics","0022-2291","0022-2291","1573-7357","0022-2291","https://creativecommons.org/licenses/by/4.0",TRUE,NA,NA,NA,NA,FALSE,"sn2024deal","04t3en479_sn2024deal_2024"
"KIT",2024,NA,"10.1007/s11265-024-01939-2",TRUE,FALSE,"Springer Nature","Journal of Signal Processing Systems","1939-8018","1939-8018","1939-8115","1939-8115","https://creativecommons.org/licenses/by/4.0",TRUE,NA,NA,NA,NA,FALSE,"sn2024deal","04t3en479_sn2024deal_2024"
"KIT",2024,NA,"10.1007/s00138-023-01501-3",TRUE,FALSE,"Springer Nature","Machine Vision and Applications","0932-8092","0932-8092","1432-1769","0932-8092","https://creativecommons.org/licenses/by/4.0",TRUE,NA,NA,NA,NA,FALSE,"sn2024deal","04t3en479_sn2024deal_2024"
"KIT",2024,NA,"10.1007/s10950-024-10241-4",TRUE,FALSE,"Springer Nature","Journal of Seismology","1383-4649","1383-4649","1573-157X","1383-4649","https://creativecommons.org/licenses/by/4.0",TRUE,NA,NA,NA,NA,FALSE,"sn2024deal","04t3en479_sn2024deal_2024"
"KIT",2024,NA,"10.1007/s12599-024-00858-7",TRUE,FALSE,"Springer Nature","Business & Information Systems Engineering","2363-7005","2363-7005","1867-0202","1867-0202","https://creativecommons.org/licenses/by/4.0",TRUE,NA,NA,NA,NA,FALSE,"sn2024deal","04t3en479_sn2024deal_2024"
"KIT",2024,NA,"10.1007/s40964-024-00811-w",TRUE,FALSE,"Springer Nature","Progress in Additive Manufacturing","2363-9512","2363-9512","2363-9520","2363-9520","https://creativecommons.org/licenses/by/4.0",TRUE,NA,NA,NA,NA,FALSE,"sn2024deal","04t3en479_sn2024deal_2024"
"KIT",2024,NA,"10.1007/s10494-024-00555-1",TRUE,FALSE,"Springer Nature","Flow, Turbulence and Combustion","1386-6184","1386-6184","1573-1987","1386-6184","https://creativecommons.org/licenses/by/4.0",TRUE,NA,NA,NA,NA,FALSE,"sn2024deal","04t3en479_sn2024deal_2024"
"KIT",2024,NA,"10.1007/s10845-024-02472-6",TRUE,FALSE,"Springer Nature","Journal of Intelligent Manufacturing","0956-5515","0956-5515","1572-8145","0956-5515","https://creativecommons.org/licenses/by/4.0",TRUE,NA,NA,NA,NA,FALSE,"sn2024deal","04t3en479_sn2024deal_2024"
"KIT",2024,NA,"10.1140/epjs/s11734-024-01402-0",TRUE,FALSE,"Springer Nature","The European Physical Journal Special Topics","1951-6355","1951-6355","1951-6401","1951-6355","https://creativecommons.org/licenses/by/4.0",TRUE,NA,NA,NA,NA,FALSE,"sn2024deal","04t3en479_sn2024deal_2024"
"KIT",2024,NA,"10.1007/s00291-023-00739-7",TRUE,FALSE,"Springer Nature","OR Spectrum","0171-6468","0171-6468","1436-6304","0171-6468","https://creativecommons.org/licenses/by/4.0",TRUE,NA,NA,NA,NA,FALSE,"sn2024deal","04t3en479_sn2024deal_2024"
"KIT",2024,NA,"10.1007/s41693-024-00130-0",TRUE,FALSE,"Springer Nature","Construction Robotics","2509-811X","2509-811X","2509-8780","2509-8780","https://creativecommons.org/licenses/by/4.0",TRUE,NA,NA,NA,NA,FALSE,"sn2024deal","04t3en479_sn2024deal_2024"
"KIT",2024,NA,"10.1007/s12138-024-00665-1",TRUE,FALSE,"Springer Nature","International Journal of the Classical Tradition","1073-0508","1073-0508","1874-6292","1073-0508","https://creativecommons.org/licenses/by/4.0",TRUE,NA,NA,NA,NA,FALSE,"sn2024deal","04t3en479_sn2024deal_2024"
"KIT",2024,NA,"10.1007/s10909-024-03213-y",TRUE,FALSE,"Springer Nature","Journal of Low Temperature Physics","0022-2291","0022-2291","1573-7357","0022-2291","https://creativecommons.org/licenses/by/4.0",TRUE,NA,NA,NA,NA,FALSE,"sn2024deal","04t3en479_sn2024deal_2024"
"KIT",2024,NA,"10.1007/s11356-024-33394-8",TRUE,FALSE,"Springer Nature","Environmental Science and Pollution Research","1614-7499",NA,"1614-7499","0944-1344","https://creativecommons.org/licenses/by/4.0",TRUE,"38649602","PMC11512915",NA,NA,FALSE,"sn2024deal","04t3en479_sn2024deal_2024"
"KIT",2024,NA,"10.1007/s10973-024-13630-6",TRUE,FALSE,"Springer Nature","Journal of Thermal Analysis and Calorimetry","1388-6150","1388-6150","1588-2926","1388-6150","https://creativecommons.org/licenses/by/4.0",TRUE,NA,NA,NA,NA,FALSE,"sn2024deal","04t3en479_sn2024deal_2024"
"KIT",2024,NA,"10.1007/s12268-024-2089-x",TRUE,FALSE,"Springer Nature","BIOspektrum","0947-0867","0947-0867","1868-6249","0947-0867","https://creativecommons.org/licenses/by/4.0",TRUE,NA,NA,NA,NA,FALSE,"sn2024deal","04t3en479_sn2024deal_2024"
"KIT",2024,NA,"10.1007/s11740-024-01266-2",TRUE,FALSE,"Springer Nature","Production Engineering","0944-6524","0944-6524","1863-7353","0944-6524","https://creativecommons.org/licenses/by/4.0",TRUE,NA,NA,NA,NA,FALSE,"sn2024deal","04t3en479_sn2024deal_2024"
"KIT",2024,NA,"10.1007/s11004-024-10163-4",TRUE,FALSE,"Springer Nature","Mathematical Geosciences","1874-8961","1874-8961","1874-8953","1874-8953","https://creativecommons.org/licenses/by/4.0",TRUE,NA,NA,NA,NA,FALSE,"sn2024deal","04t3en479_sn2024deal_2024"
"KIT",2024,NA,"10.1007/s11012-024-01806-1",TRUE,FALSE,"Springer Nature","Meccanica","0025-6455","0025-6455","1572-9648","0025-6455","https://creativecommons.org/licenses/by/4.0",TRUE,NA,NA,NA,NA,FALSE,"sn2024deal","04t3en479_sn2024deal_2024"
"KIT",2024,NA,"10.1007/s10585-024-10292-4",TRUE,FALSE,"Springer Nature","Clinical & Experimental Metastasis","0262-0898","0262-0898","1573-7276","0262-0898","https://creativecommons.org/licenses/by/4.0",TRUE,"38761292","PMC11499327",NA,NA,FALSE,"sn2024deal","04t3en479_sn2024deal_2024"
"KIT",2024,NA,"10.1007/s00163-024-00433-x",TRUE,FALSE,"Springer Nature","Research in Engineering Design","0934-9839","0934-9839","1435-6066","0934-9839","https://creativecommons.org/licenses/by/4.0",TRUE,NA,NA,NA,NA,FALSE,"sn2024deal","04t3en479_sn2024deal_2024"
"KIT",2024,NA,"10.1007/s10623-024-01432-8",TRUE,FALSE,"Springer Nature","Designs, Codes and Cryptography","0925-1022","0925-1022","1573-7586","0925-1022","https://creativecommons.org/licenses/by/4.0",TRUE,NA,NA,NA,NA,FALSE,"sn2024deal","04t3en479_sn2024deal_2024"
"KIT",2024,NA,"10.1007/s10489-024-05346-9",TRUE,FALSE,"Springer Nature","Applied Intelligence","0924-669X","0924-669X","1573-7497","0924-669X","https://creativecommons.org/licenses/by/4.0",TRUE,NA,NA,NA,NA,FALSE,"sn2024deal","04t3en479_sn2024deal_2024"
"KIT",2024,NA,"10.1007/s00028-024-01015-z",TRUE,FALSE,"Springer Nature","Journal of Evolution Equations","1424-3199","1424-3199","1424-3202","1424-3199","https://creativecommons.org/licenses/by/4.0",TRUE,NA,NA,NA,NA,FALSE,"sn2024deal","04t3en479_sn2024deal_2024"
"KIT",2024,NA,"10.1007/s10845-024-02385-4",TRUE,FALSE,"Springer Nature","Journal of Intelligent Manufacturing","0956-5515","0956-5515","1572-8145","0956-5515","https://creativecommons.org/licenses/by/4.0",TRUE,NA,NA,NA,NA,FALSE,"sn2024deal","04t3en479_sn2024deal_2024"
"KIT",2024,NA,"10.1007/s11071-024-09532-9",TRUE,FALSE,"Springer Nature","Nonlinear Dynamics","0924-090X","0924-090X","1573-269X","0924-090X","https://creativecommons.org/licenses/by/4.0",TRUE,NA,NA,NA,NA,FALSE,"sn2024deal","04t3en479_sn2024deal_2024"
"KIT",2024,NA,"10.1007/s10670-024-00853-0",TRUE,FALSE,"Springer Nature","Erkenntnis","0165-0106","0165-0106","1572-8420","0165-0106","https://creativecommons.org/licenses/by/4.0",TRUE,NA,NA,NA,NA,FALSE,"sn2024deal","04t3en479_sn2024deal_2024"
"KIT",2024,NA,"10.1007/s12268-024-2079-z",TRUE,FALSE,"Springer Nature","BIOspektrum","0947-0867","0947-0867","1868-6249","0947-0867","https://creativecommons.org/licenses/by/4.0",TRUE,NA,NA,NA,NA,FALSE,"sn2024deal","04t3en479_sn2024deal_2024"
"KIT",2024,NA,"10.1007/s00531-024-02394-x",TRUE,FALSE,"Springer Nature","International Journal of Earth Sciences","1437-3254","1437-3254","1437-3262","1437-3254","https://creativecommons.org/licenses/by/4.0",TRUE,NA,NA,NA,NA,FALSE,"sn2024deal","04t3en479_sn2024deal_2024"
"KIT",2024,NA,"10.1007/s00348-023-03741-5",TRUE,FALSE,"Springer Nature","Experiments in Fluids","0723-4864","0723-4864","1432-1114","0723-4864","https://creativecommons.org/licenses/by/4.0",TRUE,NA,NA,NA,NA,FALSE,"sn2024deal","04t3en479_sn2024deal_2024"
"KIT",2024,NA,"10.1007/s10909-024-03079-0",TRUE,FALSE,"Springer Nature","Journal of Low Temperature Physics","0022-2291","0022-2291","1573-7357","0022-2291","https://creativecommons.org/licenses/by/4.0",TRUE,NA,NA,NA,NA,FALSE,"sn2024deal","04t3en479_sn2024deal_2024"
"KIT",2024,NA,"10.1007/s40279-024-02016-1",TRUE,FALSE,"Springer Nature","Sports Medicine","0112-1642","0112-1642","1179-2035","0112-1642","https://creativecommons.org/licenses/by/4.0",TRUE,"38705972","PMC11239742",NA,NA,FALSE,"sn2024deal","04t3en479_sn2024deal_2024"
"KIT",2024,NA,"10.1007/s10950-024-10257-w",TRUE,FALSE,"Springer Nature","Journal of Seismology","1383-4649","1383-4649","1573-157X","1383-4649","https://creativecommons.org/licenses/by/4.0",TRUE,NA,NA,NA,NA,FALSE,"sn2024deal","04t3en479_sn2024deal_2024"
"KIT",2024,NA,"10.1007/s12662-023-00930-6",TRUE,FALSE,"Springer Nature","German Journal of Exercise and Sport Research","2509-3142","2509-3142","2509-3150","2509-3150","https://creativecommons.org/licenses/by/4.0",TRUE,NA,NA,NA,NA,FALSE,"sn2024deal","04t3en479_sn2024deal_2024"
"KIT",2024,NA,"10.1007/s10909-024-03049-6",TRUE,FALSE,"Springer Nature","Journal of Low Temperature Physics","0022-2291","0022-2291","1573-7357","0022-2291","https://creativecommons.org/licenses/by/4.0",TRUE,NA,NA,NA,NA,FALSE,"sn2024deal","04t3en479_sn2024deal_2024"
"KIT",2024,NA,"10.1007/s11740-024-01273-3",TRUE,FALSE,"Springer Nature","Production Engineering","0944-6524","0944-6524","1863-7353","0944-6524","https://creativecommons.org/licenses/by/4.0",TRUE,NA,NA,NA,NA,FALSE,"sn2024deal","04t3en479_sn2024deal_2024"
"KIT",2024,NA,"10.1007/s00217-024-04570-4",TRUE,FALSE,"Springer Nature","European Food Research and Technology","1438-2377","1438-2377","1438-2385","1438-2377","https://creativecommons.org/licenses/by/4.0",TRUE,NA,NA,NA,NA,FALSE,"sn2024deal","04t3en479_sn2024deal_2024"
"KIT",2024,NA,"10.1007/s12662-024-01004-x",TRUE,FALSE,"Springer Nature","German Journal of Exercise and Sport Research","2509-3142","2509-3142","2509-3150","2509-3150","https://creativecommons.org/licenses/by/4.0",TRUE,NA,NA,NA,NA,FALSE,"sn2024deal","04t3en479_sn2024deal_2024"
"KIT",2024,NA,"10.1007/s11229-024-04571-6",TRUE,FALSE,"Springer Nature","Synthese","1573-0964",NA,"1573-0964","0039-7857","https://creativecommons.org/licenses/by/4.0",TRUE,NA,NA,NA,NA,FALSE,"sn2024deal","04t3en479_sn2024deal_2024"
"KIT",2024,NA,"10.1007/s00466-024-02499-9",TRUE,FALSE,"Springer Nature","Computational Mechanics","0178-7675","0178-7675","1432-0924","0178-7675","https://creativecommons.org/licenses/by/4.0",TRUE,NA,NA,NA,NA,FALSE,"sn2024deal","04t3en479_sn2024deal_2024"
"KIT",2024,NA,"10.1007/s11740-024-01268-0",TRUE,FALSE,"Springer Nature","Production Engineering","0944-6524","0944-6524","1863-7353","0944-6524","https://creativecommons.org/licenses/by/4.0",TRUE,NA,NA,NA,NA,FALSE,"sn2024deal","04t3en479_sn2024deal_2024"
"KIT",2024,NA,"10.1007/s10909-024-03180-4",TRUE,FALSE,"Springer Nature","Journal of Low Temperature Physics","0022-2291","0022-2291","1573-7357","0022-2291","https://creativecommons.org/licenses/by/4.0",TRUE,NA,NA,NA,NA,FALSE,"sn2024deal","04t3en479_sn2024deal_2024"
"KIT",2024,NA,"10.1007/s40328-024-00446-x",TRUE,FALSE,"Springer Nature","Acta Geodaetica et Geophysica","2213-5812","2213-5812","2213-5820","2213-5812","https://creativecommons.org/licenses/by/4.0",TRUE,NA,NA,NA,NA,FALSE,"sn2024deal","04t3en479_sn2024deal_2024"
"KIT",2024,NA,"10.1007/s10762-024-01022-8",TRUE,FALSE,"Springer Nature","Journal of Infrared, Millimeter, and Terahertz Waves","1866-6892","1866-6892","1866-6906","1866-6892","https://creativecommons.org/licenses/by/4.0",TRUE,NA,NA,NA,NA,FALSE,"sn2024deal","04t3en479_sn2024deal_2024"
"KIT",2024,NA,"10.1007/s11998-023-00877-1",TRUE,FALSE,"Springer Nature","Journal of Coatings Technology and Research","1547-0091","1547-0091","1935-3804","1547-0091","https://creativecommons.org/licenses/by/4.0",TRUE,NA,NA,NA,NA,FALSE,"sn2024deal","04t3en479_sn2024deal_2024"
"KIT",2024,NA,"10.1007/s00704-024-05179-z",TRUE,FALSE,"Springer Nature","Theoretical and Applied Climatology","0177-798X","0177-798X","1434-4483","0177-798X","https://creativecommons.org/licenses/by/4.0",TRUE,NA,NA,NA,NA,FALSE,"sn2024deal","04t3en479_sn2024deal_2024"
"KIT",2024,NA,"10.1007/s11740-024-01314-x",TRUE,FALSE,"Springer Nature","Production Engineering","0944-6524","0944-6524","1863-7353","0944-6524","https://creativecommons.org/licenses/by/4.0",TRUE,NA,NA,NA,NA,FALSE,"sn2024deal","04t3en479_sn2024deal_2024"
"KIT",2024,NA,"10.1007/s12525-024-00705-3",TRUE,FALSE,"Springer Nature","Electronic Markets","1019-6781","1019-6781","1422-8890","1019-6781","https://creativecommons.org/licenses/by/4.0",TRUE,NA,NA,NA,NA,FALSE,"sn2024deal","04t3en479_sn2024deal_2024"
"KIT",2024,NA,"10.1007/s11081-024-09936-x",TRUE,FALSE,"Springer Nature","Optimization and Engineering","1389-4420","1389-4420","1573-2924","1389-4420","https://creativecommons.org/licenses/by/4.0",TRUE,NA,NA,NA,NA,FALSE,"sn2024deal","04t3en479_sn2024deal_2024"
"KIT",2024,NA,"10.1007/s10494-023-00526-y",TRUE,FALSE,"Springer Nature","Flow, Turbulence and Combustion","1386-6184","1386-6184","1573-1987","1386-6184","https://creativecommons.org/licenses/by/4.0",TRUE,NA,NA,NA,NA,FALSE,"sn2024deal","04t3en479_sn2024deal_2024"
"KIT",2024,NA,"10.1007/s10098-024-02892-1",TRUE,FALSE,"Springer Nature","Clean Technologies and Environmental Policy","1618-954X","1618-954X","1618-9558","1618-954X","https://creativecommons.org/licenses/by/4.0",TRUE,NA,NA,NA,NA,FALSE,"sn2024deal","04t3en479_sn2024deal_2024"
"KIT",2024,NA,"10.1007/s12525-024-00692-5",TRUE,FALSE,"Springer Nature","Electronic Markets","1019-6781","1019-6781","1422-8890","1019-6781","https://creativecommons.org/licenses/by/4.0",TRUE,NA,NA,NA,NA,FALSE,"sn2024deal","04t3en479_sn2024deal_2024"
"KIT",2024,NA,"10.1007/s00466-024-02490-4",TRUE,FALSE,"Springer Nature","Computational Mechanics","0178-7675","0178-7675","1432-0924","0178-7675","https://creativecommons.org/licenses/by/4.0",TRUE,NA,NA,NA,NA,FALSE,"sn2024deal","04t3en479_sn2024deal_2024"
"KIT",2024,NA,"10.1007/s11625-023-01453-7",TRUE,FALSE,"Springer Nature","Sustainability Science","1862-4065","1862-4065","1862-4057","1862-4057","https://creativecommons.org/licenses/by/4.0",TRUE,NA,NA,NA,NA,FALSE,"sn2024deal","04t3en479_sn2024deal_2024"
"KIT",2024,NA,"10.1007/s00348-024-03797-x",TRUE,FALSE,"Springer Nature","Experiments in Fluids","0723-4864","0723-4864","1432-1114","0723-4864","https://creativecommons.org/licenses/by/4.0",TRUE,NA,NA,NA,NA,FALSE,"sn2024deal","04t3en479_sn2024deal_2024"
"KIT",2024,NA,"10.1007/s40314-024-02861-w",TRUE,FALSE,"Springer Nature","Computational and Applied Mathematics","2238-3603","2238-3603","1807-0302","1807-0302","https://creativecommons.org/licenses/by/4.0",TRUE,NA,NA,NA,NA,FALSE,"sn2024deal","04t3en479_sn2024deal_2024"
"KIT",2024,NA,"10.1007/s10901-024-10164-z",TRUE,FALSE,"Springer Nature","Journal of Housing and the Built Environment","1566-4910","1566-4910","1573-7772","1566-4910","https://creativecommons.org/licenses/by/4.0",TRUE,NA,NA,NA,NA,FALSE,"sn2024deal","04t3en479_sn2024deal_2024"
"KIT",2024,NA,"10.1007/s10842-024-00431-8",TRUE,FALSE,"Springer Nature","Journal of Industry, Competition and Trade","1566-1679","1566-1679","1573-7012","1566-1679","https://creativecommons.org/licenses/by/4.0",TRUE,NA,NA,NA,NA,FALSE,"sn2024deal","04t3en479_sn2024deal_2024"
"KIT",2024,NA,"10.1007/s10049-023-01254-6",TRUE,FALSE,"Springer Nature","Notfall + Rettungsmedizin","1434-6222","1434-6222","1436-0578","1434-6222","https://creativecommons.org/licenses/by/4.0",TRUE,NA,NA,NA,NA,FALSE,"sn2024deal","04t3en479_sn2024deal_2024"
"KIT",2024,NA,"10.1007/s11301-024-00417-0",TRUE,FALSE,"Springer Nature","Management Review Quarterly","2198-1620","2198-1620","2198-1639","2198-1639","https://creativecommons.org/licenses/by/4.0",TRUE,NA,NA,NA,NA,FALSE,"sn2024deal","04t3en479_sn2024deal_2024"
"KIT",2024,NA,"10.1007/s00373-024-02831-3",TRUE,FALSE,"Springer Nature","Graphs and Combinatorics","0911-0119","0911-0119","1435-5914","0911-0119","https://creativecommons.org/licenses/by/4.0",TRUE,NA,NA,NA,NA,FALSE,"sn2024deal","04t3en479_sn2024deal_2024"
"KIT",2024,NA,"10.1007/s11083-024-09663-z",TRUE,FALSE,"Springer Nature","Order","0167-8094","0167-8094","1572-9273","0167-8094","https://creativecommons.org/licenses/by/4.0",TRUE,NA,NA,NA,NA,FALSE,"sn2024deal","04t3en479_sn2024deal_2024"
"KIT",2024,NA,"10.1007/s10955-024-03256-1",TRUE,FALSE,"Springer Nature","Journal of Statistical Physics","1572-9613",NA,"1572-9613","0022-4715","https://creativecommons.org/licenses/by/4.0",TRUE,NA,NA,NA,NA,FALSE,"sn2024deal","04t3en479_sn2024deal_2024"
"KIT",2024,NA,"10.1007/s11740-024-01271-5",TRUE,FALSE,"Springer Nature","Production Engineering","0944-6524","0944-6524","1863-7353","0944-6524","https://creativecommons.org/licenses/by/4.0",TRUE,NA,NA,NA,NA,FALSE,"sn2024deal","04t3en479_sn2024deal_2024"
"KIT",2024,NA,"10.1007/s10443-024-10268-3",TRUE,FALSE,"Springer Nature","Applied Composite Materials","0929-189X","0929-189X","1573-4897","0929-189X","https://creativecommons.org/licenses/by/4.0",TRUE,NA,NA,NA,NA,FALSE,"sn2024deal","04t3en479_sn2024deal_2024"
"KIT",2024,NA,"10.1007/s10639-024-12954-y",TRUE,FALSE,"Springer Nature","Education and Information Technologies","1360-2357","1360-2357","1573-7608","1360-2357","https://creativecommons.org/licenses/by/4.0",TRUE,NA,NA,NA,NA,FALSE,"sn2024deal","04t3en479_sn2024deal_2024"
"KIT",2024,NA,"10.1007/s00374-024-01865-2",TRUE,FALSE,"Springer Nature","Biology and Fertility of Soils","0178-2762","0178-2762","1432-0789","0178-2762","https://creativecommons.org/licenses/by/4.0",TRUE,NA,NA,NA,NA,FALSE,"sn2024deal","04t3en479_sn2024deal_2024"
"KIT",2024,NA,"10.1007/s00453-024-01222-7",TRUE,FALSE,"Springer Nature","Algorithmica","0178-4617","0178-4617","1432-0541","0178-4617","https://creativecommons.org/licenses/by/4.0",TRUE,NA,NA,NA,NA,FALSE,"sn2024deal","04t3en479_sn2024deal_2024"
"KIT",2024,NA,"10.1007/s11740-023-01258-8",TRUE,FALSE,"Springer Nature","Production Engineering","0944-6524","0944-6524","1863-7353","0944-6524","https://creativecommons.org/licenses/by/4.0",TRUE,NA,NA,NA,NA,FALSE,"sn2024deal","04t3en479_sn2024deal_2024"
"KIT",2024,NA,"10.1007/s10040-024-02810-1",TRUE,FALSE,"Springer Nature","Hydrogeology Journal","1431-2174","1431-2174","1435-0157","1431-2174","https://creativecommons.org/licenses/by/4.0",TRUE,NA,NA,NA,NA,FALSE,"sn2024deal","04t3en479_sn2024deal_2024"
"KIT",2024,NA,"10.1007/s10040-024-02811-0",TRUE,FALSE,"Springer Nature","Hydrogeology Journal","1431-2174","1431-2174","1435-0157","1431-2174","https://creativecommons.org/licenses/by/4.0",TRUE,NA,NA,NA,NA,FALSE,"sn2024deal","04t3en479_sn2024deal_2024"
"KIT",2024,NA,"10.1007/s40830-024-00484-y",TRUE,FALSE,"Springer Nature","Shape Memory and Superelasticity","2199-384X","2199-384X","2199-3858","2199-384X","https://creativecommons.org/licenses/by/4.0",TRUE,NA,NA,NA,NA,FALSE,"sn2024deal","04t3en479_sn2024deal_2024"
"KIT",2024,NA,"10.1007/s10494-024-00549-z",TRUE,FALSE,"Springer Nature","Flow, Turbulence and Combustion","1386-6184","1386-6184","1573-1987","1386-6184","https://creativecommons.org/licenses/by/4.0",TRUE,NA,NA,NA,NA,FALSE,"sn2024deal","04t3en479_sn2024deal_2024"
"KIT",2024,NA,"10.1007/s11630-024-1993-1",TRUE,FALSE,"Springer Nature","Journal of Thermal Science","1003-2169","1003-2169","1993-033X","1003-2169","https://creativecommons.org/licenses/by/4.0",TRUE,NA,NA,NA,NA,FALSE,"sn2024deal","04t3en479_sn2024deal_2024"
"KIT",2024,NA,"10.1007/s00531-024-02429-3",TRUE,FALSE,"Springer Nature","International Journal of Earth Sciences","1437-3254","1437-3254","1437-3262","1437-3254","https://creativecommons.org/licenses/by/4.0",TRUE,NA,NA,NA,NA,FALSE,"sn2024deal","04t3en479_sn2024deal_2024"
"KIT",2024,NA,"10.1007/s00231-024-03524-6",TRUE,FALSE,"Springer Nature","Heat and Mass Transfer","0947-7411","0947-7411","1432-1181","0947-7411","https://creativecommons.org/licenses/by/4.0",TRUE,NA,NA,NA,NA,FALSE,"sn2024deal","04t3en479_sn2024deal_2024"
"KIT",2024,NA,"10.1007/s12662-024-00970-6",TRUE,FALSE,"Springer Nature","German Journal of Exercise and Sport Research","2509-3142","2509-3142","2509-3150","2509-3150","https://creativecommons.org/licenses/by/4.0",TRUE,NA,NA,NA,NA,FALSE,"sn2024deal","04t3en479_sn2024deal_2024"
