institution;period;euro (Bruttopreise);doi;is_hybrid
Aachen FH;2024;2.119,49;10.1016/j.icarus.2023.115852;TRUE
Aachen FH;2024;2.119,50;10.1016/j.snb.2024.135530;TRUE
Aachen FH;2024;2.119,49;10.1016/j.bios.2024.116491;TRUE
Aachen FH;2024;2.119,49;10.1016/j.microc.2024.110859;TRUE
Aachen FH;2024;2.119,49;10.1016/j.microc.2024.112116;TRUE
Aachen FH;2024;2.119,49;10.1016/j.jmva.2024.105384;TRUE
