"institution","period","euro","doi","is_hybrid","opt_out","publisher","journal_full_title","issn","issn_print","issn_electronic","issn_l","license_ref","indexed_in_crossref","pmid","pmcid","ut","url","doaj","agreement","group_id"
"Kiel U",2024,NA,"10.1016/j.injury.2024.111876",TRUE,FALSE,"Elsevier BV","Injury","0020-1383","0020-1383",NA,"0020-1383","http://creativecommons.org/licenses/by-nc-nd/4.0/",TRUE,"39423668",NA,NA,NA,FALSE,"els2023deal","04v76ef78_els2023deal_2024"
"Kiel U",2024,NA,"10.1016/j.medin.2023.09.009",TRUE,FALSE,"Elsevier BV","Medicina Intensiva","0210-5691","0210-5691",NA,"0210-5691","http://creativecommons.org/licenses/by-nc-nd/4.0/",TRUE,NA,NA,NA,NA,FALSE,"els2023deal","04v76ef78_els2023deal_2024"
"Kiel U",2024,NA,"10.1016/j.geoen.2024.213030",TRUE,FALSE,"Elsevier BV","Geoenergy Science and Engineering","2949-8910","2949-8910",NA,"2949-8910","http://creativecommons.org/licenses/by/4.0/",TRUE,NA,NA,NA,NA,FALSE,"els2023deal","04v76ef78_els2023deal_2024"
"Kiel U",2024,NA,"10.1016/j.cej.2024.157721",TRUE,FALSE,"Elsevier BV","Chemical Engineering Journal","1385-8947","1385-8947",NA,"1385-8947","http://creativecommons.org/licenses/by/4.0/",TRUE,NA,NA,NA,NA,FALSE,"els2023deal","04v76ef78_els2023deal_2024"
"Kiel U",2024,NA,"10.1016/j.fuel.2024.131828",TRUE,FALSE,"Elsevier BV","Fuel","0016-2361","0016-2361",NA,"0016-2361","http://creativecommons.org/licenses/by/4.0/",TRUE,NA,NA,NA,NA,FALSE,"els2023deal","04v76ef78_els2023deal_2024"
"Kiel U",2024,NA,"10.1016/j.ijbiomac.2024.137139",TRUE,FALSE,"Elsevier BV","International Journal of Biological Macromolecules","0141-8130","0141-8130",NA,"0141-8130","http://creativecommons.org/licenses/by/4.0/",TRUE,"39488312",NA,NA,NA,FALSE,"els2023deal","04v76ef78_els2023deal_2024"
"Kiel U",2024,NA,"10.1016/j.energy.2024.133476",TRUE,FALSE,"Elsevier BV","Energy","0360-5442","0360-5442",NA,"0360-5442","http://creativecommons.org/licenses/by/4.0/",TRUE,NA,NA,NA,NA,FALSE,"els2023deal","04v76ef78_els2023deal_2024"
"Kiel U",2024,NA,"10.1016/j.geoen.2024.213258",TRUE,FALSE,"Elsevier BV","Geoenergy Science and Engineering","2949-8910","2949-8910",NA,"2949-8910","http://creativecommons.org/licenses/by/4.0/",TRUE,NA,NA,NA,NA,FALSE,"els2023deal","04v76ef78_els2023deal_2024"
"Kiel U",2024,NA,"10.1016/j.vacuum.2024.113794",TRUE,FALSE,"Elsevier BV","Vacuum","0042-207X","0042-207X",NA,"0042-207X","http://creativecommons.org/licenses/by/4.0/",TRUE,NA,NA,NA,NA,FALSE,"els2023deal","04v76ef78_els2023deal_2024"
"Kiel U",2024,NA,"10.1016/j.jeem.2024.102947",TRUE,FALSE,"Elsevier BV","Journal of Environmental Economics and Management","0095-0696","0095-0696",NA,"0095-0696","http://creativecommons.org/licenses/by/4.0/",TRUE,NA,NA,NA,NA,FALSE,"els2023deal","04v76ef78_els2023deal_2024"
"Kiel U",2024,NA,"10.1016/j.geoen.2024.212659",TRUE,FALSE,"Elsevier BV","Geoenergy Science and Engineering","2949-8910","2949-8910",NA,"2949-8910","http://creativecommons.org/licenses/by-nc-nd/4.0/",TRUE,NA,NA,NA,NA,FALSE,"els2023deal","04v76ef78_els2023deal_2024"
"Kiel U",2024,NA,"10.1016/j.geoen.2024.212978",TRUE,FALSE,"Elsevier BV","Geoenergy Science and Engineering","2949-8910","2949-8910",NA,"2949-8910","http://creativecommons.org/licenses/by/4.0/",TRUE,NA,NA,NA,NA,FALSE,"els2023deal","04v76ef78_els2023deal_2024"
"Kiel U",2024,NA,"10.1016/j.jallcom.2024.175385",TRUE,FALSE,"Elsevier BV","Journal of Alloys and Compounds","0925-8388","0925-8388",NA,"0925-8388","http://creativecommons.org/licenses/by-nc/4.0/",TRUE,NA,NA,NA,NA,FALSE,"els2023deal","04v76ef78_els2023deal_2024"
"Kiel U",2024,NA,"10.1016/j.sleep.2024.06.001",TRUE,FALSE,"Elsevier BV","Sleep Medicine","1389-9457","1389-9457",NA,"1389-9457","http://creativecommons.org/licenses/by/4.0/",TRUE,"38908269",NA,NA,NA,FALSE,"els2023deal","04v76ef78_els2023deal_2024"
"Kiel U",2024,NA,"10.1016/j.marpolbul.2024.116884",TRUE,FALSE,"Elsevier BV","Marine Pollution Bulletin","0025-326X","0025-326X",NA,"0025-326X","http://creativecommons.org/licenses/by/4.0/",TRUE,"39244888",NA,NA,NA,FALSE,"els2023deal","04v76ef78_els2023deal_2024"
"Kiel U",2024,NA,"10.1016/j.prosdent.2024.01.022",TRUE,FALSE,"Elsevier BV","The Journal of Prosthetic Dentistry","0022-3913","0022-3913",NA,"0022-3913","http://creativecommons.org/licenses/by/4.0/",TRUE,"38402134",NA,NA,NA,FALSE,"els2023deal","04v76ef78_els2023deal_2024"
"Kiel U",2024,NA,"10.1016/j.iccn.2024.103867",TRUE,FALSE,"Elsevier BV","Intensive and Critical Care Nursing","0964-3397","0964-3397",NA,"0964-3397","http://creativecommons.org/licenses/by-nc/4.0/",TRUE,"39467479",NA,NA,NA,FALSE,"els2023deal","04v76ef78_els2023deal_2024"
"Kiel U",2024,NA,"10.1053/j.gastro.2024.10.016",TRUE,FALSE,"Elsevier BV","Gastroenterology","0016-5085","0016-5085",NA,"0016-5085","http://creativecommons.org/licenses/by-nc-nd/4.0/",TRUE,"39426489",NA,NA,NA,FALSE,"els2023deal","04v76ef78_els2023deal_2024"
"Kiel U",2024,NA,"10.1016/j.ijggc.2023.104028",TRUE,FALSE,"Elsevier BV","International Journal of Greenhouse Gas Control","1750-5836","1750-5836",NA,"1878-0148","http://creativecommons.org/licenses/by/4.0/",TRUE,NA,NA,NA,NA,FALSE,"els2023deal","04v76ef78_els2023deal_2024"
"Kiel U",2024,NA,"10.1016/j.sleep.2024.03.025",TRUE,FALSE,"Elsevier BV","Sleep Medicine","1389-9457","1389-9457",NA,"1389-9457","http://creativecommons.org/licenses/by/4.0/",TRUE,"38613859",NA,NA,NA,FALSE,"els2023deal","04v76ef78_els2023deal_2024"
"Kiel U",2024,NA,"10.1016/j.iccn.2024.103661",TRUE,FALSE,"Elsevier BV","Intensive and Critical Care Nursing","0964-3397","0964-3397",NA,"0964-3397","http://creativecommons.org/licenses/by-nc-nd/4.0/",TRUE,"38394982",NA,NA,NA,FALSE,"els2023deal","04v76ef78_els2023deal_2024"
"Kiel U",2024,NA,"10.1016/j.ijcard.2024.132420",TRUE,FALSE,"Elsevier BV","International Journal of Cardiology","0167-5273","0167-5273",NA,"0167-5273","http://creativecommons.org/licenses/by-nc-nd/4.0/",TRUE,"39098614",NA,NA,NA,FALSE,"els2023deal","04v76ef78_els2023deal_2024"
"Kiel U",2024,NA,"10.1016/j.ijcard.2024.132391",TRUE,FALSE,"Elsevier BV","International Journal of Cardiology","0167-5273","0167-5273",NA,"0167-5273","http://creativecommons.org/licenses/by-nc/4.0/",TRUE,"39059472",NA,NA,NA,FALSE,"els2023deal","04v76ef78_els2023deal_2024"
"Kiel U",2024,NA,"10.1016/j.prosdent.2024.05.004",TRUE,FALSE,"Elsevier BV","The Journal of Prosthetic Dentistry","0022-3913","0022-3913",NA,"0022-3913","http://creativecommons.org/licenses/by-nc-nd/4.0/",TRUE,"38772782",NA,NA,NA,FALSE,"els2023deal","04v76ef78_els2023deal_2024"
"Kiel U",2024,NA,"10.1016/j.marpol.2024.106131",TRUE,FALSE,"Elsevier BV","Marine Policy","0308-597X","0308-597X",NA,"0308-597X","http://creativecommons.org/licenses/by/4.0/",TRUE,NA,NA,NA,NA,FALSE,"els2023deal","04v76ef78_els2023deal_2024"
"Kiel U",2024,NA,"10.1016/j.gete.2024.100612",TRUE,FALSE,"Elsevier BV","Geomechanics for Energy and the Environment","2352-3808","2352-3808",NA,"2352-3808","http://creativecommons.org/licenses/by-nc/4.0/",TRUE,NA,NA,NA,NA,FALSE,"els2023deal","04v76ef78_els2023deal_2024"
"Kiel U",2024,NA,"10.1016/j.techfore.2024.123488",TRUE,FALSE,"Elsevier BV","Technological Forecasting and Social Change","0040-1625","0040-1625",NA,"0040-1625","http://creativecommons.org/licenses/by/4.0/",TRUE,NA,NA,NA,NA,FALSE,"els2023deal","04v76ef78_els2023deal_2024"
"Kiel U",2024,NA,"10.1016/j.jasrep.2024.104893",TRUE,FALSE,"Elsevier BV","Journal of Archaeological Science: Reports","2352-409X","2352-409X",NA,"2352-409X","http://creativecommons.org/licenses/by-nc/4.0/",TRUE,NA,NA,NA,NA,FALSE,"els2023deal","04v76ef78_els2023deal_2024"
"Kiel U",2024,NA,"10.1016/j.jclepro.2024.142049",TRUE,FALSE,"Elsevier BV","Journal of Cleaner Production","0959-6526","0959-6526",NA,"0959-6526","http://creativecommons.org/licenses/by/4.0/",TRUE,NA,NA,NA,NA,FALSE,"els2023deal","04v76ef78_els2023deal_2024"
"Kiel U",2024,NA,"10.1016/j.apenergy.2024.125070",TRUE,FALSE,"Elsevier BV","Applied Energy","0306-2619","0306-2619",NA,"0306-2619","http://creativecommons.org/licenses/by/4.0/",TRUE,NA,NA,NA,NA,FALSE,"els2023deal","04v76ef78_els2023deal_2024"
"Kiel U",2024,NA,"10.1016/j.tsf.2024.140590",TRUE,FALSE,"Elsevier BV","Thin Solid Films","0040-6090","0040-6090",NA,"0040-6090","http://creativecommons.org/licenses/by/4.0/",TRUE,NA,NA,NA,NA,FALSE,"els2023deal","04v76ef78_els2023deal_2024"
"Kiel U",2024,NA,"10.1016/j.aquaculture.2024.741311",TRUE,FALSE,"Elsevier BV","Aquaculture","0044-8486","0044-8486",NA,"0044-8486","http://creativecommons.org/licenses/by/4.0/",TRUE,NA,NA,NA,NA,FALSE,"els2023deal","04v76ef78_els2023deal_2024"
"Kiel U",2024,NA,"10.1016/j.jasrep.2024.104544",TRUE,FALSE,"Elsevier BV","Journal of Archaeological Science: Reports","2352-409X","2352-409X",NA,"2352-409X","http://creativecommons.org/licenses/by-nc-nd/4.0/",TRUE,NA,NA,NA,NA,FALSE,"els2023deal","04v76ef78_els2023deal_2024"
"Kiel U",2024,NA,"10.1016/j.scitotenv.2024.173629",TRUE,FALSE,"Elsevier BV","Science of The Total Environment","0048-9697","0048-9697",NA,"0048-9697","http://creativecommons.org/licenses/by/4.0/",TRUE,"38821280",NA,NA,NA,FALSE,"els2023deal","04v76ef78_els2023deal_2024"
"Kiel U",2024,NA,"10.1016/j.compag.2024.109429",TRUE,FALSE,"Elsevier BV","Computers and Electronics in Agriculture","0168-1699","0168-1699",NA,"0168-1699","http://creativecommons.org/licenses/by-nc-nd/4.0/",TRUE,NA,NA,NA,NA,FALSE,"els2023deal","04v76ef78_els2023deal_2024"
"Kiel U",2024,NA,"10.1016/j.marpetgeo.2024.106842",TRUE,FALSE,"Elsevier BV","Marine and Petroleum Geology","0264-8172","0264-8172",NA,"0264-8172","http://creativecommons.org/licenses/by/4.0/",TRUE,NA,NA,NA,NA,FALSE,"els2023deal","04v76ef78_els2023deal_2024"
"Kiel U",2024,NA,"10.1016/j.gr.2024.09.005",TRUE,FALSE,"Elsevier BV","Gondwana Research","1342-937X","1342-937X",NA,"1342-937X","http://creativecommons.org/licenses/by/4.0/",TRUE,NA,NA,NA,NA,FALSE,"els2023deal","04v76ef78_els2023deal_2024"
"Kiel U",2024,NA,"10.1016/j.mib.2024.102478",TRUE,FALSE,"Elsevier BV","Current Opinion in Microbiology","1369-5274","1369-5274",NA,"1369-5274","http://creativecommons.org/licenses/by/4.0/",TRUE,"38653035",NA,NA,NA,FALSE,"els2023deal","04v76ef78_els2023deal_2024"
"Kiel U",2024,NA,"10.1016/j.margeo.2024.107440",TRUE,FALSE,"Elsevier BV","Marine Geology","0025-3227","0025-3227",NA,"0025-3227","http://creativecommons.org/licenses/by/4.0/",TRUE,NA,NA,NA,NA,FALSE,"els2023deal","04v76ef78_els2023deal_2024"
"Kiel U",2024,NA,"10.1016/j.dci.2024.105266",TRUE,FALSE,"Elsevier BV","Developmental & Comparative Immunology","0145-305X","0145-305X",NA,"0145-305X","http://creativecommons.org/licenses/by-nc-nd/4.0/",TRUE,"39303911",NA,NA,NA,FALSE,"els2023deal","04v76ef78_els2023deal_2024"
"Kiel U",2024,NA,"10.1016/j.marpolbul.2024.117072",TRUE,FALSE,"Elsevier BV","Marine Pollution Bulletin","0025-326X","0025-326X",NA,"0025-326X","http://creativecommons.org/licenses/by/4.0/",TRUE,"39393241",NA,NA,NA,FALSE,"els2023deal","04v76ef78_els2023deal_2024"
"Kiel U",2024,NA,"10.1016/j.bse.2024.104890",TRUE,FALSE,"Elsevier BV","Biochemical Systematics and Ecology","0305-1978","0305-1978",NA,"0305-1978","http://creativecommons.org/licenses/by-nc/4.0/",TRUE,NA,NA,NA,NA,FALSE,"els2023deal","04v76ef78_els2023deal_2024"
"Kiel U",2024,NA,"10.1016/j.memsci.2024.123084",TRUE,FALSE,"Elsevier BV","Journal of Membrane Science","0376-7388","0376-7388",NA,"0376-7388","http://creativecommons.org/licenses/by/4.0/",TRUE,NA,NA,NA,NA,FALSE,"els2023deal","04v76ef78_els2023deal_2024"
"Kiel U",2024,NA,"10.1016/j.socec.2024.102226",TRUE,FALSE,"Elsevier BV","Journal of Behavioral and Experimental Economics","2214-8043","2214-8043",NA,"2214-8043","http://creativecommons.org/licenses/by-nc/4.0/",TRUE,NA,NA,NA,NA,FALSE,"els2023deal","04v76ef78_els2023deal_2024"
"Kiel U",2024,NA,"10.1016/j.learninstruc.2024.101923",TRUE,FALSE,"Elsevier BV","Learning and Instruction","0959-4752","0959-4752",NA,"0959-4752","http://creativecommons.org/licenses/by/4.0/",TRUE,NA,NA,NA,NA,FALSE,"els2023deal","04v76ef78_els2023deal_2024"
"Kiel U",2024,NA,"10.1016/j.nonrwa.2024.104197",TRUE,FALSE,"Elsevier BV","Nonlinear Analysis: Real World Applications","1468-1218","1468-1218",NA,"1468-1218","http://creativecommons.org/licenses/by/4.0/",TRUE,NA,NA,NA,NA,FALSE,"els2023deal","04v76ef78_els2023deal_2024"
"Kiel U",2024,NA,"10.1016/j.actbio.2024.07.041",TRUE,FALSE,"Elsevier BV","Acta Biomaterialia","1742-7061","1742-7061",NA,"1742-7061","http://creativecommons.org/licenses/by/4.0/",TRUE,"39097128",NA,NA,NA,FALSE,"els2023deal","04v76ef78_els2023deal_2024"
"Kiel U",2024,NA,"10.1016/j.learninstruc.2024.102049",TRUE,FALSE,"Elsevier BV","Learning and Instruction","0959-4752","0959-4752",NA,"0959-4752","http://creativecommons.org/licenses/by-nc/4.0/",TRUE,NA,NA,NA,NA,FALSE,"els2023deal","04v76ef78_els2023deal_2024"
"Kiel U",2024,NA,"10.1016/j.geoen.2024.212915",TRUE,FALSE,"Elsevier BV","Geoenergy Science and Engineering","2949-8910","2949-8910",NA,"2949-8910","http://creativecommons.org/licenses/by-nc/4.0/",TRUE,NA,NA,NA,NA,FALSE,"els2023deal","04v76ef78_els2023deal_2024"
"Kiel U",2024,NA,"10.1016/j.learninstruc.2024.102046",TRUE,FALSE,"Elsevier BV","Learning and Instruction","0959-4752","0959-4752",NA,"0959-4752","http://creativecommons.org/licenses/by/4.0/",TRUE,NA,NA,NA,NA,FALSE,"els2023deal","04v76ef78_els2023deal_2024"
"Kiel U",2024,NA,"10.1016/j.ejtd.2024.100451",TRUE,FALSE,"Elsevier BV","European Journal of Trauma & Dissociation","2468-7499","2468-7499",NA,"2468-7499","http://creativecommons.org/licenses/by-nc/4.0/",TRUE,NA,NA,NA,NA,FALSE,"els2023deal","04v76ef78_els2023deal_2024"
"Kiel U",2024,NA,"10.1016/j.rsase.2024.101427",TRUE,FALSE,"Elsevier BV","Remote Sensing Applications: Society and Environment","2352-9385","2352-9385",NA,"2352-9385","http://creativecommons.org/licenses/by-nc/4.0/",TRUE,NA,NA,NA,NA,FALSE,"els2023deal","04v76ef78_els2023deal_2024"
"Kiel U",2024,NA,"10.1016/j.coal.2024.104477",TRUE,FALSE,"Elsevier BV","International Journal of Coal Geology","0166-5162","0166-5162",NA,"0166-5162","http://creativecommons.org/licenses/by/4.0/",TRUE,NA,NA,NA,NA,FALSE,"els2023deal","04v76ef78_els2023deal_2024"
"Kiel U",2024,NA,"10.1016/j.snb.2024.136052",TRUE,FALSE,"Elsevier BV","Sensors and Actuators B: Chemical","0925-4005","0925-4005",NA,"0925-4005","http://creativecommons.org/licenses/by/4.0/",TRUE,NA,NA,NA,NA,FALSE,"els2023deal","04v76ef78_els2023deal_2024"
"Kiel U",2024,NA,"10.1016/j.mtcomm.2024.110636",TRUE,FALSE,"Elsevier BV","Materials Today Communications","2352-4928","2352-4928",NA,"2352-4928","http://creativecommons.org/licenses/by/4.0/",TRUE,NA,NA,NA,NA,FALSE,"els2023deal","04v76ef78_els2023deal_2024"
"Kiel U",2024,NA,"10.1016/j.soildyn.2024.108740",TRUE,FALSE,"Elsevier BV","Soil Dynamics and Earthquake Engineering","0267-7261","0267-7261",NA,"0267-7261","http://creativecommons.org/licenses/by-nc-nd/4.0/",TRUE,NA,NA,NA,NA,FALSE,"els2023deal","04v76ef78_els2023deal_2024"
"Kiel U",2024,NA,"10.1016/j.apsusc.2024.160392",TRUE,FALSE,"Elsevier BV","Applied Surface Science","0169-4332","0169-4332",NA,"0169-4332","http://creativecommons.org/licenses/by-nc/4.0/",TRUE,NA,NA,NA,NA,FALSE,"els2023deal","04v76ef78_els2023deal_2024"
"Kiel U",2024,NA,"10.1016/j.jenvman.2024.120969",TRUE,FALSE,"Elsevier BV","Journal of Environmental Management","0301-4797","0301-4797",NA,"0301-4797","http://creativecommons.org/licenses/by/4.0/",TRUE,"38678900",NA,NA,NA,FALSE,"els2023deal","04v76ef78_els2023deal_2024"
"Kiel U",2024,NA,"10.1016/j.jcis.2024.03.065",TRUE,FALSE,"Elsevier BV","Journal of Colloid and Interface Science","0021-9797","0021-9797",NA,"0021-9797","http://creativecommons.org/licenses/by-nc/4.0/",TRUE,"38484513",NA,NA,NA,FALSE,"els2023deal","04v76ef78_els2023deal_2024"
"Kiel U",2024,NA,"10.1016/j.foodchem.2024.141150",TRUE,FALSE,"Elsevier BV","Food Chemistry","0308-8146","0308-8146",NA,"0308-8146","http://creativecommons.org/licenses/by/4.0/",TRUE,"39293377",NA,NA,NA,FALSE,"els2023deal","04v76ef78_els2023deal_2024"
"Kiel U",2024,NA,"10.1016/j.phytochem.2024.114004",TRUE,FALSE,"Elsevier BV","Phytochemistry","0031-9422","0031-9422",NA,"0031-9422","http://creativecommons.org/licenses/by-nc-nd/4.0/",TRUE,"38331135",NA,NA,NA,FALSE,"els2023deal","04v76ef78_els2023deal_2024"
"Kiel U",2024,NA,"10.1016/j.agee.2024.108895",TRUE,FALSE,"Elsevier BV","Agriculture, Ecosystems & Environment","0167-8809","0167-8809",NA,"0167-8809","http://creativecommons.org/licenses/by/4.0/",TRUE,NA,NA,NA,NA,FALSE,"els2023deal","04v76ef78_els2023deal_2024"
"Kiel U",2024,NA,"10.1016/j.applthermaleng.2024.123184",TRUE,FALSE,"Elsevier BV","Applied Thermal Engineering","1359-4311","1359-4311",NA,"1359-4311","http://creativecommons.org/licenses/by/4.0/",TRUE,NA,NA,NA,NA,FALSE,"els2023deal","04v76ef78_els2023deal_2024"
"Kiel U",2024,NA,"10.1016/j.agsy.2024.104030",TRUE,FALSE,"Elsevier BV","Agricultural Systems","0308-521X","0308-521X",NA,"0308-521X","http://creativecommons.org/licenses/by/4.0/",TRUE,NA,NA,NA,NA,FALSE,"els2023deal","04v76ef78_els2023deal_2024"
"Kiel U",2024,NA,"10.1016/j.jclimf.2024.100057",TRUE,FALSE,"Elsevier BV","Journal of Climate Finance","2949-7280","2949-7280",NA,"2949-7280","http://creativecommons.org/licenses/by-nc/4.0/",TRUE,NA,NA,NA,NA,FALSE,"els2023deal","04v76ef78_els2023deal_2024"
"Kiel U",2024,NA,"10.1016/j.margeo.2024.107249",TRUE,FALSE,"Elsevier BV","Marine Geology","0025-3227","0025-3227",NA,"0025-3227","http://creativecommons.org/licenses/by/4.0/",TRUE,NA,NA,NA,NA,FALSE,"els2023deal","04v76ef78_els2023deal_2024"
"Kiel U",2024,NA,"10.1016/j.geomorph.2024.109401",TRUE,FALSE,"Elsevier BV","Geomorphology","0169-555X","0169-555X",NA,"0169-555X","http://creativecommons.org/licenses/by-nc-nd/4.0/",TRUE,NA,NA,NA,NA,FALSE,"els2023deal","04v76ef78_els2023deal_2024"
"Kiel U",2024,NA,"10.1016/j.susc.2024.122451",TRUE,FALSE,"Elsevier BV","Surface Science","0039-6028","0039-6028",NA,"0039-6028","http://creativecommons.org/licenses/by-nc-nd/4.0/",TRUE,NA,NA,NA,NA,FALSE,"els2023deal","04v76ef78_els2023deal_2024"
"Kiel U",2024,NA,"10.1016/j.microc.2024.112301",TRUE,FALSE,"Elsevier BV","Microchemical Journal","0026-265X","0026-265X",NA,"0026-265X","http://creativecommons.org/licenses/by/4.0/",TRUE,NA,NA,NA,NA,FALSE,"els2023deal","04v76ef78_els2023deal_2024"
"Kiel U",2024,NA,"10.1016/j.csr.2024.105362",TRUE,FALSE,"Elsevier BV","Continental Shelf Research","0278-4343","0278-4343",NA,"0278-4343","http://creativecommons.org/licenses/by/4.0/",TRUE,NA,NA,NA,NA,FALSE,"els2023deal","04v76ef78_els2023deal_2024"
"Kiel U",2024,NA,"10.1016/j.jretconser.2024.103990",TRUE,FALSE,"Elsevier BV","Journal of Retailing and Consumer Services","0969-6989","0969-6989",NA,"0969-6989","http://creativecommons.org/licenses/by/4.0/",TRUE,NA,NA,NA,NA,FALSE,"els2023deal","04v76ef78_els2023deal_2024"
"Kiel U",2024,NA,"10.1016/j.foodchem.2024.139069",TRUE,FALSE,"Elsevier BV","Food Chemistry","0308-8146","0308-8146",NA,"0308-8146","http://creativecommons.org/licenses/by/4.0/",TRUE,"38574712",NA,NA,NA,FALSE,"els2023deal","04v76ef78_els2023deal_2024"
"Kiel U",2024,NA,"10.1016/j.apenergy.2024.122693",TRUE,FALSE,"Elsevier BV","Applied Energy","0306-2619","0306-2619",NA,"0306-2619","http://creativecommons.org/licenses/by-nc/4.0/",TRUE,NA,NA,NA,NA,FALSE,"els2023deal","04v76ef78_els2023deal_2024"
"Kiel U",2024,NA,"10.1016/j.jedc.2024.104972",TRUE,FALSE,"Elsevier BV","Journal of Economic Dynamics and Control","0165-1889","0165-1889",NA,"0165-1889","http://creativecommons.org/licenses/by-nc/4.0/",TRUE,NA,NA,NA,NA,FALSE,"els2023deal","04v76ef78_els2023deal_2024"
"Kiel U",2024,NA,"10.1016/j.langcom.2024.04.002",TRUE,FALSE,"Elsevier BV","Language & Communication","0271-5309","0271-5309",NA,"0271-5309","http://creativecommons.org/licenses/by/4.0/",TRUE,NA,NA,NA,NA,FALSE,"els2023deal","04v76ef78_els2023deal_2024"
"Kiel U",2024,NA,"10.1016/j.susc.2024.122539",TRUE,FALSE,"Elsevier BV","Surface Science","0039-6028","0039-6028",NA,"0039-6028","http://creativecommons.org/licenses/by-nc/4.0/",TRUE,NA,NA,NA,NA,FALSE,"els2023deal","04v76ef78_els2023deal_2024"
"Kiel U",2024,NA,"10.1016/j.jtemb.2024.127548",TRUE,FALSE,"Elsevier BV","Journal of Trace Elements in Medicine and Biology","0946-672X","0946-672X",NA,"0946-672X","http://creativecommons.org/licenses/by-nc-nd/4.0/",TRUE,"39442469",NA,NA,NA,FALSE,"els2023deal","04v76ef78_els2023deal_2024"
"Kiel U",2024,NA,"10.1016/j.aquaeng.2024.102438",TRUE,FALSE,"Elsevier BV","Aquacultural Engineering","0144-8609","0144-8609",NA,"0144-8609","http://creativecommons.org/licenses/by/4.0/",TRUE,NA,NA,NA,NA,FALSE,"els2023deal","04v76ef78_els2023deal_2024"
"Kiel U",2024,NA,"10.1016/j.dci.2024.105220",TRUE,FALSE,"Elsevier BV","Developmental & Comparative Immunology","0145-305X","0145-305X",NA,"0145-305X","http://creativecommons.org/licenses/by/4.0/",TRUE,"38925432",NA,NA,NA,FALSE,"els2023deal","04v76ef78_els2023deal_2024"
"Kiel U",2024,NA,"10.1016/j.carbon.2024.119914",TRUE,FALSE,"Elsevier BV","Carbon","0008-6223","0008-6223",NA,"0008-6223","http://creativecommons.org/licenses/by-nc-nd/4.0/",TRUE,NA,NA,NA,NA,FALSE,"els2023deal","04v76ef78_els2023deal_2024"
"Kiel U",2024,NA,"10.1016/j.learninstruc.2024.102047",TRUE,FALSE,"Elsevier BV","Learning and Instruction","0959-4752","0959-4752",NA,"0959-4752","http://creativecommons.org/licenses/by-nc/4.0/",TRUE,NA,NA,NA,NA,FALSE,"els2023deal","04v76ef78_els2023deal_2024"
"Kiel U",2024,NA,"10.1016/j.geodrs.2024.e00882",TRUE,FALSE,"Elsevier BV","Geoderma Regional","2352-0094","2352-0094",NA,"2352-0094","http://creativecommons.org/licenses/by/4.0/",TRUE,NA,NA,NA,NA,FALSE,"els2023deal","04v76ef78_els2023deal_2024"
"Kiel U",2024,NA,"10.1016/j.aam.2024.102737",TRUE,FALSE,"Elsevier BV","Advances in Applied Mathematics","0196-8858","0196-8858",NA,"0196-8858","http://creativecommons.org/licenses/by/4.0/",TRUE,NA,NA,NA,NA,FALSE,"els2023deal","04v76ef78_els2023deal_2024"
"Kiel U",2024,NA,"10.1016/j.fbio.2024.103823",TRUE,FALSE,"Elsevier BV","Food Bioscience","2212-4292","2212-4292",NA,"2212-4292","http://creativecommons.org/licenses/by/4.0/",TRUE,NA,NA,NA,NA,FALSE,"els2023deal","04v76ef78_els2023deal_2024"
"Kiel U",2024,NA,"10.1016/j.jcat.2024.115785",TRUE,FALSE,"Elsevier BV","Journal of Catalysis","0021-9517","0021-9517",NA,"0021-9517","http://creativecommons.org/licenses/by/4.0/",TRUE,NA,NA,NA,NA,FALSE,"els2023deal","04v76ef78_els2023deal_2024"
"Kiel U",2024,NA,"10.1016/j.cbpa.2024.111741",TRUE,FALSE,"Elsevier BV","Comparative Biochemistry and Physiology Part A: Molecular & Integrative Physiology","1095-6433","1095-6433",NA,"1095-6433","http://creativecommons.org/licenses/by-nc-nd/4.0/",TRUE,"39276851",NA,NA,NA,FALSE,"els2023deal","04v76ef78_els2023deal_2024"
"Kiel U",2024,NA,"10.1016/j.ara.2024.100523",TRUE,FALSE,"Elsevier BV","Archaeological Research in Asia","2352-2267","2352-2267",NA,"2352-2267","http://creativecommons.org/licenses/by/4.0/",TRUE,NA,NA,NA,NA,FALSE,"els2023deal","04v76ef78_els2023deal_2024"
"Kiel U",2024,NA,"10.1016/j.bse.2024.104903",TRUE,FALSE,"Elsevier BV","Biochemical Systematics and Ecology","0305-1978","0305-1978",NA,"0305-1978","http://creativecommons.org/licenses/by-nc-nd/4.0/",TRUE,NA,NA,NA,NA,FALSE,"els2023deal","04v76ef78_els2023deal_2024"
"Kiel U",2024,NA,"10.1016/j.apcatb.2024.124607",TRUE,FALSE,"Elsevier BV","Applied Catalysis B: Environmental","0926-3373","0926-3373",NA,"0926-3373","http://creativecommons.org/licenses/by-nc/4.0/",TRUE,NA,NA,NA,NA,FALSE,"els2023deal","04v76ef78_els2023deal_2024"
"Kiel U",2024,NA,"10.1016/j.still.2024.106280",TRUE,FALSE,"Elsevier BV","Soil and Tillage Research","0167-1987","0167-1987",NA,"0167-1987","http://creativecommons.org/licenses/by/4.0/",TRUE,NA,NA,NA,NA,FALSE,"els2023deal","04v76ef78_els2023deal_2024"
"Kiel U",2024,NA,"10.1016/j.stueduc.2024.101424",TRUE,FALSE,"Elsevier BV","Studies in Educational Evaluation","0191-491X","0191-491X",NA,"0191-491X","http://creativecommons.org/licenses/by/4.0/",TRUE,NA,NA,NA,NA,FALSE,"els2023deal","04v76ef78_els2023deal_2024"
"Kiel U",2024,NA,"10.1016/j.bbagen.2024.130668",TRUE,FALSE,"Elsevier BV","Biochimica et Biophysica Acta (BBA) - General Subjects","0304-4165","0304-4165",NA,"0304-4165","http://creativecommons.org/licenses/by-nc/4.0/",TRUE,"38992482",NA,NA,NA,FALSE,"els2023deal","04v76ef78_els2023deal_2024"
"Kiel U",2024,NA,"10.1016/j.carres.2024.109228",TRUE,FALSE,"Elsevier BV","Carbohydrate Research","0008-6215","0008-6215",NA,"0008-6215","http://creativecommons.org/licenses/by-nc-nd/4.0/",TRUE,"39153326",NA,NA,NA,FALSE,"els2023deal","04v76ef78_els2023deal_2024"
"Kiel U",2024,NA,"10.1016/j.sysarc.2024.103066",TRUE,FALSE,"Elsevier BV","Journal of Systems Architecture","1383-7621","1383-7621",NA,"1383-7621","http://creativecommons.org/licenses/by-nc/4.0/",TRUE,NA,NA,NA,NA,FALSE,"els2023deal","04v76ef78_els2023deal_2024"
"Kiel U",2024,NA,"10.1016/j.biosystemseng.2024.08.011",TRUE,FALSE,"Elsevier BV","Biosystems Engineering","1537-5110","1537-5110",NA,"1537-5110","http://creativecommons.org/licenses/by-nc-nd/4.0/",TRUE,NA,NA,NA,NA,FALSE,"els2023deal","04v76ef78_els2023deal_2024"
"Kiel U",2024,NA,"10.1016/j.apsoil.2024.105824",TRUE,FALSE,"Elsevier BV","Applied Soil Ecology","0929-1393","0929-1393",NA,"0929-1393","http://creativecommons.org/licenses/by/4.0/",TRUE,NA,NA,NA,NA,FALSE,"els2023deal","04v76ef78_els2023deal_2024"
"Kiel U",2024,NA,"10.1016/j.erss.2024.103684",TRUE,FALSE,"Elsevier BV","Energy Research & Social Science","2214-6296","2214-6296",NA,"2214-6296","http://creativecommons.org/licenses/by-nc-nd/4.0/",TRUE,NA,NA,NA,NA,FALSE,"els2023deal","04v76ef78_els2023deal_2024"
"Kiel U",2024,NA,"10.1016/j.cej.2024.157920",TRUE,FALSE,"Elsevier BV","Chemical Engineering Journal","1385-8947","1385-8947",NA,"1385-8947","http://creativecommons.org/licenses/by-nc/4.0/",TRUE,NA,NA,NA,NA,FALSE,"els2023deal","04v76ef78_els2023deal_2024"
"Kiel U",2024,NA,"10.1016/j.paid.2024.112549",TRUE,FALSE,"Elsevier BV","Personality and Individual Differences","0191-8869","0191-8869",NA,"0191-8869","http://creativecommons.org/licenses/by-nc/4.0/",TRUE,NA,NA,NA,NA,FALSE,"els2023deal","04v76ef78_els2023deal_2024"
"Kiel U",2024,NA,"10.1016/j.cma.2023.116744",TRUE,FALSE,"Elsevier BV","Computer Methods in Applied Mechanics and Engineering","0045-7825","0045-7825",NA,"0045-7825","http://creativecommons.org/licenses/by/4.0/",TRUE,NA,NA,NA,NA,FALSE,"els2023deal","04v76ef78_els2023deal_2024"
"Kiel U",2024,NA,"10.1016/j.cpc.2024.109184",TRUE,FALSE,"Elsevier BV","Computer Physics Communications","0010-4655","0010-4655",NA,"0010-4655","http://creativecommons.org/licenses/by-nc/4.0/",TRUE,NA,NA,NA,NA,FALSE,"els2023deal","04v76ef78_els2023deal_2024"
"Kiel U",2024,NA,"10.1016/j.actbio.2024.06.045",TRUE,FALSE,"Elsevier BV","Acta Biomaterialia","1742-7061","1742-7061",NA,"1742-7061","http://creativecommons.org/licenses/by/4.0/",TRUE,"38964526",NA,NA,NA,FALSE,"els2023deal","04v76ef78_els2023deal_2024"
"Kiel U",2024,NA,"10.1016/j.talanta.2024.126558",TRUE,FALSE,"Elsevier BV","Talanta","0039-9140","0039-9140",NA,"0039-9140","http://creativecommons.org/licenses/by/4.0/",TRUE,"39047630",NA,NA,NA,FALSE,"els2023deal","04v76ef78_els2023deal_2024"
"Kiel U",2024,NA,"10.1016/j.agee.2024.109185",TRUE,FALSE,"Elsevier BV","Agriculture, Ecosystems & Environment","0167-8809","0167-8809",NA,"0167-8809","http://creativecommons.org/licenses/by/4.0/",TRUE,NA,NA,NA,NA,FALSE,"els2023deal","04v76ef78_els2023deal_2024"
"Kiel U",2024,NA,"10.1016/j.dci.2024.105136",TRUE,FALSE,"Elsevier BV","Developmental & Comparative Immunology","0145-305X","0145-305X",NA,"0145-305X","http://creativecommons.org/licenses/by-nc-nd/4.0/",TRUE,"38185263",NA,NA,NA,FALSE,"els2023deal","04v76ef78_els2023deal_2024"
"Kiel U",2024,NA,"10.1016/j.jad.2024.01.063",TRUE,FALSE,"Elsevier BV","Journal of Affective Disorders","0165-0327","0165-0327",NA,"0165-0327","http://creativecommons.org/licenses/by-nc-nd/4.0/",TRUE,"38218256",NA,NA,NA,FALSE,"els2023deal","04v76ef78_els2023deal_2024"
"Kiel U",2024,NA,"10.1016/j.still.2024.106221",TRUE,FALSE,"Elsevier BV","Soil and Tillage Research","0167-1987","0167-1987",NA,"0167-1987","http://creativecommons.org/licenses/by/4.0/",TRUE,NA,NA,NA,NA,FALSE,"els2023deal","04v76ef78_els2023deal_2024"
"Kiel U",2024,NA,"10.1016/j.jasrep.2024.104659",TRUE,FALSE,"Elsevier BV","Journal of Archaeological Science: Reports","2352-409X","2352-409X",NA,"2352-409X","http://creativecommons.org/licenses/by-nc/4.0/",TRUE,NA,NA,NA,NA,FALSE,"els2023deal","04v76ef78_els2023deal_2024"
"Kiel U",2024,NA,"10.1016/j.jmbbm.2024.106601",TRUE,FALSE,"Elsevier BV","Journal of the Mechanical Behavior of Biomedical Materials","1751-6161","1751-6161",NA,"1878-0180","http://creativecommons.org/licenses/by/4.0/",TRUE,"38810545",NA,NA,NA,FALSE,"els2023deal","04v76ef78_els2023deal_2024"
"Kiel U",2024,NA,"10.1016/j.econmod.2024.106742",TRUE,FALSE,"Elsevier BV","Economic Modelling","0264-9993","0264-9993",NA,"0264-9993","http://creativecommons.org/licenses/by/4.0/",TRUE,NA,NA,NA,NA,FALSE,"els2023deal","04v76ef78_els2023deal_2024"
"Kiel U",2024,NA,"10.1016/j.susc.2024.122574",TRUE,FALSE,"Elsevier BV","Surface Science","0039-6028","0039-6028",NA,"0039-6028","http://creativecommons.org/licenses/by-nc/4.0/",TRUE,NA,NA,NA,NA,FALSE,"els2023deal","04v76ef78_els2023deal_2024"
"Kiel U",2024,NA,"10.1016/j.chemer.2024.126179",TRUE,FALSE,"Elsevier BV","Geochemistry","0009-2819","0009-2819",NA,"0009-2819","http://creativecommons.org/licenses/by/4.0/",TRUE,NA,NA,NA,NA,FALSE,"els2023deal","04v76ef78_els2023deal_2024"
"Kiel U",2024,NA,"10.1016/j.plaphy.2024.108723",TRUE,FALSE,"Elsevier BV","Plant Physiology and Biochemistry","0981-9428","0981-9428",NA,"0981-9428","http://creativecommons.org/licenses/by/4.0/",TRUE,"38749376",NA,NA,NA,FALSE,"els2023deal","04v76ef78_els2023deal_2024"
"Kiel U",2024,NA,"10.1016/j.visres.2024.108423",TRUE,FALSE,"Elsevier BV","Vision Research","0042-6989","0042-6989",NA,"0042-6989","http://creativecommons.org/licenses/by/4.0/",TRUE,"38733957",NA,NA,NA,FALSE,"els2023deal","04v76ef78_els2023deal_2024"
"Kiel U",2024,NA,"10.1016/j.geothermics.2024.103086",TRUE,FALSE,"Elsevier BV","Geothermics","0375-6505","0375-6505",NA,"0375-6505","http://creativecommons.org/licenses/by-nc-nd/4.0/",TRUE,NA,NA,NA,NA,FALSE,"els2023deal","04v76ef78_els2023deal_2024"
"Kiel U",2024,NA,"10.1016/j.cma.2024.117421",TRUE,FALSE,"Elsevier BV","Computer Methods in Applied Mechanics and Engineering","0045-7825","0045-7825",NA,"0045-7825","http://creativecommons.org/licenses/by/4.0/",TRUE,NA,NA,NA,NA,FALSE,"els2023deal","04v76ef78_els2023deal_2024"
"Kiel U",2024,NA,"10.1016/j.jnc.2024.126805",TRUE,FALSE,"Elsevier BV","Journal for Nature Conservation","1617-1381","1617-1381",NA,"1617-1381","http://creativecommons.org/licenses/by/4.0/",TRUE,NA,NA,NA,NA,FALSE,"els2023deal","04v76ef78_els2023deal_2024"
"Kiel U",2024,NA,"10.1016/j.paid.2024.112816",TRUE,FALSE,"Elsevier BV","Personality and Individual Differences","0191-8869","0191-8869",NA,"0191-8869","http://creativecommons.org/licenses/by-nc/4.0/",TRUE,NA,NA,NA,NA,FALSE,"els2023deal","04v76ef78_els2023deal_2024"
"Kiel U",2024,NA,"10.1016/j.jdent.2024.104925",TRUE,FALSE,"Elsevier BV","Journal of Dentistry","0300-5712","0300-5712",NA,"0300-5712","http://creativecommons.org/licenses/by/4.0/",TRUE,"38471580",NA,NA,NA,FALSE,"els2023deal","04v76ef78_els2023deal_2024"
"Kiel U",2024,NA,"10.1016/j.ejrad.2024.111638",TRUE,FALSE,"Elsevier BV","European Journal of Radiology","0720-048X","0720-048X",NA,"0720-048X","http://creativecommons.org/licenses/by/4.0/",TRUE,"39067268",NA,NA,NA,FALSE,"els2023deal","04v76ef78_els2023deal_2024"
"Kiel U",2024,NA,"10.1016/j.msard.2024.105728",TRUE,FALSE,"Elsevier BV","Multiple Sclerosis and Related Disorders","2211-0348","2211-0348",NA,"2211-0348","http://creativecommons.org/licenses/by/4.0/",TRUE,"38909527",NA,NA,NA,FALSE,"els2023deal","04v76ef78_els2023deal_2024"
"Kiel U",2024,NA,"10.1016/j.jaut.2024.103337",TRUE,FALSE,"Elsevier BV","Journal of Autoimmunity","0896-8411","0896-8411",NA,"0896-8411","http://creativecommons.org/licenses/by-nc-nd/4.0/",TRUE,"39571301",NA,NA,NA,FALSE,"els2023deal","04v76ef78_els2023deal_2024"
"Kiel U",2024,NA,"10.1016/j.msard.2024.105832",TRUE,FALSE,"Elsevier BV","Multiple Sclerosis and Related Disorders","2211-0348","2211-0348",NA,"2211-0348","http://creativecommons.org/licenses/by/4.0/",TRUE,"39213862",NA,NA,NA,FALSE,"els2023deal","04v76ef78_els2023deal_2024"
"Kiel U",2024,NA,"10.1016/j.clnesp.2024.06.019",TRUE,FALSE,"Elsevier BV","Clinical Nutrition ESPEN","2405-4577","2405-4577",NA,"2405-4577","http://creativecommons.org/licenses/by/4.0/",TRUE,"38909359",NA,NA,NA,FALSE,"els2023deal","04v76ef78_els2023deal_2024"
"Kiel U",2024,NA,"10.1016/j.hlc.2024.02.014",TRUE,FALSE,"Elsevier BV","Heart, Lung and Circulation","1443-9506","1443-9506",NA,"1443-9506","http://creativecommons.org/licenses/by/4.0/",TRUE,"38811293",NA,NA,NA,FALSE,"els2023deal","04v76ef78_els2023deal_2024"
"Kiel U",2024,NA,"10.1016/j.jmbbm.2024.106715",TRUE,FALSE,"Elsevier BV","Journal of the Mechanical Behavior of Biomedical Materials","1751-6161","1751-6161",NA,"1878-0180","http://creativecommons.org/licenses/by-nc/4.0/",TRUE,"39265230",NA,NA,NA,FALSE,"els2023deal","04v76ef78_els2023deal_2024"
"Kiel U",2024,NA,"10.1016/j.jcms.2024.04.012",TRUE,FALSE,"Elsevier BV","Journal of Cranio-Maxillofacial Surgery","1010-5182","1010-5182",NA,"1010-5182","http://creativecommons.org/licenses/by/4.0/",TRUE,"39198129",NA,NA,NA,FALSE,"els2023deal","04v76ef78_els2023deal_2024"
"Kiel U",2024,NA,"10.1016/j.cbi.2024.110872",TRUE,FALSE,"Elsevier BV","Chemico-Biological Interactions","0009-2797","0009-2797",NA,"0009-2797","http://creativecommons.org/licenses/by/4.0/",TRUE,"38244963",NA,NA,NA,FALSE,"els2023deal","04v76ef78_els2023deal_2024"
"Kiel U",2024,NA,"10.1016/j.addbeh.2024.108175",TRUE,FALSE,"Elsevier BV","Addictive Behaviors","0306-4603","0306-4603",NA,"0306-4603","http://creativecommons.org/licenses/by-nc-nd/4.0/",TRUE,"39341184",NA,NA,NA,FALSE,"els2023deal","04v76ef78_els2023deal_2024"
"Kiel U",2024,NA,"10.1016/j.jacl.2024.04.134",TRUE,FALSE,"Elsevier BV","Journal of Clinical Lipidology","1933-2874","1933-2874",NA,"1876-4789","http://creativecommons.org/licenses/by-nc-nd/4.0/",TRUE,"38908966",NA,NA,NA,FALSE,"els2023deal","04v76ef78_els2023deal_2024"
"Kiel U",2024,NA,"10.1016/j.seizure.2024.08.006",TRUE,FALSE,"Elsevier BV","Seizure","1059-1311","1059-1311",NA,"1059-1311","http://creativecommons.org/licenses/by-nc-nd/4.0/",TRUE,"39137477",NA,NA,NA,FALSE,"els2023deal","04v76ef78_els2023deal_2024"
"Kiel U",2024,NA,"10.1016/j.jaci.2024.10.031",TRUE,FALSE,"Elsevier BV","Journal of Allergy and Clinical Immunology","0091-6749","0091-6749",NA,"0091-6749","http://creativecommons.org/licenses/by/4.0/",TRUE,"39522654",NA,NA,NA,FALSE,"els2023deal","04v76ef78_els2023deal_2024"
"Kiel U",2024,NA,"10.1016/j.ijrobp.2024.07.2331",TRUE,FALSE,"Elsevier BV","International Journal of Radiation Oncology*Biology*Physics","0360-3016","0360-3016",NA,"0360-3016","http://creativecommons.org/licenses/by/4.0/",TRUE,"39122095",NA,NA,NA,FALSE,"els2023deal","04v76ef78_els2023deal_2024"
"Kiel U",2024,NA,"10.1016/j.neurol.2024.08.005",TRUE,FALSE,"Elsevier BV","Revue Neurologique","0035-3787","0035-3787",NA,"0035-3787","http://creativecommons.org/licenses/by-nc-nd/4.0/",TRUE,"39299843",NA,NA,NA,FALSE,"els2023deal","04v76ef78_els2023deal_2024"
"Kiel U",2024,NA,"10.1016/j.zefq.2024.05.009",TRUE,FALSE,"Elsevier BV","Zeitschrift für Evidenz, Fortbildung und Qualität im Gesundheitswesen","1865-9217","1865-9217",NA,"1865-9217","http://creativecommons.org/licenses/by-nc-nd/4.0/",TRUE,"38918159",NA,NA,NA,FALSE,"els2023deal","04v76ef78_els2023deal_2024"
"Kiel U",2024,NA,"10.1111/all.16147",TRUE,FALSE,"Wiley-Blackwell","Allergy","0105-4538","0105-4538","1398-9995","0105-4538","http://creativecommons.org/licenses/by-nc-nd/4.0/",TRUE,"38712730",NA,NA,NA,FALSE,"wiley2024deal","04v76ef78_wiley2024deal_2024"
"Kiel U",2024,NA,"10.1111/ddg.15526",TRUE,FALSE,"Wiley-Blackwell","JDDG: Journal der Deutschen Dermatologischen Gesellschaft","1610-0379","1610-0379","1610-0387","1610-0379","http://creativecommons.org/licenses/by-nc-nd/4.0/",TRUE,"39105340",NA,NA,NA,FALSE,"wiley2024deal","04v76ef78_wiley2024deal_2024"
"Kiel U",2024,NA,"10.1111/ddg.15376",TRUE,FALSE,"Wiley-Blackwell","JDDG: Journal der Deutschen Dermatologischen Gesellschaft","1610-0379","1610-0379","1610-0387","1610-0379","http://creativecommons.org/licenses/by-nc-nd/4.0/",TRUE,"38643384",NA,NA,NA,FALSE,"wiley2024deal","04v76ef78_wiley2024deal_2024"
"Kiel U",2024,NA,"10.1002/oa.3363",TRUE,FALSE,"Wiley-Blackwell","International Journal of Osteoarchaeology","1047-482X","1047-482X","1099-1212","1047-482X","http://creativecommons.org/licenses/by/4.0/",TRUE,NA,NA,NA,NA,FALSE,"wiley2024deal","04v76ef78_wiley2024deal_2024"
"Kiel U",2024,NA,"10.1111/1477-9552.12580",TRUE,FALSE,"Wiley-Blackwell","Journal of Agricultural Economics","0021-857X","0021-857X","1477-9552","0021-857X","http://creativecommons.org/licenses/by-nc-nd/4.0/",TRUE,NA,NA,NA,NA,FALSE,"wiley2024deal","04v76ef78_wiley2024deal_2024"
"Kiel U",2024,NA,"10.1111/cge.14614",TRUE,FALSE,"Wiley-Blackwell","Clinical Genetics","0009-9163","0009-9163","1399-0004","0009-9163","http://creativecommons.org/licenses/by/4.0/",TRUE,"39199020","PMC11608847",NA,NA,FALSE,"wiley2024deal","04v76ef78_wiley2024deal_2024"
"Kiel U",2024,NA,"10.1002/jpln.202300267",TRUE,FALSE,"Wiley-Blackwell","Journal of Plant Nutrition and Soil Science","1436-8730","1436-8730","1522-2624","1436-8730","http://creativecommons.org/licenses/by-nc/4.0/",TRUE,NA,NA,NA,NA,FALSE,"wiley2024deal","04v76ef78_wiley2024deal_2024"
"Kiel U",2024,NA,"10.1111/jre.13319",TRUE,FALSE,"Wiley-Blackwell","Journal of Periodontal Research","0022-3484","0022-3484","1600-0765","0022-3484","http://creativecommons.org/licenses/by-nc-nd/4.0/",TRUE,"38952262","PMC11840472",NA,NA,FALSE,"wiley2024deal","04v76ef78_wiley2024deal_2024"
"Kiel U",2024,NA,"10.1111/jon.13220",TRUE,FALSE,"Wiley-Blackwell","Journal of Neuroimaging","1051-2284","1051-2284","1552-6569","1051-2284","http://creativecommons.org/licenses/by-nc/4.0/",TRUE,"38932469",NA,NA,NA,FALSE,"wiley2024deal","04v76ef78_wiley2024deal_2024"
"Kiel U",2024,NA,"10.1111/1468-2427.13243",TRUE,FALSE,"Wiley-Blackwell","International Journal of Urban and Regional Research","0309-1317","0309-1317","1468-2427","0309-1317","http://creativecommons.org/licenses/by-nc-nd/4.0/",TRUE,NA,NA,NA,NA,FALSE,"wiley2024deal","04v76ef78_wiley2024deal_2024"
"Kiel U",2024,NA,"10.1111/cjag.12360",TRUE,FALSE,"Wiley-Blackwell","Canadian Journal of Agricultural Economics/Revue canadienne d'agroeconomie","0008-3976","0008-3976","1744-7976","0008-3976","http://creativecommons.org/licenses/by-nc-nd/4.0/",TRUE,NA,NA,NA,NA,FALSE,"wiley2024deal","04v76ef78_wiley2024deal_2024"
"Kiel U",2024,NA,"10.1111/jcal.13026",TRUE,FALSE,"Wiley-Blackwell","Journal of Computer Assisted Learning","0266-4909","0266-4909","1365-2729","0266-4909","http://creativecommons.org/licenses/by-nc/4.0/",TRUE,NA,NA,NA,NA,FALSE,"wiley2024deal","04v76ef78_wiley2024deal_2024"
"Kiel U",2024,NA,"10.1002/ar.25595",TRUE,FALSE,"Wiley-Blackwell","The Anatomical Record","1932-8486","1932-8486","1932-8494","1932-8486","http://creativecommons.org/licenses/by-nc-nd/4.0/",TRUE,"39462871","PMC13431919",NA,NA,FALSE,"wiley2024deal","04v76ef78_wiley2024deal_2024"
"Kiel U",2024,NA,"10.1111/jerd.13247",TRUE,FALSE,"Wiley-Blackwell","Journal of Esthetic and Restorative Dentistry","1496-4155","1496-4155","1708-8240","1496-4155","http://creativecommons.org/licenses/by-nc-nd/4.0/",TRUE,"38747087",NA,NA,NA,FALSE,"wiley2024deal","04v76ef78_wiley2024deal_2024"
"Kiel U",2024,NA,"10.1111/apt.17926",TRUE,FALSE,"Wiley-Blackwell","Alimentary Pharmacology & Therapeutics","0269-2813","0269-2813","1365-2036","0269-2813","http://creativecommons.org/licenses/by-nc/4.0/",TRUE,"38429885",NA,NA,NA,FALSE,"wiley2024deal","04v76ef78_wiley2024deal_2024"
"Kiel U",2024,NA,"10.1111/jre.13344",TRUE,FALSE,"Wiley-Blackwell","Journal of Periodontal Research","0022-3484","0022-3484","1600-0765","0022-3484","http://creativecommons.org/licenses/by-nc-nd/4.0/",TRUE,"39224058","PMC12139696",NA,NA,FALSE,"wiley2024deal","04v76ef78_wiley2024deal_2024"
"Kiel U",2024,NA,"10.1002/cpt.3270",TRUE,FALSE,"Wiley-Blackwell","Clinical Pharmacology & Therapeutics","0009-9236","0009-9236","1532-6535","0009-9236","http://creativecommons.org/licenses/by-nc/4.0/",TRUE,"38637968",NA,NA,NA,FALSE,"wiley2024deal","04v76ef78_wiley2024deal_2024"
"Kiel U",2024,NA,"10.1111/jdv.19932",TRUE,FALSE,"Wiley-Blackwell","Journal of the European Academy of Dermatology and Venereology","0926-9959","0926-9959","1468-3083","0926-9959","http://creativecommons.org/licenses/by-nc/4.0/",TRUE,"38421042",NA,NA,NA,FALSE,"wiley2024deal","04v76ef78_wiley2024deal_2024"
"Kiel U",2024,NA,"10.1111/ejn.16357",TRUE,FALSE,"Wiley-Blackwell","European Journal of Neuroscience","0953-816X","0953-816X","1460-9568","0953-816X","http://creativecommons.org/licenses/by-nc-nd/4.0/",TRUE,"38708527",NA,NA,NA,FALSE,"wiley2024deal","04v76ef78_wiley2024deal_2024"
"Kiel U",2024,NA,"10.1111/nicc.13169",TRUE,FALSE,"Wiley-Blackwell","Nursing in Critical Care","1362-1017","1362-1017","1478-5153","1362-1017","http://creativecommons.org/licenses/by-nc/4.0/",TRUE,"39362828",NA,NA,NA,FALSE,"wiley2024deal","04v76ef78_wiley2024deal_2024"
"Kiel U",2024,NA,"10.1002/anie.202404421",TRUE,FALSE,"Wiley-Blackwell","Angewandte Chemie International Edition","1433-7851","1433-7851","1521-3773","1433-7851","http://creativecommons.org/licenses/by-nc-nd/4.0/",TRUE,"38512005",NA,NA,NA,FALSE,"wiley2024deal","04v76ef78_wiley2024deal_2024"
"Kiel U",2024,NA,"10.1002/ange.202404421",TRUE,FALSE,"Wiley-Blackwell","Angewandte Chemie","0044-8249","0044-8249","1521-3757","0044-8249","http://creativecommons.org/licenses/by-nc-nd/4.0/",TRUE,NA,NA,NA,NA,FALSE,"wiley2024deal","04v76ef78_wiley2024deal_2024"
"Kiel U",2024,NA,"10.1002/cssc.202401437",TRUE,FALSE,"Wiley-Blackwell","ChemSusChem","1864-5631","1864-5631","1864-564X","1864-5631","http://creativecommons.org/licenses/by-nc/4.0/",TRUE,"39535427","PMC11790005",NA,NA,FALSE,"wiley2024deal","04v76ef78_wiley2024deal_2024"
"Kiel U",2024,NA,"10.1002/jmri.29372",TRUE,FALSE,"Wiley-Blackwell","Journal of Magnetic Resonance Imaging","1053-1807","1053-1807","1522-2586","1053-1807","http://creativecommons.org/licenses/by/4.0/",TRUE,"38580327",NA,NA,NA,FALSE,"wiley2024deal","04v76ef78_wiley2024deal_2024"
"Kiel U",2024,NA,"10.1002/pssb.202300578",TRUE,FALSE,"Wiley-Blackwell","physica status solidi (b)","0370-1972","0370-1972","1521-3951","0370-1972","http://creativecommons.org/licenses/by-nc-nd/4.0/",TRUE,NA,NA,NA,NA,FALSE,"wiley2024deal","04v76ef78_wiley2024deal_2024"
"Kiel U",2024,NA,"10.1002/ppsc.202400038",TRUE,FALSE,"Wiley-Blackwell","Particle & Particle Systems Characterization","0934-0866","0934-0866","1521-4117","0934-0866","http://creativecommons.org/licenses/by-nc/4.0/",TRUE,NA,NA,NA,NA,FALSE,"wiley2024deal","04v76ef78_wiley2024deal_2024"
"Kiel U",2024,NA,"10.1002/ajpa.25025",TRUE,FALSE,"Wiley-Blackwell","American Journal of Biological Anthropology","2692-7691","2692-7691","2692-7691","2692-7691","http://creativecommons.org/licenses/by/4.0/",TRUE,"39277843",NA,NA,NA,FALSE,"wiley2024deal","04v76ef78_wiley2024deal_2024"
"Kiel U",2024,NA,"10.1002/chem.202402125",TRUE,FALSE,"Wiley-Blackwell","Chemistry - A European Journal","0947-6539","0947-6539","1521-3765","0947-6539","http://creativecommons.org/licenses/by-nc-nd/4.0/",TRUE,"39037782",NA,NA,NA,FALSE,"wiley2024deal","04v76ef78_wiley2024deal_2024"
"Kiel U",2024,NA,"10.1111/1746-692x.12441",TRUE,FALSE,"Wiley-Blackwell","EuroChoices","1478-0917","1478-0917","1746-692X","1478-0917","http://creativecommons.org/licenses/by-nc-nd/4.0/",TRUE,NA,NA,NA,NA,FALSE,"wiley2024deal","04v76ef78_wiley2024deal_2024"
"Kiel U",2024,NA,"10.1002/ppap.202400032",TRUE,FALSE,"Wiley-Blackwell","Plasma Processes and Polymers","1612-8850","1612-8850","1612-8869","1612-8850","http://creativecommons.org/licenses/by/4.0/",TRUE,NA,NA,NA,NA,FALSE,"wiley2024deal","04v76ef78_wiley2024deal_2024"
"Kiel U",2024,NA,"10.1111/jpg.12870",TRUE,FALSE,"Wiley-Blackwell","Journal of Petroleum Geology","0141-6421","0141-6421","1747-5457","0141-6421","http://creativecommons.org/licenses/by/4.0/",TRUE,NA,NA,NA,NA,FALSE,"wiley2024deal","04v76ef78_wiley2024deal_2024"
"Kiel U",2024,NA,"10.1002/cmdc.202400918",TRUE,FALSE,"Wiley-Blackwell","ChemMedChem","1860-7179","1860-7179","1860-7187","1860-7179","http://creativecommons.org/licenses/by-nc-nd/4.0/",TRUE,"39671273","PMC11961148",NA,NA,FALSE,"wiley2024deal","04v76ef78_wiley2024deal_2024"
"Kiel U",2024,NA,"10.1002/ctpp.202400015",TRUE,FALSE,"Wiley-Blackwell","Contributions to Plasma Physics","0863-1042","0863-1042","1521-3986","0863-1042","http://creativecommons.org/licenses/by-nc/4.0/",TRUE,NA,NA,NA,NA,FALSE,"wiley2024deal","04v76ef78_wiley2024deal_2024"
"Kiel U",2024,NA,"10.1002/casp.70036",TRUE,FALSE,"Wiley-Blackwell","Journal of Community & Applied Social Psychology","1052-9284","1052-9284","1099-1298","1052-9284","http://creativecommons.org/licenses/by/4.0/",TRUE,NA,NA,NA,NA,FALSE,"wiley2024deal","04v76ef78_wiley2024deal_2024"
"Kiel U",2024,NA,"10.1002/jmor.70013",TRUE,FALSE,"Wiley-Blackwell","Journal of Morphology","0362-2525","0362-2525","1097-4687","0362-2525","http://creativecommons.org/licenses/by-nc-nd/4.0/",TRUE,"39648403","PMC11625980",NA,NA,FALSE,"wiley2024deal","04v76ef78_wiley2024deal_2024"
"Kiel U",2024,NA,"10.1111/1746-692x.12435",TRUE,FALSE,"Wiley-Blackwell","EuroChoices","1478-0917","1478-0917","1746-692X","1478-0917","http://creativecommons.org/licenses/by-nc-nd/4.0/",TRUE,NA,NA,NA,NA,FALSE,"wiley2024deal","04v76ef78_wiley2024deal_2024"
"Kiel U",2024,NA,"10.1002/jmor.70009",TRUE,FALSE,"Wiley-Blackwell","Journal of Morphology","0362-2525","0362-2525","1097-4687","0362-2525","http://creativecommons.org/licenses/by-nc-nd/4.0/",TRUE,"39522056",NA,NA,NA,FALSE,"wiley2024deal","04v76ef78_wiley2024deal_2024"
"Kiel U",2024,NA,"10.1111/ppl.14340",TRUE,FALSE,"Wiley-Blackwell","Physiologia Plantarum","0031-9317","0031-9317","1399-3054","0031-9317","http://creativecommons.org/licenses/by/4.0/",TRUE,"38741259",NA,NA,NA,FALSE,"wiley2024deal","04v76ef78_wiley2024deal_2024"
"Kiel U",2024,NA,"10.1002/batt.202400505",TRUE,FALSE,"Wiley-Blackwell","Batteries & Supercaps","2566-6223","2566-6223","2566-6223","2566-6223","http://creativecommons.org/licenses/by/4.0/",TRUE,NA,NA,NA,NA,FALSE,"wiley2024deal","04v76ef78_wiley2024deal_2024"
"Kiel U",2024,NA,"10.1111/ojoa.12309",TRUE,FALSE,"Wiley-Blackwell","Oxford Journal of Archaeology","0262-5253","0262-5253","1468-0092","0262-5253","http://creativecommons.org/licenses/by-nc/4.0/",TRUE,NA,NA,NA,NA,FALSE,"wiley2024deal","04v76ef78_wiley2024deal_2024"
"Kiel U",2024,NA,"10.1002/ppap.202400160",TRUE,FALSE,"Wiley-Blackwell","Plasma Processes and Polymers","1612-8850","1612-8850","1612-8869","1612-8850","http://creativecommons.org/licenses/by-nc-nd/4.0/",TRUE,NA,NA,NA,NA,FALSE,"wiley2024deal","04v76ef78_wiley2024deal_2024"
"Kiel U",2024,NA,"10.1111/jpim.12750",TRUE,FALSE,"Wiley-Blackwell","Journal of Product Innovation Management","0737-6782","0737-6782","1540-5885","0737-6782","http://creativecommons.org/licenses/by-nc/4.0/",TRUE,NA,NA,NA,NA,FALSE,"wiley2024deal","04v76ef78_wiley2024deal_2024"
"Kiel U",2024,NA,"10.1002/zoo.21871",TRUE,FALSE,"Wiley-Blackwell","Zoo Biology","0733-3188","0733-3188","1098-2361","0733-3188","http://creativecommons.org/licenses/by-nc-nd/4.0/",TRUE,"39373273","PMC11802488",NA,NA,FALSE,"wiley2024deal","04v76ef78_wiley2024deal_2024"
"Kiel U",2024,NA,"10.1002/agr.21967",TRUE,FALSE,"Wiley-Blackwell","Agribusiness","0742-4477","0742-4477","1520-6297","0742-4477","http://creativecommons.org/licenses/by/4.0/",TRUE,NA,NA,NA,NA,FALSE,"wiley2024deal","04v76ef78_wiley2024deal_2024"
"Kiel U",2024,NA,"10.1002/ctpp.202400018",TRUE,FALSE,"Wiley-Blackwell","Contributions to Plasma Physics","0863-1042","0863-1042","1521-3986","0863-1042","http://creativecommons.org/licenses/by/4.0/",TRUE,NA,NA,NA,NA,FALSE,"wiley2024deal","04v76ef78_wiley2024deal_2024"
"Kiel U",2024,NA,"10.1111/plb.13633",TRUE,FALSE,"Wiley-Blackwell","Plant Biology","1435-8603","1435-8603","1438-8677","1435-8603","http://creativecommons.org/licenses/by-nc-nd/4.0/",TRUE,"38430522",NA,NA,NA,FALSE,"wiley2024deal","04v76ef78_wiley2024deal_2024"
"Kiel U",2024,NA,"10.1111/radm.12670",TRUE,FALSE,"Wiley-Blackwell","R&D Management","0033-6807","0033-6807","1467-9310","0033-6807","http://creativecommons.org/licenses/by-nc-nd/4.0/",TRUE,NA,NA,NA,NA,FALSE,"wiley2024deal","04v76ef78_wiley2024deal_2024"
"Kiel U",2024,NA,"10.1002/hyp.15088",TRUE,FALSE,"Wiley-Blackwell","Hydrological Processes","0885-6087","0885-6087","1099-1085","0885-6087","http://creativecommons.org/licenses/by/4.0/",TRUE,NA,NA,NA,NA,FALSE,"wiley2024deal","04v76ef78_wiley2024deal_2024"
"Kiel U",2024,NA,"10.1111/jbg.12867",TRUE,FALSE,"Wiley-Blackwell","Journal of Animal Breeding and Genetics","0931-2668","0931-2668","1439-0388","0931-2668","http://creativecommons.org/licenses/by-nc/4.0/",TRUE,"38588032",NA,NA,NA,FALSE,"wiley2024deal","04v76ef78_wiley2024deal_2024"
"Kiel U",2024,NA,"10.1111/sum.13089",TRUE,FALSE,"Wiley-Blackwell","Soil Use and Management","0266-0032","0266-0032","1475-2743","0266-0032","http://creativecommons.org/licenses/by/4.0/",TRUE,NA,NA,NA,NA,FALSE,"wiley2024deal","04v76ef78_wiley2024deal_2024"
"Kiel U",2024,NA,"10.1002/rra.4306",TRUE,FALSE,"Wiley-Blackwell","River Research and Applications","1535-1459","1535-1459","1535-1467","1535-1459","http://creativecommons.org/licenses/by/4.0/",TRUE,NA,NA,NA,NA,FALSE,"wiley2024deal","04v76ef78_wiley2024deal_2024"
"Kiel U",2024,NA,"10.1111/pce.14914",TRUE,FALSE,"Wiley-Blackwell","Plant, Cell & Environment","0140-7791","0140-7791","1365-3040","0140-7791","http://creativecommons.org/licenses/by-nc-nd/4.0/",TRUE,"38616485",NA,NA,NA,FALSE,"wiley2024deal","04v76ef78_wiley2024deal_2024"
"Kiel U",2024,NA,"10.1002/jsfa.14061",TRUE,FALSE,"Wiley-Blackwell","Journal of the Science of Food and Agriculture","0022-5142","0022-5142","1097-0010","0022-5142","http://creativecommons.org/licenses/by/4.0/",TRUE,"39668620","PMC12260312",NA,NA,FALSE,"wiley2024deal","04v76ef78_wiley2024deal_2024"
"Kiel U",2024,NA,"10.1002/adfm.202403631",TRUE,FALSE,"Wiley-Blackwell","Advanced Functional Materials","1616-301X","1616-301X","1616-3028","1616-301X","http://creativecommons.org/licenses/by/4.0/",TRUE,NA,NA,NA,NA,FALSE,"wiley2024deal","04v76ef78_wiley2024deal_2024"
"Kiel U",2024,NA,"10.1002/adom.202402187",TRUE,FALSE,"Wiley-Blackwell","Advanced Optical Materials","2195-1071","2195-1071","2195-1071","2195-1071","http://creativecommons.org/licenses/by-nc-nd/4.0/",TRUE,NA,NA,NA,NA,FALSE,"wiley2024deal","04v76ef78_wiley2024deal_2024"
"Kiel U",2024,NA,"10.1002/adfm.202312989",TRUE,FALSE,"Wiley-Blackwell","Advanced Functional Materials","1616-301X","1616-301X","1616-3028","1616-301X","http://creativecommons.org/licenses/by-nc-nd/4.0/",TRUE,NA,NA,NA,NA,FALSE,"wiley2024deal","04v76ef78_wiley2024deal_2024"
"Kiel U",2024,NA,"10.1002/pssa.202400607",TRUE,FALSE,"Wiley-Blackwell","physica status solidi (a)","1862-6300","1862-6300","1862-6319","1862-6300","http://creativecommons.org/licenses/by-nc/4.0/",TRUE,NA,NA,NA,NA,FALSE,"wiley2024deal","04v76ef78_wiley2024deal_2024"
"Kiel U",2024,NA,"10.1029/2024jb029226",TRUE,FALSE,"American Geophysical Union (AGU)","Journal of Geophysical Research: Solid Earth","2169-9313","2169-9313","2169-9356","2169-9313","http://creativecommons.org/licenses/by-nc/4.0/",TRUE,NA,NA,NA,NA,FALSE,"wiley2024deal","04v76ef78_wiley2024deal_2024"
"Kiel U",2024,NA,"10.1002/ksa.12111",TRUE,FALSE,"Wiley-Blackwell","Knee Surgery, Sports Traumatology, Arthroscopy","0942-2056","0942-2056","1433-7347","0942-2056","http://creativecommons.org/licenses/by/4.0/",TRUE,"38431913",NA,NA,NA,FALSE,"wiley2024deal","04v76ef78_wiley2024deal_2024"
"Kiel U",2024,NA,"10.1002/arp.1930",TRUE,FALSE,"Wiley-Blackwell","Archaeological Prospection","1075-2196","1075-2196","1099-0763","1075-2196","http://creativecommons.org/licenses/by/4.0/",TRUE,NA,NA,NA,NA,FALSE,"wiley2024deal","04v76ef78_wiley2024deal_2024"
"Kiel U",2024,NA,"10.1002/adts.202301236",TRUE,FALSE,"Wiley-Blackwell","Advanced Theory and Simulations","2513-0390","2513-0390","2513-0390","2513-0390","http://creativecommons.org/licenses/by-nc-nd/4.0/",TRUE,NA,NA,NA,NA,FALSE,"wiley2024deal","04v76ef78_wiley2024deal_2024"
"Kiel U",2024,NA,"10.1002/jpln.202400321",TRUE,FALSE,"Wiley-Blackwell","Journal of Plant Nutrition and Soil Science","1436-8730","1436-8730","1522-2624","1436-8730","http://creativecommons.org/licenses/by/4.0/",TRUE,NA,NA,NA,NA,FALSE,"wiley2024deal","04v76ef78_wiley2024deal_2024"
"Kiel U",2024,NA,"10.1111/pce.14864",TRUE,FALSE,"Wiley-Blackwell","Plant, Cell & Environment","0140-7791","0140-7791","1365-3040","0140-7791","http://creativecommons.org/licenses/by-nc-nd/4.0/",TRUE,"38391415",NA,NA,NA,FALSE,"wiley2024deal","04v76ef78_wiley2024deal_2024"
"Kiel U",2024,NA,"10.1002/admt.202301959",TRUE,FALSE,"Wiley-Blackwell","Advanced Materials Technologies","2365-709X","2365-709X","2365-709X","2365-709X","http://creativecommons.org/licenses/by-nc-nd/4.0/",TRUE,NA,NA,NA,NA,FALSE,"wiley2024deal","04v76ef78_wiley2024deal_2024"
"Kiel U",2024,NA,"10.1111/sum.13054",TRUE,FALSE,"Wiley-Blackwell","Soil Use and Management","0266-0032","0266-0032","1475-2743","0266-0032","http://creativecommons.org/licenses/by/4.0/",TRUE,NA,NA,NA,NA,FALSE,"wiley2024deal","04v76ef78_wiley2024deal_2024"
"Kiel U",2024,NA,"10.1002/nla.2575",TRUE,FALSE,"Wiley-Blackwell","Numerical Linear Algebra with Applications","1070-5325","1070-5325","1099-1506","1070-5325","http://creativecommons.org/licenses/by-nc/4.0/",TRUE,NA,NA,NA,NA,FALSE,"wiley2024deal","04v76ef78_wiley2024deal_2024"
"Kiel U",2024,NA,"10.1002/chem.202403117",TRUE,FALSE,"Wiley-Blackwell","Chemistry - A European Journal","0947-6539","0947-6539","1521-3765","0947-6539","http://creativecommons.org/licenses/by-nc-nd/4.0/",TRUE,"39305149",NA,NA,NA,FALSE,"wiley2024deal","04v76ef78_wiley2024deal_2024"
"Kiel U",2024,NA,"10.1002/chem.202303912",TRUE,FALSE,"Wiley-Blackwell","Chemistry - A European Journal","0947-6539","0947-6539","1521-3765","0947-6539","http://creativecommons.org/licenses/by-nc-nd/4.0/",TRUE,"38319524",NA,NA,NA,FALSE,"wiley2024deal","04v76ef78_wiley2024deal_2024"
"Kiel U",2024,NA,"10.1111/febs.17355",TRUE,FALSE,"Wiley-Blackwell","FEBS Journal","1742-464X","1742-464X","1742-4658","1742-464X","http://creativecommons.org/licenses/by/4.0/",TRUE,"39673075","PMC11796313",NA,NA,FALSE,"wiley2024deal","04v76ef78_wiley2024deal_2024"
"Kiel U",2024,NA,"10.1002/arp.1961",TRUE,FALSE,"Wiley-Blackwell","Archaeological Prospection","1075-2196","1075-2196","1099-0763","1075-2196","http://creativecommons.org/licenses/by-nc/4.0/",TRUE,NA,NA,NA,NA,FALSE,"wiley2024deal","04v76ef78_wiley2024deal_2024"
"Kiel U",2024,NA,"10.1002/jpln.202300295",TRUE,FALSE,"Wiley-Blackwell","Journal of Plant Nutrition and Soil Science","1436-8730","1436-8730","1522-2624","1436-8730","http://creativecommons.org/licenses/by/4.0/",TRUE,NA,NA,NA,NA,FALSE,"wiley2024deal","04v76ef78_wiley2024deal_2024"
"Kiel U",2024,NA,"10.1002/cctc.202400988",TRUE,FALSE,"Wiley-Blackwell","ChemCatChem","1867-3880","1867-3880","1867-3899","1867-3880","http://creativecommons.org/licenses/by-nc/4.0/",TRUE,NA,NA,NA,NA,FALSE,"wiley2024deal","04v76ef78_wiley2024deal_2024"
"Kiel U",2024,NA,"10.1111/tpj.16819",TRUE,FALSE,"Wiley-Blackwell","The Plant Journal","0960-7412","0960-7412","1365-313X","0960-7412","http://creativecommons.org/licenses/by-nc-nd/4.0/",TRUE,"38843114","PMC13087488",NA,NA,FALSE,"wiley2024deal","04v76ef78_wiley2024deal_2024"
"Kiel U",2024,NA,"10.1002/chem.202304359",TRUE,FALSE,"Wiley-Blackwell","Chemistry - A European Journal","0947-6539","0947-6539","1521-3765","0947-6539","http://creativecommons.org/licenses/by-nc-nd/4.0/",TRUE,"38305666",NA,NA,NA,FALSE,"wiley2024deal","04v76ef78_wiley2024deal_2024"
"Kiel U",2024,NA,"10.1002/jpln.202400151",TRUE,FALSE,"Wiley-Blackwell","Journal of Plant Nutrition and Soil Science","1436-8730","1436-8730","1522-2624","1436-8730","http://creativecommons.org/licenses/by/4.0/",TRUE,NA,NA,NA,NA,FALSE,"wiley2024deal","04v76ef78_wiley2024deal_2024"
"Kiel U",2024,NA,"10.1002/adem.202301912",TRUE,FALSE,"Wiley-Blackwell","Advanced Engineering Materials","1438-1656","1438-1656","1527-2648","1438-1656","http://creativecommons.org/licenses/by/4.0/",TRUE,NA,NA,NA,NA,FALSE,"wiley2024deal","04v76ef78_wiley2024deal_2024"
"Kiel U",2024,NA,"10.1111/tpj.16847",TRUE,FALSE,"Wiley-Blackwell","The Plant Journal","0960-7412","0960-7412","1365-313X","0960-7412","http://creativecommons.org/licenses/by-nc-nd/4.0/",TRUE,"38815125","PMC13087479",NA,NA,FALSE,"wiley2024deal","04v76ef78_wiley2024deal_2024"
"Kiel U",2024,NA,"10.1002/cssc.202400046",TRUE,FALSE,"Wiley-Blackwell","ChemSusChem","1864-5631","1864-5631","1864-564X","1864-5631","http://creativecommons.org/licenses/by-nc/4.0/",TRUE,"38739088",NA,NA,NA,FALSE,"wiley2024deal","04v76ef78_wiley2024deal_2024"
"Kiel U",2024,NA,"10.1002/rob.22390",TRUE,FALSE,"Wiley-Blackwell","Journal of Field Robotics","1556-4959","1556-4959","1556-4967","1556-4959","http://creativecommons.org/licenses/by-nc-nd/4.0/",TRUE,NA,NA,NA,NA,FALSE,"wiley2024deal","04v76ef78_wiley2024deal_2024"
"Kiel U",2024,NA,"10.1002/adts.202400348",TRUE,FALSE,"Wiley-Blackwell","Advanced Theory and Simulations","2513-0390","2513-0390","2513-0390","2513-0390","http://creativecommons.org/licenses/by-nc-nd/4.0/",TRUE,NA,NA,NA,NA,FALSE,"wiley2024deal","04v76ef78_wiley2024deal_2024"
"Kiel U",2024,NA,"10.1002/ppap.202400206",TRUE,FALSE,"Wiley-Blackwell","Plasma Processes and Polymers","1612-8850","1612-8850","1612-8869","1612-8850","http://creativecommons.org/licenses/by-nc-nd/4.0/",TRUE,NA,NA,NA,NA,FALSE,"wiley2024deal","04v76ef78_wiley2024deal_2024"
"Kiel U",2024,NA,"10.1107/s1600576724002711",TRUE,FALSE,"International Union of Crystallography (IUCr)","Journal of Applied Crystallography","1600-5767",NA,"1600-5767","0021-8898","https://creativecommons.org/licenses/by/4.0/legalcode",TRUE,"38846770","PMC11151671",NA,NA,FALSE,"wiley2024deal","04v76ef78_wiley2024deal_2024"
"Kiel U",2024,NA,"10.1002/chem.202400433",TRUE,FALSE,"Wiley-Blackwell","Chemistry - A European Journal","0947-6539","0947-6539","1521-3765","0947-6539","http://creativecommons.org/licenses/by/4.0/",TRUE,"38568800",NA,NA,NA,FALSE,"wiley2024deal","04v76ef78_wiley2024deal_2024"
"Kiel U",2024,NA,"10.1002/adem.202401824",TRUE,FALSE,"Wiley-Blackwell","Advanced Engineering Materials","1438-1656","1438-1656","1527-2648","1438-1656","http://creativecommons.org/licenses/by/4.0/",TRUE,NA,NA,NA,NA,FALSE,"wiley2024deal","04v76ef78_wiley2024deal_2024"
"Kiel U",2024,NA,"10.1002/ejoc.202400809",TRUE,FALSE,"Wiley-Blackwell","European Journal of Organic Chemistry","1434-193X","1434-193X","1099-0690","1099-0690","http://creativecommons.org/licenses/by-nc-nd/4.0/",TRUE,NA,NA,NA,NA,FALSE,"wiley2024deal","04v76ef78_wiley2024deal_2024"
"Kiel U",2024,NA,"10.1002/ppsc.202400037",TRUE,FALSE,"Wiley-Blackwell","Particle & Particle Systems Characterization","0934-0866","0934-0866","1521-4117","0934-0866","http://creativecommons.org/licenses/by-nc-nd/4.0/",TRUE,NA,NA,NA,NA,FALSE,"wiley2024deal","04v76ef78_wiley2024deal_2024"
"Kiel U",2024,NA,"10.1002/pssb.202300564",TRUE,FALSE,"Wiley-Blackwell","physica status solidi (b)","0370-1972","0370-1972","1521-3951","0370-1972","http://creativecommons.org/licenses/by/4.0/",TRUE,NA,NA,NA,NA,FALSE,"wiley2024deal","04v76ef78_wiley2024deal_2024"
"Kiel U",2024,NA,"10.1111/ijpo.13192",TRUE,FALSE,"Wiley-Blackwell","Pediatric Obesity","2047-6302","2047-6302","2047-6310","2047-6302","http://creativecommons.org/licenses/by-nc-nd/4.0/",TRUE,"39622513","PMC11936706",NA,NA,FALSE,"wiley2024deal","04v76ef78_wiley2024deal_2024"
"Kiel U",2024,NA,"10.1002/chem.202403634",TRUE,FALSE,"Wiley-Blackwell","Chemistry - A European Journal","0947-6539","0947-6539","1521-3765","0947-6539","http://creativecommons.org/licenses/by/4.0/",TRUE,"39392683","PMC11739832",NA,NA,FALSE,"wiley2024deal","04v76ef78_wiley2024deal_2024"
"Kiel U",2024,NA,"10.1002/arp.1965",TRUE,FALSE,"Wiley-Blackwell","Archaeological Prospection","1075-2196","1075-2196","1099-0763","1075-2196","http://creativecommons.org/licenses/by/4.0/",TRUE,NA,NA,NA,NA,FALSE,"wiley2024deal","04v76ef78_wiley2024deal_2024"
"Kiel U",2024,NA,"10.1002/kin.21723",TRUE,FALSE,"Wiley-Blackwell","International Journal of Chemical Kinetics","0538-8066","0538-8066","1097-4601","0538-8066","http://creativecommons.org/licenses/by/4.0/",TRUE,NA,NA,NA,NA,FALSE,"wiley2024deal","04v76ef78_wiley2024deal_2024"
"Kiel U",2024,NA,"10.1002/ppap.202400103",TRUE,FALSE,"Wiley-Blackwell","Plasma Processes and Polymers","1612-8850","1612-8850","1612-8869","1612-8850","http://creativecommons.org/licenses/by-nc-nd/4.0/",TRUE,NA,NA,NA,NA,FALSE,"wiley2024deal","04v76ef78_wiley2024deal_2024"
"Kiel U",2024,NA,"10.1002/ctpp.202400014",TRUE,FALSE,"Wiley-Blackwell","Contributions to Plasma Physics","0863-1042","0863-1042","1521-3986","0863-1042","http://creativecommons.org/licenses/by-nc/4.0/",TRUE,NA,NA,NA,NA,FALSE,"wiley2024deal","04v76ef78_wiley2024deal_2024"
"Kiel U",2024,NA,"10.1002/admt.202301785",TRUE,FALSE,"Wiley-Blackwell","Advanced Materials Technologies","2365-709X","2365-709X","2365-709X","2365-709X","http://creativecommons.org/licenses/by-nc/4.0/",TRUE,NA,NA,NA,NA,FALSE,"wiley2024deal","04v76ef78_wiley2024deal_2024"
"Kiel U",2024,NA,"10.1002/ksa.12387",TRUE,FALSE,"Wiley-Blackwell","Knee Surgery, Sports Traumatology, Arthroscopy","0942-2056","0942-2056","1433-7347","0942-2056","http://creativecommons.org/licenses/by/4.0/",TRUE,"39077845",NA,NA,NA,FALSE,"wiley2024deal","04v76ef78_wiley2024deal_2024"
"Kiel U",2024,NA,"10.1002/smtd.202400495",TRUE,FALSE,"Wiley-Blackwell","Small Methods","2366-9608","2366-9608","2366-9608","2366-9608","http://creativecommons.org/licenses/by-nc/4.0/",TRUE,"39205538","PMC11740955",NA,NA,FALSE,"wiley2024deal","04v76ef78_wiley2024deal_2024"
"Kiel U",2024,NA,"10.1111/clr.14372",TRUE,FALSE,"Wiley-Blackwell","Clinical Oral Implants Research","0905-7161","0905-7161","1600-0501","0905-7161","http://creativecommons.org/licenses/by-nc-nd/4.0/",TRUE,"39429193","PMC11810550",NA,NA,FALSE,"wiley2024deal","04v76ef78_wiley2024deal_2024"
"Kiel U",2024,NA,"10.1111/jdv.19927",TRUE,FALSE,"Wiley-Blackwell","Journal of the European Academy of Dermatology and Venereology","0926-9959","0926-9959","1468-3083","0926-9959","http://creativecommons.org/licenses/by-nc/4.0/",TRUE,"38602225","PMC11862875",NA,NA,FALSE,"wiley2024deal","04v76ef78_wiley2024deal_2024"
"Kiel U",2024,NA,"10.1111/idh.12834",TRUE,FALSE,"Wiley-Blackwell","International Journal of Dental Hygiene","1601-5029","1601-5029","1601-5037","1601-5029","http://creativecommons.org/licenses/by/4.0/",TRUE,"38863249","PMC11717969",NA,NA,FALSE,"wiley2024deal","04v76ef78_wiley2024deal_2024"
"Kiel U",2024,NA,"10.1002/mdc3.14021",TRUE,FALSE,"Wiley-Blackwell","Movement Disorders Clinical Practice","2330-1619","2330-1619","2330-1619","2330-1619","http://creativecommons.org/licenses/by-nc-nd/4.0/",TRUE,"38486480","PMC11145156",NA,NA,FALSE,"wiley2024deal","04v76ef78_wiley2024deal_2024"
"Kiel U",2024,NA,"10.1111/cid.13332",TRUE,FALSE,"Wiley-Blackwell","Clinical Implant Dentistry and Related Research","1523-0899","1523-0899","1708-8208","1523-0899","http://creativecommons.org/licenses/by-nc-nd/4.0/",TRUE,"38680076",NA,NA,NA,FALSE,"wiley2024deal","04v76ef78_wiley2024deal_2024"
"Kiel U",2024,NA,"10.1111/apt.18184",TRUE,FALSE,"Wiley-Blackwell","Alimentary Pharmacology & Therapeutics","0269-2813","0269-2813","1365-2036","0269-2813","http://creativecommons.org/licenses/by-nc/4.0/",TRUE,"39054592",NA,NA,NA,FALSE,"wiley2024deal","04v76ef78_wiley2024deal_2024"
"Kiel U",2024,NA,"10.1002/eji.202451028",TRUE,FALSE,"Wiley-Blackwell","European Journal of Immunology","0014-2980","0014-2980","1521-4141","0014-2980","http://creativecommons.org/licenses/by-nc-nd/4.0/",TRUE,"38616772",NA,NA,NA,FALSE,"wiley2024deal","04v76ef78_wiley2024deal_2024"
"Kiel U",2024,NA,"10.1111/eje.13014",TRUE,FALSE,"Wiley-Blackwell","European Journal of Dental Education","1396-5883","1396-5883","1600-0579","1396-5883","http://creativecommons.org/licenses/by-nc-nd/4.0/",TRUE,"38693668",NA,NA,NA,FALSE,"wiley2024deal","04v76ef78_wiley2024deal_2024"
"Kiel U",2024,NA,"10.1002/eji.202451075",TRUE,FALSE,"Wiley-Blackwell","European Journal of Immunology","0014-2980","0014-2980","1521-4141","0014-2980","http://creativecommons.org/licenses/by-nc-nd/4.0/",TRUE,"39623788","PMC11739682",NA,NA,FALSE,"wiley2024deal","04v76ef78_wiley2024deal_2024"
"Kiel U",2024,NA,"10.1111/all.16125",TRUE,FALSE,"Wiley-Blackwell","Allergy","0105-4538","0105-4538","1398-9995","0105-4538","http://creativecommons.org/licenses/by-nc-nd/4.0/",TRUE,"38641894",NA,NA,NA,FALSE,"wiley2024deal","04v76ef78_wiley2024deal_2024"
"Kiel U",2024,NA,"10.1111/myc.13774",TRUE,FALSE,"Wiley-Blackwell","Mycoses","0933-7407","0933-7407","1439-0507","0933-7407","http://creativecommons.org/licenses/by-nc-nd/4.0/",TRUE,"39092516",NA,NA,NA,FALSE,"wiley2024deal","04v76ef78_wiley2024deal_2024"
"Kiel U",2024,NA,"10.1002/ijc.34976",TRUE,FALSE,"Wiley-Blackwell","International Journal of Cancer","0020-7136","0020-7136","1097-0215","0020-7136","http://creativecommons.org/licenses/by-nc-nd/4.0/",TRUE,"38709956",NA,NA,NA,FALSE,"wiley2024deal","04v76ef78_wiley2024deal_2024"
"Kiel U",2024,NA,"10.1111/jre.13271",TRUE,FALSE,"Wiley-Blackwell","Journal of Periodontal Research","0022-3484","0022-3484","1600-0765","0022-3484","http://creativecommons.org/licenses/by/4.0/",TRUE,"38660934",NA,NA,NA,FALSE,"wiley2024deal","04v76ef78_wiley2024deal_2024"
"Kiel U",2024,NA,"10.1002/lsm.23833",TRUE,FALSE,"Wiley-Blackwell","Lasers in Surgery and Medicine","0196-8092","0196-8092","1096-9101","0196-8092","http://creativecommons.org/licenses/by-nc/4.0/",TRUE,"39210705",NA,NA,NA,FALSE,"wiley2024deal","04v76ef78_wiley2024deal_2024"
"Kiel U",2024,NA,"10.1111/jerd.13350",TRUE,FALSE,"Wiley-Blackwell","Journal of Esthetic and Restorative Dentistry","1496-4155","1496-4155","1708-8240","1496-4155","http://creativecommons.org/licenses/by-nc-nd/4.0/",TRUE,"39462906","PMC12080082",NA,NA,FALSE,"wiley2024deal","04v76ef78_wiley2024deal_2024"
"",,,"","","","","","","","","","","","","","","","","",""
"",,,"","","","","","","","","","","","","","","","","",""
"",,,"","","","","","","","","","","","","","","","","",""
"",,,"","","","","","","","","","","","","","","","","",""
"",,,"","","","","","","","","","","","","","","","","",""
"",,,"","","","","","","","","","","","","","","","","",""
"",,,"","","","","","","","","","","","","","","","","",""
"",,,"","","","","","","","","","","","","","","","","",""
"",,,"","","","","","","","","","","","","","","","","",""
"",,,"","","","","","","","","","","","","","","","","",""
"",,,"","","","","","","","","","","","","","","","","",""
"",,,"","","","","","","","","","","","","","","","","",""
"",,,"","","","","","","","","","","","","","","","","",""
"",,,"","","","","","","","","","","","","","","","","",""
"",,,"","","","","","","","","","","","","","","","","",""
"",,,"","","","","","","","","","","","","","","","","",""
"",,,"","","","","","","","","","","","","","","","","",""
"",,,"","","","","","","","","","","","","","","","","",""
"",,,"","","","","","","","","","","","","","","","","",""
"",,,"","","","","","","","","","","","","","","","","",""
"Kiel U",2024,NA,"10.1016/j.immuni.2024.08.005",TRUE,FALSE,"Elsevier BV","Immunity","1074-7613","1074-7613",NA,"1074-7613","http://creativecommons.org/licenses/by/4.0/",TRUE,"39226901",NA,NA,NA,FALSE,"els2023deal","04v76ef78_els2023deal_2024"
"Kiel U",2024,NA,"10.1016/j.cub.2024.06.030",TRUE,FALSE,"Elsevier BV","Current Biology","0960-9822","0960-9822",NA,"0960-9822","http://creativecommons.org/licenses/by/4.0/",TRUE,"38964320",NA,NA,NA,FALSE,"els2023deal","04v76ef78_els2023deal_2024"
"",,,"","","","","","","","","","","","","","","","","",""
"",,,"","","","","","","","","","","","","","","","","",""
"",,,"","","","","","","","","","","","","","","","","",""
"",,,"","","","","","","","","","","","","","","","","",""
"",,,"","","","","","","","","","","","","","","","","",""
"",,,"","","","","","","","","","","","","","","","","",""
"",,,"","","","","","","","","","","","","","","","","",""
"Kiel U",2024,NA,"10.1016/j.it.2024.10.008",TRUE,FALSE,"Elsevier BV","Trends in Immunology","1471-4906","1471-4906",NA,"1471-4906","http://creativecommons.org/licenses/by-nc/4.0/",TRUE,"39550315",NA,NA,NA,FALSE,"els2023deal","04v76ef78_els2023deal_2024"
"Kiel U",2024,NA,"10.1016/s0140-6736(24)01810-5",TRUE,FALSE,"Elsevier BV","The Lancet","0140-6736","0140-6736",NA,"0140-6736","http://creativecommons.org/licenses/by-nc-nd/4.0/",TRUE,NA,NA,NA,NA,FALSE,"els2023deal","04v76ef78_els2023deal_2024"
"",,,"","","","","","","","","","","","","","","","","",""
"",,,"","","","","","","","","","","","","","","","","",""
"",,,"","","","","","","","","","","","","","","","","",""
"",,,"","","","","","","","","","","","","","","","","",""
"",,,"","","","","","","","","","","","","","","","","",""
"",,,"","","","","","","","","","","","","","","","","",""
"",,,"","","","","","","","","","","","","","","","","",""
"",,,"","","","","","","","","","","","","","","","","",""
"",,,"","","","","","","","","","","","","","","","","",""
"",,,"","","","","","","","","","","","","","","","","",""
"",,,"","","","","","","","","","","","","","","","","",""
"",,,"","","","","","","","","","","","","","","","","",""
"",,,"","","","","","","","","","","","","","","","","",""
"",,,"","","","","","","","","","","","","","","","","",""
"",,,"","","","","","","","","","","","","","","","","",""
"",,,"","","","","","","","","","","","","","","","","",""
"",,,"","","","","","","","","","","","","","","","","",""
"",,,"","","","","","","","","","","","","","","","","",""
"",,,"","","","","","","","","","","","","","","","","",""
"",,,"","","","","","","","","","","","","","","","","",""
"",,,"","","","","","","","","","","","","","","","","",""
"",,,"","","","","","","","","","","","","","","","","",""
"",,,"","","","","","","","","","","","","","","","","",""
"",,,"","","","","","","","","","","","","","","","","",""
"",,,"","","","","","","","","","","","","","","","","",""
"",,,"","","","","","","","","","","","","","","","","",""
"",,,"","","","","","","","","","","","","","","","","",""
"",,,"","","","","","","","","","","","","","","","","",""
"",,,"","","","","","","","","","","","","","","","","",""
"",,,"","","","","","","","","","","","","","","","","",""
"",,,"","","","","","","","","","","","","","","","","",""
"",,,"","","","","","","","","","","","","","","","","",""
"",,,"","","","","","","","","","","","","","","","","",""
"",,,"","","","","","","","","","","","","","","","","",""
"",,,"","","","","","","","","","","","","","","","","",""
"",,,"","","","","","","","","","","","","","","","","",""
"",,,"","","","","","","","","","","","","","","","","",""
"",,,"","","","","","","","","","","","","","","","","",""
"",,,"","","","","","","","","","","","","","","","","",""
"",,,"","","","","","","","","","","","","","","","","",""
"",,,"","","","","","","","","","","","","","","","","",""
"",,,"","","","","","","","","","","","","","","","","",""
"",,,"","","","","","","","","","","","","","","","","",""
"",,,"","","","","","","","","","","","","","","","","",""
"",,,"","","","","","","","","","","","","","","","","",""
"",,,"","","","","","","","","","","","","","","","","",""
"",,,"","","","","","","","","","","","","","","","","",""
"",,,"","","","","","","","","","","","","","","","","",""
"",,,"","","","","","","","","","","","","","","","","",""
"",,,"","","","","","","","","","","","","","","","","",""
"",,,"","","","","","","","","","","","","","","","","",""
"",,,"","","","","","","","","","","","","","","","","",""
"",,,"","","","","","","","","","","","","","","","","",""
"",,,"","","","","","","","","","","","","","","","","",""
"",,,"","","","","","","","","","","","","","","","","",""
"",,,"","","","","","","","","","","","","","","","","",""
"",,,"","","","","","","","","","","","","","","","","",""
"",,,"","","","","","","","","","","","","","","","","",""
"",,,"","","","","","","","","","","","","","","","","",""
"",,,"","","","","","","","","","","","","","","","","",""
"",,,"","","","","","","","","","","","","","","","","",""
"",,,"","","","","","","","","","","","","","","","","",""
"",,,"","","","","","","","","","","","","","","","","",""
"",,,"","","","","","","","","","","","","","","","","",""
"",,,"","","","","","","","","","","","","","","","","",""
"",,,"","","","","","","","","","","","","","","","","",""
"",,,"","","","","","","","","","","","","","","","","",""
"",,,"","","","","","","","","","","","","","","","","",""
"",,,"","","","","","","","","","","","","","","","","",""
"",,,"","","","","","","","","","","","","","","","","",""
"",,,"","","","","","","","","","","","","","","","","",""
"",,,"","","","","","","","","","","","","","","","","",""
"",,,"","","","","","","","","","","","","","","","","",""
"",,,"","","","","","","","","","","","","","","","","",""
"",,,"","","","","","","","","","","","","","","","","",""
"",,,"","","","","","","","","","","","","","","","","",""
"",,,"","","","","","","","","","","","","","","","","",""
"",,,"","","","","","","","","","","","","","","","","",""
"",,,"","","","","","","","","","","","","","","","","",""
"",,,"","","","","","","","","","","","","","","","","",""
"",,,"","","","","","","","","","","","","","","","","",""
"",,,"","","","","","","","","","","","","","","","","",""
"",,,"","","","","","","","","","","","","","","","","",""
"",,,"","","","","","","","","","","","","","","","","",""
"",,,"","","","","","","","","","","","","","","","","",""
"",,,"","","","","","","","","","","","","","","","","",""
"",,,"","","","","","","","","","","","","","","","","",""
"",,,"","","","","","","","","","","","","","","","","",""
"",,,"","","","","","","","","","","","","","","","","",""
"",,,"","","","","","","","","","","","","","","","","",""
"",,,"","","","","","","","","","","","","","","","","",""
"",,,"","","","","","","","","","","","","","","","","",""
"",,,"","","","","","","","","","","","","","","","","",""
"",,,"","","","","","","","","","","","","","","","","",""
"",,,"","","","","","","","","","","","","","","","","",""
"",,,"","","","","","","","","","","","","","","","","",""
"",,,"","","","","","","","","","","","","","","","","",""
"",,,"","","","","","","","","","","","","","","","","",""
"",,,"","","","","","","","","","","","","","","","","",""
"",,,"","","","","","","","","","","","","","","","","",""
"",,,"","","","","","","","","","","","","","","","","",""
"",,,"","","","","","","","","","","","","","","","","",""
"",,,"","","","","","","","","","","","","","","","","",""
"",,,"","","","","","","","","","","","","","","","","",""
"",,,"","","","","","","","","","","","","","","","","",""
"",,,"","","","","","","","","","","","","","","","","",""
"",,,"","","","","","","","","","","","","","","","","",""
"",,,"","","","","","","","","","","","","","","","","",""
"",,,"","","","","","","","","","","","","","","","","",""
"",,,"","","","","","","","","","","","","","","","","",""
"",,,"","","","","","","","","","","","","","","","","",""
"",,,"","","","","","","","","","","","","","","","","",""
"",,,"","","","","","","","","","","","","","","","","",""
"",,,"","","","","","","","","","","","","","","","","",""
"Kiel U",2024,NA,"10.1038/s41559-024-02553-y",TRUE,FALSE,"Springer Nature","Nature Ecology & Evolution","2397-334X",NA,"2397-334X","2397-334X","https://creativecommons.org/licenses/by/4.0",TRUE,"39472666","PMC11726460",NA,NA,FALSE,"sn2021gac","04v76ef78_sn2021gac_2024"
"Kiel U",2024,NA,"10.1038/s41592-024-02481-6",TRUE,FALSE,"Springer Nature","Nature Methods","1548-7091","1548-7091","1548-7105","1548-7091","https://creativecommons.org/licenses/by/4.0",TRUE,"39438734","PMC11621018",NA,NA,FALSE,"sn2021gac","04v76ef78_sn2021gac_2024"
"Kiel U",2024,NA,"10.1038/s41556-024-01436-5",TRUE,FALSE,"Springer Nature","Nature Cell Biology","1465-7392","1465-7392","1476-4679","1465-7392","https://creativecommons.org/licenses/by/4.0",TRUE,"38839979","PMC11252000",NA,NA,FALSE,"sn2021gac","04v76ef78_sn2021gac_2024"
"Kiel U",2024,NA,"10.1038/s44160-024-00578-6",TRUE,FALSE,"Springer Nature","Nature Synthesis","2731-0582",NA,"2731-0582","2731-0582","https://creativecommons.org/licenses/by/4.0",TRUE,NA,NA,NA,NA,FALSE,"sn2021gac","04v76ef78_sn2021gac_2024"
"Kiel U",2024,NA,"10.15184/aqy.2024.18",TRUE,FALSE,"Antiquity Publications","Antiquity","0003-598X","0003-598X","1745-1744","0003-598X","https://creativecommons.org/licenses/by/4.0/",TRUE,NA,NA,NA,NA,FALSE,"cam2022gac","04v76ef78_cam2022gac_2024"
"Kiel U",2024,NA,"10.15184/aqy.2024.182",TRUE,FALSE,"Antiquity Publications","Antiquity","0003-598X","0003-598X","1745-1744","0003-598X","https://creativecommons.org/licenses/by-nc-nd/4.0/",TRUE,NA,NA,NA,NA,FALSE,"cam2022gac","04v76ef78_cam2022gac_2024"
"Kiel U",2024,NA,"10.1017/s0021859623000539",TRUE,FALSE,"Cambridge University Press (CUP)","The Journal of Agricultural Science","0021-8596","0021-8596","1469-5146","0021-8596","http://creativecommons.org/licenses/by/4.0/",TRUE,NA,NA,NA,NA,FALSE,"cam2022gac","04v76ef78_cam2022gac_2024"
"Kiel U",2024,NA,"10.1017/ppr.2024.8",TRUE,FALSE,"Cambridge University Press (CUP)","Proceedings of the Prehistoric Society","0079-497X","0079-497X","2050-2729","0079-497X","http://creativecommons.org/licenses/by/4.0/",TRUE,NA,NA,NA,NA,FALSE,"cam2022gac","04v76ef78_cam2022gac_2024"
"Kiel U",2024,NA,"10.1017/s0953820824000207",TRUE,FALSE,"Cambridge University Press (CUP)","Utilitas","0953-8208","0953-8208","1741-6183","0953-8208","http://creativecommons.org/licenses/by/4.0/",TRUE,NA,NA,NA,NA,FALSE,"cam2022gac","04v76ef78_cam2022gac_2024"
"Kiel U",2024,NA,"10.1017/s1368980024001836",FALSE,FALSE,"Cambridge University Press (CUP)","Public Health Nutrition","1368-9800","1368-9800","1475-2727","1368-9800","https://creativecommons.org/licenses/by/4.0/",TRUE,"39422054","PMC11604323",NA,NA,TRUE,"cam2022gac","04v76ef78_cam2022gac_2024"
"Kiel U",2024,NA,"10.1017/s1759078724001077",TRUE,FALSE,"Cambridge University Press (CUP)","International Journal of Microwave and Wireless Technologies","1759-0787","1759-0787","1759-0795","1759-0787","http://creativecommons.org/licenses/by/4.0",TRUE,NA,NA,NA,NA,FALSE,"cam2022gac","04v76ef78_cam2022gac_2024"
"Kiel U",2024,NA,"10.1017/cft.2024.11",FALSE,FALSE,"Cambridge University Press (CUP)","Cambridge Prisms: Coastal Futures","2754-7205",NA,"2754-7205","2754-7205","http://creativecommons.org/licenses/by/4.0",TRUE,"40881338","PMC12337574",NA,NA,TRUE,"cam2022gac","04v76ef78_cam2022gac_2024"
"Kiel U",2024,NA,"10.1021/acs.biochem.4c00479",TRUE,FALSE,"American Chemical Society (ACS)","Biochemistry","0006-2960","0006-2960","1520-4995","0006-2960","https://creativecommons.org/licenses/by/4.0/",TRUE,"39421968","PMC11542183",NA,NA,FALSE,"acs2024fak","04v76ef78_acs2024fak_2024"
"Kiel U",2024,NA,"10.1021/acs.analchem.4c02956",TRUE,FALSE,"American Chemical Society (ACS)","Analytical Chemistry","0003-2700","0003-2700","1520-6882","0003-2700","https://creativecommons.org/licenses/by/4.0/",TRUE,"39387803","PMC11503512",NA,NA,FALSE,"acs2024fak","04v76ef78_acs2024fak_2024"
"Kiel U",2024,NA,"10.1021/acs.analchem.4c02419",TRUE,FALSE,"American Chemical Society (ACS)","Analytical Chemistry","0003-2700","0003-2700","1520-6882","0003-2700","https://creativecommons.org/licenses/by/4.0/",TRUE,"39405516","PMC11525923",NA,NA,FALSE,"acs2024fak","04v76ef78_acs2024fak_2024"
"Kiel U",2024,NA,"10.1021/acs.jmedchem.4c01148",TRUE,FALSE,"American Chemical Society (ACS)","Journal of Medicinal Chemistry","0022-2623","0022-2623","1520-4804","0022-2623","https://creativecommons.org/licenses/by/4.0/",TRUE,"39397364","PMC11513889",NA,NA,FALSE,"acs2024fak","04v76ef78_acs2024fak_2024"
"Kiel U",2024,NA,"10.1021/acs.jmedchem.4c01674",TRUE,FALSE,"American Chemical Society (ACS)","Journal of Medicinal Chemistry","0022-2623","0022-2623","1520-4804","0022-2623","https://creativecommons.org/licenses/by/4.0/",TRUE,"39361938","PMC11513924",NA,NA,FALSE,"acs2024fak","04v76ef78_acs2024fak_2024"
"Kiel U",2024,NA,"10.1021/acsmaterialslett.4c01660",TRUE,FALSE,"American Chemical Society (ACS)","ACS Materials Letters","2639-4979","2639-4979","2639-4979","2639-4979","https://creativecommons.org/licenses/by/4.0/",TRUE,"39391745","PMC11463687",NA,NA,FALSE,"acs2024fak","04v76ef78_acs2024fak_2024"
"Kiel U",2024,NA,"10.1021/acsnano.4c07477",TRUE,FALSE,"American Chemical Society (ACS)","ACS Nano","1936-0851","1936-0851","1936-086X","1936-0851","https://creativecommons.org/licenses/by/4.0/",TRUE,"39276102","PMC11440647",NA,NA,FALSE,"acs2024fak","04v76ef78_acs2024fak_2024"
"Kiel U",2024,NA,"10.1021/acs.jctc.4c00614",TRUE,FALSE,"American Chemical Society (ACS)","Journal of Chemical Theory and Computation","1549-9618","1549-9618","1549-9626","1549-9618","https://creativecommons.org/licenses/by/4.0/",TRUE,"39293181","PMC11474744",NA,NA,FALSE,"acs2024fak","04v76ef78_acs2024fak_2024"
"Kiel U",2024,NA,"10.1021/acs.langmuir.4c02106",TRUE,FALSE,"American Chemical Society (ACS)","Langmuir","0743-7463","0743-7463","1520-5827","0743-7463","https://creativecommons.org/licenses/by/4.0/",TRUE,"39192533","PMC11394007",NA,NA,FALSE,"acs2024fak","04v76ef78_acs2024fak_2024"
"Kiel U",2024,NA,"10.1021/acs.jpcb.4c04358",TRUE,FALSE,"American Chemical Society (ACS)","The Journal of Physical Chemistry B","1520-6106","1520-6106","1520-5207","1520-5207","https://creativecommons.org/licenses/by/4.0/",TRUE,"39223874","PMC11403657",NA,NA,FALSE,"acs2024fak","04v76ef78_acs2024fak_2024"
"Kiel U",2024,NA,"10.1021/acsami.4c10423",TRUE,FALSE,"American Chemical Society (ACS)","ACS Applied Materials & Interfaces","1944-8244","1944-8244","1944-8252","1944-8244","https://creativecommons.org/licenses/by/4.0/",TRUE,"39102275","PMC11331437",NA,NA,FALSE,"acs2024fak","04v76ef78_acs2024fak_2024"
"Kiel U",2024,NA,"10.1021/acsphotonics.4c00824",TRUE,FALSE,"American Chemical Society (ACS)","ACS Photonics","2330-4022","2330-4022","2330-4022","2330-4022","https://creativecommons.org/licenses/by/4.0/",TRUE,"39429863","PMC11487709",NA,NA,FALSE,"acs2024fak","04v76ef78_acs2024fak_2024"
"Kiel U",2024,NA,"10.1021/acs.jchemed.4c00270",TRUE,FALSE,"American Chemical Society (ACS)","Journal of Chemical Education","0021-9584","0021-9584","1938-1328","0021-9584","https://creativecommons.org/licenses/by/4.0/",TRUE,"39157437","PMC11327962",NA,NA,FALSE,"acs2024fak","04v76ef78_acs2024fak_2024"
"Kiel U",2024,NA,"10.1021/acs.energyfuels.4c00932",TRUE,FALSE,"American Chemical Society (ACS)","Energy & Fuels","0887-0624","0887-0624","1520-5029","0887-0624","https://creativecommons.org/licenses/by/4.0/",TRUE,NA,NA,NA,NA,FALSE,"acs2024fak","04v76ef78_acs2024fak_2024"
"Kiel U",2024,NA,"10.1021/acsomega.4c03252",FALSE,FALSE,"American Chemical Society (ACS)","ACS Omega","2470-1343",NA,"2470-1343","2470-1343","https://creativecommons.org/licenses/by/4.0/",TRUE,"39035901","PMC11256321",NA,NA,TRUE,"acs2024fak","04v76ef78_acs2024fak_2024"
"Kiel U",2024,NA,"10.1021/acs.analchem.4c01374",TRUE,FALSE,"American Chemical Society (ACS)","Analytical Chemistry","0003-2700","0003-2700","1520-6882","0003-2700","https://creativecommons.org/licenses/by/4.0/",TRUE,"38976810","PMC11270526",NA,NA,FALSE,"acs2024fak","04v76ef78_acs2024fak_2024"
"Kiel U",2024,NA,"10.1021/acscatal.4c01441",TRUE,FALSE,"American Chemical Society (ACS)","ACS Catalysis","2155-5435","2155-5435","2155-5435","2155-5435","https://creativecommons.org/licenses/by/4.0/",TRUE,NA,NA,NA,NA,FALSE,"acs2024fak","04v76ef78_acs2024fak_2024"
"Kiel U",2024,NA,"10.1021/acs.cgd.3c01197",TRUE,FALSE,"American Chemical Society (ACS)","Crystal Growth & Design","1528-7483","1528-7483","1528-7505","1528-7483","https://creativecommons.org/licenses/by/4.0/",TRUE,NA,NA,NA,NA,FALSE,"acs2024fak","04v76ef78_acs2024fak_2024"
"Kiel U",2024,NA,"10.1021/jacs.3c14118",TRUE,FALSE,"American Chemical Society (ACS)","Journal of the American Chemical Society","0002-7863","0002-7863","1520-5126","0002-7863","https://creativecommons.org/licenses/by/4.0/",TRUE,"38690970","PMC11099979",NA,NA,FALSE,"acs2024fak","04v76ef78_acs2024fak_2024"
"Kiel U",2024,NA,"10.1021/acs.jafc.3c07698",TRUE,FALSE,"American Chemical Society (ACS)","Journal of Agricultural and Food Chemistry","0021-8561","0021-8561","1520-5118","0021-8561","https://creativecommons.org/licenses/by/4.0/",TRUE,"38648561","PMC11066873",NA,NA,FALSE,"acs2024fak","04v76ef78_acs2024fak_2024"
"Kiel U",2024,NA,"10.1021/acssensors.3c02374",TRUE,FALSE,"American Chemical Society (ACS)","ACS Sensors","2379-3694","2379-3694","2379-3694","2379-3694","https://creativecommons.org/licenses/by/4.0/",TRUE,"38489767","PMC11059108",NA,NA,FALSE,"acs2024fak","04v76ef78_acs2024fak_2024"
"Kiel U",2024,NA,"10.1021/acsptsci.3c00371",TRUE,FALSE,"American Chemical Society (ACS)","ACS Pharmacology & Translational Science","2575-9108","2575-9108","2575-9108","2575-9108","https://creativecommons.org/licenses/by/4.0/",TRUE,"38633593","PMC11020067",NA,NA,FALSE,"acs2024fak","04v76ef78_acs2024fak_2024"
"Kiel U",2024,NA,"10.1021/acs.jpclett.3c02980",TRUE,FALSE,"American Chemical Society (ACS)","The Journal of Physical Chemistry Letters","1948-7185","1948-7185","1948-7185","1948-7185","https://creativecommons.org/licenses/by/4.0/",TRUE,"38271215","PMC10860132",NA,NA,FALSE,"acs2024fak","04v76ef78_acs2024fak_2024"
"Kiel U",2024,NA,"10.1136/gutjnl-2023-331237",TRUE,FALSE,"BMJ","Gut","0017-5749","0017-5749","1468-3288","0017-5749","http://creativecommons.org/licenses/by-nc/4.0/",TRUE,"38857989","PMC11420749",NA,NA,FALSE,"bmj2023gac","04v76ef78_bmj2023gac_2024"
"Kiel U",2024,NA,"10.1515/editio-2024-0011",TRUE,FALSE,"Walter de Gruyter GmbH","editio","0931-3079","0931-3079","1865-9446","0931-3079","http://creativecommons.org/licenses/by/4.0",TRUE,NA,NA,NA,NA,FALSE,"degruy2023gac","04v76ef78_degruy2023gac_2024"
"Kiel U",2024,NA,"10.1515/mopp-2023-0089",TRUE,FALSE,"Walter de Gruyter GmbH","Moral Philosophy and Politics","2194-5616","2194-5616","2194-5624","2194-5624","http://creativecommons.org/licenses/by/4.0",TRUE,NA,NA,NA,NA,FALSE,"degruy2023gac","04v76ef78_degruy2023gac_2024"
"Kiel U",2024,NA,"10.1515/cllt-2024-0051",TRUE,FALSE,"Walter de Gruyter GmbH","Corpus Linguistics and Linguistic Theory","1613-7027","1613-7027","1613-7035","1613-7027","http://creativecommons.org/licenses/by/4.0",TRUE,NA,NA,NA,NA,FALSE,"degruy2023gac","04v76ef78_degruy2023gac_2024"
"Kiel U",2024,NA,"10.1515/ejss-2023-2010",TRUE,FALSE,"Walter de Gruyter GmbH","European Journal of Scandinavian Studies","2191-9399","2191-9399","2191-9402","2191-9399","http://creativecommons.org/licenses/by/4.0",TRUE,NA,NA,NA,NA,FALSE,"degruy2023gac","04v76ef78_degruy2023gac_2024"
"Kiel U",2023,NA,"10.1515/rhet-2023-0006",TRUE,FALSE,"Walter de Gruyter GmbH","Rhetorik","1865-9160","0720-5775","1865-9160","0720-5775","http://creativecommons.org/licenses/by/4.0",TRUE,NA,NA,NA,NA,FALSE,"degruy2023gac","04v76ef78_degruy2023gac_2023"
"Kiel U",2023,NA,"10.1515/nzsth-2023-0072",TRUE,FALSE,"Walter de Gruyter GmbH","Neue Zeitschrift für Systematische Theologie und Religionsphilosophie","1612-9520","0028-3517","1612-9520","0028-3517","http://creativecommons.org/licenses/by/4.0",TRUE,NA,NA,NA,NA,FALSE,"degruy2023gac","04v76ef78_degruy2023gac_2023"
"Kiel U",2023,NA,"10.1515/editio-2023-0013",TRUE,FALSE,"Walter de Gruyter GmbH","editio","0931-3079","0931-3079","1865-9446","0931-3079","http://creativecommons.org/licenses/by/4.0",TRUE,NA,NA,NA,NA,FALSE,"degruy2023gac","04v76ef78_degruy2023gac_2023"
"Kiel U",2024,NA,"10.1515/ejss-2023-2017",TRUE,FALSE,"Walter de Gruyter GmbH","European Journal of Scandinavian Studies","2191-9399","2191-9399","2191-9402","2191-9399","http://creativecommons.org/licenses/by/4.0",TRUE,NA,NA,NA,NA,FALSE,"degruy2023gac","04v76ef78_degruy2023gac_2024"
"Kiel U",2024,NA,"10.1515/ejss-2023-2020",TRUE,FALSE,"Walter de Gruyter GmbH","European Journal of Scandinavian Studies","2191-9399","2191-9399","2191-9402","2191-9399","http://creativecommons.org/licenses/by/4.0",TRUE,NA,NA,NA,NA,FALSE,"degruy2023gac","04v76ef78_degruy2023gac_2024"
"Kiel U",2024,NA,"10.1515/ejss-2023-2013",TRUE,FALSE,"Walter de Gruyter GmbH","European Journal of Scandinavian Studies","2191-9399","2191-9399","2191-9402","2191-9399","http://creativecommons.org/licenses/by/4.0",TRUE,NA,NA,NA,NA,FALSE,"degruy2023gac","04v76ef78_degruy2023gac_2024"
"Kiel U",2024,NA,"10.1039/d4dt00707g",TRUE,FALSE,"Royal Society of Chemistry (RSC)","Dalton Transactions","1477-9226","1477-9226","1477-9234","1477-9226","http://creativecommons.org/licenses/by/3.0/",TRUE,"38808483",NA,NA,NA,FALSE,"rsc2024tib","04v76ef78_rsc2024tib_2024"
"Kiel U",2024,NA,"10.1039/d4nr02025a",TRUE,FALSE,"Royal Society of Chemistry (RSC)","Nanoscale","2040-3364","2040-3364","2040-3372","2040-3364","http://creativecommons.org/licenses/by/3.0/",TRUE,"39189188",NA,NA,NA,FALSE,"rsc2024tib","04v76ef78_rsc2024tib_2024"
"Kiel U",2024,NA,"10.1039/d4mh00529e",TRUE,FALSE,"Royal Society of Chemistry (RSC)","Materials Horizons","2051-6347","2051-6347","2051-6355","2051-6347","http://creativecommons.org/licenses/by/3.0/",TRUE,"39268565",NA,NA,NA,FALSE,"rsc2024tib","04v76ef78_rsc2024tib_2024"
"Kiel U",2024,NA,"10.1039/d4dt02521k",TRUE,FALSE,"Royal Society of Chemistry (RSC)","Dalton Transactions","1477-9226","1477-9226","1477-9234","1477-9226","http://creativecommons.org/licenses/by/3.0/",TRUE,"39450532",NA,NA,NA,FALSE,"rsc2024tib","04v76ef78_rsc2024tib_2024"
"Kiel U",2024,NA,"10.1039/d4na00623b",FALSE,FALSE,"Royal Society of Chemistry (RSC)","Nanoscale Advances","2516-0230",NA,"2516-0230","2516-0230","http://creativecommons.org/licenses/by/3.0/",TRUE,"39574929","PMC11577270",NA,NA,TRUE,"rsc2024tib","04v76ef78_rsc2024tib_2024"
"Kiel U",2024,NA,"10.1039/d4cp03884c",TRUE,FALSE,"Royal Society of Chemistry (RSC)","Physical Chemistry Chemical Physics","1463-9076","1463-9076","1463-9084","1463-9076","http://creativecommons.org/licenses/by/3.0/",TRUE,"39624983",NA,NA,NA,FALSE,"rsc2024tib","04v76ef78_rsc2024tib_2024"
"Kiel U",2024,NA,"10.1039/d4ra07270g",FALSE,FALSE,"Royal Society of Chemistry (RSC)","RSC Advances","2046-2069",NA,"2046-2069","2046-2069","http://creativecommons.org/licenses/by/3.0/",TRUE,"39640523","PMC11618534",NA,NA,TRUE,"rsc2024tib","04v76ef78_rsc2024tib_2024"
"Kiel U",2024,NA,"10.1027/1864-9335/a000536",TRUE,FALSE,"Hogrefe Publishing Group","Social Psychology","1864-9335","1864-9335","2151-2590","1864-9335","https://creativecommons.org/licenses/by/4.0",TRUE,NA,NA,NA,NA,FALSE,"hogrefe2024gac","04v76ef78_hogrefe2024gac_2024"
"Kiel U",2024,NA,"10.1007/s40593-024-00426-w",TRUE,FALSE,"Springer Nature","International Journal of Artificial Intelligence in Education","1560-4292","1560-4292",NA,"1560-4292","http://creativecommons.org/licenses/by-nc-nd/4.0/",TRUE,"40988722","PMC12450813",NA,NA,FALSE,"sn2024deal","04v76ef78_sn2024deal_2024"
"Kiel U",2024,NA,"10.1140/epjb/s10051-024-00770-9",TRUE,FALSE,"Springer Nature","The European Physical Journal B","1434-6028","1434-6028","1434-6036","1434-6028","https://creativecommons.org/licenses/by/4.0",TRUE,NA,NA,NA,NA,FALSE,"sn2024deal","04v76ef78_sn2024deal_2024"
"Kiel U",2024,NA,"10.1007/s12399-024-01004-7",TRUE,FALSE,"Springer Nature","Zeitschrift für Außen- und Sicherheitspolitik","1866-2188","1866-2188","1866-2196","1866-2188","https://creativecommons.org/licenses/by/4.0",TRUE,NA,NA,NA,NA,FALSE,"sn2024deal","04v76ef78_sn2024deal_2024"
"Kiel U",2024,NA,"10.1007/s10806-024-09932-2",TRUE,FALSE,"Springer Nature","Journal of Agricultural and Environmental Ethics","1187-7863","1187-7863","1573-322X","1187-7863","https://creativecommons.org/licenses/by/4.0",TRUE,NA,NA,NA,NA,FALSE,"sn2024deal","04v76ef78_sn2024deal_2024"
"Kiel U",2024,NA,"10.1007/s12054-024-00673-0",TRUE,FALSE,"Springer Nature","Sozial Extra","0931-279X","0931-279X","1863-8953","0931-279X","https://creativecommons.org/licenses/by/4.0",TRUE,NA,NA,NA,NA,FALSE,"sn2024deal","04v76ef78_sn2024deal_2024"
"Kiel U",2024,NA,"10.1038/s41434-024-00511-8",TRUE,FALSE,"Springer Nature","Gene Therapy","0969-7128","0969-7128","1476-5462","0969-7128","https://creativecommons.org/licenses/by/4.0",TRUE,"39695327","PMC11946879",NA,NA,FALSE,"sn2024deal","04v76ef78_sn2024deal_2024"
"Kiel U",2024,NA,"10.1007/s11818-024-00485-0",TRUE,FALSE,"Springer Nature","Somnologie","1432-9123","1432-9123","1439-054X","1432-9123","https://creativecommons.org/licenses/by/4.0",TRUE,NA,NA,NA,NA,FALSE,"sn2024deal","04v76ef78_sn2024deal_2024"
"Kiel U",2024,NA,"10.1007/s00194-024-00699-4",TRUE,FALSE,"Springer Nature","Rechtsmedizin","0937-9819","0937-9819","1434-5196","0937-9819","https://creativecommons.org/licenses/by/4.0",TRUE,NA,NA,NA,NA,FALSE,"sn2024deal","04v76ef78_sn2024deal_2024"
"Kiel U",2024,NA,"10.1007/s10309-023-00646-5",TRUE,FALSE,"Springer Nature","Clinical Epileptology","2948-104X","2948-104X","2948-1058","2948-104X","https://creativecommons.org/licenses/by/4.0",TRUE,NA,NA,NA,NA,FALSE,"sn2024deal","04v76ef78_sn2024deal_2024"
"Kiel U",2024,NA,"10.1007/s00134-024-07576-4",TRUE,FALSE,"Springer Nature","Intensive Care Medicine","0342-4642","0342-4642","1432-1238","0342-4642","https://creativecommons.org/licenses/by-nc/4.0",TRUE,"39172238","PMC11377606",NA,NA,FALSE,"sn2024deal","04v76ef78_sn2024deal_2024"
"Kiel U",2024,NA,"10.1007/s00481-024-00824-7",TRUE,FALSE,"Springer Nature","Ethik in der Medizin","0935-7335","0935-7335","1437-1618","0935-7335","https://creativecommons.org/licenses/by/4.0",TRUE,NA,NA,NA,NA,FALSE,"sn2024deal","04v76ef78_sn2024deal_2024"
"Kiel U",2024,NA,"10.1038/s41375-024-02264-0",TRUE,FALSE,"Springer Nature","Leukemia","0887-6924","0887-6924","1476-5551","0887-6924","https://creativecommons.org/licenses/by/4.0",TRUE,"38744920","PMC11147771",NA,NA,FALSE,"sn2024deal","04v76ef78_sn2024deal_2024"
"Kiel U",2024,NA,"10.1007/s11560-024-00790-7",TRUE,FALSE,"Springer Nature","Die Nephrologie","2731-7463","2731-7463","2731-7471","2731-7463","https://creativecommons.org/licenses/by/4.0",TRUE,NA,NA,NA,NA,FALSE,"sn2024deal","04v76ef78_sn2024deal_2024"
"Kiel U",2024,NA,"10.1038/s41375-024-02490-6",TRUE,FALSE,"Springer Nature","Leukemia","0887-6924","0887-6924","1476-5551","0887-6924","https://creativecommons.org/licenses/by/4.0",TRUE,"39690183","PMC11879864",NA,NA,FALSE,"sn2024deal","04v76ef78_sn2024deal_2024"
"Kiel U",2024,NA,"10.1038/s41375-024-02265-z",TRUE,FALSE,"Springer Nature","Leukemia","0887-6924","0887-6924","1476-5551","0887-6924","https://creativecommons.org/licenses/by/4.0",TRUE,"38760480","PMC11216996",NA,NA,FALSE,"sn2024deal","04v76ef78_sn2024deal_2024"
"Kiel U",2024,NA,"10.1007/s12024-024-00932-2",TRUE,FALSE,"Springer Nature","Forensic Science, Medicine and Pathology","1556-2891",NA,"1556-2891","1547-769X","https://creativecommons.org/licenses/by/4.0",TRUE,"39708214","PMC12491340",NA,NA,FALSE,"sn2024deal","04v76ef78_sn2024deal_2024"
"Kiel U",2024,NA,"10.1007/s11517-024-03149-1",TRUE,FALSE,"Springer Nature","Medical & Biological Engineering & Computing","0140-0118","0140-0118","1741-0444","0140-0118","https://creativecommons.org/licenses/by/4.0",TRUE,"38926332","PMC11569011",NA,NA,FALSE,"sn2024deal","04v76ef78_sn2024deal_2024"
"Kiel U",2024,NA,"10.1007/s00114-024-01937-1",TRUE,FALSE,"Springer Nature","The Science of Nature","0028-1042","0028-1042","1432-1904","0028-1042","https://creativecommons.org/licenses/by/4.0",TRUE,"39325197","PMC11427490",NA,NA,FALSE,"sn2024deal","04v76ef78_sn2024deal_2024"
"Kiel U",2024,NA,"10.1007/s00041-024-10124-9",TRUE,FALSE,"Springer Nature","Journal of Fourier Analysis and Applications","1069-5869","1069-5869","1531-5851","1069-5869","https://creativecommons.org/licenses/by/4.0",TRUE,NA,NA,NA,NA,FALSE,"sn2024deal","04v76ef78_sn2024deal_2024"
"Kiel U",2024,NA,"10.1038/s41417-024-00785-5",TRUE,FALSE,"Springer Nature","Cancer Gene Therapy","0929-1903","0929-1903","1476-5500","0929-1903","https://creativecommons.org/licenses/by/4.0",TRUE,"38851813","PMC11405269",NA,NA,FALSE,"sn2024deal","04v76ef78_sn2024deal_2024"
"Kiel U",2024,NA,"10.1007/s11075-024-01996-5",TRUE,FALSE,"Springer Nature","Numerical Algorithms","1017-1398","1017-1398","1572-9265","1017-1398","https://creativecommons.org/licenses/by/4.0",TRUE,NA,NA,NA,NA,FALSE,"sn2024deal","04v76ef78_sn2024deal_2024"
"Kiel U",2024,NA,"10.1007/s00216-024-05613-1",TRUE,FALSE,"Springer Nature","Analytical and Bioanalytical Chemistry","1618-2642","1618-2642","1618-2650","1618-2642","https://creativecommons.org/licenses/by/4.0",TRUE,"39443363","PMC11579085",NA,NA,FALSE,"sn2024deal","04v76ef78_sn2024deal_2024"
"Kiel U",2024,NA,"10.1007/s00041-024-10075-1",TRUE,FALSE,"Springer Nature","Journal of Fourier Analysis and Applications","1069-5869","1069-5869","1531-5851","1069-5869","https://creativecommons.org/licenses/by/4.0",TRUE,NA,NA,NA,NA,FALSE,"sn2024deal","04v76ef78_sn2024deal_2024"
"Kiel U",2024,NA,"10.1007/s11104-024-06708-5",TRUE,FALSE,"Springer Nature","Plant and Soil","0032-079X","0032-079X","1573-5036","0032-079X","https://creativecommons.org/licenses/by/4.0",TRUE,NA,NA,NA,NA,FALSE,"sn2024deal","04v76ef78_sn2024deal_2024"
"Kiel U",2024,NA,"10.1007/s10853-024-09915-8",TRUE,FALSE,"Springer Nature","Journal of Materials Science","0022-2461","0022-2461","1573-4803","0022-2461","https://creativecommons.org/licenses/by/4.0",TRUE,NA,NA,NA,NA,FALSE,"sn2024deal","04v76ef78_sn2024deal_2024"
"Kiel U",2024,NA,"10.1007/s00531-024-02417-7",TRUE,FALSE,"Springer Nature","International Journal of Earth Sciences","1437-3254","1437-3254","1437-3262","1437-3254","https://creativecommons.org/licenses/by/4.0",TRUE,NA,NA,NA,NA,FALSE,"sn2024deal","04v76ef78_sn2024deal_2024"
"Kiel U",2024,NA,"10.1007/s10961-024-10083-9",TRUE,FALSE,"Springer Nature","The Journal of Technology Transfer","0892-9912","0892-9912","1573-7047","0892-9912","https://creativecommons.org/licenses/by/4.0",TRUE,NA,NA,NA,NA,FALSE,"sn2024deal","04v76ef78_sn2024deal_2024"
"Kiel U",2024,NA,"10.1007/s10994-024-06521-2",TRUE,FALSE,"Springer Nature","Machine Learning","0885-6125","0885-6125","1573-0565","0885-6125","https://creativecommons.org/licenses/by/4.0",TRUE,NA,NA,NA,NA,FALSE,"sn2024deal","04v76ef78_sn2024deal_2024"
"Kiel U",2024,NA,"10.1007/s10531-023-02759-9",TRUE,FALSE,"Springer Nature","Biodiversity and Conservation","0960-3115","0960-3115","1572-9710","0960-3115","https://creativecommons.org/licenses/by/4.0",TRUE,NA,NA,NA,NA,FALSE,"sn2024deal","04v76ef78_sn2024deal_2024"
"Kiel U",2024,NA,"10.1007/s12268-024-2340-5",TRUE,FALSE,"Springer Nature","BIOspektrum","0947-0867","0947-0867","1868-6249","0947-0867","https://creativecommons.org/licenses/by/4.0",TRUE,NA,NA,NA,NA,FALSE,"sn2024deal","04v76ef78_sn2024deal_2024"
"Kiel U",2024,NA,"10.1007/s12268-024-2263-1",TRUE,FALSE,"Springer Nature","BIOspektrum","0947-0867","0947-0867","1868-6249","0947-0867","https://creativecommons.org/licenses/by/4.0",TRUE,NA,NA,NA,NA,FALSE,"sn2024deal","04v76ef78_sn2024deal_2024"
"Kiel U",2024,NA,"10.1007/s00153-024-00933-6",TRUE,FALSE,"Springer Nature","Archive for Mathematical Logic","0933-5846","0933-5846","1432-0665","0933-5846","https://creativecommons.org/licenses/by/4.0",TRUE,NA,NA,NA,NA,FALSE,"sn2024deal","04v76ef78_sn2024deal_2024"
"Kiel U",2024,NA,"10.1007/s00531-024-02408-8",TRUE,FALSE,"Springer Nature","International Journal of Earth Sciences","1437-3254","1437-3254","1437-3262","1437-3254","https://creativecommons.org/licenses/by/4.0",TRUE,NA,NA,NA,NA,FALSE,"sn2024deal","04v76ef78_sn2024deal_2024"
"Kiel U",2024,NA,"10.1007/s00374-024-01793-1",TRUE,FALSE,"Springer Nature","Biology and Fertility of Soils","0178-2762","0178-2762","1432-0789","0178-2762","https://creativecommons.org/licenses/by/4.0",TRUE,NA,NA,NA,NA,FALSE,"sn2024deal","04v76ef78_sn2024deal_2024"
"Kiel U",2024,NA,"10.1007/s41542-024-00194-y",TRUE,FALSE,"Springer Nature","Occupational Health Science","2367-0134","2367-0134","2367-0142","2367-0142","https://creativecommons.org/licenses/by/4.0",TRUE,NA,NA,NA,NA,FALSE,"sn2024deal","04v76ef78_sn2024deal_2024"
"Kiel U",2024,NA,"10.1007/s10853-024-10047-2",TRUE,FALSE,"Springer Nature","Journal of Materials Science","0022-2461","0022-2461","1573-4803","0022-2461","https://creativecommons.org/licenses/by/4.0",TRUE,NA,NA,NA,NA,FALSE,"sn2024deal","04v76ef78_sn2024deal_2024"
"Kiel U",2024,NA,"10.1007/s11222-024-10397-6",TRUE,FALSE,"Springer Nature","Statistics and Computing","0960-3174","0960-3174","1573-1375","0960-3174","https://creativecommons.org/licenses/by/4.0",TRUE,NA,NA,NA,NA,FALSE,"sn2024deal","04v76ef78_sn2024deal_2024"
"Kiel U",2024,NA,"10.1007/s41549-024-00092-w",TRUE,FALSE,"Springer Nature","Journal of Business Cycle Research","2509-7962","2509-7962","2509-7970","2509-7970","https://creativecommons.org/licenses/by/4.0",TRUE,NA,NA,NA,NA,FALSE,"sn2024deal","04v76ef78_sn2024deal_2024"
"Kiel U",2024,NA,"10.1007/s11356-024-33374-y",TRUE,FALSE,"Springer Nature","Environmental Science and Pollution Research","1614-7499",NA,"1614-7499","0944-1344","https://creativecommons.org/licenses/by/4.0",TRUE,"38683424","PMC11136749",NA,NA,FALSE,"sn2024deal","04v76ef78_sn2024deal_2024"
"Kiel U",2024,NA,"10.1007/s12602-024-10370-9",TRUE,FALSE,"Springer Nature","Probiotics and Antimicrobial Proteins","1867-1306","1867-1306","1867-1314","1867-1306","https://creativecommons.org/licenses/by/4.0",TRUE,"39377977","PMC11925995",NA,NA,FALSE,"sn2024deal","04v76ef78_sn2024deal_2024"
"Kiel U",2024,NA,"10.1007/s10853-024-10143-3",TRUE,FALSE,"Springer Nature","Journal of Materials Science","0022-2461","0022-2461","1573-4803","0022-2461","https://creativecommons.org/licenses/by/4.0",TRUE,NA,NA,NA,NA,FALSE,"sn2024deal","04v76ef78_sn2024deal_2024"
"Kiel U",2024,NA,"10.1007/s11075-024-01941-6",TRUE,FALSE,"Springer Nature","Numerical Algorithms","1017-1398","1017-1398","1572-9265","1017-1398","https://creativecommons.org/licenses/by/4.0",TRUE,NA,NA,NA,NA,FALSE,"sn2024deal","04v76ef78_sn2024deal_2024"
"Kiel U",2024,NA,"10.1007/s00374-024-01811-2",TRUE,FALSE,"Springer Nature","Biology and Fertility of Soils","0178-2762","0178-2762","1432-0789","0178-2762","https://creativecommons.org/licenses/by/4.0",TRUE,NA,NA,NA,NA,FALSE,"sn2024deal","04v76ef78_sn2024deal_2024"
"Kiel U",2024,NA,"10.1007/s00445-024-01785-x",TRUE,FALSE,"Springer Nature","Bulletin of Volcanology","1432-0819",NA,"1432-0819","0258-8900","https://creativecommons.org/licenses/by/4.0",TRUE,NA,NA,NA,NA,FALSE,"sn2024deal","04v76ef78_sn2024deal_2024"
"Kiel U",2024,NA,"10.1007/s11002-024-09749-z",TRUE,FALSE,"Springer Nature","Marketing Letters","0923-0645","0923-0645","1573-059X","0923-0645","https://creativecommons.org/licenses/by/4.0",TRUE,NA,NA,NA,NA,FALSE,"sn2024deal","04v76ef78_sn2024deal_2024"
"Kiel U",2024,NA,"10.1007/s00531-024-02418-6",TRUE,FALSE,"Springer Nature","International Journal of Earth Sciences","1437-3254","1437-3254","1437-3262","1437-3254","https://creativecommons.org/licenses/by/4.0",TRUE,NA,NA,NA,NA,FALSE,"sn2024deal","04v76ef78_sn2024deal_2024"
"Kiel U",2024,NA,"10.1007/s00531-024-02433-7",TRUE,FALSE,"Springer Nature","International Journal of Earth Sciences","1437-3254","1437-3254","1437-3262","1437-3254","https://creativecommons.org/licenses/by/4.0",TRUE,NA,NA,NA,NA,FALSE,"sn2024deal","04v76ef78_sn2024deal_2024"
"Kiel U",2024,NA,"10.1007/s11192-024-04982-9",TRUE,FALSE,"Springer Nature","Scientometrics","0138-9130","0138-9130","1588-2861","0138-9130","https://creativecommons.org/licenses/by/4.0",TRUE,NA,NA,NA,NA,FALSE,"sn2024deal","04v76ef78_sn2024deal_2024"
"Kiel U",2024,NA,"10.1007/s10336-024-02192-x",TRUE,FALSE,"Springer Nature","Journal of Ornithology","2193-7192","2193-7192","2193-7206","2193-7192","https://creativecommons.org/licenses/by/4.0",TRUE,NA,NA,NA,NA,FALSE,"sn2024deal","04v76ef78_sn2024deal_2024"
"Kiel U",2024,NA,"10.1007/s12520-024-02029-x",TRUE,FALSE,"Springer Nature","Archaeological and Anthropological Sciences","1866-9557","1866-9557","1866-9565","1866-9557","https://creativecommons.org/licenses/by/4.0",TRUE,NA,NA,NA,NA,FALSE,"sn2024deal","04v76ef78_sn2024deal_2024"
"Kiel U",2024,NA,"10.1007/s43594-024-00113-7",TRUE,FALSE,"Springer Nature","Forum Kinder- und Jugendsport","2730-7212","2730-7212","2730-7220","2730-7212","https://creativecommons.org/licenses/by/4.0",TRUE,NA,NA,NA,NA,FALSE,"sn2024deal","04v76ef78_sn2024deal_2024"
"Kiel U",2024,NA,"10.1007/s00104-024-02145-3",TRUE,FALSE,"Springer Nature","Die Chirurgie","2731-6971","2731-6971","2731-698X","2731-6971","https://creativecommons.org/licenses/by/4.0",TRUE,"39134805","PMC11785606",NA,NA,FALSE,"sn2024deal","04v76ef78_sn2024deal_2024"
"Kiel U",2024,NA,"10.1007/s42048-024-00179-0",TRUE,FALSE,"Springer Nature","Zeitschrift für Ethik und Moralphilosophie","2522-0071",NA,"2522-0071","2522-0063","https://creativecommons.org/licenses/by/4.0",TRUE,NA,NA,NA,NA,FALSE,"sn2024deal","04v76ef78_sn2024deal_2024"
"Kiel U",2024,NA,"10.1007/s00402-024-05401-7",TRUE,FALSE,"Springer Nature","Archives of Orthopaedic and Trauma Surgery","1434-3916",NA,"1434-3916","0936-8051","https://creativecommons.org/licenses/by/4.0",TRUE,"38904683","PMC11417069",NA,NA,FALSE,"sn2024deal","04v76ef78_sn2024deal_2024"
"Kiel U",2024,NA,"10.1007/s40315-024-00531-w",TRUE,FALSE,"Springer Nature","Computational Methods and Function Theory","1617-9447","1617-9447","2195-3724","1617-9447","https://creativecommons.org/licenses/by/4.0",TRUE,NA,NA,NA,NA,FALSE,"sn2024deal","04v76ef78_sn2024deal_2024"
"Kiel U",2024,NA,"10.1007/s43037-024-00375-5",TRUE,FALSE,"Springer Nature","Banach Journal of Mathematical Analysis","2662-2033","2662-2033","1735-8787","1735-8787","https://creativecommons.org/licenses/by/4.0",TRUE,NA,NA,NA,NA,FALSE,"sn2024deal","04v76ef78_sn2024deal_2024"
"Kiel U",2024,NA,"10.1007/s43036-024-00404-y",TRUE,FALSE,"Springer Nature","Advances in Operator Theory","2662-2009","2662-2009","2538-225X","2538-225X","https://creativecommons.org/licenses/by/4.0",TRUE,NA,NA,NA,NA,FALSE,"sn2024deal","04v76ef78_sn2024deal_2024"
"Kiel U",2024,NA,"10.1007/s00245-024-10202-w",TRUE,FALSE,"Springer Nature","Applied Mathematics & Optimization","0095-4616","0095-4616","1432-0606","0095-4616","https://creativecommons.org/licenses/by/4.0",TRUE,NA,NA,NA,NA,FALSE,"sn2024deal","04v76ef78_sn2024deal_2024"
"Kiel U",2024,NA,"10.1007/s12268-024-2181-2",TRUE,FALSE,"Springer Nature","BIOspektrum","0947-0867","0947-0867","1868-6249","0947-0867","https://creativecommons.org/licenses/by/4.0",TRUE,NA,NA,NA,NA,FALSE,"sn2024deal","04v76ef78_sn2024deal_2024"
"Kiel U",2024,NA,"10.1007/s00344-024-11330-x",TRUE,FALSE,"Springer Nature","Journal of Plant Growth Regulation","0721-7595","0721-7595","1435-8107","0721-7595","https://creativecommons.org/licenses/by/4.0",TRUE,NA,NA,NA,NA,FALSE,"sn2024deal","04v76ef78_sn2024deal_2024"
"Kiel U",2024,NA,"10.1007/s11615-024-00554-x",TRUE,FALSE,"Springer Nature","Politische Vierteljahresschrift","0032-3470","0032-3470","1862-2860","0032-3470","https://creativecommons.org/licenses/by/4.0",TRUE,NA,NA,NA,NA,FALSE,"sn2024deal","04v76ef78_sn2024deal_2024"
"Kiel U",2024,NA,"10.1007/s00421-024-05659-0",TRUE,FALSE,"Springer Nature","European Journal of Applied Physiology","1439-6319","1439-6319","1439-6327","1439-6319","https://creativecommons.org/licenses/by/4.0",TRUE,"39586886","PMC11950059",NA,NA,FALSE,"sn2024deal","04v76ef78_sn2024deal_2024"
"Kiel U",2024,NA,"10.1007/s00267-024-02022-z",TRUE,FALSE,"Springer Nature","Environmental Management","0364-152X","0364-152X","1432-1009","0364-152X","https://creativecommons.org/licenses/by/4.0",TRUE,"39107613","PMC11438619",NA,NA,FALSE,"sn2024deal","04v76ef78_sn2024deal_2024"
"Kiel U",2024,NA,"10.1007/s11127-024-01150-8",TRUE,FALSE,"Springer Nature","Public Choice","0048-5829","0048-5829","1573-7101","0048-5829","https://creativecommons.org/licenses/by/4.0",TRUE,NA,NA,NA,NA,FALSE,"sn2024deal","04v76ef78_sn2024deal_2024"
"Kiel U",2024,NA,"10.1007/s10705-023-10331-8",TRUE,FALSE,"Springer Nature","Nutrient Cycling in Agroecosystems","1385-1314","1385-1314","1573-0867","1385-1314","https://creativecommons.org/licenses/by/4.0",TRUE,NA,NA,NA,NA,FALSE,"sn2024deal","04v76ef78_sn2024deal_2024"
"Kiel U",2024,NA,"10.1007/s00792-024-01365-z",TRUE,FALSE,"Springer Nature","Extremophiles","1431-0651","1431-0651","1433-4909","1431-0651","https://creativecommons.org/licenses/by/4.0",TRUE,"39466404","PMC11519228",NA,NA,FALSE,"sn2024deal","04v76ef78_sn2024deal_2024"
"Kiel U",2024,NA,"10.1007/s00216-024-05536-x",TRUE,FALSE,"Springer Nature","Analytical and Bioanalytical Chemistry","1618-2642","1618-2642","1618-2650","1618-2642","https://creativecommons.org/licenses/by/4.0",TRUE,"39412695","PMC11541377",NA,NA,FALSE,"sn2024deal","04v76ef78_sn2024deal_2024"
"Kiel U",2024,NA,"10.1007/s11423-024-10435-0",TRUE,FALSE,"Springer Nature","Educational Technology Research and Development","1042-1629","1042-1629","1556-6501","1042-1629","https://creativecommons.org/licenses/by/4.0",TRUE,NA,NA,NA,NA,FALSE,"sn2024deal","04v76ef78_sn2024deal_2024"
"Kiel U",2024,NA,"10.1007/s10648-024-09918-6",TRUE,FALSE,"Springer Nature","Educational Psychology Review","1040-726X","1040-726X","1573-336X","1040-726X","https://creativecommons.org/licenses/by/4.0",TRUE,NA,NA,NA,NA,FALSE,"sn2024deal","04v76ef78_sn2024deal_2024"
"Kiel U",2024,NA,"10.1007/s40316-024-00222-x",TRUE,FALSE,"Springer Nature","Annales mathématiques du Québec","2195-4755","2195-4755","2195-4763","2195-4755","https://creativecommons.org/licenses/by/4.0",TRUE,NA,NA,NA,NA,FALSE,"sn2024deal","04v76ef78_sn2024deal_2024"
"Kiel U",2024,NA,"10.1007/s10805-024-09547-2",TRUE,FALSE,"Springer Nature","Journal of Academic Ethics","1570-1727","1570-1727","1572-8544","1570-1727","https://creativecommons.org/licenses/by/4.0",TRUE,NA,NA,NA,NA,FALSE,"sn2024deal","04v76ef78_sn2024deal_2024"
"Kiel U",2024,NA,"10.1007/s11119-024-10123-2",TRUE,FALSE,"Springer Nature","Precision Agriculture","1385-2256","1385-2256","1573-1618","1385-2256","https://creativecommons.org/licenses/by/4.0",TRUE,NA,NA,NA,NA,FALSE,"sn2024deal","04v76ef78_sn2024deal_2024"
"Kiel U",2024,NA,"10.1007/s00028-024-00972-9",TRUE,FALSE,"Springer Nature","Journal of Evolution Equations","1424-3199","1424-3199","1424-3202","1424-3199","https://creativecommons.org/licenses/by/4.0",TRUE,NA,NA,NA,NA,FALSE,"sn2024deal","04v76ef78_sn2024deal_2024"
"Kiel U",2024,NA,"10.1007/s00334-024-01032-5",TRUE,FALSE,"Springer Nature","Vegetation History and Archaeobotany","0939-6314","0939-6314","1617-6278","0939-6314","https://creativecommons.org/licenses/by/4.0",TRUE,NA,NA,NA,NA,FALSE,"sn2024deal","04v76ef78_sn2024deal_2024"
"Kiel U",2024,NA,"10.1007/s00466-024-02468-2",TRUE,FALSE,"Springer Nature","Computational Mechanics","0178-7675","0178-7675","1432-0924","0178-7675","https://creativecommons.org/licenses/by/4.0",TRUE,NA,NA,NA,NA,FALSE,"sn2024deal","04v76ef78_sn2024deal_2024"
"Kiel U",2024,NA,"10.1007/s00236-024-00462-y",TRUE,FALSE,"Springer Nature","Acta Informatica","0001-5903","0001-5903","1432-0525","0001-5903","https://creativecommons.org/licenses/by/4.0",TRUE,NA,NA,NA,NA,FALSE,"sn2024deal","04v76ef78_sn2024deal_2024"
"Kiel U",2024,NA,"10.1007/s00063-024-01119-x",TRUE,FALSE,"Springer Nature","Medizinische Klinik - Intensivmedizin und Notfallmedizin","2193-6218","2193-6218","2193-6226","2193-6218","https://creativecommons.org/licenses/by/4.0",TRUE,"38453733","PMC11761789",NA,NA,FALSE,"sn2024deal","04v76ef78_sn2024deal_2024"
"Kiel U",2024,NA,"10.1038/s41375-024-02375-8",TRUE,FALSE,"Springer Nature","Leukemia","0887-6924","0887-6924","1476-5551","0887-6924","https://creativecommons.org/licenses/by/4.0",TRUE,"39284897","PMC11588657",NA,NA,FALSE,"sn2024deal","04v76ef78_sn2024deal_2024"
"Kiel U",2024,NA,"10.1007/s00405-024-08917-1",TRUE,FALSE,"Springer Nature","European Archives of Oto-Rhino-Laryngology","0937-4477","0937-4477","1434-4726","0937-4477","https://creativecommons.org/licenses/by/4.0",TRUE,"39214908","PMC11735585",NA,NA,FALSE,"sn2024deal","04v76ef78_sn2024deal_2024"
"Kiel U",2024,NA,"10.1007/s00062-023-01376-x",TRUE,FALSE,"Springer Nature","Clinical Neuroradiology","1869-1439","1869-1439","1869-1447","1869-1439","https://creativecommons.org/licenses/by/4.0",TRUE,"38289376","PMC11130041",NA,NA,FALSE,"sn2024deal","04v76ef78_sn2024deal_2024"
"Kiel U",2024,NA,"10.1007/s10334-023-01124-9",TRUE,FALSE,"Springer Nature","Magnetic Resonance Materials in Physics, Biology and Medicine","1352-8661",NA,"1352-8661","0968-5243","https://creativecommons.org/licenses/by/4.0",TRUE,"38214799","PMC10876735",NA,NA,FALSE,"sn2024deal","04v76ef78_sn2024deal_2024"
"Kiel U",2024,NA,"10.1007/s40368-023-00857-4",TRUE,FALSE,"Springer Nature","European Archives of Paediatric Dentistry","1818-6300","1818-6300","1996-9805","1818-6300","https://creativecommons.org/licenses/by/4.0",TRUE,"38300412","PMC10942881",NA,NA,FALSE,"sn2024deal","04v76ef78_sn2024deal_2024"
"Kiel U",2024,NA,"10.1007/s11701-024-01921-x",TRUE,FALSE,"Springer Nature","Journal of Robotic Surgery","1863-2491",NA,"1863-2491","1863-2483","https://creativecommons.org/licenses/by/4.0",TRUE,"38598047","PMC11006781",NA,NA,FALSE,"sn2024deal","04v76ef78_sn2024deal_2024"
"Kiel U",2024,NA,"10.1007/s00204-024-03834-y",TRUE,FALSE,"Springer Nature","Archives of Toxicology","0340-5761","0340-5761","1432-0738","0340-5761","https://creativecommons.org/licenses/by/4.0",TRUE,"39158710","PMC11489368",NA,NA,FALSE,"sn2024deal","04v76ef78_sn2024deal_2024"
"Kiel U",2024,NA,"10.1007/s00066-024-02300-z",TRUE,FALSE,"Springer Nature","Strahlentherapie und Onkologie","0179-7158","0179-7158","1439-099X","0179-7158","https://creativecommons.org/licenses/by/4.0",TRUE,"39283343","PMC11754307",NA,NA,FALSE,"sn2024deal","04v76ef78_sn2024deal_2024"
"Kiel U",2024,NA,"10.1007/s00784-024-06017-2",TRUE,FALSE,"Springer Nature","Clinical Oral Investigations","1436-3771",NA,"1436-3771","1432-6981","https://creativecommons.org/licenses/by/4.0",TRUE,"39496970","PMC11534820",NA,NA,FALSE,"sn2024deal","04v76ef78_sn2024deal_2024"
"Kiel U",2024,NA,"10.1007/s00404-024-07550-x",TRUE,FALSE,"Springer Nature","Archives of Gynecology and Obstetrics","1432-0711",NA,"1432-0711","0932-0067","https://creativecommons.org/licenses/by/4.0",TRUE,"38789852","PMC11258090",NA,NA,TRUE,"sn2024deal","04v76ef78_sn2024deal_2024"
"Kiel U",2024,NA,"10.1007/s00106-024-01426-x",TRUE,FALSE,"Springer Nature","HNO","0017-6192","0017-6192","1433-0458","0017-6192","https://creativecommons.org/licenses/by/4.0",TRUE,"38536465","PMC11192817",NA,NA,FALSE,"sn2024deal","04v76ef78_sn2024deal_2024"
"Kiel U",2024,NA,"10.1007/s10840-024-01870-3",TRUE,FALSE,"Springer Nature","Journal of Interventional Cardiac Electrophysiology","1572-8595",NA,"1572-8595","1383-875X","https://creativecommons.org/licenses/by/4.0",TRUE,"38995604","PMC11711155",NA,NA,FALSE,"sn2024deal","04v76ef78_sn2024deal_2024"
"Kiel U",2024,NA,"10.1007/s00223-024-01303-3",TRUE,FALSE,"Springer Nature","Calcified Tissue International","1432-0827",NA,"1432-0827","0171-967X","https://creativecommons.org/licenses/by/4.0",TRUE,"39414713","PMC11531420",NA,NA,FALSE,"sn2024deal","04v76ef78_sn2024deal_2024"
"Kiel U",2024,NA,"10.1007/s12024-024-00814-7",TRUE,FALSE,"Springer Nature","Forensic Science, Medicine and Pathology","1556-2891",NA,"1556-2891","1547-769X","https://creativecommons.org/licenses/by/4.0",TRUE,"38625460","PMC11953125",NA,NA,FALSE,"sn2024deal","04v76ef78_sn2024deal_2024"
"Kiel U",2024,NA,"10.1007/s10585-024-10326-x",TRUE,FALSE,"Springer Nature","Clinical & Experimental Metastasis","0262-0898","0262-0898","1573-7276","0262-0898","https://creativecommons.org/licenses/by/4.0",TRUE,"39708074","PMC11663153",NA,NA,FALSE,"sn2024deal","04v76ef78_sn2024deal_2024"
"Kiel U",2024,NA,"10.1007/s00062-024-01456-6",TRUE,FALSE,"Springer Nature","Clinical Neuroradiology","1869-1439","1869-1439","1869-1447","1869-1439","https://creativecommons.org/licenses/by/4.0",TRUE,"39316115","PMC11832563",NA,NA,FALSE,"sn2024deal","04v76ef78_sn2024deal_2024"
"Kiel U",2024,NA,"10.1007/s10840-024-01825-8",TRUE,FALSE,"Springer Nature","Journal of Interventional Cardiac Electrophysiology","1572-8595",NA,"1572-8595","1383-875X","https://creativecommons.org/licenses/by/4.0",TRUE,"38761295","PMC11607098",NA,NA,FALSE,"sn2024deal","04v76ef78_sn2024deal_2024"
"Kiel U",2024,NA,"10.1007/s00417-024-06436-7",TRUE,FALSE,"Springer Nature","Graefe's Archive for Clinical and Experimental Ophthalmology","0721-832X","0721-832X","1435-702X","0721-832X","https://creativecommons.org/licenses/by/4.0",TRUE,"38512510","PMC11271325",NA,NA,FALSE,"sn2024deal","04v76ef78_sn2024deal_2024"
"Kiel U",2024,NA,"10.1007/s00066-024-02230-w",TRUE,FALSE,"Springer Nature","Strahlentherapie und Onkologie","0179-7158","0179-7158","1439-099X","0179-7158","https://creativecommons.org/licenses/by/4.0",TRUE,"38652131","PMC11442478",NA,NA,FALSE,"sn2024deal","04v76ef78_sn2024deal_2024"
"Kiel U",2024,NA,"10.1007/s12024-024-00926-0",TRUE,FALSE,"Springer Nature","Forensic Science, Medicine and Pathology","1556-2891",NA,"1556-2891","1547-769X","https://creativecommons.org/licenses/by/4.0",TRUE,"39636561","PMC12491090",NA,NA,FALSE,"sn2024deal","04v76ef78_sn2024deal_2024"
"Kiel U",2024,NA,"10.1007/s00394-023-03319-1",TRUE,FALSE,"Springer Nature","European Journal of Nutrition","1436-6207","1436-6207","1436-6215","1436-6207","https://creativecommons.org/licenses/by/4.0",TRUE,"38244065","PMC10948566",NA,NA,FALSE,"sn2024deal","04v76ef78_sn2024deal_2024"
"Kiel U",2024,NA,"10.1007/s00134-024-07696-x",TRUE,FALSE,"Springer Nature","Intensive Care Medicine","0342-4642","0342-4642","1432-1238","0342-4642","https://creativecommons.org/licenses/by-nc/4.0",TRUE,"39476021","PMC11588847",NA,NA,FALSE,"sn2024deal","04v76ef78_sn2024deal_2024"
"Kiel U",2024,NA,"10.1007/s11136-024-03647-7",TRUE,FALSE,"Springer Nature","Quality of Life Research","0962-9343","0962-9343","1573-2649","0962-9343","https://creativecommons.org/licenses/by/4.0",TRUE,"38740640","PMC11176227",NA,NA,FALSE,"sn2024deal","04v76ef78_sn2024deal_2024"
"Kiel U",2024,NA,"10.1007/s00066-024-02209-7",TRUE,FALSE,"Springer Nature","Strahlentherapie und Onkologie","0179-7158","0179-7158","1439-099X","0179-7158","https://creativecommons.org/licenses/by/4.0",TRUE,"38393398","PMC11111516",NA,NA,FALSE,"sn2024deal","04v76ef78_sn2024deal_2024"
"Kiel U",2024,NA,"10.1007/s10877-024-01217-3",TRUE,FALSE,"Springer Nature","Journal of Clinical Monitoring and Computing","1573-2614",NA,"1573-2614","1387-1307","https://creativecommons.org/licenses/by/4.0",TRUE,"39261395","PMC12049325",NA,NA,FALSE,"sn2024deal","04v76ef78_sn2024deal_2024"
"Kiel U",2024,NA,"10.1007/s00423-024-03522-6",TRUE,FALSE,"Springer Nature","Langenbeck's Archives of Surgery","1435-2451",NA,"1435-2451","1435-2443","https://creativecommons.org/licenses/by/4.0",TRUE,"39499354","PMC11538186",NA,NA,FALSE,"sn2024deal","04v76ef78_sn2024deal_2024"
"Kiel U",2024,NA,"10.1007/s11818-024-00478-z",TRUE,FALSE,"Springer Nature","Somnologie","1432-9123","1432-9123","1439-054X","1432-9123","https://creativecommons.org/licenses/by/4.0",TRUE,NA,NA,NA,NA,FALSE,"sn2024deal","04v76ef78_sn2024deal_2024"
"Kiel U",2024,NA,"10.1007/s00428-024-03826-4",TRUE,FALSE,"Springer Nature","Virchows Archiv","0945-6317","0945-6317","1432-2307","0945-6317","https://creativecommons.org/licenses/by/4.0",TRUE,"38748262","PMC11415449",NA,NA,FALSE,"sn2024deal","04v76ef78_sn2024deal_2024"
"Kiel U",2024,NA,"10.1007/s12024-023-00769-1",TRUE,FALSE,"Springer Nature","Forensic Science, Medicine and Pathology","1556-2891",NA,"1556-2891","1547-769X","https://creativecommons.org/licenses/by/4.0",TRUE,"38416381","PMC11525251",NA,NA,FALSE,"sn2024deal","04v76ef78_sn2024deal_2024"
"Kiel U",2024,NA,"10.1007/s00347-024-02009-5",TRUE,FALSE,"Springer Nature","Die Ophthalmologie","2731-720X","2731-720X","2731-7218","2731-720X","https://creativecommons.org/licenses/by/4.0",TRUE,"38446196",NA,NA,NA,FALSE,"sn2024deal","04v76ef78_sn2024deal_2024"
"Kiel U",2024,NA,"10.1007/s12268-024-2148-3",TRUE,FALSE,"Springer Nature","BIOspektrum","0947-0867","0947-0867","1868-6249","0947-0867","https://creativecommons.org/licenses/by/4.0",TRUE,NA,NA,NA,NA,FALSE,"sn2024deal","04v76ef78_sn2024deal_2024"
