institution;period;euro;doi;is_hybrid;publisher;journal_full_title;issn;url
University of Vaasa;2023;1095;10.1007/S44163-023-00085-1;FALSE;;;;
University of Vaasa;2023;2162,8;10.3390/en16165933;FALSE;;;;
University of Vaasa;2023;4271,8;10.1057/S41267-023-00652-9;FALSE;;;;
University of Vaasa;2023;1160;10.1080/23311975.2023.2232592;FALSE;;;;
University of Vaasa;2023;1595;10.1080/19397038.2023.2184514;FALSE;;;;
University of Vaasa;2023;3765;10.1080/14719037.2023.2246962;TRUE;;;;
University of Vaasa;2023;3765;10.1080/14719037.2023.2224819;TRUE;;;;
University of Vaasa;2023;3765;10.1080/09654313.2023.2216727;TRUE;;;;
University of Vaasa;2023;1350;10.15866/iree.v18i3.23620;TRUE;;;;
