institution,period,euro,doi,backlist_oa
OA-Monofonds Brandenburg,2022,8300,10.1007/978-3-031-11081-8,FALSE
OA-Monofonds Brandenburg,2022,7140,10.5771/9783967077582,FALSE
OA-Monofonds Brandenburg,2022,13804,10.4324/9780429290237,FALSE
OA-Monofonds Brandenburg,2022,7140,10.14361/9783839463246,FALSE
OA-Monofonds Brandenburg,2022,7199.50,10.1515/9783110799620,FALSE
OA-Monofonds Brandenburg,2022,11900,10.1515/9783110733235,FALSE
OA-Monofonds Brandenburg,2022,1190,10.11584/ips.11,FALSE
OA-Monofonds Brandenburg,2022,5999.98,10.14361/9783839465066,FALSE
OA-Monofonds Brandenburg,2022,7012.08,10.1515/9783839465257,FALSE
