"institution","period","euro","doi","is_hybrid","opt_out","publisher","journal_full_title","issn","issn_print","issn_electronic","issn_l","license_ref","indexed_in_crossref","pmid","pmcid","ut","url","doaj","agreement","group_id"
"Leipzig U",2024,NA,"10.1017/s0031182024000933",TRUE,FALSE,"Cambridge University Press (CUP)","Parasitology","0031-1820","0031-1820","1469-8161","0031-1820","http://creativecommons.org/licenses/by/4.0/",TRUE,"39397420","PMC11578885",NA,NA,TRUE,"cam2022gac","03s7gtk40_cam2022gac_2024"
"Leipzig U",2024,NA,"10.1017/eds.2024.22",TRUE,FALSE,"Cambridge University Press (CUP)","Environmental Data Science","2634-4602",NA,"2634-4602","2634-4602","http://creativecommons.org/licenses/by/4.0",TRUE,NA,NA,NA,NA,TRUE,"cam2022gac","03s7gtk40_cam2022gac_2024"
"Leipzig U",2024,NA,"10.1017/s204579602400043x",TRUE,FALSE,"Cambridge University Press (CUP)","Epidemiology and Psychiatric Sciences","2045-7960","2045-7960","2045-7979","2045-7960","http://creativecommons.org/licenses/by/4.0",TRUE,"39291371","PMC11450423",NA,NA,TRUE,"cam2022gac","03s7gtk40_cam2022gac_2024"
"Leipzig U",2024,NA,"10.1192/bjo.2024.762",TRUE,FALSE,"Royal College of Psychiatrists","British Journal of Psychiatry Open","2056-4724",NA,"2056-4724","2056-4724","http://creativecommons.org/licenses/by/4.0/",TRUE,"39494847","PMC11698151",NA,NA,TRUE,"cam2022gac","03s7gtk40_cam2022gac_2024"
"Leipzig U",2024,NA,"10.1192/bjo.2024.755",TRUE,FALSE,"Royal College of Psychiatrists","British Journal of Psychiatry Open","2056-4724",NA,"2056-4724","2056-4724","http://creativecommons.org/licenses/by/4.0/",TRUE,"39450528","PMC11698212",NA,NA,TRUE,"cam2022gac","03s7gtk40_cam2022gac_2024"
"Leipzig U",2024,NA,"10.1017/s0142716424000122",TRUE,FALSE,"Cambridge University Press (CUP)","Applied Psycholinguistics","0142-7164","0142-7164","1469-1817","0142-7164","http://creativecommons.org/licenses/by/4.0/",TRUE,NA,NA,NA,NA,FALSE,"cam2022gac","03s7gtk40_cam2022gac_2024"
"Leipzig U",2024,NA,"10.1017/s1366728924000282",TRUE,FALSE,"Cambridge University Press (CUP)","Bilingualism: Language and Cognition","1366-7289","1366-7289","1469-1841","1366-7289","http://creativecommons.org/licenses/by/4.0/",TRUE,NA,NA,NA,NA,FALSE,"cam2022gac","03s7gtk40_cam2022gac_2024"
"Leipzig U",2024,NA,"10.1192/bjo.2024.4",TRUE,FALSE,"Royal College of Psychiatrists","British Journal of Psychiatry Open","2056-4724",NA,"2056-4724","2056-4724","http://creativecommons.org/licenses/by/4.0/",TRUE,"38327181","PMC10897688",NA,NA,TRUE,"cam2022gac","03s7gtk40_cam2022gac_2024"
"Leipzig U",2024,NA,"10.1017/s0009838823000770",TRUE,FALSE,"Cambridge University Press (CUP)","The Classical Quarterly","0009-8388","0009-8388","1471-6844","0009-8388","https://creativecommons.org/licenses/by-nc-nd/4.0/",TRUE,NA,NA,NA,NA,FALSE,"cam2022gac","03s7gtk40_cam2022gac_2024"
"Leipzig U",2024,NA,"10.1136/jnis-2023-021176",TRUE,FALSE,"BMJ","Journal of NeuroInterventional Surgery","1759-8478","1759-8478","1759-8486","1759-8478","http://creativecommons.org/licenses/by-nc/4.0/",TRUE,"38184369","PMC11503104",NA,NA,FALSE,"bmj2023gac","03s7gtk40_bmj2023gac_2024"
"Leipzig U",2024,NA,"10.1136/ard-2023-225414",TRUE,FALSE,"Elsevier BV","Annals of the Rheumatic Diseases","0003-4967","0003-4967",NA,"0003-4967","http://creativecommons.org/licenses/by-nc/4.0/",TRUE,"38816064","PMC11503054",NA,NA,FALSE,"bmj2023gac","03s7gtk40_bmj2023gac_2024"
"Leipzig U",2024,NA,"10.1021/jacs.4c14826",TRUE,FALSE,"American Chemical Society (ACS)","Journal of the American Chemical Society","0002-7863","0002-7863","1520-5126","0002-7863","https://creativecommons.org/licenses/by/4.0/",TRUE,"39812083","PMC11744765",NA,NA,FALSE,"acs2024fak","03s7gtk40_acs2024fak_2024"
"Leipzig U",2024,NA,"10.1021/acs.inorgchem.4c03694",TRUE,FALSE,"American Chemical Society (ACS)","Inorganic Chemistry","0020-1669","0020-1669","1520-510X","0020-1669","https://doi.org/10.15223/policy-029",TRUE,"39697132",NA,NA,NA,FALSE,"acs2024fak","03s7gtk40_acs2024fak_2024"
"Leipzig U",2024,NA,"10.1021/acs.analchem.4c05171",TRUE,FALSE,"American Chemical Society (ACS)","Analytical Chemistry","0003-2700","0003-2700","1520-6882","0003-2700","https://creativecommons.org/licenses/by/4.0/",TRUE,"39621721","PMC11656411",NA,NA,FALSE,"acs2024fak","03s7gtk40_acs2024fak_2024"
"Leipzig U",2024,NA,"10.1021/acs.jpcc.4c07479",TRUE,FALSE,"American Chemical Society (ACS)","The Journal of Physical Chemistry C","1932-7447","1932-7447","1932-7455","1932-7447","https://creativecommons.org/licenses/by/4.0/",TRUE,NA,NA,NA,NA,FALSE,"acs2024fak","03s7gtk40_acs2024fak_2024"
"Leipzig U",2024,NA,"10.1021/acsabm.4c01065",TRUE,FALSE,"American Chemical Society (ACS)","ACS Applied Bio Materials","2576-6422","2576-6422","2576-6422","2576-6422","https://creativecommons.org/licenses/by/4.0/",TRUE,"39548985","PMC11653246",NA,NA,FALSE,"acs2024fak","03s7gtk40_acs2024fak_2024"
"Leipzig U",2024,NA,"10.1021/acs.chemmater.4c02148",TRUE,FALSE,"American Chemical Society (ACS)","Chemistry of Materials","0897-4756","0897-4756","1520-5002","0897-4756","https://creativecommons.org/licenses/by/4.0/",TRUE,NA,NA,NA,NA,FALSE,"acs2024fak","03s7gtk40_acs2024fak_2024"
"Leipzig U",2024,NA,"10.1021/acs.jpcb.4c04082",TRUE,FALSE,"American Chemical Society (ACS)","The Journal of Physical Chemistry B","1520-6106","1520-6106","1520-5207","1520-5207","https://doi.org/10.15223/policy-029",TRUE,"39514084",NA,NA,NA,FALSE,"acs2024fak","03s7gtk40_acs2024fak_2024"
"Leipzig U",2024,NA,"10.1021/acs.joc.4c01357",TRUE,FALSE,"American Chemical Society (ACS)","The Journal of Organic Chemistry","0022-3263","0022-3263","1520-6904","0022-3263","https://creativecommons.org/licenses/by/4.0/",TRUE,"39422877","PMC11536380",NA,NA,FALSE,"acs2024fak","03s7gtk40_acs2024fak_2024"
"Leipzig U",2024,NA,"10.1021/acsptsci.4c00503",TRUE,FALSE,"American Chemical Society (ACS)","ACS Pharmacology & Translational Science","2575-9108","2575-9108","2575-9108","2575-9108","https://creativecommons.org/licenses/by/4.0/",TRUE,"39539263","PMC11555501",NA,NA,FALSE,"acs2024fak","03s7gtk40_acs2024fak_2024"
"Leipzig U",2024,NA,"10.1021/acs.chemrev.4c00181",TRUE,FALSE,"American Chemical Society (ACS)","Chemical Reviews","0009-2665","0009-2665","1520-6890","0009-2665","https://creativecommons.org/licenses/by/4.0/",TRUE,"39509680","PMC11613316",NA,NA,FALSE,"acs2024fak","03s7gtk40_acs2024fak_2024"
"Leipzig U",2024,NA,"10.1021/acs.orglett.4c03081",TRUE,FALSE,"American Chemical Society (ACS)","Organic Letters","1523-7060","1523-7060","1523-7052","1523-7052","https://creativecommons.org/licenses/by/4.0/",TRUE,"39320910","PMC11459514",NA,NA,FALSE,"acs2024fak","03s7gtk40_acs2024fak_2024"
"Leipzig U",2024,NA,"10.1021/acs.iecr.4c02245",TRUE,FALSE,"American Chemical Society (ACS)","Industrial & Engineering Chemistry Research","0888-5885","0888-5885","1520-5045","0888-5885","https://creativecommons.org/licenses/by/4.0/",TRUE,NA,NA,NA,NA,FALSE,"acs2024fak","03s7gtk40_acs2024fak_2024"
"Leipzig U",2024,NA,"10.1021/acsami.4c08010",TRUE,FALSE,"American Chemical Society (ACS)","ACS Applied Materials & Interfaces","1944-8244","1944-8244","1944-8252","1944-8244","https://creativecommons.org/licenses/by/4.0/",TRUE,"39271662","PMC11440465",NA,NA,FALSE,"acs2024fak","03s7gtk40_acs2024fak_2024"
"Leipzig U",2024,NA,"10.1021/acs.analchem.4c01958",TRUE,FALSE,"American Chemical Society (ACS)","Analytical Chemistry","0003-2700","0003-2700","1520-6882","0003-2700","https://creativecommons.org/licenses/by/4.0/",TRUE,"39152902","PMC11359387",NA,NA,FALSE,"acs2024fak","03s7gtk40_acs2024fak_2024"
"Leipzig U",2024,NA,"10.1021/acs.chemmater.4c01269",TRUE,FALSE,"American Chemical Society (ACS)","Chemistry of Materials","0897-4756","0897-4756","1520-5002","0897-4756","https://creativecommons.org/licenses/by/4.0/",TRUE,NA,NA,NA,NA,FALSE,"acs2024fak","03s7gtk40_acs2024fak_2024"
"Leipzig U",2024,NA,"10.1021/acs.inorgchem.4c01589",TRUE,FALSE,"American Chemical Society (ACS)","Inorganic Chemistry","0020-1669","0020-1669","1520-510X","0020-1669","https://creativecommons.org/licenses/by/4.0/",TRUE,"38810089","PMC11167641",NA,NA,FALSE,"acs2024fak","03s7gtk40_acs2024fak_2024"
"Leipzig U",2024,NA,"10.1021/acs.jpcc.4c01261",TRUE,FALSE,"American Chemical Society (ACS)","The Journal of Physical Chemistry C","1932-7447","1932-7447","1932-7455","1932-7447","https://creativecommons.org/licenses/by/4.0/",TRUE,NA,NA,NA,NA,FALSE,"acs2024fak","03s7gtk40_acs2024fak_2024"
"Leipzig U",2024,NA,"10.1021/acs.jpca.4c02185",TRUE,FALSE,"American Chemical Society (ACS)","The Journal of Physical Chemistry A","1089-5639","1089-5639","1520-5215","1089-5639","https://creativecommons.org/licenses/by/4.0/",TRUE,"38787333",NA,NA,NA,FALSE,"acs2024fak","03s7gtk40_acs2024fak_2024"
"Leipzig U",2024,NA,"10.1021/acs.jpcb.4c01531",TRUE,FALSE,"American Chemical Society (ACS)","The Journal of Physical Chemistry B","1520-6106","1520-6106","1520-5207","1520-5207","https://creativecommons.org/licenses/by/4.0/",TRUE,"38795045","PMC11163423",NA,NA,FALSE,"acs2024fak","03s7gtk40_acs2024fak_2024"
"Leipzig U",2024,NA,"10.1021/acs.jpcb.4c00397",TRUE,FALSE,"American Chemical Society (ACS)","The Journal of Physical Chemistry B","1520-6106","1520-6106","1520-5207","1520-5207","https://creativecommons.org/licenses/by/4.0/",TRUE,"38688080","PMC11089501",NA,NA,FALSE,"acs2024fak","03s7gtk40_acs2024fak_2024"
"Leipzig U",2024,NA,"10.1021/acsphotonics.4c00061",TRUE,FALSE,"American Chemical Society (ACS)","ACS Photonics","2330-4022","2330-4022","2330-4022","2330-4022","https://creativecommons.org/licenses/by/4.0/",TRUE,NA,NA,NA,NA,FALSE,"acs2024fak","03s7gtk40_acs2024fak_2024"
"Leipzig U",2024,NA,"10.1021/acsphotonics.4c00257",TRUE,FALSE,"American Chemical Society (ACS)","ACS Photonics","2330-4022","2330-4022","2330-4022","2330-4022","https://creativecommons.org/licenses/by/4.0/",TRUE,NA,NA,NA,NA,FALSE,"acs2024fak","03s7gtk40_acs2024fak_2024"
"Leipzig U",2024,NA,"10.1021/acssynbio.3c00753",TRUE,FALSE,"American Chemical Society (ACS)","ACS Synthetic Biology","2161-5063","2161-5063","2161-5063","2161-5063","https://creativecommons.org/licenses/by/4.0/",TRUE,"38568188","PMC11036486",NA,NA,FALSE,"acs2024fak","03s7gtk40_acs2024fak_2024"
"Leipzig U",2024,NA,"10.1021/acscatal.4c00985",TRUE,FALSE,"American Chemical Society (ACS)","ACS Catalysis","2155-5435","2155-5435","2155-5435","2155-5435","https://creativecommons.org/licenses/by/4.0/",TRUE,"38660609","PMC11036403",NA,NA,FALSE,"acs2024fak","03s7gtk40_acs2024fak_2024"
"Leipzig U",2024,NA,"10.1021/acs.jpcb.4c00468",TRUE,FALSE,"American Chemical Society (ACS)","The Journal of Physical Chemistry B","1520-6106","1520-6106","1520-5207","1520-5207","https://creativecommons.org/licenses/by/4.0/",TRUE,"38634732","PMC11075088",NA,NA,FALSE,"acs2024fak","03s7gtk40_acs2024fak_2024"
"Leipzig U",2024,NA,"10.1021/jasms.3c00400",TRUE,FALSE,"American Chemical Society (ACS)","Journal of the American
Society for Mass Spectrometry","1044-0305","1044-0305","1879-1123","1044-0305","https://doi.org/10.15223/policy-029",TRUE,"38564189",NA,NA,NA,FALSE,"acs2024fak","03s7gtk40_acs2024fak_2024"
"Leipzig U",2024,NA,"10.1021/jacs.3c12620",TRUE,FALSE,"American Chemical Society (ACS)","Journal of the American Chemical Society","0002-7863","0002-7863","1520-5126","0002-7863","https://creativecommons.org/licenses/by/4.0/",TRUE,"38476076","PMC10979401",NA,NA,FALSE,"acs2024fak","03s7gtk40_acs2024fak_2024"
"Leipzig U",2024,NA,"10.1021/acsestwater.3c00794",TRUE,FALSE,"American Chemical Society (ACS)","ACS ES&T Water","2690-0637","2690-0637","2690-0637","2690-0637","https://creativecommons.org/licenses/by/4.0/",TRUE,NA,NA,NA,NA,FALSE,"acs2024fak","03s7gtk40_acs2024fak_2024"
"Leipzig U",2024,NA,"10.1021/acs.nanolett.3c03751",TRUE,FALSE,"American Chemical Society (ACS)","Nano Letters","1530-6984","1530-6984","1530-6992","1530-6984","https://creativecommons.org/licenses/by/4.0/",TRUE,"38363878","PMC10905993",NA,NA,FALSE,"acs2024fak","03s7gtk40_acs2024fak_2024"
"Leipzig U",2024,NA,"10.1021/acs.jpcb.3c07285",TRUE,FALSE,"American Chemical Society (ACS)","The Journal of Physical Chemistry B","1520-6106","1520-6106","1520-5207","1520-5207","https://creativecommons.org/licenses/by/4.0/",TRUE,"38334278","PMC10895672",NA,NA,FALSE,"acs2024fak","03s7gtk40_acs2024fak_2024"
"Leipzig U",2024,NA,"10.1515/roja-2024-0010",TRUE,FALSE,"Walter de Gruyter GmbH","Romanistisches Jahrbuch","1613-0413","0080-3898","1613-0413","0080-3898","http://creativecommons.org/licenses/by/4.0",TRUE,NA,NA,NA,NA,FALSE,"degruy2023gac","03s7gtk40_degruy2023gac_2024"
"Leipzig U",2024,NA,"10.1515/gcla-2024-0001",TRUE,FALSE,"Walter de Gruyter GmbH","Yearbook of the German Cognitive Linguistics Association","2197-2796","2197-2788","2197-2796","2197-2796",NA,TRUE,NA,NA,NA,NA,FALSE,"degruy2023gac","03s7gtk40_degruy2023gac_2024"
"Leipzig U",2024,NA,"10.1515/roja-2024-0004",TRUE,FALSE,"Walter de Gruyter GmbH","Romanistisches Jahrbuch","1613-0413","0080-3898","1613-0413","0080-3898","http://creativecommons.org/licenses/by/4.0",TRUE,NA,NA,NA,NA,FALSE,"degruy2023gac","03s7gtk40_degruy2023gac_2024"
"Leipzig U",2024,NA,"10.1515/soci-2024-0024",TRUE,FALSE,"Walter de Gruyter GmbH","Sociolinguistica","1865-939X","0933-1883","1865-939X","0933-1883","http://creativecommons.org/licenses/by/4.0",TRUE,NA,NA,NA,NA,FALSE,"degruy2023gac","03s7gtk40_degruy2023gac_2024"
"Leipzig U",2024,NA,"10.1515/les-2024-0025",TRUE,FALSE,"Walter de Gruyter GmbH","Lebende Sprachen","1868-0267","0023-9909","1868-0267","0023-9909","http://creativecommons.org/licenses/by/4.0",TRUE,NA,NA,NA,NA,FALSE,"degruy2023gac","03s7gtk40_degruy2023gac_2024"
"Leipzig U",2024,NA,"10.1515/ev-2024-2002",TRUE,FALSE,"Walter de Gruyter GmbH","The Economists’ Voice","1553-3832",NA,"1553-3832","1553-3832","http://creativecommons.org/licenses/by/4.0",TRUE,NA,NA,NA,NA,FALSE,"degruy2023gac","03s7gtk40_degruy2023gac_2024"
"Leipzig U",2024,NA,"10.1515/lingvan-2024-0072",TRUE,FALSE,"Walter de Gruyter GmbH","Linguistics Vanguard","2199-174X",NA,"2199-174X","2199-174X","http://creativecommons.org/licenses/by/4.0",TRUE,NA,NA,NA,NA,FALSE,"degruy2023gac","03s7gtk40_degruy2023gac_2024"
"Leipzig U",2024,NA,"10.1515/jall-2024-2002",TRUE,FALSE,"Walter de Gruyter GmbH","Journal of African Languages and Linguistics","0167-6164","0167-6164","1613-3811","0167-6164","http://creativecommons.org/licenses/by/4.0",TRUE,NA,NA,NA,NA,FALSE,"degruy2023gac","03s7gtk40_degruy2023gac_2024"
"Leipzig U",2024,NA,"10.1515/za-2024-0010",TRUE,FALSE,"Walter de Gruyter GmbH","Zeitschrift für Assyriologie und vorderasiatische Archäologie","0084-5299","0084-5299","1613-1150","0084-5299","http://creativecommons.org/licenses/by/4.0",TRUE,NA,NA,NA,NA,FALSE,"degruy2023gac","03s7gtk40_degruy2023gac_2024"
"Leipzig U",2024,NA,"10.1515/za-2024-0009",TRUE,FALSE,"Walter de Gruyter GmbH","Zeitschrift für Assyriologie und vorderasiatische Archäologie","0084-5299","0084-5299","1613-1150","0084-5299","http://creativecommons.org/licenses/by/4.0",TRUE,NA,NA,NA,NA,FALSE,"degruy2023gac","03s7gtk40_degruy2023gac_2024"
"Leipzig U",2024,NA,"10.1515/zaw-2024-2006",TRUE,FALSE,"Walter de Gruyter GmbH","Zeitschrift für die alttestamentliche Wissenschaft","1613-0103","0044-2526","1613-0103","0044-2526","http://creativecommons.org/licenses/by/4.0",TRUE,NA,NA,NA,NA,FALSE,"degruy2023gac","03s7gtk40_degruy2023gac_2024"
"Leipzig U",2024,NA,"10.1515/cllt-2024-0055",TRUE,FALSE,"Walter de Gruyter GmbH","Corpus Linguistics and Linguistic Theory","1613-7027","1613-7027","1613-7035","1613-7027","http://creativecommons.org/licenses/by/4.0",TRUE,NA,NA,NA,NA,FALSE,"degruy2023gac","03s7gtk40_degruy2023gac_2024"
"Leipzig U",2024,NA,"10.1515/ev-2024-0023",TRUE,FALSE,"Walter de Gruyter GmbH","The Economists’ Voice","1553-3832",NA,"1553-3832","1553-3832","http://creativecommons.org/licenses/by/4.0",TRUE,NA,NA,NA,NA,FALSE,"degruy2023gac","03s7gtk40_degruy2023gac_2024"
"Leipzig U",2024,NA,"10.1515/applirev-2024-0087",TRUE,FALSE,"Walter de Gruyter GmbH","Applied Linguistics Review","1868-6303","1868-6303","1868-6311","1868-6303","http://creativecommons.org/licenses/by/4.0",TRUE,NA,NA,NA,NA,FALSE,"degruy2023gac","03s7gtk40_degruy2023gac_2024"
"Leipzig U",2024,NA,"10.1515/zaes-2021-0029",TRUE,FALSE,"Walter de Gruyter GmbH","Zeitschrift für Ägyptische Sprache und Altertumskunde","2196-713X","0044-216X","2196-713X","0044-216X","http://creativecommons.org/licenses/by/4.0",TRUE,NA,NA,NA,NA,FALSE,"degruy2023gac","03s7gtk40_degruy2023gac_2024"
"",,,"","","","","","","","","","","","","","","","","",""
"",,,"","","","","","","","","","","","","","","","","",""
"",,,"","","","","","","","","","","","","","","","","",""
"",,,"","","","","","","","","","","","","","","","","",""
"",,,"","","","","","","","","","","","","","","","","",""
"",,,"","","","","","","","","","","","","","","","","",""
"",,,"","","","","","","","","","","","","","","","","",""
"Leipzig U",2024,NA,"10.1063/5.0203924",TRUE,FALSE,"AIP Publishing","The Journal of Chemical Physics","0021-9606","0021-9606","1089-7690","0021-9606","https://creativecommons.org/licenses/by/4.0/",TRUE,"38884401",NA,NA,NA,FALSE,"aip2024tib","03s7gtk40_aip2024tib_2024"
"Leipzig U",2024,NA,"10.1063/5.0196609",TRUE,FALSE,"AIP Publishing","Journal of Mathematical Physics","0022-2488","0022-2488","1089-7658","0022-2488","https://creativecommons.org/licenses/by-nc-nd/4.0/",TRUE,NA,NA,NA,NA,FALSE,"aip2024tib","03s7gtk40_aip2024tib_2024"
"Leipzig U",2024,NA,"10.1063/5.0238552",TRUE,FALSE,"AIP Publishing","The Journal of Chemical Physics","0021-9606","0021-9606","1089-7690","0021-9606","https://creativecommons.org/licenses/by/4.0/",TRUE,"39545670",NA,NA,NA,FALSE,"aip2024tib","03s7gtk40_aip2024tib_2024"
"Leipzig U",2024,NA,"10.1063/5.0221082",TRUE,FALSE,"AIP Publishing","Chaos: An Interdisciplinary Journal of Nonlinear Science","1054-1500","1054-1500","1089-7682","1054-1500","https://creativecommons.org/licenses/by-nc-nd/4.0/",TRUE,"39700520",NA,NA,NA,FALSE,"aip2024tib","03s7gtk40_aip2024tib_2024"
"Leipzig U",2024,NA,"10.1063/5.0214393",FALSE,FALSE,"AIP Publishing","Journal of Applied Physics","0021-8979","0021-8979","1089-7550","0021-8979","https://creativecommons.org/licenses/by/4.0/",TRUE,NA,NA,NA,NA,FALSE,"aip2024tib","03s7gtk40_aip2024tib_2024"
"Leipzig U",2024,NA,"10.1063/5.0215882",FALSE,FALSE,"AIP Publishing","Journal of Applied Physics","0021-8979","0021-8979","1089-7550","0021-8979","https://creativecommons.org/licenses/by-nc/4.0/",TRUE,NA,NA,NA,NA,FALSE,"aip2024tib","03s7gtk40_aip2024tib_2024"
"",,,"","","","","","","","","","","","","","","","","",""
"",,,"","","","","","","","","","","","","","","","","",""
"Leipzig U",2024,NA,"10.1026/2941-7597/a000009",TRUE,FALSE,"Hogrefe Publishing Group","Journal of Applied Sport and Exercise Psychology","2941-7597","2941-7597","2941-7600","2941-7600","https://creativecommons.org/licenses/by/4.0",TRUE,NA,NA,NA,NA,FALSE,"hogrefe2024gac","03s7gtk40_hogrefe2024gac_2024"
"Leipzig U",2024,NA,"10.1026/2941-7597/a000015",TRUE,FALSE,"Hogrefe Publishing Group","Journal of Applied Sport and Exercise Psychology","2941-7597","2941-7597","2941-7600","2941-7600","https://creativecommons.org/licenses/by-nc-nd/4.0",TRUE,NA,NA,NA,NA,FALSE,"hogrefe2024gac","03s7gtk40_hogrefe2024gac_2024"
"Leipzig U",2024,NA,"10.1026/0932-4089/a000434",TRUE,FALSE,"Hogrefe Publishing Group","Zeitschrift für Arbeits- und Organisationspsychologie A&O","0932-4089","0932-4089","2190-6270","0932-4089","https://creativecommons.org/licenses/by/4.0",TRUE,NA,NA,NA,NA,FALSE,"hogrefe2024gac","03s7gtk40_hogrefe2024gac_2024"
"Leipzig U",2024,NA,"10.1026/1616-3443/a000758",TRUE,FALSE,"Hogrefe Publishing Group","Zeitschrift für Klinische Psychologie und Psychotherapie","1616-3443","1616-3443","2190-6297","1616-3443","https://creativecommons.org/licenses/by-nc-nd/4.0",TRUE,NA,NA,NA,NA,FALSE,"hogrefe2024gac","03s7gtk40_hogrefe2024gac_2024"
"Leipzig U",2024,NA,"10.1088/1742-5468/ad2922",TRUE,FALSE,"IOP Publishing","Journal of Statistical Mechanics: Theory and Experiment","1742-5468",NA,"1742-5468","1742-5468","http://creativecommons.org/licenses/by/4.0",TRUE,NA,NA,NA,NA,FALSE,"iop2022tib","03s7gtk40_iop2022tib_2024"
"Leipzig U",2024,NA,"10.1088/1748-9326/ad37cd",FALSE,FALSE,"IOP Publishing","Environmental Research Letters","1748-9326",NA,"1748-9326","1748-9326","http://creativecommons.org/licenses/by/4.0",TRUE,NA,NA,NA,NA,TRUE,"iop2022tib","03s7gtk40_iop2022tib_2024"
"Leipzig U",2024,NA,"10.1088/1361-6552/ad52e1",TRUE,FALSE,"IOP Publishing","Physics Education","0031-9120","0031-9120","1361-6552","0031-9120","http://creativecommons.org/licenses/by/4.0",TRUE,NA,NA,NA,NA,FALSE,"iop2022tib","03s7gtk40_iop2022tib_2024"
"Leipzig U",2024,NA,"10.1088/1361-6382/ad51c3",TRUE,FALSE,"IOP Publishing","Classical and Quantum Gravity","0264-9381","0264-9381","1361-6382","0264-9381","http://creativecommons.org/licenses/by/4.0",TRUE,NA,NA,NA,NA,FALSE,"iop2022tib","03s7gtk40_iop2022tib_2024"
"Leipzig U",2024,NA,"10.1088/1751-8121/ad5b2f",TRUE,FALSE,"IOP Publishing","Journal of Physics A: Mathematical and Theoretical","1751-8113","1751-8113","1751-8121","1751-8113","http://creativecommons.org/licenses/by/4.0",TRUE,NA,NA,NA,NA,FALSE,"iop2022tib","03s7gtk40_iop2022tib_2024"
"Leipzig U",2024,NA,"10.1088/1748-9326/ad747a",FALSE,FALSE,"IOP Publishing","Environmental Research Letters","1748-9326",NA,"1748-9326","1748-9326","https://creativecommons.org/licenses/by/4.0/",TRUE,NA,NA,NA,NA,TRUE,"iop2022tib","03s7gtk40_iop2022tib_2024"
"Leipzig U",2024,NA,"10.1088/1751-8121/ad7427",TRUE,FALSE,"IOP Publishing","Journal of Physics A: Mathematical and Theoretical","1751-8113","1751-8113","1751-8121","1751-8113","https://creativecommons.org/licenses/by/4.0/",TRUE,NA,NA,NA,NA,FALSE,"iop2022tib","03s7gtk40_iop2022tib_2024"
"Leipzig U",2024,NA,"10.1088/1361-6382/ad7cbc",TRUE,FALSE,"IOP Publishing","Classical and Quantum Gravity","0264-9381","0264-9381","1361-6382","0264-9381","https://creativecommons.org/licenses/by/4.0/",TRUE,NA,NA,NA,NA,FALSE,"iop2022tib","03s7gtk40_iop2022tib_2024"
"Leipzig U",2024,NA,"10.1088/2515-7655/ad967f",FALSE,FALSE,"IOP Publishing","Journal of Physics: Energy","2515-7655",NA,"2515-7655","2515-7655","https://creativecommons.org/licenses/by/4.0/",TRUE,NA,NA,NA,NA,TRUE,"iop2022tib","03s7gtk40_iop2022tib_2024"
"Leipzig U",2024,NA,"10.1088/1361-6382/ad87a1",TRUE,FALSE,"IOP Publishing","Classical and Quantum Gravity","0264-9381","0264-9381","1361-6382","0264-9381","https://creativecommons.org/licenses/by/4.0/",TRUE,NA,NA,NA,NA,FALSE,"iop2022tib","03s7gtk40_iop2022tib_2024"
"Leipzig U",2024,NA,"10.1159/000539613",TRUE,FALSE,"S. Karger AG","Neonatology","1661-7800","1661-7800","1661-7819","1661-7800","https://karger.com/pages/terms-and-conditions",TRUE,"38934167",NA,NA,NA,FALSE,"kar2024gac","03s7gtk40_kar2024gac_2024"
"Leipzig U",2024,NA,"10.1159/000538112",TRUE,FALSE,"S. Karger AG","Oncology Research and Treatment","2296-5270","2296-5270","2296-5262","2296-5270","https://creativecommons.org/licenses/by/4.0/",TRUE,"38432223","PMC11078325",NA,NA,FALSE,"kar2024gac","03s7gtk40_kar2024gac_2024"
"Leipzig U",2024,NA,"10.1159/000538169",TRUE,FALSE,"S. Karger AG","Cells Tissues Organs","1422-6405","1422-6405","1422-6421","1422-6405","https://creativecommons.org/licenses/by/4.0/",TRUE,"38631298","PMC11793100",NA,NA,FALSE,"kar2024gac","03s7gtk40_kar2024gac_2024"
"Leipzig U",2024,NA,"10.1159/000538438",TRUE,FALSE,"S. Karger AG","Cells Tissues Organs","1422-6405","1422-6405","1422-6421","1422-6405","https://creativecommons.org/licenses/by/4.0/",TRUE,"38508156","PMC11446480",NA,NA,FALSE,"kar2024gac","03s7gtk40_kar2024gac_2024"
"Leipzig U",2024,NA,"10.1159/000538447",FALSE,FALSE,"S. Karger AG","Transfusion Medicine and Hemotherapy","1660-3796","1660-3796","1660-3818","1660-3796","https://creativecommons.org/licenses/by/4.0/",TRUE,"38867808","PMC11166405",NA,NA,TRUE,"kar2024gac","03s7gtk40_kar2024gac_2024"
"Leipzig U",2024,NA,"10.1159/000539816",TRUE,FALSE,"S. Karger AG","Digestion","0012-2823","0012-2823","1421-9867","0012-2823","https://creativecommons.org/licenses/by/4.0/",TRUE,"38885635","PMC11633907",NA,NA,FALSE,"kar2024gac","03s7gtk40_kar2024gac_2024"
"Leipzig U",2024,NA,"10.1159/000539857",FALSE,FALSE,"S. Karger AG","Obesity Facts","1662-4025","1662-4025","1662-4033","1662-4025","https://creativecommons.org/licenses/by/4.0/",TRUE,"38897189","PMC11458162",NA,NA,TRUE,"kar2024gac","03s7gtk40_kar2024gac_2024"
"Leipzig U",2024,NA,"10.1159/000540433",TRUE,FALSE,"S. Karger AG","Hormone Research in Paediatrics","1663-2818","1663-2818","1663-2826","1663-2818","https://creativecommons.org/licenses/by/4.0/",TRUE,"39038449","PMC12795545",NA,NA,FALSE,"kar2024gac","03s7gtk40_kar2024gac_2024"
"Leipzig U",2024,NA,"10.1159/000541118",TRUE,FALSE,"S. Karger AG","Dementia and Geriatric Cognitive Disorders","1420-8008","1420-8008","1421-9824","1420-8008","https://creativecommons.org/licenses/by/4.0/",TRUE,"39208780","PMC11965832",NA,NA,FALSE,"kar2024gac","03s7gtk40_kar2024gac_2024"
"Leipzig U",2024,NA,"10.1159/000541928",TRUE,FALSE,"S. Karger AG","Visceral Medicine","2297-4725","2297-4725","2297-475X","2297-4725","https://creativecommons.org/licenses/by/4.0/",TRUE,"39664092","PMC11631102",NA,NA,FALSE,"kar2024gac","03s7gtk40_kar2024gac_2024"
"Leipzig U",2024,NA,"10.1159/000542286",TRUE,FALSE,"S. Karger AG","Acta Haematologica","0001-5792","0001-5792","1421-9662","0001-5792","https://creativecommons.org/licenses/by/4.0/",TRUE,"39467528","PMC12306944",NA,NA,FALSE,"kar2024gac","03s7gtk40_kar2024gac_2024"
"Leipzig U",2024,NA,"10.1159/000543049",TRUE,FALSE,"S. Karger AG","Digestion","0012-2823","0012-2823","1421-9867","0012-2823","https://creativecommons.org/licenses/by/4.0/",TRUE,"39675349","PMC12324797",NA,NA,FALSE,"kar2024gac","03s7gtk40_kar2024gac_2024"
"Leipzig U",2024,NA,"10.1039/d3sm00630a",TRUE,FALSE,"Royal Society of Chemistry (RSC)","Soft Matter","1744-683X","1744-683X","1744-6848","1744-683X","http://creativecommons.org/licenses/by-nc/3.0/",TRUE,"38323652","PMC10900305",NA,NA,FALSE,"rsc2024tib","03s7gtk40_rsc2024tib_2024"
"Leipzig U",2024,NA,"10.1039/d3cp06229e",TRUE,FALSE,"Royal Society of Chemistry (RSC)","Physical Chemistry Chemical Physics","1463-9076","1463-9076","1463-9084","1463-9076","http://creativecommons.org/licenses/by/3.0/",TRUE,"38333952",NA,NA,NA,FALSE,"rsc2024tib","03s7gtk40_rsc2024tib_2024"
"Leipzig U",2024,NA,"10.1039/d4cc00708e",TRUE,FALSE,"Royal Society of Chemistry (RSC)","Chemical Communications","1359-7345","1359-7345","1364-548X","1359-7345","http://creativecommons.org/licenses/by/3.0/",TRUE,"38385217",NA,NA,NA,FALSE,"rsc2024tib","03s7gtk40_rsc2024tib_2024"
"Leipzig U",2024,NA,"10.1039/d3an02175k",TRUE,FALSE,"Royal Society of Chemistry (RSC)","The Analyst","0003-2654","0003-2654","1364-5528","0003-2654","http://creativecommons.org/licenses/by/3.0/",TRUE,"38469706",NA,NA,NA,FALSE,"rsc2024tib","03s7gtk40_rsc2024tib_2024"
"Leipzig U",2024,NA,"10.1039/d4re00004h",TRUE,FALSE,"Royal Society of Chemistry (RSC)","Reaction Chemistry & Engineering","2058-9883",NA,"2058-9883","2058-9883","http://creativecommons.org/licenses/by/3.0/",TRUE,NA,NA,NA,NA,FALSE,"rsc2024tib","03s7gtk40_rsc2024tib_2024"
"Leipzig U",2024,NA,"10.1039/d4md00051j",TRUE,FALSE,"Royal Society of Chemistry (RSC)","RSC Medicinal Chemistry","2632-8682",NA,"2632-8682","2632-8682","http://creativecommons.org/licenses/by/3.0/",TRUE,"38911151","PMC11187558",NA,NA,FALSE,"rsc2024tib","03s7gtk40_rsc2024tib_2024"
"Leipzig U",2024,NA,"10.1039/d3ma01111a",FALSE,FALSE,"Royal Society of Chemistry (RSC)","Materials Advances","2633-5409",NA,"2633-5409","2633-5409","http://creativecommons.org/licenses/by/3.0/",TRUE,NA,NA,NA,NA,TRUE,"rsc2024tib","03s7gtk40_rsc2024tib_2024"
"Leipzig U",2024,NA,"10.1039/d3tc04519f",TRUE,FALSE,"Royal Society of Chemistry (RSC)","Journal of Materials Chemistry C","2050-7526","2050-7526","2050-7534","2050-7526","http://creativecommons.org/licenses/by/3.0/",TRUE,NA,NA,NA,NA,FALSE,"rsc2024tib","03s7gtk40_rsc2024tib_2024"
"Leipzig U",2024,NA,"10.1039/d4sm00093e",TRUE,FALSE,"Royal Society of Chemistry (RSC)","Soft Matter","1744-683X","1744-683X","1744-6848","1744-683X","http://creativecommons.org/licenses/by/3.0/",TRUE,"38868862",NA,NA,NA,FALSE,"rsc2024tib","03s7gtk40_rsc2024tib_2024"
"Leipzig U",2024,NA,"10.1039/d4dt01247j",TRUE,FALSE,"Royal Society of Chemistry (RSC)","Dalton Transactions","1477-9226","1477-9226","1477-9234","1477-9226","http://creativecommons.org/licenses/by/3.0/",TRUE,"38953230",NA,NA,NA,FALSE,"rsc2024tib","03s7gtk40_rsc2024tib_2024"
"Leipzig U",2024,NA,"10.1039/d4cc01552e",TRUE,FALSE,"Royal Society of Chemistry (RSC)","Chemical Communications","1359-7345","1359-7345","1364-548X","1359-7345","http://creativecommons.org/licenses/by/3.0/",TRUE,"39011804",NA,NA,NA,FALSE,"rsc2024tib","03s7gtk40_rsc2024tib_2024"
"Leipzig U",2024,NA,"10.1039/d4ra03822c",FALSE,FALSE,"Royal Society of Chemistry (RSC)","RSC Advances","2046-2069",NA,"2046-2069","2046-2069","http://creativecommons.org/licenses/by/3.0/",TRUE,"39108962","PMC11302318",NA,NA,TRUE,"rsc2024tib","03s7gtk40_rsc2024tib_2024"
"Leipzig U",2024,NA,"10.1039/d4cc00767k",TRUE,FALSE,"Royal Society of Chemistry (RSC)","Chemical Communications","1359-7345","1359-7345","1364-548X","1359-7345","http://creativecommons.org/licenses/by/3.0/",TRUE,"39101945",NA,NA,NA,FALSE,"rsc2024tib","03s7gtk40_rsc2024tib_2024"
"Leipzig U",2024,NA,"10.1039/d4ra04835k",FALSE,FALSE,"Royal Society of Chemistry (RSC)","RSC Advances","2046-2069",NA,"2046-2069","2046-2069","http://creativecommons.org/licenses/by/3.0/",TRUE,"39139235","PMC11320962",NA,NA,TRUE,"rsc2024tib","03s7gtk40_rsc2024tib_2024"
"Leipzig U",2024,NA,"10.1177/10596011241229891",TRUE,FALSE,"SAGE Publications","Group & Organization Management","1059-6011","1059-6011","1552-3993","1059-6011","https://creativecommons.org/licenses/by/4.0/",TRUE,NA,NA,NA,NA,FALSE,"sage2024gac","03s7gtk40_sage2024gac_2024"
"Leipzig U",2024,NA,"10.1177/27538796241232031",TRUE,FALSE,"SAGE Publications","Environment and Security","2753-8796","2753-8796","2753-8796","2753-8796","https://creativecommons.org/licenses/by-nc/4.0/",TRUE,NA,NA,NA,NA,FALSE,"sage2024gac","03s7gtk40_sage2024gac_2024"
"Leipzig U",2024,NA,"10.1177/17470218241245107",TRUE,FALSE,"SAGE Publications","The Quarterly Journal of Experimental Psychology","1747-0218","1747-0218","1747-0226","1747-0218","https://creativecommons.org/licenses/by/4.0/",TRUE,"38514252","PMC11905327",NA,NA,FALSE,"sage2024gac","03s7gtk40_sage2024gac_2024"
"Leipzig U",2024,NA,"10.1177/05390184241247724",TRUE,FALSE,"SAGE Publications","Social Science Information","0539-0184","0539-0184","1461-7412","0539-0184","https://creativecommons.org/licenses/by-nc/4.0/",TRUE,NA,NA,NA,NA,FALSE,"sage2024gac","03s7gtk40_sage2024gac_2024"
"Leipzig U",2024,NA,"10.1177/0957154x241254224",TRUE,FALSE,"SAGE Publications","History of Psychiatry","0957-154X","0957-154X","1740-2360","0957-154X","https://creativecommons.org/licenses/by-nc/4.0/",TRUE,"38863269","PMC11363463",NA,NA,FALSE,"sage2024gac","03s7gtk40_sage2024gac_2024"
"Leipzig U",2024,NA,"10.1177/01650254241255675",TRUE,FALSE,"SAGE Publications","International Journal of Behavioral Development","0165-0254","0165-0254","1464-0651","0165-0254","https://creativecommons.org/licenses/by/4.0/",TRUE,NA,NA,NA,NA,FALSE,"sage2024gac","03s7gtk40_sage2024gac_2024"
"Leipzig U",2024,NA,"10.1177/00936502241259921",TRUE,FALSE,"SAGE Publications","Communication Research","0093-6502","0093-6502","1552-3810","0093-6502","https://creativecommons.org/licenses/by-nc/4.0/",TRUE,NA,NA,NA,NA,FALSE,"sage2024gac","03s7gtk40_sage2024gac_2024"
"Leipzig U",2024,NA,"10.1177/0143831x241261241",TRUE,FALSE,"SAGE Publications","Economic and Industrial Democracy","0143-831X","0143-831X","1461-7099","0143-831X","https://creativecommons.org/licenses/by-nc/4.0/",TRUE,NA,NA,NA,NA,FALSE,"sage2024gac","03s7gtk40_sage2024gac_2024"
"Leipzig U",2024,NA,"10.1177/10949968241274693",TRUE,FALSE,"SAGE Publications","Journal of Interactive Marketing","1094-9968","1094-9968","1520-6653","1094-9968","https://creativecommons.org/licenses/by/4.0/",TRUE,NA,NA,NA,NA,FALSE,"sage2024gac","03s7gtk40_sage2024gac_2024"
"Leipzig U",2024,NA,"10.1177/00225266241278758",TRUE,FALSE,"SAGE Publications","The Journal of Transport History","0022-5266","0022-5266","1759-3999","0022-5266","https://creativecommons.org/licenses/by-nc/4.0/",TRUE,NA,NA,NA,NA,FALSE,"sage2024gac","03s7gtk40_sage2024gac_2024"
"Leipzig U",2024,NA,"10.1177/20563051241290334",FALSE,FALSE,"SAGE Publications","Social Media + Society","2056-3051","2056-3051","2056-3051","2056-3051","https://creativecommons.org/licenses/by-nc/4.0/",TRUE,NA,NA,NA,NA,TRUE,"sage2024gac","03s7gtk40_sage2024gac_2024"
"Leipzig U",2024,NA,"10.1177/00139165241297050",TRUE,FALSE,"SAGE Publications","Environment and Behavior","0013-9165","0013-9165","1552-390X","0013-9165","https://creativecommons.org/licenses/by/4.0/",TRUE,NA,NA,NA,NA,FALSE,"sage2024gac","03s7gtk40_sage2024gac_2024"
"Leipzig U",2024,NA,"10.1177/00207640241300959",TRUE,FALSE,"SAGE Publications","International Journal of Social Psychiatry","0020-7640","0020-7640","1741-2854","0020-7640","https://creativecommons.org/licenses/by/4.0/",TRUE,"39607075","PMC12012281",NA,NA,FALSE,"sage2024gac","03s7gtk40_sage2024gac_2024"
"Leipzig U",2024,NA,"10.1177/09636625241229923",TRUE,FALSE,"SAGE Publications","Public Understanding of Science","0963-6625","0963-6625","1361-6609","0963-6625","https://creativecommons.org/licenses/by/4.0/",TRUE,"38419208","PMC11504141",NA,NA,FALSE,"sage2024gac","03s7gtk40_sage2024gac_2024"
"Leipzig U",2024,NA,"10.1080/23248823.2024.2439175",TRUE,FALSE,"Informa UK Limited","Contemporary Italian Politics","2324-8823","2324-8823","2324-8831","2324-8823","http://creativecommons.org/licenses/by/4.0/",TRUE,NA,NA,NA,NA,FALSE,"tf2024zbw","03s7gtk40_tf2024zbw_2024"
"Leipzig U",2024,NA,"10.1080/13527258.2024.2437350",TRUE,FALSE,"Informa UK Limited","International Journal of Heritage Studies","1352-7258","1352-7258","1470-3610","1352-7258","http://creativecommons.org/licenses/by-nc-nd/4.0/",TRUE,NA,NA,NA,NA,FALSE,"tf2024zbw","03s7gtk40_tf2024zbw_2024"
"Leipzig U",2024,NA,"10.1080/25741136.2024.2435805",TRUE,FALSE,"Informa UK Limited","Media Practice and Education","2574-1136","2574-1136","2574-1144","2574-1136","http://creativecommons.org/licenses/by-nc-nd/4.0/",TRUE,NA,NA,NA,NA,FALSE,"tf2024zbw","03s7gtk40_tf2024zbw_2024"
"Leipzig U",2024,NA,"10.1080/1062726x.2024.2433240",TRUE,FALSE,"Informa UK Limited","Journal of Public Relations Research","1062-726X","1062-726X","1532-754X","1062-726X","http://creativecommons.org/licenses/by/4.0/",TRUE,NA,NA,NA,NA,FALSE,"tf2024zbw","03s7gtk40_tf2024zbw_2024"
"Leipzig U",2024,NA,"10.1080/09515089.2024.2433523",TRUE,FALSE,"Informa UK Limited","Philosophical Psychology","0951-5089","0951-5089","1465-394X","0951-5089","http://creativecommons.org/licenses/by/4.0/",TRUE,NA,NA,NA,NA,FALSE,"tf2024zbw","03s7gtk40_tf2024zbw_2024"
"Leipzig U",2024,NA,"10.1080/1369118x.2024.2420037",TRUE,FALSE,"Informa UK Limited","Information, Communication & Society","1369-118X","1369-118X","1468-4462","1369-118X","http://creativecommons.org/licenses/by-nc-nd/4.0/",TRUE,NA,NA,NA,NA,FALSE,"tf2024zbw","03s7gtk40_tf2024zbw_2024"
"Leipzig U",2024,NA,"10.1080/09672559.2024.2418616",TRUE,FALSE,"Informa UK Limited","International Journal of Philosophical Studies","0967-2559","0967-2559","1466-4542","0967-2559","http://creativecommons.org/licenses/by-nc-nd/4.0/",TRUE,NA,NA,NA,NA,FALSE,"tf2024zbw","03s7gtk40_tf2024zbw_2024"
"Leipzig U",2024,NA,"10.1080/17439760.2024.2417102",TRUE,FALSE,"Informa UK Limited","The Journal of Positive Psychology","1743-9760","1743-9760","1743-9779","1743-9760","http://creativecommons.org/licenses/by/4.0/",TRUE,NA,NA,NA,NA,FALSE,"tf2024zbw","03s7gtk40_tf2024zbw_2024"
"Leipzig U",2024,NA,"10.1080/17449642.2024.2401262",TRUE,FALSE,"Informa UK Limited","Ethics and Education","1744-9642","1744-9642","1744-9650","1744-9642","http://creativecommons.org/licenses/by/4.0/",TRUE,NA,NA,NA,NA,FALSE,"tf2024zbw","03s7gtk40_tf2024zbw_2024"
"Leipzig U",2024,NA,"10.1080/10705511.2024.2414392",TRUE,FALSE,"Informa UK Limited","Structural Equation Modeling: A Multidisciplinary Journal","1070-5511","1070-5511","1532-8007","1070-5511","http://creativecommons.org/licenses/by/4.0/",TRUE,NA,NA,NA,NA,FALSE,"tf2024zbw","03s7gtk40_tf2024zbw_2024"
"Leipzig U",2024,NA,"10.1080/01972243.2024.2407339",TRUE,FALSE,"Informa UK Limited","The Information Society","0197-2243","0197-2243","1087-6537","0197-2243","http://creativecommons.org/licenses/by/4.0/",TRUE,NA,NA,NA,NA,FALSE,"tf2024zbw","03s7gtk40_tf2024zbw_2024"
"Leipzig U",2024,NA,"10.1080/09286586.2024.2399346",TRUE,FALSE,"Informa UK Limited","Ophthalmic Epidemiology","0928-6586","0928-6586","1744-5086","0928-6586","http://creativecommons.org/licenses/by/4.0/",TRUE,"39693580",NA,NA,NA,FALSE,"tf2024zbw","03s7gtk40_tf2024zbw_2024"
"Leipzig U",2024,NA,"10.1080/13648470.2024.2378727",TRUE,FALSE,"Informa UK Limited","Anthropology & Medicine","1364-8470","1364-8470","1469-2910","1364-8470","http://creativecommons.org/licenses/by/4.0/",TRUE,"39435587",NA,NA,NA,FALSE,"tf2024zbw","03s7gtk40_tf2024zbw_2024"
"Leipzig U",2024,NA,"10.1080/13537121.2024.2394299",TRUE,FALSE,"Informa UK Limited","Israel Affairs","1353-7121","1353-7121","1743-9086","1353-7121","http://creativecommons.org/licenses/by/4.0/",TRUE,NA,NA,NA,NA,FALSE,"tf2024zbw","03s7gtk40_tf2024zbw_2024"
"Leipzig U",2024,NA,"10.1080/1750984x.2024.2386528",TRUE,FALSE,"Informa UK Limited","International Review of Sport and Exercise Psychology","1750-984X","1750-984X","1750-9858","1750-984X","http://creativecommons.org/licenses/by/4.0/",TRUE,NA,NA,NA,NA,FALSE,"tf2024zbw","03s7gtk40_tf2024zbw_2024"
"Leipzig U",2024,NA,"10.1080/00480169.2024.2378696",TRUE,FALSE,"Informa UK Limited","New Zealand Veterinary Journal","0048-0169","0048-0169","1176-0710","0048-0169","http://creativecommons.org/licenses/by-nc-nd/4.0/",TRUE,"39079674",NA,NA,NA,FALSE,"tf2024zbw","03s7gtk40_tf2024zbw_2024"
"Leipzig U",2024,NA,"10.1080/09502386.2024.2383202",TRUE,FALSE,"Informa UK Limited","Cultural Studies","0950-2386","0950-2386","1466-4348","0950-2386","http://creativecommons.org/licenses/by/4.0/",TRUE,NA,NA,NA,NA,FALSE,"tf2024zbw","03s7gtk40_tf2024zbw_2024"
"Leipzig U",2024,NA,"10.1080/13648470.2024.2378731",TRUE,FALSE,"Informa UK Limited","Anthropology & Medicine","1364-8470","1364-8470","1469-2910","1364-8470","http://creativecommons.org/licenses/by/4.0/",TRUE,"39435591",NA,NA,NA,FALSE,"tf2024zbw","03s7gtk40_tf2024zbw_2024"
"Leipzig U",2024,NA,"10.1080/25739638.2024.2375156",TRUE,FALSE,"Informa UK Limited","Journal of Contemporary Central and Eastern Europe","2573-9638","2573-9638","2573-9646","2573-9638","http://creativecommons.org/licenses/by/4.0/",TRUE,NA,NA,NA,NA,FALSE,"tf2024zbw","03s7gtk40_tf2024zbw_2024"
"Leipzig U",2024,NA,"10.1080/1553118x.2024.2373368",TRUE,FALSE,"Informa UK Limited","International Journal of Strategic Communication","1553-118X","1553-118X","1553-1198","1553-118X","http://creativecommons.org/licenses/by/4.0/",TRUE,NA,NA,NA,NA,FALSE,"tf2024zbw","03s7gtk40_tf2024zbw_2024"
"Leipzig U",2024,NA,"10.1080/1553118x.2024.2365692",TRUE,FALSE,"Informa UK Limited","International Journal of Strategic Communication","1553-118X","1553-118X","1553-1198","1553-118X","http://creativecommons.org/licenses/by/4.0/",TRUE,NA,NA,NA,NA,FALSE,"tf2024zbw","03s7gtk40_tf2024zbw_2024"
"Leipzig U",2024,NA,"10.1080/09540261.2024.2364846",TRUE,FALSE,"Informa UK Limited","International Review of Psychiatry","0954-0261","0954-0261","1369-1627","0954-0261","http://creativecommons.org/licenses/by/4.0/",TRUE,"39555842",NA,NA,NA,FALSE,"tf2024zbw","03s7gtk40_tf2024zbw_2024"
"Leipzig U",2024,NA,"10.1080/09502386.2024.2363200",TRUE,FALSE,"Informa UK Limited","Cultural Studies","0950-2386","0950-2386","1466-4348","0950-2386","http://creativecommons.org/licenses/by-nc-nd/4.0/",TRUE,NA,NA,NA,NA,FALSE,"tf2024zbw","03s7gtk40_tf2024zbw_2024"
"Leipzig U",2024,NA,"10.1080/09502386.2024.2363189",TRUE,FALSE,"Informa UK Limited","Cultural Studies","0950-2386","0950-2386","1466-4348","0950-2386","http://creativecommons.org/licenses/by/4.0/",TRUE,NA,NA,NA,NA,FALSE,"tf2024zbw","03s7gtk40_tf2024zbw_2024"
"Leipzig U",2024,NA,"10.1080/10409289.2024.2360877",TRUE,FALSE,"Informa UK Limited","Early Education and Development","1040-9289","1040-9289","1556-6935","1040-9289","http://creativecommons.org/licenses/by/4.0/",TRUE,NA,NA,NA,NA,FALSE,"tf2024zbw","03s7gtk40_tf2024zbw_2024"
"Leipzig U",2024,NA,"10.1080/09540261.2024.2355994",TRUE,FALSE,"Informa UK Limited","International Review of Psychiatry","0954-0261","0954-0261","1369-1627","0954-0261","http://creativecommons.org/licenses/by/4.0/",TRUE,"39555843",NA,NA,NA,FALSE,"tf2024zbw","03s7gtk40_tf2024zbw_2024"
"Leipzig U",2024,NA,"10.1080/10509585.2024.2344885",TRUE,FALSE,"Informa UK Limited","European Romantic Review","1050-9585","1050-9585","1740-4657","1050-9585","http://creativecommons.org/licenses/by-nc-nd/4.0/",TRUE,NA,NA,NA,NA,FALSE,"tf2024zbw","03s7gtk40_tf2024zbw_2024"
"Leipzig U",2024,NA,"10.1080/13506285.2024.2344724",TRUE,FALSE,"Informa UK Limited","Visual Cognition","1350-6285","1350-6285","1464-0716","1350-6285","http://creativecommons.org/licenses/by/4.0/",TRUE,NA,NA,NA,NA,FALSE,"tf2024zbw","03s7gtk40_tf2024zbw_2024"
"Leipzig U",2024,NA,"10.1080/13183222.2024.2342216",TRUE,FALSE,"Informa UK Limited","Javnost - The Public","1318-3222","1318-3222","1854-8377","1318-3222","http://creativecommons.org/licenses/by-nc-nd/4.0/",TRUE,NA,NA,NA,NA,FALSE,"tf2024zbw","03s7gtk40_tf2024zbw_2024"
"Leipzig U",2024,NA,"10.1080/10426507.2024.2338393",TRUE,FALSE,"Informa UK Limited","Phosphorus, Sulfur, and Silicon and the Related Elements","1042-6507","1042-6507","1563-5325","1026-7719","http://creativecommons.org/licenses/by-nc-nd/4.0/",TRUE,NA,NA,NA,NA,FALSE,"tf2024zbw","03s7gtk40_tf2024zbw_2024"
"Leipzig U",2024,NA,"10.1080/07481187.2024.2337201",TRUE,FALSE,"Informa UK Limited","Death Studies","0748-1187","0748-1187","1091-7683","0748-1187","http://creativecommons.org/licenses/by-nc-nd/4.0/",TRUE,"38626113",NA,NA,NA,FALSE,"tf2024zbw","03s7gtk40_tf2024zbw_2024"
"Leipzig U",2024,NA,"10.1080/03932729.2024.2327492",TRUE,FALSE,"Informa UK Limited","The International Spectator","0393-2729","0393-2729","1751-9721","0393-2729","http://creativecommons.org/licenses/by/4.0/",TRUE,NA,NA,NA,NA,FALSE,"tf2024zbw","03s7gtk40_tf2024zbw_2024"
"Leipzig U",2024,NA,"10.1080/07380569.2024.2322166",TRUE,FALSE,"Informa UK Limited","Computers in the Schools","0738-0569","0738-0569","1528-7033","0738-0569","http://creativecommons.org/licenses/by/4.0/",TRUE,NA,NA,NA,NA,FALSE,"tf2024zbw","03s7gtk40_tf2024zbw_2024"
"Leipzig U",2024,NA,"10.1080/1612197x.2024.2314107",TRUE,FALSE,"Informa UK Limited","International Journal of Sport and Exercise Psychology","1612-197X","1612-197X","1557-251X","1557-251X","http://creativecommons.org/licenses/by/4.0/",TRUE,NA,NA,NA,NA,FALSE,"tf2024zbw","03s7gtk40_tf2024zbw_2024"
"Leipzig U",2024,NA,"10.1075/pc.00038.fuc",TRUE,FALSE,"John Benjamins Publishing Company","Pragmatics & Cognition","0929-0907","0929-0907","1569-9943","0929-0907","http://creativecommons.org/licenses/by/4.0/",TRUE,NA,NA,NA,NA,FALSE,"jbp2024leipzig","03s7gtk40_jbp2024leipzig_2024"
"Leipzig U",2024,NA,"10.1016/j.biocon.2024.110761",TRUE,FALSE,"Elsevier BV","Biological Conservation","0006-3207","0006-3207",NA,"0006-3207","http://creativecommons.org/licenses/by-nc/4.0/",TRUE,NA,NA,NA,NA,FALSE,"els2023deal","03s7gtk40_els2023deal_2024"
"Leipzig U",2024,NA,"10.1016/j.scitotenv.2024.176389",TRUE,FALSE,"Elsevier BV","Science of The Total Environment","0048-9697","0048-9697",NA,"0048-9697","http://creativecommons.org/licenses/by-nc/4.0/",TRUE,"39304145",NA,NA,NA,FALSE,"els2023deal","03s7gtk40_els2023deal_2024"
"Leipzig U",2024,NA,"10.1016/j.annonc.2024.10.829",TRUE,FALSE,"Elsevier BV","Annals of Oncology","0923-7534","0923-7534",NA,"0923-7534","http://creativecommons.org/licenses/by/4.0/",TRUE,"39542422",NA,NA,NA,FALSE,"els2023deal","03s7gtk40_els2023deal_2024"
"Leipzig U",2024,NA,"10.1016/j.jmbbm.2024.106501",TRUE,FALSE,"Elsevier BV","Journal of the Mechanical Behavior of Biomedical Materials","1751-6161","1751-6161",NA,"1878-0180","http://creativecommons.org/licenses/by/4.0/",TRUE,"38531182",NA,NA,NA,FALSE,"els2023deal","03s7gtk40_els2023deal_2024"
"Leipzig U",2024,NA,"10.1016/j.jpaa.2024.107811",TRUE,FALSE,"Elsevier BV","Journal of Pure and Applied Algebra","0022-4049","0022-4049",NA,"0022-4049","http://creativecommons.org/licenses/by/4.0/",TRUE,NA,NA,NA,NA,FALSE,"els2023deal","03s7gtk40_els2023deal_2024"
"Leipzig U",2024,NA,"10.1016/j.jenvp.2024.102270",TRUE,FALSE,"Elsevier BV","Journal of Environmental Psychology","0272-4944","0272-4944",NA,"0272-4944","http://creativecommons.org/licenses/by/4.0/",TRUE,NA,NA,NA,NA,FALSE,"els2023deal","03s7gtk40_els2023deal_2024"
"Leipzig U",2024,NA,"10.1016/j.catena.2024.108122",TRUE,FALSE,"Elsevier BV","CATENA","0341-8162","0341-8162",NA,"0341-8162","http://creativecommons.org/licenses/by/4.0/",TRUE,NA,NA,NA,NA,FALSE,"els2023deal","03s7gtk40_els2023deal_2024"
"Leipzig U",2024,NA,"10.1016/j.jddst.2024.105350",TRUE,FALSE,"Elsevier BV","Journal of Drug Delivery Science and Technology","1773-2247","1773-2247",NA,"1773-2247","http://creativecommons.org/licenses/by/4.0/",TRUE,NA,NA,NA,NA,FALSE,"els2023deal","03s7gtk40_els2023deal_2024"
"Leipzig U",2024,NA,"10.1016/j.cognition.2024.105981",TRUE,FALSE,"Elsevier BV","Cognition","0010-0277","0010-0277",NA,"0010-0277","http://creativecommons.org/licenses/by/4.0/",TRUE,"39413447",NA,NA,NA,FALSE,"els2023deal","03s7gtk40_els2023deal_2024"
"Leipzig U",2024,NA,"10.1016/j.jpsychires.2024.06.036",TRUE,FALSE,"Elsevier BV","Journal of Psychiatric Research","0022-3956","0022-3956",NA,"0022-3956","http://creativecommons.org/licenses/by-nc/4.0/",TRUE,"38944016",NA,NA,NA,FALSE,"els2023deal","03s7gtk40_els2023deal_2024"
"Leipzig U",2024,NA,"10.1016/j.insmatheco.2024.06.006",TRUE,FALSE,"Elsevier BV","Insurance: Mathematics and Economics","0167-6687","0167-6687",NA,"0167-6687","http://creativecommons.org/licenses/by-nc-nd/4.0/",TRUE,NA,NA,NA,NA,FALSE,"els2023deal","03s7gtk40_els2023deal_2024"
"Leipzig U",2024,NA,"10.1016/j.rse.2024.114294",TRUE,FALSE,"Elsevier BV","Remote Sensing of Environment","0034-4257","0034-4257",NA,"0034-4257","http://creativecommons.org/licenses/by-nc/4.0/",TRUE,NA,NA,NA,NA,FALSE,"els2023deal","03s7gtk40_els2023deal_2024"
"Leipzig U",2024,NA,"10.1016/j.cca.2024.119726",TRUE,FALSE,"Elsevier BV","Clinica Chimica Acta","0009-8981","0009-8981",NA,"0009-8981","http://creativecommons.org/licenses/by-nc-nd/4.0/",TRUE,"38735516",NA,NA,NA,FALSE,"els2023deal","03s7gtk40_els2023deal_2024"
"Leipzig U",2024,NA,"10.1016/j.jssc.2024.124998",TRUE,FALSE,"Elsevier BV","Journal of Solid State Chemistry","0022-4596","0022-4596",NA,"0022-4596","http://creativecommons.org/licenses/by-nc-nd/4.0/",TRUE,NA,NA,NA,NA,FALSE,"els2023deal","03s7gtk40_els2023deal_2024"
"Leipzig U",2024,NA,"10.1016/j.acra.2024.10.046",TRUE,FALSE,"Elsevier BV","Academic Radiology","1076-6332","1076-6332",NA,"1076-6332","http://creativecommons.org/licenses/by/4.0/",TRUE,"39562196",NA,NA,NA,FALSE,"els2023deal","03s7gtk40_els2023deal_2024"
"Leipzig U",2024,NA,"10.1016/j.jid.2024.05.026",TRUE,FALSE,"Elsevier BV","Journal of Investigative Dermatology","0022-202X","0022-202X",NA,"0022-202X","http://creativecommons.org/licenses/by/4.0/",TRUE,"38909842",NA,NA,NA,FALSE,"els2023deal","03s7gtk40_els2023deal_2024"
"Leipzig U",2024,NA,"10.1016/j.laa.2024.05.012",TRUE,FALSE,"Elsevier BV","Linear Algebra and its Applications","0024-3795","0024-3795",NA,"0024-3795","http://creativecommons.org/licenses/by/4.0/",TRUE,NA,NA,NA,NA,FALSE,"els2023deal","03s7gtk40_els2023deal_2024"
"Leipzig U",2024,NA,"10.1016/j.cattod.2024.114611",TRUE,FALSE,"Elsevier BV","Catalysis Today","0920-5861","0920-5861",NA,"0920-5861","http://creativecommons.org/licenses/by-nc/4.0/",TRUE,NA,NA,NA,NA,FALSE,"els2023deal","03s7gtk40_els2023deal_2024"
"Leipzig U",2024,NA,"10.1016/j.econlet.2024.112046",TRUE,FALSE,"Elsevier BV","Economics Letters","0165-1765","0165-1765",NA,"0165-1765","http://creativecommons.org/licenses/by/4.0/",TRUE,NA,NA,NA,NA,FALSE,"els2023deal","03s7gtk40_els2023deal_2024"
"Leipzig U",2024,NA,"10.1016/j.jmbbm.2024.106432",TRUE,FALSE,"Elsevier BV","Journal of the Mechanical Behavior of Biomedical Materials","1751-6161","1751-6161",NA,"1878-0180","http://creativecommons.org/licenses/by/4.0/",TRUE,"38354566",NA,NA,NA,FALSE,"els2023deal","03s7gtk40_els2023deal_2024"
"Leipzig U",2024,NA,"10.1016/j.scitotenv.2024.173572",TRUE,FALSE,"Elsevier BV","Science of The Total Environment","0048-9697","0048-9697",NA,"0048-9697","http://creativecommons.org/licenses/by-nc-nd/4.0/",TRUE,"38823707",NA,NA,NA,FALSE,"els2023deal","03s7gtk40_els2023deal_2024"
"Leipzig U",2024,NA,"10.1016/j.ejpb.2024.114232",TRUE,FALSE,"Elsevier BV","European Journal of Pharmaceutics and Biopharmaceutics","0939-6411","0939-6411",NA,"0939-6411","http://creativecommons.org/licenses/by/4.0/",TRUE,"38395176",NA,NA,NA,FALSE,"els2023deal","03s7gtk40_els2023deal_2024"
"Leipzig U",2024,NA,"10.1016/j.jretai.2024.07.001",TRUE,FALSE,"Elsevier BV","Journal of Retailing","0022-4359","0022-4359",NA,"0022-4359","http://creativecommons.org/licenses/by/4.0/",TRUE,NA,NA,NA,NA,FALSE,"els2023deal","03s7gtk40_els2023deal_2024"
"Leipzig U",2024,NA,"10.1016/j.landusepol.2024.107146",TRUE,FALSE,"Elsevier BV","Land Use Policy","0264-8377","0264-8377",NA,"0264-8377","http://creativecommons.org/licenses/by-nc/4.0/",TRUE,NA,NA,NA,NA,FALSE,"els2023deal","03s7gtk40_els2023deal_2024"
"Leipzig U",2024,NA,"10.1016/j.foodpol.2024.102674",TRUE,FALSE,"Elsevier BV","Food Policy","0306-9192","0306-9192",NA,"0306-9192","http://creativecommons.org/licenses/by/4.0/",TRUE,NA,NA,NA,NA,FALSE,"els2023deal","03s7gtk40_els2023deal_2024"
"Leipzig U",2024,NA,"10.1016/j.jmaa.2024.128440",TRUE,FALSE,"Elsevier BV","Journal of Mathematical Analysis and Applications","0022-247X","0022-247X",NA,"0022-247X","http://creativecommons.org/licenses/by-nc-nd/4.0/",TRUE,NA,NA,NA,NA,FALSE,"els2023deal","03s7gtk40_els2023deal_2024"
"Leipzig U",2024,NA,"10.1016/j.bcp.2024.116257",TRUE,FALSE,"Elsevier BV","Biochemical Pharmacology","0006-2952","0006-2952",NA,"0006-2952","http://creativecommons.org/licenses/by/4.0/",TRUE,"38705532",NA,NA,NA,FALSE,"els2023deal","03s7gtk40_els2023deal_2024"
"Leipzig U",2024,NA,"10.1016/j.jpsychores.2024.112017",TRUE,FALSE,"Elsevier BV","Journal of Psychosomatic Research","0022-3999","0022-3999",NA,"0022-3999","http://creativecommons.org/licenses/by/4.0/",TRUE,"39705898",NA,NA,NA,FALSE,"els2023deal","03s7gtk40_els2023deal_2024"
"Leipzig U",2024,NA,"10.1016/j.geomorph.2024.109067",TRUE,FALSE,"Elsevier BV","Geomorphology","0169-555X","0169-555X",NA,"0169-555X","http://creativecommons.org/licenses/by/4.0/",TRUE,NA,NA,NA,NA,FALSE,"els2023deal","03s7gtk40_els2023deal_2024"
"Leipzig U",2024,NA,"10.1016/j.ecolmodel.2024.110920",TRUE,FALSE,"Elsevier BV","Ecological Modelling","0304-3800","0304-3800",NA,"0304-3800","http://creativecommons.org/licenses/by/4.0/",TRUE,NA,NA,NA,NA,FALSE,"els2023deal","03s7gtk40_els2023deal_2024"
"Leipzig U",2024,NA,"10.1016/j.npep.2024.102416",TRUE,FALSE,"Elsevier BV","Neuropeptides","0143-4179","0143-4179",NA,"0143-4179","http://creativecommons.org/licenses/by-nc/4.0/",TRUE,"38430725",NA,NA,NA,FALSE,"els2023deal","03s7gtk40_els2023deal_2024"
"Leipzig U",2024,NA,"10.1016/j.clml.2024.05.006",TRUE,FALSE,"Elsevier BV","Clinical Lymphoma Myeloma and Leukemia","2152-2650","2152-2650",NA,"2152-2669","http://creativecommons.org/licenses/by/4.0/",TRUE,"38821728",NA,NA,NA,FALSE,"els2023deal","03s7gtk40_els2023deal_2024"
"Leipzig U",2024,NA,"10.1016/j.ijme.2024.101050",TRUE,FALSE,"Elsevier BV","The International Journal of Management Education","1472-8117","1472-8117",NA,"1472-8117","http://creativecommons.org/licenses/by/4.0/",TRUE,NA,NA,NA,NA,FALSE,"els2023deal","03s7gtk40_els2023deal_2024"
"Leipzig U",2024,NA,"10.1016/j.brat.2024.104601",TRUE,FALSE,"Elsevier BV","Behaviour Research and Therapy","0005-7967","0005-7967",NA,"0005-7967","http://creativecommons.org/licenses/by-nc-nd/4.0/",TRUE,"38943987",NA,NA,NA,FALSE,"els2023deal","03s7gtk40_els2023deal_2024"
"Leipzig U",2024,NA,"10.1016/j.rse.2024.114276",TRUE,FALSE,"Elsevier BV","Remote Sensing of Environment","0034-4257","0034-4257",NA,"0034-4257","http://creativecommons.org/licenses/by-nc-nd/4.0/",TRUE,NA,NA,NA,NA,FALSE,"els2023deal","03s7gtk40_els2023deal_2024"
"Leipzig U",2024,NA,"10.1016/j.ijbiomac.2024.138078",TRUE,FALSE,"Elsevier BV","International Journal of Biological Macromolecules","0141-8130","0141-8130",NA,"0141-8130","http://creativecommons.org/licenses/by-nc-nd/4.0/",TRUE,"39617222",NA,NA,NA,FALSE,"els2023deal","03s7gtk40_els2023deal_2024"
"Leipzig U",2024,NA,"10.1016/j.scitotenv.2024.176402",TRUE,FALSE,"Elsevier BV","Science of The Total Environment","0048-9697","0048-9697",NA,"0048-9697","http://creativecommons.org/licenses/by-nc/4.0/",TRUE,"39304138",NA,NA,NA,FALSE,"els2023deal","03s7gtk40_els2023deal_2024"
"Leipzig U",2024,NA,"10.1016/j.ejpb.2024.114338",TRUE,FALSE,"Elsevier BV","European Journal of Pharmaceutics and Biopharmaceutics","0939-6411","0939-6411",NA,"0939-6411","http://creativecommons.org/licenses/by/4.0/",TRUE,"38789063",NA,NA,NA,FALSE,"els2023deal","03s7gtk40_els2023deal_2024"
"Leipzig U",2024,NA,"10.1016/j.jorganchem.2024.123187",TRUE,FALSE,"Elsevier BV","Journal of Organometallic Chemistry","0022-328X","0022-328X",NA,"0022-328X","http://creativecommons.org/licenses/by-nc/4.0/",TRUE,NA,NA,NA,NA,FALSE,"els2023deal","03s7gtk40_els2023deal_2024"
"Leipzig U",2024,NA,"10.1016/j.jeem.2024.102968",TRUE,FALSE,"Elsevier BV","Journal of Environmental Economics and Management","0095-0696","0095-0696",NA,"0095-0696","http://creativecommons.org/licenses/by/4.0/",TRUE,NA,NA,NA,NA,FALSE,"els2023deal","03s7gtk40_els2023deal_2024"
"Leipzig U",2024,NA,"10.1016/j.biopsycho.2024.108827",TRUE,FALSE,"Elsevier BV","Biological Psychology","0301-0511","0301-0511",NA,"0301-0511","http://creativecommons.org/licenses/by/4.0/",TRUE,"38852877",NA,NA,NA,FALSE,"els2023deal","03s7gtk40_els2023deal_2024"
"Leipzig U",2024,NA,"10.1016/j.janxdis.2024.102873",TRUE,FALSE,"Elsevier BV","Journal of Anxiety Disorders","0887-6185","0887-6185",NA,"0887-6185","http://creativecommons.org/licenses/by/4.0/",TRUE,"38729024",NA,NA,NA,FALSE,"els2023deal","03s7gtk40_els2023deal_2024"
"Leipzig U",2024,NA,"10.1016/j.bios.2024.116042",TRUE,FALSE,"Elsevier BV","Biosensors and Bioelectronics","0956-5663","0956-5663",NA,"0956-5663","http://creativecommons.org/licenses/by-nc-nd/4.0/",TRUE,"38266619",NA,NA,NA,FALSE,"els2023deal","03s7gtk40_els2023deal_2024"
"Leipzig U",2024,NA,"10.1016/j.ica.2024.122206",TRUE,FALSE,"Elsevier BV","Inorganica Chimica Acta","0020-1693","0020-1693",NA,"0020-1693","http://creativecommons.org/licenses/by-nc/4.0/",TRUE,NA,NA,NA,NA,FALSE,"els2023deal","03s7gtk40_els2023deal_2024"
"Leipzig U",2024,NA,"10.1016/j.prp.2024.155336",TRUE,FALSE,"Elsevier BV","Pathology - Research and Practice","0344-0338","0344-0338",NA,"0344-0338","http://creativecommons.org/licenses/by/4.0/",TRUE,"38723326",NA,NA,NA,FALSE,"els2023deal","03s7gtk40_els2023deal_2024"
"Leipzig U",2024,NA,"10.1016/j.bios.2024.116120",TRUE,FALSE,"Elsevier BV","Biosensors and Bioelectronics","0956-5663","0956-5663",NA,"0956-5663","http://creativecommons.org/licenses/by-nc/4.0/",TRUE,"38394704",NA,NA,NA,FALSE,"els2023deal","03s7gtk40_els2023deal_2024"
"Leipzig U",2024,NA,"10.1016/j.laa.2024.08.007",TRUE,FALSE,"Elsevier BV","Linear Algebra and its Applications","0024-3795","0024-3795",NA,"0024-3795","http://creativecommons.org/licenses/by/4.0/",TRUE,NA,NA,NA,NA,FALSE,"els2023deal","03s7gtk40_els2023deal_2024"
"Leipzig U",2024,NA,"10.1016/j.jmaa.2024.128569",TRUE,FALSE,"Elsevier BV","Journal of Mathematical Analysis and Applications","0022-247X","0022-247X",NA,"0022-247X","http://creativecommons.org/licenses/by/4.0/",TRUE,NA,NA,NA,NA,FALSE,"els2023deal","03s7gtk40_els2023deal_2024"
"Leipzig U",2024,NA,"10.1016/j.tsf.2024.140290",TRUE,FALSE,"Elsevier BV","Thin Solid Films","0040-6090","0040-6090",NA,"0040-6090","http://creativecommons.org/licenses/by-nc/4.0/",TRUE,NA,NA,NA,NA,FALSE,"els2023deal","03s7gtk40_els2023deal_2024"
"Leipzig U",2024,NA,"10.1016/j.bbi.2024.10.024",TRUE,FALSE,"Elsevier BV","Brain, Behavior, and Immunity","0889-1591","0889-1591",NA,"0889-1591","http://creativecommons.org/licenses/by/4.0/",TRUE,"39442638",NA,NA,NA,FALSE,"els2023deal","03s7gtk40_els2023deal_2024"
"Leipzig U",2024,NA,"10.1016/j.jor.2024.11.001",TRUE,FALSE,"Scientific Scholar","Journal of Orthopaedics","0972-978X","0972-978X",NA,"0972-978X","http://creativecommons.org/licenses/by/4.0/",TRUE,"39618723","PMC11602539",NA,NA,FALSE,"els2023deal","03s7gtk40_els2023deal_2024"
"Leipzig U",2024,NA,"10.1016/j.atherosclerosis.2024.118569",TRUE,FALSE,"Elsevier BV","Atherosclerosis","0021-9150","0021-9150",NA,"0021-9150","http://creativecommons.org/licenses/by-nc/4.0/",TRUE,"39227208",NA,NA,NA,FALSE,"els2023deal","03s7gtk40_els2023deal_2024"
"Leipzig U",2024,NA,"10.1016/j.jphotochem.2024.115512",TRUE,FALSE,"Elsevier BV","Journal of Photochemistry and Photobiology A: Chemistry","1010-6030","1010-6030",NA,"1010-6030","http://creativecommons.org/licenses/by/4.0/",TRUE,NA,NA,NA,NA,FALSE,"els2023deal","03s7gtk40_els2023deal_2024"
"Leipzig U",2024,NA,"10.1016/j.bioadv.2024.213961",TRUE,FALSE,"Elsevier BV","Biomaterials Advances","2772-9508","2772-9508",NA,"2772-9508","http://creativecommons.org/licenses/by-nc/4.0/",TRUE,"39032434",NA,NA,NA,FALSE,"els2023deal","03s7gtk40_els2023deal_2024"
"Leipzig U",2024,NA,"10.1016/j.soilbio.2024.109637",TRUE,FALSE,"Elsevier BV","Soil Biology and Biochemistry","0038-0717","0038-0717",NA,"0038-0717","http://creativecommons.org/licenses/by-nc-nd/4.0/",TRUE,NA,NA,NA,NA,FALSE,"els2023deal","03s7gtk40_els2023deal_2024"
"Leipzig U",2024,NA,"10.1016/j.ejso.2024.108272",TRUE,FALSE,"Elsevier BV","European Journal of Surgical Oncology","0748-7983","0748-7983",NA,"0748-7983","http://creativecommons.org/licenses/by-nc-nd/4.0/",TRUE,"38552419",NA,NA,NA,FALSE,"els2023deal","03s7gtk40_els2023deal_2024"
"Leipzig U",2024,NA,"10.1016/j.ijresmar.2024.04.003",TRUE,FALSE,"Elsevier BV","International Journal of Research in Marketing","0167-8116","0167-8116",NA,"0167-8116","http://creativecommons.org/licenses/by/4.0/",TRUE,NA,NA,NA,NA,FALSE,"els2023deal","03s7gtk40_els2023deal_2024"
"Leipzig U",2024,NA,"10.1016/j.jad.2024.01.138",TRUE,FALSE,"Elsevier BV","Journal of Affective Disorders","0165-0327","0165-0327",NA,"0165-0327","http://creativecommons.org/licenses/by/4.0/",TRUE,"38244789",NA,NA,NA,FALSE,"els2023deal","03s7gtk40_els2023deal_2024"
"Leipzig U",2024,NA,"10.1016/j.geomphys.2024.105370",TRUE,FALSE,"Elsevier BV","Journal of Geometry and Physics","0393-0440","0393-0440",NA,"0393-0440","http://creativecommons.org/licenses/by/4.0/",TRUE,NA,NA,NA,NA,FALSE,"els2023deal","03s7gtk40_els2023deal_2024"
"Leipzig U",2024,NA,"10.1016/j.matpur.2024.04.002",TRUE,FALSE,"Elsevier BV","Journal de Mathématiques Pures et Appliquées","0021-7824","0021-7824",NA,"0021-7824","http://creativecommons.org/licenses/by/4.0/",TRUE,NA,NA,NA,NA,FALSE,"els2023deal","03s7gtk40_els2023deal_2024"
"Leipzig U",2024,NA,"10.1016/j.atherosclerosis.2024.118613",TRUE,FALSE,"Elsevier BV","Atherosclerosis","0021-9150","0021-9150",NA,"0021-9150","http://creativecommons.org/licenses/by/4.0/",TRUE,"39340936",NA,NA,NA,FALSE,"els2023deal","03s7gtk40_els2023deal_2024"
"Leipzig U",2024,NA,"10.1016/j.orthtr.2024.02.007",TRUE,FALSE,"Elsevier BV","Sports Orthopaedics and Traumatology","0949-328X","0949-328X",NA,"0949-328X","http://creativecommons.org/licenses/by/4.0/",TRUE,NA,NA,NA,NA,FALSE,"els2023deal","03s7gtk40_els2023deal_2024"
"Leipzig U",2024,NA,"10.1016/j.jml.2024.104605",TRUE,FALSE,"Elsevier BV","Journal of Memory and Language","0749-596X","0749-596X",NA,"0749-596X","http://creativecommons.org/licenses/by/4.0/",TRUE,NA,NA,NA,NA,FALSE,"els2023deal","03s7gtk40_els2023deal_2024"
"Leipzig U",2024,NA,"10.1016/j.jorganchem.2024.123256",TRUE,FALSE,"Elsevier BV","Journal of Organometallic Chemistry","0022-328X","0022-328X",NA,"0022-328X","http://creativecommons.org/licenses/by-nc/4.0/",TRUE,NA,NA,NA,NA,FALSE,"els2023deal","03s7gtk40_els2023deal_2024"
"Leipzig U",2024,NA,"10.1016/j.ceca.2024.102883",TRUE,FALSE,"Elsevier BV","Cell Calcium","0143-4160","0143-4160",NA,"0143-4160","http://creativecommons.org/licenses/by/4.0/",TRUE,"38643716",NA,NA,NA,FALSE,"els2023deal","03s7gtk40_els2023deal_2024"
"Leipzig U",2024,NA,"10.1016/j.erss.2024.103769",TRUE,FALSE,"Elsevier BV","Energy Research & Social Science","2214-6296","2214-6296",NA,"2214-6296","http://creativecommons.org/licenses/by/4.0/",TRUE,NA,NA,NA,NA,FALSE,"els2023deal","03s7gtk40_els2023deal_2024"
"Leipzig U",2024,NA,"10.1016/j.ejpb.2024.114297",TRUE,FALSE,"Elsevier BV","European Journal of Pharmaceutics and Biopharmaceutics","0939-6411","0939-6411",NA,"0939-6411","http://creativecommons.org/licenses/by/4.0/",TRUE,"38641228",NA,NA,NA,FALSE,"els2023deal","03s7gtk40_els2023deal_2024"
"Leipzig U",2024,NA,"10.1016/j.soilbio.2024.109323",TRUE,FALSE,"Elsevier BV","Soil Biology and Biochemistry","0038-0717","0038-0717",NA,"0038-0717","http://creativecommons.org/licenses/by-nc/4.0/",TRUE,NA,NA,NA,NA,FALSE,"els2023deal","03s7gtk40_els2023deal_2024"
"Leipzig U",2024,NA,"10.1016/j.ecolmodel.2024.110996",TRUE,FALSE,"Elsevier BV","Ecological Modelling","0304-3800","0304-3800",NA,"0304-3800","http://creativecommons.org/licenses/by/4.0/",TRUE,NA,NA,NA,NA,FALSE,"els2023deal","03s7gtk40_els2023deal_2024"
"Leipzig U",2024,NA,"10.1016/j.jecp.2024.105929",TRUE,FALSE,"Elsevier BV","Journal of Experimental Child Psychology","0022-0965","0022-0965",NA,"0022-0965","http://creativecommons.org/licenses/by-nc-nd/4.0/",TRUE,"38663123",NA,NA,NA,FALSE,"els2023deal","03s7gtk40_els2023deal_2024"
"Leipzig U",2024,NA,"10.1016/j.jebo.2024.01.032",TRUE,FALSE,"Elsevier BV","Journal of Economic Behavior & Organization","0167-2681","0167-2681",NA,"0167-2681","http://creativecommons.org/licenses/by-nc-nd/4.0/",TRUE,NA,NA,NA,NA,FALSE,"els2023deal","03s7gtk40_els2023deal_2024"
"Leipzig U",2024,NA,"10.1016/j.jempfin.2024.101532",TRUE,FALSE,"Elsevier BV","Journal of Empirical Finance","0927-5398","0927-5398",NA,"0927-5398","http://creativecommons.org/licenses/by-nc-nd/4.0/",TRUE,NA,NA,NA,NA,FALSE,"els2023deal","03s7gtk40_els2023deal_2024"
"Leipzig U",2024,NA,"10.1016/j.ibmb.2024.104071",TRUE,FALSE,"Elsevier BV","Insect Biochemistry and Molecular Biology","0965-1748","0965-1748",NA,"0965-1748","http://creativecommons.org/licenses/by-nc-nd/4.0/",TRUE,"38184175",NA,NA,NA,FALSE,"els2023deal","03s7gtk40_els2023deal_2024"
"Leipzig U",2024,NA,"10.1016/j.disc.2024.114328",TRUE,FALSE,"Elsevier BV","Discrete Mathematics","0012-365X","0012-365X",NA,"0012-365X","http://creativecommons.org/licenses/by/4.0/",TRUE,NA,NA,NA,NA,FALSE,"els2023deal","03s7gtk40_els2023deal_2024"
"Leipzig U",2024,NA,"10.1016/j.mce.2024.112385",TRUE,FALSE,"Elsevier BV","Molecular and Cellular Endocrinology","0303-7207","0303-7207",NA,"0303-7207","http://creativecommons.org/licenses/by-nc-nd/4.0/",TRUE,"39406287",NA,NA,NA,FALSE,"els2023deal","03s7gtk40_els2023deal_2024"
"Leipzig U",2024,NA,"10.1016/j.psychsport.2024.102682",TRUE,FALSE,"Elsevier BV","Psychology of Sport and Exercise","1469-0292","1469-0292",NA,"1878-5476","http://creativecommons.org/licenses/by-nc/4.0/",TRUE,"38821249",NA,NA,NA,FALSE,"els2023deal","03s7gtk40_els2023deal_2024"
"Leipzig U",2024,NA,"10.1016/j.aanat.2024.152295",TRUE,FALSE,"Elsevier BV","Annals of Anatomy - Anatomischer Anzeiger","0940-9602","0940-9602",NA,"0940-9602","http://creativecommons.org/licenses/by/4.0/",TRUE,"38936746",NA,NA,NA,FALSE,"els2023deal","03s7gtk40_els2023deal_2024"
"Leipzig U",2024,NA,"10.1016/j.clinimag.2024.110303",TRUE,FALSE,"Elsevier BV","Clinical Imaging","0899-7071","0899-7071",NA,"0899-7071","http://creativecommons.org/licenses/by/4.0/",TRUE,"39532042",NA,NA,NA,FALSE,"els2023deal","03s7gtk40_els2023deal_2024"
"Leipzig U",2024,NA,"10.1016/j.beha.2024.101556",TRUE,FALSE,"Elsevier BV","Best Practice & Research Clinical Haematology","1521-6926","1521-6926",NA,"1521-6926","http://creativecommons.org/licenses/by/4.0/",TRUE,"39098798",NA,NA,NA,FALSE,"els2023deal","03s7gtk40_els2023deal_2024"
"Leipzig U",2024,NA,"10.1016/j.dam.2024.06.032",TRUE,FALSE,"Elsevier BV","Discrete Applied Mathematics","0166-218X","0166-218X",NA,"0166-218X","http://creativecommons.org/licenses/by/4.0/",TRUE,NA,NA,NA,NA,FALSE,"els2023deal","03s7gtk40_els2023deal_2024"
"Leipzig U",2024,NA,"10.1016/j.tcs.2024.114599",TRUE,FALSE,"Elsevier BV","Theoretical Computer Science","0304-3975","0304-3975",NA,"0304-3975","http://creativecommons.org/licenses/by-nc-nd/4.0/",TRUE,NA,NA,NA,NA,FALSE,"els2023deal","03s7gtk40_els2023deal_2024"
"Leipzig U",2024,NA,"10.1016/j.bjoms.2024.02.010",TRUE,FALSE,"Elsevier BV","British Journal of Oral and Maxillofacial Surgery","0266-4356","0266-4356",NA,"0266-4356","http://creativecommons.org/licenses/by/4.0/",TRUE,"38627174",NA,NA,NA,FALSE,"els2023deal","03s7gtk40_els2023deal_2024"
"Leipzig U",2024,NA,"10.1016/j.jat.2024.106123",TRUE,FALSE,"Elsevier BV","Journal of Approximation Theory","0021-9045","0021-9045",NA,"0021-9045","http://creativecommons.org/licenses/by/4.0/",TRUE,NA,NA,NA,NA,FALSE,"els2023deal","03s7gtk40_els2023deal_2024"
"Leipzig U",2024,NA,"10.1016/j.kint.2024.06.028",TRUE,FALSE,"Elsevier BV","Kidney International","0085-2538","0085-2538",NA,"0085-2538","http://creativecommons.org/licenses/by/4.0/",TRUE,"39089576",NA,NA,NA,FALSE,"els2023deal","03s7gtk40_els2023deal_2024"
"Leipzig U",2024,NA,"10.1016/j.orcp.2024.06.005",TRUE,FALSE,"Elsevier BV","Obesity Research & Clinical Practice","1871-403X","1871-403X",NA,"1871-403X","http://creativecommons.org/licenses/by-nc/4.0/",TRUE,"38960771",NA,NA,NA,FALSE,"els2023deal","03s7gtk40_els2023deal_2024"
"Leipzig U",2024,NA,"10.1016/j.psychres.2024.116165",TRUE,FALSE,"Elsevier BV","Psychiatry Research","0165-1781","0165-1781",NA,"0165-1781","http://creativecommons.org/licenses/by/4.0/",TRUE,"39316999",NA,NA,NA,FALSE,"els2023deal","03s7gtk40_els2023deal_2024"
"Leipzig U",2024,NA,"10.1016/j.ymgme.2024.108544",TRUE,FALSE,"Elsevier BV","Molecular Genetics and Metabolism","1096-7192","1096-7192",NA,"1096-7192","http://creativecommons.org/licenses/by-nc-nd/4.0/",TRUE,"39059271",NA,NA,NA,FALSE,"els2023deal","03s7gtk40_els2023deal_2024"
"Leipzig U",2024,NA,"10.1016/j.orcp.2024.03.007",TRUE,FALSE,"Elsevier BV","Obesity Research & Clinical Practice","1871-403X","1871-403X",NA,"1871-403X","http://creativecommons.org/licenses/by/4.0/",TRUE,"38582736",NA,NA,NA,FALSE,"els2023deal","03s7gtk40_els2023deal_2024"
"Leipzig U",2024,NA,"10.1016/j.ygyno.2024.02.001",TRUE,FALSE,"Elsevier BV","Gynecologic Oncology","0090-8258","0090-8258",NA,"0090-8258","http://creativecommons.org/licenses/by-nc/4.0/",TRUE,"38342005",NA,NA,NA,FALSE,"els2023deal","03s7gtk40_els2023deal_2024"
"Leipzig U",2024,NA,"10.1016/j.ijrobp.2024.08.038",TRUE,FALSE,"Elsevier BV","International Journal of Radiation Oncology*Biology*Physics","0360-3016","0360-3016",NA,"0360-3016","http://creativecommons.org/licenses/by/4.0/",TRUE,"39222825",NA,NA,NA,FALSE,"els2023deal","03s7gtk40_els2023deal_2024"
"Leipzig U",2024,NA,"10.1016/j.zefq.2024.03.009",TRUE,FALSE,"Elsevier BV","Zeitschrift für Evidenz, Fortbildung und Qualität im Gesundheitswesen","1865-9217","1865-9217",NA,"1865-9217","http://creativecommons.org/licenses/by/4.0/",TRUE,"38658233",NA,NA,NA,FALSE,"els2023deal","03s7gtk40_els2023deal_2024"
"Leipzig U",2024,NA,"10.1016/j.clinbiomech.2024.106235",TRUE,FALSE,"Elsevier BV","Clinical Biomechanics","0268-0033","0268-0033",NA,"0268-0033","http://creativecommons.org/licenses/by/4.0/",TRUE,"38552372",NA,NA,NA,FALSE,"els2023deal","03s7gtk40_els2023deal_2024"
"Leipzig U",2024,NA,"10.1016/j.jcin.2024.03.015",TRUE,FALSE,"Elsevier BV","JACC: Cardiovascular Interventions","1936-8798","1936-8798",NA,"1876-7605","http://creativecommons.org/licenses/by-nc-nd/4.0/",TRUE,"38749594",NA,NA,NA,FALSE,"els2023deal","03s7gtk40_els2023deal_2024"
"Leipzig U",2024,NA,"10.1016/j.transproceed.2024.10.020",TRUE,FALSE,"Elsevier BV","Transplantation Proceedings","0041-1345","0041-1345",NA,"0041-1345","http://creativecommons.org/licenses/by/4.0/",TRUE,"39448275",NA,NA,NA,FALSE,"els2023deal","03s7gtk40_els2023deal_2024"
"Leipzig U",2024,NA,"10.1016/j.ejvs.2024.07.025",TRUE,FALSE,"Elsevier BV","European Journal of Vascular and Endovascular Surgery","1078-5884","1078-5884",NA,"1078-5884","http://creativecommons.org/licenses/by-nc-nd/4.0/",TRUE,"39069069",NA,NA,NA,FALSE,"els2023deal","03s7gtk40_els2023deal_2024"
"Leipzig U",2024,NA,"10.1016/j.jse.2024.07.041",TRUE,FALSE,"Elsevier BV","Journal of Shoulder and Elbow Surgery","1058-2746","1058-2746",NA,"1058-2746","http://creativecommons.org/licenses/by/4.0/",TRUE,"39307386",NA,NA,NA,FALSE,"els2023deal","03s7gtk40_els2023deal_2024"
"Leipzig U",2024,NA,"10.1016/j.jaip.2024.10.015",TRUE,FALSE,"Elsevier BV","The Journal of Allergy and Clinical Immunology: In Practice","2213-2198","2213-2198",NA,"2213-2198","http://creativecommons.org/licenses/by-nc-nd/4.0/",TRUE,"39447838",NA,NA,NA,FALSE,"els2023deal","03s7gtk40_els2023deal_2024"
"Leipzig U",2024,NA,"10.1016/j.cortex.2024.03.016",TRUE,FALSE,"Elsevier BV","Cortex","0010-9452","0010-9452",NA,"0010-9452","http://creativecommons.org/licenses/by/4.0/",TRUE,"38875736",NA,NA,NA,FALSE,"els2023deal","03s7gtk40_els2023deal_2024"
"Leipzig U",2024,NA,"10.1016/j.gim.2024.101326",TRUE,FALSE,"Elsevier BV","Genetics in Medicine","1098-3600","1098-3600",NA,"1098-3600","http://creativecommons.org/licenses/by/4.0/",TRUE,"39540377",NA,NA,NA,FALSE,"els2023deal","03s7gtk40_els2023deal_2024"
"Leipzig U",2024,NA,"10.1016/j.jceh.2024.101434",TRUE,FALSE,"Elsevier BV","Journal of Clinical and Experimental Hepatology","0973-6883","0973-6883",NA,"0973-6883","http://creativecommons.org/licenses/by/4.0/",TRUE,"38962151","PMC11217685",NA,NA,FALSE,"els2023deal","03s7gtk40_els2023deal_2024"
"Leipzig U",2024,NA,"10.1111/ejop.12938",TRUE,FALSE,"Wiley-Blackwell","European Journal of Philosophy","0966-8373","0966-8373","1468-0378","0966-8373","http://creativecommons.org/licenses/by-nc-nd/4.0/",TRUE,NA,NA,NA,NA,FALSE,"wiley2024deal","03s7gtk40_wiley2024deal_2024"
"Leipzig U",2024,NA,"10.1002/oby.24036",TRUE,FALSE,"Wiley-Blackwell","Obesity","1930-7381","1930-7381","1930-739X","1930-7381","http://creativecommons.org/licenses/by-nc-nd/4.0/",TRUE,"38757229",NA,NA,NA,FALSE,"wiley2024deal","03s7gtk40_wiley2024deal_2024"
"Leipzig U",2024,NA,"10.1111/glal.12420",TRUE,FALSE,"Wiley-Blackwell","German Life and Letters","0016-8777","0016-8777","1468-0483","0016-8777","http://creativecommons.org/licenses/by-nc-nd/4.0/",TRUE,NA,NA,NA,NA,FALSE,"wiley2024deal","03s7gtk40_wiley2024deal_2024"
"Leipzig U",2024,NA,"10.1002/cbic.202400695",TRUE,FALSE,"Wiley-Blackwell","ChemBioChem","1439-4227","1439-4227","1439-7633","1439-4227","http://creativecommons.org/licenses/by-nc/4.0/",TRUE,"39424605",NA,NA,NA,FALSE,"wiley2024deal","03s7gtk40_wiley2024deal_2024"
"Leipzig U",2024,NA,"10.1111/spc3.12948",TRUE,FALSE,"Wiley-Blackwell","Social and Personality Psychology Compass","1751-9004","1751-9004","1751-9004","1751-9004","http://creativecommons.org/licenses/by-nc/4.0/",TRUE,NA,NA,NA,NA,FALSE,"wiley2024deal","03s7gtk40_wiley2024deal_2024"
"Leipzig U",2024,NA,"10.1111/tpj.16781",TRUE,FALSE,"Wiley-Blackwell","The Plant Journal","0960-7412","0960-7412","1365-313X","0960-7412","http://creativecommons.org/licenses/by-nc-nd/4.0/",TRUE,"38693717",NA,NA,NA,FALSE,"wiley2024deal","03s7gtk40_wiley2024deal_2024"
"Leipzig U",2024,NA,"10.1111/ejn.16255",TRUE,FALSE,"Wiley-Blackwell","European Journal of Neuroscience","0953-816X","0953-816X","1460-9568","0953-816X","http://creativecommons.org/licenses/by/4.0/",TRUE,"38270331",NA,NA,NA,FALSE,"wiley2024deal","03s7gtk40_wiley2024deal_2024"
"Leipzig U",2024,NA,"10.1111/psyp.14545",TRUE,FALSE,"Wiley-Blackwell","Psychophysiology","0048-5772","0048-5772","1469-8986","0048-5772","http://creativecommons.org/licenses/by/4.0/",TRUE,"38366704",NA,NA,NA,FALSE,"wiley2024deal","03s7gtk40_wiley2024deal_2024"
"Leipzig U",2024,NA,"10.1002/ejhf.3235",TRUE,FALSE,"Oxford University Press (OUP)","European Journal of Heart Failure","1388-9842","1388-9842","1879-0844","1388-9842","http://creativecommons.org/licenses/by-nc-nd/4.0/",TRUE,"38571456",NA,NA,NA,FALSE,"wiley2024deal","03s7gtk40_wiley2024deal_2024"
"Leipzig U",2024,NA,"10.1002/mar.22058",TRUE,FALSE,"Wiley-Blackwell","Psychology & Marketing","0742-6046","0742-6046","1520-6793","0742-6046","http://creativecommons.org/licenses/by/4.0/",TRUE,NA,NA,NA,NA,FALSE,"wiley2024deal","03s7gtk40_wiley2024deal_2024"
"Leipzig U",2024,NA,"10.1111/all.16025",TRUE,FALSE,"Wiley-Blackwell","Allergy","0105-4538","0105-4538","1398-9995","0105-4538","http://creativecommons.org/licenses/by-nc/4.0/",TRUE,"38234010",NA,NA,NA,FALSE,"wiley2024deal","03s7gtk40_wiley2024deal_2024"
"Leipzig U",2024,NA,"10.1002/pro.5100",TRUE,FALSE,"Wiley-Blackwell","Protein Science","0961-8368","0961-8368","1469-896X","0961-8368","http://creativecommons.org/licenses/by-nc/4.0/",TRUE,"39022909","PMC11255601",NA,NA,FALSE,"wiley2024deal","03s7gtk40_wiley2024deal_2024"
"Leipzig U",2024,NA,"10.1111/jce.16539",TRUE,FALSE,"Wiley-Blackwell","Journal of Cardiovascular Electrophysiology","1045-3873","1045-3873","1540-8167","1045-3873","http://creativecommons.org/licenses/by/4.0/",TRUE,"39686688","PMC11837875",NA,NA,FALSE,"wiley2024deal","03s7gtk40_wiley2024deal_2024"
"Leipzig U",2024,NA,"10.1111/ter.12744",TRUE,FALSE,"Wiley-Blackwell","Terra Nova","0954-4879","0954-4879","1365-3121","0954-4879","http://creativecommons.org/licenses/by-nc/4.0/",TRUE,NA,NA,NA,NA,FALSE,"wiley2024deal","03s7gtk40_wiley2024deal_2024"
"Leipzig U",2024,NA,"10.1002/vetr.4069",TRUE,FALSE,"Wiley-Blackwell","Veterinary Record","0042-4900","0042-4900","2042-7670","0042-4900","http://creativecommons.org/licenses/by-nc-nd/4.0/",TRUE,"38578296",NA,NA,NA,FALSE,"wiley2024deal","03s7gtk40_wiley2024deal_2024"
"Leipzig U",2024,NA,"10.1111/sltb.13117",TRUE,FALSE,"Wiley-Blackwell","Suicide and Life-Threatening Behavior","0363-0234","0363-0234","1943-278X","0363-0234","http://creativecommons.org/licenses/by-nc/4.0/",TRUE,"39023190","PMC11629603",NA,NA,FALSE,"wiley2024deal","03s7gtk40_wiley2024deal_2024"
"Leipzig U",2024,NA,"10.1002/cmdc.202400006",TRUE,FALSE,"Wiley-Blackwell","ChemMedChem","1860-7179","1860-7179","1860-7187","1860-7179","http://creativecommons.org/licenses/by-nc-nd/4.0/",TRUE,"38642018",NA,NA,NA,FALSE,"wiley2024deal","03s7gtk40_wiley2024deal_2024"
"Leipzig U",2024,NA,"10.1111/eve.14070",TRUE,FALSE,"Wiley-Blackwell","Equine Veterinary Education","0957-7734","0957-7734","2042-3292","0957-7734","http://creativecommons.org/licenses/by/4.0/",TRUE,NA,NA,NA,NA,FALSE,"wiley2024deal","03s7gtk40_wiley2024deal_2024"
"Leipzig U",2024,NA,"10.1111/opo.13393",TRUE,FALSE,"Springer Nature","Ophthalmic and Physiological Optics","0275-5408","0275-5408","1475-1313","0275-5408","http://creativecommons.org/licenses/by-nc-nd/4.0/",TRUE,"39579005","PMC11629856",NA,NA,FALSE,"wiley2024deal","03s7gtk40_wiley2024deal_2024"
"Leipzig U",2024,NA,"10.1111/opo.13392",TRUE,FALSE,"Springer Nature","Ophthalmic and Physiological Optics","0275-5408","0275-5408","1475-1313","0275-5408","http://creativecommons.org/licenses/by-nc-nd/4.0/",TRUE,"39579003","PMC11629861",NA,NA,FALSE,"wiley2024deal","03s7gtk40_wiley2024deal_2024"
"Leipzig U",2024,NA,"10.1111/1365-2745.14360",TRUE,FALSE,"Wiley-Blackwell","Journal of Ecology","0022-0477","0022-0477","1365-2745","0022-0477","http://creativecommons.org/licenses/by/4.0/",TRUE,NA,NA,NA,NA,FALSE,"wiley2024deal","03s7gtk40_wiley2024deal_2024"
"Leipzig U",2024,NA,"10.1111/bjso.12811",TRUE,FALSE,"Wiley-Blackwell","British Journal of Social Psychology","0144-6665","0144-6665","2044-8309","0144-6665","http://creativecommons.org/licenses/by/4.0/",TRUE,"39548710","PMC11590046",NA,NA,FALSE,"wiley2024deal","03s7gtk40_wiley2024deal_2024"
"Leipzig U",2024,NA,"10.1002/cplu.202300759",TRUE,FALSE,"Wiley-Blackwell","ChemPlusChem","2192-6506","2192-6506","2192-6506","2192-6506","http://creativecommons.org/licenses/by-nc-nd/4.0/",TRUE,"38263504",NA,NA,NA,FALSE,"wiley2024deal","03s7gtk40_wiley2024deal_2024"
"Leipzig U",2024,NA,"10.1111/opo.13376",TRUE,FALSE,"Springer Nature","Ophthalmic and Physiological Optics","0275-5408","0275-5408","1475-1313","0275-5408","http://creativecommons.org/licenses/by-nc-nd/4.0/",TRUE,"39137249",NA,NA,NA,FALSE,"wiley2024deal","03s7gtk40_wiley2024deal_2024"
"Leipzig U",2024,NA,"10.1111/1365-2745.14340",TRUE,FALSE,"Wiley-Blackwell","Journal of Ecology","0022-0477","0022-0477","1365-2745","0022-0477","http://creativecommons.org/licenses/by-nc/4.0/",TRUE,NA,NA,NA,NA,FALSE,"wiley2024deal","03s7gtk40_wiley2024deal_2024"
"Leipzig U",2024,NA,"10.1002/anie.202417786",TRUE,FALSE,"Wiley-Blackwell","Angewandte Chemie International Edition","1433-7851","1433-7851","1521-3773","1433-7851","http://creativecommons.org/licenses/by-nc/4.0/",TRUE,"39641914",NA,NA,NA,FALSE,"wiley2024deal","03s7gtk40_wiley2024deal_2024"
"Leipzig U",2024,NA,"10.1002/anie.202417889",TRUE,FALSE,"Wiley-Blackwell","Angewandte Chemie International Edition","1433-7851","1433-7851","1521-3773","1433-7851","http://creativecommons.org/licenses/by-nc-nd/4.0/",TRUE,"39564991",NA,NA,NA,FALSE,"wiley2024deal","03s7gtk40_wiley2024deal_2024"
"Leipzig U",2024,NA,"10.1002/ange.202417889",TRUE,FALSE,"Wiley-Blackwell","Angewandte Chemie","0044-8249","0044-8249","1521-3757","0044-8249","http://creativecommons.org/licenses/by-nc-nd/4.0/",TRUE,NA,NA,NA,NA,FALSE,"wiley2024deal","03s7gtk40_wiley2024deal_2024"
"Leipzig U",2024,NA,"10.1002/adfm.202316260",TRUE,FALSE,"Wiley-Blackwell","Advanced Functional Materials","1616-301X","1616-301X","1616-3028","1616-301X","http://creativecommons.org/licenses/by-nc/4.0/",TRUE,NA,NA,NA,NA,FALSE,"wiley2024deal","03s7gtk40_wiley2024deal_2024"
"Leipzig U",2024,NA,"10.1002/cbic.202300857",TRUE,FALSE,"Wiley-Blackwell","ChemBioChem","1439-4227","1439-4227","1439-7633","1439-4227","http://creativecommons.org/licenses/by-nc/4.0/",TRUE,"38206088",NA,NA,NA,FALSE,"wiley2024deal","03s7gtk40_wiley2024deal_2024"
"Leipzig U",2024,NA,"10.1002/ejhf.3195",TRUE,FALSE,"Oxford University Press (OUP)","European Journal of Heart Failure","1388-9842","1388-9842","1879-0844","1388-9842","http://creativecommons.org/licenses/by-nc/4.0/",TRUE,"38462987",NA,NA,NA,FALSE,"wiley2024deal","03s7gtk40_wiley2024deal_2024"
"Leipzig U",2024,NA,"10.1111/psyp.14707",TRUE,FALSE,"Wiley-Blackwell","Psychophysiology","0048-5772","0048-5772","1469-8986","0048-5772","http://creativecommons.org/licenses/by-nc/4.0/",TRUE,"39380314","PMC11579237",NA,NA,FALSE,"wiley2024deal","03s7gtk40_wiley2024deal_2024"
"Leipzig U",2024,NA,"10.1029/2024ja032999",TRUE,FALSE,"American Geophysical Union (AGU)","Journal of Geophysical Research: Space Physics","2169-9380","2169-9380","2169-9402","2169-9380","http://creativecommons.org/licenses/by/4.0/",TRUE,NA,NA,NA,NA,FALSE,"wiley2024deal","03s7gtk40_wiley2024deal_2024"
"Leipzig U",2024,NA,"10.1002/cite.202400099",TRUE,FALSE,"Wiley-Blackwell","Chemie Ingenieur Technik","0009-286X","0009-286X","1522-2640","0009-286X","http://creativecommons.org/licenses/by-nc-nd/4.0/",TRUE,NA,NA,NA,NA,FALSE,"wiley2024deal","03s7gtk40_wiley2024deal_2024"
"Leipzig U",2024,NA,"10.1111/jnc.16211",TRUE,FALSE,"Wiley-Blackwell","Journal of Neurochemistry","0022-3042","0022-3042","1471-4159","0022-3042","http://creativecommons.org/licenses/by-nc/4.0/",TRUE,"39175305","PMC11657920",NA,NA,FALSE,"wiley2024deal","03s7gtk40_wiley2024deal_2024"
"Leipzig U",2024,NA,"10.1111/jori.12472",TRUE,FALSE,"Wiley-Blackwell","Journal of Risk and Insurance","0022-4367","0022-4367","1539-6975","0022-4367","http://creativecommons.org/licenses/by-nc-nd/4.0/",TRUE,NA,NA,NA,NA,FALSE,"wiley2024deal","03s7gtk40_wiley2024deal_2024"
"Leipzig U",2024,NA,"10.1002/ejic.202300751",TRUE,FALSE,"Wiley-Blackwell","European Journal of Inorganic Chemistry","1434-1948","1434-1948","1099-0682","1434-1948","http://creativecommons.org/licenses/by/4.0/",TRUE,NA,NA,NA,NA,FALSE,"wiley2024deal","03s7gtk40_wiley2024deal_2024"
"Leipzig U",2024,NA,"10.1111/weng.12689",TRUE,FALSE,"Wiley-Blackwell","World Englishes","0883-2919","0883-2919","1467-971X","0883-2919","http://creativecommons.org/licenses/by-nc/4.0/",TRUE,NA,NA,NA,NA,FALSE,"wiley2024deal","03s7gtk40_wiley2024deal_2024"
"Leipzig U",2024,NA,"10.1002/tie.22397",TRUE,FALSE,"Wiley-Blackwell","Thunderbird International Business Review","1096-4762","1096-4762","1520-6874","1096-4762","http://creativecommons.org/licenses/by/4.0/",TRUE,NA,NA,NA,NA,FALSE,"wiley2024deal","03s7gtk40_wiley2024deal_2024"
"Leipzig U",2024,NA,"10.1002/qute.202400237",TRUE,FALSE,"Wiley-Blackwell","Advanced Quantum Technologies","2511-9044","2511-9044","2511-9044","2511-9044","http://creativecommons.org/licenses/by-nc/4.0/",TRUE,NA,NA,NA,NA,FALSE,"wiley2024deal","03s7gtk40_wiley2024deal_2024"
"Leipzig U",2024,NA,"10.1002/pssa.202400457",TRUE,FALSE,"Wiley-Blackwell","physica status solidi (a)","1862-6300","1862-6300","1862-6319","1862-6300","http://creativecommons.org/licenses/by/4.0/",TRUE,NA,NA,NA,NA,FALSE,"wiley2024deal","03s7gtk40_wiley2024deal_2024"
"Leipzig U",2024,NA,"10.1002/pro.4908",TRUE,FALSE,"Wiley-Blackwell","Protein Science","0961-8368","0961-8368","1469-896X","0961-8368","http://creativecommons.org/licenses/by/4.0/",TRUE,"38358133","PMC10868433",NA,NA,FALSE,"wiley2024deal","03s7gtk40_wiley2024deal_2024"
"Leipzig U",2024,NA,"10.1002/cite.202400112",TRUE,FALSE,"Wiley-Blackwell","Chemie Ingenieur Technik","0009-286X","0009-286X","1522-2640","0009-286X","http://creativecommons.org/licenses/by-nc-nd/4.0/",TRUE,NA,NA,NA,NA,FALSE,"wiley2024deal","03s7gtk40_wiley2024deal_2024"
"Leipzig U",2024,NA,"10.1111/nph.19889",TRUE,FALSE,"Wiley-Blackwell","New Phytologist","0028-646X","0028-646X","1469-8137","0028-646X","http://creativecommons.org/licenses/by/4.0/",TRUE,"38855965",NA,NA,NA,FALSE,"wiley2024deal","03s7gtk40_wiley2024deal_2024"
"Leipzig U",2024,NA,"10.1111/nph.19732",TRUE,FALSE,"Wiley-Blackwell","New Phytologist","0028-646X","0028-646X","1469-8137","0028-646X","http://creativecommons.org/licenses/by/4.0/",TRUE,"38594212",NA,NA,NA,FALSE,"wiley2024deal","03s7gtk40_wiley2024deal_2024"
"Leipzig U",2024,NA,"10.1111/jbi.14824",TRUE,FALSE,"Wiley-Blackwell","Journal of Biogeography","0305-0270","0305-0270","1365-2699","0305-0270","http://creativecommons.org/licenses/by/4.0/",TRUE,NA,NA,NA,NA,FALSE,"wiley2024deal","03s7gtk40_wiley2024deal_2024"
"Leipzig U",2024,NA,"10.1002/adbi.202400243",TRUE,FALSE,"Wiley-Blackwell","Advanced Biology","2701-0198","2701-0198","2701-0198","2701-0198","http://creativecommons.org/licenses/by/4.0/",TRUE,"39377190","PMC11830429",NA,NA,FALSE,"wiley2024deal","03s7gtk40_wiley2024deal_2024"
"Leipzig U",2024,NA,"10.1002/cphc.202300975",TRUE,FALSE,"Wiley-Blackwell","ChemPhysChem","1439-4235","1439-4235","1439-7641","1439-4235","http://creativecommons.org/licenses/by/4.0/",TRUE,"38418402",NA,NA,NA,FALSE,"wiley2024deal","03s7gtk40_wiley2024deal_2024"
"Leipzig U",2024,NA,"10.1002/prop.202300266",TRUE,FALSE,"Wiley-Blackwell","Fortschritte der Physik","0015-8208","0015-8208","1521-3978","0015-8208","http://creativecommons.org/licenses/by/4.0/",TRUE,NA,NA,NA,NA,FALSE,"wiley2024deal","03s7gtk40_wiley2024deal_2024"
"Leipzig U",2024,NA,"10.1111/eve.14035",TRUE,FALSE,"Wiley-Blackwell","Equine Veterinary Education","0957-7734","0957-7734","2042-3292","0957-7734","http://creativecommons.org/licenses/by-nc-nd/4.0/",TRUE,NA,NA,NA,NA,FALSE,"wiley2024deal","03s7gtk40_wiley2024deal_2024"
"Leipzig U",2024,NA,"10.1111/cob.12672",TRUE,FALSE,"Wiley-Blackwell","Clinical Obesity","1758-8103","1758-8103","1758-8111","1758-8103","http://creativecommons.org/licenses/by-nc-nd/4.0/",TRUE,"38714352",NA,NA,NA,FALSE,"wiley2024deal","03s7gtk40_wiley2024deal_2024"
"Leipzig U",2024,NA,"10.1002/adma.202312898",TRUE,FALSE,"Wiley-Blackwell","Advanced Materials","0935-9648","0935-9648","1521-4095","0935-9648","http://creativecommons.org/licenses/by-nc-nd/4.0/",TRUE,"38456771",NA,NA,NA,FALSE,"wiley2024deal","03s7gtk40_wiley2024deal_2024"
"Leipzig U",2024,NA,"10.1111/gcb.17225",TRUE,FALSE,"Wiley-Blackwell","Global Change Biology","1354-1013","1354-1013","1365-2486","1354-1013","http://creativecommons.org/licenses/by-nc/4.0/",TRUE,"38462708",NA,NA,NA,FALSE,"wiley2024deal","03s7gtk40_wiley2024deal_2024"
"Leipzig U",2024,NA,"10.1111/ele.70032",TRUE,FALSE,"Wiley-Blackwell","Ecology Letters","1461-023X","1461-023X","1461-0248","1461-023X","http://creativecommons.org/licenses/by/4.0/",TRUE,"39737799","PMC11687415",NA,NA,FALSE,"wiley2024deal","03s7gtk40_wiley2024deal_2024"
"Leipzig U",2024,NA,"10.1111/ejed.12879",TRUE,FALSE,"Wiley-Blackwell","European Journal of Education","0141-8211","0141-8211","1465-3435","0141-8211","http://creativecommons.org/licenses/by/4.0/",TRUE,NA,NA,NA,NA,FALSE,"wiley2024deal","03s7gtk40_wiley2024deal_2024"
"Leipzig U",2024,NA,"10.1111/ejop.12999",TRUE,FALSE,"Wiley-Blackwell","European Journal of Philosophy","0966-8373","0966-8373","1468-0378","0966-8373","http://creativecommons.org/licenses/by-nc/4.0/",TRUE,NA,NA,NA,NA,FALSE,"wiley2024deal","03s7gtk40_wiley2024deal_2024"
"Leipzig U",2024,NA,"10.1002/jmv.29744",TRUE,FALSE,"Wiley-Blackwell","Journal of Medical Virology","0146-6615","0146-6615","1096-9071","0146-6615","http://creativecommons.org/licenses/by/4.0/",TRUE,"38874258",NA,NA,NA,FALSE,"wiley2024deal","03s7gtk40_wiley2024deal_2024"
"Leipzig U",2024,NA,"10.1111/opo.13412",TRUE,FALSE,"Springer Nature","Ophthalmic and Physiological Optics","0275-5408","0275-5408","1475-1313","0275-5408","http://creativecommons.org/licenses/by-nc-nd/4.0/",TRUE,"39503256","PMC11629860",NA,NA,FALSE,"wiley2024deal","03s7gtk40_wiley2024deal_2024"
"Leipzig U",2024,NA,"10.1002/cphc.202400453",TRUE,FALSE,"Wiley-Blackwell","ChemPhysChem","1439-4235","1439-4235","1439-7641","1439-4235","http://creativecommons.org/licenses/by/4.0/",TRUE,"39382835","PMC11733413",NA,NA,FALSE,"wiley2024deal","03s7gtk40_wiley2024deal_2024"
"Leipzig U",2024,NA,"10.1002/cctc.202400977",TRUE,FALSE,"Wiley-Blackwell","ChemCatChem","1867-3880","1867-3880","1867-3899","1867-3880","http://creativecommons.org/licenses/by/4.0/",TRUE,NA,NA,NA,NA,FALSE,"wiley2024deal","03s7gtk40_wiley2024deal_2024"
"Leipzig U",2024,NA,"10.1002/ajp.23611",TRUE,FALSE,"Wiley-Blackwell","American Journal of Primatology","0275-2565","0275-2565","1098-2345","0275-2565","http://creativecommons.org/licenses/by-nc/4.0/",TRUE,"38409866",NA,NA,NA,FALSE,"wiley2024deal","03s7gtk40_wiley2024deal_2024"
"Leipzig U",2024,NA,"10.1111/apt.18424",TRUE,FALSE,"Wiley-Blackwell","Alimentary Pharmacology & Therapeutics","0269-2813","0269-2813","1365-2036","0269-2813","http://creativecommons.org/licenses/by-nc/4.0/",TRUE,"39628411","PMC11754924",NA,NA,FALSE,"wiley2024deal","03s7gtk40_wiley2024deal_2024"
"Leipzig U",2024,NA,"10.1111/ejn.16393",TRUE,FALSE,"Wiley-Blackwell","European Journal of Neuroscience","0953-816X","0953-816X","1460-9568","0953-816X","http://creativecommons.org/licenses/by/4.0/",TRUE,"38764129",NA,NA,NA,FALSE,"wiley2024deal","03s7gtk40_wiley2024deal_2024"
"Leipzig U",2024,NA,"10.1111/gcb.17554",TRUE,FALSE,"Wiley-Blackwell","Global Change Biology","1354-1013","1354-1013","1365-2486","1354-1013","http://creativecommons.org/licenses/by-nc-nd/4.0/",TRUE,"39545329",NA,NA,NA,FALSE,"wiley2024deal","03s7gtk40_wiley2024deal_2024"
"Leipzig U",2024,NA,"10.1002/psc.3611",TRUE,FALSE,"Wiley-Blackwell","Journal of Peptide Science","1075-2617","1075-2617","1099-1387","1075-2617","http://creativecommons.org/licenses/by-nc/4.0/",TRUE,"38714526",NA,NA,NA,FALSE,"wiley2024deal","03s7gtk40_wiley2024deal_2024"
"Leipzig U",2024,NA,"10.1111/bld.12623",TRUE,FALSE,"Wiley-Blackwell","British Journal of Learning Disabilities","1354-4187","1354-4187","1468-3156","1354-4187","http://creativecommons.org/licenses/by-nc/4.0/",TRUE,NA,NA,NA,NA,FALSE,"wiley2024deal","03s7gtk40_wiley2024deal_2024"
"Leipzig U",2024,NA,"10.1111/trf.17974",TRUE,FALSE,"Wiley-Blackwell","Transfusion","0041-1132","0041-1132","1537-2995","0041-1132","http://creativecommons.org/licenses/by-nc-nd/4.0/",TRUE,"39165067",NA,NA,NA,FALSE,"wiley2024deal","03s7gtk40_wiley2024deal_2024"
"Leipzig U",2024,NA,"10.1111/1365-2435.14544",TRUE,FALSE,"Wiley-Blackwell","Functional Ecology","0269-8463","0269-8463","1365-2435","0269-8463","http://creativecommons.org/licenses/by-nc/4.0/",TRUE,NA,NA,NA,NA,TRUE,"wiley2024deal","03s7gtk40_wiley2024deal_2024"
"Leipzig U",2024,NA,"10.1111/ejop.12952",TRUE,FALSE,"Wiley-Blackwell","European Journal of Philosophy","0966-8373","0966-8373","1468-0378","0966-8373","http://creativecommons.org/licenses/by-nc-nd/4.0/",TRUE,NA,NA,NA,NA,FALSE,"wiley2024deal","03s7gtk40_wiley2024deal_2024"
"Leipzig U",2024,NA,"10.1002/ecy.4321",TRUE,FALSE,"Wiley-Blackwell","Ecology","0012-9658","0012-9658","1939-9170","0012-9658","http://creativecommons.org/licenses/by/4.0/",TRUE,"38763891",NA,NA,NA,FALSE,"wiley2024deal","03s7gtk40_wiley2024deal_2024"
"Leipzig U",2024,NA,"10.1002/ejoc.202400560",TRUE,FALSE,"Wiley-Blackwell","European Journal of Organic Chemistry","1434-193X","1434-193X","1099-0690","1099-0690","http://creativecommons.org/licenses/by-nc/4.0/",TRUE,NA,NA,NA,NA,FALSE,"wiley2024deal","03s7gtk40_wiley2024deal_2024"
"Leipzig U",2024,NA,"10.1002/nbm.5170",TRUE,FALSE,"Wiley-Blackwell","NMR in Biomedicine","0952-3480","0952-3480","1099-1492","0952-3480","http://creativecommons.org/licenses/by-nc-nd/4.0/",TRUE,"38742727",NA,NA,NA,FALSE,"wiley2024deal","03s7gtk40_wiley2024deal_2024"
"Leipzig U",2024,NA,"10.1002/cssc.202400198",TRUE,FALSE,"Wiley-Blackwell","ChemSusChem","1864-5631","1864-5631","1864-564X","1864-5631","http://creativecommons.org/licenses/by/4.0/",TRUE,"39079047",NA,NA,NA,FALSE,"wiley2024deal","03s7gtk40_wiley2024deal_2024"
"Leipzig U",2024,NA,"10.1111/dom.15767",TRUE,FALSE,"Wiley-Blackwell","Diabetes, Obesity and Metabolism","1462-8902","1462-8902","1463-1326","1462-8902","http://creativecommons.org/licenses/by-nc-nd/4.0/",TRUE,"39014526",NA,NA,NA,FALSE,"wiley2024deal","03s7gtk40_wiley2024deal_2024"
"Leipzig U",2024,NA,"10.1111/1365-2745.14400",TRUE,FALSE,"Wiley-Blackwell","Journal of Ecology","0022-0477","0022-0477","1365-2745","0022-0477","http://creativecommons.org/licenses/by-nc-nd/4.0/",TRUE,NA,NA,NA,NA,FALSE,"wiley2024deal","03s7gtk40_wiley2024deal_2024"
"Leipzig U",2024,NA,"10.1111/ddg.15523",TRUE,FALSE,"Wiley-Blackwell","JDDG: Journal der Deutschen Dermatologischen Gesellschaft","1610-0379","1610-0379","1610-0387","1610-0379","http://onlinelibrary.wiley.com/termsAndConditions#vor",TRUE,"39324227",NA,NA,NA,FALSE,"wiley2024deal","03s7gtk40_wiley2024deal_2024"
"Leipzig U",2024,NA,"10.1002/art.42960",TRUE,FALSE,"Wiley-Blackwell","Arthritis & Rheumatology","2326-5191","2326-5191","2326-5205","2326-5191","http://creativecommons.org/licenses/by-nc-nd/4.0/",TRUE,"39054665","PMC11605268",NA,NA,FALSE,"wiley2024deal","03s7gtk40_wiley2024deal_2024"
"Leipzig U",2024,NA,"10.1111/ddg.15551",TRUE,FALSE,"Wiley-Blackwell","JDDG: Journal der Deutschen Dermatologischen Gesellschaft","1610-0379","1610-0379","1610-0387","1610-0379","http://creativecommons.org/licenses/by-nc/4.0/",TRUE,"39491790","PMC11712007",NA,NA,FALSE,"wiley2024deal","03s7gtk40_wiley2024deal_2024"
"Leipzig U",2024,NA,"10.1111/ijlh.14300",TRUE,FALSE,"Wiley-Blackwell","International Journal of Laboratory Hematology","1751-5521","1751-5521","1751-553X","1751-5521","http://creativecommons.org/licenses/by-nc-nd/4.0/",TRUE,"38721750",NA,NA,NA,FALSE,"wiley2024deal","03s7gtk40_wiley2024deal_2024"
"Leipzig U",2024,NA,"10.1111/hae.15069",TRUE,FALSE,"Wiley-Blackwell","Haemophilia","1351-8216","1351-8216","1365-2516","1351-8216","http://creativecommons.org/licenses/by/4.0/",TRUE,"38924184",NA,NA,NA,FALSE,"wiley2024deal","03s7gtk40_wiley2024deal_2024"
"Leipzig U",2024,NA,"10.1111/ejh.14285",TRUE,FALSE,"Wiley-Blackwell","European Journal of Haematology","0902-4441","0902-4441","1600-0609","0902-4441","http://creativecommons.org/licenses/by-nc-nd/4.0/",TRUE,"39090028",NA,NA,NA,FALSE,"wiley2024deal","03s7gtk40_wiley2024deal_2024"
"Leipzig U",2024,NA,"10.1111/ddg.15366",TRUE,FALSE,"Wiley-Blackwell","JDDG: Journal der Deutschen Dermatologischen Gesellschaft","1610-0379","1610-0379","1610-0387","1610-0379","http://creativecommons.org/licenses/by-nc-nd/4.0/",TRUE,"38476089",NA,NA,NA,FALSE,"wiley2024deal","03s7gtk40_wiley2024deal_2024"
"Leipzig U",2024,NA,"10.1111/liv.15956",TRUE,FALSE,"Wiley-Blackwell","Liver International","1478-3223","1478-3223","1478-3231","1478-3223","http://creativecommons.org/licenses/by-nc-nd/4.0/",TRUE,"38702958",NA,NA,NA,FALSE,"wiley2024deal","03s7gtk40_wiley2024deal_2024"
"Leipzig U",2024,NA,"10.1111/cobi.14187",TRUE,FALSE,"Wiley-Blackwell","Conservation Biology","0888-8892","0888-8892","1523-1739","0888-8892","http://creativecommons.org/licenses/by/4.0/",TRUE,"37768192",NA,NA,NA,FALSE,"wiley2024deal","03s7gtk40_wiley2024deal_2024"
"Leipzig U",2024,NA,"10.1038/s41437-024-00710-4",TRUE,FALSE,"Springer Nature","Heredity","0018-067X","0018-067X","1365-2540","0018-067X","https://creativecommons.org/licenses/by/4.0",TRUE,"39223228","PMC11436998",NA,NA,FALSE,"sn2024deal","03s7gtk40_sn2024deal_2024"
"Leipzig U",2024,NA,"10.1007/s11616-024-00833-y",TRUE,FALSE,"Springer Nature","Publizistik","0033-4006","0033-4006","1862-2569","0033-4006","https://creativecommons.org/licenses/by/4.0",TRUE,NA,NA,NA,NA,FALSE,"sn2024deal","03s7gtk40_sn2024deal_2024"
"Leipzig U",2024,NA,"10.1007/s00204-024-03943-8",TRUE,FALSE,"Springer Nature","Archives of Toxicology","0340-5761","0340-5761","1432-0738","0340-5761","https://creativecommons.org/licenses/by/4.0",TRUE,"39710784","PMC11821741",NA,NA,FALSE,"sn2024deal","03s7gtk40_sn2024deal_2024"
"Leipzig U",2024,NA,"10.1007/s00228-024-03682-w",TRUE,FALSE,"Springer Nature","European Journal of Clinical Pharmacology","0031-6970","0031-6970","1432-1041","0031-6970","https://creativecommons.org/licenses/by/4.0",TRUE,"38656416","PMC11226484",NA,NA,FALSE,"sn2024deal","03s7gtk40_sn2024deal_2024"
"Leipzig U",2024,NA,"10.1007/s11785-024-01513-5",TRUE,FALSE,"Springer Nature","Complex Analysis and Operator Theory","1661-8254","1661-8254","1661-8262","1661-8254","https://creativecommons.org/licenses/by/4.0",TRUE,NA,NA,NA,NA,FALSE,"sn2024deal","03s7gtk40_sn2024deal_2024"
"Leipzig U",2024,NA,"10.1007/s00247-024-05919-3",TRUE,FALSE,"Springer Nature","Pediatric Radiology","1432-1998",NA,"1432-1998","0301-0449","https://creativecommons.org/licenses/by/4.0",TRUE,"38687346","PMC11182802",NA,NA,FALSE,"sn2024deal","03s7gtk40_sn2024deal_2024"
"Leipzig U",2024,NA,"10.1007/s12144-023-05525-w",TRUE,FALSE,"Springer Nature","Current Psychology","1046-1310","1046-1310","1936-4733","1046-1310","https://creativecommons.org/licenses/by/4.0",TRUE,NA,NA,NA,NA,FALSE,"sn2024deal","03s7gtk40_sn2024deal_2024"
"Leipzig U",2024,NA,"10.1007/s00404-024-07487-1",TRUE,FALSE,"Springer Nature","Archives of Gynecology and Obstetrics","1432-0711",NA,"1432-0711","0932-0067","https://creativecommons.org/licenses/by/4.0",TRUE,"38609672","PMC11169002",NA,NA,TRUE,"sn2024deal","03s7gtk40_sn2024deal_2024"
"Leipzig U",2024,NA,"10.1007/s40290-024-00519-w",TRUE,FALSE,"Springer Nature","Pharmaceutical Medicine","1178-2595","1178-2595","1179-1993","1178-2595","https://creativecommons.org/licenses/by-nc/4.0",TRUE,"38555544","PMC11101375",NA,NA,FALSE,"sn2024deal","03s7gtk40_sn2024deal_2024"
"Leipzig U",2024,NA,"10.1007/s00439-024-02687-w",TRUE,FALSE,"Springer Nature","Human Genetics","0340-6717","0340-6717","1432-1203","0340-6717","https://creativecommons.org/licenses/by/4.0",TRUE,"39012485","PMC11303498",NA,NA,FALSE,"sn2024deal","03s7gtk40_sn2024deal_2024"
"Leipzig U",2024,NA,"10.1007/s00371-024-03435-x",TRUE,FALSE,"Springer Nature","The Visual Computer","0178-2789","0178-2789","1432-2315","0178-2789","https://creativecommons.org/licenses/by/4.0",TRUE,NA,NA,NA,NA,FALSE,"sn2024deal","03s7gtk40_sn2024deal_2024"
"Leipzig U",2024,NA,"10.1007/s12104-024-10171-9",TRUE,FALSE,"Springer Nature","Biomolecular NMR Assignments","1874-2718","1874-2718","1874-270X","1874-270X","https://creativecommons.org/licenses/by/4.0",TRUE,"38564159","PMC11081974",NA,NA,FALSE,"sn2024deal","03s7gtk40_sn2024deal_2024"
"Leipzig U",2024,NA,"10.1007/s42761-024-00244-2",TRUE,FALSE,"Springer Nature","Affective Science","2662-2041","2662-2041","2662-205X","2662-2041","https://creativecommons.org/licenses/by/4.0",TRUE,"39649468","PMC11624169",NA,NA,FALSE,"sn2024deal","03s7gtk40_sn2024deal_2024"
"Leipzig U",2024,NA,"10.1007/s00784-024-05804-1",TRUE,FALSE,"Springer Nature","Clinical Oral Investigations","1436-3771",NA,"1436-3771","1432-6981","https://creativecommons.org/licenses/by/4.0",TRUE,"39001891","PMC11246268",NA,NA,FALSE,"sn2024deal","03s7gtk40_sn2024deal_2024"
"Leipzig U",2024,NA,"10.1007/s12268-024-2224-8",TRUE,FALSE,"Springer Nature","BIOspektrum","0947-0867","0947-0867","1868-6249","0947-0867","https://creativecommons.org/licenses/by/4.0",TRUE,NA,NA,NA,NA,FALSE,"sn2024deal","03s7gtk40_sn2024deal_2024"
"Leipzig U",2024,NA,"10.1057/s41294-023-00230-w",TRUE,FALSE,"Springer Nature","Comparative Economic Studies","0888-7233","0888-7233","1478-3320","0888-7233","https://creativecommons.org/licenses/by/4.0",TRUE,NA,NA,NA,NA,FALSE,"sn2024deal","03s7gtk40_sn2024deal_2024"
"Leipzig U",2024,NA,"10.1007/s00127-024-02660-y",TRUE,FALSE,"Springer Nature","Social Psychiatry and Psychiatric Epidemiology","0933-7954","0933-7954","1433-9285","0933-7954","https://creativecommons.org/licenses/by/4.0",TRUE,"38583103","PMC11481663",NA,NA,FALSE,"sn2024deal","03s7gtk40_sn2024deal_2024"
"Leipzig U",2024,NA,"10.1007/s00586-024-08520-2",TRUE,FALSE,"Springer Nature","European Spine Journal","0940-6719","0940-6719","1432-0932","0940-6719","https://creativecommons.org/licenses/by/4.0",TRUE,"39436426",NA,NA,NA,FALSE,"sn2024deal","03s7gtk40_sn2024deal_2024"
"Leipzig U",2024,NA,"10.1007/s11238-024-09980-0",TRUE,FALSE,"Springer Nature","Theory and Decision","0040-5833","0040-5833","1573-7187","0040-5833","https://creativecommons.org/licenses/by/4.0",TRUE,NA,NA,NA,NA,FALSE,"sn2024deal","03s7gtk40_sn2024deal_2024"
"Leipzig U",2024,NA,"10.1007/s40653-024-00638-1",TRUE,FALSE,"Springer Nature","Journal of Child & Adolescent Trauma","1936-1521","1936-1521","1936-153X","1936-1521","https://creativecommons.org/licenses/by/4.0",TRUE,"39686936","PMC11646244",NA,NA,FALSE,"sn2024deal","03s7gtk40_sn2024deal_2024"
"Leipzig U",2024,NA,"10.1007/s00406-023-01737-0",TRUE,FALSE,"Springer Nature","European Archives of Psychiatry and Clinical Neuroscience","0940-1334","0940-1334","1433-8491","0940-1334","https://creativecommons.org/licenses/by/4.0",TRUE,"38233638","PMC12904865",NA,NA,FALSE,"sn2024deal","03s7gtk40_sn2024deal_2024"
"Leipzig U",2024,NA,"10.1007/s11786-024-00593-y",TRUE,FALSE,"Springer Nature","Mathematics in Computer Science","1661-8270","1661-8270","1661-8289","1661-8270","https://creativecommons.org/licenses/by/4.0",TRUE,NA,NA,NA,NA,FALSE,"sn2024deal","03s7gtk40_sn2024deal_2024"
"Leipzig U",2024,NA,"10.1007/s41682-024-00194-3",TRUE,FALSE,"Springer Nature","Zeitschrift für Religion, Gesellschaft und Politik","2510-1226",NA,"2510-1226","2510-1226","https://creativecommons.org/licenses/by/4.0",TRUE,NA,NA,NA,NA,FALSE,"sn2024deal","03s7gtk40_sn2024deal_2024"
"Leipzig U",2024,NA,"10.1007/s00350-024-6783-y",TRUE,FALSE,"Springer Nature","Medizinrecht","0723-8886","0723-8886","1433-8629","0723-8886","https://creativecommons.org/licenses/by/4.0",TRUE,NA,NA,NA,NA,FALSE,"sn2024deal","03s7gtk40_sn2024deal_2024"
"Leipzig U",2024,NA,"10.1057/s41272-024-00508-3",TRUE,FALSE,"Springer Nature","Journal of Revenue and Pricing Management","1476-6930","1476-6930","1477-657X","1476-6930","https://creativecommons.org/licenses/by/4.0",TRUE,NA,NA,NA,NA,FALSE,"sn2024deal","03s7gtk40_sn2024deal_2024"
"Leipzig U",2024,NA,"10.1007/s00103-024-03940-3",TRUE,FALSE,"Springer Nature","Bundesgesundheitsblatt - Gesundheitsforschung - Gesundheitsschutz","1436-9990","1436-9990","1437-1588","1436-9990","https://creativecommons.org/licenses/by/4.0",TRUE,"39190150","PMC11424732",NA,NA,FALSE,"sn2024deal","03s7gtk40_sn2024deal_2024"
"Leipzig U",2024,NA,"10.1007/s11548-024-03184-1",TRUE,FALSE,"Springer Nature","International Journal of Computer Assisted Radiology and Surgery","1861-6429",NA,"1861-6429","1861-6410","https://www.springernature.com/gp/researchers/text-and-data-mining",TRUE,"38789883",NA,NA,NA,FALSE,"sn2024deal","03s7gtk40_sn2024deal_2024"
"Leipzig U",2024,NA,"10.1007/s00261-024-04485-4",TRUE,FALSE,"Springer Nature","Abdominal Radiology","2366-0058",NA,"2366-0058","2366-0058","https://creativecommons.org/licenses/by/4.0",TRUE,"38976057","PMC11711253",NA,NA,FALSE,"sn2024deal","03s7gtk40_sn2024deal_2024"
"Leipzig U",2024,NA,"10.1007/s00194-023-00681-6",TRUE,FALSE,"Springer Nature","Rechtsmedizin","0937-9819","0937-9819","1434-5196","0937-9819","https://creativecommons.org/licenses/by/4.0",TRUE,NA,NA,NA,NA,FALSE,"sn2024deal","03s7gtk40_sn2024deal_2024"
"Leipzig U",2024,NA,"10.1007/s00394-024-03563-z",TRUE,FALSE,"Springer Nature","European Journal of Nutrition","1436-6207","1436-6207","1436-6215","1436-6207","https://creativecommons.org/licenses/by/4.0",TRUE,"39738893","PMC11685242",NA,NA,FALSE,"sn2024deal","03s7gtk40_sn2024deal_2024"
"Leipzig U",2024,NA,"10.1007/s00115-024-01668-8",TRUE,FALSE,"Springer Nature","Der Nervenarzt","0028-2804","0028-2804","1433-0407","0028-2804","https://creativecommons.org/licenses/by/4.0",TRUE,"38743106","PMC11297060",NA,NA,FALSE,"sn2024deal","03s7gtk40_sn2024deal_2024"
"Leipzig U",2024,NA,"10.1007/s42278-024-00190-9",TRUE,FALSE,"Springer Nature","Zeitschrift für Grundschulforschung","1865-3553","1865-3553","2523-3181","1865-3553","https://creativecommons.org/licenses/by/4.0",TRUE,NA,NA,NA,NA,FALSE,"sn2024deal","03s7gtk40_sn2024deal_2024"
"Leipzig U",2024,NA,"10.1007/s10208-024-09642-1",TRUE,FALSE,"Springer Nature","Foundations of Computational Mathematics","1615-3375","1615-3375","1615-3383","1615-3375","https://creativecommons.org/licenses/by/4.0",TRUE,NA,NA,NA,NA,FALSE,"sn2024deal","03s7gtk40_sn2024deal_2024"
"Leipzig U",2024,NA,"10.1007/s40272-024-00641-x",TRUE,FALSE,"Springer Nature","Pediatric Drugs","1174-5878","1174-5878","1179-2019","1174-5878","https://creativecommons.org/licenses/by-nc/4.0",TRUE,"38963501","PMC11335839",NA,NA,FALSE,"sn2024deal","03s7gtk40_sn2024deal_2024"
"Leipzig U",2024,NA,"10.1007/s00134-024-07667-2",TRUE,FALSE,"Springer Nature","Intensive Care Medicine","0342-4642","0342-4642","1432-1238","0342-4642","https://creativecommons.org/licenses/by-nc/4.0",TRUE,"39417875","PMC11588887",NA,NA,FALSE,"sn2024deal","03s7gtk40_sn2024deal_2024"
"Leipzig U",2024,NA,"10.1007/s00784-024-06046-x",TRUE,FALSE,"Springer Nature","Clinical Oral Investigations","1436-3771",NA,"1436-3771","1432-6981","https://creativecommons.org/licenses/by/4.0",TRUE,"39589645","PMC11599320",NA,NA,FALSE,"sn2024deal","03s7gtk40_sn2024deal_2024"
"Leipzig U",2024,NA,"10.1007/s00056-024-00561-y",TRUE,FALSE,"Springer Nature","Journal of Orofacial Orthopedics / Fortschritte der Kieferorthopädie","1434-5293","1434-5293","1615-6714","1434-5293","https://www.springernature.com/gp/researchers/text-and-data-mining",TRUE,"39607492",NA,NA,NA,FALSE,"sn2024deal","03s7gtk40_sn2024deal_2024"
"Leipzig U",2024,NA,"10.1007/s00115-024-01760-z",TRUE,FALSE,"Springer Nature","Der Nervenarzt","0028-2804","0028-2804","1433-0407","0028-2804","https://www.springernature.com/gp/researchers/text-and-data-mining",TRUE,"39601816",NA,NA,NA,FALSE,"sn2024deal","03s7gtk40_sn2024deal_2024"
"Leipzig U",2024,NA,"10.1007/s00103-024-03933-2",TRUE,FALSE,"Springer Nature","Bundesgesundheitsblatt - Gesundheitsforschung - Gesundheitsschutz","1436-9990","1436-9990","1437-1588","1436-9990","https://creativecommons.org/licenses/by/4.0",TRUE,"39112747","PMC11424657",NA,NA,FALSE,"sn2024deal","03s7gtk40_sn2024deal_2024"
"Leipzig U",2024,NA,"10.1007/s11096-024-01797-9",TRUE,FALSE,"Springer Nature","International Journal of Clinical Pharmacy","2210-7703","2210-7703","2210-7711","2210-7703","https://creativecommons.org/licenses/by/4.0",TRUE,"39240277","PMC11576625",NA,NA,FALSE,"sn2024deal","03s7gtk40_sn2024deal_2024"
"Leipzig U",2024,NA,"10.1007/s12031-024-02231-5",TRUE,FALSE,"Springer Nature","Journal of Molecular Neuroscience","1559-1166",NA,"1559-1166","0895-8696","https://www.springernature.com/gp/researchers/text-and-data-mining",TRUE,"38802573",NA,NA,NA,FALSE,"sn2024deal","03s7gtk40_sn2024deal_2024"
"Leipzig U",2024,NA,"10.1007/s11274-024-04080-1",TRUE,FALSE,"Springer Nature","World Journal of Microbiology and Biotechnology","0959-3993","0959-3993","1573-0972","0959-3993","https://creativecommons.org/licenses/by/4.0",TRUE,"39037634","PMC11263420",NA,NA,FALSE,"sn2024deal","03s7gtk40_sn2024deal_2024"
"Leipzig U",2024,NA,"10.1007/s11005-024-01865-1",TRUE,FALSE,"Springer Nature","Letters in Mathematical Physics","1573-0530",NA,"1573-0530","0377-9017","https://creativecommons.org/licenses/by/4.0",TRUE,NA,NA,NA,NA,FALSE,"sn2024deal","03s7gtk40_sn2024deal_2024"
"Leipzig U",2024,NA,"10.1007/s00246-023-03370-z",TRUE,FALSE,"Springer Nature","Pediatric Cardiology","0172-0643","0172-0643","1432-1971","0172-0643","https://www.springernature.com/gp/researchers/text-and-data-mining",TRUE,"38177487",NA,NA,NA,FALSE,"sn2024deal","03s7gtk40_sn2024deal_2024"
"Leipzig U",2024,NA,"10.1007/s00392-024-02468-5",TRUE,FALSE,"Springer Nature","Clinical Research in Cardiology","1861-0684","1861-0684","1861-0692","1861-0684","https://creativecommons.org/licenses/by/4.0",TRUE,"38869632","PMC12460559",NA,NA,FALSE,"sn2024deal","03s7gtk40_sn2024deal_2024"
"Leipzig U",2024,NA,"10.1007/s00125-024-06093-9",TRUE,FALSE,"Springer Nature","Diabetologia","0012-186X","0012-186X","1432-0428","0012-186X","https://creativecommons.org/licenses/by/4.0",TRUE,"38431705","PMC10954961",NA,NA,FALSE,"sn2024deal","03s7gtk40_sn2024deal_2024"
"Leipzig U",2024,NA,"10.1007/s00439-024-02655-4",TRUE,FALSE,"Springer Nature","Human Genetics","0340-6717","0340-6717","1432-1203","0340-6717","https://creativecommons.org/licenses/by/4.0",TRUE,"38526744","PMC11043173",NA,NA,FALSE,"sn2024deal","03s7gtk40_sn2024deal_2024"
"Leipzig U",2024,NA,"10.1007/s00401-024-02824-9",TRUE,FALSE,"Springer Nature","Acta Neuropathologica","1432-0533",NA,"1432-0533","0001-6322","https://creativecommons.org/licenses/by/4.0",TRUE,"39625512","PMC11615120",NA,NA,FALSE,"sn2024deal","03s7gtk40_sn2024deal_2024"
"Leipzig U",2024,NA,"10.1007/s00132-024-04491-w",TRUE,FALSE,"Springer Nature","Die Orthopädie","2731-7145","2731-7145","2731-7153","2731-7145","https://creativecommons.org/licenses/by/4.0",TRUE,"38575780","PMC11052777",NA,NA,FALSE,"sn2024deal","03s7gtk40_sn2024deal_2024"
"Leipzig U",2024,NA,"10.1007/s00204-024-03931-y",TRUE,FALSE,"Springer Nature","Archives of Toxicology","0340-5761","0340-5761","1432-0738","0340-5761","https://creativecommons.org/licenses/by/4.0",TRUE,"39714734","PMC11821798",NA,NA,FALSE,"sn2024deal","03s7gtk40_sn2024deal_2024"
"Leipzig U",2024,NA,"10.1007/s11548-024-03256-2",TRUE,FALSE,"Springer Nature","International Journal of Computer Assisted Radiology and Surgery","1861-6429",NA,"1861-6429","1861-6410","https://creativecommons.org/licenses/by/4.0",TRUE,"39259482","PMC11807914",NA,NA,FALSE,"sn2024deal","03s7gtk40_sn2024deal_2024"
"Leipzig U",2024,NA,"10.1007/s12223-024-01162-3",TRUE,FALSE,"Springer Nature","Folia Microbiologica","0015-5632","0015-5632","1874-9356","0015-5632","https://creativecommons.org/licenses/by/4.0",TRUE,"38592347","PMC11485185",NA,NA,FALSE,"sn2024deal","03s7gtk40_sn2024deal_2024"
"Leipzig U",2024,NA,"10.1007/s00205-024-02011-w",TRUE,FALSE,"Springer Nature","Archive for Rational Mechanics and Analysis","0003-9527","0003-9527","1432-0673","0003-9527","https://creativecommons.org/licenses/by/4.0",TRUE,NA,NA,NA,NA,FALSE,"sn2024deal","03s7gtk40_sn2024deal_2024"
"Leipzig U",2024,NA,"10.1007/s00103-024-03890-w",TRUE,FALSE,"Springer Nature","Bundesgesundheitsblatt - Gesundheitsforschung - Gesundheitsschutz","1436-9990","1436-9990","1437-1588","1436-9990","https://creativecommons.org/licenses/by/4.0",TRUE,"38750238","PMC11166858",NA,NA,FALSE,"sn2024deal","03s7gtk40_sn2024deal_2024"
"Leipzig U",2024,NA,"10.1007/s43037-023-00320-y",TRUE,FALSE,"Springer Nature","Banach Journal of Mathematical Analysis","2662-2033","2662-2033","1735-8787","1735-8787","https://creativecommons.org/licenses/by/4.0",TRUE,NA,NA,NA,NA,FALSE,"sn2024deal","03s7gtk40_sn2024deal_2024"
"Leipzig U",2024,NA,"10.1007/s00421-024-05432-3",TRUE,FALSE,"Springer Nature","European Journal of Applied Physiology","1439-6319","1439-6319","1439-6327","1439-6319","https://creativecommons.org/licenses/by/4.0",TRUE,"38383795","PMC11199239",NA,NA,FALSE,"sn2024deal","03s7gtk40_sn2024deal_2024"
"Leipzig U",2024,NA,"10.1007/s00278-024-00723-8",TRUE,FALSE,"Springer Nature","Die Psychotherapie","2731-7161","2731-7161","2731-717X","2731-7161","https://creativecommons.org/licenses/by/4.0",TRUE,NA,NA,NA,NA,FALSE,"sn2024deal","03s7gtk40_sn2024deal_2024"
"Leipzig U",2024,NA,"10.1007/s41682-024-00184-5",TRUE,FALSE,"Springer Nature","Zeitschrift für Religion, Gesellschaft und Politik","2510-1226",NA,"2510-1226","2510-1226","https://creativecommons.org/licenses/by/4.0",TRUE,NA,NA,NA,NA,FALSE,"sn2024deal","03s7gtk40_sn2024deal_2024"
"Leipzig U",2024,NA,"10.1007/s11159-023-10037-7",TRUE,FALSE,"Springer Nature","International Review of Education","0020-8566","0020-8566","1573-0638","0020-8566","https://creativecommons.org/licenses/by/4.0",TRUE,NA,NA,NA,NA,FALSE,"sn2024deal","03s7gtk40_sn2024deal_2024"
"Leipzig U",2024,NA,"10.1007/s11609-024-00515-6",TRUE,FALSE,"Springer Nature","Berliner Journal für Soziologie","0863-1808","0863-1808","1862-2593","0863-1808","https://creativecommons.org/licenses/by/4.0",TRUE,NA,NA,NA,NA,FALSE,"sn2024deal","03s7gtk40_sn2024deal_2024"
"Leipzig U",2024,NA,"10.1007/s00127-024-02808-w",TRUE,FALSE,"Springer Nature","Social Psychiatry and Psychiatric Epidemiology","0933-7954","0933-7954","1433-9285","0933-7954","https://creativecommons.org/licenses/by/4.0",TRUE,"39714478","PMC12031801",NA,NA,FALSE,"sn2024deal","03s7gtk40_sn2024deal_2024"
"Leipzig U",2024,NA,"10.1007/s00216-024-05381-y",TRUE,FALSE,"Springer Nature","Analytical and Bioanalytical Chemistry","1618-2642","1618-2642","1618-2650","1618-2642","https://creativecommons.org/licenses/by/4.0",TRUE,"38907770","PMC11294422",NA,NA,FALSE,"sn2024deal","03s7gtk40_sn2024deal_2024"
"Leipzig U",2024,NA,"10.1007/s10910-024-01696-4",TRUE,FALSE,"Springer Nature","Journal of Mathematical Chemistry","0259-9791","0259-9791","1572-8897","0259-9791","https://creativecommons.org/licenses/by/4.0",TRUE,NA,NA,NA,NA,FALSE,"sn2024deal","03s7gtk40_sn2024deal_2024"
"Leipzig U",2024,NA,"10.1007/s42048-024-00199-w",TRUE,FALSE,"Springer Nature","Zeitschrift für Ethik und Moralphilosophie","2522-0071",NA,"2522-0071","2522-0063","https://www.springernature.com/gp/researchers/text-and-data-mining",TRUE,NA,NA,NA,NA,FALSE,"sn2024deal","03s7gtk40_sn2024deal_2024"
"Leipzig U",2024,NA,"10.1007/s10309-024-00674-9",TRUE,FALSE,"Springer Nature","Clinical Epileptology","2948-104X","2948-104X","2948-1058","2948-104X","https://creativecommons.org/licenses/by/4.0",TRUE,NA,NA,NA,NA,FALSE,"sn2024deal","03s7gtk40_sn2024deal_2024"
"Leipzig U",2024,NA,"10.1007/s00023-024-01508-0",TRUE,FALSE,"Springer Nature","Annales Henri Poincaré","1424-0637","1424-0637","1424-0661","1424-0637","https://creativecommons.org/licenses/by/4.0",TRUE,NA,NA,NA,NA,FALSE,"sn2024deal","03s7gtk40_sn2024deal_2024"
"Leipzig U",2024,NA,"10.1007/s10664-024-10561-6",TRUE,FALSE,"Springer Nature","Empirical Software Engineering","1382-3256","1382-3256","1573-7616","1382-3256","https://www.springernature.com/gp/researchers/text-and-data-mining",TRUE,NA,NA,NA,NA,FALSE,"sn2024deal","03s7gtk40_sn2024deal_2024"
"Leipzig U",2024,NA,"10.1007/s11185-024-09299-y",TRUE,FALSE,"Springer Nature","Russian Linguistics","0304-3487","0304-3487","1572-8714","0304-3487","https://creativecommons.org/licenses/by/4.0",TRUE,NA,NA,NA,NA,FALSE,"sn2024deal","03s7gtk40_sn2024deal_2024"
"Leipzig U",2024,NA,"10.1007/s00440-024-01315-y",TRUE,FALSE,"Springer Nature","Probability Theory and Related Fields","0178-8051","0178-8051","1432-2064","0178-8051","https://creativecommons.org/licenses/by/4.0",TRUE,NA,NA,NA,NA,FALSE,"sn2024deal","03s7gtk40_sn2024deal_2024"
"Leipzig U",2024,NA,"10.1007/s00373-024-02864-8",TRUE,FALSE,"Springer Nature","Graphs and Combinatorics","0911-0119","0911-0119","1435-5914","0911-0119","https://creativecommons.org/licenses/by/4.0",TRUE,NA,NA,NA,NA,FALSE,"sn2024deal","03s7gtk40_sn2024deal_2024"
"Leipzig U",2024,NA,"10.1007/s12268-024-2136-7",TRUE,FALSE,"Springer Nature","BIOspektrum","0947-0867","0947-0867","1868-6249","0947-0867","https://creativecommons.org/licenses/by/4.0",TRUE,NA,NA,NA,NA,FALSE,"sn2024deal","03s7gtk40_sn2024deal_2024"
"Leipzig U",2024,NA,"10.1007/s10853-024-09504-9",TRUE,FALSE,"Springer Nature","Journal of Materials Science","0022-2461","0022-2461","1573-4803","0022-2461","https://creativecommons.org/licenses/by/4.0",TRUE,NA,NA,NA,NA,FALSE,"sn2024deal","03s7gtk40_sn2024deal_2024"
"Leipzig U",2024,NA,"10.1007/s10489-024-05402-4",TRUE,FALSE,"Springer Nature","Applied Intelligence","0924-669X","0924-669X","1573-7497","0924-669X","https://creativecommons.org/licenses/by/4.0",TRUE,NA,NA,NA,NA,FALSE,"sn2024deal","03s7gtk40_sn2024deal_2024"
"Leipzig U",2024,NA,"10.1007/s11064-024-04306-6",TRUE,FALSE,"Springer Nature","Neurochemical Research","0364-3190","0364-3190","1573-6903","0364-3190","https://creativecommons.org/licenses/by/4.0",TRUE,"39652154","PMC11628441",NA,NA,FALSE,"sn2024deal","03s7gtk40_sn2024deal_2024"
"Leipzig U",2024,NA,"10.1007/s10140-024-02281-7",TRUE,FALSE,"Springer Nature","Emergency Radiology","1438-1435",NA,"1438-1435","1070-3004","https://creativecommons.org/licenses/by/4.0",TRUE,"39210199","PMC11625069",NA,NA,FALSE,"sn2024deal","03s7gtk40_sn2024deal_2024"
"Leipzig U",2024,NA,"10.1007/s15010-024-02179-z",TRUE,FALSE,"Springer Nature","Infection","0300-8126","0300-8126","1439-0973","0300-8126","https://creativecommons.org/licenses/by/4.0",TRUE,"38353873","PMC11288998",NA,NA,FALSE,"sn2024deal","03s7gtk40_sn2024deal_2024"
"Leipzig U",2024,NA,"10.1007/s10758-024-09800-y",TRUE,FALSE,"Springer Nature","Technology, Knowledge and Learning","2211-1662","2211-1662","2211-1670","2211-1662","https://creativecommons.org/licenses/by/4.0",TRUE,NA,NA,NA,NA,FALSE,"sn2024deal","03s7gtk40_sn2024deal_2024"
"Leipzig U",2024,NA,"10.1007/s00115-024-01723-4",TRUE,FALSE,"Springer Nature","Der Nervenarzt","0028-2804","0028-2804","1433-0407","0028-2804","https://www.springernature.com/gp/researchers/text-and-data-mining",TRUE,"39105752",NA,NA,NA,FALSE,"sn2024deal","03s7gtk40_sn2024deal_2024"
"Leipzig U",2024,NA,"10.1007/s00127-024-02806-y",TRUE,FALSE,"Springer Nature","Social Psychiatry and Psychiatric Epidemiology","0933-7954","0933-7954","1433-9285","0933-7954","https://creativecommons.org/licenses/by/4.0",TRUE,"39729121","PMC12162684",NA,NA,FALSE,"sn2024deal","03s7gtk40_sn2024deal_2024"
"Leipzig U",2024,NA,"10.1007/s00278-024-00730-9",TRUE,FALSE,"Springer Nature","Die Psychotherapie","2731-7161","2731-7161","2731-717X","2731-7161","https://creativecommons.org/licenses/by/4.0",TRUE,NA,NA,NA,NA,FALSE,"sn2024deal","03s7gtk40_sn2024deal_2024"
"Leipzig U",2024,NA,"10.1007/s00127-024-02807-x",TRUE,FALSE,"Springer Nature","Social Psychiatry and Psychiatric Epidemiology","0933-7954","0933-7954","1433-9285","0933-7954","https://creativecommons.org/licenses/by/4.0",TRUE,"39714477","PMC12325553",NA,NA,FALSE,"sn2024deal","03s7gtk40_sn2024deal_2024"
"Leipzig U",2024,NA,"10.1007/s00023-023-01409-8",TRUE,FALSE,"Springer Nature","Annales Henri Poincaré","1424-0637","1424-0637","1424-0661","1424-0637","https://creativecommons.org/licenses/by/4.0",TRUE,NA,NA,NA,NA,FALSE,"sn2024deal","03s7gtk40_sn2024deal_2024"
"Leipzig U",2024,NA,"10.1007/s00418-024-02277-x",TRUE,FALSE,"Springer Nature","Histochemistry and Cell Biology","0948-6143","0948-6143","1432-119X","0948-6143","https://creativecommons.org/licenses/by/4.0",TRUE,"38582805",NA,NA,NA,FALSE,"sn2024deal","03s7gtk40_sn2024deal_2024"
"Leipzig U",2024,NA,"10.1007/s00134-024-07517-1",TRUE,FALSE,"Springer Nature","Intensive Care Medicine","0342-4642","0342-4642","1432-1238","0342-4642","https://creativecommons.org/licenses/by-nc/4.0",TRUE,"38916746","PMC11306266",NA,NA,FALSE,"sn2024deal","03s7gtk40_sn2024deal_2024"
"Leipzig U",2024,NA,"10.1007/s10201-024-00761-w",TRUE,FALSE,"Springer Nature","Limnology","1439-8621","1439-8621","1439-863X","1439-8621","https://creativecommons.org/licenses/by/4.0",TRUE,NA,NA,NA,NA,FALSE,"sn2024deal","03s7gtk40_sn2024deal_2024"
"Leipzig U",2024,NA,"10.1007/s00115-024-01749-8",TRUE,FALSE,"Springer Nature","Der Nervenarzt","0028-2804","0028-2804","1433-0407","0028-2804","https://www.springernature.com/gp/researchers/text-and-data-mining",TRUE,"39438290",NA,NA,NA,FALSE,"sn2024deal","03s7gtk40_sn2024deal_2024"
"Leipzig U",2024,NA,"10.1007/s11784-023-01092-6",TRUE,FALSE,"Springer Nature","Journal of Fixed Point Theory and Applications","1661-7738","1661-7738","1661-7746","1661-7738","https://creativecommons.org/licenses/by/4.0",TRUE,NA,NA,NA,NA,FALSE,"sn2024deal","03s7gtk40_sn2024deal_2024"
"Leipzig U",2024,NA,"10.1007/s00115-024-01669-7",TRUE,FALSE,"Springer Nature","Der Nervenarzt","0028-2804","0028-2804","1433-0407","0028-2804","https://creativecommons.org/licenses/by/4.0",TRUE,"38748078","PMC11772466",NA,NA,FALSE,"sn2024deal","03s7gtk40_sn2024deal_2024"
"Leipzig U",2024,NA,"10.1007/s11136-024-03752-7",TRUE,FALSE,"Springer Nature","Quality of Life Research","0962-9343","0962-9343","1573-2649","0962-9343","https://creativecommons.org/licenses/by/4.0",TRUE,"39102095","PMC11541315",NA,NA,FALSE,"sn2024deal","03s7gtk40_sn2024deal_2024"
"Leipzig U",2024,NA,"10.1007/s10915-024-02494-5",TRUE,FALSE,"Springer Nature","Journal of Scientific Computing","0885-7474","0885-7474","1573-7691","0885-7474","https://creativecommons.org/licenses/by/4.0",TRUE,NA,NA,NA,NA,FALSE,"sn2024deal","03s7gtk40_sn2024deal_2024"
"Leipzig U",2024,NA,"10.1007/s00277-024-05702-2",TRUE,FALSE,"Springer Nature","Annals of Hematology","0939-5555","0939-5555","1432-0584","0939-5555","https://creativecommons.org/licenses/by/4.0",TRUE,"38472361","PMC11009736",NA,NA,TRUE,"sn2024deal","03s7gtk40_sn2024deal_2024"
"Leipzig U",2024,NA,"10.1007/s10877-024-01233-3",TRUE,FALSE,"Springer Nature","Journal of Clinical Monitoring and Computing","1573-2614",NA,"1573-2614","1387-1307","https://www.springernature.com/gp/researchers/text-and-data-mining",TRUE,"39394497",NA,NA,NA,FALSE,"sn2024deal","03s7gtk40_sn2024deal_2024"
"Leipzig U",2024,NA,"10.1007/s00010-024-01114-9",TRUE,FALSE,"Springer Nature","Aequationes mathematicae","0001-9054","0001-9054","1420-8903","0001-9054","https://creativecommons.org/licenses/by/4.0",TRUE,NA,NA,NA,NA,FALSE,"sn2024deal","03s7gtk40_sn2024deal_2024"
"Leipzig U",2024,NA,"10.1007/s43545-024-00846-4",TRUE,FALSE,"Springer Nature","SN Social Sciences","2662-9283",NA,"2662-9283","2662-9283","https://creativecommons.org/licenses/by/4.0",TRUE,NA,NA,NA,NA,FALSE,"sn2024deal","03s7gtk40_sn2024deal_2024"
"Leipzig U",2024,NA,"10.1007/s13167-024-00361-9",TRUE,FALSE,"Springer Nature","EPMA Journal","1878-5085",NA,"1878-5085","1878-5077","https://creativecommons.org/licenses/by/4.0",TRUE,"38841618","PMC11147962",NA,NA,FALSE,"sn2024deal","03s7gtk40_sn2024deal_2024"
"Leipzig U",2024,NA,"10.1007/s11785-024-01629-8",TRUE,FALSE,"Springer Nature","Complex Analysis and Operator Theory","1661-8254","1661-8254","1661-8262","1661-8254","https://creativecommons.org/licenses/by/4.0",TRUE,NA,NA,NA,NA,FALSE,"sn2024deal","03s7gtk40_sn2024deal_2024"
"Leipzig U",2024,NA,"10.1007/s00439-024-02711-z",TRUE,FALSE,"Springer Nature","Human Genetics","0340-6717","0340-6717","1432-1203","0340-6717","https://creativecommons.org/licenses/by/4.0",TRUE,"39465390","PMC11576763",NA,NA,FALSE,"sn2024deal","03s7gtk40_sn2024deal_2024"
"Leipzig U",2024,NA,"10.1007/s10640-024-00905-7",TRUE,FALSE,"Springer Nature","Environmental and Resource Economics","0924-6460","0924-6460","1573-1502","0924-6460","https://creativecommons.org/licenses/by/4.0",TRUE,NA,NA,NA,NA,FALSE,"sn2024deal","03s7gtk40_sn2024deal_2024"
"Leipzig U",2024,NA,"10.1007/s11785-024-01545-x",TRUE,FALSE,"Springer Nature","Complex Analysis and Operator Theory","1661-8254","1661-8254","1661-8262","1661-8254","https://creativecommons.org/licenses/by/4.0",TRUE,NA,NA,NA,NA,FALSE,"sn2024deal","03s7gtk40_sn2024deal_2024"
"Leipzig U",2024,NA,"10.1007/s11005-024-01882-0",TRUE,FALSE,"Springer Nature","Letters in Mathematical Physics","1573-0530",NA,"1573-0530","0377-9017","https://creativecommons.org/licenses/by/4.0",TRUE,NA,NA,NA,NA,FALSE,"sn2024deal","03s7gtk40_sn2024deal_2024"
"Leipzig U",2024,NA,"10.1007/s41682-024-00173-8",TRUE,FALSE,"Springer Nature","Zeitschrift für Religion, Gesellschaft und Politik","2510-1226",NA,"2510-1226","2510-1226","https://creativecommons.org/licenses/by/4.0",TRUE,NA,NA,NA,NA,FALSE,"sn2024deal","03s7gtk40_sn2024deal_2024"
"Leipzig U",2024,NA,"10.1007/s11548-024-03191-2",TRUE,FALSE,"Springer Nature","International Journal of Computer Assisted Radiology and Surgery","1861-6429",NA,"1861-6429","1861-6410","https://creativecommons.org/licenses/by/4.0",TRUE,"38816648","PMC11607099",NA,NA,FALSE,"sn2024deal","03s7gtk40_sn2024deal_2024"
"Leipzig U",2024,NA,"10.1007/s11615-024-00547-w",TRUE,FALSE,"Springer Nature","Politische Vierteljahresschrift","0032-3470","0032-3470","1862-2860","0032-3470","https://creativecommons.org/licenses/by/4.0",TRUE,NA,NA,NA,NA,FALSE,"sn2024deal","03s7gtk40_sn2024deal_2024"
"Leipzig U",2024,NA,"10.1007/s00229-024-01541-7",TRUE,FALSE,"Springer Nature","Manuscripta Mathematica","0025-2611","0025-2611","1432-1785","0025-2611","https://creativecommons.org/licenses/by/4.0",TRUE,NA,NA,NA,NA,FALSE,"sn2024deal","03s7gtk40_sn2024deal_2024"
"Leipzig U",2024,NA,"10.1007/s11785-024-01525-1",TRUE,FALSE,"Springer Nature","Complex Analysis and Operator Theory","1661-8254","1661-8254","1661-8262","1661-8254","https://creativecommons.org/licenses/by/4.0",TRUE,NA,NA,NA,NA,FALSE,"sn2024deal","03s7gtk40_sn2024deal_2024"
"Leipzig U",2024,NA,"10.1038/s41366-024-01654-9",TRUE,FALSE,"Springer Nature","International Journal of Obesity","0307-0565","0307-0565","1476-5497","0307-0565","https://creativecommons.org/licenses/by/4.0",TRUE,"39433892","PMC11683006",NA,NA,FALSE,"sn2024deal","03s7gtk40_sn2024deal_2024"
"Leipzig U",2024,NA,"10.14283/jpad.2024.13",TRUE,FALSE,"Elsevier BV","The Journal of Prevention of Alzheimer's Disease","2274-5807","2274-5807",NA,"2274-5807","https://creativecommons.org/licenses/by/4.0/",TRUE,"38374741",NA,NA,NA,FALSE,"sn2024deal","03s7gtk40_sn2024deal_2024"
"Leipzig U",2024,NA,"10.1007/s11613-024-00872-4",TRUE,FALSE,"Springer Nature","Organisationsberatung, Supervision, Coaching","1618-808X","1618-808X","1862-2577","1618-808X","https://creativecommons.org/licenses/by/4.0",TRUE,NA,NA,NA,NA,FALSE,"sn2024deal","03s7gtk40_sn2024deal_2024"
"Leipzig U",2024,NA,"10.1007/s00247-024-05994-6",TRUE,FALSE,"Springer Nature","Pediatric Radiology","1432-1998",NA,"1432-1998","0301-0449","https://creativecommons.org/licenses/by/4.0",TRUE,"39030392","PMC11377632",NA,NA,FALSE,"sn2024deal","03s7gtk40_sn2024deal_2024"
"Leipzig U",2024,NA,"10.1007/s00330-024-11169-6",TRUE,FALSE,"Springer Nature","European Radiology","1432-1084",NA,"1432-1084","0938-7994","https://creativecommons.org/licenses/by/4.0",TRUE,"39499301","PMC11835896",NA,NA,FALSE,"sn2024deal","03s7gtk40_sn2024deal_2024"
"Leipzig U",2024,NA,"10.1007/s10278-024-01251-2",TRUE,FALSE,"Springer Nature","Journal of Imaging Informatics in Medicine","2948-2933",NA,"2948-2933","2948-2925","https://creativecommons.org/licenses/by/4.0",TRUE,"39266913","PMC11950579",NA,NA,FALSE,"sn2024deal","03s7gtk40_sn2024deal_2024"
"Leipzig U",2024,NA,"10.1038/s41375-023-02129-y",TRUE,FALSE,"Springer Nature","Leukemia","0887-6924","0887-6924","1476-5551","0887-6924","https://creativecommons.org/licenses/by/4.0",TRUE,"38184754","PMC10844085",NA,NA,FALSE,"sn2024deal","03s7gtk40_sn2024deal_2024"
"Leipzig U",2024,NA,"10.1038/s41375-024-02226-6",TRUE,FALSE,"Springer Nature","Leukemia","0887-6924","0887-6924","1476-5551","0887-6924","https://creativecommons.org/licenses/by/4.0",TRUE,"38514772","PMC11073997",NA,NA,FALSE,"sn2024deal","03s7gtk40_sn2024deal_2024"
"Leipzig U",2024,NA,"10.1007/s00428-024-03760-5",TRUE,FALSE,"Springer Nature","Virchows Archiv","0945-6317","0945-6317","1432-2307","0945-6317","https://creativecommons.org/licenses/by/4.0",TRUE,"38347267","PMC11876213",NA,NA,FALSE,"sn2024deal","03s7gtk40_sn2024deal_2024"
"Leipzig U",2024,NA,"10.1007/s00132-024-04564-w",TRUE,FALSE,"Springer Nature","Die Orthopädie","2731-7145","2731-7145","2731-7153","2731-7145","https://creativecommons.org/licenses/by/4.0",TRUE,"39284930","PMC11527935",NA,NA,FALSE,"sn2024deal","03s7gtk40_sn2024deal_2024"
"Leipzig U",2024,NA,"10.1007/s00068-024-02487-x",TRUE,FALSE,"Springer Nature","European Journal of Trauma and Emergency Surgery","1863-9933","1863-9933","1863-9941","1863-9933","https://creativecommons.org/licenses/by/4.0",TRUE,"38441580","PMC11458666",NA,NA,FALSE,"sn2024deal","03s7gtk40_sn2024deal_2024"
"Leipzig U",2024,NA,"10.1007/s00392-024-02491-6",TRUE,FALSE,"Springer Nature","Clinical Research in Cardiology","1861-0684","1861-0684","1861-0692","1861-0684","https://creativecommons.org/licenses/by/4.0",TRUE,"39186180","PMC11772422",NA,NA,FALSE,"sn2024deal","03s7gtk40_sn2024deal_2024"
"Leipzig U",2024,NA,"10.1007/s00392-024-02492-5",TRUE,FALSE,"Springer Nature","Clinical Research in Cardiology","1861-0684","1861-0684","1861-0692","1861-0684","https://creativecommons.org/licenses/by/4.0",TRUE,"39196343","PMC11772409",NA,NA,FALSE,"sn2024deal","03s7gtk40_sn2024deal_2024"
"Leipzig U",2024,NA,"10.1007/s00392-024-02504-4",TRUE,FALSE,"Springer Nature","Clinical Research in Cardiology","1861-0684","1861-0684","1861-0692","1861-0684","https://creativecommons.org/licenses/by/4.0",TRUE,"39102001",NA,NA,NA,FALSE,"sn2024deal","03s7gtk40_sn2024deal_2024"
"Leipzig U",2024,NA,"10.1007/s10554-024-03147-2",TRUE,FALSE,"Springer Nature","The International Journal of Cardiovascular Imaging","1875-8312",NA,"1875-8312","1569-5794","https://creativecommons.org/licenses/by/4.0",TRUE,"38780708","PMC11473627",NA,NA,FALSE,"sn2024deal","03s7gtk40_sn2024deal_2024"
"Leipzig U",2024,NA,"10.1007/s00132-024-04550-2",TRUE,FALSE,"Springer Nature","Die Orthopädie","2731-7145","2731-7145","2731-7153","2731-7145","https://www.springernature.com/gp/researchers/text-and-data-mining",TRUE,"39138653",NA,NA,NA,FALSE,"sn2024deal","03s7gtk40_sn2024deal_2024"
"Leipzig U",2024,NA,"10.1007/s10140-024-02242-0",TRUE,FALSE,"Springer Nature","Emergency Radiology","1438-1435",NA,"1438-1435","1070-3004","https://creativecommons.org/licenses/by/4.0",TRUE,"38872046","PMC11289144",NA,NA,FALSE,"sn2024deal","03s7gtk40_sn2024deal_2024"
"Leipzig U",2024,NA,"10.1007/s00113-024-01498-y",TRUE,FALSE,"Springer Nature","Die Unfallchirurgie","2731-7021","2731-7021","2731-703X","2731-7021","https://www.springernature.com/gp/researchers/text-and-data-mining",TRUE,"39550742",NA,NA,NA,FALSE,"sn2024deal","03s7gtk40_sn2024deal_2024"
"Leipzig U",2024,NA,"10.1007/s10309-024-00664-x",TRUE,FALSE,"Springer Nature","Clinical Epileptology","2948-104X","2948-104X","2948-1058","2948-104X","https://creativecommons.org/licenses/by/4.0",TRUE,NA,NA,NA,NA,FALSE,"sn2024deal","03s7gtk40_sn2024deal_2024"
"Leipzig U",2024,NA,"10.1007/s11678-024-00836-1",TRUE,FALSE,"Springer Nature","Obere Extremität","1862-6599","1862-6599","1862-6602","1862-6599","https://creativecommons.org/licenses/by/4.0",TRUE,NA,NA,NA,NA,FALSE,"sn2024deal","03s7gtk40_sn2024deal_2024"
"Leipzig U",2024,NA,"10.1007/s10143-024-03137-x",TRUE,FALSE,"Springer Nature","Neurosurgical Review","1437-2320",NA,"1437-2320","0344-5607","https://creativecommons.org/licenses/by/4.0",TRUE,"39653818","PMC11628436",NA,NA,FALSE,"sn2024deal","03s7gtk40_sn2024deal_2024"
"Leipzig U",2024,NA,"10.1007/s00068-024-02528-5",TRUE,FALSE,"Springer Nature","European Journal of Trauma and Emergency Surgery","1863-9933","1863-9933","1863-9941","1863-9933","https://creativecommons.org/licenses/by/4.0",TRUE,"38613681","PMC11458630",NA,NA,FALSE,"sn2024deal","03s7gtk40_sn2024deal_2024"
"Leipzig U",2024,NA,"10.1007/s00104-024-02123-9",TRUE,FALSE,"Springer Nature","Die Chirurgie","2731-6971","2731-6971","2731-698X","2731-6971","https://creativecommons.org/licenses/by/4.0",TRUE,"38940836","PMC11729079",NA,NA,FALSE,"sn2024deal","03s7gtk40_sn2024deal_2024"
"Leipzig U",2024,NA,"10.1038/s41390-024-03108-4",TRUE,FALSE,"Springer Nature","Pediatric Research","0031-3998","0031-3998","1530-0447","0031-3998","https://creativecommons.org/licenses/by/4.0",TRUE,"38418593","PMC11257953",NA,NA,FALSE,"sn2024deal","03s7gtk40_sn2024deal_2024"
"Leipzig U",2024,NA,"10.1007/s00404-024-07886-4",TRUE,FALSE,"Springer Nature","Archives of Gynecology and Obstetrics","1432-0711",NA,"1432-0711","0932-0067","https://creativecommons.org/licenses/by/4.0",TRUE,"39715839","PMC11985603",NA,NA,TRUE,"sn2024deal","03s7gtk40_sn2024deal_2024"
"Leipzig U",2024,NA,"10.1007/s15010-024-02300-2",TRUE,FALSE,"Springer Nature","Infection","0300-8126","0300-8126","1439-0973","0300-8126","https://creativecommons.org/licenses/by/4.0",TRUE,"38777941","PMC11289219",NA,NA,FALSE,"sn2024deal","03s7gtk40_sn2024deal_2024"
"Leipzig U",2024,NA,"10.1007/s12035-024-04531-8",TRUE,FALSE,"Springer Nature","Molecular Neurobiology","0893-7648","0893-7648","1559-1182","0893-7648","https://creativecommons.org/licenses/by/4.0",TRUE,"39400857","PMC11880064",NA,NA,FALSE,"sn2024deal","03s7gtk40_sn2024deal_2024"
"Leipzig U",2024,NA,"10.1038/s41390-024-03727-x",TRUE,FALSE,"Springer Nature","Pediatric Research","0031-3998","0031-3998","1530-0447","0031-3998","https://creativecommons.org/licenses/by/4.0",TRUE,"39543403","PMC12411232",NA,NA,FALSE,"sn2024deal","03s7gtk40_sn2024deal_2024"
"Leipzig U",2024,NA,"10.1007/s00063-024-01176-2",TRUE,FALSE,"Springer Nature","Medizinische Klinik - Intensivmedizin und Notfallmedizin","2193-6218","2193-6218","2193-6226","2193-6218","https://creativecommons.org/licenses/by/4.0",TRUE,"39240330","PMC12040970",NA,NA,FALSE,"sn2024deal","03s7gtk40_sn2024deal_2024"
"Leipzig U",2024,NA,"10.1007/s11060-024-04657-8",TRUE,FALSE,"Springer Nature","Journal of Neuro-Oncology","0167-594X","0167-594X","1573-7373","0167-594X","https://www.springernature.com/gp/researchers/text-and-data-mining",TRUE,"38563854",NA,NA,NA,FALSE,"sn2024deal","03s7gtk40_sn2024deal_2024"
"Leipzig U",2024,NA,"10.1007/s00261-024-04247-2",TRUE,FALSE,"Springer Nature","Abdominal Radiology","2366-0058",NA,"2366-0058","2366-0058","https://creativecommons.org/licenses/by/4.0",TRUE,"38528270","PMC11108938",NA,NA,FALSE,"sn2024deal","03s7gtk40_sn2024deal_2024"
"Leipzig U",2024,NA,"10.1007/s00113-024-01499-x",TRUE,FALSE,"Springer Nature","Die Unfallchirurgie","2731-7021","2731-7021","2731-703X","2731-7021","https://creativecommons.org/licenses/by/4.0",TRUE,"39570421","PMC11735504",NA,NA,FALSE,"sn2024deal","03s7gtk40_sn2024deal_2024"
"Leipzig U",2024,NA,"10.1007/s10792-024-03205-7",TRUE,FALSE,"Springer Nature","International Ophthalmology","1573-2630",NA,"1573-2630","0165-5701","https://creativecommons.org/licenses/by/4.0",TRUE,"38940962","PMC11213761",NA,NA,FALSE,"sn2024deal","03s7gtk40_sn2024deal_2024"
"Leipzig U",2024,NA,"10.1007/s00113-023-01408-8",TRUE,FALSE,"Springer Nature","Die Unfallchirurgie","2731-7021","2731-7021","2731-703X","2731-7021","https://creativecommons.org/licenses/by/4.0",TRUE,"38305823","PMC11058606",NA,NA,FALSE,"sn2024deal","03s7gtk40_sn2024deal_2024"
"Leipzig U",2024,NA,"10.1007/s10049-024-01338-x",TRUE,FALSE,"Springer Nature","Notfall + Rettungsmedizin","1434-6222","1434-6222","1436-0578","1434-6222","https://creativecommons.org/licenses/by/4.0",TRUE,NA,NA,NA,NA,FALSE,"sn2024deal","03s7gtk40_sn2024deal_2024"
"Leipzig U",2024,NA,"10.1007/s00068-024-02530-x",TRUE,FALSE,"Springer Nature","European Journal of Trauma and Emergency Surgery","1863-9933","1863-9933","1863-9941","1863-9933","https://creativecommons.org/licenses/by/4.0",TRUE,"38806687","PMC11458706",NA,NA,FALSE,"sn2024deal","03s7gtk40_sn2024deal_2024"
"Leipzig U",2024,NA,"10.1007/s00264-024-06346-7",TRUE,FALSE,"Springer Nature","International Orthopaedics","0341-2695","0341-2695","1432-5195","0341-2695","https://creativecommons.org/licenses/by/4.0",TRUE,"39387883","PMC11703947",NA,NA,FALSE,"sn2024deal","03s7gtk40_sn2024deal_2024"
"Leipzig U",2024,NA,"10.1007/s11060-024-04817-w",TRUE,FALSE,"Springer Nature","Journal of Neuro-Oncology","0167-594X","0167-594X","1573-7373","0167-594X","https://creativecommons.org/licenses/by/4.0",TRUE,"39254812","PMC11615102",NA,NA,FALSE,"sn2024deal","03s7gtk40_sn2024deal_2024"
"Leipzig U",2024,NA,"10.1038/s41409-024-02490-1",TRUE,FALSE,"Springer Nature","Bone Marrow Transplantation","0268-3369","0268-3369","1476-5365","0268-3369","https://creativecommons.org/licenses/by/4.0",TRUE,"39638882","PMC11893441",NA,NA,FALSE,"sn2024deal","03s7gtk40_sn2024deal_2024"
"Leipzig U",2024,NA,"10.1007/s00292-023-01215-3",TRUE,FALSE,"Springer Nature","Die Pathologie","2731-7188","2731-7188","2731-7196","2731-7188","https://creativecommons.org/licenses/by/4.0",TRUE,"38170268","PMC10827825",NA,NA,FALSE,"sn2024deal","03s7gtk40_sn2024deal_2024"
"Leipzig U",2024,NA,"10.1007/s00423-024-03447-0",TRUE,FALSE,"Springer Nature","Langenbeck's Archives of Surgery","1435-2451",NA,"1435-2451","1435-2443","https://creativecommons.org/licenses/by/4.0",TRUE,"39162875","PMC11335847",NA,NA,FALSE,"sn2024deal","03s7gtk40_sn2024deal_2024"
"Leipzig U",2024,NA,"10.1007/s00586-024-08403-6",TRUE,FALSE,"Springer Nature","European Spine Journal","0940-6719","0940-6719","1432-0932","0940-6719","https://creativecommons.org/licenses/by/4.0",TRUE,"39014078",NA,NA,NA,FALSE,"sn2024deal","03s7gtk40_sn2024deal_2024"
"Leipzig U",2024,NA,"10.1007/s00113-024-01504-3",TRUE,FALSE,"Springer Nature","Die Unfallchirurgie","2731-7021","2731-7021","2731-703X","2731-7021","https://creativecommons.org/licenses/by/4.0",TRUE,"39643775","PMC11850517",NA,NA,FALSE,"sn2024deal","03s7gtk40_sn2024deal_2024"
"Leipzig U",2024,2408.56,"10.1002/jcla.25029",FALSE,FALSE,"Wiley-Blackwell","Journal of Clinical Laboratory Analysis","0887-8013","0887-8013","1098-2825","0887-8013","http://creativecommons.org/licenses/by/4.0/",TRUE,"38506401","PMC10997813",NA,NA,TRUE,"wiley2024deal","03s7gtk40_wiley2024deal_2024"
"Leipzig U",2024,2173.95,"10.1186/s12917-024-03989-x",FALSE,FALSE,"Springer Nature","BMC Veterinary Research","1746-6148",NA,"1746-6148","1746-6148","https://creativecommons.org/licenses/by/4.0",TRUE,"38575983","PMC10993570",NA,NA,TRUE,"sn2024deal","03s7gtk40_sn2024deal_2024"
"Leipzig U",2024,2730.64,"10.1007/s00432-024-05919-8",FALSE,FALSE,"Springer Nature","Journal of Cancer Research and Clinical Oncology","1432-1335",NA,"1432-1335","0171-5216","https://creativecommons.org/licenses/by/4.0",TRUE,"39180548","PMC11344731",NA,NA,TRUE,"sn2024deal","03s7gtk40_sn2024deal_2024"
"Leipzig U",2024,2173.95,"10.1186/s12888-024-05683-6",FALSE,FALSE,"Springer Nature","BMC Psychiatry","1471-244X",NA,"1471-244X","1471-244X","https://creativecommons.org/licenses/by/4.0",TRUE,"38561781","PMC10983734",NA,NA,TRUE,"sn2024deal","03s7gtk40_sn2024deal_2024"
"Leipzig U",2024,1989.81,"10.1186/s13023-024-03315-6",FALSE,FALSE,"Springer Nature","Orphanet Journal of Rare Diseases","1750-1172",NA,"1750-1172","1750-1172","https://creativecommons.org/licenses/by/4.0",TRUE,"39187849","PMC11348755",NA,NA,TRUE,"sn2024deal","03s7gtk40_sn2024deal_2024"
"Leipzig U",2025,1954.72,"10.1186/s12888-024-06187-z",FALSE,FALSE,"Springer Nature","BMC Psychiatry","1471-244X",NA,"1471-244X","1471-244X","https://creativecommons.org/licenses/by/4.0",TRUE,"39455961","PMC11515145",NA,NA,TRUE,"sn2024deal","03s7gtk40_sn2024deal_2024"
"Leipzig U",2025,2268.4,"10.1029/2023av001144",FALSE,FALSE,"American Geophysical Union (AGU)","AGU Advances","2576-604X","2576-604X","2576-604X","2576-604X","http://creativecommons.org/licenses/by/4.0/",TRUE,NA,NA,NA,NA,TRUE,"wiley2024deal","03s7gtk40_wiley2024deal_2024"
"Leipzig U",2024,1713.6,"10.1111/jvim.17085",FALSE,FALSE,"Oxford University Press (OUP)","Journal of Veterinary Internal Medicine","1939-1676",NA,"1939-1676","0891-6640","http://creativecommons.org/licenses/by-nc-nd/4.0/",TRUE,"38700383","PMC11099696",NA,NA,TRUE,"wiley2024deal","03s7gtk40_wiley2024deal_2024"
"Leipzig U",2025,2003.83,"10.1186/s12913-024-11745-y",FALSE,FALSE,"Springer Nature","BMC Health Services Research","1472-6963",NA,"1472-6963","1472-6963","https://creativecommons.org/licenses/by/4.0",TRUE,"39587619","PMC11590365",NA,NA,TRUE,"sn2024deal","03s7gtk40_sn2024deal_2024"
"Leipzig U",2025,1758.27,"10.1186/s12859-024-05922-3",FALSE,FALSE,"Springer Nature","BMC Bioinformatics","1471-2105",NA,"1471-2105","1471-2105","https://creativecommons.org/licenses/by/4.0",TRUE,"39266970","PMC11391601",NA,NA,TRUE,"sn2024deal","03s7gtk40_sn2024deal_2024"
"Leipzig U",2024,1758.28,"10.1186/s12902-024-01663-9",FALSE,FALSE,"Springer Nature","BMC Endocrine Disorders","1472-6823",NA,"1472-6823","1472-6823","https://creativecommons.org/licenses/by/4.0",TRUE,"39090659","PMC11292922",NA,NA,TRUE,"sn2024deal","03s7gtk40_sn2024deal_2024"
"Leipzig U",2024,3355.52,"10.1002/jcsm.13578",FALSE,FALSE,"Wiley-Blackwell","Journal of Cachexia, Sarcopenia and Muscle","2190-5991","2190-5991","2190-6009","2190-5991","http://creativecommons.org/licenses/by/4.0/",TRUE,"39185615","PMC11634470",NA,NA,TRUE,"wiley2024deal","03s7gtk40_wiley2024deal_2024"
"Leipzig U",2024,1888.62,"10.1186/s12883-024-03802-0",FALSE,FALSE,"Springer Nature","BMC Neurology","1471-2377",NA,"1471-2377","1471-2377","https://creativecommons.org/licenses/by/4.0",TRUE,"39187799","PMC11346048",NA,NA,TRUE,"sn2024deal","03s7gtk40_sn2024deal_2024"
"Leipzig U",2024,2856,"10.1161/jaha.123.033500",FALSE,FALSE,"Ovid Technologies (Wolters Kluwer Health)","Journal of the American Heart Association","2047-9980",NA,"2047-9980","2047-9980",NA,TRUE,"38780185","PMC11255628",NA,NA,TRUE,"wiley2024deal","03s7gtk40_wiley2024deal_2024"
"Leipzig U",2024,2071.41,"10.1038/s41598-023-50847-1",FALSE,FALSE,"Springer Nature","Scientific Reports","2045-2322",NA,"2045-2322","2045-2322","https://creativecommons.org/licenses/by/4.0",TRUE,"38172531","PMC10764910",NA,NA,TRUE,"sn2024deal","03s7gtk40_sn2024deal_2024"
"Leipzig U",2024,1884.96,"10.1029/2023ef003963",FALSE,FALSE,"American Geophysical Union (AGU)","Earth's Future","2328-4277","2328-4277","2328-4277","2328-4277","http://creativecommons.org/licenses/by/4.0/",TRUE,NA,NA,NA,NA,TRUE,"wiley2024deal","03s7gtk40_wiley2024deal_2024"
"Leipzig U",2024,2370.58,"10.1186/s12889-024-18289-0",FALSE,FALSE,"Springer Nature","BMC Public Health","1471-2458",NA,"1471-2458","1471-2458","https://creativecommons.org/licenses/by/4.0",TRUE,"38491458","PMC10943857",NA,NA,TRUE,"sn2024deal","03s7gtk40_sn2024deal_2024"
"Leipzig U",2024,2656.08,"10.1007/s00384-023-04590-8",FALSE,FALSE,"Springer Nature","International Journal of Colorectal Disease","1432-1262",NA,"1432-1262","0179-1958","https://creativecommons.org/licenses/by/4.0",TRUE,"38349566","PMC10864445",NA,NA,FALSE,"sn2024deal","03s7gtk40_sn2024deal_2024"
"Leipzig U",2024,5774.64,"10.1038/s41467-024-44709-1",FALSE,FALSE,"Springer Nature","Nature Communications","2041-1723",NA,"2041-1723","2041-1723","https://creativecommons.org/licenses/by/4.0",TRUE,"38233393","PMC10794254",NA,NA,TRUE,"sn2024deal","03s7gtk40_sn2024deal_2024"
"Leipzig U",2024,3036.88,"10.1007/s00432-023-05526-z",FALSE,FALSE,"Springer Nature","Journal of Cancer Research and Clinical Oncology","1432-1335",NA,"1432-1335","0171-5216","https://creativecommons.org/licenses/by/4.0",TRUE,"38319485","PMC10847183",NA,NA,TRUE,"sn2024deal","03s7gtk40_sn2024deal_2024"
"Leipzig U",2024,1908.88,"10.1155/2024/5245177",FALSE,FALSE,"Wiley-Blackwell","Health & Social Care in the Community","0966-0410","0966-0410","1365-2524","0966-0410","http://creativecommons.org/licenses/by/4.0/",TRUE,NA,NA,NA,NA,FALSE,"wiley2024deal","03s7gtk40_wiley2024deal_2024"
"Leipzig U",2024,1383.51,"10.1002/ece3.11060",FALSE,FALSE,"Wiley-Blackwell","Ecology and Evolution","2045-7758","2045-7758","2045-7758","2045-7758","http://creativecommons.org/licenses/by/4.0/",TRUE,"38384827","PMC10880136",NA,NA,TRUE,"wiley2024deal","03s7gtk40_wiley2024deal_2024"
"Leipzig U",2024,2131.53,"10.1186/s12889-024-19913-9",FALSE,FALSE,"Springer Nature","BMC Public Health","1471-2458",NA,"1471-2458","1471-2458","https://creativecommons.org/licenses/by/4.0",TRUE,"39227860","PMC11373443",NA,NA,TRUE,"sn2024deal","03s7gtk40_sn2024deal_2024"
"Leipzig U",2025,2730.64,"10.1007/s00432-024-05985-y",FALSE,FALSE,"Springer Nature","Journal of Cancer Research and Clinical Oncology","1432-1335",NA,"1432-1335","0171-5216","https://creativecommons.org/licenses/by/4.0",TRUE,"39397111","PMC11471701",NA,NA,TRUE,"sn2024deal","03s7gtk40_sn2024deal_2024"
"Leipzig U",2024,3036.88,"10.1007/s00432-024-05638-0",FALSE,FALSE,"Springer Nature","Journal of Cancer Research and Clinical Oncology","1432-1335",NA,"1432-1335","0171-5216","https://creativecommons.org/licenses/by/4.0",TRUE,"38546873","PMC10978708",NA,NA,TRUE,"sn2024deal","03s7gtk40_sn2024deal_2024"
"Leipzig U",2024,3827.04,"10.1002/ehf2.14786",FALSE,FALSE,"Oxford University Press (OUP)","ESC Heart Failure","2055-5822",NA,"2055-5822","2055-5822","http://creativecommons.org/licenses/by-nc-nd/4.0/",TRUE,"38613409","PMC11287346",NA,NA,TRUE,"wiley2024deal","03s7gtk40_wiley2024deal_2024"
"Leipzig U",2024,2173.95,"10.1186/s13098-024-01292-1",FALSE,FALSE,"Springer Nature","Diabetology & Metabolic Syndrome","1758-5996",NA,"1758-5996","1758-5996","https://creativecommons.org/licenses/by/4.0",TRUE,"38414084","PMC10898144",NA,NA,TRUE,"sn2024deal","03s7gtk40_sn2024deal_2024"
"Leipzig U",2024,1904,"10.1002/2688-8319.12319",FALSE,FALSE,"Wiley-Blackwell","Ecological Solutions and Evidence","2688-8319","2688-8319","2688-8319","2688-8319","http://creativecommons.org/licenses/by/4.0/",TRUE,NA,NA,NA,NA,TRUE,"wiley2024deal","03s7gtk40_wiley2024deal_2024"
"Leipzig U",2024,744.72,"10.1016/j.softx.2024.101846",FALSE,FALSE,"Elsevier BV","SoftwareX","2352-7110","2352-7110",NA,"2352-7110","http://creativecommons.org/licenses/by/4.0/",TRUE,NA,NA,NA,NA,TRUE,"els2023deal","03s7gtk40_els2023deal_2024"
"Leipzig U",2024,1118.81,"10.1186/s40359-024-01751-4",FALSE,FALSE,"Springer Nature","BMC Psychology","2050-7283",NA,"2050-7283","2050-7283","https://creativecommons.org/licenses/by/4.0",TRUE,"38715033","PMC11077727",NA,NA,TRUE,"sn2024deal","03s7gtk40_sn2024deal_2024"
"Leipzig U",2024,3036.88,"10.1007/s00432-024-05715-4",FALSE,FALSE,"Springer Nature","Journal of Cancer Research and Clinical Oncology","1432-1335",NA,"1432-1335","0171-5216","https://creativecommons.org/licenses/by/4.0",TRUE,"38607426","PMC11009727",NA,NA,TRUE,"sn2024deal","03s7gtk40_sn2024deal_2024"
"Leipzig U",2024,4017.44,"10.1002/ehf2.14813",FALSE,FALSE,"Oxford University Press (OUP)","ESC Heart Failure","2055-5822",NA,"2055-5822","2055-5822","http://creativecommons.org/licenses/by-nc-nd/4.0/",TRUE,"38698741","PMC11424282",NA,NA,TRUE,"wiley2024deal","03s7gtk40_wiley2024deal_2024"
"Leipzig U",2024,2228.56,"10.1186/s13037-024-00398-9",FALSE,FALSE,"Springer Nature","Patient Safety in Surgery","1754-9493",NA,"1754-9493","1754-9493","https://creativecommons.org/licenses/by/4.0",TRUE,"38689330","PMC11061946",NA,NA,TRUE,"sn2024deal","03s7gtk40_sn2024deal_2024"
"Leipzig U",2024,2143.9,"10.1038/s41598-024-59239-5",FALSE,FALSE,"Springer Nature","Scientific Reports","2045-2322",NA,"2045-2322","2045-2322","https://creativecommons.org/licenses/by/4.0",TRUE,"38627481","PMC11021523",NA,NA,TRUE,"sn2024deal","03s7gtk40_sn2024deal_2024"
"Leipzig U",2024,1899.24,"10.1155/2024/3272185",FALSE,FALSE,"Wiley-Blackwell","European Journal of Cancer Care","0961-5423","0961-5423","1365-2354","0961-5423","https://creativecommons.org/licenses/by/4.0/",TRUE,NA,NA,NA,NA,FALSE,"wiley2024deal","03s7gtk40_wiley2024deal_2024"
"Leipzig U",2024,2532.32,"10.1111/ddi.13856",FALSE,FALSE,"Wiley-Blackwell","Diversity and Distributions","1366-9516","1366-9516","1472-4642","1366-9516","http://creativecommons.org/licenses/by/4.0/",TRUE,NA,NA,NA,NA,TRUE,"wiley2024deal","03s7gtk40_wiley2024deal_2024"
"Leipzig U",2025,1729.12,"10.1002/ece3.11637",FALSE,FALSE,"Wiley-Blackwell","Ecology and Evolution","2045-7758","2045-7758","2045-7758","2045-7758","http://creativecommons.org/licenses/by/4.0/",TRUE,"39421328","PMC11483556",NA,NA,TRUE,"wiley2024deal","03s7gtk40_wiley2024deal_2024"
"Leipzig U",2024,1157.98,"10.1186/s42155-024-00454-6",FALSE,FALSE,"Springer Nature","CVIR Endovascular","2520-8934",NA,"2520-8934","2520-8934","https://creativecommons.org/licenses/by/4.0",TRUE,"38700601","PMC11068722",NA,NA,TRUE,"sn2024deal","03s7gtk40_sn2024deal_2024"
"Leipzig U",2024,2228.56,"10.1186/s13037-024-00401-3",FALSE,FALSE,"Springer Nature","Patient Safety in Surgery","1754-9493",NA,"1754-9493","1754-9493","https://creativecommons.org/licenses/by/4.0",TRUE,"38778372","PMC11112942",NA,NA,TRUE,"sn2024deal","03s7gtk40_sn2024deal_2024"
"Leipzig U",2024,2105.11,"10.1155/2024/2952520",FALSE,FALSE,"Wiley-Blackwell","BioMed Research International","2314-6133","2314-6133","2314-6141","2314-6133","http://creativecommons.org/licenses/by/4.0/",TRUE,"38899041","PMC11186689",NA,NA,FALSE,"wiley2024deal","03s7gtk40_wiley2024deal_2024"
"Leipzig U",2024,1675.52,"10.1016/j.ijppaw.2024.100942",FALSE,FALSE,"Elsevier BV","International Journal for Parasitology: Parasites and Wildlife","2213-2244","2213-2244",NA,"2213-2244","http://creativecommons.org/licenses/by/4.0/",TRUE,"38778918","PMC11109899",NA,NA,TRUE,"els2023deal","03s7gtk40_els2023deal_2024"
"Leipzig U",2024,2131.53,"10.1186/s12889-024-19599-z",FALSE,FALSE,"Springer Nature","BMC Public Health","1471-2458",NA,"1471-2458","1471-2458","https://creativecommons.org/licenses/by/4.0",TRUE,"39090620","PMC11295583",NA,NA,TRUE,"sn2024deal","03s7gtk40_sn2024deal_2024"
"Leipzig U",2024,1698.82,"10.1186/s40479-024-00267-y",FALSE,FALSE,"Springer Nature","Borderline Personality Disorder and Emotion Dysregulation","2051-6673",NA,"2051-6673","2051-6673","https://creativecommons.org/licenses/by/4.0",TRUE,"39278912","PMC11403868",NA,NA,TRUE,"sn2024deal","03s7gtk40_sn2024deal_2024"
"Leipzig U",2024,5976.75,"10.1038/s41467-024-48830-z",FALSE,FALSE,"Springer Nature","Nature Communications","2041-1723",NA,"2041-1723","2041-1723","https://creativecommons.org/licenses/by/4.0",TRUE,"38858378","PMC11164979",NA,NA,TRUE,"sn2024deal","03s7gtk40_sn2024deal_2024"
"Leipzig U",2024,2143.9,"10.1038/s41598-024-61380-0",FALSE,FALSE,"Springer Nature","Scientific Reports","2045-2322",NA,"2045-2322","2045-2322","https://creativecommons.org/licenses/by/4.0",TRUE,"38763952","PMC11102905",NA,NA,TRUE,"sn2024deal","03s7gtk40_sn2024deal_2024"
"Leipzig U",2024,1923.04,"10.1002/ece3.11530",FALSE,FALSE,"Wiley-Blackwell","Ecology and Evolution","2045-7758","2045-7758","2045-7758","2045-7758","http://creativecommons.org/licenses/by/4.0/",TRUE,"38895566","PMC11183910",NA,NA,TRUE,"wiley2024deal","03s7gtk40_wiley2024deal_2024"
"Leipzig U",2024,1955.47,"10.1186/s12875-024-02419-z",FALSE,FALSE,"Springer Nature","BMC Primary Care","2731-4553",NA,"2731-4553","2731-4553","https://creativecommons.org/licenses/by/4.0",TRUE,"38762452","PMC11102275",NA,NA,TRUE,"sn2024deal","03s7gtk40_sn2024deal_2024"
"Leipzig U",2024,1704.08,"10.1186/s42466-024-00327-2",FALSE,FALSE,"Springer Nature","Neurological Research and Practice","2524-3489",NA,"2524-3489","2524-3489","https://creativecommons.org/licenses/by/4.0",TRUE,"38898536","PMC11188181",NA,NA,TRUE,"sn2024deal","03s7gtk40_sn2024deal_2024"
"Leipzig U",2024,2522.8,"10.1016/j.jhepr.2024.101122",FALSE,FALSE,"Elsevier BV","JHEP Reports","2589-5559","2589-5559",NA,"2589-5559","http://creativecommons.org/licenses/by/4.0/",TRUE,"39188540","PMC11345383",NA,NA,TRUE,"els2023deal","03s7gtk40_els2023deal_2024"
"Leipzig U",2024,2143.9,"10.1038/s41598-024-63819-w",FALSE,FALSE,"Springer Nature","Scientific Reports","2045-2322",NA,"2045-2322","2045-2322","https://creativecommons.org/licenses/by/4.0",TRUE,"38839980","PMC11153614",NA,NA,TRUE,"sn2024deal","03s7gtk40_sn2024deal_2024"
"Leipzig U",2024,1713.6,"10.1002/sae2.12108",FALSE,FALSE,"Wiley-Blackwell","Journal of Sustainable Agriculture and Environment","2767-035X","2767-035X","2767-035X","2767-035X","http://creativecommons.org/licenses/by/4.0/",TRUE,NA,NA,NA,NA,TRUE,"wiley2024deal","03s7gtk40_wiley2024deal_2024"
"Leipzig U",2024,2143.9,"10.1038/s41598-024-63813-2",FALSE,FALSE,"Springer Nature","Scientific Reports","2045-2322",NA,"2045-2322","2045-2322","https://creativecommons.org/licenses/by/4.0",TRUE,"38839940","PMC11153211",NA,NA,TRUE,"sn2024deal","03s7gtk40_sn2024deal_2024"
"Leipzig U",2024,2370.58,"10.1186/s12889-024-19059-8",FALSE,FALSE,"Springer Nature","BMC Public Health","1471-2458",NA,"1471-2458","1471-2458","https://creativecommons.org/licenses/by/4.0",TRUE,"38898432","PMC11186167",NA,NA,TRUE,"sn2024deal","03s7gtk40_sn2024deal_2024"
"Leipzig U",2024,2011.6,"10.1113/ep091911",FALSE,FALSE,"Wiley-Blackwell","Experimental Physiology","0958-0670","0958-0670","1469-445X","0958-0670","http://creativecommons.org/licenses/by/4.0/",TRUE,"39233383","PMC11522821",NA,NA,TRUE,"wiley2024deal","03s7gtk40_wiley2024deal_2024"
"Leipzig U",2024,2388.24,"10.1186/s12964-024-01835-z",FALSE,FALSE,"Springer Nature","Cell Communication and Signaling","1478-811X",NA,"1478-811X","1478-811X","https://creativecommons.org/licenses/by/4.0",TRUE,"39313816","PMC11421122",NA,NA,TRUE,"sn2024deal","03s7gtk40_sn2024deal_2024"
"Leipzig U",2024,2354,"10.1016/j.esmogo.2024.100082",FALSE,FALSE,"Elsevier BV","ESMO Gastrointestinal Oncology","2949-8198","2949-8198",NA,"2949-8198","http://creativecommons.org/licenses/by-nc-nd/4.0/",TRUE,"41647586","PMC12836678",NA,NA,TRUE,"els2023deal","03s7gtk40_els2023deal_2024"
"Leipzig U",2024,2525.2,"10.1111/2041-210x.14365",FALSE,FALSE,"Wiley-Blackwell","Methods in Ecology and Evolution","2041-210X","2041-210X","2041-210X","2041-210X","http://creativecommons.org/licenses/by-nc/4.0/",TRUE,NA,NA,NA,NA,TRUE,"wiley2024deal","03s7gtk40_wiley2024deal_2024"
"Leipzig U",2024,3463.03,"10.1186/s40168-024-01802-3",FALSE,FALSE,"Springer Nature","Microbiome","2049-2618",NA,"2049-2618","2049-2618","https://creativecommons.org/licenses/by/4.0",TRUE,"38711157","PMC11071242",NA,NA,TRUE,"sn2024deal","03s7gtk40_sn2024deal_2024"
"Leipzig U",2024,1289.07,"10.1186/s13705-024-00462-3",FALSE,FALSE,"Springer Nature","Energy, Sustainability and Society","2192-0567",NA,"2192-0567","2192-0567","https://creativecommons.org/licenses/by/4.0",TRUE,NA,NA,NA,NA,TRUE,"sn2024deal","03s7gtk40_sn2024deal_2024"
"Leipzig U",2024,2143.9,"10.1038/s41598-024-64723-z",FALSE,FALSE,"Springer Nature","Scientific Reports","2045-2322",NA,"2045-2322","2045-2322","https://creativecommons.org/licenses/by/4.0",TRUE,"38918449","PMC11199707",NA,NA,TRUE,"sn2024deal","03s7gtk40_sn2024deal_2024"
"Leipzig U",2024,797.3,"10.1016/j.xpro.2024.102977",FALSE,FALSE,"Elsevier BV","STAR Protocols","2666-1667","2666-1667",NA,"2666-1667","http://creativecommons.org/licenses/by/4.0/",TRUE,"38875117","PMC11225905",NA,NA,TRUE,"els2023deal","03s7gtk40_els2023deal_2024"
"Leipzig U",2024,1758.28,"10.1186/s12875-024-02566-3",FALSE,FALSE,"Springer Nature","BMC Primary Care","2731-4553",NA,"2731-4553","2731-4553","https://creativecommons.org/licenses/by/4.0",TRUE,"39143540","PMC11323454",NA,NA,TRUE,"sn2024deal","03s7gtk40_sn2024deal_2024"
"Leipzig U",2024,1634.96,"10.1002/asl.1268",FALSE,FALSE,"Wiley-Blackwell","Atmospheric Science Letters","1530-261X","1530-261X","1530-261X","1530-261X","http://creativecommons.org/licenses/by/4.0/",TRUE,NA,NA,NA,NA,TRUE,"wiley2024deal","03s7gtk40_wiley2024deal_2024"
"Leipzig U",2024,2322.88,"10.1016/j.jbo.2024.100616",FALSE,FALSE,"Elsevier BV","Journal of Bone Oncology","2212-1374","2212-1374",NA,"2212-1366","http://creativecommons.org/licenses/by-nc-nd/4.0/",TRUE,"39015297","PMC11250887",NA,NA,TRUE,"els2023deal","03s7gtk40_els2023deal_2024"
"Leipzig U",2024,5374.05,"10.1038/s41467-024-52214-8",FALSE,FALSE,"Springer Nature","Nature Communications","2041-1723",NA,"2041-1723","2041-1723","https://creativecommons.org/licenses/by/4.0",TRUE,"39261453","PMC11390906",NA,NA,TRUE,"sn2024deal","03s7gtk40_sn2024deal_2024"
"Leipzig U",2024,2910.4,"10.1002/alz.14097",FALSE,FALSE,"Wiley-Blackwell","Alzheimer's & Dementia","1552-5260","1552-5260","1552-5279","1552-5260","http://creativecommons.org/licenses/by-nc-nd/4.0/",TRUE,"38967275","PMC11350131",NA,NA,FALSE,"wiley2024deal","03s7gtk40_wiley2024deal_2024"
"Leipzig U",2025,1954.73,"10.1186/s12917-024-04256-9",FALSE,FALSE,"Springer Nature","BMC Veterinary Research","1746-6148",NA,"1746-6148","1746-6148","https://creativecommons.org/licenses/by/4.0",TRUE,"39238011","PMC11378391",NA,NA,TRUE,"sn2024deal","03s7gtk40_sn2024deal_2024"
"Leipzig U",2024,2807.56,"10.1186/s13195-024-01499-4",FALSE,FALSE,"Springer Nature","Alzheimer's Research & Therapy","1758-9193",NA,"1758-9193","1758-9193","https://creativecommons.org/licenses/by/4.0",TRUE,"38909256","PMC11193217",NA,NA,TRUE,"sn2024deal","03s7gtk40_sn2024deal_2024"
"Leipzig U",2024,1963.56,"10.1186/s12885-024-12547-5",FALSE,FALSE,"Springer Nature","BMC Cancer","1471-2407",NA,"1471-2407","1471-2407","https://creativecommons.org/licenses/by/4.0",TRUE,"38956510","PMC11221107",NA,NA,TRUE,"sn2024deal","03s7gtk40_sn2024deal_2024"
"Leipzig U",2024,1824.76,"10.1186/s13019-024-02904-7",FALSE,FALSE,"Springer Nature","Journal of Cardiothoracic Surgery","1749-8090",NA,"1749-8090","1749-8090","https://creativecommons.org/licenses/by/4.0",TRUE,"38961486","PMC11221183",NA,NA,TRUE,"sn2024deal","03s7gtk40_sn2024deal_2024"
"Leipzig U",2024,2910.4,"10.1016/j.esmoop.2024.103655",FALSE,FALSE,"Elsevier BV","ESMO Open","2059-7029","2059-7029",NA,"2059-7029","http://creativecommons.org/licenses/by/4.0/",TRUE,"39088984","PMC11345380",NA,NA,TRUE,"els2023deal","03s7gtk40_els2023deal_2024"
"Leipzig U",2024,1498,"10.1016/j.jpra.2024.09.004",FALSE,FALSE,"Elsevier BV","JPRAS Open","2352-5878","2352-5878",NA,"2352-5878","http://creativecommons.org/licenses/by/4.0/",TRUE,"39403390","PMC11472379",NA,NA,TRUE,"els2023deal","03s7gtk40_els2023deal_2024"
"Leipzig U",2024,2131.53,"10.1186/s12889-024-19174-6",FALSE,FALSE,"Springer Nature","BMC Public Health","1471-2458",NA,"1471-2458","1471-2458","https://creativecommons.org/licenses/by/4.0",TRUE,"39160508","PMC11331658",NA,NA,TRUE,"sn2024deal","03s7gtk40_sn2024deal_2024"
"Leipzig U",2024,2311.2,"10.1002/cnr2.2132",FALSE,FALSE,"Wiley-Blackwell","Cancer Reports","2573-8348","2573-8348","2573-8348","2573-8348","http://creativecommons.org/licenses/by/4.0/",TRUE,"39307946","PMC11417006",NA,NA,TRUE,"wiley2024deal","03s7gtk40_wiley2024deal_2024"
"Leipzig U",2024,1005.99,"10.1186/s40359-024-01867-7",FALSE,FALSE,"Springer Nature","BMC Psychology","2050-7283",NA,"2050-7283","2050-7283","https://creativecommons.org/licenses/by/4.0",TRUE,"38982524","PMC11232264",NA,NA,TRUE,"sn2024deal","03s7gtk40_sn2024deal_2024"
"Leipzig U",2024,1927.71,"10.1038/s41598-024-65320-w",FALSE,FALSE,"Springer Nature","Scientific Reports","2045-2322",NA,"2045-2322","2045-2322","https://creativecommons.org/licenses/by/4.0",TRUE,"38961176","PMC11222535",NA,NA,TRUE,"sn2024deal","03s7gtk40_sn2024deal_2024"
"Leipzig U",2024,1585.87,"10.1186/s13321-024-00875-4",FALSE,FALSE,"Springer Nature","Journal of Cheminformatics","1758-2946",NA,"1758-2946","1758-2946","https://creativecommons.org/licenses/by/4.0",TRUE,"39030583","PMC11264917",NA,NA,TRUE,"sn2024deal","03s7gtk40_sn2024deal_2024"
"Leipzig U",2024,3319.68,"10.1016/j.lanepe.2024.100981",FALSE,FALSE,"Elsevier BV","The Lancet Regional Health - Europe","2666-7762","2666-7762",NA,"2666-7762","http://creativecommons.org/licenses/by/4.0/",TRUE,"39045127","PMC11263645",NA,NA,TRUE,"els2023deal","03s7gtk40_els2023deal_2024"
"Leipzig U",2024,763.98,"10.1155/2024/6627035",FALSE,FALSE,"Wiley-Blackwell","Autoimmune Diseases","2090-0430","2090-0422","2090-0430","2090-0430","https://creativecommons.org/licenses/by/4.0/",TRUE,"38571561","PMC10990649",NA,NA,FALSE,"wiley2024deal","03s7gtk40_wiley2024deal_2024"
"Leipzig U",2024,2675.12,"10.1002/clc.24250",FALSE,FALSE,"Wiley-Blackwell","Clinical Cardiology","0160-9289","0160-9289","1932-8737","0160-9289","http://creativecommons.org/licenses/by/4.0/",TRUE,"38450791","PMC10918703",NA,NA,TRUE,"wiley2024deal","03s7gtk40_wiley2024deal_2024"
"Leipzig U",2024,2018.24,"10.1002/pan3.10627",FALSE,FALSE,"Wiley-Blackwell","People and Nature","2575-8314","2575-8314","2575-8314","2575-8314","http://creativecommons.org/licenses/by/4.0/",TRUE,NA,NA,NA,NA,TRUE,"wiley2024deal","03s7gtk40_wiley2024deal_2024"
"Leipzig U",2024,2256.38,"10.1186/s13068-024-02479-4",FALSE,FALSE,"Springer Nature","Biotechnology for Biofuels and Bioproducts","2731-3654",NA,"2731-3654","2731-3654","https://creativecommons.org/licenses/by/4.0",TRUE,"38486283","PMC10941469",NA,NA,TRUE,"sn2024deal","03s7gtk40_sn2024deal_2024"
"Leipzig U",2024,1675.52,"10.1016/j.ijppaw.2024.100911",FALSE,FALSE,"Elsevier BV","International Journal for Parasitology: Parasites and Wildlife","2213-2244","2213-2244",NA,"2213-2244","http://creativecommons.org/licenses/by/4.0/",TRUE,"38352914","PMC10862008",NA,NA,TRUE,"els2023deal","03s7gtk40_els2023deal_2024"
"Leipzig U",2024,2008.72,"10.1016/j.xjon.2024.02.016",FALSE,FALSE,"Elsevier BV","JTCVS Open","2666-2736","2666-2736",NA,"2666-2736","http://creativecommons.org/licenses/by-nc-nd/4.0/",TRUE,"38690411","PMC11056496",NA,NA,TRUE,"els2023deal","03s7gtk40_els2023deal_2024"
"Leipzig U",2024,1951.6,"10.1002/apxr.202300140",FALSE,FALSE,"Wiley-Blackwell","Advanced Physics Research","2751-1200","2751-1200","2751-1200","2751-1200","http://creativecommons.org/licenses/by/4.0/",TRUE,NA,NA,NA,NA,TRUE,"wiley2024deal","03s7gtk40_wiley2024deal_2024"
"Leipzig U",2024,2029.4,"10.1186/s12887-023-04487-z",FALSE,FALSE,"Springer Nature","BMC Pediatrics","1471-2431",NA,"1471-2431","1471-2431","https://creativecommons.org/licenses/by/4.0",TRUE,"38183087","PMC10768421",NA,NA,TRUE,"sn2024deal","03s7gtk40_sn2024deal_2024"
"Leipzig U",2024,2173.95,"10.1186/s40001-024-01662-5",FALSE,FALSE,"Springer Nature","European Journal of Medical Research","2047-783X",NA,"2047-783X","0949-2321","https://creativecommons.org/licenses/by/4.0",TRUE,"38238789","PMC10795395",NA,NA,TRUE,"sn2024deal","03s7gtk40_sn2024deal_2024"
"Leipzig U",2024,2173.95,"10.1186/s12888-024-05633-2",FALSE,FALSE,"Springer Nature","BMC Psychiatry","1471-244X",NA,"1471-244X","1471-244X","https://creativecommons.org/licenses/by/4.0",TRUE,"38448877","PMC10916197",NA,NA,TRUE,"sn2024deal","03s7gtk40_sn2024deal_2024"
"Leipzig U",2024,2029.4,"10.1186/s12864-024-10008-8",FALSE,FALSE,"Springer Nature","BMC Genomics","1471-2164",NA,"1471-2164","1471-2164","https://creativecommons.org/licenses/by/4.0",TRUE,"38310227","PMC10837983",NA,NA,TRUE,"sn2024deal","03s7gtk40_sn2024deal_2024"
"Leipzig U",2024,5976.75,"10.1038/s41467-024-44856-5",FALSE,FALSE,"Springer Nature","Nature Communications","2041-1723",NA,"2041-1723","2041-1723","https://creativecommons.org/licenses/by/4.0",TRUE,"38287028","PMC10825170",NA,NA,TRUE,"sn2024deal","03s7gtk40_sn2024deal_2024"
"Leipzig U",2024,2042.86,"10.1186/s12903-024-04134-8",FALSE,FALSE,"Springer Nature","BMC Oral Health","1472-6831",NA,"1472-6831","1472-6831","https://creativecommons.org/licenses/by/4.0",TRUE,"38553697","PMC10981345",NA,NA,TRUE,"sn2024deal","03s7gtk40_sn2024deal_2024"
"Leipzig U",2024,2071.41,"10.1038/s41597-023-02784-x",FALSE,FALSE,"Springer Nature","Scientific Data","2052-4463",NA,"2052-4463","2052-4463","https://creativecommons.org/licenses/by/4.0",TRUE,"38172139","PMC10764875",NA,NA,TRUE,"sn2024deal","03s7gtk40_sn2024deal_2024"
"Leipzig U",2024,2071.41,"10.1038/s41598-023-50927-2",FALSE,FALSE,"Springer Nature","Scientific Reports","2045-2322",NA,"2045-2322","2045-2322","https://creativecommons.org/licenses/by/4.0",TRUE,"38182640","PMC10770152",NA,NA,TRUE,"sn2024deal","03s7gtk40_sn2024deal_2024"
"Leipzig U",2024,2173.95,"10.1186/s12917-024-03876-5",FALSE,FALSE,"Springer Nature","BMC Veterinary Research","1746-6148",NA,"1746-6148","1746-6148","https://creativecommons.org/licenses/by/4.0",TRUE,"38310231","PMC10837884",NA,NA,TRUE,"sn2024deal","03s7gtk40_sn2024deal_2024"
"Leipzig U",2024,2173.95,"10.1186/s12888-024-05521-9",FALSE,FALSE,"Springer Nature","BMC Psychiatry","1471-244X",NA,"1471-244X","1471-244X","https://creativecommons.org/licenses/by/4.0",TRUE,"38388350","PMC10885433",NA,NA,TRUE,"sn2024deal","03s7gtk40_sn2024deal_2024"
"Leipzig U",2024,2173.95,"10.1186/s12917-024-03946-8",FALSE,FALSE,"Springer Nature","BMC Veterinary Research","1746-6148",NA,"1746-6148","1746-6148","https://creativecommons.org/licenses/by/4.0",TRUE,"38459577","PMC10921659",NA,NA,TRUE,"sn2024deal","03s7gtk40_sn2024deal_2024"
"Leipzig U",2024,2131.4,"10.1186/s12576-024-00898-4",FALSE,FALSE,"Elsevier BV","The Journal of Physiological Sciences","1880-6546","1880-6546",NA,"1880-6546","http://creativecommons.org/licenses/by/4.0",TRUE,"38311742","PMC10840265",NA,NA,TRUE,"sn2024deal","03s7gtk40_sn2024deal_2024"
"Leipzig U",2024,1529.7,"10.1186/s13567-024-01268-z",FALSE,FALSE,"Springer Nature","Veterinary Research","1297-9716",NA,"1297-9716","0928-4249","https://creativecommons.org/licenses/by/4.0",TRUE,"38317258","PMC10845567",NA,NA,TRUE,"sn2024deal","03s7gtk40_sn2024deal_2024"
"Leipzig U",2024,2143.9,"10.1038/s41598-024-53470-w",FALSE,FALSE,"Springer Nature","Scientific Reports","2045-2322",NA,"2045-2322","2045-2322","https://creativecommons.org/licenses/by/4.0",TRUE,"38351286","PMC10864289",NA,NA,TRUE,"sn2024deal","03s7gtk40_sn2024deal_2024"
"Leipzig U",2024,1889.34,"10.1186/s12909-024-05257-w",FALSE,FALSE,"Springer Nature","BMC Medical Education","1472-6920",NA,"1472-6920","1472-6920","https://creativecommons.org/licenses/by/4.0",TRUE,"38475755","PMC10935781",NA,NA,TRUE,"sn2024deal","03s7gtk40_sn2024deal_2024"
"Leipzig U",2024,2143.9,"10.1038/s41598-024-56537-w",FALSE,FALSE,"Springer Nature","Scientific Reports","2045-2322",NA,"2045-2322","2045-2322","https://creativecommons.org/licenses/by/4.0",TRUE,"38467758","PMC10928114",NA,NA,TRUE,"sn2024deal","03s7gtk40_sn2024deal_2024"
"Leipzig U",2024,2100.43,"10.1186/s12891-024-07346-9",FALSE,FALSE,"Springer Nature","BMC Musculoskeletal Disorders","1471-2474",NA,"1471-2474","1471-2474","https://creativecommons.org/licenses/by/4.0",TRUE,"38475756","PMC10935801",NA,NA,TRUE,"sn2024deal","03s7gtk40_sn2024deal_2024"
"Leipzig U",2024,2042.86,"10.1186/s12882-024-03536-8",FALSE,FALSE,"Springer Nature","BMC Nephrology","1471-2369",NA,"1471-2369","1471-2369","https://creativecommons.org/licenses/by/4.0",TRUE,"38486159","PMC10938657",NA,NA,TRUE,"sn2024deal","03s7gtk40_sn2024deal_2024"
"Leipzig U",2024,1129.92,"10.1016/j.ssmmh.2024.100332",FALSE,FALSE,"Elsevier BV","SSM - Mental Health","2666-5603","2666-5603",NA,"2666-5603","http://creativecommons.org/licenses/by-nc/4.0/",TRUE,NA,NA,NA,NA,TRUE,"els2023deal","03s7gtk40_els2023deal_2024"
"Leipzig U",2024,1540.8,"10.1002/sae2.12116",FALSE,FALSE,"Wiley-Blackwell","Journal of Sustainable Agriculture and Environment","2767-035X","2767-035X","2767-035X","2767-035X","http://creativecommons.org/licenses/by/4.0/",TRUE,NA,NA,NA,NA,TRUE,"wiley2024deal","03s7gtk40_wiley2024deal_2024"
"Leipzig U",2024,1005.99,"10.1186/s40359-024-01890-8",FALSE,FALSE,"Springer Nature","BMC Psychology","2050-7283",NA,"2050-7283","2050-7283","https://creativecommons.org/licenses/by/4.0",TRUE,"39080719","PMC11290253",NA,NA,TRUE,"sn2024deal","03s7gtk40_sn2024deal_2024"
"Leipzig U",2024,2311.53,"10.1186/s13293-024-00602-6",FALSE,FALSE,"Springer Nature","Biology of Sex Differences","2042-6410",NA,"2042-6410","2042-6410","https://creativecommons.org/licenses/by/4.0",TRUE,"38532495","PMC10964567",NA,NA,TRUE,"sn2024deal","03s7gtk40_sn2024deal_2024"
"Leipzig U",2024,1609.28,"10.1016/j.heliyon.2024.e34473",FALSE,FALSE,"Elsevier BV","Heliyon","2405-8440","2405-8440",NA,"2405-8440","http://creativecommons.org/licenses/by/4.0/",TRUE,"39130429","PMC11315170",NA,NA,TRUE,"els2023deal","03s7gtk40_els2023deal_2024"
"Leipzig U",2024,1557.92,"10.1016/j.jvacx.2024.100524",FALSE,FALSE,"Elsevier BV","Vaccine: X","2590-1362","2590-1362",NA,"2590-1362","http://creativecommons.org/licenses/by/4.0/",TRUE,"39105134","PMC11299585",NA,NA,TRUE,"els2023deal","03s7gtk40_els2023deal_2024"
"Leipzig U",2024,2173.34,"10.1186/s12931-024-02936-6",FALSE,FALSE,"Springer Nature","Respiratory Research","1465-993X",NA,"1465-993X","1465-9921","https://creativecommons.org/licenses/by/4.0",TRUE,"39174980","PMC11340115",NA,NA,TRUE,"sn2024deal","03s7gtk40_sn2024deal_2024"
"Leipzig U",2024,2503.76,"10.1016/j.ijcha.2024.101349",FALSE,FALSE,"Elsevier BV","IJC Heart & Vasculature","2352-9067","2352-9067",NA,"2352-9067","http://creativecommons.org/licenses/by-nc-nd/4.0/",TRUE,"38322018","PMC10844669",NA,NA,TRUE,"els2023deal","03s7gtk40_els2023deal_2024"
"Leipzig U",2024,2503.76,"10.1016/j.ijcha.2024.101383",FALSE,FALSE,"Elsevier BV","IJC Heart & Vasculature","2352-9067","2352-9067",NA,"2352-9067","http://creativecommons.org/licenses/by-nc-nd/4.0/",TRUE,"38496258","PMC10940133",NA,NA,TRUE,"els2023deal","03s7gtk40_els2023deal_2024"
"Leipzig U",2024,2003.83,"10.1186/s12913-024-11296-2",FALSE,FALSE,"Springer Nature","BMC Health Services Research","1472-6963",NA,"1472-6963","1472-6963","https://creativecommons.org/licenses/by/4.0",TRUE,"39061066","PMC11282656",NA,NA,TRUE,"sn2024deal","03s7gtk40_sn2024deal_2024"
"Leipzig U",2024,1403.84,"10.1016/j.baae.2024.07.004",FALSE,FALSE,"Elsevier BV","Basic and Applied Ecology","1439-1791","1439-1791",NA,"1439-1791","http://creativecommons.org/licenses/by/4.0/",TRUE,NA,NA,NA,NA,TRUE,"els2023deal","03s7gtk40_els2023deal_2024"
"Leipzig U",2024,3535.92,"10.1038/s42003-024-05926-y",FALSE,FALSE,"Springer Nature","Communications Biology","2399-3642",NA,"2399-3642","2399-3642","https://creativecommons.org/licenses/by/4.0",TRUE,"38548860","PMC10978994",NA,NA,TRUE,"sn2024deal","03s7gtk40_sn2024deal_2024"
"Leipzig U",2024,1375.44,"10.1186/s13567-024-01363-1",FALSE,FALSE,"Springer Nature","Veterinary Research","1297-9716",NA,"1297-9716","0928-4249","https://creativecommons.org/licenses/by/4.0",TRUE,"39313819","PMC11421183",NA,NA,TRUE,"sn2024deal","03s7gtk40_sn2024deal_2024"
"Leipzig U",2024,2099.85,"10.1186/s12935-024-03458-3",FALSE,FALSE,"Springer Nature","Cancer Cell International","1475-2867",NA,"1475-2867","1475-2867","https://creativecommons.org/licenses/by/4.0",TRUE,"39107782","PMC11302197",NA,NA,TRUE,"sn2024deal","03s7gtk40_sn2024deal_2024"
"Leipzig U",2025,1729.12,"10.1016/j.mbplus.2024.100163",FALSE,FALSE,"Elsevier BV","Matrix Biology Plus","2590-0285","2590-0285",NA,"2590-0285","http://creativecommons.org/licenses/by-nc-nd/4.0/",TRUE,"39736893","PMC11683482",NA,NA,TRUE,"els2023deal","03s7gtk40_els2023deal_2024"
"Leipzig U",2024,2143.9,"10.1038/s41598-024-59230-0",FALSE,FALSE,"Springer Nature","Scientific Reports","2045-2322",NA,"2045-2322","2045-2322","https://creativecommons.org/licenses/by/4.0",TRUE,"38637577","PMC11026457",NA,NA,TRUE,"sn2024deal","03s7gtk40_sn2024deal_2024"
"Leipzig U",2024,1789.76,"10.1016/j.heliyon.2024.e29951",FALSE,FALSE,"Elsevier BV","Heliyon","2405-8440","2405-8440",NA,"2405-8440","http://creativecommons.org/licenses/by/4.0/",TRUE,"38694076","PMC11058892",NA,NA,TRUE,"els2023deal","03s7gtk40_els2023deal_2024"
"Leipzig U",2024,2046.8,"10.1016/j.meegid.2024.105626",FALSE,FALSE,"Elsevier BV","Infection, Genetics and Evolution","1567-1348","1567-1348",NA,"1567-1348","http://creativecommons.org/licenses/by/4.0/",TRUE,"38908736","PMC12010953",NA,NA,TRUE,"els2023deal","03s7gtk40_els2023deal_2024"
"Leipzig U",2024,2852.43,"10.1016/j.isci.2024.109819",FALSE,FALSE,"Elsevier BV","iScience","2589-0042","2589-0042",NA,"2589-0042","http://creativecommons.org/licenses/by-nc-nd/4.0/",TRUE,"38770135","PMC11103378",NA,NA,TRUE,"els2023deal","03s7gtk40_els2023deal_2024"
"Leipzig U",2024,2852.43,"10.1016/j.isci.2024.109036",FALSE,FALSE,"Elsevier BV","iScience","2589-0042","2589-0042",NA,"2589-0042","http://creativecommons.org/licenses/by/4.0/",TRUE,"38361612","PMC10867650",NA,NA,TRUE,"els2023deal","03s7gtk40_els2023deal_2024"
"Leipzig U",2024,1846.88,"10.1016/j.ctro.2024.100783",FALSE,FALSE,"Elsevier BV","Clinical and Translational Radiation Oncology","2405-6308","2405-6308",NA,"2405-6308","http://creativecommons.org/licenses/by/4.0/",TRUE,"38706724","PMC11063589",NA,NA,TRUE,"els2023deal","03s7gtk40_els2023deal_2024"
"Leipzig U",2024,2370.58,"10.1186/s12958-024-01207-9",FALSE,FALSE,"Springer Nature","Reproductive Biology and Endocrinology","1477-7827",NA,"1477-7827","1477-7827","https://creativecommons.org/licenses/by/4.0",TRUE,"38650041","PMC11034139",NA,NA,TRUE,"sn2024deal","03s7gtk40_sn2024deal_2024"
"Leipzig U",2025,1888.62,"10.1186/s13018-024-05211-y",FALSE,FALSE,"Springer Nature","Journal of Orthopaedic Surgery and Research","1749-799X",NA,"1749-799X","1749-799X","https://creativecommons.org/licenses/by/4.0",TRUE,"39488689","PMC11531142",NA,NA,TRUE,"sn2024deal","03s7gtk40_sn2024deal_2024"
"Leipzig U",2025,1927.71,"10.1038/s41598-024-77040-2",FALSE,FALSE,"Springer Nature","Scientific Reports","2045-2322",NA,"2045-2322","2045-2322","https://creativecommons.org/licenses/by/4.0",TRUE,"39462032","PMC11513102",NA,NA,TRUE,"sn2024deal","03s7gtk40_sn2024deal_2024"
"Leipzig U",2025,2003.83,"10.1186/s13037-024-00414-y",FALSE,FALSE,"Springer Nature","Patient Safety in Surgery","1754-9493",NA,"1754-9493","1754-9493","https://creativecommons.org/licenses/by/4.0",TRUE,"39482772","PMC11526551",NA,NA,TRUE,"sn2024deal","03s7gtk40_sn2024deal_2024"
"Leipzig U",2025,2445.86,"10.1186/s40478-024-01889-7",FALSE,FALSE,"Springer Nature","Acta Neuropathologica Communications","2051-5960",NA,"2051-5960","2051-5960","https://creativecommons.org/licenses/by/4.0",TRUE,"39593128","PMC11590270",NA,NA,TRUE,"sn2024deal","03s7gtk40_sn2024deal_2024"
"Leipzig U",2025,1332.19,"10.1038/s41392-024-02059-w",FALSE,FALSE,"Springer Nature","Signal Transduction and Targeted Therapy","2059-3635",NA,"2059-3635","2059-3635","https://creativecommons.org/licenses/by/4.0",TRUE,"39557831","PMC11574030",NA,NA,TRUE,"sn2024deal","03s7gtk40_sn2024deal_2024"
"Leipzig U",2025,2251.28,"10.1002/epi4.13106",FALSE,FALSE,"Wiley-Blackwell","Epilepsia Open","2470-9239","2470-9239","2470-9239","2470-9239","http://creativecommons.org/licenses/by-nc-nd/4.0/",TRUE,"39570184","PMC11803284",NA,NA,TRUE,"wiley2024deal","03s7gtk40_wiley2024deal_2024"
"Leipzig U",2025,2165.68,"10.1016/j.jag.2024.104252",FALSE,FALSE,"Elsevier BV","International Journal of Applied Earth Observation and Geoinformation","1569-8432","1569-8432",NA,"1569-8432","http://creativecommons.org/licenses/by/4.0/",TRUE,NA,NA,NA,NA,TRUE,"els2023deal","03s7gtk40_els2023deal_2024"
"Leipzig U",2025,1797.6,"10.1016/j.jvacx.2024.100590",FALSE,FALSE,"Elsevier BV","Vaccine: X","2590-1362","2590-1362",NA,"2590-1362","http://creativecommons.org/licenses/by/4.0/",TRUE,"39659664","PMC11629322",NA,NA,TRUE,"els2023deal","03s7gtk40_els2023deal_2024"
"Leipzig U",2024,1780.38,"10.1024/2673-8627/a000068",FALSE,FALSE,"Hogrefe Publishing Group","European Journal of Psychology Open","2673-8627",NA,"2673-8627","2673-8627","https://creativecommons.org/licenses/by-nc-nd/4.0",TRUE,NA,NA,NA,NA,TRUE,"hogrefe2024gac","03s7gtk40_hogrefe2024gac_2024"
"Leipzig U",2025,4438.36,"10.1016/j.celrep.2024.114987",FALSE,FALSE,"Elsevier BV","Cell Reports","2211-1247","2211-1247",NA,"2211-1247","http://creativecommons.org/licenses/by/4.0/",TRUE,"39580797",NA,NA,NA,TRUE,"els2023deal","03s7gtk40_els2023deal_2024"
"Leipzig U",2025,2730.64,"10.1007/s00432-024-06050-4",FALSE,FALSE,"Springer Nature","Journal of Cancer Research and Clinical Oncology","1432-1335",NA,"1432-1335","0171-5216","https://creativecommons.org/licenses/by/4.0",TRUE,"39724190","PMC11671566",NA,NA,TRUE,"sn2024deal","03s7gtk40_sn2024deal_2024"
"Leipzig U",2025,1836.85,"10.1186/s12882-024-03889-0",FALSE,FALSE,"Springer Nature","BMC Nephrology","1471-2369",NA,"1471-2369","1471-2369","https://creativecommons.org/licenses/by/4.0",TRUE,"39623315","PMC11610369",NA,NA,TRUE,"sn2024deal","03s7gtk40_sn2024deal_2024"
"Leipzig U",2025,1763.36,"10.1016/j.conctc.2024.101393",FALSE,FALSE,"Elsevier BV","Contemporary Clinical Trials Communications","2451-8654","2451-8654",NA,"2451-8654","http://creativecommons.org/licenses/by/4.0/",TRUE,"39686958","PMC11647154",NA,NA,TRUE,"els2023deal","03s7gtk40_els2023deal_2024"
"Leipzig U",2025,1159.07,"10.1186/s13705-024-00492-x",FALSE,FALSE,"Springer Nature","Energy, Sustainability and Society","2192-0567",NA,"2192-0567","2192-0567","https://creativecommons.org/licenses/by/4.0",TRUE,NA,NA,NA,NA,TRUE,"sn2024deal","03s7gtk40_sn2024deal_2024"
"Leipzig U",2025,2439.6,"10.1016/j.geoderma.2024.117095",FALSE,FALSE,"Elsevier BV","Geoderma","0016-7061","0016-7061",NA,"0016-7061","http://creativecommons.org/licenses/by/4.0/",TRUE,NA,NA,NA,NA,FALSE,"els2023deal","03s7gtk40_els2023deal_2024"
"Leipzig U",2025,1498,"10.1016/j.jpra.2024.12.002",FALSE,FALSE,"Elsevier BV","JPRAS Open","2352-5878","2352-5878",NA,"2352-5878","http://creativecommons.org/licenses/by/4.0/",TRUE,"39846031","PMC11751431",NA,NA,TRUE,"els2023deal","03s7gtk40_els2023deal_2024"
"Leipzig U",2025,1316.1,"10.1016/j.ophoto.2024.100080",FALSE,FALSE,"Elsevier BV","ISPRS Open Journal of Photogrammetry and Remote Sensing","2667-3932","2667-3932",NA,"2667-3932","http://creativecommons.org/licenses/by/4.0/",TRUE,NA,NA,NA,NA,TRUE,"els2023deal","03s7gtk40_els2023deal_2024"
"Leipzig U",2025,4356.51,"10.1016/j.ebiom.2024.105458",FALSE,FALSE,"Elsevier BV","EBioMedicine","2352-3964","2352-3964",NA,"2352-3964","http://creativecommons.org/licenses/by-nc/4.0/",TRUE,"39608059","PMC11638646",NA,NA,TRUE,"els2023deal","03s7gtk40_els2023deal_2024"
"Leipzig U",2025,1927.71,"10.1038/s41598-024-81414-x",FALSE,FALSE,"Springer Nature","Scientific Reports","2045-2322",NA,"2045-2322","2045-2322","https://creativecommons.org/licenses/by/4.0",TRUE,"39681576","PMC11649784",NA,NA,TRUE,"sn2024deal","03s7gtk40_sn2024deal_2024"
"Leipzig U",2025,1927.71,"10.1038/s41598-024-80498-9",FALSE,FALSE,"Springer Nature","Scientific Reports","2045-2322",NA,"2045-2322","2045-2322","https://creativecommons.org/licenses/by/4.0",TRUE,"39695178","PMC11655638",NA,NA,TRUE,"sn2024deal","03s7gtk40_sn2024deal_2024"
"Leipzig U",2025,1888.62,"10.1186/s12891-024-08155-w",FALSE,FALSE,"Springer Nature","BMC Musculoskeletal Disorders","1471-2474",NA,"1471-2474","1471-2474","https://creativecommons.org/licenses/by/4.0",TRUE,"39681876","PMC11648282",NA,NA,TRUE,"sn2024deal","03s7gtk40_sn2024deal_2024"
"Leipzig U",2025,3612.32,"10.1002/ehf2.15111",FALSE,FALSE,"Oxford University Press (OUP)","ESC Heart Failure","2055-5822",NA,"2055-5822","2055-5822","http://creativecommons.org/licenses/by-nc-nd/4.0/",TRUE,"39663741","PMC11911634",NA,NA,TRUE,"wiley2024deal","03s7gtk40_wiley2024deal_2024"
"Leipzig U",2025,1836.85,"10.1186/s12936-024-05207-3",FALSE,FALSE,"Springer Nature","Malaria Journal","1475-2875",NA,"1475-2875","1475-2875","https://creativecommons.org/licenses/by/4.0",TRUE,"39663534","PMC11633025",NA,NA,TRUE,"sn2024deal","03s7gtk40_sn2024deal_2024"
"Leipzig U",2025,1332.19,"10.1038/s41392-024-02084-9",FALSE,FALSE,"Springer Nature","Signal Transduction and Targeted Therapy","2059-3635",NA,"2059-3635","2059-3635","https://creativecommons.org/licenses/by/4.0",TRUE,"39676111","PMC11646996",NA,NA,TRUE,"sn2024deal","03s7gtk40_sn2024deal_2024"
"Leipzig U",2024,1983.54,"10.1186/s13034-024-00775-3",FALSE,FALSE,"Springer Nature","Child and Adolescent Psychiatry and Mental Health","1753-2000",NA,"1753-2000","1753-2000","https://creativecommons.org/licenses/by/4.0",TRUE,"39010111","PMC11251315",NA,NA,TRUE,"sn2024deal","03s7gtk40_sn2024deal_2024"
"Leipzig U",2024,1267.13,"10.1140/epjqt/s40507-024-00274-6",FALSE,FALSE,"Springer Nature","EPJ Quantum Technology","2662-4400","2662-4400","2196-0763","2196-0763","https://creativecommons.org/licenses/by/4.0",TRUE,NA,NA,NA,NA,TRUE,"sn2024deal","03s7gtk40_sn2024deal_2024"
"Leipzig U",2025,1080.7,"10.1016/j.caeai.2024.100343",FALSE,FALSE,"Elsevier BV","Computers and Education: Artificial Intelligence","2666-920X","2666-920X",NA,"2666-920X","http://creativecommons.org/licenses/by-nc/4.0/",TRUE,NA,NA,NA,NA,TRUE,"els2023deal","03s7gtk40_els2023deal_2024"
"Leipzig U",2024,2253.55,"10.1177/10760296241301412",FALSE,FALSE,"SAGE Publications","Clinical and Applied Thrombosis/Hemostasis","1076-0296","1076-0296","1938-2723","1076-0296","https://creativecommons.org/licenses/by-nc/4.0/",TRUE,"39574230","PMC11585050",NA,NA,TRUE,"sage2024gac","03s7gtk40_sage2024gac_2024"
"Leipzig U",2025,4438.36,"10.1016/j.celrep.2024.115078",FALSE,FALSE,"Elsevier BV","Cell Reports","2211-1247","2211-1247",NA,"2211-1247","http://creativecommons.org/licenses/by-nc-nd/4.0/",TRUE,"39705141",NA,NA,NA,TRUE,"els2023deal","03s7gtk40_els2023deal_2024"
"Leipzig U",2024,2679.28,"10.1016/j.nbd.2024.106671",FALSE,FALSE,"Elsevier BV","Neurobiology of Disease","0969-9961","0969-9961",NA,"0969-9961","http://creativecommons.org/licenses/by/4.0/",TRUE,"39293688",NA,NA,NA,TRUE,"els2023deal","03s7gtk40_els2023deal_2024"
"Leipzig U",2025,1888.62,"10.1186/s12245-024-00752-9",FALSE,FALSE,"Springer Nature","International Journal of Emergency Medicine","1865-1380",NA,"1865-1380","1865-1372","https://creativecommons.org/licenses/by/4.0",TRUE,"39434027","PMC11495119",NA,NA,TRUE,"sn2024deal","03s7gtk40_sn2024deal_2024"
"Leipzig U",2025,1075.59,"10.1186/s13256-024-04869-6",FALSE,FALSE,"Springer Nature","Journal of Medical Case Reports","1752-1947",NA,"1752-1947","1752-1947","https://creativecommons.org/licenses/by/4.0",TRUE,"39533337","PMC11556189",NA,NA,TRUE,"sn2024deal","03s7gtk40_sn2024deal_2024"
"Leipzig U",2025,1319.18,"10.1186/s41205-024-00246-7",FALSE,FALSE,"Springer Nature","3D Printing in Medicine","2365-6271",NA,"2365-6271","2365-6271","https://creativecommons.org/licenses/by/4.0",TRUE,"39592528","PMC11600587",NA,NA,TRUE,"sn2024deal","03s7gtk40_sn2024deal_2024"
"Leipzig U",2025,2525.2,"10.1111/2041-210x.14429",FALSE,FALSE,"Wiley-Blackwell","Methods in Ecology and Evolution","2041-210X","2041-210X","2041-210X","2041-210X","http://creativecommons.org/licenses/by/4.0/",TRUE,NA,NA,NA,NA,TRUE,"wiley2024deal","03s7gtk40_wiley2024deal_2024"
"Leipzig U",2025,4162.3,"10.1038/s41408-024-01197-2",FALSE,FALSE,"Springer Nature","Blood Cancer Journal","2044-5385",NA,"2044-5385","2044-5385","https://creativecommons.org/licenses/by/4.0",TRUE,"39632797","PMC11618392",NA,NA,TRUE,"sn2024deal","03s7gtk40_sn2024deal_2024"
"Leipzig U",2024,3535.92,"10.1038/s42003-024-05783-9",FALSE,FALSE,"Springer Nature","Communications Biology","2399-3642",NA,"2399-3642","2399-3642","https://creativecommons.org/licenses/by/4.0",TRUE,"38228886","PMC10791652",NA,NA,TRUE,"sn2024deal","03s7gtk40_sn2024deal_2024"
"Leipzig U",2025,2157.12,"10.1111/aogs.15002",FALSE,FALSE,"Wiley-Blackwell","Acta Obstetricia et Gynecologica Scandinavica","0001-6349","0001-6349","1600-0412","0001-6349","http://creativecommons.org/licenses/by-nc/4.0/",TRUE,"39520214","PMC11683536",NA,NA,TRUE,"wiley2024deal","03s7gtk40_wiley2024deal_2024"
"Leipzig U",2024,2071.41,"10.1038/s41598-023-46143-7",FALSE,FALSE,"Springer Nature","Scientific Reports","2045-2322",NA,"2045-2322","2045-2322","https://creativecommons.org/licenses/by/4.0",TRUE,"37914797","PMC10620231",NA,NA,TRUE,"sn2020deal","03s7gtk40_sn2020deal_2023"
"Leipzig U",2025,1076.42,"10.1155/2024/8610423",FALSE,FALSE,"Wiley-Blackwell","International Journal of Dentistry","1687-8728","1687-8728","1687-8736","1687-8728","http://creativecommons.org/licenses/by/4.0/",TRUE,"38962723","PMC11221961",NA,NA,TRUE,"wiley2024deal","03s7gtk40_wiley2024deal_2024"
"Leipzig U",2024,2852.43,"10.1016/j.isci.2024.108889",FALSE,FALSE,"Elsevier BV","iScience","2589-0042","2589-0042",NA,"2589-0042","http://creativecommons.org/licenses/by/4.0/",TRUE,"38322986","PMC10844042",NA,NA,TRUE,"els2023deal","03s7gtk40_els2023deal_2024"
"Leipzig U",2025,2730.64,"10.1007/s00432-024-05947-4",FALSE,FALSE,"Springer Nature","Journal of Cancer Research and Clinical Oncology","1432-1335",NA,"1432-1335","0171-5216","https://creativecommons.org/licenses/by/4.0",TRUE,"39503874","PMC11541297",NA,NA,TRUE,"sn2024deal","03s7gtk40_sn2024deal_2024"
"Leipzig U",2024,2336.88,"10.1016/j.geoderma.2024.117037",FALSE,FALSE,"Elsevier BV","Geoderma","0016-7061","0016-7061",NA,"0016-7061","http://creativecommons.org/licenses/by/4.0/",TRUE,NA,NA,NA,NA,FALSE,"els2023deal","03s7gtk40_els2023deal_2024"
"Leipzig U",2024,5077.73,"10.1016/s2542-5196(24)00005-6",FALSE,FALSE,"Elsevier BV","The Lancet Planetary Health","2542-5196","2542-5196",NA,"2542-5196","http://creativecommons.org/licenses/by/4.0/",TRUE,NA,NA,NA,NA,TRUE,"els2023deal","03s7gtk40_els2023deal_2024"
"Leipzig U",2024,797.3,"10.1016/j.xpro.2024.103075",FALSE,FALSE,"Elsevier BV","STAR Protocols","2666-1667","2666-1667",NA,"2666-1667","http://creativecommons.org/licenses/by-nc-nd/4.0/",TRUE,"38805394","PMC11153903",NA,NA,TRUE,"els2023deal","03s7gtk40_els2023deal_2024"
"Leipzig U",2024,2380,"10.1002/adpr.202300235",FALSE,FALSE,"Wiley-Blackwell","Advanced Photonics Research","2699-9293","2699-9293","2699-9293","2699-9293","http://creativecommons.org/licenses/by/4.0/",TRUE,NA,NA,NA,NA,TRUE,"wiley2024deal","03s7gtk40_wiley2024deal_2024"
"Leipzig U",2024,2475.2,"10.1002/admi.202300623",FALSE,FALSE,"Wiley-Blackwell","Advanced Materials Interfaces","2196-7350","2196-7350","2196-7350","2196-7350","http://creativecommons.org/licenses/by/4.0/",TRUE,NA,NA,NA,NA,TRUE,"wiley2019deal","03s7gtk40_wiley2019deal_2023"
