"DOI","journal bucket","Currency","Article APC / PAR Fee"
"10.1016/j.aam.2024.102737","Core Hybrid","EUR","2,500.00"
"10.1016/j.aam.2024.102741","Core Hybrid","EUR","2,500.00"
"10.1016/j.aam.2024.102753","Core Hybrid","EUR","2,500.00"
"10.1016/j.aam.2024.102757","Core Hybrid","EUR","2,500.00"
"10.1016/j.aam.2024.102794","Core Hybrid","EUR","2,500.00"
"10.1016/j.aanat.2023.152161","Core Hybrid","EUR","2,500.00"
"10.1016/j.aanat.2024.152209","Core Hybrid","EUR","2,500.00"
"10.1016/j.aanat.2024.152211","Core Hybrid","EUR","2,500.00"
"10.1016/j.aanat.2024.152229","Core Hybrid","EUR","2,500.00"
"10.1016/j.aanat.2024.152233","Core Hybrid","EUR","2,500.00"
"10.1016/j.aanat.2024.152237","Core Hybrid","EUR","2,500.00"
"10.1016/j.aanat.2024.152239","Core Hybrid","EUR","2,500.00"
"10.1016/j.aanat.2024.152240","Core Hybrid","EUR","2,500.00"
"10.1016/j.aanat.2024.152245","Core Hybrid","EUR","2,500.00"
"10.1016/j.aanat.2024.152260","Core Hybrid","EUR","2,500.00"
"10.1016/j.aanat.2024.152270","Core Hybrid","EUR","2,500.00"
"10.1016/j.aanat.2024.152272","Core Hybrid","EUR","2,500.00"
"10.1016/j.aanat.2024.152287","Core Hybrid","EUR","2,500.00"
"10.1016/j.aanat.2024.152294","Core Hybrid","EUR","2,500.00"
"10.1016/j.aanat.2024.152295","Core Hybrid","EUR","2,500.00"
"10.1016/j.aanat.2024.152298","Core Hybrid","EUR","2,500.00"
"10.1016/j.aanat.2024.152319","Core Hybrid","EUR","2,500.00"
"10.1016/j.aanat.2024.152320","Core Hybrid","EUR","2,500.00"
"10.1016/j.aanat.2024.152323","Core Hybrid","EUR","2,500.00"
"10.1016/j.aanat.2024.152325","Core Hybrid","EUR","2,500.00"
"10.1016/j.aanat.2024.152337","Core Hybrid","EUR","2,500.00"
"10.1016/j.aanat.2024.152352","Core Hybrid","EUR","2,500.00"
"10.1016/j.aanat.2024.152371","Core Hybrid","EUR","2,500.00"
"10.1016/j.aap.2024.107535","Core Hybrid","EUR","2,500.00"
"10.1016/j.aap.2024.107604","Core Hybrid","EUR","2,500.00"
"10.1016/j.aap.2024.107719","Core Hybrid","EUR","2,500.00"
"10.1016/j.aap.2024.107811","Core Hybrid","EUR","2,500.00"
"10.1016/j.aap.2024.107838","Core Hybrid","EUR","2,500.00"
"10.1016/j.abrep.2023.100520","Core Gold","EUR","2,144.00"
"10.1016/j.abrep.2024.100564","Core Gold","EUR","2,288.00"
"10.1016/j.aca.2024.342610","Core Hybrid","EUR","2,500.00"
"10.1016/j.aca.2024.342766","Core Hybrid","EUR","2,500.00"
"10.1016/j.aca.2024.342823","Core Hybrid","EUR","2,500.00"
"10.1016/j.aca.2024.342913","Core Hybrid","EUR","2,500.00"
"10.1016/j.aca.2024.342991","Core Hybrid","EUR","2,500.00"
"10.1016/j.aca.2024.343139","Core Hybrid","EUR","2,500.00"
"10.1016/j.aca.2024.343346","Core Hybrid","EUR","2,500.00"
"10.1016/j.aca.2024.343460","Core Hybrid","EUR","2,500.00"
"10.1016/j.aca.2024.343530","Core Hybrid","EUR","2,500.00"
"10.1016/j.acags.2024.100193","Core Gold","EUR","1,376.00"
"10.1016/j.acap.2024.06.017","Core Hybrid","EUR","2,500.00"
"10.1016/j.accpm.2024.101380","Core Hybrid","EUR","2,500.00"
"10.1016/j.acha.2024.101631","Core Hybrid","EUR","2,500.00"
"10.1016/j.acha.2024.101651","Core Hybrid","EUR","2,500.00"
"10.1016/j.acha.2024.101657","Core Hybrid","EUR","2,500.00"
"10.1016/j.acha.2024.101719","Core Hybrid","EUR","2,500.00"
"10.1016/j.acorp.2024.100104","Core Hybrid","EUR","2,500.00"
"10.1016/j.acra.2023.12.016","Core Hybrid","EUR","2,500.00"
"10.1016/j.acra.2024.01.029","Core Hybrid","EUR","2,500.00"
"10.1016/j.acra.2024.01.037","Core Hybrid","EUR","2,500.00"
"10.1016/j.acra.2024.01.040","Core Hybrid","EUR","2,500.00"
"10.1016/j.acra.2024.01.041","Core Hybrid","EUR","2,500.00"
"10.1016/j.acra.2024.02.006","Core Hybrid","EUR","2,500.00"
"10.1016/j.acra.2024.02.008","Core Hybrid","EUR","2,500.00"
"10.1016/j.acra.2024.02.020","Core Hybrid","EUR","2,500.00"
"10.1016/j.acra.2024.02.036","Core Hybrid","EUR","2,500.00"
"10.1016/j.acra.2024.02.049","Core Hybrid","EUR","2,500.00"
"10.1016/j.acra.2024.03.015","Core Hybrid","EUR","2,500.00"
"10.1016/j.acra.2024.03.020","Core Hybrid","EUR","2,500.00"
"10.1016/j.acra.2024.03.043","Core Hybrid","EUR","2,500.00"
"10.1016/j.acra.2024.05.044","Core Hybrid","EUR","2,500.00"
"10.1016/j.acra.2024.06.014","Core Hybrid","EUR","2,500.00"
"10.1016/j.acra.2024.06.028","Core Hybrid","EUR","2,500.00"
"10.1016/j.acra.2024.07.010","Core Hybrid","EUR","2,500.00"
"10.1016/j.acra.2024.08.013","Core Hybrid","EUR","2,500.00"
"10.1016/j.acra.2024.08.018","Core Hybrid","EUR","2,500.00"
"10.1016/j.acra.2024.08.035","Core Hybrid","EUR","2,500.00"
"10.1016/j.acra.2024.09.029","Core Hybrid","EUR","2,500.00"
"10.1016/j.acra.2024.09.041","Core Hybrid","EUR","2,500.00"
"10.1016/j.acra.2024.10.037","Core Hybrid","EUR","2,500.00"
"10.1016/j.acra.2024.10.046","Core Hybrid","EUR","2,500.00"
"10.1016/j.acra.2024.11.054","Core Hybrid","EUR","2,500.00"
"10.1016/j.actaastro.2024.01.033","Core Hybrid","EUR","2,500.00"
"10.1016/j.actaastro.2024.02.008","Core Hybrid","EUR","2,500.00"
"10.1016/j.actaastro.2024.02.039","Core Hybrid","EUR","2,500.00"
"10.1016/j.actaastro.2024.03.002","Core Hybrid","EUR","2,500.00"
"10.1016/j.actaastro.2024.03.024","Core Hybrid","EUR","2,500.00"
"10.1016/j.actaastro.2024.03.032","Core Hybrid","EUR","2,500.00"
"10.1016/j.actaastro.2024.03.038","Core Hybrid","EUR","2,500.00"
"10.1016/j.actaastro.2024.04.005","Core Hybrid","EUR","2,500.00"
"10.1016/j.actaastro.2024.04.008","Core Hybrid","EUR","2,500.00"
"10.1016/j.actaastro.2024.04.017","Core Hybrid","EUR","2,500.00"
"10.1016/j.actaastro.2024.05.003","Core Hybrid","EUR","2,500.00"
"10.1016/j.actaastro.2024.05.009","Core Hybrid","EUR","2,500.00"
"10.1016/j.actaastro.2024.05.047","Core Hybrid","EUR","2,500.00"
"10.1016/j.actaastro.2024.06.046","Core Hybrid","EUR","2,500.00"
"10.1016/j.actaastro.2024.07.003","Core Hybrid","EUR","2,500.00"
"10.1016/j.actaastro.2024.07.006","Core Hybrid","EUR","2,500.00"
"10.1016/j.actaastro.2024.07.054","Core Hybrid","EUR","2,500.00"
"10.1016/j.actaastro.2024.08.008","Core Hybrid","EUR","2,500.00"
"10.1016/j.actaastro.2024.08.009","Core Hybrid","EUR","2,500.00"
"10.1016/j.actaastro.2024.08.034","Core Hybrid","EUR","2,500.00"
"10.1016/j.actaastro.2024.09.024","Core Hybrid","EUR","2,500.00"
"10.1016/j.actaastro.2024.09.036","Core Hybrid","EUR","2,500.00"
"10.1016/j.actaastro.2024.09.043","Core Hybrid","EUR","2,500.00"
"10.1016/j.actaastro.2024.11.026","Core Hybrid","EUR","2,500.00"
"10.1016/j.actaastro.2024.12.019","Core Hybrid","EUR","2,500.00"
"10.1016/j.actamat.2023.119563","Core Hybrid","EUR","2,500.00"
"10.1016/j.actamat.2023.119634","Core Hybrid","EUR","2,500.00"
"10.1016/j.actamat.2024.119669","Core Hybrid","EUR","2,500.00"
"10.1016/j.actamat.2024.119677","Core Hybrid","EUR","2,500.00"
"10.1016/j.actamat.2024.119687","Core Hybrid","EUR","2,500.00"
"10.1016/j.actamat.2024.119730","Core Hybrid","EUR","2,500.00"
"10.1016/j.actamat.2024.119732","Core Hybrid","EUR","2,500.00"
"10.1016/j.actamat.2024.119757","Core Hybrid","EUR","2,500.00"
"10.1016/j.actamat.2024.119781","Core Hybrid","EUR","2,500.00"
"10.1016/j.actamat.2024.119803","Core Hybrid","EUR","2,500.00"
"10.1016/j.actamat.2024.119804","Core Hybrid","EUR","2,500.00"
"10.1016/j.actamat.2024.119807","Core Hybrid","EUR","2,500.00"
"10.1016/j.actamat.2024.119829","Core Hybrid","EUR","2,500.00"
"10.1016/j.actamat.2024.119855","Core Hybrid","EUR","2,500.00"
"10.1016/j.actamat.2024.119867","Core Hybrid","EUR","2,500.00"
"10.1016/j.actamat.2024.119871","Core Hybrid","EUR","2,500.00"
"10.1016/j.actamat.2024.119905","Core Hybrid","EUR","2,500.00"
"10.1016/j.actamat.2024.119941","Core Hybrid","EUR","2,500.00"
"10.1016/j.actamat.2024.119954","Core Hybrid","EUR","2,500.00"
"10.1016/j.actamat.2024.119988","Core Hybrid","EUR","2,500.00"
"10.1016/j.actamat.2024.120034","Core Hybrid","EUR","2,500.00"
"10.1016/j.actamat.2024.120124","Core Hybrid","EUR","2,500.00"
"10.1016/j.actamat.2024.120146","Core Hybrid","EUR","2,500.00"
"10.1016/j.actamat.2024.120202","Core Hybrid","EUR","2,500.00"
"10.1016/j.actamat.2024.120221","Core Hybrid","EUR","2,500.00"
"10.1016/j.actamat.2024.120229","Core Hybrid","EUR","2,500.00"
"10.1016/j.actamat.2024.120269","Core Hybrid","EUR","2,500.00"
"10.1016/j.actamat.2024.120280","Core Hybrid","EUR","2,500.00"
"10.1016/j.actamat.2024.120299","Core Hybrid","EUR","2,500.00"
"10.1016/j.actamat.2024.120326","Core Hybrid","EUR","2,500.00"
"10.1016/j.actamat.2024.120357","Core Hybrid","EUR","2,500.00"
"10.1016/j.actamat.2024.120394","Core Hybrid","EUR","2,500.00"
"10.1016/j.actamat.2024.120416","Core Hybrid","EUR","2,500.00"
"10.1016/j.actamat.2024.120421","Core Hybrid","EUR","2,500.00"
"10.1016/j.actamat.2024.120423","Core Hybrid","EUR","2,500.00"
"10.1016/j.actamat.2024.120455","Core Hybrid","EUR","2,500.00"
"10.1016/j.actamat.2024.120460","Core Hybrid","EUR","2,500.00"
"10.1016/j.actamat.2024.120470","Core Hybrid","EUR","2,500.00"
"10.1016/j.actamat.2024.120488","Core Hybrid","EUR","2,500.00"
"10.1016/j.actamat.2024.120512","Core Hybrid","EUR","2,500.00"
"10.1016/j.actamat.2024.120513","Core Hybrid","EUR","2,500.00"
"10.1016/j.actamat.2024.120529","Core Hybrid","EUR","2,500.00"
"10.1016/j.actamat.2024.120531","Core Hybrid","EUR","2,500.00"
"10.1016/j.actamat.2024.120532","Core Hybrid","EUR","2,500.00"
"10.1016/j.actamat.2024.120548","Core Hybrid","EUR","2,500.00"
"10.1016/j.actamat.2024.120556","Core Hybrid","EUR","2,500.00"
"10.1016/j.actamat.2024.120560","Core Hybrid","EUR","2,500.00"
"10.1016/j.actamat.2024.120568","Core Hybrid","EUR","2,500.00"
"10.1016/j.actamat.2024.120569","Core Hybrid","EUR","2,500.00"
"10.1016/j.actamat.2024.120598","Core Hybrid","EUR","2,500.00"
"10.1016/j.actamat.2024.120600","Core Hybrid","EUR","2,500.00"
"10.1016/j.actamat.2024.120662","Core Hybrid","EUR","2,500.00"
"10.1016/j.actao.2024.104042","Core Hybrid","EUR","2,500.00"
"10.1016/j.actbio.2024.02.018","Core Hybrid","EUR","2,500.00"
"10.1016/j.actbio.2024.02.039","Core Hybrid","EUR","2,500.00"
"10.1016/j.actbio.2024.03.017","Core Hybrid","EUR","2,500.00"
"10.1016/j.actbio.2024.04.023","Core Hybrid","EUR","2,500.00"
"10.1016/j.actbio.2024.04.028","Core Hybrid","EUR","2,500.00"
"10.1016/j.actbio.2024.05.002","Core Hybrid","EUR","2,500.00"
"10.1016/j.actbio.2024.05.007","Core Hybrid","EUR","2,500.00"
"10.1016/j.actbio.2024.05.053","Core Hybrid","EUR","2,500.00"
"10.1016/j.actbio.2024.06.040","Core Hybrid","EUR","2,500.00"
"10.1016/j.actbio.2024.06.041","Core Hybrid","EUR","2,500.00"
"10.1016/j.actbio.2024.06.045","Core Hybrid","EUR","2,500.00"
"10.1016/j.actbio.2024.07.005","Core Hybrid","EUR","2,500.00"
"10.1016/j.actbio.2024.07.035","Core Hybrid","EUR","2,500.00"
"10.1016/j.actbio.2024.07.041","Core Hybrid","EUR","2,500.00"
"10.1016/j.actbio.2024.08.019","Core Hybrid","EUR","2,500.00"
"10.1016/j.actbio.2024.10.002","Core Hybrid","EUR","2,500.00"
"10.1016/j.actbio.2024.10.003","Core Hybrid","EUR","2,500.00"
"10.1016/j.actbio.2024.10.006","Core Hybrid","EUR","2,500.00"
"10.1016/j.actbio.2024.10.027","Core Hybrid","EUR","2,500.00"
"10.1016/j.actbio.2024.10.033","Core Hybrid","EUR","2,500.00"
"10.1016/j.actbio.2024.12.029","Core Hybrid","EUR","2,500.00"
"10.1016/j.actbio.2024.12.032","Core Hybrid","EUR","2,500.00"
"10.1016/j.actbio.2024.12.045","Core Hybrid","EUR","2,500.00"
"10.1016/j.actpsy.2024.104141","Core Gold","EUR","1,456.00"
"10.1016/j.actpsy.2024.104169","Core Gold","EUR","1,200.00"
"10.1016/j.actpsy.2024.104175","Core Gold","EUR","1,384.00"
"10.1016/j.actpsy.2024.104190","Core Gold","EUR","1,456.00"
"10.1016/j.actpsy.2024.104205","Core Gold","EUR","1,200.00"
"10.1016/j.actpsy.2024.104214","Core Gold","EUR","1,456.00"
"10.1016/j.actpsy.2024.104221","Core Gold","EUR","1,200.00"
"10.1016/j.actpsy.2024.104236","Core Gold","EUR","1,200.00"
"10.1016/j.actpsy.2024.104239","Core Gold","EUR","1,384.00"
"10.1016/j.actpsy.2024.104240","Core Gold","EUR","1,456.00"
"10.1016/j.actpsy.2024.104252","Core Gold","EUR","1,456.00"
"10.1016/j.actpsy.2024.104297","Core Gold","EUR","1,456.00"
"10.1016/j.actpsy.2024.104306","Core Gold","EUR","1,456.00"
"10.1016/j.actpsy.2024.104322","Core Gold","EUR","1,456.00"
"10.1016/j.actpsy.2024.104325","Core Gold","EUR","1,456.00"
"10.1016/j.actpsy.2024.104342","Core Gold","EUR","1,456.00"
"10.1016/j.actpsy.2024.104390","Core Gold","EUR","1,456.00"
"10.1016/j.actpsy.2024.104404","Core Gold","EUR","1,480.00"
"10.1016/j.actpsy.2024.104418","Core Gold","EUR","1,456.00"
"10.1016/j.actpsy.2024.104423","Core Gold","EUR","1,456.00"
"10.1016/j.actpsy.2024.104460","Core Gold","EUR","1,480.00"
"10.1016/j.actpsy.2024.104485","Core Gold","EUR","1,274.00"
"10.1016/j.actpsy.2024.104494","Core Gold","EUR","1,295.00"
"10.1016/j.actpsy.2024.104547","Core Gold","EUR","1,384.00"
"10.1016/j.actpsy.2024.104548","Core Gold","EUR","1,456.00"
"10.1016/j.actpsy.2024.104569","Core Gold","EUR","1,480.00"
"10.1016/j.actpsy.2024.104582","Core Gold","EUR","1,480.00"
"10.1016/j.actpsy.2024.104606","Core Gold","EUR","1,480.00"
"10.1016/j.actpsy.2024.104610","Core Gold","EUR","1,480.00"
"10.1016/j.actpsy.2024.104613","Core Gold","EUR","1,480.00"
"10.1016/j.acuro.2024.04.002","Core Hybrid","EUR","2,500.00"
"10.1016/j.acuro.2024.10.004","Core Hybrid","EUR","2,500.00"
"10.1016/j.adapen.2024.100174","Core Gold","EUR","2,624.00"
"10.1016/j.adapen.2024.100181","Core Gold","EUR","2,800.00"
"10.1016/j.adapen.2024.100190","Core Gold","EUR","2,800.00"
"10.1016/j.adapen.2024.100192","Core Gold","EUR","2,800.00"
"10.1016/j.adapen.2024.100194","Core Gold","EUR","3,000.00"
"10.1016/j.adapen.2024.100195","Core Gold","EUR","2,800.00"
"10.1016/j.adapen.2024.100202","Core Gold","EUR","3,000.00"
"10.1016/j.addbeh.2024.107980","Core Hybrid","EUR","2,500.00"
"10.1016/j.addbeh.2024.108041","Core Hybrid","EUR","2,500.00"
"10.1016/j.addbeh.2024.108175","Core Hybrid","EUR","2,500.00"
"10.1016/j.addlet.2024.100205","Core Gold","EUR",570.00
"10.1016/j.addlet.2024.100211","Core Gold","EUR",912.00
"10.1016/j.addlet.2024.100217","Core Gold","EUR",570.00
"10.1016/j.addlet.2024.100220","Core Gold","EUR",912.00
"10.1016/j.addlet.2024.100248","Core Gold","EUR","1,008.00"
"10.1016/j.addlet.2024.100257","Core Gold","EUR","1,040.00"
"10.1016/j.addma.2024.103988","Core Hybrid","EUR","2,500.00"
"10.1016/j.addma.2024.103991","Core Hybrid","EUR","2,500.00"
"10.1016/j.addma.2024.104026","Core Hybrid","EUR","2,500.00"
"10.1016/j.addma.2024.104073","Core Hybrid","EUR","2,500.00"
"10.1016/j.addma.2024.104176","Core Hybrid","EUR","2,500.00"
"10.1016/j.addma.2024.104211","Core Hybrid","EUR","2,500.00"
"10.1016/j.addma.2024.104232","Core Hybrid","EUR","2,500.00"
"10.1016/j.addma.2024.104250","Core Hybrid","EUR","2,500.00"
"10.1016/j.addma.2024.104256","Core Hybrid","EUR","2,500.00"
"10.1016/j.addma.2024.104267","Core Hybrid","EUR","2,500.00"
"10.1016/j.addma.2024.104309","Core Hybrid","EUR","2,500.00"
"10.1016/j.addma.2024.104310","Core Hybrid","EUR","2,500.00"
"10.1016/j.addma.2024.104315","Core Hybrid","EUR","2,500.00"
"10.1016/j.addma.2024.104316","Core Hybrid","EUR","2,500.00"
"10.1016/j.addma.2024.104321","Core Hybrid","EUR","2,500.00"
"10.1016/j.addma.2024.104335","Core Hybrid","EUR","2,500.00"
"10.1016/j.addma.2024.104338","Core Hybrid","EUR","2,500.00"
"10.1016/j.addma.2024.104380","Core Hybrid","EUR","2,500.00"
"10.1016/j.addma.2024.104402","Core Hybrid","EUR","2,500.00"
"10.1016/j.addma.2024.104407","Core Hybrid","EUR","2,500.00"
"10.1016/j.addma.2024.104426","Core Hybrid","EUR","2,500.00"
"10.1016/j.addma.2024.104431","Core Hybrid","EUR","2,500.00"
"10.1016/j.addma.2024.104466","Core Hybrid","EUR","2,500.00"
"10.1016/j.addma.2024.104502","Core Hybrid","EUR","2,500.00"
"10.1016/j.addma.2024.104567","Core Hybrid","EUR","2,500.00"
"10.1016/j.addr.2024.115421","Core Hybrid","EUR","2,500.00"
"10.1016/j.addr.2024.115478","Core Hybrid","EUR","2,500.00"
"10.1016/j.addr.2024.115504","Core Hybrid","EUR","2,500.00"
"10.1016/j.advwatres.2023.104538","Core Hybrid","EUR","2,500.00"
"10.1016/j.advwatres.2024.104761","Core Hybrid","EUR","2,500.00"
"10.1016/j.advwatres.2024.104763","Core Hybrid","EUR","2,500.00"
"10.1016/j.advwatres.2024.104860","Core Hybrid","EUR","2,500.00"
"10.1016/j.aeaoa.2024.100259","Core Gold","EUR","1,208.00"
"10.1016/j.aeaoa.2024.100279","Core Gold","EUR","1,208.00"
"10.1016/j.aeaoa.2024.100298","Core Gold","EUR","1,208.00"
"10.1016/j.aei.2024.102446","Core Hybrid","EUR","2,500.00"
"10.1016/j.aei.2024.102510","Core Hybrid","EUR","2,500.00"
"10.1016/j.aei.2024.102582","Core Hybrid","EUR","2,500.00"
"10.1016/j.aei.2024.102643","Core Hybrid","EUR","2,500.00"
"10.1016/j.aei.2024.102677","Core Hybrid","EUR","2,500.00"
"10.1016/j.aei.2024.102808","Core Hybrid","EUR","2,500.00"
"10.1016/j.aei.2024.102843","Core Hybrid","EUR","2,500.00"
"10.1016/j.aeolia.2024.100898","Core Hybrid","EUR","2,500.00"
"10.1016/j.aeolia.2024.100920","Core Hybrid","EUR","2,500.00"
"10.1016/j.aeolia.2024.100928","Core Hybrid","EUR","2,500.00"
"10.1016/j.aeue.2024.155163","Core Hybrid","EUR","2,500.00"
"10.1016/j.aeue.2024.155503","Core Hybrid","EUR","2,500.00"
"10.1016/j.afres.2024.100440","Core Gold","EUR",585.00
"10.1016/j.afres.2024.100467","Core Gold","EUR","1,050.00"
"10.1016/j.afres.2024.100477","Core Gold","EUR","1,050.00"
"10.1016/j.afres.2024.100570","Core Gold","EUR","1,050.00"
"10.1016/j.afres.2024.100600","Core Gold","EUR","1,170.00"
"10.1016/j.afres.2024.100640","Core Gold","EUR","1,170.00"
"10.1016/j.agee.2024.108893","Core Hybrid","EUR","2,500.00"
"10.1016/j.agee.2024.108895","Core Hybrid","EUR","2,500.00"
"10.1016/j.agee.2024.108951","Core Hybrid","EUR","2,500.00"
"10.1016/j.agee.2024.108961","Core Hybrid","EUR","2,500.00"
"10.1016/j.agee.2024.109167","Core Hybrid","EUR","2,500.00"
"10.1016/j.agee.2024.109185","Core Hybrid","EUR","2,500.00"
"10.1016/j.agee.2024.109234","Core Hybrid","EUR","2,500.00"
"10.1016/j.agee.2024.109259","Core Hybrid","EUR","2,500.00"
"10.1016/j.agee.2024.109295","Core Hybrid","EUR","2,500.00"
"10.1016/j.agee.2024.109299","Core Hybrid","EUR","2,500.00"
"10.1016/j.agee.2024.109302","Core Hybrid","EUR","2,500.00"
"10.1016/j.agee.2024.109307","Core Hybrid","EUR","2,500.00"
"10.1016/j.agee.2024.109324","Core Hybrid","EUR","2,500.00"
"10.1016/j.agee.2024.109363","Core Hybrid","EUR","2,500.00"
"10.1016/j.agee.2024.109416","Core Hybrid","EUR","2,500.00"
"10.1016/j.agrformet.2024.109887","Core Hybrid","EUR","2,500.00"
"10.1016/j.agrformet.2024.109935","Core Hybrid","EUR","2,500.00"
"10.1016/j.agrformet.2024.109949","Core Hybrid","EUR","2,500.00"
"10.1016/j.agrformet.2024.109957","Core Hybrid","EUR","2,500.00"
"10.1016/j.agrformet.2024.110086","Core Hybrid","EUR","2,500.00"
"10.1016/j.agrformet.2024.110102","Core Hybrid","EUR","2,500.00"
"10.1016/j.agrformet.2024.110127","Core Hybrid","EUR","2,500.00"
"10.1016/j.agrformet.2024.110207","Core Hybrid","EUR","2,500.00"
"10.1016/j.agrformet.2024.110235","Core Hybrid","EUR","2,500.00"
"10.1016/j.agrformet.2024.110288","Core Hybrid","EUR","2,500.00"
"10.1016/j.agrformet.2024.110302","Core Hybrid","EUR","2,500.00"
"10.1016/j.agrformet.2024.110312","Core Hybrid","EUR","2,500.00"
"10.1016/j.agrformet.2024.110367","Core Hybrid","EUR","2,500.00"
"10.1016/j.agsy.2024.103902","Core Hybrid","EUR","2,500.00"
"10.1016/j.agsy.2024.103917","Core Hybrid","EUR","2,500.00"
"10.1016/j.agsy.2024.103950","Core Hybrid","EUR","2,500.00"
"10.1016/j.agsy.2024.104011","Core Hybrid","EUR","2,500.00"
"10.1016/j.agsy.2024.104030","Core Hybrid","EUR","2,500.00"
"10.1016/j.agsy.2024.104057","Core Hybrid","EUR","2,500.00"
"10.1016/j.agsy.2024.104062","Core Hybrid","EUR","2,500.00"
"10.1016/j.agsy.2024.104068","Core Hybrid","EUR","2,500.00"
"10.1016/j.agsy.2024.104088","Core Hybrid","EUR","2,500.00"
"10.1016/j.agsy.2024.104127","Core Hybrid","EUR","2,500.00"
"10.1016/j.agsy.2024.104130","Core Hybrid","EUR","2,500.00"
"10.1016/j.agsy.2024.104176","Core Hybrid","EUR","2,500.00"
"10.1016/j.agsy.2024.104180","Core Hybrid","EUR","2,500.00"
"10.1016/j.agsy.2024.104192","Core Hybrid","EUR","2,500.00"
"10.1016/j.agsy.2024.104216","Core Hybrid","EUR","2,500.00"
"10.1016/j.agsy.2024.104222","Core Hybrid","EUR","2,500.00"
"10.1016/j.agsy.2024.104224","Core Hybrid","EUR","2,500.00"
"10.1016/j.agwat.2023.108641","Core Gold","EUR","1,896.00"
"10.1016/j.agwat.2024.108803","Core Gold","EUR","1,896.00"
"10.1016/j.agwat.2024.108826","Core Gold","EUR","1,992.00"
"10.1016/j.agwat.2024.108897","Core Gold","EUR","1,992.00"
"10.1016/j.agwat.2024.108933","Core Gold","EUR","1,992.00"
"10.1016/j.agwat.2024.108938","Core Gold","EUR","1,992.00"
"10.1016/j.agwat.2024.109026","Core Gold","EUR","2,032.00"
"10.1016/j.agwat.2024.109096","Core Gold","EUR","1,992.00"
"10.1016/j.agwat.2024.109099","Core Gold","EUR","2,032.00"
"10.1016/j.ahj.2024.07.011","Core Hybrid","EUR","2,500.00"
"10.1016/j.ahj.2024.12.008","Core Hybrid","EUR","2,500.00"
"10.1016/j.ahjo.2024.100488","Core Gold","EUR","1,210.00"
"10.1016/j.ailsci.2024.100095","Core Gold","EUR",660.00
"10.1016/j.ailsci.2024.100116","Core Gold","EUR",660.00
"10.1016/j.aim.2023.109471","Core Hybrid","EUR","2,500.00"
"10.1016/j.aim.2024.109556","Core Hybrid","EUR","2,500.00"
"10.1016/j.aim.2024.109578","Core Hybrid","EUR","2,500.00"
"10.1016/j.aim.2024.109601","Core Hybrid","EUR","2,500.00"
"10.1016/j.aim.2024.109657","Core Hybrid","EUR","2,500.00"
"10.1016/j.aim.2024.109678","Core Hybrid","EUR","2,500.00"
"10.1016/j.aim.2024.109697","Core Hybrid","EUR","2,500.00"
"10.1016/j.aim.2024.109736","Core Hybrid","EUR","2,500.00"
"10.1016/j.aim.2024.109738","Core Hybrid","EUR","2,500.00"
"10.1016/j.aim.2024.109760","Core Hybrid","EUR","2,500.00"
"10.1016/j.aim.2024.109828","Core Hybrid","EUR","2,500.00"
"10.1016/j.aim.2024.109856","Core Hybrid","EUR","2,500.00"
"10.1016/j.aim.2024.109952","Core Hybrid","EUR","2,500.00"
"10.1016/j.aim.2024.109964","Core Hybrid","EUR","2,500.00"
"10.1016/j.aim.2024.109972","Core Hybrid","EUR","2,500.00"
"10.1016/j.aim.2024.109979","Core Hybrid","EUR","2,500.00"
"10.1016/j.aim.2024.109984","Core Hybrid","EUR","2,500.00"
"10.1016/j.aim.2024.110038","Core Hybrid","EUR","2,500.00"
"10.1016/j.aime.2024.100139","Core Gold","EUR",965.00
"10.1016/j.aime.2024.100140","Core Gold","EUR",965.00
"10.1016/j.aime.2024.100142","Core Gold","EUR",965.00
"10.1016/j.aime.2024.100149","Core Gold","EUR",965.00
"10.1016/j.aime.2024.100150","Core Gold","EUR",985.00
"10.1016/j.aime.2024.100152","Core Gold","EUR","1,576.00"
"10.1016/j.aimed.2024.04.004","Core Hybrid","EUR","2,500.00"
"10.1016/j.aimed.2024.06.002","Core Hybrid","EUR","2,500.00"
"10.1016/j.aip.2024.102187","Core Hybrid","EUR","2,500.00"
"10.1016/j.aip.2024.102228","Core Hybrid","EUR","2,500.00"
"10.1016/j.ajcnut.2024.01.007","Core Hybrid","EUR","2,500.00"
"10.1016/j.ajcnut.2024.01.020","Core Hybrid","EUR","2,500.00"
"10.1016/j.ajcnut.2024.04.026","Core Hybrid","EUR","2,500.00"
"10.1016/j.ajcnut.2024.07.021","Core Hybrid","EUR","2,500.00"
"10.1016/j.ajcnut.2024.09.003","Core Hybrid","EUR","2,500.00"
"10.1016/j.ajem.2024.02.026","Core Hybrid","EUR","2,500.00"
"10.1016/j.ajem.2024.11.091","Core Hybrid","EUR","2,500.00"
"10.1016/j.ajhg.2024.02.005","CP/TL Hybrid","EUR","6,450.00"
"10.1016/j.ajhg.2024.04.017","CP/TL Hybrid","EUR","6,450.00"
"10.1016/j.ajhg.2024.04.019","CP/TL Hybrid","EUR","6,450.00"
"10.1016/j.ajhg.2024.05.001","CP/TL Hybrid","EUR","6,450.00"
"10.1016/j.ajhg.2024.09.002","CP/TL Hybrid","EUR","6,450.00"
"10.1016/j.ajhg.2024.10.019","CP/TL Hybrid","EUR","6,450.00"
"10.1016/j.ajic.2024.11.006","Core Hybrid","EUR","2,500.00"
"10.1016/j.ajo.2024.02.008","Core Hybrid","EUR","2,500.00"
"10.1016/j.ajo.2024.03.026","Core Hybrid","EUR","2,500.00"
"10.1016/j.ajo.2024.06.020","Core Hybrid","EUR","2,500.00"
"10.1016/j.ajo.2024.07.037","Core Hybrid","EUR","2,500.00"
"10.1016/j.ajo.2024.08.043","Core Hybrid","EUR","2,500.00"
"10.1016/j.ajoc.2024.102037","Core Gold","EUR",936.00
"10.1016/j.ajoc.2024.102129","Core Gold","EUR",976.00
"10.1016/j.ajoc.2024.102162","Core Gold","EUR",976.00
"10.1016/j.ajoc.2024.102169","Core Gold","EUR",976.00
"10.1016/j.ajodo.2024.08.013","Core Hybrid","EUR","2,500.00"
"10.1016/j.ajodo.2024.08.014","Core Hybrid","EUR","2,500.00"
"10.1016/j.ajogmf.2024.101332","Core Hybrid","EUR","2,500.00"
"10.1016/j.ajogmf.2024.101400","Core Hybrid","EUR","2,500.00"
"10.1016/j.ajp.2023.103838","Core Hybrid","EUR","2,500.00"
"10.1016/j.ajp.2024.103949","Core Hybrid","EUR","2,500.00"
"10.1016/j.ajpath.2024.07.019","Core Hybrid","EUR","2,500.00"
"10.1016/j.ajpath.2024.10.018","Core Hybrid","EUR","2,500.00"
"10.1016/j.ajpc.2024.100899","Core Gold","EUR","1,304.00"
"10.1016/j.ajt.2024.02.026","Core Hybrid","EUR","2,500.00"
"10.1016/j.ajt.2024.03.012","Core Hybrid","EUR","2,500.00"
"10.1016/j.ajt.2024.07.016","Core Hybrid","EUR","2,500.00"
"10.1016/j.ajt.2024.07.030","Core Hybrid","EUR","2,500.00"
"10.1016/j.ajt.2024.09.016","Core Hybrid","EUR","2,500.00"
"10.1016/j.alcohol.2023.11.006","Core Hybrid","EUR","2,500.00"
"10.1016/j.alcr.2024.100595","Core Hybrid","EUR","2,500.00"
"10.1016/j.alcr.2024.100609","Core Hybrid","EUR","2,500.00"
"10.1016/j.alcr.2024.100610","Core Hybrid","EUR","2,500.00"
"10.1016/j.alcr.2024.100612","Core Hybrid","EUR","2,500.00"
"10.1016/j.alcr.2024.100629","Core Hybrid","EUR","2,500.00"
"10.1016/j.alcr.2024.100642","Core Hybrid","EUR","2,500.00"
"10.1016/j.alcr.2024.100643","Core Hybrid","EUR","2,500.00"
"10.1016/j.alcr.2024.100654","Core Hybrid","EUR","2,500.00"
"10.1016/j.algal.2024.103593","Core Hybrid","EUR","2,500.00"
"10.1016/j.algal.2024.103801","Core Hybrid","EUR","2,500.00"
"10.1016/j.amc.2024.129091","Core Hybrid","EUR","2,500.00"
"10.1016/j.amjcard.2024.01.024","Core Hybrid","EUR","2,500.00"
"10.1016/j.amjcard.2024.06.006","Core Hybrid","EUR","2,500.00"
"10.1016/j.amjcard.2024.09.003","Core Hybrid","EUR","2,500.00"
"10.1016/j.amjcard.2024.10.017","Core Hybrid","EUR","2,500.00"
"10.1016/j.amjcard.2024.10.033","Core Hybrid","EUR","2,500.00"
"10.1016/j.amjcard.2024.11.015","Core Hybrid","EUR","2,500.00"
"10.1016/j.amjcard.2024.11.031","Core Hybrid","EUR","2,500.00"
"10.1016/j.amjmed.2024.03.019","Core Hybrid","EUR","2,500.00"
"10.1016/j.amjmed.2024.04.021","Core Hybrid","EUR","2,500.00"
"10.1016/j.amjmed.2024.04.025","Core Hybrid","EUR","2,500.00"
"10.1016/j.amjmed.2024.09.023","Core Hybrid","EUR","2,500.00"
"10.1016/j.amjoto.2024.104260","Core Hybrid","EUR","2,500.00"
"10.1016/j.amjsurg.2024.116068","Core Hybrid","EUR","2,500.00"
"10.1016/j.aml.2024.109309","Core Hybrid","EUR","2,500.00"
"10.1016/j.aml.2024.109361","Core Hybrid","EUR","2,500.00"
"10.1016/j.aml.2024.109444","Core Hybrid","EUR","2,500.00"
"10.1016/j.amper.2024.100186","Core Gold","EUR",952.00
"10.1016/j.anai.2024.07.014","Core Hybrid","EUR","2,500.00"
"10.1016/j.anai.2024.09.015","Core Hybrid","EUR","2,500.00"
"10.1016/j.anbehav.2024.03.001","Core Hybrid","EUR","2,500.00"
"10.1016/j.anbehav.2024.03.013","Core Hybrid","EUR","2,500.00"
"10.1016/j.anbehav.2024.07.003","Core Hybrid","EUR","2,500.00"
"10.1016/j.anbehav.2024.07.017","Core Hybrid","EUR","2,500.00"
"10.1016/j.anbehav.2024.08.007","Core Hybrid","EUR","2,500.00"
"10.1016/j.anbehav.2024.08.010","Core Hybrid","EUR","2,500.00"
"10.1016/j.anbehav.2024.08.014","Core Hybrid","EUR","2,500.00"
"10.1016/j.anbehav.2024.08.019","Core Hybrid","EUR","2,500.00"
"10.1016/j.anbehav.2024.09.001","Core Hybrid","EUR","2,500.00"
"10.1016/j.anbehav.2024.10.005","Core Hybrid","EUR","2,500.00"
"10.1016/j.anbehav.2024.11.007","Core Hybrid","EUR","2,500.00"
"10.1016/j.anifeedsci.2024.115900","Core Hybrid","EUR","2,500.00"
"10.1016/j.anifeedsci.2024.115942","Core Hybrid","EUR","2,500.00"
"10.1016/j.anifeedsci.2024.116133","Core Hybrid","EUR","2,500.00"
"10.1016/j.animal.2024.101117","Core Gold","EUR","1,320.00"
"10.1016/j.animal.2024.101139","Core Gold","EUR","1,320.00"
"10.1016/j.animal.2024.101163","Core Gold","EUR","1,320.00"
"10.1016/j.animal.2024.101311","Core Gold","EUR","1,386.40"
"10.1016/j.animal.2024.101318","Core Gold","EUR","1,386.40"
"10.1016/j.animal.2024.101329","Core Gold","EUR","1,386.40"
"10.1016/j.animal.2024.101358","Core Gold","EUR","1,320.00"
"10.1016/j.animal.2024.101369","Core Gold","EUR","1,386.40"
"10.1016/j.animal.2024.101405","Core Gold","EUR","1,386.40"
"10.1016/j.anireprosci.2024.107486","Core Hybrid","EUR","2,500.00"
"10.1016/j.anireprosci.2024.107536","Core Hybrid","EUR","2,500.00"
"10.1016/j.annepidem.2024.04.003","Core Hybrid","EUR","2,500.00"
"10.1016/j.annonc.2023.11.014","Core Hybrid","EUR","2,500.00"
"10.1016/j.annonc.2024.07.730","Core Hybrid","EUR","2,500.00"
"10.1016/j.annonc.2024.10.829","Core Hybrid","EUR","2,500.00"
"10.1016/j.annonc.2024.12.009","Core Hybrid","EUR","2,500.00"
"10.1016/j.antiviral.2024.105810","Core Hybrid","EUR","2,500.00"
"10.1016/j.antiviral.2024.105840","Core Hybrid","EUR","2,500.00"
"10.1016/j.antiviral.2024.105856","Core Hybrid","EUR","2,500.00"
"10.1016/j.antiviral.2024.105879","Core Hybrid","EUR","2,500.00"
"10.1016/j.antiviral.2024.105891","Core Hybrid","EUR","2,500.00"
"10.1016/j.antiviral.2024.105896","Core Hybrid","EUR","2,500.00"
"10.1016/j.antiviral.2024.105922","Core Hybrid","EUR","2,500.00"
"10.1016/j.antiviral.2024.105940","Core Hybrid","EUR","2,500.00"
"10.1016/j.antiviral.2024.105972","Core Hybrid","EUR","2,500.00"
"10.1016/j.antiviral.2024.105993","Core Hybrid","EUR","2,500.00"
"10.1016/j.antiviral.2024.106006","Core Hybrid","EUR","2,500.00"
"10.1016/j.antiviral.2024.106008","Core Hybrid","EUR","2,500.00"
"10.1016/j.antiviral.2024.106043","Core Hybrid","EUR","2,500.00"
"10.1016/j.antiviral.2024.106046","Core Hybrid","EUR","2,500.00"
"10.1016/j.antiviral.2024.106053","Core Hybrid","EUR","2,500.00"
"10.1016/j.anucene.2024.110956","Core Hybrid","EUR","2,500.00"
"10.1016/j.anucene.2024.110997","Core Hybrid","EUR","2,500.00"
"10.1016/j.anucene.2024.111061","Core Hybrid","EUR","2,500.00"
"10.1016/j.aohep.2024.101534","Core Gold","EUR",913.38
"10.1016/j.aohep.2024.101537","Core Gold","EUR",913.38
"10.1016/j.aop.2024.169742","Core Hybrid","EUR","2,500.00"
"10.1016/j.aop.2024.169838","Core Hybrid","EUR","2,500.00"
"10.1016/j.aos.2024.101545","Core Hybrid","EUR","2,500.00"
"10.1016/j.apacoust.2024.109894","Core Hybrid","EUR","2,500.00"
"10.1016/j.apacoust.2024.110220","Core Hybrid","EUR","2,500.00"
"10.1016/j.apacoust.2024.110332","Core Hybrid","EUR","2,500.00"
"10.1016/j.apacoust.2024.110389","Core Hybrid","EUR","2,500.00"
"10.1016/j.apacoust.2024.110419","Core Hybrid","EUR","2,500.00"
"10.1016/j.apacoust.2024.110430","Core Hybrid","EUR","2,500.00"
"10.1016/j.apacoust.2024.110443","Core Hybrid","EUR","2,500.00"
"10.1016/j.apal.2024.103452","Core Hybrid","EUR","2,500.00"
"10.1016/j.apal.2024.103466","Core Hybrid","EUR","2,500.00"
"10.1016/j.apal.2024.103505","Core Hybrid","EUR","2,500.00"
"10.1016/j.apal.2024.103507","Core Hybrid","EUR","2,500.00"
"10.1016/j.apal.2024.103550","Core Hybrid","EUR","2,500.00"
"10.1016/j.apcata.2024.120081","Core Hybrid","EUR","2,500.00"
"10.1016/j.apcatb.2024.123778","Core Hybrid","EUR","2,500.00"
"10.1016/j.apcatb.2024.124363","Core Hybrid","EUR","2,500.00"
"10.1016/j.apcatb.2024.124460","Core Hybrid","EUR","2,500.00"
"10.1016/j.apcatb.2024.124607","Core Hybrid","EUR","2,500.00"
"10.1016/j.apcatb.2024.124946","Core Hybrid","EUR","2,500.00"
"10.1016/j.apcato.2024.206951","Core Gold","EUR","1,536.00"
"10.1016/j.apenergy.2023.122137","Core Hybrid","EUR","2,500.00"
"10.1016/j.apenergy.2023.122617","Core Hybrid","EUR","2,500.00"
"10.1016/j.apenergy.2024.122668","Core Hybrid","EUR","2,500.00"
"10.1016/j.apenergy.2024.122693","Core Hybrid","EUR","2,500.00"
"10.1016/j.apenergy.2024.122735","Core Hybrid","EUR","2,500.00"
"10.1016/j.apenergy.2024.122745","Core Hybrid","EUR","2,500.00"
"10.1016/j.apenergy.2024.122779","Core Hybrid","EUR","2,500.00"
"10.1016/j.apenergy.2024.122830","Core Hybrid","EUR","2,500.00"
"10.1016/j.apenergy.2024.122890","Core Hybrid","EUR","2,500.00"
"10.1016/j.apenergy.2024.122921","Core Hybrid","EUR","2,500.00"
"10.1016/j.apenergy.2024.122923","Core Hybrid","EUR","2,500.00"
"10.1016/j.apenergy.2024.122933","Core Hybrid","EUR","2,500.00"
"10.1016/j.apenergy.2024.122934","Core Hybrid","EUR","2,500.00"
"10.1016/j.apenergy.2024.122958","Core Hybrid","EUR","2,500.00"
"10.1016/j.apenergy.2024.123048","Core Hybrid","EUR","2,500.00"
"10.1016/j.apenergy.2024.123150","Core Hybrid","EUR","2,500.00"
"10.1016/j.apenergy.2024.123225","Core Hybrid","EUR","2,500.00"
"10.1016/j.apenergy.2024.123232","Core Hybrid","EUR","2,500.00"
"10.1016/j.apenergy.2024.123241","Core Hybrid","EUR","2,500.00"
"10.1016/j.apenergy.2024.123364","Core Hybrid","EUR","2,500.00"
"10.1016/j.apenergy.2024.123417","Core Hybrid","EUR","2,500.00"
"10.1016/j.apenergy.2024.123476","Core Hybrid","EUR","2,500.00"
"10.1016/j.apenergy.2024.123502","Core Hybrid","EUR","2,500.00"
"10.1016/j.apenergy.2024.123530","Core Hybrid","EUR","2,500.00"
"10.1016/j.apenergy.2024.123549","Core Hybrid","EUR","2,500.00"
"10.1016/j.apenergy.2024.123550","Core Hybrid","EUR","2,500.00"
"10.1016/j.apenergy.2024.123618","Core Hybrid","EUR","2,500.00"
"10.1016/j.apenergy.2024.123624","Core Hybrid","EUR","2,500.00"
"10.1016/j.apenergy.2024.123651","Core Hybrid","EUR","2,500.00"
"10.1016/j.apenergy.2024.123672","Core Hybrid","EUR","2,500.00"
"10.1016/j.apenergy.2024.123679","Core Hybrid","EUR","2,500.00"
"10.1016/j.apenergy.2024.123688","Core Hybrid","EUR","2,500.00"
"10.1016/j.apenergy.2024.123732","Core Hybrid","EUR","2,500.00"
"10.1016/j.apenergy.2024.123783","Core Hybrid","EUR","2,500.00"
"10.1016/j.apenergy.2024.123809","Core Hybrid","EUR","2,500.00"
"10.1016/j.apenergy.2024.123823","Core Hybrid","EUR","2,500.00"
"10.1016/j.apenergy.2024.123839","Core Hybrid","EUR","2,500.00"
"10.1016/j.apenergy.2024.123960","Core Hybrid","EUR","2,500.00"
"10.1016/j.apenergy.2024.123972","Core Hybrid","EUR","2,500.00"
"10.1016/j.apenergy.2024.123991","Core Hybrid","EUR","2,500.00"
"10.1016/j.apenergy.2024.124042","Core Hybrid","EUR","2,500.00"
"10.1016/j.apenergy.2024.124101","Core Hybrid","EUR","2,500.00"
"10.1016/j.apenergy.2024.124122","Core Hybrid","EUR","2,500.00"
"10.1016/j.apenergy.2024.124126","Core Hybrid","EUR","2,500.00"
"10.1016/j.apenergy.2024.124183","Core Hybrid","EUR","2,500.00"
"10.1016/j.apenergy.2024.124197","Core Hybrid","EUR","2,500.00"
"10.1016/j.apenergy.2024.124285","Core Hybrid","EUR","2,500.00"
"10.1016/j.apenergy.2024.124447","Core Hybrid","EUR","2,500.00"
"10.1016/j.apenergy.2024.124487","Core Hybrid","EUR","2,500.00"
"10.1016/j.apenergy.2024.124495","Core Hybrid","EUR","2,500.00"
"10.1016/j.apenergy.2024.124524","Core Hybrid","EUR","2,500.00"
"10.1016/j.apenergy.2024.124606","Core Hybrid","EUR","2,500.00"
"10.1016/j.apenergy.2024.124607","Core Hybrid","EUR","2,500.00"
"10.1016/j.apenergy.2024.124616","Core Hybrid","EUR","2,500.00"
"10.1016/j.apenergy.2024.124668","Core Hybrid","EUR","2,500.00"
"10.1016/j.apenergy.2024.124907","Core Hybrid","EUR","2,500.00"
"10.1016/j.apenergy.2024.124975","Core Hybrid","EUR","2,500.00"
"10.1016/j.apenergy.2024.124982","Core Hybrid","EUR","2,500.00"
"10.1016/j.apenergy.2024.124997","Core Hybrid","EUR","2,500.00"
"10.1016/j.apenergy.2024.124999","Core Hybrid","EUR","2,500.00"
"10.1016/j.apenergy.2024.125041","Core Hybrid","EUR","2,500.00"
"10.1016/j.apenergy.2024.125042","Core Hybrid","EUR","2,500.00"
"10.1016/j.apenergy.2024.125065","Core Hybrid","EUR","2,500.00"
"10.1016/j.apenergy.2024.125069","Core Hybrid","EUR","2,500.00"
"10.1016/j.apenergy.2024.125070","Core Hybrid","EUR","2,500.00"
"10.1016/j.apenergy.2024.125073","Core Hybrid","EUR","2,500.00"
"10.1016/j.apenergy.2024.125106","Core Hybrid","EUR","2,500.00"
"10.1016/j.apenergy.2024.125128","Core Hybrid","EUR","2,500.00"
"10.1016/j.apenergy.2024.125181","Core Hybrid","EUR","2,500.00"
"10.1016/j.apergo.2024.104242","Core Hybrid","EUR","2,500.00"
"10.1016/j.apergo.2024.104243","Core Hybrid","EUR","2,500.00"
"10.1016/j.apergo.2024.104389","Core Hybrid","EUR","2,500.00"
"10.1016/j.apergo.2024.104396","Core Hybrid","EUR","2,500.00"
"10.1016/j.apgeochem.2024.105907","Core Hybrid","EUR","2,500.00"
"10.1016/j.apgeochem.2024.106015","Core Hybrid","EUR","2,500.00"
"10.1016/j.apgeochem.2024.106027","Core Hybrid","EUR","2,500.00"
"10.1016/j.apgeochem.2024.106047","Core Hybrid","EUR","2,500.00"
"10.1016/j.apgeochem.2024.106048","Core Hybrid","EUR","2,500.00"
"10.1016/j.apgeochem.2024.106060","Core Hybrid","EUR","2,500.00"
"10.1016/j.apgeochem.2024.106087","Core Hybrid","EUR","2,500.00"
"10.1016/j.apgeochem.2024.106091","Core Hybrid","EUR","2,500.00"
"10.1016/j.apgeochem.2024.106145","Core Hybrid","EUR","2,500.00"
"10.1016/j.apgeochem.2024.106147","Core Hybrid","EUR","2,500.00"
"10.1016/j.apgeochem.2024.106157","Core Hybrid","EUR","2,500.00"
"10.1016/j.apgeochem.2024.106159","Core Hybrid","EUR","2,500.00"
"10.1016/j.apgeochem.2024.106160","Core Hybrid","EUR","2,500.00"
"10.1016/j.apgeochem.2024.106208","Core Hybrid","EUR","2,500.00"
"10.1016/j.apgeochem.2024.106219","Core Hybrid","EUR","2,500.00"
"10.1016/j.apgeog.2024.103228","Core Hybrid","EUR","2,500.00"
"10.1016/j.apgeog.2024.103283","Core Hybrid","EUR","2,500.00"
"10.1016/j.apgeog.2024.103286","Core Hybrid","EUR","2,500.00"
"10.1016/j.apjo.2024.100057","Core Gold","EUR","1,424.00"
"10.1016/j.apm.2024.02.004","Core Hybrid","EUR","2,500.00"
"10.1016/j.apm.2024.06.028","Core Hybrid","EUR","2,500.00"
"10.1016/j.apm.2024.115660","Core Hybrid","EUR","2,500.00"
"10.1016/j.apm.2024.115705","Core Hybrid","EUR","2,500.00"
"10.1016/j.apm.2024.115740","Core Hybrid","EUR","2,500.00"
"10.1016/j.apm.2024.115746","Core Hybrid","EUR","2,500.00"
"10.1016/j.apm.2024.115748","Core Hybrid","EUR","2,500.00"
"10.1016/j.apmr.2024.12.007","Core Hybrid","EUR","2,500.00"
"10.1016/j.apmt.2024.102253","Core Hybrid","EUR","2,500.00"
"10.1016/j.apmt.2024.102464","Core Hybrid","EUR","2,500.00"
"10.1016/j.apmt.2024.102501","Core Hybrid","EUR","2,500.00"
"10.1016/j.apnum.2024.02.007","Core Hybrid","EUR","2,500.00"
"10.1016/j.apnum.2024.04.003","Core Hybrid","EUR","2,500.00"
"10.1016/j.apnum.2024.05.020","Core Hybrid","EUR","2,500.00"
"10.1016/j.apnum.2024.07.016","Core Hybrid","EUR","2,500.00"
"10.1016/j.apnum.2024.12.007","Core Hybrid","EUR","2,500.00"
"10.1016/j.apnum.2024.12.008","Core Hybrid","EUR","2,500.00"
"10.1016/j.apor.2024.103920","Core Hybrid","EUR","2,500.00"
"10.1016/j.apor.2024.104153","Core Hybrid","EUR","2,500.00"
"10.1016/j.appet.2024.107269","Core Hybrid","EUR","2,500.00"
"10.1016/j.appet.2024.107270","Core Hybrid","EUR","2,500.00"
"10.1016/j.appet.2024.107284","Core Hybrid","EUR","2,500.00"
"10.1016/j.appet.2024.107285","Core Hybrid","EUR","2,500.00"
"10.1016/j.appet.2024.107316","Core Hybrid","EUR","2,500.00"
"10.1016/j.appet.2024.107371","Core Hybrid","EUR","2,500.00"
"10.1016/j.appet.2024.107518","Core Hybrid","EUR","2,500.00"
"10.1016/j.appet.2024.107551","Core Hybrid","EUR","2,500.00"
"10.1016/j.appet.2024.107554","Core Hybrid","EUR","2,500.00"
"10.1016/j.appet.2024.107556","Core Hybrid","EUR","2,500.00"
"10.1016/j.appet.2024.107569","Core Hybrid","EUR","2,500.00"
"10.1016/j.appet.2024.107584","Core Hybrid","EUR","2,500.00"
"10.1016/j.appet.2024.107610","Core Hybrid","EUR","2,500.00"
"10.1016/j.appet.2024.107616","Core Hybrid","EUR","2,500.00"
"10.1016/j.appet.2024.107618","Core Hybrid","EUR","2,500.00"
"10.1016/j.appet.2024.107648","Core Hybrid","EUR","2,500.00"
"10.1016/j.appet.2024.107682","Core Hybrid","EUR","2,500.00"
"10.1016/j.appet.2024.107693","Core Hybrid","EUR","2,500.00"
"10.1016/j.appet.2024.107721","Core Hybrid","EUR","2,500.00"
"10.1016/j.appet.2024.107765","Core Hybrid","EUR","2,500.00"
"10.1016/j.appet.2024.107773","Core Hybrid","EUR","2,500.00"
"10.1016/j.appet.2024.107839","Core Hybrid","EUR","2,500.00"
"10.1016/j.applanim.2024.106171","Core Hybrid","EUR","2,500.00"
"10.1016/j.applanim.2024.106220","Core Hybrid","EUR","2,500.00"
"10.1016/j.applanim.2024.106345","Core Hybrid","EUR","2,500.00"
"10.1016/j.applanim.2024.106399","Core Hybrid","EUR","2,500.00"
"10.1016/j.apples.2024.100200","Core Gold","EUR",970.00
"10.1016/j.applthermaleng.2024.122401","Core Hybrid","EUR","2,500.00"
"10.1016/j.applthermaleng.2024.122485","Core Hybrid","EUR","2,500.00"
"10.1016/j.applthermaleng.2024.122712","Core Hybrid","EUR","2,500.00"
"10.1016/j.applthermaleng.2024.122775","Core Hybrid","EUR","2,500.00"
"10.1016/j.applthermaleng.2024.122894","Core Hybrid","EUR","2,500.00"
"10.1016/j.applthermaleng.2024.123033","Core Hybrid","EUR","2,500.00"
"10.1016/j.applthermaleng.2024.123056","Core Hybrid","EUR","2,500.00"
"10.1016/j.applthermaleng.2024.123184","Core Hybrid","EUR","2,500.00"
"10.1016/j.applthermaleng.2024.123267","Core Hybrid","EUR","2,500.00"
"10.1016/j.applthermaleng.2024.123308","Core Hybrid","EUR","2,500.00"
"10.1016/j.applthermaleng.2024.123333","Core Hybrid","EUR","2,500.00"
"10.1016/j.applthermaleng.2024.123871","Core Hybrid","EUR","2,500.00"
"10.1016/j.applthermaleng.2024.123974","Core Hybrid","EUR","2,500.00"
"10.1016/j.applthermaleng.2024.124193","Core Hybrid","EUR","2,500.00"
"10.1016/j.applthermaleng.2024.124238","Core Hybrid","EUR","2,500.00"
"10.1016/j.applthermaleng.2024.124240","Core Hybrid","EUR","2,500.00"
"10.1016/j.applthermaleng.2024.124528","Core Hybrid","EUR","2,500.00"
"10.1016/j.applthermaleng.2024.124872","Core Hybrid","EUR","2,500.00"
"10.1016/j.applthermaleng.2024.124880","Core Hybrid","EUR","2,500.00"
"10.1016/j.applthermaleng.2024.124882","Core Hybrid","EUR","2,500.00"
"10.1016/j.applthermaleng.2024.124899","Core Hybrid","EUR","2,500.00"
"10.1016/j.applthermaleng.2024.125130","Core Hybrid","EUR","2,500.00"
"10.1016/j.applthermaleng.2024.125210","Core Hybrid","EUR","2,500.00"
"10.1016/j.applthermaleng.2024.125313","Core Hybrid","EUR","2,500.00"
"10.1016/j.apradiso.2024.111448","Core Hybrid","EUR","2,500.00"
"10.1016/j.apradiso.2024.111479","Core Hybrid","EUR","2,500.00"
"10.1016/j.apsadv.2024.100636","Core Gold","EUR","1,440.00"
"10.1016/j.apsoil.2024.105277","Core Hybrid","EUR","2,500.00"
"10.1016/j.apsoil.2024.105286","Core Hybrid","EUR","2,500.00"
"10.1016/j.apsoil.2024.105381","Core Hybrid","EUR","2,500.00"
"10.1016/j.apsoil.2024.105464","Core Hybrid","EUR","2,500.00"
"10.1016/j.apsoil.2024.105483","Core Hybrid","EUR","2,500.00"
"10.1016/j.apsoil.2024.105578","Core Hybrid","EUR","2,500.00"
"10.1016/j.apsoil.2024.105584","Core Hybrid","EUR","2,500.00"
"10.1016/j.apsoil.2024.105591","Core Hybrid","EUR","2,500.00"
"10.1016/j.apsoil.2024.105710","Core Hybrid","EUR","2,500.00"
"10.1016/j.apsoil.2024.105824","Core Hybrid","EUR","2,500.00"
"10.1016/j.apsoil.2024.105834","Core Hybrid","EUR","2,500.00"
"10.1016/j.apsusc.2024.159370","Core Hybrid","EUR","2,500.00"
"10.1016/j.apsusc.2024.159614","Core Hybrid","EUR","2,500.00"
"10.1016/j.apsusc.2024.159919","Core Hybrid","EUR","2,500.00"
"10.1016/j.apsusc.2024.159966","Core Hybrid","EUR","2,500.00"
"10.1016/j.apsusc.2024.160082","Core Hybrid","EUR","2,500.00"
"10.1016/j.apsusc.2024.160290","Core Hybrid","EUR","2,500.00"
"10.1016/j.apsusc.2024.160331","Core Hybrid","EUR","2,500.00"
"10.1016/j.apsusc.2024.160338","Core Hybrid","EUR","2,500.00"
"10.1016/j.apsusc.2024.160392","Core Hybrid","EUR","2,500.00"
"10.1016/j.apsusc.2024.160603","Core Hybrid","EUR","2,500.00"
"10.1016/j.apsusc.2024.160655","Core Hybrid","EUR","2,500.00"
"10.1016/j.apsusc.2024.160707","Core Hybrid","EUR","2,500.00"
"10.1016/j.apsusc.2024.160879","Core Hybrid","EUR","2,500.00"
"10.1016/j.apsusc.2024.160880","Core Hybrid","EUR","2,500.00"
"10.1016/j.apsusc.2024.161115","Core Hybrid","EUR","2,500.00"
"10.1016/j.apsusc.2024.161156","Core Hybrid","EUR","2,500.00"
"10.1016/j.apsusc.2024.161180","Core Hybrid","EUR","2,500.00"
"10.1016/j.apsusc.2024.161331","Core Hybrid","EUR","2,500.00"
"10.1016/j.apsusc.2024.161373","Core Hybrid","EUR","2,500.00"
"10.1016/j.apsusc.2024.161408","Core Hybrid","EUR","2,500.00"
"10.1016/j.apsusc.2024.161507","Core Hybrid","EUR","2,500.00"
"10.1016/j.apsusc.2024.161716","Core Hybrid","EUR","2,500.00"
"10.1016/j.apsusc.2024.161835","Core Hybrid","EUR","2,500.00"
"10.1016/j.apsusc.2024.162258","Core Hybrid","EUR","2,500.00"
"10.1016/j.apt.2024.104481","Core Hybrid","EUR","2,500.00"
"10.1016/j.apt.2024.104553","Core Hybrid","EUR","2,500.00"
"10.1016/j.aqrep.2023.101892","Core Gold","EUR","1,400.00"
"10.1016/j.aqrep.2024.102168","Core Gold","EUR","1,400.00"
"10.1016/j.aqrep.2024.102420","Core Gold","EUR","1,472.00"
"10.1016/j.aquabot.2024.103864","Core Hybrid","EUR","2,500.00"
"10.1016/j.aquaculture.2024.740641","Core Hybrid","EUR","2,500.00"
"10.1016/j.aquaculture.2024.740814","Core Hybrid","EUR","2,500.00"
"10.1016/j.aquaculture.2024.741311","Core Hybrid","EUR","2,500.00"
"10.1016/j.aquaculture.2024.741363","Core Hybrid","EUR","2,500.00"
"10.1016/j.aquaculture.2024.741472","Core Hybrid","EUR","2,500.00"
"10.1016/j.aquaculture.2024.741484","Core Hybrid","EUR","2,500.00"
"10.1016/j.aquaeng.2024.102438","Core Hybrid","EUR","2,500.00"
"10.1016/j.aquatox.2024.106831","Core Hybrid","EUR","2,500.00"
"10.1016/j.aquatox.2024.107212","Core Hybrid","EUR","2,500.00"
"10.1016/j.ara.2024.100523","Core Hybrid","EUR","2,500.00"
"10.1016/j.arbres.2024.06.019","Core Hybrid","EUR","2,500.00"
"10.1016/j.archger.2023.105178","Core Hybrid","EUR","2,500.00"
"10.1016/j.archger.2024.105417","Core Hybrid","EUR","2,500.00"
"10.1016/j.archger.2024.105443","Core Hybrid","EUR","2,500.00"
"10.1016/j.archger.2024.105683","Core Hybrid","EUR","2,500.00"
"10.1016/j.archger.2024.105726","Core Hybrid","EUR","2,500.00"
"10.1016/j.archoralbio.2024.105981","Core Hybrid","EUR","2,500.00"
"10.1016/j.arr.2024.102280","Core Hybrid","EUR","2,500.00"
"10.1016/j.arr.2024.102488","Core Hybrid","EUR","2,500.00"
"10.1016/j.arr.2024.102617","Core Hybrid","EUR","2,500.00"
"10.1016/j.artd.2024.101476","Core Gold","EUR","1,824.00"
"10.1016/j.arth.2024.01.019","Core Hybrid","EUR","2,500.00"
"10.1016/j.arth.2024.01.032","Core Hybrid","EUR","2,500.00"
"10.1016/j.arth.2024.01.061","Core Hybrid","EUR","2,500.00"
"10.1016/j.arth.2024.05.010","Core Hybrid","EUR","2,500.00"
"10.1016/j.arth.2024.05.068","Core Hybrid","EUR","2,500.00"
"10.1016/j.arth.2024.06.014","Core Hybrid","EUR","2,500.00"
"10.1016/j.arth.2024.07.012","Core Hybrid","EUR","2,500.00"
"10.1016/j.arth.2024.09.007","Core Hybrid","EUR","2,500.00"
"10.1016/j.arth.2024.11.062","Core Hybrid","EUR","2,500.00"
"10.1016/j.arthro.2024.05.020","Core Hybrid","EUR","2,500.00"
"10.1016/j.arthro.2024.07.036","Core Hybrid","EUR","2,500.00"
"10.1016/j.arthro.2024.08.013","Core Hybrid","EUR","2,500.00"
"10.1016/j.artint.2024.104098","Core Hybrid","EUR","2,500.00"
"10.1016/j.artint.2024.104171","Core Hybrid","EUR","2,500.00"
"10.1016/j.artint.2024.104174","Core Hybrid","EUR","2,500.00"
"10.1016/j.artint.2024.104194","Core Hybrid","EUR","2,500.00"
"10.1016/j.artint.2024.104204","Core Hybrid","EUR","2,500.00"
"10.1016/j.artmed.2024.102840","Core Hybrid","EUR","2,500.00"
"10.1016/j.artmed.2024.102843","Core Hybrid","EUR","2,500.00"
"10.1016/j.artmed.2024.102873","Core Hybrid","EUR","2,500.00"
"10.1016/j.artmed.2024.102982","Core Hybrid","EUR","2,500.00"
"10.1016/j.artmed.2024.103052","Core Hybrid","EUR","2,500.00"
"10.1016/j.ascom.2024.100835","Core Hybrid","EUR","2,500.00"
"10.1016/j.ascom.2024.100884","Core Hybrid","EUR","2,500.00"
"10.1016/j.asd.2024.101333","Core Hybrid","EUR","2,500.00"
"10.1016/j.asd.2024.101372","Core Hybrid","EUR","2,500.00"
"10.1016/j.asd.2024.101373","Core Hybrid","EUR","2,500.00"
"10.1016/j.asd.2024.101393","Core Hybrid","EUR","2,500.00"
"10.1016/j.asej.2024.102741","Core Gold","EUR",624.00
"10.1016/j.asej.2024.102987","Core Gold","EUR",624.00
"10.1016/j.asieco.2024.101712","Core Hybrid","EUR","2,500.00"
"10.1016/j.asoc.2024.111325","Core Hybrid","EUR","2,500.00"
"10.1016/j.asoc.2024.111654","Core Hybrid","EUR","2,500.00"
"10.1016/j.asr.2024.03.008","Core Hybrid","EUR","2,500.00"
"10.1016/j.asr.2024.03.010","Core Hybrid","EUR","2,500.00"
"10.1016/j.asr.2024.03.031","Core Hybrid","EUR","2,500.00"
"10.1016/j.asr.2024.03.035","Core Hybrid","EUR","2,500.00"
"10.1016/j.asr.2024.03.068","Core Hybrid","EUR","2,500.00"
"10.1016/j.asr.2024.04.003","Core Hybrid","EUR","2,500.00"
"10.1016/j.asr.2024.05.041","Core Hybrid","EUR","2,500.00"
"10.1016/j.asr.2024.06.043","Core Hybrid","EUR","2,500.00"
"10.1016/j.asr.2024.06.053","Core Hybrid","EUR","2,500.00"
"10.1016/j.asr.2024.06.055","Core Hybrid","EUR","2,500.00"
"10.1016/j.asr.2024.07.001","Core Hybrid","EUR","2,500.00"
"10.1016/j.asr.2024.07.082","Core Hybrid","EUR","2,500.00"
"10.1016/j.asr.2024.08.017","Core Hybrid","EUR","2,500.00"
"10.1016/j.asr.2024.09.021","Core Hybrid","EUR","2,500.00"
"10.1016/j.asr.2024.11.024","Core Hybrid","EUR","2,500.00"
"10.1016/j.asr.2024.11.072","Core Hybrid","EUR","2,500.00"
"10.1016/j.asr.2024.11.080","Core Hybrid","EUR","2,500.00"
"10.1016/j.asr.2024.12.004","Core Hybrid","EUR","2,500.00"
"10.1016/j.ast.2024.108913","Core Hybrid","EUR","2,500.00"
"10.1016/j.ast.2024.108973","Core Hybrid","EUR","2,500.00"
"10.1016/j.ast.2024.109033","Core Hybrid","EUR","2,500.00"
"10.1016/j.ast.2024.109154","Core Hybrid","EUR","2,500.00"
"10.1016/j.ast.2024.109341","Core Hybrid","EUR","2,500.00"
"10.1016/j.ast.2024.109413","Core Hybrid","EUR","2,500.00"
"10.1016/j.ast.2024.109532","Core Hybrid","EUR","2,500.00"
"10.1016/j.ast.2024.109598","Core Hybrid","EUR","2,500.00"
"10.1016/j.ast.2024.109647","Core Hybrid","EUR","2,500.00"
"10.1016/j.ast.2024.109650","Core Hybrid","EUR","2,500.00"
"10.1016/j.ast.2024.109722","Core Hybrid","EUR","2,500.00"
"10.1016/j.ast.2024.109762","Core Hybrid","EUR","2,500.00"
"10.1016/j.ast.2024.109895","Core Hybrid","EUR","2,500.00"
"10.1016/j.astropartphys.2024.102933","Core Hybrid","EUR","2,500.00"
"10.1016/j.astropartphys.2024.103004","Core Hybrid","EUR","2,500.00"
"10.1016/j.astropartphys.2024.103008","Core Hybrid","EUR","2,500.00"
"10.1016/j.astropartphys.2024.103024","Core Hybrid","EUR","2,500.00"
"10.1016/j.astropartphys.2024.103072","Core Hybrid","EUR","2,500.00"
"10.1016/j.astropartphys.2024.103074","Core Hybrid","EUR","2,500.00"
"10.1016/j.asw.2024.100894","Core Hybrid","EUR","2,500.00"
"10.1016/j.atech.2024.100499","Core Gold","EUR","1,312.00"
"10.1016/j.atech.2024.100582","Core Gold","EUR","1,120.00"
"10.1016/j.atech.2024.100585","Core Gold","EUR","1,152.00"
"10.1016/j.atech.2024.100602","Core Gold","EUR","1,152.00"
"10.1016/j.atech.2024.100655","Core Gold","EUR","1,120.00"
"10.1016/j.atech.2024.100688","Core Gold","EUR","1,120.00"
"10.1016/j.atech.2024.100701","Core Gold","EUR","1,152.00"
"10.1016/j.atech.2024.100717","Core Gold","EUR","1,120.00"
"10.1016/j.atherosclerosis.2023.117272","Core Hybrid","EUR","2,500.00"
"10.1016/j.atherosclerosis.2024.118526","Core Hybrid","EUR","2,500.00"
"10.1016/j.atherosclerosis.2024.118569","Core Hybrid","EUR","2,500.00"
"10.1016/j.atherosclerosis.2024.118591","Core Hybrid","EUR","2,500.00"
"10.1016/j.atherosclerosis.2024.118613","Core Hybrid","EUR","2,500.00"
"10.1016/j.athoracsur.2024.05.025","Core Hybrid","EUR","2,500.00"
"10.1016/j.athoracsur.2024.10.029","Core Hybrid","EUR","2,500.00"
"10.1016/j.athplu.2024.01.005","Core Gold","EUR","1,496.00"
"10.1016/j.athplu.2024.07.002","Core Gold","EUR","1,496.00"
"10.1016/j.atmosenv.2024.120601","Core Hybrid","EUR","2,500.00"
"10.1016/j.atmosenv.2024.120667","Core Hybrid","EUR","2,500.00"
"10.1016/j.atmosenv.2024.120677","Core Hybrid","EUR","2,500.00"
"10.1016/j.atmosres.2023.107207","Core Hybrid","EUR","2,500.00"
"10.1016/j.atmosres.2024.107603","Core Hybrid","EUR","2,500.00"
"10.1016/j.atssr.2024.05.006","Core Gold","EUR",712.00
"10.1016/j.autcon.2024.105333","Core Hybrid","EUR","2,500.00"
"10.1016/j.autcon.2024.105379","Core Hybrid","EUR","2,500.00"
"10.1016/j.autcon.2024.105382","Core Hybrid","EUR","2,500.00"
"10.1016/j.autcon.2024.105390","Core Hybrid","EUR","2,500.00"
"10.1016/j.autcon.2024.105392","Core Hybrid","EUR","2,500.00"
"10.1016/j.autcon.2024.105419","Core Hybrid","EUR","2,500.00"
"10.1016/j.autcon.2024.105451","Core Hybrid","EUR","2,500.00"
"10.1016/j.autcon.2024.105467","Core Hybrid","EUR","2,500.00"
"10.1016/j.autcon.2024.105502","Core Hybrid","EUR","2,500.00"
"10.1016/j.autcon.2024.105511","Core Hybrid","EUR","2,500.00"
"10.1016/j.autcon.2024.105551","Core Hybrid","EUR","2,500.00"
"10.1016/j.autcon.2024.105591","Core Hybrid","EUR","2,500.00"
"10.1016/j.autcon.2024.105592","Core Hybrid","EUR","2,500.00"
"10.1016/j.autcon.2024.105649","Core Hybrid","EUR","2,500.00"
"10.1016/j.autcon.2024.105693","Core Hybrid","EUR","2,500.00"
"10.1016/j.autcon.2024.105699","Core Hybrid","EUR","2,500.00"
"10.1016/j.autcon.2024.105709","Core Hybrid","EUR","2,500.00"
"10.1016/j.autcon.2024.105774","Core Hybrid","EUR","2,500.00"
"10.1016/j.autcon.2024.105792","Core Hybrid","EUR","2,500.00"
"10.1016/j.autneu.2024.103219","Core Hybrid","EUR","2,500.00"
"10.1016/j.automatica.2023.111506","Core Hybrid","EUR","2,500.00"
"10.1016/j.automatica.2024.111549","Core Hybrid","EUR","2,500.00"
"10.1016/j.automatica.2024.111759","Core Hybrid","EUR","2,500.00"
"10.1016/j.automatica.2024.111799","Core Hybrid","EUR","2,500.00"
"10.1016/j.automatica.2024.111873","Core Hybrid","EUR","2,500.00"
"10.1016/j.automatica.2024.111896","Core Hybrid","EUR","2,500.00"
"10.1016/j.automatica.2024.112022","Core Hybrid","EUR","2,500.00"
"10.1016/j.automatica.2024.112023","Core Hybrid","EUR","2,500.00"
"10.1016/j.autrev.2024.103528","Core Hybrid","EUR","2,500.00"
"10.1016/j.autrev.2024.103534","Core Hybrid","EUR","2,500.00"
"10.1016/j.autrev.2024.103638","Core Hybrid","EUR","2,500.00"
"10.1016/j.avb.2024.101975","Core Hybrid","EUR","2,500.00"
"10.1016/j.avsg.2024.04.026","Core Hybrid","EUR","2,500.00"
"10.1016/j.avsg.2024.06.008","Core Hybrid","EUR","2,500.00"
"10.1016/j.avsg.2024.06.014","Core Hybrid","EUR","2,500.00"
"10.1016/j.avsg.2024.06.027","Core Hybrid","EUR","2,500.00"
"10.1016/j.avsg.2024.07.100","Core Hybrid","EUR","2,500.00"
"10.1016/j.avsg.2024.08.021","Core Hybrid","EUR","2,500.00"
"10.1016/j.avsg.2024.09.066","Core Hybrid","EUR","2,500.00"
"10.1016/j.avsurg.2024.100340","Core Gold","EUR",360.00
"10.1016/j.baae.2024.01.002","Core Gold","EUR","1,312.00"
"10.1016/j.baae.2024.01.003","Core Gold","EUR","1,312.00"
"10.1016/j.baae.2024.01.005","Core Gold","EUR","1,312.00"
"10.1016/j.baae.2024.02.005","Core Gold","EUR","1,312.00"
"10.1016/j.baae.2024.02.006","Core Gold","EUR","1,312.00"
"10.1016/j.baae.2024.02.008","Core Gold","EUR","1,312.00"
"10.1016/j.baae.2024.03.002","Core Gold","EUR","1,312.00"
"10.1016/j.baae.2024.04.002","Core Gold","EUR","1,312.00"
"10.1016/j.baae.2024.04.008","Core Gold","EUR","1,312.00"
"10.1016/j.baae.2024.05.001","Core Gold","EUR","1,148.00"
"10.1016/j.baae.2024.05.004","Core Gold","EUR","1,312.00"
"10.1016/j.baae.2024.05.005","Core Gold","EUR","1,312.00"
"10.1016/j.baae.2024.05.006","Core Gold","EUR","1,312.00"
"10.1016/j.baae.2024.06.003","Core Gold","EUR","1,312.00"
"10.1016/j.baae.2024.06.004","Core Gold","EUR","1,312.00"
"10.1016/j.baae.2024.07.003","Core Gold","EUR","1,312.00"
"10.1016/j.baae.2024.07.004","Core Gold","EUR","1,312.00"
"10.1016/j.baae.2024.08.003","Core Gold","EUR","1,312.00"
"10.1016/j.baae.2024.08.004","Core Gold","EUR","1,148.00"
"10.1016/j.baae.2024.09.001","Core Gold","EUR","1,312.00"
"10.1016/j.baae.2024.09.002","Core Gold","EUR","1,148.00"
"10.1016/j.baae.2024.09.004","Core Gold","EUR","1,312.00"
"10.1016/j.baae.2024.10.003","Core Gold","EUR","1,312.00"
"10.1016/j.baae.2024.10.006","Core Gold","EUR","1,312.00"
"10.1016/j.baae.2024.10.009","Core Gold","EUR","1,312.00"
"10.1016/j.baae.2024.10.010","Core Gold","EUR","1,148.00"
"10.1016/j.baae.2024.11.001","Core Gold","EUR","1,312.00"
"10.1016/j.baae.2024.11.004","Core Gold","EUR","1,312.00"
"10.1016/j.baae.2024.12.003","Core Gold","EUR","1,312.00"
"10.1016/j.bandc.2023.106101","Core Hybrid","EUR","2,500.00"
"10.1016/j.bandc.2024.106156","Core Hybrid","EUR","2,500.00"
"10.1016/j.bandc.2024.106165","Core Hybrid","EUR","2,500.00"
"10.1016/j.bandc.2024.106207","Core Hybrid","EUR","2,500.00"
"10.1016/j.bar.2024.101391","Core Hybrid","EUR","2,500.00"
"10.1016/j.bas.2024.102753","Core Gold","EUR","1,424.00"
"10.1016/j.bas.2024.102789","Core Gold","EUR","1,424.00"
"10.1016/j.bas.2024.102794","Core Gold","EUR","1,424.00"
"10.1016/j.bas.2024.102804","Core Gold","EUR","1,424.00"
"10.1016/j.bas.2024.102827","Core Gold","EUR","1,424.00"
"10.1016/j.bas.2024.102828","Core Gold","EUR","1,424.00"
"10.1016/j.bas.2024.102861","Core Gold","EUR","1,424.00"
"10.1016/j.bas.2024.102909","Core Gold","EUR","1,424.00"
"10.1016/j.bas.2024.103325","Core Gold","EUR",712.00
"10.1016/j.bas.2024.103328","Core Gold","EUR","1,424.00"
"10.1016/j.bas.2024.103333","Core Gold","EUR","1,424.00"
"10.1016/j.bas.2024.103911","Core Gold","EUR",712.00
"10.1016/j.bas.2024.103920","Core Gold","EUR",712.00
"10.1016/j.bas.2024.104131","Core Gold","EUR","1,424.00"
"10.1016/j.bas.2024.104133","Core Gold","EUR","1,424.00"
"10.1016/j.bas.2024.104148","Core Gold","EUR","1,424.00"
"10.1016/j.bas.2024.104152","Core Gold","EUR","1,424.00"
"10.1016/j.bas.2024.104172","Core Gold","EUR","1,424.00"
"10.1016/j.bbabio.2024.149043","Core Hybrid","EUR","2,500.00"
"10.1016/j.bbabio.2024.149485","Core Hybrid","EUR","2,500.00"
"10.1016/j.bbabio.2024.149491","Core Hybrid","EUR","2,500.00"
"10.1016/j.bbabio.2024.149508","Core Hybrid","EUR","2,500.00"
"10.1016/j.bbabio.2024.149510","Core Hybrid","EUR","2,500.00"
"10.1016/j.bbabio.2024.149514","Core Hybrid","EUR","2,500.00"
"10.1016/j.bbabio.2024.149524","Core Hybrid","EUR","2,500.00"
"10.1016/j.bbadis.2024.167016","Core Hybrid","EUR","2,500.00"
"10.1016/j.bbadis.2024.167028","Core Hybrid","EUR","2,500.00"
"10.1016/j.bbadis.2024.167133","Core Hybrid","EUR","2,500.00"
"10.1016/j.bbadis.2024.167321","Core Hybrid","EUR","2,500.00"
"10.1016/j.bbadis.2024.167448","Core Hybrid","EUR","2,500.00"
"10.1016/j.bbadis.2024.167478","Core Hybrid","EUR","2,500.00"
"10.1016/j.bbadis.2024.167538","Core Hybrid","EUR","2,500.00"
"10.1016/j.bbadis.2024.167567","Core Hybrid","EUR","2,500.00"
"10.1016/j.bbagen.2024.130595","Core Hybrid","EUR","2,500.00"
"10.1016/j.bbagen.2024.130603","Core Hybrid","EUR","2,500.00"
"10.1016/j.bbagen.2024.130668","Core Hybrid","EUR","2,500.00"
"10.1016/j.bbalip.2024.159541","Core Hybrid","EUR","2,500.00"
"10.1016/j.bbalip.2024.159562","Core Hybrid","EUR","2,500.00"
"10.1016/j.bbalip.2024.159567","Core Hybrid","EUR","2,500.00"
"10.1016/j.bbalip.2024.159569","Core Hybrid","EUR","2,500.00"
"10.1016/j.bbalip.2024.159574","Core Hybrid","EUR","2,500.00"
"10.1016/j.bbalip.2024.159582","Core Hybrid","EUR","2,500.00"
"10.1016/j.bbalip.2024.159586","Core Hybrid","EUR","2,500.00"
"10.1016/j.bbamcr.2024.119677","Core Hybrid","EUR","2,500.00"
"10.1016/j.bbamcr.2024.119683","Core Hybrid","EUR","2,500.00"
"10.1016/j.bbamcr.2024.119686","Core Hybrid","EUR","2,500.00"
"10.1016/j.bbamcr.2024.119688","Core Hybrid","EUR","2,500.00"
"10.1016/j.bbamcr.2024.119710","Core Hybrid","EUR","2,500.00"
"10.1016/j.bbamcr.2024.119732","Core Hybrid","EUR","2,500.00"
"10.1016/j.bbamcr.2024.119812","Core Hybrid","EUR","2,500.00"
"10.1016/j.bbamcr.2024.119826","Core Hybrid","EUR","2,500.00"
"10.1016/j.bbamcr.2024.119863","Core Hybrid","EUR","2,500.00"
"10.1016/j.bbamcr.2024.119887","Core Hybrid","EUR","2,500.00"
"10.1016/j.bbamem.2024.184363","Core Hybrid","EUR","2,500.00"
"10.1016/j.bbcan.2024.189111","Core Hybrid","EUR","2,500.00"
"10.1016/j.bbi.2024.01.220","Core Hybrid","EUR","2,500.00"
"10.1016/j.bbi.2024.01.222","Core Hybrid","EUR","2,500.00"
"10.1016/j.bbi.2024.02.021","Core Hybrid","EUR","2,500.00"
"10.1016/j.bbi.2024.03.035","Core Hybrid","EUR","2,500.00"
"10.1016/j.bbi.2024.04.001","Core Hybrid","EUR","2,500.00"
"10.1016/j.bbi.2024.04.004","Core Hybrid","EUR","2,500.00"
"10.1016/j.bbi.2024.04.011","Core Hybrid","EUR","2,500.00"
"10.1016/j.bbi.2024.04.025","Core Hybrid","EUR","2,500.00"
"10.1016/j.bbi.2024.04.039","Core Hybrid","EUR","2,500.00"
"10.1016/j.bbi.2024.05.015","Core Hybrid","EUR","2,500.00"
"10.1016/j.bbi.2024.07.040","Core Hybrid","EUR","2,500.00"
"10.1016/j.bbi.2024.08.015","Core Hybrid","EUR","2,500.00"
"10.1016/j.bbi.2024.08.017","Core Hybrid","EUR","2,500.00"
"10.1016/j.bbi.2024.08.023","Core Hybrid","EUR","2,500.00"
"10.1016/j.bbi.2024.08.027","Core Hybrid","EUR","2,500.00"
"10.1016/j.bbi.2024.09.003","Core Hybrid","EUR","2,500.00"
"10.1016/j.bbi.2024.09.013","Core Hybrid","EUR","2,500.00"
"10.1016/j.bbi.2024.09.026","Core Hybrid","EUR","2,500.00"
"10.1016/j.bbi.2024.10.018","Core Hybrid","EUR","2,500.00"
"10.1016/j.bbi.2024.10.024","Core Hybrid","EUR","2,500.00"
"10.1016/j.bbi.2024.10.039","Core Hybrid","EUR","2,500.00"
"10.1016/j.bbi.2024.11.004","Core Hybrid","EUR","2,500.00"
"10.1016/j.bbi.2024.11.021","Core Hybrid","EUR","2,500.00"
"10.1016/j.bbi.2024.11.028","Core Hybrid","EUR","2,500.00"
"10.1016/j.bbi.2024.12.004","Core Hybrid","EUR","2,500.00"
"10.1016/j.bbi.2024.12.009","Core Hybrid","EUR","2,500.00"
"10.1016/j.bbi.2024.12.017","Core Hybrid","EUR","2,500.00"
"10.1016/j.bbih.2023.100717","Core Gold","EUR","1,824.00"
"10.1016/j.bbih.2024.100781","Core Gold","EUR","1,824.00"
"10.1016/j.bbih.2024.100790","Core Gold","EUR","1,824.00"
"10.1016/j.bbih.2024.100806","Core Gold","EUR","1,824.00"
"10.1016/j.bbih.2024.100833","Core Gold","EUR","1,824.00"
"10.1016/j.bbih.2024.100872","Core Gold","EUR","1,856.00"
"10.1016/j.bbih.2024.100887","Core Gold","EUR","1,856.00"
"10.1016/j.bbih.2024.100909","Core Gold","EUR","2,056.00"
"10.1016/j.bbr.2024.115051","Core Hybrid","EUR","2,500.00"
"10.1016/j.bbr.2024.115063","Core Hybrid","EUR","2,500.00"
"10.1016/j.bbr.2024.115096","Core Hybrid","EUR","2,500.00"
"10.1016/j.bbr.2024.115119","Core Hybrid","EUR","2,500.00"
"10.1016/j.bbr.2024.115120","Core Hybrid","EUR","2,500.00"
"10.1016/j.bbr.2024.115125","Core Hybrid","EUR","2,500.00"
"10.1016/j.bbr.2024.115126","Core Hybrid","EUR","2,500.00"
"10.1016/j.bbr.2024.115134","Core Hybrid","EUR","2,500.00"
"10.1016/j.bbr.2024.115232","Core Hybrid","EUR","2,500.00"
"10.1016/j.bbr.2024.115254","Core Hybrid","EUR","2,500.00"
"10.1016/j.bbr.2024.115356","Core Hybrid","EUR","2,500.00"
"10.1016/j.bbr.2024.115357","Core Hybrid","EUR","2,500.00"
"10.1016/j.bbr.2024.115361","Core Hybrid","EUR","2,500.00"
"10.1016/j.bbr.2024.115371","Core Hybrid","EUR","2,500.00"
"10.1016/j.bbr.2024.115387","Core Hybrid","EUR","2,500.00"
"10.1016/j.bbrc.2024.149471","Core Hybrid","EUR","2,500.00"
"10.1016/j.bbrc.2024.149629","Core Hybrid","EUR","2,500.00"
"10.1016/j.bbrc.2024.149763","Core Hybrid","EUR","2,500.00"
"10.1016/j.bbrc.2024.149806","Core Hybrid","EUR","2,500.00"
"10.1016/j.bbrc.2024.149841","Core Hybrid","EUR","2,500.00"
"10.1016/j.bbrc.2024.150069","Core Hybrid","EUR","2,500.00"
"10.1016/j.bbrc.2024.150409","Core Hybrid","EUR","2,500.00"
"10.1016/j.bbrc.2024.150560","Core Hybrid","EUR","2,500.00"
"10.1016/j.bbrc.2024.151131","Core Hybrid","EUR","2,500.00"
"10.1016/j.bcp.2023.115805","Core Hybrid","EUR","2,500.00"
"10.1016/j.bcp.2023.115837","Core Hybrid","EUR","2,500.00"
"10.1016/j.bcp.2024.116062","Core Hybrid","EUR","2,500.00"
"10.1016/j.bcp.2024.116180","Core Hybrid","EUR","2,500.00"
"10.1016/j.bcp.2024.116188","Core Hybrid","EUR","2,500.00"
"10.1016/j.bcp.2024.116257","Core Hybrid","EUR","2,500.00"
"10.1016/j.bcp.2024.116305","Core Hybrid","EUR","2,500.00"
"10.1016/j.bcp.2024.116543","Core Hybrid","EUR","2,500.00"
"10.1016/j.beem.2024.101951","Core Hybrid","EUR","2,500.00"
"10.1016/j.beha.2024.101539","Core Hybrid","EUR","2,500.00"
"10.1016/j.beha.2024.101552","Core Hybrid","EUR","2,500.00"
"10.1016/j.beha.2024.101556","Core Hybrid","EUR","2,500.00"
"10.1016/j.beha.2024.101560","Core Hybrid","EUR","2,500.00"
"10.1016/j.beha.2024.101561","Core Hybrid","EUR","2,500.00"
"10.1016/j.beha.2024.101565","Core Hybrid","EUR","2,500.00"
"10.1016/j.beha.2024.101567","Core Hybrid","EUR","2,500.00"
"10.1016/j.beha.2024.101575","Core Hybrid","EUR","2,500.00"
"10.1016/j.beha.2024.101576","Core Hybrid","EUR","2,500.00"
"10.1016/j.bej.2024.109333","Core Hybrid","EUR","2,500.00"
"10.1016/j.bej.2024.109440","Core Hybrid","EUR","2,500.00"
"10.1016/j.bej.2024.109515","Core Hybrid","EUR","2,500.00"
"10.1016/j.bej.2024.109539","Core Hybrid","EUR","2,500.00"
"10.1016/j.bej.2024.109617","Core Hybrid","EUR","2,500.00"
"10.1016/j.berh.2024.101949","Core Hybrid","EUR","2,500.00"
"10.1016/j.beth.2024.01.009","Core Hybrid","EUR","2,500.00"
"10.1016/j.beth.2024.01.011","Core Hybrid","EUR","2,500.00"
"10.1016/j.beth.2024.10.001","Core Hybrid","EUR","2,500.00"
"10.1016/j.beth.2024.10.006","Core Hybrid","EUR","2,500.00"
"10.1016/j.bioadv.2024.213823","Core Hybrid","EUR","2,500.00"
"10.1016/j.bioadv.2024.213850","Core Hybrid","EUR","2,500.00"
"10.1016/j.bioadv.2024.213884","Core Hybrid","EUR","2,500.00"
"10.1016/j.bioadv.2024.213922","Core Hybrid","EUR","2,500.00"
"10.1016/j.bioadv.2024.213961","Core Hybrid","EUR","2,500.00"
"10.1016/j.bioadv.2024.213992","Core Hybrid","EUR","2,500.00"
"10.1016/j.bioadv.2024.213998","Core Hybrid","EUR","2,500.00"
"10.1016/j.bioadv.2024.214060","Core Hybrid","EUR","2,500.00"
"10.1016/j.biochi.2024.02.006","Core Hybrid","EUR","2,500.00"
"10.1016/j.biochi.2024.03.002","Core Hybrid","EUR","2,500.00"
"10.1016/j.biochi.2024.03.013","Core Hybrid","EUR","2,500.00"
"10.1016/j.biochi.2024.06.002","Core Hybrid","EUR","2,500.00"
"10.1016/j.biochi.2024.07.008","Core Hybrid","EUR","2,500.00"
"10.1016/j.biochi.2024.09.004","Core Hybrid","EUR","2,500.00"
"10.1016/j.biochi.2024.12.001","Core Hybrid","EUR","2,500.00"
"10.1016/j.biocon.2024.110480","Core Hybrid","EUR","2,500.00"
"10.1016/j.biocon.2024.110493","Core Hybrid","EUR","2,500.00"
"10.1016/j.biocon.2024.110496","Core Hybrid","EUR","2,500.00"
"10.1016/j.biocon.2024.110736","Core Hybrid","EUR","2,500.00"
"10.1016/j.biocon.2024.110761","Core Hybrid","EUR","2,500.00"
"10.1016/j.biocon.2024.110801","Core Hybrid","EUR","2,500.00"
"10.1016/j.biocontrol.2024.105663","Core Gold","EUR","2,328.00"
"10.1016/j.bioeco.2024.100063","Core Gold","EUR","1,312.00"
"10.1016/j.bioelechem.2024.108661","Core Hybrid","EUR","2,500.00"
"10.1016/j.bioelechem.2024.108667","Core Hybrid","EUR","2,500.00"
"10.1016/j.bioelechem.2024.108694","Core Hybrid","EUR","2,500.00"
"10.1016/j.bioelechem.2024.108775","Core Hybrid","EUR","2,500.00"
"10.1016/j.bioflm.2024.100193","Core Gold","EUR","2,024.00"
"10.1016/j.bioflm.2024.100226","Core Gold","EUR","2,024.00"
"10.1016/j.biologicals.2024.101781","Core Hybrid","EUR","2,500.00"
"10.1016/j.biomaterials.2024.122525","Core Hybrid","EUR","2,500.00"
"10.1016/j.biomaterials.2024.122614","Core Hybrid","EUR","2,500.00"
"10.1016/j.biomaterials.2024.122669","Core Hybrid","EUR","2,500.00"
"10.1016/j.biomaterials.2024.122717","Core Hybrid","EUR","2,500.00"
"10.1016/j.biomaterials.2024.123009","Core Hybrid","EUR","2,500.00"
"10.1016/j.biombioe.2024.107059","Core Hybrid","EUR","2,500.00"
"10.1016/j.biombioe.2024.107077","Core Hybrid","EUR","2,500.00"
"10.1016/j.biombioe.2024.107105","Core Hybrid","EUR","2,500.00"
"10.1016/j.biombioe.2024.107136","Core Hybrid","EUR","2,500.00"
"10.1016/j.biombioe.2024.107150","Core Hybrid","EUR","2,500.00"
"10.1016/j.biombioe.2024.107448","Core Hybrid","EUR","2,500.00"
"10.1016/j.bionps.2024.100087","Core Gold","EUR","1,768.00"
"10.1016/j.bionps.2024.100106","Core Gold","EUR","1,260.00"
"10.1016/j.bionps.2024.100116","Core Gold","EUR","1,792.00"
"10.1016/j.bioorg.2024.107235","Core Hybrid","EUR","2,500.00"
"10.1016/j.bioorg.2024.107470","Core Hybrid","EUR","2,500.00"
"10.1016/j.bioorg.2024.107883","Core Hybrid","EUR","2,500.00"
"10.1016/j.bioorg.2024.107887","Core Hybrid","EUR","2,500.00"
"10.1016/j.biopha.2024.116217","Core Gold","EUR","2,336.00"
"10.1016/j.biopha.2024.116291","Core Gold","EUR","2,448.00"
"10.1016/j.biopha.2024.116450","Core Gold","EUR","2,448.00"
"10.1016/j.biopha.2024.116575","Core Gold","EUR","2,448.00"
"10.1016/j.biopha.2024.116721","Core Gold","EUR","2,448.00"
"10.1016/j.biopha.2024.116907","Core Gold","EUR","2,448.00"
"10.1016/j.biopha.2024.116928","Core Gold","EUR","2,496.00"
"10.1016/j.biopha.2024.117066","Core Gold","EUR","2,496.00"
"10.1016/j.biopha.2024.117076","Core Gold","EUR","2,496.00"
"10.1016/j.biopha.2024.117255","Core Gold","EUR","2,496.00"
"10.1016/j.biopha.2024.117305","Core Gold","EUR","2,448.00"
"10.1016/j.biopha.2024.117365","Core Gold","EUR","2,496.00"
"10.1016/j.biopha.2024.117475","Core Gold","EUR","2,544.00"
"10.1016/j.biopha.2024.117497","Core Gold","EUR","2,496.00"
"10.1016/j.biopha.2024.117517","Core Gold","EUR","2,496.00"
"10.1016/j.biopha.2024.117523","Core Gold","EUR","2,544.00"
"10.1016/j.biopha.2024.117634","Core Gold","EUR","2,544.00"
"10.1016/j.biopsych.2024.04.014","Core Hybrid","EUR","2,500.00"
"10.1016/j.biopsych.2024.06.005","Core Hybrid","EUR","2,500.00"
"10.1016/j.biopsych.2024.07.009","Core Hybrid","EUR","2,500.00"
"10.1016/j.biopsych.2024.07.025","Core Hybrid","EUR","2,500.00"
"10.1016/j.biopsych.2024.09.023","Core Hybrid","EUR","2,500.00"
"10.1016/j.biopsych.2024.10.004","Core Hybrid","EUR","2,500.00"
"10.1016/j.biopsycho.2024.108762","Core Hybrid","EUR","2,500.00"
"10.1016/j.biopsycho.2024.108786","Core Hybrid","EUR","2,500.00"
"10.1016/j.biopsycho.2024.108820","Core Hybrid","EUR","2,500.00"
"10.1016/j.biopsycho.2024.108827","Core Hybrid","EUR","2,500.00"
"10.1016/j.biopsycho.2024.108850","Core Hybrid","EUR","2,500.00"
"10.1016/j.biopsycho.2024.108852","Core Hybrid","EUR","2,500.00"
"10.1016/j.biopsycho.2024.108955","Core Hybrid","EUR","2,500.00"
"10.1016/j.biopsycho.2024.108965","Core Hybrid","EUR","2,500.00"
"10.1016/j.biortech.2024.130467","Core Hybrid","EUR","2,500.00"
"10.1016/j.biortech.2024.130835","Core Hybrid","EUR","2,500.00"
"10.1016/j.biortech.2024.131107","Core Hybrid","EUR","2,500.00"
"10.1016/j.biortech.2024.131112","Core Hybrid","EUR","2,500.00"
"10.1016/j.biortech.2024.131663","Core Hybrid","EUR","2,500.00"
"10.1016/j.biortech.2024.131743","Core Hybrid","EUR","2,500.00"
"10.1016/j.biortech.2024.131803","Core Hybrid","EUR","2,500.00"
"10.1016/j.biortech.2024.131804","Core Hybrid","EUR","2,500.00"
"10.1016/j.biortech.2024.131837","Core Hybrid","EUR","2,500.00"
"10.1016/j.biortech.2024.131913","Core Hybrid","EUR","2,500.00"
"10.1016/j.bios.2024.116042","Core Hybrid","EUR","2,500.00"
"10.1016/j.bios.2024.116120","Core Hybrid","EUR","2,500.00"
"10.1016/j.bios.2024.116311","Core Hybrid","EUR","2,500.00"
"10.1016/j.bios.2024.116491","Core Hybrid","EUR","2,500.00"
"10.1016/j.bios.2024.116515","Core Hybrid","EUR","2,500.00"
"10.1016/j.bios.2024.116518","Core Hybrid","EUR","2,500.00"
"10.1016/j.bios.2024.116795","Core Hybrid","EUR","2,500.00"
"10.1016/j.bios.2024.116867","Core Hybrid","EUR","2,500.00"
"10.1016/j.biosx.2024.100487","Core Gold","EUR",985.00
"10.1016/j.biosx.2024.100557","Core Gold","EUR","1,005.00"
"10.1016/j.biosystems.2024.105176","Core Hybrid","EUR","2,500.00"
"10.1016/j.biosystems.2024.105374","Core Hybrid","EUR","2,500.00"
"10.1016/j.biosystems.2024.105381","Core Hybrid","EUR","2,500.00"
"10.1016/j.biosystemseng.2024.04.005","Core Hybrid","EUR","2,500.00"
"10.1016/j.biosystemseng.2024.04.012","Core Hybrid","EUR","2,500.00"
"10.1016/j.biosystemseng.2024.05.019","Core Hybrid","EUR","2,500.00"
"10.1016/j.biosystemseng.2024.08.011","Core Hybrid","EUR","2,500.00"
"10.1016/j.biosystemseng.2024.09.006","Core Hybrid","EUR","2,500.00"
"10.1016/j.biotechadv.2023.108276","Core Hybrid","EUR","2,500.00"
"10.1016/j.biteb.2024.101838","Core Hybrid","EUR","2,500.00"
"10.1016/j.biteb.2024.101875","Core Hybrid","EUR","2,500.00"
"10.1016/j.bja.2024.03.040","Core Hybrid","EUR","2,500.00"
"10.1016/j.bja.2024.04.046","Core Hybrid","EUR","2,500.00"
"10.1016/j.bja.2024.05.028","Core Hybrid","EUR","2,500.00"
"10.1016/j.bja.2024.05.034","Core Hybrid","EUR","2,500.00"
"10.1016/j.bja.2024.06.001","Core Hybrid","EUR","2,500.00"
"10.1016/j.bja.2024.09.004","Core Hybrid","EUR","2,500.00"
"10.1016/j.bja.2024.09.027","Core Hybrid","EUR","2,500.00"
"10.1016/j.bja.2024.10.002","Core Hybrid","EUR","2,500.00"
"10.1016/j.bja.2024.11.005","Core Hybrid","EUR","2,500.00"
"10.1016/j.bjao.2024.100291","Core Gold","EUR",855.00
"10.1016/j.bjao.2024.100294","Core Gold","EUR","1,282.50"
"10.1016/j.bjid.2024.103720","Core Gold","EUR","1,168.00"
"10.1016/j.bjoms.2024.02.010","Core Hybrid","EUR","2,500.00"
"10.1016/j.bjoms.2024.06.002","Core Hybrid","EUR","2,500.00"
"10.1016/j.bjps.2024.02.056","Core Hybrid","EUR","2,500.00"
"10.1016/j.bjps.2024.03.012","Core Hybrid","EUR","2,500.00"
"10.1016/j.bjps.2024.05.043","Core Hybrid","EUR","2,500.00"
"10.1016/j.bjps.2024.09.071","Core Hybrid","EUR","2,500.00"
"10.1016/j.bjps.2024.10.009","Core Hybrid","EUR","2,500.00"
"10.1016/j.bjps.2024.10.013","Core Hybrid","EUR","2,500.00"
"10.1016/j.bmc.2024.117650","Core Hybrid","EUR","2,500.00"
"10.1016/j.bmc.2024.117697","Core Hybrid","EUR","2,500.00"
"10.1016/j.bmc.2024.117718","Core Hybrid","EUR","2,500.00"
"10.1016/j.bmc.2024.117727","Core Hybrid","EUR","2,500.00"
"10.1016/j.bmc.2024.117823","Core Hybrid","EUR","2,500.00"
"10.1016/j.bmcl.2024.129728","Core Hybrid","EUR","2,500.00"
"10.1016/j.bmcl.2024.129858","Core Hybrid","EUR","2,500.00"
"10.1016/j.bneo.2024.100018","Core Gold","EUR","2,192.00"
"10.1016/j.bneo.2024.100021","Core Gold","EUR","2,192.00"
"10.1016/j.bodyim.2024.101749","Core Hybrid","EUR","2,500.00"
"10.1016/j.bone.2024.117068","Core Hybrid","EUR","2,500.00"
"10.1016/j.bone.2024.117092","Core Hybrid","EUR","2,500.00"
"10.1016/j.bone.2024.117210","Core Hybrid","EUR","2,500.00"
"10.1016/j.bone.2024.117236","Core Hybrid","EUR","2,500.00"
"10.1016/j.bone.2024.117288","Core Hybrid","EUR","2,500.00"
"10.1016/j.bone.2024.117318","Core Hybrid","EUR","2,500.00"
"10.1016/j.bone.2024.117366","Core Hybrid","EUR","2,500.00"
"10.1016/j.bonr.2024.101765","Core Gold","EUR","1,752.00"
"10.1016/j.bosn.2024.07.001","Core Gold","EUR","1,600.00"
"10.1016/j.bpa.2024.03.001","Core Hybrid","EUR","2,500.00"
"10.1016/j.bpc.2024.107217","Core Hybrid","EUR","2,500.00"
"10.1016/j.bpc.2024.107346","Core Hybrid","EUR","2,500.00"
"10.1016/j.bpc.2024.107365","Core Hybrid","EUR","2,500.00"
"10.1016/j.bpg.2024.101918","Core Hybrid","EUR","2,500.00"
"10.1016/j.bpg.2024.101927","Core Hybrid","EUR","2,500.00"
"10.1016/j.bpj.2023.11.015","CP/TL Hybrid","EUR","6,450.00"
"10.1016/j.bpj.2024.01.017","CP/TL Hybrid","EUR","6,450.00"
"10.1016/j.bpj.2024.02.005","CP/TL Hybrid","EUR","6,450.00"
"10.1016/j.bpj.2024.02.013","CP/TL Hybrid","EUR","6,450.00"
"10.1016/j.bpj.2024.02.024","CP/TL Hybrid","EUR","2,500.00"
"10.1016/j.bpj.2024.03.022","CP/TL Hybrid","EUR","6,450.00"
"10.1016/j.bpj.2024.03.023","CP/TL Hybrid","EUR","6,450.00"
"10.1016/j.bpj.2024.05.031","CP/TL Hybrid","EUR","6,450.00"
"10.1016/j.bpj.2024.06.002","CP/TL Hybrid","EUR","6,450.00"
"10.1016/j.bpj.2024.06.009","CP/TL Hybrid","EUR","6,450.00"
"10.1016/j.bpj.2024.06.017","CP/TL Hybrid","EUR","6,450.00"
"10.1016/j.bpj.2024.06.020","CP/TL Hybrid","EUR","6,450.00"
"10.1016/j.bpj.2024.06.022","CP/TL Hybrid","EUR","6,450.00"
"10.1016/j.bpj.2024.06.029","CP/TL Hybrid","EUR","6,450.00"
"10.1016/j.bpj.2024.07.007","CP/TL Hybrid","EUR","6,450.00"
"10.1016/j.bpj.2024.07.030","CP/TL Hybrid","EUR","6,450.00"
"10.1016/j.bpj.2024.08.006","CP/TL Hybrid","EUR","6,450.00"
"10.1016/j.bpj.2024.08.010","CP/TL Hybrid","EUR","6,450.00"
"10.1016/j.bpj.2024.08.012","CP/TL Hybrid","EUR","6,450.00"
"10.1016/j.bpj.2024.08.018","CP/TL Hybrid","EUR","6,450.00"
"10.1016/j.bpj.2024.08.022","CP/TL Hybrid","EUR","6,450.00"
"10.1016/j.bpj.2024.09.011","CP/TL Hybrid","EUR","6,450.00"
"10.1016/j.bpj.2024.10.009","CP/TL Hybrid","EUR","6,450.00"
"10.1016/j.bpj.2024.10.019","CP/TL Hybrid","EUR","6,450.00"
"10.1016/j.bpj.2024.11.004","CP/TL Hybrid","EUR","6,450.00"
"10.1016/j.bpj.2024.11.016","CP/TL Hybrid","EUR","6,450.00"
"10.1016/j.bpj.2024.12.003","CP/TL Hybrid","EUR","6,450.00"
"10.1016/j.bpj.2024.12.009","CP/TL Hybrid","EUR","6,450.00"
"10.1016/j.bpobgyn.2024.102483","Core Hybrid","EUR","2,500.00"
"10.1016/j.bpobgyn.2024.102548","Core Hybrid","EUR","2,500.00"
"10.1016/j.bpr.2024.100150","CP/TL Gold","EUR","1,521.50"
"10.1016/j.bpr.2024.100156","CP/TL Gold","EUR","1,521.50"
"10.1016/j.bpr.2024.100166","CP/TL Gold","EUR","1,521.50"
"10.1016/j.bpr.2024.100186","CP/TL Gold","EUR","1,521.50"
"10.1016/j.bpsc.2024.01.006","Core Hybrid","EUR","2,500.00"
"10.1016/j.bpsc.2024.02.013","Core Hybrid","EUR","2,500.00"
"10.1016/j.bpsc.2024.04.010","Core Hybrid","EUR","2,500.00"
"10.1016/j.bpsc.2024.06.002","Core Hybrid","EUR","2,500.00"
"10.1016/j.bpsc.2024.06.006","Core Hybrid","EUR","2,500.00"
"10.1016/j.bpsc.2024.07.005","Core Hybrid","EUR","2,500.00"
"10.1016/j.bpsc.2024.07.021","Core Hybrid","EUR","2,500.00"
"10.1016/j.bpsc.2024.08.009","Core Hybrid","EUR","2,500.00"
"10.1016/j.bpsc.2024.11.013","Core Hybrid","EUR","2,500.00"
"10.1016/j.bpsc.2024.12.003","Core Hybrid","EUR","2,500.00"
"10.1016/j.bpsgos.2024.100358","Core Gold","EUR","2,552.00"
"10.1016/j.bpsgos.2024.100414","Core Gold","EUR","2,376.00"
"10.1016/j.brachy.2024.05.002","Core Hybrid","EUR","2,500.00"
"10.1016/j.brachy.2024.07.001","Core Hybrid","EUR","2,500.00"
"10.1016/j.brachy.2024.09.001","Core Hybrid","EUR","2,500.00"
"10.1016/j.braindev.2024.01.001","Core Hybrid","EUR","2,500.00"
"10.1016/j.brainres.2024.149108","Core Hybrid","EUR","2,500.00"
"10.1016/j.brainres.2024.149128","Core Hybrid","EUR","2,500.00"
"10.1016/j.brainres.2024.149224","Core Hybrid","EUR","2,500.00"
"10.1016/j.brainres.2024.149240","Core Hybrid","EUR","2,500.00"
"10.1016/j.brainres.2024.149410","Core Hybrid","EUR","2,500.00"
"10.1016/j.brainres.2024.149415","Core Hybrid","EUR","2,500.00"
"10.1016/j.brainresbull.2024.110923","Core Gold","EUR","1,722.00"
"10.1016/j.brainresbull.2024.110973","Core Gold","EUR","2,072.00"
"10.1016/j.brat.2024.104495","Core Hybrid","EUR","2,500.00"
"10.1016/j.brat.2024.104501","Core Hybrid","EUR","2,500.00"
"10.1016/j.brat.2024.104521","Core Hybrid","EUR","2,500.00"
"10.1016/j.brat.2024.104547","Core Hybrid","EUR","2,500.00"
"10.1016/j.brat.2024.104553","Core Hybrid","EUR","2,500.00"
"10.1016/j.brat.2024.104555","Core Hybrid","EUR","2,500.00"
"10.1016/j.brat.2024.104571","Core Hybrid","EUR","2,500.00"
"10.1016/j.brat.2024.104597","Core Hybrid","EUR","2,500.00"
"10.1016/j.brat.2024.104601","Core Hybrid","EUR","2,500.00"
"10.1016/j.brat.2024.104642","Core Hybrid","EUR","2,500.00"
"10.1016/j.brat.2024.104647","Core Hybrid","EUR","2,500.00"
"10.1016/j.brat.2024.104665","Core Hybrid","EUR","2,500.00"
"10.1016/j.brat.2024.104667","Core Hybrid","EUR","2,500.00"
"10.1016/j.brat.2024.104671","Core Hybrid","EUR","2,500.00"
"10.1016/j.brat.2024.104672","Core Hybrid","EUR","2,500.00"
"10.1016/j.brat.2024.104673","Core Hybrid","EUR","2,500.00"
"10.1016/j.breast.2024.103701","Core Gold","EUR","2,016.00"
"10.1016/j.breast.2024.103819","Core Gold","EUR","2,200.00"
"10.1016/j.breast.2024.103821","Core Gold","EUR","2,200.00"
"10.1016/j.breast.2024.103856","Core Gold","EUR","2,048.00"
"10.1016/j.brs.2023.11.002","Core Gold","EUR","2,792.00"
"10.1016/j.brs.2024.01.002","Core Gold","EUR","2,792.00"
"10.1016/j.brs.2024.01.007","Core Gold","EUR","2,792.00"
"10.1016/j.brs.2024.01.011","Core Gold","EUR","2,792.00"
"10.1016/j.brs.2024.02.013","Core Gold","EUR","2,792.00"
"10.1016/j.brs.2024.03.017","Core Gold","EUR","2,936.00"
"10.1016/j.brs.2024.04.001","Core Gold","EUR","2,792.00"
"10.1016/j.brs.2024.04.011","Core Gold","EUR","2,792.00"
"10.1016/j.brs.2024.07.004","Core Gold","EUR","2,984.00"
"10.1016/j.brs.2024.07.007","Core Gold","EUR",968.00
"10.1016/j.brs.2024.07.008","Core Gold","EUR","2,792.00"
"10.1016/j.brs.2024.07.018","Core Gold","EUR","2,936.00"
"10.1016/j.brs.2024.09.003","Core Gold","EUR","2,984.00"
"10.1016/j.brs.2024.09.010","Core Gold","EUR","2,984.00"
"10.1016/j.bse.2024.104865","Core Hybrid","EUR","2,500.00"
"10.1016/j.bse.2024.104890","Core Hybrid","EUR","2,500.00"
"10.1016/j.bse.2024.104903","Core Hybrid","EUR","2,500.00"
"10.1016/j.bspc.2024.106136","Core Hybrid","EUR","2,500.00"
"10.1016/j.bspc.2024.106474","Core Hybrid","EUR","2,500.00"
"10.1016/j.bspc.2024.106582","Core Hybrid","EUR","2,500.00"
"10.1016/j.btre.2024.e00833","Core Gold","EUR","1,960.00"
"10.1016/j.btre.2024.e00864","Core Gold","EUR","2,472.00"
"10.1016/j.buildenv.2024.111211","Core Hybrid","EUR","2,500.00"
"10.1016/j.buildenv.2024.111261","Core Hybrid","EUR","2,500.00"
"10.1016/j.buildenv.2024.111290","Core Hybrid","EUR","2,500.00"
"10.1016/j.buildenv.2024.111360","Core Hybrid","EUR","2,500.00"
"10.1016/j.buildenv.2024.111382","Core Hybrid","EUR","2,500.00"
"10.1016/j.buildenv.2024.111652","Core Hybrid","EUR","2,500.00"
"10.1016/j.buildenv.2024.111759","Core Hybrid","EUR","2,500.00"
"10.1016/j.buildenv.2024.111878","Core Hybrid","EUR","2,500.00"
"10.1016/j.buildenv.2024.112199","Core Hybrid","EUR","2,500.00"
"10.1016/j.buildenv.2024.112227","Core Hybrid","EUR","2,500.00"
"10.1016/j.bulsci.2024.103393","Core Hybrid","EUR","2,500.00"
"10.1016/j.bulsci.2024.103396","Core Hybrid","EUR","2,500.00"
"10.1016/j.bulsci.2024.103494","Core Hybrid","EUR","2,500.00"
"10.1016/j.bulsci.2024.103534","Core Hybrid","EUR","2,500.00"
"10.1016/j.burns.2024.02.012","Core Hybrid","EUR","2,500.00"
"10.1016/j.burns.2024.03.014","Core Hybrid","EUR","2,500.00"
"10.1016/j.burns.2024.07.010","Core Hybrid","EUR","2,500.00"
"10.1016/j.burns.2024.08.020","Core Hybrid","EUR","2,500.00"
"10.1016/j.burns.2024.10.004","Core Hybrid","EUR","2,500.00"
"10.1016/j.burns.2024.107308","Core Hybrid","EUR","2,500.00"
"10.1016/j.burns.2024.107314","Core Hybrid","EUR","2,500.00"
"10.1016/j.bushor.2024.05.007","Core Hybrid","EUR","2,500.00"
"10.1016/j.bvth.2024.100040","Core Gold","EUR","1,096.00"
"10.1016/j.cacint.2024.100154","Core Gold","EUR","1,168.00"
"10.1016/j.cacint.2024.100163","Core Gold","EUR","1,536.00"
"10.1016/j.cad.2024.103824","Core Hybrid","EUR","2,500.00"
"10.1016/j.caeai.2024.100209","Core Gold","EUR",820.00
"10.1016/j.caeai.2024.100229","Core Gold","EUR",990.00
"10.1016/j.caeai.2024.100233","Core Gold","EUR",990.00
"10.1016/j.caeai.2024.100260","Core Gold","EUR","1,010.00"
"10.1016/j.caeai.2024.100310","Core Gold","EUR",990.00
"10.1016/j.caeai.2024.100340","Core Gold","EUR","1,115.00"
"10.1016/j.caeai.2024.100343","Core Gold","EUR","1,010.00"
"10.1016/j.caeai.2024.100349","Core Gold","EUR","1,075.00"
"10.1016/j.caeo.2024.100162","Core Gold","EUR",952.00
"10.1016/j.caeo.2024.100181","Core Gold","EUR",952.00
"10.1016/j.caeo.2024.100198","Core Gold","EUR",952.00
"10.1016/j.caeo.2024.100199","Core Gold","EUR",952.00
"10.1016/j.caeo.2024.100200","Core Gold","EUR",952.00
"10.1016/j.caeo.2024.100215","Core Gold","EUR",952.00
"10.1016/j.caeo.2024.100233","Core Gold","EUR",952.00
"10.1016/j.caeo.2024.100235","Core Gold","EUR",952.00
"10.1016/j.caeo.2024.100239","Core Gold","EUR",952.00
"10.1016/j.cag.2024.01.004","Core Hybrid","EUR","2,500.00"
"10.1016/j.cag.2024.01.006","Core Hybrid","EUR","2,500.00"
"10.1016/j.cag.2024.103895","Core Hybrid","EUR","2,500.00"
"10.1016/j.cag.2024.103898","Core Hybrid","EUR","2,500.00"
"10.1016/j.cag.2024.103903","Core Hybrid","EUR","2,500.00"
"10.1016/j.cag.2024.103937","Core Hybrid","EUR","2,500.00"
"10.1016/j.cag.2024.103988","Core Hybrid","EUR","2,500.00"
"10.1016/j.cag.2024.104019","Core Hybrid","EUR","2,500.00"
"10.1016/j.cag.2024.104023","Core Hybrid","EUR","2,500.00"
"10.1016/j.cag.2024.104060","Core Hybrid","EUR","2,500.00"
"10.1016/j.cag.2024.104069","Core Hybrid","EUR","2,500.00"
"10.1016/j.cag.2024.104070","Core Hybrid","EUR","2,500.00"
"10.1016/j.cag.2024.104101","Core Hybrid","EUR","2,500.00"
"10.1016/j.cag.2024.104120","Core Hybrid","EUR","2,500.00"
"10.1016/j.cagd.2024.102278","Core Hybrid","EUR","2,500.00"
"10.1016/j.cagd.2024.102288","Core Hybrid","EUR","2,500.00"
"10.1016/j.cagd.2024.102366","Core Hybrid","EUR","2,500.00"
"10.1016/j.cageo.2024.105572","Core Hybrid","EUR","2,500.00"
"10.1016/j.cageo.2024.105686","Core Hybrid","EUR","2,500.00"
"10.1016/j.calphad.2024.102692","Core Hybrid","EUR","2,500.00"
"10.1016/j.calphad.2024.102701","Core Hybrid","EUR","2,500.00"
"10.1016/j.cam.2024.115752","Core Hybrid","EUR","2,500.00"
"10.1016/j.cam.2024.115831","Core Hybrid","EUR","2,500.00"
"10.1016/j.cam.2024.115853","Core Hybrid","EUR","2,500.00"
"10.1016/j.cam.2024.115991","Core Hybrid","EUR","2,500.00"
"10.1016/j.cam.2024.116046","Core Hybrid","EUR","2,500.00"
"10.1016/j.cam.2024.116049","Core Hybrid","EUR","2,500.00"
"10.1016/j.cam.2024.116065","Core Hybrid","EUR","2,500.00"
"10.1016/j.cam.2024.116200","Core Hybrid","EUR","2,500.00"
"10.1016/j.cam.2024.116321","Core Hybrid","EUR","2,500.00"
"10.1016/j.cam.2024.116417","Core Hybrid","EUR","2,500.00"
"10.1016/j.cam.2024.116450","Core Hybrid","EUR","2,500.00"
"10.1016/j.camwa.2023.12.029","Core Hybrid","EUR","2,500.00"
"10.1016/j.camwa.2024.01.014","Core Hybrid","EUR","2,500.00"
"10.1016/j.camwa.2024.02.049","Core Hybrid","EUR","2,500.00"
"10.1016/j.camwa.2024.03.029","Core Hybrid","EUR","2,500.00"
"10.1016/j.camwa.2024.04.007","Core Hybrid","EUR","2,500.00"
"10.1016/j.camwa.2024.04.008","Core Hybrid","EUR","2,500.00"
"10.1016/j.camwa.2024.05.017","Core Hybrid","EUR","2,500.00"
"10.1016/j.camwa.2024.05.023","Core Hybrid","EUR","2,500.00"
"10.1016/j.camwa.2024.05.026","Core Hybrid","EUR","2,500.00"
"10.1016/j.camwa.2024.07.023","Core Hybrid","EUR","2,500.00"
"10.1016/j.camwa.2024.08.032","Core Hybrid","EUR","2,500.00"
"10.1016/j.camwa.2024.09.017","Core Hybrid","EUR","2,500.00"
"10.1016/j.camwa.2024.09.018","Core Hybrid","EUR","2,500.00"
"10.1016/j.canep.2024.102574","Core Hybrid","EUR","2,500.00"
"10.1016/j.canep.2024.102658","Core Hybrid","EUR","2,500.00"
"10.1016/j.canep.2024.102659","Core Hybrid","EUR","2,500.00"
"10.1016/j.canep.2024.102684","Core Hybrid","EUR","2,500.00"
"10.1016/j.canlet.2024.216623","Core Hybrid","EUR","2,500.00"
"10.1016/j.canlet.2024.216637","Core Hybrid","EUR","2,500.00"
"10.1016/j.canlet.2024.216673","Core Hybrid","EUR","2,500.00"
"10.1016/j.canlet.2024.216783","Core Hybrid","EUR","2,500.00"
"10.1016/j.canlet.2024.216866","Core Hybrid","EUR","2,500.00"
"10.1016/j.canlet.2024.217265","Core Hybrid","EUR","2,500.00"
"10.1016/j.canlet.2024.217310","Core Hybrid","EUR","2,500.00"
"10.1016/j.canlet.2024.217348","Core Hybrid","EUR","2,500.00"
"10.1016/j.carbon.2024.118898","Core Hybrid","EUR","2,500.00"
"10.1016/j.carbon.2024.118907","Core Hybrid","EUR","2,500.00"
"10.1016/j.carbon.2024.118946","Core Hybrid","EUR","2,500.00"
"10.1016/j.carbon.2024.118970","Core Hybrid","EUR","2,500.00"
"10.1016/j.carbon.2024.119010","Core Hybrid","EUR","2,500.00"
"10.1016/j.carbon.2024.119172","Core Hybrid","EUR","2,500.00"
"10.1016/j.carbon.2024.119251","Core Hybrid","EUR","2,500.00"
"10.1016/j.carbon.2024.119252","Core Hybrid","EUR","2,500.00"
"10.1016/j.carbon.2024.119260","Core Hybrid","EUR","2,500.00"
"10.1016/j.carbon.2024.119374","Core Hybrid","EUR","2,500.00"
"10.1016/j.carbon.2024.119454","Core Hybrid","EUR","2,500.00"
"10.1016/j.carbon.2024.119600","Core Hybrid","EUR","2,500.00"
"10.1016/j.carbon.2024.119689","Core Hybrid","EUR","2,500.00"
"10.1016/j.carbon.2024.119821","Core Hybrid","EUR","2,500.00"
"10.1016/j.carbon.2024.119914","Core Hybrid","EUR","2,500.00"
"10.1016/j.carbpol.2023.121417","Core Hybrid","EUR","2,500.00"
"10.1016/j.carbpol.2023.121727","Core Hybrid","EUR","2,500.00"
"10.1016/j.carbpol.2024.121930","Core Hybrid","EUR","2,500.00"
"10.1016/j.carbpol.2024.122007","Core Hybrid","EUR","2,500.00"
"10.1016/j.carbpol.2024.122164","Core Hybrid","EUR","2,500.00"
"10.1016/j.carbpol.2024.122439","Core Hybrid","EUR","2,500.00"
"10.1016/j.carbpol.2024.122725","Core Hybrid","EUR","2,500.00"
"10.1016/j.carbpol.2024.122863","Core Hybrid","EUR","2,500.00"
"10.1016/j.carbpol.2024.122872","Core Hybrid","EUR","2,500.00"
"10.1016/j.carbpol.2024.122958","Core Hybrid","EUR","2,500.00"
"10.1016/j.cardfail.2024.07.011","Core Hybrid","EUR","2,500.00"
"10.1016/j.carpath.2024.107632","Core Hybrid","EUR","2,500.00"
"10.1016/j.carpta.2024.100447","Core Gold","EUR","1,584.00"
"10.1016/j.carpta.2024.100479","Core Gold","EUR","1,584.00"
"10.1016/j.carpta.2024.100630","Core Gold","EUR","1,720.00"
"10.1016/j.carpta.2024.100631","Core Gold","EUR","1,720.00"
"10.1016/j.carres.2024.109076","Core Hybrid","EUR","2,500.00"
"10.1016/j.carres.2024.109228","Core Hybrid","EUR","2,500.00"
"10.1016/j.carres.2024.109284","Core Hybrid","EUR","2,500.00"
"10.1016/j.carrev.2024.05.030","Core Hybrid","EUR","2,500.00"
"10.1016/j.carrev.2024.08.017","Core Hybrid","EUR","2,500.00"
"10.1016/j.carrev.2024.09.018","Core Hybrid","EUR","2,500.00"
"10.1016/j.catcom.2024.106873","Core Gold","EUR","1,456.00"
"10.1016/j.catena.2024.108122","Core Hybrid","EUR","2,500.00"
"10.1016/j.catena.2024.108336","Core Hybrid","EUR","2,500.00"
"10.1016/j.catena.2024.108442","Core Hybrid","EUR","2,500.00"
"10.1016/j.catena.2024.108543","Core Hybrid","EUR","2,500.00"
"10.1016/j.catena.2024.108583","Core Hybrid","EUR","2,500.00"
"10.1016/j.catena.2024.108663","Core Hybrid","EUR","2,500.00"
"10.1016/j.cattod.2023.114502","Core Hybrid","EUR","2,500.00"
"10.1016/j.cattod.2024.114609","Core Hybrid","EUR","2,500.00"
"10.1016/j.cattod.2024.114611","Core Hybrid","EUR","2,500.00"
"10.1016/j.cattod.2024.114615","Core Hybrid","EUR","2,500.00"
"10.1016/j.cattod.2024.114620","Core Hybrid","EUR","2,500.00"
"10.1016/j.cattod.2024.114803","Core Hybrid","EUR","2,500.00"
"10.1016/j.cattod.2024.114892","Core Hybrid","EUR","2,500.00"
"10.1016/j.cattod.2024.114899","Core Hybrid","EUR","2,500.00"
"10.1016/j.cattod.2024.114925","Core Hybrid","EUR","2,500.00"
"10.1016/j.cattod.2024.115093","Core Hybrid","EUR","2,500.00"
"10.1016/j.cattod.2024.115111","Core Hybrid","EUR","2,500.00"
"10.1016/j.cbi.2024.110872","Core Hybrid","EUR","2,500.00"
"10.1016/j.cbi.2024.111006","Core Hybrid","EUR","2,500.00"
"10.1016/j.cbi.2024.111011","Core Hybrid","EUR","2,500.00"
"10.1016/j.cbi.2024.111094","Core Hybrid","EUR","2,500.00"
"10.1016/j.cbi.2024.111193","Core Hybrid","EUR","2,500.00"
"10.1016/j.cbpa.2024.102445","Core Hybrid","EUR","2,500.00"
"10.1016/j.cbpa.2024.102461","Core Hybrid","EUR","2,500.00"
"10.1016/j.cbpa.2024.102506","Core Hybrid","EUR","2,500.00"
"10.1016/j.cbpa.2024.102510","Core Hybrid","EUR","2,500.00"
"10.1016/j.cbpa.2024.102521","Core Hybrid","EUR","2,500.00"
"10.1016/j.cbpa.2024.102540","Core Hybrid","EUR","2,500.00"
"10.1016/j.cbpa.2024.111741","Core Hybrid","EUR","2,500.00"
"10.1016/j.cbpb.2023.110909","Core Hybrid","EUR","2,500.00"
"10.1016/j.cca.2024.117858","Core Hybrid","EUR","2,500.00"
"10.1016/j.cca.2024.119726","Core Hybrid","EUR","2,500.00"
"10.1016/j.cca.2024.119841","Core Hybrid","EUR","2,500.00"
"10.1016/j.ccr.2024.215702","Core Hybrid","EUR","2,500.00"
"10.1016/j.ccr.2024.215817","Core Hybrid","EUR","2,500.00"
"10.1016/j.ccr.2024.215839","Core Hybrid","EUR","2,500.00"
"10.1016/j.ccr.2024.215872","Core Hybrid","EUR","2,500.00"
"10.1016/j.ccr.2024.215878","Core Hybrid","EUR","2,500.00"
"10.1016/j.ccr.2024.215921","Core Hybrid","EUR","2,500.00"
"10.1016/j.cct.2024.107615","Core Hybrid","EUR","2,500.00"
"10.1016/j.cdev.2023.203899","Core Hybrid","EUR","2,500.00"
"10.1016/j.cdev.2024.203906","Core Hybrid","EUR","2,500.00"
"10.1016/j.cdev.2024.203907","Core Hybrid","EUR","2,500.00"
"10.1016/j.cdev.2024.203909","Core Hybrid","EUR","2,500.00"
"10.1016/j.cdev.2024.203944","Core Hybrid","EUR","2,500.00"
"10.1016/j.cdnut.2024.102159","Core Gold","EUR","3,648.00"
"10.1016/j.ceb.2024.102356","Core Hybrid","EUR","2,500.00"
"10.1016/j.ceb.2024.102363","Core Hybrid","EUR","2,500.00"
"10.1016/j.ceb.2024.102367","Core Hybrid","EUR","2,500.00"
"10.1016/j.ceb.2024.102374","Core Hybrid","EUR","2,500.00"
"10.1016/j.ceb.2024.102398","Core Hybrid","EUR","2,500.00"
"10.1016/j.ceb.2024.102421","Core Hybrid","EUR","2,500.00"
"10.1016/j.ceb.2024.102436","Core Hybrid","EUR","2,500.00"
"10.1016/j.ceb.2024.102442","Core Hybrid","EUR","2,500.00"
"10.1016/j.ceca.2024.102883","Core Hybrid","EUR","2,500.00"
"10.1016/j.ceca.2024.102885","Core Hybrid","EUR","2,500.00"
"10.1016/j.ceca.2024.102888","Core Hybrid","EUR","2,500.00"
"10.1016/j.ceca.2024.102966","Core Hybrid","EUR","2,500.00"
"10.1016/j.cedpsych.2024.102328","Core Hybrid","EUR","2,500.00"
"10.1016/j.cej.2023.148168","Core Hybrid","EUR","2,500.00"
"10.1016/j.cej.2024.148719","Core Hybrid","EUR","2,500.00"
"10.1016/j.cej.2024.148749","Core Hybrid","EUR","2,500.00"
"10.1016/j.cej.2024.149427","Core Hybrid","EUR","2,500.00"
"10.1016/j.cej.2024.149429","Core Hybrid","EUR","2,500.00"
"10.1016/j.cej.2024.149684","Core Hybrid","EUR","2,500.00"
"10.1016/j.cej.2024.149863","Core Hybrid","EUR","2,500.00"
"10.1016/j.cej.2024.150031","Core Hybrid","EUR","2,500.00"
"10.1016/j.cej.2024.150101","Core Hybrid","EUR","2,500.00"
"10.1016/j.cej.2024.150461","Core Hybrid","EUR","2,500.00"
"10.1016/j.cej.2024.151016","Core Hybrid","EUR","2,500.00"
"10.1016/j.cej.2024.151139","Core Hybrid","EUR","2,500.00"
"10.1016/j.cej.2024.151832","Core Hybrid","EUR","2,500.00"
"10.1016/j.cej.2024.152377","Core Hybrid","EUR","2,500.00"
"10.1016/j.cej.2024.152775","Core Hybrid","EUR","2,500.00"
"10.1016/j.cej.2024.153000","Core Hybrid","EUR","2,500.00"
"10.1016/j.cej.2024.153080","Core Hybrid","EUR","2,500.00"
"10.1016/j.cej.2024.153304","Core Hybrid","EUR","2,500.00"
"10.1016/j.cej.2024.153349","Core Hybrid","EUR","2,500.00"
"10.1016/j.cej.2024.153410","Core Hybrid","EUR","2,500.00"
"10.1016/j.cej.2024.153524","Core Hybrid","EUR","2,500.00"
"10.1016/j.cej.2024.153889","Core Hybrid","EUR","2,500.00"
"10.1016/j.cej.2024.153891","Core Hybrid","EUR","2,500.00"
"10.1016/j.cej.2024.153908","Core Hybrid","EUR","2,500.00"
"10.1016/j.cej.2024.154114","Core Hybrid","EUR","2,500.00"
"10.1016/j.cej.2024.154643","Core Hybrid","EUR","2,500.00"
"10.1016/j.cej.2024.155119","Core Hybrid","EUR","2,500.00"
"10.1016/j.cej.2024.155252","Core Hybrid","EUR","2,500.00"
"10.1016/j.cej.2024.155260","Core Hybrid","EUR","2,500.00"
"10.1016/j.cej.2024.155266","Core Hybrid","EUR","2,500.00"
"10.1016/j.cej.2024.155726","Core Hybrid","EUR","2,500.00"
"10.1016/j.cej.2024.155776","Core Hybrid","EUR","2,500.00"
"10.1016/j.cej.2024.155852","Core Hybrid","EUR","2,500.00"
"10.1016/j.cej.2024.156053","Core Hybrid","EUR","2,500.00"
"10.1016/j.cej.2024.156718","Core Hybrid","EUR","2,500.00"
"10.1016/j.cej.2024.157582","Core Hybrid","EUR","2,500.00"
"10.1016/j.cej.2024.157721","Core Hybrid","EUR","2,500.00"
"10.1016/j.cej.2024.157842","Core Hybrid","EUR","2,500.00"
"10.1016/j.cej.2024.157920","Core Hybrid","EUR","2,500.00"
"10.1016/j.cej.2024.157987","Core Hybrid","EUR","2,500.00"
"10.1016/j.cej.2024.158314","Core Hybrid","EUR","2,500.00"
"10.1016/j.cej.2024.158374","Core Hybrid","EUR","2,500.00"
"10.1016/j.cej.2024.158684","Core Hybrid","EUR","2,500.00"
"10.1016/j.cej.2024.158841","Core Hybrid","EUR","2,500.00"
"10.1016/j.ceja.2024.100615","Core Gold","EUR","1,232.00"
"10.1016/j.ceja.2024.100683","Core Gold","EUR","1,408.00"
"10.1016/j.ceja.2024.100692","Core Gold","EUR","1,456.00"
"10.1016/j.cell.2023.12.005","CP/TL Hybrid","EUR","6,450.00"
"10.1016/j.cell.2023.12.017","CP/TL Hybrid","EUR","6,450.00"
"10.1016/j.cell.2023.12.029","CP/TL Hybrid","EUR","6,450.00"
"10.1016/j.cell.2024.01.015","CP/TL Hybrid","EUR","6,450.00"
"10.1016/j.cell.2024.01.021","CP/TL Hybrid","EUR","6,450.00"
"10.1016/j.cell.2024.01.039","CP/TL Hybrid","EUR","6,450.00"
"10.1016/j.cell.2024.02.023","CP/TL Hybrid","EUR","6,450.00"
"10.1016/j.cell.2024.02.028","CP/TL Hybrid","EUR","6,450.00"
"10.1016/j.cell.2024.02.045","CP/TL Hybrid","EUR","6,450.00"
"10.1016/j.cell.2024.05.031","CP/TL Hybrid","EUR","6,450.00"
"10.1016/j.cell.2024.05.036","CP/TL Hybrid","EUR","6,450.00"
"10.1016/j.cell.2024.05.055","CP/TL Hybrid","EUR","6,450.00"
"10.1016/j.cell.2024.06.014","CP/TL Hybrid","EUR","6,450.00"
"10.1016/j.cell.2024.06.028","CP/TL Hybrid","EUR","6,450.00"
"10.1016/j.cell.2024.07.012","CP/TL Hybrid","EUR","6,450.00"
"10.1016/j.cell.2024.07.014","CP/TL Hybrid","EUR","6,450.00"
"10.1016/j.cell.2024.07.019","CP/TL Hybrid","EUR","6,450.00"
"10.1016/j.cell.2024.08.028","CP/TL Hybrid","EUR","6,450.00"
"10.1016/j.cell.2024.08.029","CP/TL Hybrid","EUR","6,450.00"
"10.1016/j.cell.2024.08.037","CP/TL Hybrid","EUR","6,450.00"
"10.1016/j.cell.2024.08.048","CP/TL Hybrid","EUR","6,450.00"
"10.1016/j.cell.2024.09.040","CP/TL Hybrid","EUR","6,450.00"
"10.1016/j.cell.2024.09.046","CP/TL Hybrid","EUR","6,450.00"
"10.1016/j.cell.2024.09.048","CP/TL Hybrid","EUR","6,450.00"
"10.1016/j.cell.2024.10.018","CP/TL Hybrid","EUR","6,450.00"
"10.1016/j.cell.2024.10.022","CP/TL Hybrid","EUR","6,450.00"
"10.1016/j.cell.2024.11.002","CP/TL Hybrid","EUR","6,450.00"
"10.1016/j.cellimm.2024.104846","Core Hybrid","EUR","2,500.00"
"10.1016/j.cellsig.2024.111156","Core Hybrid","EUR","2,500.00"
"10.1016/j.cellsig.2024.111270","Core Hybrid","EUR","2,500.00"
"10.1016/j.cellsig.2024.111306","Core Hybrid","EUR","2,500.00"
"10.1016/j.cellsig.2024.111343","Core Hybrid","EUR","2,500.00"
"10.1016/j.cellsig.2024.111505","Core Hybrid","EUR","2,500.00"
"10.1016/j.cellsig.2024.111527","Core Hybrid","EUR","2,500.00"
"10.1016/j.cellsig.2024.111560","Core Hybrid","EUR","2,500.00"
"10.1016/j.celrep.2023.113317","CP/TL Gold","EUR","4,148.00"
"10.1016/j.celrep.2023.113644","CP/TL Gold","EUR","4,148.00"
"10.1016/j.celrep.2024.113739","CP/TL Gold","EUR","4,148.00"
"10.1016/j.celrep.2024.113740","CP/TL Gold","EUR","4,148.00"
"10.1016/j.celrep.2024.113757","CP/TL Gold","EUR","4,148.00"
"10.1016/j.celrep.2024.113768","CP/TL Gold","EUR","4,148.00"
"10.1016/j.celrep.2024.113772","CP/TL Gold","EUR","4,148.00"
"10.1016/j.celrep.2024.113802","CP/TL Gold","EUR","4,148.00"
"10.1016/j.celrep.2024.113805","CP/TL Gold","EUR","4,148.00"
"10.1016/j.celrep.2024.113806","CP/TL Gold","EUR","4,148.00"
"10.1016/j.celrep.2024.113836","CP/TL Gold","EUR","4,148.00"
"10.1016/j.celrep.2024.113929","CP/TL Gold","EUR","3,952.50"
"10.1016/j.celrep.2024.113939","CP/TL Gold","EUR","4,148.00"
"10.1016/j.celrep.2024.113941","CP/TL Gold","EUR","4,148.00"
"10.1016/j.celrep.2024.113949","CP/TL Gold","EUR","4,148.00"
"10.1016/j.celrep.2024.113955","CP/TL Gold","EUR","4,148.00"
"10.1016/j.celrep.2024.113957","CP/TL Gold","EUR","4,148.00"
"10.1016/j.celrep.2024.113990","CP/TL Gold","EUR","4,148.00"
"10.1016/j.celrep.2024.114008","CP/TL Gold","EUR","4,148.00"
"10.1016/j.celrep.2024.114018","CP/TL Gold","EUR","4,148.00"
"10.1016/j.celrep.2024.114046","CP/TL Gold","EUR","4,148.00"
"10.1016/j.celrep.2024.114063","CP/TL Gold","EUR","4,148.00"
"10.1016/j.celrep.2024.114069","CP/TL Gold","EUR","3,825.00"
"10.1016/j.celrep.2024.114089","CP/TL Gold","EUR","4,148.00"
"10.1016/j.celrep.2024.114153","CP/TL Gold","EUR","4,148.00"
"10.1016/j.celrep.2024.114210","CP/TL Gold","EUR","4,148.00"
"10.1016/j.celrep.2024.114212","CP/TL Gold","EUR","4,148.00"
"10.1016/j.celrep.2024.114267","CP/TL Gold","EUR","4,148.00"
"10.1016/j.celrep.2024.114272","CP/TL Gold","EUR","4,148.00"
"10.1016/j.celrep.2024.114276","CP/TL Gold","EUR","3,600.00"
"10.1016/j.celrep.2024.114305","CP/TL Gold","EUR","4,148.00"
"10.1016/j.celrep.2024.114328","CP/TL Gold","EUR","4,148.00"
"10.1016/j.celrep.2024.114336","CP/TL Gold","EUR","4,148.00"
"10.1016/j.celrep.2024.114371","CP/TL Gold","EUR","4,148.00"
"10.1016/j.celrep.2024.114374","CP/TL Gold","EUR","4,148.00"
"10.1016/j.celrep.2024.114386","CP/TL Gold","EUR","4,148.00"
"10.1016/j.celrep.2024.114399","CP/TL Gold","EUR","4,148.00"
"10.1016/j.celrep.2024.114416","CP/TL Gold","EUR","4,148.00"
"10.1016/j.celrep.2024.114435","CP/TL Gold","EUR","4,148.00"
"10.1016/j.celrep.2024.114448","CP/TL Gold","EUR","4,148.00"
"10.1016/j.celrep.2024.114456","CP/TL Gold","EUR","4,148.00"
"10.1016/j.celrep.2024.114461","CP/TL Gold","EUR","4,148.00"
"10.1016/j.celrep.2024.114485","CP/TL Gold","EUR","4,148.00"
"10.1016/j.celrep.2024.114498","CP/TL Gold","EUR","4,148.00"
"10.1016/j.celrep.2024.114526","CP/TL Gold","EUR","4,148.00"
"10.1016/j.celrep.2024.114553","CP/TL Gold","EUR","4,148.00"
"10.1016/j.celrep.2024.114610","CP/TL Gold","EUR","4,148.00"
"10.1016/j.celrep.2024.114626","CP/TL Gold","EUR","4,148.00"
"10.1016/j.celrep.2024.114627","CP/TL Gold","EUR","4,148.00"
"10.1016/j.celrep.2024.114657","CP/TL Gold","EUR","4,148.00"
"10.1016/j.celrep.2024.114682","CP/TL Gold","EUR","4,148.00"
"10.1016/j.celrep.2024.114693","CP/TL Gold","EUR","4,148.00"
"10.1016/j.celrep.2024.114711","CP/TL Gold","EUR","4,148.00"
"10.1016/j.celrep.2024.114736","CP/TL Gold","EUR","4,148.00"
"10.1016/j.celrep.2024.114755","CP/TL Gold","EUR","4,148.00"
"10.1016/j.celrep.2024.114810","CP/TL Gold","EUR","4,148.00"
"10.1016/j.celrep.2024.114844","CP/TL Gold","EUR","4,148.00"
"10.1016/j.celrep.2024.114846","CP/TL Gold","EUR","4,148.00"
"10.1016/j.celrep.2024.114853","CP/TL Gold","EUR","4,148.00"
"10.1016/j.celrep.2024.114855","CP/TL Gold","EUR","4,148.00"
"10.1016/j.celrep.2024.114869","CP/TL Gold","EUR","4,148.00"
"10.1016/j.celrep.2024.114899","CP/TL Gold","EUR","4,148.00"
"10.1016/j.celrep.2024.114953","CP/TL Gold","EUR","4,148.00"
"10.1016/j.celrep.2024.114969","CP/TL Gold","EUR","4,148.00"
"10.1016/j.celrep.2024.114987","CP/TL Gold","EUR","4,148.00"
"10.1016/j.celrep.2024.115067","CP/TL Gold","EUR","4,148.00"
"10.1016/j.celrep.2024.115078","CP/TL Gold","EUR","4,148.00"
"10.1016/j.cels.2023.10.003","CP/TL Hybrid","EUR","6,450.00"
"10.1016/j.cels.2024.09.004","CP/TL Hybrid","EUR","6,450.00"
"10.1016/j.cels.2024.10.005","CP/TL Hybrid","EUR","6,450.00"
"10.1016/j.cemconcomp.2024.105468","Core Hybrid","EUR","2,500.00"
"10.1016/j.cemconcomp.2024.105555","Core Hybrid","EUR","2,500.00"
"10.1016/j.cemconcomp.2024.105601","Core Hybrid","EUR","2,500.00"
"10.1016/j.cemconcomp.2024.105699","Core Hybrid","EUR","2,500.00"
"10.1016/j.cemconcomp.2024.105718","Core Hybrid","EUR","2,500.00"
"10.1016/j.cemconcomp.2024.105766","Core Hybrid","EUR","2,500.00"
"10.1016/j.cemconcomp.2024.105812","Core Hybrid","EUR","2,500.00"
"10.1016/j.cemconres.2024.107438","Core Hybrid","EUR","2,500.00"
"10.1016/j.cemconres.2024.107485","Core Hybrid","EUR","2,500.00"
"10.1016/j.cemconres.2024.107509","Core Hybrid","EUR","2,500.00"
"10.1016/j.cemconres.2024.107514","Core Hybrid","EUR","2,500.00"
"10.1016/j.cemconres.2024.107548","Core Hybrid","EUR","2,500.00"
"10.1016/j.cemconres.2024.107588","Core Hybrid","EUR","2,500.00"
"10.1016/j.cemconres.2024.107596","Core Hybrid","EUR","2,500.00"
"10.1016/j.cemconres.2024.107599","Core Hybrid","EUR","2,500.00"
"10.1016/j.cemconres.2024.107613","Core Hybrid","EUR","2,500.00"
"10.1016/j.cemconres.2024.107615","Core Hybrid","EUR","2,500.00"
"10.1016/j.cemconres.2024.107618","Core Hybrid","EUR","2,500.00"
"10.1016/j.cemconres.2024.107624","Core Hybrid","EUR","2,500.00"
"10.1016/j.cemconres.2024.107640","Core Hybrid","EUR","2,500.00"
"10.1016/j.cemconres.2024.107656","Core Hybrid","EUR","2,500.00"
"10.1016/j.cemconres.2024.107663","Core Hybrid","EUR","2,500.00"
"10.1016/j.cemconres.2024.107674","Core Hybrid","EUR","2,500.00"
"10.1016/j.cemconres.2024.107704","Core Hybrid","EUR","2,500.00"
"10.1016/j.cemconres.2024.107710","Core Hybrid","EUR","2,500.00"
"10.1016/j.cemconres.2024.107714","Core Hybrid","EUR","2,500.00"
"10.1016/j.cemconres.2024.107733","Core Hybrid","EUR","2,500.00"
"10.1016/j.cemconres.2024.107766","Core Hybrid","EUR","2,500.00"
"10.1016/j.cemconres.2024.107773","Core Hybrid","EUR","2,500.00"
"10.1016/j.cep.2024.109728","Core Hybrid","EUR","2,500.00"
"10.1016/j.cep.2024.109798","Core Hybrid","EUR","2,500.00"
"10.1016/j.cep.2024.109891","Core Hybrid","EUR","2,500.00"
"10.1016/j.cep.2024.109930","Core Hybrid","EUR","2,500.00"
"10.1016/j.cep.2024.110019","Core Hybrid","EUR","2,500.00"
"10.1016/j.cep.2024.110113","Core Hybrid","EUR","2,500.00"
"10.1016/j.ceramint.2024.01.195","Core Hybrid","EUR","2,500.00"
"10.1016/j.ceramint.2024.01.371","Core Hybrid","EUR","2,500.00"
"10.1016/j.ceramint.2024.02.323","Core Hybrid","EUR","2,500.00"
"10.1016/j.ceramint.2024.03.002","Core Hybrid","EUR","2,500.00"
"10.1016/j.ceramint.2024.04.044","Core Hybrid","EUR","2,500.00"
"10.1016/j.ceramint.2024.04.406","Core Hybrid","EUR","2,500.00"
"10.1016/j.ceramint.2024.05.091","Core Hybrid","EUR","2,500.00"
"10.1016/j.ceramint.2024.06.397","Core Hybrid","EUR","2,500.00"
"10.1016/j.ceramint.2024.07.024","Core Hybrid","EUR","2,500.00"
"10.1016/j.ceramint.2024.07.098","Core Hybrid","EUR","2,500.00"
"10.1016/j.ceramint.2024.07.107","Core Hybrid","EUR","2,500.00"
"10.1016/j.ceramint.2024.07.247","Core Hybrid","EUR","2,500.00"
"10.1016/j.ceramint.2024.08.239","Core Hybrid","EUR","2,500.00"
"10.1016/j.ceramint.2024.10.006","Core Hybrid","EUR","2,500.00"
"10.1016/j.ceramint.2024.11.457","Core Hybrid","EUR","2,500.00"
"10.1016/j.ces.2023.119662","Core Hybrid","EUR","2,500.00"
"10.1016/j.ces.2023.119682","Core Hybrid","EUR","2,500.00"
"10.1016/j.ces.2024.119801","Core Hybrid","EUR","2,500.00"
"10.1016/j.ces.2024.119853","Core Hybrid","EUR","2,500.00"
"10.1016/j.ces.2024.119864","Core Hybrid","EUR","2,500.00"
"10.1016/j.ces.2024.119909","Core Hybrid","EUR","2,500.00"
"10.1016/j.ces.2024.119924","Core Hybrid","EUR","2,500.00"
"10.1016/j.ces.2024.120000","Core Hybrid","EUR","2,500.00"
"10.1016/j.ces.2024.120287","Core Hybrid","EUR","2,500.00"
"10.1016/j.ces.2024.120289","Core Hybrid","EUR","2,500.00"
"10.1016/j.ces.2024.120380","Core Hybrid","EUR","2,500.00"
"10.1016/j.ces.2024.120461","Core Hybrid","EUR","2,500.00"
"10.1016/j.ces.2024.120484","Core Hybrid","EUR","2,500.00"
"10.1016/j.ces.2024.120539","Core Hybrid","EUR","2,500.00"
"10.1016/j.ces.2024.120566","Core Hybrid","EUR","2,500.00"
"10.1016/j.ces.2024.120579","Core Hybrid","EUR","2,500.00"
"10.1016/j.ces.2024.120639","Core Hybrid","EUR","2,500.00"
"10.1016/j.ces.2024.120662","Core Hybrid","EUR","2,500.00"
"10.1016/j.ces.2024.120675","Core Hybrid","EUR","2,500.00"
"10.1016/j.ces.2024.120691","Core Hybrid","EUR","2,500.00"
"10.1016/j.ces.2024.120751","Core Hybrid","EUR","2,500.00"
"10.1016/j.ces.2024.120803","Core Hybrid","EUR","2,500.00"
"10.1016/j.ces.2024.120866","Core Hybrid","EUR","2,500.00"
"10.1016/j.ces.2024.120875","Core Hybrid","EUR","2,500.00"
"10.1016/j.ces.2024.120937","Core Hybrid","EUR","2,500.00"
"10.1016/j.ces.2024.121122","Core Hybrid","EUR","2,500.00"
"10.1016/j.cesys.2024.100187","Core Gold","EUR","1,152.00"
"10.1016/j.cesys.2024.100216","Core Gold","EUR","1,152.00"
"10.1016/j.cesys.2024.100248","Core Gold","EUR","1,312.00"
"10.1016/j.cgh.2024.01.026","Core Hybrid","EUR","2,500.00"
"10.1016/j.cgh.2024.04.027","Core Hybrid","EUR","2,500.00"
"10.1016/j.cgh.2024.10.008","Core Hybrid","EUR","2,500.00"
"10.1016/j.chaos.2024.114923","Core Hybrid","EUR","2,500.00"
"10.1016/j.chaos.2024.115079","Core Hybrid","EUR","2,500.00"
"10.1016/j.chaos.2024.115475","Core Hybrid","EUR","2,500.00"
"10.1016/j.chb.2023.108113","Core Hybrid","EUR","2,500.00"
"10.1016/j.chb.2024.108168","Core Hybrid","EUR","2,500.00"
"10.1016/j.chb.2024.108189","Core Hybrid","EUR","2,500.00"
"10.1016/j.chb.2024.108215","Core Hybrid","EUR","2,500.00"
"10.1016/j.chb.2024.108250","Core Hybrid","EUR","2,500.00"
"10.1016/j.chb.2024.108265","Core Hybrid","EUR","2,500.00"
"10.1016/j.chb.2024.108306","Core Hybrid","EUR","2,500.00"
"10.1016/j.chb.2024.108313","Core Hybrid","EUR","2,500.00"
"10.1016/j.chb.2024.108322","Core Hybrid","EUR","2,500.00"
"10.1016/j.chb.2024.108344","Core Hybrid","EUR","2,500.00"
"10.1016/j.chb.2024.108352","Core Hybrid","EUR","2,500.00"
"10.1016/j.chb.2024.108386","Core Hybrid","EUR","2,500.00"
"10.1016/j.chb.2024.108419","Core Hybrid","EUR","2,500.00"
"10.1016/j.chb.2024.108464","Core Hybrid","EUR","2,500.00"
"10.1016/j.chb.2024.108527","Core Hybrid","EUR","2,500.00"
"10.1016/j.chb.2024.108532","Core Hybrid","EUR","2,500.00"
"10.1016/j.chbr.2023.100364","Core Gold","EUR","1,152.00"
"10.1016/j.chbr.2024.100382","Core Gold","EUR","1,152.00"
"10.1016/j.chbr.2024.100450","Core Gold","EUR","1,152.00"
"10.1016/j.chbr.2024.100454","Core Gold","EUR","1,152.00"
"10.1016/j.chbr.2024.100481","Core Gold","EUR","1,152.00"
"10.1016/j.chbr.2024.100487","Core Gold","EUR","1,152.00"
"10.1016/j.chbr.2024.100488","Core Gold","EUR","1,152.00"
"10.1016/j.chbr.2024.100494","Core Gold","EUR","1,152.00"
"10.1016/j.chbr.2024.100497","Core Gold","EUR","1,152.00"
"10.1016/j.chbr.2024.100516","Core Gold","EUR","1,152.00"
"10.1016/j.chbr.2024.100519","Core Gold","EUR","1,152.00"
"10.1016/j.chbr.2024.100525","Core Gold","EUR","1,288.00"
"10.1016/j.chbr.2024.100540","Core Gold","EUR","1,288.00"
"10.1016/j.chbr.2024.100568","Core Gold","EUR","1,336.00"
"10.1016/j.checat.2023.100891","CP/TL Hybrid","EUR","4,837.50"
"10.1016/j.checat.2024.100962","CP/TL Hybrid","EUR","4,837.50"
"10.1016/j.checat.2024.100981","CP/TL Hybrid","EUR","4,837.50"
"10.1016/j.checat.2024.101039","CP/TL Hybrid","EUR","4,837.50"
"10.1016/j.checat.2024.101078","CP/TL Hybrid","EUR","4,837.50"
"10.1016/j.checat.2024.101146","CP/TL Hybrid","EUR","4,837.50"
"10.1016/j.checat.2024.101163","CP/TL Hybrid","EUR","6,450.00"
"10.1016/j.chembiol.2023.12.007","CP/TL Hybrid","EUR","6,450.00"
"10.1016/j.chembiol.2024.05.002","CP/TL Hybrid","EUR","6,450.00"
"10.1016/j.chembiol.2024.06.002","CP/TL Hybrid","EUR","6,450.00"
"10.1016/j.chembiol.2024.06.014","CP/TL Hybrid","EUR","6,450.00"
"10.1016/j.chembiol.2024.08.007","CP/TL Hybrid","EUR","6,450.00"
"10.1016/j.chembiol.2024.10.007","CP/TL Hybrid","EUR","6,450.00"
"10.1016/j.chembiol.2024.11.002","CP/TL Hybrid","EUR","6,450.00"
"10.1016/j.chemer.2024.126179","Core Hybrid","EUR","2,500.00"
"10.1016/j.chemer.2024.126215","Core Hybrid","EUR","2,500.00"
"10.1016/j.chemer.2024.126244","Core Hybrid","EUR","2,500.00"
"10.1016/j.chemgeo.2023.121749","Core Hybrid","EUR","2,500.00"
"10.1016/j.chemgeo.2024.122043","Core Hybrid","EUR","2,500.00"
"10.1016/j.chemgeo.2024.122059","Core Hybrid","EUR","2,500.00"
"10.1016/j.chemgeo.2024.122104","Core Hybrid","EUR","2,500.00"
"10.1016/j.chemgeo.2024.122119","Core Hybrid","EUR","2,500.00"
"10.1016/j.chemgeo.2024.122120","Core Hybrid","EUR","2,500.00"
"10.1016/j.chemgeo.2024.122168","Core Hybrid","EUR","2,500.00"
"10.1016/j.chemgeo.2024.122192","Core Hybrid","EUR","2,500.00"
"10.1016/j.chemgeo.2024.122193","Core Hybrid","EUR","2,500.00"
"10.1016/j.chemgeo.2024.122220","Core Hybrid","EUR","2,500.00"
"10.1016/j.chemgeo.2024.122253","Core Hybrid","EUR","2,500.00"
"10.1016/j.chemgeo.2024.122305","Core Hybrid","EUR","2,500.00"
"10.1016/j.chemgeo.2024.122343","Core Hybrid","EUR","2,500.00"
"10.1016/j.chemgeo.2024.122362","Core Hybrid","EUR","2,500.00"
"10.1016/j.chemgeo.2024.122382","Core Hybrid","EUR","2,500.00"
"10.1016/j.chemgeo.2024.122410","Core Hybrid","EUR","2,500.00"
"10.1016/j.chemgeo.2024.122427","Core Hybrid","EUR","2,500.00"
"10.1016/j.chemgeo.2024.122479","Core Hybrid","EUR","2,500.00"
"10.1016/j.chemgeo.2024.122547","Core Hybrid","EUR","2,500.00"
"10.1016/j.chemolab.2024.105134","Core Hybrid","EUR","2,500.00"
"10.1016/j.chemolab.2024.105234","Core Hybrid","EUR","2,500.00"
"10.1016/j.chemosphere.2024.141200","Core Hybrid","EUR","2,500.00"
"10.1016/j.chemosphere.2024.141298","Core Hybrid","EUR","2,500.00"
"10.1016/j.chemosphere.2024.141310","Core Hybrid","EUR","2,500.00"
"10.1016/j.chemosphere.2024.141390","Core Hybrid","EUR","2,500.00"
"10.1016/j.chemosphere.2024.141509","Core Hybrid","EUR","2,500.00"
"10.1016/j.chemosphere.2024.141694","Core Hybrid","EUR","2,500.00"
"10.1016/j.chemosphere.2024.141763","Core Hybrid","EUR","2,500.00"
"10.1016/j.chemosphere.2024.141780","Core Hybrid","EUR","2,500.00"
"10.1016/j.chemosphere.2024.141833","Core Hybrid","EUR","2,500.00"
"10.1016/j.chemosphere.2024.141856","Core Hybrid","EUR","2,500.00"
"10.1016/j.chemosphere.2024.141915","Core Hybrid","EUR","2,500.00"
"10.1016/j.chemosphere.2024.142091","Core Hybrid","EUR","2,500.00"
"10.1016/j.chemosphere.2024.142112","Core Hybrid","EUR","2,500.00"
"10.1016/j.chemosphere.2024.142184","Core Hybrid","EUR","2,500.00"
"10.1016/j.chemosphere.2024.142234","Core Hybrid","EUR","2,500.00"
"10.1016/j.chemosphere.2024.142242","Core Hybrid","EUR","2,500.00"
"10.1016/j.chemosphere.2024.142266","Core Hybrid","EUR","2,500.00"
"10.1016/j.chemosphere.2024.142489","Core Hybrid","EUR","2,500.00"
"10.1016/j.chemosphere.2024.143007","Core Hybrid","EUR","2,500.00"
"10.1016/j.chemosphere.2024.143069","Core Hybrid","EUR","2,500.00"
"10.1016/j.chemosphere.2024.143140","Core Hybrid","EUR","2,500.00"
"10.1016/j.chemosphere.2024.143233","Core Hybrid","EUR","2,500.00"
"10.1016/j.chemosphere.2024.143287","Core Hybrid","EUR","2,500.00"
"10.1016/j.chemosphere.2024.143422","Core Hybrid","EUR","2,500.00"
"10.1016/j.chemosphere.2024.143437","Core Hybrid","EUR","2,500.00"
"10.1016/j.chemosphere.2024.143624","Core Hybrid","EUR","2,500.00"
"10.1016/j.chemosphere.2024.143630","Core Hybrid","EUR","2,500.00"
"10.1016/j.chemosphere.2024.143657","Core Hybrid","EUR","2,500.00"
"10.1016/j.chemosphere.2024.143711","Core Hybrid","EUR","2,500.00"
"10.1016/j.chemosphere.2024.143715","Core Hybrid","EUR","2,500.00"
"10.1016/j.chemosphere.2024.143739","Core Hybrid","EUR","2,500.00"
"10.1016/j.chemosphere.2024.143870","Core Hybrid","EUR","2,500.00"
"10.1016/j.chemosphere.2024.143918","Core Hybrid","EUR","2,500.00"
"10.1016/j.chemphys.2024.112195","Core Hybrid","EUR","2,500.00"
"10.1016/j.chemphys.2024.112529","Core Hybrid","EUR","2,500.00"
"10.1016/j.chempr.2023.11.015","CP/TL Hybrid","EUR","6,450.00"
"10.1016/j.chempr.2023.12.023","CP/TL Hybrid","EUR","6,450.00"
"10.1016/j.chempr.2024.01.007","CP/TL Hybrid","EUR","6,450.00"
"10.1016/j.chempr.2024.03.027","CP/TL Hybrid","EUR","6,450.00"
"10.1016/j.chempr.2024.04.019","CP/TL Hybrid","EUR","6,450.00"
"10.1016/j.chempr.2024.05.007","CP/TL Hybrid","EUR","6,450.00"
"10.1016/j.chempr.2024.05.023","CP/TL Hybrid","EUR","6,450.00"
"10.1016/j.chempr.2024.06.013","CP/TL Hybrid","EUR","6,450.00"
"10.1016/j.chempr.2024.07.018","CP/TL Hybrid","EUR","2,500.00"
"10.1016/j.chempr.2024.07.033","CP/TL Hybrid","EUR","6,450.00"
"10.1016/j.chempr.2024.08.016","CP/TL Hybrid","EUR","6,450.00"
"10.1016/j.chempr.2024.09.008","CP/TL Hybrid","EUR","6,450.00"
"10.1016/j.chempr.2024.10.005","CP/TL Hybrid","EUR","6,450.00"
"10.1016/j.chempr.2024.10.009","CP/TL Hybrid","EUR","6,450.00"
"10.1016/j.chempr.2024.10.016","CP/TL Hybrid","EUR","6,450.00"
"10.1016/j.chempr.2024.11.001","CP/TL Hybrid","EUR","6,450.00"
"10.1016/j.cherd.2024.01.062","Core Hybrid","EUR","2,500.00"
"10.1016/j.cherd.2024.02.030","Core Hybrid","EUR","2,500.00"
"10.1016/j.cherd.2024.04.015","Core Hybrid","EUR","2,500.00"
"10.1016/j.cherd.2024.04.026","Core Hybrid","EUR","2,500.00"
"10.1016/j.cherd.2024.04.049","Core Hybrid","EUR","2,500.00"
"10.1016/j.cherd.2024.05.004","Core Hybrid","EUR","2,500.00"
"10.1016/j.cherd.2024.06.040","Core Hybrid","EUR","2,500.00"
"10.1016/j.cherd.2024.07.025","Core Hybrid","EUR","2,500.00"
"10.1016/j.cherd.2024.08.007","Core Hybrid","EUR","2,500.00"
"10.1016/j.cherd.2024.09.041","Core Hybrid","EUR","2,500.00"
"10.1016/j.cherd.2024.10.004","Core Hybrid","EUR","2,500.00"
"10.1016/j.cherd.2024.10.007","Core Hybrid","EUR","2,500.00"
"10.1016/j.cherd.2024.12.033","Core Hybrid","EUR","2,500.00"
"10.1016/j.chest.2024.01.039","Core Hybrid","EUR","2,500.00"
"10.1016/j.chest.2024.02.022","Core Hybrid","EUR","2,500.00"
"10.1016/j.chest.2024.02.035","Core Hybrid","EUR","2,500.00"
"10.1016/j.chest.2024.03.018","Core Hybrid","EUR","2,500.00"
"10.1016/j.chest.2024.03.037","Core Hybrid","EUR","2,500.00"
"10.1016/j.chest.2024.05.005","Core Hybrid","EUR","2,500.00"
"10.1016/j.chest.2024.05.023","Core Hybrid","EUR","2,500.00"
"10.1016/j.chest.2024.05.041","Core Hybrid","EUR","2,500.00"
"10.1016/j.chest.2024.08.003","Core Hybrid","EUR","2,500.00"
"10.1016/j.chest.2024.08.016","Core Hybrid","EUR","2,500.00"
"10.1016/j.chest.2024.10.045","Core Hybrid","EUR","2,500.00"
"10.1016/j.chiabu.2024.106660","Core Hybrid","EUR","2,500.00"
"10.1016/j.chiabu.2024.106704","Core Hybrid","EUR","2,500.00"
"10.1016/j.chiabu.2024.106779","Core Hybrid","EUR","2,500.00"
"10.1016/j.chiabu.2024.106792","Core Hybrid","EUR","2,500.00"
"10.1016/j.chiabu.2024.106870","Core Hybrid","EUR","2,500.00"
"10.1016/j.chiabu.2024.106906","Core Hybrid","EUR","2,500.00"
"10.1016/j.chiabu.2024.106938","Core Hybrid","EUR","2,500.00"
"10.1016/j.chiabu.2024.106943","Core Hybrid","EUR","2,500.00"
"10.1016/j.chiabu.2024.107060","Core Hybrid","EUR","2,500.00"
"10.1016/j.chiabu.2024.107071","Core Hybrid","EUR","2,500.00"
"10.1016/j.chiabu.2024.107117","Core Hybrid","EUR","2,500.00"
"10.1016/j.chiabu.2024.107128","Core Hybrid","EUR","2,500.00"
"10.1016/j.chiabu.2024.107212","Core Hybrid","EUR","2,500.00"
"10.1016/j.chieco.2024.102212","Core Hybrid","EUR","2,500.00"
"10.1016/j.chieco.2024.102293","Core Hybrid","EUR","2,500.00"
"10.1016/j.childyouth.2023.107264","Core Hybrid","EUR","2,500.00"
"10.1016/j.childyouth.2024.107481","Core Hybrid","EUR","2,500.00"
"10.1016/j.childyouth.2024.107692","Core Hybrid","EUR","2,500.00"
"10.1016/j.childyouth.2024.107695","Core Hybrid","EUR","2,500.00"
"10.1016/j.chom.2023.09.013","CP/TL Hybrid","EUR","6,450.00"
"10.1016/j.chom.2024.02.014","CP/TL Hybrid","EUR","6,450.00"
"10.1016/j.chom.2024.02.015","CP/TL Hybrid","EUR","6,450.00"
"10.1016/j.chom.2024.02.016","CP/TL Hybrid","EUR","6,450.00"
"10.1016/j.chom.2024.03.010","CP/TL Hybrid","EUR","6,450.00"
"10.1016/j.chom.2024.04.021","CP/TL Hybrid","EUR","6,450.00"
"10.1016/j.chom.2024.05.002","CP/TL Hybrid","EUR","6,450.00"
"10.1016/j.chom.2024.05.009","CP/TL Hybrid","EUR","6,450.00"
"10.1016/j.chom.2024.06.013","CP/TL Hybrid","EUR","6,450.00"
"10.1016/j.chom.2024.07.006","CP/TL Hybrid","EUR","6,450.00"
"10.1016/j.chom.2024.09.008","CP/TL Hybrid","EUR","6,450.00"
"10.1016/j.chom.2024.10.001","CP/TL Hybrid","EUR","6,450.00"
"10.1016/j.chom.2024.10.020","CP/TL Hybrid","EUR","6,450.00"
"10.1016/j.chom.2024.11.007","CP/TL Hybrid","EUR","6,450.00"
"10.1016/j.chroma.2023.464610","Core Hybrid","EUR","2,500.00"
"10.1016/j.chroma.2024.464665","Core Hybrid","EUR","2,500.00"
"10.1016/j.chroma.2024.464688","Core Hybrid","EUR","2,500.00"
"10.1016/j.chroma.2024.464691","Core Hybrid","EUR","2,500.00"
"10.1016/j.chroma.2024.464706","Core Hybrid","EUR","2,500.00"
"10.1016/j.chroma.2024.464721","Core Hybrid","EUR","2,500.00"
"10.1016/j.chroma.2024.464750","Core Hybrid","EUR","2,500.00"
"10.1016/j.chroma.2024.464888","Core Hybrid","EUR","2,500.00"
"10.1016/j.chroma.2024.464930","Core Hybrid","EUR","2,500.00"
"10.1016/j.chroma.2024.464946","Core Hybrid","EUR","2,500.00"
"10.1016/j.chroma.2024.464960","Core Hybrid","EUR","2,500.00"
"10.1016/j.chroma.2024.464997","Core Hybrid","EUR","2,500.00"
"10.1016/j.chroma.2024.465039","Core Hybrid","EUR","2,500.00"
"10.1016/j.chroma.2024.465060","Core Hybrid","EUR","2,500.00"
"10.1016/j.chroma.2024.465076","Core Hybrid","EUR","2,500.00"
"10.1016/j.chroma.2024.465089","Core Hybrid","EUR","2,500.00"
"10.1016/j.chroma.2024.465165","Core Hybrid","EUR","2,500.00"
"10.1016/j.chroma.2024.465251","Core Hybrid","EUR","2,500.00"
"10.1016/j.chroma.2024.465261","Core Hybrid","EUR","2,500.00"
"10.1016/j.chroma.2024.465376","Core Hybrid","EUR","2,500.00"
"10.1016/j.chroma.2024.465429","Core Hybrid","EUR","2,500.00"
"10.1016/j.chroma.2024.465468","Core Hybrid","EUR","2,500.00"
"10.1016/j.chroma.2024.465475","Core Hybrid","EUR","2,500.00"
"10.1016/j.chroma.2024.465506","Core Hybrid","EUR","2,500.00"
"10.1016/j.chroma.2024.465537","Core Hybrid","EUR","2,500.00"
"10.1016/j.chroma.2024.465543","Core Hybrid","EUR","2,500.00"
"10.1016/j.chroma.2024.465618","Core Hybrid","EUR","2,500.00"
"10.1016/j.chroma.2024.465625","Core Hybrid","EUR","2,500.00"
"10.1016/j.chstcc.2024.100065","Core Gold","EUR","1,824.00"
"10.1016/j.cie.2024.109927","Core Hybrid","EUR","2,500.00"
"10.1016/j.cie.2024.110041","Core Hybrid","EUR","2,500.00"
"10.1016/j.cie.2024.110112","Core Hybrid","EUR","2,500.00"
"10.1016/j.cie.2024.110176","Core Hybrid","EUR","2,500.00"
"10.1016/j.cie.2024.110244","Core Hybrid","EUR","2,500.00"
"10.1016/j.cie.2024.110401","Core Hybrid","EUR","2,500.00"
"10.1016/j.cie.2024.110455","Core Hybrid","EUR","2,500.00"
"10.1016/j.cie.2024.110505","Core Hybrid","EUR","2,500.00"
"10.1016/j.cie.2024.110507","Core Hybrid","EUR","2,500.00"
"10.1016/j.cie.2024.110519","Core Hybrid","EUR","2,500.00"
"10.1016/j.cie.2024.110615","Core Hybrid","EUR","2,500.00"
"10.1016/j.cie.2024.110750","Core Hybrid","EUR","2,500.00"
"10.1016/j.cimid.2024.102271","Core Hybrid","EUR","2,500.00"
"10.1016/j.cirp.2024.03.006","Core Hybrid","EUR","2,500.00"
"10.1016/j.cirp.2024.03.007","Core Hybrid","EUR","2,500.00"
"10.1016/j.cirp.2024.03.008","Core Hybrid","EUR","2,500.00"
"10.1016/j.cirp.2024.04.001","Core Hybrid","EUR","2,500.00"
"10.1016/j.cirp.2024.04.004","Core Hybrid","EUR","2,500.00"
"10.1016/j.cirp.2024.04.020","Core Hybrid","EUR","2,500.00"
"10.1016/j.cirp.2024.04.030","Core Hybrid","EUR","2,500.00"
"10.1016/j.cirp.2024.04.033","Core Hybrid","EUR","2,500.00"
"10.1016/j.cirp.2024.04.035","Core Hybrid","EUR","2,500.00"
"10.1016/j.cirp.2024.04.044","Core Hybrid","EUR","2,500.00"
"10.1016/j.cirp.2024.04.046","Core Hybrid","EUR","2,500.00"
"10.1016/j.cirp.2024.04.048","Core Hybrid","EUR","2,500.00"
"10.1016/j.cirp.2024.04.054","Core Hybrid","EUR","2,500.00"
"10.1016/j.cirp.2024.04.055","Core Hybrid","EUR","2,500.00"
"10.1016/j.cirp.2024.04.073","Core Hybrid","EUR","2,500.00"
"10.1016/j.cirp.2024.04.082","Core Hybrid","EUR","2,500.00"
"10.1016/j.cirp.2024.04.084","Core Hybrid","EUR","2,500.00"
"10.1016/j.cirp.2024.04.087","Core Hybrid","EUR","2,500.00"
"10.1016/j.cirp.2024.05.004","Core Hybrid","EUR","2,500.00"
"10.1016/j.cirp.2024.05.005","Core Hybrid","EUR","2,500.00"
"10.1016/j.cirpj.2024.02.007","Core Hybrid","EUR","2,500.00"
"10.1016/j.cirpj.2024.03.007","Core Hybrid","EUR","2,500.00"
"10.1016/j.cirpj.2024.03.010","Core Hybrid","EUR","2,500.00"
"10.1016/j.cirpj.2024.03.011","Core Hybrid","EUR","2,500.00"
"10.1016/j.cirpj.2024.04.003","Core Hybrid","EUR","2,500.00"
"10.1016/j.cirpj.2024.07.003","Core Hybrid","EUR","2,500.00"
"10.1016/j.cirpj.2024.07.005","Core Hybrid","EUR","2,500.00"
"10.1016/j.cirpj.2024.07.006","Core Hybrid","EUR","2,500.00"
"10.1016/j.cirpj.2024.07.007","Core Hybrid","EUR","2,500.00"
"10.1016/j.cirpj.2024.08.007","Core Hybrid","EUR","2,500.00"
"10.1016/j.cirpj.2024.09.002","Core Hybrid","EUR","2,500.00"
"10.1016/j.cirpj.2024.09.003","Core Hybrid","EUR","2,500.00"
"10.1016/j.cirpj.2024.09.007","Core Hybrid","EUR","2,500.00"
"10.1016/j.cirpj.2024.09.012","Core Hybrid","EUR","2,500.00"
"10.1016/j.cirpj.2024.10.002","Core Hybrid","EUR","2,500.00"
"10.1016/j.cirpj.2024.12.006","Core Hybrid","EUR","2,500.00"
"10.1016/j.cis.2024.103232","Core Hybrid","EUR","2,500.00"
"10.1016/j.cis.2024.103237","Core Hybrid","EUR","2,500.00"
"10.1016/j.cis.2024.103243","Core Hybrid","EUR","2,500.00"
"10.1016/j.cis.2024.103277","Core Hybrid","EUR","2,500.00"
"10.1016/j.cis.2024.103335","Core Hybrid","EUR","2,500.00"
"10.1016/j.cities.2023.104748","Core Hybrid","EUR","2,500.00"
"10.1016/j.cities.2023.104769","Core Hybrid","EUR","2,500.00"
"10.1016/j.cities.2024.104792","Core Hybrid","EUR","2,500.00"
"10.1016/j.cities.2024.104823","Core Hybrid","EUR","2,500.00"
"10.1016/j.cities.2024.104907","Core Hybrid","EUR","2,500.00"
"10.1016/j.cities.2024.104908","Core Hybrid","EUR","2,500.00"
"10.1016/j.cities.2024.104998","Core Hybrid","EUR","2,500.00"
"10.1016/j.cities.2024.105067","Core Hybrid","EUR","2,500.00"
"10.1016/j.cities.2024.105117","Core Hybrid","EUR","2,500.00"
"10.1016/j.cities.2024.105171","Core Hybrid","EUR","2,500.00"
"10.1016/j.cities.2024.105301","Core Hybrid","EUR","2,500.00"
"10.1016/j.cities.2024.105370","Core Hybrid","EUR","2,500.00"
"10.1016/j.cities.2024.105372","Core Hybrid","EUR","2,500.00"
"10.1016/j.cities.2024.105507","Core Hybrid","EUR","2,500.00"
"10.1016/j.cities.2024.105576","Core Hybrid","EUR","2,500.00"
"10.1016/j.cjca.2024.01.019","Core Hybrid","EUR","2,500.00"
"10.1016/j.cjca.2024.08.276","Core Hybrid","EUR","2,500.00"
"10.1016/j.cjco.2024.09.005","Core Gold","EUR","1,536.00"
"10.1016/j.cjcpc.2024.08.001","Core Gold","EUR","1,536.00"
"10.1016/j.cjph.2024.09.012","Core Hybrid","EUR","2,500.00"
"10.1016/j.clae.2024.102145","Core Hybrid","EUR","2,500.00"
"10.1016/j.clay.2024.107259","Core Hybrid","EUR","2,500.00"
"10.1016/j.clay.2024.107419","Core Hybrid","EUR","2,500.00"
"10.1016/j.clay.2024.107530","Core Hybrid","EUR","2,500.00"
"10.1016/j.clay.2024.107540","Core Hybrid","EUR","2,500.00"
"10.1016/j.clbc.2024.08.004","Core Hybrid","EUR","2,500.00"
"10.1016/j.clcb.2024.100087","Core Gold","EUR",545.00
"10.1016/j.clce.2024.100118","Core Gold","EUR",545.00
"10.1016/j.clema.2024.100283","Core Gold","EUR","1,008.00"
"10.1016/j.clet.2024.100857","Core Gold","EUR","1,248.00"
"10.1016/j.clet.2024.100861","Core Gold","EUR","1,248.00"
"10.1016/j.clgc.2024.01.007","Core Hybrid","EUR","2,500.00"
"10.1016/j.clgc.2024.102079","Core Hybrid","EUR","2,500.00"
"10.1016/j.clgc.2024.102110","Core Hybrid","EUR","2,500.00"
"10.1016/j.clgc.2024.102112","Core Hybrid","EUR","2,500.00"
"10.1016/j.clgc.2024.102158","Core Hybrid","EUR","2,500.00"
"10.1016/j.clgc.2024.102159","Core Hybrid","EUR","2,500.00"
"10.1016/j.clgc.2024.102161","Core Hybrid","EUR","2,500.00"
"10.1016/j.clgc.2024.102164","Core Hybrid","EUR","2,500.00"
"10.1016/j.clgc.2024.102269","Core Hybrid","EUR","2,500.00"
"10.1016/j.clim.2024.109891","Core Hybrid","EUR","2,500.00"
"10.1016/j.clim.2024.109902","Core Hybrid","EUR","2,500.00"
"10.1016/j.clim.2024.109920","Core Hybrid","EUR","2,500.00"
"10.1016/j.clim.2024.110179","Core Hybrid","EUR","2,500.00"
"10.1016/j.clim.2024.110237","Core Hybrid","EUR","2,500.00"
"10.1016/j.clim.2024.110287","Core Hybrid","EUR","2,500.00"
"10.1016/j.clim.2024.110288","Core Hybrid","EUR","2,500.00"
"10.1016/j.clim.2024.110292","Core Hybrid","EUR","2,500.00"
"10.1016/j.clim.2024.110305","Core Hybrid","EUR","2,500.00"
"10.1016/j.clim.2024.110326","Core Hybrid","EUR","2,500.00"
"10.1016/j.clinbiomech.2024.106235","Core Hybrid","EUR","2,500.00"
"10.1016/j.clinbiomech.2024.106239","Core Hybrid","EUR","2,500.00"
"10.1016/j.clinbiomech.2024.106259","Core Hybrid","EUR","2,500.00"
"10.1016/j.clinbiomech.2024.106336","Core Hybrid","EUR","2,500.00"
"10.1016/j.clineuro.2023.108027","Core Hybrid","EUR","2,500.00"
"10.1016/j.clineuro.2024.108124","Core Hybrid","EUR","2,500.00"
"10.1016/j.clineuro.2024.108281","Core Hybrid","EUR","2,500.00"
"10.1016/j.clineuro.2024.108341","Core Hybrid","EUR","2,500.00"
"10.1016/j.clineuro.2024.108381","Core Hybrid","EUR","2,500.00"
"10.1016/j.clineuro.2024.108477","Core Hybrid","EUR","2,500.00"
"10.1016/j.clineuro.2024.108501","Core Hybrid","EUR","2,500.00"
"10.1016/j.clineuro.2024.108605","Core Hybrid","EUR","2,500.00"
"10.1016/j.clineuro.2024.108613","Core Hybrid","EUR","2,500.00"
"10.1016/j.clineuro.2024.108646","Core Hybrid","EUR","2,500.00"
"10.1016/j.clineuro.2024.108661","Core Hybrid","EUR","2,500.00"
"10.1016/j.clinimag.2024.110303","Core Hybrid","EUR","2,500.00"
"10.1016/j.clinph.2023.11.001","Core Hybrid","EUR","2,500.00"
"10.1016/j.clinph.2024.01.005","Core Hybrid","EUR","2,500.00"
"10.1016/j.clinph.2024.02.019","Core Hybrid","EUR","2,500.00"
"10.1016/j.clinph.2024.03.031","Core Hybrid","EUR","2,500.00"
"10.1016/j.clinph.2024.05.018","Core Hybrid","EUR","2,500.00"
"10.1016/j.clinph.2024.07.016","Core Hybrid","EUR","2,500.00"
"10.1016/j.clinph.2024.09.014","Core Hybrid","EUR","2,500.00"
"10.1016/j.clinph.2024.09.017","Core Hybrid","EUR","2,500.00"
"10.1016/j.clinph.2024.10.007","Core Hybrid","EUR","2,500.00"
"10.1016/j.cliser.2024.100447","Core Gold","EUR","1,424.00"
"10.1016/j.cliser.2024.100449","Core Gold","EUR","1,632.00"
"10.1016/j.cliser.2024.100456","Core Gold","EUR","1,112.00"
"10.1016/j.cliser.2024.100473","Core Gold","EUR","1,424.00"
"10.1016/j.cliser.2024.100495","Core Gold","EUR","1,424.00"
"10.1016/j.cliser.2024.100497","Core Gold","EUR","1,424.00"
"10.1016/j.cllc.2024.07.012","Core Hybrid","EUR","2,500.00"
"10.1016/j.clml.2024.05.006","Core Hybrid","EUR","2,500.00"
"10.1016/j.clml.2024.06.012","Core Hybrid","EUR","2,500.00"
"10.1016/j.clml.2024.11.012","Core Hybrid","EUR","2,500.00"
"10.1016/j.clnesp.2024.02.021","Core Hybrid","EUR","2,500.00"
"10.1016/j.clnesp.2024.03.023","Core Hybrid","EUR","2,500.00"
"10.1016/j.clnesp.2024.03.032","Core Hybrid","EUR","2,500.00"
"10.1016/j.clnesp.2024.06.002","Core Hybrid","EUR","2,500.00"
"10.1016/j.clnesp.2024.06.019","Core Hybrid","EUR","2,500.00"
"10.1016/j.clnu.2024.03.007","Core Hybrid","EUR","2,500.00"
"10.1016/j.clnu.2024.04.002","Core Hybrid","EUR","2,500.00"
"10.1016/j.clnu.2024.04.039","Core Hybrid","EUR","2,500.00"
"10.1016/j.clnu.2024.05.013","Core Hybrid","EUR","2,500.00"
"10.1016/j.clnu.2024.05.026","Core Hybrid","EUR","2,500.00"
"10.1016/j.clnu.2024.05.044","Core Hybrid","EUR","2,500.00"
"10.1016/j.clnu.2024.06.020","Core Hybrid","EUR","2,500.00"
"10.1016/j.clnu.2024.07.002","Core Hybrid","EUR","2,500.00"
"10.1016/j.clnu.2024.10.010","Core Hybrid","EUR","2,500.00"
"10.1016/j.clnu.2024.11.004","Core Hybrid","EUR","2,500.00"
"10.1016/j.clrc.2024.100185","Core Gold","EUR",872.00
"10.1016/j.clrc.2024.100218","Core Gold","EUR","1,120.00"
"10.1016/j.clrc.2024.100230","Core Gold","EUR","1,120.00"
"10.1016/j.clsr.2024.106065","Core Hybrid","EUR","2,500.00"
"10.1016/j.clsr.2024.106080","Core Hybrid","EUR","2,500.00"
"10.1016/j.clwas.2024.100153","Core Gold","EUR",545.00
"10.1016/j.cma.2023.116453","Core Hybrid","EUR","2,500.00"
"10.1016/j.cma.2023.116596","Core Hybrid","EUR","2,500.00"
"10.1016/j.cma.2023.116739","Core Hybrid","EUR","2,500.00"
"10.1016/j.cma.2023.116744","Core Hybrid","EUR","2,500.00"
"10.1016/j.cma.2024.116769","Core Hybrid","EUR","2,500.00"
"10.1016/j.cma.2024.116783","Core Hybrid","EUR","2,500.00"
"10.1016/j.cma.2024.116806","Core Hybrid","EUR","2,500.00"
"10.1016/j.cma.2024.116826","Core Hybrid","EUR","2,500.00"
"10.1016/j.cma.2024.116828","Core Hybrid","EUR","2,500.00"
"10.1016/j.cma.2024.116834","Core Hybrid","EUR","2,500.00"
"10.1016/j.cma.2024.116836","Core Hybrid","EUR","2,500.00"
"10.1016/j.cma.2024.116847","Core Hybrid","EUR","2,500.00"
"10.1016/j.cma.2024.116848","Core Hybrid","EUR","2,500.00"
"10.1016/j.cma.2024.116860","Core Hybrid","EUR","2,500.00"
"10.1016/j.cma.2024.116886","Core Hybrid","EUR","2,500.00"
"10.1016/j.cma.2024.116888","Core Hybrid","EUR","2,500.00"
"10.1016/j.cma.2024.116907","Core Hybrid","EUR","2,500.00"
"10.1016/j.cma.2024.116910","Core Hybrid","EUR","2,500.00"
"10.1016/j.cma.2024.116931","Core Hybrid","EUR","2,500.00"
"10.1016/j.cma.2024.116944","Core Hybrid","EUR","2,500.00"
"10.1016/j.cma.2024.116972","Core Hybrid","EUR","2,500.00"
"10.1016/j.cma.2024.116979","Core Hybrid","EUR","2,500.00"
"10.1016/j.cma.2024.116985","Core Hybrid","EUR","2,500.00"
"10.1016/j.cma.2024.116993","Core Hybrid","EUR","2,500.00"
"10.1016/j.cma.2024.116999","Core Hybrid","EUR","2,500.00"
"10.1016/j.cma.2024.117002","Core Hybrid","EUR","2,500.00"
"10.1016/j.cma.2024.117038","Core Hybrid","EUR","2,500.00"
"10.1016/j.cma.2024.117063","Core Hybrid","EUR","2,500.00"
"10.1016/j.cma.2024.117085","Core Hybrid","EUR","2,500.00"
"10.1016/j.cma.2024.117090","Core Hybrid","EUR","2,500.00"
"10.1016/j.cma.2024.117102","Core Hybrid","EUR","2,500.00"
"10.1016/j.cma.2024.117108","Core Hybrid","EUR","2,500.00"
"10.1016/j.cma.2024.117111","Core Hybrid","EUR","2,500.00"
"10.1016/j.cma.2024.117131","Core Hybrid","EUR","2,500.00"
"10.1016/j.cma.2024.117134","Core Hybrid","EUR","2,500.00"
"10.1016/j.cma.2024.117188","Core Hybrid","EUR","2,500.00"
"10.1016/j.cma.2024.117199","Core Hybrid","EUR","2,500.00"
"10.1016/j.cma.2024.117203","Core Hybrid","EUR","2,500.00"
"10.1016/j.cma.2024.117208","Core Hybrid","EUR","2,500.00"
"10.1016/j.cma.2024.117215","Core Hybrid","EUR","2,500.00"
"10.1016/j.cma.2024.117220","Core Hybrid","EUR","2,500.00"
"10.1016/j.cma.2024.117240","Core Hybrid","EUR","2,500.00"
"10.1016/j.cma.2024.117256","Core Hybrid","EUR","2,500.00"
"10.1016/j.cma.2024.117258","Core Hybrid","EUR","2,500.00"
"10.1016/j.cma.2024.117277","Core Hybrid","EUR","2,500.00"
"10.1016/j.cma.2024.117321","Core Hybrid","EUR","2,500.00"
"10.1016/j.cma.2024.117341","Core Hybrid","EUR","2,500.00"
"10.1016/j.cma.2024.117342","Core Hybrid","EUR","2,500.00"
"10.1016/j.cma.2024.117367","Core Hybrid","EUR","2,500.00"
"10.1016/j.cma.2024.117386","Core Hybrid","EUR","2,500.00"
"10.1016/j.cma.2024.117390","Core Hybrid","EUR","2,500.00"
"10.1016/j.cma.2024.117402","Core Hybrid","EUR","2,500.00"
"10.1016/j.cma.2024.117418","Core Hybrid","EUR","2,500.00"
"10.1016/j.cma.2024.117421","Core Hybrid","EUR","2,500.00"
"10.1016/j.cma.2024.117422","Core Hybrid","EUR","2,500.00"
"10.1016/j.cma.2024.117430","Core Hybrid","EUR","2,500.00"
"10.1016/j.cma.2024.117441","Core Hybrid","EUR","2,500.00"
"10.1016/j.cma.2024.117443","Core Hybrid","EUR","2,500.00"
"10.1016/j.cma.2024.117444","Core Hybrid","EUR","2,500.00"
"10.1016/j.cma.2024.117477","Core Hybrid","EUR","2,500.00"
"10.1016/j.cma.2024.117484","Core Hybrid","EUR","2,500.00"
"10.1016/j.cma.2024.117487","Core Hybrid","EUR","2,500.00"
"10.1016/j.cma.2024.117489","Core Hybrid","EUR","2,500.00"
"10.1016/j.cma.2024.117493","Core Hybrid","EUR","2,500.00"
"10.1016/j.cma.2024.117522","Core Hybrid","EUR","2,500.00"
"10.1016/j.cma.2024.117523","Core Hybrid","EUR","2,500.00"
"10.1016/j.cma.2024.117525","Core Hybrid","EUR","2,500.00"
"10.1016/j.cma.2024.117535","Core Hybrid","EUR","2,500.00"
"10.1016/j.cma.2024.117584","Core Hybrid","EUR","2,500.00"
"10.1016/j.cma.2024.117592","Core Hybrid","EUR","2,500.00"
"10.1016/j.cma.2024.117600","Core Hybrid","EUR","2,500.00"
"10.1016/j.cma.2024.117617","Core Hybrid","EUR","2,500.00"
"10.1016/j.cma.2024.117618","Core Hybrid","EUR","2,500.00"
"10.1016/j.cma.2024.117621","Core Hybrid","EUR","2,500.00"
"10.1016/j.cma.2024.117630","Core Hybrid","EUR","2,500.00"
"10.1016/j.cma.2024.117648","Core Hybrid","EUR","2,500.00"
"10.1016/j.cma.2024.117661","Core Hybrid","EUR","2,500.00"
"10.1016/j.cma.2024.117683","Core Hybrid","EUR","2,500.00"
"10.1016/j.cmet.2024.04.015","CP/TL Hybrid","EUR","6,450.00"
"10.1016/j.cmet.2024.05.003","CP/TL Hybrid","EUR","6,450.00"
"10.1016/j.cmet.2024.06.013","CP/TL Hybrid","EUR","6,450.00"
"10.1016/j.cmi.2024.01.020","Core Hybrid","EUR","2,500.00"
"10.1016/j.cmi.2024.03.009","Core Hybrid","EUR","2,500.00"
"10.1016/j.cmi.2024.04.011","Core Hybrid","EUR","2,500.00"
"10.1016/j.cmi.2024.05.015","Core Hybrid","EUR","2,500.00"
"10.1016/j.cmi.2024.06.016","Core Hybrid","EUR","2,500.00"
"10.1016/j.cmi.2024.08.003","Core Hybrid","EUR","2,500.00"
"10.1016/j.cmi.2024.11.009","Core Hybrid","EUR","2,500.00"
"10.1016/j.cmi.2024.12.026","Core Hybrid","EUR","2,500.00"
"10.1016/j.cmicom.2024.105032","Core Gold","EUR","1,150.00"
"10.1016/j.cmpb.2023.107912","Core Hybrid","EUR","2,500.00"
"10.1016/j.cmpb.2024.108013","Core Hybrid","EUR","2,500.00"
"10.1016/j.cmpb.2024.108215","Core Hybrid","EUR","2,500.00"
"10.1016/j.cmpb.2024.108319","Core Hybrid","EUR","2,500.00"
"10.1016/j.cmpb.2024.108347","Core Hybrid","EUR","2,500.00"
"10.1016/j.cmpb.2024.108448","Core Hybrid","EUR","2,500.00"
"10.1016/j.cmpb.2024.108466","Core Hybrid","EUR","2,500.00"
"10.1016/j.cmpb.2024.108560","Core Hybrid","EUR","2,500.00"
"10.1016/j.cmpbup.2024.100171","Core Gold","EUR",685.00
"10.1016/j.cnp.2024.01.001","Core Gold","EUR","1,600.00"
"10.1016/j.cnsns.2024.108368","Core Hybrid","EUR","2,500.00"
"10.1016/j.coal.2024.104459","Core Hybrid","EUR","2,500.00"
"10.1016/j.coal.2024.104469","Core Hybrid","EUR","2,500.00"
"10.1016/j.coal.2024.104477","Core Hybrid","EUR","2,500.00"
"10.1016/j.coal.2024.104494","Core Hybrid","EUR","2,500.00"
"10.1016/j.coal.2024.104546","Core Hybrid","EUR","2,500.00"
"10.1016/j.coal.2024.104549","Core Hybrid","EUR","2,500.00"
"10.1016/j.coal.2024.104604","Core Hybrid","EUR","2,500.00"
"10.1016/j.coal.2024.104645","Core Hybrid","EUR","2,500.00"
"10.1016/j.coal.2024.104648","Core Hybrid","EUR","2,500.00"
"10.1016/j.coastaleng.2023.104452","Core Hybrid","EUR","2,500.00"
"10.1016/j.coastaleng.2024.104654","Core Hybrid","EUR","2,500.00"
"10.1016/j.coastaleng.2024.104659","Core Hybrid","EUR","2,500.00"
"10.1016/j.cobeha.2023.101331","Core Hybrid","EUR","2,500.00"
"10.1016/j.cobeha.2024.101372","Core Hybrid","EUR","2,500.00"
"10.1016/j.cobeha.2024.101375","Core Hybrid","EUR","2,500.00"
"10.1016/j.cobeha.2024.101393","Core Hybrid","EUR","2,500.00"
"10.1016/j.cobeha.2024.101395","Core Hybrid","EUR","2,500.00"
"10.1016/j.cobeha.2024.101456","Core Hybrid","EUR","2,500.00"
"10.1016/j.cobeha.2024.101463","Core Hybrid","EUR","2,500.00"
"10.1016/j.cobme.2024.100545","Core Hybrid","EUR","2,500.00"
"10.1016/j.cobme.2024.100562","Core Hybrid","EUR","2,500.00"
"10.1016/j.cobme.2024.100568","Core Hybrid","EUR","2,500.00"
"10.1016/j.coche.2024.101020","Core Hybrid","EUR","2,500.00"
"10.1016/j.coche.2024.101036","Core Hybrid","EUR","2,500.00"
"10.1016/j.cocis.2024.101818","Core Hybrid","EUR","2,500.00"
"10.1016/j.cocis.2024.101846","Core Hybrid","EUR","2,500.00"
"10.1016/j.coco.2024.101892","Core Hybrid","EUR","2,500.00"
"10.1016/j.coco.2024.102222","Core Hybrid","EUR","2,500.00"
"10.1016/j.cocom.2024.e00917","Core Hybrid","EUR","2,500.00"
"10.1016/j.cocom.2024.e00945","Core Hybrid","EUR","2,500.00"
"10.1016/j.cocom.2024.e00962","Core Hybrid","EUR","2,500.00"
"10.1016/j.cocom.2024.e00964","Core Hybrid","EUR","2,500.00"
"10.1016/j.coelec.2024.101494","Core Hybrid","EUR","2,500.00"
"10.1016/j.coelec.2024.101552","Core Hybrid","EUR","2,500.00"
"10.1016/j.coelec.2024.101559","Core Hybrid","EUR","2,500.00"
"10.1016/j.coelec.2024.101560","Core Hybrid","EUR","2,500.00"
"10.1016/j.coelec.2024.101562","Core Hybrid","EUR","2,500.00"
"10.1016/j.coelec.2024.101580","Core Hybrid","EUR","2,500.00"
"10.1016/j.coelec.2024.101590","Core Hybrid","EUR","2,500.00"
"10.1016/j.coelec.2024.101591","Core Hybrid","EUR","2,500.00"
"10.1016/j.coelec.2024.101631","Core Hybrid","EUR","2,500.00"
"10.1016/j.coemr.2024.100507","Core Hybrid","EUR","2,500.00"
"10.1016/j.coemr.2024.100540","Core Hybrid","EUR","2,500.00"
"10.1016/j.coemr.2024.100560","Core Hybrid","EUR","2,500.00"
"10.1016/j.coesh.2024.100537","Core Hybrid","EUR","2,500.00"
"10.1016/j.cofs.2024.101171","Core Hybrid","EUR","2,500.00"
"10.1016/j.cofs.2024.101256","Core Hybrid","EUR","2,500.00"
"10.1016/j.cogdev.2024.101439","Core Hybrid","EUR","2,500.00"
"10.1016/j.cogdev.2024.101440","Core Hybrid","EUR","2,500.00"
"10.1016/j.cogdev.2024.101510","Core Hybrid","EUR","2,500.00"
"10.1016/j.cogdev.2024.101512","Core Hybrid","EUR","2,500.00"
"10.1016/j.cogdev.2024.101517","Core Hybrid","EUR","2,500.00"
"10.1016/j.cogdev.2024.101532","Core Hybrid","EUR","2,500.00"
"10.1016/j.cognition.2024.105716","Core Hybrid","EUR","2,500.00"
"10.1016/j.cognition.2024.105721","Core Hybrid","EUR","2,500.00"
"10.1016/j.cognition.2024.105723","Core Hybrid","EUR","2,500.00"
"10.1016/j.cognition.2024.105732","Core Hybrid","EUR","2,500.00"
"10.1016/j.cognition.2024.105736","Core Hybrid","EUR","2,500.00"
"10.1016/j.cognition.2024.105739","Core Hybrid","EUR","2,500.00"
"10.1016/j.cognition.2024.105741","Core Hybrid","EUR","2,500.00"
"10.1016/j.cognition.2024.105791","Core Hybrid","EUR","2,500.00"
"10.1016/j.cognition.2024.105806","Core Hybrid","EUR","2,500.00"
"10.1016/j.cognition.2024.105831","Core Hybrid","EUR","2,500.00"
"10.1016/j.cognition.2024.105880","Core Hybrid","EUR","2,500.00"
"10.1016/j.cognition.2024.105950","Core Hybrid","EUR","2,500.00"
"10.1016/j.cognition.2024.105962","Core Hybrid","EUR","2,500.00"
"10.1016/j.cognition.2024.105977","Core Hybrid","EUR","2,500.00"
"10.1016/j.cognition.2024.105979","Core Hybrid","EUR","2,500.00"
"10.1016/j.cognition.2024.105981","Core Hybrid","EUR","2,500.00"
"10.1016/j.cognition.2024.105991","Core Hybrid","EUR","2,500.00"
"10.1016/j.cognition.2024.105999","Core Hybrid","EUR","2,500.00"
"10.1016/j.cognition.2024.106000","Core Hybrid","EUR","2,500.00"
"10.1016/j.cognition.2024.106041","Core Hybrid","EUR","2,500.00"
"10.1016/j.cogpsych.2024.101662","Core Hybrid","EUR","2,500.00"
"10.1016/j.cogpsych.2024.101670","Core Hybrid","EUR","2,500.00"
"10.1016/j.cogsc.2024.100897","Core Hybrid","EUR","2,500.00"
"10.1016/j.cogsc.2024.100931","Core Hybrid","EUR","2,500.00"
"10.1016/j.cogsc.2024.100958","Core Hybrid","EUR","2,500.00"
"10.1016/j.cogsc.2024.100962","Core Hybrid","EUR","2,500.00"
"10.1016/j.cogsys.2024.101286","Core Hybrid","EUR","2,500.00"
"10.1016/j.cogsys.2024.101297","Core Hybrid","EUR","2,500.00"
"10.1016/j.cogsys.2024.101298","Core Hybrid","EUR","2,500.00"
"10.1016/j.coi.2024.102457","Core Hybrid","EUR","2,500.00"
"10.1016/j.cois.2024.101198","Core Hybrid","EUR","2,500.00"
"10.1016/j.cois.2024.101286","Core Hybrid","EUR","2,500.00"
"10.1016/j.cois.2024.101327","Core Hybrid","EUR","2,500.00"
"10.1016/j.coisb.2024.100506","Core Hybrid","EUR","2,500.00"
"10.1016/j.coisb.2024.100517","Core Hybrid","EUR","2,500.00"
"10.1016/j.coisb.2024.100518","Core Hybrid","EUR","2,500.00"
"10.1016/j.coisb.2024.100533","Core Hybrid","EUR","2,500.00"
"10.1016/j.coisb.2024.100534","Core Hybrid","EUR","2,500.00"
"10.1016/j.coldregions.2023.104030","Core Hybrid","EUR","2,500.00"
"10.1016/j.coldregions.2024.104175","Core Hybrid","EUR","2,500.00"
"10.1016/j.coldregions.2024.104223","Core Hybrid","EUR","2,500.00"
"10.1016/j.coldregions.2024.104359","Core Hybrid","EUR","2,500.00"
"10.1016/j.coldregions.2024.104399","Core Hybrid","EUR","2,500.00"
"10.1016/j.colsurfa.2023.132832","Core Hybrid","EUR","2,500.00"
"10.1016/j.colsurfa.2024.133529","Core Hybrid","EUR","2,500.00"
"10.1016/j.colsurfa.2024.133583","Core Hybrid","EUR","2,500.00"
"10.1016/j.colsurfa.2024.133697","Core Hybrid","EUR","2,500.00"
"10.1016/j.colsurfa.2024.134091","Core Hybrid","EUR","2,500.00"
"10.1016/j.colsurfa.2024.134133","Core Hybrid","EUR","2,500.00"
"10.1016/j.colsurfa.2024.134319","Core Hybrid","EUR","2,500.00"
"10.1016/j.colsurfa.2024.134660","Core Hybrid","EUR","2,500.00"
"10.1016/j.colsurfa.2024.134694","Core Hybrid","EUR","2,500.00"
"10.1016/j.colsurfa.2024.135542","Core Hybrid","EUR","2,500.00"
"10.1016/j.colsurfa.2024.135620","Core Hybrid","EUR","2,500.00"
"10.1016/j.colsurfa.2024.135747","Core Hybrid","EUR","2,500.00"
"10.1016/j.colsurfb.2024.113940","Core Hybrid","EUR","2,500.00"
"10.1016/j.colsurfb.2024.114059","Core Hybrid","EUR","2,500.00"
"10.1016/j.colsurfb.2024.114063","Core Hybrid","EUR","2,500.00"
"10.1016/j.colsurfb.2024.114071","Core Hybrid","EUR","2,500.00"
"10.1016/j.colsurfb.2024.114276","Core Hybrid","EUR","2,500.00"
"10.1016/j.combustflame.2024.113323","Core Hybrid","EUR","2,500.00"
"10.1016/j.combustflame.2024.113329","Core Hybrid","EUR","2,500.00"
"10.1016/j.combustflame.2024.113330","Core Hybrid","EUR","2,500.00"
"10.1016/j.combustflame.2024.113334","Core Hybrid","EUR","2,500.00"
"10.1016/j.combustflame.2024.113338","Core Hybrid","EUR","2,500.00"
"10.1016/j.combustflame.2024.113408","Core Hybrid","EUR","2,500.00"
"10.1016/j.combustflame.2024.113464","Core Hybrid","EUR","2,500.00"
"10.1016/j.combustflame.2024.113533","Core Hybrid","EUR","2,500.00"
"10.1016/j.combustflame.2024.113558","Core Hybrid","EUR","2,500.00"
"10.1016/j.combustflame.2024.113559","Core Hybrid","EUR","2,500.00"
"10.1016/j.combustflame.2024.113560","Core Hybrid","EUR","2,500.00"
"10.1016/j.combustflame.2024.113595","Core Hybrid","EUR","2,500.00"
"10.1016/j.combustflame.2024.113623","Core Hybrid","EUR","2,500.00"
"10.1016/j.combustflame.2024.113646","Core Hybrid","EUR","2,500.00"
"10.1016/j.combustflame.2024.113689","Core Hybrid","EUR","2,500.00"
"10.1016/j.combustflame.2024.113692","Core Hybrid","EUR","2,500.00"
"10.1016/j.combustflame.2024.113699","Core Hybrid","EUR","2,500.00"
"10.1016/j.combustflame.2024.113702","Core Hybrid","EUR","2,500.00"
"10.1016/j.combustflame.2024.113723","Core Hybrid","EUR","2,500.00"
"10.1016/j.combustflame.2024.113737","Core Hybrid","EUR","2,500.00"
"10.1016/j.combustflame.2024.113779","Core Hybrid","EUR","2,500.00"
"10.1016/j.combustflame.2024.113833","Core Hybrid","EUR","2,500.00"
"10.1016/j.combustflame.2024.113841","Core Hybrid","EUR","2,500.00"
"10.1016/j.combustflame.2024.113854","Core Hybrid","EUR","2,500.00"
"10.1016/j.combustflame.2024.113861","Core Hybrid","EUR","2,500.00"
"10.1016/j.combustflame.2024.113883","Core Hybrid","EUR","2,500.00"
"10.1016/j.combustflame.2024.113914","Core Hybrid","EUR","2,500.00"
"10.1016/j.comcom.2024.01.029","Core Hybrid","EUR","2,500.00"
"10.1016/j.comcom.2024.02.006","Core Hybrid","EUR","2,500.00"
"10.1016/j.comcom.2024.04.021","Core Hybrid","EUR","2,500.00"
"10.1016/j.comcom.2024.04.038","Core Hybrid","EUR","2,500.00"
"10.1016/j.comcom.2024.06.020","Core Hybrid","EUR","2,500.00"
"10.1016/j.comcom.2024.07.012","Core Hybrid","EUR","2,500.00"
"10.1016/j.comgeo.2023.102054","Core Hybrid","EUR","2,500.00"
"10.1016/j.comgeo.2024.102101","Core Hybrid","EUR","2,500.00"
"10.1016/j.commatsci.2024.112829","Core Hybrid","EUR","2,500.00"
"10.1016/j.commatsci.2024.112918","Core Hybrid","EUR","2,500.00"
"10.1016/j.commatsci.2024.112922","Core Hybrid","EUR","2,500.00"
"10.1016/j.commatsci.2024.113013","Core Hybrid","EUR","2,500.00"
"10.1016/j.commatsci.2024.113025","Core Hybrid","EUR","2,500.00"
"10.1016/j.commatsci.2024.113033","Core Hybrid","EUR","2,500.00"
"10.1016/j.commatsci.2024.113054","Core Hybrid","EUR","2,500.00"
"10.1016/j.commatsci.2024.113064","Core Hybrid","EUR","2,500.00"
"10.1016/j.commatsci.2024.113065","Core Hybrid","EUR","2,500.00"
"10.1016/j.commatsci.2024.113102","Core Hybrid","EUR","2,500.00"
"10.1016/j.commatsci.2024.113223","Core Hybrid","EUR","2,500.00"
"10.1016/j.commatsci.2024.113274","Core Hybrid","EUR","2,500.00"
"10.1016/j.commatsci.2024.113374","Core Hybrid","EUR","2,500.00"
"10.1016/j.commatsci.2024.113411","Core Hybrid","EUR","2,500.00"
"10.1016/j.commatsci.2024.113432","Core Hybrid","EUR","2,500.00"
"10.1016/j.commatsci.2024.113442","Core Hybrid","EUR","2,500.00"
"10.1016/j.commatsci.2024.113546","Core Hybrid","EUR","2,500.00"
"10.1016/j.commatsci.2024.113547","Core Hybrid","EUR","2,500.00"
"10.1016/j.commatsci.2024.113553","Core Hybrid","EUR","2,500.00"
"10.1016/j.commatsci.2024.113578","Core Hybrid","EUR","2,500.00"
"10.1016/j.commtr.2024.100133","Core Gold","EUR",912.00
"10.1016/j.comnet.2024.110239","Core Hybrid","EUR","2,500.00"
"10.1016/j.comnet.2024.110727","Core Hybrid","EUR","2,500.00"
"10.1016/j.comnet.2024.110734","Core Hybrid","EUR","2,500.00"
"10.1016/j.comnet.2024.110735","Core Hybrid","EUR","2,500.00"
"10.1016/j.comnet.2024.110781","Core Hybrid","EUR","2,500.00"
"10.1016/j.comnet.2024.110855","Core Hybrid","EUR","2,500.00"
"10.1016/j.compag.2024.108656","Core Hybrid","EUR","2,500.00"
"10.1016/j.compag.2024.108924","Core Hybrid","EUR","2,500.00"
"10.1016/j.compag.2024.108966","Core Hybrid","EUR","2,500.00"
"10.1016/j.compag.2024.109003","Core Hybrid","EUR","2,500.00"
"10.1016/j.compag.2024.109091","Core Hybrid","EUR","2,500.00"
"10.1016/j.compag.2024.109106","Core Hybrid","EUR","2,500.00"
"10.1016/j.compag.2024.109112","Core Hybrid","EUR","2,500.00"
"10.1016/j.compag.2024.109254","Core Hybrid","EUR","2,500.00"
"10.1016/j.compag.2024.109297","Core Hybrid","EUR","2,500.00"
"10.1016/j.compag.2024.109327","Core Hybrid","EUR","2,500.00"
"10.1016/j.compag.2024.109429","Core Hybrid","EUR","2,500.00"
"10.1016/j.compag.2024.109443","Core Hybrid","EUR","2,500.00"
"10.1016/j.compag.2024.109494","Core Hybrid","EUR","2,500.00"
"10.1016/j.compag.2024.109606","Core Hybrid","EUR","2,500.00"
"10.1016/j.compag.2024.109622","Core Hybrid","EUR","2,500.00"
"10.1016/j.compbiomed.2024.107929","Core Hybrid","EUR","2,500.00"
"10.1016/j.compbiomed.2024.107947","Core Hybrid","EUR","2,500.00"
"10.1016/j.compbiomed.2024.107978","Core Hybrid","EUR","2,500.00"
"10.1016/j.compbiomed.2024.108029","Core Hybrid","EUR","2,500.00"
"10.1016/j.compbiomed.2024.108185","Core Hybrid","EUR","2,500.00"
"10.1016/j.compbiomed.2024.108199","Core Hybrid","EUR","2,500.00"
"10.1016/j.compbiomed.2024.108248","Core Hybrid","EUR","2,500.00"
"10.1016/j.compbiomed.2024.108383","Core Hybrid","EUR","2,500.00"
"10.1016/j.compbiomed.2024.108410","Core Hybrid","EUR","2,500.00"
"10.1016/j.compbiomed.2024.108411","Core Hybrid","EUR","2,500.00"
"10.1016/j.compbiomed.2024.108416","Core Hybrid","EUR","2,500.00"
"10.1016/j.compbiomed.2024.108525","Core Hybrid","EUR","2,500.00"
"10.1016/j.compbiomed.2024.108618","Core Hybrid","EUR","2,500.00"
"10.1016/j.compbiomed.2024.108681","Core Hybrid","EUR","2,500.00"
"10.1016/j.compbiomed.2024.108820","Core Hybrid","EUR","2,500.00"
"10.1016/j.compbiomed.2024.108938","Core Hybrid","EUR","2,500.00"
"10.1016/j.compbiomed.2024.108941","Core Hybrid","EUR","2,500.00"
"10.1016/j.compbiomed.2024.108966","Core Hybrid","EUR","2,500.00"
"10.1016/j.compbiomed.2024.109140","Core Hybrid","EUR","2,500.00"
"10.1016/j.compbiomed.2024.109154","Core Hybrid","EUR","2,500.00"
"10.1016/j.compbiomed.2024.109178","Core Hybrid","EUR","2,500.00"
"10.1016/j.compbiomed.2024.109224","Core Hybrid","EUR","2,500.00"
"10.1016/j.compbiomed.2024.109230","Core Hybrid","EUR","2,500.00"
"10.1016/j.compbiomed.2024.109240","Core Hybrid","EUR","2,500.00"
"10.1016/j.compbiomed.2024.109242","Core Hybrid","EUR","2,500.00"
"10.1016/j.compbiomed.2024.109244","Core Hybrid","EUR","2,500.00"
"10.1016/j.compbiomed.2024.109289","Core Hybrid","EUR","2,500.00"
"10.1016/j.compbiomed.2024.109346","Core Hybrid","EUR","2,500.00"
"10.1016/j.compbiomed.2024.109395","Core Hybrid","EUR","2,500.00"
"10.1016/j.compbiomed.2024.109422","Core Hybrid","EUR","2,500.00"
"10.1016/j.compbiomed.2024.109518","Core Hybrid","EUR","2,500.00"
"10.1016/j.compbiomed.2024.109533","Core Hybrid","EUR","2,500.00"
"10.1016/j.compchemeng.2024.108612","Core Hybrid","EUR","2,500.00"
"10.1016/j.compchemeng.2024.108619","Core Hybrid","EUR","2,500.00"
"10.1016/j.compchemeng.2024.108621","Core Hybrid","EUR","2,500.00"
"10.1016/j.compchemeng.2024.108643","Core Hybrid","EUR","2,500.00"
"10.1016/j.compchemeng.2024.108656","Core Hybrid","EUR","2,500.00"
"10.1016/j.compchemeng.2024.108672","Core Hybrid","EUR","2,500.00"
"10.1016/j.compchemeng.2024.108673","Core Hybrid","EUR","2,500.00"
"10.1016/j.compchemeng.2024.108680","Core Hybrid","EUR","2,500.00"
"10.1016/j.compchemeng.2024.108681","Core Hybrid","EUR","2,500.00"
"10.1016/j.compchemeng.2024.108720","Core Hybrid","EUR","2,500.00"
"10.1016/j.compchemeng.2024.108746","Core Hybrid","EUR","2,500.00"
"10.1016/j.compchemeng.2024.108774","Core Hybrid","EUR","2,500.00"
"10.1016/j.compchemeng.2024.108798","Core Hybrid","EUR","2,500.00"
"10.1016/j.compchemeng.2024.108804","Core Hybrid","EUR","2,500.00"
"10.1016/j.compchemeng.2024.108824","Core Hybrid","EUR","2,500.00"
"10.1016/j.compchemeng.2024.108838","Core Hybrid","EUR","2,500.00"
"10.1016/j.compchemeng.2024.108860","Core Hybrid","EUR","2,500.00"
"10.1016/j.compchemeng.2024.108893","Core Hybrid","EUR","2,500.00"
"10.1016/j.compchemeng.2024.108899","Core Hybrid","EUR","2,500.00"
"10.1016/j.compchemeng.2024.108913","Core Hybrid","EUR","2,500.00"
"10.1016/j.compchemeng.2024.108917","Core Hybrid","EUR","2,500.00"
"10.1016/j.compchemeng.2024.108922","Core Hybrid","EUR","2,500.00"
"10.1016/j.compchemeng.2024.108953","Core Hybrid","EUR","2,500.00"
"10.1016/j.compchemeng.2024.108955","Core Hybrid","EUR","2,500.00"
"10.1016/j.compchemeng.2024.108975","Core Hybrid","EUR","2,500.00"
"10.1016/j.compchemeng.2024.108976","Core Hybrid","EUR","2,500.00"
"10.1016/j.compedu.2024.104987","Core Hybrid","EUR","2,500.00"
"10.1016/j.compedu.2024.104996","Core Hybrid","EUR","2,500.00"
"10.1016/j.compedu.2024.105028","Core Hybrid","EUR","2,500.00"
"10.1016/j.compedu.2024.105040","Core Hybrid","EUR","2,500.00"
"10.1016/j.compedu.2024.105041","Core Hybrid","EUR","2,500.00"
"10.1016/j.compedu.2024.105093","Core Hybrid","EUR","2,500.00"
"10.1016/j.compedu.2024.105108","Core Hybrid","EUR","2,500.00"
"10.1016/j.compedu.2024.105127","Core Hybrid","EUR","2,500.00"
"10.1016/j.compedu.2024.105163","Core Hybrid","EUR","2,500.00"
"10.1016/j.compenvurbsys.2024.102115","Core Hybrid","EUR","2,500.00"
"10.1016/j.compenvurbsys.2024.102143","Core Hybrid","EUR","2,500.00"
"10.1016/j.compfluid.2024.106186","Core Hybrid","EUR","2,500.00"
"10.1016/j.compfluid.2024.106191","Core Hybrid","EUR","2,500.00"
"10.1016/j.compfluid.2024.106211","Core Hybrid","EUR","2,500.00"
"10.1016/j.compfluid.2024.106231","Core Hybrid","EUR","2,500.00"
"10.1016/j.compfluid.2024.106248","Core Hybrid","EUR","2,500.00"
"10.1016/j.compfluid.2024.106252","Core Hybrid","EUR","2,500.00"
"10.1016/j.compfluid.2024.106298","Core Hybrid","EUR","2,500.00"
"10.1016/j.compfluid.2024.106302","Core Hybrid","EUR","2,500.00"
"10.1016/j.compfluid.2024.106304","Core Hybrid","EUR","2,500.00"
"10.1016/j.compfluid.2024.106321","Core Hybrid","EUR","2,500.00"
"10.1016/j.compfluid.2024.106346","Core Hybrid","EUR","2,500.00"
"10.1016/j.compfluid.2024.106369","Core Hybrid","EUR","2,500.00"
"10.1016/j.compfluid.2024.106375","Core Hybrid","EUR","2,500.00"
"10.1016/j.compfluid.2024.106419","Core Hybrid","EUR","2,500.00"
"10.1016/j.compfluid.2024.106438","Core Hybrid","EUR","2,500.00"
"10.1016/j.compfluid.2024.106458","Core Hybrid","EUR","2,500.00"
"10.1016/j.compfluid.2024.106490","Core Hybrid","EUR","2,500.00"
"10.1016/j.compfluid.2024.106498","Core Hybrid","EUR","2,500.00"
"10.1016/j.compfluid.2024.106508","Core Hybrid","EUR","2,500.00"
"10.1016/j.compgeo.2024.106082","Core Hybrid","EUR","2,500.00"
"10.1016/j.compgeo.2024.106132","Core Hybrid","EUR","2,500.00"
"10.1016/j.compgeo.2024.106173","Core Hybrid","EUR","2,500.00"
"10.1016/j.compgeo.2024.106286","Core Hybrid","EUR","2,500.00"
"10.1016/j.compgeo.2024.106314","Core Hybrid","EUR","2,500.00"
"10.1016/j.compgeo.2024.106341","Core Hybrid","EUR","2,500.00"
"10.1016/j.compgeo.2024.106477","Core Hybrid","EUR","2,500.00"
"10.1016/j.compgeo.2024.106480","Core Hybrid","EUR","2,500.00"
"10.1016/j.compgeo.2024.106529","Core Hybrid","EUR","2,500.00"
"10.1016/j.compgeo.2024.106683","Core Hybrid","EUR","2,500.00"
"10.1016/j.compgeo.2024.106739","Core Hybrid","EUR","2,500.00"
"10.1016/j.compgeo.2024.106748","Core Hybrid","EUR","2,500.00"
"10.1016/j.compgeo.2024.106811","Core Hybrid","EUR","2,500.00"
"10.1016/j.compind.2024.104135","Core Hybrid","EUR","2,500.00"
"10.1016/j.compind.2024.104139","Core Hybrid","EUR","2,500.00"
"10.1016/j.compind.2024.104170","Core Hybrid","EUR","2,500.00"
"10.1016/j.compind.2024.104205","Core Hybrid","EUR","2,500.00"
"10.1016/j.compind.2024.104212","Core Hybrid","EUR","2,500.00"
"10.1016/j.compmedimag.2024.102340","Core Hybrid","EUR","2,500.00"
"10.1016/j.compositesa.2024.108236","Core Hybrid","EUR","2,500.00"
"10.1016/j.compositesa.2024.108307","Core Hybrid","EUR","2,500.00"
"10.1016/j.compositesa.2024.108340","Core Hybrid","EUR","2,500.00"
"10.1016/j.compositesa.2024.108359","Core Hybrid","EUR","2,500.00"
"10.1016/j.compositesa.2024.108562","Core Hybrid","EUR","2,500.00"
"10.1016/j.compositesa.2024.108584","Core Hybrid","EUR","2,500.00"
"10.1016/j.compositesb.2023.111049","Core Hybrid","EUR","2,500.00"
"10.1016/j.compositesb.2024.111322","Core Hybrid","EUR","2,500.00"
"10.1016/j.compositesb.2024.111326","Core Hybrid","EUR","2,500.00"
"10.1016/j.compositesb.2024.111364","Core Hybrid","EUR","2,500.00"
"10.1016/j.compositesb.2024.111477","Core Hybrid","EUR","2,500.00"
"10.1016/j.compositesb.2024.111533","Core Hybrid","EUR","2,500.00"
"10.1016/j.compositesb.2024.111540","Core Hybrid","EUR","2,500.00"
"10.1016/j.compositesb.2024.111624","Core Hybrid","EUR","2,500.00"
"10.1016/j.compositesb.2024.111765","Core Hybrid","EUR","2,500.00"
"10.1016/j.compositesb.2024.111843","Core Hybrid","EUR","2,500.00"
"10.1016/j.compositesb.2024.111845","Core Hybrid","EUR","2,500.00"
"10.1016/j.compositesb.2024.111927","Core Hybrid","EUR","2,500.00"
"10.1016/j.compositesb.2024.112062","Core Hybrid","EUR","2,500.00"
"10.1016/j.compositesb.2024.112077","Core Hybrid","EUR","2,500.00"
"10.1016/j.comppsych.2024.152452","Core Gold","EUR","1,834.00"
"10.1016/j.comppsych.2024.152470","Core Gold","EUR","1,904.00"
"10.1016/j.comppsych.2024.152471","Core Gold","EUR","2,200.00"
"10.1016/j.comppsych.2024.152475","Core Gold","EUR","2,200.00"
"10.1016/j.comppsych.2024.152482","Core Gold","EUR","2,200.00"
"10.1016/j.comppsych.2024.152488","Core Gold","EUR","2,200.00"
"10.1016/j.comppsych.2024.152507","Core Gold","EUR","2,200.00"
"10.1016/j.comppsych.2024.152528","Core Gold","EUR","2,232.00"
"10.1016/j.comppsych.2024.152532","Core Gold","EUR","2,232.00"
"10.1016/j.comppsych.2024.152534","Core Gold","EUR","2,200.00"
"10.1016/j.comppsych.2024.152543","Core Gold","EUR","2,232.00"
"10.1016/j.compscitech.2024.110679","Core Hybrid","EUR","2,500.00"
"10.1016/j.compscitech.2024.110695","Core Hybrid","EUR","2,500.00"
"10.1016/j.compscitech.2024.110903","Core Hybrid","EUR","2,500.00"
"10.1016/j.compstruc.2024.107342","Core Hybrid","EUR","2,500.00"
"10.1016/j.compstruc.2024.107391","Core Hybrid","EUR","2,500.00"
"10.1016/j.compstruc.2024.107395","Core Hybrid","EUR","2,500.00"
"10.1016/j.compstruc.2024.107518","Core Hybrid","EUR","2,500.00"
"10.1016/j.compstruc.2024.107559","Core Hybrid","EUR","2,500.00"
"10.1016/j.compstruct.2024.117969","Core Hybrid","EUR","2,500.00"
"10.1016/j.compstruct.2024.118084","Core Hybrid","EUR","2,500.00"
"10.1016/j.compstruct.2024.118106","Core Hybrid","EUR","2,500.00"
"10.1016/j.compstruct.2024.118216","Core Hybrid","EUR","2,500.00"
"10.1016/j.compstruct.2024.118342","Core Hybrid","EUR","2,500.00"
"10.1016/j.compstruct.2024.118374","Core Hybrid","EUR","2,500.00"
"10.1016/j.compstruct.2024.118440","Core Hybrid","EUR","2,500.00"
"10.1016/j.compstruct.2024.118601","Core Hybrid","EUR","2,500.00"
"10.1016/j.compstruct.2024.118631","Core Hybrid","EUR","2,500.00"
"10.1016/j.compstruct.2024.118683","Core Hybrid","EUR","2,500.00"
"10.1016/j.compstruct.2024.118716","Core Hybrid","EUR","2,500.00"
"10.1016/j.compstruct.2024.118722","Core Hybrid","EUR","2,500.00"
"10.1016/j.compstruct.2024.118786","Core Hybrid","EUR","2,500.00"
"10.1016/j.compstruct.2024.118806","Core Hybrid","EUR","2,500.00"
"10.1016/j.comptc.2024.114877","Core Hybrid","EUR","2,500.00"
"10.1016/j.comtox.2024.100308","Core Hybrid","EUR","2,500.00"
"10.1016/j.comtox.2024.100313","Core Hybrid","EUR","2,500.00"
"10.1016/j.comtox.2024.100318","Core Hybrid","EUR","2,500.00"
"10.1016/j.conb.2024.102867","Core Hybrid","EUR","2,500.00"
"10.1016/j.conb.2024.102878","Core Hybrid","EUR","2,500.00"
"10.1016/j.conb.2024.102880","Core Hybrid","EUR","2,500.00"
"10.1016/j.conb.2024.102927","Core Hybrid","EUR","2,500.00"
"10.1016/j.conb.2024.102939","Core Hybrid","EUR","2,500.00"
"10.1016/j.conbuildmat.2023.133677","Core Hybrid","EUR","2,500.00"
"10.1016/j.conbuildmat.2023.134765","Core Hybrid","EUR","2,500.00"
"10.1016/j.conbuildmat.2024.135096","Core Hybrid","EUR","2,500.00"
"10.1016/j.conbuildmat.2024.135184","Core Hybrid","EUR","2,500.00"
"10.1016/j.conbuildmat.2024.135413","Core Hybrid","EUR","2,500.00"
"10.1016/j.conbuildmat.2024.135517","Core Hybrid","EUR","2,500.00"
"10.1016/j.conbuildmat.2024.135651","Core Hybrid","EUR","2,500.00"
"10.1016/j.conbuildmat.2024.135980","Core Hybrid","EUR","2,500.00"
"10.1016/j.conbuildmat.2024.135982","Core Hybrid","EUR","2,500.00"
"10.1016/j.conbuildmat.2024.136099","Core Hybrid","EUR","2,500.00"
"10.1016/j.conbuildmat.2024.136151","Core Hybrid","EUR","2,500.00"
"10.1016/j.conbuildmat.2024.136497","Core Hybrid","EUR","2,500.00"
"10.1016/j.conbuildmat.2024.136534","Core Hybrid","EUR","2,500.00"
"10.1016/j.conbuildmat.2024.136619","Core Hybrid","EUR","2,500.00"
"10.1016/j.conbuildmat.2024.136630","Core Hybrid","EUR","2,500.00"
"10.1016/j.conbuildmat.2024.136696","Core Hybrid","EUR","2,500.00"
"10.1016/j.conbuildmat.2024.136794","Core Hybrid","EUR","2,500.00"
"10.1016/j.conbuildmat.2024.136905","Core Hybrid","EUR","2,500.00"
"10.1016/j.conbuildmat.2024.137096","Core Hybrid","EUR","2,500.00"
"10.1016/j.conbuildmat.2024.137166","Core Hybrid","EUR","2,500.00"
"10.1016/j.conbuildmat.2024.137188","Core Hybrid","EUR","2,500.00"
"10.1016/j.conbuildmat.2024.137397","Core Hybrid","EUR","2,500.00"
"10.1016/j.conbuildmat.2024.137554","Core Hybrid","EUR","2,500.00"
"10.1016/j.conbuildmat.2024.137611","Core Hybrid","EUR","2,500.00"
"10.1016/j.conbuildmat.2024.137742","Core Hybrid","EUR","2,500.00"
"10.1016/j.conbuildmat.2024.137770","Core Hybrid","EUR","2,500.00"
"10.1016/j.conbuildmat.2024.137800","Core Hybrid","EUR","2,500.00"
"10.1016/j.conbuildmat.2024.137883","Core Hybrid","EUR","2,500.00"
"10.1016/j.conbuildmat.2024.138034","Core Hybrid","EUR","2,500.00"
"10.1016/j.conbuildmat.2024.138230","Core Hybrid","EUR","2,500.00"
"10.1016/j.conbuildmat.2024.138274","Core Hybrid","EUR","2,500.00"
"10.1016/j.conbuildmat.2024.138351","Core Hybrid","EUR","2,500.00"
"10.1016/j.conbuildmat.2024.138455","Core Hybrid","EUR","2,500.00"
"10.1016/j.conbuildmat.2024.138692","Core Hybrid","EUR","2,500.00"
"10.1016/j.conbuildmat.2024.139330","Core Hybrid","EUR","2,500.00"
"10.1016/j.conbuildmat.2024.139466","Core Hybrid","EUR","2,500.00"
"10.1016/j.concog.2023.103623","Core Hybrid","EUR","2,500.00"
"10.1016/j.concog.2023.103631","Core Hybrid","EUR","2,500.00"
"10.1016/j.concog.2024.103644","Core Hybrid","EUR","2,500.00"
"10.1016/j.concog.2024.103653","Core Hybrid","EUR","2,500.00"
"10.1016/j.concog.2024.103665","Core Hybrid","EUR","2,500.00"
"10.1016/j.concog.2024.103679","Core Hybrid","EUR","2,500.00"
"10.1016/j.concog.2024.103700","Core Hybrid","EUR","2,500.00"
"10.1016/j.concog.2024.103721","Core Hybrid","EUR","2,500.00"
"10.1016/j.concog.2024.103730","Core Hybrid","EUR","2,500.00"
"10.1016/j.concog.2024.103732","Core Hybrid","EUR","2,500.00"
"10.1016/j.concog.2024.103758","Core Hybrid","EUR","2,500.00"
"10.1016/j.concog.2024.103762","Core Hybrid","EUR","2,500.00"
"10.1016/j.concog.2024.103793","Core Hybrid","EUR","2,500.00"
"10.1016/j.conctc.2024.101273","Core Gold","EUR","1,632.00"
"10.1016/j.conctc.2024.101393","Core Gold","EUR","1,648.00"
"10.1016/j.conengprac.2024.105849","Core Hybrid","EUR","2,500.00"
"10.1016/j.conengprac.2024.105881","Core Hybrid","EUR","2,500.00"
"10.1016/j.conengprac.2024.105884","Core Hybrid","EUR","2,500.00"
"10.1016/j.conengprac.2024.105899","Core Hybrid","EUR","2,500.00"
"10.1016/j.conengprac.2024.105907","Core Hybrid","EUR","2,500.00"
"10.1016/j.conengprac.2024.105928","Core Hybrid","EUR","2,500.00"
"10.1016/j.conengprac.2024.105950","Core Hybrid","EUR","2,500.00"
"10.1016/j.conengprac.2024.106018","Core Hybrid","EUR","2,500.00"
"10.1016/j.conengprac.2024.106030","Core Hybrid","EUR","2,500.00"
"10.1016/j.conengprac.2024.106037","Core Hybrid","EUR","2,500.00"
"10.1016/j.conengprac.2024.106075","Core Hybrid","EUR","2,500.00"
"10.1016/j.conengprac.2024.106111","Core Hybrid","EUR","2,500.00"
"10.1016/j.contre.2024.100069","Core Gold","EUR",656.00
"10.1016/j.copbio.2023.103051","Core Hybrid","EUR","2,500.00"
"10.1016/j.copbio.2024.103079","Core Hybrid","EUR","2,500.00"
"10.1016/j.copbio.2024.103107","Core Hybrid","EUR","2,500.00"
"10.1016/j.copbio.2024.103112","Core Hybrid","EUR","2,500.00"
"10.1016/j.copbio.2024.103126","Core Hybrid","EUR","2,500.00"
"10.1016/j.copbio.2024.103149","Core Hybrid","EUR","2,500.00"
"10.1016/j.copbio.2024.103183","Core Hybrid","EUR","2,500.00"
"10.1016/j.copbio.2024.103193","Core Hybrid","EUR","2,500.00"
"10.1016/j.copbio.2024.103208","Core Hybrid","EUR","2,500.00"
"10.1016/j.copbio.2024.103209","Core Hybrid","EUR","2,500.00"
"10.1016/j.coph.2024.102458","Core Hybrid","EUR","2,500.00"
"10.1016/j.copsyc.2024.101861","Core Hybrid","EUR","2,500.00"
"10.1016/j.copsyc.2024.101873","Core Hybrid","EUR","2,500.00"
"10.1016/j.copsyc.2024.101878","Core Hybrid","EUR","2,500.00"
"10.1016/j.copsyc.2024.101882","Core Hybrid","EUR","2,500.00"
"10.1016/j.copsyc.2024.101897","Core Hybrid","EUR","2,500.00"
"10.1016/j.copsyc.2024.101925","Core Hybrid","EUR","2,500.00"
"10.1016/j.copsyc.2024.101927","Core Hybrid","EUR","2,500.00"
"10.1016/j.copsyc.2024.101958","Core Hybrid","EUR","2,500.00"
"10.1016/j.cor.2024.106553","Core Hybrid","EUR","2,500.00"
"10.1016/j.cor.2024.106555","Core Hybrid","EUR","2,500.00"
"10.1016/j.cor.2024.106587","Core Hybrid","EUR","2,500.00"
"10.1016/j.cor.2024.106608","Core Hybrid","EUR","2,500.00"
"10.1016/j.cor.2024.106609","Core Hybrid","EUR","2,500.00"
"10.1016/j.cor.2024.106639","Core Hybrid","EUR","2,500.00"
"10.1016/j.cor.2024.106672","Core Hybrid","EUR","2,500.00"
"10.1016/j.cor.2024.106686","Core Hybrid","EUR","2,500.00"
"10.1016/j.cor.2024.106804","Core Hybrid","EUR","2,500.00"
"10.1016/j.cor.2024.106827","Core Hybrid","EUR","2,500.00"
"10.1016/j.cor.2024.106886","Core Hybrid","EUR","2,500.00"
"10.1016/j.cor.2024.106888","Core Hybrid","EUR","2,500.00"
"10.1016/j.cor.2024.106905","Core Hybrid","EUR","2,500.00"
"10.1016/j.corsci.2023.111651","Core Hybrid","EUR","2,500.00"
"10.1016/j.corsci.2024.111867","Core Hybrid","EUR","2,500.00"
"10.1016/j.corsci.2024.111904","Core Hybrid","EUR","2,500.00"
"10.1016/j.corsci.2024.112091","Core Hybrid","EUR","2,500.00"
"10.1016/j.corsci.2024.112115","Core Hybrid","EUR","2,500.00"
"10.1016/j.corsci.2024.112174","Core Hybrid","EUR","2,500.00"
"10.1016/j.corsci.2024.112179","Core Hybrid","EUR","2,500.00"
"10.1016/j.corsci.2024.112194","Core Hybrid","EUR","2,500.00"
"10.1016/j.corsci.2024.112396","Core Hybrid","EUR","2,500.00"
"10.1016/j.corsci.2024.112485","Core Hybrid","EUR","2,500.00"
"10.1016/j.corsci.2024.112627","Core Hybrid","EUR","2,500.00"
"10.1016/j.cortex.2024.01.013","Core Hybrid","EUR","2,500.00"
"10.1016/j.cortex.2024.02.003","Core Hybrid","EUR","2,500.00"
"10.1016/j.cortex.2024.02.009","Core Hybrid","EUR","2,500.00"
"10.1016/j.cortex.2024.02.015","Core Hybrid","EUR","2,500.00"
"10.1016/j.cortex.2024.03.016","Core Hybrid","EUR","2,500.00"
"10.1016/j.cortex.2024.04.001","Core Hybrid","EUR","2,500.00"
"10.1016/j.cortex.2024.04.002","Core Hybrid","EUR","2,500.00"
"10.1016/j.cortex.2024.05.004","Core Hybrid","EUR","2,500.00"
"10.1016/j.cortex.2024.05.011","Core Hybrid","EUR","2,500.00"
"10.1016/j.cortex.2024.07.010","Core Hybrid","EUR","2,500.00"
"10.1016/j.cortex.2024.08.004","Core Hybrid","EUR","2,500.00"
"10.1016/j.cortex.2024.09.017","Core Hybrid","EUR","2,500.00"
"10.1016/j.cortex.2024.10.015","Core Hybrid","EUR","2,500.00"
"10.1016/j.cortex.2024.10.023","Core Hybrid","EUR","2,500.00"
"10.1016/j.cose.2024.103741","Core Hybrid","EUR","2,500.00"
"10.1016/j.cose.2024.103940","Core Hybrid","EUR","2,500.00"
"10.1016/j.cose.2024.103965","Core Hybrid","EUR","2,500.00"
"10.1016/j.cose.2024.104008","Core Hybrid","EUR","2,500.00"
"10.1016/j.cose.2024.104197","Core Hybrid","EUR","2,500.00"
"10.1016/j.cosust.2024.101438","Core Hybrid","EUR","2,500.00"
"10.1016/j.cotox.2024.100490","Core Hybrid","EUR","2,500.00"
"10.1016/j.coviro.2024.101413","Core Hybrid","EUR","2,500.00"
"10.1016/j.coviro.2024.101423","Core Hybrid","EUR","2,500.00"
"10.1016/j.coviro.2024.101427","Core Hybrid","EUR","2,500.00"
"10.1016/j.coviro.2024.101438","Core Hybrid","EUR","2,500.00"
"10.1016/j.cpc.2024.109092","Core Hybrid","EUR","2,500.00"
"10.1016/j.cpc.2024.109126","Core Hybrid","EUR","2,500.00"
"10.1016/j.cpc.2024.109155","Core Hybrid","EUR","2,500.00"
"10.1016/j.cpc.2024.109164","Core Hybrid","EUR","2,500.00"
"10.1016/j.cpc.2024.109173","Core Hybrid","EUR","2,500.00"
"10.1016/j.cpc.2024.109182","Core Hybrid","EUR","2,500.00"
"10.1016/j.cpc.2024.109184","Core Hybrid","EUR","2,500.00"
"10.1016/j.cpc.2024.109198","Core Hybrid","EUR","2,500.00"
"10.1016/j.cpc.2024.109243","Core Hybrid","EUR","2,500.00"
"10.1016/j.cpc.2024.109244","Core Hybrid","EUR","2,500.00"
"10.1016/j.cpc.2024.109279","Core Hybrid","EUR","2,500.00"
"10.1016/j.cpc.2024.109321","Core Hybrid","EUR","2,500.00"
"10.1016/j.cpc.2024.109322","Core Hybrid","EUR","2,500.00"
"10.1016/j.cpc.2024.109357","Core Hybrid","EUR","2,500.00"
"10.1016/j.cpc.2024.109372","Core Hybrid","EUR","2,500.00"
"10.1016/j.cpc.2024.109373","Core Hybrid","EUR","2,500.00"
"10.1016/j.cpc.2024.109384","Core Hybrid","EUR","2,500.00"
"10.1016/j.cpc.2024.109388","Core Hybrid","EUR","2,500.00"
"10.1016/j.cpc.2024.109410","Core Hybrid","EUR","2,500.00"
"10.1016/j.cpc.2024.109429","Core Hybrid","EUR","2,500.00"
"10.1016/j.cpc.2024.109433","Core Hybrid","EUR","2,500.00"
"10.1016/j.cpc.2024.109460","Core Hybrid","EUR","2,500.00"
"10.1016/j.cpc.2024.109474","Core Hybrid","EUR","2,500.00"
"10.1016/j.cpc.2024.109475","Core Hybrid","EUR","2,500.00"
"10.1016/j.cpnec.2024.100248","Core Gold","EUR","1,280.00"
"10.1016/j.cpnec.2024.100249","Core Gold","EUR","1,280.00"
"10.1016/j.cpnec.2024.100279","Core Gold","EUR","1,544.00"
"10.1016/j.cpr.2024.102413","Core Hybrid","EUR","2,500.00"
"10.1016/j.cpr.2024.102481","Core Hybrid","EUR","2,500.00"
"10.1016/j.cpr.2024.102491","Core Hybrid","EUR","2,500.00"
"10.1016/j.cpr.2024.102507","Core Hybrid","EUR","2,500.00"
"10.1016/j.cpr.2024.102510","Core Hybrid","EUR","2,500.00"
"10.1016/j.cpsurg.2024.101506","Core Hybrid","EUR","2,500.00"
"10.1016/j.cpsurg.2024.101526","Core Hybrid","EUR","2,500.00"
"10.1016/j.cpsurg.2024.101543","Core Hybrid","EUR","2,500.00"
"10.1016/j.crad.2024.01.028","Core Hybrid","EUR","2,500.00"
"10.1016/j.cresp.2024.100197","Core Gold","EUR","1,140.00"
"10.1016/j.cretres.2024.105921","Core Hybrid","EUR","2,500.00"
"10.1016/j.crfs.2024.100871","Core Gold","EUR","1,952.00"
"10.1016/j.crfs.2024.100909","Core Gold","EUR","1,596.00"
"10.1016/j.crfs.2024.100967","Core Gold","EUR","2,024.00"
"10.1016/j.crm.2024.100615","Core Gold","EUR","1,888.00"
"10.1016/j.crm.2024.100651","Core Gold","EUR","1,712.00"
"10.1016/j.crm.2024.100652","Core Gold","EUR","2,024.00"
"10.1016/j.crm.2024.100669","Core Gold","EUR","1,712.00"
"10.1016/j.crmeth.2023.100681","CP/TL Gold","EUR","3,952.50"
"10.1016/j.crmeth.2023.100685","CP/TL Gold","EUR","3,952.50"
"10.1016/j.crmeth.2024.100696","CP/TL Gold","EUR","3,952.50"
"10.1016/j.crmeth.2024.100710","CP/TL Gold","EUR","3,952.50"
"10.1016/j.crmeth.2024.100711","CP/TL Gold","EUR","3,952.50"
"10.1016/j.crmeth.2024.100715","CP/TL Gold","EUR","3,952.50"
"10.1016/j.crmeth.2024.100720","CP/TL Gold","EUR","3,952.50"
"10.1016/j.crmeth.2024.100739","CP/TL Gold","EUR","3,952.50"
"10.1016/j.crmeth.2024.100840","CP/TL Gold","EUR","3,952.50"
"10.1016/j.crmeth.2024.100908","CP/TL Gold","EUR","3,952.50"
"10.1016/j.crmicr.2024.100290","Core Gold","EUR","1,840.00"
"10.1016/j.crneur.2024.100124","Core Gold","EUR","1,140.00"
"10.1016/j.crneur.2024.100137","Core Gold","EUR","1,140.00"
"10.1016/j.crneur.2024.100142","Core Gold","EUR","1,140.00"
"10.1016/j.cropro.2023.106571","Core Hybrid","EUR","2,500.00"
"10.1016/j.cropro.2024.106732","Core Hybrid","EUR","2,500.00"
"10.1016/j.cropro.2024.106866","Core Hybrid","EUR","2,500.00"
"10.1016/j.crsust.2024.100276","Core Gold","EUR","1,120.00"
"10.1016/j.crtox.2024.100208","Core Gold","EUR","1,680.00"
"10.1016/j.cryobiol.2024.104852","Core Hybrid","EUR","2,500.00"
"10.1016/j.cryobiol.2024.104879","Core Hybrid","EUR","2,500.00"
"10.1016/j.cryobiol.2024.104904","Core Hybrid","EUR","2,500.00"
"10.1016/j.cryobiol.2024.104910","Core Hybrid","EUR","2,500.00"
"10.1016/j.cryobiol.2024.104956","Core Hybrid","EUR","2,500.00"
"10.1016/j.cryobiol.2024.104958","Core Hybrid","EUR","2,500.00"
"10.1016/j.cryogenics.2024.103792","Core Hybrid","EUR","2,500.00"
"10.1016/j.cryogenics.2024.103817","Core Hybrid","EUR","2,500.00"
"10.1016/j.cryogenics.2024.103826","Core Hybrid","EUR","2,500.00"
"10.1016/j.cryogenics.2024.103895","Core Hybrid","EUR","2,500.00"
"10.1016/j.cscm.2024.e02986","Core Gold","EUR","1,448.00"
"10.1016/j.cscm.2024.e03154","Core Gold","EUR",800.00
"10.1016/j.cscm.2024.e03312","Core Gold","EUR","1,520.00"
"10.1016/j.cscm.2024.e03407","Core Gold","EUR","1,520.00"
"10.1016/j.cscm.2024.e03448","Core Gold","EUR",800.00
"10.1016/j.cscm.2024.e03495","Core Gold","EUR","1,520.00"
"10.1016/j.cscm.2024.e03522","Core Gold","EUR","1,536.00"
"10.1016/j.cscm.2024.e03749","Core Gold","EUR","1,536.00"
"10.1016/j.cscm.2024.e03770","Core Gold","EUR","1,536.00"
"10.1016/j.cscm.2024.e03788","Core Gold","EUR",816.00
"10.1016/j.cscm.2024.e03809","Core Gold","EUR","1,536.00"
"10.1016/j.cscm.2024.e03917","Core Gold","EUR","1,344.00"
"10.1016/j.cscm.2024.e03973","Core Gold","EUR","1,536.00"
"10.1016/j.cscm.2024.e04006","Core Gold","EUR","1,400.00"
"10.1016/j.cscm.2024.e04085","Core Gold","EUR","1,536.00"
"10.1016/j.csda.2024.108025","Core Hybrid","EUR","2,500.00"
"10.1016/j.csda.2024.108027","Core Hybrid","EUR","2,500.00"
"10.1016/j.csda.2024.108076","Core Hybrid","EUR","2,500.00"
"10.1016/j.csite.2023.103716","Core Gold","EUR",824.00
"10.1016/j.csite.2024.103993","Core Gold","EUR",824.00
"10.1016/j.csite.2024.104762","Core Gold","EUR",880.00
"10.1016/j.csl.2023.101573","Core Hybrid","EUR","2,500.00"
"10.1016/j.csl.2024.101684","Core Hybrid","EUR","2,500.00"
"10.1016/j.csr.2024.105362","Core Hybrid","EUR","2,500.00"
"10.1016/j.cstp.2024.101148","Core Hybrid","EUR","2,500.00"
"10.1016/j.cstp.2024.101158","Core Hybrid","EUR","2,500.00"
"10.1016/j.cstp.2024.101227","Core Hybrid","EUR","2,500.00"
"10.1016/j.cstp.2024.101338","Core Hybrid","EUR","2,500.00"
"10.1016/j.cstres.2024.11.007","Core Gold","EUR","2,080.00"
"10.1016/j.ctim.2024.103095","Core Gold","EUR","1,776.00"
"10.1016/j.ctim.2024.103097","Core Gold","EUR","1,776.00"
"10.1016/j.ctro.2024.100736","Core Gold","EUR","1,376.00"
"10.1016/j.ctro.2024.100758","Core Gold","EUR","1,376.00"
"10.1016/j.ctro.2024.100765","Core Gold","EUR","1,376.00"
"10.1016/j.ctro.2024.100780","Core Gold","EUR","1,552.00"
"10.1016/j.ctro.2024.100782","Core Gold","EUR","1,376.00"
"10.1016/j.ctro.2024.100783","Core Gold","EUR","1,552.00"
"10.1016/j.ctro.2024.100790","Core Gold","EUR","1,552.00"
"10.1016/j.ctro.2024.100831","Core Gold","EUR","1,552.00"
"10.1016/j.ctro.2024.100853","Core Gold","EUR","1,552.00"
"10.1016/j.ctro.2024.100855","Core Gold","EUR","1,552.00"
"10.1016/j.ctro.2024.100862","Core Gold","EUR","1,552.00"
"10.1016/j.ctro.2024.100887","Core Gold","EUR","1,552.00"
"10.1016/j.ctro.2024.100893","Core Gold","EUR","1,624.00"
"10.1016/j.ctro.2024.100894","Core Gold","EUR","1,552.00"
"10.1016/j.ctrv.2024.102800","Core Hybrid","EUR","2,500.00"
"10.1016/j.ctrv.2024.102853","Core Hybrid","EUR","2,500.00"
"10.1016/j.cub.2023.10.048","CP/TL Hybrid","EUR","6,450.00"
"10.1016/j.cub.2023.12.002","CP/TL Hybrid","EUR","6,450.00"
"10.1016/j.cub.2023.12.021","CP/TL Hybrid","EUR","6,450.00"
"10.1016/j.cub.2023.12.050","CP/TL Hybrid","EUR","6,450.00"
"10.1016/j.cub.2024.01.026","CP/TL Hybrid","EUR","6,450.00"
"10.1016/j.cub.2024.01.036","CP/TL Hybrid","EUR","6,450.00"
"10.1016/j.cub.2024.01.053","CP/TL Hybrid","EUR","6,450.00"
"10.1016/j.cub.2024.01.059","CP/TL Hybrid","EUR","6,450.00"
"10.1016/j.cub.2024.01.070","CP/TL Hybrid","EUR","6,450.00"
"10.1016/j.cub.2024.03.005","CP/TL Hybrid","EUR","6,450.00"
"10.1016/j.cub.2024.03.018","CP/TL Hybrid","EUR","6,450.00"
"10.1016/j.cub.2024.03.052","CP/TL Hybrid","EUR","6,450.00"
"10.1016/j.cub.2024.03.062","CP/TL Hybrid","EUR","6,450.00"
"10.1016/j.cub.2024.04.083","CP/TL Hybrid","EUR","6,450.00"
"10.1016/j.cub.2024.05.063","CP/TL Hybrid","EUR","6,450.00"
"10.1016/j.cub.2024.06.020","CP/TL Hybrid","EUR","6,450.00"
"10.1016/j.cub.2024.06.021","CP/TL Hybrid","EUR","6,450.00"
"10.1016/j.cub.2024.06.030","CP/TL Hybrid","EUR","6,450.00"
"10.1016/j.cub.2024.06.033","CP/TL Hybrid","EUR","6,450.00"
"10.1016/j.cub.2024.06.072","CP/TL Hybrid","EUR","6,450.00"
"10.1016/j.cub.2024.06.073","CP/TL Hybrid","EUR","6,450.00"
"10.1016/j.cub.2024.07.068","CP/TL Hybrid","EUR","6,450.00"
"10.1016/j.cub.2024.07.086","CP/TL Hybrid","EUR","6,450.00"
"10.1016/j.cub.2024.07.088","CP/TL Hybrid","EUR","6,450.00"
"10.1016/j.cub.2024.07.098","CP/TL Hybrid","EUR","6,450.00"
"10.1016/j.cub.2024.07.100","CP/TL Hybrid","EUR","6,450.00"
"10.1016/j.cub.2024.08.025","CP/TL Hybrid","EUR","6,450.00"
"10.1016/j.cub.2024.08.041","CP/TL Hybrid","EUR","6,450.00"
"10.1016/j.cub.2024.09.033","CP/TL Hybrid","EUR","6,450.00"
"10.1016/j.cub.2024.09.040","CP/TL Hybrid","EUR","6,450.00"
"10.1016/j.cub.2024.09.041","CP/TL Hybrid","EUR","6,450.00"
"10.1016/j.cub.2024.09.083","CP/TL Hybrid","EUR","6,450.00"
"10.1016/j.cub.2024.10.008","CP/TL Hybrid","EUR","6,450.00"
"10.1016/j.cub.2024.10.017","CP/TL Hybrid","EUR","6,450.00"
"10.1016/j.cub.2024.10.020","CP/TL Hybrid","EUR","6,450.00"
"10.1016/j.cub.2024.10.022","CP/TL Hybrid","EUR","6,450.00"
"10.1016/j.cub.2024.10.046","CP/TL Hybrid","EUR","6,450.00"
"10.1016/j.cub.2024.10.054","CP/TL Hybrid","EUR","6,450.00"
"10.1016/j.cub.2024.11.011","CP/TL Hybrid","EUR","6,450.00"
"10.1016/j.cub.2024.11.012","CP/TL Hybrid","EUR","6,450.00"
"10.1016/j.culher.2024.04.011","Core Hybrid","EUR","2,500.00"
"10.1016/j.culher.2024.10.015","Core Hybrid","EUR","2,500.00"
"10.1016/j.cviu.2024.104206","Core Hybrid","EUR","2,500.00"
"10.1016/j.cyto.2024.156766","Core Hybrid","EUR","2,500.00"
"10.1016/j.cytogfr.2024.06.001","Core Hybrid","EUR","2,500.00"
"10.1016/j.daach.2024.e00327","Core Hybrid","EUR","2,500.00"
"10.1016/j.dam.2023.12.004","Core Hybrid","EUR","2,500.00"
"10.1016/j.dam.2024.04.016","Core Hybrid","EUR","2,500.00"
"10.1016/j.dam.2024.05.028","Core Hybrid","EUR","2,500.00"
"10.1016/j.dam.2024.06.029","Core Hybrid","EUR","2,500.00"
"10.1016/j.dam.2024.06.031","Core Hybrid","EUR","2,500.00"
"10.1016/j.dam.2024.06.032","Core Hybrid","EUR","2,500.00"
"10.1016/j.dam.2024.07.008","Core Hybrid","EUR","2,500.00"
"10.1016/j.dam.2024.08.016","Core Hybrid","EUR","2,500.00"
"10.1016/j.dam.2024.08.023","Core Hybrid","EUR","2,500.00"
"10.1016/j.dam.2024.10.007","Core Hybrid","EUR","2,500.00"
"10.1016/j.dam.2024.10.021","Core Hybrid","EUR","2,500.00"
"10.1016/j.dam.2024.11.025","Core Hybrid","EUR","2,500.00"
"10.1016/j.dam.2024.11.029","Core Hybrid","EUR","2,500.00"
"10.1016/j.datak.2024.102280","Core Hybrid","EUR","2,500.00"
"10.1016/j.datak.2024.102299","Core Hybrid","EUR","2,500.00"
"10.1016/j.datak.2024.102301","Core Hybrid","EUR","2,500.00"
"10.1016/j.datak.2024.102333","Core Hybrid","EUR","2,500.00"
"10.1016/j.datak.2024.102365","Core Hybrid","EUR","2,500.00"
"10.1016/j.dci.2024.105136","Core Hybrid","EUR","2,500.00"
"10.1016/j.dci.2024.105220","Core Hybrid","EUR","2,500.00"
"10.1016/j.dci.2024.105221","Core Hybrid","EUR","2,500.00"
"10.1016/j.dci.2024.105250","Core Hybrid","EUR","2,500.00"
"10.1016/j.dci.2024.105266","Core Hybrid","EUR","2,500.00"
"10.1016/j.dcm.2024.100800","Core Hybrid","EUR","2,500.00"
"10.1016/j.dcm.2024.100817","Core Hybrid","EUR","2,500.00"
"10.1016/j.dcm.2024.100818","Core Hybrid","EUR","2,500.00"
"10.1016/j.dcm.2024.100836","Core Hybrid","EUR","2,500.00"
"10.1016/j.dcn.2024.101347","Core Gold","EUR","2,392.00"
"10.1016/j.dcn.2024.101501","Core Gold","EUR","2,512.00"
"10.1016/j.dendro.2024.126203","Core Hybrid","EUR","2,500.00"
"10.1016/j.dendro.2024.126205","Core Hybrid","EUR","2,500.00"
"10.1016/j.dendro.2024.126237","Core Hybrid","EUR","2,500.00"
"10.1016/j.dendro.2024.126240","Core Hybrid","EUR","2,500.00"
"10.1016/j.dental.2023.12.018","Core Hybrid","EUR","2,500.00"
"10.1016/j.dental.2024.02.015","Core Hybrid","EUR","2,500.00"
"10.1016/j.dental.2024.02.018","Core Hybrid","EUR","2,500.00"
"10.1016/j.dental.2024.03.001","Core Hybrid","EUR","2,500.00"
"10.1016/j.dental.2024.03.006","Core Hybrid","EUR","2,500.00"
"10.1016/j.dental.2024.04.006","Core Hybrid","EUR","2,500.00"
"10.1016/j.dental.2024.05.010","Core Hybrid","EUR","2,500.00"
"10.1016/j.dental.2024.05.014","Core Hybrid","EUR","2,500.00"
"10.1016/j.dental.2024.05.018","Core Hybrid","EUR","2,500.00"
"10.1016/j.dental.2024.05.025","Core Hybrid","EUR","2,500.00"
"10.1016/j.dental.2024.05.026","Core Hybrid","EUR","2,500.00"
"10.1016/j.dental.2024.05.030","Core Hybrid","EUR","2,500.00"
"10.1016/j.dental.2024.06.028","Core Hybrid","EUR","2,500.00"
"10.1016/j.dental.2024.07.022","Core Hybrid","EUR","2,500.00"
"10.1016/j.dental.2024.08.002","Core Hybrid","EUR","2,500.00"
"10.1016/j.dental.2024.08.006","Core Hybrid","EUR","2,500.00"
"10.1016/j.desal.2024.117313","Core Hybrid","EUR","2,500.00"
"10.1016/j.desal.2024.117504","Core Hybrid","EUR","2,500.00"
"10.1016/j.desal.2024.117595","Core Hybrid","EUR","2,500.00"
"10.1016/j.desal.2024.117674","Core Hybrid","EUR","2,500.00"
"10.1016/j.desal.2024.117883","Core Hybrid","EUR","2,500.00"
"10.1016/j.desal.2024.118045","Core Hybrid","EUR","2,500.00"
"10.1016/j.desal.2024.118161","Core Hybrid","EUR","2,500.00"
"10.1016/j.desal.2024.118170","Core Hybrid","EUR","2,500.00"
"10.1016/j.desal.2024.118314","Core Hybrid","EUR","2,500.00"
"10.1016/j.desal.2024.118412","Core Hybrid","EUR","2,500.00"
"10.1016/j.devcel.2023.09.011","CP/TL Hybrid","EUR","6,450.00"
"10.1016/j.devcel.2024.01.016","CP/TL Hybrid","EUR","6,450.00"
"10.1016/j.devcel.2024.02.011","CP/TL Hybrid","EUR","6,450.00"
"10.1016/j.devcel.2024.03.024","CP/TL Hybrid","EUR","6,450.00"
"10.1016/j.devcel.2024.04.011","CP/TL Hybrid","EUR","6,450.00"
"10.1016/j.devcel.2024.07.005","CP/TL Hybrid","EUR","6,450.00"
"10.1016/j.devcel.2024.07.016","CP/TL Hybrid","EUR","6,450.00"
"10.1016/j.devcel.2024.08.001","CP/TL Hybrid","EUR","6,450.00"
"10.1016/j.devcel.2024.09.020","CP/TL Hybrid","EUR","6,450.00"
"10.1016/j.devcel.2024.11.001","CP/TL Hybrid","EUR","6,450.00"
"10.1016/j.devcel.2024.11.014","CP/TL Hybrid","EUR","6,450.00"
"10.1016/j.diabet.2024.101561","Core Hybrid","EUR","2,500.00"
"10.1016/j.diabet.2024.101584","Core Hybrid","EUR","2,500.00"
"10.1016/j.diabres.2024.111635","Core Hybrid","EUR","2,500.00"
"10.1016/j.diabres.2024.111846","Core Hybrid","EUR","2,500.00"
"10.1016/j.diabres.2024.111864","Core Hybrid","EUR","2,500.00"
"10.1016/j.diabres.2024.111935","Core Hybrid","EUR","2,500.00"
"10.1016/j.diabres.2024.111936","Core Hybrid","EUR","2,500.00"
"10.1016/j.diagmicrobio.2024.116379","Core Hybrid","EUR","2,500.00"
"10.1016/j.diagmicrobio.2024.116403","Core Hybrid","EUR","2,500.00"
"10.1016/j.diagmicrobio.2024.116447","Core Hybrid","EUR","2,500.00"
"10.1016/j.dialog.2024.100189","Core Gold","EUR",500.00
"10.1016/j.diamond.2024.110913","Core Hybrid","EUR","2,500.00"
"10.1016/j.diamond.2024.111024","Core Hybrid","EUR","2,500.00"
"10.1016/j.diamond.2024.111658","Core Hybrid","EUR","2,500.00"
"10.1016/j.dib.2024.110032","Core Gold","EUR",616.00
"10.1016/j.dib.2024.110070","Core Gold","EUR",584.00
"10.1016/j.dib.2024.110274","Core Gold","EUR",616.00
"10.1016/j.dib.2024.110277","Core Gold","EUR",616.00
"10.1016/j.dib.2024.110306","Core Gold","EUR",616.00
"10.1016/j.dib.2024.110348","Core Gold","EUR",616.00
"10.1016/j.dib.2024.110384","Core Gold","EUR",616.00
"10.1016/j.dib.2024.110474","Core Gold","EUR",616.00
"10.1016/j.dib.2024.110507","Core Gold","EUR",584.00
"10.1016/j.dib.2024.110510","Core Gold","EUR",624.00
"10.1016/j.dib.2024.110512","Core Gold","EUR",616.00
"10.1016/j.dib.2024.110523","Core Gold","EUR",616.00
"10.1016/j.dib.2024.110528","Core Gold","EUR",616.00
"10.1016/j.dib.2024.110532","Core Gold","EUR",624.00
"10.1016/j.dib.2024.110593","Core Gold","EUR",624.00
"10.1016/j.dib.2024.110603","Core Gold","EUR",616.00
"10.1016/j.dib.2024.110607","Core Gold","EUR",624.00
"10.1016/j.dib.2024.110662","Core Gold","EUR",624.00
"10.1016/j.dib.2024.110687","Core Gold","EUR",616.00
"10.1016/j.dib.2024.110695","Core Gold","EUR",584.00
"10.1016/j.dib.2024.110696","Core Gold","EUR",616.00
"10.1016/j.dib.2024.110716","Core Gold","EUR",624.00
"10.1016/j.dib.2024.110718","Core Gold","EUR",616.00
"10.1016/j.dib.2024.110762","Core Gold","EUR",616.00
"10.1016/j.dib.2024.110826","Core Gold","EUR",616.00
"10.1016/j.dib.2024.110851","Core Gold","EUR",624.00
"10.1016/j.dib.2024.110864","Core Gold","EUR",616.00
"10.1016/j.dib.2024.110871","Core Gold","EUR",624.00
"10.1016/j.dib.2024.110888","Core Gold","EUR",624.00
"10.1016/j.dib.2024.111044","Core Gold","EUR",624.00
"10.1016/j.dib.2024.111054","Core Gold","EUR",616.00
"10.1016/j.dib.2024.111064","Core Gold","EUR",624.00
"10.1016/j.dib.2024.111074","Core Gold","EUR",624.00
"10.1016/j.dib.2024.111095","Core Gold","EUR",624.00
"10.1016/j.dib.2024.111187","Core Gold","EUR",696.00
"10.1016/j.dib.2024.111238","Core Gold","EUR",712.00
"10.1016/j.dibe.2024.100372","Core Gold","EUR","2,032.00"
"10.1016/j.dibe.2024.100468","Core Gold","EUR","2,032.00"
"10.1016/j.dibe.2024.100511","Core Gold","EUR","2,072.00"
"10.1016/j.dibe.2024.100536","Core Gold","EUR","2,072.00"
"10.1016/j.dibe.2024.100551","Core Gold","EUR","2,072.00"
"10.1016/j.dibe.2024.100577","Core Gold","EUR","2,216.00"
"10.1016/j.dibe.2024.100596","Core Gold","EUR","2,296.00"
"10.1016/j.difgeo.2024.102171","Core Hybrid","EUR","2,500.00"
"10.1016/j.diggeo.2024.100082","Core Gold","EUR",545.00
"10.1016/j.diii.2024.01.010","Core Hybrid","EUR","2,500.00"
"10.1016/j.diii.2024.09.008","Core Hybrid","EUR","2,500.00"
"10.1016/j.diii.2024.09.012","Core Hybrid","EUR","2,500.00"
"10.1016/j.disc.2024.113893","Core Hybrid","EUR","2,500.00"
"10.1016/j.disc.2024.113907","Core Hybrid","EUR","2,500.00"
"10.1016/j.disc.2024.114031","Core Hybrid","EUR","2,500.00"
"10.1016/j.disc.2024.114144","Core Hybrid","EUR","2,500.00"
"10.1016/j.disc.2024.114195","Core Hybrid","EUR","2,500.00"
"10.1016/j.disc.2024.114282","Core Hybrid","EUR","2,500.00"
"10.1016/j.disc.2024.114328","Core Hybrid","EUR","2,500.00"
"10.1016/j.disopt.2024.100823","Core Hybrid","EUR","2,500.00"
"10.1016/j.disopt.2024.100836","Core Hybrid","EUR","2,500.00"
"10.1016/j.disopt.2024.100837","Core Hybrid","EUR","2,500.00"
"10.1016/j.disopt.2024.100848","Core Hybrid","EUR","2,500.00"
"10.1016/j.disopt.2024.100861","Core Hybrid","EUR","2,500.00"
"10.1016/j.dld.2024.04.009","Core Hybrid","EUR","2,500.00"
"10.1016/j.dld.2024.06.020","Core Hybrid","EUR","2,500.00"
"10.1016/j.dld.2024.06.023","Core Hybrid","EUR","2,500.00"
"10.1016/j.dld.2024.09.018","Core Hybrid","EUR","2,500.00"
"10.1016/j.dld.2024.10.018","Core Hybrid","EUR","2,500.00"
"10.1016/j.dnarep.2024.103679","Core Hybrid","EUR","2,500.00"
"10.1016/j.domaniend.2024.106876","Core Hybrid","EUR","2,500.00"
"10.1016/j.domaniend.2024.106897","Core Hybrid","EUR","2,500.00"
"10.1016/j.dr.2024.101119","Core Hybrid","EUR","2,500.00"
"10.1016/j.drudis.2024.103941","Core Hybrid","EUR","2,500.00"
"10.1016/j.drudis.2024.103990","Core Hybrid","EUR","2,500.00"
"10.1016/j.drudis.2024.104128","Core Hybrid","EUR","2,500.00"
"10.1016/j.drudis.2024.104222","Core Hybrid","EUR","2,500.00"
"10.1016/j.drugalcdep.2024.112464","Core Hybrid","EUR","2,500.00"
"10.1016/j.drugpo.2024.104331","Core Hybrid","EUR","2,500.00"
"10.1016/j.drugpo.2024.104652","Core Hybrid","EUR","2,500.00"
"10.1016/j.drup.2024.101081","Core Hybrid","EUR","2,500.00"
"10.1016/j.drup.2024.101155","Core Hybrid","EUR","2,500.00"
"10.1016/j.dsef.2024.100036","Core Hybrid","EUR","2,500.00"
"10.1016/j.dsp.2024.104653","Core Hybrid","EUR","2,500.00"
"10.1016/j.dsr.2024.104261","Core Hybrid","EUR","2,500.00"
"10.1016/j.dsr.2024.104404","Core Hybrid","EUR","2,500.00"
"10.1016/j.dsr2.2024.105425","Core Hybrid","EUR","2,500.00"
"10.1016/j.dsr2.2024.105434","Core Hybrid","EUR","2,500.00"
"10.1016/j.dss.2024.114182","Core Hybrid","EUR","2,500.00"
"10.1016/j.dss.2024.114193","Core Hybrid","EUR","2,500.00"
"10.1016/j.dss.2024.114248","Core Hybrid","EUR","2,500.00"
"10.1016/j.dss.2024.114269","Core Hybrid","EUR","2,500.00"
"10.1016/j.dss.2024.114344","Core Hybrid","EUR","2,500.00"
"10.1016/j.dsx.2024.103137","Core Hybrid","EUR","2,500.00"
"10.1016/j.dyepig.2024.112386","Core Hybrid","EUR","2,500.00"
"10.1016/j.dyepig.2024.112530","Core Hybrid","EUR","2,500.00"
"10.1016/j.eap.2024.02.004","Core Hybrid","EUR","2,500.00"
"10.1016/j.earlhumdev.2023.105931","Core Hybrid","EUR","2,500.00"
"10.1016/j.earlhumdev.2024.106074","Core Hybrid","EUR","2,500.00"
"10.1016/j.earlhumdev.2024.106131","Core Hybrid","EUR","2,500.00"
"10.1016/j.earlhumdev.2024.106154","Core Hybrid","EUR","2,500.00"
"10.1016/j.earlhumdev.2024.106184","Core Hybrid","EUR","2,500.00"
"10.1016/j.earscirev.2024.104702","Core Hybrid","EUR","2,500.00"
"10.1016/j.earscirev.2024.104730","Core Hybrid","EUR","2,500.00"
"10.1016/j.earscirev.2024.104739","Core Hybrid","EUR","2,500.00"
"10.1016/j.earscirev.2024.104766","Core Hybrid","EUR","2,500.00"
"10.1016/j.earscirev.2024.104859","Core Hybrid","EUR","2,500.00"
"10.1016/j.eats.2023.10.006","Core Gold","EUR",712.00
"10.1016/j.eats.2024.103345","Core Gold","EUR",712.00
"10.1016/j.ebiom.2023.104947","CP/TL Gold","EUR","3,876.00"
"10.1016/j.ebiom.2024.104982","CP/TL Gold","EUR","3,485.00"
"10.1016/j.ebiom.2024.105002","CP/TL Gold","EUR","3,876.00"
"10.1016/j.ebiom.2024.105007","CP/TL Gold","EUR","3,876.00"
"10.1016/j.ebiom.2024.105055","CP/TL Gold","EUR","3,876.00"
"10.1016/j.ebiom.2024.105056","CP/TL Gold","EUR","3,876.00"
"10.1016/j.ebiom.2024.105063","CP/TL Gold","EUR","3,876.00"
"10.1016/j.ebiom.2024.105076","CP/TL Gold","EUR","3,876.00"
"10.1016/j.ebiom.2024.105095","CP/TL Gold","EUR","3,876.00"
"10.1016/j.ebiom.2024.105123","CP/TL Gold","EUR","3,876.00"
"10.1016/j.ebiom.2024.105171","CP/TL Gold","EUR","3,876.00"
"10.1016/j.ebiom.2024.105178","CP/TL Gold","EUR","3,876.00"
"10.1016/j.ebiom.2024.105184","CP/TL Gold","EUR","3,876.00"
"10.1016/j.ebiom.2024.105191","CP/TL Gold","EUR","3,876.00"
"10.1016/j.ebiom.2024.105219","CP/TL Gold","EUR","3,485.00"
"10.1016/j.ebiom.2024.105223","CP/TL Gold","EUR","3,876.00"
"10.1016/j.ebiom.2024.105231","CP/TL Gold","EUR","3,876.00"
"10.1016/j.ebiom.2024.105242","CP/TL Gold","EUR","3,876.00"
"10.1016/j.ebiom.2024.105293","CP/TL Gold","EUR","3,876.00"
"10.1016/j.ebiom.2024.105312","CP/TL Gold","EUR","3,876.00"
"10.1016/j.ebiom.2024.105313","CP/TL Gold","EUR","3,876.00"
"10.1016/j.ebiom.2024.105335","CP/TL Gold","EUR","3,876.00"
"10.1016/j.ebiom.2024.105364","CP/TL Gold","EUR","3,876.00"
"10.1016/j.ebiom.2024.105394","CP/TL Gold","EUR","3,876.00"
"10.1016/j.ebiom.2024.105413","CP/TL Gold","EUR","3,876.00"
"10.1016/j.ebiom.2024.105438","CP/TL Gold","EUR","3,876.00"
"10.1016/j.ebiom.2024.105451","CP/TL Gold","EUR","4,071.50"
"10.1016/j.ebiom.2024.105458","CP/TL Gold","EUR","4,071.50"
"10.1016/j.ebiom.2024.105467","CP/TL Gold","EUR","4,071.50"
"10.1016/j.ebiom.2024.105471","CP/TL Gold","EUR","4,071.50"
"10.1016/j.ebiom.2024.105508","CP/TL Gold","EUR","4,071.50"
"10.1016/j.ebiom.2024.105513","CP/TL Gold","EUR","4,071.50"
"10.1016/j.ebiom.2024.105520","CP/TL Gold","EUR","4,071.50"
"10.1016/j.ebiom.2024.105526","CP/TL Gold","EUR","4,071.50"
"10.1016/j.ebr.2024.100657","Core Gold","EUR","1,688.00"
"10.1016/j.ebr.2024.100684","Core Gold","EUR",624.00
"10.1016/j.ebr.2024.100697","Core Gold","EUR",624.00
"10.1016/j.ebr.2024.100716","Core Gold","EUR",624.00
"10.1016/j.ebr.2024.100717","Core Gold","EUR",664.00
"10.1016/j.echo.2024.11.009","Core Hybrid","EUR","2,500.00"
"10.1016/j.echo.2024.11.015","Core Hybrid","EUR","2,500.00"
"10.1016/j.eclinm.2023.102381","CP/TL Gold","EUR","3,876.00"
"10.1016/j.eclinm.2024.102456","CP/TL Gold","EUR","3,876.00"
"10.1016/j.eclinm.2024.102495","CP/TL Gold","EUR","3,876.00"
"10.1016/j.eclinm.2024.102504","CP/TL Gold","EUR","3,876.00"
"10.1016/j.eclinm.2024.102553","CP/TL Gold","EUR","3,876.00"
"10.1016/j.eclinm.2024.102597","CP/TL Gold","EUR","3,876.00"
"10.1016/j.eclinm.2024.102652","CP/TL Gold","EUR","3,876.00"
"10.1016/j.eclinm.2024.102694","CP/TL Gold","EUR","3,876.00"
"10.1016/j.eclinm.2024.102698","CP/TL Gold","EUR","3,876.00"
"10.1016/j.eclinm.2024.102732","CP/TL Gold","EUR","3,876.00"
"10.1016/j.eclinm.2024.102733","CP/TL Gold","EUR","3,876.00"
"10.1016/j.eclinm.2024.102756","CP/TL Gold","EUR","3,876.00"
"10.1016/j.eclinm.2024.102783","CP/TL Gold","EUR","3,876.00"
"10.1016/j.eclinm.2024.102807","CP/TL Gold","EUR","4,071.50"
"10.1016/j.eclinm.2024.102830","CP/TL Gold","EUR","3,876.00"
"10.1016/j.eclinm.2024.102891","CP/TL Gold","EUR","3,876.00"
"10.1016/j.eclinm.2024.102900","CP/TL Gold","EUR","3,876.00"
"10.1016/j.eclinm.2024.103004","CP/TL Gold","EUR","4,071.50"
"10.1016/j.ecmx.2024.100561","Core Gold","EUR","1,744.00"
"10.1016/j.ecmx.2024.100564","Core Gold","EUR","1,832.00"
"10.1016/j.ecmx.2024.100599","Core Gold","EUR","1,832.00"
"10.1016/j.ecmx.2024.100600","Core Gold","EUR","1,832.00"
"10.1016/j.ecmx.2024.100611","Core Gold","EUR","1,832.00"
"10.1016/j.ecmx.2024.100632","Core Gold","EUR","1,832.00"
"10.1016/j.ecmx.2024.100638","Core Gold","EUR","1,832.00"
"10.1016/j.ecmx.2024.100656","Core Gold","EUR","1,864.00"
"10.1016/j.ecmx.2024.100666","Core Gold","EUR","1,864.00"
"10.1016/j.ecmx.2024.100679","Core Gold","EUR","1,864.00"
"10.1016/j.ecmx.2024.100682","Core Gold","EUR","1,864.00"
"10.1016/j.ecmx.2024.100704","Core Gold","EUR","1,864.00"
"10.1016/j.ecmx.2024.100730","Core Gold","EUR","1,864.00"
"10.1016/j.ecmx.2024.100773","Core Gold","EUR","1,832.00"
"10.1016/j.ecmx.2024.100797","Core Gold","EUR","2,064.00"
"10.1016/j.ecmx.2024.100798","Core Gold","EUR","1,992.00"
"10.1016/j.ecmx.2024.100806","Core Gold","EUR","1,992.00"
"10.1016/j.ecocom.2024.101101","Core Hybrid","EUR","2,500.00"
"10.1016/j.ecocom.2024.101104","Core Hybrid","EUR","2,500.00"
"10.1016/j.ecoenv.2024.116025","Core Gold","EUR","2,080.00"
"10.1016/j.ecoenv.2024.116086","Core Gold","EUR","2,080.00"
"10.1016/j.ecoenv.2024.116154","Core Gold","EUR","2,080.00"
"10.1016/j.ecoenv.2024.116184","Core Gold","EUR","2,184.00"
"10.1016/j.ecoenv.2024.116535","Core Gold","EUR","2,184.00"
"10.1016/j.ecoenv.2024.116723","Core Gold","EUR","2,184.00"
"10.1016/j.ecoenv.2024.116794","Core Gold","EUR","2,184.00"
"10.1016/j.ecoenv.2024.116873","Core Gold","EUR","2,184.00"
"10.1016/j.ecoenv.2024.117149","Core Gold","EUR","2,272.00"
"10.1016/j.ecoenv.2024.117187","Core Gold","EUR","2,272.00"
"10.1016/j.ecoenv.2024.117259","Core Gold","EUR","2,272.00"
"10.1016/j.ecohyd.2024.04.005","Core Hybrid","EUR","2,500.00"
"10.1016/j.ecoinf.2024.102516","Core Gold","EUR","1,608.00"
"10.1016/j.ecoinf.2024.102659","Core Gold","EUR","1,608.00"
"10.1016/j.ecoinf.2024.102710","Core Gold","EUR","1,608.00"
"10.1016/j.ecoinf.2024.102813","Core Gold","EUR","1,608.00"
"10.1016/j.ecoinf.2024.102829","Core Gold","EUR","1,608.00"
"10.1016/j.ecoinf.2024.102836","Core Gold","EUR","1,608.00"
"10.1016/j.ecoinf.2024.102840","Core Gold","EUR","1,608.00"
"10.1016/j.ecoinf.2024.102868","Core Gold","EUR","1,712.00"
"10.1016/j.ecoinf.2024.102874","Core Gold","EUR","1,608.00"
"10.1016/j.ecoinf.2024.102877","Core Gold","EUR","1,608.00"
"10.1016/j.ecoinf.2024.102888","Core Gold","EUR","1,608.00"
"10.1016/j.ecoinf.2024.102891","Core Gold","EUR","1,608.00"
"10.1016/j.ecolecon.2023.107998","Core Hybrid","EUR","2,500.00"
"10.1016/j.ecolecon.2023.108019","Core Hybrid","EUR","2,500.00"
"10.1016/j.ecolecon.2023.108032","Core Hybrid","EUR","2,500.00"
"10.1016/j.ecolecon.2023.108090","Core Hybrid","EUR","2,500.00"
"10.1016/j.ecolecon.2023.108095","Core Hybrid","EUR","2,500.00"
"10.1016/j.ecolecon.2023.108100","Core Hybrid","EUR","2,500.00"
"10.1016/j.ecolecon.2023.108101","Core Hybrid","EUR","2,500.00"
"10.1016/j.ecolecon.2024.108128","Core Hybrid","EUR","2,500.00"
"10.1016/j.ecolecon.2024.108151","Core Hybrid","EUR","2,500.00"
"10.1016/j.ecolecon.2024.108152","Core Hybrid","EUR","2,500.00"
"10.1016/j.ecolecon.2024.108155","Core Hybrid","EUR","2,500.00"
"10.1016/j.ecolecon.2024.108161","Core Hybrid","EUR","2,500.00"
"10.1016/j.ecolecon.2024.108174","Core Hybrid","EUR","2,500.00"
"10.1016/j.ecolecon.2024.108278","Core Hybrid","EUR","2,500.00"
"10.1016/j.ecolecon.2024.108283","Core Hybrid","EUR","2,500.00"
"10.1016/j.ecolecon.2024.108348","Core Hybrid","EUR","2,500.00"
"10.1016/j.ecolecon.2024.108353","Core Hybrid","EUR","2,500.00"
"10.1016/j.ecolecon.2024.108360","Core Hybrid","EUR","2,500.00"
"10.1016/j.ecolecon.2024.108388","Core Hybrid","EUR","2,500.00"
"10.1016/j.ecolecon.2024.108407","Core Hybrid","EUR","2,500.00"
"10.1016/j.ecolecon.2024.108414","Core Hybrid","EUR","2,500.00"
"10.1016/j.ecolecon.2024.108416","Core Hybrid","EUR","2,500.00"
"10.1016/j.ecolecon.2024.108426","Core Hybrid","EUR","2,500.00"
"10.1016/j.ecolecon.2024.108430","Core Hybrid","EUR","2,500.00"
"10.1016/j.ecolecon.2024.108434","Core Hybrid","EUR","2,500.00"
"10.1016/j.ecolecon.2024.108437","Core Hybrid","EUR","2,500.00"
"10.1016/j.ecolecon.2024.108444","Core Hybrid","EUR","2,500.00"
"10.1016/j.ecolecon.2024.108455","Core Hybrid","EUR","2,500.00"
"10.1016/j.ecolecon.2024.108468","Core Hybrid","EUR","2,500.00"
"10.1016/j.ecolecon.2024.108474","Core Hybrid","EUR","2,500.00"
"10.1016/j.ecoleng.2024.107333","Core Hybrid","EUR","2,500.00"
"10.1016/j.ecoleng.2024.107488","Core Hybrid","EUR","2,500.00"
"10.1016/j.ecolind.2024.111901","Core Gold","EUR","2,032.00"
"10.1016/j.ecolind.2024.112039","Core Gold","EUR","2,128.00"
"10.1016/j.ecolind.2024.112048","Core Gold","EUR","2,128.00"
"10.1016/j.ecolind.2024.112201","Core Gold","EUR","2,128.00"
"10.1016/j.ecolind.2024.112260","Core Gold","EUR","2,128.00"
"10.1016/j.ecolind.2024.112313","Core Gold","EUR","2,128.00"
"10.1016/j.ecolind.2024.112435","Core Gold","EUR","2,128.00"
"10.1016/j.ecolind.2024.112437","Core Gold","EUR","2,168.00"
"10.1016/j.ecolind.2024.112494","Core Gold","EUR","2,128.00"
"10.1016/j.ecolind.2024.112547","Core Gold","EUR","2,168.00"
"10.1016/j.ecolind.2024.112589","Core Gold","EUR","2,168.00"
"10.1016/j.ecolind.2024.112690","Core Gold","EUR","2,168.00"
"10.1016/j.ecolind.2024.112780","Core Gold","EUR","2,256.00"
"10.1016/j.ecolind.2024.112793","Core Gold","EUR","2,256.00"
"10.1016/j.ecolind.2024.112832","Core Gold","EUR","2,256.00"
"10.1016/j.ecolind.2024.112895","Core Gold","EUR","2,256.00"
"10.1016/j.ecolind.2024.112920","Core Gold","EUR","2,336.00"
"10.1016/j.ecolind.2024.112927","Core Gold","EUR","2,168.00"
"10.1016/j.ecolind.2024.112928","Core Gold","EUR","2,168.00"
"10.1016/j.ecolmodel.2023.110550","Core Hybrid","EUR","2,500.00"
"10.1016/j.ecolmodel.2024.110696","Core Hybrid","EUR","2,500.00"
"10.1016/j.ecolmodel.2024.110741","Core Hybrid","EUR","2,500.00"
"10.1016/j.ecolmodel.2024.110768","Core Hybrid","EUR","2,500.00"
"10.1016/j.ecolmodel.2024.110778","Core Hybrid","EUR","2,500.00"
"10.1016/j.ecolmodel.2024.110783","Core Hybrid","EUR","2,500.00"
"10.1016/j.ecolmodel.2024.110785","Core Hybrid","EUR","2,500.00"
"10.1016/j.ecolmodel.2024.110829","Core Hybrid","EUR","2,500.00"
"10.1016/j.ecolmodel.2024.110834","Core Hybrid","EUR","2,500.00"
"10.1016/j.ecolmodel.2024.110853","Core Hybrid","EUR","2,500.00"
"10.1016/j.ecolmodel.2024.110890","Core Hybrid","EUR","2,500.00"
"10.1016/j.ecolmodel.2024.110895","Core Hybrid","EUR","2,500.00"
"10.1016/j.ecolmodel.2024.110906","Core Hybrid","EUR","2,500.00"
"10.1016/j.ecolmodel.2024.110916","Core Hybrid","EUR","2,500.00"
"10.1016/j.ecolmodel.2024.110920","Core Hybrid","EUR","2,500.00"
"10.1016/j.ecolmodel.2024.110941","Core Hybrid","EUR","2,500.00"
"10.1016/j.ecolmodel.2024.110952","Core Hybrid","EUR","2,500.00"
"10.1016/j.ecolmodel.2024.110967","Core Hybrid","EUR","2,500.00"
"10.1016/j.ecolmodel.2024.110968","Core Hybrid","EUR","2,500.00"
"10.1016/j.ecolmodel.2024.110996","Core Hybrid","EUR","2,500.00"
"10.1016/j.econedurev.2024.102526","Core Hybrid","EUR","2,500.00"
"10.1016/j.econedurev.2024.102564","Core Hybrid","EUR","2,500.00"
"10.1016/j.econedurev.2024.102580","Core Hybrid","EUR","2,500.00"
"10.1016/j.econlet.2024.111539","Core Hybrid","EUR","2,500.00"
"10.1016/j.econlet.2024.111540","Core Hybrid","EUR","2,500.00"
"10.1016/j.econlet.2024.111553","Core Hybrid","EUR","2,500.00"
"10.1016/j.econlet.2024.111558","Core Hybrid","EUR","2,500.00"
"10.1016/j.econlet.2024.111583","Core Hybrid","EUR","2,500.00"
"10.1016/j.econlet.2024.111585","Core Hybrid","EUR","2,500.00"
"10.1016/j.econlet.2024.111653","Core Hybrid","EUR","2,500.00"
"10.1016/j.econlet.2024.111703","Core Hybrid","EUR","2,500.00"
"10.1016/j.econlet.2024.111706","Core Hybrid","EUR","2,500.00"
"10.1016/j.econlet.2024.111738","Core Hybrid","EUR","2,500.00"
"10.1016/j.econlet.2024.111746","Core Hybrid","EUR","2,500.00"
"10.1016/j.econlet.2024.111808","Core Hybrid","EUR","2,500.00"
"10.1016/j.econlet.2024.111826","Core Hybrid","EUR","2,500.00"
"10.1016/j.econlet.2024.111830","Core Hybrid","EUR","2,500.00"
"10.1016/j.econlet.2024.111849","Core Hybrid","EUR","2,500.00"
"10.1016/j.econlet.2024.111851","Core Hybrid","EUR","2,500.00"
"10.1016/j.econlet.2024.111924","Core Hybrid","EUR","2,500.00"
"10.1016/j.econlet.2024.111942","Core Hybrid","EUR","2,500.00"
"10.1016/j.econlet.2024.112046","Core Hybrid","EUR","2,500.00"
"10.1016/j.econmod.2024.106650","Core Hybrid","EUR","2,500.00"
"10.1016/j.econmod.2024.106670","Core Hybrid","EUR","2,500.00"
"10.1016/j.econmod.2024.106689","Core Hybrid","EUR","2,500.00"
"10.1016/j.econmod.2024.106742","Core Hybrid","EUR","2,500.00"
"10.1016/j.econmod.2024.106781","Core Hybrid","EUR","2,500.00"
"10.1016/j.econmod.2024.106823","Core Hybrid","EUR","2,500.00"
"10.1016/j.econmod.2024.106840","Core Hybrid","EUR","2,500.00"
"10.1016/j.ecoser.2024.101621","Core Hybrid","EUR","2,500.00"
"10.1016/j.ecoser.2024.101630","Core Hybrid","EUR","2,500.00"
"10.1016/j.ecoser.2024.101638","Core Hybrid","EUR","2,500.00"
"10.1016/j.ecoser.2024.101645","Core Hybrid","EUR","2,500.00"
"10.1016/j.ecoser.2024.101647","Core Hybrid","EUR","2,500.00"
"10.1016/j.ecoser.2024.101652","Core Hybrid","EUR","2,500.00"
"10.1016/j.ecoser.2024.101653","Core Hybrid","EUR","2,500.00"
"10.1016/j.ecoser.2024.101675","Core Hybrid","EUR","2,500.00"
"10.1016/j.ecoser.2024.101683","Core Hybrid","EUR","2,500.00"
"10.1016/j.ecosta.2024.01.003","Core Hybrid","EUR","2,500.00"
"10.1016/j.ecosta.2024.09.001","Core Hybrid","EUR","2,500.00"
"10.1016/j.ecosys.2024.101246","Core Hybrid","EUR","2,500.00"
"10.1016/j.ecosys.2024.101251","Core Hybrid","EUR","2,500.00"
"10.1016/j.ecotra.2024.100382","Core Hybrid","EUR","2,500.00"
"10.1016/j.ecresq.2024.11.001","Core Hybrid","EUR","2,500.00"
"10.1016/j.ecss.2024.108702","Core Hybrid","EUR","2,500.00"
"10.1016/j.ecss.2024.108723","Core Hybrid","EUR","2,500.00"
"10.1016/j.ecss.2024.108733","Core Hybrid","EUR","2,500.00"
"10.1016/j.ecss.2024.108765","Core Hybrid","EUR","2,500.00"
"10.1016/j.ecss.2024.108908","Core Hybrid","EUR","2,500.00"
"10.1016/j.ecss.2024.108940","Core Hybrid","EUR","2,500.00"
"10.1016/j.edurev.2024.100625","Core Hybrid","EUR","2,500.00"
"10.1016/j.edurev.2024.100629","Core Hybrid","EUR","2,500.00"
"10.1016/j.edurev.2024.100639","Core Hybrid","EUR","2,500.00"
"10.1016/j.edurev.2024.100648","Core Hybrid","EUR","2,500.00"
"10.1016/j.edurev.2024.100659","Core Hybrid","EUR","2,500.00"
"10.1016/j.edurev.2024.100662","Core Hybrid","EUR","2,500.00"
"10.1016/j.eeh.2024.101648","Core Hybrid","EUR","2,500.00"
"10.1016/j.eeh.2024.101650","Core Hybrid","EUR","2,500.00"
"10.1016/j.egyai.2024.100358","Core Gold","EUR","2,192.00"
"10.1016/j.egyai.2024.100373","Core Gold","EUR","2,296.00"
"10.1016/j.egyai.2024.100382","Core Gold","EUR","2,336.00"
"10.1016/j.egyai.2024.100383","Core Gold","EUR","2,296.00"
"10.1016/j.egyai.2024.100386","Core Gold","EUR","2,296.00"
"10.1016/j.egyai.2024.100401","Core Gold","EUR","2,296.00"
"10.1016/j.egyai.2024.100404","Core Gold","EUR","2,296.00"
"10.1016/j.egyai.2024.100407","Core Gold","EUR","2,336.00"
"10.1016/j.egyai.2024.100408","Core Gold","EUR","2,336.00"
"10.1016/j.egyai.2024.100409","Core Gold","EUR","2,336.00"
"10.1016/j.egyai.2024.100410","Core Gold","EUR","2,296.00"
"10.1016/j.egyai.2024.100422","Core Gold","EUR","2,336.00"
"10.1016/j.egyai.2024.100436","Core Gold","EUR","2,496.00"
"10.1016/j.egyai.2024.100439","Core Gold","EUR","2,496.00"
"10.1016/j.egyai.2024.100441","Core Gold","EUR","2,336.00"
"10.1016/j.egyai.2024.100451","Core Gold","EUR","2,336.00"
"10.1016/j.egyai.2024.100452","Core Gold","EUR","1,560.00"
"10.1016/j.egyr.2024.01.068","Core Gold","EUR","1,944.00"
"10.1016/j.egyr.2024.02.015","Core Gold","EUR","1,848.00"
"10.1016/j.egyr.2024.02.042","Core Gold","EUR","1,848.00"
"10.1016/j.egyr.2024.03.053","Core Gold","EUR","1,944.00"
"10.1016/j.egyr.2024.04.044","Core Gold","EUR","1,944.00"
"10.1016/j.egyr.2024.06.052","Core Gold","EUR","1,944.00"
"10.1016/j.egyr.2024.06.057","Core Gold","EUR","1,968.00"
"10.1016/j.egyr.2024.06.070","Core Gold","EUR","1,944.00"
"10.1016/j.egyr.2024.07.024","Core Gold","EUR","1,944.00"
"10.1016/j.egyr.2024.07.064","Core Gold","EUR","1,720.00"
"10.1016/j.egyr.2024.08.070","Core Gold","EUR","1,944.00"
"10.1016/j.egyr.2024.09.001","Core Gold","EUR","1,968.00"
"10.1016/j.egyr.2024.10.041","Core Gold","EUR","1,968.00"
"10.1016/j.egyr.2024.11.013","Core Gold","EUR","1,968.00"
"10.1016/j.egyr.2024.11.044","Core Gold","EUR","1,968.00"
"10.1016/j.egyr.2024.11.077","Core Gold","EUR","1,968.00"
"10.1016/j.egyr.2024.11.079","Core Gold","EUR","1,968.00"
"10.1016/j.egyr.2024.11.080","Core Gold","EUR","2,032.00"
"10.1016/j.egyr.2024.12.028","Core Gold","EUR","1,968.00"
"10.1016/j.egyr.2024.12.031","Core Gold","EUR","1,968.00"
"10.1016/j.ehb.2024.101349","Core Hybrid","EUR","2,500.00"
"10.1016/j.ehb.2024.101375","Core Hybrid","EUR","2,500.00"
"10.1016/j.ehb.2024.101379","Core Hybrid","EUR","2,500.00"
"10.1016/j.ehb.2024.101430","Core Hybrid","EUR","2,500.00"
"10.1016/j.ehb.2024.101436","Core Hybrid","EUR","2,500.00"
"10.1016/j.eiar.2024.107529","Core Hybrid","EUR","2,500.00"
"10.1016/j.eiar.2024.107530","Core Hybrid","EUR","2,500.00"
"10.1016/j.eist.2024.100810","Core Hybrid","EUR","2,500.00"
"10.1016/j.eist.2024.100812","Core Hybrid","EUR","2,500.00"
"10.1016/j.eist.2024.100814","Core Hybrid","EUR","2,500.00"
"10.1016/j.eist.2024.100840","Core Hybrid","EUR","2,500.00"
"10.1016/j.eist.2024.100844","Core Hybrid","EUR","2,500.00"
"10.1016/j.eist.2024.100856","Core Hybrid","EUR","2,500.00"
"10.1016/j.eist.2024.100871","Core Hybrid","EUR","2,500.00"
"10.1016/j.eist.2024.100878","Core Hybrid","EUR","2,500.00"
"10.1016/j.eist.2024.100884","Core Hybrid","EUR","2,500.00"
"10.1016/j.eist.2024.100898","Core Hybrid","EUR","2,500.00"
"10.1016/j.eist.2024.100899","Core Hybrid","EUR","2,500.00"
"10.1016/j.eist.2024.100902","Core Hybrid","EUR","2,500.00"
"10.1016/j.eist.2024.100935","Core Hybrid","EUR","2,500.00"
"10.1016/j.eja.2023.127067","Core Hybrid","EUR","2,500.00"
"10.1016/j.eja.2024.127121","Core Hybrid","EUR","2,500.00"
"10.1016/j.eja.2024.127149","Core Hybrid","EUR","2,500.00"
"10.1016/j.eja.2024.127168","Core Hybrid","EUR","2,500.00"
"10.1016/j.eja.2024.127178","Core Hybrid","EUR","2,500.00"
"10.1016/j.eja.2024.127179","Core Hybrid","EUR","2,500.00"
"10.1016/j.eja.2024.127181","Core Hybrid","EUR","2,500.00"
"10.1016/j.eja.2024.127234","Core Hybrid","EUR","2,500.00"
"10.1016/j.eja.2024.127259","Core Hybrid","EUR","2,500.00"
"10.1016/j.ejbt.2024.10.001","Core Gold","EUR","1,096.00"
"10.1016/j.ejc.2024.103940","Core Hybrid","EUR","2,500.00"
"10.1016/j.ejc.2024.104043","Core Hybrid","EUR","2,500.00"
"10.1016/j.ejc.2024.104056","Core Hybrid","EUR","2,500.00"
"10.1016/j.ejc.2024.104084","Core Hybrid","EUR","2,500.00"
"10.1016/j.ejc.2024.104093","Core Hybrid","EUR","2,500.00"
"10.1016/j.ejca.2023.113508","Core Hybrid","EUR","2,500.00"
"10.1016/j.ejca.2024.113536","Core Hybrid","EUR","2,500.00"
"10.1016/j.ejca.2024.113540","Core Hybrid","EUR","2,500.00"
"10.1016/j.ejca.2024.113556","Core Hybrid","EUR","2,500.00"
"10.1016/j.ejca.2024.113911","Core Hybrid","EUR","2,500.00"
"10.1016/j.ejca.2024.113912","Core Hybrid","EUR","2,500.00"
"10.1016/j.ejca.2024.113915","Core Hybrid","EUR","2,500.00"
"10.1016/j.ejca.2024.113926","Core Hybrid","EUR","2,500.00"
"10.1016/j.ejca.2024.113976","Core Hybrid","EUR","2,500.00"
"10.1016/j.ejca.2024.113984","Core Hybrid","EUR","2,500.00"
"10.1016/j.ejca.2024.113989","Core Hybrid","EUR","2,500.00"
"10.1016/j.ejca.2024.114022","Core Hybrid","EUR","2,500.00"
"10.1016/j.ejca.2024.114026","Core Hybrid","EUR","2,500.00"
"10.1016/j.ejca.2024.114029","Core Hybrid","EUR","2,500.00"
"10.1016/j.ejca.2024.114030","Core Hybrid","EUR","2,500.00"
"10.1016/j.ejca.2024.114046","Core Hybrid","EUR","2,500.00"
"10.1016/j.ejca.2024.114073","Core Hybrid","EUR","2,500.00"
"10.1016/j.ejca.2024.114074","Core Hybrid","EUR","2,500.00"
"10.1016/j.ejca.2024.114089","Core Hybrid","EUR","2,500.00"
"10.1016/j.ejca.2024.114100","Core Hybrid","EUR","2,500.00"
"10.1016/j.ejca.2024.114144","Core Hybrid","EUR","2,500.00"
"10.1016/j.ejca.2024.114158","Core Hybrid","EUR","2,500.00"
"10.1016/j.ejca.2024.114208","Core Hybrid","EUR","2,500.00"
"10.1016/j.ejca.2024.114233","Core Hybrid","EUR","2,500.00"
"10.1016/j.ejca.2024.114239","Core Hybrid","EUR","2,500.00"
"10.1016/j.ejca.2024.114255","Core Hybrid","EUR","2,500.00"
"10.1016/j.ejca.2024.114268","Core Hybrid","EUR","2,500.00"
"10.1016/j.ejca.2024.114271","Core Hybrid","EUR","2,500.00"
"10.1016/j.ejca.2024.114291","Core Hybrid","EUR","2,500.00"
"10.1016/j.ejca.2024.114292","Core Hybrid","EUR","2,500.00"
"10.1016/j.ejca.2024.114295","Core Hybrid","EUR","2,500.00"
"10.1016/j.ejca.2024.114297","Core Hybrid","EUR","2,500.00"
"10.1016/j.ejca.2024.114306","Core Hybrid","EUR","2,500.00"
"10.1016/j.ejca.2024.115049","Core Hybrid","EUR","2,500.00"
"10.1016/j.ejca.2024.115054","Core Hybrid","EUR","2,500.00"
"10.1016/j.ejca.2024.115062","Core Hybrid","EUR","2,500.00"
"10.1016/j.ejca.2024.115065","Core Hybrid","EUR","2,500.00"
"10.1016/j.ejca.2024.115099","Core Hybrid","EUR","2,500.00"
"10.1016/j.ejca.2024.115100","Core Hybrid","EUR","2,500.00"
"10.1016/j.ejca.2024.115138","Core Hybrid","EUR","2,500.00"
"10.1016/j.ejca.2024.115159","Core Hybrid","EUR","2,500.00"
"10.1016/j.ejca.2024.115160","Core Hybrid","EUR","2,500.00"
"10.1016/j.ejca.2024.115163","Core Hybrid","EUR","2,500.00"
"10.1016/j.ejca.2024.115186","Core Hybrid","EUR","2,500.00"
"10.1016/j.ejcb.2024.151400","Core Gold","EUR","1,896.00"
"10.1016/j.ejcb.2024.151406","Core Gold","EUR","1,992.00"
"10.1016/j.ejcb.2024.151407","Core Gold","EUR","1,768.00"
"10.1016/j.ejcb.2024.151408","Core Gold","EUR","1,768.00"
"10.1016/j.ejcb.2024.151411","Core Gold","EUR","1,896.00"
"10.1016/j.ejcb.2024.151412","Core Gold","EUR","1,992.00"
"10.1016/j.ejcb.2024.151455","Core Gold","EUR","1,992.00"
"10.1016/j.ejcb.2024.151458","Core Gold","EUR","2,032.00"
"10.1016/j.ejcb.2024.151461","Core Gold","EUR","2,032.00"
"10.1016/j.ejcon.2024.101038","Core Hybrid","EUR","2,500.00"
"10.1016/j.ejcon.2024.101039","Core Hybrid","EUR","2,500.00"
"10.1016/j.ejcon.2024.101055","Core Hybrid","EUR","2,500.00"
"10.1016/j.ejcon.2024.101056","Core Hybrid","EUR","2,500.00"
"10.1016/j.ejcon.2024.101058","Core Hybrid","EUR","2,500.00"
"10.1016/j.ejcon.2024.101063","Core Hybrid","EUR","2,500.00"
"10.1016/j.ejcon.2024.101072","Core Hybrid","EUR","2,500.00"
"10.1016/j.ejim.2024.02.022","Core Hybrid","EUR","2,500.00"
"10.1016/j.ejim.2024.05.007","Core Hybrid","EUR","2,500.00"
"10.1016/j.ejim.2024.05.032","Core Hybrid","EUR","2,500.00"
"10.1016/j.ejim.2024.07.009","Core Hybrid","EUR","2,500.00"
"10.1016/j.ejim.2024.10.024","Core Hybrid","EUR","2,500.00"
"10.1016/j.ejim.2024.10.030","Core Hybrid","EUR","2,500.00"
"10.1016/j.ejmcr.2024.100198","Core Gold","EUR","1,096.00"
"10.1016/j.ejmcr.2024.100223","Core Gold","EUR","1,288.00"
"10.1016/j.ejmcr.2024.100230","Core Gold","EUR","1,288.00"
"10.1016/j.ejmech.2024.116167","Core Hybrid","EUR","2,500.00"
"10.1016/j.ejmech.2024.116380","Core Hybrid","EUR","2,500.00"
"10.1016/j.ejmech.2024.116413","Core Hybrid","EUR","2,500.00"
"10.1016/j.ejmech.2024.116447","Core Hybrid","EUR","2,500.00"
"10.1016/j.ejmech.2024.116502","Core Hybrid","EUR","2,500.00"
"10.1016/j.ejmech.2024.116616","Core Hybrid","EUR","2,500.00"
"10.1016/j.ejmech.2024.116667","Core Hybrid","EUR","2,500.00"
"10.1016/j.ejmech.2024.116672","Core Hybrid","EUR","2,500.00"
"10.1016/j.ejmech.2024.116676","Core Hybrid","EUR","2,500.00"
"10.1016/j.ejmech.2024.116685","Core Hybrid","EUR","2,500.00"
"10.1016/j.ejmech.2024.116782","Core Hybrid","EUR","2,500.00"
"10.1016/j.ejmech.2024.117002","Core Hybrid","EUR","2,500.00"
"10.1016/j.ejmech.2024.117045","Core Hybrid","EUR","2,500.00"
"10.1016/j.ejmech.2024.117048","Core Hybrid","EUR","2,500.00"
"10.1016/j.ejmp.2024.103299","Core Hybrid","EUR","2,500.00"
"10.1016/j.ejmp.2024.103358","Core Hybrid","EUR","2,500.00"
"10.1016/j.ejmp.2024.103378","Core Hybrid","EUR","2,500.00"
"10.1016/j.ejmp.2024.104853","Core Hybrid","EUR","2,500.00"
"10.1016/j.ejmp.2024.104861","Core Hybrid","EUR","2,500.00"
"10.1016/j.ejogrb.2024.01.020","Core Hybrid","EUR","2,500.00"
"10.1016/j.ejogrb.2024.01.024","Core Hybrid","EUR","2,500.00"
"10.1016/j.ejogrb.2024.06.034","Core Hybrid","EUR","2,500.00"
"10.1016/j.ejogrb.2024.06.042","Core Hybrid","EUR","2,500.00"
"10.1016/j.ejogrb.2024.10.003","Core Hybrid","EUR","2,500.00"
"10.1016/j.ejon.2024.102514","Core Hybrid","EUR","2,500.00"
"10.1016/j.ejon.2024.102740","Core Hybrid","EUR","2,500.00"
"10.1016/j.ejon.2024.102770","Core Hybrid","EUR","2,500.00"
"10.1016/j.ejop.2023.126034","Core Hybrid","EUR","2,500.00"
"10.1016/j.ejop.2024.126051","Core Hybrid","EUR","2,500.00"
"10.1016/j.ejop.2024.126084","Core Hybrid","EUR","2,500.00"
"10.1016/j.ejop.2024.126107","Core Hybrid","EUR","2,500.00"
"10.1016/j.ejop.2024.126108","Core Hybrid","EUR","2,500.00"
"10.1016/j.ejop.2024.126109","Core Hybrid","EUR","2,500.00"
"10.1016/j.ejop.2024.126114","Core Hybrid","EUR","2,500.00"
"10.1016/j.ejop.2024.126121","Core Hybrid","EUR","2,500.00"
"10.1016/j.ejor.2024.01.001","Core Hybrid","EUR","2,500.00"
"10.1016/j.ejor.2024.01.022","Core Hybrid","EUR","2,500.00"
"10.1016/j.ejor.2024.01.025","Core Hybrid","EUR","2,500.00"
"10.1016/j.ejor.2024.01.026","Core Hybrid","EUR","2,500.00"
"10.1016/j.ejor.2024.01.033","Core Hybrid","EUR","2,500.00"
"10.1016/j.ejor.2024.01.035","Core Hybrid","EUR","2,500.00"
"10.1016/j.ejor.2024.02.004","Core Hybrid","EUR","2,500.00"
"10.1016/j.ejor.2024.02.039","Core Hybrid","EUR","2,500.00"
"10.1016/j.ejor.2024.02.042","Core Hybrid","EUR","2,500.00"
"10.1016/j.ejor.2024.03.002","Core Hybrid","EUR","2,500.00"
"10.1016/j.ejor.2024.04.005","Core Hybrid","EUR","2,500.00"
"10.1016/j.ejor.2024.04.014","Core Hybrid","EUR","2,500.00"
"10.1016/j.ejor.2024.05.006","Core Hybrid","EUR","2,500.00"
"10.1016/j.ejor.2024.05.019","Core Hybrid","EUR","2,500.00"
"10.1016/j.ejor.2024.05.020","Core Hybrid","EUR","2,500.00"
"10.1016/j.ejor.2024.05.029","Core Hybrid","EUR","2,500.00"
"10.1016/j.ejor.2024.05.033","Core Hybrid","EUR","2,500.00"
"10.1016/j.ejor.2024.05.035","Core Hybrid","EUR","2,500.00"
"10.1016/j.ejor.2024.06.011","Core Hybrid","EUR","2,500.00"
"10.1016/j.ejor.2024.06.030","Core Hybrid","EUR","2,500.00"
"10.1016/j.ejor.2024.07.022","Core Hybrid","EUR","2,500.00"
"10.1016/j.ejor.2024.07.036","Core Hybrid","EUR","2,500.00"
"10.1016/j.ejor.2024.09.011","Core Hybrid","EUR","2,500.00"
"10.1016/j.ejor.2024.09.028","Core Hybrid","EUR","2,500.00"
"10.1016/j.ejor.2024.09.049","Core Hybrid","EUR","2,500.00"
"10.1016/j.ejor.2024.10.012","Core Hybrid","EUR","2,500.00"
"10.1016/j.ejor.2024.10.015","Core Hybrid","EUR","2,500.00"
"10.1016/j.ejor.2024.10.020","Core Hybrid","EUR","2,500.00"
"10.1016/j.ejor.2024.10.026","Core Hybrid","EUR","2,500.00"
"10.1016/j.ejor.2024.10.040","Core Hybrid","EUR","2,500.00"
"10.1016/j.ejor.2024.10.041","Core Hybrid","EUR","2,500.00"
"10.1016/j.ejor.2024.11.009","Core Hybrid","EUR","2,500.00"
"10.1016/j.ejor.2024.11.040","Core Hybrid","EUR","2,500.00"
"10.1016/j.ejor.2024.11.046","Core Hybrid","EUR","2,500.00"
"10.1016/j.ejpb.2023.09.002","Core Hybrid","EUR","2,500.00"
"10.1016/j.ejpb.2024.114206","Core Hybrid","EUR","2,500.00"
"10.1016/j.ejpb.2024.114211","Core Hybrid","EUR","2,500.00"
"10.1016/j.ejpb.2024.114222","Core Hybrid","EUR","2,500.00"
"10.1016/j.ejpb.2024.114232","Core Hybrid","EUR","2,500.00"
"10.1016/j.ejpb.2024.114236","Core Hybrid","EUR","2,500.00"
"10.1016/j.ejpb.2024.114240","Core Hybrid","EUR","2,500.00"
"10.1016/j.ejpb.2024.114242","Core Hybrid","EUR","2,500.00"
"10.1016/j.ejpb.2024.114265","Core Hybrid","EUR","2,500.00"
"10.1016/j.ejpb.2024.114277","Core Hybrid","EUR","2,500.00"
"10.1016/j.ejpb.2024.114297","Core Hybrid","EUR","2,500.00"
"10.1016/j.ejpb.2024.114305","Core Hybrid","EUR","2,500.00"
"10.1016/j.ejpb.2024.114307","Core Hybrid","EUR","2,500.00"
"10.1016/j.ejpb.2024.114313","Core Hybrid","EUR","2,500.00"
"10.1016/j.ejpb.2024.114330","Core Hybrid","EUR","2,500.00"
"10.1016/j.ejpb.2024.114336","Core Hybrid","EUR","2,500.00"
"10.1016/j.ejpb.2024.114338","Core Hybrid","EUR","2,500.00"
"10.1016/j.ejpb.2024.114343","Core Hybrid","EUR","2,500.00"
"10.1016/j.ejpb.2024.114394","Core Hybrid","EUR","2,500.00"
"10.1016/j.ejpb.2024.114408","Core Hybrid","EUR","2,500.00"
"10.1016/j.ejpb.2024.114418","Core Hybrid","EUR","2,500.00"
"10.1016/j.ejpb.2024.114426","Core Hybrid","EUR","2,500.00"
"10.1016/j.ejpb.2024.114427","Core Hybrid","EUR","2,500.00"
"10.1016/j.ejpb.2024.114428","Core Hybrid","EUR","2,500.00"
"10.1016/j.ejpb.2024.114462","Core Hybrid","EUR","2,500.00"
"10.1016/j.ejpb.2024.114465","Core Hybrid","EUR","2,500.00"
"10.1016/j.ejpb.2024.114501","Core Hybrid","EUR","2,500.00"
"10.1016/j.ejpb.2024.114503","Core Hybrid","EUR","2,500.00"
"10.1016/j.ejpb.2024.114512","Core Hybrid","EUR","2,500.00"
"10.1016/j.ejpb.2024.114514","Core Hybrid","EUR","2,500.00"
"10.1016/j.ejpb.2024.114515","Core Hybrid","EUR","2,500.00"
"10.1016/j.ejpb.2024.114523","Core Hybrid","EUR","2,500.00"
"10.1016/j.ejpb.2024.114530","Core Hybrid","EUR","2,500.00"
"10.1016/j.ejphar.2024.176587","Core Hybrid","EUR","2,500.00"
"10.1016/j.ejphar.2024.176941","Core Hybrid","EUR","2,500.00"
"10.1016/j.ejphar.2024.177027","Core Hybrid","EUR","2,500.00"
"10.1016/j.ejphar.2024.177133","Core Hybrid","EUR","2,500.00"
"10.1016/j.ejpn.2024.03.003","Core Hybrid","EUR","2,500.00"
"10.1016/j.ejpn.2024.05.002","Core Hybrid","EUR","2,500.00"
"10.1016/j.ejpn.2024.06.001","Core Hybrid","EUR","2,500.00"
"10.1016/j.ejpn.2024.06.009","Core Hybrid","EUR","2,500.00"
"10.1016/j.ejpn.2024.07.010","Core Hybrid","EUR","2,500.00"
"10.1016/j.ejpn.2024.11.002","Core Hybrid","EUR","2,500.00"
"10.1016/j.ejpoleco.2023.102484","Core Hybrid","EUR","2,500.00"
"10.1016/j.ejpoleco.2024.102500","Core Hybrid","EUR","2,500.00"
"10.1016/j.ejpoleco.2024.102511","Core Hybrid","EUR","2,500.00"
"10.1016/j.ejpoleco.2024.102528","Core Hybrid","EUR","2,500.00"
"10.1016/j.ejpoleco.2024.102554","Core Hybrid","EUR","2,500.00"
"10.1016/j.ejpoleco.2024.102559","Core Hybrid","EUR","2,500.00"
"10.1016/j.ejpoleco.2024.102576","Core Hybrid","EUR","2,500.00"
"10.1016/j.ejpoleco.2024.102586","Core Hybrid","EUR","2,500.00"
"10.1016/j.ejpoleco.2024.102595","Core Hybrid","EUR","2,500.00"
"10.1016/j.ejpoleco.2024.102603","Core Hybrid","EUR","2,500.00"
"10.1016/j.ejpoleco.2024.102610","Core Hybrid","EUR","2,500.00"
"10.1016/j.ejpoleco.2024.102611","Core Hybrid","EUR","2,500.00"
"10.1016/j.ejpoleco.2024.102630","Core Hybrid","EUR","2,500.00"
"10.1016/j.ejpoleco.2024.102633","Core Hybrid","EUR","2,500.00"
"10.1016/j.ejpoleco.2024.102640","Core Hybrid","EUR","2,500.00"
"10.1016/j.ejps.2023.106684","Core Gold","EUR","1,848.00"
"10.1016/j.ejps.2024.106699","Core Gold","EUR","1,848.00"
"10.1016/j.ejps.2024.106720","Core Gold","EUR","1,944.00"
"10.1016/j.ejps.2024.106748","Core Gold","EUR","1,944.00"
"10.1016/j.ejps.2024.106788","Core Gold","EUR","1,944.00"
"10.1016/j.ejps.2024.106814","Core Gold","EUR","1,944.00"
"10.1016/j.ejps.2024.106819","Core Gold","EUR","1,944.00"
"10.1016/j.ejps.2024.106826","Core Gold","EUR","1,968.00"
"10.1016/j.ejps.2024.106836","Core Gold","EUR","1,968.00"
"10.1016/j.ejps.2024.106853","Core Gold","EUR","1,968.00"
"10.1016/j.ejps.2024.106891","Core Gold","EUR","1,968.00"
"10.1016/j.ejps.2024.106926","Core Gold","EUR","1,968.00"
"10.1016/j.ejps.2024.106944","Core Gold","EUR","1,722.00"
"10.1016/j.ejps.2024.106952","Core Gold","EUR","1,848.00"
"10.1016/j.ejps.2024.106954","Core Gold","EUR","1,848.00"
"10.1016/j.ejpsy.2024.100273","Core Hybrid","EUR","2,500.00"
"10.1016/j.ejrad.2023.111234","Core Hybrid","EUR","2,500.00"
"10.1016/j.ejrad.2023.111235","Core Hybrid","EUR","2,500.00"
"10.1016/j.ejrad.2023.111280","Core Hybrid","EUR","2,500.00"
"10.1016/j.ejrad.2023.111283","Core Hybrid","EUR","2,500.00"
"10.1016/j.ejrad.2024.111293","Core Hybrid","EUR","2,500.00"
"10.1016/j.ejrad.2024.111329","Core Hybrid","EUR","2,500.00"
"10.1016/j.ejrad.2024.111352","Core Hybrid","EUR","2,500.00"
"10.1016/j.ejrad.2024.111359","Core Hybrid","EUR","2,500.00"
"10.1016/j.ejrad.2024.111360","Core Hybrid","EUR","2,500.00"
"10.1016/j.ejrad.2024.111364","Core Hybrid","EUR","2,500.00"
"10.1016/j.ejrad.2024.111374","Core Hybrid","EUR","2,500.00"
"10.1016/j.ejrad.2024.111386","Core Hybrid","EUR","2,500.00"
"10.1016/j.ejrad.2024.111401","Core Hybrid","EUR","2,500.00"
"10.1016/j.ejrad.2024.111418","Core Hybrid","EUR","2,500.00"
"10.1016/j.ejrad.2024.111436","Core Hybrid","EUR","2,500.00"
"10.1016/j.ejrad.2024.111447","Core Hybrid","EUR","2,500.00"
"10.1016/j.ejrad.2024.111476","Core Hybrid","EUR","2,500.00"
"10.1016/j.ejrad.2024.111523","Core Hybrid","EUR","2,500.00"
"10.1016/j.ejrad.2024.111534","Core Hybrid","EUR","2,500.00"
"10.1016/j.ejrad.2024.111548","Core Hybrid","EUR","2,500.00"
"10.1016/j.ejrad.2024.111595","Core Hybrid","EUR","2,500.00"
"10.1016/j.ejrad.2024.111604","Core Hybrid","EUR","2,500.00"
"10.1016/j.ejrad.2024.111606","Core Hybrid","EUR","2,500.00"
"10.1016/j.ejrad.2024.111633","Core Hybrid","EUR","2,500.00"
"10.1016/j.ejrad.2024.111638","Core Hybrid","EUR","2,500.00"
"10.1016/j.ejrad.2024.111643","Core Hybrid","EUR","2,500.00"
"10.1016/j.ejrad.2024.111677","Core Hybrid","EUR","2,500.00"
"10.1016/j.ejrad.2024.111689","Core Hybrid","EUR","2,500.00"
"10.1016/j.ejrad.2024.111728","Core Hybrid","EUR","2,500.00"
"10.1016/j.ejrad.2024.111756","Core Hybrid","EUR","2,500.00"
"10.1016/j.ejrad.2024.111790","Core Hybrid","EUR","2,500.00"
"10.1016/j.ejrad.2024.111806","Core Hybrid","EUR","2,500.00"
"10.1016/j.ejrad.2024.111808","Core Hybrid","EUR","2,500.00"
"10.1016/j.ejrad.2024.111827","Core Hybrid","EUR","2,500.00"
"10.1016/j.ejrad.2024.111834","Core Hybrid","EUR","2,500.00"
"10.1016/j.ejrad.2024.111835","Core Hybrid","EUR","2,500.00"
"10.1016/j.ejrad.2024.111897","Core Hybrid","EUR","2,500.00"
"10.1016/j.ejrad.2024.111902","Core Hybrid","EUR","2,500.00"
"10.1016/j.ejrh.2024.101721","Core Gold","EUR","1,792.00"
"10.1016/j.ejrh.2024.101840","Core Gold","EUR","1,792.00"
"10.1016/j.ejrh.2024.101851","Core Gold","EUR","1,792.00"
"10.1016/j.ejrh.2024.101864","Core Gold","EUR","1,792.00"
"10.1016/j.ejrh.2024.101908","Core Gold","EUR","1,792.00"
"10.1016/j.ejrh.2024.101952","Core Gold","EUR","1,616.00"
"10.1016/j.ejrh.2024.101994","Core Gold","EUR","1,672.00"
"10.1016/j.ejrh.2024.102132","Core Gold","EUR","1,672.00"
"10.1016/j.ejro.2024.100557","Core Gold","EUR","1,784.00"
"10.1016/j.ejro.2024.100576","Core Gold","EUR","1,864.00"
"10.1016/j.ejro.2024.100617","Core Gold","EUR","1,856.00"
"10.1016/j.ejro.2024.100619","Core Gold","EUR","1,856.00"
"10.1016/j.ejro.2024.100622","Core Gold","EUR","1,856.00"
"10.1016/j.ejso.2024.107952","Core Hybrid","EUR","2,500.00"
"10.1016/j.ejso.2024.108003","Core Hybrid","EUR","2,500.00"
"10.1016/j.ejso.2024.108010","Core Hybrid","EUR","2,500.00"
"10.1016/j.ejso.2024.108051","Core Hybrid","EUR","2,500.00"
"10.1016/j.ejso.2024.108272","Core Hybrid","EUR","2,500.00"
"10.1016/j.ejso.2024.108297","Core Hybrid","EUR","2,500.00"
"10.1016/j.ejso.2024.108421","Core Hybrid","EUR","2,500.00"
"10.1016/j.ejso.2024.108429","Core Hybrid","EUR","2,500.00"
"10.1016/j.ejso.2024.108533","Core Hybrid","EUR","2,500.00"
"10.1016/j.ejso.2024.108544","Core Hybrid","EUR","2,500.00"
"10.1016/j.ejso.2024.108619","Core Hybrid","EUR","2,500.00"
"10.1016/j.ejso.2024.108669","Core Hybrid","EUR","2,500.00"
"10.1016/j.ejso.2024.108693","Core Hybrid","EUR","2,500.00"
"10.1016/j.ejso.2024.108779","Core Hybrid","EUR","2,500.00"
"10.1016/j.ejso.2024.109460","Core Hybrid","EUR","2,500.00"
"10.1016/j.ejsobi.2024.103623","Core Hybrid","EUR","2,500.00"
"10.1016/j.ejsobi.2024.103665","Core Hybrid","EUR","2,500.00"
"10.1016/j.ejtd.2024.100451","Core Hybrid","EUR","2,500.00"
"10.1016/j.ejvs.2024.01.087","Core Hybrid","EUR","2,500.00"
"10.1016/j.ejvs.2024.02.043","Core Hybrid","EUR","2,500.00"
"10.1016/j.ejvs.2024.03.004","Core Hybrid","EUR","2,500.00"
"10.1016/j.ejvs.2024.04.028","Core Hybrid","EUR","2,500.00"
"10.1016/j.ejvs.2024.04.030","Core Hybrid","EUR","2,500.00"
"10.1016/j.ejvs.2024.04.041","Core Hybrid","EUR","2,500.00"
"10.1016/j.ejvs.2024.06.003","Core Hybrid","EUR","2,500.00"
"10.1016/j.ejvs.2024.06.012","Core Hybrid","EUR","2,500.00"
"10.1016/j.ejvs.2024.07.017","Core Hybrid","EUR","2,500.00"
"10.1016/j.ejvs.2024.07.025","Core Hybrid","EUR","2,500.00"
"10.1016/j.ejvs.2024.09.029","Core Hybrid","EUR","2,500.00"
"10.1016/j.ejvs.2024.09.030","Core Hybrid","EUR","2,500.00"
"10.1016/j.ejvs.2024.10.002","Core Hybrid","EUR","2,500.00"
"10.1016/j.ejvs.2024.11.016","Core Hybrid","EUR","2,500.00"
"10.1016/j.ejvsvf.2024.02.003","Core Gold","EUR","1,192.00"
"10.1016/j.ejvsvf.2024.06.005","Core Gold","EUR",472.00
"10.1016/j.ejwf.2024.01.001","Core Hybrid","EUR","2,500.00"
"10.1016/j.ekir.2024.01.035","Core Gold","EUR","1,912.00"
"10.1016/j.ekir.2024.02.002","Core Gold","EUR","1,912.00"
"10.1016/j.ekir.2024.03.031","Core Gold","EUR","2,040.00"
"10.1016/j.ekir.2024.04.007","Core Gold","EUR","2,040.00"
"10.1016/j.ekir.2024.05.024","Core Gold","EUR","2,040.00"
"10.1016/j.ekir.2024.06.009","Core Gold","EUR","2,040.00"
"10.1016/j.ekir.2024.07.007","Core Gold","EUR",816.00
"10.1016/j.ekir.2024.07.035","Core Gold","EUR","2,040.00"
"10.1016/j.ekir.2024.08.012","Core Gold","EUR","2,040.00"
"10.1016/j.ekir.2024.08.025","Core Gold","EUR","2,040.00"
"10.1016/j.ekir.2024.09.014","Core Gold","EUR","2,040.00"
"10.1016/j.ekir.2024.09.023","Core Gold","EUR","2,040.00"
"10.1016/j.ekir.2024.12.004","Core Gold","EUR","2,040.00"
"10.1016/j.elecom.2023.107655","Core Gold","EUR","1,312.00"
"10.1016/j.elecom.2024.107705","Core Gold","EUR","1,312.00"
"10.1016/j.elecom.2024.107736","Core Gold","EUR","1,800.00"
"10.1016/j.elecom.2024.107749","Core Gold","EUR","1,336.00"
"10.1016/j.elecom.2024.107798","Core Gold","EUR","1,800.00"
"10.1016/j.elecom.2024.107799","Core Gold","EUR","1,800.00"
"10.1016/j.elecom.2024.107823","Core Gold","EUR","1,800.00"
"10.1016/j.elecom.2024.107854","Core Gold","EUR","1,336.00"
"10.1016/j.electacta.2023.143140","Core Hybrid","EUR","2,500.00"
"10.1016/j.electacta.2023.143582","Core Hybrid","EUR","2,500.00"
"10.1016/j.electacta.2024.143771","Core Hybrid","EUR","2,500.00"
"10.1016/j.electacta.2024.143774","Core Hybrid","EUR","2,500.00"
"10.1016/j.electacta.2024.144038","Core Hybrid","EUR","2,500.00"
"10.1016/j.electacta.2024.144183","Core Hybrid","EUR","2,500.00"
"10.1016/j.electacta.2024.144197","Core Hybrid","EUR","2,500.00"
"10.1016/j.electacta.2024.144198","Core Hybrid","EUR","2,500.00"
"10.1016/j.electacta.2024.144225","Core Hybrid","EUR","2,500.00"
"10.1016/j.electacta.2024.144239","Core Hybrid","EUR","2,500.00"
"10.1016/j.electacta.2024.144259","Core Hybrid","EUR","2,500.00"
"10.1016/j.electacta.2024.144269","Core Hybrid","EUR","2,500.00"
"10.1016/j.electacta.2024.144270","Core Hybrid","EUR","2,500.00"
"10.1016/j.electacta.2024.144351","Core Hybrid","EUR","2,500.00"
"10.1016/j.electacta.2024.144360","Core Hybrid","EUR","2,500.00"
"10.1016/j.electacta.2024.144391","Core Hybrid","EUR","2,500.00"
"10.1016/j.electacta.2024.144474","Core Hybrid","EUR","2,500.00"
"10.1016/j.electacta.2024.144479","Core Hybrid","EUR","2,500.00"
"10.1016/j.electacta.2024.144482","Core Hybrid","EUR","2,500.00"
"10.1016/j.electacta.2024.144530","Core Hybrid","EUR","2,500.00"
"10.1016/j.electacta.2024.144532","Core Hybrid","EUR","2,500.00"
"10.1016/j.electacta.2024.144533","Core Hybrid","EUR","2,500.00"
"10.1016/j.electacta.2024.144571","Core Hybrid","EUR","2,500.00"
"10.1016/j.electacta.2024.144582","Core Hybrid","EUR","2,500.00"
"10.1016/j.electacta.2024.144626","Core Hybrid","EUR","2,500.00"
"10.1016/j.electacta.2024.144659","Core Hybrid","EUR","2,500.00"
"10.1016/j.electacta.2024.144711","Core Hybrid","EUR","2,500.00"
"10.1016/j.electacta.2024.144720","Core Hybrid","EUR","2,500.00"
"10.1016/j.electacta.2024.144764","Core Hybrid","EUR","2,500.00"
"10.1016/j.electacta.2024.144767","Core Hybrid","EUR","2,500.00"
"10.1016/j.electacta.2024.144793","Core Hybrid","EUR","2,500.00"
"10.1016/j.electacta.2024.144821","Core Hybrid","EUR","2,500.00"
"10.1016/j.electacta.2024.144881","Core Hybrid","EUR","2,500.00"
"10.1016/j.electacta.2024.144991","Core Hybrid","EUR","2,500.00"
"10.1016/j.electacta.2024.145010","Core Hybrid","EUR","2,500.00"
"10.1016/j.electacta.2024.145111","Core Hybrid","EUR","2,500.00"
"10.1016/j.electacta.2024.145172","Core Hybrid","EUR","2,500.00"
"10.1016/j.electacta.2024.145175","Core Hybrid","EUR","2,500.00"
"10.1016/j.electacta.2024.145273","Core Hybrid","EUR","2,500.00"
"10.1016/j.electacta.2024.145280","Core Hybrid","EUR","2,500.00"
"10.1016/j.electacta.2024.145358","Core Hybrid","EUR","2,500.00"
"10.1016/j.electacta.2024.145366","Core Hybrid","EUR","2,500.00"
"10.1016/j.electacta.2024.145450","Core Hybrid","EUR","2,500.00"
"10.1016/j.electacta.2024.145474","Core Hybrid","EUR","2,500.00"
"10.1016/j.electacta.2024.145486","Core Hybrid","EUR","2,500.00"
"10.1016/j.electacta.2024.145489","Core Hybrid","EUR","2,500.00"
"10.1016/j.electacta.2024.145509","Core Hybrid","EUR","2,500.00"
"10.1016/j.electacta.2024.145529","Core Hybrid","EUR","2,500.00"
"10.1016/j.electacta.2024.145533","Core Hybrid","EUR","2,500.00"
"10.1016/j.electacta.2024.145547","Core Hybrid","EUR","2,500.00"
"10.1016/j.electacta.2024.145583","Core Hybrid","EUR","2,500.00"
"10.1016/j.electacta.2024.145608","Core Hybrid","EUR","2,500.00"
"10.1016/j.electstud.2023.102692","Core Hybrid","EUR","2,500.00"
"10.1016/j.electstud.2023.102735","Core Hybrid","EUR","2,500.00"
"10.1016/j.electstud.2024.102745","Core Hybrid","EUR","2,500.00"
"10.1016/j.electstud.2024.102751","Core Hybrid","EUR","2,500.00"
"10.1016/j.electstud.2024.102773","Core Hybrid","EUR","2,500.00"
"10.1016/j.electstud.2024.102774","Core Hybrid","EUR","2,500.00"
"10.1016/j.electstud.2024.102777","Core Hybrid","EUR","2,500.00"
"10.1016/j.electstud.2024.102788","Core Hybrid","EUR","2,500.00"
"10.1016/j.electstud.2024.102789","Core Hybrid","EUR","2,500.00"
"10.1016/j.electstud.2024.102798","Core Hybrid","EUR","2,500.00"
"10.1016/j.electstud.2024.102831","Core Hybrid","EUR","2,500.00"
"10.1016/j.electstud.2024.102837","Core Hybrid","EUR","2,500.00"
"10.1016/j.electstud.2024.102872","Core Hybrid","EUR","2,500.00"
"10.1016/j.electstud.2024.102888","Core Hybrid","EUR","2,500.00"
"10.1016/j.electstud.2024.102889","Core Hybrid","EUR","2,500.00"
"10.1016/j.elerap.2024.101444","Core Hybrid","EUR","2,500.00"
"10.1016/j.elerap.2024.101452","Core Hybrid","EUR","2,500.00"
"10.1016/j.elstat.2024.103934","Core Hybrid","EUR","2,500.00"
"10.1016/j.emj.2024.09.002","Core Hybrid","EUR","2,500.00"
"10.1016/j.emj.2024.10.001","Core Hybrid","EUR","2,500.00"
"10.1016/j.emj.2024.10.004","Core Hybrid","EUR","2,500.00"
"10.1016/j.emj.2024.11.004","Core Hybrid","EUR","2,500.00"
"10.1016/j.eml.2024.102143","Core Hybrid","EUR","2,500.00"
"10.1016/j.eml.2024.102147","Core Hybrid","EUR","2,500.00"
"10.1016/j.eml.2024.102182","Core Hybrid","EUR","2,500.00"
"10.1016/j.enbuild.2024.113891","Core Hybrid","EUR","2,500.00"
"10.1016/j.enbuild.2024.113895","Core Hybrid","EUR","2,500.00"
"10.1016/j.enbuild.2024.113968","Core Hybrid","EUR","2,500.00"
"10.1016/j.enbuild.2024.114026","Core Hybrid","EUR","2,500.00"
"10.1016/j.enbuild.2024.114071","Core Hybrid","EUR","2,500.00"
"10.1016/j.enbuild.2024.114109","Core Hybrid","EUR","2,500.00"
"10.1016/j.enbuild.2024.114183","Core Hybrid","EUR","2,500.00"
"10.1016/j.enbuild.2024.114236","Core Hybrid","EUR","2,500.00"
"10.1016/j.enbuild.2024.114257","Core Hybrid","EUR","2,500.00"
"10.1016/j.enbuild.2024.114381","Core Hybrid","EUR","2,500.00"
"10.1016/j.enbuild.2024.114391","Core Hybrid","EUR","2,500.00"
"10.1016/j.enbuild.2024.114395","Core Hybrid","EUR","2,500.00"
"10.1016/j.enbuild.2024.114411","Core Hybrid","EUR","2,500.00"
"10.1016/j.enbuild.2024.114426","Core Hybrid","EUR","2,500.00"
"10.1016/j.enbuild.2024.114560","Core Hybrid","EUR","2,500.00"
"10.1016/j.enbuild.2024.114592","Core Hybrid","EUR","2,500.00"
"10.1016/j.enbuild.2024.114637","Core Hybrid","EUR","2,500.00"
"10.1016/j.enbuild.2024.114648","Core Hybrid","EUR","2,500.00"
"10.1016/j.enbuild.2024.114708","Core Hybrid","EUR","2,500.00"
"10.1016/j.enbuild.2024.114734","Core Hybrid","EUR","2,500.00"
"10.1016/j.enbuild.2024.114748","Core Hybrid","EUR","2,500.00"
"10.1016/j.enbuild.2024.114852","Core Hybrid","EUR","2,500.00"
"10.1016/j.enbuild.2024.114913","Core Hybrid","EUR","2,500.00"
"10.1016/j.enbuild.2024.114940","Core Hybrid","EUR","2,500.00"
"10.1016/j.enbuild.2024.115036","Core Hybrid","EUR","2,500.00"
"10.1016/j.enbuild.2024.115068","Core Hybrid","EUR","2,500.00"
"10.1016/j.enbuild.2024.115125","Core Hybrid","EUR","2,500.00"
"10.1016/j.enbuild.2024.115155","Core Hybrid","EUR","2,500.00"
"10.1016/j.encep.2023.12.004","Core Hybrid","EUR","2,500.00"
"10.1016/j.enconman.2024.118061","Core Hybrid","EUR","2,500.00"
"10.1016/j.enconman.2024.118159","Core Hybrid","EUR","2,500.00"
"10.1016/j.enconman.2024.118171","Core Hybrid","EUR","2,500.00"
"10.1016/j.enconman.2024.118208","Core Hybrid","EUR","2,500.00"
"10.1016/j.enconman.2024.118220","Core Hybrid","EUR","2,500.00"
"10.1016/j.enconman.2024.118292","Core Hybrid","EUR","2,500.00"
"10.1016/j.enconman.2024.118325","Core Hybrid","EUR","2,500.00"
"10.1016/j.enconman.2024.118338","Core Hybrid","EUR","2,500.00"
"10.1016/j.enconman.2024.118339","Core Hybrid","EUR","2,500.00"
"10.1016/j.enconman.2024.118422","Core Hybrid","EUR","2,500.00"
"10.1016/j.enconman.2024.118500","Core Hybrid","EUR","2,500.00"
"10.1016/j.enconman.2024.118519","Core Hybrid","EUR","2,500.00"
"10.1016/j.enconman.2024.118520","Core Hybrid","EUR","2,500.00"
"10.1016/j.enconman.2024.118662","Core Hybrid","EUR","2,500.00"
"10.1016/j.enconman.2024.118694","Core Hybrid","EUR","2,500.00"
"10.1016/j.enconman.2024.118700","Core Hybrid","EUR","2,500.00"
"10.1016/j.enconman.2024.118728","Core Hybrid","EUR","2,500.00"
"10.1016/j.enconman.2024.118787","Core Hybrid","EUR","2,500.00"
"10.1016/j.enconman.2024.118859","Core Hybrid","EUR","2,500.00"
"10.1016/j.enconman.2024.118940","Core Hybrid","EUR","2,500.00"
"10.1016/j.enconman.2024.118983","Core Hybrid","EUR","2,500.00"
"10.1016/j.enconman.2024.119075","Core Hybrid","EUR","2,500.00"
"10.1016/j.enconman.2024.119117","Core Hybrid","EUR","2,500.00"
"10.1016/j.enconman.2024.119156","Core Hybrid","EUR","2,500.00"
"10.1016/j.enconman.2024.119300","Core Hybrid","EUR","2,500.00"
"10.1016/j.enconman.2024.119338","Core Hybrid","EUR","2,500.00"
"10.1016/j.endeavour.2024.100965","Core Hybrid","EUR","2,500.00"
"10.1016/j.eneco.2023.107252","Core Hybrid","EUR","2,500.00"
"10.1016/j.eneco.2023.107278","Core Hybrid","EUR","2,500.00"
"10.1016/j.eneco.2024.107326","Core Hybrid","EUR","2,500.00"
"10.1016/j.eneco.2024.107333","Core Hybrid","EUR","2,500.00"
"10.1016/j.eneco.2024.107368","Core Hybrid","EUR","2,500.00"
"10.1016/j.eneco.2024.107458","Core Hybrid","EUR","2,500.00"
"10.1016/j.eneco.2024.107484","Core Hybrid","EUR","2,500.00"
"10.1016/j.eneco.2024.107630","Core Hybrid","EUR","2,500.00"
"10.1016/j.eneco.2024.107652","Core Hybrid","EUR","2,500.00"
"10.1016/j.eneco.2024.107758","Core Hybrid","EUR","2,500.00"
"10.1016/j.eneco.2024.107818","Core Hybrid","EUR","2,500.00"
"10.1016/j.eneco.2024.107826","Core Hybrid","EUR","2,500.00"
"10.1016/j.eneco.2024.107839","Core Hybrid","EUR","2,500.00"
"10.1016/j.eneco.2024.107843","Core Hybrid","EUR","2,500.00"
"10.1016/j.eneco.2024.107890","Core Hybrid","EUR","2,500.00"
"10.1016/j.eneco.2024.107920","Core Hybrid","EUR","2,500.00"
"10.1016/j.eneco.2024.107961","Core Hybrid","EUR","2,500.00"
"10.1016/j.eneco.2024.107974","Core Hybrid","EUR","2,500.00"
"10.1016/j.eneco.2024.108008","Core Hybrid","EUR","2,500.00"
"10.1016/j.eneco.2024.108022","Core Hybrid","EUR","2,500.00"
"10.1016/j.eneco.2024.108061","Core Hybrid","EUR","2,500.00"
"10.1016/j.eneco.2024.108103","Core Hybrid","EUR","2,500.00"
"10.1016/j.energy.2024.130558","Core Hybrid","EUR","2,500.00"
"10.1016/j.energy.2024.130699","Core Hybrid","EUR","2,500.00"
"10.1016/j.energy.2024.130817","Core Hybrid","EUR","2,500.00"
"10.1016/j.energy.2024.130858","Core Hybrid","EUR","2,500.00"
"10.1016/j.energy.2024.131156","Core Hybrid","EUR","2,500.00"
"10.1016/j.energy.2024.131226","Core Hybrid","EUR","2,500.00"
"10.1016/j.energy.2024.131246","Core Hybrid","EUR","2,500.00"
"10.1016/j.energy.2024.131248","Core Hybrid","EUR","2,500.00"
"10.1016/j.energy.2024.131282","Core Hybrid","EUR","2,500.00"
"10.1016/j.energy.2024.131324","Core Hybrid","EUR","2,500.00"
"10.1016/j.energy.2024.131553","Core Hybrid","EUR","2,500.00"
"10.1016/j.energy.2024.131663","Core Hybrid","EUR","2,500.00"
"10.1016/j.energy.2024.131688","Core Hybrid","EUR","2,500.00"
"10.1016/j.energy.2024.131690","Core Hybrid","EUR","2,500.00"
"10.1016/j.energy.2024.131843","Core Hybrid","EUR","2,500.00"
"10.1016/j.energy.2024.131862","Core Hybrid","EUR","2,500.00"
"10.1016/j.energy.2024.131872","Core Hybrid","EUR","2,500.00"
"10.1016/j.energy.2024.131881","Core Hybrid","EUR","2,500.00"
"10.1016/j.energy.2024.132058","Core Hybrid","EUR","2,500.00"
"10.1016/j.energy.2024.132189","Core Hybrid","EUR","2,500.00"
"10.1016/j.energy.2024.132235","Core Hybrid","EUR","2,500.00"
"10.1016/j.energy.2024.132237","Core Hybrid","EUR","2,500.00"
"10.1016/j.energy.2024.132258","Core Hybrid","EUR","2,500.00"
"10.1016/j.energy.2024.132266","Core Hybrid","EUR","2,500.00"
"10.1016/j.energy.2024.132318","Core Hybrid","EUR","2,500.00"
"10.1016/j.energy.2024.132400","Core Hybrid","EUR","2,500.00"
"10.1016/j.energy.2024.132457","Core Hybrid","EUR","2,500.00"
"10.1016/j.energy.2024.132461","Core Hybrid","EUR","2,500.00"
"10.1016/j.energy.2024.132542","Core Hybrid","EUR","2,500.00"
"10.1016/j.energy.2024.132672","Core Hybrid","EUR","2,500.00"
"10.1016/j.energy.2024.132745","Core Hybrid","EUR","2,500.00"
"10.1016/j.energy.2024.132885","Core Hybrid","EUR","2,500.00"
"10.1016/j.energy.2024.133014","Core Hybrid","EUR","2,500.00"
"10.1016/j.energy.2024.133092","Core Hybrid","EUR","2,500.00"
"10.1016/j.energy.2024.133284","Core Hybrid","EUR","2,500.00"
"10.1016/j.energy.2024.133300","Core Hybrid","EUR","2,500.00"
"10.1016/j.energy.2024.133416","Core Hybrid","EUR","2,500.00"
"10.1016/j.energy.2024.133476","Core Hybrid","EUR","2,500.00"
"10.1016/j.energy.2024.133478","Core Hybrid","EUR","2,500.00"
"10.1016/j.energy.2024.133585","Core Hybrid","EUR","2,500.00"
"10.1016/j.energy.2024.133587","Core Hybrid","EUR","2,500.00"
"10.1016/j.energy.2024.133588","Core Hybrid","EUR","2,500.00"
"10.1016/j.energy.2024.133591","Core Hybrid","EUR","2,500.00"
"10.1016/j.energy.2024.133731","Core Hybrid","EUR","2,500.00"
"10.1016/j.energy.2024.133907","Core Hybrid","EUR","2,500.00"
"10.1016/j.energy.2024.134016","Core Hybrid","EUR","2,500.00"
"10.1016/j.energy.2024.134020","Core Hybrid","EUR","2,500.00"
"10.1016/j.enganabound.2024.01.013","Core Hybrid","EUR","2,500.00"
"10.1016/j.enganabound.2024.105886","Core Hybrid","EUR","2,500.00"
"10.1016/j.enganabound.2024.105891","Core Hybrid","EUR","2,500.00"
"10.1016/j.engappai.2024.108074","Core Hybrid","EUR","2,500.00"
"10.1016/j.engappai.2024.108086","Core Hybrid","EUR","2,500.00"
"10.1016/j.engappai.2024.108156","Core Hybrid","EUR","2,500.00"
"10.1016/j.engappai.2024.108276","Core Hybrid","EUR","2,500.00"
"10.1016/j.engappai.2024.108812","Core Hybrid","EUR","2,500.00"
"10.1016/j.engappai.2024.109106","Core Hybrid","EUR","2,500.00"
"10.1016/j.engappai.2024.109114","Core Hybrid","EUR","2,500.00"
"10.1016/j.engappai.2024.109171","Core Hybrid","EUR","2,500.00"
"10.1016/j.engappai.2024.109643","Core Hybrid","EUR","2,500.00"
"10.1016/j.engappai.2024.109803","Core Hybrid","EUR","2,500.00"
"10.1016/j.engfailanal.2024.108110","Core Hybrid","EUR","2,500.00"
"10.1016/j.engfailanal.2024.108142","Core Hybrid","EUR","2,500.00"
"10.1016/j.engfailanal.2024.108404","Core Hybrid","EUR","2,500.00"
"10.1016/j.engfailanal.2024.108428","Core Hybrid","EUR","2,500.00"
"10.1016/j.engfailanal.2024.108435","Core Hybrid","EUR","2,500.00"
"10.1016/j.engfailanal.2024.108582","Core Hybrid","EUR","2,500.00"
"10.1016/j.engfailanal.2024.108799","Core Hybrid","EUR","2,500.00"
"10.1016/j.engfailanal.2024.108890","Core Hybrid","EUR","2,500.00"
"10.1016/j.engfailanal.2024.108964","Core Hybrid","EUR","2,500.00"
"10.1016/j.engfailanal.2024.109032","Core Hybrid","EUR","2,500.00"
"10.1016/j.engfailanal.2024.109042","Core Hybrid","EUR","2,500.00"
"10.1016/j.engfailanal.2024.109086","Core Hybrid","EUR","2,500.00"
"10.1016/j.engfracmech.2023.109826","Core Hybrid","EUR","2,500.00"
"10.1016/j.engfracmech.2024.109850","Core Hybrid","EUR","2,500.00"
"10.1016/j.engfracmech.2024.109878","Core Hybrid","EUR","2,500.00"
"10.1016/j.engfracmech.2024.109963","Core Hybrid","EUR","2,500.00"
"10.1016/j.engfracmech.2024.110027","Core Hybrid","EUR","2,500.00"
"10.1016/j.engfracmech.2024.110065","Core Hybrid","EUR","2,500.00"
"10.1016/j.engfracmech.2024.110217","Core Hybrid","EUR","2,500.00"
"10.1016/j.engfracmech.2024.110270","Core Hybrid","EUR","2,500.00"
"10.1016/j.engfracmech.2024.110298","Core Hybrid","EUR","2,500.00"
"10.1016/j.engfracmech.2024.110369","Core Hybrid","EUR","2,500.00"
"10.1016/j.engfracmech.2024.110532","Core Hybrid","EUR","2,500.00"
"10.1016/j.engfracmech.2024.110572","Core Hybrid","EUR","2,500.00"
"10.1016/j.engfracmech.2024.110586","Core Hybrid","EUR","2,500.00"
"10.1016/j.engfracmech.2024.110588","Core Hybrid","EUR","2,500.00"
"10.1016/j.engfracmech.2024.110626","Core Hybrid","EUR","2,500.00"
"10.1016/j.engfracmech.2024.110664","Core Hybrid","EUR","2,500.00"
"10.1016/j.engfracmech.2024.110670","Core Hybrid","EUR","2,500.00"
"10.1016/j.engfracmech.2024.110675","Core Hybrid","EUR","2,500.00"
"10.1016/j.engfracmech.2024.110710","Core Hybrid","EUR","2,500.00"
"10.1016/j.engfracmech.2024.110751","Core Hybrid","EUR","2,500.00"
"10.1016/j.engstruct.2023.117360","Core Hybrid","EUR","2,500.00"
"10.1016/j.engstruct.2024.117570","Core Hybrid","EUR","2,500.00"
"10.1016/j.engstruct.2024.117605","Core Hybrid","EUR","2,500.00"
"10.1016/j.engstruct.2024.117667","Core Hybrid","EUR","2,500.00"
"10.1016/j.engstruct.2024.117786","Core Hybrid","EUR","2,500.00"
"10.1016/j.engstruct.2024.117858","Core Hybrid","EUR","2,500.00"
"10.1016/j.engstruct.2024.117872","Core Hybrid","EUR","2,500.00"
"10.1016/j.engstruct.2024.117887","Core Hybrid","EUR","2,500.00"
"10.1016/j.engstruct.2024.117918","Core Hybrid","EUR","2,500.00"
"10.1016/j.engstruct.2024.117928","Core Hybrid","EUR","2,500.00"
"10.1016/j.engstruct.2024.117972","Core Hybrid","EUR","2,500.00"
"10.1016/j.engstruct.2024.118070","Core Hybrid","EUR","2,500.00"
"10.1016/j.engstruct.2024.118129","Core Hybrid","EUR","2,500.00"
"10.1016/j.engstruct.2024.118191","Core Hybrid","EUR","2,500.00"
"10.1016/j.engstruct.2024.118210","Core Hybrid","EUR","2,500.00"
"10.1016/j.engstruct.2024.118459","Core Hybrid","EUR","2,500.00"
"10.1016/j.engstruct.2024.118651","Core Hybrid","EUR","2,500.00"
"10.1016/j.engstruct.2024.119139","Core Hybrid","EUR","2,500.00"
"10.1016/j.engstruct.2024.119143","Core Hybrid","EUR","2,500.00"
"10.1016/j.engstruct.2024.119151","Core Hybrid","EUR","2,500.00"
"10.1016/j.engstruct.2024.119211","Core Hybrid","EUR","2,500.00"
"10.1016/j.engstruct.2024.119286","Core Hybrid","EUR","2,500.00"
"10.1016/j.engstruct.2024.119445","Core Hybrid","EUR","2,500.00"
"10.1016/j.enpol.2023.113819","Core Hybrid","EUR","2,500.00"
"10.1016/j.enpol.2023.113931","Core Hybrid","EUR","2,500.00"
"10.1016/j.enpol.2024.114026","Core Hybrid","EUR","2,500.00"
"10.1016/j.enpol.2024.114028","Core Hybrid","EUR","2,500.00"
"10.1016/j.enpol.2024.114062","Core Hybrid","EUR","2,500.00"
"10.1016/j.enpol.2024.114066","Core Hybrid","EUR","2,500.00"
"10.1016/j.enpol.2024.114069","Core Hybrid","EUR","2,500.00"
"10.1016/j.enpol.2024.114093","Core Hybrid","EUR","2,500.00"
"10.1016/j.enpol.2024.114109","Core Hybrid","EUR","2,500.00"
"10.1016/j.enpol.2024.114145","Core Hybrid","EUR","2,500.00"
"10.1016/j.enpol.2024.114185","Core Hybrid","EUR","2,500.00"
"10.1016/j.enpol.2024.114200","Core Hybrid","EUR","2,500.00"
"10.1016/j.enpol.2024.114208","Core Hybrid","EUR","2,500.00"
"10.1016/j.enpol.2024.114240","Core Hybrid","EUR","2,500.00"
"10.1016/j.enpol.2024.114246","Core Hybrid","EUR","2,500.00"
"10.1016/j.enpol.2024.114255","Core Hybrid","EUR","2,500.00"
"10.1016/j.enpol.2024.114266","Core Hybrid","EUR","2,500.00"
"10.1016/j.enpol.2024.114302","Core Hybrid","EUR","2,500.00"
"10.1016/j.enpol.2024.114303","Core Hybrid","EUR","2,500.00"
"10.1016/j.enpol.2024.114307","Core Hybrid","EUR","2,500.00"
"10.1016/j.enpol.2024.114343","Core Hybrid","EUR","2,500.00"
"10.1016/j.enpol.2024.114345","Core Hybrid","EUR","2,500.00"
"10.1016/j.enpol.2024.114367","Core Hybrid","EUR","2,500.00"
"10.1016/j.enpol.2024.114368","Core Hybrid","EUR","2,500.00"
"10.1016/j.enpol.2024.114396","Core Hybrid","EUR","2,500.00"
"10.1016/j.enpol.2024.114448","Core Hybrid","EUR","2,500.00"
"10.1016/j.ensci.2024.100521","Core Gold","EUR","2,048.00"
"10.1016/j.ensci.2024.100530","Core Gold","EUR","2,048.00"
"10.1016/j.ensm.2024.103212","Core Hybrid","EUR","2,500.00"
"10.1016/j.ensm.2024.103262","Core Hybrid","EUR","2,500.00"
"10.1016/j.ensm.2024.103272","Core Hybrid","EUR","2,500.00"
"10.1016/j.ensm.2024.103289","Core Hybrid","EUR","2,500.00"
"10.1016/j.ensm.2024.103431","Core Hybrid","EUR","2,500.00"
"10.1016/j.ensm.2024.103437","Core Hybrid","EUR","2,500.00"
"10.1016/j.ensm.2024.103487","Core Hybrid","EUR","2,500.00"
"10.1016/j.ensm.2024.103566","Core Hybrid","EUR","2,500.00"
"10.1016/j.ensm.2024.103662","Core Hybrid","EUR","2,500.00"
"10.1016/j.ensm.2024.103735","Core Hybrid","EUR","2,500.00"
"10.1016/j.ensm.2024.103872","Core Hybrid","EUR","2,500.00"
"10.1016/j.ensm.2024.103975","Core Hybrid","EUR","2,500.00"
"10.1016/j.entcom.2024.100836","Core Hybrid","EUR","2,500.00"
"10.1016/j.entcom.2024.100893","Core Hybrid","EUR","2,500.00"
"10.1016/j.envadv.2023.100451","Core Gold","EUR",800.00
"10.1016/j.envadv.2024.100568","Core Gold","EUR","1,296.00"
"10.1016/j.envadv.2024.100583","Core Gold","EUR","1,296.00"
"10.1016/j.envc.2024.100860","Core Gold","EUR","1,230.00"
"10.1016/j.envc.2024.100864","Core Gold","EUR","1,230.00"
"10.1016/j.envc.2024.100919","Core Gold","EUR","1,230.00"
"10.1016/j.envc.2024.100924","Core Gold","EUR","1,312.00"
"10.1016/j.envc.2024.100938","Core Gold","EUR","1,312.00"
"10.1016/j.envc.2024.100944","Core Gold","EUR","1,312.00"
"10.1016/j.envc.2024.100986","Core Gold","EUR","1,312.00"
"10.1016/j.envc.2024.101003","Core Gold","EUR","1,312.00"
"10.1016/j.envc.2024.101026","Core Gold","EUR","1,312.00"
"10.1016/j.envc.2024.101027","Core Gold","EUR",820.00
"10.1016/j.envdev.2023.100943","Core Hybrid","EUR","2,500.00"
"10.1016/j.envdev.2024.101004","Core Hybrid","EUR","2,500.00"
"10.1016/j.envexpbot.2024.105800","Core Hybrid","EUR","2,500.00"
"10.1016/j.envexpbot.2024.105892","Core Hybrid","EUR","2,500.00"
"10.1016/j.envexpbot.2024.106047","Core Gold","EUR","2,192.00"
"10.1016/j.envint.2024.108426","Core Gold","EUR","2,768.00"
"10.1016/j.envint.2024.108603","Core Gold","EUR","2,904.00"
"10.1016/j.envint.2024.108608","Core Gold","EUR","2,904.00"
"10.1016/j.envint.2024.108718","Core Gold","EUR","2,904.00"
"10.1016/j.envint.2024.108799","Core Gold","EUR","2,904.00"
"10.1016/j.envint.2024.108875","Core Gold","EUR","2,904.00"
"10.1016/j.envint.2024.108981","Core Gold","EUR","2,904.00"
"10.1016/j.envint.2024.109000","Core Gold","EUR","2,541.00"
"10.1016/j.envint.2024.109035","Core Gold","EUR","2,904.00"
"10.1016/j.envint.2024.109047","Core Gold","EUR","2,904.00"
"10.1016/j.envint.2024.109059","Core Gold","EUR","2,904.00"
"10.1016/j.envint.2024.109067","Core Gold","EUR","2,904.00"
"10.1016/j.envint.2024.109086","Core Gold","EUR","2,904.00"
"10.1016/j.envint.2024.109089","Core Gold","EUR","2,904.00"
"10.1016/j.envint.2024.109189","Core Gold","EUR","2,960.00"
"10.1016/j.envpol.2024.123390","Core Hybrid","EUR","2,500.00"
"10.1016/j.envpol.2024.123437","Core Hybrid","EUR","2,500.00"
"10.1016/j.envpol.2024.123502","Core Hybrid","EUR","2,500.00"
"10.1016/j.envpol.2024.123604","Core Hybrid","EUR","2,500.00"
"10.1016/j.envpol.2024.123836","Core Hybrid","EUR","2,500.00"
"10.1016/j.envpol.2024.123906","Core Hybrid","EUR","2,500.00"
"10.1016/j.envpol.2024.124112","Core Hybrid","EUR","2,500.00"
"10.1016/j.envpol.2024.124235","Core Hybrid","EUR","2,500.00"
"10.1016/j.envpol.2024.124330","Core Hybrid","EUR","2,500.00"
"10.1016/j.envpol.2024.124400","Core Hybrid","EUR","2,500.00"
"10.1016/j.envpol.2024.124406","Core Hybrid","EUR","2,500.00"
"10.1016/j.envpol.2024.124571","Core Hybrid","EUR","2,500.00"
"10.1016/j.envpol.2024.124587","Core Hybrid","EUR","2,500.00"
"10.1016/j.envpol.2024.124643","Core Hybrid","EUR","2,500.00"
"10.1016/j.envpol.2024.124888","Core Hybrid","EUR","2,500.00"
"10.1016/j.envpol.2024.124926","Core Hybrid","EUR","2,500.00"
"10.1016/j.envpol.2024.125109","Core Hybrid","EUR","2,500.00"
"10.1016/j.envpol.2024.125178","Core Hybrid","EUR","2,500.00"
"10.1016/j.envpol.2024.125244","Core Hybrid","EUR","2,500.00"
"10.1016/j.envpol.2024.125383","Core Hybrid","EUR","2,500.00"
"10.1016/j.envpol.2024.125411","Core Hybrid","EUR","2,500.00"
"10.1016/j.envpol.2024.125413","Core Hybrid","EUR","2,500.00"
"10.1016/j.envpol.2024.125487","Core Hybrid","EUR","2,500.00"
"10.1016/j.envpol.2024.125490","Core Hybrid","EUR","2,500.00"
"10.1016/j.envpol.2024.125504","Core Hybrid","EUR","2,500.00"
"10.1016/j.envpol.2024.125526","Core Hybrid","EUR","2,500.00"
"10.1016/j.envres.2024.118231","Core Hybrid","EUR","2,500.00"
"10.1016/j.envres.2024.118244","Core Hybrid","EUR","2,500.00"
"10.1016/j.envres.2024.118743","Core Hybrid","EUR","2,500.00"
"10.1016/j.envres.2024.118847","Core Hybrid","EUR","2,500.00"
"10.1016/j.envres.2024.118942","Core Hybrid","EUR","2,500.00"
"10.1016/j.envres.2024.118965","Core Hybrid","EUR","2,500.00"
"10.1016/j.envres.2024.119114","Core Hybrid","EUR","2,500.00"
"10.1016/j.envres.2024.119118","Core Hybrid","EUR","2,500.00"
"10.1016/j.envres.2024.119126","Core Hybrid","EUR","2,500.00"
"10.1016/j.envres.2024.119573","Core Hybrid","EUR","2,500.00"
"10.1016/j.envres.2024.119609","Core Hybrid","EUR","2,500.00"
"10.1016/j.envres.2024.119813","Core Hybrid","EUR","2,500.00"
"10.1016/j.envres.2024.119845","Core Hybrid","EUR","2,500.00"
"10.1016/j.envres.2024.119860","Core Hybrid","EUR","2,500.00"
"10.1016/j.envres.2024.120023","Core Hybrid","EUR","2,500.00"
"10.1016/j.envres.2024.120068","Core Hybrid","EUR","2,500.00"
"10.1016/j.envres.2024.120110","Core Hybrid","EUR","2,500.00"
"10.1016/j.envres.2024.120187","Core Hybrid","EUR","2,500.00"
"10.1016/j.envres.2024.120283","Core Hybrid","EUR","2,500.00"
"10.1016/j.envres.2024.120451","Core Hybrid","EUR","2,500.00"
"10.1016/j.envsci.2023.103657","Core Hybrid","EUR","2,500.00"
"10.1016/j.envsci.2024.103683","Core Hybrid","EUR","2,500.00"
"10.1016/j.envsci.2024.103688","Core Hybrid","EUR","2,500.00"
"10.1016/j.envsci.2024.103690","Core Hybrid","EUR","2,500.00"
"10.1016/j.envsci.2024.103708","Core Hybrid","EUR","2,500.00"
"10.1016/j.envsci.2024.103743","Core Hybrid","EUR","2,500.00"
"10.1016/j.envsci.2024.103748","Core Hybrid","EUR","2,500.00"
"10.1016/j.envsci.2024.103750","Core Hybrid","EUR","2,500.00"
"10.1016/j.envsci.2024.103776","Core Hybrid","EUR","2,500.00"
"10.1016/j.envsci.2024.103908","Core Hybrid","EUR","2,500.00"
"10.1016/j.envsci.2024.103916","Core Hybrid","EUR","2,500.00"
"10.1016/j.envsci.2024.103923","Core Hybrid","EUR","2,500.00"
"10.1016/j.envsci.2024.103963","Core Hybrid","EUR","2,500.00"
"10.1016/j.envsoft.2024.105973","Core Hybrid","EUR","2,500.00"
"10.1016/j.envsoft.2024.106003","Core Hybrid","EUR","2,500.00"
"10.1016/j.envsoft.2024.106017","Core Hybrid","EUR","2,500.00"
"10.1016/j.envsoft.2024.106030","Core Hybrid","EUR","2,500.00"
"10.1016/j.envsoft.2024.106088","Core Hybrid","EUR","2,500.00"
"10.1016/j.envsoft.2024.106125","Core Hybrid","EUR","2,500.00"
"10.1016/j.envsoft.2024.106143","Core Hybrid","EUR","2,500.00"
"10.1016/j.envsoft.2024.106145","Core Hybrid","EUR","2,500.00"
"10.1016/j.envsoft.2024.106188","Core Hybrid","EUR","2,500.00"
"10.1016/j.envsoft.2024.106245","Core Hybrid","EUR","2,500.00"
"10.1016/j.envsoft.2024.106247","Core Hybrid","EUR","2,500.00"
"10.1016/j.envsoft.2024.106291","Core Hybrid","EUR","2,500.00"
"10.1016/j.epidem.2024.100741","Core Gold","EUR","2,088.00"
"10.1016/j.eplepsyres.2024.107296","Core Hybrid","EUR","2,500.00"
"10.1016/j.eprac.2024.06.006","Core Hybrid","EUR","2,500.00"
"10.1016/j.epsc.2024.102799","Core Gold","EUR",736.00
"10.1016/j.epsl.2024.118567","Core Hybrid","EUR","2,500.00"
"10.1016/j.epsl.2024.118569","Core Hybrid","EUR","2,500.00"
"10.1016/j.epsl.2024.118596","Core Hybrid","EUR","2,500.00"
"10.1016/j.epsl.2024.118713","Core Hybrid","EUR","2,500.00"
"10.1016/j.epsl.2024.118801","Core Hybrid","EUR","2,500.00"
"10.1016/j.epsl.2024.118846","Core Hybrid","EUR","2,500.00"
"10.1016/j.epsl.2024.118924","Core Hybrid","EUR","2,500.00"
"10.1016/j.epsl.2024.118973","Core Hybrid","EUR","2,500.00"
"10.1016/j.epsl.2024.119010","Core Hybrid","EUR","2,500.00"
"10.1016/j.epsl.2024.119017","Core Hybrid","EUR","2,500.00"
"10.1016/j.epsl.2024.119021","Core Hybrid","EUR","2,500.00"
"10.1016/j.epsl.2024.119029","Core Hybrid","EUR","2,500.00"
"10.1016/j.epsl.2024.119074","Core Hybrid","EUR","2,500.00"
"10.1016/j.epsl.2024.119139","Core Hybrid","EUR","2,500.00"
"10.1016/j.epsl.2024.119166","Core Hybrid","EUR","2,500.00"
"10.1016/j.epsr.2024.110254","Core Hybrid","EUR","2,500.00"
"10.1016/j.epsr.2024.110649","Core Hybrid","EUR","2,500.00"
"10.1016/j.epsr.2024.110655","Core Hybrid","EUR","2,500.00"
"10.1016/j.epsr.2024.110698","Core Hybrid","EUR","2,500.00"
"10.1016/j.epsr.2024.110710","Core Hybrid","EUR","2,500.00"
"10.1016/j.epsr.2024.110740","Core Hybrid","EUR","2,500.00"
"10.1016/j.epsr.2024.110754","Core Hybrid","EUR","2,500.00"
"10.1016/j.epsr.2024.110756","Core Hybrid","EUR","2,500.00"
"10.1016/j.epsr.2024.110779","Core Hybrid","EUR","2,500.00"
"10.1016/j.epsr.2024.110818","Core Hybrid","EUR","2,500.00"
"10.1016/j.epsr.2024.110820","Core Hybrid","EUR","2,500.00"
"10.1016/j.epsr.2024.110830","Core Hybrid","EUR","2,500.00"
"10.1016/j.epsr.2024.110860","Core Hybrid","EUR","2,500.00"
"10.1016/j.epsr.2024.110963","Core Hybrid","EUR","2,500.00"
"10.1016/j.erap.2024.101008","Core Hybrid","EUR","2,500.00"
"10.1016/j.ergon.2024.103669","Core Hybrid","EUR","2,500.00"
"10.1016/j.erss.2023.103282","Core Hybrid","EUR","2,500.00"
"10.1016/j.erss.2024.103431","Core Hybrid","EUR","2,500.00"
"10.1016/j.erss.2024.103492","Core Hybrid","EUR","2,500.00"
"10.1016/j.erss.2024.103512","Core Hybrid","EUR","2,500.00"
"10.1016/j.erss.2024.103513","Core Hybrid","EUR","2,500.00"
"10.1016/j.erss.2024.103525","Core Hybrid","EUR","2,500.00"
"10.1016/j.erss.2024.103530","Core Hybrid","EUR","2,500.00"
"10.1016/j.erss.2024.103586","Core Hybrid","EUR","2,500.00"
"10.1016/j.erss.2024.103595","Core Hybrid","EUR","2,500.00"
"10.1016/j.erss.2024.103598","Core Hybrid","EUR","2,500.00"
"10.1016/j.erss.2024.103613","Core Hybrid","EUR","2,500.00"
"10.1016/j.erss.2024.103635","Core Hybrid","EUR","2,500.00"
"10.1016/j.erss.2024.103659","Core Hybrid","EUR","2,500.00"
"10.1016/j.erss.2024.103667","Core Hybrid","EUR","2,500.00"
"10.1016/j.erss.2024.103678","Core Hybrid","EUR","2,500.00"
"10.1016/j.erss.2024.103684","Core Hybrid","EUR","2,500.00"
"10.1016/j.erss.2024.103690","Core Hybrid","EUR","2,500.00"
"10.1016/j.erss.2024.103694","Core Hybrid","EUR","2,500.00"
"10.1016/j.erss.2024.103704","Core Hybrid","EUR","2,500.00"
"10.1016/j.erss.2024.103710","Core Hybrid","EUR","2,500.00"
"10.1016/j.erss.2024.103720","Core Hybrid","EUR","2,500.00"
"10.1016/j.erss.2024.103731","Core Hybrid","EUR","2,500.00"
"10.1016/j.erss.2024.103743","Core Hybrid","EUR","2,500.00"
"10.1016/j.erss.2024.103769","Core Hybrid","EUR","2,500.00"
"10.1016/j.erss.2024.103780","Core Hybrid","EUR","2,500.00"
"10.1016/j.erss.2024.103786","Core Hybrid","EUR","2,500.00"
"10.1016/j.erss.2024.103794","Core Hybrid","EUR","2,500.00"
"10.1016/j.erss.2024.103802","Core Hybrid","EUR","2,500.00"
"10.1016/j.erss.2024.103820","Core Hybrid","EUR","2,500.00"
"10.1016/j.erss.2024.103822","Core Hybrid","EUR","2,500.00"
"10.1016/j.erss.2024.103852","Core Hybrid","EUR","2,500.00"
"10.1016/j.erss.2024.103871","Core Hybrid","EUR","2,500.00"
"10.1016/j.erss.2024.103879","Core Hybrid","EUR","2,500.00"
"10.1016/j.esd.2024.101391","Core Hybrid","EUR","2,500.00"
"10.1016/j.esd.2024.101454","Core Hybrid","EUR","2,500.00"
"10.1016/j.esd.2024.101511","Core Hybrid","EUR","2,500.00"
"10.1016/j.esd.2024.101581","Core Hybrid","EUR","2,500.00"
"10.1016/j.ese.2024.100419","Core Gold","EUR","1,456.00"
"10.1016/j.ese.2024.100519","Core Gold","EUR","1,456.00"
"10.1016/j.esg.2024.100210","Core Gold","EUR","1,000.00"
"10.1016/j.esg.2024.100217","Core Gold","EUR","1,256.00"
"10.1016/j.esg.2024.100218","Core Gold","EUR","1,256.00"
"10.1016/j.esg.2024.100219","Core Gold","EUR","1,544.00"
"10.1016/j.esg.2024.100223","Core Gold","EUR","1,256.00"
"10.1016/j.esmogo.2024.100040","Core Gold","EUR","2,200.00"
"10.1016/j.esmogo.2024.100082","Core Gold","EUR","2,200.00"
"10.1016/j.esmoop.2023.102219","Core Gold","EUR","2,560.00"
"10.1016/j.esmoop.2024.102237","Core Gold","EUR","2,560.00"
"10.1016/j.esmoop.2024.102982","Core Gold","EUR","2,560.00"
"10.1016/j.esmoop.2024.102995","Core Gold","EUR","2,720.00"
"10.1016/j.esmoop.2024.103374","Core Gold","EUR","2,560.00"
"10.1016/j.esmoop.2024.103449","Core Gold","EUR","2,720.00"
"10.1016/j.esmoop.2024.103466","Core Gold","EUR","2,560.00"
"10.1016/j.esmoop.2024.103488","Core Gold","EUR","2,720.00"
"10.1016/j.esmoop.2024.103493","Core Gold","EUR","2,560.00"
"10.1016/j.esmoop.2024.103628","Core Gold","EUR","2,720.00"
"10.1016/j.esmoop.2024.103655","Core Gold","EUR","2,720.00"
"10.1016/j.esmoop.2024.103661","Core Gold","EUR","2,720.00"
"10.1016/j.esmoop.2024.103669","Core Gold","EUR","2,720.00"
"10.1016/j.esmoop.2024.103677","Core Gold","EUR","2,720.00"
"10.1016/j.esmoop.2024.103706","Core Gold","EUR","2,720.00"
"10.1016/j.esmoop.2024.103992","Core Gold","EUR","2,720.00"
"10.1016/j.esmorw.2024.100077","Core Gold","EUR","2,200.00"
"10.1016/j.esmorw.2024.100078","Core Gold","EUR","2,200.00"
"10.1016/j.esr.2024.101323","Core Gold","EUR","2,176.00"
"10.1016/j.esr.2024.101361","Core Gold","EUR","2,176.00"
"10.1016/j.esr.2024.101432","Core Gold","EUR","2,376.00"
"10.1016/j.esr.2024.101483","Core Gold","EUR","2,264.00"
"10.1016/j.esr.2024.101488","Core Gold","EUR","2,376.00"
"10.1016/j.esr.2024.101499","Core Gold","EUR","2,376.00"
"10.1016/j.esr.2024.101502","Core Gold","EUR","2,416.00"
"10.1016/j.esr.2024.101525","Core Gold","EUR","2,416.00"
"10.1016/j.esr.2024.101569","Core Gold","EUR","2,176.00"
"10.1016/j.esr.2024.101580","Core Gold","EUR","2,376.00"
"10.1016/j.esr.2024.101589","Core Gold","EUR","2,376.00"
"10.1016/j.est.2023.109046","Core Hybrid","EUR","2,500.00"
"10.1016/j.est.2024.110803","Core Hybrid","EUR","2,500.00"
"10.1016/j.est.2024.110851","Core Hybrid","EUR","2,500.00"
"10.1016/j.est.2024.110959","Core Hybrid","EUR","2,500.00"
"10.1016/j.est.2024.110968","Core Hybrid","EUR","2,500.00"
"10.1016/j.est.2024.110986","Core Hybrid","EUR","2,500.00"
"10.1016/j.est.2024.111030","Core Hybrid","EUR","2,500.00"
"10.1016/j.est.2024.111040","Core Hybrid","EUR","2,500.00"
"10.1016/j.est.2024.111275","Core Hybrid","EUR","2,500.00"
"10.1016/j.est.2024.111360","Core Hybrid","EUR","2,500.00"
"10.1016/j.est.2024.111404","Core Hybrid","EUR","2,500.00"
"10.1016/j.est.2024.111410","Core Hybrid","EUR","2,500.00"
"10.1016/j.est.2024.111508","Core Hybrid","EUR","2,500.00"
"10.1016/j.est.2024.111649","Core Hybrid","EUR","2,500.00"
"10.1016/j.est.2024.111650","Core Hybrid","EUR","2,500.00"
"10.1016/j.est.2024.111709","Core Hybrid","EUR","2,500.00"
"10.1016/j.est.2024.111726","Core Hybrid","EUR","2,500.00"
"10.1016/j.est.2024.112042","Core Hybrid","EUR","2,500.00"
"10.1016/j.est.2024.112058","Core Hybrid","EUR","2,500.00"
"10.1016/j.est.2024.112222","Core Hybrid","EUR","2,500.00"
"10.1016/j.est.2024.112424","Core Hybrid","EUR","2,500.00"
"10.1016/j.est.2024.112483","Core Hybrid","EUR","2,500.00"
"10.1016/j.est.2024.112605","Core Hybrid","EUR","2,500.00"
"10.1016/j.est.2024.112665","Core Hybrid","EUR","2,500.00"
"10.1016/j.est.2024.112687","Core Hybrid","EUR","2,500.00"
"10.1016/j.est.2024.112863","Core Hybrid","EUR","2,500.00"
"10.1016/j.est.2024.112907","Core Hybrid","EUR","2,500.00"
"10.1016/j.est.2024.112931","Core Hybrid","EUR","2,500.00"
"10.1016/j.est.2024.113026","Core Hybrid","EUR","2,500.00"
"10.1016/j.est.2024.113027","Core Hybrid","EUR","2,500.00"
"10.1016/j.est.2024.113033","Core Hybrid","EUR","2,500.00"
"10.1016/j.est.2024.113077","Core Hybrid","EUR","2,500.00"
"10.1016/j.est.2024.113157","Core Hybrid","EUR","2,500.00"
"10.1016/j.est.2024.113177","Core Hybrid","EUR","2,500.00"
"10.1016/j.est.2024.113244","Core Hybrid","EUR","2,500.00"
"10.1016/j.est.2024.113348","Core Hybrid","EUR","2,500.00"
"10.1016/j.est.2024.113361","Core Hybrid","EUR","2,500.00"
"10.1016/j.est.2024.113389","Core Hybrid","EUR","2,500.00"
"10.1016/j.est.2024.113787","Core Hybrid","EUR","2,500.00"
"10.1016/j.est.2024.113870","Core Hybrid","EUR","2,500.00"
"10.1016/j.est.2024.113879","Core Hybrid","EUR","2,500.00"
"10.1016/j.est.2024.113910","Core Hybrid","EUR","2,500.00"
"10.1016/j.est.2024.113979","Core Hybrid","EUR","2,500.00"
"10.1016/j.est.2024.114142","Core Hybrid","EUR","2,500.00"
"10.1016/j.est.2024.114151","Core Hybrid","EUR","2,500.00"
"10.1016/j.est.2024.114187","Core Hybrid","EUR","2,500.00"
"10.1016/j.est.2024.114378","Core Hybrid","EUR","2,500.00"
"10.1016/j.est.2024.114420","Core Hybrid","EUR","2,500.00"
"10.1016/j.est.2024.114636","Core Hybrid","EUR","2,500.00"
"10.1016/j.est.2024.114665","Core Hybrid","EUR","2,500.00"
"10.1016/j.est.2024.114702","Core Hybrid","EUR","2,500.00"
"10.1016/j.est.2024.114715","Core Hybrid","EUR","2,500.00"
"10.1016/j.est.2024.114888","Core Hybrid","EUR","2,500.00"
"10.1016/j.est.2024.114931","Core Hybrid","EUR","2,500.00"
"10.1016/j.est.2024.115083","Core Hybrid","EUR","2,500.00"
"10.1016/j.eswa.2024.123438","Core Hybrid","EUR","2,500.00"
"10.1016/j.eswa.2024.123538","Core Hybrid","EUR","2,500.00"
"10.1016/j.eswa.2024.123851","Core Hybrid","EUR","2,500.00"
"10.1016/j.eswa.2024.124181","Core Hybrid","EUR","2,500.00"
"10.1016/j.eswa.2024.124218","Core Hybrid","EUR","2,500.00"
"10.1016/j.eswa.2024.124530","Core Hybrid","EUR","2,500.00"
"10.1016/j.eswa.2024.124774","Core Hybrid","EUR","2,500.00"
"10.1016/j.eswa.2024.125124","Core Hybrid","EUR","2,500.00"
"10.1016/j.eswa.2024.125207","Core Hybrid","EUR","2,500.00"
"10.1016/j.eswa.2024.125514","Core Hybrid","EUR","2,500.00"
"10.1016/j.eswa.2024.125521","Core Hybrid","EUR","2,500.00"
"10.1016/j.eswa.2024.125719","Core Hybrid","EUR","2,500.00"
"10.1016/j.eswa.2024.125720","Core Hybrid","EUR","2,500.00"
"10.1016/j.etap.2024.104451","Core Hybrid","EUR","2,500.00"
"10.1016/j.etap.2024.104613","Core Hybrid","EUR","2,500.00"
"10.1016/j.eti.2024.103627","Core Gold","EUR","1,752.00"
"10.1016/j.eti.2024.103850","Core Gold","EUR","1,561.00"
"10.1016/j.eti.2024.103871","Core Gold","EUR","1,752.00"
"10.1016/j.eti.2024.103904","Core Gold","EUR","1,784.00"
"10.1016/j.eti.2024.103913","Core Gold","EUR","1,784.00"
"10.1016/j.etran.2024.100316","Core Hybrid","EUR","2,500.00"
"10.1016/j.etran.2024.100329","Core Hybrid","EUR","2,500.00"
"10.1016/j.etran.2024.100340","Core Hybrid","EUR","2,500.00"
"10.1016/j.etran.2024.100355","Core Hybrid","EUR","2,500.00"
"10.1016/j.etran.2024.100356","Core Hybrid","EUR","2,500.00"
"10.1016/j.etran.2024.100358","Core Hybrid","EUR","2,500.00"
"10.1016/j.eucr.2024.102675","Core Gold","EUR",760.00
"10.1016/j.eucr.2024.102879","Core Gold","EUR",792.00
"10.1016/j.euf.2024.02.007","Core Hybrid","EUR","2,500.00"
"10.1016/j.euf.2024.04.001","Core Hybrid","EUR","2,500.00"
"10.1016/j.euf.2024.05.002","Core Hybrid","EUR","2,500.00"
"10.1016/j.euf.2024.05.020","Core Hybrid","EUR","2,500.00"
"10.1016/j.euf.2024.07.007","Core Hybrid","EUR","2,500.00"
"10.1016/j.euf.2024.07.009","Core Hybrid","EUR","2,500.00"
"10.1016/j.euf.2024.08.004","Core Hybrid","EUR","2,500.00"
"10.1016/j.euf.2024.08.010","Core Hybrid","EUR","2,500.00"
"10.1016/j.euf.2024.08.011","Core Hybrid","EUR","2,500.00"
"10.1016/j.euf.2024.11.004","Core Hybrid","EUR","2,500.00"
"10.1016/j.euo.2024.04.019","Core Hybrid","EUR","2,500.00"
"10.1016/j.euo.2024.06.002","Core Hybrid","EUR","2,500.00"
"10.1016/j.euo.2024.08.007","Core Hybrid","EUR","2,500.00"
"10.1016/j.euo.2024.10.003","Core Hybrid","EUR","2,500.00"
"10.1016/j.euroecorev.2023.104592","Core Hybrid","EUR","2,500.00"
"10.1016/j.euroecorev.2023.104659","Core Hybrid","EUR","2,500.00"
"10.1016/j.euroecorev.2024.104674","Core Hybrid","EUR","2,500.00"
"10.1016/j.euroecorev.2024.104677","Core Hybrid","EUR","2,500.00"
"10.1016/j.euroecorev.2024.104678","Core Hybrid","EUR","2,500.00"
"10.1016/j.euroecorev.2024.104699","Core Hybrid","EUR","2,500.00"
"10.1016/j.euroecorev.2024.104715","Core Hybrid","EUR","2,500.00"
"10.1016/j.euroecorev.2024.104738","Core Hybrid","EUR","2,500.00"
"10.1016/j.euroecorev.2024.104743","Core Hybrid","EUR","2,500.00"
"10.1016/j.euroecorev.2024.104752","Core Hybrid","EUR","2,500.00"
"10.1016/j.euroecorev.2024.104755","Core Hybrid","EUR","2,500.00"
"10.1016/j.euroecorev.2024.104756","Core Hybrid","EUR","2,500.00"
"10.1016/j.euroecorev.2024.104776","Core Hybrid","EUR","2,500.00"
"10.1016/j.euroecorev.2024.104790","Core Hybrid","EUR","2,500.00"
"10.1016/j.euroecorev.2024.104792","Core Hybrid","EUR","2,500.00"
"10.1016/j.euroecorev.2024.104801","Core Hybrid","EUR","2,500.00"
"10.1016/j.euroecorev.2024.104818","Core Hybrid","EUR","2,500.00"
"10.1016/j.euroecorev.2024.104823","Core Hybrid","EUR","2,500.00"
"10.1016/j.euroecorev.2024.104827","Core Hybrid","EUR","2,500.00"
"10.1016/j.euroecorev.2024.104844","Core Hybrid","EUR","2,500.00"
"10.1016/j.euroecorev.2024.104847","Core Hybrid","EUR","2,500.00"
"10.1016/j.euroecorev.2024.104868","Core Hybrid","EUR","2,500.00"
"10.1016/j.euroecorev.2024.104871","Core Hybrid","EUR","2,500.00"
"10.1016/j.euroecorev.2024.104874","Core Hybrid","EUR","2,500.00"
"10.1016/j.euroecorev.2024.104879","Core Hybrid","EUR","2,500.00"
"10.1016/j.euroecorev.2024.104881","Core Hybrid","EUR","2,500.00"
"10.1016/j.euroecorev.2024.104892","Core Hybrid","EUR","2,500.00"
"10.1016/j.euroecorev.2024.104896","Core Hybrid","EUR","2,500.00"
"10.1016/j.euroecorev.2024.104916","Core Hybrid","EUR","2,500.00"
"10.1016/j.euroecorev.2024.104926","Core Hybrid","EUR","2,500.00"
"10.1016/j.euroecorev.2024.104929","Core Hybrid","EUR","2,500.00"
"10.1016/j.euromechflu.2024.01.007","Core Hybrid","EUR","2,500.00"
"10.1016/j.euromechflu.2024.03.008","Core Hybrid","EUR","2,500.00"
"10.1016/j.euromechflu.2024.04.012","Core Hybrid","EUR","2,500.00"
"10.1016/j.euromechflu.2024.07.001","Core Hybrid","EUR","2,500.00"
"10.1016/j.euromechflu.2024.07.013","Core Hybrid","EUR","2,500.00"
"10.1016/j.euromechsol.2024.105269","Core Hybrid","EUR","2,500.00"
"10.1016/j.euromechsol.2024.105300","Core Hybrid","EUR","2,500.00"
"10.1016/j.euromechsol.2024.105379","Core Hybrid","EUR","2,500.00"
"10.1016/j.euromechsol.2024.105384","Core Hybrid","EUR","2,500.00"
"10.1016/j.euromechsol.2024.105410","Core Hybrid","EUR","2,500.00"
"10.1016/j.euromechsol.2024.105458","Core Hybrid","EUR","2,500.00"
"10.1016/j.euromechsol.2024.105501","Core Hybrid","EUR","2,500.00"
"10.1016/j.euroneuro.2023.09.006","Core Hybrid","EUR","2,500.00"
"10.1016/j.euroneuro.2024.03.003","Core Hybrid","EUR","2,500.00"
"10.1016/j.euroneuro.2024.04.007","Core Hybrid","EUR","2,500.00"
"10.1016/j.euroneuro.2024.10.002","Core Hybrid","EUR","2,500.00"
"10.1016/j.euros.2024.01.017","Core Gold","EUR","1,312.00"
"10.1016/j.euros.2024.06.004","Core Gold","EUR",440.00
"10.1016/j.euros.2024.06.010","Core Gold","EUR","1,312.00"
"10.1016/j.euros.2024.07.111","Core Gold","EUR","1,312.00"
"10.1016/j.euros.2024.08.022","Core Gold","EUR","1,312.00"
"10.1016/j.euros.2024.09.010","Core Gold","EUR","1,312.00"
"10.1016/j.euros.2024.10.009","Core Gold","EUR","1,312.00"
"10.1016/j.euros.2024.10.011","Core Gold","EUR","1,312.00"
"10.1016/j.euros.2024.10.012","Core Gold","EUR","1,312.00"
"10.1016/j.euros.2024.10.015","Core Gold","EUR","1,312.00"
"10.1016/j.euros.2024.10.019","Core Gold","EUR","1,312.00"
"10.1016/j.euros.2024.11.002","Core Gold","EUR","1,312.00"
"10.1016/j.euros.2024.11.003","Core Gold","EUR",440.00
"10.1016/j.eurpolymj.2023.112491","Core Hybrid","EUR","2,500.00"
"10.1016/j.eurpolymj.2024.112765","Core Hybrid","EUR","2,500.00"
"10.1016/j.eurpolymj.2024.112811","Core Hybrid","EUR","2,500.00"
"10.1016/j.eurpolymj.2024.112840","Core Hybrid","EUR","2,500.00"
"10.1016/j.eurpolymj.2024.113004","Core Hybrid","EUR","2,500.00"
"10.1016/j.eurpolymj.2024.113150","Core Hybrid","EUR","2,500.00"
"10.1016/j.eurpolymj.2024.113315","Core Hybrid","EUR","2,500.00"
"10.1016/j.eurpolymj.2024.113465","Core Hybrid","EUR","2,500.00"
"10.1016/j.eurpolymj.2024.113545","Core Hybrid","EUR","2,500.00"
"10.1016/j.eururo.2024.01.023","Core Hybrid","EUR","2,500.00"
"10.1016/j.eururo.2024.03.035","Core Hybrid","EUR","2,500.00"
"10.1016/j.eururo.2024.04.030","Core Hybrid","EUR","2,500.00"
"10.1016/j.evolhumbehav.2024.106611","Core Hybrid","EUR","2,500.00"
"10.1016/j.evolhumbehav.2024.106628","Core Hybrid","EUR","2,500.00"
"10.1016/j.exer.2023.109727","Core Hybrid","EUR","2,500.00"
"10.1016/j.exer.2024.109888","Core Hybrid","EUR","2,500.00"
"10.1016/j.exer.2024.110062","Core Hybrid","EUR","2,500.00"
"10.1016/j.exer.2024.110116","Core Hybrid","EUR","2,500.00"
"10.1016/j.exer.2024.110163","Core Hybrid","EUR","2,500.00"
"10.1016/j.exger.2024.112610","Core Gold","EUR","2,144.00"
"10.1016/j.exis.2024.101405","Core Hybrid","EUR","2,500.00"
"10.1016/j.exis.2024.101440","Core Hybrid","EUR","2,500.00"
"10.1016/j.exis.2024.101484","Core Hybrid","EUR","2,500.00"
"10.1016/j.exis.2024.101535","Core Hybrid","EUR","2,500.00"
"10.1016/j.exis.2024.101574","Core Hybrid","EUR","2,500.00"
"10.1016/j.exphem.2024.104207","Core Hybrid","EUR","2,500.00"
"10.1016/j.exphem.2024.104600","Core Hybrid","EUR","2,500.00"
"10.1016/j.exphem.2024.104686","Core Hybrid","EUR","2,500.00"
"10.1016/j.expneurol.2024.114706","Core Hybrid","EUR","2,500.00"
"10.1016/j.expneurol.2024.114919","Core Hybrid","EUR","2,500.00"
"10.1016/j.expneurol.2024.114946","Core Hybrid","EUR","2,500.00"
"10.1016/j.expneurol.2024.114962","Core Hybrid","EUR","2,500.00"
"10.1016/j.expneurol.2024.114981","Core Hybrid","EUR","2,500.00"
"10.1016/j.expneurol.2024.115042","Core Hybrid","EUR","2,500.00"
"10.1016/j.expneurol.2024.115047","Core Hybrid","EUR","2,500.00"
"10.1016/j.exppara.2024.108822","Core Hybrid","EUR","2,500.00"
"10.1016/j.expthermflusci.2024.111222","Core Hybrid","EUR","2,500.00"
"10.1016/j.expthermflusci.2024.111230","Core Hybrid","EUR","2,500.00"
"10.1016/j.expthermflusci.2024.111296","Core Hybrid","EUR","2,500.00"
"10.1016/j.expthermflusci.2024.111392","Core Hybrid","EUR","2,500.00"
"10.1016/j.expthermflusci.2024.111395","Core Hybrid","EUR","2,500.00"
"10.1016/j.fas.2024.10.005","Core Hybrid","EUR","2,500.00"
"10.1016/j.fas.2024.10.006","Core Hybrid","EUR","2,500.00"
"10.1016/j.fas.2024.12.003","Core Hybrid","EUR","2,500.00"
"10.1016/j.fastrc.2024.100458","Core Gold","EUR",512.00
"10.1016/j.fbio.2024.103587","Core Hybrid","EUR","2,500.00"
"10.1016/j.fbio.2024.103823","Core Hybrid","EUR","2,500.00"
"10.1016/j.fbio.2024.105206","Core Hybrid","EUR","2,500.00"
"10.1016/j.fbp.2024.02.008","Core Hybrid","EUR","2,500.00"
"10.1016/j.fbp.2024.02.009","Core Hybrid","EUR","2,500.00"
"10.1016/j.fbp.2024.07.007","Core Hybrid","EUR","2,500.00"
"10.1016/j.fbr.2024.100367","Core Hybrid","EUR","2,500.00"
"10.1016/j.fcr.2024.109293","Core Hybrid","EUR","2,500.00"
"10.1016/j.fcr.2024.109519","Core Hybrid","EUR","2,500.00"
"10.1016/j.fcr.2024.109551","Core Hybrid","EUR","2,500.00"
"10.1016/j.fcr.2024.109637","Core Hybrid","EUR","2,500.00"
"10.1016/j.fcr.2024.109663","Core Hybrid","EUR","2,500.00"
"10.1016/j.fcr.2024.109678","Core Hybrid","EUR","2,500.00"
"10.1016/j.fcr.2024.109687","Core Hybrid","EUR","2,500.00"
"10.1016/j.fcr.2024.109695","Core Hybrid","EUR","2,500.00"
"10.1016/j.fcr.2024.109703","Core Hybrid","EUR","2,500.00"
"10.1016/j.fct.2023.114404","Core Hybrid","EUR","2,500.00"
"10.1016/j.fct.2023.114423","Core Hybrid","EUR","2,500.00"
"10.1016/j.fct.2024.114507","Core Hybrid","EUR","2,500.00"
"10.1016/j.fct.2024.114774","Core Hybrid","EUR","2,500.00"
"10.1016/j.fertnstert.2024.05.150","Core Hybrid","EUR","2,500.00"
"10.1016/j.fertnstert.2024.07.009","Core Hybrid","EUR","2,500.00"
"10.1016/j.fertnstert.2024.11.020","Core Hybrid","EUR","2,500.00"
"10.1016/j.ffa.2024.102413","Core Hybrid","EUR","2,500.00"
"10.1016/j.ffa.2024.102416","Core Hybrid","EUR","2,500.00"
"10.1016/j.fgb.2024.103876","Core Hybrid","EUR","2,500.00"
"10.1016/j.fgb.2024.103892","Core Hybrid","EUR","2,500.00"
"10.1016/j.fhfh.2024.100181","Core Gold","EUR","1,752.00"
"10.1016/j.finel.2024.104155","Core Hybrid","EUR","2,500.00"
"10.1016/j.finel.2024.104222","Core Hybrid","EUR","2,500.00"
"10.1016/j.finel.2024.104268","Core Hybrid","EUR","2,500.00"
"10.1016/j.finmar.2024.100929","Core Hybrid","EUR","2,500.00"
"10.1016/j.finmec.2024.100288","Core Gold","EUR",820.00
"10.1016/j.firesaf.2023.104079","Core Hybrid","EUR","2,500.00"
"10.1016/j.firesaf.2024.104110","Core Hybrid","EUR","2,500.00"
"10.1016/j.firesaf.2024.104116","Core Hybrid","EUR","2,500.00"
"10.1016/j.firesaf.2024.104173","Core Hybrid","EUR","2,500.00"
"10.1016/j.firesaf.2024.104269","Core Hybrid","EUR","2,500.00"
"10.1016/j.fishres.2024.106937","Core Hybrid","EUR","2,500.00"
"10.1016/j.fishres.2024.107144","Core Hybrid","EUR","2,500.00"
"10.1016/j.fishres.2024.107190","Core Hybrid","EUR","2,500.00"
"10.1016/j.fitote.2024.105904","Core Hybrid","EUR","2,500.00"
"10.1016/j.fitote.2024.105914","Core Hybrid","EUR","2,500.00"
"10.1016/j.fitote.2024.106261","Core Hybrid","EUR","2,500.00"
"10.1016/j.fitote.2024.106299","Core Hybrid","EUR","2,500.00"
"10.1016/j.flora.2024.152461","Core Hybrid","EUR","2,500.00"
"10.1016/j.flora.2024.152538","Core Hybrid","EUR","2,500.00"
"10.1016/j.flora.2024.152557","Core Hybrid","EUR","2,500.00"
"10.1016/j.flora.2024.152570","Core Hybrid","EUR","2,500.00"
"10.1016/j.flora.2024.152602","Core Hybrid","EUR","2,500.00"
"10.1016/j.flora.2024.152610","Core Hybrid","EUR","2,500.00"
"10.1016/j.flora.2024.152639","Core Hybrid","EUR","2,500.00"
"10.1016/j.flora.2024.152664","Core Hybrid","EUR","2,500.00"
"10.1016/j.flowmeasinst.2024.102709","Core Hybrid","EUR","2,500.00"
"10.1016/j.fluid.2024.114039","Core Hybrid","EUR","2,500.00"
"10.1016/j.fluid.2024.114086","Core Hybrid","EUR","2,500.00"
"10.1016/j.fluid.2024.114102","Core Hybrid","EUR","2,500.00"
"10.1016/j.fluid.2024.114104","Core Hybrid","EUR","2,500.00"
"10.1016/j.fluid.2024.114168","Core Hybrid","EUR","2,500.00"
"10.1016/j.fluid.2024.114171","Core Hybrid","EUR","2,500.00"
"10.1016/j.fluid.2024.114182","Core Hybrid","EUR","2,500.00"
"10.1016/j.fluid.2024.114247","Core Hybrid","EUR","2,500.00"
"10.1016/j.fluid.2024.114250","Core Hybrid","EUR","2,500.00"
"10.1016/j.fluid.2024.114304","Core Hybrid","EUR","2,500.00"
"10.1016/j.fluid.2024.114305","Core Hybrid","EUR","2,500.00"
"10.1016/j.fluid.2024.114314","Core Hybrid","EUR","2,500.00"
"10.1016/j.fm.2023.104451","Core Hybrid","EUR","2,500.00"
"10.1016/j.fm.2024.104544","Core Hybrid","EUR","2,500.00"
"10.1016/j.fochx.2024.101274","Core Gold","EUR","1,712.00"
"10.1016/j.fochx.2024.101305","Core Gold","EUR","1,712.00"
"10.1016/j.fochx.2024.101403","Core Gold","EUR","1,712.00"
"10.1016/j.fochx.2024.101444","Core Gold","EUR","1,712.00"
"10.1016/j.foodchem.2023.138276","Core Hybrid","EUR","2,500.00"
"10.1016/j.foodchem.2023.138331","Core Hybrid","EUR","2,500.00"
"10.1016/j.foodchem.2024.138679","Core Hybrid","EUR","2,500.00"
"10.1016/j.foodchem.2024.138874","Core Hybrid","EUR","2,500.00"
"10.1016/j.foodchem.2024.138884","Core Hybrid","EUR","2,500.00"
"10.1016/j.foodchem.2024.138939","Core Hybrid","EUR","2,500.00"
"10.1016/j.foodchem.2024.139069","Core Hybrid","EUR","2,500.00"
"10.1016/j.foodchem.2024.139157","Core Hybrid","EUR","2,500.00"
"10.1016/j.foodchem.2024.139189","Core Hybrid","EUR","2,500.00"
"10.1016/j.foodchem.2024.139369","Core Hybrid","EUR","2,500.00"
"10.1016/j.foodchem.2024.139593","Core Hybrid","EUR","2,500.00"
"10.1016/j.foodchem.2024.139640","Core Hybrid","EUR","2,500.00"
"10.1016/j.foodchem.2024.139768","Core Hybrid","EUR","2,500.00"
"10.1016/j.foodchem.2024.139855","Core Hybrid","EUR","2,500.00"
"10.1016/j.foodchem.2024.140200","Core Hybrid","EUR","2,500.00"
"10.1016/j.foodchem.2024.140385","Core Hybrid","EUR","2,500.00"
"10.1016/j.foodchem.2024.140716","Core Hybrid","EUR","2,500.00"
"10.1016/j.foodchem.2024.140778","Core Hybrid","EUR","2,500.00"
"10.1016/j.foodchem.2024.140803","Core Hybrid","EUR","2,500.00"
"10.1016/j.foodchem.2024.141032","Core Hybrid","EUR","2,500.00"
"10.1016/j.foodchem.2024.141130","Core Hybrid","EUR","2,500.00"
"10.1016/j.foodchem.2024.141150","Core Hybrid","EUR","2,500.00"
"10.1016/j.foodchem.2024.141214","Core Hybrid","EUR","2,500.00"
"10.1016/j.foodchem.2024.141216","Core Hybrid","EUR","2,500.00"
"10.1016/j.foodchem.2024.141223","Core Hybrid","EUR","2,500.00"
"10.1016/j.foodchem.2024.141344","Core Hybrid","EUR","2,500.00"
"10.1016/j.foodchem.2024.141365","Core Hybrid","EUR","2,500.00"
"10.1016/j.foodchem.2024.141432","Core Hybrid","EUR","2,500.00"
"10.1016/j.foodchem.2024.141437","Core Hybrid","EUR","2,500.00"
"10.1016/j.foodchem.2024.141557","Core Hybrid","EUR","2,500.00"
"10.1016/j.foodchem.2024.141834","Core Hybrid","EUR","2,500.00"
"10.1016/j.foodchem.2024.142032","Core Hybrid","EUR","2,500.00"
"10.1016/j.foodchem.2024.142034","Core Hybrid","EUR","2,500.00"
"10.1016/j.foodchem.2024.142100","Core Hybrid","EUR","2,500.00"
"10.1016/j.foodchem.2024.142265","Core Hybrid","EUR","2,500.00"
"10.1016/j.foodchem.2024.142547","Core Hybrid","EUR","2,500.00"
"10.1016/j.foodcont.2024.110309","Core Hybrid","EUR","2,500.00"
"10.1016/j.foodcont.2024.110358","Core Hybrid","EUR","2,500.00"
"10.1016/j.foodcont.2024.110375","Core Hybrid","EUR","2,500.00"
"10.1016/j.foodcont.2024.110393","Core Hybrid","EUR","2,500.00"
"10.1016/j.foodcont.2024.110489","Core Hybrid","EUR","2,500.00"
"10.1016/j.foodcont.2024.110584","Core Hybrid","EUR","2,500.00"
"10.1016/j.foodcont.2024.110599","Core Hybrid","EUR","2,500.00"
"10.1016/j.foodcont.2024.110766","Core Hybrid","EUR","2,500.00"
"10.1016/j.foodcont.2024.110817","Core Hybrid","EUR","2,500.00"
"10.1016/j.foodcont.2024.110833","Core Hybrid","EUR","2,500.00"
"10.1016/j.foodcont.2024.110898","Core Hybrid","EUR","2,500.00"
"10.1016/j.foodcont.2024.110930","Core Hybrid","EUR","2,500.00"
"10.1016/j.foodcont.2024.110935","Core Hybrid","EUR","2,500.00"
"10.1016/j.foodcont.2024.110939","Core Hybrid","EUR","2,500.00"
"10.1016/j.foodcont.2024.110979","Core Hybrid","EUR","2,500.00"
"10.1016/j.foodhyd.2024.110169","Core Hybrid","EUR","2,500.00"
"10.1016/j.foodhyd.2024.110184","Core Hybrid","EUR","2,500.00"
"10.1016/j.foodhyd.2024.110251","Core Hybrid","EUR","2,500.00"
"10.1016/j.foodhyd.2024.110267","Core Hybrid","EUR","2,500.00"
"10.1016/j.foodhyd.2024.110289","Core Hybrid","EUR","2,500.00"
"10.1016/j.foodhyd.2024.110402","Core Hybrid","EUR","2,500.00"
"10.1016/j.foodhyd.2024.110423","Core Hybrid","EUR","2,500.00"
"10.1016/j.foodhyd.2024.110454","Core Hybrid","EUR","2,500.00"
"10.1016/j.foodhyd.2024.110774","Core Hybrid","EUR","2,500.00"
"10.1016/j.foodhyd.2024.110996","Core Hybrid","EUR","2,500.00"
"10.1016/j.foodpol.2024.102616","Core Hybrid","EUR","2,500.00"
"10.1016/j.foodpol.2024.102621","Core Hybrid","EUR","2,500.00"
"10.1016/j.foodpol.2024.102648","Core Hybrid","EUR","2,500.00"
"10.1016/j.foodpol.2024.102668","Core Hybrid","EUR","2,500.00"
"10.1016/j.foodpol.2024.102674","Core Hybrid","EUR","2,500.00"
"10.1016/j.foodpol.2024.102681","Core Hybrid","EUR","2,500.00"
"10.1016/j.foodpol.2024.102683","Core Hybrid","EUR","2,500.00"
"10.1016/j.foodpol.2024.102684","Core Hybrid","EUR","2,500.00"
"10.1016/j.foodpol.2024.102704","Core Hybrid","EUR","2,500.00"
"10.1016/j.foodpol.2024.102709","Core Hybrid","EUR","2,500.00"
"10.1016/j.foodpol.2024.102732","Core Hybrid","EUR","2,500.00"
"10.1016/j.foodpol.2024.102734","Core Hybrid","EUR","2,500.00"
"10.1016/j.foodpol.2024.102788","Core Hybrid","EUR","2,500.00"
"10.1016/j.foodqual.2024.105132","Core Hybrid","EUR","2,500.00"
"10.1016/j.foodqual.2024.105192","Core Hybrid","EUR","2,500.00"
"10.1016/j.foodqual.2024.105200","Core Hybrid","EUR","2,500.00"
"10.1016/j.foodqual.2024.105237","Core Hybrid","EUR","2,500.00"
"10.1016/j.foodqual.2024.105246","Core Hybrid","EUR","2,500.00"
"10.1016/j.foodqual.2024.105258","Core Hybrid","EUR","2,500.00"
"10.1016/j.foodqual.2024.105294","Core Hybrid","EUR","2,500.00"
"10.1016/j.foodqual.2024.105342","Core Hybrid","EUR","2,500.00"
"10.1016/j.foodqual.2024.105354","Core Hybrid","EUR","2,500.00"
"10.1016/j.foodres.2024.114004","Core Hybrid","EUR","2,500.00"
"10.1016/j.foodres.2024.114055","Core Hybrid","EUR","2,500.00"
"10.1016/j.foodres.2024.114346","Core Hybrid","EUR","2,500.00"
"10.1016/j.foodres.2024.114442","Core Hybrid","EUR","2,500.00"
"10.1016/j.foodres.2024.114633","Core Hybrid","EUR","2,500.00"
"10.1016/j.foodres.2024.114694","Core Hybrid","EUR","2,500.00"
"10.1016/j.foodres.2024.114755","Core Hybrid","EUR","2,500.00"
"10.1016/j.foodres.2024.114757","Core Hybrid","EUR","2,500.00"
"10.1016/j.foodres.2024.114782","Core Hybrid","EUR","2,500.00"
"10.1016/j.foodres.2024.114827","Core Hybrid","EUR","2,500.00"
"10.1016/j.foodres.2024.114837","Core Hybrid","EUR","2,500.00"
"10.1016/j.foodres.2024.114935","Core Hybrid","EUR","2,500.00"
"10.1016/j.foodres.2024.114965","Core Hybrid","EUR","2,500.00"
"10.1016/j.foodres.2024.114994","Core Hybrid","EUR","2,500.00"
"10.1016/j.foodres.2024.115035","Core Hybrid","EUR","2,500.00"
"10.1016/j.foodres.2024.115094","Core Hybrid","EUR","2,500.00"
"10.1016/j.foodres.2024.115438","Core Hybrid","EUR","2,500.00"
"10.1016/j.foohum.2024.100338","Core Hybrid","EUR","2,500.00"
"10.1016/j.foohum.2024.100363","Core Hybrid","EUR","2,500.00"
"10.1016/j.foostr.2024.100373","Core Hybrid","EUR","2,500.00"
"10.1016/j.foostr.2024.100375","Core Hybrid","EUR","2,500.00"
"10.1016/j.fooweb.2024.e00340","Core Hybrid","EUR","2,500.00"
"10.1016/j.fooweb.2024.e00355","Core Hybrid","EUR","2,500.00"
"10.1016/j.fooweb.2024.e00368","Core Hybrid","EUR","2,500.00"
"10.1016/j.forc.2024.100569","Core Hybrid","EUR","2,500.00"
"10.1016/j.foreco.2024.121736","Core Hybrid","EUR","2,500.00"
"10.1016/j.foreco.2024.121816","Core Hybrid","EUR","2,500.00"
"10.1016/j.foreco.2024.121823","Core Hybrid","EUR","2,500.00"
"10.1016/j.foreco.2024.121825","Core Hybrid","EUR","2,500.00"
"10.1016/j.foreco.2024.121839","Core Hybrid","EUR","2,500.00"
"10.1016/j.foreco.2024.121845","Core Hybrid","EUR","2,500.00"
"10.1016/j.foreco.2024.121856","Core Hybrid","EUR","2,500.00"
"10.1016/j.foreco.2024.121968","Core Hybrid","EUR","2,500.00"
"10.1016/j.foreco.2024.122004","Core Hybrid","EUR","2,500.00"
"10.1016/j.foreco.2024.122015","Core Hybrid","EUR","2,500.00"
"10.1016/j.foreco.2024.122022","Core Hybrid","EUR","2,500.00"
"10.1016/j.foreco.2024.122056","Core Hybrid","EUR","2,500.00"
"10.1016/j.foreco.2024.122081","Core Hybrid","EUR","2,500.00"
"10.1016/j.foreco.2024.122090","Core Hybrid","EUR","2,500.00"
"10.1016/j.foreco.2024.122099","Core Hybrid","EUR","2,500.00"
"10.1016/j.foreco.2024.122182","Core Hybrid","EUR","2,500.00"
"10.1016/j.foreco.2024.122232","Core Hybrid","EUR","2,500.00"
"10.1016/j.foreco.2024.122261","Core Hybrid","EUR","2,500.00"
"10.1016/j.foreco.2024.122308","Core Hybrid","EUR","2,500.00"
"10.1016/j.foreco.2024.122317","Core Hybrid","EUR","2,500.00"
"10.1016/j.foreco.2024.122357","Core Hybrid","EUR","2,500.00"
"10.1016/j.foreco.2024.122383","Core Hybrid","EUR","2,500.00"
"10.1016/j.foreco.2024.122389","Core Hybrid","EUR","2,500.00"
"10.1016/j.foreco.2024.122411","Core Hybrid","EUR","2,500.00"
"10.1016/j.foreco.2024.122468","Core Hybrid","EUR","2,500.00"
"10.1016/j.forpol.2024.103181","Core Hybrid","EUR","2,500.00"
"10.1016/j.forpol.2024.103227","Core Hybrid","EUR","2,500.00"
"10.1016/j.forpol.2024.103228","Core Hybrid","EUR","2,500.00"
"10.1016/j.forpol.2024.103231","Core Hybrid","EUR","2,500.00"
"10.1016/j.forpol.2024.103299","Core Hybrid","EUR","2,500.00"
"10.1016/j.forpol.2024.103300","Core Hybrid","EUR","2,500.00"
"10.1016/j.forpol.2024.103318","Core Hybrid","EUR","2,500.00"
"10.1016/j.forpol.2024.103319","Core Hybrid","EUR","2,500.00"
"10.1016/j.forpol.2024.103339","Core Hybrid","EUR","2,500.00"
"10.1016/j.forpol.2024.103346","Core Hybrid","EUR","2,500.00"
"10.1016/j.forpol.2024.103349","Core Hybrid","EUR","2,500.00"
"10.1016/j.forpol.2024.103356","Core Hybrid","EUR","2,500.00"
"10.1016/j.forpol.2024.103361","Core Hybrid","EUR","2,500.00"
"10.1016/j.forpol.2024.103366","Core Hybrid","EUR","2,500.00"
"10.1016/j.forpol.2024.103382","Core Hybrid","EUR","2,500.00"
"10.1016/j.forpol.2024.103395","Core Hybrid","EUR","2,500.00"
"10.1016/j.forsciint.2023.111905","Core Hybrid","EUR","2,500.00"
"10.1016/j.forsciint.2024.111972","Core Hybrid","EUR","2,500.00"
"10.1016/j.forsciint.2024.112005","Core Hybrid","EUR","2,500.00"
"10.1016/j.forsciint.2024.112196","Core Hybrid","EUR","2,500.00"
"10.1016/j.forsciint.2024.112226","Core Hybrid","EUR","2,500.00"
"10.1016/j.forsciint.2024.112236","Core Hybrid","EUR","2,500.00"
"10.1016/j.forsciint.2024.112254","Core Hybrid","EUR","2,500.00"
"10.1016/j.forsciint.2024.112255","Core Hybrid","EUR","2,500.00"
"10.1016/j.forsciint.2024.112270","Core Hybrid","EUR","2,500.00"
"10.1016/j.forsciint.2024.112283","Core Hybrid","EUR","2,500.00"
"10.1016/j.forsciint.2024.112352","Core Hybrid","EUR","2,500.00"
"10.1016/j.freeradbiomed.2024.01.034","Core Hybrid","EUR","2,500.00"
"10.1016/j.freeradbiomed.2024.02.012","Core Hybrid","EUR","2,500.00"
"10.1016/j.freeradbiomed.2024.02.022","Core Hybrid","EUR","2,500.00"
"10.1016/j.freeradbiomed.2024.03.026","Core Hybrid","EUR","2,500.00"
"10.1016/j.freeradbiomed.2024.05.001","Core Hybrid","EUR","2,500.00"
"10.1016/j.freeradbiomed.2024.07.028","Core Hybrid","EUR","2,500.00"
"10.1016/j.freeradbiomed.2024.07.031","Core Hybrid","EUR","2,500.00"
"10.1016/j.freeradbiomed.2024.09.014","Core Hybrid","EUR","2,500.00"
"10.1016/j.freeradbiomed.2024.10.311","Core Hybrid","EUR","2,500.00"
"10.1016/j.freeradbiomed.2024.11.002","Core Hybrid","EUR","2,500.00"
"10.1016/j.freeradbiomed.2024.11.004","Core Hybrid","EUR","2,500.00"
"10.1016/j.freeradbiomed.2024.11.026","Core Hybrid","EUR","2,500.00"
"10.1016/j.fri.2023.200574","Core Hybrid","EUR","2,500.00"
"10.1016/j.frl.2024.105129","Core Hybrid","EUR","2,500.00"
"10.1016/j.frl.2024.105166","Core Hybrid","EUR","2,500.00"
"10.1016/j.frl.2024.105179","Core Hybrid","EUR","2,500.00"
"10.1016/j.frl.2024.105186","Core Hybrid","EUR","2,500.00"
"10.1016/j.frl.2024.105237","Core Hybrid","EUR","2,500.00"
"10.1016/j.frl.2024.105429","Core Hybrid","EUR","2,500.00"
"10.1016/j.frl.2024.105525","Core Hybrid","EUR","2,500.00"
"10.1016/j.frl.2024.105536","Core Hybrid","EUR","2,500.00"
"10.1016/j.frl.2024.105668","Core Hybrid","EUR","2,500.00"
"10.1016/j.frl.2024.105849","Core Hybrid","EUR","2,500.00"
"10.1016/j.frl.2024.105868","Core Hybrid","EUR","2,500.00"
"10.1016/j.frl.2024.105875","Core Hybrid","EUR","2,500.00"
"10.1016/j.frl.2024.105924","Core Hybrid","EUR","2,500.00"
"10.1016/j.frl.2024.106117","Core Hybrid","EUR","2,500.00"
"10.1016/j.frl.2024.106191","Core Hybrid","EUR","2,500.00"
"10.1016/j.frl.2024.106205","Core Hybrid","EUR","2,500.00"
"10.1016/j.frl.2024.106210","Core Hybrid","EUR","2,500.00"
"10.1016/j.frl.2024.106388","Core Hybrid","EUR","2,500.00"
"10.1016/j.frl.2024.106453","Core Hybrid","EUR","2,500.00"
"10.1016/j.frl.2024.106508","Core Hybrid","EUR","2,500.00"
"10.1016/j.frl.2024.106514","Core Hybrid","EUR","2,500.00"
"10.1016/j.frl.2024.106609","Core Hybrid","EUR","2,500.00"
"10.1016/j.fsi.2024.109580","Core Hybrid","EUR","2,500.00"
"10.1016/j.fsidi.2024.301768","Core Hybrid","EUR","2,500.00"
"10.1016/j.fsidi.2024.301796","Core Hybrid","EUR","2,500.00"
"10.1016/j.fsidi.2024.301846","Core Hybrid","EUR","2,500.00"
"10.1016/j.fsidi.2024.301858","Core Hybrid","EUR","2,500.00"
"10.1016/j.fsigen.2024.103125","Core Hybrid","EUR","2,500.00"
"10.1016/j.fsigen.2024.103129","Core Hybrid","EUR","2,500.00"
"10.1016/j.fsir.2023.100341","Core Gold","EUR",624.00
"10.1016/j.fss.2024.109205","Core Hybrid","EUR","2,500.00"
"10.1016/j.fuel.2023.129843","Core Hybrid","EUR","2,500.00"
"10.1016/j.fuel.2024.130973","Core Hybrid","EUR","2,500.00"
"10.1016/j.fuel.2024.131096","Core Hybrid","EUR","2,500.00"
"10.1016/j.fuel.2024.131217","Core Hybrid","EUR","2,500.00"
"10.1016/j.fuel.2024.131266","Core Hybrid","EUR","2,500.00"
"10.1016/j.fuel.2024.131269","Core Hybrid","EUR","2,500.00"
"10.1016/j.fuel.2024.131487","Core Hybrid","EUR","2,500.00"
"10.1016/j.fuel.2024.131600","Core Hybrid","EUR","2,500.00"
"10.1016/j.fuel.2024.131601","Core Hybrid","EUR","2,500.00"
"10.1016/j.fuel.2024.131613","Core Hybrid","EUR","2,500.00"
"10.1016/j.fuel.2024.131793","Core Hybrid","EUR","2,500.00"
"10.1016/j.fuel.2024.131800","Core Hybrid","EUR","2,500.00"
"10.1016/j.fuel.2024.131828","Core Hybrid","EUR","2,500.00"
"10.1016/j.fuel.2024.131866","Core Hybrid","EUR","2,500.00"
"10.1016/j.fuel.2024.131867","Core Hybrid","EUR","2,500.00"
"10.1016/j.fuel.2024.131955","Core Hybrid","EUR","2,500.00"
"10.1016/j.fuel.2024.131967","Core Hybrid","EUR","2,500.00"
"10.1016/j.fuel.2024.132054","Core Hybrid","EUR","2,500.00"
"10.1016/j.fuel.2024.132064","Core Hybrid","EUR","2,500.00"
"10.1016/j.fuel.2024.132098","Core Hybrid","EUR","2,500.00"
"10.1016/j.fuel.2024.132314","Core Hybrid","EUR","2,500.00"
"10.1016/j.fuel.2024.132471","Core Hybrid","EUR","2,500.00"
"10.1016/j.fuel.2024.132583","Core Hybrid","EUR","2,500.00"
"10.1016/j.fuel.2024.132809","Core Hybrid","EUR","2,500.00"
"10.1016/j.fuel.2024.133011","Core Hybrid","EUR","2,500.00"
"10.1016/j.fuel.2024.133147","Core Hybrid","EUR","2,500.00"
"10.1016/j.fuel.2024.133338","Core Hybrid","EUR","2,500.00"
"10.1016/j.fuel.2024.133449","Core Hybrid","EUR","2,500.00"
"10.1016/j.fuel.2024.133505","Core Hybrid","EUR","2,500.00"
"10.1016/j.fuel.2024.133561","Core Hybrid","EUR","2,500.00"
"10.1016/j.fuel.2024.133680","Core Hybrid","EUR","2,500.00"
"10.1016/j.fuel.2024.133697","Core Hybrid","EUR","2,500.00"
"10.1016/j.fuel.2024.133784","Core Hybrid","EUR","2,500.00"
"10.1016/j.fuel.2024.133828","Core Hybrid","EUR","2,500.00"
"10.1016/j.fuel.2024.133848","Core Hybrid","EUR","2,500.00"
"10.1016/j.fuel.2024.133901","Core Hybrid","EUR","2,500.00"
"10.1016/j.fufo.2024.100414","Core Gold","EUR","1,336.00"
"10.1016/j.fufo.2024.100416","Core Gold","EUR","1,336.00"
"10.1016/j.fufo.2024.100449","Core Gold","EUR","1,336.00"
"10.1016/j.fufo.2024.100489","Core Gold","EUR","1,368.00"
"10.1016/j.fufo.2024.100522","Core Gold","EUR","1,368.00"
"10.1016/j.funeco.2024.101361","Core Hybrid","EUR","2,500.00"
"10.1016/j.funeco.2024.101374","Core Hybrid","EUR","2,500.00"
"10.1016/j.funeco.2024.101384","Core Hybrid","EUR","2,500.00"
"10.1016/j.fuproc.2024.108111","Core Gold","EUR","2,192.00"
"10.1016/j.fuproc.2024.108149","Core Gold","EUR","2,192.00"
"10.1016/j.fusengdes.2023.114141","Core Hybrid","EUR","2,500.00"
"10.1016/j.fusengdes.2024.114195","Core Hybrid","EUR","2,500.00"
"10.1016/j.fusengdes.2024.114234","Core Hybrid","EUR","2,500.00"
"10.1016/j.fusengdes.2024.114242","Core Hybrid","EUR","2,500.00"
"10.1016/j.fusengdes.2024.114267","Core Hybrid","EUR","2,500.00"
"10.1016/j.fusengdes.2024.114268","Core Hybrid","EUR","2,500.00"
"10.1016/j.fusengdes.2024.114290","Core Hybrid","EUR","2,500.00"
"10.1016/j.fusengdes.2024.114306","Core Hybrid","EUR","2,500.00"
"10.1016/j.fusengdes.2024.114314","Core Hybrid","EUR","2,500.00"
"10.1016/j.fusengdes.2024.114325","Core Hybrid","EUR","2,500.00"
"10.1016/j.fusengdes.2024.114353","Core Hybrid","EUR","2,500.00"
"10.1016/j.fusengdes.2024.114367","Core Hybrid","EUR","2,500.00"
"10.1016/j.fusengdes.2024.114412","Core Hybrid","EUR","2,500.00"
"10.1016/j.fusengdes.2024.114413","Core Hybrid","EUR","2,500.00"
"10.1016/j.fusengdes.2024.114423","Core Hybrid","EUR","2,500.00"
"10.1016/j.fusengdes.2024.114425","Core Hybrid","EUR","2,500.00"
"10.1016/j.fusengdes.2024.114491","Core Hybrid","EUR","2,500.00"
"10.1016/j.fusengdes.2024.114495","Core Hybrid","EUR","2,500.00"
"10.1016/j.fusengdes.2024.114531","Core Hybrid","EUR","2,500.00"
"10.1016/j.fusengdes.2024.114576","Core Hybrid","EUR","2,500.00"
"10.1016/j.fusengdes.2024.114610","Core Hybrid","EUR","2,500.00"
"10.1016/j.fusengdes.2024.114671","Core Hybrid","EUR","2,500.00"
"10.1016/j.fuspru.2024.02.007","Core Hybrid","EUR","2,500.00"
"10.1016/j.fuspru.2024.05.004","Core Hybrid","EUR","2,500.00"
"10.1016/j.fuspru.2024.05.005","Core Hybrid","EUR","2,500.00"
"10.1016/j.fuspru.2024.05.008","Core Hybrid","EUR","2,500.00"
"10.1016/j.fuspru.2024.05.009","Core Hybrid","EUR","2,500.00"
"10.1016/j.fuspru.2024.06.001","Core Hybrid","EUR","2,500.00"
"10.1016/j.future.2024.01.029","Core Hybrid","EUR","2,500.00"
"10.1016/j.future.2024.01.033","Core Hybrid","EUR","2,500.00"
"10.1016/j.future.2024.05.020","Core Hybrid","EUR","2,500.00"
"10.1016/j.future.2024.07.009","Core Hybrid","EUR","2,500.00"
"10.1016/j.future.2024.07.050","Core Hybrid","EUR","2,500.00"
"10.1016/j.future.2024.107541","Core Hybrid","EUR","2,500.00"
"10.1016/j.future.2024.107645","Core Hybrid","EUR","2,500.00"
"10.1016/j.futures.2024.103318","Core Hybrid","EUR","2,500.00"
"10.1016/j.futures.2024.103325","Core Hybrid","EUR","2,500.00"
"10.1016/j.futures.2024.103365","Core Hybrid","EUR","2,500.00"
"10.1016/j.futures.2024.103403","Core Hybrid","EUR","2,500.00"
"10.1016/j.futures.2024.103434","Core Hybrid","EUR","2,500.00"
"10.1016/j.futures.2024.103471","Core Hybrid","EUR","2,500.00"
"10.1016/j.futures.2024.103481","Core Hybrid","EUR","2,500.00"
"10.1016/j.futures.2024.103483","Core Hybrid","EUR","2,500.00"
"10.1016/j.futures.2024.103489","Core Hybrid","EUR","2,500.00"
"10.1016/j.gaitpost.2023.12.016","Core Hybrid","EUR","2,500.00"
"10.1016/j.gaitpost.2024.02.013","Core Hybrid","EUR","2,500.00"
"10.1016/j.gaitpost.2024.04.022","Core Hybrid","EUR","2,500.00"
"10.1016/j.gaitpost.2024.05.002","Core Hybrid","EUR","2,500.00"
"10.1016/j.gaitpost.2024.09.010","Core Hybrid","EUR","2,500.00"
"10.1016/j.gaitpost.2024.11.012","Core Hybrid","EUR","2,500.00"
"10.1016/j.gaitpost.2024.12.009","Core Hybrid","EUR","2,500.00"
"10.1016/j.gassur.2023.11.018","Core Hybrid","EUR","2,500.00"
"10.1016/j.gassur.2023.12.019","Core Hybrid","EUR","2,500.00"
"10.1016/j.gassur.2023.12.030","Core Hybrid","EUR","2,500.00"
"10.1016/j.gassur.2024.02.012","Core Hybrid","EUR","2,500.00"
"10.1016/j.gassur.2024.07.031","Core Hybrid","EUR","2,500.00"
"10.1016/j.gassur.2024.08.030","Core Hybrid","EUR","2,500.00"
"10.1016/j.gassur.2024.10.007","Core Hybrid","EUR","2,500.00"
"10.1016/j.gastha.2024.01.001","Core Gold","EUR","1,456.00"
"10.1016/j.gastha.2024.05.009","Core Gold","EUR","1,456.00"
"10.1016/j.gastha.2024.08.016","Core Gold","EUR","1,456.00"
"10.1016/j.gastha.2024.11.006","Core Gold","EUR","1,456.00"
"10.1016/j.gca.2023.12.003","Core Hybrid","EUR","2,500.00"
"10.1016/j.gca.2024.01.001","Core Hybrid","EUR","2,500.00"
"10.1016/j.gca.2024.01.012","Core Hybrid","EUR","2,500.00"
"10.1016/j.gca.2024.01.022","Core Hybrid","EUR","2,500.00"
"10.1016/j.gca.2024.01.029","Core Hybrid","EUR","2,500.00"
"10.1016/j.gca.2024.02.008","Core Hybrid","EUR","2,500.00"
"10.1016/j.gca.2024.02.009","Core Hybrid","EUR","2,500.00"
"10.1016/j.gca.2024.03.007","Core Hybrid","EUR","2,500.00"
"10.1016/j.gca.2024.03.019","Core Hybrid","EUR","2,500.00"
"10.1016/j.gca.2024.03.026","Core Hybrid","EUR","2,500.00"
"10.1016/j.gca.2024.04.004","Core Hybrid","EUR","2,500.00"
"10.1016/j.gca.2024.04.015","Core Hybrid","EUR","2,500.00"
"10.1016/j.gca.2024.04.029","Core Hybrid","EUR","2,500.00"
"10.1016/j.gca.2024.04.032","Core Hybrid","EUR","2,500.00"
"10.1016/j.gca.2024.05.002","Core Hybrid","EUR","2,500.00"
"10.1016/j.gca.2024.05.007","Core Hybrid","EUR","2,500.00"
"10.1016/j.gca.2024.05.027","Core Hybrid","EUR","2,500.00"
"10.1016/j.gca.2024.06.013","Core Hybrid","EUR","2,500.00"
"10.1016/j.gca.2024.06.014","Core Hybrid","EUR","2,500.00"
"10.1016/j.gca.2024.06.020","Core Hybrid","EUR","2,500.00"
"10.1016/j.gca.2024.07.025","Core Hybrid","EUR","2,500.00"
"10.1016/j.gca.2024.08.014","Core Hybrid","EUR","2,500.00"
"10.1016/j.gca.2024.10.003","Core Hybrid","EUR","2,500.00"
"10.1016/j.gca.2024.10.008","Core Hybrid","EUR","2,500.00"
"10.1016/j.gca.2024.10.013","Core Hybrid","EUR","2,500.00"
"10.1016/j.gca.2024.10.027","Core Hybrid","EUR","2,500.00"
"10.1016/j.gca.2024.11.023","Core Hybrid","EUR","2,500.00"
"10.1016/j.gca.2024.12.001","Core Hybrid","EUR","2,500.00"
"10.1016/j.gca.2024.12.003","Core Hybrid","EUR","2,500.00"
"10.1016/j.gca.2024.12.025","Core Hybrid","EUR","2,500.00"
"10.1016/j.gca.2024.12.030","Core Hybrid","EUR","2,500.00"
"10.1016/j.gde.2024.102155","Core Hybrid","EUR","2,500.00"
"10.1016/j.gde.2024.102173","Core Hybrid","EUR","2,500.00"
"10.1016/j.gde.2024.102179","Core Hybrid","EUR","2,500.00"
"10.1016/j.gde.2024.102198","Core Hybrid","EUR","2,500.00"
"10.1016/j.gde.2024.102228","Core Hybrid","EUR","2,500.00"
"10.1016/j.gde.2024.102229","Core Hybrid","EUR","2,500.00"
"10.1016/j.gde.2024.102242","Core Hybrid","EUR","2,500.00"
"10.1016/j.gde.2024.102245","Core Hybrid","EUR","2,500.00"
"10.1016/j.gde.2024.102257","Core Hybrid","EUR","2,500.00"
"10.1016/j.gde.2024.102268","Core Hybrid","EUR","2,500.00"
"10.1016/j.gde.2024.102284","Core Hybrid","EUR","2,500.00"
"10.1016/j.geb.2024.01.004","Core Hybrid","EUR","2,500.00"
"10.1016/j.geb.2024.01.007","Core Hybrid","EUR","2,500.00"
"10.1016/j.geb.2024.01.008","Core Hybrid","EUR","2,500.00"
"10.1016/j.geb.2024.01.013","Core Hybrid","EUR","2,500.00"
"10.1016/j.geb.2024.03.001","Core Hybrid","EUR","2,500.00"
"10.1016/j.geb.2024.03.007","Core Hybrid","EUR","2,500.00"
"10.1016/j.geb.2024.04.001","Core Hybrid","EUR","2,500.00"
"10.1016/j.geb.2024.04.009","Core Hybrid","EUR","2,500.00"
"10.1016/j.geb.2024.05.001","Core Hybrid","EUR","2,500.00"
"10.1016/j.geb.2024.05.010","Core Hybrid","EUR","2,500.00"
"10.1016/j.geb.2024.06.006","Core Hybrid","EUR","2,500.00"
"10.1016/j.geb.2024.06.007","Core Hybrid","EUR","2,500.00"
"10.1016/j.geb.2024.07.006","Core Hybrid","EUR","2,500.00"
"10.1016/j.geb.2024.07.009","Core Hybrid","EUR","2,500.00"
"10.1016/j.geb.2024.08.005","Core Hybrid","EUR","2,500.00"
"10.1016/j.geb.2024.08.006","Core Hybrid","EUR","2,500.00"
"10.1016/j.geb.2024.08.007","Core Hybrid","EUR","2,500.00"
"10.1016/j.geb.2024.11.009","Core Hybrid","EUR","2,500.00"
"10.1016/j.gecco.2023.e02782","Core Gold","EUR","1,328.00"
"10.1016/j.gecco.2024.e02821","Core Gold","EUR","1,600.00"
"10.1016/j.gecco.2024.e02831","Core Gold","EUR","1,528.00"
"10.1016/j.gecco.2024.e02972","Core Gold","EUR","1,528.00"
"10.1016/j.gecco.2024.e02985","Core Gold","EUR","1,600.00"
"10.1016/j.gecco.2024.e03001","Core Gold","EUR","1,600.00"
"10.1016/j.gecco.2024.e03112","Core Gold","EUR","1,624.00"
"10.1016/j.gecco.2024.e03117","Core Gold","EUR","1,624.00"
"10.1016/j.gecco.2024.e03154","Core Gold","EUR","1,600.00"
"10.1016/j.gecco.2024.e03217","Core Gold","EUR","1,624.00"
"10.1016/j.gecco.2024.e03218","Core Gold","EUR","1,744.00"
"10.1016/j.gecco.2024.e03227","Core Gold","EUR","1,624.00"
"10.1016/j.gecco.2024.e03242","Core Gold","EUR","1,624.00"
"10.1016/j.gecco.2024.e03299","Core Gold","EUR","1,744.00"
"10.1016/j.gene.2024.148192","Core Hybrid","EUR","2,500.00"
"10.1016/j.gene.2024.148649","Core Hybrid","EUR","2,500.00"
"10.1016/j.gene.2024.148972","Core Hybrid","EUR","2,500.00"
"10.1016/j.gene.2024.149063","Core Hybrid","EUR","2,500.00"
"10.1016/j.genhosppsych.2024.11.003","Core Hybrid","EUR","2,500.00"
"10.1016/j.geobios.2023.12.011","Core Hybrid","EUR","2,500.00"
"10.1016/j.geobios.2024.02.001","Core Hybrid","EUR","2,500.00"
"10.1016/j.geobios.2024.02.003","Core Hybrid","EUR","2,500.00"
"10.1016/j.geobios.2024.09.001","Core Hybrid","EUR","2,500.00"
"10.1016/j.geoderma.2024.116807","Core Gold","EUR","2,040.00"
"10.1016/j.geoderma.2024.116811","Core Gold","EUR","2,040.00"
"10.1016/j.geoderma.2024.116816","Core Gold","EUR","2,040.00"
"10.1016/j.geoderma.2024.116821","Core Gold","EUR","2,144.00"
"10.1016/j.geoderma.2024.116830","Core Gold","EUR","2,040.00"
"10.1016/j.geoderma.2024.116844","Core Gold","EUR","2,040.00"
"10.1016/j.geoderma.2024.116846","Core Gold","EUR","2,040.00"
"10.1016/j.geoderma.2024.116850","Core Gold","EUR","2,040.00"
"10.1016/j.geoderma.2024.116878","Core Gold","EUR","2,144.00"
"10.1016/j.geoderma.2024.116947","Core Gold","EUR","2,144.00"
"10.1016/j.geoderma.2024.117017","Core Gold","EUR","2,184.00"
"10.1016/j.geoderma.2024.117025","Core Gold","EUR","2,144.00"
"10.1016/j.geoderma.2024.117037","Core Gold","EUR","2,184.00"
"10.1016/j.geoderma.2024.117049","Core Gold","EUR","2,184.00"
"10.1016/j.geoderma.2024.117095","Core Gold","EUR","2,280.00"
"10.1016/j.geoderma.2024.117154","Core Gold","EUR","2,368.00"
"10.1016/j.geodrs.2024.e00757","Core Hybrid","EUR","2,500.00"
"10.1016/j.geodrs.2024.e00759","Core Hybrid","EUR","2,500.00"
"10.1016/j.geodrs.2024.e00767","Core Hybrid","EUR","2,500.00"
"10.1016/j.geodrs.2024.e00771","Core Hybrid","EUR","2,500.00"
"10.1016/j.geodrs.2024.e00790","Core Hybrid","EUR","2,500.00"
"10.1016/j.geodrs.2024.e00882","Core Hybrid","EUR","2,500.00"
"10.1016/j.geodrs.2024.e00909","Core Hybrid","EUR","2,500.00"
"10.1016/j.geoen.2024.212659","Core Hybrid","EUR","2,500.00"
"10.1016/j.geoen.2024.212787","Core Hybrid","EUR","2,500.00"
"10.1016/j.geoen.2024.212788","Core Hybrid","EUR","2,500.00"
"10.1016/j.geoen.2024.212915","Core Hybrid","EUR","2,500.00"
"10.1016/j.geoen.2024.212978","Core Hybrid","EUR","2,500.00"
"10.1016/j.geoen.2024.213030","Core Hybrid","EUR","2,500.00"
"10.1016/j.geoen.2024.213141","Core Hybrid","EUR","2,500.00"
"10.1016/j.geoen.2024.213258","Core Hybrid","EUR","2,500.00"
"10.1016/j.geoen.2024.213509","Core Hybrid","EUR","2,500.00"
"10.1016/j.geoforum.2024.103971","Core Hybrid","EUR","2,500.00"
"10.1016/j.geoforum.2024.103977","Core Hybrid","EUR","2,500.00"
"10.1016/j.geoforum.2024.103981","Core Hybrid","EUR","2,500.00"
"10.1016/j.geoforum.2024.104000","Core Hybrid","EUR","2,500.00"
"10.1016/j.geoforum.2024.104082","Core Hybrid","EUR","2,500.00"
"10.1016/j.geoforum.2024.104101","Core Hybrid","EUR","2,500.00"
"10.1016/j.geoforum.2024.104111","Core Hybrid","EUR","2,500.00"
"10.1016/j.geoforum.2024.104126","Core Hybrid","EUR","2,500.00"
"10.1016/j.geoforum.2024.104128","Core Hybrid","EUR","2,500.00"
"10.1016/j.geoforum.2024.104129","Core Hybrid","EUR","2,500.00"
"10.1016/j.geoforum.2024.104131","Core Hybrid","EUR","2,500.00"
"10.1016/j.geoforum.2024.104168","Core Hybrid","EUR","2,500.00"
"10.1016/j.geoforum.2024.104175","Core Hybrid","EUR","2,500.00"
"10.1016/j.geoforum.2024.104180","Core Hybrid","EUR","2,500.00"
"10.1016/j.geoforum.2024.104189","Core Hybrid","EUR","2,500.00"
"10.1016/j.geoforum.2024.104195","Core Hybrid","EUR","2,500.00"
"10.1016/j.geomorph.2024.109067","Core Hybrid","EUR","2,500.00"
"10.1016/j.geomorph.2024.109149","Core Hybrid","EUR","2,500.00"
"10.1016/j.geomorph.2024.109166","Core Hybrid","EUR","2,500.00"
"10.1016/j.geomorph.2024.109185","Core Hybrid","EUR","2,500.00"
"10.1016/j.geomorph.2024.109228","Core Hybrid","EUR","2,500.00"
"10.1016/j.geomorph.2024.109401","Core Hybrid","EUR","2,500.00"
"10.1016/j.geomorph.2024.109407","Core Hybrid","EUR","2,500.00"
"10.1016/j.geomorph.2024.109417","Core Hybrid","EUR","2,500.00"
"10.1016/j.geomorph.2024.109419","Core Hybrid","EUR","2,500.00"
"10.1016/j.geomphys.2024.105109","Core Hybrid","EUR","2,500.00"
"10.1016/j.geomphys.2024.105149","Core Hybrid","EUR","2,500.00"
"10.1016/j.geomphys.2024.105214","Core Hybrid","EUR","2,500.00"
"10.1016/j.geomphys.2024.105333","Core Hybrid","EUR","2,500.00"
"10.1016/j.geomphys.2024.105343","Core Hybrid","EUR","2,500.00"
"10.1016/j.geomphys.2024.105346","Core Hybrid","EUR","2,500.00"
"10.1016/j.geomphys.2024.105368","Core Hybrid","EUR","2,500.00"
"10.1016/j.geomphys.2024.105370","Core Hybrid","EUR","2,500.00"
"10.1016/j.geomphys.2024.105404","Core Hybrid","EUR","2,500.00"
"10.1016/j.geosus.2024.04.001","Core Gold","EUR","1,240.00"
"10.1016/j.geotexmem.2024.01.002","Core Hybrid","EUR","2,500.00"
"10.1016/j.geothermics.2024.102912","Core Hybrid","EUR","2,500.00"
"10.1016/j.geothermics.2024.102933","Core Hybrid","EUR","2,500.00"
"10.1016/j.geothermics.2024.102957","Core Hybrid","EUR","2,500.00"
"10.1016/j.geothermics.2024.102979","Core Hybrid","EUR","2,500.00"
"10.1016/j.geothermics.2024.103011","Core Hybrid","EUR","2,500.00"
"10.1016/j.geothermics.2024.103012","Core Hybrid","EUR","2,500.00"
"10.1016/j.geothermics.2024.103021","Core Hybrid","EUR","2,500.00"
"10.1016/j.geothermics.2024.103040","Core Hybrid","EUR","2,500.00"
"10.1016/j.geothermics.2024.103081","Core Hybrid","EUR","2,500.00"
"10.1016/j.geothermics.2024.103086","Core Hybrid","EUR","2,500.00"
"10.1016/j.geothermics.2024.103197","Core Hybrid","EUR","2,500.00"
"10.1016/j.geothermics.2024.103199","Core Hybrid","EUR","2,500.00"
"10.1016/j.geothermics.2024.103207","Core Hybrid","EUR","2,500.00"
"10.1016/j.gep.2024.119387","Core Hybrid","EUR","2,500.00"
"10.1016/j.gerinurse.2023.09.008","Core Hybrid","EUR","2,500.00"
"10.1016/j.gerinurse.2024.02.022","Core Hybrid","EUR","2,500.00"
"10.1016/j.gerinurse.2024.07.014","Core Hybrid","EUR","2,500.00"
"10.1016/j.gete.2024.100542","Core Hybrid","EUR","2,500.00"
"10.1016/j.gete.2024.100560","Core Hybrid","EUR","2,500.00"
"10.1016/j.gete.2024.100576","Core Hybrid","EUR","2,500.00"
"10.1016/j.gete.2024.100608","Core Hybrid","EUR","2,500.00"
"10.1016/j.gete.2024.100612","Core Hybrid","EUR","2,500.00"
"10.1016/j.gexplo.2024.107641","Core Hybrid","EUR","2,500.00"
"10.1016/j.ghir.2024.101584","Core Hybrid","EUR","2,500.00"
"10.1016/j.giant.2024.100344","Core Gold","EUR","1,968.00"
"10.1016/j.gie.2024.03.010","Core Hybrid","EUR","2,500.00"
"10.1016/j.gie.2024.03.013","Core Hybrid","EUR","2,500.00"
"10.1016/j.gie.2024.08.001","Core Hybrid","EUR","2,500.00"
"10.1016/j.gie.2024.09.001","Core Hybrid","EUR","2,500.00"
"10.1016/j.gie.2024.12.006","Core Hybrid","EUR","2,500.00"
"10.1016/j.gim.2024.101143","Core Hybrid","EUR","2,500.00"
"10.1016/j.gim.2024.101292","Core Hybrid","EUR","2,500.00"
"10.1016/j.gim.2024.101303","Core Hybrid","EUR","2,500.00"
"10.1016/j.gim.2024.101326","Core Hybrid","EUR","2,500.00"
"10.1016/j.gimo.2024.101892","Core Gold","EUR","1,460.00"
"10.1016/j.giq.2024.101953","Core Hybrid","EUR","2,500.00"
"10.1016/j.giq.2024.101976","Core Hybrid","EUR","2,500.00"
"10.1016/j.giq.2024.101985","Core Hybrid","EUR","2,500.00"
"10.1016/j.gloenvcha.2024.102800","Core Hybrid","EUR","2,500.00"
"10.1016/j.gloenvcha.2024.102803","Core Hybrid","EUR","2,500.00"
"10.1016/j.gloenvcha.2024.102849","Core Hybrid","EUR","2,500.00"
"10.1016/j.gloenvcha.2024.102853","Core Hybrid","EUR","2,500.00"
"10.1016/j.gloenvcha.2024.102862","Core Hybrid","EUR","2,500.00"
"10.1016/j.gloenvcha.2024.102911","Core Hybrid","EUR","2,500.00"
"10.1016/j.gloenvcha.2024.102916","Core Hybrid","EUR","2,500.00"
"10.1016/j.gloenvcha.2024.102931","Core Hybrid","EUR","2,500.00"
"10.1016/j.gloplacha.2023.104257","Core Hybrid","EUR","2,500.00"
"10.1016/j.gloplacha.2023.104259","Core Hybrid","EUR","2,500.00"
"10.1016/j.gloplacha.2023.104312","Core Hybrid","EUR","2,500.00"
"10.1016/j.gloplacha.2023.104349","Core Hybrid","EUR","2,500.00"
"10.1016/j.gloplacha.2024.104383","Core Hybrid","EUR","2,500.00"
"10.1016/j.gloplacha.2024.104385","Core Hybrid","EUR","2,500.00"
"10.1016/j.gloplacha.2024.104393","Core Hybrid","EUR","2,500.00"
"10.1016/j.gloplacha.2024.104394","Core Hybrid","EUR","2,500.00"
"10.1016/j.gloplacha.2024.104463","Core Hybrid","EUR","2,500.00"
"10.1016/j.gloplacha.2024.104541","Core Hybrid","EUR","2,500.00"
"10.1016/j.gloplacha.2024.104576","Core Hybrid","EUR","2,500.00"
"10.1016/j.gloplacha.2024.104585","Core Hybrid","EUR","2,500.00"
"10.1016/j.gloplacha.2024.104645","Core Hybrid","EUR","2,500.00"
"10.1016/j.gloplacha.2024.104656","Core Hybrid","EUR","2,500.00"
"10.1016/j.gmod.2024.101227","Core Gold","EUR","1,280.00"
"10.1016/j.gore.2024.101406","Core Gold","EUR",544.00
"10.1016/j.gore.2024.101503","Core Gold","EUR",544.00
"10.1016/j.gr.2024.07.016","Core Hybrid","EUR","2,500.00"
"10.1016/j.gr.2024.09.005","Core Hybrid","EUR","2,500.00"
"10.1016/j.gr.2024.10.006","Core Hybrid","EUR","2,500.00"
"10.1016/j.gr.2024.12.001","Core Hybrid","EUR","2,500.00"
"10.1016/j.gsd.2024.101169","Core Hybrid","EUR","2,500.00"
"10.1016/j.habitatint.2024.103040","Core Hybrid","EUR","2,500.00"
"10.1016/j.habitatint.2024.103043","Core Hybrid","EUR","2,500.00"
"10.1016/j.habitatint.2024.103056","Core Hybrid","EUR","2,500.00"
"10.1016/j.habitatint.2024.103120","Core Hybrid","EUR","2,500.00"
"10.1016/j.habitatint.2024.103121","Core Hybrid","EUR","2,500.00"
"10.1016/j.habitatint.2024.103228","Core Hybrid","EUR","2,500.00"
"10.1016/j.hal.2024.102699","Core Hybrid","EUR","2,500.00"
"10.1016/j.hal.2024.102704","Core Hybrid","EUR","2,500.00"
"10.1016/j.hal.2024.102705","Core Hybrid","EUR","2,500.00"
"10.1016/j.hal.2024.102711","Core Hybrid","EUR","2,500.00"
"10.1016/j.hal.2024.102756","Core Hybrid","EUR","2,500.00"
"10.1016/j.hansur.2024.101712","Core Hybrid","EUR","2,500.00"
"10.1016/j.hazadv.2024.100484","Core Gold","EUR","1,024.00"
"10.1016/j.hazl.2024.100134","Core Gold","EUR","1,176.00"
"10.1016/j.healthplace.2024.103361","Core Hybrid","EUR","2,500.00"
"10.1016/j.healthplace.2024.103384","Core Hybrid","EUR","2,500.00"
"10.1016/j.healthpol.2024.104992","Core Hybrid","EUR","2,500.00"
"10.1016/j.healthpol.2024.105058","Core Hybrid","EUR","2,500.00"
"10.1016/j.healthpol.2024.105153","Core Hybrid","EUR","2,500.00"
"10.1016/j.healthpol.2024.105174","Core Hybrid","EUR","2,500.00"
"10.1016/j.healthpol.2024.105193","Core Hybrid","EUR","2,500.00"
"10.1016/j.healthpol.2024.105221","Core Hybrid","EUR","2,500.00"
"10.1016/j.healthpol.2024.105224","Core Hybrid","EUR","2,500.00"
"10.1016/j.healun.2024.02.013","Core Hybrid","EUR","2,500.00"
"10.1016/j.healun.2024.02.1460","Core Hybrid","EUR","2,500.00"
"10.1016/j.healun.2024.08.018","Core Hybrid","EUR","2,500.00"
"10.1016/j.healun.2024.09.026","Core Hybrid","EUR","2,500.00"
"10.1016/j.heares.2024.108953","Core Hybrid","EUR","2,500.00"
"10.1016/j.heares.2024.108968","Core Hybrid","EUR","2,500.00"
"10.1016/j.heares.2024.108994","Core Hybrid","EUR","2,500.00"
"10.1016/j.heares.2024.109023","Core Hybrid","EUR","2,500.00"
"10.1016/j.heares.2024.109032","Core Hybrid","EUR","2,500.00"
"10.1016/j.heares.2024.109088","Core Hybrid","EUR","2,500.00"
"10.1016/j.heares.2024.109125","Core Hybrid","EUR","2,500.00"
"10.1016/j.heares.2024.109127","Core Hybrid","EUR","2,500.00"
"10.1016/j.heares.2024.109136","Core Hybrid","EUR","2,500.00"
"10.1016/j.heares.2024.109173","Core Hybrid","EUR","2,500.00"
"10.1016/j.heliyon.2023.e20592","Core Gold","EUR","1,504.00"
"10.1016/j.heliyon.2023.e22049","Core Gold","EUR","1,504.00"
"10.1016/j.heliyon.2023.e23688","Core Gold","EUR","1,504.00"
"10.1016/j.heliyon.2024.e24067","Core Gold","EUR","1,504.00"
"10.1016/j.heliyon.2024.e24508","Core Gold","EUR","1,504.00"
"10.1016/j.heliyon.2024.e24685","Core Gold","EUR","1,504.00"
"10.1016/j.heliyon.2024.e24839","Core Gold","EUR","1,392.00"
"10.1016/j.heliyon.2024.e24896","Core Gold","EUR","1,504.00"
"10.1016/j.heliyon.2024.e25008","Core Gold","EUR","1,504.00"
"10.1016/j.heliyon.2024.e25043","Core Gold","EUR","1,368.00"
"10.1016/j.heliyon.2024.e25133","Core Gold","EUR","1,504.00"
"10.1016/j.heliyon.2024.e25198","Core Gold","EUR","1,392.00"
"10.1016/j.heliyon.2024.e25248","Core Gold","EUR","1,504.00"
"10.1016/j.heliyon.2024.e25434","Core Gold","EUR","1,504.00"
"10.1016/j.heliyon.2024.e25576","Core Gold","EUR","1,504.00"
"10.1016/j.heliyon.2024.e25743","Core Gold","EUR","1,504.00"
"10.1016/j.heliyon.2024.e25794","Core Gold","EUR","1,504.00"
"10.1016/j.heliyon.2024.e25856","Core Gold","EUR","1,504.00"
"10.1016/j.heliyon.2024.e25862","Core Gold","EUR","1,504.00"
"10.1016/j.heliyon.2024.e25966","Core Gold","EUR","1,504.00"
"10.1016/j.heliyon.2024.e26083","Core Gold","EUR","1,504.00"
"10.1016/j.heliyon.2024.e26130","Core Gold","EUR","1,504.00"
"10.1016/j.heliyon.2024.e26268","Core Gold","EUR","1,504.00"
"10.1016/j.heliyon.2024.e26773","Core Gold","EUR","1,504.00"
"10.1016/j.heliyon.2024.e27136","Core Gold","EUR","1,504.00"
"10.1016/j.heliyon.2024.e27331","Core Gold","EUR","1,368.00"
"10.1016/j.heliyon.2024.e27483","Core Gold","EUR","1,504.00"
"10.1016/j.heliyon.2024.e27578","Core Gold","EUR","1,504.00"
"10.1016/j.heliyon.2024.e27614","Core Gold","EUR","1,504.00"
"10.1016/j.heliyon.2024.e27636","Core Gold","EUR","1,504.00"
"10.1016/j.heliyon.2024.e27643","Core Gold","EUR","1,368.00"
"10.1016/j.heliyon.2024.e27758","Core Gold","EUR","1,504.00"
"10.1016/j.heliyon.2024.e27823","Core Gold","EUR","1,504.00"
"10.1016/j.heliyon.2024.e27824","Core Gold","EUR","1,504.00"
"10.1016/j.heliyon.2024.e27864","Core Gold","EUR","1,504.00"
"10.1016/j.heliyon.2024.e27933","Core Gold","EUR","1,504.00"
"10.1016/j.heliyon.2024.e28055","Core Gold","EUR","1,504.00"
"10.1016/j.heliyon.2024.e28065","Core Gold","EUR","1,504.00"
"10.1016/j.heliyon.2024.e28130","Core Gold","EUR","1,504.00"
"10.1016/j.heliyon.2024.e28142","Core Gold","EUR","1,504.00"
"10.1016/j.heliyon.2024.e28321","Core Gold","EUR","1,504.00"
"10.1016/j.heliyon.2024.e28727","Core Gold","EUR","1,504.00"
"10.1016/j.heliyon.2024.e28729","Core Gold","EUR","1,504.00"
"10.1016/j.heliyon.2024.e28813","Core Gold","EUR","1,504.00"
"10.1016/j.heliyon.2024.e28840","Core Gold","EUR","1,504.00"
"10.1016/j.heliyon.2024.e28899","Core Gold","EUR","1,504.00"
"10.1016/j.heliyon.2024.e28989","Core Gold","EUR","1,504.00"
"10.1016/j.heliyon.2024.e29048","Core Gold","EUR","1,504.00"
"10.1016/j.heliyon.2024.e29066","Core Gold","EUR","1,504.00"
"10.1016/j.heliyon.2024.e29256","Core Gold","EUR","1,504.00"
"10.1016/j.heliyon.2024.e29389","Core Gold","EUR","1,504.00"
"10.1016/j.heliyon.2024.e29635","Core Gold","EUR","1,504.00"
"10.1016/j.heliyon.2024.e29719","Core Gold","EUR","1,504.00"
"10.1016/j.heliyon.2024.e29951","Core Gold","EUR","1,504.00"
"10.1016/j.heliyon.2024.e30311","Core Gold","EUR","1,504.00"
"10.1016/j.heliyon.2024.e30402","Core Gold","EUR","1,504.00"
"10.1016/j.heliyon.2024.e30931","Core Gold","EUR","1,504.00"
"10.1016/j.heliyon.2024.e30943","Core Gold","EUR","1,504.00"
"10.1016/j.heliyon.2024.e31156","Core Gold","EUR","1,504.00"
"10.1016/j.heliyon.2024.e31348","Core Gold","EUR","1,504.00"
"10.1016/j.heliyon.2024.e31411","Core Gold","EUR","1,504.00"
"10.1016/j.heliyon.2024.e31723","Core Gold","EUR","1,504.00"
"10.1016/j.heliyon.2024.e32098","Core Gold","EUR","1,504.00"
"10.1016/j.heliyon.2024.e32143","Core Gold","EUR","1,504.00"
"10.1016/j.heliyon.2024.e32509","Core Gold","EUR","1,504.00"
"10.1016/j.heliyon.2024.e32733","Core Gold","EUR","1,504.00"
"10.1016/j.heliyon.2024.e32842","Core Gold","EUR","1,504.00"
"10.1016/j.heliyon.2024.e33026","Core Gold","EUR","1,504.00"
"10.1016/j.heliyon.2024.e33223","Core Gold","EUR","1,504.00"
"10.1016/j.heliyon.2024.e33361","Core Gold","EUR","1,504.00"
"10.1016/j.heliyon.2024.e33409","Core Gold","EUR","1,504.00"
"10.1016/j.heliyon.2024.e33501","Core Gold","EUR","1,504.00"
"10.1016/j.heliyon.2024.e33549","Core Gold","EUR","1,504.00"
"10.1016/j.heliyon.2024.e33584","Core Gold","EUR","1,504.00"
"10.1016/j.heliyon.2024.e34025","Core Gold","EUR","1,504.00"
"10.1016/j.heliyon.2024.e34473","Core Gold","EUR","1,504.00"
"10.1016/j.heliyon.2024.e34693","Core Gold","EUR","1,504.00"
"10.1016/j.heliyon.2024.e34758","Core Gold","EUR","1,504.00"
"10.1016/j.heliyon.2024.e34822","Core Gold","EUR","1,504.00"
"10.1016/j.heliyon.2024.e34825","Core Gold","EUR","1,504.00"
"10.1016/j.heliyon.2024.e34910","Core Gold","EUR","1,504.00"
"10.1016/j.heliyon.2024.e35086","Core Gold","EUR","1,504.00"
"10.1016/j.heliyon.2024.e35198","Core Gold","EUR","1,504.00"
"10.1016/j.heliyon.2024.e35417","Core Gold","EUR","1,504.00"
"10.1016/j.heliyon.2024.e35706","Core Gold","EUR","1,504.00"
"10.1016/j.heliyon.2024.e35851","Core Gold","EUR","1,504.00"
"10.1016/j.heliyon.2024.e35947","Core Gold","EUR","1,504.00"
"10.1016/j.heliyon.2024.e36008","Core Gold","EUR","1,504.00"
"10.1016/j.heliyon.2024.e36252","Core Gold","EUR","1,504.00"
"10.1016/j.heliyon.2024.e36468","Core Gold","EUR","1,504.00"
"10.1016/j.heliyon.2024.e36487","Core Gold","EUR","1,504.00"
"10.1016/j.heliyon.2024.e36550","Core Gold","EUR","1,504.00"
"10.1016/j.heliyon.2024.e36581","Core Gold","EUR","1,504.00"
"10.1016/j.heliyon.2024.e36671","Core Gold","EUR","1,504.00"
"10.1016/j.heliyon.2024.e36792","Core Gold","EUR","1,504.00"
"10.1016/j.heliyon.2024.e36833","Core Gold","EUR","1,504.00"
"10.1016/j.heliyon.2024.e37654","Core Gold","EUR","1,504.00"
"10.1016/j.heliyon.2024.e37713","Core Gold","EUR","1,504.00"
"10.1016/j.heliyon.2024.e37861","Core Gold","EUR","1,544.00"
"10.1016/j.heliyon.2024.e37953","Core Gold","EUR","1,504.00"
"10.1016/j.heliyon.2024.e37989","Core Gold","EUR","1,504.00"
"10.1016/j.heliyon.2024.e38044","Core Gold","EUR","1,504.00"
"10.1016/j.heliyon.2024.e38112","Core Gold","EUR","1,504.00"
"10.1016/j.heliyon.2024.e38677","Core Gold","EUR","1,504.00"
"10.1016/j.heliyon.2024.e38678","Core Gold","EUR","1,504.00"
"10.1016/j.heliyon.2024.e38686","Core Gold","EUR","1,504.00"
"10.1016/j.heliyon.2024.e38791","Core Gold","EUR","1,544.00"
"10.1016/j.heliyon.2024.e38873","Core Gold","EUR","1,504.00"
"10.1016/j.heliyon.2024.e38921","Core Gold","EUR","1,504.00"
"10.1016/j.heliyon.2024.e38993","Core Gold","EUR","1,544.00"
"10.1016/j.heliyon.2024.e39138","Core Gold","EUR","1,504.00"
"10.1016/j.heliyon.2024.e39193","Core Gold","EUR","1,504.00"
"10.1016/j.heliyon.2024.e39417","Core Gold","EUR","1,504.00"
"10.1016/j.heliyon.2024.e39488","Core Gold","EUR","1,504.00"
"10.1016/j.heliyon.2024.e39674","Core Gold","EUR","1,504.00"
"10.1016/j.heliyon.2024.e39686","Core Gold","EUR","1,504.00"
"10.1016/j.heliyon.2024.e39735","Core Gold","EUR","1,504.00"
"10.1016/j.heliyon.2024.e39968","Core Gold","EUR","1,504.00"
"10.1016/j.heliyon.2024.e40189","Core Gold","EUR","1,504.00"
"10.1016/j.heliyon.2024.e40207","Core Gold","EUR","1,504.00"
"10.1016/j.heliyon.2024.e40282","Core Gold","EUR","1,504.00"
"10.1016/j.heliyon.2024.e40349","Core Gold","EUR","1,504.00"
"10.1016/j.heliyon.2024.e40368","Core Gold","EUR","1,504.00"
"10.1016/j.heliyon.2024.e40431","Core Gold","EUR","1,504.00"
"10.1016/j.heliyon.2024.e40527","Core Gold","EUR","1,504.00"
"10.1016/j.heliyon.2024.e40562","Core Gold","EUR","1,544.00"
"10.1016/j.heliyon.2024.e40668","Core Gold","EUR","1,544.00"
"10.1016/j.heliyon.2024.e40800","Core Gold","EUR","1,504.00"
"10.1016/j.heliyon.2024.e40841","Core Gold","EUR","1,504.00"
"10.1016/j.heliyon.2024.e40863","Core Gold","EUR","1,504.00"
"10.1016/j.heliyon.2024.e40880","Core Gold","EUR","1,544.00"
"10.1016/j.heliyon.2024.e40995","Core Gold","EUR","1,504.00"
"10.1016/j.heliyon.2024.e41024","Core Gold","EUR","1,504.00"
"10.1016/j.heliyon.2024.e41096","Core Gold","EUR","1,504.00"
"10.1016/j.heliyon.2024.e41164","Core Gold","EUR","1,544.00"
"10.1016/j.hfh.2024.100071","Core Gold","EUR","1,200.00"
"10.1016/j.hlc.2024.01.036","Core Hybrid","EUR","2,500.00"
"10.1016/j.hlc.2024.02.014","Core Hybrid","EUR","2,500.00"
"10.1016/j.hlc.2024.07.010","Core Hybrid","EUR","2,500.00"
"10.1016/j.hlpt.2024.100845","Core Hybrid","EUR","2,500.00"
"10.1016/j.hlpt.2024.100955","Core Hybrid","EUR","2,500.00"
"10.1016/j.hpb.2024.03.002","Core Hybrid","EUR","2,500.00"
"10.1016/j.hpb.2024.09.012","Core Hybrid","EUR","2,500.00"
"10.1016/j.hpb.2024.11.012","Core Hybrid","EUR","2,500.00"
"10.1016/j.hpr.2024.300761","Core Gold","EUR",792.00
"10.1016/j.hrcr.2024.07.001","Core Gold","EUR",800.00
"10.1016/j.hrcr.2024.07.011","Core Gold","EUR",800.00
"10.1016/j.hrcr.2024.07.022","Core Gold","EUR",800.00
"10.1016/j.hrcr.2024.08.009","Core Gold","EUR",800.00
"10.1016/j.hrmr.2024.101029","Core Hybrid","EUR","2,500.00"
"10.1016/j.hroo.2024.07.005","Core Gold","EUR","1,568.00"
"10.1016/j.hroo.2024.09.003","Core Gold","EUR","1,568.00"
"10.1016/j.hrthm.2024.01.006","Core Hybrid","EUR","2,500.00"
"10.1016/j.hrthm.2024.01.047","Core Hybrid","EUR","2,500.00"
"10.1016/j.hrthm.2024.02.032","Core Hybrid","EUR","2,500.00"
"10.1016/j.hrthm.2024.03.1809","Core Hybrid","EUR","2,500.00"
"10.1016/j.hrthm.2024.04.013","Core Hybrid","EUR","2,500.00"
"10.1016/j.hrthm.2024.06.032","Core Hybrid","EUR","2,500.00"
"10.1016/j.hrthm.2024.06.043","Core Hybrid","EUR","2,500.00"
"10.1016/j.hrthm.2024.07.018","Core Hybrid","EUR","2,500.00"
"10.1016/j.hrthm.2024.07.024","Core Hybrid","EUR","2,500.00"
"10.1016/j.hrthm.2024.09.020","Core Hybrid","EUR","2,500.00"
"10.1016/j.hrthm.2024.09.038","Core Hybrid","EUR","2,500.00"
"10.1016/j.hrthm.2024.09.060","Core Hybrid","EUR","2,500.00"
"10.1016/j.hrthm.2024.10.009","Core Hybrid","EUR","2,500.00"
"10.1016/j.hrthm.2024.10.068","Core Hybrid","EUR","2,500.00"
"10.1016/j.hrtlng.2024.04.012","Core Hybrid","EUR","2,500.00"
"10.1016/j.hrtlng.2024.06.012","Core Hybrid","EUR","2,500.00"
"10.1016/j.hrtlng.2024.11.013","Core Hybrid","EUR","2,500.00"
"10.1016/j.humimm.2024.110792","Core Hybrid","EUR","2,500.00"
"10.1016/j.humov.2024.103181","Core Hybrid","EUR","2,500.00"
"10.1016/j.humov.2024.103195","Core Hybrid","EUR","2,500.00"
"10.1016/j.humov.2024.103224","Core Hybrid","EUR","2,500.00"
"10.1016/j.humpath.2024.04.013","Core Hybrid","EUR","2,500.00"
"10.1016/j.humpath.2024.105670","Core Hybrid","EUR","2,500.00"
"10.1016/j.humpath.2024.105695","Core Hybrid","EUR","2,500.00"
"10.1016/j.hydroa.2024.100194","Core Gold","EUR","1,632.00"
"10.1016/j.hydromet.2024.106262","Core Hybrid","EUR","2,500.00"
"10.1016/j.hydromet.2024.106283","Core Hybrid","EUR","2,500.00"
"10.1016/j.hydromet.2024.106286","Core Hybrid","EUR","2,500.00"
"10.1016/j.hydromet.2024.106303","Core Hybrid","EUR","2,500.00"
"10.1016/j.ibiod.2024.105863","Core Hybrid","EUR","2,500.00"
"10.1016/j.ibiod.2024.105988","Core Hybrid","EUR","2,500.00"
"10.1016/j.ibmb.2024.104071","Core Hybrid","EUR","2,500.00"
"10.1016/j.ibmb.2024.104089","Core Hybrid","EUR","2,500.00"
"10.1016/j.ibmb.2024.104165","Core Hybrid","EUR","2,500.00"
"10.1016/j.ibmb.2024.104179","Core Hybrid","EUR","2,500.00"
"10.1016/j.ibmed.2024.100134","Core Gold","EUR",890.00
"10.1016/j.ibusrev.2024.102303","Core Hybrid","EUR","2,500.00"
"10.1016/j.ic.2024.105164","Core Hybrid","EUR","2,500.00"
"10.1016/j.ic.2024.105168","Core Hybrid","EUR","2,500.00"
"10.1016/j.ic.2024.105191","Core Hybrid","EUR","2,500.00"
"10.1016/j.ic.2024.105214","Core Hybrid","EUR","2,500.00"
"10.1016/j.ic.2024.105224","Core Hybrid","EUR","2,500.00"
"10.1016/j.ica.2024.122005","Core Hybrid","EUR","2,500.00"
"10.1016/j.ica.2024.122206","Core Hybrid","EUR","2,500.00"
"10.1016/j.icarus.2023.115852","Core Hybrid","EUR","2,500.00"
"10.1016/j.icarus.2024.115984","Core Hybrid","EUR","2,500.00"
"10.1016/j.icarus.2024.116078","Core Hybrid","EUR","2,500.00"
"10.1016/j.icarus.2024.116189","Core Hybrid","EUR","2,500.00"
"10.1016/j.icarus.2024.116244","Core Hybrid","EUR","2,500.00"
"10.1016/j.icarus.2024.116249","Core Hybrid","EUR","2,500.00"
"10.1016/j.icarus.2024.116270","Core Hybrid","EUR","2,500.00"
"10.1016/j.icarus.2024.116330","Core Hybrid","EUR","2,500.00"
"10.1016/j.icarus.2024.116349","Core Hybrid","EUR","2,500.00"
"10.1016/j.icarus.2024.116366","Core Hybrid","EUR","2,500.00"
"10.1016/j.icarus.2024.116373","Core Hybrid","EUR","2,500.00"
"10.1016/j.icarus.2024.116376","Core Hybrid","EUR","2,500.00"
"10.1016/j.icarus.2024.116385","Core Hybrid","EUR","2,500.00"
"10.1016/j.icarus.2024.116414","Core Hybrid","EUR","2,500.00"
"10.1016/j.iccn.2024.103661","Core Hybrid","EUR","2,500.00"
"10.1016/j.iccn.2024.103730","Core Hybrid","EUR","2,500.00"
"10.1016/j.iccn.2024.103748","Core Hybrid","EUR","2,500.00"
"10.1016/j.iccn.2024.103867","Core Hybrid","EUR","2,500.00"
"10.1016/j.icheatmasstransfer.2024.107525","Core Hybrid","EUR","2,500.00"
"10.1016/j.icheatmasstransfer.2024.107818","Core Hybrid","EUR","2,500.00"
"10.1016/j.icheatmasstransfer.2024.107897","Core Hybrid","EUR","2,500.00"
"10.1016/j.icheatmasstransfer.2024.108041","Core Hybrid","EUR","2,500.00"
"10.1016/j.idairyj.2024.105941","Core Hybrid","EUR","2,500.00"
"10.1016/j.idairyj.2024.106027","Core Hybrid","EUR","2,500.00"
"10.1016/j.idairyj.2024.106056","Core Hybrid","EUR","2,500.00"
"10.1016/j.idairyj.2024.106130","Core Hybrid","EUR","2,500.00"
"10.1016/j.idairyj.2024.106164","Core Hybrid","EUR","2,500.00"
"10.1016/j.idairyj.2024.106168","Core Hybrid","EUR","2,500.00"
"10.1016/j.idcr.2024.e02103","Core Gold","EUR",824.00
"10.1016/j.identj.2024.09.021","Core Gold","EUR","1,864.00"
"10.1016/j.identj.2024.09.027","Core Gold","EUR","1,864.00"
"10.1016/j.ifacsc.2024.100248","Core Hybrid","EUR","2,500.00"
"10.1016/j.ifacsc.2024.100283","Core Hybrid","EUR","2,500.00"
"10.1016/j.ifacsc.2024.100290","Core Hybrid","EUR","2,500.00"
"10.1016/j.ifset.2024.103597","Core Hybrid","EUR","2,500.00"
"10.1016/j.ifset.2024.103610","Core Hybrid","EUR","2,500.00"
"10.1016/j.ifset.2024.103740","Core Hybrid","EUR","2,500.00"
"10.1016/j.ifset.2024.103814","Core Hybrid","EUR","2,500.00"
"10.1016/j.ifset.2024.103815","Core Hybrid","EUR","2,500.00"
"10.1016/j.ijadhadh.2023.103602","Core Hybrid","EUR","2,500.00"
"10.1016/j.ijadhadh.2024.103620","Core Hybrid","EUR","2,500.00"
"10.1016/j.ijadhadh.2024.103693","Core Hybrid","EUR","2,500.00"
"10.1016/j.ijadhadh.2024.103782","Core Hybrid","EUR","2,500.00"
"10.1016/j.ijadhadh.2024.103783","Core Hybrid","EUR","2,500.00"
"10.1016/j.ijadhadh.2024.103798","Core Hybrid","EUR","2,500.00"
"10.1016/j.ijadhadh.2024.103867","Core Hybrid","EUR","2,500.00"
"10.1016/j.ijadhadh.2024.103881","Core Hybrid","EUR","2,500.00"
"10.1016/j.ijantimicag.2023.107005","Core Hybrid","EUR","2,500.00"
"10.1016/j.ijantimicag.2024.107305","Core Hybrid","EUR","2,500.00"
"10.1016/j.ijar.2024.109148","Core Hybrid","EUR","2,500.00"
"10.1016/j.ijar.2024.109166","Core Hybrid","EUR","2,500.00"
"10.1016/j.ijar.2024.109190","Core Hybrid","EUR","2,500.00"
"10.1016/j.ijar.2024.109214","Core Hybrid","EUR","2,500.00"
"10.1016/j.ijar.2024.109285","Core Hybrid","EUR","2,500.00"
"10.1016/j.ijar.2024.109295","Core Hybrid","EUR","2,500.00"
"10.1016/j.ijar.2024.109321","Core Hybrid","EUR","2,500.00"
"10.1016/j.ijbiomac.2024.129344","Core Hybrid","EUR","2,500.00"
"10.1016/j.ijbiomac.2024.129942","Core Hybrid","EUR","2,500.00"
"10.1016/j.ijbiomac.2024.130188","Core Hybrid","EUR","2,500.00"
"10.1016/j.ijbiomac.2024.130365","Core Hybrid","EUR","2,500.00"
"10.1016/j.ijbiomac.2024.130399","Core Hybrid","EUR","2,500.00"
"10.1016/j.ijbiomac.2024.130666","Core Hybrid","EUR","2,500.00"
"10.1016/j.ijbiomac.2024.130808","Core Hybrid","EUR","2,500.00"
"10.1016/j.ijbiomac.2024.130849","Core Hybrid","EUR","2,500.00"
"10.1016/j.ijbiomac.2024.130962","Core Hybrid","EUR","2,500.00"
"10.1016/j.ijbiomac.2024.131080","Core Hybrid","EUR","2,500.00"
"10.1016/j.ijbiomac.2024.131309","Core Hybrid","EUR","2,500.00"
"10.1016/j.ijbiomac.2024.131377","Core Hybrid","EUR","2,500.00"
"10.1016/j.ijbiomac.2024.132186","Core Hybrid","EUR","2,500.00"
"10.1016/j.ijbiomac.2024.132804","Core Hybrid","EUR","2,500.00"
"10.1016/j.ijbiomac.2024.134219","Core Hybrid","EUR","2,500.00"
"10.1016/j.ijbiomac.2024.135041","Core Hybrid","EUR","2,500.00"
"10.1016/j.ijbiomac.2024.136159","Core Hybrid","EUR","2,500.00"
"10.1016/j.ijbiomac.2024.136668","Core Hybrid","EUR","2,500.00"
"10.1016/j.ijbiomac.2024.137139","Core Hybrid","EUR","2,500.00"
"10.1016/j.ijbiomac.2024.138078","Core Hybrid","EUR","2,500.00"
"10.1016/j.ijbiomac.2024.138589","Core Hybrid","EUR","2,500.00"
"10.1016/j.ijbiomac.2024.138597","Core Hybrid","EUR","2,500.00"
"10.1016/j.ijcard.2023.131684","Core Hybrid","EUR","2,500.00"
"10.1016/j.ijcard.2023.131699","Core Hybrid","EUR","2,500.00"
"10.1016/j.ijcard.2024.131815","Core Hybrid","EUR","2,500.00"
"10.1016/j.ijcard.2024.131894","Core Hybrid","EUR","2,500.00"
"10.1016/j.ijcard.2024.131939","Core Hybrid","EUR","2,500.00"
"10.1016/j.ijcard.2024.131949","Core Hybrid","EUR","2,500.00"
"10.1016/j.ijcard.2024.131983","Core Hybrid","EUR","2,500.00"
"10.1016/j.ijcard.2024.131996","Core Hybrid","EUR","2,500.00"
"10.1016/j.ijcard.2024.132044","Core Hybrid","EUR","2,500.00"
"10.1016/j.ijcard.2024.132084","Core Hybrid","EUR","2,500.00"
"10.1016/j.ijcard.2024.132189","Core Hybrid","EUR","2,500.00"
"10.1016/j.ijcard.2024.132229","Core Hybrid","EUR","2,500.00"
"10.1016/j.ijcard.2024.132233","Core Hybrid","EUR","2,500.00"
"10.1016/j.ijcard.2024.132264","Core Hybrid","EUR","2,500.00"
"10.1016/j.ijcard.2024.132332","Core Hybrid","EUR","2,500.00"
"10.1016/j.ijcard.2024.132386","Core Hybrid","EUR","2,500.00"
"10.1016/j.ijcard.2024.132391","Core Hybrid","EUR","2,500.00"
"10.1016/j.ijcard.2024.132420","Core Hybrid","EUR","2,500.00"
"10.1016/j.ijcard.2024.132466","Core Hybrid","EUR","2,500.00"
"10.1016/j.ijcard.2024.132532","Core Hybrid","EUR","2,500.00"
"10.1016/j.ijcard.2024.132878","Core Hybrid","EUR","2,500.00"
"10.1016/j.ijcchd.2024.100521","Core Gold","EUR","1,456.00"
"10.1016/j.ijcchd.2024.100562","Core Gold","EUR","1,512.00"
"10.1016/j.ijcci.2024.100657","Core Hybrid","EUR","2,500.00"
"10.1016/j.ijcci.2024.100666","Core Hybrid","EUR","2,500.00"
"10.1016/j.ijcci.2024.100669","Core Hybrid","EUR","2,500.00"
"10.1016/j.ijcci.2024.100704","Core Hybrid","EUR","2,500.00"
"10.1016/j.ijcha.2024.101349","Core Gold","EUR","2,104.00"
"10.1016/j.ijcha.2024.101373","Core Gold","EUR","2,104.00"
"10.1016/j.ijcha.2024.101383","Core Gold","EUR","2,104.00"
"10.1016/j.ijcha.2024.101416","Core Gold","EUR","2,104.00"
"10.1016/j.ijcha.2024.101419","Core Gold","EUR","2,104.00"
"10.1016/j.ijcha.2024.101435","Core Gold","EUR","2,136.00"
"10.1016/j.ijcha.2024.101470","Core Gold","EUR","2,136.00"
"10.1016/j.ijcha.2024.101489","Core Gold","EUR","2,136.00"
"10.1016/j.ijcha.2024.101516","Core Gold","EUR","2,136.00"
"10.1016/j.ijcha.2024.101524","Core Gold","EUR","2,288.00"
"10.1016/j.ijcha.2024.101544","Core Gold","EUR","2,136.00"
"10.1016/j.ijcha.2024.101546","Core Gold","EUR","2,368.00"
"10.1016/j.ijcha.2024.101590","Core Gold","EUR","2,368.00"
"10.1016/j.ijchp.2024.100466","Core Gold","EUR","1,872.00"
"10.1016/j.ijchp.2024.100470","Core Gold","EUR","1,872.00"
"10.1016/j.ijchp.2024.100485","Core Gold","EUR","1,872.00"
"10.1016/j.ijchp.2024.100496","Core Gold","EUR","1,904.00"
"10.1016/j.ijchp.2024.100503","Core Gold","EUR","1,904.00"
"10.1016/j.ijchp.2024.100522","Core Gold","EUR","1,904.00"
"10.1016/j.ijchp.2024.100524","Core Gold","EUR","1,778.00"
"10.1016/j.ijcip.2024.100727","Core Hybrid","EUR","2,500.00"
"10.1016/j.ijcrp.2024.200336","Core Gold","EUR","1,864.00"
"10.1016/j.ijdrr.2024.104394","Core Hybrid","EUR","2,500.00"
"10.1016/j.ijdrr.2024.104459","Core Hybrid","EUR","2,500.00"
"10.1016/j.ijdrr.2024.104568","Core Hybrid","EUR","2,500.00"
"10.1016/j.ijdrr.2024.104599","Core Hybrid","EUR","2,500.00"
"10.1016/j.ijdrr.2024.104603","Core Hybrid","EUR","2,500.00"
"10.1016/j.ijdrr.2024.104661","Core Hybrid","EUR","2,500.00"
"10.1016/j.ijdrr.2024.104720","Core Hybrid","EUR","2,500.00"
"10.1016/j.ijdrr.2024.104723","Core Hybrid","EUR","2,500.00"
"10.1016/j.ijdrr.2024.104724","Core Hybrid","EUR","2,500.00"
"10.1016/j.ijdrr.2024.104745","Core Hybrid","EUR","2,500.00"
"10.1016/j.ijdrr.2024.104821","Core Hybrid","EUR","2,500.00"
"10.1016/j.ijdrr.2024.104874","Core Hybrid","EUR","2,500.00"
"10.1016/j.ijdrr.2024.105008","Core Hybrid","EUR","2,500.00"
"10.1016/j.ijdrr.2024.105016","Core Hybrid","EUR","2,500.00"
"10.1016/j.ijdrr.2024.105064","Core Hybrid","EUR","2,500.00"
"10.1016/j.ijdrr.2024.105077","Core Hybrid","EUR","2,500.00"
"10.1016/j.ijedro.2024.100353","Core Gold","EUR","1,088.00"
"10.1016/j.ijedro.2024.100382","Core Gold","EUR","1,136.00"
"10.1016/j.ijedudev.2024.103056","Core Hybrid","EUR","2,500.00"
"10.1016/j.ijedudev.2024.103089","Core Hybrid","EUR","2,500.00"
"10.1016/j.ijengsci.2024.104055","Core Hybrid","EUR","2,500.00"
"10.1016/j.ijengsci.2024.104121","Core Hybrid","EUR","2,500.00"
"10.1016/j.ijengsci.2024.104183","Core Hybrid","EUR","2,500.00"
"10.1016/j.ijepes.2024.110014","Core Gold","EUR","2,040.00"
"10.1016/j.ijepes.2024.110265","Core Gold","EUR","2,432.00"
"10.1016/j.ijepes.2024.110283","Core Gold","EUR","2,432.00"
"10.1016/j.ijepes.2024.110416","Core Gold","EUR","2,432.00"
"10.1016/j.ijer.2024.102463","Core Hybrid","EUR","2,500.00"
"10.1016/j.ijer.2024.102494","Core Hybrid","EUR","2,500.00"
"10.1016/j.ijer.2024.102500","Core Hybrid","EUR","2,500.00"
"10.1016/j.ijer.2024.102511","Core Hybrid","EUR","2,500.00"
"10.1016/j.ijer.2024.102522","Core Hybrid","EUR","2,500.00"
"10.1016/j.ijfatigue.2023.108073","Core Hybrid","EUR","2,500.00"
"10.1016/j.ijfatigue.2024.108209","Core Hybrid","EUR","2,500.00"
"10.1016/j.ijfatigue.2024.108236","Core Hybrid","EUR","2,500.00"
"10.1016/j.ijfatigue.2024.108259","Core Hybrid","EUR","2,500.00"
"10.1016/j.ijfatigue.2024.108273","Core Hybrid","EUR","2,500.00"
"10.1016/j.ijfatigue.2024.108326","Core Hybrid","EUR","2,500.00"
"10.1016/j.ijfatigue.2024.108334","Core Hybrid","EUR","2,500.00"
"10.1016/j.ijfatigue.2024.108358","Core Hybrid","EUR","2,500.00"
"10.1016/j.ijfatigue.2024.108361","Core Hybrid","EUR","2,500.00"
"10.1016/j.ijfatigue.2024.108367","Core Hybrid","EUR","2,500.00"
"10.1016/j.ijfatigue.2024.108378","Core Hybrid","EUR","2,500.00"
"10.1016/j.ijfatigue.2024.108388","Core Hybrid","EUR","2,500.00"
"10.1016/j.ijfatigue.2024.108391","Core Hybrid","EUR","2,500.00"
"10.1016/j.ijfatigue.2024.108409","Core Hybrid","EUR","2,500.00"
"10.1016/j.ijfatigue.2024.108410","Core Hybrid","EUR","2,500.00"
"10.1016/j.ijfatigue.2024.108432","Core Hybrid","EUR","2,500.00"
"10.1016/j.ijfatigue.2024.108479","Core Hybrid","EUR","2,500.00"
"10.1016/j.ijfatigue.2024.108505","Core Hybrid","EUR","2,500.00"
"10.1016/j.ijfatigue.2024.108531","Core Hybrid","EUR","2,500.00"
"10.1016/j.ijfatigue.2024.108562","Core Hybrid","EUR","2,500.00"
"10.1016/j.ijfatigue.2024.108576","Core Hybrid","EUR","2,500.00"
"10.1016/j.ijfatigue.2024.108588","Core Hybrid","EUR","2,500.00"
"10.1016/j.ijfatigue.2024.108642","Core Hybrid","EUR","2,500.00"
"10.1016/j.ijfatigue.2024.108699","Core Hybrid","EUR","2,500.00"
"10.1016/j.ijfatigue.2024.108703","Core Hybrid","EUR","2,500.00"
"10.1016/j.ijfatigue.2024.108711","Core Hybrid","EUR","2,500.00"
"10.1016/j.ijfoodmicro.2024.110582","Core Hybrid","EUR","2,500.00"
"10.1016/j.ijfoodmicro.2024.110610","Core Hybrid","EUR","2,500.00"
"10.1016/j.ijfoodmicro.2024.110694","Core Hybrid","EUR","2,500.00"
"10.1016/j.ijfoodmicro.2024.110746","Core Hybrid","EUR","2,500.00"
"10.1016/j.ijfoodmicro.2024.110803","Core Hybrid","EUR","2,500.00"
"10.1016/j.ijfoodmicro.2024.111018","Core Hybrid","EUR","2,500.00"
"10.1016/j.ijforecast.2023.11.007","Core Hybrid","EUR","2,500.00"
"10.1016/j.ijforecast.2024.01.005","Core Hybrid","EUR","2,500.00"
"10.1016/j.ijforecast.2024.04.008","Core Hybrid","EUR","2,500.00"
"10.1016/j.ijforecast.2024.05.002","Core Hybrid","EUR","2,500.00"
"10.1016/j.ijforecast.2024.05.007","Core Hybrid","EUR","2,500.00"
"10.1016/j.ijforecast.2024.08.001","Core Hybrid","EUR","2,500.00"
"10.1016/j.ijforecast.2024.09.004","Core Hybrid","EUR","2,500.00"
"10.1016/j.ijft.2024.100739","Core Gold","EUR","1,448.00"
"10.1016/j.ijft.2024.101016","Core Gold","EUR","1,544.00"
"10.1016/j.ijggc.2023.104028","Core Hybrid","EUR","2,500.00"
"10.1016/j.ijggc.2023.104044","Core Hybrid","EUR","2,500.00"
"10.1016/j.ijggc.2024.104175","Core Hybrid","EUR","2,500.00"
"10.1016/j.ijggc.2024.104225","Core Hybrid","EUR","2,500.00"
"10.1016/j.ijhcs.2023.103164","Core Hybrid","EUR","2,500.00"
"10.1016/j.ijhcs.2024.103246","Core Hybrid","EUR","2,500.00"
"10.1016/j.ijhcs.2024.103260","Core Hybrid","EUR","2,500.00"
"10.1016/j.ijhcs.2024.103314","Core Hybrid","EUR","2,500.00"
"10.1016/j.ijhcs.2024.103433","Core Hybrid","EUR","2,500.00"
"10.1016/j.ijhcs.2024.103435","Core Hybrid","EUR","2,500.00"
"10.1016/j.ijheatfluidflow.2024.109314","Core Hybrid","EUR","2,500.00"
"10.1016/j.ijheatfluidflow.2024.109375","Core Hybrid","EUR","2,500.00"
"10.1016/j.ijheatfluidflow.2024.109414","Core Hybrid","EUR","2,500.00"
"10.1016/j.ijheatfluidflow.2024.109438","Core Hybrid","EUR","2,500.00"
"10.1016/j.ijheatfluidflow.2024.109444","Core Hybrid","EUR","2,500.00"
"10.1016/j.ijheatfluidflow.2024.109682","Core Hybrid","EUR","2,500.00"
"10.1016/j.ijheatmasstransfer.2024.125214","Core Hybrid","EUR","2,500.00"
"10.1016/j.ijheatmasstransfer.2024.125260","Core Hybrid","EUR","2,500.00"
"10.1016/j.ijheatmasstransfer.2024.125309","Core Hybrid","EUR","2,500.00"
"10.1016/j.ijheatmasstransfer.2024.125319","Core Hybrid","EUR","2,500.00"
"10.1016/j.ijheatmasstransfer.2024.125427","Core Hybrid","EUR","2,500.00"
"10.1016/j.ijheatmasstransfer.2024.125476","Core Hybrid","EUR","2,500.00"
"10.1016/j.ijheatmasstransfer.2024.125498","Core Hybrid","EUR","2,500.00"
"10.1016/j.ijheatmasstransfer.2024.125572","Core Hybrid","EUR","2,500.00"
"10.1016/j.ijheatmasstransfer.2024.125602","Core Hybrid","EUR","2,500.00"
"10.1016/j.ijheatmasstransfer.2024.125611","Core Hybrid","EUR","2,500.00"
"10.1016/j.ijheatmasstransfer.2024.125731","Core Hybrid","EUR","2,500.00"
"10.1016/j.ijheatmasstransfer.2024.125776","Core Hybrid","EUR","2,500.00"
"10.1016/j.ijheatmasstransfer.2024.125804","Core Hybrid","EUR","2,500.00"
"10.1016/j.ijheatmasstransfer.2024.125901","Core Hybrid","EUR","2,500.00"
"10.1016/j.ijheatmasstransfer.2024.125971","Core Hybrid","EUR","2,500.00"
"10.1016/j.ijheatmasstransfer.2024.125973","Core Hybrid","EUR","2,500.00"
"10.1016/j.ijheatmasstransfer.2024.126074","Core Hybrid","EUR","2,500.00"
"10.1016/j.ijheatmasstransfer.2024.126105","Core Hybrid","EUR","2,500.00"
"10.1016/j.ijheatmasstransfer.2024.126240","Core Hybrid","EUR","2,500.00"
"10.1016/j.ijheatmasstransfer.2024.126316","Core Hybrid","EUR","2,500.00"
"10.1016/j.ijheatmasstransfer.2024.126367","Core Hybrid","EUR","2,500.00"
"10.1016/j.ijheatmasstransfer.2024.126432","Core Hybrid","EUR","2,500.00"
"10.1016/j.ijheatmasstransfer.2024.126448","Core Hybrid","EUR","2,500.00"
"10.1016/j.ijheatmasstransfer.2024.126515","Core Hybrid","EUR","2,500.00"
"10.1016/j.ijheh.2023.114299","Core Hybrid","EUR","2,500.00"
"10.1016/j.ijheh.2024.114320","Core Hybrid","EUR","2,500.00"
"10.1016/j.ijheh.2024.114337","Core Hybrid","EUR","2,500.00"
"10.1016/j.ijheh.2024.114343","Core Hybrid","EUR","2,500.00"
"10.1016/j.ijheh.2024.114375","Core Hybrid","EUR","2,500.00"
"10.1016/j.ijheh.2024.114379","Core Hybrid","EUR","2,500.00"
"10.1016/j.ijheh.2024.114381","Core Hybrid","EUR","2,500.00"
"10.1016/j.ijheh.2024.114387","Core Hybrid","EUR","2,500.00"
"10.1016/j.ijheh.2024.114428","Core Hybrid","EUR","2,500.00"
"10.1016/j.ijheh.2024.114513","Core Hybrid","EUR","2,500.00"
"10.1016/j.ijhydene.2023.12.071","Core Hybrid","EUR","2,500.00"
"10.1016/j.ijhydene.2024.01.031","Core Hybrid","EUR","2,500.00"
"10.1016/j.ijhydene.2024.01.049","Core Hybrid","EUR","2,500.00"
"10.1016/j.ijhydene.2024.01.071","Core Hybrid","EUR","2,500.00"
"10.1016/j.ijhydene.2024.01.148","Core Hybrid","EUR","2,500.00"
"10.1016/j.ijhydene.2024.01.182","Core Hybrid","EUR","2,500.00"
"10.1016/j.ijhydene.2024.01.226","Core Hybrid","EUR","2,500.00"
"10.1016/j.ijhydene.2024.01.346","Core Hybrid","EUR","2,500.00"
"10.1016/j.ijhydene.2024.02.005","Core Hybrid","EUR","2,500.00"
"10.1016/j.ijhydene.2024.02.096","Core Hybrid","EUR","2,500.00"
"10.1016/j.ijhydene.2024.02.168","Core Hybrid","EUR","2,500.00"
"10.1016/j.ijhydene.2024.02.289","Core Hybrid","EUR","2,500.00"
"10.1016/j.ijhydene.2024.03.053","Core Hybrid","EUR","2,500.00"
"10.1016/j.ijhydene.2024.03.163","Core Hybrid","EUR","2,500.00"
"10.1016/j.ijhydene.2024.03.210","Core Hybrid","EUR","2,500.00"
"10.1016/j.ijhydene.2024.03.241","Core Hybrid","EUR","2,500.00"
"10.1016/j.ijhydene.2024.03.302","Core Hybrid","EUR","2,500.00"
"10.1016/j.ijhydene.2024.03.355","Core Hybrid","EUR","2,500.00"
"10.1016/j.ijhydene.2024.04.119","Core Hybrid","EUR","2,500.00"
"10.1016/j.ijhydene.2024.04.153","Core Hybrid","EUR","2,500.00"
"10.1016/j.ijhydene.2024.04.157","Core Hybrid","EUR","2,500.00"
"10.1016/j.ijhydene.2024.04.217","Core Hybrid","EUR","2,500.00"
"10.1016/j.ijhydene.2024.04.229","Core Hybrid","EUR","2,500.00"
"10.1016/j.ijhydene.2024.04.248","Core Hybrid","EUR","2,500.00"
"10.1016/j.ijhydene.2024.04.319","Core Hybrid","EUR","2,500.00"
"10.1016/j.ijhydene.2024.04.335","Core Hybrid","EUR","2,500.00"
"10.1016/j.ijhydene.2024.05.107","Core Hybrid","EUR","2,500.00"
"10.1016/j.ijhydene.2024.05.110","Core Hybrid","EUR","2,500.00"
"10.1016/j.ijhydene.2024.05.238","Core Hybrid","EUR","2,500.00"
"10.1016/j.ijhydene.2024.05.249","Core Hybrid","EUR","2,500.00"
"10.1016/j.ijhydene.2024.05.303","Core Hybrid","EUR","2,500.00"
"10.1016/j.ijhydene.2024.05.320","Core Hybrid","EUR","2,500.00"
"10.1016/j.ijhydene.2024.05.381","Core Hybrid","EUR","2,500.00"
"10.1016/j.ijhydene.2024.06.131","Core Hybrid","EUR","2,500.00"
"10.1016/j.ijhydene.2024.06.198","Core Hybrid","EUR","2,500.00"
"10.1016/j.ijhydene.2024.06.230","Core Hybrid","EUR","2,500.00"
"10.1016/j.ijhydene.2024.06.268","Core Hybrid","EUR","2,500.00"
"10.1016/j.ijhydene.2024.06.334","Core Hybrid","EUR","2,500.00"
"10.1016/j.ijhydene.2024.06.343","Core Hybrid","EUR","2,500.00"
"10.1016/j.ijhydene.2024.06.357","Core Hybrid","EUR","2,500.00"
"10.1016/j.ijhydene.2024.07.073","Core Hybrid","EUR","2,500.00"
"10.1016/j.ijhydene.2024.07.249","Core Hybrid","EUR","2,500.00"
"10.1016/j.ijhydene.2024.07.269","Core Hybrid","EUR","2,500.00"
"10.1016/j.ijhydene.2024.07.320","Core Hybrid","EUR","2,500.00"
"10.1016/j.ijhydene.2024.08.015","Core Hybrid","EUR","2,500.00"
"10.1016/j.ijhydene.2024.08.037","Core Hybrid","EUR","2,500.00"
"10.1016/j.ijhydene.2024.08.177","Core Hybrid","EUR","2,500.00"
"10.1016/j.ijhydene.2024.08.201","Core Hybrid","EUR","2,500.00"
"10.1016/j.ijhydene.2024.08.231","Core Hybrid","EUR","2,500.00"
"10.1016/j.ijhydene.2024.08.384","Core Hybrid","EUR","2,500.00"
"10.1016/j.ijhydene.2024.08.402","Core Hybrid","EUR","2,500.00"
"10.1016/j.ijhydene.2024.08.478","Core Hybrid","EUR","2,500.00"
"10.1016/j.ijhydene.2024.08.501","Core Hybrid","EUR","2,500.00"
"10.1016/j.ijhydene.2024.09.028","Core Hybrid","EUR","2,500.00"
"10.1016/j.ijhydene.2024.09.136","Core Hybrid","EUR","2,500.00"
"10.1016/j.ijhydene.2024.09.191","Core Hybrid","EUR","2,500.00"
"10.1016/j.ijhydene.2024.09.206","Core Hybrid","EUR","2,500.00"
"10.1016/j.ijhydene.2024.09.243","Core Hybrid","EUR","2,500.00"
"10.1016/j.ijhydene.2024.09.268","Core Hybrid","EUR","2,500.00"
"10.1016/j.ijhydene.2024.09.384","Core Hybrid","EUR","2,500.00"
"10.1016/j.ijhydene.2024.09.393","Core Hybrid","EUR","2,500.00"
"10.1016/j.ijhydene.2024.09.395","Core Hybrid","EUR","2,500.00"
"10.1016/j.ijhydene.2024.09.403","Core Hybrid","EUR","2,500.00"
"10.1016/j.ijhydene.2024.10.026","Core Hybrid","EUR","2,500.00"
"10.1016/j.ijhydene.2024.10.044","Core Hybrid","EUR","2,500.00"
"10.1016/j.ijhydene.2024.10.045","Core Hybrid","EUR","2,500.00"
"10.1016/j.ijhydene.2024.10.050","Core Hybrid","EUR","2,500.00"
"10.1016/j.ijhydene.2024.10.089","Core Hybrid","EUR","2,500.00"
"10.1016/j.ijhydene.2024.10.133","Core Hybrid","EUR","2,500.00"
"10.1016/j.ijhydene.2024.10.221","Core Hybrid","EUR","2,500.00"
"10.1016/j.ijhydene.2024.11.115","Core Hybrid","EUR","2,500.00"
"10.1016/j.ijhydene.2024.11.166","Core Hybrid","EUR","2,500.00"
"10.1016/j.ijhydene.2024.11.196","Core Hybrid","EUR","2,500.00"
"10.1016/j.ijhydene.2024.11.288","Core Hybrid","EUR","2,500.00"
"10.1016/j.ijhydene.2024.11.380","Core Hybrid","EUR","2,500.00"
"10.1016/j.ijhydene.2024.11.393","Core Hybrid","EUR","2,500.00"
"10.1016/j.ijhydene.2024.11.457","Core Hybrid","EUR","2,500.00"
"10.1016/j.ijhydene.2024.12.034","Core Hybrid","EUR","2,500.00"
"10.1016/j.ijhydene.2024.12.055","Core Hybrid","EUR","2,500.00"
"10.1016/j.ijhydene.2024.12.078","Core Hybrid","EUR","2,500.00"
"10.1016/j.ijhydene.2024.12.104","Core Hybrid","EUR","2,500.00"
"10.1016/j.ijhydene.2024.12.105","Core Hybrid","EUR","2,500.00"
"10.1016/j.ijid.2023.10.001","Core Gold","EUR","1,824.00"
"10.1016/j.ijid.2024.106997","Core Gold","EUR",496.00
"10.1016/j.ijid.2024.107013","Core Gold","EUR",496.00
"10.1016/j.ijid.2024.107017","Core Gold","EUR",496.00
"10.1016/j.ijid.2024.107026","Core Gold","EUR",496.00
"10.1016/j.ijid.2024.107057","Core Gold","EUR","1,824.00"
"10.1016/j.ijid.2024.107157","Core Gold","EUR","1,824.00"
"10.1016/j.ijid.2024.107161","Core Gold","EUR","1,824.00"
"10.1016/j.ijid.2024.107209","Core Gold","EUR",496.00
"10.1016/j.ijid.2024.107250","Core Gold","EUR","1,824.00"
"10.1016/j.ijid.2024.107253","Core Gold","EUR","1,824.00"
"10.1016/j.ijid.2024.107275","Core Gold","EUR","1,824.00"
"10.1016/j.ijidoh.2024.100040","Core Gold","EUR","1,280.00"
"10.1016/j.ijimpeng.2024.105055","Core Hybrid","EUR","2,500.00"
"10.1016/j.ijimpeng.2024.105087","Core Hybrid","EUR","2,500.00"
"10.1016/j.ijimpeng.2024.105149","Core Hybrid","EUR","2,500.00"
"10.1016/j.ijimpeng.2024.105154","Core Hybrid","EUR","2,500.00"
"10.1016/j.ijindorg.2023.103045","Core Hybrid","EUR","2,500.00"
"10.1016/j.ijindorg.2024.103070","Core Hybrid","EUR","2,500.00"
"10.1016/j.ijindorg.2024.103071","Core Hybrid","EUR","2,500.00"
"10.1016/j.ijindorg.2024.103085","Core Hybrid","EUR","2,500.00"
"10.1016/j.ijindorg.2024.103097","Core Hybrid","EUR","2,500.00"
"10.1016/j.ijindorg.2024.103114","Core Hybrid","EUR","2,500.00"
"10.1016/j.ijinfomgt.2024.102754","Core Hybrid","EUR","2,500.00"
"10.1016/j.ijinfomgt.2024.102801","Core Hybrid","EUR","2,500.00"
"10.1016/j.ijinfomgt.2024.102821","Core Hybrid","EUR","2,500.00"
"10.1016/j.ijintrel.2024.101943","Core Hybrid","EUR","2,500.00"
"10.1016/j.ijintrel.2024.101951","Core Hybrid","EUR","2,500.00"
"10.1016/j.ijintrel.2024.102006","Core Hybrid","EUR","2,500.00"
"10.1016/j.ijintrel.2024.102017","Core Hybrid","EUR","2,500.00"
"10.1016/j.ijintrel.2024.102049","Core Hybrid","EUR","2,500.00"
"10.1016/j.ijintrel.2024.102072","Core Hybrid","EUR","2,500.00"
"10.1016/j.ijintrel.2024.102126","Core Hybrid","EUR","2,500.00"
"10.1016/j.ijleo.2024.172054","Core Hybrid","EUR","2,500.00"
"10.1016/j.ijleo.2024.172109","Core Hybrid","EUR","2,500.00"
"10.1016/j.ijlp.2024.101973","Core Hybrid","EUR","2,500.00"
"10.1016/j.ijlp.2024.102040","Core Hybrid","EUR","2,500.00"
"10.1016/j.ijmachtools.2024.104233","Core Hybrid","EUR","2,500.00"
"10.1016/j.ijme.2024.101050","Core Hybrid","EUR","2,500.00"
"10.1016/j.ijme.2024.101068","Core Hybrid","EUR","2,500.00"
"10.1016/j.ijmecsci.2024.109094","Core Hybrid","EUR","2,500.00"
"10.1016/j.ijmecsci.2024.109103","Core Hybrid","EUR","2,500.00"
"10.1016/j.ijmecsci.2024.109294","Core Hybrid","EUR","2,500.00"
"10.1016/j.ijmecsci.2024.109307","Core Hybrid","EUR","2,500.00"
"10.1016/j.ijmecsci.2024.109380","Core Hybrid","EUR","2,500.00"
"10.1016/j.ijmecsci.2024.109443","Core Hybrid","EUR","2,500.00"
"10.1016/j.ijmecsci.2024.109470","Core Hybrid","EUR","2,500.00"
"10.1016/j.ijmecsci.2024.109525","Core Hybrid","EUR","2,500.00"
"10.1016/j.ijmecsci.2024.109551","Core Hybrid","EUR","2,500.00"
"10.1016/j.ijmecsci.2024.109570","Core Hybrid","EUR","2,500.00"
"10.1016/j.ijmecsci.2024.109625","Core Hybrid","EUR","2,500.00"
"10.1016/j.ijmecsci.2024.109640","Core Hybrid","EUR","2,500.00"
"10.1016/j.ijmecsci.2024.109737","Core Hybrid","EUR","2,500.00"
"10.1016/j.ijmecsci.2024.109749","Core Hybrid","EUR","2,500.00"
"10.1016/j.ijmecsci.2024.109772","Core Hybrid","EUR","2,500.00"
"10.1016/j.ijmecsci.2024.109909","Core Hybrid","EUR","2,500.00"
"10.1016/j.ijmedinf.2024.105387","Core Hybrid","EUR","2,500.00"
"10.1016/j.ijmedinf.2024.105394","Core Hybrid","EUR","2,500.00"
"10.1016/j.ijmedinf.2024.105414","Core Hybrid","EUR","2,500.00"
"10.1016/j.ijmedinf.2024.105486","Core Hybrid","EUR","2,500.00"
"10.1016/j.ijmedinf.2024.105524","Core Hybrid","EUR","2,500.00"
"10.1016/j.ijmedinf.2024.105531","Core Hybrid","EUR","2,500.00"
"10.1016/j.ijmedinf.2024.105545","Core Hybrid","EUR","2,500.00"
"10.1016/j.ijmedinf.2024.105611","Core Hybrid","EUR","2,500.00"
"10.1016/j.ijmedinf.2024.105646","Core Hybrid","EUR","2,500.00"
"10.1016/j.ijmedinf.2024.105651","Core Hybrid","EUR","2,500.00"
"10.1016/j.ijmedinf.2024.105679","Core Hybrid","EUR","2,500.00"
"10.1016/j.ijmedinf.2024.105684","Core Hybrid","EUR","2,500.00"
"10.1016/j.ijmedinf.2024.105690","Core Hybrid","EUR","2,500.00"
"10.1016/j.ijmm.2024.151598","Core Gold","EUR","1,816.00"
"10.1016/j.ijmm.2024.151600","Core Gold","EUR","1,888.00"
"10.1016/j.ijmm.2024.151601","Core Gold","EUR","1,888.00"
"10.1016/j.ijmm.2024.151602","Core Gold","EUR","1,816.00"
"10.1016/j.ijmm.2024.151603","Core Gold","EUR","1,888.00"
"10.1016/j.ijmm.2024.151604","Core Gold","EUR","1,888.00"
"10.1016/j.ijmm.2024.151606","Core Gold","EUR","1,888.00"
"10.1016/j.ijmm.2024.151607","Core Gold","EUR","1,652.00"
"10.1016/j.ijmm.2024.151608","Core Gold","EUR","1,888.00"
"10.1016/j.ijmm.2024.151609","Core Gold","EUR","1,888.00"
"10.1016/j.ijmm.2024.151610","Core Gold","EUR","1,652.00"
"10.1016/j.ijmm.2024.151611","Core Gold","EUR","1,888.00"
"10.1016/j.ijmm.2024.151612","Core Gold","EUR","1,888.00"
"10.1016/j.ijmm.2024.151614","Core Gold","EUR","1,888.00"
"10.1016/j.ijmm.2024.151639","Core Gold","EUR","1,920.00"
"10.1016/j.ijmm.2024.151641","Core Gold","EUR","1,920.00"
"10.1016/j.ijms.2024.117220","Core Hybrid","EUR","2,500.00"
"10.1016/j.ijms.2024.117232","Core Hybrid","EUR","2,500.00"
"10.1016/j.ijms.2024.117337","Core Hybrid","EUR","2,500.00"
"10.1016/j.ijmultiphaseflow.2024.104761","Core Hybrid","EUR","2,500.00"
"10.1016/j.ijmultiphaseflow.2024.104772","Core Hybrid","EUR","2,500.00"
"10.1016/j.ijmultiphaseflow.2024.104784","Core Hybrid","EUR","2,500.00"
"10.1016/j.ijmultiphaseflow.2024.104815","Core Hybrid","EUR","2,500.00"
"10.1016/j.ijmultiphaseflow.2024.104822","Core Hybrid","EUR","2,500.00"
"10.1016/j.ijmultiphaseflow.2024.104824","Core Hybrid","EUR","2,500.00"
"10.1016/j.ijmultiphaseflow.2024.104826","Core Hybrid","EUR","2,500.00"
"10.1016/j.ijmultiphaseflow.2024.104827","Core Hybrid","EUR","2,500.00"
"10.1016/j.ijmultiphaseflow.2024.104849","Core Hybrid","EUR","2,500.00"
"10.1016/j.ijmultiphaseflow.2024.104880","Core Hybrid","EUR","2,500.00"
"10.1016/j.ijmultiphaseflow.2024.104903","Core Hybrid","EUR","2,500.00"
"10.1016/j.ijmultiphaseflow.2024.104906","Core Hybrid","EUR","2,500.00"
"10.1016/j.ijmultiphaseflow.2024.104930","Core Hybrid","EUR","2,500.00"
"10.1016/j.ijmultiphaseflow.2024.104932","Core Hybrid","EUR","2,500.00"
"10.1016/j.ijmultiphaseflow.2024.104955","Core Hybrid","EUR","2,500.00"
"10.1016/j.ijmultiphaseflow.2024.104956","Core Hybrid","EUR","2,500.00"
"10.1016/j.ijmultiphaseflow.2024.104969","Core Hybrid","EUR","2,500.00"
"10.1016/j.ijmultiphaseflow.2024.104971","Core Hybrid","EUR","2,500.00"
"10.1016/j.ijmultiphaseflow.2024.104981","Core Hybrid","EUR","2,500.00"
"10.1016/j.ijmultiphaseflow.2024.104992","Core Hybrid","EUR","2,500.00"
"10.1016/j.ijmultiphaseflow.2024.105017","Core Hybrid","EUR","2,500.00"
"10.1016/j.ijmultiphaseflow.2024.105028","Core Hybrid","EUR","2,500.00"
"10.1016/j.ijmultiphaseflow.2024.105029","Core Hybrid","EUR","2,500.00"
"10.1016/j.ijnonlinmec.2024.104861","Core Hybrid","EUR","2,500.00"
"10.1016/j.ijnonlinmec.2024.104894","Core Hybrid","EUR","2,500.00"
"10.1016/j.ijnonlinmec.2024.104912","Core Hybrid","EUR","2,500.00"
"10.1016/j.ijnsa.2024.100207","Core Gold","EUR","1,856.00"
"10.1016/j.ijnsa.2024.100233","Core Gold","EUR","1,880.00"
"10.1016/j.ijnurstu.2024.104702","Core Hybrid","EUR","2,500.00"
"10.1016/j.ijnurstu.2024.104779","Core Hybrid","EUR","2,500.00"
"10.1016/j.ijnurstu.2024.104950","Core Hybrid","EUR","2,500.00"
"10.1016/j.ijom.2024.07.009","Core Hybrid","EUR","2,500.00"
"10.1016/j.ijom.2024.08.041","Core Hybrid","EUR","2,500.00"
"10.1016/j.ijom.2024.09.005","Core Hybrid","EUR","2,500.00"
"10.1016/j.ijom.2024.10.001","Core Hybrid","EUR","2,500.00"
"10.1016/j.ijpara.2024.01.004","Core Hybrid","EUR","2,500.00"
"10.1016/j.ijpara.2024.05.002","Core Hybrid","EUR","2,500.00"
"10.1016/j.ijpara.2024.06.004","Core Hybrid","EUR","2,500.00"
"10.1016/j.ijpddr.2024.100547","Core Gold","EUR","1,968.00"
"10.1016/j.ijpddr.2024.100572","Core Gold","EUR","1,968.00"
"10.1016/j.ijpe.2024.109146","Core Hybrid","EUR","2,500.00"
"10.1016/j.ijpe.2024.109193","Core Hybrid","EUR","2,500.00"
"10.1016/j.ijpe.2024.109235","Core Hybrid","EUR","2,500.00"
"10.1016/j.ijpe.2024.109312","Core Hybrid","EUR","2,500.00"
"10.1016/j.ijpe.2024.109349","Core Hybrid","EUR","2,500.00"
"10.1016/j.ijpe.2024.109494","Core Hybrid","EUR","2,500.00"
"10.1016/j.ijpharm.2024.123792","Core Hybrid","EUR","2,500.00"
"10.1016/j.ijpharm.2024.123846","Core Hybrid","EUR","2,500.00"
"10.1016/j.ijpharm.2024.123946","Core Hybrid","EUR","2,500.00"
"10.1016/j.ijpharm.2024.123977","Core Hybrid","EUR","2,500.00"
"10.1016/j.ijpharm.2024.124131","Core Hybrid","EUR","2,500.00"
"10.1016/j.ijpharm.2024.124227","Core Hybrid","EUR","2,500.00"
"10.1016/j.ijpharm.2024.124278","Core Hybrid","EUR","2,500.00"
"10.1016/j.ijpharm.2024.124290","Core Hybrid","EUR","2,500.00"
"10.1016/j.ijpharm.2024.124329","Core Hybrid","EUR","2,500.00"
"10.1016/j.ijpharm.2024.124372","Core Hybrid","EUR","2,500.00"
"10.1016/j.ijpharm.2024.124491","Core Hybrid","EUR","2,500.00"
"10.1016/j.ijpharm.2024.124737","Core Hybrid","EUR","2,500.00"
"10.1016/j.ijpharm.2024.124903","Core Hybrid","EUR","2,500.00"
"10.1016/j.ijpharm.2024.124912","Core Hybrid","EUR","2,500.00"
"10.1016/j.ijpharm.2024.124948","Core Hybrid","EUR","2,500.00"
"10.1016/j.ijpharm.2024.124986","Core Hybrid","EUR","2,500.00"
"10.1016/j.ijpharm.2024.125017","Core Hybrid","EUR","2,500.00"
"10.1016/j.ijpharm.2024.125102","Core Hybrid","EUR","2,500.00"
"10.1016/j.ijplas.2024.103883","Core Hybrid","EUR","2,500.00"
"10.1016/j.ijplas.2024.103942","Core Hybrid","EUR","2,500.00"
"10.1016/j.ijplas.2024.103969","Core Hybrid","EUR","2,500.00"
"10.1016/j.ijplas.2024.104037","Core Hybrid","EUR","2,500.00"
"10.1016/j.ijplas.2024.104158","Core Hybrid","EUR","2,500.00"
"10.1016/j.ijplas.2024.104183","Core Hybrid","EUR","2,500.00"
"10.1016/j.ijplas.2024.104189","Core Hybrid","EUR","2,500.00"
"10.1016/j.ijplas.2024.104201","Core Hybrid","EUR","2,500.00"
"10.1016/j.ijporl.2024.111865","Core Hybrid","EUR","2,500.00"
"10.1016/j.ijpp.2024.01.001","Core Hybrid","EUR","2,500.00"
"10.1016/j.ijppaw.2023.100898","Core Gold","EUR","1,408.00"
"10.1016/j.ijppaw.2024.100911","Core Gold","EUR","1,408.00"
"10.1016/j.ijppaw.2024.100929","Core Gold","EUR","1,408.00"
"10.1016/j.ijppaw.2024.100935","Core Gold","EUR","1,408.00"
"10.1016/j.ijppaw.2024.100942","Core Gold","EUR","1,408.00"
"10.1016/j.ijppaw.2024.100972","Core Gold","EUR","1,408.00"
"10.1016/j.ijppaw.2024.100977","Core Gold","EUR","1,408.00"
"10.1016/j.ijppaw.2024.100978","Core Gold","EUR","1,408.00"
"10.1016/j.ijppaw.2024.100997","Core Gold","EUR","1,408.00"
"10.1016/j.ijppaw.2024.101009","Core Gold","EUR","1,408.00"
"10.1016/j.ijppaw.2024.101024","Core Gold","EUR","1,408.00"
"10.1016/j.ijppaw.2024.101033","Core Gold","EUR","1,408.00"
"10.1016/j.ijpsycho.2023.112247","Core Hybrid","EUR","2,500.00"
"10.1016/j.ijpsycho.2024.112355","Core Hybrid","EUR","2,500.00"
"10.1016/j.ijpsycho.2024.112386","Core Hybrid","EUR","2,500.00"
"10.1016/j.ijpsycho.2024.112480","Core Hybrid","EUR","2,500.00"
"10.1016/j.ijpsycho.2024.112488","Core Hybrid","EUR","2,500.00"
"10.1016/j.ijpt.2024.100626","Core Gold","EUR","1,240.00"
"10.1016/j.ijpt.2024.100636","Core Gold","EUR","1,240.00"
"10.1016/j.ijpt.2024.100638","Core Gold","EUR","1,240.00"
"10.1016/j.ijpvp.2024.105292","Core Hybrid","EUR","2,500.00"
"10.1016/j.ijpvp.2024.105319","Core Hybrid","EUR","2,500.00"
"10.1016/j.ijpx.2024.100243","Core Gold","EUR","1,944.00"
"10.1016/j.ijpx.2024.100255","Core Gold","EUR","1,944.00"
"10.1016/j.ijpx.2024.100263","Core Gold","EUR","1,968.00"
"10.1016/j.ijpx.2024.100269","Core Gold","EUR","1,968.00"
"10.1016/j.ijpx.2024.100273","Core Gold","EUR","1,776.00"
"10.1016/j.ijpx.2024.100299","Core Gold","EUR","1,840.00"
"10.1016/j.ijpx.2024.100303","Core Gold","EUR","1,840.00"
"10.1016/j.ijrefrig.2024.02.010","Core Hybrid","EUR","2,500.00"
"10.1016/j.ijrefrig.2024.03.006","Core Hybrid","EUR","2,500.00"
"10.1016/j.ijrefrig.2024.04.004","Core Hybrid","EUR","2,500.00"
"10.1016/j.ijrefrig.2024.04.017","Core Hybrid","EUR","2,500.00"
"10.1016/j.ijrefrig.2024.04.023","Core Hybrid","EUR","2,500.00"
"10.1016/j.ijrefrig.2024.06.027","Core Hybrid","EUR","2,500.00"
"10.1016/j.ijrefrig.2024.08.002","Core Hybrid","EUR","2,500.00"
"10.1016/j.ijrefrig.2024.09.028","Core Hybrid","EUR","2,500.00"
"10.1016/j.ijrefrig.2024.11.023","Core Hybrid","EUR","2,500.00"
"10.1016/j.ijrefrig.2024.11.034","Core Hybrid","EUR","2,500.00"
"10.1016/j.ijrefrig.2024.12.013","Core Hybrid","EUR","2,500.00"
"10.1016/j.ijregi.2024.100481","Core Gold","EUR","1,008.00"
"10.1016/j.ijregi.2024.100512","Core Gold","EUR","1,008.00"
"10.1016/j.ijregi.2024.100515","Core Gold","EUR","1,008.00"
"10.1016/j.ijresmar.2023.12.003","Core Hybrid","EUR","2,500.00"
"10.1016/j.ijresmar.2024.01.004","Core Hybrid","EUR","2,500.00"
"10.1016/j.ijresmar.2024.04.003","Core Hybrid","EUR","2,500.00"
"10.1016/j.ijresmar.2024.05.004","Core Hybrid","EUR","2,500.00"
"10.1016/j.ijresmar.2024.05.005","Core Hybrid","EUR","2,500.00"
"10.1016/j.ijresmar.2024.06.003","Core Hybrid","EUR","2,500.00"
"10.1016/j.ijresmar.2024.06.006","Core Hybrid","EUR","2,500.00"
"10.1016/j.ijresmar.2024.08.006","Core Hybrid","EUR","2,500.00"
"10.1016/j.ijresmar.2024.08.010","Core Hybrid","EUR","2,500.00"
"10.1016/j.ijresmar.2024.09.002","Core Hybrid","EUR","2,500.00"
"10.1016/j.ijresmar.2024.11.006","Core Hybrid","EUR","2,500.00"
"10.1016/j.ijresmar.2024.12.002","Core Hybrid","EUR","2,500.00"
"10.1016/j.ijresmar.2024.12.005","Core Hybrid","EUR","2,500.00"
"10.1016/j.ijrmhm.2024.106864","Core Hybrid","EUR","2,500.00"
"10.1016/j.ijrmhm.2024.106892","Core Hybrid","EUR","2,500.00"
"10.1016/j.ijrmms.2024.105907","Core Hybrid","EUR","2,500.00"
"10.1016/j.ijrobp.2023.09.024","Core Hybrid","EUR","2,500.00"
"10.1016/j.ijrobp.2023.12.042","Core Hybrid","EUR","2,500.00"
"10.1016/j.ijrobp.2023.12.044","Core Hybrid","EUR","2,500.00"
"10.1016/j.ijrobp.2024.01.009","Core Hybrid","EUR","2,500.00"
"10.1016/j.ijrobp.2024.01.200","Core Hybrid","EUR","2,500.00"
"10.1016/j.ijrobp.2024.02.025","Core Hybrid","EUR","2,500.00"
"10.1016/j.ijrobp.2024.02.030","Core Hybrid","EUR","2,500.00"
"10.1016/j.ijrobp.2024.02.047","Core Hybrid","EUR","2,500.00"
"10.1016/j.ijrobp.2024.03.004","Core Hybrid","EUR","2,500.00"
"10.1016/j.ijrobp.2024.03.015","Core Hybrid","EUR","2,500.00"
"10.1016/j.ijrobp.2024.04.015","Core Hybrid","EUR","2,500.00"
"10.1016/j.ijrobp.2024.05.004","Core Hybrid","EUR","2,500.00"
"10.1016/j.ijrobp.2024.05.025","Core Hybrid","EUR","2,500.00"
"10.1016/j.ijrobp.2024.07.2331","Core Hybrid","EUR","2,500.00"
"10.1016/j.ijrobp.2024.08.038","Core Hybrid","EUR","2,500.00"
"10.1016/j.ijrobp.2024.10.021","Core Hybrid","EUR","2,500.00"
"10.1016/j.ijrobp.2024.10.034","Core Hybrid","EUR","2,500.00"
"10.1016/j.ijrobp.2024.11.011","Core Hybrid","EUR","2,500.00"
"10.1016/j.ijrobp.2024.11.089","Core Hybrid","EUR","2,500.00"
"10.1016/j.ijscr.2024.109983","Core Gold","EUR",952.00
"10.1016/j.ijscr.2024.110247","Core Gold","EUR",952.00
"10.1016/j.ijsolstr.2023.112642","Core Hybrid","EUR","2,500.00"
"10.1016/j.ijsolstr.2024.112658","Core Hybrid","EUR","2,500.00"
"10.1016/j.ijsolstr.2024.112663","Core Hybrid","EUR","2,500.00"
"10.1016/j.ijsolstr.2024.112892","Core Hybrid","EUR","2,500.00"
"10.1016/j.ijsolstr.2024.113055","Core Hybrid","EUR","2,500.00"
"10.1016/j.ijsolstr.2024.113102","Core Hybrid","EUR","2,500.00"
"10.1016/j.ijsolstr.2024.113162","Core Hybrid","EUR","2,500.00"
"10.1016/j.ijthermalsci.2024.109066","Core Hybrid","EUR","2,500.00"
"10.1016/j.ijthermalsci.2024.109135","Core Hybrid","EUR","2,500.00"
"10.1016/j.im.2024.103920","Core Hybrid","EUR","2,500.00"
"10.1016/j.im.2024.103929","Core Hybrid","EUR","2,500.00"
"10.1016/j.im.2024.103965","Core Hybrid","EUR","2,500.00"
"10.1016/j.im.2024.104035","Core Hybrid","EUR","2,500.00"
"10.1016/j.imavis.2024.105347","Core Hybrid","EUR","2,500.00"
"10.1016/j.imlet.2024.106926","Core Hybrid","EUR","2,500.00"
"10.1016/j.immuni.2024.01.005","CP/TL Hybrid","EUR","6,450.00"
"10.1016/j.immuni.2024.04.008","CP/TL Hybrid","EUR","6,450.00"
"10.1016/j.immuni.2024.04.010","CP/TL Hybrid","EUR","6,450.00"
"10.1016/j.immuni.2024.04.016","CP/TL Hybrid","EUR","6,450.00"
"10.1016/j.immuni.2024.06.015","CP/TL Hybrid","EUR","6,450.00"
"10.1016/j.immuni.2024.07.001","CP/TL Hybrid","EUR","6,450.00"
"10.1016/j.immuni.2024.07.023","CP/TL Hybrid","EUR","6,450.00"
"10.1016/j.immuni.2024.08.005","CP/TL Hybrid","EUR","6,450.00"
"10.1016/j.immuni.2024.08.007","CP/TL Hybrid","EUR","6,450.00"
"10.1016/j.immuni.2024.09.003","CP/TL Hybrid","EUR","6,450.00"
"10.1016/j.immuni.2024.09.014","CP/TL Hybrid","EUR","6,450.00"
"10.1016/j.immuni.2024.10.012","CP/TL Hybrid","EUR","6,450.00"
"10.1016/j.immuni.2024.11.016","CP/TL Hybrid","EUR","6,450.00"
"10.1016/j.immuni.2024.11.023","CP/TL Hybrid","EUR","6,450.00"
"10.1016/j.imu.2024.101520","Core Gold","EUR","1,592.00"
"10.1016/j.imu.2024.101573","Core Gold","EUR","1,616.00"
"10.1016/j.indag.2024.01.002","Core Hybrid","EUR","2,500.00"
"10.1016/j.indag.2024.01.007","Core Hybrid","EUR","2,500.00"
"10.1016/j.indag.2024.04.002","Core Hybrid","EUR","2,500.00"
"10.1016/j.indag.2024.04.006","Core Hybrid","EUR","2,500.00"
"10.1016/j.indag.2024.05.001","Core Hybrid","EUR","2,500.00"
"10.1016/j.indag.2024.05.004","Core Hybrid","EUR","2,500.00"
"10.1016/j.indag.2024.05.007","Core Hybrid","EUR","2,500.00"
"10.1016/j.indag.2024.07.002","Core Hybrid","EUR","2,500.00"
"10.1016/j.indag.2024.07.003","Core Hybrid","EUR","2,500.00"
"10.1016/j.indag.2024.09.012","Core Hybrid","EUR","2,500.00"
"10.1016/j.indag.2024.11.005","Core Hybrid","EUR","2,500.00"
"10.1016/j.indag.2024.11.006","Core Hybrid","EUR","2,500.00"
"10.1016/j.indcrop.2024.118525","Core Hybrid","EUR","2,500.00"
"10.1016/j.indcrop.2024.119126","Core Hybrid","EUR","2,500.00"
"10.1016/j.indcrop.2024.119518","Core Hybrid","EUR","2,500.00"
"10.1016/j.indcrop.2024.119820","Core Hybrid","EUR","2,500.00"
"10.1016/j.indcrop.2024.119965","Core Gold","EUR","2,408.00"
"10.1016/j.indic.2024.100365","Core Gold","EUR","1,120.00"
"10.1016/j.indic.2024.100444","Core Gold","EUR","1,136.00"
"10.1016/j.indic.2024.100456","Core Gold","EUR","1,120.00"
"10.1016/j.indic.2024.100490","Core Gold","EUR","1,136.00"
"10.1016/j.indic.2024.100492","Core Gold","EUR","1,136.00"
"10.1016/j.indic.2024.100544","Core Gold","EUR","1,120.00"
"10.1016/j.indmarman.2024.01.005","Core Hybrid","EUR","2,500.00"
"10.1016/j.indmarman.2024.01.008","Core Hybrid","EUR","2,500.00"
"10.1016/j.indmarman.2024.01.009","Core Hybrid","EUR","2,500.00"
"10.1016/j.indmarman.2024.02.006","Core Hybrid","EUR","2,500.00"
"10.1016/j.indmarman.2024.03.006","Core Hybrid","EUR","2,500.00"
"10.1016/j.indmarman.2024.03.010","Core Hybrid","EUR","2,500.00"
"10.1016/j.indmarman.2024.04.006","Core Hybrid","EUR","2,500.00"
"10.1016/j.indmarman.2024.04.007","Core Hybrid","EUR","2,500.00"
"10.1016/j.indmarman.2024.05.010","Core Hybrid","EUR","2,500.00"
"10.1016/j.indmarman.2024.06.005","Core Hybrid","EUR","2,500.00"
"10.1016/j.indmarman.2024.07.009","Core Hybrid","EUR","2,500.00"
"10.1016/j.indmarman.2024.08.009","Core Hybrid","EUR","2,500.00"
"10.1016/j.indmarman.2024.09.004","Core Hybrid","EUR","2,500.00"
"10.1016/j.indmarman.2024.11.004","Core Hybrid","EUR","2,500.00"
"10.1016/j.indmarman.2024.11.010","Core Hybrid","EUR","2,500.00"
"10.1016/j.infbeh.2024.101995","Core Hybrid","EUR","2,500.00"
"10.1016/j.inffus.2024.102559","Core Hybrid","EUR","2,500.00"
"10.1016/j.infoandorg.2024.100503","Core Hybrid","EUR","2,500.00"
"10.1016/j.infoecopol.2024.101080","Core Hybrid","EUR","2,500.00"
"10.1016/j.infoecopol.2024.101102","Core Hybrid","EUR","2,500.00"
"10.1016/j.infpip.2024.100371","Core Gold","EUR",688.00
"10.1016/j.infpip.2024.100383","Core Gold","EUR",688.00
"10.1016/j.infpip.2024.100398","Core Gold","EUR",688.00
"10.1016/j.infpip.2024.100415","Core Gold","EUR",688.00
"10.1016/j.infrared.2024.105582","Core Hybrid","EUR","2,500.00"
"10.1016/j.infsof.2024.107520","Core Hybrid","EUR","2,500.00"
"10.1016/j.infsof.2024.107626","Core Hybrid","EUR","2,500.00"
"10.1016/j.infsof.2024.107650","Core Hybrid","EUR","2,500.00"
"10.1016/j.injury.2023.111096","Core Hybrid","EUR","2,500.00"
"10.1016/j.injury.2024.111392","Core Hybrid","EUR","2,500.00"
"10.1016/j.injury.2024.111486","Core Hybrid","EUR","2,500.00"
"10.1016/j.injury.2024.111494","Core Hybrid","EUR","2,500.00"
"10.1016/j.injury.2024.111520","Core Hybrid","EUR","2,500.00"
"10.1016/j.injury.2024.111714","Core Hybrid","EUR","2,500.00"
"10.1016/j.injury.2024.111790","Core Hybrid","EUR","2,500.00"
"10.1016/j.injury.2024.111876","Core Hybrid","EUR","2,500.00"
"10.1016/j.injury.2024.111924","Core Hybrid","EUR","2,500.00"
"10.1016/j.injury.2024.111971","Core Hybrid","EUR","2,500.00"
"10.1016/j.injury.2024.112020","Core Hybrid","EUR","2,500.00"
"10.1016/j.injury.2024.112043","Core Hybrid","EUR","2,500.00"
"10.1016/j.inoche.2024.112765","Core Hybrid","EUR","2,500.00"
"10.1016/j.inoche.2024.112965","Core Hybrid","EUR","2,500.00"
"10.1016/j.inoche.2024.113753","Core Hybrid","EUR","2,500.00"
"10.1016/j.ins.2024.121096","Core Hybrid","EUR","2,500.00"
"10.1016/j.insmatheco.2024.01.001","Core Hybrid","EUR","2,500.00"
"10.1016/j.insmatheco.2024.04.002","Core Hybrid","EUR","2,500.00"
"10.1016/j.insmatheco.2024.06.006","Core Hybrid","EUR","2,500.00"
"10.1016/j.insmatheco.2024.08.003","Core Hybrid","EUR","2,500.00"
"10.1016/j.intaccaudtax.2024.100600","Core Hybrid","EUR","2,500.00"
"10.1016/j.intaccaudtax.2024.100619","Core Hybrid","EUR","2,500.00"
"10.1016/j.inteco.2024.100495","Core Hybrid","EUR","2,500.00"
"10.1016/j.inteco.2024.100574","Core Hybrid","EUR","2,500.00"
"10.1016/j.intell.2024.101816","Core Hybrid","EUR","2,500.00"
"10.1016/j.intell.2024.101828","Core Hybrid","EUR","2,500.00"
"10.1016/j.intell.2024.101836","Core Hybrid","EUR","2,500.00"
"10.1016/j.intell.2024.101845","Core Hybrid","EUR","2,500.00"
"10.1016/j.intermet.2024.108277","Core Hybrid","EUR","2,500.00"
"10.1016/j.intermet.2024.108422","Core Hybrid","EUR","2,500.00"
"10.1016/j.intermet.2024.108479","Core Hybrid","EUR","2,500.00"
"10.1016/j.intermet.2024.108500","Core Hybrid","EUR","2,500.00"
"10.1016/j.intermet.2024.108577","Core Hybrid","EUR","2,500.00"
"10.1016/j.intfin.2024.101963","Core Hybrid","EUR","2,500.00"
"10.1016/j.intfin.2024.101983","Core Hybrid","EUR","2,500.00"
"10.1016/j.intimp.2024.112736","Core Hybrid","EUR","2,500.00"
"10.1016/j.invent.2024.100710","Core Gold","EUR","2,272.00"
"10.1016/j.invent.2024.100713","Core Gold","EUR","2,272.00"
"10.1016/j.invent.2024.100716","Core Gold","EUR","2,272.00"
"10.1016/j.invent.2024.100719","Core Gold","EUR","2,272.00"
"10.1016/j.invent.2024.100721","Core Gold","EUR","2,272.00"
"10.1016/j.invent.2024.100723","Core Gold","EUR","2,272.00"
"10.1016/j.invent.2024.100733","Core Gold","EUR","2,272.00"
"10.1016/j.invent.2024.100753","Core Gold","EUR","2,272.00"
"10.1016/j.invent.2024.100760","Core Gold","EUR","2,272.00"
"10.1016/j.invent.2024.100762","Core Gold","EUR","2,040.00"
"10.1016/j.invent.2024.100765","Core Gold","EUR","2,040.00"
"10.1016/j.invent.2024.100785","Core Gold","EUR","2,120.00"
"10.1016/j.invent.2024.100787","Core Gold","EUR","2,040.00"
"10.1016/j.invent.2024.100794","Core Gold","EUR","2,120.00"
"10.1016/j.iot.2024.101064","Core Hybrid","EUR","2,500.00"
"10.1016/j.iot.2024.101403","Core Hybrid","EUR","2,500.00"
"10.1016/j.iotech.2024.100727","Core Gold","EUR","2,310.40"
"10.1016/j.iotech.2024.100739","Core Gold","EUR","2,310.40"
"10.1016/j.ipl.2024.106481","Core Hybrid","EUR","2,500.00"
"10.1016/j.ipl.2024.106483","Core Hybrid","EUR","2,500.00"
"10.1016/j.ipl.2024.106488","Core Hybrid","EUR","2,500.00"
"10.1016/j.ipl.2024.106503","Core Hybrid","EUR","2,500.00"
"10.1016/j.ipl.2024.106531","Core Hybrid","EUR","2,500.00"
"10.1016/j.ipl.2024.106534","Core Hybrid","EUR","2,500.00"
"10.1016/j.ipm.2024.103670","Core Hybrid","EUR","2,500.00"
"10.1016/j.ipm.2024.103742","Core Hybrid","EUR","2,500.00"
"10.1016/j.iree.2024.100297","Core Hybrid","EUR","2,500.00"
"10.1016/j.iree.2024.100302","Core Hybrid","EUR","2,500.00"
"10.1016/j.iref.2024.01.062","Core Hybrid","EUR","2,500.00"
"10.1016/j.iref.2024.03.039","Core Hybrid","EUR","2,500.00"
"10.1016/j.iref.2024.04.024","Core Hybrid","EUR","2,500.00"
"10.1016/j.irfa.2024.103315","Core Hybrid","EUR","2,500.00"
"10.1016/j.irfa.2024.103357","Core Hybrid","EUR","2,500.00"
"10.1016/j.irfa.2024.103475","Core Hybrid","EUR","2,500.00"
"10.1016/j.irfa.2024.103568","Core Hybrid","EUR","2,500.00"
"10.1016/j.irfa.2024.103592","Core Hybrid","EUR","2,500.00"
"10.1016/j.irfa.2024.103696","Core Hybrid","EUR","2,500.00"
"10.1016/j.irfa.2024.103721","Core Hybrid","EUR","2,500.00"
"10.1016/j.irfa.2024.103734","Core Hybrid","EUR","2,500.00"
"10.1016/j.irle.2024.106189","Core Hybrid","EUR","2,500.00"
"10.1016/j.irle.2024.106196","Core Hybrid","EUR","2,500.00"
"10.1016/j.irle.2024.106231","Core Hybrid","EUR","2,500.00"
"10.1016/j.irle.2024.106235","Core Hybrid","EUR","2,500.00"
"10.1016/j.is.2024.102386","Core Hybrid","EUR","2,500.00"
"10.1016/j.is.2024.102403","Core Hybrid","EUR","2,500.00"
"10.1016/j.is.2024.102404","Core Hybrid","EUR","2,500.00"
"10.1016/j.is.2024.102420","Core Hybrid","EUR","2,500.00"
"10.1016/j.is.2024.102424","Core Hybrid","EUR","2,500.00"
"10.1016/j.is.2024.102461","Core Hybrid","EUR","2,500.00"
"10.1016/j.is.2024.102462","Core Hybrid","EUR","2,500.00"
"10.1016/j.is.2024.102474","Core Hybrid","EUR","2,500.00"
"10.1016/j.is.2024.102476","Core Hybrid","EUR","2,500.00"
"10.1016/j.is.2024.102493","Core Hybrid","EUR","2,500.00"
"10.1016/j.isatra.2024.01.007","Core Hybrid","EUR","2,500.00"
"10.1016/j.isatra.2024.08.001","Core Hybrid","EUR","2,500.00"
"10.1016/j.isci.2023.107917","CP/TL Gold","EUR","2,397.00"
"10.1016/j.isci.2023.108014","CP/TL Gold","EUR","2,210.00"
"10.1016/j.isci.2023.108253","CP/TL Gold","EUR","2,397.00"
"10.1016/j.isci.2023.108264","CP/TL Gold","EUR","2,397.00"
"10.1016/j.isci.2023.108401","CP/TL Gold","EUR","2,397.00"
"10.1016/j.isci.2023.108640","CP/TL Gold","EUR","2,397.00"
"10.1016/j.isci.2023.108656","CP/TL Gold","EUR","2,397.00"
"10.1016/j.isci.2023.108679","CP/TL Gold","EUR","2,397.00"
"10.1016/j.isci.2023.108725","CP/TL Gold","EUR","2,397.00"
"10.1016/j.isci.2023.108775","CP/TL Gold","EUR","2,397.00"
"10.1016/j.isci.2024.108839","CP/TL Gold","EUR","2,397.00"
"10.1016/j.isci.2024.108841","CP/TL Gold","EUR","2,397.00"
"10.1016/j.isci.2024.108846","CP/TL Gold","EUR","2,397.00"
"10.1016/j.isci.2024.108849","CP/TL Gold","EUR","2,397.00"
"10.1016/j.isci.2024.108889","CP/TL Gold","EUR","2,397.00"
"10.1016/j.isci.2024.108898","CP/TL Gold","EUR","2,210.00"
"10.1016/j.isci.2024.108940","CP/TL Gold","EUR","2,397.00"
"10.1016/j.isci.2024.108943","CP/TL Gold","EUR","2,397.00"
"10.1016/j.isci.2024.108954","CP/TL Gold","EUR","2,397.00"
"10.1016/j.isci.2024.109023","CP/TL Gold","EUR","2,278.00"
"10.1016/j.isci.2024.109036","CP/TL Gold","EUR","2,397.00"
"10.1016/j.isci.2024.109123","CP/TL Gold","EUR","2,397.00"
"10.1016/j.isci.2024.109150","CP/TL Gold","EUR","2,397.00"
"10.1016/j.isci.2024.109167","CP/TL Gold","EUR","2,397.00"
"10.1016/j.isci.2024.109173","CP/TL Gold","EUR","2,397.00"
"10.1016/j.isci.2024.109255","CP/TL Gold","EUR","2,397.00"
"10.1016/j.isci.2024.109269","CP/TL Gold","EUR","2,397.00"
"10.1016/j.isci.2024.109276","CP/TL Gold","EUR","2,397.00"
"10.1016/j.isci.2024.109320","CP/TL Gold","EUR","2,397.00"
"10.1016/j.isci.2024.109330","CP/TL Gold","EUR","2,397.00"
"10.1016/j.isci.2024.109364","CP/TL Gold","EUR","2,397.00"
"10.1016/j.isci.2024.109386","CP/TL Gold","EUR","2,397.00"
"10.1016/j.isci.2024.109410","CP/TL Gold","EUR","2,256.00"
"10.1016/j.isci.2024.109415","CP/TL Gold","EUR","1,410.00"
"10.1016/j.isci.2024.109421","CP/TL Gold","EUR","2,397.00"
"10.1016/j.isci.2024.109462","CP/TL Gold","EUR","2,397.00"
"10.1016/j.isci.2024.109484","CP/TL Gold","EUR","2,397.00"
"10.1016/j.isci.2024.109487","CP/TL Gold","EUR","2,397.00"
"10.1016/j.isci.2024.109519","CP/TL Gold","EUR","2,397.00"
"10.1016/j.isci.2024.109521","CP/TL Gold","EUR","1,410.00"
"10.1016/j.isci.2024.109575","CP/TL Gold","EUR","2,397.00"
"10.1016/j.isci.2024.109642","CP/TL Gold","EUR","2,397.00"
"10.1016/j.isci.2024.109696","CP/TL Gold","EUR","2,397.00"
"10.1016/j.isci.2024.109711","CP/TL Gold","EUR","2,397.00"
"10.1016/j.isci.2024.109746","CP/TL Gold","EUR","2,397.00"
"10.1016/j.isci.2024.109765","CP/TL Gold","EUR","1,410.00"
"10.1016/j.isci.2024.109767","CP/TL Gold","EUR","2,397.00"
"10.1016/j.isci.2024.109776","CP/TL Gold","EUR","2,397.00"
"10.1016/j.isci.2024.109819","CP/TL Gold","EUR","2,397.00"
"10.1016/j.isci.2024.109856","CP/TL Gold","EUR","2,397.00"
"10.1016/j.isci.2024.109935","CP/TL Gold","EUR","2,397.00"
"10.1016/j.isci.2024.110081","CP/TL Gold","EUR","2,397.00"
"10.1016/j.isci.2024.110090","CP/TL Gold","EUR","2,397.00"
"10.1016/j.isci.2024.110106","CP/TL Gold","EUR","2,397.00"
"10.1016/j.isci.2024.110133","CP/TL Gold","EUR","2,397.00"
"10.1016/j.isci.2024.110134","CP/TL Gold","EUR","1,410.00"
"10.1016/j.isci.2024.110136","CP/TL Gold","EUR","2,397.00"
"10.1016/j.isci.2024.110138","CP/TL Gold","EUR","2,397.00"
"10.1016/j.isci.2024.110201","CP/TL Gold","EUR","2,397.00"
"10.1016/j.isci.2024.110203","CP/TL Gold","EUR","2,397.00"
"10.1016/j.isci.2024.110209","CP/TL Gold","EUR","2,397.00"
"10.1016/j.isci.2024.110215","CP/TL Gold","EUR","2,397.00"
"10.1016/j.isci.2024.110229","CP/TL Gold","EUR","2,397.00"
"10.1016/j.isci.2024.110258","CP/TL Gold","EUR","2,210.00"
"10.1016/j.isci.2024.110291","CP/TL Gold","EUR","2,397.00"
"10.1016/j.isci.2024.110299","CP/TL Gold","EUR","2,397.00"
"10.1016/j.isci.2024.110333","CP/TL Gold","EUR","2,397.00"
"10.1016/j.isci.2024.110361","CP/TL Gold","EUR","2,397.00"
"10.1016/j.isci.2024.110470","CP/TL Gold","EUR","2,397.00"
"10.1016/j.isci.2024.110472","CP/TL Gold","EUR","2,397.00"
"10.1016/j.isci.2024.110530","CP/TL Gold","EUR","2,397.00"
"10.1016/j.isci.2024.110547","CP/TL Gold","EUR","2,397.00"
"10.1016/j.isci.2024.110552","CP/TL Gold","EUR","2,397.00"
"10.1016/j.isci.2024.110582","CP/TL Gold","EUR","1,410.00"
"10.1016/j.isci.2024.110603","CP/TL Gold","EUR","2,397.00"
"10.1016/j.isci.2024.110609","CP/TL Gold","EUR","2,397.00"
"10.1016/j.isci.2024.110611","CP/TL Gold","EUR","2,397.00"
"10.1016/j.isci.2024.110620","CP/TL Gold","EUR","2,397.00"
"10.1016/j.isci.2024.110630","CP/TL Gold","EUR","2,397.00"
"10.1016/j.isci.2024.110687","CP/TL Gold","EUR","2,397.00"
"10.1016/j.isci.2024.110700","CP/TL Gold","EUR","2,397.00"
"10.1016/j.isci.2024.110720","CP/TL Gold","EUR","2,397.00"
"10.1016/j.isci.2024.110722","CP/TL Gold","EUR","2,397.00"
"10.1016/j.isci.2024.110762","CP/TL Gold","EUR","2,397.00"
"10.1016/j.isci.2024.110774","CP/TL Gold","EUR","2,397.00"
"10.1016/j.isci.2024.110913","CP/TL Gold","EUR","2,397.00"
"10.1016/j.isci.2024.110918","CP/TL Gold","EUR","2,397.00"
"10.1016/j.isci.2024.110920","CP/TL Gold","EUR","2,397.00"
"10.1016/j.isci.2024.110938","CP/TL Gold","EUR","2,397.00"
"10.1016/j.isci.2024.110977","CP/TL Gold","EUR","1,410.00"
"10.1016/j.isci.2024.110985","CP/TL Gold","EUR","2,397.00"
"10.1016/j.isci.2024.110995","CP/TL Gold","EUR","1,410.00"
"10.1016/j.isci.2024.110997","CP/TL Gold","EUR","2,397.00"
"10.1016/j.isci.2024.111007","CP/TL Gold","EUR","2,397.00"
"10.1016/j.isci.2024.111008","CP/TL Gold","EUR","2,397.00"
"10.1016/j.isci.2024.111025","CP/TL Gold","EUR","2,397.00"
"10.1016/j.isci.2024.111043","CP/TL Gold","EUR","2,397.00"
"10.1016/j.isci.2024.111050","CP/TL Gold","EUR","2,397.00"
"10.1016/j.isci.2024.111100","CP/TL Gold","EUR","2,397.00"
"10.1016/j.isci.2024.111119","CP/TL Gold","EUR","2,397.00"
"10.1016/j.isci.2024.111168","CP/TL Gold","EUR","2,397.00"
"10.1016/j.isci.2024.111180","CP/TL Gold","EUR","2,397.00"
"10.1016/j.isci.2024.111188","CP/TL Gold","EUR","2,397.00"
"10.1016/j.isci.2024.111199","CP/TL Gold","EUR","2,397.00"
"10.1016/j.isci.2024.111242","CP/TL Gold","EUR","2,397.00"
"10.1016/j.isci.2024.111249","CP/TL Gold","EUR","2,397.00"
"10.1016/j.isci.2024.111265","CP/TL Gold","EUR","2,397.00"
"10.1016/j.isci.2024.111273","CP/TL Gold","EUR","2,397.00"
"10.1016/j.isci.2024.111276","CP/TL Gold","EUR","2,397.00"
"10.1016/j.isci.2024.111280","CP/TL Gold","EUR","2,397.00"
"10.1016/j.isci.2024.111297","CP/TL Gold","EUR","2,397.00"
"10.1016/j.isci.2024.111317","CP/TL Gold","EUR","2,465.00"
"10.1016/j.isci.2024.111329","CP/TL Gold","EUR","2,397.00"
"10.1016/j.isci.2024.111341","CP/TL Gold","EUR","2,256.00"
"10.1016/j.isci.2024.111365","CP/TL Gold","EUR","2,397.00"
"10.1016/j.isci.2024.111425","CP/TL Gold","EUR","2,397.00"
"10.1016/j.isci.2024.111467","CP/TL Gold","EUR","2,397.00"
"10.1016/j.isci.2024.111493","CP/TL Gold","EUR","2,397.00"
"10.1016/j.isci.2024.111514","CP/TL Gold","EUR","2,465.00"
"10.1016/j.isci.2024.111523","CP/TL Gold","EUR","2,397.00"
"10.1016/j.isci.2024.111542","CP/TL Gold","EUR","2,397.00"
"10.1016/j.isci.2024.111572","CP/TL Gold","EUR","2,397.00"
"10.1016/j.isci.2024.111615","CP/TL Gold","EUR","2,465.00"
"10.1016/j.isci.2024.111646","CP/TL Gold","EUR","2,397.00"
"10.1016/j.isci.2024.111670","CP/TL Gold","EUR","2,397.00"
"10.1016/j.isci.2024.111695","CP/TL Gold","EUR","2,465.00"
"10.1016/j.isprsjprs.2024.02.004","Core Hybrid","EUR","2,500.00"
"10.1016/j.isprsjprs.2024.03.023","Core Hybrid","EUR","2,500.00"
"10.1016/j.isprsjprs.2024.04.010","Core Hybrid","EUR","2,500.00"
"10.1016/j.isprsjprs.2024.04.015","Core Hybrid","EUR","2,500.00"
"10.1016/j.isprsjprs.2024.04.026","Core Hybrid","EUR","2,500.00"
"10.1016/j.isprsjprs.2024.05.004","Core Hybrid","EUR","2,500.00"
"10.1016/j.isprsjprs.2024.05.020","Core Hybrid","EUR","2,500.00"
"10.1016/j.isprsjprs.2024.06.018","Core Hybrid","EUR","2,500.00"
"10.1016/j.isprsjprs.2024.07.009","Core Hybrid","EUR","2,500.00"
"10.1016/j.isprsjprs.2024.07.032","Core Hybrid","EUR","2,500.00"
"10.1016/j.isprsjprs.2024.08.014","Core Hybrid","EUR","2,500.00"
"10.1016/j.isprsjprs.2024.09.031","Core Hybrid","EUR","2,500.00"
"10.1016/j.isprsjprs.2024.09.037","Core Hybrid","EUR","2,500.00"
"10.1016/j.isprsjprs.2024.10.020","Core Hybrid","EUR","2,500.00"
"10.1016/j.isprsjprs.2024.10.030","Core Hybrid","EUR","2,500.00"
"10.1016/j.isprsjprs.2024.12.007","Core Hybrid","EUR","2,500.00"
"10.1016/j.istruc.2024.105943","Core Hybrid","EUR","2,500.00"
"10.1016/j.istruc.2024.106042","Core Hybrid","EUR","2,500.00"
"10.1016/j.istruc.2024.106566","Core Hybrid","EUR","2,500.00"
"10.1016/j.istruc.2024.106811","Core Hybrid","EUR","2,500.00"
"10.1016/j.istruc.2024.107295","Core Hybrid","EUR","2,500.00"
"10.1016/j.istruc.2024.107504","Core Hybrid","EUR","2,500.00"
"10.1016/j.iswa.2024.200378","Core Gold","EUR",685.00
"10.1016/j.it.2024.01.002","CP/TL Hybrid","EUR","6,450.00"
"10.1016/j.it.2024.05.004","CP/TL Hybrid","EUR","6,450.00"
"10.1016/j.it.2024.05.008","CP/TL Hybrid","EUR","6,450.00"
"10.1016/j.it.2024.06.005","CP/TL Hybrid","EUR","6,450.00"
"10.1016/j.it.2024.06.006","CP/TL Hybrid","EUR","6,450.00"
"10.1016/j.it.2024.09.001","CP/TL Hybrid","EUR","2,500.00"
"10.1016/j.it.2024.09.007","CP/TL Hybrid","EUR","6,450.00"
"10.1016/j.it.2024.10.008","CP/TL Hybrid","EUR","6,450.00"
"10.1016/j.it.2024.11.009","CP/TL Hybrid","EUR","6,450.00"
"10.1016/j.jaac.2024.02.010","Core Hybrid","EUR","2,500.00"
"10.1016/j.jaac.2024.05.011","Core Hybrid","EUR","2,500.00"
"10.1016/j.jaac.2024.07.920","Core Hybrid","EUR","2,500.00"
"10.1016/j.jaac.2024.07.932","Core Hybrid","EUR","2,500.00"
"10.1016/j.jaad.2024.04.033","Core Hybrid","EUR","2,500.00"
"10.1016/j.jaad.2024.05.087","Core Hybrid","EUR","2,500.00"
"10.1016/j.jaad.2024.08.037","Core Hybrid","EUR","2,500.00"
"10.1016/j.jaad.2024.09.036","Core Hybrid","EUR","2,500.00"
"10.1016/j.jaap.2024.106432","Core Hybrid","EUR","2,500.00"
"10.1016/j.jaap.2024.106628","Core Hybrid","EUR","2,500.00"
"10.1016/j.jaap.2024.106658","Core Hybrid","EUR","2,500.00"
"10.1016/j.jaap.2024.106764","Core Hybrid","EUR","2,500.00"
"10.1016/j.jacadv.2023.100688","Core Gold","EUR","1,864.00"
"10.1016/j.jacadv.2024.101389","Core Gold","EUR",952.00
"10.1016/j.jacep.2024.07.011","Core Hybrid","EUR","2,500.00"
"10.1016/j.jacep.2024.102332","Core Hybrid","EUR","2,500.00"
"10.1016/j.jaci.2024.01.016","Core Hybrid","EUR","2,500.00"
"10.1016/j.jaci.2024.01.030","Core Hybrid","EUR","2,500.00"
"10.1016/j.jaci.2024.03.022","Core Hybrid","EUR","2,500.00"
"10.1016/j.jaci.2024.04.016","Core Hybrid","EUR","2,500.00"
"10.1016/j.jaci.2024.06.003","Core Hybrid","EUR","2,500.00"
"10.1016/j.jaci.2024.06.016","Core Hybrid","EUR","2,500.00"
"10.1016/j.jaci.2024.06.024","Core Hybrid","EUR","2,500.00"
"10.1016/j.jaci.2024.07.026","Core Hybrid","EUR","2,500.00"
"10.1016/j.jaci.2024.09.016","Core Hybrid","EUR","2,500.00"
"10.1016/j.jaci.2024.10.031","Core Hybrid","EUR","2,500.00"
"10.1016/j.jaci.2024.10.035","Core Hybrid","EUR","2,500.00"
"10.1016/j.jaci.2024.11.036","Core Hybrid","EUR","2,500.00"
"10.1016/j.jacig.2024.100355","Core Gold","EUR",910.00
"10.1016/j.jacl.2024.04.134","Core Hybrid","EUR","2,500.00"
"10.1016/j.jad.2024.01.040","Core Hybrid","EUR","2,500.00"
"10.1016/j.jad.2024.01.060","Core Hybrid","EUR","2,500.00"
"10.1016/j.jad.2024.01.063","Core Hybrid","EUR","2,500.00"
"10.1016/j.jad.2024.01.094","Core Hybrid","EUR","2,500.00"
"10.1016/j.jad.2024.01.138","Core Hybrid","EUR","2,500.00"
"10.1016/j.jad.2024.01.165","Core Hybrid","EUR","2,500.00"
"10.1016/j.jad.2024.01.221","Core Hybrid","EUR","2,500.00"
"10.1016/j.jad.2024.02.019","Core Hybrid","EUR","2,500.00"
"10.1016/j.jad.2024.02.041","Core Hybrid","EUR","2,500.00"
"10.1016/j.jad.2024.02.068","Core Hybrid","EUR","2,500.00"
"10.1016/j.jad.2024.03.037","Core Hybrid","EUR","2,500.00"
"10.1016/j.jad.2024.03.119","Core Hybrid","EUR","2,500.00"
"10.1016/j.jad.2024.03.131","Core Hybrid","EUR","2,500.00"
"10.1016/j.jad.2024.04.020","Core Hybrid","EUR","2,500.00"
"10.1016/j.jad.2024.04.067","Core Hybrid","EUR","2,500.00"
"10.1016/j.jad.2024.04.089","Core Hybrid","EUR","2,500.00"
"10.1016/j.jad.2024.05.059","Core Hybrid","EUR","2,500.00"
"10.1016/j.jad.2024.05.125","Core Hybrid","EUR","2,500.00"
"10.1016/j.jad.2024.05.126","Core Hybrid","EUR","2,500.00"
"10.1016/j.jad.2024.06.055","Core Hybrid","EUR","2,500.00"
"10.1016/j.jad.2024.07.055","Core Hybrid","EUR","2,500.00"
"10.1016/j.jad.2024.07.084","Core Hybrid","EUR","2,500.00"
"10.1016/j.jad.2024.08.093","Core Hybrid","EUR","2,500.00"
"10.1016/j.jad.2024.08.166","Core Hybrid","EUR","2,500.00"
"10.1016/j.jad.2024.09.002","Core Hybrid","EUR","2,500.00"
"10.1016/j.jad.2024.09.007","Core Hybrid","EUR","2,500.00"
"10.1016/j.jad.2024.09.055","Core Hybrid","EUR","2,500.00"
"10.1016/j.jad.2024.09.080","Core Hybrid","EUR","2,500.00"
"10.1016/j.jad.2024.09.084","Core Hybrid","EUR","2,500.00"
"10.1016/j.jad.2024.09.110","Core Hybrid","EUR","2,500.00"
"10.1016/j.jad.2024.09.146","Core Hybrid","EUR","2,500.00"
"10.1016/j.jad.2024.10.045","Core Hybrid","EUR","2,500.00"
"10.1016/j.jad.2024.10.056","Core Hybrid","EUR","2,500.00"
"10.1016/j.jad.2024.10.103","Core Hybrid","EUR","2,500.00"
"10.1016/j.jad.2024.11.045","Core Hybrid","EUR","2,500.00"
"10.1016/j.jad.2024.11.077","Core Hybrid","EUR","2,500.00"
"10.1016/j.jad.2024.12.016","Core Hybrid","EUR","2,500.00"
"10.1016/j.jad.2024.12.045","Core Hybrid","EUR","2,500.00"
"10.1016/j.jad.2024.12.055","Core Hybrid","EUR","2,500.00"
"10.1016/j.jad.2024.12.083","Core Hybrid","EUR","2,500.00"
"10.1016/j.jadohealth.2024.06.012","Core Hybrid","EUR","2,500.00"
"10.1016/j.jadohealth.2024.07.028","Core Hybrid","EUR","2,500.00"
"10.1016/j.jadr.2024.100822","Core Gold","EUR","1,055.00"
"10.1016/j.jadr.2024.100843","Core Gold","EUR","1,055.00"
"10.1016/j.jadr.2024.100844","Core Gold","EUR","1,055.00"
"10.1016/j.jadr.2024.100855","Core Gold","EUR","1,055.00"
"10.1016/j.jadr.2024.100862","Core Gold","EUR","1,055.00"
"10.1016/j.jaecs.2024.100294","Core Gold","EUR","1,360.00"
"10.1016/j.jaecs.2024.100299","Core Gold","EUR","1,360.00"
"10.1016/j.jaerosci.2024.106345","Core Hybrid","EUR","2,500.00"
"10.1016/j.jaerosci.2024.106380","Core Hybrid","EUR","2,500.00"
"10.1016/j.jaerosci.2024.106460","Core Hybrid","EUR","2,500.00"
"10.1016/j.jaerosci.2024.106476","Core Hybrid","EUR","2,500.00"
"10.1016/j.jaerosci.2024.106480","Core Hybrid","EUR","2,500.00"
"10.1016/j.jafr.2024.101114","Core Gold","EUR","1,376.00"
"10.1016/j.jafr.2024.101243","Core Gold","EUR","1,376.00"
"10.1016/j.jafr.2024.101248","Core Gold","EUR","1,376.00"
"10.1016/j.jafr.2024.101274","Core Gold","EUR","1,376.00"
"10.1016/j.jafr.2024.101366","Core Gold","EUR","1,376.00"
"10.1016/j.jafr.2024.101443","Core Gold","EUR","1,204.00"
"10.1016/j.jafr.2024.101466","Core Gold","EUR","1,376.00"
"10.1016/j.jafr.2024.101479","Core Gold","EUR","1,376.00"
"10.1016/j.jafr.2024.101563","Core Gold","EUR","1,376.00"
"10.1016/j.jafr.2024.101579","Core Gold","EUR","1,600.00"
"10.1016/j.jag.2024.103705","Core Gold","EUR","1,928.00"
"10.1016/j.jag.2024.103795","Core Gold","EUR","1,928.00"
"10.1016/j.jag.2024.103865","Core Gold","EUR","1,928.00"
"10.1016/j.jag.2024.103867","Core Gold","EUR","2,024.00"
"10.1016/j.jag.2024.103897","Core Gold","EUR","2,024.00"
"10.1016/j.jag.2024.103983","Core Gold","EUR","2,056.00"
"10.1016/j.jag.2024.104068","Core Gold","EUR","2,056.00"
"10.1016/j.jag.2024.104100","Core Gold","EUR","2,056.00"
"10.1016/j.jag.2024.104159","Core Gold","EUR","2,056.00"
"10.1016/j.jag.2024.104250","Core Gold","EUR","2,056.00"
"10.1016/j.jag.2024.104252","Core Gold","EUR","2,024.00"
"10.1016/j.jag.2024.104257","Core Gold","EUR","2,056.00"
"10.1016/j.jaging.2024.101206","Core Hybrid","EUR","2,500.00"
"10.1016/j.jaging.2024.101249","Core Hybrid","EUR","2,500.00"
"10.1016/j.jagp.2024.03.015","Core Hybrid","EUR","2,500.00"
"10.1016/j.jagp.2024.05.006","Core Hybrid","EUR","2,500.00"
"10.1016/j.jaip.2024.03.010","Core Hybrid","EUR","2,500.00"
"10.1016/j.jaip.2024.03.024","Core Hybrid","EUR","2,500.00"
"10.1016/j.jaip.2024.03.036","Core Hybrid","EUR","2,500.00"
"10.1016/j.jaip.2024.04.027","Core Hybrid","EUR","2,500.00"
"10.1016/j.jaip.2024.05.037","Core Hybrid","EUR","2,500.00"
"10.1016/j.jaip.2024.05.052","Core Hybrid","EUR","2,500.00"
"10.1016/j.jaip.2024.06.040","Core Hybrid","EUR","2,500.00"
"10.1016/j.jaip.2024.07.023","Core Hybrid","EUR","2,500.00"
"10.1016/j.jaip.2024.08.036","Core Hybrid","EUR","2,500.00"
"10.1016/j.jaip.2024.09.001","Core Hybrid","EUR","2,500.00"
"10.1016/j.jaip.2024.09.012","Core Hybrid","EUR","2,500.00"
"10.1016/j.jaip.2024.09.015","Core Hybrid","EUR","2,500.00"
"10.1016/j.jaip.2024.10.011","Core Hybrid","EUR","2,500.00"
"10.1016/j.jaip.2024.10.015","Core Hybrid","EUR","2,500.00"
"10.1016/j.jaip.2024.10.029","Core Hybrid","EUR","2,500.00"
"10.1016/j.jaip.2024.10.044","Core Hybrid","EUR","2,500.00"
"10.1016/j.jaip.2024.11.021","Core Hybrid","EUR","2,500.00"
"10.1016/j.jairtraman.2024.102580","Core Hybrid","EUR","2,500.00"
"10.1016/j.jairtraman.2024.102601","Core Hybrid","EUR","2,500.00"
"10.1016/j.jairtraman.2024.102704","Core Hybrid","EUR","2,500.00"
"10.1016/j.jajp.2024.100203","Core Gold","EUR","1,392.00"
"10.1016/j.jajp.2024.100224","Core Gold","EUR","1,392.00"
"10.1016/j.jajp.2024.100227","Core Gold","EUR","1,392.00"
"10.1016/j.jajp.2024.100251","Core Gold","EUR","1,416.00"
"10.1016/j.jajp.2024.100253","Core Gold","EUR","1,416.00"
"10.1016/j.jajp.2024.100254","Core Gold","EUR",472.00
"10.1016/j.jajp.2024.100260","Core Gold","EUR","1,656.00"
"10.1016/j.jajp.2024.100262","Core Gold","EUR","1,416.00"
"10.1016/j.jajp.2024.100263","Core Gold","EUR","1,392.00"
"10.1016/j.jajp.2024.100269","Core Gold","EUR","1,656.00"
"10.1016/j.jajp.2024.100271","Core Gold","EUR","1,712.00"
"10.1016/j.jalgebra.2023.09.043","Core Hybrid","EUR","2,500.00"
"10.1016/j.jalgebra.2024.01.012","Core Hybrid","EUR","2,500.00"
"10.1016/j.jalgebra.2024.02.005","Core Hybrid","EUR","2,500.00"
"10.1016/j.jalgebra.2024.02.016","Core Hybrid","EUR","2,500.00"
"10.1016/j.jalgebra.2024.02.018","Core Hybrid","EUR","2,500.00"
"10.1016/j.jalgebra.2024.03.014","Core Hybrid","EUR","2,500.00"
"10.1016/j.jalgebra.2024.04.002","Core Hybrid","EUR","2,500.00"
"10.1016/j.jalgebra.2024.04.011","Core Hybrid","EUR","2,500.00"
"10.1016/j.jalgebra.2024.04.031","Core Hybrid","EUR","2,500.00"
"10.1016/j.jalgebra.2024.07.008","Core Hybrid","EUR","2,500.00"
"10.1016/j.jalgebra.2024.07.033","Core Hybrid","EUR","2,500.00"
"10.1016/j.jalgebra.2024.07.050","Core Hybrid","EUR","2,500.00"
"10.1016/j.jalgebra.2024.08.002","Core Hybrid","EUR","2,500.00"
"10.1016/j.jalgebra.2024.10.004","Core Hybrid","EUR","2,500.00"
"10.1016/j.jalgebra.2024.10.027","Core Hybrid","EUR","2,500.00"
"10.1016/j.jalgebra.2024.10.037","Core Hybrid","EUR","2,500.00"
"10.1016/j.jalgebra.2024.11.004","Core Hybrid","EUR","2,500.00"
"10.1016/j.jalgebra.2024.11.014","Core Hybrid","EUR","2,500.00"
"10.1016/j.jalgebra.2024.11.016","Core Hybrid","EUR","2,500.00"
"10.1016/j.jalgebra.2024.11.017","Core Hybrid","EUR","2,500.00"
"10.1016/j.jalgebra.2024.12.001","Core Hybrid","EUR","2,500.00"
"10.1016/j.jalgebra.2024.12.004","Core Hybrid","EUR","2,500.00"
"10.1016/j.jalgebra.2024.12.009","Core Hybrid","EUR","2,500.00"
"10.1016/j.jallcom.2024.173476","Core Hybrid","EUR","2,500.00"
"10.1016/j.jallcom.2024.173571","Core Hybrid","EUR","2,500.00"
"10.1016/j.jallcom.2024.174021","Core Hybrid","EUR","2,500.00"
"10.1016/j.jallcom.2024.174061","Core Hybrid","EUR","2,500.00"
"10.1016/j.jallcom.2024.174420","Core Hybrid","EUR","2,500.00"
"10.1016/j.jallcom.2024.174490","Core Hybrid","EUR","2,500.00"
"10.1016/j.jallcom.2024.174570","Core Hybrid","EUR","2,500.00"
"10.1016/j.jallcom.2024.174612","Core Hybrid","EUR","2,500.00"
"10.1016/j.jallcom.2024.175103","Core Hybrid","EUR","2,500.00"
"10.1016/j.jallcom.2024.175145","Core Hybrid","EUR","2,500.00"
"10.1016/j.jallcom.2024.175205","Core Hybrid","EUR","2,500.00"
"10.1016/j.jallcom.2024.175226","Core Hybrid","EUR","2,500.00"
"10.1016/j.jallcom.2024.175273","Core Hybrid","EUR","2,500.00"
"10.1016/j.jallcom.2024.175385","Core Hybrid","EUR","2,500.00"
"10.1016/j.jallcom.2024.175426","Core Hybrid","EUR","2,500.00"
"10.1016/j.jallcom.2024.175826","Core Hybrid","EUR","2,500.00"
"10.1016/j.jallcom.2024.176041","Core Hybrid","EUR","2,500.00"
"10.1016/j.jallcom.2024.176485","Core Hybrid","EUR","2,500.00"
"10.1016/j.jallcom.2024.176549","Core Hybrid","EUR","2,500.00"
"10.1016/j.jallcom.2024.177783","Core Hybrid","EUR","2,500.00"
"10.1016/j.jallcom.2024.177858","Core Hybrid","EUR","2,500.00"
"10.1016/j.jallcom.2024.178026","Core Hybrid","EUR","2,500.00"
"10.1016/j.jamda.2024.03.111","Core Hybrid","EUR","2,500.00"
"10.1016/j.jamda.2024.105235","Core Hybrid","EUR","2,500.00"
"10.1016/j.jand.2024.02.008","Core Hybrid","EUR","2,500.00"
"10.1016/j.janxdis.2023.102798","Core Hybrid","EUR","2,500.00"
"10.1016/j.janxdis.2024.102844","Core Hybrid","EUR","2,500.00"
"10.1016/j.janxdis.2024.102873","Core Hybrid","EUR","2,500.00"
"10.1016/j.janxdis.2024.102907","Core Hybrid","EUR","2,500.00"
"10.1016/j.janxdis.2024.102956","Core Hybrid","EUR","2,500.00"
"10.1016/j.jappgeo.2024.105490","Core Hybrid","EUR","2,500.00"
"10.1016/j.jappgeo.2024.105540","Core Hybrid","EUR","2,500.00"
"10.1016/j.jappgeo.2024.105549","Core Hybrid","EUR","2,500.00"
"10.1016/j.japr.2023.100401","Core Gold","EUR","1,456.00"
"10.1016/j.japr.2024.100402","Core Gold","EUR",728.00
"10.1016/j.jare.2024.01.005","Core Gold","EUR","1,456.00"
"10.1016/j.jaridenv.2024.105312","Core Hybrid","EUR","2,500.00"
"10.1016/j.jarmap.2024.100561","Core Hybrid","EUR","2,500.00"
"10.1016/j.jasrep.2024.104412","Core Hybrid","EUR","2,500.00"
"10.1016/j.jasrep.2024.104544","Core Hybrid","EUR","2,500.00"
"10.1016/j.jasrep.2024.104572","Core Hybrid","EUR","2,500.00"
"10.1016/j.jasrep.2024.104581","Core Hybrid","EUR","2,500.00"
"10.1016/j.jasrep.2024.104628","Core Hybrid","EUR","2,500.00"
"10.1016/j.jasrep.2024.104659","Core Hybrid","EUR","2,500.00"
"10.1016/j.jasrep.2024.104766","Core Hybrid","EUR","2,500.00"
"10.1016/j.jasrep.2024.104806","Core Hybrid","EUR","2,500.00"
"10.1016/j.jasrep.2024.104893","Core Hybrid","EUR","2,500.00"
"10.1016/j.jasrep.2024.104914","Core Hybrid","EUR","2,500.00"
"10.1016/j.jastp.2024.106274","Core Hybrid","EUR","2,500.00"
"10.1016/j.jat.2024.106027","Core Hybrid","EUR","2,500.00"
"10.1016/j.jat.2024.106056","Core Hybrid","EUR","2,500.00"
"10.1016/j.jat.2024.106099","Core Hybrid","EUR","2,500.00"
"10.1016/j.jat.2024.106123","Core Hybrid","EUR","2,500.00"
"10.1016/j.jat.2024.106124","Core Hybrid","EUR","2,500.00"
"10.1016/j.jaut.2024.103187","Core Hybrid","EUR","2,500.00"
"10.1016/j.jaut.2024.103207","Core Hybrid","EUR","2,500.00"
"10.1016/j.jaut.2024.103216","Core Hybrid","EUR","2,500.00"
"10.1016/j.jaut.2024.103229","Core Hybrid","EUR","2,500.00"
"10.1016/j.jaut.2024.103230","Core Hybrid","EUR","2,500.00"
"10.1016/j.jaut.2024.103234","Core Hybrid","EUR","2,500.00"
"10.1016/j.jaut.2024.103243","Core Hybrid","EUR","2,500.00"
"10.1016/j.jaut.2024.103302","Core Hybrid","EUR","2,500.00"
"10.1016/j.jaut.2024.103337","Core Hybrid","EUR","2,500.00"
"10.1016/j.jbankfin.2024.107118","Core Hybrid","EUR","2,500.00"
"10.1016/j.jbankfin.2024.107123","Core Hybrid","EUR","2,500.00"
"10.1016/j.jbankfin.2024.107150","Core Hybrid","EUR","2,500.00"
"10.1016/j.jbankfin.2024.107153","Core Hybrid","EUR","2,500.00"
"10.1016/j.jbankfin.2024.107158","Core Hybrid","EUR","2,500.00"
"10.1016/j.jbankfin.2024.107169","Core Hybrid","EUR","2,500.00"
"10.1016/j.jbankfin.2024.107296","Core Hybrid","EUR","2,500.00"
"10.1016/j.jbankfin.2024.107311","Core Hybrid","EUR","2,500.00"
"10.1016/j.jbct.2024.100500","Core Hybrid","EUR","2,500.00"
"10.1016/j.jbef.2024.100894","Core Hybrid","EUR","2,500.00"
"10.1016/j.jbef.2024.100924","Core Hybrid","EUR","2,500.00"
"10.1016/j.jbef.2024.100954","Core Hybrid","EUR","2,500.00"
"10.1016/j.jbef.2024.100964","Core Hybrid","EUR","2,500.00"
"10.1016/j.jbef.2024.100970","Core Hybrid","EUR","2,500.00"
"10.1016/j.jbef.2024.101005","Core Hybrid","EUR","2,500.00"
"10.1016/j.jbiomech.2024.111954","Core Hybrid","EUR","2,500.00"
"10.1016/j.jbiomech.2024.111963","Core Hybrid","EUR","2,500.00"
"10.1016/j.jbiomech.2024.112107","Core Hybrid","EUR","2,500.00"
"10.1016/j.jbiomech.2024.112134","Core Hybrid","EUR","2,500.00"
"10.1016/j.jbiomech.2024.112254","Core Hybrid","EUR","2,500.00"
"10.1016/j.jbiomech.2024.112345","Core Hybrid","EUR","2,500.00"
"10.1016/j.jbiomech.2024.112430","Core Hybrid","EUR","2,500.00"
"10.1016/j.jbiotec.2024.01.001","Core Hybrid","EUR","2,500.00"
"10.1016/j.jbiotec.2024.01.006","Core Hybrid","EUR","2,500.00"
"10.1016/j.jbiotec.2024.01.009","Core Hybrid","EUR","2,500.00"
"10.1016/j.jbiotec.2024.03.015","Core Hybrid","EUR","2,500.00"
"10.1016/j.jbiotec.2024.04.006","Core Hybrid","EUR","2,500.00"
"10.1016/j.jbiotec.2024.07.006","Core Hybrid","EUR","2,500.00"
"10.1016/j.jbiotec.2024.09.001","Core Hybrid","EUR","2,500.00"
"10.1016/j.jbiotec.2024.10.012","Core Hybrid","EUR","2,500.00"
"10.1016/j.jbiotec.2024.11.001","Core Hybrid","EUR","2,500.00"
"10.1016/j.jbmt.2024.01.015","Core Hybrid","EUR","2,500.00"
"10.1016/j.jbmt.2024.05.027","Core Hybrid","EUR","2,500.00"
"10.1016/j.jbo.2024.100616","Core Gold","EUR","1,952.00"
"10.1016/j.jbtep.2024.101976","Core Hybrid","EUR","2,500.00"
"10.1016/j.jbusres.2023.114356","Core Hybrid","EUR","2,500.00"
"10.1016/j.jbusres.2023.114481","Core Hybrid","EUR","2,500.00"
"10.1016/j.jbusres.2024.114582","Core Hybrid","EUR","2,500.00"
"10.1016/j.jbusres.2024.114641","Core Hybrid","EUR","2,500.00"
"10.1016/j.jbusres.2024.114684","Core Hybrid","EUR","2,500.00"
"10.1016/j.jbusres.2024.114701","Core Hybrid","EUR","2,500.00"
"10.1016/j.jbusres.2024.114757","Core Hybrid","EUR","2,500.00"
"10.1016/j.jbusres.2024.114762","Core Hybrid","EUR","2,500.00"
"10.1016/j.jbusres.2024.114785","Core Hybrid","EUR","2,500.00"
"10.1016/j.jbusres.2024.114799","Core Hybrid","EUR","2,500.00"
"10.1016/j.jbusres.2024.114804","Core Hybrid","EUR","2,500.00"
"10.1016/j.jbusres.2024.114809","Core Hybrid","EUR","2,500.00"
"10.1016/j.jbusres.2024.114868","Core Hybrid","EUR","2,500.00"
"10.1016/j.jbusres.2024.114895","Core Hybrid","EUR","2,500.00"
"10.1016/j.jbusres.2024.114902","Core Hybrid","EUR","2,500.00"
"10.1016/j.jbusres.2024.114915","Core Hybrid","EUR","2,500.00"
"10.1016/j.jbusres.2024.114916","Core Hybrid","EUR","2,500.00"
"10.1016/j.jbusres.2024.114991","Core Hybrid","EUR","2,500.00"
"10.1016/j.jbusres.2024.114993","Core Hybrid","EUR","2,500.00"
"10.1016/j.jbusres.2024.115044","Core Hybrid","EUR","2,500.00"
"10.1016/j.jbusres.2024.115057","Core Hybrid","EUR","2,500.00"
"10.1016/j.jbusres.2024.115059","Core Hybrid","EUR","2,500.00"
"10.1016/j.jbusres.2024.115087","Core Hybrid","EUR","2,500.00"
"10.1016/j.jbusres.2024.115091","Core Hybrid","EUR","2,500.00"
"10.1016/j.jbusres.2024.115125","Core Hybrid","EUR","2,500.00"
"10.1016/j.jbusres.2024.115127","Core Hybrid","EUR","2,500.00"
"10.1016/j.jbusvent.2024.106438","Core Hybrid","EUR","2,500.00"
"10.1016/j.jbusvent.2024.106450","Core Hybrid","EUR","2,500.00"
"10.1016/j.jbusvent.2024.106456","Core Hybrid","EUR","2,500.00"
"10.1016/j.jbusvent.2024.106458","Core Hybrid","EUR","2,500.00"
"10.1016/j.jbvd.2024.100020","Core Hybrid","EUR","2,500.00"
"10.1016/j.jbvi.2024.e00457","Core Hybrid","EUR","2,500.00"
"10.1016/j.jbvi.2024.e00466","Core Hybrid","EUR","2,500.00"
"10.1016/j.jbvi.2024.e00488","Core Hybrid","EUR","2,500.00"
"10.1016/j.jbvi.2024.e00498","Core Hybrid","EUR","2,500.00"
"10.1016/j.jbvi.2024.e00511","Core Hybrid","EUR","2,500.00"
"10.1016/j.jcat.2024.115363","Core Hybrid","EUR","2,500.00"
"10.1016/j.jcat.2024.115482","Core Hybrid","EUR","2,500.00"
"10.1016/j.jcat.2024.115503","Core Hybrid","EUR","2,500.00"
"10.1016/j.jcat.2024.115541","Core Hybrid","EUR","2,500.00"
"10.1016/j.jcat.2024.115548","Core Hybrid","EUR","2,500.00"
"10.1016/j.jcat.2024.115607","Core Hybrid","EUR","2,500.00"
"10.1016/j.jcat.2024.115697","Core Hybrid","EUR","2,500.00"
"10.1016/j.jcat.2024.115712","Core Hybrid","EUR","2,500.00"
"10.1016/j.jcat.2024.115771","Core Hybrid","EUR","2,500.00"
"10.1016/j.jcat.2024.115785","Core Hybrid","EUR","2,500.00"
"10.1016/j.jcat.2024.115823","Core Hybrid","EUR","2,500.00"
"10.1016/j.jcat.2024.115829","Core Hybrid","EUR","2,500.00"
"10.1016/j.jcat.2024.115853","Core Hybrid","EUR","2,500.00"
"10.1016/j.jcat.2024.115871","Core Hybrid","EUR","2,500.00"
"10.1016/j.jcbs.2024.100772","Core Hybrid","EUR","2,500.00"
"10.1016/j.jcbs.2024.100810","Core Hybrid","EUR","2,500.00"
"10.1016/j.jcct.2024.01.015","Core Hybrid","EUR","2,500.00"
"10.1016/j.jcct.2024.09.010","Core Hybrid","EUR","2,500.00"
"10.1016/j.jce.2024.02.004","Core Hybrid","EUR","2,500.00"
"10.1016/j.jceh.2024.101434","Core Hybrid","EUR","2,500.00"
"10.1016/j.jceh.2024.102460","Core Hybrid","EUR","2,500.00"
"10.1016/j.jcf.2023.12.011","Core Hybrid","EUR","2,500.00"
"10.1016/j.jcf.2024.01.004","Core Hybrid","EUR","2,500.00"
"10.1016/j.jcf.2024.03.003","Core Hybrid","EUR","2,500.00"
"10.1016/j.jcf.2024.06.001","Core Hybrid","EUR","2,500.00"
"10.1016/j.jchemneu.2024.102391","Core Hybrid","EUR","2,500.00"
"10.1016/j.jchf.2024.08.020","Core Hybrid","EUR","2,500.00"
"10.1016/j.jchromb.2024.124028","Core Hybrid","EUR","2,500.00"
"10.1016/j.jchromb.2024.124034","Core Hybrid","EUR","2,500.00"
"10.1016/j.jchromb.2024.124062","Core Hybrid","EUR","2,500.00"
"10.1016/j.jchromb.2024.124188","Core Hybrid","EUR","2,500.00"
"10.1016/j.jchromb.2024.124196","Core Hybrid","EUR","2,500.00"
"10.1016/j.jchromb.2024.124423","Core Hybrid","EUR","2,500.00"
"10.1016/j.jcin.2023.09.029","Core Hybrid","EUR","2,500.00"
"10.1016/j.jcin.2023.11.025","Core Hybrid","EUR","2,500.00"
"10.1016/j.jcin.2023.12.027","Core Hybrid","EUR","2,500.00"
"10.1016/j.jcin.2024.01.009","Core Hybrid","EUR","2,500.00"
"10.1016/j.jcin.2024.02.022","Core Hybrid","EUR","2,500.00"
"10.1016/j.jcin.2024.02.028","Core Hybrid","EUR","2,500.00"
"10.1016/j.jcin.2024.03.015","Core Hybrid","EUR","2,500.00"
"10.1016/j.jcin.2024.04.013","Core Hybrid","EUR","2,500.00"
"10.1016/j.jcin.2024.05.035","Core Hybrid","EUR","2,500.00"
"10.1016/j.jcin.2024.05.036","Core Hybrid","EUR","2,500.00"
"10.1016/j.jcin.2024.05.037","Core Hybrid","EUR","2,500.00"
"10.1016/j.jcin.2024.06.014","Core Hybrid","EUR","2,500.00"
"10.1016/j.jcin.2024.08.013","Core Hybrid","EUR","2,500.00"
"10.1016/j.jcin.2024.08.015","Core Hybrid","EUR","2,500.00"
"10.1016/j.jcin.2024.08.016","Core Hybrid","EUR","2,500.00"
"10.1016/j.jcin.2024.08.041","Core Hybrid","EUR","2,500.00"
"10.1016/j.jcin.2024.09.019","Core Hybrid","EUR","2,500.00"
"10.1016/j.jcin.2024.09.020","Core Hybrid","EUR","2,500.00"
"10.1016/j.jcin.2024.09.042","Core Hybrid","EUR","2,500.00"
"10.1016/j.jcin.2024.10.023","Core Hybrid","EUR","2,500.00"
"10.1016/j.jcin.2024.11.016","Core Hybrid","EUR","2,500.00"
"10.1016/j.jcis.2024.01.014","Core Hybrid","EUR","2,500.00"
"10.1016/j.jcis.2024.03.065","Core Hybrid","EUR","2,500.00"
"10.1016/j.jcis.2024.03.156","Core Hybrid","EUR","2,500.00"
"10.1016/j.jcis.2024.04.031","Core Hybrid","EUR","2,500.00"
"10.1016/j.jcis.2024.04.080","Core Hybrid","EUR","2,500.00"
"10.1016/j.jcis.2024.04.212","Core Hybrid","EUR","2,500.00"
"10.1016/j.jcis.2024.05.097","Core Hybrid","EUR","2,500.00"
"10.1016/j.jcis.2024.05.212","Core Hybrid","EUR","2,500.00"
"10.1016/j.jcis.2024.06.133","Core Hybrid","EUR","2,500.00"
"10.1016/j.jcis.2024.07.088","Core Hybrid","EUR","2,500.00"
"10.1016/j.jcis.2024.07.106","Core Hybrid","EUR","2,500.00"
"10.1016/j.jcis.2024.07.191","Core Hybrid","EUR","2,500.00"
"10.1016/j.jcis.2024.08.235","Core Hybrid","EUR","2,500.00"
"10.1016/j.jcis.2024.08.257","Core Hybrid","EUR","2,500.00"
"10.1016/j.jcis.2024.09.028","Core Hybrid","EUR","2,500.00"
"10.1016/j.jcis.2024.09.190","Core Hybrid","EUR","2,500.00"
"10.1016/j.jcis.2024.10.039","Core Hybrid","EUR","2,500.00"
"10.1016/j.jcis.2024.10.074","Core Hybrid","EUR","2,500.00"
"10.1016/j.jcis.2024.10.187","Core Hybrid","EUR","2,500.00"
"10.1016/j.jcis.2024.11.154","Core Hybrid","EUR","2,500.00"
"10.1016/j.jcis.2024.12.133","Core Hybrid","EUR","2,500.00"
"10.1016/j.jcis.2024.12.156","Core Hybrid","EUR","2,500.00"
"10.1016/j.jcjo.2024.04.011","Core Hybrid","EUR","2,500.00"
"10.1016/j.jclepro.2023.140313","Core Hybrid","EUR","2,500.00"
"10.1016/j.jclepro.2023.140351","Core Hybrid","EUR","2,500.00"
"10.1016/j.jclepro.2023.140383","Core Hybrid","EUR","2,500.00"
"10.1016/j.jclepro.2024.140561","Core Hybrid","EUR","2,500.00"
"10.1016/j.jclepro.2024.140740","Core Hybrid","EUR","2,500.00"
"10.1016/j.jclepro.2024.140853","Core Hybrid","EUR","2,500.00"
"10.1016/j.jclepro.2024.140872","Core Hybrid","EUR","2,500.00"
"10.1016/j.jclepro.2024.141012","Core Hybrid","EUR","2,500.00"
"10.1016/j.jclepro.2024.141074","Core Hybrid","EUR","2,500.00"
"10.1016/j.jclepro.2024.141196","Core Hybrid","EUR","2,500.00"
"10.1016/j.jclepro.2024.141202","Core Hybrid","EUR","2,500.00"
"10.1016/j.jclepro.2024.141355","Core Hybrid","EUR","2,500.00"
"10.1016/j.jclepro.2024.141434","Core Hybrid","EUR","2,500.00"
"10.1016/j.jclepro.2024.141449","Core Hybrid","EUR","2,500.00"
"10.1016/j.jclepro.2024.141579","Core Hybrid","EUR","2,500.00"
"10.1016/j.jclepro.2024.141634","Core Hybrid","EUR","2,500.00"
"10.1016/j.jclepro.2024.141703","Core Hybrid","EUR","2,500.00"
"10.1016/j.jclepro.2024.141861","Core Hybrid","EUR","2,500.00"
"10.1016/j.jclepro.2024.141879","Core Hybrid","EUR","2,500.00"
"10.1016/j.jclepro.2024.142049","Core Hybrid","EUR","2,500.00"
"10.1016/j.jclepro.2024.142088","Core Hybrid","EUR","2,500.00"
"10.1016/j.jclepro.2024.142161","Core Hybrid","EUR","2,500.00"
"10.1016/j.jclepro.2024.142195","Core Hybrid","EUR","2,500.00"
"10.1016/j.jclepro.2024.142267","Core Hybrid","EUR","2,500.00"
"10.1016/j.jclepro.2024.142299","Core Hybrid","EUR","2,500.00"
"10.1016/j.jclepro.2024.142354","Core Hybrid","EUR","2,500.00"
"10.1016/j.jclepro.2024.142376","Core Hybrid","EUR","2,500.00"
"10.1016/j.jclepro.2024.142383","Core Hybrid","EUR","2,500.00"
"10.1016/j.jclepro.2024.142522","Core Hybrid","EUR","2,500.00"
"10.1016/j.jclepro.2024.142546","Core Hybrid","EUR","2,500.00"
"10.1016/j.jclepro.2024.142596","Core Hybrid","EUR","2,500.00"
"10.1016/j.jclepro.2024.142643","Core Hybrid","EUR","2,500.00"
"10.1016/j.jclepro.2024.142664","Core Hybrid","EUR","2,500.00"
"10.1016/j.jclepro.2024.142721","Core Hybrid","EUR","2,500.00"
"10.1016/j.jclepro.2024.142722","Core Hybrid","EUR","2,500.00"
"10.1016/j.jclepro.2024.142738","Core Hybrid","EUR","2,500.00"
"10.1016/j.jclepro.2024.142748","Core Hybrid","EUR","2,500.00"
"10.1016/j.jclepro.2024.142770","Core Hybrid","EUR","2,500.00"
"10.1016/j.jclepro.2024.142773","Core Hybrid","EUR","2,500.00"
"10.1016/j.jclepro.2024.142854","Core Hybrid","EUR","2,500.00"
"10.1016/j.jclepro.2024.142921","Core Hybrid","EUR","2,500.00"
"10.1016/j.jclepro.2024.142949","Core Hybrid","EUR","2,500.00"
"10.1016/j.jclepro.2024.142957","Core Hybrid","EUR","2,500.00"
"10.1016/j.jclepro.2024.143024","Core Hybrid","EUR","2,500.00"
"10.1016/j.jclepro.2024.143083","Core Hybrid","EUR","2,500.00"
"10.1016/j.jclepro.2024.143125","Core Hybrid","EUR","2,500.00"
"10.1016/j.jclepro.2024.143226","Core Hybrid","EUR","2,500.00"
"10.1016/j.jclepro.2024.143274","Core Hybrid","EUR","2,500.00"
"10.1016/j.jclepro.2024.143276","Core Hybrid","EUR","2,500.00"
"10.1016/j.jclepro.2024.143279","Core Hybrid","EUR","2,500.00"
"10.1016/j.jclepro.2024.143290","Core Hybrid","EUR","2,500.00"
"10.1016/j.jclepro.2024.143370","Core Hybrid","EUR","2,500.00"
"10.1016/j.jclepro.2024.143416","Core Hybrid","EUR","2,500.00"
"10.1016/j.jclepro.2024.143497","Core Hybrid","EUR","2,500.00"
"10.1016/j.jclepro.2024.143580","Core Hybrid","EUR","2,500.00"
"10.1016/j.jclepro.2024.143692","Core Hybrid","EUR","2,500.00"
"10.1016/j.jclepro.2024.143711","Core Hybrid","EUR","2,500.00"
"10.1016/j.jclepro.2024.143737","Core Hybrid","EUR","2,500.00"
"10.1016/j.jclepro.2024.143813","Core Hybrid","EUR","2,500.00"
"10.1016/j.jclepro.2024.143929","Core Hybrid","EUR","2,500.00"
"10.1016/j.jclepro.2024.143976","Core Hybrid","EUR","2,500.00"
"10.1016/j.jclepro.2024.143978","Core Hybrid","EUR","2,500.00"
"10.1016/j.jclepro.2024.143987","Core Hybrid","EUR","2,500.00"
"10.1016/j.jclepro.2024.144011","Core Hybrid","EUR","2,500.00"
"10.1016/j.jclepro.2024.144109","Core Hybrid","EUR","2,500.00"
"10.1016/j.jclepro.2024.144225","Core Hybrid","EUR","2,500.00"
"10.1016/j.jclepro.2024.144262","Core Hybrid","EUR","2,500.00"
"10.1016/j.jclepro.2024.144305","Core Hybrid","EUR","2,500.00"
"10.1016/j.jclepro.2024.144338","Core Hybrid","EUR","2,500.00"
"10.1016/j.jclepro.2024.144349","Core Hybrid","EUR","2,500.00"
"10.1016/j.jclepro.2024.144433","Core Hybrid","EUR","2,500.00"
"10.1016/j.jclepro.2024.144479","Core Hybrid","EUR","2,500.00"
"10.1016/j.jclepro.2024.144534","Core Hybrid","EUR","2,500.00"
"10.1016/j.jclimf.2024.100031","Core Hybrid","EUR","2,500.00"
"10.1016/j.jclimf.2024.100045","Core Hybrid","EUR","2,500.00"
"10.1016/j.jclimf.2024.100057","Core Hybrid","EUR","2,500.00"
"10.1016/j.jclinane.2024.111403","Core Hybrid","EUR","2,500.00"
"10.1016/j.jclinane.2024.111458","Core Hybrid","EUR","2,500.00"
"10.1016/j.jclinane.2024.111459","Core Hybrid","EUR","2,500.00"
"10.1016/j.jclinane.2024.111495","Core Hybrid","EUR","2,500.00"
"10.1016/j.jclinane.2024.111531","Core Hybrid","EUR","2,500.00"
"10.1016/j.jclinane.2024.111556","Core Hybrid","EUR","2,500.00"
"10.1016/j.jclinane.2024.111631","Core Hybrid","EUR","2,500.00"
"10.1016/j.jclinane.2024.111653","Core Hybrid","EUR","2,500.00"
"10.1016/j.jclinane.2024.111665","Core Hybrid","EUR","2,500.00"
"10.1016/j.jclinane.2024.111672","Core Hybrid","EUR","2,500.00"
"10.1016/j.jclinane.2024.111687","Core Hybrid","EUR","2,500.00"
"10.1016/j.jclinepi.2024.111306","Core Hybrid","EUR","2,500.00"
"10.1016/j.jclinepi.2024.111314","Core Hybrid","EUR","2,500.00"
"10.1016/j.jclinepi.2024.111368","Core Hybrid","EUR","2,500.00"
"10.1016/j.jclinepi.2024.111456","Core Hybrid","EUR","2,500.00"
"10.1016/j.jclinepi.2024.111466","Core Hybrid","EUR","2,500.00"
"10.1016/j.jclinepi.2024.111571","Core Hybrid","EUR","2,500.00"
"10.1016/j.jclinepi.2024.111592","Core Hybrid","EUR","2,500.00"
"10.1016/j.jclinepi.2024.111614","Core Hybrid","EUR","2,500.00"
"10.1016/j.jclinepi.2024.111634","Core Hybrid","EUR","2,500.00"
"10.1016/j.jclinepi.2024.111640","Core Hybrid","EUR","2,500.00"
"10.1016/j.jcmg.2024.01.012","Core Hybrid","EUR","2,500.00"
"10.1016/j.jcmg.2024.04.003","Core Hybrid","EUR","2,500.00"
"10.1016/j.jcmg.2024.04.008","Core Hybrid","EUR","2,500.00"
"10.1016/j.jcmg.2024.06.009","Core Hybrid","EUR","2,500.00"
"10.1016/j.jcmg.2024.06.019","Core Hybrid","EUR","2,500.00"
"10.1016/j.jcmgh.2023.12.012","Core Gold","EUR","2,008.00"
"10.1016/j.jcmgh.2024.101423","Core Gold","EUR","2,008.00"
"10.1016/j.jcms.2024.01.014","Core Hybrid","EUR","2,500.00"
"10.1016/j.jcms.2024.02.001","Core Hybrid","EUR","2,500.00"
"10.1016/j.jcms.2024.02.003","Core Hybrid","EUR","2,500.00"
"10.1016/j.jcms.2024.02.004","Core Hybrid","EUR","2,500.00"
"10.1016/j.jcms.2024.03.001","Core Hybrid","EUR","2,500.00"
"10.1016/j.jcms.2024.03.012","Core Hybrid","EUR","2,500.00"
"10.1016/j.jcms.2024.03.017","Core Hybrid","EUR","2,500.00"
"10.1016/j.jcms.2024.03.030","Core Hybrid","EUR","2,500.00"
"10.1016/j.jcms.2024.03.031","Core Hybrid","EUR","2,500.00"
"10.1016/j.jcms.2024.04.012","Core Hybrid","EUR","2,500.00"
"10.1016/j.jcms.2024.06.017","Core Hybrid","EUR","2,500.00"
"10.1016/j.jcms.2024.08.012","Core Hybrid","EUR","2,500.00"
"10.1016/j.jcms.2024.08.014","Core Hybrid","EUR","2,500.00"
"10.1016/j.jcms.2024.10.005","Core Hybrid","EUR","2,500.00"
"10.1016/j.jcms.2024.11.021","Core Hybrid","EUR","2,500.00"
"10.1016/j.jco.2024.101839","Core Hybrid","EUR","2,500.00"
"10.1016/j.jco.2024.101851","Core Hybrid","EUR","2,500.00"
"10.1016/j.jco.2024.101855","Core Hybrid","EUR","2,500.00"
"10.1016/j.jco.2024.101868","Core Hybrid","EUR","2,500.00"
"10.1016/j.jco.2024.101870","Core Hybrid","EUR","2,500.00"
"10.1016/j.jco.2024.101887","Core Hybrid","EUR","2,500.00"
"10.1016/j.jco.2024.101901","Core Hybrid","EUR","2,500.00"
"10.1016/j.jco.2024.101918","Core Hybrid","EUR","2,500.00"
"10.1016/j.jcoa.2024.100160","Core Gold","EUR",865.00
"10.1016/j.jcom.2024.100232","Core Hybrid","EUR","2,500.00"
"10.1016/j.jcomc.2023.100428","Core Gold","EUR","1,312.00"
"10.1016/j.jcomc.2024.100431","Core Gold","EUR","1,520.00"
"10.1016/j.jcomc.2024.100450","Core Gold","EUR","1,520.00"
"10.1016/j.jcomc.2024.100460","Core Gold","EUR","1,520.00"
"10.1016/j.jcomc.2024.100479","Core Gold","EUR","1,520.00"
"10.1016/j.jcomc.2024.100480","Core Gold","EUR","1,520.00"
"10.1016/j.jcomc.2024.100484","Core Gold","EUR","1,536.00"
"10.1016/j.jcomc.2024.100492","Core Gold","EUR","1,520.00"
"10.1016/j.jcomc.2024.100504","Core Gold","EUR","1,536.00"
"10.1016/j.jcomc.2024.100507","Core Gold","EUR","1,536.00"
"10.1016/j.jcomc.2024.100508","Core Gold","EUR","1,520.00"
"10.1016/j.jcomm.2024.100384","Core Hybrid","EUR","2,500.00"
"10.1016/j.jconhyd.2024.104336","Core Hybrid","EUR","2,500.00"
"10.1016/j.jconhyd.2024.104417","Core Hybrid","EUR","2,500.00"
"10.1016/j.jconhyd.2024.104423","Core Hybrid","EUR","2,500.00"
"10.1016/j.jconhyd.2024.104435","Core Hybrid","EUR","2,500.00"
"10.1016/j.jconrel.2024.02.013","Core Hybrid","EUR","2,500.00"
"10.1016/j.jconrel.2024.02.034","Core Hybrid","EUR","2,500.00"
"10.1016/j.jconrel.2024.04.037","Core Hybrid","EUR","2,500.00"
"10.1016/j.jconrel.2024.05.030","Core Hybrid","EUR","2,500.00"
"10.1016/j.jconrel.2024.05.044","Core Hybrid","EUR","2,500.00"
"10.1016/j.jconrel.2024.06.037","Core Hybrid","EUR","2,500.00"
"10.1016/j.jconrel.2024.07.049","Core Hybrid","EUR","2,500.00"
"10.1016/j.jconrel.2024.08.021","Core Hybrid","EUR","2,500.00"
"10.1016/j.jconrel.2024.08.029","Core Hybrid","EUR","2,500.00"
"10.1016/j.jconrel.2024.08.041","Core Hybrid","EUR","2,500.00"
"10.1016/j.jconrel.2024.11.012","Core Hybrid","EUR","2,500.00"
"10.1016/j.jconrel.2024.12.007","Core Hybrid","EUR","2,500.00"
"10.1016/j.jcorpfin.2024.102589","Core Hybrid","EUR","2,500.00"
"10.1016/j.jcorpfin.2024.102671","Core Hybrid","EUR","2,500.00"
"10.1016/j.jcorpfin.2024.102674","Core Hybrid","EUR","2,500.00"
"10.1016/j.jcou.2024.102743","Core Gold","EUR","2,120.00"
"10.1016/j.jcou.2024.102758","Core Gold","EUR","2,120.00"
"10.1016/j.jcou.2024.102766","Core Gold","EUR","2,120.00"
"10.1016/j.jcou.2024.102800","Core Gold","EUR","2,120.00"
"10.1016/j.jcou.2024.102825","Core Gold","EUR","2,120.00"
"10.1016/j.jcou.2024.102892","Core Gold","EUR","2,120.00"
"10.1016/j.jcou.2024.102924","Core Gold","EUR","2,152.00"
"10.1016/j.jcp.2023.112587","Core Hybrid","EUR","2,500.00"
"10.1016/j.jcp.2023.112607","Core Hybrid","EUR","2,500.00"
"10.1016/j.jcp.2024.112854","Core Hybrid","EUR","2,500.00"
"10.1016/j.jcp.2024.112863","Core Hybrid","EUR","2,500.00"
"10.1016/j.jcp.2024.112883","Core Hybrid","EUR","2,500.00"
"10.1016/j.jcp.2024.112907","Core Hybrid","EUR","2,500.00"
"10.1016/j.jcp.2024.112916","Core Hybrid","EUR","2,500.00"
"10.1016/j.jcp.2024.112958","Core Hybrid","EUR","2,500.00"
"10.1016/j.jcp.2024.112982","Core Hybrid","EUR","2,500.00"
"10.1016/j.jcp.2024.113002","Core Hybrid","EUR","2,500.00"
"10.1016/j.jcp.2024.113024","Core Hybrid","EUR","2,500.00"
"10.1016/j.jcp.2024.113028","Core Hybrid","EUR","2,500.00"
"10.1016/j.jcp.2024.113032","Core Hybrid","EUR","2,500.00"
"10.1016/j.jcp.2024.113072","Core Hybrid","EUR","2,500.00"
"10.1016/j.jcp.2024.113088","Core Hybrid","EUR","2,500.00"
"10.1016/j.jcp.2024.113113","Core Hybrid","EUR","2,500.00"
"10.1016/j.jcp.2024.113125","Core Hybrid","EUR","2,500.00"
"10.1016/j.jcp.2024.113148","Core Hybrid","EUR","2,500.00"
"10.1016/j.jcp.2024.113162","Core Hybrid","EUR","2,500.00"
"10.1016/j.jcp.2024.113197","Core Hybrid","EUR","2,500.00"
"10.1016/j.jcp.2024.113212","Core Hybrid","EUR","2,500.00"
"10.1016/j.jcp.2024.113223","Core Hybrid","EUR","2,500.00"
"10.1016/j.jcp.2024.113226","Core Hybrid","EUR","2,500.00"
"10.1016/j.jcp.2024.113262","Core Hybrid","EUR","2,500.00"
"10.1016/j.jcp.2024.113287","Core Hybrid","EUR","2,500.00"
"10.1016/j.jcp.2024.113330","Core Hybrid","EUR","2,500.00"
"10.1016/j.jcp.2024.113335","Core Hybrid","EUR","2,500.00"
"10.1016/j.jcp.2024.113344","Core Hybrid","EUR","2,500.00"
"10.1016/j.jcp.2024.113377","Core Hybrid","EUR","2,500.00"
"10.1016/j.jcp.2024.113385","Core Hybrid","EUR","2,500.00"
"10.1016/j.jcp.2024.113390","Core Hybrid","EUR","2,500.00"
"10.1016/j.jcp.2024.113448","Core Hybrid","EUR","2,500.00"
"10.1016/j.jcp.2024.113471","Core Hybrid","EUR","2,500.00"
"10.1016/j.jcp.2024.113496","Core Hybrid","EUR","2,500.00"
"10.1016/j.jcp.2024.113514","Core Hybrid","EUR","2,500.00"
"10.1016/j.jcp.2024.113526","Core Hybrid","EUR","2,500.00"
"10.1016/j.jcp.2024.113542","Core Hybrid","EUR","2,500.00"
"10.1016/j.jcp.2024.113560","Core Hybrid","EUR","2,500.00"
"10.1016/j.jcp.2024.113588","Core Hybrid","EUR","2,500.00"
"10.1016/j.jcp.2024.113602","Core Hybrid","EUR","2,500.00"
"10.1016/j.jcp.2024.113647","Core Hybrid","EUR","2,500.00"
"10.1016/j.jcp.2024.113655","Core Hybrid","EUR","2,500.00"
"10.1016/j.jcp.2024.113658","Core Hybrid","EUR","2,500.00"
"10.1016/j.jcp.2024.113687","Core Hybrid","EUR","2,500.00"
"10.1016/j.jcp.2024.113690","Core Hybrid","EUR","2,500.00"
"10.1016/j.jcp.2024.113691","Core Hybrid","EUR","2,500.00"
"10.1016/j.jcp.2024.113698","Core Hybrid","EUR","2,500.00"
"10.1016/j.jcrc.2024.154545","Core Hybrid","EUR","2,500.00"
"10.1016/j.jcrc.2024.154795","Core Hybrid","EUR","2,500.00"
"10.1016/j.jcrc.2024.154808","Core Hybrid","EUR","2,500.00"
"10.1016/j.jcrc.2024.154831","Core Hybrid","EUR","2,500.00"
"10.1016/j.jcrc.2024.154846","Core Hybrid","EUR","2,500.00"
"10.1016/j.jcrc.2024.154853","Core Hybrid","EUR","2,500.00"
"10.1016/j.jcrc.2024.154880","Core Hybrid","EUR","2,500.00"
"10.1016/j.jcrc.2024.154942","Core Hybrid","EUR","2,500.00"
"10.1016/j.jcrc.2024.154984","Core Hybrid","EUR","2,500.00"
"10.1016/j.jcrimjus.2024.102214","Core Hybrid","EUR","2,500.00"
"10.1016/j.jcrysgro.2023.127473","Core Hybrid","EUR","2,500.00"
"10.1016/j.jcrysgro.2024.127579","Core Hybrid","EUR","2,500.00"
"10.1016/j.jcrysgro.2024.127594","Core Hybrid","EUR","2,500.00"
"10.1016/j.jcrysgro.2024.127645","Core Hybrid","EUR","2,500.00"
"10.1016/j.jcrysgro.2024.127709","Core Hybrid","EUR","2,500.00"
"10.1016/j.jcrysgro.2024.127800","Core Hybrid","EUR","2,500.00"
"10.1016/j.jcrysgro.2024.127897","Core Hybrid","EUR","2,500.00"
"10.1016/j.jcrysgro.2024.127976","Core Hybrid","EUR","2,500.00"
"10.1016/j.jcrysgro.2024.128024","Core Hybrid","EUR","2,500.00"
"10.1016/j.jcrysgro.2024.128049","Core Hybrid","EUR","2,500.00"
"10.1016/j.jcs.2024.103926","Core Hybrid","EUR","2,500.00"
"10.1016/j.jcs.2024.103978","Core Hybrid","EUR","2,500.00"
"10.1016/j.jcsr.2023.108260","Core Hybrid","EUR","2,500.00"
"10.1016/j.jcsr.2023.108283","Core Hybrid","EUR","2,500.00"
"10.1016/j.jcsr.2024.108808","Core Hybrid","EUR","2,500.00"
"10.1016/j.jcsr.2024.108864","Core Hybrid","EUR","2,500.00"
"10.1016/j.jcsr.2024.108930","Core Hybrid","EUR","2,500.00"
"10.1016/j.jcsr.2024.108974","Core Hybrid","EUR","2,500.00"
"10.1016/j.jcsr.2024.108976","Core Hybrid","EUR","2,500.00"
"10.1016/j.jcsr.2024.109112","Core Hybrid","EUR","2,500.00"
"10.1016/j.jcss.2024.103534","Core Hybrid","EUR","2,500.00"
"10.1016/j.jcss.2024.103579","Core Hybrid","EUR","2,500.00"
"10.1016/j.jcss.2024.103598","Core Hybrid","EUR","2,500.00"
"10.1016/j.jcss.2024.103601","Core Hybrid","EUR","2,500.00"
"10.1016/j.jct.2024.107308","Core Hybrid","EUR","2,500.00"
"10.1016/j.jct.2024.107341","Core Hybrid","EUR","2,500.00"
"10.1016/j.jcta.2024.105886","Core Hybrid","EUR","2,500.00"
"10.1016/j.jcta.2024.106003","Core Hybrid","EUR","2,500.00"
"10.1016/j.jctb.2024.02.006","Core Hybrid","EUR","2,500.00"
"10.1016/j.jctb.2024.03.004","Core Hybrid","EUR","2,500.00"
"10.1016/j.jctb.2024.03.008","Core Hybrid","EUR","2,500.00"
"10.1016/j.jctb.2024.05.004","Core Hybrid","EUR","2,500.00"
"10.1016/j.jctb.2024.06.001","Core Hybrid","EUR","2,500.00"
"10.1016/j.jctb.2024.09.003","Core Hybrid","EUR","2,500.00"
"10.1016/j.jcte.2024.100365","Core Gold","EUR","1,876.00"
"10.1016/j.jctube.2024.100473","Core Gold","EUR","1,592.00"
"10.1016/j.jcv.2024.105658","Core Hybrid","EUR","2,500.00"
"10.1016/j.jcv.2024.105693","Core Hybrid","EUR","2,500.00"
"10.1016/j.jcv.2024.105694","Core Hybrid","EUR","2,500.00"
"10.1016/j.jcvp.2024.100184","Core Gold","EUR","1,456.00"
"10.1016/j.jcvp.2024.100201","Core Gold","EUR",792.00
"10.1016/j.jcyt.2024.03.485","Core Hybrid","EUR","2,500.00"
"10.1016/j.jcyt.2024.04.069","Core Hybrid","EUR","2,500.00"
"10.1016/j.jcyt.2024.04.071","Core Hybrid","EUR","2,500.00"
"10.1016/j.jcyt.2024.05.013","Core Hybrid","EUR","2,500.00"
"10.1016/j.jcyt.2024.06.009","Core Hybrid","EUR","2,500.00"
"10.1016/j.jcyt.2024.08.004","Core Hybrid","EUR","2,500.00"
"10.1016/j.jcz.2024.04.002","Core Hybrid","EUR","2,500.00"
"10.1016/j.jcz.2024.05.003","Core Hybrid","EUR","2,500.00"
"10.1016/j.jcz.2024.08.003","Core Hybrid","EUR","2,500.00"
"10.1016/j.jcz.2024.08.005","Core Hybrid","EUR","2,500.00"
"10.1016/j.jdcr.2024.11.002","Core Gold","EUR",544.00
"10.1016/j.jddst.2024.105350","Core Hybrid","EUR","2,500.00"
"10.1016/j.jddst.2024.105393","Core Hybrid","EUR","2,500.00"
"10.1016/j.jddst.2024.105394","Core Hybrid","EUR","2,500.00"
"10.1016/j.jddst.2024.105561","Core Hybrid","EUR","2,500.00"
"10.1016/j.jddst.2024.105972","Core Hybrid","EUR","2,500.00"
"10.1016/j.jddst.2024.106027","Core Hybrid","EUR","2,500.00"
"10.1016/j.jddst.2024.106040","Core Hybrid","EUR","2,500.00"
"10.1016/j.jddst.2024.106217","Core Hybrid","EUR","2,500.00"
"10.1016/j.jddst.2024.106235","Core Hybrid","EUR","2,500.00"
"10.1016/j.jde.2024.02.001","Core Hybrid","EUR","2,500.00"
"10.1016/j.jde.2024.02.018","Core Hybrid","EUR","2,500.00"
"10.1016/j.jde.2024.02.036","Core Hybrid","EUR","2,500.00"
"10.1016/j.jde.2024.02.056","Core Hybrid","EUR","2,500.00"
"10.1016/j.jde.2024.03.017","Core Hybrid","EUR","2,500.00"
"10.1016/j.jde.2024.03.021","Core Hybrid","EUR","2,500.00"
"10.1016/j.jde.2024.04.028","Core Hybrid","EUR","2,500.00"
"10.1016/j.jde.2024.05.022","Core Hybrid","EUR","2,500.00"
"10.1016/j.jde.2024.07.021","Core Hybrid","EUR","2,500.00"
"10.1016/j.jde.2024.07.024","Core Hybrid","EUR","2,500.00"
"10.1016/j.jde.2024.07.034","Core Hybrid","EUR","2,500.00"
"10.1016/j.jde.2024.08.009","Core Hybrid","EUR","2,500.00"
"10.1016/j.jde.2024.08.024","Core Hybrid","EUR","2,500.00"
"10.1016/j.jde.2024.08.039","Core Hybrid","EUR","2,500.00"
"10.1016/j.jde.2024.08.054","Core Hybrid","EUR","2,500.00"
"10.1016/j.jde.2024.08.060","Core Hybrid","EUR","2,500.00"
"10.1016/j.jde.2024.10.024","Core Hybrid","EUR","2,500.00"
"10.1016/j.jde.2024.10.030","Core Hybrid","EUR","2,500.00"
"10.1016/j.jde.2024.12.020","Core Hybrid","EUR","2,500.00"
"10.1016/j.jdent.2024.104832","Core Hybrid","EUR","2,500.00"
"10.1016/j.jdent.2024.104852","Core Hybrid","EUR","2,500.00"
"10.1016/j.jdent.2024.104859","Core Hybrid","EUR","2,500.00"
"10.1016/j.jdent.2024.104879","Core Hybrid","EUR","2,500.00"
"10.1016/j.jdent.2024.104925","Core Hybrid","EUR","2,500.00"
"10.1016/j.jdent.2024.104952","Core Hybrid","EUR","2,500.00"
"10.1016/j.jdent.2024.104960","Core Hybrid","EUR","2,500.00"
"10.1016/j.jdent.2024.104962","Core Hybrid","EUR","2,500.00"
"10.1016/j.jdent.2024.104978","Core Hybrid","EUR","2,500.00"
"10.1016/j.jdent.2024.104988","Core Hybrid","EUR","2,500.00"
"10.1016/j.jdent.2024.105000","Core Hybrid","EUR","2,500.00"
"10.1016/j.jdent.2024.105042","Core Hybrid","EUR","2,500.00"
"10.1016/j.jdent.2024.105063","Core Hybrid","EUR","2,500.00"
"10.1016/j.jdent.2024.105103","Core Hybrid","EUR","2,500.00"
"10.1016/j.jdent.2024.105104","Core Hybrid","EUR","2,500.00"
"10.1016/j.jdent.2024.105121","Core Hybrid","EUR","2,500.00"
"10.1016/j.jdent.2024.105151","Core Hybrid","EUR","2,500.00"
"10.1016/j.jdent.2024.105228","Core Hybrid","EUR","2,500.00"
"10.1016/j.jdent.2024.105314","Core Hybrid","EUR","2,500.00"
"10.1016/j.jdent.2024.105318","Core Hybrid","EUR","2,500.00"
"10.1016/j.jdent.2024.105336","Core Hybrid","EUR","2,500.00"
"10.1016/j.jdent.2024.105358","Core Hybrid","EUR","2,500.00"
"10.1016/j.jdent.2024.105361","Core Hybrid","EUR","2,500.00"
"10.1016/j.jdent.2024.105391","Core Hybrid","EUR","2,500.00"
"10.1016/j.jdent.2024.105457","Core Hybrid","EUR","2,500.00"
"10.1016/j.jdent.2024.105502","Core Hybrid","EUR","2,500.00"
"10.1016/j.jdent.2024.105520","Core Hybrid","EUR","2,500.00"
"10.1016/j.jdermsci.2024.03.004","Core Hybrid","EUR","2,500.00"
"10.1016/j.jdermsci.2024.03.009","Core Hybrid","EUR","2,500.00"
"10.1016/j.jdeveco.2024.103264","Core Hybrid","EUR","2,500.00"
"10.1016/j.jdeveco.2024.103265","Core Hybrid","EUR","2,500.00"
"10.1016/j.jdeveco.2024.103306","Core Hybrid","EUR","2,500.00"
"10.1016/j.jdeveco.2024.103311","Core Hybrid","EUR","2,500.00"
"10.1016/j.jdeveco.2024.103338","Core Hybrid","EUR","2,500.00"
"10.1016/j.jdeveco.2024.103344","Core Hybrid","EUR","2,500.00"
"10.1016/j.jdeveco.2024.103376","Core Hybrid","EUR","2,500.00"
"10.1016/j.jdeveco.2024.103388","Core Hybrid","EUR","2,500.00"
"10.1016/j.jdeveco.2024.103412","Core Hybrid","EUR","2,500.00"
"10.1016/j.jdin.2024.07.002","Core Gold","EUR","1,200.00"
"10.1016/j.jdin.2024.09.001","Core Gold","EUR","1,880.00"
"10.1016/j.jdmm.2024.100946","Core Hybrid","EUR","2,500.00"
"10.1016/j.jebdp.2024.101989","Core Hybrid","EUR","2,500.00"
"10.1016/j.jebo.2023.10.021","Core Hybrid","EUR","2,500.00"
"10.1016/j.jebo.2024.01.032","Core Hybrid","EUR","2,500.00"
"10.1016/j.jebo.2024.02.003","Core Hybrid","EUR","2,500.00"
"10.1016/j.jebo.2024.02.004","Core Hybrid","EUR","2,500.00"
"10.1016/j.jebo.2024.02.018","Core Hybrid","EUR","2,500.00"
"10.1016/j.jebo.2024.02.027","Core Hybrid","EUR","2,500.00"
"10.1016/j.jebo.2024.02.031","Core Hybrid","EUR","2,500.00"
"10.1016/j.jebo.2024.03.002","Core Hybrid","EUR","2,500.00"
"10.1016/j.jebo.2024.03.008","Core Hybrid","EUR","2,500.00"
"10.1016/j.jebo.2024.03.022","Core Hybrid","EUR","2,500.00"
"10.1016/j.jebo.2024.03.029","Core Hybrid","EUR","2,500.00"
"10.1016/j.jebo.2024.04.020","Core Hybrid","EUR","2,500.00"
"10.1016/j.jebo.2024.04.026","Core Hybrid","EUR","2,500.00"
"10.1016/j.jebo.2024.05.020","Core Hybrid","EUR","2,500.00"
"10.1016/j.jebo.2024.06.037","Core Hybrid","EUR","2,500.00"
"10.1016/j.jebo.2024.07.002","Core Hybrid","EUR","2,500.00"
"10.1016/j.jebo.2024.106706","Core Hybrid","EUR","2,500.00"
"10.1016/j.jebo.2024.106709","Core Hybrid","EUR","2,500.00"
"10.1016/j.jebo.2024.106715","Core Hybrid","EUR","2,500.00"
"10.1016/j.jebo.2024.106719","Core Hybrid","EUR","2,500.00"
"10.1016/j.jebo.2024.106722","Core Hybrid","EUR","2,500.00"
"10.1016/j.jebo.2024.106730","Core Hybrid","EUR","2,500.00"
"10.1016/j.jebo.2024.106755","Core Hybrid","EUR","2,500.00"
"10.1016/j.jebo.2024.106757","Core Hybrid","EUR","2,500.00"
"10.1016/j.jebo.2024.106758","Core Hybrid","EUR","2,500.00"
"10.1016/j.jebo.2024.106767","Core Hybrid","EUR","2,500.00"
"10.1016/j.jebo.2024.106778","Core Hybrid","EUR","2,500.00"
"10.1016/j.jebo.2024.106780","Core Hybrid","EUR","2,500.00"
"10.1016/j.jebo.2024.106789","Core Hybrid","EUR","2,500.00"
"10.1016/j.jebo.2024.106847","Core Hybrid","EUR","2,500.00"
"10.1016/j.jebo.2024.106854","Core Hybrid","EUR","2,500.00"
"10.1016/j.jeca.2024.e00384","Core Hybrid","EUR","2,500.00"
"10.1016/j.jece.2024.111945","Core Hybrid","EUR","2,500.00"
"10.1016/j.jece.2024.112460","Core Hybrid","EUR","2,500.00"
"10.1016/j.jece.2024.112951","Core Hybrid","EUR","2,500.00"
"10.1016/j.jece.2024.112995","Core Hybrid","EUR","2,500.00"
"10.1016/j.jece.2024.113071","Core Hybrid","EUR","2,500.00"
"10.1016/j.jece.2024.113372","Core Hybrid","EUR","2,500.00"
"10.1016/j.jece.2024.113699","Core Hybrid","EUR","2,500.00"
"10.1016/j.jece.2024.114115","Core Hybrid","EUR","2,500.00"
"10.1016/j.jece.2024.114260","Core Hybrid","EUR","2,500.00"
"10.1016/j.jece.2024.114803","Core Hybrid","EUR","2,500.00"
"10.1016/j.jechem.2024.03.048","Core Hybrid","EUR","2,500.00"
"10.1016/j.jechem.2024.08.037","Core Hybrid","EUR","2,500.00"
"10.1016/j.jechem.2024.09.010","Core Hybrid","EUR","2,500.00"
"10.1016/j.jechem.2024.10.023","Core Hybrid","EUR","2,500.00"
"10.1016/j.jechem.2024.12.010","Core Hybrid","EUR","2,500.00"
"10.1016/j.jeconom.2024.105769","Core Hybrid","EUR","2,500.00"
"10.1016/j.jeconom.2024.105914","Core Hybrid","EUR","2,500.00"
"10.1016/j.jecp.2023.105835","Core Hybrid","EUR","2,500.00"
"10.1016/j.jecp.2024.105864","Core Hybrid","EUR","2,500.00"
"10.1016/j.jecp.2024.105892","Core Hybrid","EUR","2,500.00"
"10.1016/j.jecp.2024.105915","Core Hybrid","EUR","2,500.00"
"10.1016/j.jecp.2024.105927","Core Hybrid","EUR","2,500.00"
"10.1016/j.jecp.2024.105929","Core Hybrid","EUR","2,500.00"
"10.1016/j.jecp.2024.105962","Core Hybrid","EUR","2,500.00"
"10.1016/j.jecp.2024.105990","Core Hybrid","EUR","2,500.00"
"10.1016/j.jecp.2024.106014","Core Hybrid","EUR","2,500.00"
"10.1016/j.jecp.2024.106039","Core Hybrid","EUR","2,500.00"
"10.1016/j.jecp.2024.106060","Core Hybrid","EUR","2,500.00"
"10.1016/j.jecp.2024.106064","Core Hybrid","EUR","2,500.00"
"10.1016/j.jecp.2024.106075","Core Hybrid","EUR","2,500.00"
"10.1016/j.jecp.2024.106099","Core Hybrid","EUR","2,500.00"
"10.1016/j.jecp.2024.106107","Core Hybrid","EUR","2,500.00"
"10.1016/j.jecp.2024.106126","Core Hybrid","EUR","2,500.00"
"10.1016/j.jedc.2023.104805","Core Hybrid","EUR","2,500.00"
"10.1016/j.jedc.2024.104822","Core Hybrid","EUR","2,500.00"
"10.1016/j.jedc.2024.104841","Core Hybrid","EUR","2,500.00"
"10.1016/j.jedc.2024.104861","Core Hybrid","EUR","2,500.00"
"10.1016/j.jedc.2024.104878","Core Hybrid","EUR","2,500.00"
"10.1016/j.jedc.2024.104927","Core Hybrid","EUR","2,500.00"
"10.1016/j.jedc.2024.104929","Core Hybrid","EUR","2,500.00"
"10.1016/j.jedc.2024.104943","Core Hybrid","EUR","2,500.00"
"10.1016/j.jedc.2024.104960","Core Hybrid","EUR","2,500.00"
"10.1016/j.jedc.2024.104972","Core Hybrid","EUR","2,500.00"
"10.1016/j.jedc.2024.104978","Core Hybrid","EUR","2,500.00"
"10.1016/j.jedc.2024.105002","Core Hybrid","EUR","2,500.00"
"10.1016/j.jedc.2024.105030","Core Hybrid","EUR","2,500.00"
"10.1016/j.jedc.2024.105032","Core Hybrid","EUR","2,500.00"
"10.1016/j.jeem.2024.102947","Core Hybrid","EUR","2,500.00"
"10.1016/j.jeem.2024.102952","Core Hybrid","EUR","2,500.00"
"10.1016/j.jeem.2024.102955","Core Hybrid","EUR","2,500.00"
"10.1016/j.jeem.2024.102968","Core Hybrid","EUR","2,500.00"
"10.1016/j.jeem.2024.102969","Core Hybrid","EUR","2,500.00"
"10.1016/j.jeem.2024.102977","Core Hybrid","EUR","2,500.00"
"10.1016/j.jeem.2024.102979","Core Hybrid","EUR","2,500.00"
"10.1016/j.jeem.2024.102990","Core Hybrid","EUR","2,500.00"
"10.1016/j.jeem.2024.102991","Core Hybrid","EUR","2,500.00"
"10.1016/j.jeem.2024.103044","Core Hybrid","EUR","2,500.00"
"10.1016/j.jeem.2024.103046","Core Hybrid","EUR","2,500.00"
"10.1016/j.jeem.2024.103057","Core Hybrid","EUR","2,500.00"
"10.1016/j.jeem.2024.103063","Core Hybrid","EUR","2,500.00"
"10.1016/j.jeem.2024.103070","Core Hybrid","EUR","2,500.00"
"10.1016/j.jeem.2024.103080","Core Hybrid","EUR","2,500.00"
"10.1016/j.jelechem.2024.118044","Core Hybrid","EUR","2,500.00"
"10.1016/j.jelechem.2024.118412","Core Hybrid","EUR","2,500.00"
"10.1016/j.jelechem.2024.118467","Core Hybrid","EUR","2,500.00"
"10.1016/j.jelechem.2024.118773","Core Hybrid","EUR","2,500.00"
"10.1016/j.jelectrocard.2024.153824","Core Hybrid","EUR","2,500.00"
"10.1016/j.jelekin.2024.102922","Core Hybrid","EUR","2,500.00"
"10.1016/j.jelekin.2024.102947","Core Hybrid","EUR","2,500.00"
"10.1016/j.jembe.2024.152014","Core Hybrid","EUR","2,500.00"
"10.1016/j.jembe.2024.152051","Core Hybrid","EUR","2,500.00"
"10.1016/j.jemermed.2024.09.010","Core Hybrid","EUR","2,500.00"
"10.1016/j.jempfin.2024.101532","Core Hybrid","EUR","2,500.00"
"10.1016/j.jempfin.2024.101560","Core Hybrid","EUR","2,500.00"
"10.1016/j.jempfin.2024.101574","Core Hybrid","EUR","2,500.00"
"10.1016/j.jengtecman.2024.101798","Core Hybrid","EUR","2,500.00"
"10.1016/j.jenvman.2023.119022","Core Hybrid","EUR","2,500.00"
"10.1016/j.jenvman.2023.119960","Core Hybrid","EUR","2,500.00"
"10.1016/j.jenvman.2024.120089","Core Hybrid","EUR","2,500.00"
"10.1016/j.jenvman.2024.120108","Core Hybrid","EUR","2,500.00"
"10.1016/j.jenvman.2024.120127","Core Hybrid","EUR","2,500.00"
"10.1016/j.jenvman.2024.120218","Core Hybrid","EUR","2,500.00"
"10.1016/j.jenvman.2024.120384","Core Hybrid","EUR","2,500.00"
"10.1016/j.jenvman.2024.120422","Core Hybrid","EUR","2,500.00"
"10.1016/j.jenvman.2024.120562","Core Hybrid","EUR","2,500.00"
"10.1016/j.jenvman.2024.120566","Core Hybrid","EUR","2,500.00"
"10.1016/j.jenvman.2024.120588","Core Hybrid","EUR","2,500.00"
"10.1016/j.jenvman.2024.120685","Core Hybrid","EUR","2,500.00"
"10.1016/j.jenvman.2024.120710","Core Hybrid","EUR","2,500.00"
"10.1016/j.jenvman.2024.120779","Core Hybrid","EUR","2,500.00"
"10.1016/j.jenvman.2024.120969","Core Hybrid","EUR","2,500.00"
"10.1016/j.jenvman.2024.121019","Core Hybrid","EUR","2,500.00"
"10.1016/j.jenvman.2024.121021","Core Hybrid","EUR","2,500.00"
"10.1016/j.jenvman.2024.121127","Core Hybrid","EUR","2,500.00"
"10.1016/j.jenvman.2024.121242","Core Hybrid","EUR","2,500.00"
"10.1016/j.jenvman.2024.121399","Core Hybrid","EUR","2,500.00"
"10.1016/j.jenvman.2024.121518","Core Hybrid","EUR","2,500.00"
"10.1016/j.jenvman.2024.121554","Core Hybrid","EUR","2,500.00"
"10.1016/j.jenvman.2024.121659","Core Hybrid","EUR","2,500.00"
"10.1016/j.jenvman.2024.121911","Core Hybrid","EUR","2,500.00"
"10.1016/j.jenvman.2024.121949","Core Hybrid","EUR","2,500.00"
"10.1016/j.jenvman.2024.122023","Core Hybrid","EUR","2,500.00"
"10.1016/j.jenvman.2024.122073","Core Hybrid","EUR","2,500.00"
"10.1016/j.jenvman.2024.122266","Core Hybrid","EUR","2,500.00"
"10.1016/j.jenvman.2024.122317","Core Hybrid","EUR","2,500.00"
"10.1016/j.jenvman.2024.122331","Core Hybrid","EUR","2,500.00"
"10.1016/j.jenvman.2024.122374","Core Hybrid","EUR","2,500.00"
"10.1016/j.jenvman.2024.122431","Core Hybrid","EUR","2,500.00"
"10.1016/j.jenvman.2024.122472","Core Hybrid","EUR","2,500.00"
"10.1016/j.jenvman.2024.122795","Core Hybrid","EUR","2,500.00"
"10.1016/j.jenvman.2024.122829","Core Hybrid","EUR","2,500.00"
"10.1016/j.jenvman.2024.122901","Core Hybrid","EUR","2,500.00"
"10.1016/j.jenvman.2024.123035","Core Hybrid","EUR","2,500.00"
"10.1016/j.jenvman.2024.123081","Core Hybrid","EUR","2,500.00"
"10.1016/j.jenvman.2024.123253","Core Hybrid","EUR","2,500.00"
"10.1016/j.jenvman.2024.123288","Core Hybrid","EUR","2,500.00"
"10.1016/j.jenvman.2024.123350","Core Hybrid","EUR","2,500.00"
"10.1016/j.jenvman.2024.123501","Core Hybrid","EUR","2,500.00"
"10.1016/j.jenvman.2024.123665","Core Hybrid","EUR","2,500.00"
"10.1016/j.jenvp.2023.102224","Core Hybrid","EUR","2,500.00"
"10.1016/j.jenvp.2024.102241","Core Hybrid","EUR","2,500.00"
"10.1016/j.jenvp.2024.102260","Core Hybrid","EUR","2,500.00"
"10.1016/j.jenvp.2024.102270","Core Hybrid","EUR","2,500.00"
"10.1016/j.jenvp.2024.102276","Core Hybrid","EUR","2,500.00"
"10.1016/j.jenvp.2024.102281","Core Hybrid","EUR","2,500.00"
"10.1016/j.jenvp.2024.102291","Core Hybrid","EUR","2,500.00"
"10.1016/j.jenvp.2024.102293","Core Hybrid","EUR","2,500.00"
"10.1016/j.jenvp.2024.102308","Core Hybrid","EUR","2,500.00"
"10.1016/j.jenvp.2024.102318","Core Hybrid","EUR","2,500.00"
"10.1016/j.jenvp.2024.102322","Core Hybrid","EUR","2,500.00"
"10.1016/j.jenvp.2024.102337","Core Hybrid","EUR","2,500.00"
"10.1016/j.jenvp.2024.102348","Core Hybrid","EUR","2,500.00"
"10.1016/j.jenvp.2024.102356","Core Hybrid","EUR","2,500.00"
"10.1016/j.jenvp.2024.102392","Core Hybrid","EUR","2,500.00"
"10.1016/j.jenvp.2024.102401","Core Hybrid","EUR","2,500.00"
"10.1016/j.jenvp.2024.102428","Core Hybrid","EUR","2,500.00"
"10.1016/j.jenvp.2024.102441","Core Hybrid","EUR","2,500.00"
"10.1016/j.jenvp.2024.102449","Core Hybrid","EUR","2,500.00"
"10.1016/j.jenvp.2024.102483","Core Hybrid","EUR","2,500.00"
"10.1016/j.jenvrad.2023.107309","Core Hybrid","EUR","2,500.00"
"10.1016/j.jenvrad.2024.107382","Core Hybrid","EUR","2,500.00"
"10.1016/j.jenvrad.2024.107446","Core Hybrid","EUR","2,500.00"
"10.1016/j.jenvrad.2024.107510","Core Hybrid","EUR","2,500.00"
"10.1016/j.jenvrad.2024.107553","Core Hybrid","EUR","2,500.00"
"10.1016/j.jenvrad.2024.107583","Core Hybrid","EUR","2,500.00"
"10.1016/j.jenvrad.2024.107592","Core Hybrid","EUR","2,500.00"
"10.1016/j.jep.2024.118053","Core Hybrid","EUR","2,500.00"
"10.1016/j.jep.2024.119074","Core Hybrid","EUR","2,500.00"
"10.1016/j.jesf.2024.02.001","Core Gold","EUR",728.00
"10.1016/j.jesp.2024.104605","Core Hybrid","EUR","2,500.00"
"10.1016/j.jesp.2024.104666","Core Hybrid","EUR","2,500.00"
"10.1016/j.jesp.2024.104668","Core Hybrid","EUR","2,500.00"
"10.1016/j.jestch.2024.101661","Core Gold","EUR",800.00
"10.1016/j.jet.2024.105800","Core Hybrid","EUR","2,500.00"
"10.1016/j.jet.2024.105828","Core Hybrid","EUR","2,500.00"
"10.1016/j.jet.2024.105836","Core Hybrid","EUR","2,500.00"
"10.1016/j.jet.2024.105848","Core Hybrid","EUR","2,500.00"
"10.1016/j.jet.2024.105883","Core Hybrid","EUR","2,500.00"
"10.1016/j.jeurceramsoc.2024.01.035","Core Hybrid","EUR","2,500.00"
"10.1016/j.jeurceramsoc.2024.02.037","Core Hybrid","EUR","2,500.00"
"10.1016/j.jeurceramsoc.2024.02.048","Core Hybrid","EUR","2,500.00"
"10.1016/j.jeurceramsoc.2024.03.003","Core Hybrid","EUR","2,500.00"
"10.1016/j.jeurceramsoc.2024.04.054","Core Hybrid","EUR","2,500.00"
"10.1016/j.jeurceramsoc.2024.04.070","Core Hybrid","EUR","2,500.00"
"10.1016/j.jeurceramsoc.2024.04.075","Core Hybrid","EUR","2,500.00"
"10.1016/j.jeurceramsoc.2024.05.041","Core Hybrid","EUR","2,500.00"
"10.1016/j.jeurceramsoc.2024.05.046","Core Hybrid","EUR","2,500.00"
"10.1016/j.jeurceramsoc.2024.05.070","Core Hybrid","EUR","2,500.00"
"10.1016/j.jeurceramsoc.2024.116717","Core Hybrid","EUR","2,500.00"
"10.1016/j.jeurceramsoc.2024.116742","Core Hybrid","EUR","2,500.00"
"10.1016/j.jeurceramsoc.2024.116763","Core Hybrid","EUR","2,500.00"
"10.1016/j.jeurceramsoc.2024.116774","Core Hybrid","EUR","2,500.00"
"10.1016/j.jeurceramsoc.2024.116780","Core Hybrid","EUR","2,500.00"
"10.1016/j.jeurceramsoc.2024.116812","Core Hybrid","EUR","2,500.00"
"10.1016/j.jeurceramsoc.2024.116815","Core Hybrid","EUR","2,500.00"
"10.1016/j.jeurceramsoc.2024.116827","Core Hybrid","EUR","2,500.00"
"10.1016/j.jeurceramsoc.2024.116875","Core Hybrid","EUR","2,500.00"
"10.1016/j.jeurceramsoc.2024.116932","Core Hybrid","EUR","2,500.00"
"10.1016/j.jeurceramsoc.2024.116936","Core Hybrid","EUR","2,500.00"
"10.1016/j.jeurceramsoc.2024.116969","Core Hybrid","EUR","2,500.00"
"10.1016/j.jeurceramsoc.2024.116978","Core Hybrid","EUR","2,500.00"
"10.1016/j.jeurceramsoc.2024.117001","Core Hybrid","EUR","2,500.00"
"10.1016/j.jeurceramsoc.2024.117035","Core Hybrid","EUR","2,500.00"
"10.1016/j.jeurceramsoc.2024.117076","Core Hybrid","EUR","2,500.00"
"10.1016/j.jeurceramsoc.2024.117145","Core Hybrid","EUR","2,500.00"
"10.1016/j.jeurceramsoc.2024.117146","Core Hybrid","EUR","2,500.00"
"10.1016/j.jevs.2024.105008","Core Hybrid","EUR","2,500.00"
"10.1016/j.jevs.2024.105009","Core Hybrid","EUR","2,500.00"
"10.1016/j.jevs.2024.105011","Core Hybrid","EUR","2,500.00"
"10.1016/j.jevs.2024.105076","Core Hybrid","EUR","2,500.00"
"10.1016/j.jevs.2024.105078","Core Hybrid","EUR","2,500.00"
"10.1016/j.jevs.2024.105152","Core Hybrid","EUR","2,500.00"
"10.1016/j.jevs.2024.105247","Core Hybrid","EUR","2,500.00"
"10.1016/j.jevs.2024.105250","Core Hybrid","EUR","2,500.00"
"10.1016/j.jfa.2024.110319","Core Hybrid","EUR","2,500.00"
"10.1016/j.jfa.2024.110342","Core Hybrid","EUR","2,500.00"
"10.1016/j.jfa.2024.110348","Core Hybrid","EUR","2,500.00"
"10.1016/j.jfa.2024.110444","Core Hybrid","EUR","2,500.00"
"10.1016/j.jfa.2024.110468","Core Hybrid","EUR","2,500.00"
"10.1016/j.jfa.2024.110477","Core Hybrid","EUR","2,500.00"
"10.1016/j.jfa.2024.110564","Core Hybrid","EUR","2,500.00"
"10.1016/j.jfa.2024.110619","Core Hybrid","EUR","2,500.00"
"10.1016/j.jfa.2024.110622","Core Hybrid","EUR","2,500.00"
"10.1016/j.jfa.2024.110644","Core Hybrid","EUR","2,500.00"
"10.1016/j.jfa.2024.110651","Core Hybrid","EUR","2,500.00"
"10.1016/j.jfa.2024.110654","Core Hybrid","EUR","2,500.00"
"10.1016/j.jfa.2024.110659","Core Hybrid","EUR","2,500.00"
"10.1016/j.jfa.2024.110676","Core Hybrid","EUR","2,500.00"
"10.1016/j.jfa.2024.110682","Core Hybrid","EUR","2,500.00"
"10.1016/j.jfa.2024.110684","Core Hybrid","EUR","2,500.00"
"10.1016/j.jfa.2024.110710","Core Hybrid","EUR","2,500.00"
"10.1016/j.jfa.2024.110713","Core Hybrid","EUR","2,500.00"
"10.1016/j.jfa.2024.110715","Core Hybrid","EUR","2,500.00"
"10.1016/j.jfa.2024.110741","Core Hybrid","EUR","2,500.00"
"10.1016/j.jfa.2024.110742","Core Hybrid","EUR","2,500.00"
"10.1016/j.jfa.2024.110744","Core Hybrid","EUR","2,500.00"
"10.1016/j.jfa.2024.110745","Core Hybrid","EUR","2,500.00"
"10.1016/j.jfbs.2024.100623","Core Hybrid","EUR","2,500.00"
"10.1016/j.jfbs.2024.100635","Core Hybrid","EUR","2,500.00"
"10.1016/j.jfca.2024.106553","Core Hybrid","EUR","2,500.00"
"10.1016/j.jfca.2024.106576","Core Hybrid","EUR","2,500.00"
"10.1016/j.jfca.2024.106744","Core Hybrid","EUR","2,500.00"
"10.1016/j.jfca.2024.106921","Core Hybrid","EUR","2,500.00"
"10.1016/j.jfca.2024.106999","Core Hybrid","EUR","2,500.00"
"10.1016/j.jfca.2024.107168","Core Hybrid","EUR","2,500.00"
"10.1016/j.jff.2024.106132","Core Gold","EUR","1,824.00"
"10.1016/j.jff.2024.106230","Core Gold","EUR","1,824.00"
"10.1016/j.jff.2024.106416","Core Gold","EUR","1,856.00"
"10.1016/j.jff.2024.106429","Core Gold","EUR","1,856.00"
"10.1016/j.jfi.2024.101116","Core Hybrid","EUR","2,500.00"
"10.1016/j.jfi.2024.101123","Core Hybrid","EUR","2,500.00"
"10.1016/j.jfineco.2023.103777","Core Hybrid","EUR","2,500.00"
"10.1016/j.jfineco.2024.103884","Core Hybrid","EUR","2,500.00"
"10.1016/j.jflm.2024.102681","Core Hybrid","EUR","2,500.00"
"10.1016/j.jflm.2024.102763","Core Hybrid","EUR","2,500.00"
"10.1016/j.jflm.2024.102787","Core Hybrid","EUR","2,500.00"
"10.1016/j.jfluchem.2024.110281","Core Hybrid","EUR","2,500.00"
"10.1016/j.jfluidstructs.2024.104112","Core Hybrid","EUR","2,500.00"
"10.1016/j.jfluidstructs.2024.104232","Core Hybrid","EUR","2,500.00"
"10.1016/j.jfoodeng.2023.111913","Core Hybrid","EUR","2,500.00"
"10.1016/j.jfoodeng.2024.112019","Core Hybrid","EUR","2,500.00"
"10.1016/j.jfoodeng.2024.112063","Core Hybrid","EUR","2,500.00"
"10.1016/j.jfoodeng.2024.112164","Core Hybrid","EUR","2,500.00"
"10.1016/j.jfoodeng.2024.112212","Core Hybrid","EUR","2,500.00"
"10.1016/j.jfoodeng.2024.112213","Core Hybrid","EUR","2,500.00"
"10.1016/j.jfoodeng.2024.112218","Core Hybrid","EUR","2,500.00"
"10.1016/j.jfoodeng.2024.112221","Core Hybrid","EUR","2,500.00"
"10.1016/j.jfoodeng.2024.112228","Core Hybrid","EUR","2,500.00"
"10.1016/j.jfoodeng.2024.112377","Core Hybrid","EUR","2,500.00"
"10.1016/j.jfoodeng.2024.112408","Core Hybrid","EUR","2,500.00"
"10.1016/j.jfoodeng.2024.112410","Core Hybrid","EUR","2,500.00"
"10.1016/j.jfoodeng.2024.112414","Core Hybrid","EUR","2,500.00"
"10.1016/j.jfoodeng.2024.112423","Core Hybrid","EUR","2,500.00"
"10.1016/j.jfp.2024.100388","Core Gold","EUR","1,456.00"
"10.1016/j.jfranklin.2024.01.022","Core Hybrid","EUR","2,500.00"
"10.1016/j.jfranklin.2024.106934","Core Hybrid","EUR","2,500.00"
"10.1016/j.jfranklin.2024.106994","Core Hybrid","EUR","2,500.00"
"10.1016/j.jfranklin.2024.107201","Core Hybrid","EUR","2,500.00"
"10.1016/j.jfranklin.2024.107237","Core Hybrid","EUR","2,500.00"
"10.1016/j.jfranklin.2024.107404","Core Hybrid","EUR","2,500.00"
"10.1016/j.jfs.2024.101221","Core Hybrid","EUR","2,500.00"
"10.1016/j.jfs.2024.101247","Core Hybrid","EUR","2,500.00"
"10.1016/j.jfs.2024.101283","Core Hybrid","EUR","2,500.00"
"10.1016/j.jfs.2024.101337","Core Hybrid","EUR","2,500.00"
"10.1016/j.jgar.2024.09.005","Core Gold","EUR",456.00
"10.1016/j.jglr.2024.102305","Core Hybrid","EUR","2,500.00"
"10.1016/j.jglr.2024.102339","Core Hybrid","EUR","2,500.00"
"10.1016/j.jglr.2024.102351","Core Hybrid","EUR","2,500.00"
"10.1016/j.jgo.2024.101734","Core Hybrid","EUR","2,500.00"
"10.1016/j.jgo.2024.101838","Core Hybrid","EUR","2,500.00"
"10.1016/j.jgsce.2024.205224","Core Hybrid","EUR","2,500.00"
"10.1016/j.jgsce.2024.205253","Core Hybrid","EUR","2,500.00"
"10.1016/j.jgsce.2024.205377","Core Hybrid","EUR","2,500.00"
"10.1016/j.jhazmat.2023.133404","Core Hybrid","EUR","2,500.00"
"10.1016/j.jhazmat.2024.133486","Core Hybrid","EUR","2,500.00"
"10.1016/j.jhazmat.2024.134046","Core Hybrid","EUR","2,500.00"
"10.1016/j.jhazmat.2024.134084","Core Hybrid","EUR","2,500.00"
"10.1016/j.jhazmat.2024.134173","Core Hybrid","EUR","2,500.00"
"10.1016/j.jhazmat.2024.134239","Core Hybrid","EUR","2,500.00"
"10.1016/j.jhazmat.2024.134253","Core Hybrid","EUR","2,500.00"
"10.1016/j.jhazmat.2024.134446","Core Hybrid","EUR","2,500.00"
"10.1016/j.jhazmat.2024.134683","Core Hybrid","EUR","2,500.00"
"10.1016/j.jhazmat.2024.134747","Core Hybrid","EUR","2,500.00"
"10.1016/j.jhazmat.2024.134765","Core Hybrid","EUR","2,500.00"
"10.1016/j.jhazmat.2024.135102","Core Hybrid","EUR","2,500.00"
"10.1016/j.jhazmat.2024.135183","Core Hybrid","EUR","2,500.00"
"10.1016/j.jhazmat.2024.135198","Core Hybrid","EUR","2,500.00"
"10.1016/j.jhazmat.2024.135256","Core Hybrid","EUR","2,500.00"
"10.1016/j.jhazmat.2024.135277","Core Hybrid","EUR","2,500.00"
"10.1016/j.jhazmat.2024.135523","Core Hybrid","EUR","2,500.00"
"10.1016/j.jhazmat.2024.135599","Core Hybrid","EUR","2,500.00"
"10.1016/j.jhazmat.2024.135932","Core Hybrid","EUR","2,500.00"
"10.1016/j.jhazmat.2024.136237","Core Hybrid","EUR","2,500.00"
"10.1016/j.jhazmat.2024.136609","Core Hybrid","EUR","2,500.00"
"10.1016/j.jhazmat.2024.136811","Core Hybrid","EUR","2,500.00"
"10.1016/j.jhe.2024.101983","Core Hybrid","EUR","2,500.00"
"10.1016/j.jhe.2024.102024","Core Hybrid","EUR","2,500.00"
"10.1016/j.jhe.2024.102026","Core Hybrid","EUR","2,500.00"
"10.1016/j.jhealeco.2024.102862","Core Hybrid","EUR","2,500.00"
"10.1016/j.jhealeco.2024.102884","Core Hybrid","EUR","2,500.00"
"10.1016/j.jhealeco.2024.102912","Core Hybrid","EUR","2,500.00"
"10.1016/j.jheap.2024.10.011","Core Hybrid","EUR","2,500.00"
"10.1016/j.jhep.2024.01.035","Core Hybrid","EUR","2,500.00"
"10.1016/j.jhep.2024.03.005","Core Hybrid","EUR","2,500.00"
"10.1016/j.jhep.2024.03.043","Core Hybrid","EUR","2,500.00"
"10.1016/j.jhep.2024.05.001","Core Hybrid","EUR","2,500.00"
"10.1016/j.jhep.2024.05.032","Core Hybrid","EUR","2,500.00"
"10.1016/j.jhep.2024.06.019","Core Hybrid","EUR","2,500.00"
"10.1016/j.jhep.2024.06.040","Core Hybrid","EUR","2,500.00"
"10.1016/j.jhep.2024.08.012","Core Hybrid","EUR","2,500.00"
"10.1016/j.jhep.2024.08.014","Core Hybrid","EUR","2,500.00"
"10.1016/j.jhep.2024.08.025","Core Hybrid","EUR","2,500.00"
"10.1016/j.jhep.2024.10.047","Core Hybrid","EUR","2,500.00"
"10.1016/j.jhepr.2023.100988","Core Gold","EUR","2,120.00"
"10.1016/j.jhepr.2024.101012","Core Gold","EUR","2,120.00"
"10.1016/j.jhepr.2024.101054","Core Gold","EUR","2,120.00"
"10.1016/j.jhepr.2024.101063","Core Gold","EUR","2,120.00"
"10.1016/j.jhepr.2024.101072","Core Gold","EUR","2,120.00"
"10.1016/j.jhepr.2024.101074","Core Gold","EUR","2,120.00"
"10.1016/j.jhepr.2024.101104","Core Gold","EUR","2,120.00"
"10.1016/j.jhepr.2024.101122","Core Gold","EUR","2,120.00"
"10.1016/j.jhepr.2024.101125","Core Gold","EUR","2,120.00"
"10.1016/j.jhepr.2024.101128","Core Gold","EUR","2,120.00"
"10.1016/j.jhepr.2024.101171","Core Gold","EUR","2,120.00"
"10.1016/j.jhepr.2024.101189","Core Gold","EUR","2,120.00"
"10.1016/j.jhepr.2024.101199","Core Gold","EUR","2,120.00"
"10.1016/j.jhepr.2024.101209","Core Gold","EUR","2,120.00"
"10.1016/j.jhepr.2024.101243","Core Gold","EUR","2,120.00"
"10.1016/j.jhepr.2024.101265","Core Gold","EUR","2,120.00"
"10.1016/j.jhepr.2024.101267","Core Gold","EUR","2,120.00"
"10.1016/j.jhepr.2024.101273","Core Gold","EUR","2,120.00"
"10.1016/j.jhepr.2024.101295","Core Gold","EUR","2,120.00"
"10.1016/j.jher.2024.08.001","Core Hybrid","EUR","2,500.00"
"10.1016/j.jhevol.2024.103498","Core Hybrid","EUR","2,500.00"
"10.1016/j.jhevol.2024.103517","Core Hybrid","EUR","2,500.00"
"10.1016/j.jhevol.2024.103578","Core Hybrid","EUR","2,500.00"
"10.1016/j.jhevol.2024.103582","Core Hybrid","EUR","2,500.00"
"10.1016/j.jhevol.2024.103590","Core Hybrid","EUR","2,500.00"
"10.1016/j.jhevol.2024.103591","Core Hybrid","EUR","2,500.00"
"10.1016/j.jhg.2024.04.007","Core Hybrid","EUR","2,500.00"
"10.1016/j.jhin.2024.01.009","Core Hybrid","EUR","2,500.00"
"10.1016/j.jhin.2024.01.010","Core Hybrid","EUR","2,500.00"
"10.1016/j.jhin.2024.02.019","Core Hybrid","EUR","2,500.00"
"10.1016/j.jhin.2024.02.023","Core Hybrid","EUR","2,500.00"
"10.1016/j.jhin.2024.04.004","Core Hybrid","EUR","2,500.00"
"10.1016/j.jhin.2024.04.014","Core Hybrid","EUR","2,500.00"
"10.1016/j.jhin.2024.05.015","Core Hybrid","EUR","2,500.00"
"10.1016/j.jhin.2024.05.019","Core Hybrid","EUR","2,500.00"
"10.1016/j.jhin.2024.06.007","Core Hybrid","EUR","2,500.00"
"10.1016/j.jhin.2024.07.021","Core Hybrid","EUR","2,500.00"
"10.1016/j.jhin.2024.08.006","Core Hybrid","EUR","2,500.00"
"10.1016/j.jhin.2024.09.021","Core Hybrid","EUR","2,500.00"
"10.1016/j.jhin.2024.12.001","Core Hybrid","EUR","2,500.00"
"10.1016/j.jhlto.2024.100069","Core Gold","EUR",480.00
"10.1016/j.jhlto.2024.100166","Core Gold","EUR",960.00
"10.1016/j.jhsa.2024.06.002","Core Hybrid","EUR","2,500.00"
"10.1016/j.jhydrol.2024.130709","Core Hybrid","EUR","2,500.00"
"10.1016/j.jhydrol.2024.130741","Core Hybrid","EUR","2,500.00"
"10.1016/j.jhydrol.2024.130865","Core Hybrid","EUR","2,500.00"
"10.1016/j.jhydrol.2024.130985","Core Hybrid","EUR","2,500.00"
"10.1016/j.jhydrol.2024.131020","Core Hybrid","EUR","2,500.00"
"10.1016/j.jhydrol.2024.131023","Core Hybrid","EUR","2,500.00"
"10.1016/j.jhydrol.2024.131063","Core Hybrid","EUR","2,500.00"
"10.1016/j.jhydrol.2024.131070","Core Hybrid","EUR","2,500.00"
"10.1016/j.jhydrol.2024.131091","Core Hybrid","EUR","2,500.00"
"10.1016/j.jhydrol.2024.131335","Core Hybrid","EUR","2,500.00"
"10.1016/j.jhydrol.2024.131339","Core Hybrid","EUR","2,500.00"
"10.1016/j.jhydrol.2024.131426","Core Hybrid","EUR","2,500.00"
"10.1016/j.jhydrol.2024.131429","Core Hybrid","EUR","2,500.00"
"10.1016/j.jhydrol.2024.131467","Core Hybrid","EUR","2,500.00"
"10.1016/j.jhydrol.2024.131559","Core Hybrid","EUR","2,500.00"
"10.1016/j.jhydrol.2024.131579","Core Hybrid","EUR","2,500.00"
"10.1016/j.jhydrol.2024.131775","Core Hybrid","EUR","2,500.00"
"10.1016/j.jhydrol.2024.131905","Core Hybrid","EUR","2,500.00"
"10.1016/j.jhydrol.2024.131914","Core Hybrid","EUR","2,500.00"
"10.1016/j.jhydrol.2024.132149","Core Hybrid","EUR","2,500.00"
"10.1016/j.jhydrol.2024.132180","Core Hybrid","EUR","2,500.00"
"10.1016/j.jhydrol.2024.132198","Core Hybrid","EUR","2,500.00"
"10.1016/j.jhydrol.2024.132238","Core Hybrid","EUR","2,500.00"
"10.1016/j.jhydrol.2024.132395","Core Hybrid","EUR","2,500.00"
"10.1016/j.jhydrol.2024.132420","Core Hybrid","EUR","2,500.00"
"10.1016/j.jhydrol.2024.132490","Core Hybrid","EUR","2,500.00"
"10.1016/j.jhydrol.2024.132507","Core Hybrid","EUR","2,500.00"
"10.1016/j.jhydrol.2024.132520","Core Hybrid","EUR","2,500.00"
"10.1016/j.jhydrol.2024.132530","Core Hybrid","EUR","2,500.00"
"10.1016/j.jhydrol.2024.132553","Core Hybrid","EUR","2,500.00"
"10.1016/j.jid.2023.10.047","Core Hybrid","EUR","2,500.00"
"10.1016/j.jid.2024.02.020","Core Hybrid","EUR","1,900.00"
"10.1016/j.jid.2024.02.038","Core Hybrid","EUR","1,900.00"
"10.1016/j.jid.2024.03.020","Core Hybrid","EUR","1,900.00"
"10.1016/j.jid.2024.03.040","Core Hybrid","EUR","2,500.00"
"10.1016/j.jid.2024.03.041","Core Hybrid","EUR","2,500.00"
"10.1016/j.jid.2024.03.042","Core Hybrid","EUR","2,500.00"
"10.1016/j.jid.2024.03.048","Core Hybrid","EUR","2,500.00"
"10.1016/j.jid.2024.05.026","Core Hybrid","EUR","2,500.00"
"10.1016/j.jid.2024.08.031","Core Hybrid","EUR","2,500.00"
"10.1016/j.jid.2024.10.593","Core Hybrid","EUR","2,500.00"
"10.1016/j.jid.2024.11.014","Core Hybrid","EUR","2,500.00"
"10.1016/j.jiec.2024.03.026","Core Hybrid","EUR","2,500.00"
"10.1016/j.jii.2024.100602","Core Hybrid","EUR","2,500.00"
"10.1016/j.jii.2024.100707","Core Hybrid","EUR","2,500.00"
"10.1016/j.jik.2024.100636","Core Gold","EUR","1,312.00"
"10.1016/j.jim.2024.113667","Core Hybrid","EUR","2,500.00"
"10.1016/j.jim.2024.113669","Core Hybrid","EUR","2,500.00"
"10.1016/j.jimonfin.2024.103037","Core Hybrid","EUR","2,500.00"
"10.1016/j.jimonfin.2024.103041","Core Hybrid","EUR","2,500.00"
"10.1016/j.jimonfin.2024.103055","Core Hybrid","EUR","2,500.00"
"10.1016/j.jimonfin.2024.103074","Core Hybrid","EUR","2,500.00"
"10.1016/j.jimonfin.2024.103134","Core Hybrid","EUR","2,500.00"
"10.1016/j.jimonfin.2024.103147","Core Hybrid","EUR","2,500.00"
"10.1016/j.jimonfin.2024.103162","Core Hybrid","EUR","2,500.00"
"10.1016/j.jimonfin.2024.103200","Core Hybrid","EUR","2,500.00"
"10.1016/j.jimonfin.2024.103203","Core Hybrid","EUR","2,500.00"
"10.1016/j.jimonfin.2024.103219","Core Hybrid","EUR","2,500.00"
"10.1016/j.jinf.2024.106206","Core Gold","EUR","2,944.00"
"10.1016/j.jinf.2024.106215","Core Gold","EUR","2,944.00"
"10.1016/j.jinf.2024.106220","Core Gold","EUR","2,944.00"
"10.1016/j.jinf.2024.106228","Core Gold","EUR","2,944.00"
"10.1016/j.jinf.2024.106359","Core Gold","EUR","2,944.00"
"10.1016/j.jinorgbio.2024.112478","Core Hybrid","EUR","2,500.00"
"10.1016/j.jinorgbio.2024.112487","Core Hybrid","EUR","2,500.00"
"10.1016/j.jinorgbio.2024.112616","Core Hybrid","EUR","2,500.00"
"10.1016/j.jinorgbio.2024.112741","Core Hybrid","EUR","2,500.00"
"10.1016/j.jinorgbio.2024.112809","Core Hybrid","EUR","2,500.00"
"10.1016/j.jinteco.2024.103892","Core Hybrid","EUR","2,500.00"
"10.1016/j.jinteco.2024.103970","Core Hybrid","EUR","2,500.00"
"10.1016/j.jinteco.2024.104005","Core Hybrid","EUR","2,500.00"
"10.1016/j.jinteco.2024.104023","Core Hybrid","EUR","2,500.00"
"10.1016/j.jip.2024.108069","Core Hybrid","EUR","2,500.00"
"10.1016/j.jip.2024.108121","Core Hybrid","EUR","2,500.00"
"10.1016/j.jip.2024.108153","Core Hybrid","EUR","2,500.00"
"10.1016/j.jip.2024.108221","Core Hybrid","EUR","2,500.00"
"10.1016/j.jip.2024.108224","Core Hybrid","EUR","2,500.00"
"10.1016/j.jip.2024.108227","Core Hybrid","EUR","2,500.00"
"10.1016/j.jip.2024.108243","Core Hybrid","EUR","2,500.00"
"10.1016/j.jiph.2024.02.003","Core Gold","EUR","1,608.00"
"10.1016/j.jiph.2024.05.046","Core Gold","EUR","1,688.00"
"10.1016/j.jiph.2024.102493","Core Gold","EUR","1,688.00"
"10.1016/j.jiph.2024.102518","Core Gold","EUR","1,688.00"
"10.1016/j.jiph.2024.102519","Core Gold","EUR","1,688.00"
"10.1016/j.jisa.2024.103832","Core Hybrid","EUR","2,500.00"
"10.1016/j.jisako.2024.07.004","Core Gold","EUR",544.00
"10.1016/j.jjcc.2024.01.003","Core Hybrid","EUR","2,500.00"
"10.1016/j.jjimei.2024.100249","Core Gold","EUR",825.00
"10.1016/j.jjimei.2024.100307","Core Gold","EUR",825.00
"10.1016/j.jlamp.2024.100975","Core Hybrid","EUR","2,500.00"
"10.1016/j.jlp.2024.105461","Core Hybrid","EUR","2,500.00"
"10.1016/j.jlp.2024.105491","Core Hybrid","EUR","2,500.00"
"10.1016/j.jmaa.2023.127953","Core Hybrid","EUR","2,500.00"
"10.1016/j.jmaa.2024.128101","Core Hybrid","EUR","2,500.00"
"10.1016/j.jmaa.2024.128125","Core Hybrid","EUR","2,500.00"
"10.1016/j.jmaa.2024.128133","Core Hybrid","EUR","2,500.00"
"10.1016/j.jmaa.2024.128169","Core Hybrid","EUR","2,500.00"
"10.1016/j.jmaa.2024.128221","Core Hybrid","EUR","2,500.00"
"10.1016/j.jmaa.2024.128242","Core Hybrid","EUR","2,500.00"
"10.1016/j.jmaa.2024.128331","Core Hybrid","EUR","2,500.00"
"10.1016/j.jmaa.2024.128339","Core Hybrid","EUR","2,500.00"
"10.1016/j.jmaa.2024.128358","Core Hybrid","EUR","2,500.00"
"10.1016/j.jmaa.2024.128359","Core Hybrid","EUR","2,500.00"
"10.1016/j.jmaa.2024.128368","Core Hybrid","EUR","2,500.00"
"10.1016/j.jmaa.2024.128371","Core Hybrid","EUR","2,500.00"
"10.1016/j.jmaa.2024.128388","Core Hybrid","EUR","2,500.00"
"10.1016/j.jmaa.2024.128420","Core Hybrid","EUR","2,500.00"
"10.1016/j.jmaa.2024.128421","Core Hybrid","EUR","2,500.00"
"10.1016/j.jmaa.2024.128422","Core Hybrid","EUR","2,500.00"
"10.1016/j.jmaa.2024.128440","Core Hybrid","EUR","2,500.00"
"10.1016/j.jmaa.2024.128477","Core Hybrid","EUR","2,500.00"
"10.1016/j.jmaa.2024.128482","Core Hybrid","EUR","2,500.00"
"10.1016/j.jmaa.2024.128569","Core Hybrid","EUR","2,500.00"
"10.1016/j.jmaa.2024.128595","Core Hybrid","EUR","2,500.00"
"10.1016/j.jmaa.2024.128642","Core Hybrid","EUR","2,500.00"
"10.1016/j.jmaa.2024.128710","Core Hybrid","EUR","2,500.00"
"10.1016/j.jmaa.2024.128728","Core Hybrid","EUR","2,500.00"
"10.1016/j.jmaa.2024.128788","Core Hybrid","EUR","2,500.00"
"10.1016/j.jmaa.2024.129051","Core Hybrid","EUR","2,500.00"
"10.1016/j.jmaa.2024.129099","Core Hybrid","EUR","2,500.00"
"10.1016/j.jmaa.2024.129161","Core Hybrid","EUR","2,500.00"
"10.1016/j.jmapro.2023.10.077","Core Hybrid","EUR","2,500.00"
"10.1016/j.jmapro.2024.01.030","Core Hybrid","EUR","2,500.00"
"10.1016/j.jmapro.2024.02.030","Core Hybrid","EUR","2,500.00"
"10.1016/j.jmapro.2024.02.043","Core Hybrid","EUR","2,500.00"
"10.1016/j.jmapro.2024.03.102","Core Hybrid","EUR","2,500.00"
"10.1016/j.jmapro.2024.04.061","Core Hybrid","EUR","2,500.00"
"10.1016/j.jmapro.2024.05.008","Core Hybrid","EUR","2,500.00"
"10.1016/j.jmapro.2024.06.028","Core Hybrid","EUR","2,500.00"
"10.1016/j.jmapro.2024.06.034","Core Hybrid","EUR","2,500.00"
"10.1016/j.jmapro.2024.07.028","Core Hybrid","EUR","2,500.00"
"10.1016/j.jmapro.2024.07.037","Core Hybrid","EUR","2,500.00"
"10.1016/j.jmapro.2024.07.118","Core Hybrid","EUR","2,500.00"
"10.1016/j.jmapro.2024.09.085","Core Hybrid","EUR","2,500.00"
"10.1016/j.jmapro.2024.10.024","Core Hybrid","EUR","2,500.00"
"10.1016/j.jmapro.2024.10.028","Core Hybrid","EUR","2,500.00"
"10.1016/j.jmapro.2024.10.040","Core Hybrid","EUR","2,500.00"
"10.1016/j.jmat.2024.100962","Core Gold","EUR","1,280.00"
"10.1016/j.jmateco.2024.102988","Core Hybrid","EUR","2,500.00"
"10.1016/j.jmathb.2023.101123","Core Hybrid","EUR","2,500.00"
"10.1016/j.jmathb.2024.101129","Core Hybrid","EUR","2,500.00"
"10.1016/j.jmathb.2024.101130","Core Hybrid","EUR","2,500.00"
"10.1016/j.jmathb.2024.101160","Core Hybrid","EUR","2,500.00"
"10.1016/j.jmathb.2024.101169","Core Hybrid","EUR","2,500.00"
"10.1016/j.jmathb.2024.101195","Core Hybrid","EUR","2,500.00"
"10.1016/j.jmathb.2024.101230","Core Hybrid","EUR","2,500.00"
"10.1016/j.jmatprotec.2024.118365","Core Hybrid","EUR","2,500.00"
"10.1016/j.jmatprotec.2024.118666","Core Hybrid","EUR","2,500.00"
"10.1016/j.jmb.2023.168422","Core Hybrid","EUR","2,500.00"
"10.1016/j.jmb.2024.168439","Core Hybrid","EUR","2,500.00"
"10.1016/j.jmb.2024.168441","Core Hybrid","EUR","2,500.00"
"10.1016/j.jmb.2024.168447","Core Hybrid","EUR","2,500.00"
"10.1016/j.jmb.2024.168458","Core Hybrid","EUR","2,500.00"
"10.1016/j.jmb.2024.168484","Core Hybrid","EUR","2,500.00"
"10.1016/j.jmb.2024.168574","Core Hybrid","EUR","2,500.00"
"10.1016/j.jmb.2024.168588","Core Hybrid","EUR","2,500.00"
"10.1016/j.jmb.2024.168589","Core Hybrid","EUR","2,500.00"
"10.1016/j.jmb.2024.168613","Core Hybrid","EUR","2,500.00"
"10.1016/j.jmb.2024.168631","Core Hybrid","EUR","2,500.00"
"10.1016/j.jmb.2024.168643","Core Hybrid","EUR","2,500.00"
"10.1016/j.jmb.2024.168656","Core Hybrid","EUR","2,500.00"
"10.1016/j.jmb.2024.168717","Core Hybrid","EUR","2,500.00"
"10.1016/j.jmb.2024.168728","Core Hybrid","EUR","2,500.00"
"10.1016/j.jmb.2024.168734","Core Hybrid","EUR","2,500.00"
"10.1016/j.jmb.2024.168749","Core Hybrid","EUR","2,500.00"
"10.1016/j.jmb.2024.168772","Core Hybrid","EUR","2,500.00"
"10.1016/j.jmb.2024.168807","Core Hybrid","EUR","2,500.00"
"10.1016/j.jmb.2024.168839","Core Hybrid","EUR","2,500.00"
"10.1016/j.jmbbm.2023.106368","Core Hybrid","EUR","2,500.00"
"10.1016/j.jmbbm.2024.106386","Core Hybrid","EUR","2,500.00"
"10.1016/j.jmbbm.2024.106418","Core Hybrid","EUR","2,500.00"
"10.1016/j.jmbbm.2024.106432","Core Hybrid","EUR","2,500.00"
"10.1016/j.jmbbm.2024.106433","Core Hybrid","EUR","2,500.00"
"10.1016/j.jmbbm.2024.106452","Core Hybrid","EUR","2,500.00"
"10.1016/j.jmbbm.2024.106458","Core Hybrid","EUR","2,500.00"
"10.1016/j.jmbbm.2024.106501","Core Hybrid","EUR","2,500.00"
"10.1016/j.jmbbm.2024.106507","Core Hybrid","EUR","2,500.00"
"10.1016/j.jmbbm.2024.106510","Core Hybrid","EUR","2,500.00"
"10.1016/j.jmbbm.2024.106530","Core Hybrid","EUR","2,500.00"
"10.1016/j.jmbbm.2024.106563","Core Hybrid","EUR","2,500.00"
"10.1016/j.jmbbm.2024.106567","Core Hybrid","EUR","2,500.00"
"10.1016/j.jmbbm.2024.106570","Core Hybrid","EUR","2,500.00"
"10.1016/j.jmbbm.2024.106580","Core Hybrid","EUR","2,500.00"
"10.1016/j.jmbbm.2024.106601","Core Hybrid","EUR","2,500.00"
"10.1016/j.jmbbm.2024.106607","Core Hybrid","EUR","2,500.00"
"10.1016/j.jmbbm.2024.106635","Core Hybrid","EUR","2,500.00"
"10.1016/j.jmbbm.2024.106636","Core Hybrid","EUR","2,500.00"
"10.1016/j.jmbbm.2024.106639","Core Hybrid","EUR","2,500.00"
"10.1016/j.jmbbm.2024.106681","Core Hybrid","EUR","2,500.00"
"10.1016/j.jmbbm.2024.106711","Core Hybrid","EUR","2,500.00"
"10.1016/j.jmbbm.2024.106715","Core Hybrid","EUR","2,500.00"
"10.1016/j.jmbbm.2024.106720","Core Hybrid","EUR","2,500.00"
"10.1016/j.jmbbm.2024.106737","Core Hybrid","EUR","2,500.00"
"10.1016/j.jmbbm.2024.106740","Core Hybrid","EUR","2,500.00"
"10.1016/j.jmbbm.2024.106745","Core Hybrid","EUR","2,500.00"
"10.1016/j.jmbbm.2024.106746","Core Hybrid","EUR","2,500.00"
"10.1016/j.jmbbm.2024.106756","Core Hybrid","EUR","2,500.00"
"10.1016/j.jmbbm.2024.106762","Core Hybrid","EUR","2,500.00"
"10.1016/j.jmbbm.2024.106872","Core Hybrid","EUR","2,500.00"
"10.1016/j.jmbbm.2024.106873","Core Hybrid","EUR","2,500.00"
"10.1016/j.jmh.2024.100212","Core Gold","EUR","1,608.00"
"10.1016/j.jmh.2024.100236","Core Gold","EUR","1,688.00"
"10.1016/j.jmig.2024.03.012","Core Hybrid","EUR","2,500.00"
"10.1016/j.jml.2024.104583","Core Hybrid","EUR","2,500.00"
"10.1016/j.jml.2024.104605","Core Hybrid","EUR","2,500.00"
"10.1016/j.jmmm.2023.171368","Core Hybrid","EUR","2,500.00"
"10.1016/j.jmmm.2024.171808","Core Hybrid","EUR","2,500.00"
"10.1016/j.jmmm.2024.171955","Core Hybrid","EUR","2,500.00"
"10.1016/j.jmmm.2024.171967","Core Hybrid","EUR","2,500.00"
"10.1016/j.jmmm.2024.172042","Core Hybrid","EUR","2,500.00"
"10.1016/j.jmmm.2024.172121","Core Hybrid","EUR","2,500.00"
"10.1016/j.jmmm.2024.172238","Core Hybrid","EUR","2,500.00"
"10.1016/j.jmmm.2024.172573","Core Hybrid","EUR","2,500.00"
"10.1016/j.jmoldx.2024.02.002","Core Hybrid","EUR","2,500.00"
"10.1016/j.jmoldx.2024.02.008","Core Hybrid","EUR","2,500.00"
"10.1016/j.jmoldx.2024.11.005","Core Hybrid","EUR","2,500.00"
"10.1016/j.jmoneco.2024.01.002","Core Hybrid","EUR","2,500.00"
"10.1016/j.jmoneco.2024.103560","Core Hybrid","EUR","2,500.00"
"10.1016/j.jmoneco.2024.103579","Core Hybrid","EUR","2,500.00"
"10.1016/j.jmoneco.2024.103622","Core Hybrid","EUR","2,500.00"
"10.1016/j.jmoneco.2024.103647","Core Hybrid","EUR","2,500.00"
"10.1016/j.jmp.2024.102857","Core Hybrid","EUR","2,500.00"
"10.1016/j.jmp.2024.102872","Core Hybrid","EUR","2,500.00"
"10.1016/j.jmp.2024.102873","Core Hybrid","EUR","2,500.00"
"10.1016/j.jmp.2024.102876","Core Hybrid","EUR","2,500.00"
"10.1016/j.jmps.2024.105558","Core Hybrid","EUR","2,500.00"
"10.1016/j.jmps.2024.105602","Core Hybrid","EUR","2,500.00"
"10.1016/j.jmps.2024.105633","Core Hybrid","EUR","2,500.00"
"10.1016/j.jmps.2024.105694","Core Hybrid","EUR","2,500.00"
"10.1016/j.jmps.2024.105756","Core Hybrid","EUR","2,500.00"
"10.1016/j.jmps.2024.105820","Core Hybrid","EUR","2,500.00"
"10.1016/j.jmps.2024.105842","Core Hybrid","EUR","2,500.00"
"10.1016/j.jmps.2024.105874","Core Hybrid","EUR","2,500.00"
"10.1016/j.jmps.2024.105884","Core Hybrid","EUR","2,500.00"
"10.1016/j.jmps.2024.105901","Core Hybrid","EUR","2,500.00"
"10.1016/j.jmps.2024.105950","Core Hybrid","EUR","2,500.00"
"10.1016/j.jmps.2024.105961","Core Hybrid","EUR","2,500.00"
"10.1016/j.jmps.2024.105965","Core Hybrid","EUR","2,500.00"
"10.1016/j.jmr.2024.107671","Core Hybrid","EUR","2,500.00"
"10.1016/j.jmr.2024.107673","Core Hybrid","EUR","2,500.00"
"10.1016/j.jmr.2024.107782","Core Hybrid","EUR","2,500.00"
"10.1016/j.jmr.2024.107791","Core Hybrid","EUR","2,500.00"
"10.1016/j.jmr.2024.107798","Core Hybrid","EUR","2,500.00"
"10.1016/j.jmr.2024.107813","Core Hybrid","EUR","2,500.00"
"10.1016/j.jmro.2024.100160","Core Gold","EUR",685.00
"10.1016/j.jmro.2024.100183","Core Gold","EUR",765.00
"10.1016/j.jmrt.2024.01.229","Core Gold","EUR","1,040.00"
"10.1016/j.jmrt.2024.03.075","Core Gold","EUR","1,040.00"
"10.1016/j.jmrt.2024.04.111","Core Gold","EUR","1,040.00"
"10.1016/j.jmrt.2024.05.046","Core Gold","EUR","1,056.00"
"10.1016/j.jmrt.2024.05.252","Core Gold","EUR","1,040.00"
"10.1016/j.jmrt.2024.06.043","Core Gold","EUR","1,056.00"
"10.1016/j.jmrt.2024.06.097","Core Gold","EUR","1,056.00"
"10.1016/j.jmrt.2024.06.147","Core Gold","EUR","1,040.00"
"10.1016/j.jmrt.2024.06.172","Core Gold","EUR","1,056.00"
"10.1016/j.jmrt.2024.07.066","Core Gold","EUR","1,056.00"
"10.1016/j.jmrt.2024.07.130","Core Gold","EUR","1,056.00"
"10.1016/j.jmrt.2024.07.197","Core Gold","EUR","1,056.00"
"10.1016/j.jmrt.2024.08.015","Core Gold","EUR","1,056.00"
"10.1016/j.jmrt.2024.08.134","Core Gold","EUR","1,056.00"
"10.1016/j.jmrt.2024.08.211","Core Gold","EUR","1,056.00"
"10.1016/j.jmrt.2024.09.144","Core Gold","EUR","1,056.00"
"10.1016/j.jmrt.2024.10.098","Core Gold","EUR","1,128.00"
"10.1016/j.jmrt.2024.10.228","Core Gold","EUR","1,128.00"
"10.1016/j.jmrt.2024.10.257","Core Gold","EUR","1,128.00"
"10.1016/j.jmrt.2024.11.052","Core Gold","EUR","1,056.00"
"10.1016/j.jmrt.2024.11.166","Core Gold","EUR","1,168.00"
"10.1016/j.jmrt.2024.11.193","Core Gold","EUR","1,128.00"
"10.1016/j.jmrt.2024.12.014","Core Gold","EUR","1,168.00"
"10.1016/j.jmrt.2024.12.042","Core Gold","EUR","1,168.00"
"10.1016/j.jmrt.2024.12.048","Core Gold","EUR","1,128.00"
"10.1016/j.jms.2024.111967","Core Hybrid","EUR","2,500.00"
"10.1016/j.jmst.2023.12.065","Core Hybrid","EUR","2,500.00"
"10.1016/j.jmst.2023.12.084","Core Hybrid","EUR","2,500.00"
"10.1016/j.jmst.2024.06.030","Core Hybrid","EUR","2,500.00"
"10.1016/j.jmsy.2024.01.005","Core Hybrid","EUR","2,500.00"
"10.1016/j.jmsy.2024.03.013","Core Hybrid","EUR","2,500.00"
"10.1016/j.jmsy.2024.04.007","Core Hybrid","EUR","2,500.00"
"10.1016/j.jmsy.2024.04.028","Core Hybrid","EUR","2,500.00"
"10.1016/j.jmsy.2024.08.016","Core Hybrid","EUR","2,500.00"
"10.1016/j.jmsy.2024.09.019","Core Hybrid","EUR","2,500.00"
"10.1016/j.jmsy.2024.10.011","Core Hybrid","EUR","2,500.00"
"10.1016/j.jmsy.2024.10.026","Core Hybrid","EUR","2,500.00"
"10.1016/j.jmsy.2024.11.008","Core Hybrid","EUR","2,500.00"
"10.1016/j.jmsy.2024.11.015","Core Hybrid","EUR","2,500.00"
"10.1016/j.jmva.2024.105295","Core Hybrid","EUR","2,500.00"
"10.1016/j.jmva.2024.105337","Core Hybrid","EUR","2,500.00"
"10.1016/j.jmva.2024.105384","Core Hybrid","EUR","2,500.00"
"10.1016/j.jnc.2024.126567","Core Hybrid","EUR","2,500.00"
"10.1016/j.jnc.2024.126636","Core Hybrid","EUR","2,500.00"
"10.1016/j.jnc.2024.126805","Core Hybrid","EUR","2,500.00"
"10.1016/j.jneumeth.2024.110062","Core Hybrid","EUR","2,500.00"
"10.1016/j.jneumeth.2024.110082","Core Hybrid","EUR","2,500.00"
"10.1016/j.jneumeth.2024.110083","Core Hybrid","EUR","2,500.00"
"10.1016/j.jneumeth.2024.110135","Core Hybrid","EUR","2,500.00"
"10.1016/j.jneumeth.2024.110244","Core Hybrid","EUR","2,500.00"
"10.1016/j.jneumeth.2024.110273","Core Hybrid","EUR","2,500.00"
"10.1016/j.jneumeth.2024.110320","Core Hybrid","EUR","2,500.00"
"10.1016/j.jneuroling.2024.101231","Core Hybrid","EUR","2,500.00"
"10.1016/j.jnha.2024.100206","Core Gold","EUR","2,100.00"
"10.1016/j.jnha.2024.100349","Core Gold","EUR","2,400.00"
"10.1016/j.jnha.2024.100379","Core Gold","EUR","2,400.00"
"10.1016/j.jnha.2024.100433","Core Gold","EUR","2,400.00"
"10.1016/j.jnnfm.2024.105220","Core Hybrid","EUR","2,500.00"
"10.1016/j.jnnfm.2024.105259","Core Hybrid","EUR","2,500.00"
"10.1016/j.jnnfm.2024.105349","Core Hybrid","EUR","2,500.00"
"10.1016/j.jnoncrysol.2023.122801","Core Hybrid","EUR","2,500.00"
"10.1016/j.jnoncrysol.2024.122822","Core Hybrid","EUR","2,500.00"
"10.1016/j.jnoncrysol.2024.122954","Core Hybrid","EUR","2,500.00"
"10.1016/j.jnoncrysol.2024.122985","Core Hybrid","EUR","2,500.00"
"10.1016/j.jnoncrysol.2024.123038","Core Hybrid","EUR","2,500.00"
"10.1016/j.jnoncrysol.2024.123160","Core Hybrid","EUR","2,500.00"
"10.1016/j.jns.2024.122893","Core Hybrid","EUR","2,500.00"
"10.1016/j.jns.2024.123040","Core Hybrid","EUR","2,500.00"
"10.1016/j.jns.2024.123050","Core Hybrid","EUR","2,500.00"
"10.1016/j.jns.2024.123059","Core Hybrid","EUR","2,500.00"
"10.1016/j.jns.2024.123157","Core Hybrid","EUR","2,500.00"
"10.1016/j.jns.2024.123213","Core Hybrid","EUR","2,500.00"
"10.1016/j.jns.2024.123267","Core Hybrid","EUR","2,500.00"
"10.1016/j.jns.2024.123358","Core Hybrid","EUR","2,500.00"
"10.1016/j.jnt.2024.01.008","Core Hybrid","EUR","2,500.00"
"10.1016/j.jnt.2024.01.016","Core Hybrid","EUR","2,500.00"
"10.1016/j.jnt.2024.03.003","Core Hybrid","EUR","2,500.00"
"10.1016/j.jnt.2024.04.005","Core Hybrid","EUR","2,500.00"
"10.1016/j.jnt.2024.04.008","Core Hybrid","EUR","2,500.00"
"10.1016/j.jnt.2024.04.010","Core Hybrid","EUR","2,500.00"
"10.1016/j.jnt.2024.04.013","Core Hybrid","EUR","2,500.00"
"10.1016/j.jnt.2024.05.015","Core Hybrid","EUR","2,500.00"
"10.1016/j.jnt.2024.08.001","Core Hybrid","EUR","2,500.00"
"10.1016/j.jnt.2024.09.011","Core Hybrid","EUR","2,500.00"
"10.1016/j.jnt.2024.09.015","Core Hybrid","EUR","2,500.00"
"10.1016/j.jnucmat.2024.154950","Core Hybrid","EUR","2,500.00"
"10.1016/j.jnucmat.2024.155046","Core Hybrid","EUR","2,500.00"
"10.1016/j.jnucmat.2024.155121","Core Hybrid","EUR","2,500.00"
"10.1016/j.jnucmat.2024.155556","Core Hybrid","EUR","2,500.00"
"10.1016/j.jnutbio.2024.109746","Core Hybrid","EUR","2,500.00"
"10.1016/j.jnutbio.2024.109776","Core Hybrid","EUR","2,500.00"
"10.1016/j.jnutbio.2024.109837","Core Hybrid","EUR","2,500.00"
"10.1016/j.jobcr.2024.09.013","Core Gold","EUR","1,312.00"
"10.1016/j.jobe.2024.108560","Core Hybrid","EUR","2,500.00"
"10.1016/j.jobe.2024.108670","Core Hybrid","EUR","2,500.00"
"10.1016/j.jobe.2024.108674","Core Hybrid","EUR","2,500.00"
"10.1016/j.jobe.2024.108715","Core Hybrid","EUR","2,500.00"
"10.1016/j.jobe.2024.108889","Core Hybrid","EUR","2,500.00"
"10.1016/j.jobe.2024.109107","Core Hybrid","EUR","2,500.00"
"10.1016/j.jobe.2024.109401","Core Hybrid","EUR","2,500.00"
"10.1016/j.jobe.2024.109484","Core Hybrid","EUR","2,500.00"
"10.1016/j.jobe.2024.109782","Core Hybrid","EUR","2,500.00"
"10.1016/j.jobe.2024.109810","Core Hybrid","EUR","2,500.00"
"10.1016/j.jobe.2024.109914","Core Hybrid","EUR","2,500.00"
"10.1016/j.jobe.2024.109937","Core Hybrid","EUR","2,500.00"
"10.1016/j.jobe.2024.109980","Core Hybrid","EUR","2,500.00"
"10.1016/j.jobe.2024.110163","Core Hybrid","EUR","2,500.00"
"10.1016/j.jobe.2024.110220","Core Hybrid","EUR","2,500.00"
"10.1016/j.jobe.2024.110312","Core Hybrid","EUR","2,500.00"
"10.1016/j.jobe.2024.110398","Core Hybrid","EUR","2,500.00"
"10.1016/j.jobe.2024.110837","Core Hybrid","EUR","2,500.00"
"10.1016/j.jobe.2024.110880","Core Hybrid","EUR","2,500.00"
"10.1016/j.jobe.2024.111030","Core Hybrid","EUR","2,500.00"
"10.1016/j.jobe.2024.111074","Core Hybrid","EUR","2,500.00"
"10.1016/j.jobe.2024.111090","Core Hybrid","EUR","2,500.00"
"10.1016/j.jobe.2024.111189","Core Hybrid","EUR","2,500.00"
"10.1016/j.jobe.2024.111256","Core Hybrid","EUR","2,500.00"
"10.1016/j.jobe.2024.111494","Core Hybrid","EUR","2,500.00"
"10.1016/j.jobe.2024.111577","Core Hybrid","EUR","2,500.00"
"10.1016/j.joca.2024.01.001","Core Hybrid","EUR","2,500.00"
"10.1016/j.joca.2024.01.004","Core Hybrid","EUR","2,500.00"
"10.1016/j.joca.2024.01.007","Core Hybrid","EUR","2,500.00"
"10.1016/j.joca.2024.02.006","Core Hybrid","EUR","2,500.00"
"10.1016/j.joca.2024.02.892","Core Hybrid","EUR","2,500.00"
"10.1016/j.joca.2024.04.019","Core Hybrid","EUR","2,500.00"
"10.1016/j.joca.2024.06.002","Core Hybrid","EUR","2,500.00"
"10.1016/j.joca.2024.06.012","Core Hybrid","EUR","2,500.00"
"10.1016/j.joca.2024.07.008","Core Hybrid","EUR","2,500.00"
"10.1016/j.joca.2024.09.006","Core Hybrid","EUR","2,500.00"
"10.1016/j.joca.2024.10.008","Core Hybrid","EUR","2,500.00"
"10.1016/j.joclim.2024.100353","Core Gold","EUR","1,560.00"
"10.1016/j.joclim.2024.100356","Core Gold","EUR","1,560.00"
"10.1016/j.joclim.2024.100373","Core Gold","EUR","1,512.00"
"10.1016/j.jocm.2023.100465","Core Hybrid","EUR","2,500.00"
"10.1016/j.jocm.2024.100468","Core Hybrid","EUR","2,500.00"
"10.1016/j.jocm.2024.100508","Core Hybrid","EUR","2,500.00"
"10.1016/j.jocmr.2024.101008","Core Gold","EUR","2,192.00"
"10.1016/j.jocmr.2024.101035","Core Gold","EUR","2,192.00"
"10.1016/j.jocmr.2024.101038","Core Gold","EUR","2,192.00"
"10.1016/j.jocmr.2024.101068","Core Gold","EUR","2,192.00"
"10.1016/j.jocmr.2024.101081","Core Gold","EUR","2,192.00"
"10.1016/j.jocmr.2024.101087","Core Gold","EUR","2,192.00"
"10.1016/j.jocmr.2024.101094","Core Gold","EUR","2,192.00"
"10.1016/j.jocmr.2024.101119","Core Gold","EUR","2,192.00"
"10.1016/j.jocmr.2024.101121","Core Gold","EUR","2,192.00"
"10.1016/j.jocn.2024.04.018","Core Hybrid","EUR","2,500.00"
"10.1016/j.jocn.2024.110971","Core Hybrid","EUR","2,500.00"
"10.1016/j.jocrd.2024.100859","Core Hybrid","EUR","2,500.00"
"10.1016/j.jocrd.2024.100860","Core Hybrid","EUR","2,500.00"
"10.1016/j.jocrd.2024.100910","Core Hybrid","EUR","2,500.00"
"10.1016/j.jocrd.2024.100913","Core Hybrid","EUR","2,500.00"
"10.1016/j.jocrd.2024.100934","Core Hybrid","EUR","2,500.00"
"10.1016/j.jocs.2024.102242","Core Hybrid","EUR","2,500.00"
"10.1016/j.jocs.2024.102263","Core Hybrid","EUR","2,500.00"
"10.1016/j.jocs.2024.102291","Core Hybrid","EUR","2,500.00"
"10.1016/j.joei.2024.101702","Core Hybrid","EUR","2,500.00"
"10.1016/j.joei.2024.101762","Core Hybrid","EUR","2,500.00"
"10.1016/j.joei.2024.101806","Core Hybrid","EUR","2,500.00"
"10.1016/j.joen.2024.02.008","Core Hybrid","EUR","2,500.00"
"10.1016/j.joep.2024.102710","Core Hybrid","EUR","2,500.00"
"10.1016/j.joep.2024.102712","Core Hybrid","EUR","2,500.00"
"10.1016/j.joep.2024.102741","Core Hybrid","EUR","2,500.00"
"10.1016/j.joep.2024.102742","Core Hybrid","EUR","2,500.00"
"10.1016/j.joep.2024.102759","Core Hybrid","EUR","2,500.00"
"10.1016/j.joep.2024.102773","Core Hybrid","EUR","2,500.00"
"10.1016/j.joep.2024.102775","Core Hybrid","EUR","2,500.00"
"10.1016/j.joep.2024.102785","Core Hybrid","EUR","2,500.00"
"10.1016/j.joi.2024.101560","Core Hybrid","EUR","2,500.00"
"10.1016/j.joi.2024.101574","Core Hybrid","EUR","2,500.00"
"10.1016/j.joitmc.2024.100445","Core Gold","EUR",728.00
"10.1016/j.jor.2024.02.006","Core Hybrid","EUR","2,500.00"
"10.1016/j.jor.2024.02.026","Core Hybrid","EUR","2,500.00"
"10.1016/j.jor.2024.05.024","Core Hybrid","EUR","2,500.00"
"10.1016/j.jor.2024.05.026","Core Hybrid","EUR","2,500.00"
"10.1016/j.jor.2024.06.003","Core Hybrid","EUR","2,500.00"
"10.1016/j.jor.2024.06.005","Core Hybrid","EUR","2,500.00"
"10.1016/j.jor.2024.06.040","Core Hybrid","EUR","2,500.00"
"10.1016/j.jor.2024.10.052","Core Hybrid","EUR","2,500.00"
"10.1016/j.jor.2024.10.061","Core Hybrid","EUR","2,500.00"
"10.1016/j.jor.2024.11.001","Core Hybrid","EUR","2,500.00"
"10.1016/j.jorganchem.2023.123003","Core Hybrid","EUR","2,500.00"
"10.1016/j.jorganchem.2024.123018","Core Hybrid","EUR","2,500.00"
"10.1016/j.jorganchem.2024.123030","Core Hybrid","EUR","2,500.00"
"10.1016/j.jorganchem.2024.123099","Core Hybrid","EUR","2,500.00"
"10.1016/j.jorganchem.2024.123113","Core Hybrid","EUR","2,500.00"
"10.1016/j.jorganchem.2024.123148","Core Hybrid","EUR","2,500.00"
"10.1016/j.jorganchem.2024.123158","Core Hybrid","EUR","2,500.00"
"10.1016/j.jorganchem.2024.123185","Core Hybrid","EUR","2,500.00"
"10.1016/j.jorganchem.2024.123187","Core Hybrid","EUR","2,500.00"
"10.1016/j.jorganchem.2024.123256","Core Hybrid","EUR","2,500.00"
"10.1016/j.jorganchem.2024.123306","Core Hybrid","EUR","2,500.00"
"10.1016/j.jorganchem.2024.123356","Core Hybrid","EUR","2,500.00"
"10.1016/j.jorganchem.2024.123402","Core Hybrid","EUR","2,500.00"
"10.1016/j.jormas.2024.102121","Core Hybrid","EUR","2,500.00"
"10.1016/j.jort.2024.100742","Core Hybrid","EUR","2,500.00"
"10.1016/j.jort.2024.100835","Core Hybrid","EUR","2,500.00"
"10.1016/j.josfa.2024.100014","Core Hybrid","EUR","2,500.00"
"10.1016/j.jot.2024.08.006","Core Gold","EUR","1,456.00"
"10.1016/j.joule.2024.01.024","CP/TL Hybrid","EUR","6,450.00"
"10.1016/j.joule.2024.01.025","CP/TL Hybrid","EUR","6,450.00"
"10.1016/j.joule.2024.02.016","CP/TL Hybrid","EUR","6,450.00"
"10.1016/j.joule.2024.04.004","CP/TL Hybrid","EUR","6,450.00"
"10.1016/j.joule.2024.05.016","CP/TL Hybrid","EUR","6,450.00"
"10.1016/j.joule.2024.06.013","CP/TL Hybrid","EUR","6,450.00"
"10.1016/j.joule.2024.06.018","CP/TL Hybrid","EUR","6,450.00"
"10.1016/j.joule.2024.07.006","CP/TL Hybrid","EUR","6,450.00"
"10.1016/j.jpaa.2023.107536","Core Hybrid","EUR","2,500.00"
"10.1016/j.jpaa.2024.107620","Core Hybrid","EUR","2,500.00"
"10.1016/j.jpaa.2024.107621","Core Hybrid","EUR","2,500.00"
"10.1016/j.jpaa.2024.107709","Core Hybrid","EUR","2,500.00"
"10.1016/j.jpaa.2024.107718","Core Hybrid","EUR","2,500.00"
"10.1016/j.jpaa.2024.107754","Core Hybrid","EUR","2,500.00"
"10.1016/j.jpaa.2024.107759","Core Hybrid","EUR","2,500.00"
"10.1016/j.jpaa.2024.107765","Core Hybrid","EUR","2,500.00"
"10.1016/j.jpaa.2024.107792","Core Hybrid","EUR","2,500.00"
"10.1016/j.jpaa.2024.107802","Core Hybrid","EUR","2,500.00"
"10.1016/j.jpaa.2024.107811","Core Hybrid","EUR","2,500.00"
"10.1016/j.jpaa.2024.107815","Core Hybrid","EUR","2,500.00"
"10.1016/j.jpaa.2024.107829","Core Hybrid","EUR","2,500.00"
"10.1016/j.jpain.2023.10.028","Core Hybrid","EUR","2,500.00"
"10.1016/j.jpain.2024.01.001","Core Hybrid","EUR","2,500.00"
"10.1016/j.jpain.2024.104528","Core Hybrid","EUR","2,500.00"
"10.1016/j.jpain.2024.104582","Core Hybrid","EUR","2,500.00"
"10.1016/j.jpain.2024.104611","Core Hybrid","EUR","2,500.00"
"10.1016/j.jpainsymman.2024.02.003","Core Hybrid","EUR","2,500.00"
"10.1016/j.jpainsymman.2024.08.027","Core Hybrid","EUR","2,500.00"
"10.1016/j.jpainsymman.2024.10.020","Core Hybrid","EUR","2,500.00"
"10.1016/j.jpainsymman.2024.10.024","Core Hybrid","EUR","2,500.00"
"10.1016/j.jpainsymman.2024.10.030","Core Hybrid","EUR","2,500.00"
"10.1016/j.jpap.2024.100249","Core Gold","EUR","1,110.00"
"10.1016/j.jpap.2024.100253","Core Gold","EUR","1,237.50"
"10.1016/j.jpba.2024.116147","Core Hybrid","EUR","2,500.00"
"10.1016/j.jpba.2024.116160","Core Hybrid","EUR","2,500.00"
"10.1016/j.jpba.2024.116187","Core Hybrid","EUR","2,500.00"
"10.1016/j.jpba.2024.116328","Core Hybrid","EUR","2,500.00"
"10.1016/j.jpba.2024.116495","Core Hybrid","EUR","2,500.00"
"10.1016/j.jpba.2024.116498","Core Hybrid","EUR","2,500.00"
"10.1016/j.jpcs.2024.112248","Core Hybrid","EUR","2,500.00"
"10.1016/j.jpcs.2024.112329","Core Hybrid","EUR","2,500.00"
"10.1016/j.jpdc.2023.104835","Core Hybrid","EUR","2,500.00"
"10.1016/j.jpdc.2024.104945","Core Hybrid","EUR","2,500.00"
"10.1016/j.jpeds.2024.114078","Core Hybrid","EUR","2,500.00"
"10.1016/j.jpeds.2024.114302","Core Hybrid","EUR","2,500.00"
"10.1016/j.jpeds.2024.114419","Core Hybrid","EUR","2,500.00"
"10.1016/j.jpedsurg.2024.03.022","Core Hybrid","EUR","2,500.00"
"10.1016/j.jpedsurg.2024.05.004","Core Hybrid","EUR","2,500.00"
"10.1016/j.jpedsurg.2024.161890","Core Hybrid","EUR","2,500.00"
"10.1016/j.jpedsurg.2024.162041","Core Hybrid","EUR","2,500.00"
"10.1016/j.jpedsurg.2024.162057","Core Hybrid","EUR","2,500.00"
"10.1016/j.jpha.2024.01.007","Core Gold","EUR","1,312.00"
"10.1016/j.jpha.2024.01.013","Core Gold","EUR",656.00
"10.1016/j.jphotochem.2023.115327","Core Hybrid","EUR","2,500.00"
"10.1016/j.jphotochem.2024.115512","Core Hybrid","EUR","2,500.00"
"10.1016/j.jphotochem.2024.115589","Core Hybrid","EUR","2,500.00"
"10.1016/j.jpi.2023.100345","Core Gold","EUR","1,072.00"
"10.1016/j.jpi.2024.100387","Core Gold","EUR","1,072.00"
"10.1016/j.jpi.2024.100388","Core Gold","EUR","1,072.00"
"10.1016/j.jplph.2024.154193","Core Hybrid","EUR","2,500.00"
"10.1016/j.jplph.2024.154202","Core Hybrid","EUR","2,500.00"
"10.1016/j.jpolmod.2024.03.005","Core Hybrid","EUR","2,500.00"
"10.1016/j.jpowsour.2023.233685","Core Hybrid","EUR","2,500.00"
"10.1016/j.jpowsour.2024.234054","Core Hybrid","EUR","2,500.00"
"10.1016/j.jpowsour.2024.234091","Core Hybrid","EUR","2,500.00"
"10.1016/j.jpowsour.2024.234107","Core Hybrid","EUR","2,500.00"
"10.1016/j.jpowsour.2024.234209","Core Hybrid","EUR","2,500.00"
"10.1016/j.jpowsour.2024.234341","Core Hybrid","EUR","2,500.00"
"10.1016/j.jpowsour.2024.234430","Core Hybrid","EUR","2,500.00"
"10.1016/j.jpowsour.2024.234487","Core Hybrid","EUR","2,500.00"
"10.1016/j.jpowsour.2024.234582","Core Hybrid","EUR","2,500.00"
"10.1016/j.jpowsour.2024.234620","Core Hybrid","EUR","2,500.00"
"10.1016/j.jpowsour.2024.234681","Core Hybrid","EUR","2,500.00"
"10.1016/j.jpowsour.2024.234709","Core Hybrid","EUR","2,500.00"
"10.1016/j.jpowsour.2024.234819","Core Hybrid","EUR","2,500.00"
"10.1016/j.jpowsour.2024.234857","Core Hybrid","EUR","2,500.00"
"10.1016/j.jpowsour.2024.234858","Core Hybrid","EUR","2,500.00"
"10.1016/j.jpowsour.2024.234918","Core Hybrid","EUR","2,500.00"
"10.1016/j.jpowsour.2024.234959","Core Hybrid","EUR","2,500.00"
"10.1016/j.jpowsour.2024.234963","Core Hybrid","EUR","2,500.00"
"10.1016/j.jpowsour.2024.234968","Core Hybrid","EUR","2,500.00"
"10.1016/j.jpowsour.2024.234987","Core Hybrid","EUR","2,500.00"
"10.1016/j.jpowsour.2024.235018","Core Hybrid","EUR","2,500.00"
"10.1016/j.jpowsour.2024.235031","Core Hybrid","EUR","2,500.00"
"10.1016/j.jpowsour.2024.235036","Core Hybrid","EUR","2,500.00"
"10.1016/j.jpowsour.2024.235049","Core Hybrid","EUR","2,500.00"
"10.1016/j.jpowsour.2024.235064","Core Hybrid","EUR","2,500.00"
"10.1016/j.jpowsour.2024.235236","Core Hybrid","EUR","2,500.00"
"10.1016/j.jpowsour.2024.235282","Core Hybrid","EUR","2,500.00"
"10.1016/j.jpowsour.2024.235334","Core Hybrid","EUR","2,500.00"
"10.1016/j.jpowsour.2024.235352","Core Hybrid","EUR","2,500.00"
"10.1016/j.jpowsour.2024.235375","Core Hybrid","EUR","2,500.00"
"10.1016/j.jpowsour.2024.235401","Core Hybrid","EUR","2,500.00"
"10.1016/j.jpowsour.2024.235472","Core Hybrid","EUR","2,500.00"
"10.1016/j.jpowsour.2024.235473","Core Hybrid","EUR","2,500.00"
"10.1016/j.jpowsour.2024.235537","Core Hybrid","EUR","2,500.00"
"10.1016/j.jpowsour.2024.235582","Core Hybrid","EUR","2,500.00"
"10.1016/j.jpowsour.2024.235621","Core Hybrid","EUR","2,500.00"
"10.1016/j.jpowsour.2024.235624","Core Hybrid","EUR","2,500.00"
"10.1016/j.jpowsour.2024.235626","Core Hybrid","EUR","2,500.00"
"10.1016/j.jpowsour.2024.235641","Core Hybrid","EUR","2,500.00"
"10.1016/j.jpowsour.2024.235661","Core Hybrid","EUR","2,500.00"
"10.1016/j.jpowsour.2024.235732","Core Hybrid","EUR","2,500.00"
"10.1016/j.jpowsour.2024.235773","Core Hybrid","EUR","2,500.00"
"10.1016/j.jpowsour.2024.235808","Core Hybrid","EUR","2,500.00"
"10.1016/j.jpowsour.2024.235839","Core Hybrid","EUR","2,500.00"
"10.1016/j.jpowsour.2024.235840","Core Hybrid","EUR","2,500.00"
"10.1016/j.jpowsour.2024.235903","Core Hybrid","EUR","2,500.00"
"10.1016/j.jpowsour.2024.235978","Core Hybrid","EUR","2,500.00"
"10.1016/j.jpowsour.2024.236073","Core Hybrid","EUR","2,500.00"
"10.1016/j.jpowsour.2024.236084","Core Hybrid","EUR","2,500.00"
"10.1016/j.jpra.2024.01.014","Core Gold","EUR","1,400.00"
"10.1016/j.jpra.2024.03.011","Core Gold","EUR","1,400.00"
"10.1016/j.jpra.2024.06.018","Core Gold","EUR","1,400.00"
"10.1016/j.jpra.2024.07.013","Core Gold","EUR","1,400.00"
"10.1016/j.jpra.2024.09.004","Core Gold","EUR","1,400.00"
"10.1016/j.jpra.2024.10.015","Core Gold","EUR",888.00
"10.1016/j.jpra.2024.10.018","Core Gold","EUR",888.00
"10.1016/j.jpra.2024.12.002","Core Gold","EUR","1,400.00"
"10.1016/j.jprocont.2024.103197","Core Hybrid","EUR","2,500.00"
"10.1016/j.jpsychires.2024.01.013","Core Hybrid","EUR","2,500.00"
"10.1016/j.jpsychires.2024.01.014","Core Hybrid","EUR","2,500.00"
"10.1016/j.jpsychires.2024.01.032","Core Hybrid","EUR","2,500.00"
"10.1016/j.jpsychires.2024.01.042","Core Hybrid","EUR","2,500.00"
"10.1016/j.jpsychires.2024.02.006","Core Hybrid","EUR","2,500.00"
"10.1016/j.jpsychires.2024.02.052","Core Hybrid","EUR","2,500.00"
"10.1016/j.jpsychires.2024.03.019","Core Hybrid","EUR","2,500.00"
"10.1016/j.jpsychires.2024.03.022","Core Hybrid","EUR","2,500.00"
"10.1016/j.jpsychires.2024.03.046","Core Hybrid","EUR","2,500.00"
"10.1016/j.jpsychires.2024.04.021","Core Hybrid","EUR","2,500.00"
"10.1016/j.jpsychires.2024.04.030","Core Hybrid","EUR","2,500.00"
"10.1016/j.jpsychires.2024.04.053","Core Hybrid","EUR","2,500.00"
"10.1016/j.jpsychires.2024.05.016","Core Hybrid","EUR","2,500.00"
"10.1016/j.jpsychires.2024.05.039","Core Hybrid","EUR","2,500.00"
"10.1016/j.jpsychires.2024.06.007","Core Hybrid","EUR","2,500.00"
"10.1016/j.jpsychires.2024.06.036","Core Hybrid","EUR","2,500.00"
"10.1016/j.jpsychires.2024.07.011","Core Hybrid","EUR","2,500.00"
"10.1016/j.jpsychires.2024.07.014","Core Hybrid","EUR","2,500.00"
"10.1016/j.jpsychires.2024.07.018","Core Hybrid","EUR","2,500.00"
"10.1016/j.jpsychires.2024.07.022","Core Hybrid","EUR","2,500.00"
"10.1016/j.jpsychires.2024.08.008","Core Hybrid","EUR","2,500.00"
"10.1016/j.jpsychires.2024.08.013","Core Hybrid","EUR","2,500.00"
"10.1016/j.jpsychires.2024.08.031","Core Hybrid","EUR","2,500.00"
"10.1016/j.jpsychires.2024.09.013","Core Hybrid","EUR","2,500.00"
"10.1016/j.jpsychires.2024.10.007","Core Hybrid","EUR","2,500.00"
"10.1016/j.jpsychires.2024.10.018","Core Hybrid","EUR","2,500.00"
"10.1016/j.jpsychires.2024.11.009","Core Hybrid","EUR","2,500.00"
"10.1016/j.jpsychires.2024.11.012","Core Hybrid","EUR","2,500.00"
"10.1016/j.jpsychires.2024.11.032","Core Hybrid","EUR","2,500.00"
"10.1016/j.jpsychores.2024.111597","Core Hybrid","EUR","2,500.00"
"10.1016/j.jpsychores.2024.111598","Core Hybrid","EUR","2,500.00"
"10.1016/j.jpsychores.2024.111600","Core Hybrid","EUR","2,500.00"
"10.1016/j.jpsychores.2024.111608","Core Hybrid","EUR","2,500.00"
"10.1016/j.jpsychores.2024.111613","Core Hybrid","EUR","2,500.00"
"10.1016/j.jpsychores.2024.111616","Core Hybrid","EUR","2,500.00"
"10.1016/j.jpsychores.2024.111626","Core Hybrid","EUR","2,500.00"
"10.1016/j.jpsychores.2024.111634","Core Hybrid","EUR","2,500.00"
"10.1016/j.jpsychores.2024.111655","Core Hybrid","EUR","2,500.00"
"10.1016/j.jpsychores.2024.111694","Core Hybrid","EUR","2,500.00"
"10.1016/j.jpsychores.2024.111695","Core Hybrid","EUR","2,500.00"
"10.1016/j.jpsychores.2024.111801","Core Hybrid","EUR","2,500.00"
"10.1016/j.jpsychores.2024.111829","Core Hybrid","EUR","2,500.00"
"10.1016/j.jpsychores.2024.111848","Core Hybrid","EUR","2,500.00"
"10.1016/j.jpsychores.2024.111885","Core Hybrid","EUR","2,500.00"
"10.1016/j.jpsychores.2024.111894","Core Hybrid","EUR","2,500.00"
"10.1016/j.jpsychores.2024.111902","Core Hybrid","EUR","2,500.00"
"10.1016/j.jpsychores.2024.111943","Core Hybrid","EUR","2,500.00"
"10.1016/j.jpsychores.2024.111997","Core Hybrid","EUR","2,500.00"
"10.1016/j.jpsychores.2024.112017","Core Hybrid","EUR","2,500.00"
"10.1016/j.jpubeco.2024.105074","Core Hybrid","EUR","2,500.00"
"10.1016/j.jpubeco.2024.105116","Core Hybrid","EUR","2,500.00"
"10.1016/j.jpubeco.2024.105134","Core Hybrid","EUR","2,500.00"
"10.1016/j.jpubeco.2024.105148","Core Hybrid","EUR","2,500.00"
"10.1016/j.jpubeco.2024.105155","Core Hybrid","EUR","2,500.00"
"10.1016/j.jpubeco.2024.105187","Core Hybrid","EUR","2,500.00"
"10.1016/j.jpubeco.2024.105196","Core Hybrid","EUR","2,500.00"
"10.1016/j.jpubeco.2024.105242","Core Hybrid","EUR","2,500.00"
"10.1016/j.jpubeco.2024.105254","Core Hybrid","EUR","2,500.00"
"10.1016/j.jpubeco.2024.105258","Core Hybrid","EUR","2,500.00"
"10.1016/j.jpubeco.2024.105259","Core Hybrid","EUR","2,500.00"
"10.1016/j.jpubtr.2024.100090","Core Gold","EUR","1,648.00"
"10.1016/j.jpubtr.2024.100094","Core Gold","EUR","1,648.00"
"10.1016/j.jqsrt.2024.108964","Core Hybrid","EUR","2,500.00"
"10.1016/j.jqsrt.2024.109055","Core Hybrid","EUR","2,500.00"
"10.1016/j.jqsrt.2024.109102","Core Hybrid","EUR","2,500.00"
"10.1016/j.jqsrt.2024.109121","Core Hybrid","EUR","2,500.00"
"10.1016/j.jqsrt.2024.109202","Core Hybrid","EUR","2,500.00"
"10.1016/j.jqsrt.2024.109213","Core Hybrid","EUR","2,500.00"
"10.1016/j.jqsrt.2024.109215","Core Hybrid","EUR","2,500.00"
"10.1016/j.jqsrt.2024.109223","Core Hybrid","EUR","2,500.00"
"10.1016/j.jqsrt.2024.109310","Core Hybrid","EUR","2,500.00"
"10.1016/j.jretai.2023.11.001","Core Hybrid","EUR","2,500.00"
"10.1016/j.jretai.2024.02.001","Core Hybrid","EUR","2,500.00"
"10.1016/j.jretai.2024.04.001","Core Hybrid","EUR","2,500.00"
"10.1016/j.jretai.2024.05.002","Core Hybrid","EUR","2,500.00"
"10.1016/j.jretai.2024.07.001","Core Hybrid","EUR","2,500.00"
"10.1016/j.jretai.2024.07.002","Core Hybrid","EUR","2,500.00"
"10.1016/j.jretconser.2023.103701","Core Hybrid","EUR","2,500.00"
"10.1016/j.jretconser.2024.103723","Core Hybrid","EUR","2,500.00"
"10.1016/j.jretconser.2024.103790","Core Hybrid","EUR","2,500.00"
"10.1016/j.jretconser.2024.103806","Core Hybrid","EUR","2,500.00"
"10.1016/j.jretconser.2024.103990","Core Hybrid","EUR","2,500.00"
"10.1016/j.jretconser.2024.104054","Core Hybrid","EUR","2,500.00"
"10.1016/j.jretconser.2024.104153","Core Hybrid","EUR","2,500.00"
"10.1016/j.jretconser.2024.104179","Core Hybrid","EUR","2,500.00"
"10.1016/j.jri.2024.104240","Core Hybrid","EUR","2,500.00"
"10.1016/j.jri.2024.104284","Core Hybrid","EUR","2,500.00"
"10.1016/j.jri.2024.104296","Core Hybrid","EUR","2,500.00"
"10.1016/j.jri.2024.104385","Core Hybrid","EUR","2,500.00"
"10.1016/j.jri.2024.104400","Core Hybrid","EUR","2,500.00"
"10.1016/j.jri.2024.104417","Core Hybrid","EUR","2,500.00"
"10.1016/j.jrp.2024.104462","Core Hybrid","EUR","2,500.00"
"10.1016/j.jrp.2024.104471","Core Hybrid","EUR","2,500.00"
"10.1016/j.jrp.2024.104474","Core Hybrid","EUR","2,500.00"
"10.1016/j.jrp.2024.104476","Core Hybrid","EUR","2,500.00"
"10.1016/j.jrp.2024.104490","Core Hybrid","EUR","2,500.00"
"10.1016/j.jrp.2024.104525","Core Hybrid","EUR","2,500.00"
"10.1016/j.jrp.2024.104543","Core Hybrid","EUR","2,500.00"
"10.1016/j.jrp.2024.104554","Core Hybrid","EUR","2,500.00"
"10.1016/j.jrtpm.2024.100432","Core Hybrid","EUR","2,500.00"
"10.1016/j.jrtpm.2024.100466","Core Hybrid","EUR","2,500.00"
"10.1016/j.jrtpm.2024.100498","Core Hybrid","EUR","2,500.00"
"10.1016/j.jrurstud.2024.103213","Core Hybrid","EUR","2,500.00"
"10.1016/j.jrurstud.2024.103326","Core Hybrid","EUR","2,500.00"
"10.1016/j.jrurstud.2024.103331","Core Hybrid","EUR","2,500.00"
"10.1016/j.jrurstud.2024.103343","Core Hybrid","EUR","2,500.00"
"10.1016/j.jrurstud.2024.103348","Core Hybrid","EUR","2,500.00"
"10.1016/j.jrurstud.2024.103363","Core Hybrid","EUR","2,500.00"
"10.1016/j.jrurstud.2024.103420","Core Hybrid","EUR","2,500.00"
"10.1016/j.jrurstud.2024.103431","Core Hybrid","EUR","2,500.00"
"10.1016/j.jrurstud.2024.103500","Core Hybrid","EUR","2,500.00"
"10.1016/j.jrurstud.2024.103510","Core Hybrid","EUR","2,500.00"
"10.1016/j.jrurstud.2024.103514","Core Hybrid","EUR","2,500.00"
"10.1016/j.jsamd.2024.100695","Core Gold","EUR",952.00
"10.1016/j.jsames.2024.104815","Core Hybrid","EUR","2,500.00"
"10.1016/j.jsames.2024.104840","Core Hybrid","EUR","2,500.00"
"10.1016/j.jsams.2024.02.008","Core Hybrid","EUR","2,500.00"
"10.1016/j.jsams.2024.05.012","Core Hybrid","EUR","2,500.00"
"10.1016/j.jsams.2024.07.002","Core Hybrid","EUR","2,500.00"
"10.1016/j.jsams.2024.10.008","Core Hybrid","EUR","2,500.00"
"10.1016/j.jsams.2024.12.012","Core Hybrid","EUR","2,500.00"
"10.1016/j.jsb.2024.108067","Core Hybrid","EUR","2,500.00"
"10.1016/j.jsb.2024.108112","Core Hybrid","EUR","2,500.00"
"10.1016/j.jsb.2024.108128","Core Hybrid","EUR","2,500.00"
"10.1016/j.jsb.2024.108141","Core Hybrid","EUR","2,500.00"
"10.1016/j.jsbmb.2024.106527","Core Hybrid","EUR","2,500.00"
"10.1016/j.jsbmb.2024.106528","Core Hybrid","EUR","2,500.00"
"10.1016/j.jsbmb.2024.106610","Core Hybrid","EUR","2,500.00"
"10.1016/j.jsbmb.2024.106621","Core Hybrid","EUR","2,500.00"
"10.1016/j.jsc.2024.102298","Core Hybrid","EUR","2,500.00"
"10.1016/j.jsc.2024.102313","Core Hybrid","EUR","2,500.00"
"10.1016/j.jsc.2024.102340","Core Hybrid","EUR","2,500.00"
"10.1016/j.jsc.2024.102345","Core Hybrid","EUR","2,500.00"
"10.1016/j.jsc.2024.102369","Core Hybrid","EUR","2,500.00"
"10.1016/j.jsc.2024.102373","Core Hybrid","EUR","2,500.00"
"10.1016/j.jsc.2024.102374","Core Hybrid","EUR","2,500.00"
"10.1016/j.jsc.2024.102396","Core Hybrid","EUR","2,500.00"
"10.1016/j.jscs.2024.101827","Core Gold","EUR","1,088.00"
"10.1016/j.jse.2023.09.026","Core Hybrid","EUR","2,500.00"
"10.1016/j.jse.2024.01.051","Core Hybrid","EUR","2,500.00"
"10.1016/j.jse.2024.05.007","Core Hybrid","EUR","2,500.00"
"10.1016/j.jse.2024.05.039","Core Hybrid","EUR","2,500.00"
"10.1016/j.jse.2024.05.040","Core Hybrid","EUR","2,500.00"
"10.1016/j.jse.2024.05.049","Core Hybrid","EUR","2,500.00"
"10.1016/j.jse.2024.07.024","Core Hybrid","EUR","2,500.00"
"10.1016/j.jse.2024.07.041","Core Hybrid","EUR","2,500.00"
"10.1016/j.jse.2024.08.040","Core Hybrid","EUR","2,500.00"
"10.1016/j.jse.2024.09.026","Core Hybrid","EUR","2,500.00"
"10.1016/j.jse.2024.09.043","Core Hybrid","EUR","2,500.00"
"10.1016/j.jseint.2024.04.010","Core Gold","EUR",912.00
"10.1016/j.jseint.2024.05.002","Core Gold","EUR",912.00
"10.1016/j.jseint.2024.06.012","Core Gold","EUR",912.00
"10.1016/j.jseint.2024.08.182","Core Gold","EUR",912.00
"10.1016/j.jseint.2024.09.011","Core Gold","EUR",912.00
"10.1016/j.jseint.2024.09.028","Core Gold","EUR",912.00
"10.1016/j.jseint.2024.09.029","Core Gold","EUR",912.00
"10.1016/j.jseint.2024.10.009","Core Gold","EUR",912.00
"10.1016/j.jseint.2024.10.011","Core Gold","EUR",912.00
"10.1016/j.jseint.2024.10.014","Core Gold","EUR",912.00
"10.1016/j.jsg.2024.105049","Core Hybrid","EUR","2,500.00"
"10.1016/j.jsg.2024.105112","Core Hybrid","EUR","2,500.00"
"10.1016/j.jsg.2024.105153","Core Hybrid","EUR","2,500.00"
"10.1016/j.jsg.2024.105246","Core Hybrid","EUR","2,500.00"
"10.1016/j.jsis.2024.101865","Core Hybrid","EUR","2,500.00"
"10.1016/j.jsp.2024.101312","Core Hybrid","EUR","2,500.00"
"10.1016/j.jspi.2024.106152","Core Hybrid","EUR","2,500.00"
"10.1016/j.jspi.2024.106169","Core Hybrid","EUR","2,500.00"
"10.1016/j.jspi.2024.106194","Core Hybrid","EUR","2,500.00"
"10.1016/j.jspi.2024.106195","Core Hybrid","EUR","2,500.00"
"10.1016/j.jsr.2023.09.013","Core Hybrid","EUR","2,500.00"
"10.1016/j.jsr.2023.12.004","Core Hybrid","EUR","2,500.00"
"10.1016/j.jsr.2024.01.008","Core Hybrid","EUR","2,500.00"
"10.1016/j.jsr.2024.04.008","Core Hybrid","EUR","2,500.00"
"10.1016/j.jsr.2024.07.005","Core Hybrid","EUR","2,500.00"
"10.1016/j.jsr.2024.09.010","Core Hybrid","EUR","2,500.00"
"10.1016/j.jsr.2024.11.019","Core Hybrid","EUR","2,500.00"
"10.1016/j.jss.2024.03.013","Core Hybrid","EUR","2,500.00"
"10.1016/j.jss.2024.07.110","Core Hybrid","EUR","2,500.00"
"10.1016/j.jss.2024.11.018","Core Hybrid","EUR","2,500.00"
"10.1016/j.jss.2024.111966","Core Hybrid","EUR","2,500.00"
"10.1016/j.jss.2024.111971","Core Hybrid","EUR","2,500.00"
"10.1016/j.jss.2024.111986","Core Hybrid","EUR","2,500.00"
"10.1016/j.jss.2024.112008","Core Hybrid","EUR","2,500.00"
"10.1016/j.jss.2024.112051","Core Hybrid","EUR","2,500.00"
"10.1016/j.jss.2024.112065","Core Hybrid","EUR","2,500.00"
"10.1016/j.jss.2024.112135","Core Hybrid","EUR","2,500.00"
"10.1016/j.jss.2024.112170","Core Hybrid","EUR","2,500.00"
"10.1016/j.jss.2024.112240","Core Hybrid","EUR","2,500.00"
"10.1016/j.jss.2024.112255","Core Hybrid","EUR","2,500.00"
"10.1016/j.jss.2024.112277","Core Hybrid","EUR","2,500.00"
"10.1016/j.jssc.2024.124784","Core Hybrid","EUR","2,500.00"
"10.1016/j.jssc.2024.124874","Core Hybrid","EUR","2,500.00"
"10.1016/j.jssc.2024.124920","Core Hybrid","EUR","2,500.00"
"10.1016/j.jssc.2024.124970","Core Hybrid","EUR","2,500.00"
"10.1016/j.jssc.2024.124998","Core Hybrid","EUR","2,500.00"
"10.1016/j.jsse.2024.01.005","Core Hybrid","EUR","2,500.00"
"10.1016/j.jsse.2024.03.002","Core Hybrid","EUR","2,500.00"
"10.1016/j.jsse.2024.04.003","Core Hybrid","EUR","2,500.00"
"10.1016/j.jsse.2024.06.001","Core Hybrid","EUR","2,500.00"
"10.1016/j.jsse.2024.06.002","Core Hybrid","EUR","2,500.00"
"10.1016/j.jstrokecerebrovasdis.2024.107804","Core Hybrid","EUR","2,500.00"
"10.1016/j.jsurg.2024.08.011","Core Hybrid","EUR","2,500.00"
"10.1016/j.jsv.2024.118313","Core Hybrid","EUR","2,500.00"
"10.1016/j.jsv.2024.118321","Core Hybrid","EUR","2,500.00"
"10.1016/j.jsv.2024.118362","Core Hybrid","EUR","2,500.00"
"10.1016/j.jsv.2024.118436","Core Hybrid","EUR","2,500.00"
"10.1016/j.jsv.2024.118490","Core Hybrid","EUR","2,500.00"
"10.1016/j.jsv.2024.118544","Core Hybrid","EUR","2,500.00"
"10.1016/j.jsv.2024.118570","Core Hybrid","EUR","2,500.00"
"10.1016/j.jsv.2024.118747","Core Hybrid","EUR","2,500.00"
"10.1016/j.jsv.2024.118806","Core Hybrid","EUR","2,500.00"
"10.1016/j.jtbi.2024.111882","Core Hybrid","EUR","2,500.00"
"10.1016/j.jtbi.2024.111995","Core Hybrid","EUR","2,500.00"
"10.1016/j.jtct.2024.01.074","Core Hybrid","EUR","2,500.00"
"10.1016/j.jtct.2024.03.005","Core Hybrid","EUR","2,500.00"
"10.1016/j.jtct.2024.03.017","Core Hybrid","EUR","2,500.00"
"10.1016/j.jtct.2024.03.023","Core Hybrid","EUR","2,500.00"
"10.1016/j.jtct.2024.07.026","Core Hybrid","EUR","2,500.00"
"10.1016/j.jtct.2024.09.011","Core Hybrid","EUR","2,500.00"
"10.1016/j.jtct.2024.10.003","Core Hybrid","EUR","2,500.00"
"10.1016/j.jtcvs.2024.07.038","Core Hybrid","EUR","2,500.00"
"10.1016/j.jtcvs.2024.08.005","Core Hybrid","EUR","2,500.00"
"10.1016/j.jtcvs.2024.09.016","Core Hybrid","EUR","2,500.00"
"10.1016/j.jtcvs.2024.09.047","Core Hybrid","EUR","2,500.00"
"10.1016/j.jtcvs.2024.09.049","Core Hybrid","EUR","2,500.00"
"10.1016/j.jtcvs.2024.10.023","Core Hybrid","EUR","2,500.00"
"10.1016/j.jtcvs.2024.11.003","Core Hybrid","EUR","2,500.00"
"10.1016/j.jtcvs.2024.11.008","Core Hybrid","EUR","2,500.00"
"10.1016/j.jtemb.2024.127405","Core Hybrid","EUR","2,500.00"
"10.1016/j.jtemb.2024.127441","Core Hybrid","EUR","2,500.00"
"10.1016/j.jtemb.2024.127459","Core Hybrid","EUR","2,500.00"
"10.1016/j.jtemb.2024.127467","Core Hybrid","EUR","2,500.00"
"10.1016/j.jtemb.2024.127518","Core Hybrid","EUR","2,500.00"
"10.1016/j.jtemb.2024.127548","Core Hybrid","EUR","2,500.00"
"10.1016/j.jtemb.2024.127556","Core Hybrid","EUR","2,500.00"
"10.1016/j.jtemb.2024.127583","Core Hybrid","EUR","2,500.00"
"10.1016/j.jth.2024.101772","Core Hybrid","EUR","2,500.00"
"10.1016/j.jth.2024.101879","Core Hybrid","EUR","2,500.00"
"10.1016/j.jtha.2024.02.010","Core Hybrid","EUR","2,500.00"
"10.1016/j.jtha.2024.02.016","Core Hybrid","EUR","2,500.00"
"10.1016/j.jtha.2024.04.009","Core Hybrid","EUR","2,500.00"
"10.1016/j.jtha.2024.06.010","Core Hybrid","EUR","2,500.00"
"10.1016/j.jtha.2024.10.003","Core Hybrid","EUR","2,500.00"
"10.1016/j.jtha.2024.10.025","Core Hybrid","EUR","2,500.00"
"10.1016/j.jtherbio.2024.103856","Core Hybrid","EUR","2,500.00"
"10.1016/j.jtherbio.2024.103928","Core Hybrid","EUR","2,500.00"
"10.1016/j.jtherbio.2024.103967","Core Hybrid","EUR","2,500.00"
"10.1016/j.jtos.2024.02.003","Core Hybrid","EUR","2,500.00"
"10.1016/j.jtos.2024.08.016","Core Hybrid","EUR","2,500.00"
"10.1016/j.jtos.2024.12.006","Core Hybrid","EUR","2,500.00"
"10.1016/j.jtrangeo.2024.103799","Core Hybrid","EUR","2,500.00"
"10.1016/j.jtrangeo.2024.103940","Core Hybrid","EUR","2,500.00"
"10.1016/j.jtv.2024.02.005","Core Hybrid","EUR","2,500.00"
"10.1016/j.jue.2024.103666","Core Hybrid","EUR","2,500.00"
"10.1016/j.jue.2024.103730","Core Hybrid","EUR","2,500.00"
"10.1016/j.jup.2024.101769","Core Hybrid","EUR","2,500.00"
"10.1016/j.jup.2024.101843","Core Hybrid","EUR","2,500.00"
"10.1016/j.jup.2024.101854","Core Hybrid","EUR","2,500.00"
"10.1016/j.jvacx.2024.100474","Core Gold","EUR","1,840.00"
"10.1016/j.jvacx.2024.100524","Core Gold","EUR","1,456.00"
"10.1016/j.jvacx.2024.100590","Core Gold","EUR","1,680.00"
"10.1016/j.jval.2024.01.002","Core Hybrid","EUR","2,500.00"
"10.1016/j.jval.2024.02.015","Core Hybrid","EUR","2,500.00"
"10.1016/j.jval.2024.04.010","Core Hybrid","EUR","2,500.00"
"10.1016/j.jval.2024.05.013","Core Hybrid","EUR","2,500.00"
"10.1016/j.jval.2024.10.3852","Core Hybrid","EUR","2,500.00"
"10.1016/j.jvb.2024.104031","Core Hybrid","EUR","2,500.00"
"10.1016/j.jvb.2024.104054","Core Hybrid","EUR","2,500.00"
"10.1016/j.jvb.2024.104081","Core Hybrid","EUR","2,500.00"
"10.1016/j.jvc.2024.01.002","Core Hybrid","EUR","2,500.00"
"10.1016/j.jvc.2024.02.005","Core Hybrid","EUR","2,500.00"
"10.1016/j.jvc.2024.11.001","Core Hybrid","EUR","2,500.00"
"10.1016/j.jvcir.2024.104256","Core Hybrid","EUR","2,500.00"
"10.1016/j.jvir.2024.07.010","Core Hybrid","EUR","2,500.00"
"10.1016/j.jviromet.2024.114888","Core Hybrid","EUR","2,500.00"
"10.1016/j.jviromet.2024.114910","Core Hybrid","EUR","2,500.00"
"10.1016/j.jviromet.2024.114915","Core Hybrid","EUR","2,500.00"
"10.1016/j.jviromet.2024.114937","Core Hybrid","EUR","2,500.00"
"10.1016/j.jviromet.2024.115052","Core Hybrid","EUR","2,500.00"
"10.1016/j.jviromet.2024.115061","Core Hybrid","EUR","2,500.00"
"10.1016/j.jvoice.2024.01.016","Core Hybrid","EUR","2,500.00"
"10.1016/j.jvoice.2024.04.010","Core Hybrid","EUR","2,500.00"
"10.1016/j.jvoice.2024.06.015","Core Hybrid","EUR","2,500.00"
"10.1016/j.jvoice.2024.06.016","Core Hybrid","EUR","2,500.00"
"10.1016/j.jvoice.2024.07.019","Core Hybrid","EUR","2,500.00"
"10.1016/j.jvoice.2024.12.010","Core Hybrid","EUR","2,500.00"
"10.1016/j.jvolgeores.2024.108039","Core Hybrid","EUR","2,500.00"
"10.1016/j.jvolgeores.2024.108146","Core Hybrid","EUR","2,500.00"
"10.1016/j.jvolgeores.2024.108199","Core Hybrid","EUR","2,500.00"
"10.1016/j.jvs.2024.03.444","Core Hybrid","EUR","2,500.00"
"10.1016/j.jvs.2024.07.087","Core Hybrid","EUR","2,500.00"
"10.1016/j.jvs.2024.07.099","Core Hybrid","EUR","2,500.00"
"10.1016/j.jvs.2024.09.039","Core Hybrid","EUR","2,500.00"
"10.1016/j.jvs.2024.10.084","Core Hybrid","EUR","2,500.00"
"10.1016/j.jvscit.2024.101498","Core Gold","EUR",472.00
"10.1016/j.jvssci.2024.100199","Core Gold","EUR","2,040.00"
"10.1016/j.jvsv.2024.101910","Core Gold","EUR","1,536.00"
"10.1016/j.jvsv.2024.101917","Core Gold","EUR","1,536.00"
"10.1016/j.jvsvi.2024.100109","Core Gold","EUR","1,456.00"
"10.1016/j.jwb.2024.101530","Core Hybrid","EUR","2,500.00"
"10.1016/j.jwb.2024.101571","Core Hybrid","EUR","2,500.00"
"10.1016/j.jweia.2024.105678","Core Hybrid","EUR","2,500.00"
"10.1016/j.jweia.2024.105790","Core Hybrid","EUR","2,500.00"
"10.1016/j.jweia.2024.105821","Core Hybrid","EUR","2,500.00"
"10.1016/j.jweia.2024.105993","Core Hybrid","EUR","2,500.00"
"10.1016/j.jwpe.2023.104733","Core Hybrid","EUR","2,500.00"
"10.1016/j.jwpe.2024.104879","Core Hybrid","EUR","2,500.00"
"10.1016/j.jwpe.2024.104954","Core Hybrid","EUR","2,500.00"
"10.1016/j.jwpe.2024.105623","Core Hybrid","EUR","2,500.00"
"10.1016/j.jwpe.2024.105663","Core Hybrid","EUR","2,500.00"
"10.1016/j.jwpe.2024.105669","Core Hybrid","EUR","2,500.00"
"10.1016/j.jwpe.2024.105729","Core Hybrid","EUR","2,500.00"
"10.1016/j.jwpe.2024.105867","Core Hybrid","EUR","2,500.00"
"10.1016/j.jwpe.2024.106025","Core Hybrid","EUR","2,500.00"
"10.1016/j.kint.2024.01.021","Core Hybrid","EUR","2,500.00"
"10.1016/j.kint.2024.01.037","Core Hybrid","EUR","2,500.00"
"10.1016/j.kint.2024.01.042","Core Hybrid","EUR","2,500.00"
"10.1016/j.kint.2024.01.043","Core Hybrid","EUR","2,000.00"
"10.1016/j.kint.2024.02.001","Core Hybrid","EUR","2,500.00"
"10.1016/j.kint.2024.05.009","Core Hybrid","EUR","2,500.00"
"10.1016/j.kint.2024.05.012","Core Hybrid","EUR","2,500.00"
"10.1016/j.kint.2024.06.022","Core Hybrid","EUR","2,500.00"
"10.1016/j.kint.2024.06.024","Core Hybrid","EUR","2,500.00"
"10.1016/j.kint.2024.06.028","Core Hybrid","EUR","2,500.00"
"10.1016/j.kint.2024.07.014","Core Hybrid","EUR","2,500.00"
"10.1016/j.kint.2024.07.037","Core Hybrid","EUR","2,500.00"
"10.1016/j.kint.2024.08.021","Core Hybrid","EUR","2,500.00"
"10.1016/j.kint.2024.08.035","Core Hybrid","EUR","2,500.00"
"10.1016/j.kint.2024.08.038","Core Hybrid","EUR","2,500.00"
"10.1016/j.kint.2024.10.012","Core Hybrid","EUR","2,500.00"
"10.1016/j.kint.2024.10.024","Core Hybrid","EUR","2,500.00"
"10.1016/j.knee.2024.08.017","Core Hybrid","EUR","2,500.00"
"10.1016/j.knosys.2024.111774","Core Hybrid","EUR","2,500.00"
"10.1016/j.knosys.2024.111856","Core Hybrid","EUR","2,500.00"
"10.1016/j.knosys.2024.111998","Core Hybrid","EUR","2,500.00"
"10.1016/j.knosys.2024.112186","Core Hybrid","EUR","2,500.00"
"10.1016/j.knosys.2024.112402","Core Hybrid","EUR","2,500.00"
"10.1016/j.knosys.2024.112451","Core Hybrid","EUR","2,500.00"
"10.1016/j.knosys.2024.112519","Core Hybrid","EUR","2,500.00"
"10.1016/j.knosys.2024.112619","Core Hybrid","EUR","2,500.00"
"10.1016/j.knosys.2024.112694","Core Hybrid","EUR","2,500.00"
"10.1016/j.laa.2024.01.020","Core Hybrid","EUR","2,500.00"
"10.1016/j.laa.2024.02.015","Core Hybrid","EUR","2,500.00"
"10.1016/j.laa.2024.03.032","Core Hybrid","EUR","2,500.00"
"10.1016/j.laa.2024.04.023","Core Hybrid","EUR","2,500.00"
"10.1016/j.laa.2024.04.027","Core Hybrid","EUR","2,500.00"
"10.1016/j.laa.2024.05.006","Core Hybrid","EUR","2,500.00"
"10.1016/j.laa.2024.05.012","Core Hybrid","EUR","2,500.00"
"10.1016/j.laa.2024.08.007","Core Hybrid","EUR","2,500.00"
"10.1016/j.laa.2024.09.016","Core Hybrid","EUR","2,500.00"
"10.1016/j.laa.2024.10.014","Core Hybrid","EUR","2,500.00"
"10.1016/j.laa.2024.11.003","Core Hybrid","EUR","2,500.00"
"10.1016/j.laa.2024.12.006","Core Hybrid","EUR","2,500.00"
"10.1016/j.labeco.2024.102505","Core Hybrid","EUR","2,500.00"
"10.1016/j.labeco.2024.102508","Core Hybrid","EUR","2,500.00"
"10.1016/j.labeco.2024.102533","Core Hybrid","EUR","2,500.00"
"10.1016/j.labeco.2024.102540","Core Hybrid","EUR","2,500.00"
"10.1016/j.labeco.2024.102563","Core Hybrid","EUR","2,500.00"
"10.1016/j.labeco.2024.102565","Core Hybrid","EUR","2,500.00"
"10.1016/j.labeco.2024.102574","Core Hybrid","EUR","2,500.00"
"10.1016/j.labeco.2024.102585","Core Hybrid","EUR","2,500.00"
"10.1016/j.labeco.2024.102626","Core Hybrid","EUR","2,500.00"
"10.1016/j.labeco.2024.102627","Core Hybrid","EUR","2,500.00"
"10.1016/j.labeco.2024.102632","Core Hybrid","EUR","2,500.00"
"10.1016/j.labeco.2024.102640","Core Hybrid","EUR","2,500.00"
"10.1016/j.labinv.2024.102049","Core Hybrid","EUR","2,500.00"
"10.1016/j.labinv.2024.102142","Core Hybrid","EUR","2,500.00"
"10.1016/j.labinv.2024.102209","Core Hybrid","EUR","2,500.00"
"10.1016/j.landurbplan.2024.105013","Core Hybrid","EUR","2,500.00"
"10.1016/j.landurbplan.2024.105022","Core Hybrid","EUR","2,500.00"
"10.1016/j.landurbplan.2024.105076","Core Hybrid","EUR","2,500.00"
"10.1016/j.landurbplan.2024.105089","Core Hybrid","EUR","2,500.00"
"10.1016/j.landurbplan.2024.105133","Core Hybrid","EUR","2,500.00"
"10.1016/j.landurbplan.2024.105150","Core Hybrid","EUR","2,500.00"
"10.1016/j.landurbplan.2024.105273","Core Hybrid","EUR","2,500.00"
"10.1016/j.landusepol.2024.107054","Core Hybrid","EUR","2,500.00"
"10.1016/j.landusepol.2024.107094","Core Hybrid","EUR","2,500.00"
"10.1016/j.landusepol.2024.107146","Core Hybrid","EUR","2,500.00"
"10.1016/j.landusepol.2024.107159","Core Hybrid","EUR","2,500.00"
"10.1016/j.landusepol.2024.107167","Core Hybrid","EUR","2,500.00"
"10.1016/j.landusepol.2024.107191","Core Hybrid","EUR","2,500.00"
"10.1016/j.landusepol.2024.107197","Core Hybrid","EUR","2,500.00"
"10.1016/j.landusepol.2024.107198","Core Hybrid","EUR","2,500.00"
"10.1016/j.landusepol.2024.107219","Core Hybrid","EUR","2,500.00"
"10.1016/j.landusepol.2024.107236","Core Hybrid","EUR","2,500.00"
"10.1016/j.landusepol.2024.107281","Core Hybrid","EUR","2,500.00"
"10.1016/j.landusepol.2024.107336","Core Hybrid","EUR","2,500.00"
"10.1016/j.landusepol.2024.107363","Core Hybrid","EUR","2,500.00"
"10.1016/j.landusepol.2024.107390","Core Hybrid","EUR","2,500.00"
"10.1016/j.lanepe.2024.100862","CP/TL Gold","EUR","3,102.50"
"10.1016/j.lanepe.2024.100864","CP/TL Gold","EUR","3,102.50"
"10.1016/j.lanepe.2024.100891","CP/TL Gold","EUR","3,102.50"
"10.1016/j.lanepe.2024.100920","CP/TL Gold","EUR","3,102.50"
"10.1016/j.lanepe.2024.100929","CP/TL Gold","EUR","3,102.50"
"10.1016/j.lanepe.2024.100972","CP/TL Gold","EUR","3,102.50"
"10.1016/j.lanepe.2024.100981","CP/TL Gold","EUR","3,102.50"
"10.1016/j.lanepe.2024.101030","CP/TL Gold","EUR","3,102.50"
"10.1016/j.lanepe.2024.101049","CP/TL Gold","EUR","3,102.50"
"10.1016/j.lanepe.2024.101066","CP/TL Gold","EUR","3,102.50"
"10.1016/j.lanepe.2024.101092","CP/TL Gold","EUR","3,476.50"
"10.1016/j.lanepe.2024.101111","CP/TL Gold","EUR","3,476.50"
"10.1016/j.lanepe.2024.101140","CP/TL Gold","EUR","3,476.50"
"10.1016/j.lanepe.2024.101145","CP/TL Gold","EUR","3,476.50"
"10.1016/j.lanepe.2024.101153","CP/TL Gold","EUR","3,476.50"
"10.1016/j.lanepe.2024.101161","CP/TL Gold","EUR","3,476.50"
"10.1016/j.lanepe.2024.101168","CP/TL Gold","EUR","3,476.50"
"10.1016/j.langcom.2024.04.002","Core Hybrid","EUR","2,500.00"
"10.1016/j.langcom.2024.10.004","Core Hybrid","EUR","2,500.00"
"10.1016/j.langsci.2024.101632","Core Hybrid","EUR","2,500.00"
"10.1016/j.langsci.2024.101646","Core Hybrid","EUR","2,500.00"
"10.1016/j.langsci.2024.101660","Core Hybrid","EUR","2,500.00"
"10.1016/j.langsci.2024.101663","Core Hybrid","EUR","2,500.00"
"10.1016/j.lanmic.2024.06.001","CP/TL Gold","EUR","4,887.50"
"10.1016/j.lanmic.2024.07.012","CP/TL Gold","EUR","4,887.50"
"10.1016/j.lanmic.2024.100955","CP/TL Gold","EUR","4,887.50"
"10.1016/j.lanmic.2024.101013","CP/TL Gold","EUR","5,134.00"
"10.1016/j.lcsi.2024.100839","Core Hybrid","EUR","2,500.00"
"10.1016/j.leaqua.2024.101814","Core Hybrid","EUR","2,500.00"
"10.1016/j.leaqua.2024.101843","Core Hybrid","EUR","2,500.00"
"10.1016/j.learninstruc.2023.101850","Core Hybrid","EUR","2,500.00"
"10.1016/j.learninstruc.2024.101877","Core Hybrid","EUR","2,500.00"
"10.1016/j.learninstruc.2024.101878","Core Hybrid","EUR","2,500.00"
"10.1016/j.learninstruc.2024.101896","Core Hybrid","EUR","2,500.00"
"10.1016/j.learninstruc.2024.101902","Core Hybrid","EUR","2,500.00"
"10.1016/j.learninstruc.2024.101908","Core Hybrid","EUR","2,500.00"
"10.1016/j.learninstruc.2024.101909","Core Hybrid","EUR","2,500.00"
"10.1016/j.learninstruc.2024.101921","Core Hybrid","EUR","2,500.00"
"10.1016/j.learninstruc.2024.101923","Core Hybrid","EUR","2,500.00"
"10.1016/j.learninstruc.2024.101935","Core Hybrid","EUR","2,500.00"
"10.1016/j.learninstruc.2024.101939","Core Hybrid","EUR","2,500.00"
"10.1016/j.learninstruc.2024.101948","Core Hybrid","EUR","2,500.00"
"10.1016/j.learninstruc.2024.101949","Core Hybrid","EUR","2,500.00"
"10.1016/j.learninstruc.2024.101956","Core Hybrid","EUR","2,500.00"
"10.1016/j.learninstruc.2024.101959","Core Hybrid","EUR","2,500.00"
"10.1016/j.learninstruc.2024.101961","Core Hybrid","EUR","2,500.00"
"10.1016/j.learninstruc.2024.101962","Core Hybrid","EUR","2,500.00"
"10.1016/j.learninstruc.2024.101972","Core Hybrid","EUR","2,500.00"
"10.1016/j.learninstruc.2024.101973","Core Hybrid","EUR","2,500.00"
"10.1016/j.learninstruc.2024.101974","Core Hybrid","EUR","2,500.00"
"10.1016/j.learninstruc.2024.101977","Core Hybrid","EUR","2,500.00"
"10.1016/j.learninstruc.2024.101979","Core Hybrid","EUR","2,500.00"
"10.1016/j.learninstruc.2024.101980","Core Hybrid","EUR","2,500.00"
"10.1016/j.learninstruc.2024.101988","Core Hybrid","EUR","2,500.00"
"10.1016/j.learninstruc.2024.101991","Core Hybrid","EUR","2,500.00"
"10.1016/j.learninstruc.2024.101994","Core Hybrid","EUR","2,500.00"
"10.1016/j.learninstruc.2024.101998","Core Hybrid","EUR","2,500.00"
"10.1016/j.learninstruc.2024.102028","Core Hybrid","EUR","2,500.00"
"10.1016/j.learninstruc.2024.102029","Core Hybrid","EUR","2,500.00"
"10.1016/j.learninstruc.2024.102030","Core Hybrid","EUR","2,500.00"
"10.1016/j.learninstruc.2024.102032","Core Hybrid","EUR","2,500.00"
"10.1016/j.learninstruc.2024.102046","Core Hybrid","EUR","2,500.00"
"10.1016/j.learninstruc.2024.102047","Core Hybrid","EUR","2,500.00"
"10.1016/j.learninstruc.2024.102049","Core Hybrid","EUR","2,500.00"
"10.1016/j.learninstruc.2024.102050","Core Hybrid","EUR","2,500.00"
"10.1016/j.learninstruc.2024.102052","Core Hybrid","EUR","2,500.00"
"10.1016/j.learninstruc.2024.102054","Core Hybrid","EUR","2,500.00"
"10.1016/j.learninstruc.2024.102056","Core Hybrid","EUR","2,500.00"
"10.1016/j.learninstruc.2024.102065","Core Hybrid","EUR","2,500.00"
"10.1016/j.legalmed.2024.102430","Core Hybrid","EUR","2,500.00"
"10.1016/j.legalmed.2024.102462","Core Hybrid","EUR","2,500.00"
"10.1016/j.legalmed.2024.102474","Core Hybrid","EUR","2,500.00"
"10.1016/j.legalmed.2024.102533","Core Hybrid","EUR","2,500.00"
"10.1016/j.legalmed.2024.102547","Core Hybrid","EUR","2,500.00"
"10.1016/j.leukres.2024.107531","Core Hybrid","EUR","2,500.00"
"10.1016/j.leukres.2024.107599","Core Hybrid","EUR","2,500.00"
"10.1016/j.leukres.2024.107611","Core Hybrid","EUR","2,500.00"
"10.1016/j.lfs.2024.122685","Core Hybrid","EUR","2,500.00"
"10.1016/j.lfs.2024.122746","Core Hybrid","EUR","2,500.00"
"10.1016/j.lfs.2024.122808","Core Hybrid","EUR","2,500.00"
"10.1016/j.lfs.2024.122841","Core Hybrid","EUR","2,500.00"
"10.1016/j.lfs.2024.123168","Core Hybrid","EUR","2,500.00"
"10.1016/j.lfs.2024.123298","Core Hybrid","EUR","2,500.00"
"10.1016/j.lindif.2024.102422","Core Hybrid","EUR","2,500.00"
"10.1016/j.lindif.2024.102428","Core Hybrid","EUR","2,500.00"
"10.1016/j.lindif.2024.102439","Core Hybrid","EUR","2,500.00"
"10.1016/j.lindif.2024.102444","Core Hybrid","EUR","2,500.00"
"10.1016/j.lindif.2024.102446","Core Hybrid","EUR","2,500.00"
"10.1016/j.lindif.2024.102493","Core Hybrid","EUR","2,500.00"
"10.1016/j.lindif.2024.102515","Core Hybrid","EUR","2,500.00"
"10.1016/j.lindif.2024.102517","Core Hybrid","EUR","2,500.00"
"10.1016/j.lindif.2024.102518","Core Hybrid","EUR","2,500.00"
"10.1016/j.lindif.2024.102522","Core Hybrid","EUR","2,500.00"
"10.1016/j.lindif.2024.102548","Core Hybrid","EUR","2,500.00"
"10.1016/j.lindif.2024.102555","Core Hybrid","EUR","2,500.00"
"10.1016/j.lindif.2024.102561","Core Hybrid","EUR","2,500.00"
"10.1016/j.lindif.2024.102567","Core Hybrid","EUR","2,500.00"
"10.1016/j.lindif.2024.102579","Core Hybrid","EUR","2,500.00"
"10.1016/j.lindif.2024.102584","Core Hybrid","EUR","2,500.00"
"10.1016/j.lindif.2024.102598","Core Hybrid","EUR","2,500.00"
"10.1016/j.lindif.2024.102605","Core Hybrid","EUR","2,500.00"
"10.1016/j.linged.2024.101284","Core Hybrid","EUR","2,500.00"
"10.1016/j.lingua.2024.103701","Core Hybrid","EUR","2,500.00"
"10.1016/j.lingua.2024.103776","Core Hybrid","EUR","2,500.00"
"10.1016/j.lingua.2024.103777","Core Hybrid","EUR","2,500.00"
"10.1016/j.lingua.2024.103794","Core Hybrid","EUR","2,500.00"
"10.1016/j.lingua.2024.103851","Core Hybrid","EUR","2,500.00"
"10.1016/j.lingua.2024.103854","Core Hybrid","EUR","2,500.00"
"10.1016/j.lithos.2024.107521","Core Hybrid","EUR","2,500.00"
"10.1016/j.lithos.2024.107565","Core Hybrid","EUR","2,500.00"
"10.1016/j.lithos.2024.107695","Core Hybrid","EUR","2,500.00"
"10.1016/j.lithos.2024.107742","Core Hybrid","EUR","2,500.00"
"10.1016/j.lithos.2024.107774","Core Hybrid","EUR","2,500.00"
"10.1016/j.lithos.2024.107811","Core Hybrid","EUR","2,500.00"
"10.1016/j.lithos.2024.107839","Core Hybrid","EUR","2,500.00"
"10.1016/j.lithos.2024.107901","Core Hybrid","EUR","2,500.00"
"10.1016/j.livsci.2024.105410","Core Hybrid","EUR","2,500.00"
"10.1016/j.livsci.2024.105520","Core Hybrid","EUR","2,500.00"
"10.1016/j.livsci.2024.105636","Core Hybrid","EUR","2,500.00"
"10.1016/j.lmot.2024.102067","Core Hybrid","EUR","2,500.00"
"10.1016/j.lpm.2024.104248","Core Hybrid","EUR","2,500.00"
"10.1016/j.lpm.2024.104265","Core Hybrid","EUR","2,500.00"
"10.1016/j.lrp.2023.102406","Core Hybrid","EUR","2,500.00"
"10.1016/j.lrp.2024.102416","Core Hybrid","EUR","2,500.00"
"10.1016/j.lungcan.2024.107496","Core Hybrid","EUR","2,500.00"
"10.1016/j.lungcan.2024.107505","Core Hybrid","EUR","2,500.00"
"10.1016/j.lungcan.2024.107507","Core Hybrid","EUR","2,500.00"
"10.1016/j.lungcan.2024.107802","Core Hybrid","EUR","2,500.00"
"10.1016/j.lungcan.2024.107890","Core Hybrid","EUR","2,500.00"
"10.1016/j.lungcan.2024.107899","Core Hybrid","EUR","2,500.00"
"10.1016/j.lwt.2024.116056","Core Gold","EUR","1,848.00"
"10.1016/j.lwt.2024.116119","Core Gold","EUR","1,848.00"
"10.1016/j.lwt.2024.116365","Core Gold","EUR","1,848.00"
"10.1016/j.lwt.2024.116453","Core Gold","EUR","1,872.00"
"10.1016/j.lwt.2024.116679","Core Gold","EUR","1,848.00"
"10.1016/j.lwt.2024.116682","Core Gold","EUR","1,872.00"
"10.1016/j.lwt.2024.116756","Core Gold","EUR","1,872.00"
"10.1016/j.lwt.2024.116953","Core Gold","EUR","1,638.00"
"10.1016/j.lwt.2024.117057","Core Gold","EUR","1,952.00"
"10.1016/j.lwt.2024.117144","Core Gold","EUR","1,952.00"
"10.1016/j.lwt.2024.117148","Core Gold","EUR","2,016.00"
"10.1016/j.mad.2024.111954","Core Hybrid","EUR","2,500.00"
"10.1016/j.mad.2024.112004","Core Hybrid","EUR","2,500.00"
"10.1016/j.mad.2024.112008","Core Hybrid","EUR","2,500.00"
"10.1016/j.mam.2024.101258","Core Hybrid","EUR","2,500.00"
"10.1016/j.mam.2024.101269","Core Hybrid","EUR","2,500.00"
"10.1016/j.mar.2024.100904","Core Hybrid","EUR","2,500.00"
"10.1016/j.marchem.2024.104439","Core Hybrid","EUR","2,500.00"
"10.1016/j.marchem.2024.104461","Core Hybrid","EUR","2,500.00"
"10.1016/j.marchem.2024.104465","Core Hybrid","EUR","2,500.00"
"10.1016/j.marenvres.2023.106231","Core Hybrid","EUR","2,500.00"
"10.1016/j.marenvres.2024.106602","Core Hybrid","EUR","2,500.00"
"10.1016/j.marenvres.2024.106627","Core Hybrid","EUR","2,500.00"
"10.1016/j.marenvres.2024.106661","Core Hybrid","EUR","2,500.00"
"10.1016/j.margeo.2024.107221","Core Hybrid","EUR","2,500.00"
"10.1016/j.margeo.2024.107249","Core Hybrid","EUR","2,500.00"
"10.1016/j.margeo.2024.107255","Core Hybrid","EUR","2,500.00"
"10.1016/j.margeo.2024.107301","Core Hybrid","EUR","2,500.00"
"10.1016/j.margeo.2024.107347","Core Hybrid","EUR","2,500.00"
"10.1016/j.margeo.2024.107361","Core Hybrid","EUR","2,500.00"
"10.1016/j.margeo.2024.107407","Core Hybrid","EUR","2,500.00"
"10.1016/j.margeo.2024.107440","Core Hybrid","EUR","2,500.00"
"10.1016/j.marmicro.2024.102341","Core Hybrid","EUR","2,500.00"
"10.1016/j.marmicro.2024.102410","Core Hybrid","EUR","2,500.00"
"10.1016/j.marmicro.2024.102431","Core Hybrid","EUR","2,500.00"
"10.1016/j.marpetgeo.2024.106697","Core Hybrid","EUR","2,500.00"
"10.1016/j.marpetgeo.2024.106774","Core Hybrid","EUR","2,500.00"
"10.1016/j.marpetgeo.2024.106842","Core Hybrid","EUR","2,500.00"
"10.1016/j.marpetgeo.2024.107026","Core Hybrid","EUR","2,500.00"
"10.1016/j.marpetgeo.2024.107044","Core Hybrid","EUR","2,500.00"
"10.1016/j.marpetgeo.2024.107067","Core Hybrid","EUR","2,500.00"
"10.1016/j.marpetgeo.2024.107218","Core Hybrid","EUR","2,500.00"
"10.1016/j.marpol.2024.106113","Core Hybrid","EUR","2,500.00"
"10.1016/j.marpol.2024.106131","Core Hybrid","EUR","2,500.00"
"10.1016/j.marpol.2024.106181","Core Hybrid","EUR","2,500.00"
"10.1016/j.marpol.2024.106230","Core Hybrid","EUR","2,500.00"
"10.1016/j.marpol.2024.106347","Core Hybrid","EUR","2,500.00"
"10.1016/j.marpol.2024.106359","Core Hybrid","EUR","2,500.00"
"10.1016/j.marpol.2024.106405","Core Hybrid","EUR","2,500.00"
"10.1016/j.marpolbul.2024.116099","Core Hybrid","EUR","2,500.00"
"10.1016/j.marpolbul.2024.116150","Core Hybrid","EUR","2,500.00"
"10.1016/j.marpolbul.2024.116631","Core Hybrid","EUR","2,500.00"
"10.1016/j.marpolbul.2024.116794","Core Hybrid","EUR","2,500.00"
"10.1016/j.marpolbul.2024.116884","Core Hybrid","EUR","2,500.00"
"10.1016/j.marpolbul.2024.116895","Core Hybrid","EUR","2,500.00"
"10.1016/j.marpolbul.2024.116925","Core Hybrid","EUR","2,500.00"
"10.1016/j.marpolbul.2024.117072","Core Hybrid","EUR","2,500.00"
"10.1016/j.marpolbul.2024.117082","Core Hybrid","EUR","2,500.00"
"10.1016/j.marpolbul.2024.117253","Core Hybrid","EUR","2,500.00"
"10.1016/j.marstruc.2024.103732","Core Hybrid","EUR","2,500.00"
"10.1016/j.matbio.2024.02.005","Core Hybrid","EUR","2,500.00"
"10.1016/j.matbio.2024.02.007","Core Hybrid","EUR","2,500.00"
"10.1016/j.matbio.2024.06.001","Core Hybrid","EUR","2,500.00"
"10.1016/j.matbio.2024.07.002","Core Hybrid","EUR","2,500.00"
"10.1016/j.matbio.2024.11.005","Core Hybrid","EUR","2,500.00"
"10.1016/j.matbio.2024.12.004","Core Hybrid","EUR","2,500.00"
"10.1016/j.matchar.2024.113894","Core Hybrid","EUR","2,500.00"
"10.1016/j.matchar.2024.113917","Core Hybrid","EUR","2,500.00"
"10.1016/j.matchar.2024.114018","Core Hybrid","EUR","2,500.00"
"10.1016/j.matchar.2024.114186","Core Hybrid","EUR","2,500.00"
"10.1016/j.matchar.2024.114314","Core Hybrid","EUR","2,500.00"
"10.1016/j.matchar.2024.114379","Core Hybrid","EUR","2,500.00"
"10.1016/j.matchar.2024.114478","Core Hybrid","EUR","2,500.00"
"10.1016/j.matchar.2024.114625","Core Hybrid","EUR","2,500.00"
"10.1016/j.matchemphys.2024.129184","Core Hybrid","EUR","2,500.00"
"10.1016/j.matchemphys.2024.129458","Core Hybrid","EUR","2,500.00"
"10.1016/j.matchemphys.2024.129862","Core Hybrid","EUR","2,500.00"
"10.1016/j.matchemphys.2024.130005","Core Hybrid","EUR","2,500.00"
"10.1016/j.matchemphys.2024.130019","Core Hybrid","EUR","2,500.00"
"10.1016/j.matcom.2024.01.019","Core Hybrid","EUR","2,500.00"
"10.1016/j.matcom.2024.03.032","Core Hybrid","EUR","2,500.00"
"10.1016/j.matcom.2024.08.006","Core Hybrid","EUR","2,500.00"
"10.1016/j.matdes.2023.112595","Core Gold","EUR","2,192.00"
"10.1016/j.matdes.2023.112596","Core Gold","EUR","2,192.00"
"10.1016/j.matdes.2024.112630","Core Gold","EUR","2,192.00"
"10.1016/j.matdes.2024.112667","Core Gold","EUR","2,040.00"
"10.1016/j.matdes.2024.112684","Core Gold","EUR","2,192.00"
"10.1016/j.matdes.2024.112687","Core Gold","EUR","2,040.00"
"10.1016/j.matdes.2024.112747","Core Gold","EUR","2,296.00"
"10.1016/j.matdes.2024.112757","Core Gold","EUR","2,296.00"
"10.1016/j.matdes.2024.112794","Core Gold","EUR","2,040.00"
"10.1016/j.matdes.2024.112799","Core Gold","EUR","2,296.00"
"10.1016/j.matdes.2024.112851","Core Gold","EUR","2,296.00"
"10.1016/j.matdes.2024.112865","Core Gold","EUR","2,296.00"
"10.1016/j.matdes.2024.112872","Core Gold","EUR","2,296.00"
"10.1016/j.matdes.2024.112880","Core Gold","EUR","2,296.00"
"10.1016/j.matdes.2024.112882","Core Gold","EUR","2,296.00"
"10.1016/j.matdes.2024.112889","Core Gold","EUR","2,296.00"
"10.1016/j.matdes.2024.112892","Core Gold","EUR","2,296.00"
"10.1016/j.matdes.2024.112928","Core Gold","EUR","2,296.00"
"10.1016/j.matdes.2024.112960","Core Gold","EUR","2,296.00"
"10.1016/j.matdes.2024.113007","Core Gold","EUR","2,296.00"
"10.1016/j.matdes.2024.113031","Core Gold","EUR","2,296.00"
"10.1016/j.matdes.2024.113034","Core Gold","EUR","2,296.00"
"10.1016/j.matdes.2024.113087","Core Gold","EUR","2,336.00"
"10.1016/j.matdes.2024.113122","Core Gold","EUR","2,296.00"
"10.1016/j.matdes.2024.113130","Core Gold","EUR","2,336.00"
"10.1016/j.matdes.2024.113170","Core Gold","EUR","2,296.00"
"10.1016/j.matdes.2024.113171","Core Gold","EUR","2,336.00"
"10.1016/j.matdes.2024.113206","Core Gold","EUR","2,296.00"
"10.1016/j.matdes.2024.113211","Core Gold","EUR","2,336.00"
"10.1016/j.matdes.2024.113280","Core Gold","EUR","2,336.00"
"10.1016/j.matdes.2024.113321","Core Gold","EUR","2,336.00"
"10.1016/j.matdes.2024.113354","Core Gold","EUR","2,336.00"
"10.1016/j.matdes.2024.113373","Core Gold","EUR","2,376.00"
"10.1016/j.matdes.2024.113411","Core Gold","EUR","2,336.00"
"10.1016/j.matdes.2024.113412","Core Gold","EUR","2,376.00"
"10.1016/j.matdes.2024.113438","Core Gold","EUR","2,376.00"
"10.1016/j.matdes.2024.113453","Core Gold","EUR","2,044.00"
"10.1016/j.matdes.2024.113465","Core Gold","EUR","2,336.00"
"10.1016/j.matdes.2024.113490","Core Gold","EUR","2,376.00"
"10.1016/j.matdes.2024.113491","Core Gold","EUR","2,079.00"
"10.1016/j.matdes.2024.113545","Core Gold","EUR","2,376.00"
"10.1016/j.matdes.2024.113562","Core Gold","EUR","2,456.00"
"10.1016/j.materresbull.2024.112816","Core Hybrid","EUR","2,500.00"
"10.1016/j.materresbull.2024.112860","Core Hybrid","EUR","2,500.00"
"10.1016/j.materresbull.2024.112902","Core Hybrid","EUR","2,500.00"
"10.1016/j.materresbull.2024.113052","Core Hybrid","EUR","2,500.00"
"10.1016/j.mathsocsci.2024.01.006","Core Hybrid","EUR","2,500.00"
"10.1016/j.mathsocsci.2024.09.001","Core Hybrid","EUR","2,500.00"
"10.1016/j.matlet.2024.136303","Core Hybrid","EUR","2,500.00"
"10.1016/j.matlet.2024.136397","Core Hybrid","EUR","2,500.00"
"10.1016/j.matlet.2024.136408","Core Hybrid","EUR","2,500.00"
"10.1016/j.matlet.2024.136438","Core Hybrid","EUR","2,500.00"
"10.1016/j.matlet.2024.136495","Core Hybrid","EUR","2,500.00"
"10.1016/j.matlet.2024.136973","Core Hybrid","EUR","2,500.00"
"10.1016/j.matlet.2024.137456","Core Hybrid","EUR","2,500.00"
"10.1016/j.matlet.2024.137474","Core Hybrid","EUR","2,500.00"
"10.1016/j.matlet.2024.137529","Core Hybrid","EUR","2,500.00"
"10.1016/j.matlet.2024.137672","Core Hybrid","EUR","2,500.00"
"10.1016/j.matlet.2024.137722","Core Hybrid","EUR","2,500.00"
"10.1016/j.matlet.2024.137776","Core Hybrid","EUR","2,500.00"
"10.1016/j.matpur.2024.01.001","Core Hybrid","EUR","2,500.00"
"10.1016/j.matpur.2024.02.004","Core Hybrid","EUR","2,500.00"
"10.1016/j.matpur.2024.02.005","Core Hybrid","EUR","2,500.00"
"10.1016/j.matpur.2024.04.002","Core Hybrid","EUR","2,500.00"
"10.1016/j.matpur.2024.04.003","Core Hybrid","EUR","2,500.00"
"10.1016/j.matpur.2024.05.001","Core Hybrid","EUR","2,500.00"
"10.1016/j.matpur.2024.103598","Core Hybrid","EUR","2,500.00"
"10.1016/j.matpur.2024.103600","Core Hybrid","EUR","2,500.00"
"10.1016/j.matpur.2024.103631","Core Hybrid","EUR","2,500.00"
"10.1016/j.matt.2024.02.004","CP/TL Hybrid","EUR","6,450.00"
"10.1016/j.matt.2024.04.024","CP/TL Hybrid","EUR","6,450.00"
"10.1016/j.matt.2024.06.006","CP/TL Hybrid","EUR","6,450.00"
"10.1016/j.mattod.2024.01.012","Core Hybrid","EUR","2,500.00"
"10.1016/j.mattod.2024.11.015","Core Hybrid","EUR","2,500.00"
"10.1016/j.maturitas.2024.107961","Core Hybrid","EUR","2,500.00"
"10.1016/j.maturitas.2024.107998","Core Hybrid","EUR","2,500.00"
"10.1016/j.mayocp.2024.02.006","Core Hybrid","EUR","2,500.00"
"10.1016/j.mbplus.2024.100163","Core Gold","EUR","1,616.00"
"10.1016/j.mbs.2024.109263","Core Hybrid","EUR","2,500.00"
"10.1016/j.mbs.2024.109287","Core Hybrid","EUR","2,500.00"
"10.1016/j.mbs.2024.109369","Core Hybrid","EUR","2,500.00"
"10.1016/j.mcat.2024.114453","Core Hybrid","EUR","2,500.00"
"10.1016/j.mcat.2024.114615","Core Hybrid","EUR","2,500.00"
"10.1016/j.mcat.2024.114718","Core Hybrid","EUR","2,500.00"
"10.1016/j.mce.2024.112317","Core Hybrid","EUR","2,500.00"
"10.1016/j.mce.2024.112385","Core Hybrid","EUR","2,500.00"
"10.1016/j.mcp.2024.101954","Core Gold","EUR","1,688.00"
"10.1016/j.mcp.2024.101986","Core Gold","EUR","1,920.00"
"10.1016/j.measen.2024.101162","Core Gold","EUR","1,280.00"
"10.1016/j.measen.2024.101404","Core Gold","EUR","1,312.00"
"10.1016/j.measurement.2024.114133","Core Hybrid","EUR","2,500.00"
"10.1016/j.measurement.2024.114187","Core Hybrid","EUR","2,500.00"
"10.1016/j.measurement.2024.114508","Core Hybrid","EUR","2,500.00"
"10.1016/j.measurement.2024.114682","Core Hybrid","EUR","2,500.00"
"10.1016/j.measurement.2024.114909","Core Hybrid","EUR","2,500.00"
"10.1016/j.measurement.2024.114943","Core Hybrid","EUR","2,500.00"
"10.1016/j.measurement.2024.115075","Core Hybrid","EUR","2,500.00"
"10.1016/j.measurement.2024.115132","Core Hybrid","EUR","2,500.00"
"10.1016/j.measurement.2024.115395","Core Hybrid","EUR","2,500.00"
"10.1016/j.measurement.2024.115447","Core Hybrid","EUR","2,500.00"
"10.1016/j.measurement.2024.115592","Core Hybrid","EUR","2,500.00"
"10.1016/j.measurement.2024.115894","Core Hybrid","EUR","2,500.00"
"10.1016/j.measurement.2024.115896","Core Hybrid","EUR","2,500.00"
"10.1016/j.measurement.2024.115905","Core Hybrid","EUR","2,500.00"
"10.1016/j.measurement.2024.116310","Core Hybrid","EUR","2,500.00"
"10.1016/j.measurement.2024.116460","Core Hybrid","EUR","2,500.00"
"10.1016/j.meatsci.2024.109497","Core Hybrid","EUR","2,500.00"
"10.1016/j.meatsci.2024.109597","Core Hybrid","EUR","2,500.00"
"10.1016/j.mec.2024.e00235","Core Gold","EUR","2,480.00"
"10.1016/j.mec.2024.e00241","Core Gold","EUR","2,480.00"
"10.1016/j.mec.2024.e00245","Core Gold","EUR","2,480.00"
"10.1016/j.mec.2024.e00252","Core Gold","EUR","2,480.00"
"10.1016/j.mechatronics.2024.103190","Core Hybrid","EUR","2,500.00"
"10.1016/j.mechatronics.2024.103194","Core Hybrid","EUR","2,500.00"
"10.1016/j.mechatronics.2024.103265","Core Hybrid","EUR","2,500.00"
"10.1016/j.mechmachtheory.2024.105573","Core Hybrid","EUR","2,500.00"
"10.1016/j.mechmachtheory.2024.105734","Core Hybrid","EUR","2,500.00"
"10.1016/j.mechmachtheory.2024.105812","Core Hybrid","EUR","2,500.00"
"10.1016/j.mechmachtheory.2024.105822","Core Hybrid","EUR","2,500.00"
"10.1016/j.mechmat.2024.104926","Core Hybrid","EUR","2,500.00"
"10.1016/j.mechmat.2024.105044","Core Hybrid","EUR","2,500.00"
"10.1016/j.mechmat.2024.105100","Core Hybrid","EUR","2,500.00"
"10.1016/j.mechmat.2024.105114","Core Hybrid","EUR","2,500.00"
"10.1016/j.mechmat.2024.105144","Core Hybrid","EUR","2,500.00"
"10.1016/j.mechrescom.2024.104278","Core Hybrid","EUR","2,500.00"
"10.1016/j.mechrescom.2024.104322","Core Hybrid","EUR","2,500.00"
"10.1016/j.mechrescom.2024.104347","Core Hybrid","EUR","2,500.00"
"10.1016/j.medcli.2024.07.008","Core Hybrid","EUR","2,500.00"
"10.1016/j.medengphy.2024.104266","Core Hybrid","EUR","2,500.00"
"10.1016/j.media.2024.103093","Core Hybrid","EUR","2,500.00"
"10.1016/j.media.2024.103100","Core Hybrid","EUR","2,500.00"
"10.1016/j.media.2024.103126","Core Hybrid","EUR","2,500.00"
"10.1016/j.media.2024.103143","Core Hybrid","EUR","2,500.00"
"10.1016/j.media.2024.103149","Core Hybrid","EUR","2,500.00"
"10.1016/j.media.2024.103155","Core Hybrid","EUR","2,500.00"
"10.1016/j.media.2024.103227","Core Hybrid","EUR","2,500.00"
"10.1016/j.media.2024.103335","Core Hybrid","EUR","2,500.00"
"10.1016/j.media.2024.103392","Core Hybrid","EUR","2,500.00"
"10.1016/j.medine.2024.05.001","Core Hybrid","EUR","2,500.00"
"10.1016/j.medj.2023.12.007","CP/TL Hybrid","EUR","4,837.50"
"10.1016/j.medj.2024.02.010","CP/TL Hybrid","EUR","4,837.50"
"10.1016/j.medj.2024.03.002","CP/TL Hybrid","EUR","4,837.50"
"10.1016/j.medj.2024.04.010","CP/TL Hybrid","EUR","4,837.50"
"10.1016/j.medj.2024.09.004","CP/TL Hybrid","EUR","4,837.50"
"10.1016/j.medj.2024.10.006","CP/TL Hybrid","EUR","4,837.50"
"10.1016/j.medj.2024.11.001","CP/TL Hybrid","EUR","4,837.50"
"10.1016/j.mee.2024.112168","Core Hybrid","EUR","2,500.00"
"10.1016/j.meegid.2024.105577","Core Gold","EUR","1,640.00"
"10.1016/j.meegid.2024.105587","Core Gold","EUR","1,720.00"
"10.1016/j.meegid.2024.105626","Core Gold","EUR","1,720.00"
"10.1016/j.meegid.2024.105641","Core Gold","EUR","1,720.00"
"10.1016/j.meegid.2024.105697","Core Gold","EUR","1,872.00"
"10.1016/j.memlet.2024.100078","Core Gold","EUR",595.00
"10.1016/j.memsci.2023.122270","Core Hybrid","EUR","2,500.00"
"10.1016/j.memsci.2024.122519","Core Hybrid","EUR","2,500.00"
"10.1016/j.memsci.2024.122565","Core Hybrid","EUR","2,500.00"
"10.1016/j.memsci.2024.122677","Core Hybrid","EUR","2,500.00"
"10.1016/j.memsci.2024.122753","Core Hybrid","EUR","2,500.00"
"10.1016/j.memsci.2024.122754","Core Hybrid","EUR","2,500.00"
"10.1016/j.memsci.2024.122845","Core Hybrid","EUR","2,500.00"
"10.1016/j.memsci.2024.122988","Core Hybrid","EUR","2,500.00"
"10.1016/j.memsci.2024.123021","Core Hybrid","EUR","2,500.00"
"10.1016/j.memsci.2024.123084","Core Hybrid","EUR","2,500.00"
"10.1016/j.memsci.2024.123147","Core Hybrid","EUR","2,500.00"
"10.1016/j.memsci.2024.123174","Core Hybrid","EUR","2,500.00"
"10.1016/j.memsci.2024.123219","Core Hybrid","EUR","2,500.00"
"10.1016/j.memsci.2024.123248","Core Hybrid","EUR","2,500.00"
"10.1016/j.memsci.2024.123371","Core Hybrid","EUR","2,500.00"
"10.1016/j.memsci.2024.123408","Core Hybrid","EUR","2,500.00"
"10.1016/j.memsci.2024.123555","Core Hybrid","EUR","2,500.00"
"10.1016/j.memsci.2024.123560","Core Hybrid","EUR","2,500.00"
"10.1016/j.metabol.2024.155937","Core Hybrid","EUR","2,500.00"
"10.1016/j.metabol.2024.155973","Core Hybrid","EUR","2,500.00"
"10.1016/j.metabol.2024.155983","Core Hybrid","EUR","2,500.00"
"10.1016/j.metabol.2024.156015","Core Hybrid","EUR","2,500.00"
"10.1016/j.metabol.2024.156034","Core Hybrid","EUR","2,500.00"
"10.1016/j.metabol.2024.156053","Core Hybrid","EUR","2,500.00"
"10.1016/j.metabol.2024.156062","Core Hybrid","EUR","2,500.00"
"10.1016/j.metip.2024.100154","Core Gold","EUR","1,040.00"
"10.1016/j.mex.2024.102564","Core Gold","EUR",616.00
"10.1016/j.mex.2024.102596","Core Gold","EUR",616.00
"10.1016/j.mex.2024.102662","Core Gold","EUR",384.00
"10.1016/j.mex.2024.102679","Core Gold","EUR",616.00
"10.1016/j.mex.2024.102795","Core Gold","EUR",616.00
"10.1016/j.mex.2024.102825","Core Gold","EUR",616.00
"10.1016/j.mex.2024.102827","Core Gold","EUR",624.00
"10.1016/j.mex.2024.102868","Core Gold","EUR",624.00
"10.1016/j.mex.2024.102934","Core Gold","EUR",616.00
"10.1016/j.mex.2024.103006","Core Gold","EUR",720.00
"10.1016/j.mex.2024.103058","Core Gold","EUR",720.00
"10.1016/j.mex.2024.103109","Core Gold","EUR",720.00
"10.1016/j.mfglet.2023.09.006","Core Hybrid","EUR","2,500.00"
"10.1016/j.mfglet.2024.01.005","Core Hybrid","EUR","2,500.00"
"10.1016/j.mfglet.2024.03.007","Core Hybrid","EUR","2,500.00"
"10.1016/j.mfglet.2024.03.010","Core Hybrid","EUR","2,500.00"
"10.1016/j.mfglet.2024.03.018","Core Hybrid","EUR","2,500.00"
"10.1016/j.mfglet.2024.03.021","Core Hybrid","EUR","2,500.00"
"10.1016/j.mfglet.2024.06.001","Core Hybrid","EUR","2,500.00"
"10.1016/j.mhp.2024.200359","Core Hybrid","EUR","2,500.00"
"10.1016/j.mhp.2024.200381","Core Hybrid","EUR","2,500.00"
"10.1016/j.mhpa.2024.100579","Core Hybrid","EUR","2,500.00"
"10.1016/j.mhpa.2024.100600","Core Hybrid","EUR","2,500.00"
"10.1016/j.mhpa.2024.100622","Core Hybrid","EUR","2,500.00"
"10.1016/j.mhpa.2024.100645","Core Hybrid","EUR","2,500.00"
"10.1016/j.mib.2023.102417","Core Hybrid","EUR","2,500.00"
"10.1016/j.mib.2024.102434","Core Hybrid","EUR","2,500.00"
"10.1016/j.mib.2024.102437","Core Hybrid","EUR","2,500.00"
"10.1016/j.mib.2024.102453","Core Hybrid","EUR","2,500.00"
"10.1016/j.mib.2024.102455","Core Hybrid","EUR","2,500.00"
"10.1016/j.mib.2024.102466","Core Hybrid","EUR","2,500.00"
"10.1016/j.mib.2024.102470","Core Hybrid","EUR","2,500.00"
"10.1016/j.mib.2024.102474","Core Hybrid","EUR","2,500.00"
"10.1016/j.mib.2024.102475","Core Hybrid","EUR","2,500.00"
"10.1016/j.mib.2024.102478","Core Hybrid","EUR","2,500.00"
"10.1016/j.mib.2024.102483","Core Hybrid","EUR","2,500.00"
"10.1016/j.mib.2024.102561","Core Hybrid","EUR","2,500.00"
"10.1016/j.micinf.2024.105306","Core Hybrid","EUR","2,500.00"
"10.1016/j.micinf.2024.105320","Core Hybrid","EUR","2,500.00"
"10.1016/j.micinf.2024.105382","Core Hybrid","EUR","2,500.00"
"10.1016/j.micinf.2024.105403","Core Hybrid","EUR","2,500.00"
"10.1016/j.micinf.2024.105412","Core Hybrid","EUR","2,500.00"
"10.1016/j.micpath.2024.106642","Core Hybrid","EUR","2,500.00"
"10.1016/j.micpath.2024.107252","Core Hybrid","EUR","2,500.00"
"10.1016/j.micpro.2024.105058","Core Hybrid","EUR","2,500.00"
"10.1016/j.micpro.2024.105074","Core Hybrid","EUR","2,500.00"
"10.1016/j.micpro.2024.105121","Core Hybrid","EUR","2,500.00"
"10.1016/j.micres.2024.127600","Core Hybrid","EUR","2,500.00"
"10.1016/j.micres.2024.127680","Core Hybrid","EUR","2,500.00"
"10.1016/j.micres.2024.127691","Core Hybrid","EUR","2,500.00"
"10.1016/j.micres.2024.127913","Core Hybrid","EUR","2,500.00"
"10.1016/j.microc.2024.110263","Core Hybrid","EUR","2,500.00"
"10.1016/j.microc.2024.110360","Core Hybrid","EUR","2,500.00"
"10.1016/j.microc.2024.110506","Core Hybrid","EUR","2,500.00"
"10.1016/j.microc.2024.110859","Core Hybrid","EUR","2,500.00"
"10.1016/j.microc.2024.111511","Core Hybrid","EUR","2,500.00"
"10.1016/j.microc.2024.111782","Core Hybrid","EUR","2,500.00"
"10.1016/j.microc.2024.111875","Core Hybrid","EUR","2,500.00"
"10.1016/j.microc.2024.112091","Core Hybrid","EUR","2,500.00"
"10.1016/j.microc.2024.112116","Core Hybrid","EUR","2,500.00"
"10.1016/j.microc.2024.112256","Core Hybrid","EUR","2,500.00"
"10.1016/j.microc.2024.112301","Core Hybrid","EUR","2,500.00"
"10.1016/j.micromeso.2023.112891","Core Hybrid","EUR","2,500.00"
"10.1016/j.micromeso.2024.113181","Core Hybrid","EUR","2,500.00"
"10.1016/j.micromeso.2024.113247","Core Hybrid","EUR","2,500.00"
"10.1016/j.micromeso.2024.113352","Core Hybrid","EUR","2,500.00"
"10.1016/j.micromeso.2024.113353","Core Hybrid","EUR","2,500.00"
"10.1016/j.micromeso.2024.113408","Core Hybrid","EUR","2,500.00"
"10.1016/j.micron.2024.103666","Core Hybrid","EUR","2,500.00"
"10.1016/j.micron.2024.103677","Core Hybrid","EUR","2,500.00"
"10.1016/j.micron.2024.103688","Core Hybrid","EUR","2,500.00"
"10.1016/j.micron.2024.103703","Core Hybrid","EUR","2,500.00"
"10.1016/j.micron.2024.103708","Core Hybrid","EUR","2,500.00"
"10.1016/j.micron.2024.103745","Core Hybrid","EUR","2,500.00"
"10.1016/j.microrel.2024.115337","Core Hybrid","EUR","2,500.00"
"10.1016/j.microrel.2024.115348","Core Hybrid","EUR","2,500.00"
"10.1016/j.microrel.2024.115403","Core Hybrid","EUR","2,500.00"
"10.1016/j.midw.2024.103990","Core Hybrid","EUR","2,500.00"
"10.1016/j.midw.2024.104064","Core Hybrid","EUR","2,500.00"
"10.1016/j.midw.2024.104255","Core Hybrid","EUR","2,500.00"
"10.1016/j.mimet.2024.106924","Core Hybrid","EUR","2,500.00"
"10.1016/j.mimet.2024.106973","Core Hybrid","EUR","2,500.00"
"10.1016/j.mimet.2024.106974","Core Hybrid","EUR","2,500.00"
"10.1016/j.mimet.2024.106988","Core Hybrid","EUR","2,500.00"
"10.1016/j.mimet.2024.107002","Core Hybrid","EUR","2,500.00"
"10.1016/j.mineng.2024.108643","Core Hybrid","EUR","2,500.00"
"10.1016/j.mineng.2024.108699","Core Hybrid","EUR","2,500.00"
"10.1016/j.mineng.2024.108785","Core Hybrid","EUR","2,500.00"
"10.1016/j.mineng.2024.108827","Core Hybrid","EUR","2,500.00"
"10.1016/j.mineng.2024.108877","Core Hybrid","EUR","2,500.00"
"10.1016/j.mineng.2024.108879","Core Hybrid","EUR","2,500.00"
"10.1016/j.mineng.2024.108918","Core Hybrid","EUR","2,500.00"
"10.1016/j.mineng.2024.108952","Core Hybrid","EUR","2,500.00"
"10.1016/j.mito.2024.101968","Core Hybrid","EUR","2,500.00"
"10.1016/j.mlwa.2024.100544","Core Gold","EUR","1,005.00"
"10.1016/j.mlwa.2024.100558","Core Gold","EUR","1,005.00"
"10.1016/j.mlwa.2024.100609","Core Gold","EUR","1,005.00"
"10.1016/j.mmcr.2024.100636","Core Gold","EUR",472.00
"10.1016/j.mne.2024.100283","Core Gold","EUR","1,280.00"
"10.1016/j.mne.2024.100285","Core Gold","EUR","1,296.00"
"10.1016/j.modpat.2024.100442","Core Hybrid","EUR","2,500.00"
"10.1016/j.modpat.2024.100496","Core Hybrid","EUR","2,500.00"
"10.1016/j.modpat.2024.100511","Core Hybrid","EUR","2,500.00"
"10.1016/j.modpat.2024.100519","Core Hybrid","EUR","2,500.00"
"10.1016/j.modpat.2024.100559","Core Hybrid","EUR","2,500.00"
"10.1016/j.modpat.2024.100564","Core Hybrid","EUR","2,500.00"
"10.1016/j.modpat.2024.100588","Core Hybrid","EUR","2,500.00"
"10.1016/j.modpat.2024.100595","Core Hybrid","EUR","2,500.00"
"10.1016/j.modpat.2024.100625","Core Hybrid","EUR","2,500.00"
"10.1016/j.molcel.2023.10.026","CP/TL Hybrid","EUR","6,450.00"
"10.1016/j.molcel.2023.12.023","CP/TL Hybrid","EUR","6,450.00"
"10.1016/j.molcel.2023.12.032","CP/TL Hybrid","EUR","6,450.00"
"10.1016/j.molcel.2024.01.022","CP/TL Hybrid","EUR","6,450.00"
"10.1016/j.molcel.2024.02.003","CP/TL Hybrid","EUR","6,450.00"
"10.1016/j.molcel.2024.02.029","CP/TL Hybrid","EUR","6,450.00"
"10.1016/j.molcel.2024.02.038","CP/TL Hybrid","EUR","6,450.00"
"10.1016/j.molcel.2024.03.016","CP/TL Hybrid","EUR","6,450.00"
"10.1016/j.molcel.2024.03.022","CP/TL Hybrid","EUR","6,450.00"
"10.1016/j.molcel.2024.04.007","CP/TL Hybrid","EUR","6,450.00"
"10.1016/j.molcel.2024.04.014","CP/TL Hybrid","EUR","6,450.00"
"10.1016/j.molcel.2024.04.018","CP/TL Hybrid","EUR","6,450.00"
"10.1016/j.molcel.2024.05.003","CP/TL Hybrid","EUR","6,450.00"
"10.1016/j.molcel.2024.05.007","CP/TL Hybrid","EUR","6,450.00"
"10.1016/j.molcel.2024.05.009","CP/TL Hybrid","EUR","6,450.00"
"10.1016/j.molcel.2024.06.003","CP/TL Hybrid","EUR","6,450.00"
"10.1016/j.molcel.2024.07.022","CP/TL Hybrid","EUR","6,450.00"
"10.1016/j.molcel.2024.08.022","CP/TL Hybrid","EUR","6,450.00"
"10.1016/j.molcel.2024.08.025","CP/TL Hybrid","EUR","6,450.00"
"10.1016/j.molcel.2024.08.028","CP/TL Hybrid","EUR","6,450.00"
"10.1016/j.molcel.2024.10.005","CP/TL Hybrid","EUR","6,450.00"
"10.1016/j.molcel.2024.10.008","CP/TL Hybrid","EUR","6,450.00"
"10.1016/j.molcel.2024.10.027","CP/TL Hybrid","EUR","6,450.00"
"10.1016/j.molcel.2024.10.028","CP/TL Hybrid","EUR","6,450.00"
"10.1016/j.molcel.2024.11.002","CP/TL Hybrid","EUR","6,450.00"
"10.1016/j.molimm.2024.07.008","Core Hybrid","EUR","2,500.00"
"10.1016/j.molimm.2024.09.007","Core Hybrid","EUR","2,500.00"
"10.1016/j.molliq.2023.123850","Core Hybrid","EUR","2,500.00"
"10.1016/j.molliq.2024.124029","Core Hybrid","EUR","2,500.00"
"10.1016/j.molliq.2024.124202","Core Hybrid","EUR","2,500.00"
"10.1016/j.molliq.2024.124947","Core Hybrid","EUR","2,500.00"
"10.1016/j.molliq.2024.126174","Core Hybrid","EUR","2,500.00"
"10.1016/j.molmed.2024.03.010","CP/TL Hybrid","EUR","6,450.00"
"10.1016/j.molmed.2024.04.012","CP/TL Hybrid","EUR","6,450.00"
"10.1016/j.molmed.2024.04.013","CP/TL Hybrid","EUR","6,450.00"
"10.1016/j.molmed.2024.05.010","CP/TL Hybrid","EUR","6,450.00"
"10.1016/j.molmed.2024.06.007","CP/TL Hybrid","EUR","6,450.00"
"10.1016/j.molmed.2024.06.009","CP/TL Hybrid","EUR","6,450.00"
"10.1016/j.molmed.2024.09.009","CP/TL Hybrid","EUR","6,450.00"
"10.1016/j.molmed.2024.10.004","CP/TL Hybrid","EUR","6,450.00"
"10.1016/j.molmet.2023.101860","Core Gold","EUR","2,784.00"
"10.1016/j.molmet.2024.101902","Core Gold","EUR","2,784.00"
"10.1016/j.molmet.2024.101905","Core Gold","EUR","2,648.00"
"10.1016/j.molmet.2024.101915","Core Gold","EUR","2,784.00"
"10.1016/j.molmet.2024.101956","Core Gold","EUR","2,784.00"
"10.1016/j.molmet.2024.101963","Core Gold","EUR","2,784.00"
"10.1016/j.molmet.2024.101981","Core Gold","EUR","2,824.00"
"10.1016/j.molmet.2024.101988","Core Gold","EUR","2,784.00"
"10.1016/j.molmet.2024.101991","Core Gold","EUR","2,784.00"
"10.1016/j.molmet.2024.101992","Core Gold","EUR","2,824.00"
"10.1016/j.molmet.2024.101994","Core Gold","EUR","2,824.00"
"10.1016/j.molmet.2024.101999","Core Gold","EUR","2,824.00"
"10.1016/j.molmet.2024.102014","Core Gold","EUR","2,824.00"
"10.1016/j.molmet.2024.102033","Core Gold","EUR","2,824.00"
"10.1016/j.molmet.2024.102055","Core Gold","EUR","2,936.00"
"10.1016/j.molmet.2024.102067","Core Gold","EUR","3,032.00"
"10.1016/j.molp.2024.03.013","CP/TL Hybrid","EUR","6,450.00"
"10.1016/j.molp.2024.06.013","CP/TL Hybrid","EUR","6,450.00"
"10.1016/j.molp.2024.07.006","CP/TL Hybrid","EUR","6,450.00"
"10.1016/j.molstruc.2024.138079","Core Hybrid","EUR","2,500.00"
"10.1016/j.molstruc.2024.138198","Core Hybrid","EUR","2,500.00"
"10.1016/j.mran.2024.100309","Core Hybrid","EUR","2,500.00"
"10.1016/j.mran.2024.100340","Core Hybrid","EUR","2,500.00"
"10.1016/j.mrfmmm.2024.111855","Core Hybrid","EUR","2,500.00"
"10.1016/j.mrgentox.2024.503836","Core Hybrid","EUR","2,500.00"
"10.1016/j.mrgentox.2024.503839","Core Hybrid","EUR","2,500.00"
"10.1016/j.mri.2023.12.011","Core Hybrid","EUR","2,500.00"
"10.1016/j.mri.2024.01.005","Core Hybrid","EUR","2,500.00"
"10.1016/j.mri.2024.01.019","Core Hybrid","EUR","2,500.00"
"10.1016/j.mri.2024.04.009","Core Hybrid","EUR","2,500.00"
"10.1016/j.mri.2024.04.018","Core Hybrid","EUR","2,500.00"
"10.1016/j.mri.2024.04.020","Core Hybrid","EUR","2,500.00"
"10.1016/j.mri.2024.110220","Core Hybrid","EUR","2,500.00"
"10.1016/j.mri.2024.110247","Core Hybrid","EUR","2,500.00"
"10.1016/j.msard.2024.105644","Core Hybrid","EUR","2,500.00"
"10.1016/j.msard.2024.105664","Core Hybrid","EUR","2,500.00"
"10.1016/j.msard.2024.105704","Core Hybrid","EUR","2,500.00"
"10.1016/j.msard.2024.105721","Core Hybrid","EUR","2,500.00"
"10.1016/j.msard.2024.105728","Core Hybrid","EUR","2,500.00"
"10.1016/j.msard.2024.105729","Core Hybrid","EUR","2,500.00"
"10.1016/j.msard.2024.105749","Core Hybrid","EUR","2,500.00"
"10.1016/j.msard.2024.105774","Core Hybrid","EUR","2,500.00"
"10.1016/j.msard.2024.105812","Core Hybrid","EUR","2,500.00"
"10.1016/j.msard.2024.105832","Core Hybrid","EUR","2,500.00"
"10.1016/j.msard.2024.105886","Core Hybrid","EUR","2,500.00"
"10.1016/j.msard.2024.105906","Core Hybrid","EUR","2,500.00"
"10.1016/j.msard.2024.106247","Core Hybrid","EUR","2,500.00"
"10.1016/j.msea.2024.146070","Core Hybrid","EUR","2,500.00"
"10.1016/j.msea.2024.146403","Core Hybrid","EUR","2,500.00"
"10.1016/j.msea.2024.146556","Core Hybrid","EUR","2,500.00"
"10.1016/j.msea.2024.146646","Core Hybrid","EUR","2,500.00"
"10.1016/j.msea.2024.146690","Core Hybrid","EUR","2,500.00"
"10.1016/j.msea.2024.146720","Core Hybrid","EUR","2,500.00"
"10.1016/j.msea.2024.146758","Core Hybrid","EUR","2,500.00"
"10.1016/j.msea.2024.146771","Core Hybrid","EUR","2,500.00"
"10.1016/j.msea.2024.146779","Core Hybrid","EUR","2,500.00"
"10.1016/j.msea.2024.146780","Core Hybrid","EUR","2,500.00"
"10.1016/j.msea.2024.146851","Core Hybrid","EUR","2,500.00"
"10.1016/j.msea.2024.146855","Core Hybrid","EUR","2,500.00"
"10.1016/j.msea.2024.146958","Core Hybrid","EUR","2,500.00"
"10.1016/j.msea.2024.147354","Core Hybrid","EUR","2,500.00"
"10.1016/j.msea.2024.147363","Core Hybrid","EUR","2,500.00"
"10.1016/j.msea.2024.147403","Core Hybrid","EUR","2,500.00"
"10.1016/j.msea.2024.147488","Core Hybrid","EUR","2,500.00"
"10.1016/j.msea.2024.147498","Core Hybrid","EUR","2,500.00"
"10.1016/j.msea.2024.147652","Core Hybrid","EUR","2,500.00"
"10.1016/j.msea.2024.147704","Core Hybrid","EUR","2,500.00"
"10.1016/j.mseb.2024.117683","Core Hybrid","EUR","2,500.00"
"10.1016/j.mseb.2024.117819","Core Hybrid","EUR","2,500.00"
"10.1016/j.mssp.2024.108217","Core Hybrid","EUR","2,500.00"
"10.1016/j.mssp.2024.108297","Core Hybrid","EUR","2,500.00"
"10.1016/j.mssp.2024.108303","Core Hybrid","EUR","2,500.00"
"10.1016/j.mssp.2024.108308","Core Hybrid","EUR","2,500.00"
"10.1016/j.mssp.2024.108515","Core Hybrid","EUR","2,500.00"
"10.1016/j.mssp.2024.108565","Core Hybrid","EUR","2,500.00"
"10.1016/j.mssp.2024.108585","Core Hybrid","EUR","2,500.00"
"10.1016/j.mssp.2024.108924","Core Hybrid","EUR","2,500.00"
"10.1016/j.mtadv.2024.100521","Core Gold","EUR","2,504.00"
"10.1016/j.mtadv.2024.100522","Core Gold","EUR","2,504.00"
"10.1016/j.mtadv.2024.100532","Core Gold","EUR","2,504.00"
"10.1016/j.mtbio.2024.100991","Core Gold","EUR","2,296.00"
"10.1016/j.mtbio.2024.101006","Core Gold","EUR","2,296.00"
"10.1016/j.mtbio.2024.101071","Core Gold","EUR","2,296.00"
"10.1016/j.mtbio.2024.101401","Core Gold","EUR","2,208.00"
"10.1016/j.mtbio.2024.101413","Core Gold","EUR","2,208.00"
"10.1016/j.mtchem.2023.101848","Core Hybrid","EUR","2,500.00"
"10.1016/j.mtchem.2024.102155","Core Hybrid","EUR","2,500.00"
"10.1016/j.mtchem.2024.102238","Core Hybrid","EUR","2,500.00"
"10.1016/j.mtcomm.2024.108088","Core Hybrid","EUR","2,500.00"
"10.1016/j.mtcomm.2024.108317","Core Hybrid","EUR","2,500.00"
"10.1016/j.mtcomm.2024.108510","Core Hybrid","EUR","2,500.00"
"10.1016/j.mtcomm.2024.108579","Core Hybrid","EUR","2,500.00"
"10.1016/j.mtcomm.2024.108634","Core Hybrid","EUR","2,500.00"
"10.1016/j.mtcomm.2024.108774","Core Hybrid","EUR","2,500.00"
"10.1016/j.mtcomm.2024.108892","Core Hybrid","EUR","2,500.00"
"10.1016/j.mtcomm.2024.109100","Core Hybrid","EUR","2,500.00"
"10.1016/j.mtcomm.2024.109216","Core Hybrid","EUR","2,500.00"
"10.1016/j.mtcomm.2024.109341","Core Hybrid","EUR","2,500.00"
"10.1016/j.mtcomm.2024.109801","Core Hybrid","EUR","2,500.00"
"10.1016/j.mtcomm.2024.109908","Core Hybrid","EUR","2,500.00"
"10.1016/j.mtcomm.2024.110222","Core Hybrid","EUR","2,500.00"
"10.1016/j.mtcomm.2024.110234","Core Hybrid","EUR","2,500.00"
"10.1016/j.mtcomm.2024.110255","Core Hybrid","EUR","2,500.00"
"10.1016/j.mtcomm.2024.110337","Core Hybrid","EUR","2,500.00"
"10.1016/j.mtcomm.2024.110507","Core Hybrid","EUR","2,500.00"
"10.1016/j.mtcomm.2024.110576","Core Hybrid","EUR","2,500.00"
"10.1016/j.mtcomm.2024.110636","Core Hybrid","EUR","2,500.00"
"10.1016/j.mtcomm.2024.110681","Core Hybrid","EUR","2,500.00"
"10.1016/j.mtcomm.2024.110957","Core Hybrid","EUR","2,500.00"
"10.1016/j.mtcomm.2024.111242","Core Hybrid","EUR","2,500.00"
"10.1016/j.mtener.2024.101521","Core Hybrid","EUR","2,500.00"
"10.1016/j.mtener.2024.101643","Core Hybrid","EUR","2,500.00"
"10.1016/j.mtla.2024.102087","Core Hybrid","EUR","2,500.00"
"10.1016/j.mtla.2024.102148","Core Hybrid","EUR","2,500.00"
"10.1016/j.mtla.2024.102149","Core Hybrid","EUR","2,500.00"
"10.1016/j.mtla.2024.102228","Core Hybrid","EUR","2,500.00"
"10.1016/j.mtla.2024.102254","Core Hybrid","EUR","2,500.00"
"10.1016/j.mtphys.2024.101470","Core Hybrid","EUR","2,500.00"
"10.1016/j.mtphys.2024.101477","Core Hybrid","EUR","2,500.00"
"10.1016/j.mtphys.2024.101560","Core Hybrid","EUR","2,500.00"
"10.1016/j.mtsust.2024.100739","Core Hybrid","EUR","2,500.00"
"10.1016/j.mtsust.2024.100827","Core Hybrid","EUR","2,500.00"
"10.1016/j.mucimm.2024.04.002","Core Gold","EUR","2,776.00"
"10.1016/j.mucimm.2024.05.001","Core Gold","EUR","2,776.00"
"10.1016/j.mucimm.2024.05.002","Core Gold","EUR","2,776.00"
"10.1016/j.mucimm.2024.09.003","Core Gold","EUR","2,776.00"
"10.1016/j.mucimm.2024.11.001","Core Gold","EUR","2,776.00"
"10.1016/j.mucimm.2024.11.005","Core Gold","EUR","2,776.00"
"10.1016/j.multra.2023.100118","Core Gold","EUR","1,096.00"
"10.1016/j.mvr.2024.104735","Core Hybrid","EUR","2,500.00"
"10.1016/j.mvr.2024.104746","Core Hybrid","EUR","2,500.00"
"10.1016/j.na.2023.113475","Core Hybrid","EUR","2,500.00"
"10.1016/j.na.2024.113502","Core Hybrid","EUR","2,500.00"
"10.1016/j.na.2024.113610","Core Hybrid","EUR","2,500.00"
"10.1016/j.na.2024.113641","Core Hybrid","EUR","2,500.00"
"10.1016/j.na.2024.113642","Core Hybrid","EUR","2,500.00"
"10.1016/j.na.2024.113687","Core Hybrid","EUR","2,500.00"
"10.1016/j.na.2024.113690","Core Hybrid","EUR","2,500.00"
"10.1016/j.na.2024.113694","Core Hybrid","EUR","2,500.00"
"10.1016/j.na.2024.113715","Core Hybrid","EUR","2,500.00"
"10.1016/j.nahs.2024.101467","Core Hybrid","EUR","2,500.00"
"10.1016/j.nahs.2024.101469","Core Hybrid","EUR","2,500.00"
"10.1016/j.nahs.2024.101485","Core Hybrid","EUR","2,500.00"
"10.1016/j.nahs.2024.101494","Core Hybrid","EUR","2,500.00"
"10.1016/j.nahs.2024.101499","Core Hybrid","EUR","2,500.00"
"10.1016/j.nahs.2024.101518","Core Hybrid","EUR","2,500.00"
"10.1016/j.najef.2024.102307","Core Hybrid","EUR","2,500.00"
"10.1016/j.najef.2024.102309","Core Hybrid","EUR","2,500.00"
"10.1016/j.nancom.2024.100499","Core Hybrid","EUR","2,500.00"
"10.1016/j.nano.2023.102731","Core Hybrid","EUR","2,500.00"
"10.1016/j.nano.2024.102751","Core Hybrid","EUR","2,500.00"
"10.1016/j.nanoen.2024.109362","Core Hybrid","EUR","2,500.00"
"10.1016/j.nanoen.2024.109398","Core Hybrid","EUR","2,500.00"
"10.1016/j.nanoen.2024.109555","Core Hybrid","EUR","2,500.00"
"10.1016/j.nanoen.2024.109836","Core Hybrid","EUR","2,500.00"
"10.1016/j.nanoen.2024.109968","Core Hybrid","EUR","2,500.00"
"10.1016/j.nanoen.2024.110046","Core Hybrid","EUR","2,500.00"
"10.1016/j.nanoen.2024.110167","Core Hybrid","EUR","2,500.00"
"10.1016/j.nanoen.2024.110360","Core Hybrid","EUR","2,500.00"
"10.1016/j.nanoen.2024.110439","Core Hybrid","EUR","2,500.00"
"10.1016/j.nanoso.2024.101246","Core Hybrid","EUR","2,500.00"
"10.1016/j.nantod.2024.102384","Core Hybrid","EUR","2,500.00"
"10.1016/j.nantod.2024.102575","Core Hybrid","EUR","2,500.00"
"10.1016/j.nbas.2024.100132","Core Gold","EUR",910.00
"10.1016/j.nbd.2024.106453","Core Gold","EUR","2,456.00"
"10.1016/j.nbd.2024.106454","Core Gold","EUR","2,456.00"
"10.1016/j.nbd.2024.106462","Core Gold","EUR","2,456.00"
"10.1016/j.nbd.2024.106474","Core Gold","EUR","2,456.00"
"10.1016/j.nbd.2024.106529","Core Gold","EUR","2,456.00"
"10.1016/j.nbd.2024.106574","Core Gold","EUR","2,504.00"
"10.1016/j.nbd.2024.106600","Core Gold","EUR","2,504.00"
"10.1016/j.nbd.2024.106607","Core Gold","EUR","2,504.00"
"10.1016/j.nbd.2024.106668","Core Gold","EUR","2,504.00"
"10.1016/j.nbd.2024.106671","Core Gold","EUR","2,504.00"
"10.1016/j.nbd.2024.106682","Core Gold","EUR","2,282.00"
"10.1016/j.nbd.2024.106756","Core Gold","EUR","2,191.00"
"10.1016/j.nbd.2024.106773","Core Gold","EUR","2,608.00"
"10.1016/j.nbd.2024.106777","Core Gold","EUR","2,608.00"
"10.1016/j.nbd.2024.106783","Core Gold","EUR","2,696.00"
"10.1016/j.nbt.2024.05.003","Core Gold","EUR","2,320.00"
"10.1016/j.nbt.2024.08.502","Core Gold","EUR","2,320.00"
"10.1016/j.nbt.2024.08.505","Core Gold","EUR","2,360.00"
"10.1016/j.nbt.2024.09.008","Core Gold","EUR","2,360.00"
"10.1016/j.nbt.2024.11.006","Core Gold","EUR","2,360.00"
"10.1016/j.ndteint.2023.102993","Core Hybrid","EUR","2,500.00"
"10.1016/j.ndteint.2023.103035","Core Hybrid","EUR","2,500.00"
"10.1016/j.ndteint.2024.103063","Core Hybrid","EUR","2,500.00"
"10.1016/j.ndteint.2024.103067","Core Hybrid","EUR","2,500.00"
"10.1016/j.ndteint.2024.103160","Core Hybrid","EUR","2,500.00"
"10.1016/j.ndteint.2024.103166","Core Hybrid","EUR","2,500.00"
"10.1016/j.ndteint.2024.103204","Core Hybrid","EUR","2,500.00"
"10.1016/j.ndteint.2024.103211","Core Hybrid","EUR","2,500.00"
"10.1016/j.ndteint.2024.103233","Core Hybrid","EUR","2,500.00"
"10.1016/j.neo.2023.100955","Core Gold","EUR","2,312.00"
"10.1016/j.neo.2024.100999","Core Gold","EUR","2,632.00"
"10.1016/j.neo.2024.101002","Core Gold","EUR","2,632.00"
"10.1016/j.neo.2024.101038","Core Gold","EUR","2,424.00"
"10.1016/j.neo.2024.101058","Core Gold","EUR","2,424.00"
"10.1016/j.neo.2024.101083","Core Gold","EUR","2,424.00"
"10.1016/j.neo.2024.101086","Core Gold","EUR","2,512.00"
"10.1016/j.nepr.2024.103953","Core Hybrid","EUR","2,500.00"
"10.1016/j.neubiorev.2024.105533","Core Hybrid","EUR","2,500.00"
"10.1016/j.neubiorev.2024.105544","Core Hybrid","EUR","2,500.00"
"10.1016/j.neubiorev.2024.105595","Core Hybrid","EUR","2,500.00"
"10.1016/j.neubiorev.2024.105640","Core Hybrid","EUR","2,500.00"
"10.1016/j.neubiorev.2024.105654","Core Hybrid","EUR","2,500.00"
"10.1016/j.neubiorev.2024.105675","Core Hybrid","EUR","2,500.00"
"10.1016/j.neubiorev.2024.105694","Core Hybrid","EUR","2,500.00"
"10.1016/j.neubiorev.2024.105696","Core Hybrid","EUR","2,500.00"
"10.1016/j.neubiorev.2024.105712","Core Hybrid","EUR","2,500.00"
"10.1016/j.neubiorev.2024.105721","Core Hybrid","EUR","2,500.00"
"10.1016/j.neubiorev.2024.105726","Core Hybrid","EUR","2,500.00"
"10.1016/j.neubiorev.2024.105734","Core Hybrid","EUR","2,500.00"
"10.1016/j.neubiorev.2024.105772","Core Hybrid","EUR","2,500.00"
"10.1016/j.neubiorev.2024.105840","Core Hybrid","EUR","2,500.00"
"10.1016/j.neubiorev.2024.105843","Core Hybrid","EUR","2,500.00"
"10.1016/j.neubiorev.2024.105846","Core Hybrid","EUR","2,500.00"
"10.1016/j.neubiorev.2024.105866","Core Hybrid","EUR","2,500.00"
"10.1016/j.neubiorev.2024.105941","Core Hybrid","EUR","2,500.00"
"10.1016/j.neubiorev.2024.105945","Core Hybrid","EUR","2,500.00"
"10.1016/j.neubiorev.2024.105948","Core Hybrid","EUR","2,500.00"
"10.1016/j.neubiorev.2024.105966","Core Hybrid","EUR","2,500.00"
"10.1016/j.neubiorev.2024.105983","Core Hybrid","EUR","2,500.00"
"10.1016/j.neubiorev.2024.105985","Core Hybrid","EUR","2,500.00"
"10.1016/j.neubiorev.2024.105990","Core Hybrid","EUR","2,500.00"
"10.1016/j.neucli.2024.103022","Core Hybrid","EUR","2,500.00"
"10.1016/j.neucom.2024.127324","Core Hybrid","EUR","2,500.00"
"10.1016/j.neucom.2024.127422","Core Hybrid","EUR","2,500.00"
"10.1016/j.neucom.2024.127961","Core Hybrid","EUR","2,500.00"
"10.1016/j.neucom.2024.127968","Core Hybrid","EUR","2,500.00"
"10.1016/j.neucom.2024.128060","Core Hybrid","EUR","2,500.00"
"10.1016/j.neucom.2024.128100","Core Hybrid","EUR","2,500.00"
"10.1016/j.neucom.2024.128429","Core Hybrid","EUR","2,500.00"
"10.1016/j.neucom.2024.128473","Core Hybrid","EUR","2,500.00"
"10.1016/j.neucom.2024.128938","Core Hybrid","EUR","2,500.00"
"10.1016/j.neucom.2024.129032","Core Hybrid","EUR","2,500.00"
"10.1016/j.neucom.2024.129119","Core Hybrid","EUR","2,500.00"
"10.1016/j.neulet.2024.137751","Core Hybrid","EUR","2,500.00"
"10.1016/j.neulet.2024.137814","Core Hybrid","EUR","2,500.00"
"10.1016/j.neulet.2024.137959","Core Hybrid","EUR","2,500.00"
"10.1016/j.neunet.2024.106179","Core Hybrid","EUR","2,500.00"
"10.1016/j.neunet.2024.106213","Core Hybrid","EUR","2,500.00"
"10.1016/j.neunet.2024.106647","Core Hybrid","EUR","2,500.00"
"10.1016/j.neunet.2024.106770","Core Hybrid","EUR","2,500.00"
"10.1016/j.neunet.2024.106772","Core Hybrid","EUR","2,500.00"
"10.1016/j.neunet.2024.106985","Core Hybrid","EUR","2,500.00"
"10.1016/j.neures.2024.06.001","Core Gold","EUR","1,968.00"
"10.1016/j.neuro.2024.01.001","Core Hybrid","EUR","2,500.00"
"10.1016/j.neurobiolaging.2024.01.012","Core Hybrid","EUR","2,500.00"
"10.1016/j.neurobiolaging.2024.04.001","Core Hybrid","EUR","2,500.00"
"10.1016/j.neurobiolaging.2024.08.002","Core Hybrid","EUR","2,500.00"
"10.1016/j.neurobiolaging.2024.09.012","Core Hybrid","EUR","2,500.00"
"10.1016/j.neurobiolaging.2024.10.001","Core Hybrid","EUR","2,500.00"
"10.1016/j.neuroimage.2024.120507","Core Gold","EUR","2,520.00"
"10.1016/j.neuroimage.2024.120513","Core Gold","EUR","2,520.00"
"10.1016/j.neuroimage.2024.120526","Core Gold","EUR","2,520.00"
"10.1016/j.neuroimage.2024.120539","Core Gold","EUR","2,520.00"
"10.1016/j.neuroimage.2024.120541","Core Gold","EUR","2,520.00"
"10.1016/j.neuroimage.2024.120546","Core Gold","EUR","2,520.00"
"10.1016/j.neuroimage.2024.120563","Core Gold","EUR","2,520.00"
"10.1016/j.neuroimage.2024.120591","Core Gold","EUR","2,520.00"
"10.1016/j.neuroimage.2024.120596","Core Gold","EUR","2,520.00"
"10.1016/j.neuroimage.2024.120619","Core Gold","EUR","2,520.00"
"10.1016/j.neuroimage.2024.120639","Core Gold","EUR","2,520.00"
"10.1016/j.neuroimage.2024.120667","Core Gold","EUR","2,520.00"
"10.1016/j.neuroimage.2024.120687","Core Gold","EUR","2,520.00"
"10.1016/j.neuroimage.2024.120696","Core Gold","EUR","2,520.00"
"10.1016/j.neuroimage.2024.120706","Core Gold","EUR","2,520.00"
"10.1016/j.neuroimage.2024.120730","Core Gold","EUR","2,520.00"
"10.1016/j.neuroimage.2024.120732","Core Gold","EUR","2,520.00"
"10.1016/j.neuroimage.2024.120735","Core Gold","EUR","2,520.00"
"10.1016/j.neuroimage.2024.120747","Core Gold","EUR","2,520.00"
"10.1016/j.neuroimage.2024.120748","Core Gold","EUR","2,520.00"
"10.1016/j.neuroimage.2024.120758","Core Gold","EUR","2,520.00"
"10.1016/j.neuroimage.2024.120770","Core Gold","EUR","2,520.00"
"10.1016/j.neuroimage.2024.120786","Core Gold","EUR","2,520.00"
"10.1016/j.neuroimage.2024.120808","Core Gold","EUR","2,520.00"
"10.1016/j.neuroimage.2024.120828","Core Gold","EUR","2,520.00"
"10.1016/j.neuroimage.2024.120831","Core Gold","EUR","2,520.00"
"10.1016/j.neuroimage.2024.120836","Core Gold","EUR","2,520.00"
"10.1016/j.neuroimage.2024.120838","Core Gold","EUR","2,520.00"
"10.1016/j.neuroimage.2024.120860","Core Gold","EUR","2,520.00"
"10.1016/j.neuroimage.2024.120886","Core Gold","EUR","2,520.00"
"10.1016/j.neuroimage.2024.120891","Core Gold","EUR","2,205.00"
"10.1016/j.neuroimage.2024.120914","Core Gold","EUR","2,520.00"
"10.1016/j.neuroimage.2024.120915","Core Gold","EUR","2,520.00"
"10.1016/j.neuroimage.2024.120927","Core Gold","EUR","2,205.00"
"10.1016/j.neuroimage.2024.120936","Core Gold","EUR","2,520.00"
"10.1016/j.neuroimage.2024.120958","Core Gold","EUR","2,520.00"
"10.1016/j.neuroimage.2024.120965","Core Gold","EUR","2,520.00"
"10.1016/j.neuroimage.2024.120980","Core Gold","EUR","2,520.00"
"10.1016/j.neurol.2024.03.005","Core Hybrid","EUR","2,500.00"
"10.1016/j.neurol.2024.08.005","Core Hybrid","EUR","2,500.00"
"10.1016/j.neurol.2024.08.006","Core Hybrid","EUR","2,500.00"
"10.1016/j.neurom.2023.12.004","Core Hybrid","EUR","2,500.00"
"10.1016/j.neurom.2024.02.001","Core Hybrid","EUR","2,500.00"
"10.1016/j.neurom.2024.08.005","Core Hybrid","EUR","2,500.00"
"10.1016/j.neurom.2024.10.001","Core Hybrid","EUR","2,500.00"
"10.1016/j.neuron.2023.12.016","CP/TL Hybrid","EUR","6,450.00"
"10.1016/j.neuron.2024.01.001","CP/TL Hybrid","EUR","6,450.00"
"10.1016/j.neuron.2024.02.005","CP/TL Hybrid","EUR","6,450.00"
"10.1016/j.neuron.2024.03.013","CP/TL Hybrid","EUR","6,450.00"
"10.1016/j.neuron.2024.04.014","CP/TL Hybrid","EUR","6,450.00"
"10.1016/j.neuron.2024.04.020","CP/TL Hybrid","EUR","6,450.00"
"10.1016/j.neuron.2024.10.006","CP/TL Hybrid","EUR","6,450.00"
"10.1016/j.neuron.2024.10.019","CP/TL Hybrid","EUR","6,450.00"
"10.1016/j.neuropharm.2024.109847","Core Hybrid","EUR","2,500.00"
"10.1016/j.neuropharm.2024.109892","Core Hybrid","EUR","2,500.00"
"10.1016/j.neuropharm.2024.109930","Core Hybrid","EUR","2,500.00"
"10.1016/j.neuropharm.2024.109941","Core Hybrid","EUR","2,500.00"
"10.1016/j.neuropharm.2024.109948","Core Hybrid","EUR","2,500.00"
"10.1016/j.neuropharm.2024.109967","Core Hybrid","EUR","2,500.00"
"10.1016/j.neuropharm.2024.110178","Core Hybrid","EUR","2,500.00"
"10.1016/j.neuropharm.2024.110256","Core Hybrid","EUR","2,500.00"
"10.1016/j.neuropsychologia.2023.108762","Core Hybrid","EUR","2,500.00"
"10.1016/j.neuropsychologia.2023.108782","Core Hybrid","EUR","2,500.00"
"10.1016/j.neuropsychologia.2024.108816","Core Hybrid","EUR","2,500.00"
"10.1016/j.neuropsychologia.2024.108848","Core Hybrid","EUR","2,500.00"
"10.1016/j.neuropsychologia.2024.109009","Core Hybrid","EUR","2,500.00"
"10.1016/j.neuroscience.2024.05.024","Core Hybrid","EUR","2,500.00"
"10.1016/j.neuroscience.2024.09.009","Core Hybrid","EUR","2,500.00"
"10.1016/j.neuroscience.2024.11.010","Core Hybrid","EUR","2,500.00"
"10.1016/j.neurot.2024.e00433","Core Gold","EUR","2,848.00"
"10.1016/j.newar.2024.101696","Core Hybrid","EUR","2,500.00"
"10.1016/j.newast.2024.102289","Core Hybrid","EUR","2,500.00"
"10.1016/j.newideapsych.2023.101059","Core Hybrid","EUR","2,500.00"
"10.1016/j.newideapsych.2024.101077","Core Hybrid","EUR","2,500.00"
"10.1016/j.newideapsych.2024.101092","Core Hybrid","EUR","2,500.00"
"10.1016/j.newideapsych.2024.101105","Core Hybrid","EUR","2,500.00"
"10.1016/j.newideapsych.2024.101109","Core Hybrid","EUR","2,500.00"
"10.1016/j.nfs.2024.100190","Core Gold","EUR","1,096.00"
"10.1016/j.nfs.2024.100206","Core Gold","EUR","2,040.00"
"10.1016/j.nicl.2024.103576","Core Gold","EUR","2,480.00"
"10.1016/j.nicl.2024.103579","Core Gold","EUR","2,480.00"
"10.1016/j.nicl.2024.103588","Core Gold","EUR","2,480.00"
"10.1016/j.nicl.2024.103591","Core Gold","EUR","2,480.00"
"10.1016/j.nicl.2024.103597","Core Gold","EUR","2,480.00"
"10.1016/j.nicl.2024.103598","Core Gold","EUR","2,480.00"
"10.1016/j.nicl.2024.103601","Core Gold","EUR","2,480.00"
"10.1016/j.nicl.2024.103607","Core Gold","EUR","2,480.00"
"10.1016/j.nicl.2024.103611","Core Gold","EUR","2,480.00"
"10.1016/j.nicl.2024.103657","Core Gold","EUR","2,480.00"
"10.1016/j.nicl.2024.103673","Core Gold","EUR","2,480.00"
"10.1016/j.nicl.2024.103677","Core Gold","EUR","2,480.00"
"10.1016/j.nicl.2024.103687","Core Gold","EUR","2,480.00"
"10.1016/j.nicl.2024.103699","Core Gold","EUR","2,480.00"
"10.1016/j.nicl.2024.103712","Core Gold","EUR","2,480.00"
"10.1016/j.nima.2023.168820","Core Hybrid","EUR","2,500.00"
"10.1016/j.nima.2023.169047","Core Hybrid","EUR","2,500.00"
"10.1016/j.nima.2024.169103","Core Hybrid","EUR","2,500.00"
"10.1016/j.nima.2024.169132","Core Hybrid","EUR","2,500.00"
"10.1016/j.nima.2024.169171","Core Hybrid","EUR","2,500.00"
"10.1016/j.nima.2024.169172","Core Hybrid","EUR","2,500.00"
"10.1016/j.nima.2024.169196","Core Hybrid","EUR","2,500.00"
"10.1016/j.nima.2024.169233","Core Hybrid","EUR","2,500.00"
"10.1016/j.nima.2024.169252","Core Hybrid","EUR","2,500.00"
"10.1016/j.nima.2024.169259","Core Hybrid","EUR","2,500.00"
"10.1016/j.nima.2024.169262","Core Hybrid","EUR","2,500.00"
"10.1016/j.nima.2024.169287","Core Hybrid","EUR","2,500.00"
"10.1016/j.nima.2024.169317","Core Hybrid","EUR","2,500.00"
"10.1016/j.nima.2024.169321","Core Hybrid","EUR","2,500.00"
"10.1016/j.nima.2024.169327","Core Hybrid","EUR","2,500.00"
"10.1016/j.nima.2024.169350","Core Hybrid","EUR","2,500.00"
"10.1016/j.nima.2024.169358","Core Hybrid","EUR","2,500.00"
"10.1016/j.nima.2024.169371","Core Hybrid","EUR","2,500.00"
"10.1016/j.nima.2024.169377","Core Hybrid","EUR","2,500.00"
"10.1016/j.nima.2024.169379","Core Hybrid","EUR","2,500.00"
"10.1016/j.nima.2024.169381","Core Hybrid","EUR","2,500.00"
"10.1016/j.nima.2024.169387","Core Hybrid","EUR","2,500.00"
"10.1016/j.nima.2024.169407","Core Hybrid","EUR","2,500.00"
"10.1016/j.nima.2024.169414","Core Hybrid","EUR","2,500.00"
"10.1016/j.nima.2024.169427","Core Hybrid","EUR","2,500.00"
"10.1016/j.nima.2024.169444","Core Hybrid","EUR","2,500.00"
"10.1016/j.nima.2024.169458","Core Hybrid","EUR","2,500.00"
"10.1016/j.nima.2024.169491","Core Hybrid","EUR","2,500.00"
"10.1016/j.nima.2024.169536","Core Hybrid","EUR","2,500.00"
"10.1016/j.nima.2024.169543","Core Hybrid","EUR","2,500.00"
"10.1016/j.nima.2024.169552","Core Hybrid","EUR","2,500.00"
"10.1016/j.nima.2024.169580","Core Hybrid","EUR","2,500.00"
"10.1016/j.nima.2024.169583","Core Hybrid","EUR","2,500.00"
"10.1016/j.nima.2024.169620","Core Hybrid","EUR","2,500.00"
"10.1016/j.nima.2024.169707","Core Hybrid","EUR","2,500.00"
"10.1016/j.nima.2024.169721","Core Hybrid","EUR","2,500.00"
"10.1016/j.nima.2024.169729","Core Hybrid","EUR","2,500.00"
"10.1016/j.nima.2024.169746","Core Hybrid","EUR","2,500.00"
"10.1016/j.nima.2024.169754","Core Hybrid","EUR","2,500.00"
"10.1016/j.nima.2024.169761","Core Hybrid","EUR","2,500.00"
"10.1016/j.nima.2024.169763","Core Hybrid","EUR","2,500.00"
"10.1016/j.nima.2024.169818","Core Hybrid","EUR","2,500.00"
"10.1016/j.nima.2024.169825","Core Hybrid","EUR","2,500.00"
"10.1016/j.nima.2024.169841","Core Hybrid","EUR","2,500.00"
"10.1016/j.nima.2024.169868","Core Hybrid","EUR","2,500.00"
"10.1016/j.nima.2024.169873","Core Hybrid","EUR","2,500.00"
"10.1016/j.nima.2024.169900","Core Hybrid","EUR","2,500.00"
"10.1016/j.nima.2024.169912","Core Hybrid","EUR","2,500.00"
"10.1016/j.nima.2024.169919","Core Hybrid","EUR","2,500.00"
"10.1016/j.nima.2024.169924","Core Hybrid","EUR","2,500.00"
"10.1016/j.nima.2024.169934","Core Hybrid","EUR","2,500.00"
"10.1016/j.nima.2024.169945","Core Hybrid","EUR","2,500.00"
"10.1016/j.nima.2024.169985","Core Hybrid","EUR","2,500.00"
"10.1016/j.nima.2024.170007","Core Hybrid","EUR","2,500.00"
"10.1016/j.nima.2024.170014","Core Hybrid","EUR","2,500.00"
"10.1016/j.nima.2024.170020","Core Hybrid","EUR","2,500.00"
"10.1016/j.nima.2024.170031","Core Hybrid","EUR","2,500.00"
"10.1016/j.nima.2024.170081","Core Hybrid","EUR","2,500.00"
"10.1016/j.nima.2024.170085","Core Hybrid","EUR","2,500.00"
"10.1016/j.nimb.2023.165213","Core Hybrid","EUR","2,500.00"
"10.1016/j.nimb.2024.165263","Core Hybrid","EUR","2,500.00"
"10.1016/j.nimb.2024.165318","Core Hybrid","EUR","2,500.00"
"10.1016/j.nimb.2024.165405","Core Hybrid","EUR","2,500.00"
"10.1016/j.nimb.2024.165454","Core Hybrid","EUR","2,500.00"
"10.1016/j.nimb.2024.165461","Core Hybrid","EUR","2,500.00"
"10.1016/j.nimb.2024.165472","Core Hybrid","EUR","2,500.00"
"10.1016/j.nimb.2024.165488","Core Hybrid","EUR","2,500.00"
"10.1016/j.nimb.2024.165540","Core Hybrid","EUR","2,500.00"
"10.1016/j.niox.2024.10.009","Core Hybrid","EUR","2,500.00"
"10.1016/j.nlm.2024.107986","Core Hybrid","EUR","2,500.00"
"10.1016/j.nlm.2024.107987","Core Hybrid","EUR","2,500.00"
"10.1016/j.nmd.2024.01.009","Core Hybrid","EUR","2,500.00"
"10.1016/j.nme.2023.101570","Core Gold","EUR","1,256.00"
"10.1016/j.nme.2023.101577","Core Gold","EUR","1,256.00"
"10.1016/j.nme.2024.101585","Core Gold","EUR",685.00
"10.1016/j.nme.2024.101591","Core Gold","EUR","1,256.00"
"10.1016/j.nme.2024.101595","Core Gold","EUR","1,320.00"
"10.1016/j.nme.2024.101600","Core Gold","EUR","1,096.00"
"10.1016/j.nme.2024.101602","Core Gold","EUR","1,320.00"
"10.1016/j.nme.2024.101617","Core Gold","EUR","1,320.00"
"10.1016/j.nme.2024.101625","Core Gold","EUR","1,320.00"
"10.1016/j.nme.2024.101647","Core Gold","EUR","1,320.00"
"10.1016/j.nme.2024.101650","Core Gold","EUR","1,320.00"
"10.1016/j.nme.2024.101675","Core Gold","EUR","1,320.00"
"10.1016/j.nme.2024.101683","Core Gold","EUR","1,320.00"
"10.1016/j.nme.2024.101687","Core Gold","EUR","1,320.00"
"10.1016/j.nme.2024.101689","Core Gold","EUR",643.50
"10.1016/j.nme.2024.101696","Core Gold","EUR","1,320.00"
"10.1016/j.nme.2024.101725","Core Gold","EUR","1,344.00"
"10.1016/j.nme.2024.101730","Core Gold","EUR","1,344.00"
"10.1016/j.nme.2024.101742","Core Gold","EUR","1,344.00"
"10.1016/j.nme.2024.101762","Core Gold","EUR","1,504.00"
"10.1016/j.nme.2024.101778","Core Gold","EUR","1,344.00"
"10.1016/j.nme.2024.101787","Core Gold","EUR","1,344.00"
"10.1016/j.nme.2024.101789","Core Gold","EUR","1,344.00"
"10.1016/j.nme.2024.101806","Core Gold","EUR","1,344.00"
"10.1016/j.nme.2024.101817","Core Gold","EUR",403.20
"10.1016/j.nme.2024.101823","Core Gold","EUR",403.20
"10.1016/j.nme.2024.101827","Core Gold","EUR",403.20
"10.1016/j.nonrwa.2023.104051","Core Hybrid","EUR","2,500.00"
"10.1016/j.nonrwa.2024.104066","Core Hybrid","EUR","2,500.00"
"10.1016/j.nonrwa.2024.104097","Core Hybrid","EUR","2,500.00"
"10.1016/j.nonrwa.2024.104169","Core Hybrid","EUR","2,500.00"
"10.1016/j.nonrwa.2024.104194","Core Hybrid","EUR","2,500.00"
"10.1016/j.nonrwa.2024.104197","Core Hybrid","EUR","2,500.00"
"10.1016/j.nonrwa.2024.104271","Core Hybrid","EUR","2,500.00"
"10.1016/j.nonrwa.2024.104295","Core Hybrid","EUR","2,500.00"
"10.1016/j.npep.2024.102416","Core Hybrid","EUR","2,500.00"
"10.1016/j.nucengdes.2024.112954","Core Hybrid","EUR","2,500.00"
"10.1016/j.nucengdes.2024.113012","Core Hybrid","EUR","2,500.00"
"10.1016/j.nucengdes.2024.113059","Core Hybrid","EUR","2,500.00"
"10.1016/j.nucengdes.2024.113137","Core Hybrid","EUR","2,500.00"
"10.1016/j.nucengdes.2024.113173","Core Hybrid","EUR","2,500.00"
"10.1016/j.nucengdes.2024.113342","Core Hybrid","EUR","2,500.00"
"10.1016/j.nucengdes.2024.113470","Core Hybrid","EUR","2,500.00"
"10.1016/j.nucengdes.2024.113560","Core Hybrid","EUR","2,500.00"
"10.1016/j.nucengdes.2024.113767","Core Hybrid","EUR","2,500.00"
"10.1016/j.nuclcard.2024.101911","Core Hybrid","EUR","2,500.00"
"10.1016/j.nuclcard.2024.102010","Core Hybrid","EUR","2,500.00"
"10.1016/j.nuclphysa.2024.122924","Core Hybrid","EUR","2,500.00"
"10.1016/j.nuclphysa.2024.122967","Core Hybrid","EUR","2,500.00"
"10.1016/j.nuclphysbps.2024.10.002","Core Hybrid","EUR","2,500.00"
"10.1016/j.nucmedbio.2024.108937","Core Hybrid","EUR","2,500.00"
"10.1016/j.nucmedbio.2024.108962","Core Hybrid","EUR","2,500.00"
"10.1016/j.numecd.2023.09.002","Core Hybrid","EUR","2,500.00"
"10.1016/j.numecd.2024.01.008","Core Hybrid","EUR","2,500.00"
"10.1016/j.numecd.2024.03.007","Core Hybrid","EUR","2,500.00"
"10.1016/j.numecd.2024.03.020","Core Hybrid","EUR","2,500.00"
"10.1016/j.numecd.2024.09.016","Core Hybrid","EUR","2,500.00"
"10.1016/j.numecd.2024.103808","Core Hybrid","EUR","2,500.00"
"10.1016/j.nut.2024.112447","Core Hybrid","EUR","2,500.00"
"10.1016/j.nut.2024.112498","Core Hybrid","EUR","2,500.00"
"10.1016/j.nut.2024.112516","Core Hybrid","EUR","2,500.00"
"10.1016/j.nutres.2024.07.002","Core Hybrid","EUR","2,500.00"
"10.1016/j.nutres.2024.09.007","Core Hybrid","EUR","2,500.00"
"10.1016/j.nutres.2024.09.009","Core Hybrid","EUR","2,500.00"
"10.1016/j.nutres.2024.10.003","Core Hybrid","EUR","2,500.00"
"10.1016/j.ocarto.2024.100466","Core Gold","EUR","1,024.00"
"10.1016/j.oceaneng.2024.116733","Core Hybrid","EUR","2,500.00"
"10.1016/j.oceaneng.2024.116927","Core Hybrid","EUR","2,500.00"
"10.1016/j.oceaneng.2024.117042","Core Hybrid","EUR","2,500.00"
"10.1016/j.oceaneng.2024.117207","Core Hybrid","EUR","2,500.00"
"10.1016/j.oceaneng.2024.117212","Core Hybrid","EUR","2,500.00"
"10.1016/j.oceaneng.2024.117391","Core Hybrid","EUR","2,500.00"
"10.1016/j.oceaneng.2024.117432","Core Hybrid","EUR","2,500.00"
"10.1016/j.oceaneng.2024.117489","Core Hybrid","EUR","2,500.00"
"10.1016/j.oceaneng.2024.117522","Core Hybrid","EUR","2,500.00"
"10.1016/j.oceaneng.2024.117679","Core Hybrid","EUR","2,500.00"
"10.1016/j.oceaneng.2024.117832","Core Hybrid","EUR","2,500.00"
"10.1016/j.oceaneng.2024.117874","Core Hybrid","EUR","2,500.00"
"10.1016/j.oceaneng.2024.118224","Core Hybrid","EUR","2,500.00"
"10.1016/j.oceaneng.2024.118252","Core Hybrid","EUR","2,500.00"
"10.1016/j.oceaneng.2024.118486","Core Hybrid","EUR","2,500.00"
"10.1016/j.oceaneng.2024.118648","Core Hybrid","EUR","2,500.00"
"10.1016/j.oceaneng.2024.118888","Core Hybrid","EUR","2,500.00"
"10.1016/j.oceaneng.2024.119092","Core Hybrid","EUR","2,500.00"
"10.1016/j.oceaneng.2024.119322","Core Hybrid","EUR","2,500.00"
"10.1016/j.oceaneng.2024.119365","Core Hybrid","EUR","2,500.00"
"10.1016/j.oceaneng.2024.119459","Core Hybrid","EUR","2,500.00"
"10.1016/j.oceaneng.2024.119558","Core Hybrid","EUR","2,500.00"
"10.1016/j.oceaneng.2024.119674","Core Hybrid","EUR","2,500.00"
"10.1016/j.oceaneng.2024.119711","Core Hybrid","EUR","2,500.00"
"10.1016/j.oceaneng.2024.119963","Core Hybrid","EUR","2,500.00"
"10.1016/j.oceaneng.2024.120034","Core Hybrid","EUR","2,500.00"
"10.1016/j.oceaneng.2024.120095","Core Hybrid","EUR","2,500.00"
"10.1016/j.ocecoaman.2024.107047","Core Hybrid","EUR","2,500.00"
"10.1016/j.ocecoaman.2024.107114","Core Hybrid","EUR","2,500.00"
"10.1016/j.ocecoaman.2024.107135","Core Hybrid","EUR","2,500.00"
"10.1016/j.ocecoaman.2024.107391","Core Hybrid","EUR","2,500.00"
"10.1016/j.ocecoaman.2024.107411","Core Hybrid","EUR","2,500.00"
"10.1016/j.ocecoaman.2024.107503","Core Hybrid","EUR","2,500.00"
"10.1016/j.ocemod.2024.102335","Core Hybrid","EUR","2,500.00"
"10.1016/j.ocemod.2024.102426","Core Hybrid","EUR","2,500.00"
"10.1016/j.ocemod.2024.102467","Core Hybrid","EUR","2,500.00"
"10.1016/j.oceram.2024.100539","Core Gold","EUR","1,456.00"
"10.1016/j.oceram.2024.100599","Core Gold","EUR","1,456.00"
"10.1016/j.oceram.2024.100627","Core Gold","EUR","1,456.00"
"10.1016/j.oceram.2024.100634","Core Gold","EUR","1,456.00"
"10.1016/j.oceram.2024.100668","Core Gold","EUR","1,456.00"
"10.1016/j.oceram.2024.100681","Core Gold","EUR","1,456.00"
"10.1016/j.oceram.2024.100705","Core Gold","EUR","1,456.00"
"10.1016/j.oceram.2024.100710","Core Gold","EUR","1,456.00"
"10.1016/j.oceram.2024.100712","Core Gold","EUR","1,456.00"
"10.1016/j.oceram.2024.100716","Core Gold","EUR",390.00
"10.1016/j.oceram.2024.100728","Core Gold","EUR",910.00
"10.1016/j.ogla.2024.02.009","Core Hybrid","EUR","2,500.00"
"10.1016/j.ohx.2024.e00509","Core Gold","EUR",400.00
"10.1016/j.ohx.2024.e00517","Core Gold","EUR",400.00
"10.1016/j.ohx.2024.e00522","Core Gold","EUR",400.00
"10.1016/j.ohx.2024.e00543","Core Gold","EUR",400.00
"10.1016/j.ohx.2024.e00572","Core Gold","EUR",408.00
"10.1016/j.ohx.2024.e00574","Core Gold","EUR",408.00
"10.1016/j.ohx.2024.e00577","Core Gold","EUR",400.00
"10.1016/j.ohx.2024.e00581","Core Gold","EUR",408.00
"10.1016/j.ohx.2024.e00600","Core Gold","EUR",408.00
"10.1016/j.omega.2024.103036","Core Hybrid","EUR","2,500.00"
"10.1016/j.omega.2024.103081","Core Hybrid","EUR","2,500.00"
"10.1016/j.omega.2024.103094","Core Hybrid","EUR","2,500.00"
"10.1016/j.omega.2024.103139","Core Hybrid","EUR","2,500.00"
"10.1016/j.omega.2024.103159","Core Hybrid","EUR","2,500.00"
"10.1016/j.omega.2024.103246","Core Hybrid","EUR","2,500.00"
"10.1016/j.omtm.2024.101241","CP/TL Gold","EUR","2,966.50"
"10.1016/j.omtm.2024.101328","CP/TL Gold","EUR","2,966.50"
"10.1016/j.omtn.2024.102120","CP/TL Gold","EUR","2,966.50"
"10.1016/j.omtn.2024.102145","CP/TL Gold","EUR","2,966.50"
"10.1016/j.omtn.2024.102157","CP/TL Gold","EUR","2,966.50"
"10.1016/j.omtn.2024.102162","CP/TL Gold","EUR","2,966.50"
"10.1016/j.omtn.2024.102254","CP/TL Gold","EUR","2,966.50"
"10.1016/j.omtn.2024.102283","CP/TL Gold","EUR","2,966.50"
"10.1016/j.omtn.2024.102306","CP/TL Gold","EUR","2,966.50"
"10.1016/j.omtn.2024.102360","CP/TL Gold","EUR","2,966.50"
"10.1016/j.omtn.2024.102381","CP/TL Gold","EUR","2,966.50"
"10.1016/j.omton.2024.200784","CP/TL Gold","EUR","2,966.50"
"10.1016/j.omton.2024.200802","CP/TL Gold","EUR","2,966.50"
"10.1016/j.omton.2024.200850","CP/TL Gold","EUR","2,966.50"
"10.1016/j.omton.2024.200855","CP/TL Gold","EUR","2,966.50"
"10.1016/j.omton.2024.200867","CP/TL Gold","EUR","2,966.50"
"10.1016/j.omton.2024.200909","CP/TL Gold","EUR","2,966.50"
"10.1016/j.omx.2024.100313","Core Gold","EUR","1,360.00"
"10.1016/j.oneear.2024.03.002","CP/TL Hybrid","EUR","3,225.00"
"10.1016/j.oneear.2024.05.023","CP/TL Hybrid","EUR","3,225.00"
"10.1016/j.oneear.2024.08.013","CP/TL Hybrid","EUR","3,225.00"
"10.1016/j.oneear.2024.09.006","CP/TL Hybrid","EUR","3,225.00"
"10.1016/j.oneear.2024.09.022","CP/TL Hybrid","EUR","3,225.00"
"10.1016/j.onehlt.2023.100674","Core Gold","EUR","1,856.00"
"10.1016/j.onehlt.2024.100709","Core Gold","EUR","1,952.00"
"10.1016/j.onehlt.2024.100764","Core Gold","EUR","1,952.00"
"10.1016/j.onehlt.2024.100857","Core Gold","EUR","1,976.00"
"10.1016/j.onehlt.2024.100860","Core Gold","EUR","1,976.00"
"10.1016/j.onehlt.2024.100868","Core Gold","EUR","1,952.00"
"10.1016/j.onehlt.2024.100877","Core Gold","EUR","1,976.00"
"10.1016/j.onehlt.2024.100904","Core Gold","EUR","1,976.00"
"10.1016/j.onehlt.2024.100929","Core Gold","EUR","1,976.00"
"10.1016/j.oooo.2024.02.004","Core Hybrid","EUR","2,500.00"
"10.1016/j.oooo.2024.02.023","Core Hybrid","EUR","2,500.00"
"10.1016/j.oooo.2024.07.008","Core Hybrid","EUR","2,500.00"
"10.1016/j.ophoto.2024.100058","Core Gold","EUR","1,230.00"
"10.1016/j.ophoto.2024.100059","Core Gold","EUR","1,230.00"
"10.1016/j.ophoto.2024.100065","Core Gold","EUR","1,230.00"
"10.1016/j.ophoto.2024.100072","Core Gold","EUR","1,230.00"
"10.1016/j.ophoto.2024.100079","Core Gold","EUR","1,230.00"
"10.1016/j.ophoto.2024.100080","Core Gold","EUR","1,230.00"
"10.1016/j.ophtha.2023.11.011","Core Hybrid","EUR","2,500.00"
"10.1016/j.ophtha.2024.12.013","Core Hybrid","EUR","2,500.00"
"10.1016/j.optcom.2024.131339","Core Hybrid","EUR","2,500.00"
"10.1016/j.optlaseng.2024.108539","Core Hybrid","EUR","2,500.00"
"10.1016/j.optlaseng.2024.108756","Core Hybrid","EUR","2,500.00"
"10.1016/j.optlastec.2024.110730","Core Hybrid","EUR","2,500.00"
"10.1016/j.optlastec.2024.111107","Core Hybrid","EUR","2,500.00"
"10.1016/j.optlastec.2024.111226","Core Hybrid","EUR","2,500.00"
"10.1016/j.optlastec.2024.111485","Core Hybrid","EUR","2,500.00"
"10.1016/j.optlastec.2024.111634","Core Hybrid","EUR","2,500.00"
"10.1016/j.optlastec.2024.111824","Core Hybrid","EUR","2,500.00"
"10.1016/j.optlastec.2024.111927","Core Hybrid","EUR","2,500.00"
"10.1016/j.optlastec.2024.112179","Core Hybrid","EUR","2,500.00"
"10.1016/j.optlastec.2024.112287","Core Hybrid","EUR","2,500.00"
"10.1016/j.optmat.2024.115316","Core Hybrid","EUR","2,500.00"
"10.1016/j.optmat.2024.115655","Core Hybrid","EUR","2,500.00"
"10.1016/j.optmat.2024.115948","Core Hybrid","EUR","2,500.00"
"10.1016/j.optmat.2024.116420","Core Hybrid","EUR","2,500.00"
"10.1016/j.optmat.2024.116518","Core Hybrid","EUR","2,500.00"
"10.1016/j.oraloncology.2024.107042","Core Hybrid","EUR","2,500.00"
"10.1016/j.oraloncology.2024.107080","Core Hybrid","EUR","2,500.00"
"10.1016/j.oraloncology.2024.107107","Core Hybrid","EUR","2,500.00"
"10.1016/j.oraloncology.2024.107145","Core Hybrid","EUR","2,500.00"
"10.1016/j.orcp.2024.03.007","Core Hybrid","EUR","2,500.00"
"10.1016/j.orcp.2024.06.005","Core Hybrid","EUR","2,500.00"
"10.1016/j.oregeorev.2024.106233","Core Gold","EUR","1,880.00"
"10.1016/j.oregeorev.2024.106391","Core Gold","EUR","2,120.00"
"10.1016/j.oret.2024.01.025","Core Hybrid","EUR","2,500.00"
"10.1016/j.oret.2024.11.018","Core Hybrid","EUR","2,500.00"
"10.1016/j.orgdyn.2024.101036","Core Hybrid","EUR","2,500.00"
"10.1016/j.orgdyn.2024.101115","Core Hybrid","EUR","2,500.00"
"10.1016/j.orggeochem.2024.104756","Core Hybrid","EUR","2,500.00"
"10.1016/j.orggeochem.2024.104863","Core Hybrid","EUR","2,500.00"
"10.1016/j.orl.2024.107149","Core Hybrid","EUR","2,500.00"
"10.1016/j.orl.2024.107156","Core Hybrid","EUR","2,500.00"
"10.1016/j.orl.2024.107158","Core Hybrid","EUR","2,500.00"
"10.1016/j.orp.2024.100301","Core Gold","EUR","1,048.00"
"10.1016/j.orp.2024.100312","Core Gold","EUR","1,048.00"
"10.1016/j.orthtr.2024.01.001","Core Hybrid","EUR","2,500.00"
"10.1016/j.orthtr.2024.01.003","Core Hybrid","EUR","2,500.00"
"10.1016/j.orthtr.2024.02.007","Core Hybrid","EUR","2,500.00"
"10.1016/j.orthtr.2024.03.043","Core Hybrid","EUR","2,500.00"
"10.1016/j.orthtr.2024.05.002","Core Hybrid","EUR","2,500.00"
"10.1016/j.orthtr.2024.06.006","Core Hybrid","EUR","2,500.00"
"10.1016/j.orthtr.2024.09.004","Core Hybrid","EUR","2,500.00"
"10.1016/j.orthtr.2024.10.002","Core Hybrid","EUR","2,500.00"
"10.1016/j.orthtr.2024.10.003","Core Hybrid","EUR","2,500.00"
"10.1016/j.osnem.2023.100275","Core Hybrid","EUR","2,500.00"
"10.1016/j.otsr.2024.104117","Core Hybrid","EUR","2,500.00"
"10.1016/j.pacs.2024.100604","Core Gold","EUR","2,016.00"
"10.1016/j.pacs.2024.100627","Core Gold","EUR","2,016.00"
"10.1016/j.pacs.2024.100628","Core Gold","EUR","2,048.00"
"10.1016/j.pacs.2024.100660","Core Gold","EUR","2,048.00"
"10.1016/j.paerosci.2024.101044","Core Hybrid","EUR","2,500.00"
"10.1016/j.paid.2024.112545","Core Hybrid","EUR","2,500.00"
"10.1016/j.paid.2024.112549","Core Hybrid","EUR","2,500.00"
"10.1016/j.paid.2024.112564","Core Hybrid","EUR","2,500.00"
"10.1016/j.paid.2024.112603","Core Hybrid","EUR","2,500.00"
"10.1016/j.paid.2024.112607","Core Hybrid","EUR","2,500.00"
"10.1016/j.paid.2024.112618","Core Hybrid","EUR","2,500.00"
"10.1016/j.paid.2024.112635","Core Hybrid","EUR","2,500.00"
"10.1016/j.paid.2024.112686","Core Hybrid","EUR","2,500.00"
"10.1016/j.paid.2024.112725","Core Hybrid","EUR","2,500.00"
"10.1016/j.paid.2024.112728","Core Hybrid","EUR","2,500.00"
"10.1016/j.paid.2024.112756","Core Hybrid","EUR","2,500.00"
"10.1016/j.paid.2024.112773","Core Hybrid","EUR","2,500.00"
"10.1016/j.paid.2024.112813","Core Hybrid","EUR","2,500.00"
"10.1016/j.paid.2024.112816","Core Hybrid","EUR","2,500.00"
"10.1016/j.paid.2024.112839","Core Hybrid","EUR","2,500.00"
"10.1016/j.paid.2024.112842","Core Hybrid","EUR","2,500.00"
"10.1016/j.paid.2024.112864","Core Hybrid","EUR","2,500.00"
"10.1016/j.paid.2024.112884","Core Hybrid","EUR","2,500.00"
"10.1016/j.paid.2024.112887","Core Hybrid","EUR","2,500.00"
"10.1016/j.paid.2024.112890","Core Hybrid","EUR","2,500.00"
"10.1016/j.paid.2024.112901","Core Hybrid","EUR","2,500.00"
"10.1016/j.paid.2024.112905","Core Hybrid","EUR","2,500.00"
"10.1016/j.paid.2024.112975","Core Hybrid","EUR","2,500.00"
"10.1016/j.paid.2024.112983","Core Hybrid","EUR","2,500.00"
"10.1016/j.palaeo.2024.112243","Core Hybrid","EUR","2,500.00"
"10.1016/j.palaeo.2024.112294","Core Hybrid","EUR","2,500.00"
"10.1016/j.palaeo.2024.112538","Core Hybrid","EUR","2,500.00"
"10.1016/j.palaeo.2024.112542","Core Hybrid","EUR","2,500.00"
"10.1016/j.palaeo.2024.112575","Core Hybrid","EUR","2,500.00"
"10.1016/j.palaeo.2024.112663","Core Hybrid","EUR","2,500.00"
"10.1016/j.palwor.2024.11.007","Core Hybrid","EUR","2,500.00"
"10.1016/j.pan.2024.01.007","Core Hybrid","EUR","2,500.00"
"10.1016/j.pan.2024.07.017","Core Hybrid","EUR","2,500.00"
"10.1016/j.pan.2024.08.004","Core Hybrid","EUR","2,500.00"
"10.1016/j.parco.2024.103063","Core Hybrid","EUR","2,500.00"
"10.1016/j.parco.2024.103112","Core Hybrid","EUR","2,500.00"
"10.1016/j.parkreldis.2024.106033","Core Hybrid","EUR","2,500.00"
"10.1016/j.parkreldis.2024.106063","Core Hybrid","EUR","2,500.00"
"10.1016/j.parkreldis.2024.106078","Core Hybrid","EUR","2,500.00"
"10.1016/j.parkreldis.2024.107091","Core Hybrid","EUR","2,500.00"
"10.1016/j.parkreldis.2024.107193","Core Hybrid","EUR","2,500.00"
"10.1016/j.parkreldis.2024.107211","Core Hybrid","EUR","2,500.00"
"10.1016/j.partic.2024.02.010","Core Hybrid","EUR","2,500.00"
"10.1016/j.partic.2024.04.014","Core Hybrid","EUR","2,500.00"
"10.1016/j.partic.2024.07.004","Core Hybrid","EUR","2,500.00"
"10.1016/j.partic.2024.10.001","Core Hybrid","EUR","2,500.00"
"10.1016/j.partic.2024.10.008","Core Hybrid","EUR","2,500.00"
"10.1016/j.patcog.2024.110309","Core Hybrid","EUR","2,500.00"
"10.1016/j.patcog.2024.110486","Core Hybrid","EUR","2,500.00"
"10.1016/j.patcog.2024.110487","Core Hybrid","EUR","2,500.00"
"10.1016/j.patcog.2024.110501","Core Hybrid","EUR","2,500.00"
"10.1016/j.patcog.2024.110575","Core Hybrid","EUR","2,500.00"
"10.1016/j.patcog.2024.110712","Core Hybrid","EUR","2,500.00"
"10.1016/j.patcog.2024.111171","Core Hybrid","EUR","2,500.00"
"10.1016/j.pathol.2024.12.386","Core Hybrid","EUR","2,500.00"
"10.1016/j.patrec.2024.02.015","Core Hybrid","EUR","2,500.00"
"10.1016/j.patrec.2024.08.022","Core Hybrid","EUR","2,500.00"
"10.1016/j.patter.2024.100968","CP/TL Gold","EUR","2,190.00"
"10.1016/j.patter.2024.101023","CP/TL Gold","EUR","2,190.00"
"10.1016/j.patter.2024.101047","CP/TL Gold","EUR","3,723.00"
"10.1016/j.patter.2024.101048","CP/TL Gold","EUR","3,723.00"
"10.1016/j.patter.2024.101064","CP/TL Gold","EUR","2,190.00"
"10.1016/j.pbb.2024.173823","Core Hybrid","EUR","2,500.00"
"10.1016/j.pbi.2024.102528","Core Hybrid","EUR","2,500.00"
"10.1016/j.pbi.2024.102543","Core Hybrid","EUR","2,500.00"
"10.1016/j.pbi.2024.102545","Core Hybrid","EUR","2,500.00"
"10.1016/j.pbi.2024.102548","Core Hybrid","EUR","2,500.00"
"10.1016/j.pbi.2024.102554","Core Hybrid","EUR","2,500.00"
"10.1016/j.pbi.2024.102577","Core Hybrid","EUR","2,500.00"
"10.1016/j.pbi.2024.102602","Core Hybrid","EUR","2,500.00"
"10.1016/j.pbi.2024.102606","Core Hybrid","EUR","2,500.00"
"10.1016/j.pbi.2024.102610","Core Hybrid","EUR","2,500.00"
"10.1016/j.pbi.2024.102618","Core Hybrid","EUR","2,500.00"
"10.1016/j.pbi.2024.102621","Core Hybrid","EUR","2,500.00"
"10.1016/j.pbi.2024.102622","Core Hybrid","EUR","2,500.00"
"10.1016/j.pbi.2024.102628","Core Hybrid","EUR","2,500.00"
"10.1016/j.pbi.2024.102661","Core Hybrid","EUR","2,500.00"
"10.1016/j.pdisas.2024.100321","Core Gold","EUR","1,224.00"
"10.1016/j.pdisas.2024.100387","Core Gold","EUR","1,224.00"
"10.1016/j.pdpdt.2024.104280","Core Gold","EUR","1,784.00"
"10.1016/j.pec.2024.108135","Core Hybrid","EUR","2,500.00"
"10.1016/j.pec.2024.108144","Core Hybrid","EUR","2,500.00"
"10.1016/j.pec.2024.108175","Core Hybrid","EUR","2,500.00"
"10.1016/j.pec.2024.108248","Core Hybrid","EUR","2,500.00"
"10.1016/j.pec.2024.108252","Core Hybrid","EUR","2,500.00"
"10.1016/j.pec.2024.108293","Core Hybrid","EUR","2,500.00"
"10.1016/j.pec.2024.108352","Core Hybrid","EUR","2,500.00"
"10.1016/j.pec.2024.108355","Core Hybrid","EUR","2,500.00"
"10.1016/j.pec.2024.108466","Core Hybrid","EUR","2,500.00"
"10.1016/j.pec.2024.108476","Core Hybrid","EUR","2,500.00"
"10.1016/j.pec.2024.108550","Core Hybrid","EUR","2,500.00"
"10.1016/j.pec.2024.108552","Core Hybrid","EUR","2,500.00"
"10.1016/j.pec.2024.108571","Core Hybrid","EUR","2,500.00"
"10.1016/j.pecinn.2024.100321","Core Gold","EUR",685.00
"10.1016/j.pecs.2024.101173","Core Hybrid","EUR","2,500.00"
"10.1016/j.pediatrneurol.2024.05.020","Core Hybrid","EUR","2,500.00"
"10.1016/j.peg.2024.100016","Core Hybrid","EUR","2,500.00"
"10.1016/j.peg.2024.100023","Core Hybrid","EUR","2,500.00"
"10.1016/j.peg.2024.100025","Core Hybrid","EUR","2,500.00"
"10.1016/j.peg.2024.100032","Core Hybrid","EUR","2,500.00"
"10.1016/j.peh.2024.100290","Core Hybrid","EUR","2,500.00"
"10.1016/j.peh.2024.100312","Core Hybrid","EUR","2,500.00"
"10.1016/j.pep.2024.106483","Core Hybrid","EUR","2,500.00"
"10.1016/j.pepi.2024.107195","Core Hybrid","EUR","2,500.00"
"10.1016/j.pepi.2024.107212","Core Hybrid","EUR","2,500.00"
"10.1016/j.pepi.2024.107283","Core Hybrid","EUR","2,500.00"
"10.1016/j.peptides.2024.171198","Core Hybrid","EUR","2,500.00"
"10.1016/j.pestbp.2024.106103","Core Hybrid","EUR","2,500.00"
"10.1016/j.peva.2024.102412","Core Hybrid","EUR","2,500.00"
"10.1016/j.peva.2024.102413","Core Hybrid","EUR","2,500.00"
"10.1016/j.peva.2024.102425","Core Hybrid","EUR","2,500.00"
"10.1016/j.peva.2024.102442","Core Hybrid","EUR","2,500.00"
"10.1016/j.peva.2024.102449","Core Hybrid","EUR","2,500.00"
"10.1016/j.peva.2024.102452","Core Hybrid","EUR","2,500.00"
"10.1016/j.peva.2024.102464","Core Hybrid","EUR","2,500.00"
"10.1016/j.pharmthera.2024.108589","Core Hybrid","EUR","2,500.00"
"10.1016/j.pharmthera.2024.108687","Core Hybrid","EUR","2,500.00"
"10.1016/j.pharmthera.2024.108720","Core Hybrid","EUR","2,500.00"
"10.1016/j.pharmthera.2024.108727","Core Hybrid","EUR","2,500.00"
"10.1016/j.pharmthera.2024.108747","Core Hybrid","EUR","2,500.00"
"10.1016/j.pharmthera.2024.108762","Core Hybrid","EUR","2,500.00"
"10.1016/j.pharmthera.2024.108764","Core Hybrid","EUR","2,500.00"
"10.1016/j.phro.2024.100534","Core Gold","EUR","1,224.00"
"10.1016/j.phro.2024.100561","Core Gold","EUR","1,224.00"
"10.1016/j.phro.2024.100562","Core Gold","EUR","1,224.00"
"10.1016/j.phro.2024.100581","Core Gold","EUR","1,224.00"
"10.1016/j.phro.2024.100588","Core Gold","EUR","1,224.00"
"10.1016/j.phro.2024.100628","Core Gold","EUR",456.00
"10.1016/j.phro.2024.100644","Core Gold","EUR","1,224.00"
"10.1016/j.phro.2024.100662","Core Gold","EUR","1,224.00"
"10.1016/j.phro.2024.100667","Core Gold","EUR","1,224.00"
"10.1016/j.phro.2024.100673","Core Gold","EUR",456.00
"10.1016/j.phro.2024.100679","Core Gold","EUR","1,224.00"
"10.1016/j.phro.2024.100685","Core Gold","EUR","1,224.00"
"10.1016/j.phrs.2024.107107","Core Gold","EUR","2,688.00"
"10.1016/j.phrs.2024.107165","Core Gold","EUR","2,552.00"
"10.1016/j.phrs.2024.107231","Core Gold","EUR","2,688.00"
"10.1016/j.phrs.2024.107560","Core Gold","EUR","2,576.00"
"10.1016/j.phymed.2024.155641","Core Hybrid","EUR","2,500.00"
"10.1016/j.phymed.2024.155863","Core Hybrid","EUR","2,500.00"
"10.1016/j.phymed.2024.156023","Core Hybrid","EUR","2,500.00"
"10.1016/j.phymed.2024.156163","Core Hybrid","EUR","2,500.00"
"10.1016/j.phyplu.2024.100552","Core Gold","EUR","1,096.00"
"10.1016/j.physa.2024.129658","Core Hybrid","EUR","2,500.00"
"10.1016/j.physa.2024.129669","Core Hybrid","EUR","2,500.00"
"10.1016/j.physa.2024.129952","Core Hybrid","EUR","2,500.00"
"10.1016/j.physa.2024.129995","Core Hybrid","EUR","2,500.00"
"10.1016/j.physb.2024.415970","Core Hybrid","EUR","2,500.00"
"10.1016/j.physb.2024.416027","Core Hybrid","EUR","2,500.00"
"10.1016/j.physb.2024.416387","Core Hybrid","EUR","2,500.00"
"10.1016/j.physb.2024.416849","Core Hybrid","EUR","2,500.00"
"10.1016/j.physbeh.2024.114505","Core Hybrid","EUR","2,500.00"
"10.1016/j.physbeh.2024.114615","Core Hybrid","EUR","2,500.00"
"10.1016/j.physbeh.2024.114714","Core Hybrid","EUR","2,500.00"
"10.1016/j.physbeh.2024.114727","Core Hybrid","EUR","2,500.00"
"10.1016/j.physd.2024.134096","Core Hybrid","EUR","2,500.00"
"10.1016/j.physd.2024.134158","Core Hybrid","EUR","2,500.00"
"10.1016/j.physd.2024.134200","Core Hybrid","EUR","2,500.00"
"10.1016/j.physd.2024.134276","Core Hybrid","EUR","2,500.00"
"10.1016/j.physd.2024.134349","Core Hybrid","EUR","2,500.00"
"10.1016/j.physd.2024.134351","Core Hybrid","EUR","2,500.00"
"10.1016/j.physd.2024.134390","Core Hybrid","EUR","2,500.00"
"10.1016/j.physd.2024.134391","Core Hybrid","EUR","2,500.00"
"10.1016/j.physd.2024.134482","Core Hybrid","EUR","2,500.00"
"10.1016/j.physe.2024.115955","Core Hybrid","EUR","2,500.00"
"10.1016/j.physleta.2024.129362","Core Hybrid","EUR","2,500.00"
"10.1016/j.physleta.2024.129375","Core Hybrid","EUR","2,500.00"
"10.1016/j.physleta.2024.129583","Core Hybrid","EUR","2,500.00"
"10.1016/j.physo.2024.100244","Core Gold","EUR","1,168.00"
"10.1016/j.physrep.2023.11.005","Core Hybrid","EUR","2,500.00"
"10.1016/j.physrep.2024.02.001","Core Hybrid","EUR","2,500.00"
"10.1016/j.physrep.2024.02.003","Core Hybrid","EUR","2,500.00"
"10.1016/j.physrep.2024.06.005","Core Hybrid","EUR","2,500.00"
"10.1016/j.physrep.2024.10.002","Core Hybrid","EUR","2,500.00"
"10.1016/j.physrep.2024.10.004","Core Hybrid","EUR","2,500.00"
"10.1016/j.physrep.2024.10.005","Core Hybrid","EUR","2,500.00"
"10.1016/j.physrep.2024.11.004","Core Hybrid","EUR","2,500.00"
"10.1016/j.phytochem.2024.114004","Core Hybrid","EUR","2,500.00"
"10.1016/j.phytochem.2024.114040","Core Hybrid","EUR","2,500.00"
"10.1016/j.phytochem.2024.114338","Core Hybrid","EUR","2,500.00"
"10.1016/j.pirs.2024.100052","Core Gold","EUR","2,000.00"
"10.1016/j.placenta.2023.12.005","Core Hybrid","EUR","2,500.00"
"10.1016/j.placenta.2024.09.012","Core Hybrid","EUR","2,500.00"
"10.1016/j.placenta.2024.10.008","Core Hybrid","EUR","2,500.00"
"10.1016/j.placenta.2024.10.016","Core Hybrid","EUR","2,500.00"
"10.1016/j.placenta.2024.10.067","Core Hybrid","EUR","2,500.00"
"10.1016/j.plaphy.2024.108386","Core Hybrid","EUR","2,500.00"
"10.1016/j.plaphy.2024.108568","Core Hybrid","EUR","2,500.00"
"10.1016/j.plaphy.2024.108723","Core Hybrid","EUR","2,500.00"
"10.1016/j.plaphy.2024.109262","Core Hybrid","EUR","2,500.00"
"10.1016/j.plasmid.2024.102721","Core Hybrid","EUR","2,500.00"
"10.1016/j.plasmid.2024.102729","Core Hybrid","EUR","2,500.00"
"10.1016/j.plefa.2024.102636","Core Hybrid","EUR","2,500.00"
"10.1016/j.plefa.2024.102653","Core Hybrid","EUR","2,500.00"
"10.1016/j.plipres.2024.101286","Core Hybrid","EUR","2,500.00"
"10.1016/j.plipres.2024.101318","Core Hybrid","EUR","2,500.00"
"10.1016/j.plrev.2024.10.009","Core Hybrid","EUR","2,500.00"
"10.1016/j.plrev.2024.11.009","Core Hybrid","EUR","2,500.00"
"10.1016/j.pmatsci.2024.101373","Core Hybrid","EUR","2,500.00"
"10.1016/j.pmatsci.2024.101391","Core Hybrid","EUR","2,500.00"
"10.1016/j.pmcj.2024.101951","Core Hybrid","EUR","2,500.00"
"10.1016/j.pmedr.2024.102677","Core Gold","EUR","1,984.00"
"10.1016/j.pmedr.2024.102750","Core Gold","EUR","1,984.00"
"10.1016/j.pmedr.2024.102913","Core Gold","EUR","1,856.00"
"10.1016/j.pmip.2024.100132","Core Hybrid","EUR","2,500.00"
"10.1016/j.pneurobio.2024.102576","Core Hybrid","EUR","2,500.00"
"10.1016/j.pneurobio.2024.102602","Core Hybrid","EUR","2,500.00"
"10.1016/j.pneurobio.2024.102633","Core Hybrid","EUR","2,500.00"
"10.1016/j.pneurobio.2024.102637","Core Hybrid","EUR","2,500.00"
"10.1016/j.pneurobio.2024.102672","Core Hybrid","EUR","2,500.00"
"10.1016/j.pneurobio.2024.102704","Core Hybrid","EUR","2,500.00"
"10.1016/j.pnmrs.2024.05.002","Core Hybrid","EUR","2,500.00"
"10.1016/j.pnpbp.2024.110973","Core Hybrid","EUR","2,500.00"
"10.1016/j.pnpbp.2024.111013","Core Hybrid","EUR","2,500.00"
"10.1016/j.pnpbp.2024.111051","Core Hybrid","EUR","2,500.00"
"10.1016/j.pnpbp.2024.111118","Core Hybrid","EUR","2,500.00"
"10.1016/j.pnpbp.2024.111130","Core Hybrid","EUR","2,500.00"
"10.1016/j.pnpbp.2024.111147","Core Hybrid","EUR","2,500.00"
"10.1016/j.pnpbp.2024.111167","Core Hybrid","EUR","2,500.00"
"10.1016/j.pnucene.2024.105130","Core Hybrid","EUR","2,500.00"
"10.1016/j.pnucene.2024.105186","Core Hybrid","EUR","2,500.00"
"10.1016/j.pnucene.2024.105287","Core Hybrid","EUR","2,500.00"
"10.1016/j.pocean.2023.103166","Core Hybrid","EUR","2,500.00"
"10.1016/j.pocean.2024.103376","Core Hybrid","EUR","2,500.00"
"10.1016/j.poetic.2024.101887","Core Hybrid","EUR","2,500.00"
"10.1016/j.polgeo.2024.103163","Core Hybrid","EUR","2,500.00"
"10.1016/j.poly.2023.116702","Core Hybrid","EUR","2,500.00"
"10.1016/j.poly.2024.117227","Core Hybrid","EUR","2,500.00"
"10.1016/j.poly.2024.117256","Core Hybrid","EUR","2,500.00"
"10.1016/j.poly.2024.117283","Core Hybrid","EUR","2,500.00"
"10.1016/j.polymdegradstab.2024.110709","Core Hybrid","EUR","2,500.00"
"10.1016/j.polymdegradstab.2024.110885","Core Hybrid","EUR","2,500.00"
"10.1016/j.polymdegradstab.2024.110889","Core Hybrid","EUR","2,500.00"
"10.1016/j.polymdegradstab.2024.110989","Core Hybrid","EUR","2,500.00"
"10.1016/j.polymdegradstab.2024.111053","Core Hybrid","EUR","2,500.00"
"10.1016/j.polymdegradstab.2024.111119","Core Hybrid","EUR","2,500.00"
"10.1016/j.polymdegradstab.2024.111144","Core Hybrid","EUR","2,500.00"
"10.1016/j.polymdegradstab.2024.111145","Core Hybrid","EUR","2,500.00"
"10.1016/j.polymer.2024.126771","Core Hybrid","EUR","2,500.00"
"10.1016/j.polymer.2024.126812","Core Hybrid","EUR","2,500.00"
"10.1016/j.polymer.2024.126981","Core Hybrid","EUR","2,500.00"
"10.1016/j.polymer.2024.127012","Core Hybrid","EUR","2,500.00"
"10.1016/j.polymer.2024.127149","Core Hybrid","EUR","2,500.00"
"10.1016/j.polymer.2024.127176","Core Hybrid","EUR","2,500.00"
"10.1016/j.polymer.2024.127258","Core Hybrid","EUR","2,500.00"
"10.1016/j.polymer.2024.127311","Core Hybrid","EUR","2,500.00"
"10.1016/j.polymer.2024.127359","Core Hybrid","EUR","2,500.00"
"10.1016/j.polymer.2024.127373","Core Hybrid","EUR","2,500.00"
"10.1016/j.polymer.2024.127440","Core Hybrid","EUR","2,500.00"
"10.1016/j.polymer.2024.127577","Core Hybrid","EUR","2,500.00"
"10.1016/j.polymer.2024.127800","Core Hybrid","EUR","2,500.00"
"10.1016/j.polymer.2024.127896","Core Hybrid","EUR","2,500.00"
"10.1016/j.polymer.2024.127972","Core Hybrid","EUR","2,500.00"
"10.1016/j.polymertesting.2024.108362","Core Gold","EUR","1,856.00"
"10.1016/j.polymertesting.2024.108366","Core Gold","EUR","1,856.00"
"10.1016/j.polymertesting.2024.108388","Core Gold","EUR","1,856.00"
"10.1016/j.polymertesting.2024.108480","Core Gold","EUR","1,856.00"
"10.1016/j.polymertesting.2024.108524","Core Gold","EUR","1,880.00"
"10.1016/j.polymertesting.2024.108533","Core Gold","EUR","1,880.00"
"10.1016/j.polymertesting.2024.108547","Core Gold","EUR","1,880.00"
"10.1016/j.polymertesting.2024.108610","Core Gold","EUR","2,016.00"
"10.1016/j.polymertesting.2024.108626","Core Gold","EUR","1,880.00"
"10.1016/j.porgcoat.2024.108345","Core Hybrid","EUR","2,500.00"
"10.1016/j.porgcoat.2024.108388","Core Hybrid","EUR","2,500.00"
"10.1016/j.porgcoat.2024.108505","Core Hybrid","EUR","2,500.00"
"10.1016/j.porgcoat.2024.108598","Core Hybrid","EUR","2,500.00"
"10.1016/j.porgcoat.2024.108630","Core Hybrid","EUR","2,500.00"
"10.1016/j.porgcoat.2024.108762","Core Hybrid","EUR","2,500.00"
"10.1016/j.porgcoat.2024.108793","Core Hybrid","EUR","2,500.00"
"10.1016/j.postharvbio.2023.112734","Core Hybrid","EUR","2,500.00"
"10.1016/j.postharvbio.2024.112804","Core Hybrid","EUR","2,500.00"
"10.1016/j.powera.2024.100138","Core Gold","EUR","1,920.00"
"10.1016/j.powera.2024.100139","Core Gold","EUR","1,920.00"
"10.1016/j.powera.2024.100144","Core Gold","EUR","1,824.00"
"10.1016/j.powera.2024.100146","Core Gold","EUR","1,920.00"
"10.1016/j.powera.2024.100148","Core Gold","EUR","1,920.00"
"10.1016/j.powera.2024.100151","Core Gold","EUR","1,952.00"
"10.1016/j.powera.2024.100152","Core Gold","EUR","1,952.00"
"10.1016/j.powera.2024.100158","Core Gold","EUR","1,220.00"
"10.1016/j.powtec.2023.119122","Core Hybrid","EUR","2,500.00"
"10.1016/j.powtec.2023.119348","Core Hybrid","EUR","2,500.00"
"10.1016/j.powtec.2023.119356","Core Hybrid","EUR","2,500.00"
"10.1016/j.powtec.2024.119369","Core Hybrid","EUR","2,500.00"
"10.1016/j.powtec.2024.119382","Core Hybrid","EUR","2,500.00"
"10.1016/j.powtec.2024.119398","Core Hybrid","EUR","2,500.00"
"10.1016/j.powtec.2024.119403","Core Hybrid","EUR","2,500.00"
"10.1016/j.powtec.2024.119447","Core Hybrid","EUR","2,500.00"
"10.1016/j.powtec.2024.119474","Core Hybrid","EUR","2,500.00"
"10.1016/j.powtec.2024.119526","Core Hybrid","EUR","2,500.00"
"10.1016/j.powtec.2024.119587","Core Hybrid","EUR","2,500.00"
"10.1016/j.powtec.2024.119756","Core Hybrid","EUR","2,500.00"
"10.1016/j.powtec.2024.119775","Core Hybrid","EUR","2,500.00"
"10.1016/j.powtec.2024.119790","Core Hybrid","EUR","2,500.00"
"10.1016/j.powtec.2024.119864","Core Hybrid","EUR","2,500.00"
"10.1016/j.powtec.2024.119884","Core Hybrid","EUR","2,500.00"
"10.1016/j.powtec.2024.119907","Core Hybrid","EUR","2,500.00"
"10.1016/j.powtec.2024.119958","Core Hybrid","EUR","2,500.00"
"10.1016/j.powtec.2024.119964","Core Hybrid","EUR","2,500.00"
"10.1016/j.powtec.2024.119978","Core Hybrid","EUR","2,500.00"
"10.1016/j.powtec.2024.119984","Core Hybrid","EUR","2,500.00"
"10.1016/j.powtec.2024.120060","Core Hybrid","EUR","2,500.00"
"10.1016/j.powtec.2024.120099","Core Hybrid","EUR","2,500.00"
"10.1016/j.powtec.2024.120102","Core Hybrid","EUR","2,500.00"
"10.1016/j.powtec.2024.120149","Core Hybrid","EUR","2,500.00"
"10.1016/j.powtec.2024.120194","Core Hybrid","EUR","2,500.00"
"10.1016/j.powtec.2024.120255","Core Hybrid","EUR","2,500.00"
"10.1016/j.powtec.2024.120274","Core Hybrid","EUR","2,500.00"
"10.1016/j.powtec.2024.120289","Core Hybrid","EUR","2,500.00"
"10.1016/j.powtec.2024.120299","Core Hybrid","EUR","2,500.00"
"10.1016/j.powtec.2024.120305","Core Hybrid","EUR","2,500.00"
"10.1016/j.powtec.2024.120307","Core Hybrid","EUR","2,500.00"
"10.1016/j.powtec.2024.120317","Core Hybrid","EUR","2,500.00"
"10.1016/j.powtec.2024.120326","Core Hybrid","EUR","2,500.00"
"10.1016/j.powtec.2024.120356","Core Hybrid","EUR","2,500.00"
"10.1016/j.powtec.2024.120357","Core Hybrid","EUR","2,500.00"
"10.1016/j.powtec.2024.120400","Core Hybrid","EUR","2,500.00"
"10.1016/j.powtec.2024.120413","Core Hybrid","EUR","2,500.00"
"10.1016/j.powtec.2024.120451","Core Hybrid","EUR","2,500.00"
"10.1016/j.powtec.2024.120455","Core Hybrid","EUR","2,500.00"
"10.1016/j.powtec.2024.120461","Core Hybrid","EUR","2,500.00"
"10.1016/j.powtec.2024.120465","Core Hybrid","EUR","2,500.00"
"10.1016/j.powtec.2024.120550","Core Hybrid","EUR","2,500.00"
"10.1016/j.powtec.2024.120566","Core Hybrid","EUR","2,500.00"
"10.1016/j.ppedcard.2024.101756","Core Hybrid","EUR","2,500.00"
"10.1016/j.ppees.2024.125780","Core Hybrid","EUR","2,500.00"
"10.1016/j.ppees.2024.125796","Core Hybrid","EUR","2,500.00"
"10.1016/j.ppees.2024.125811","Core Hybrid","EUR","2,500.00"
"10.1016/j.ppees.2024.125829","Core Hybrid","EUR","2,500.00"
"10.1016/j.ppees.2024.125845","Core Hybrid","EUR","2,500.00"
"10.1016/j.ppnp.2024.104105","Core Hybrid","EUR","2,500.00"
"10.1016/j.ppnp.2024.104144","Core Hybrid","EUR","2,500.00"
"10.1016/j.ppnp.2024.104152","Core Hybrid","EUR","2,500.00"
"10.1016/j.pragma.2024.02.005","Core Hybrid","EUR","2,500.00"
"10.1016/j.pragma.2024.04.002","Core Hybrid","EUR","2,500.00"
"10.1016/j.pragma.2024.05.001","Core Hybrid","EUR","2,500.00"
"10.1016/j.pragma.2024.09.006","Core Hybrid","EUR","2,500.00"
"10.1016/j.pragma.2024.10.006","Core Hybrid","EUR","2,500.00"
"10.1016/j.pragma.2024.10.010","Core Hybrid","EUR","2,500.00"
"10.1016/j.pragma.2024.11.002","Core Hybrid","EUR","2,500.00"
"10.1016/j.pragma.2024.11.004","Core Hybrid","EUR","2,500.00"
"10.1016/j.prdoa.2024.100273","Core Gold","EUR","1,752.00"
"10.1016/j.prdoa.2024.100290","Core Gold","EUR",704.00
"10.1016/j.precamres.2024.107325","Core Hybrid","EUR","2,500.00"
"10.1016/j.precamres.2024.107366","Core Hybrid","EUR","2,500.00"
"10.1016/j.precamres.2024.107500","Core Hybrid","EUR","2,500.00"
"10.1016/j.precamres.2024.107612","Core Hybrid","EUR","2,500.00"
"10.1016/j.precamres.2024.107634","Core Hybrid","EUR","2,500.00"
"10.1016/j.preghy.2024.101140","Core Hybrid","EUR","2,500.00"
"10.1016/j.prerep.2024.100014","Core Hybrid","EUR","2,500.00"
"10.1016/j.preteyeres.2024.101249","Core Hybrid","EUR","2,500.00"
"10.1016/j.preteyeres.2024.101276","Core Hybrid","EUR","2,500.00"
"10.1016/j.prevetmed.2024.106274","Core Hybrid","EUR","2,500.00"
"10.1016/j.probengmech.2024.103590","Core Hybrid","EUR","2,500.00"
"10.1016/j.probengmech.2024.103613","Core Hybrid","EUR","2,500.00"
"10.1016/j.probengmech.2024.103618","Core Hybrid","EUR","2,500.00"
"10.1016/j.probengmech.2024.103667","Core Hybrid","EUR","2,500.00"
"10.1016/j.procbio.2024.04.032","Core Hybrid","EUR","2,500.00"
"10.1016/j.procbio.2024.07.017","Core Hybrid","EUR","2,500.00"
"10.1016/j.proci.2024.105207","Core Hybrid","EUR","2,500.00"
"10.1016/j.proci.2024.105219","Core Hybrid","EUR","2,500.00"
"10.1016/j.proci.2024.105225","Core Hybrid","EUR","2,500.00"
"10.1016/j.proci.2024.105226","Core Hybrid","EUR","2,500.00"
"10.1016/j.proci.2024.105242","Core Hybrid","EUR","2,500.00"
"10.1016/j.proci.2024.105252","Core Hybrid","EUR","2,500.00"
"10.1016/j.proci.2024.105253","Core Hybrid","EUR","2,500.00"
"10.1016/j.proci.2024.105262","Core Hybrid","EUR","2,500.00"
"10.1016/j.proci.2024.105273","Core Hybrid","EUR","2,500.00"
"10.1016/j.proci.2024.105276","Core Hybrid","EUR","2,500.00"
"10.1016/j.proci.2024.105297","Core Hybrid","EUR","2,500.00"
"10.1016/j.proci.2024.105309","Core Hybrid","EUR","2,500.00"
"10.1016/j.proci.2024.105332","Core Hybrid","EUR","2,500.00"
"10.1016/j.proci.2024.105334","Core Hybrid","EUR","2,500.00"
"10.1016/j.proci.2024.105346","Core Hybrid","EUR","2,500.00"
"10.1016/j.proci.2024.105348","Core Hybrid","EUR","2,500.00"
"10.1016/j.proci.2024.105349","Core Hybrid","EUR","2,500.00"
"10.1016/j.proci.2024.105357","Core Hybrid","EUR","2,500.00"
"10.1016/j.proci.2024.105358","Core Hybrid","EUR","2,500.00"
"10.1016/j.proci.2024.105362","Core Hybrid","EUR","2,500.00"
"10.1016/j.proci.2024.105381","Core Hybrid","EUR","2,500.00"
"10.1016/j.proci.2024.105391","Core Hybrid","EUR","2,500.00"
"10.1016/j.proci.2024.105398","Core Hybrid","EUR","2,500.00"
"10.1016/j.proci.2024.105418","Core Hybrid","EUR","2,500.00"
"10.1016/j.proci.2024.105429","Core Hybrid","EUR","2,500.00"
"10.1016/j.proci.2024.105442","Core Hybrid","EUR","2,500.00"
"10.1016/j.proci.2024.105450","Core Hybrid","EUR","2,500.00"
"10.1016/j.proci.2024.105453","Core Hybrid","EUR","2,500.00"
"10.1016/j.proci.2024.105457","Core Hybrid","EUR","2,500.00"
"10.1016/j.proci.2024.105458","Core Hybrid","EUR","2,500.00"
"10.1016/j.proci.2024.105461","Core Hybrid","EUR","2,500.00"
"10.1016/j.proci.2024.105466","Core Hybrid","EUR","2,500.00"
"10.1016/j.proci.2024.105487","Core Hybrid","EUR","2,500.00"
"10.1016/j.proci.2024.105507","Core Hybrid","EUR","2,500.00"
"10.1016/j.proci.2024.105537","Core Hybrid","EUR","2,500.00"
"10.1016/j.proci.2024.105538","Core Hybrid","EUR","2,500.00"
"10.1016/j.proci.2024.105564","Core Hybrid","EUR","2,500.00"
"10.1016/j.proci.2024.105567","Core Hybrid","EUR","2,500.00"
"10.1016/j.proci.2024.105571","Core Hybrid","EUR","2,500.00"
"10.1016/j.proci.2024.105579","Core Hybrid","EUR","2,500.00"
"10.1016/j.proci.2024.105605","Core Hybrid","EUR","2,500.00"
"10.1016/j.proci.2024.105609","Core Hybrid","EUR","2,500.00"
"10.1016/j.proci.2024.105620","Core Hybrid","EUR","2,500.00"
"10.1016/j.proci.2024.105636","Core Hybrid","EUR","2,500.00"
"10.1016/j.proci.2024.105638","Core Hybrid","EUR","2,500.00"
"10.1016/j.proci.2024.105665","Core Hybrid","EUR","2,500.00"
"10.1016/j.proci.2024.105672","Core Hybrid","EUR","2,500.00"
"10.1016/j.proci.2024.105673","Core Hybrid","EUR","2,500.00"
"10.1016/j.proci.2024.105681","Core Hybrid","EUR","2,500.00"
"10.1016/j.proci.2024.105683","Core Hybrid","EUR","2,500.00"
"10.1016/j.proci.2024.105706","Core Hybrid","EUR","2,500.00"
"10.1016/j.proci.2024.105711","Core Hybrid","EUR","2,500.00"
"10.1016/j.proci.2024.105759","Core Hybrid","EUR","2,500.00"
"10.1016/j.progpolymsci.2024.101792","Core Hybrid","EUR","2,500.00"
"10.1016/j.progpolymsci.2024.101855","Core Hybrid","EUR","2,500.00"
"10.1016/j.progress.2024.100910","Core Hybrid","EUR","2,500.00"
"10.1016/j.prosdent.2023.11.026","Core Hybrid","EUR","2,500.00"
"10.1016/j.prosdent.2024.01.022","Core Hybrid","EUR","2,500.00"
"10.1016/j.prosdent.2024.01.027","Core Hybrid","EUR","2,500.00"
"10.1016/j.prosdent.2024.02.019","Core Hybrid","EUR","2,500.00"
"10.1016/j.prosdent.2024.02.024","Core Hybrid","EUR","2,500.00"
"10.1016/j.prosdent.2024.04.002","Core Hybrid","EUR","2,500.00"
"10.1016/j.prosdent.2024.05.004","Core Hybrid","EUR","2,500.00"
"10.1016/j.prosdent.2024.05.006","Core Hybrid","EUR","2,500.00"
"10.1016/j.prosdent.2024.09.032","Core Hybrid","EUR","2,500.00"
"10.1016/j.protis.2024.126023","Core Hybrid","EUR","2,500.00"
"10.1016/j.prp.2024.155092","Core Hybrid","EUR","2,500.00"
"10.1016/j.prp.2024.155100","Core Hybrid","EUR","2,500.00"
"10.1016/j.prp.2024.155101","Core Hybrid","EUR","2,500.00"
"10.1016/j.prp.2024.155129","Core Hybrid","EUR","2,500.00"
"10.1016/j.prp.2024.155175","Core Hybrid","EUR","2,500.00"
"10.1016/j.prp.2024.155188","Core Hybrid","EUR","2,500.00"
"10.1016/j.prp.2024.155231","Core Hybrid","EUR","2,500.00"
"10.1016/j.prp.2024.155269","Core Hybrid","EUR","2,500.00"
"10.1016/j.prp.2024.155336","Core Hybrid","EUR","2,500.00"
"10.1016/j.prp.2024.155402","Core Hybrid","EUR","2,500.00"
"10.1016/j.prp.2024.155403","Core Hybrid","EUR","2,500.00"
"10.1016/j.prp.2024.155468","Core Hybrid","EUR","2,500.00"
"10.1016/j.prp.2024.155483","Core Hybrid","EUR","2,500.00"
"10.1016/j.prp.2024.155539","Core Hybrid","EUR","2,500.00"
"10.1016/j.prp.2024.155541","Core Hybrid","EUR","2,500.00"
"10.1016/j.prp.2024.155604","Core Hybrid","EUR","2,500.00"
"10.1016/j.prp.2024.155676","Core Hybrid","EUR","2,500.00"
"10.1016/j.prp.2024.155731","Core Hybrid","EUR","2,500.00"
"10.1016/j.prp.2024.155777","Core Hybrid","EUR","2,500.00"
"10.1016/j.pscychresns.2024.111808","Core Hybrid","EUR","2,500.00"
"10.1016/j.pscychresns.2024.111903","Core Hybrid","EUR","2,500.00"
"10.1016/j.pscychresns.2024.111905","Core Hybrid","EUR","2,500.00"
"10.1016/j.pscychresns.2024.111910","Core Hybrid","EUR","2,500.00"
"10.1016/j.psep.2024.01.101","Core Hybrid","EUR","2,500.00"
"10.1016/j.psep.2024.02.013","Core Hybrid","EUR","2,500.00"
"10.1016/j.psep.2024.04.021","Core Hybrid","EUR","2,500.00"
"10.1016/j.psep.2024.04.131","Core Hybrid","EUR","2,500.00"
"10.1016/j.psep.2024.06.108","Core Hybrid","EUR","2,500.00"
"10.1016/j.psep.2024.11.037","Core Hybrid","EUR","2,500.00"
"10.1016/j.psep.2024.12.060","Core Hybrid","EUR","2,500.00"
"10.1016/j.psj.2024.103635","Core Gold","EUR","1,456.00"
"10.1016/j.psj.2024.103683","Core Gold","EUR","1,456.00"
"10.1016/j.psj.2024.103704","Core Gold","EUR","1,680.00"
"10.1016/j.psj.2024.103782","Core Gold","EUR",728.00
"10.1016/j.psj.2024.103803","Core Gold","EUR","1,680.00"
"10.1016/j.psj.2024.103875","Core Gold","EUR","1,680.00"
"10.1016/j.psj.2024.103900","Core Gold","EUR","1,680.00"
"10.1016/j.psj.2024.103906","Core Gold","EUR","1,680.00"
"10.1016/j.psj.2024.103916","Core Gold","EUR","1,680.00"
"10.1016/j.psj.2024.103956","Core Gold","EUR","1,680.00"
"10.1016/j.psj.2024.103975","Core Gold","EUR","1,680.00"
"10.1016/j.psj.2024.104123","Core Gold","EUR",840.00
"10.1016/j.psj.2024.104162","Core Gold","EUR","1,680.00"
"10.1016/j.psj.2024.104341","Core Gold","EUR","1,680.00"
"10.1016/j.psj.2024.104407","Core Gold","EUR","1,680.00"
"10.1016/j.psj.2024.104450","Core Gold","EUR",840.00
"10.1016/j.psj.2024.104484","Core Gold","EUR","1,680.00"
"10.1016/j.psj.2024.104545","Core Gold","EUR","1,680.00"
"10.1016/j.pss.2024.105887","Core Hybrid","EUR","2,500.00"
"10.1016/j.pss.2024.105955","Core Hybrid","EUR","2,500.00"
"10.1016/j.pss.2024.105995","Core Hybrid","EUR","2,500.00"
"10.1016/j.pss.2024.106010","Core Hybrid","EUR","2,500.00"
"10.1016/j.psychres.2024.115725","Core Hybrid","EUR","2,500.00"
"10.1016/j.psychres.2024.115855","Core Hybrid","EUR","2,500.00"
"10.1016/j.psychres.2024.115877","Core Hybrid","EUR","2,500.00"
"10.1016/j.psychres.2024.115878","Core Hybrid","EUR","2,500.00"
"10.1016/j.psychres.2024.115972","Core Hybrid","EUR","2,500.00"
"10.1016/j.psychres.2024.116007","Core Hybrid","EUR","2,500.00"
"10.1016/j.psychres.2024.116069","Core Hybrid","EUR","2,500.00"
"10.1016/j.psychres.2024.116140","Core Hybrid","EUR","2,500.00"
"10.1016/j.psychres.2024.116165","Core Hybrid","EUR","2,500.00"
"10.1016/j.psychres.2024.116217","Core Hybrid","EUR","2,500.00"
"10.1016/j.psychres.2024.116264","Core Hybrid","EUR","2,500.00"
"10.1016/j.psychres.2024.116306","Core Hybrid","EUR","2,500.00"
"10.1016/j.psychsport.2024.102616","Core Hybrid","EUR","2,500.00"
"10.1016/j.psychsport.2024.102639","Core Hybrid","EUR","2,500.00"
"10.1016/j.psychsport.2024.102657","Core Hybrid","EUR","2,500.00"
"10.1016/j.psychsport.2024.102682","Core Hybrid","EUR","2,500.00"
"10.1016/j.psychsport.2024.102704","Core Hybrid","EUR","2,500.00"
"10.1016/j.psychsport.2024.102719","Core Hybrid","EUR","2,500.00"
"10.1016/j.psychsport.2024.102743","Core Hybrid","EUR","2,500.00"
"10.1016/j.psychsport.2024.102749","Core Hybrid","EUR","2,500.00"
"10.1016/j.psychsport.2024.102756","Core Hybrid","EUR","2,500.00"
"10.1016/j.psyneuen.2024.106964","Core Hybrid","EUR","2,500.00"
"10.1016/j.psyneuen.2024.106976","Core Hybrid","EUR","2,500.00"
"10.1016/j.psyneuen.2024.106986","Core Hybrid","EUR","2,500.00"
"10.1016/j.psyneuen.2024.107004","Core Hybrid","EUR","2,500.00"
"10.1016/j.psyneuen.2024.107026","Core Hybrid","EUR","2,500.00"
"10.1016/j.psyneuen.2024.107027","Core Hybrid","EUR","2,500.00"
"10.1016/j.psyneuen.2024.107031","Core Hybrid","EUR","2,500.00"
"10.1016/j.psyneuen.2024.107036","Core Hybrid","EUR","2,500.00"
"10.1016/j.psyneuen.2024.107051","Core Hybrid","EUR","2,500.00"
"10.1016/j.psyneuen.2024.107066","Core Hybrid","EUR","2,500.00"
"10.1016/j.psyneuen.2024.107082","Core Hybrid","EUR","2,500.00"
"10.1016/j.psyneuen.2024.107083","Core Hybrid","EUR","2,500.00"
"10.1016/j.psyneuen.2024.107103","Core Hybrid","EUR","2,500.00"
"10.1016/j.psyneuen.2024.107107","Core Hybrid","EUR","2,500.00"
"10.1016/j.psyneuen.2024.107109","Core Hybrid","EUR","2,500.00"
"10.1016/j.psyneuen.2024.107111","Core Hybrid","EUR","2,500.00"
"10.1016/j.psyneuen.2024.107144","Core Hybrid","EUR","2,500.00"
"10.1016/j.psyneuen.2024.107148","Core Hybrid","EUR","2,500.00"
"10.1016/j.psyneuen.2024.107192","Core Hybrid","EUR","2,500.00"
"10.1016/j.psyneuen.2024.107211","Core Hybrid","EUR","2,500.00"
"10.1016/j.psyneuen.2024.107216","Core Hybrid","EUR","2,500.00"
"10.1016/j.psyneuen.2024.107232","Core Hybrid","EUR","2,500.00"
"10.1016/j.psyneuen.2024.107246","Core Hybrid","EUR","2,500.00"
"10.1016/j.pt.2024.02.003","CP/TL Hybrid","EUR","6,450.00"
"10.1016/j.pt.2024.07.005","CP/TL Hybrid","EUR","6,450.00"
"10.1016/j.pt.2024.07.009","CP/TL Hybrid","EUR","6,450.00"
"10.1016/j.pt.2024.07.013","CP/TL Hybrid","EUR","6,450.00"
"10.1016/j.pt.2024.09.006","CP/TL Hybrid","EUR","6,450.00"
"10.1016/j.pubrev.2024.102521","Core Hybrid","EUR","2,500.00"
"10.1016/j.pubrev.2024.102532","Core Hybrid","EUR","2,500.00"
"10.1016/j.puhe.2024.04.031","Core Hybrid","EUR","2,500.00"
"10.1016/j.puhe.2024.04.040","Core Hybrid","EUR","2,500.00"
"10.1016/j.puhe.2024.05.020","Core Hybrid","EUR","2,500.00"
"10.1016/j.puhe.2024.06.019","Core Hybrid","EUR","2,500.00"
"10.1016/j.puhe.2024.08.009","Core Hybrid","EUR","2,500.00"
"10.1016/j.puhe.2024.09.010","Core Hybrid","EUR","2,500.00"
"10.1016/j.pursup.2024.100896","Core Hybrid","EUR","2,500.00"
"10.1016/j.pursup.2024.100921","Core Hybrid","EUR","2,500.00"
"10.1016/j.pursup.2024.100951","Core Hybrid","EUR","2,500.00"
"10.1016/j.pursup.2024.100953","Core Hybrid","EUR","2,500.00"
"10.1016/j.qref.2024.02.007","Core Hybrid","EUR","2,500.00"
"10.1016/j.qref.2024.03.011","Core Hybrid","EUR","2,500.00"
"10.1016/j.qref.2024.04.010","Core Hybrid","EUR","2,500.00"
"10.1016/j.qref.2024.101865","Core Hybrid","EUR","2,500.00"
"10.1016/j.qref.2024.101916","Core Hybrid","EUR","2,500.00"
"10.1016/j.qsa.2024.100187","Core Gold","EUR","1,352.00"
"10.1016/j.qsa.2024.100231","Core Gold","EUR","1,208.00"
"10.1016/j.quageo.2024.101513","Core Hybrid","EUR","2,500.00"
"10.1016/j.quageo.2024.101535","Core Hybrid","EUR","2,500.00"
"10.1016/j.quageo.2024.101536","Core Hybrid","EUR","2,500.00"
"10.1016/j.quageo.2024.101551","Core Hybrid","EUR","2,500.00"
"10.1016/j.quageo.2024.101562","Core Hybrid","EUR","2,500.00"
"10.1016/j.quageo.2024.101564","Core Hybrid","EUR","2,500.00"
"10.1016/j.quageo.2024.101585","Core Hybrid","EUR","2,500.00"
"10.1016/j.quageo.2024.101628","Core Hybrid","EUR","2,500.00"
"10.1016/j.quaint.2023.11.001","Core Hybrid","EUR","2,500.00"
"10.1016/j.quaint.2024.01.002","Core Hybrid","EUR","2,500.00"
"10.1016/j.quaint.2024.01.005","Core Hybrid","EUR","2,500.00"
"10.1016/j.quaint.2024.02.004","Core Hybrid","EUR","2,500.00"
"10.1016/j.quaint.2024.04.003","Core Hybrid","EUR","2,500.00"
"10.1016/j.quaint.2024.05.002","Core Hybrid","EUR","2,500.00"
"10.1016/j.quaint.2024.11.007","Core Hybrid","EUR","2,500.00"
"10.1016/j.quascirev.2023.108464","Core Hybrid","EUR","2,500.00"
"10.1016/j.quascirev.2024.108520","Core Hybrid","EUR","2,500.00"
"10.1016/j.quascirev.2024.108559","Core Hybrid","EUR","2,500.00"
"10.1016/j.quascirev.2024.108562","Core Hybrid","EUR","2,500.00"
"10.1016/j.quascirev.2024.108601","Core Hybrid","EUR","2,500.00"
"10.1016/j.quascirev.2024.108633","Core Hybrid","EUR","2,500.00"
"10.1016/j.quascirev.2024.108650","Core Hybrid","EUR","2,500.00"
"10.1016/j.quascirev.2024.108685","Core Hybrid","EUR","2,500.00"
"10.1016/j.quascirev.2024.108713","Core Hybrid","EUR","2,500.00"
"10.1016/j.quascirev.2024.108745","Core Hybrid","EUR","2,500.00"
"10.1016/j.quascirev.2024.108749","Core Hybrid","EUR","2,500.00"
"10.1016/j.quascirev.2024.108752","Core Hybrid","EUR","2,500.00"
"10.1016/j.quascirev.2024.108757","Core Hybrid","EUR","2,500.00"
"10.1016/j.quascirev.2024.108792","Core Hybrid","EUR","2,500.00"
"10.1016/j.quascirev.2024.108806","Core Hybrid","EUR","2,500.00"
"10.1016/j.quascirev.2024.108810","Core Hybrid","EUR","2,500.00"
"10.1016/j.quascirev.2024.108850","Core Hybrid","EUR","2,500.00"
"10.1016/j.quascirev.2024.108867","Core Hybrid","EUR","2,500.00"
"10.1016/j.quascirev.2024.108945","Core Hybrid","EUR","2,500.00"
"10.1016/j.quascirev.2024.108966","Core Hybrid","EUR","2,500.00"
"10.1016/j.quascirev.2024.108976","Core Hybrid","EUR","2,500.00"
"10.1016/j.quascirev.2024.108985","Core Hybrid","EUR","2,500.00"
"10.1016/j.quascirev.2024.108999","Core Hybrid","EUR","2,500.00"
"10.1016/j.quascirev.2024.109012","Core Hybrid","EUR","2,500.00"
"10.1016/j.quascirev.2024.109018","Core Hybrid","EUR","2,500.00"
"10.1016/j.quascirev.2024.109085","Core Hybrid","EUR","2,500.00"
"10.1016/j.quascirev.2024.109148","Core Hybrid","EUR","2,500.00"
"10.1016/j.radcr.2024.03.074","Core Gold","EUR",400.00
"10.1016/j.radcr.2024.04.032","Core Gold","EUR",400.00
"10.1016/j.radcr.2024.07.084","Core Gold","EUR",400.00
"10.1016/j.radcr.2024.08.035","Core Gold","EUR",400.00
"10.1016/j.radmeas.2024.107086","Core Hybrid","EUR","2,500.00"
"10.1016/j.radmeas.2024.107097","Core Hybrid","EUR","2,500.00"
"10.1016/j.radmeas.2024.107116","Core Hybrid","EUR","2,500.00"
"10.1016/j.radmeas.2024.107175","Core Hybrid","EUR","2,500.00"
"10.1016/j.radmeas.2024.107214","Core Hybrid","EUR","2,500.00"
"10.1016/j.radonc.2024.110192","Core Hybrid","EUR","2,500.00"
"10.1016/j.radonc.2024.110197","Core Hybrid","EUR","2,500.00"
"10.1016/j.radonc.2024.110215","Core Hybrid","EUR","2,500.00"
"10.1016/j.radonc.2024.110331","Core Hybrid","EUR","2,500.00"
"10.1016/j.radonc.2024.110338","Core Hybrid","EUR","2,500.00"
"10.1016/j.radonc.2024.110418","Core Hybrid","EUR","2,500.00"
"10.1016/j.radonc.2024.110419","Core Hybrid","EUR","2,500.00"
"10.1016/j.radonc.2024.110434","Core Hybrid","EUR","2,500.00"
"10.1016/j.radonc.2024.110444","Core Hybrid","EUR","2,500.00"
"10.1016/j.radonc.2024.110459","Core Hybrid","EUR","2,500.00"
"10.1016/j.radonc.2024.110468","Core Hybrid","EUR","2,500.00"
"10.1016/j.radonc.2024.110475","Core Hybrid","EUR","2,500.00"
"10.1016/j.radonc.2024.110476","Core Hybrid","EUR","2,500.00"
"10.1016/j.radonc.2024.110499","Core Hybrid","EUR","2,500.00"
"10.1016/j.radonc.2024.110521","Core Hybrid","EUR","2,500.00"
"10.1016/j.radonc.2024.110572","Core Hybrid","EUR","2,500.00"
"10.1016/j.radonc.2024.110579","Core Hybrid","EUR","2,500.00"
"10.1016/j.radonc.2024.110590","Core Hybrid","EUR","2,500.00"
"10.1016/j.radonc.2024.110642","Core Hybrid","EUR","2,500.00"
"10.1016/j.radonc.2024.110652","Core Hybrid","EUR","2,500.00"
"10.1016/j.radonc.2024.110657","Core Hybrid","EUR","2,500.00"
"10.1016/j.radonc.2024.110702","Core Hybrid","EUR","2,500.00"
"10.1016/j.radphyschem.2024.111781","Core Hybrid","EUR","2,500.00"
"10.1016/j.radphyschem.2024.112247","Core Hybrid","EUR","2,500.00"
"10.1016/j.rasd.2024.102493","Core Hybrid","EUR","2,500.00"
"10.1016/j.rasd.2024.102502","Core Hybrid","EUR","2,500.00"
"10.1016/j.rbmo.2024.103940","Core Hybrid","EUR","2,500.00"
"10.1016/j.rcim.2024.102780","Core Hybrid","EUR","2,500.00"
"10.1016/j.rcim.2024.102812","Core Hybrid","EUR","2,500.00"
"10.1016/j.rcim.2024.102837","Core Hybrid","EUR","2,500.00"
"10.1016/j.rcim.2024.102848","Core Hybrid","EUR","2,500.00"
"10.1016/j.rcradv.2024.200220","Core Gold","EUR",960.00
"10.1016/j.rcradv.2024.200225","Core Gold","EUR",980.00
"10.1016/j.rcradv.2024.200235","Core Gold","EUR",980.00
"10.1016/j.rcsop.2024.100465","Core Gold","EUR",820.00
"10.1016/j.rec.2024.02.014","Core Hybrid","EUR","2,500.00"
"10.1016/j.rec.2024.06.002","Core Hybrid","EUR","2,500.00"
"10.1016/j.rec.2024.10.005","Core Hybrid","EUR","2,500.00"
"10.1016/j.rechem.2024.101780","Core Gold","EUR","1,088.00"
"10.1016/j.red.2024.101237","Core Hybrid","EUR","2,500.00"
"10.1016/j.redox.2023.102995","Core Gold","EUR","2,848.00"
"10.1016/j.redox.2023.103014","Core Gold","EUR","1,696.00"
"10.1016/j.redox.2024.103043","Core Gold","EUR","2,848.00"
"10.1016/j.redox.2024.103071","Core Gold","EUR","2,848.00"
"10.1016/j.redox.2024.103082","Core Gold","EUR","2,848.00"
"10.1016/j.redox.2024.103093","Core Gold","EUR","2,848.00"
"10.1016/j.redox.2024.103141","Core Gold","EUR","2,848.00"
"10.1016/j.redox.2024.103149","Core Gold","EUR","2,848.00"
"10.1016/j.redox.2024.103170","Core Gold","EUR","2,848.00"
"10.1016/j.redox.2024.103191","Core Gold","EUR","2,848.00"
"10.1016/j.redox.2024.103256","Core Gold","EUR","2,848.00"
"10.1016/j.redox.2024.103290","Core Gold","EUR","2,848.00"
"10.1016/j.redox.2024.103308","Core Gold","EUR","2,848.00"
"10.1016/j.redox.2024.103352","Core Gold","EUR","2,848.00"
"10.1016/j.redox.2024.103396","Core Gold","EUR","3,064.00"
"10.1016/j.redox.2024.103401","Core Gold","EUR","2,960.00"
"10.1016/j.redox.2024.103410","Core Gold","EUR","2,960.00"
"10.1016/j.redox.2024.103452","Core Gold","EUR","3,064.00"
"10.1016/j.redox.2024.103453","Core Gold","EUR","1,824.00"
"10.1016/j.redox.2024.103454","Core Gold","EUR","3,064.00"
"10.1016/j.ref.2024.100570","Core Hybrid","EUR","2,500.00"
"10.1016/j.regsciurbeco.2024.104040","Core Hybrid","EUR","2,500.00"
"10.1016/j.regsciurbeco.2024.104060","Core Hybrid","EUR","2,500.00"
"10.1016/j.renene.2023.119923","Core Hybrid","EUR","2,500.00"
"10.1016/j.renene.2024.119989","Core Hybrid","EUR","2,500.00"
"10.1016/j.renene.2024.120111","Core Hybrid","EUR","2,500.00"
"10.1016/j.renene.2024.120112","Core Hybrid","EUR","2,500.00"
"10.1016/j.renene.2024.120117","Core Hybrid","EUR","2,500.00"
"10.1016/j.renene.2024.120376","Core Hybrid","EUR","2,500.00"
"10.1016/j.renene.2024.120412","Core Hybrid","EUR","2,500.00"
"10.1016/j.renene.2024.120541","Core Hybrid","EUR","2,500.00"
"10.1016/j.renene.2024.120577","Core Hybrid","EUR","2,500.00"
"10.1016/j.renene.2024.120664","Core Hybrid","EUR","2,500.00"
"10.1016/j.renene.2024.120773","Core Hybrid","EUR","2,500.00"
"10.1016/j.renene.2024.120836","Core Hybrid","EUR","2,500.00"
"10.1016/j.renene.2024.120898","Core Hybrid","EUR","2,500.00"
"10.1016/j.renene.2024.120941","Core Hybrid","EUR","2,500.00"
"10.1016/j.renene.2024.121057","Core Hybrid","EUR","2,500.00"
"10.1016/j.renene.2024.121060","Core Hybrid","EUR","2,500.00"
"10.1016/j.renene.2024.121197","Core Hybrid","EUR","2,500.00"
"10.1016/j.renene.2024.121252","Core Hybrid","EUR","2,500.00"
"10.1016/j.renene.2024.121386","Core Hybrid","EUR","2,500.00"
"10.1016/j.renene.2024.121409","Core Hybrid","EUR","2,500.00"
"10.1016/j.renene.2024.121412","Core Hybrid","EUR","2,500.00"
"10.1016/j.renene.2024.121526","Core Hybrid","EUR","2,500.00"
"10.1016/j.renene.2024.121665","Core Hybrid","EUR","2,500.00"
"10.1016/j.renene.2024.121697","Core Hybrid","EUR","2,500.00"
"10.1016/j.renene.2024.121815","Core Hybrid","EUR","2,500.00"
"10.1016/j.renene.2024.121823","Core Hybrid","EUR","2,500.00"
"10.1016/j.renene.2024.121967","Core Hybrid","EUR","2,500.00"
"10.1016/j.renene.2024.122086","Core Hybrid","EUR","2,500.00"
"10.1016/j.renene.2024.122090","Core Hybrid","EUR","2,500.00"
"10.1016/j.renene.2024.122171","Core Hybrid","EUR","2,500.00"
"10.1016/j.renene.2024.122172","Core Hybrid","EUR","2,500.00"
"10.1016/j.repbio.2024.100880","Core Hybrid","EUR","2,500.00"
"10.1016/j.reprotox.2024.108573","Core Hybrid","EUR","2,500.00"
"10.1016/j.resconrec.2023.107201","Core Hybrid","EUR","2,500.00"
"10.1016/j.resconrec.2023.107376","Core Hybrid","EUR","2,500.00"
"10.1016/j.resconrec.2023.107387","Core Hybrid","EUR","2,500.00"
"10.1016/j.resconrec.2024.107434","Core Hybrid","EUR","2,500.00"
"10.1016/j.resconrec.2024.107440","Core Hybrid","EUR","2,500.00"
"10.1016/j.resconrec.2024.107446","Core Hybrid","EUR","2,500.00"
"10.1016/j.resconrec.2024.107476","Core Hybrid","EUR","2,500.00"
"10.1016/j.resconrec.2024.107517","Core Hybrid","EUR","2,500.00"
"10.1016/j.resconrec.2024.107540","Core Hybrid","EUR","2,500.00"
"10.1016/j.resconrec.2024.107541","Core Hybrid","EUR","2,500.00"
"10.1016/j.resconrec.2024.107557","Core Hybrid","EUR","2,500.00"
"10.1016/j.resconrec.2024.107558","Core Hybrid","EUR","2,500.00"
"10.1016/j.resconrec.2024.107577","Core Hybrid","EUR","2,500.00"
"10.1016/j.resconrec.2024.107579","Core Hybrid","EUR","2,500.00"
"10.1016/j.resconrec.2024.107594","Core Hybrid","EUR","2,500.00"
"10.1016/j.resconrec.2024.107596","Core Hybrid","EUR","2,500.00"
"10.1016/j.resconrec.2024.107599","Core Hybrid","EUR","2,500.00"
"10.1016/j.resconrec.2024.107600","Core Hybrid","EUR","2,500.00"
"10.1016/j.resconrec.2024.107613","Core Hybrid","EUR","2,500.00"
"10.1016/j.resconrec.2024.107752","Core Hybrid","EUR","2,500.00"
"10.1016/j.resconrec.2024.107781","Core Hybrid","EUR","2,500.00"
"10.1016/j.resconrec.2024.107786","Core Hybrid","EUR","2,500.00"
"10.1016/j.resconrec.2024.107837","Core Hybrid","EUR","2,500.00"
"10.1016/j.resconrec.2024.107854","Core Hybrid","EUR","2,500.00"
"10.1016/j.resconrec.2024.107876","Core Hybrid","EUR","2,500.00"
"10.1016/j.resconrec.2024.107889","Core Hybrid","EUR","2,500.00"
"10.1016/j.resconrec.2024.107948","Core Hybrid","EUR","2,500.00"
"10.1016/j.resconrec.2024.107971","Core Hybrid","EUR","2,500.00"
"10.1016/j.resconrec.2024.107986","Core Hybrid","EUR","2,500.00"
"10.1016/j.resconrec.2024.108012","Core Hybrid","EUR","2,500.00"
"10.1016/j.resconrec.2024.108057","Core Hybrid","EUR","2,500.00"
"10.1016/j.reseneeco.2024.101435","Core Hybrid","EUR","2,500.00"
"10.1016/j.reseneeco.2024.101440","Core Hybrid","EUR","2,500.00"
"10.1016/j.reseneeco.2024.101472","Core Hybrid","EUR","2,500.00"
"10.1016/j.reseneeco.2024.101473","Core Hybrid","EUR","2,500.00"
"10.1016/j.resenv.2024.100150","Core Gold","EUR","1,456.00"
"10.1016/j.resenv.2024.100187","Core Gold","EUR","1,456.00"
"10.1016/j.resglo.2024.100260","Core Gold","EUR","1,208.00"
"10.1016/j.resourpol.2024.105160","Core Hybrid","EUR","2,500.00"
"10.1016/j.resourpol.2024.105367","Core Hybrid","EUR","2,500.00"
"10.1016/j.resourpol.2024.105423","Core Hybrid","EUR","2,500.00"
"10.1016/j.resplu.2024.100631","Core Gold","EUR","1,616.00"
"10.1016/j.resplu.2024.100728","Core Gold","EUR","1,616.00"
"10.1016/j.resplu.2024.100742","Core Gold","EUR","1,616.00"
"10.1016/j.resplu.2024.100750","Core Gold","EUR","1,688.00"
"10.1016/j.resplu.2024.100762","Core Gold","EUR","1,616.00"
"10.1016/j.resplu.2024.100767","Core Gold","EUR","1,616.00"
"10.1016/j.resplu.2024.100779","Core Gold","EUR","1,616.00"
"10.1016/j.resplu.2024.100800","Core Gold","EUR","1,688.00"
"10.1016/j.resplu.2024.100825","Core Gold","EUR","1,688.00"
"10.1016/j.respol.2024.104988","Core Hybrid","EUR","2,500.00"
"10.1016/j.respol.2024.104995","Core Hybrid","EUR","2,500.00"
"10.1016/j.respol.2024.105006","Core Hybrid","EUR","2,500.00"
"10.1016/j.respol.2024.105024","Core Hybrid","EUR","2,500.00"
"10.1016/j.respol.2024.105026","Core Hybrid","EUR","2,500.00"
"10.1016/j.respol.2024.105031","Core Hybrid","EUR","2,500.00"
"10.1016/j.respol.2024.105060","Core Hybrid","EUR","2,500.00"
"10.1016/j.respol.2024.105130","Core Hybrid","EUR","2,500.00"
"10.1016/j.respol.2024.105138","Core Hybrid","EUR","2,500.00"
"10.1016/j.respol.2024.105147","Core Hybrid","EUR","2,500.00"
"10.1016/j.ress.2024.110052","Core Hybrid","EUR","2,500.00"
"10.1016/j.ress.2024.110053","Core Hybrid","EUR","2,500.00"
"10.1016/j.ress.2024.110296","Core Hybrid","EUR","2,500.00"
"10.1016/j.ress.2024.110432","Core Hybrid","EUR","2,500.00"
"10.1016/j.ress.2024.110640","Core Hybrid","EUR","2,500.00"
"10.1016/j.resuscitation.2024.110149","Core Hybrid","EUR","2,500.00"
"10.1016/j.resuscitation.2024.110189","Core Hybrid","EUR","2,500.00"
"10.1016/j.resuscitation.2024.110243","Core Hybrid","EUR","2,500.00"
"10.1016/j.resuscitation.2024.110309","Core Hybrid","EUR","2,500.00"
"10.1016/j.resuscitation.2024.110416","Core Hybrid","EUR","2,500.00"
"10.1016/j.resuscitation.2024.110453","Core Hybrid","EUR","2,500.00"
"10.1016/j.resuscitation.2024.110456","Core Hybrid","EUR","2,500.00"
"10.1016/j.retram.2024.103463","Core Hybrid","EUR","2,500.00"
"10.1016/j.retrec.2024.101445","Core Hybrid","EUR","2,500.00"
"10.1016/j.revip.2024.100092","Core Gold","EUR","1,456.00"
"10.1016/j.revip.2024.100097","Core Gold","EUR",910.00
"10.1016/j.revmic.2024.100771","Core Hybrid","EUR","2,500.00"
"10.1016/j.revpalbo.2024.105204","Core Hybrid","EUR","2,500.00"
"10.1016/j.rhisph.2024.100899","Core Hybrid","EUR","2,500.00"
"10.1016/j.rhisph.2024.100912","Core Hybrid","EUR","2,500.00"
"10.1016/j.rhisph.2024.101006","Core Hybrid","EUR","2,500.00"
"10.1016/j.ribaf.2024.102395","Core Hybrid","EUR","2,500.00"
"10.1016/j.ribaf.2024.102529","Core Hybrid","EUR","2,500.00"
"10.1016/j.ribaf.2024.102539","Core Hybrid","EUR","2,500.00"
"10.1016/j.ribaf.2024.102669","Core Hybrid","EUR","2,500.00"
"10.1016/j.ridd.2024.104699","Core Hybrid","EUR","2,500.00"
"10.1016/j.ridd.2024.104721","Core Hybrid","EUR","2,500.00"
"10.1016/j.ridd.2024.104781","Core Hybrid","EUR","2,500.00"
"10.1016/j.ridd.2024.104855","Core Hybrid","EUR","2,500.00"
"10.1016/j.ridd.2024.104868","Core Hybrid","EUR","2,500.00"
"10.1016/j.rie.2024.100987","Core Hybrid","EUR","2,500.00"
"10.1016/j.rie.2024.100990","Core Hybrid","EUR","2,500.00"
"10.1016/j.rie.2024.101000","Core Hybrid","EUR","2,500.00"
"10.1016/j.rinam.2024.100453","Core Gold","EUR",544.00
"10.1016/j.rineng.2024.101750","Core Gold","EUR","1,072.00"
"10.1016/j.rineng.2024.101778","Core Gold","EUR",880.00
"10.1016/j.rineng.2024.102168","Core Gold","EUR","1,072.00"
"10.1016/j.rineng.2024.102172","Core Gold","EUR","1,072.00"
"10.1016/j.rineng.2024.102435","Core Gold","EUR","1,088.00"
"10.1016/j.rineng.2024.102641","Core Gold","EUR","1,088.00"
"10.1016/j.rineng.2024.102708","Core Gold","EUR","1,088.00"
"10.1016/j.rineng.2024.102762","Core Gold","EUR","1,088.00"
"10.1016/j.rineng.2024.102918","Core Gold","EUR","1,088.00"
"10.1016/j.rineng.2024.102919","Core Gold","EUR","1,088.00"
"10.1016/j.rineng.2024.103119","Core Gold","EUR","1,160.00"
"10.1016/j.rineng.2024.103282","Core Gold","EUR","1,160.00"
"10.1016/j.rineng.2024.103728","Core Gold","EUR","1,200.00"
"10.1016/j.rinma.2024.100543","Core Gold","EUR",880.00
"10.1016/j.rinma.2024.100604","Core Gold","EUR",928.00
"10.1016/j.rinp.2024.107494","Core Gold","EUR","1,232.00"
"10.1016/j.rinp.2024.107794","Core Gold","EUR",568.00
"10.1016/j.rinp.2024.107970","Core Gold","EUR","1,232.00"
"10.1016/j.rmal.2024.100107","Core Hybrid","EUR","2,500.00"
"10.1016/j.rmal.2024.100127","Core Hybrid","EUR","2,500.00"
"10.1016/j.rmal.2024.100156","Core Hybrid","EUR","2,500.00"
"10.1016/j.rmed.2024.107536","Core Hybrid","EUR","2,500.00"
"10.1016/j.rmed.2024.107559","Core Hybrid","EUR","2,500.00"
"10.1016/j.rmed.2024.107750","Core Hybrid","EUR","2,500.00"
"10.1016/j.rmed.2024.107760","Core Hybrid","EUR","2,500.00"
"10.1016/j.rmed.2024.107772","Core Hybrid","EUR","2,500.00"
"10.1016/j.rmed.2024.107812","Core Hybrid","EUR","2,500.00"
"10.1016/j.rmed.2024.107817","Core Hybrid","EUR","2,500.00"
"10.1016/j.rmed.2024.107825","Core Hybrid","EUR","2,500.00"
"10.1016/j.rmed.2024.107868","Core Hybrid","EUR","2,500.00"
"10.1016/j.rmed.2024.107880","Core Hybrid","EUR","2,500.00"
"10.1016/j.rmed.2024.107910","Core Hybrid","EUR","2,500.00"
"10.1016/j.robot.2024.104755","Core Hybrid","EUR","2,500.00"
"10.1016/j.robot.2024.104795","Core Hybrid","EUR","2,500.00"
"10.1016/j.robot.2024.104852","Core Hybrid","EUR","2,500.00"
"10.1016/j.robot.2024.104869","Core Hybrid","EUR","2,500.00"
"10.1016/j.rpth.2024.102545","Core Gold","EUR","1,640.00"
"10.1016/j.rpth.2024.102565","Core Gold","EUR","1,640.00"
"10.1016/j.rpth.2024.102624","Core Gold","EUR","1,640.00"
"10.1016/j.rsase.2024.101230","Core Hybrid","EUR","2,500.00"
"10.1016/j.rsase.2024.101235","Core Hybrid","EUR","2,500.00"
"10.1016/j.rsase.2024.101264","Core Hybrid","EUR","2,500.00"
"10.1016/j.rsase.2024.101385","Core Hybrid","EUR","2,500.00"
"10.1016/j.rsase.2024.101388","Core Hybrid","EUR","2,500.00"
"10.1016/j.rsase.2024.101427","Core Hybrid","EUR","2,500.00"
"10.1016/j.rse.2024.113993","Core Hybrid","EUR","2,500.00"
"10.1016/j.rse.2024.114067","Core Hybrid","EUR","2,500.00"
"10.1016/j.rse.2024.114069","Core Hybrid","EUR","2,500.00"
"10.1016/j.rse.2024.114162","Core Hybrid","EUR","2,500.00"
"10.1016/j.rse.2024.114165","Core Hybrid","EUR","2,500.00"
"10.1016/j.rse.2024.114194","Core Hybrid","EUR","2,500.00"
"10.1016/j.rse.2024.114206","Core Hybrid","EUR","2,500.00"
"10.1016/j.rse.2024.114270","Core Hybrid","EUR","2,500.00"
"10.1016/j.rse.2024.114276","Core Hybrid","EUR","2,500.00"
"10.1016/j.rse.2024.114294","Core Hybrid","EUR","2,500.00"
"10.1016/j.rse.2024.114323","Core Hybrid","EUR","2,500.00"
"10.1016/j.rse.2024.114379","Core Hybrid","EUR","2,500.00"
"10.1016/j.rse.2024.114389","Core Hybrid","EUR","2,500.00"
"10.1016/j.rse.2024.114434","Core Hybrid","EUR","2,500.00"
"10.1016/j.rse.2024.114439","Core Hybrid","EUR","2,500.00"
"10.1016/j.rse.2024.114451","Core Hybrid","EUR","2,500.00"
"10.1016/j.rse.2024.114475","Core Hybrid","EUR","2,500.00"
"10.1016/j.rse.2024.114521","Core Hybrid","EUR","2,500.00"
"10.1016/j.rse.2024.114547","Core Hybrid","EUR","2,500.00"
"10.1016/j.rser.2024.114422","Core Hybrid","EUR","2,500.00"
"10.1016/j.rser.2024.114500","Core Hybrid","EUR","2,500.00"
"10.1016/j.rser.2024.114607","Core Hybrid","EUR","2,500.00"
"10.1016/j.rser.2024.114621","Core Hybrid","EUR","2,500.00"
"10.1016/j.rser.2024.114706","Core Hybrid","EUR","2,500.00"
"10.1016/j.rser.2024.114730","Core Hybrid","EUR","2,500.00"
"10.1016/j.rser.2024.114762","Core Hybrid","EUR","2,500.00"
"10.1016/j.rser.2024.114842","Core Hybrid","EUR","2,500.00"
"10.1016/j.rser.2024.114850","Core Hybrid","EUR","2,500.00"
"10.1016/j.rser.2024.114865","Core Hybrid","EUR","2,500.00"
"10.1016/j.rser.2024.114944","Core Hybrid","EUR","2,500.00"
"10.1016/j.rser.2024.114960","Core Hybrid","EUR","2,500.00"
"10.1016/j.rser.2024.114978","Core Hybrid","EUR","2,500.00"
"10.1016/j.rser.2024.115019","Core Hybrid","EUR","2,500.00"
"10.1016/j.rser.2024.115057","Core Hybrid","EUR","2,500.00"
"10.1016/j.rser.2024.115092","Core Hybrid","EUR","2,500.00"
"10.1016/j.rser.2024.115101","Core Hybrid","EUR","2,500.00"
"10.1016/j.rser.2024.115156","Core Hybrid","EUR","2,500.00"
"10.1016/j.rser.2024.115223","Core Hybrid","EUR","2,500.00"
"10.1016/j.rset.2024.100094","Core Gold","EUR","1,095.00"
"10.1016/j.rsma.2024.103400","Core Hybrid","EUR","2,500.00"
"10.1016/j.rsma.2024.103476","Core Hybrid","EUR","2,500.00"
"10.1016/j.rsma.2024.103525","Core Hybrid","EUR","2,500.00"
"10.1016/j.rspp.2024.100130","Core Gold","EUR","1,276.80"
"10.1016/j.rssm.2024.100892","Core Hybrid","EUR","2,500.00"
"10.1016/j.rssm.2024.100894","Core Hybrid","EUR","2,500.00"
"10.1016/j.rssm.2024.100895","Core Hybrid","EUR","2,500.00"
"10.1016/j.rssm.2024.100918","Core Hybrid","EUR","2,500.00"
"10.1016/j.rssm.2024.100936","Core Hybrid","EUR","2,500.00"
"10.1016/j.rssm.2024.100955","Core Hybrid","EUR","2,500.00"
"10.1016/j.rssm.2024.100957","Core Hybrid","EUR","2,500.00"
"10.1016/j.rssm.2024.100963","Core Hybrid","EUR","2,500.00"
"10.1016/j.rssm.2024.100980","Core Hybrid","EUR","2,500.00"
"10.1016/j.rssm.2024.100992","Core Hybrid","EUR","2,500.00"
"10.1016/j.rtbm.2024.101101","Core Hybrid","EUR","2,500.00"
"10.1016/j.rtbm.2024.101192","Core Hybrid","EUR","2,500.00"
"10.1016/j.rtbm.2024.101266","Core Hybrid","EUR","2,500.00"
"10.1016/j.saa.2024.124473","Core Hybrid","EUR","2,500.00"
"10.1016/j.saa.2024.124936","Core Hybrid","EUR","2,500.00"
"10.1016/j.saa.2024.125087","Core Hybrid","EUR","2,500.00"
"10.1016/j.sab.2024.106884","Core Hybrid","EUR","2,500.00"
"10.1016/j.sab.2024.106899","Core Hybrid","EUR","2,500.00"
"10.1016/j.sab.2024.106946","Core Hybrid","EUR","2,500.00"
"10.1016/j.sab.2024.106950","Core Hybrid","EUR","2,500.00"
"10.1016/j.sab.2024.107003","Core Hybrid","EUR","2,500.00"
"10.1016/j.sab.2024.107013","Core Hybrid","EUR","2,500.00"
"10.1016/j.sab.2024.107014","Core Hybrid","EUR","2,500.00"
"10.1016/j.sab.2024.107048","Core Hybrid","EUR","2,500.00"
"10.1016/j.sab.2024.107052","Core Hybrid","EUR","2,500.00"
"10.1016/j.sab.2024.107053","Core Hybrid","EUR","2,500.00"
"10.1016/j.sab.2024.107063","Core Hybrid","EUR","2,500.00"
"10.1016/j.sajb.2024.07.017","Core Hybrid","EUR","2,500.00"
"10.1016/j.sapharm.2024.03.012","Core Hybrid","EUR","2,500.00"
"10.1016/j.sasc.2024.200078","Core Gold","EUR",685.00
"10.1016/j.sbi.2023.102766","Core Hybrid","EUR","2,500.00"
"10.1016/j.sbi.2024.102814","Core Hybrid","EUR","2,500.00"
"10.1016/j.sbi.2024.102817","Core Hybrid","EUR","2,500.00"
"10.1016/j.sbi.2024.102825","Core Hybrid","EUR","2,500.00"
"10.1016/j.sbi.2024.102843","Core Hybrid","EUR","2,500.00"
"10.1016/j.sbi.2024.102887","Core Hybrid","EUR","2,500.00"
"10.1016/j.sbi.2024.102907","Core Hybrid","EUR","2,500.00"
"10.1016/j.sbsr.2024.100645","Core Gold","EUR","1,800.00"
"10.1016/j.sbsr.2024.100654","Core Gold","EUR","1,800.00"
"10.1016/j.sbsr.2024.100715","Core Gold","EUR","1,832.00"
"10.1016/j.scaman.2024.101358","Core Hybrid","EUR","2,500.00"
"10.1016/j.scaman.2024.101361","Core Hybrid","EUR","2,500.00"
"10.1016/j.schres.2024.03.049","Core Hybrid","EUR","2,500.00"
"10.1016/j.schres.2024.04.025","Core Hybrid","EUR","2,500.00"
"10.1016/j.schres.2024.06.033","Core Hybrid","EUR","2,500.00"
"10.1016/j.schres.2024.07.021","Core Hybrid","EUR","2,500.00"
"10.1016/j.schres.2024.07.024","Core Hybrid","EUR","2,500.00"
"10.1016/j.schres.2024.09.003","Core Hybrid","EUR","2,500.00"
"10.1016/j.schres.2024.10.016","Core Hybrid","EUR","2,500.00"
"10.1016/j.schres.2024.12.005","Core Hybrid","EUR","2,500.00"
"10.1016/j.sciaf.2024.e02331","Core Gold","EUR",368.00
"10.1016/j.scib.2024.01.017","Core Hybrid","EUR","2,500.00"
"10.1016/j.scib.2024.05.033","Core Hybrid","EUR","2,500.00"
"10.1016/j.scib.2024.07.040","Core Hybrid","EUR","2,500.00"
"10.1016/j.scico.2024.103135","Core Hybrid","EUR","2,500.00"
"10.1016/j.scico.2024.103154","Core Hybrid","EUR","2,500.00"
"10.1016/j.scico.2024.103179","Core Hybrid","EUR","2,500.00"
"10.1016/j.scico.2024.103208","Core Hybrid","EUR","2,500.00"
"10.1016/j.scico.2024.103213","Core Hybrid","EUR","2,500.00"
"10.1016/j.scico.2024.103225","Core Hybrid","EUR","2,500.00"
"10.1016/j.scico.2024.103227","Core Hybrid","EUR","2,500.00"
"10.1016/j.scico.2024.103256","Core Hybrid","EUR","2,500.00"
"10.1016/j.scienta.2023.112757","Core Hybrid","EUR","2,500.00"
"10.1016/j.scienta.2024.112902","Core Hybrid","EUR","2,500.00"
"10.1016/j.scienta.2024.113613","Core Hybrid","EUR","2,500.00"
"10.1016/j.scienta.2024.113647","Core Hybrid","EUR","2,500.00"
"10.1016/j.scispo.2023.12.002","Core Hybrid","EUR","2,500.00"
"10.1016/j.scispo.2023.12.004","Core Hybrid","EUR","2,500.00"
"10.1016/j.scitotenv.2023.167457","Core Hybrid","EUR","2,500.00"
"10.1016/j.scitotenv.2023.167551","Core Hybrid","EUR","2,500.00"
"10.1016/j.scitotenv.2023.168419","Core Hybrid","EUR","2,500.00"
"10.1016/j.scitotenv.2023.169485","Core Hybrid","EUR","2,500.00"
"10.1016/j.scitotenv.2024.169940","Core Hybrid","EUR","2,500.00"
"10.1016/j.scitotenv.2024.170008","Core Hybrid","EUR","2,500.00"
"10.1016/j.scitotenv.2024.170163","Core Hybrid","EUR","2,500.00"
"10.1016/j.scitotenv.2024.170218","Core Hybrid","EUR","2,500.00"
"10.1016/j.scitotenv.2024.170320","Core Hybrid","EUR","2,500.00"
"10.1016/j.scitotenv.2024.170330","Core Hybrid","EUR","2,500.00"
"10.1016/j.scitotenv.2024.170336","Core Hybrid","EUR","2,500.00"
"10.1016/j.scitotenv.2024.170376","Core Hybrid","EUR","2,500.00"
"10.1016/j.scitotenv.2024.170384","Core Hybrid","EUR","2,500.00"
"10.1016/j.scitotenv.2024.170454","Core Hybrid","EUR","2,500.00"
"10.1016/j.scitotenv.2024.170472","Core Hybrid","EUR","2,500.00"
"10.1016/j.scitotenv.2024.170583","Core Hybrid","EUR","2,500.00"
"10.1016/j.scitotenv.2024.170618","Core Hybrid","EUR","2,500.00"
"10.1016/j.scitotenv.2024.170643","Core Hybrid","EUR","2,500.00"
"10.1016/j.scitotenv.2024.170786","Core Hybrid","EUR","2,500.00"
"10.1016/j.scitotenv.2024.170800","Core Hybrid","EUR","2,500.00"
"10.1016/j.scitotenv.2024.170925","Core Hybrid","EUR","2,500.00"
"10.1016/j.scitotenv.2024.170954","Core Hybrid","EUR","2,500.00"
"10.1016/j.scitotenv.2024.171027","Core Hybrid","EUR","2,500.00"
"10.1016/j.scitotenv.2024.171054","Core Hybrid","EUR","2,500.00"
"10.1016/j.scitotenv.2024.171157","Core Hybrid","EUR","2,500.00"
"10.1016/j.scitotenv.2024.171183","Core Hybrid","EUR","2,500.00"
"10.1016/j.scitotenv.2024.171272","Core Hybrid","EUR","2,500.00"
"10.1016/j.scitotenv.2024.171330","Core Hybrid","EUR","2,500.00"
"10.1016/j.scitotenv.2024.171374","Core Hybrid","EUR","2,500.00"
"10.1016/j.scitotenv.2024.171386","Core Hybrid","EUR","2,500.00"
"10.1016/j.scitotenv.2024.171499","Core Hybrid","EUR","2,500.00"
"10.1016/j.scitotenv.2024.171631","Core Hybrid","EUR","2,500.00"
"10.1016/j.scitotenv.2024.171694","Core Hybrid","EUR","2,500.00"
"10.1016/j.scitotenv.2024.171722","Core Hybrid","EUR","2,500.00"
"10.1016/j.scitotenv.2024.171849","Core Hybrid","EUR","2,500.00"
"10.1016/j.scitotenv.2024.171863","Core Hybrid","EUR","2,500.00"
"10.1016/j.scitotenv.2024.171927","Core Hybrid","EUR","2,500.00"
"10.1016/j.scitotenv.2024.171962","Core Hybrid","EUR","2,500.00"
"10.1016/j.scitotenv.2024.171971","Core Hybrid","EUR","2,500.00"
"10.1016/j.scitotenv.2024.171997","Core Hybrid","EUR","2,500.00"
"10.1016/j.scitotenv.2024.172043","Core Hybrid","EUR","2,500.00"
"10.1016/j.scitotenv.2024.172062","Core Hybrid","EUR","2,500.00"
"10.1016/j.scitotenv.2024.172089","Core Hybrid","EUR","2,500.00"
"10.1016/j.scitotenv.2024.172247","Core Hybrid","EUR","2,500.00"
"10.1016/j.scitotenv.2024.172470","Core Hybrid","EUR","2,500.00"
"10.1016/j.scitotenv.2024.172514","Core Hybrid","EUR","2,500.00"
"10.1016/j.scitotenv.2024.172566","Core Hybrid","EUR","2,500.00"
"10.1016/j.scitotenv.2024.172617","Core Hybrid","EUR","2,500.00"
"10.1016/j.scitotenv.2024.172659","Core Hybrid","EUR","2,500.00"
"10.1016/j.scitotenv.2024.172665","Core Hybrid","EUR","2,500.00"
"10.1016/j.scitotenv.2024.172939","Core Hybrid","EUR","2,500.00"
"10.1016/j.scitotenv.2024.172954","Core Hybrid","EUR","2,500.00"
"10.1016/j.scitotenv.2024.173000","Core Hybrid","EUR","2,500.00"
"10.1016/j.scitotenv.2024.173105","Core Hybrid","EUR","2,500.00"
"10.1016/j.scitotenv.2024.173167","Core Hybrid","EUR","2,500.00"
"10.1016/j.scitotenv.2024.173188","Core Hybrid","EUR","2,500.00"
"10.1016/j.scitotenv.2024.173241","Core Hybrid","EUR","2,500.00"
"10.1016/j.scitotenv.2024.173275","Core Hybrid","EUR","2,500.00"
"10.1016/j.scitotenv.2024.173312","Core Hybrid","EUR","2,500.00"
"10.1016/j.scitotenv.2024.173321","Core Hybrid","EUR","2,500.00"
"10.1016/j.scitotenv.2024.173355","Core Hybrid","EUR","2,500.00"
"10.1016/j.scitotenv.2024.173436","Core Hybrid","EUR","2,500.00"
"10.1016/j.scitotenv.2024.173480","Core Hybrid","EUR","2,500.00"
"10.1016/j.scitotenv.2024.173510","Core Hybrid","EUR","2,500.00"
"10.1016/j.scitotenv.2024.173565","Core Hybrid","EUR","2,500.00"
"10.1016/j.scitotenv.2024.173572","Core Hybrid","EUR","2,500.00"
"10.1016/j.scitotenv.2024.173629","Core Hybrid","EUR","2,500.00"
"10.1016/j.scitotenv.2024.173656","Core Hybrid","EUR","2,500.00"
"10.1016/j.scitotenv.2024.173665","Core Hybrid","EUR","2,500.00"
"10.1016/j.scitotenv.2024.173669","Core Hybrid","EUR","2,500.00"
"10.1016/j.scitotenv.2024.173670","Core Hybrid","EUR","2,500.00"
"10.1016/j.scitotenv.2024.173677","Core Hybrid","EUR","2,500.00"
"10.1016/j.scitotenv.2024.173685","Core Hybrid","EUR","2,500.00"
"10.1016/j.scitotenv.2024.173705","Core Hybrid","EUR","2,500.00"
"10.1016/j.scitotenv.2024.173712","Core Hybrid","EUR","2,500.00"
"10.1016/j.scitotenv.2024.173720","Core Hybrid","EUR","2,500.00"
"10.1016/j.scitotenv.2024.173793","Core Hybrid","EUR","2,500.00"
"10.1016/j.scitotenv.2024.173807","Core Hybrid","EUR","2,500.00"
"10.1016/j.scitotenv.2024.173808","Core Hybrid","EUR","2,500.00"
"10.1016/j.scitotenv.2024.173846","Core Hybrid","EUR","2,500.00"
"10.1016/j.scitotenv.2024.173884","Core Hybrid","EUR","2,500.00"
"10.1016/j.scitotenv.2024.174243","Core Hybrid","EUR","2,500.00"
"10.1016/j.scitotenv.2024.174311","Core Hybrid","EUR","2,500.00"
"10.1016/j.scitotenv.2024.174321","Core Hybrid","EUR","2,500.00"
"10.1016/j.scitotenv.2024.174343","Core Hybrid","EUR","2,500.00"
"10.1016/j.scitotenv.2024.174344","Core Hybrid","EUR","2,500.00"
"10.1016/j.scitotenv.2024.174366","Core Hybrid","EUR","2,500.00"
"10.1016/j.scitotenv.2024.174370","Core Hybrid","EUR","2,500.00"
"10.1016/j.scitotenv.2024.174378","Core Hybrid","EUR","2,500.00"
"10.1016/j.scitotenv.2024.174507","Core Hybrid","EUR","2,500.00"
"10.1016/j.scitotenv.2024.174589","Core Hybrid","EUR","2,500.00"
"10.1016/j.scitotenv.2024.174651","Core Hybrid","EUR","2,500.00"
"10.1016/j.scitotenv.2024.174699","Core Hybrid","EUR","2,500.00"
"10.1016/j.scitotenv.2024.174722","Core Hybrid","EUR","2,500.00"
"10.1016/j.scitotenv.2024.174794","Core Hybrid","EUR","2,500.00"
"10.1016/j.scitotenv.2024.174796","Core Hybrid","EUR","2,500.00"
"10.1016/j.scitotenv.2024.174804","Core Hybrid","EUR","2,500.00"
"10.1016/j.scitotenv.2024.174875","Core Hybrid","EUR","2,500.00"
"10.1016/j.scitotenv.2024.174963","Core Hybrid","EUR","2,500.00"
"10.1016/j.scitotenv.2024.174995","Core Hybrid","EUR","2,500.00"
"10.1016/j.scitotenv.2024.175036","Core Hybrid","EUR","2,500.00"
"10.1016/j.scitotenv.2024.175054","Core Hybrid","EUR","2,500.00"
"10.1016/j.scitotenv.2024.175210","Core Hybrid","EUR","2,500.00"
"10.1016/j.scitotenv.2024.175344","Core Hybrid","EUR","2,500.00"
"10.1016/j.scitotenv.2024.175377","Core Hybrid","EUR","2,500.00"
"10.1016/j.scitotenv.2024.175383","Core Hybrid","EUR","2,500.00"
"10.1016/j.scitotenv.2024.175409","Core Hybrid","EUR","2,500.00"
"10.1016/j.scitotenv.2024.175436","Core Hybrid","EUR","2,500.00"
"10.1016/j.scitotenv.2024.175438","Core Hybrid","EUR","2,500.00"
"10.1016/j.scitotenv.2024.175476","Core Hybrid","EUR","2,500.00"
"10.1016/j.scitotenv.2024.175597","Core Hybrid","EUR","2,500.00"
"10.1016/j.scitotenv.2024.175617","Core Hybrid","EUR","2,500.00"
"10.1016/j.scitotenv.2024.175659","Core Hybrid","EUR","2,500.00"
"10.1016/j.scitotenv.2024.175727","Core Hybrid","EUR","2,500.00"
"10.1016/j.scitotenv.2024.175737","Core Hybrid","EUR","2,500.00"
"10.1016/j.scitotenv.2024.175753","Core Hybrid","EUR","2,500.00"
"10.1016/j.scitotenv.2024.175756","Core Hybrid","EUR","2,500.00"
"10.1016/j.scitotenv.2024.175976","Core Hybrid","EUR","2,500.00"
"10.1016/j.scitotenv.2024.176011","Core Hybrid","EUR","2,500.00"
"10.1016/j.scitotenv.2024.176026","Core Hybrid","EUR","2,500.00"
"10.1016/j.scitotenv.2024.176120","Core Hybrid","EUR","2,500.00"
"10.1016/j.scitotenv.2024.176180","Core Hybrid","EUR","2,500.00"
"10.1016/j.scitotenv.2024.176229","Core Hybrid","EUR","2,500.00"
"10.1016/j.scitotenv.2024.176314","Core Hybrid","EUR","2,500.00"
"10.1016/j.scitotenv.2024.176319","Core Hybrid","EUR","2,500.00"
"10.1016/j.scitotenv.2024.176340","Core Hybrid","EUR","2,500.00"
"10.1016/j.scitotenv.2024.176389","Core Hybrid","EUR","2,500.00"
"10.1016/j.scitotenv.2024.176390","Core Hybrid","EUR","2,500.00"
"10.1016/j.scitotenv.2024.176402","Core Hybrid","EUR","2,500.00"
"10.1016/j.scitotenv.2024.176449","Core Hybrid","EUR","2,500.00"
"10.1016/j.scitotenv.2024.176493","Core Hybrid","EUR","2,500.00"
"10.1016/j.scitotenv.2024.176514","Core Hybrid","EUR","2,500.00"
"10.1016/j.scitotenv.2024.176595","Core Hybrid","EUR","2,500.00"
"10.1016/j.scitotenv.2024.176611","Core Hybrid","EUR","2,500.00"
"10.1016/j.scitotenv.2024.176738","Core Hybrid","EUR","2,500.00"
"10.1016/j.scitotenv.2024.176752","Core Hybrid","EUR","2,500.00"
"10.1016/j.scitotenv.2024.176767","Core Hybrid","EUR","2,500.00"
"10.1016/j.scitotenv.2024.176770","Core Hybrid","EUR","2,500.00"
"10.1016/j.scitotenv.2024.176923","Core Hybrid","EUR","2,500.00"
"10.1016/j.scitotenv.2024.176939","Core Hybrid","EUR","2,500.00"
"10.1016/j.scitotenv.2024.177053","Core Hybrid","EUR","2,500.00"
"10.1016/j.scitotenv.2024.177153","Core Hybrid","EUR","2,500.00"
"10.1016/j.scitotenv.2024.177177","Core Hybrid","EUR","2,500.00"
"10.1016/j.scitotenv.2024.177179","Core Hybrid","EUR","2,500.00"
"10.1016/j.scitotenv.2024.177195","Core Hybrid","EUR","2,500.00"
"10.1016/j.scitotenv.2024.177210","Core Hybrid","EUR","2,500.00"
"10.1016/j.scitotenv.2024.177212","Core Hybrid","EUR","2,500.00"
"10.1016/j.scitotenv.2024.177221","Core Hybrid","EUR","2,500.00"
"10.1016/j.scitotenv.2024.177226","Core Hybrid","EUR","2,500.00"
"10.1016/j.scitotenv.2024.177308","Core Hybrid","EUR","2,500.00"
"10.1016/j.scitotenv.2024.177362","Core Hybrid","EUR","2,500.00"
"10.1016/j.scitotenv.2024.177366","Core Hybrid","EUR","2,500.00"
"10.1016/j.scitotenv.2024.177376","Core Hybrid","EUR","2,500.00"
"10.1016/j.scitotenv.2024.177452","Core Hybrid","EUR","2,500.00"
"10.1016/j.scitotenv.2024.177505","Core Hybrid","EUR","2,500.00"
"10.1016/j.scitotenv.2024.177509","Core Hybrid","EUR","2,500.00"
"10.1016/j.scitotenv.2024.177517","Core Hybrid","EUR","2,500.00"
"10.1016/j.scitotenv.2024.177554","Core Hybrid","EUR","2,500.00"
"10.1016/j.scitotenv.2024.177673","Core Hybrid","EUR","2,500.00"
"10.1016/j.scitotenv.2024.177759","Core Hybrid","EUR","2,500.00"
"10.1016/j.scitotenv.2024.177876","Core Hybrid","EUR","2,500.00"
"10.1016/j.scitotenv.2024.177938","Core Hybrid","EUR","2,500.00"
"10.1016/j.scitotenv.2024.177940","Core Hybrid","EUR","2,500.00"
"10.1016/j.scitotenv.2024.177984","Core Hybrid","EUR","2,500.00"
"10.1016/j.scitotenv.2024.177998","Core Hybrid","EUR","2,500.00"
"10.1016/j.scitotenv.2024.178035","Core Hybrid","EUR","2,500.00"
"10.1016/j.scitotenv.2024.178055","Core Hybrid","EUR","2,500.00"
"10.1016/j.scitotenv.2024.178056","Core Hybrid","EUR","2,500.00"
"10.1016/j.scitotenv.2024.178107","Core Hybrid","EUR","2,500.00"
"10.1016/j.scitotenv.2024.178149","Core Hybrid","EUR","2,500.00"
"10.1016/j.scitotenv.2024.178196","Core Hybrid","EUR","2,500.00"
"10.1016/j.scp.2024.101473","Core Hybrid","EUR","2,500.00"
"10.1016/j.scp.2024.101588","Core Hybrid","EUR","2,500.00"
"10.1016/j.scp.2024.101833","Core Hybrid","EUR","2,500.00"
"10.1016/j.scp.2024.101845","Core Hybrid","EUR","2,500.00"
"10.1016/j.scr.2024.103315","Core Gold","EUR",456.00
"10.1016/j.scr.2024.103316","Core Gold","EUR",456.00
"10.1016/j.scr.2024.103320","Core Gold","EUR",480.00
"10.1016/j.scr.2024.103354","Core Gold","EUR",480.00
"10.1016/j.scr.2024.103377","Core Gold","EUR",456.00
"10.1016/j.scr.2024.103378","Core Gold","EUR",480.00
"10.1016/j.scr.2024.103403","Core Gold","EUR",480.00
"10.1016/j.scr.2024.103404","Core Gold","EUR",480.00
"10.1016/j.scr.2024.103409","Core Gold","EUR",480.00
"10.1016/j.scr.2024.103446","Core Gold","EUR",480.00
"10.1016/j.scr.2024.103454","Core Gold","EUR",488.00
"10.1016/j.scr.2024.103459","Core Gold","EUR",480.00
"10.1016/j.scr.2024.103478","Core Gold","EUR",488.00
"10.1016/j.scr.2024.103516","Core Gold","EUR",488.00
"10.1016/j.scr.2024.103524","Core Gold","EUR",488.00
"10.1016/j.scr.2024.103531","Core Gold","EUR",456.00
"10.1016/j.scr.2024.103547","Core Gold","EUR",456.00
"10.1016/j.scr.2024.103565","Core Gold","EUR",456.00
"10.1016/j.scr.2024.103598","Core Gold","EUR",456.00
"10.1016/j.scr.2024.103609","Core Gold","EUR",456.00
"10.1016/j.scr.2024.103620","Core Gold","EUR",456.00
"10.1016/j.scr.2024.103626","Core Gold","EUR",472.00
"10.1016/j.scr.2024.103627","Core Gold","EUR",472.00
"10.1016/j.scriptamat.2023.115837","Core Hybrid","EUR","2,500.00"
"10.1016/j.scriptamat.2024.116035","Core Hybrid","EUR","2,500.00"
"10.1016/j.scriptamat.2024.116097","Core Hybrid","EUR","2,500.00"
"10.1016/j.scriptamat.2024.116115","Core Hybrid","EUR","2,500.00"
"10.1016/j.scriptamat.2024.116117","Core Hybrid","EUR","2,500.00"
"10.1016/j.scriptamat.2024.116147","Core Hybrid","EUR","2,500.00"
"10.1016/j.scriptamat.2024.116192","Core Hybrid","EUR","2,500.00"
"10.1016/j.scriptamat.2024.116207","Core Hybrid","EUR","2,500.00"
"10.1016/j.scriptamat.2024.116209","Core Hybrid","EUR","2,500.00"
"10.1016/j.scriptamat.2024.116312","Core Hybrid","EUR","2,500.00"
"10.1016/j.scriptamat.2024.116341","Core Hybrid","EUR","2,500.00"
"10.1016/j.scriptamat.2024.116396","Core Hybrid","EUR","2,500.00"
"10.1016/j.scriptamat.2024.116414","Core Hybrid","EUR","2,500.00"
"10.1016/j.scriptamat.2024.116430","Core Hybrid","EUR","2,500.00"
"10.1016/j.scriptamat.2024.116509","Core Hybrid","EUR","2,500.00"
"10.1016/j.scs.2023.105137","Core Hybrid","EUR","2,500.00"
"10.1016/j.scs.2024.105189","Core Hybrid","EUR","2,500.00"
"10.1016/j.scs.2024.105283","Core Hybrid","EUR","2,500.00"
"10.1016/j.scs.2024.105301","Core Hybrid","EUR","2,500.00"
"10.1016/j.scs.2024.105357","Core Hybrid","EUR","2,500.00"
"10.1016/j.scs.2024.105448","Core Hybrid","EUR","2,500.00"
"10.1016/j.scs.2024.105511","Core Hybrid","EUR","2,500.00"
"10.1016/j.scs.2024.105525","Core Hybrid","EUR","2,500.00"
"10.1016/j.scs.2024.105661","Core Hybrid","EUR","2,500.00"
"10.1016/j.scs.2024.105663","Core Hybrid","EUR","2,500.00"
"10.1016/j.scs.2024.105672","Core Hybrid","EUR","2,500.00"
"10.1016/j.scs.2024.105680","Core Hybrid","EUR","2,500.00"
"10.1016/j.scs.2024.105767","Core Hybrid","EUR","2,500.00"
"10.1016/j.scs.2024.105830","Core Hybrid","EUR","2,500.00"
"10.1016/j.scs.2024.105967","Core Hybrid","EUR","2,500.00"
"10.1016/j.scs.2024.105974","Core Hybrid","EUR","2,500.00"
"10.1016/j.scs.2024.105991","Core Hybrid","EUR","2,500.00"
"10.1016/j.scs.2024.105993","Core Hybrid","EUR","2,500.00"
"10.1016/j.scs.2024.106069","Core Hybrid","EUR","2,500.00"
"10.1016/j.scs.2024.106091","Core Hybrid","EUR","2,500.00"
"10.1016/j.seares.2024.102497","Core Gold","EUR","1,640.00"
"10.1016/j.seares.2024.102512","Core Gold","EUR","1,640.00"
"10.1016/j.seares.2024.102530","Core Gold","EUR","1,672.00"
"10.1016/j.sedgeo.2024.106675","Core Hybrid","EUR","2,500.00"
"10.1016/j.segan.2024.101390","Core Hybrid","EUR","2,500.00"
"10.1016/j.segan.2024.101455","Core Hybrid","EUR","2,500.00"
"10.1016/j.segan.2024.101510","Core Hybrid","EUR","2,500.00"
"10.1016/j.segy.2024.100147","Core Gold","EUR","1,477.50"
"10.1016/j.seizure.2023.10.013","Core Hybrid","EUR","2,500.00"
"10.1016/j.seizure.2024.03.001","Core Hybrid","EUR","2,500.00"
"10.1016/j.seizure.2024.03.010","Core Hybrid","EUR","2,500.00"
"10.1016/j.seizure.2024.04.005","Core Hybrid","EUR","2,500.00"
"10.1016/j.seizure.2024.05.003","Core Hybrid","EUR","2,500.00"
"10.1016/j.seizure.2024.05.007","Core Hybrid","EUR","2,500.00"
"10.1016/j.seizure.2024.05.017","Core Hybrid","EUR","2,500.00"
"10.1016/j.seizure.2024.05.019","Core Hybrid","EUR","2,500.00"
"10.1016/j.seizure.2024.06.015","Core Hybrid","EUR","2,500.00"
"10.1016/j.seizure.2024.08.006","Core Hybrid","EUR","2,500.00"
"10.1016/j.seizure.2024.08.015","Core Hybrid","EUR","2,500.00"
"10.1016/j.seizure.2024.08.021","Core Hybrid","EUR","2,500.00"
"10.1016/j.seizure.2024.10.019","Core Hybrid","EUR","2,500.00"
"10.1016/j.seizure.2024.11.007","Core Hybrid","EUR","2,500.00"
"10.1016/j.seja.2024.100060","Core Gold","EUR","2,008.00"
"10.1016/j.seja.2024.100062","Core Gold","EUR","2,008.00"
"10.1016/j.seja.2024.100070","Core Gold","EUR","1,807.50"
"10.1016/j.sel.2024.100027","Core Gold","EUR","1,240.00"
"10.1016/j.sel.2024.100057","Core Gold","EUR","1,240.00"
"10.1016/j.semarthrit.2024.152535","Core Hybrid","EUR","2,500.00"
"10.1016/j.semarthrit.2024.152542","Core Hybrid","EUR","2,500.00"
"10.1016/j.seppur.2024.126343","Core Hybrid","EUR","2,500.00"
"10.1016/j.seppur.2024.126860","Core Hybrid","EUR","2,500.00"
"10.1016/j.seppur.2024.126873","Core Hybrid","EUR","2,500.00"
"10.1016/j.seppur.2024.127081","Core Hybrid","EUR","2,500.00"
"10.1016/j.seppur.2024.127138","Core Hybrid","EUR","2,500.00"
"10.1016/j.seppur.2024.127344","Core Hybrid","EUR","2,500.00"
"10.1016/j.seppur.2024.127887","Core Hybrid","EUR","2,500.00"
"10.1016/j.seppur.2024.127904","Core Hybrid","EUR","2,500.00"
"10.1016/j.seppur.2024.128011","Core Hybrid","EUR","2,500.00"
"10.1016/j.seppur.2024.128612","Core Hybrid","EUR","2,500.00"
"10.1016/j.seppur.2024.128733","Core Hybrid","EUR","2,500.00"
"10.1016/j.seppur.2024.128762","Core Hybrid","EUR","2,500.00"
"10.1016/j.seppur.2024.129266","Core Hybrid","EUR","2,500.00"
"10.1016/j.seppur.2024.129462","Core Hybrid","EUR","2,500.00"
"10.1016/j.seppur.2024.130274","Core Hybrid","EUR","2,500.00"
"10.1016/j.seppur.2024.130479","Core Hybrid","EUR","2,500.00"
"10.1016/j.seppur.2024.131061","Core Hybrid","EUR","2,500.00"
"10.1016/j.seppur.2024.131127","Core Hybrid","EUR","2,500.00"
"10.1016/j.seps.2024.101905","Core Hybrid","EUR","2,500.00"
"10.1016/j.seps.2024.102007","Core Hybrid","EUR","2,500.00"
"10.1016/j.seta.2024.103737","Core Hybrid","EUR","2,500.00"
"10.1016/j.seta.2024.103933","Core Hybrid","EUR","2,500.00"
"10.1016/j.shj.2024.100282","Core Gold","EUR","1,704.00"
"10.1016/j.shj.2024.100322","Core Gold","EUR","1,704.00"
"10.1016/j.shpsa.2023.12.008","Core Hybrid","EUR","2,500.00"
"10.1016/j.shpsa.2024.03.005","Core Hybrid","EUR","2,500.00"
"10.1016/j.shpsa.2024.05.001","Core Hybrid","EUR","2,500.00"
"10.1016/j.shpsa.2024.05.007","Core Hybrid","EUR","2,500.00"
"10.1016/j.shpsa.2024.06.010","Core Hybrid","EUR","2,500.00"
"10.1016/j.shpsa.2024.08.004","Core Hybrid","EUR","2,500.00"
"10.1016/j.shpsa.2024.09.004","Core Hybrid","EUR","2,500.00"
"10.1016/j.sigpro.2024.109410","Core Hybrid","EUR","2,500.00"
"10.1016/j.sigpro.2024.109579","Core Hybrid","EUR","2,500.00"
"10.1016/j.sigpro.2024.109638","Core Hybrid","EUR","2,500.00"
"10.1016/j.sigpro.2024.109812","Core Hybrid","EUR","2,500.00"
"10.1016/j.simpa.2024.100635","Core Gold","EUR",344.00
"10.1016/j.simpa.2024.100642","Core Gold","EUR",344.00
"10.1016/j.simpa.2024.100679","Core Gold","EUR",352.00
"10.1016/j.simpa.2024.100699","Core Gold","EUR",408.00
"10.1016/j.simpa.2024.100720","Core Gold","EUR",424.00
"10.1016/j.slalit.2024.03.002","Core Hybrid","EUR","2,500.00"
"10.1016/j.slast.2024.100133","Core Gold","EUR",728.00
"10.1016/j.slast.2024.100214","Core Gold","EUR","1,312.00"
"10.1016/j.sleep.2024.02.023","Core Hybrid","EUR","2,500.00"
"10.1016/j.sleep.2024.03.012","Core Hybrid","EUR","2,500.00"
"10.1016/j.sleep.2024.03.025","Core Hybrid","EUR","2,500.00"
"10.1016/j.sleep.2024.04.002","Core Hybrid","EUR","2,500.00"
"10.1016/j.sleep.2024.06.001","Core Hybrid","EUR","2,500.00"
"10.1016/j.sleep.2024.06.028","Core Hybrid","EUR","2,500.00"
"10.1016/j.sleep.2024.09.034","Core Hybrid","EUR","2,500.00"
"10.1016/j.sleep.2024.11.024","Core Hybrid","EUR","2,500.00"
"10.1016/j.sleep.2024.12.016","Core Hybrid","EUR","2,500.00"
"10.1016/j.smhl.2024.100470","Core Hybrid","EUR","2,500.00"
"10.1016/j.smhl.2024.100517","Core Hybrid","EUR","2,500.00"
"10.1016/j.smrv.2023.101872","Core Hybrid","EUR","2,500.00"
"10.1016/j.smrv.2024.101948","Core Hybrid","EUR","2,500.00"
"10.1016/j.smrv.2024.101966","Core Hybrid","EUR","2,500.00"
"10.1016/j.sna.2024.115088","Core Hybrid","EUR","2,500.00"
"10.1016/j.sna.2024.115266","Core Hybrid","EUR","2,500.00"
"10.1016/j.sna.2024.115363","Core Hybrid","EUR","2,500.00"
"10.1016/j.sna.2024.115467","Core Hybrid","EUR","2,500.00"
"10.1016/j.sna.2024.115516","Core Hybrid","EUR","2,500.00"
"10.1016/j.sna.2024.115713","Core Hybrid","EUR","2,500.00"
"10.1016/j.sna.2024.115753","Core Hybrid","EUR","2,500.00"
"10.1016/j.sna.2024.116046","Core Hybrid","EUR","2,500.00"
"10.1016/j.sna.2024.116133","Core Hybrid","EUR","2,500.00"
"10.1016/j.snb.2024.135530","Core Hybrid","EUR","2,500.00"
"10.1016/j.snb.2024.136052","Core Hybrid","EUR","2,500.00"
"10.1016/j.snb.2024.136267","Core Hybrid","EUR","2,500.00"
"10.1016/j.snb.2024.136364","Core Hybrid","EUR","2,500.00"
"10.1016/j.snb.2024.136529","Core Hybrid","EUR","2,500.00"
"10.1016/j.snb.2024.136886","Core Hybrid","EUR","2,500.00"
"10.1016/j.snb.2024.136984","Core Hybrid","EUR","2,500.00"
"10.1016/j.soard.2024.02.006","Core Hybrid","EUR","2,500.00"
"10.1016/j.soard.2024.08.026","Core Hybrid","EUR","2,500.00"
"10.1016/j.socec.2024.102167","Core Hybrid","EUR","2,500.00"
"10.1016/j.socec.2024.102182","Core Hybrid","EUR","2,500.00"
"10.1016/j.socec.2024.102183","Core Hybrid","EUR","2,500.00"
"10.1016/j.socec.2024.102191","Core Hybrid","EUR","2,500.00"
"10.1016/j.socec.2024.102226","Core Hybrid","EUR","2,500.00"
"10.1016/j.socec.2024.102241","Core Hybrid","EUR","2,500.00"
"10.1016/j.socec.2024.102265","Core Hybrid","EUR","2,500.00"
"10.1016/j.socec.2024.102267","Core Hybrid","EUR","2,500.00"
"10.1016/j.socec.2024.102270","Core Hybrid","EUR","2,500.00"
"10.1016/j.socec.2024.102271","Core Hybrid","EUR","2,500.00"
"10.1016/j.socec.2024.102275","Core Hybrid","EUR","2,500.00"
"10.1016/j.socec.2024.102289","Core Hybrid","EUR","2,500.00"
"10.1016/j.socec.2024.102303","Core Hybrid","EUR","2,500.00"
"10.1016/j.socec.2024.102311","Core Hybrid","EUR","2,500.00"
"10.1016/j.socnet.2024.02.004","Core Hybrid","EUR","2,500.00"
"10.1016/j.socscimed.2023.116226","Core Hybrid","EUR","2,500.00"
"10.1016/j.socscimed.2023.116341","Core Hybrid","EUR","2,500.00"
"10.1016/j.socscimed.2023.116523","Core Hybrid","EUR","2,500.00"
"10.1016/j.socscimed.2023.116526","Core Hybrid","EUR","2,500.00"
"10.1016/j.socscimed.2024.116615","Core Hybrid","EUR","2,500.00"
"10.1016/j.socscimed.2024.116700","Core Hybrid","EUR","2,500.00"
"10.1016/j.socscimed.2024.116715","Core Hybrid","EUR","2,500.00"
"10.1016/j.socscimed.2024.116841","Core Hybrid","EUR","2,500.00"
"10.1016/j.socscimed.2024.116910","Core Hybrid","EUR","2,500.00"
"10.1016/j.socscimed.2024.116976","Core Hybrid","EUR","2,500.00"
"10.1016/j.socscimed.2024.116992","Core Hybrid","EUR","2,500.00"
"10.1016/j.socscimed.2024.117152","Core Hybrid","EUR","2,500.00"
"10.1016/j.socscimed.2024.117159","Core Hybrid","EUR","2,500.00"
"10.1016/j.socscimed.2024.117164","Core Hybrid","EUR","2,500.00"
"10.1016/j.socscimed.2024.117252","Core Hybrid","EUR","2,500.00"
"10.1016/j.socscimed.2024.117442","Core Hybrid","EUR","2,500.00"
"10.1016/j.socscimed.2024.117443","Core Hybrid","EUR","2,500.00"
"10.1016/j.socscimed.2024.117513","Core Hybrid","EUR","2,500.00"
"10.1016/j.socscimed.2024.117544","Core Hybrid","EUR","2,500.00"
"10.1016/j.socscimed.2024.117583","Core Hybrid","EUR","2,500.00"
"10.1016/j.softx.2023.101522","Core Gold","EUR",424.00
"10.1016/j.softx.2024.101631","Core Gold","EUR",552.00
"10.1016/j.softx.2024.101636","Core Gold","EUR",696.00
"10.1016/j.softx.2024.101638","Core Gold","EUR",552.00
"10.1016/j.softx.2024.101650","Core Gold","EUR",696.00
"10.1016/j.softx.2024.101654","Core Gold","EUR",696.00
"10.1016/j.softx.2024.101667","Core Gold","EUR",696.00
"10.1016/j.softx.2024.101700","Core Gold","EUR",696.00
"10.1016/j.softx.2024.101705","Core Gold","EUR",656.00
"10.1016/j.softx.2024.101722","Core Gold","EUR",552.00
"10.1016/j.softx.2024.101731","Core Gold","EUR",696.00
"10.1016/j.softx.2024.101779","Core Gold","EUR",696.00
"10.1016/j.softx.2024.101791","Core Gold","EUR",696.00
"10.1016/j.softx.2024.101793","Core Gold","EUR",696.00
"10.1016/j.softx.2024.101800","Core Gold","EUR",696.00
"10.1016/j.softx.2024.101802","Core Gold","EUR",696.00
"10.1016/j.softx.2024.101846","Core Gold","EUR",696.00
"10.1016/j.softx.2024.101890","Core Gold","EUR",704.00
"10.1016/j.softx.2024.101896","Core Gold","EUR",704.00
"10.1016/j.softx.2024.101923","Core Gold","EUR",704.00
"10.1016/j.softx.2024.101956","Core Gold","EUR",824.00
"10.1016/j.softx.2024.101964","Core Gold","EUR",824.00
"10.1016/j.softx.2024.101987","Core Gold","EUR",824.00
"10.1016/j.softx.2024.101999","Core Gold","EUR",824.00
"10.1016/j.softx.2024.102006","Core Gold","EUR",704.00
"10.1016/j.soilbio.2023.109206","Core Hybrid","EUR","2,500.00"
"10.1016/j.soilbio.2023.109221","Core Hybrid","EUR","2,500.00"
"10.1016/j.soilbio.2023.109294","Core Hybrid","EUR","2,500.00"
"10.1016/j.soilbio.2024.109320","Core Hybrid","EUR","2,500.00"
"10.1016/j.soilbio.2024.109323","Core Hybrid","EUR","2,500.00"
"10.1016/j.soilbio.2024.109324","Core Hybrid","EUR","2,500.00"
"10.1016/j.soilbio.2024.109342","Core Hybrid","EUR","2,500.00"
"10.1016/j.soilbio.2024.109343","Core Hybrid","EUR","2,500.00"
"10.1016/j.soilbio.2024.109346","Core Hybrid","EUR","2,500.00"
"10.1016/j.soilbio.2024.109396","Core Hybrid","EUR","2,500.00"
"10.1016/j.soilbio.2024.109403","Core Hybrid","EUR","2,500.00"
"10.1016/j.soilbio.2024.109414","Core Hybrid","EUR","2,500.00"
"10.1016/j.soilbio.2024.109436","Core Hybrid","EUR","2,500.00"
"10.1016/j.soilbio.2024.109439","Core Hybrid","EUR","2,500.00"
"10.1016/j.soilbio.2024.109449","Core Hybrid","EUR","2,500.00"
"10.1016/j.soilbio.2024.109451","Core Hybrid","EUR","2,500.00"
"10.1016/j.soilbio.2024.109478","Core Hybrid","EUR","2,500.00"
"10.1016/j.soilbio.2024.109485","Core Hybrid","EUR","2,500.00"
"10.1016/j.soilbio.2024.109503","Core Hybrid","EUR","2,500.00"
"10.1016/j.soilbio.2024.109509","Core Hybrid","EUR","2,500.00"
"10.1016/j.soilbio.2024.109575","Core Hybrid","EUR","2,500.00"
"10.1016/j.soilbio.2024.109637","Core Hybrid","EUR","2,500.00"
"10.1016/j.soilbio.2024.109650","Core Hybrid","EUR","2,500.00"
"10.1016/j.soilbio.2024.109682","Core Hybrid","EUR","2,500.00"
"10.1016/j.soilbio.2024.109691","Core Hybrid","EUR","2,500.00"
"10.1016/j.soildyn.2024.108740","Core Hybrid","EUR","2,500.00"
"10.1016/j.soildyn.2024.108911","Core Hybrid","EUR","2,500.00"
"10.1016/j.solener.2024.112319","Core Hybrid","EUR","2,500.00"
"10.1016/j.solener.2024.112413","Core Hybrid","EUR","2,500.00"
"10.1016/j.solener.2024.112486","Core Hybrid","EUR","2,500.00"
"10.1016/j.solener.2024.112536","Core Hybrid","EUR","2,500.00"
"10.1016/j.solener.2024.112546","Core Hybrid","EUR","2,500.00"
"10.1016/j.solener.2024.112811","Core Hybrid","EUR","2,500.00"
"10.1016/j.solener.2024.112861","Core Hybrid","EUR","2,500.00"
"10.1016/j.solener.2024.112894","Core Hybrid","EUR","2,500.00"
"10.1016/j.solener.2024.112979","Core Hybrid","EUR","2,500.00"
"10.1016/j.solener.2024.113093","Core Hybrid","EUR","2,500.00"
"10.1016/j.solener.2024.113094","Core Hybrid","EUR","2,500.00"
"10.1016/j.solener.2024.113100","Core Hybrid","EUR","2,500.00"
"10.1016/j.solener.2024.113145","Core Hybrid","EUR","2,500.00"
"10.1016/j.solener.2024.113196","Core Hybrid","EUR","2,500.00"
"10.1016/j.solidstatesciences.2024.107467","Core Hybrid","EUR","2,500.00"
"10.1016/j.solidstatesciences.2024.107524","Core Hybrid","EUR","2,500.00"
"10.1016/j.solidstatesciences.2024.107615","Core Hybrid","EUR","2,500.00"
"10.1016/j.solmat.2023.112646","Core Hybrid","EUR","2,500.00"
"10.1016/j.solmat.2024.112724","Core Hybrid","EUR","2,500.00"
"10.1016/j.solmat.2024.112751","Core Hybrid","EUR","2,500.00"
"10.1016/j.solmat.2024.112788","Core Hybrid","EUR","2,500.00"
"10.1016/j.solmat.2024.112813","Core Hybrid","EUR","2,500.00"
"10.1016/j.solmat.2024.112876","Core Hybrid","EUR","2,500.00"
"10.1016/j.solmat.2024.112953","Core Hybrid","EUR","2,500.00"
"10.1016/j.solmat.2024.112966","Core Hybrid","EUR","2,500.00"
"10.1016/j.solmat.2024.112986","Core Hybrid","EUR","2,500.00"
"10.1016/j.solmat.2024.113000","Core Hybrid","EUR","2,500.00"
"10.1016/j.solmat.2024.113036","Core Hybrid","EUR","2,500.00"
"10.1016/j.solmat.2024.113048","Core Hybrid","EUR","2,500.00"
"10.1016/j.solmat.2024.113058","Core Hybrid","EUR","2,500.00"
"10.1016/j.solmat.2024.113111","Core Hybrid","EUR","2,500.00"
"10.1016/j.solmat.2024.113156","Core Hybrid","EUR","2,500.00"
"10.1016/j.solmat.2024.113169","Core Hybrid","EUR","2,500.00"
"10.1016/j.solmat.2024.113176","Core Hybrid","EUR","2,500.00"
"10.1016/j.solmat.2024.113192","Core Hybrid","EUR","2,500.00"
"10.1016/j.solmat.2024.113256","Core Hybrid","EUR","2,500.00"
"10.1016/j.solmat.2024.113257","Core Hybrid","EUR","2,500.00"
"10.1016/j.solmat.2024.113316","Core Hybrid","EUR","2,500.00"
"10.1016/j.sopen.2024.06.013","Core Gold","EUR","1,456.00"
"10.1016/j.sopen.2024.10.005","Core Gold","EUR","1,536.00"
"10.1016/j.sopen.2024.10.008","Core Gold","EUR","1,536.00"
"10.1016/j.sopen.2024.11.002","Core Gold","EUR",728.00
"10.1016/j.spa.2024.104298","Core Hybrid","EUR","2,500.00"
"10.1016/j.spa.2024.104329","Core Hybrid","EUR","2,500.00"
"10.1016/j.spa.2024.104336","Core Hybrid","EUR","2,500.00"
"10.1016/j.spa.2024.104354","Core Hybrid","EUR","2,500.00"
"10.1016/j.spa.2024.104378","Core Hybrid","EUR","2,500.00"
"10.1016/j.spa.2024.104382","Core Hybrid","EUR","2,500.00"
"10.1016/j.spa.2024.104385","Core Hybrid","EUR","2,500.00"
"10.1016/j.spa.2024.104462","Core Hybrid","EUR","2,500.00"
"10.1016/j.spa.2024.104501","Core Hybrid","EUR","2,500.00"
"10.1016/j.spa.2024.104537","Core Hybrid","EUR","2,500.00"
"10.1016/j.spa.2024.104549","Core Hybrid","EUR","2,500.00"
"10.1016/j.spasta.2024.100822","Core Hybrid","EUR","2,500.00"
"10.1016/j.spasta.2024.100858","Core Hybrid","EUR","2,500.00"
"10.1016/j.spc.2024.01.008","Core Hybrid","EUR","2,500.00"
"10.1016/j.spc.2024.01.020","Core Hybrid","EUR","2,500.00"
"10.1016/j.spc.2024.02.003","Core Hybrid","EUR","2,500.00"
"10.1016/j.spc.2024.02.016","Core Hybrid","EUR","2,500.00"
"10.1016/j.spc.2024.02.021","Core Hybrid","EUR","2,500.00"
"10.1016/j.spc.2024.03.001","Core Hybrid","EUR","2,500.00"
"10.1016/j.spc.2024.03.003","Core Hybrid","EUR","2,500.00"
"10.1016/j.spc.2024.03.033","Core Hybrid","EUR","2,500.00"
"10.1016/j.spc.2024.04.030","Core Hybrid","EUR","2,500.00"
"10.1016/j.spc.2024.05.020","Core Hybrid","EUR","2,500.00"
"10.1016/j.spc.2024.05.027","Core Hybrid","EUR","2,500.00"
"10.1016/j.spc.2024.05.031","Core Hybrid","EUR","2,500.00"
"10.1016/j.spc.2024.06.016","Core Hybrid","EUR","2,500.00"
"10.1016/j.spc.2024.06.022","Core Hybrid","EUR","2,500.00"
"10.1016/j.spc.2024.07.004","Core Hybrid","EUR","2,500.00"
"10.1016/j.spc.2024.07.033","Core Hybrid","EUR","2,500.00"
"10.1016/j.spc.2024.08.009","Core Hybrid","EUR","2,500.00"
"10.1016/j.spc.2024.08.030","Core Hybrid","EUR","2,500.00"
"10.1016/j.spc.2024.08.031","Core Hybrid","EUR","2,500.00"
"10.1016/j.spc.2024.09.001","Core Hybrid","EUR","2,500.00"
"10.1016/j.spc.2024.09.013","Core Hybrid","EUR","2,500.00"
"10.1016/j.spc.2024.10.002","Core Hybrid","EUR","2,500.00"
"10.1016/j.spc.2024.10.010","Core Hybrid","EUR","2,500.00"
"10.1016/j.spc.2024.10.021","Core Hybrid","EUR","2,500.00"
"10.1016/j.spc.2024.11.005","Core Hybrid","EUR","2,500.00"
"10.1016/j.spc.2024.11.009","Core Hybrid","EUR","2,500.00"
"10.1016/j.spc.2024.11.012","Core Hybrid","EUR","2,500.00"
"10.1016/j.spc.2024.11.016","Core Hybrid","EUR","2,500.00"
"10.1016/j.spc.2024.12.004","Core Hybrid","EUR","2,500.00"
"10.1016/j.specom.2024.103041","Core Hybrid","EUR","2,500.00"
"10.1016/j.spinee.2024.01.018","Core Hybrid","EUR","2,500.00"
"10.1016/j.spinee.2024.10.017","Core Hybrid","EUR","2,500.00"
"10.1016/j.spinee.2024.11.007","Core Hybrid","EUR","2,500.00"
"10.1016/j.spinee.2024.12.018","Core Hybrid","EUR","2,500.00"
"10.1016/j.spinee.2024.12.019","Core Hybrid","EUR","2,500.00"
"10.1016/j.spl.2024.110038","Core Hybrid","EUR","2,500.00"
"10.1016/j.spl.2024.110057","Core Hybrid","EUR","2,500.00"
"10.1016/j.spl.2024.110198","Core Hybrid","EUR","2,500.00"
"10.1016/j.spl.2024.110244","Core Hybrid","EUR","2,500.00"
"10.1016/j.spl.2024.110282","Core Hybrid","EUR","2,500.00"
"10.1016/j.spl.2024.110323","Core Hybrid","EUR","2,500.00"
"10.1016/j.srhc.2024.101033","Core Hybrid","EUR","2,500.00"
"10.1016/j.srs.2024.100155","Core Gold","EUR","1,280.00"
"10.1016/j.ssaho.2024.101204","Core Gold","EUR",600.00
"10.1016/j.ssc.2024.115753","Core Hybrid","EUR","2,500.00"
"10.1016/j.ssci.2024.106512","Core Hybrid","EUR","2,500.00"
"10.1016/j.ssci.2024.106524","Core Hybrid","EUR","2,500.00"
"10.1016/j.ssci.2024.106578","Core Hybrid","EUR","2,500.00"
"10.1016/j.ssci.2024.106731","Core Hybrid","EUR","2,500.00"
"10.1016/j.ssi.2024.116487","Core Hybrid","EUR","2,500.00"
"10.1016/j.ssi.2024.116514","Core Hybrid","EUR","2,500.00"
"10.1016/j.ssi.2024.116569","Core Hybrid","EUR","2,500.00"
"10.1016/j.ssi.2024.116608","Core Hybrid","EUR","2,500.00"
"10.1016/j.ssi.2024.116702","Core Hybrid","EUR","2,500.00"
"10.1016/j.ssmmh.2024.100317","Core Gold","EUR","1,056.00"
"10.1016/j.ssmmh.2024.100332","Core Gold","EUR","1,056.00"
"10.1016/j.ssmph.2024.101615","Core Gold","EUR","2,016.00"
"10.1016/j.ssmph.2024.101705","Core Gold","EUR","2,016.00"
"10.1016/j.ssmph.2024.101736","Core Gold","EUR","2,088.00"
"10.1016/j.ssmqr.2024.100407","Core Gold","EUR",660.00
"10.1016/j.ssmqr.2024.100468","Core Gold","EUR","1,056.00"
"10.1016/j.ssnmr.2024.101936","Core Hybrid","EUR","2,500.00"
"10.1016/j.ssresearch.2023.102960","Core Hybrid","EUR","2,500.00"
"10.1016/j.ssresearch.2024.102982","Core Hybrid","EUR","2,500.00"
"10.1016/j.ssresearch.2024.103016","Core Hybrid","EUR","2,500.00"
"10.1016/j.ssresearch.2024.103042","Core Hybrid","EUR","2,500.00"
"10.1016/j.ssresearch.2024.103075","Core Hybrid","EUR","2,500.00"
"10.1016/j.ssresearch.2024.103086","Core Hybrid","EUR","2,500.00"
"10.1016/j.ssresearch.2024.103094","Core Hybrid","EUR","2,500.00"
"10.1016/j.sste.2024.100698","Core Hybrid","EUR","2,500.00"
"10.1016/j.stem.2024.04.018","CP/TL Hybrid","EUR","6,450.00"
"10.1016/j.stem.2024.06.015","CP/TL Hybrid","EUR","6,450.00"
"10.1016/j.stemcr.2023.10.019","CP/TL Gold","EUR","2,805.00"
"10.1016/j.stemcr.2023.11.011","CP/TL Gold","EUR","2,890.00"
"10.1016/j.stemcr.2024.01.008","CP/TL Gold","EUR","2,890.00"
"10.1016/j.stemcr.2024.03.003","CP/TL Gold","EUR","2,890.00"
"10.1016/j.stemcr.2024.03.008","CP/TL Gold","EUR","2,890.00"
"10.1016/j.stemcr.2024.06.012","CP/TL Gold","EUR","3,034.50"
"10.1016/j.stemcr.2024.08.009","CP/TL Gold","EUR","3,034.50"
"10.1016/j.stemcr.2024.10.007","CP/TL Gold","EUR","3,034.50"
"10.1016/j.steroids.2024.109381","Core Hybrid","EUR","2,500.00"
"10.1016/j.steroids.2024.109441","Core Hybrid","EUR","2,500.00"
"10.1016/j.still.2024.106074","Core Hybrid","EUR","2,500.00"
"10.1016/j.still.2024.106221","Core Hybrid","EUR","2,500.00"
"10.1016/j.still.2024.106280","Core Hybrid","EUR","2,500.00"
"10.1016/j.still.2024.106325","Core Hybrid","EUR","2,500.00"
"10.1016/j.still.2024.106345","Core Hybrid","EUR","2,500.00"
"10.1016/j.still.2024.106347","Core Hybrid","EUR","2,500.00"
"10.1016/j.still.2024.106349","Core Hybrid","EUR","2,500.00"
"10.1016/j.still.2024.106384","Core Hybrid","EUR","2,500.00"
"10.1016/j.str.2024.02.013","CP/TL Hybrid","EUR","6,450.00"
"10.1016/j.str.2024.04.005","CP/TL Hybrid","EUR","6,450.00"
"10.1016/j.str.2024.04.016","CP/TL Hybrid","EUR","6,450.00"
"10.1016/j.str.2024.07.007","CP/TL Hybrid","EUR","6,450.00"
"10.1016/j.str.2024.07.017","CP/TL Hybrid","EUR","6,450.00"
"10.1016/j.str.2024.08.014","CP/TL Hybrid","EUR","6,450.00"
"10.1016/j.str.2024.08.018","CP/TL Hybrid","EUR","6,450.00"
"10.1016/j.str.2024.09.019","CP/TL Hybrid","EUR","6,450.00"
"10.1016/j.str.2024.10.009","CP/TL Hybrid","EUR","6,450.00"
"10.1016/j.str.2024.10.022","CP/TL Hybrid","EUR","6,450.00"
"10.1016/j.str.2024.11.014","CP/TL Hybrid","EUR","6,450.00"
"10.1016/j.stress.2024.100486","Core Gold","EUR","1,232.00"
"10.1016/j.stress.2024.100506","Core Gold","EUR","1,232.00"
"10.1016/j.stress.2024.100529","Core Gold","EUR","1,232.00"
"10.1016/j.stress.2024.100549","Core Gold","EUR","1,232.00"
"10.1016/j.stress.2024.100569","Core Gold","EUR","1,232.00"
"10.1016/j.stress.2024.100576","Core Gold","EUR","1,232.00"
"10.1016/j.stress.2024.100704","Core Gold","EUR","1,432.00"
"10.1016/j.strueco.2024.01.003","Core Hybrid","EUR","2,500.00"
"10.1016/j.strueco.2024.05.003","Core Hybrid","EUR","2,500.00"
"10.1016/j.strueco.2024.05.005","Core Hybrid","EUR","2,500.00"
"10.1016/j.strusafe.2024.102445","Core Hybrid","EUR","2,500.00"
"10.1016/j.strusafe.2024.102446","Core Hybrid","EUR","2,500.00"
"10.1016/j.strusafe.2024.102475","Core Hybrid","EUR","2,500.00"
"10.1016/j.strusafe.2024.102498","Core Hybrid","EUR","2,500.00"
"10.1016/j.strusafe.2024.102539","Core Hybrid","EUR","2,500.00"
"10.1016/j.stueduc.2023.101305","Core Hybrid","EUR","2,500.00"
"10.1016/j.stueduc.2024.101347","Core Hybrid","EUR","2,500.00"
"10.1016/j.stueduc.2024.101367","Core Hybrid","EUR","2,500.00"
"10.1016/j.stueduc.2024.101377","Core Hybrid","EUR","2,500.00"
"10.1016/j.stueduc.2024.101387","Core Hybrid","EUR","2,500.00"
"10.1016/j.stueduc.2024.101402","Core Hybrid","EUR","2,500.00"
"10.1016/j.stueduc.2024.101424","Core Hybrid","EUR","2,500.00"
"10.1016/j.supflu.2024.106268","Core Hybrid","EUR","2,500.00"
"10.1016/j.supflu.2024.106338","Core Hybrid","EUR","2,500.00"
"10.1016/j.supflu.2024.106407","Core Hybrid","EUR","2,500.00"
"10.1016/j.supflu.2024.106420","Core Hybrid","EUR","2,500.00"
"10.1016/j.surfcoat.2023.130313","Core Hybrid","EUR","2,500.00"
"10.1016/j.surfcoat.2024.130391","Core Hybrid","EUR","2,500.00"
"10.1016/j.surfcoat.2024.130411","Core Hybrid","EUR","2,500.00"
"10.1016/j.surfcoat.2024.130467","Core Hybrid","EUR","2,500.00"
"10.1016/j.surfcoat.2024.130505","Core Hybrid","EUR","2,500.00"
"10.1016/j.surfcoat.2024.130547","Core Hybrid","EUR","2,500.00"
"10.1016/j.surfcoat.2024.130601","Core Hybrid","EUR","2,500.00"
"10.1016/j.surfcoat.2024.130610","Core Hybrid","EUR","2,500.00"
"10.1016/j.surfcoat.2024.130687","Core Hybrid","EUR","2,500.00"
"10.1016/j.surfcoat.2024.130783","Core Hybrid","EUR","2,500.00"
"10.1016/j.surfcoat.2024.130800","Core Hybrid","EUR","2,500.00"
"10.1016/j.surfcoat.2024.130831","Core Hybrid","EUR","2,500.00"
"10.1016/j.surfcoat.2024.130987","Core Hybrid","EUR","2,500.00"
"10.1016/j.surfcoat.2024.131002","Core Hybrid","EUR","2,500.00"
"10.1016/j.surfcoat.2024.131026","Core Hybrid","EUR","2,500.00"
"10.1016/j.surfcoat.2024.131091","Core Hybrid","EUR","2,500.00"
"10.1016/j.surfcoat.2024.131145","Core Hybrid","EUR","2,500.00"
"10.1016/j.surfcoat.2024.131166","Core Hybrid","EUR","2,500.00"
"10.1016/j.surfcoat.2024.131278","Core Hybrid","EUR","2,500.00"
"10.1016/j.surfcoat.2024.131349","Core Hybrid","EUR","2,500.00"
"10.1016/j.surfcoat.2024.131354","Core Hybrid","EUR","2,500.00"
"10.1016/j.surfcoat.2024.131380","Core Hybrid","EUR","2,500.00"
"10.1016/j.surfcoat.2024.131399","Core Hybrid","EUR","2,500.00"
"10.1016/j.surfcoat.2024.131407","Core Hybrid","EUR","2,500.00"
"10.1016/j.surfcoat.2024.131432","Core Hybrid","EUR","2,500.00"
"10.1016/j.surfcoat.2024.131486","Core Hybrid","EUR","2,500.00"
"10.1016/j.surfcoat.2024.131590","Core Hybrid","EUR","2,500.00"
"10.1016/j.surfcoat.2024.131594","Core Hybrid","EUR","2,500.00"
"10.1016/j.surfcoat.2024.131595","Core Hybrid","EUR","2,500.00"
"10.1016/j.surfcoat.2024.131629","Core Hybrid","EUR","2,500.00"
"10.1016/j.surfcoat.2024.131639","Core Hybrid","EUR","2,500.00"
"10.1016/j.surfcoat.2024.131643","Core Hybrid","EUR","2,500.00"
"10.1016/j.surfcoat.2024.131649","Core Hybrid","EUR","2,500.00"
"10.1016/j.surfin.2024.104008","Core Hybrid","EUR","2,500.00"
"10.1016/j.surfin.2024.104736","Core Hybrid","EUR","2,500.00"
"10.1016/j.surfin.2024.105520","Core Hybrid","EUR","2,500.00"
"10.1016/j.surfin.2024.105640","Core Hybrid","EUR","2,500.00"
"10.1016/j.surfin.2024.105696","Core Hybrid","EUR","2,500.00"
"10.1016/j.surfrep.2024.100622","Core Hybrid","EUR","2,500.00"
"10.1016/j.surfrep.2024.100629","Core Hybrid","EUR","2,500.00"
"10.1016/j.surg.2024.03.023","Core Hybrid","EUR","2,500.00"
"10.1016/j.surg.2024.03.025","Core Hybrid","EUR","2,500.00"
"10.1016/j.surg.2024.04.037","Core Hybrid","EUR","2,500.00"
"10.1016/j.surg.2024.05.023","Core Hybrid","EUR","2,500.00"
"10.1016/j.surg.2024.05.025","Core Hybrid","EUR","2,500.00"
"10.1016/j.surg.2024.09.005","Core Hybrid","EUR","2,500.00"
"10.1016/j.suronc.2023.102029","Core Hybrid","EUR","2,500.00"
"10.1016/j.suronc.2024.102047","Core Hybrid","EUR","2,500.00"
"10.1016/j.suronc.2024.102058","Core Hybrid","EUR","2,500.00"
"10.1016/j.suronc.2024.102184","Core Hybrid","EUR","2,500.00"
"10.1016/j.survophthal.2024.10.001","Core Hybrid","EUR","2,500.00"
"10.1016/j.susc.2024.122451","Core Hybrid","EUR","2,500.00"
"10.1016/j.susc.2024.122453","Core Hybrid","EUR","2,500.00"
"10.1016/j.susc.2024.122465","Core Hybrid","EUR","2,500.00"
"10.1016/j.susc.2024.122471","Core Hybrid","EUR","2,500.00"
"10.1016/j.susc.2024.122504","Core Hybrid","EUR","2,500.00"
"10.1016/j.susc.2024.122505","Core Hybrid","EUR","2,500.00"
"10.1016/j.susc.2024.122519","Core Hybrid","EUR","2,500.00"
"10.1016/j.susc.2024.122539","Core Hybrid","EUR","2,500.00"
"10.1016/j.susc.2024.122547","Core Hybrid","EUR","2,500.00"
"10.1016/j.susc.2024.122550","Core Hybrid","EUR","2,500.00"
"10.1016/j.susc.2024.122573","Core Hybrid","EUR","2,500.00"
"10.1016/j.susc.2024.122574","Core Hybrid","EUR","2,500.00"
"10.1016/j.susc.2024.122589","Core Hybrid","EUR","2,500.00"
"10.1016/j.susc.2024.122597","Core Hybrid","EUR","2,500.00"
"10.1016/j.susc.2024.122598","Core Hybrid","EUR","2,500.00"
"10.1016/j.susc.2024.122606","Core Hybrid","EUR","2,500.00"
"10.1016/j.susc.2024.122609","Core Hybrid","EUR","2,500.00"
"10.1016/j.susc.2024.122625","Core Hybrid","EUR","2,500.00"
"10.1016/j.susc.2024.122626","Core Hybrid","EUR","2,500.00"
"10.1016/j.susc.2024.122628","Core Hybrid","EUR","2,500.00"
"10.1016/j.susc.2024.122634","Core Hybrid","EUR","2,500.00"
"10.1016/j.susc.2024.122677","Core Hybrid","EUR","2,500.00"
"10.1016/j.susmat.2024.e00826","Core Hybrid","EUR","2,500.00"
"10.1016/j.susmat.2024.e01040","Core Hybrid","EUR","2,500.00"
"10.1016/j.susmat.2024.e01161","Core Hybrid","EUR","2,500.00"
"10.1016/j.susmat.2024.e01174","Core Hybrid","EUR","2,500.00"
"10.1016/j.swevo.2024.101818","Core Hybrid","EUR","2,500.00"
"10.1016/j.syapm.2024.126516","Core Hybrid","EUR","2,500.00"
"10.1016/j.syapm.2024.126527","Core Hybrid","EUR","2,500.00"
"10.1016/j.syapm.2024.126555","Core Hybrid","EUR","2,500.00"
"10.1016/j.syapm.2024.126562","Core Hybrid","EUR","2,500.00"
"10.1016/j.synthmet.2024.117662","Core Hybrid","EUR","2,500.00"
"10.1016/j.synthmet.2024.117784","Core Hybrid","EUR","2,500.00"
"10.1016/j.sysarc.2024.103066","Core Hybrid","EUR","2,500.00"
"10.1016/j.sysarc.2024.103102","Core Hybrid","EUR","2,500.00"
"10.1016/j.sysarc.2024.103181","Core Hybrid","EUR","2,500.00"
"10.1016/j.sysarc.2024.103191","Core Hybrid","EUR","2,500.00"
"10.1016/j.sysarc.2024.103248","Core Hybrid","EUR","2,500.00"
"10.1016/j.sysarc.2024.103263","Core Hybrid","EUR","2,500.00"
"10.1016/j.sysarc.2024.103288","Core Hybrid","EUR","2,500.00"
"10.1016/j.sysconle.2024.105755","Core Hybrid","EUR","2,500.00"
"10.1016/j.sysconle.2024.105892","Core Hybrid","EUR","2,500.00"
"10.1016/j.sysconle.2024.105908","Core Hybrid","EUR","2,500.00"
"10.1016/j.sysconle.2024.105942","Core Hybrid","EUR","2,500.00"
"10.1016/j.sysconle.2024.105950","Core Hybrid","EUR","2,500.00"
"10.1016/j.sysconle.2024.105991","Core Hybrid","EUR","2,500.00"
"10.1016/j.system.2024.103460","Core Hybrid","EUR","2,500.00"
"10.1016/j.tafmec.2024.104349","Core Hybrid","EUR","2,500.00"
"10.1016/j.tafmec.2024.104536","Core Hybrid","EUR","2,500.00"
"10.1016/j.tafmec.2024.104571","Core Hybrid","EUR","2,500.00"
"10.1016/j.tafmec.2024.104755","Core Hybrid","EUR","2,500.00"
"10.1016/j.talanta.2023.125331","Core Hybrid","EUR","2,500.00"
"10.1016/j.talanta.2024.125746","Core Hybrid","EUR","2,500.00"
"10.1016/j.talanta.2024.126117","Core Hybrid","EUR","2,500.00"
"10.1016/j.talanta.2024.126174","Core Hybrid","EUR","2,500.00"
"10.1016/j.talanta.2024.126223","Core Hybrid","EUR","2,500.00"
"10.1016/j.talanta.2024.126353","Core Hybrid","EUR","2,500.00"
"10.1016/j.talanta.2024.126518","Core Hybrid","EUR","2,500.00"
"10.1016/j.talanta.2024.126558","Core Hybrid","EUR","2,500.00"
"10.1016/j.talanta.2024.126760","Core Hybrid","EUR","2,500.00"
"10.1016/j.talanta.2024.126811","Core Hybrid","EUR","2,500.00"
"10.1016/j.talanta.2024.127192","Core Hybrid","EUR","2,500.00"
"10.1016/j.tate.2024.104489","Core Hybrid","EUR","2,500.00"
"10.1016/j.tate.2024.104509","Core Hybrid","EUR","2,500.00"
"10.1016/j.tate.2024.104532","Core Hybrid","EUR","2,500.00"
"10.1016/j.tate.2024.104568","Core Hybrid","EUR","2,500.00"
"10.1016/j.tate.2024.104576","Core Hybrid","EUR","2,500.00"
"10.1016/j.tate.2024.104583","Core Hybrid","EUR","2,500.00"
"10.1016/j.tate.2024.104659","Core Hybrid","EUR","2,500.00"
"10.1016/j.tate.2024.104709","Core Hybrid","EUR","2,500.00"
"10.1016/j.tate.2024.104718","Core Hybrid","EUR","2,500.00"
"10.1016/j.tate.2024.104772","Core Hybrid","EUR","2,500.00"
"10.1016/j.tate.2024.104788","Core Hybrid","EUR","2,500.00"
"10.1016/j.tate.2024.104824","Core Hybrid","EUR","2,500.00"
"10.1016/j.tate.2024.104869","Core Hybrid","EUR","2,500.00"
"10.1016/j.tbs.2024.100750","Core Hybrid","EUR","2,500.00"
"10.1016/j.tbs.2024.100771","Core Hybrid","EUR","2,500.00"
"10.1016/j.tbs.2024.100839","Core Hybrid","EUR","2,500.00"
"10.1016/j.tbs.2024.100887","Core Hybrid","EUR","2,500.00"
"10.1016/j.tbs.2024.100895","Core Hybrid","EUR","2,500.00"
"10.1016/j.tbs.2024.100940","Core Hybrid","EUR","2,500.00"
"10.1016/j.tca.2024.179674","Core Hybrid","EUR","2,500.00"
"10.1016/j.tca.2024.179764","Core Hybrid","EUR","2,500.00"
"10.1016/j.tca.2024.179785","Core Hybrid","EUR","2,500.00"
"10.1016/j.tca.2024.179815","Core Hybrid","EUR","2,500.00"
"10.1016/j.tcb.2023.11.003","CP/TL Hybrid","EUR","6,450.00"
"10.1016/j.tcb.2023.12.001","CP/TL Hybrid","EUR","6,450.00"
"10.1016/j.tcb.2024.01.003","CP/TL Hybrid","EUR","6,450.00"
"10.1016/j.tcb.2024.01.011","CP/TL Hybrid","EUR","6,450.00"
"10.1016/j.tcb.2024.02.007","CP/TL Hybrid","EUR","6,450.00"
"10.1016/j.tcb.2024.02.010","CP/TL Hybrid","EUR","6,450.00"
"10.1016/j.tcb.2024.03.006","CP/TL Hybrid","EUR","6,450.00"
"10.1016/j.tcb.2024.04.001","CP/TL Hybrid","EUR","6,450.00"
"10.1016/j.tcb.2024.04.007","CP/TL Hybrid","EUR","6,450.00"
"10.1016/j.tcb.2024.05.006","CP/TL Hybrid","EUR","6,450.00"
"10.1016/j.tcb.2024.06.003","CP/TL Hybrid","EUR","6,450.00"
"10.1016/j.tcb.2024.07.007","CP/TL Hybrid","EUR","6,450.00"
"10.1016/j.tcb.2024.10.006","CP/TL Hybrid","EUR","6,450.00"
"10.1016/j.tcb.2024.10.014","CP/TL Hybrid","EUR","6,450.00"
"10.1016/j.tcb.2024.11.001","CP/TL Hybrid","EUR","6,450.00"
"10.1016/j.tcb.2024.11.005","CP/TL Hybrid","EUR","6,450.00"
"10.1016/j.tcm.2024.04.001","Core Hybrid","EUR","2,500.00"
"10.1016/j.tcr.2024.100992","Core Gold","EUR",784.00
"10.1016/j.tcs.2023.114185","Core Hybrid","EUR","2,500.00"
"10.1016/j.tcs.2024.114503","Core Hybrid","EUR","2,500.00"
"10.1016/j.tcs.2024.114538","Core Hybrid","EUR","2,500.00"
"10.1016/j.tcs.2024.114539","Core Hybrid","EUR","2,500.00"
"10.1016/j.tcs.2024.114599","Core Hybrid","EUR","2,500.00"
"10.1016/j.tcs.2024.114704","Core Hybrid","EUR","2,500.00"
"10.1016/j.tcs.2024.114891","Core Hybrid","EUR","2,500.00"
"10.1016/j.tcs.2024.114928","Core Hybrid","EUR","2,500.00"
"10.1016/j.tcs.2024.114959","Core Hybrid","EUR","2,500.00"
"10.1016/j.tcs.2024.115021","Core Hybrid","EUR","2,500.00"
"10.1016/j.techfore.2023.122889","Core Hybrid","EUR","2,500.00"
"10.1016/j.techfore.2024.123275","Core Hybrid","EUR","2,500.00"
"10.1016/j.techfore.2024.123331","Core Hybrid","EUR","2,500.00"
"10.1016/j.techfore.2024.123360","Core Hybrid","EUR","2,500.00"
"10.1016/j.techfore.2024.123403","Core Hybrid","EUR","2,500.00"
"10.1016/j.techfore.2024.123444","Core Hybrid","EUR","2,500.00"
"10.1016/j.techfore.2024.123488","Core Hybrid","EUR","2,500.00"
"10.1016/j.techfore.2024.123568","Core Hybrid","EUR","2,500.00"
"10.1016/j.techfore.2024.123584","Core Hybrid","EUR","2,500.00"
"10.1016/j.techfore.2024.123588","Core Hybrid","EUR","2,500.00"
"10.1016/j.techfore.2024.123593","Core Hybrid","EUR","2,500.00"
"10.1016/j.techfore.2024.123596","Core Hybrid","EUR","2,500.00"
"10.1016/j.techfore.2024.123709","Core Hybrid","EUR","2,500.00"
"10.1016/j.techfore.2024.123711","Core Hybrid","EUR","2,500.00"
"10.1016/j.techfore.2024.123839","Core Hybrid","EUR","2,500.00"
"10.1016/j.techfore.2024.123873","Core Hybrid","EUR","2,500.00"
"10.1016/j.technovation.2024.102953","Core Hybrid","EUR","2,500.00"
"10.1016/j.technovation.2024.102995","Core Hybrid","EUR","2,500.00"
"10.1016/j.technovation.2024.103049","Core Hybrid","EUR","2,500.00"
"10.1016/j.technovation.2024.103065","Core Hybrid","EUR","2,500.00"
"10.1016/j.techsoc.2024.102462","Core Hybrid","EUR","2,500.00"
"10.1016/j.techsoc.2024.102464","Core Hybrid","EUR","2,500.00"
"10.1016/j.techsoc.2024.102466","Core Hybrid","EUR","2,500.00"
"10.1016/j.techsoc.2024.102539","Core Hybrid","EUR","2,500.00"
"10.1016/j.techsoc.2024.102561","Core Hybrid","EUR","2,500.00"
"10.1016/j.techsoc.2024.102564","Core Hybrid","EUR","2,500.00"
"10.1016/j.techsoc.2024.102569","Core Hybrid","EUR","2,500.00"
"10.1016/j.techsoc.2024.102626","Core Hybrid","EUR","2,500.00"
"10.1016/j.techsoc.2024.102630","Core Hybrid","EUR","2,500.00"
"10.1016/j.techsoc.2024.102651","Core Hybrid","EUR","2,500.00"
"10.1016/j.techsoc.2024.102672","Core Hybrid","EUR","2,500.00"
"10.1016/j.techsoc.2024.102722","Core Hybrid","EUR","2,500.00"
"10.1016/j.techsoc.2024.102725","Core Hybrid","EUR","2,500.00"
"10.1016/j.techsoc.2024.102791","Core Hybrid","EUR","2,500.00"
"10.1016/j.tecto.2024.230283","Core Hybrid","EUR","2,500.00"
"10.1016/j.tecto.2024.230367","Core Hybrid","EUR","2,500.00"
"10.1016/j.tecto.2024.230514","Core Hybrid","EUR","2,500.00"
"10.1016/j.tele.2024.102122","Core Hybrid","EUR","2,500.00"
"10.1016/j.telpol.2024.102719","Core Hybrid","EUR","2,500.00"
"10.1016/j.telpol.2024.102820","Core Hybrid","EUR","2,500.00"
"10.1016/j.telpol.2024.102835","Core Hybrid","EUR","2,500.00"
"10.1016/j.telpol.2024.102867","Core Hybrid","EUR","2,500.00"
"10.1016/j.tem.2023.11.002","CP/TL Hybrid","EUR","6,450.00"
"10.1016/j.tem.2024.02.014","CP/TL Hybrid","EUR","6,450.00"
"10.1016/j.tem.2024.03.004","CP/TL Hybrid","EUR","6,450.00"
"10.1016/j.tem.2024.04.016","CP/TL Hybrid","EUR","6,450.00"
"10.1016/j.tem.2024.05.002","CP/TL Hybrid","EUR","6,450.00"
"10.1016/j.tem.2024.11.012","CP/TL Hybrid","EUR","6,450.00"
"10.1016/j.tetlet.2024.155151","Core Hybrid","EUR","2,500.00"
"10.1016/j.tetlet.2024.155309","Core Hybrid","EUR","2,500.00"
"10.1016/j.tfp.2024.100555","Core Gold","EUR","1,016.00"
"10.1016/j.tfp.2024.100630","Core Gold","EUR","1,032.00"
"10.1016/j.tfp.2024.100720","Core Gold","EUR","1,152.00"
"10.1016/j.tfp.2024.100731","Core Gold","EUR",800.00
"10.1016/j.thromres.2024.02.014","Core Hybrid","EUR","2,500.00"
"10.1016/j.thromres.2024.03.024","Core Hybrid","EUR","2,500.00"
"10.1016/j.thromres.2024.04.006","Core Hybrid","EUR","2,500.00"
"10.1016/j.thromres.2024.04.007","Core Hybrid","EUR","2,500.00"
"10.1016/j.thromres.2024.109094","Core Hybrid","EUR","2,500.00"
"10.1016/j.thromres.2024.109168","Core Hybrid","EUR","2,500.00"
"10.1016/j.tibs.2024.01.003","CP/TL Hybrid","EUR","6,450.00"
"10.1016/j.tibs.2024.03.009","CP/TL Hybrid","EUR","6,450.00"
"10.1016/j.tibs.2024.05.003","CP/TL Hybrid","EUR","6,450.00"
"10.1016/j.tibs.2024.06.006","CP/TL Hybrid","EUR","6,450.00"
"10.1016/j.tibs.2024.08.003","CP/TL Hybrid","EUR","6,450.00"
"10.1016/j.tibs.2024.09.008","CP/TL Hybrid","EUR","6,450.00"
"10.1016/j.tibs.2024.12.005","CP/TL Hybrid","EUR","6,450.00"
"10.1016/j.tibtech.2024.06.011","CP/TL Hybrid","EUR","6,450.00"
"10.1016/j.tibtech.2024.06.014","CP/TL Hybrid","EUR","6,450.00"
"10.1016/j.tibtech.2024.08.005","CP/TL Hybrid","EUR","6,450.00"
"10.1016/j.tibtech.2024.08.010","CP/TL Hybrid","EUR","6,450.00"
"10.1016/j.tibtech.2024.09.005","CP/TL Hybrid","EUR","6,450.00"
"10.1016/j.tibtech.2024.10.013","CP/TL Hybrid","EUR","6,450.00"
"10.1016/j.tibtech.2024.11.005","CP/TL Hybrid","EUR","6,450.00"
"10.1016/j.tice.2024.102522","Core Hybrid","EUR","2,500.00"
"10.1016/j.tics.2023.12.001","CP/TL Hybrid","EUR","6,450.00"
"10.1016/j.tics.2024.02.006","CP/TL Hybrid","EUR","6,450.00"
"10.1016/j.tics.2024.04.002","CP/TL Hybrid","EUR","6,450.00"
"10.1016/j.tics.2024.05.003","CP/TL Hybrid","EUR","6,450.00"
"10.1016/j.tics.2024.06.005","CP/TL Hybrid","EUR","6,450.00"
"10.1016/j.tics.2024.09.013","CP/TL Hybrid","EUR","6,450.00"
"10.1016/j.tics.2024.09.014","CP/TL Hybrid","EUR","6,450.00"
"10.1016/j.tics.2024.11.007","CP/TL Hybrid","EUR","6,450.00"
"10.1016/j.tifs.2024.104423","Core Hybrid","EUR","2,500.00"
"10.1016/j.tifs.2024.104788","Core Hybrid","EUR","2,500.00"
"10.1016/j.tig.2024.01.008","CP/TL Hybrid","EUR","6,450.00"
"10.1016/j.tig.2024.02.002","CP/TL Hybrid","EUR","6,450.00"
"10.1016/j.tig.2024.05.001","CP/TL Hybrid","EUR","6,450.00"
"10.1016/j.tig.2024.05.007","CP/TL Hybrid","EUR","6,450.00"
"10.1016/j.tig.2024.08.001","CP/TL Hybrid","EUR","6,450.00"
"10.1016/j.tig.2024.08.011","CP/TL Hybrid","EUR","6,450.00"
"10.1016/j.tim.2023.12.010","CP/TL Hybrid","EUR","6,450.00"
"10.1016/j.tim.2024.02.001","CP/TL Hybrid","EUR","6,450.00"
"10.1016/j.tim.2024.02.010","CP/TL Hybrid","EUR","6,450.00"
"10.1016/j.tim.2024.02.012","CP/TL Hybrid","EUR","6,450.00"
"10.1016/j.tim.2024.03.005","CP/TL Hybrid","EUR","6,450.00"
"10.1016/j.tim.2024.05.005","CP/TL Hybrid","EUR","6,450.00"
"10.1016/j.tim.2024.08.004","CP/TL Hybrid","EUR","6,450.00"
"10.1016/j.tim.2024.09.001","CP/TL Hybrid","EUR","6,450.00"
"10.1016/j.tim.2024.09.011","CP/TL Hybrid","EUR","6,450.00"
"10.1016/j.tim.2024.10.008","CP/TL Hybrid","EUR","6,450.00"
"10.1016/j.tim.2024.11.007","CP/TL Hybrid","EUR","6,450.00"
"10.1016/j.tine.2024.100224","Core Hybrid","EUR","2,500.00"
"10.1016/j.tine.2024.100238","Core Hybrid","EUR","2,500.00"
"10.1016/j.tine.2024.100242","Core Hybrid","EUR","2,500.00"
"10.1016/j.tins.2023.09.008","CP/TL Hybrid","EUR","6,450.00"
"10.1016/j.tins.2024.02.005","CP/TL Hybrid","EUR","6,450.00"
"10.1016/j.tins.2024.03.002","CP/TL Hybrid","EUR","6,450.00"
"10.1016/j.tins.2024.09.002","CP/TL Hybrid","EUR","6,450.00"
"10.1016/j.tins.2024.10.001","CP/TL Hybrid","EUR","6,450.00"
"10.1016/j.tins.2024.10.005","CP/TL Hybrid","EUR","6,450.00"
"10.1016/j.tips.2024.04.003","CP/TL Hybrid","EUR","6,450.00"
"10.1016/j.tips.2024.04.011","CP/TL Hybrid","EUR","6,450.00"
"10.1016/j.tips.2024.05.008","CP/TL Hybrid","EUR","6,450.00"
"10.1016/j.tips.2024.06.003","CP/TL Hybrid","EUR","6,450.00"
"10.1016/j.tips.2024.07.002","CP/TL Hybrid","EUR","6,450.00"
"10.1016/j.tips.2024.07.007","CP/TL Hybrid","EUR","6,450.00"
"10.1016/j.tips.2024.09.009","CP/TL Hybrid","EUR","6,450.00"
"10.1016/j.tips.2024.10.016","CP/TL Hybrid","EUR","6,450.00"
"10.1016/j.tiv.2024.105772","Core Hybrid","EUR","2,500.00"
"10.1016/j.tiv.2024.105947","Core Hybrid","EUR","2,500.00"
"10.1016/j.tjnut.2024.04.020","Core Hybrid","EUR","2,500.00"
"10.1016/j.tjnut.2024.09.023","Core Hybrid","EUR","2,500.00"
"10.1016/j.tjnut.2024.09.026","Core Hybrid","EUR","2,500.00"
"10.1016/j.tmaid.2024.102714","Core Gold","EUR","2,352.00"
"10.1016/j.tmaid.2024.102750","Core Gold","EUR","2,384.00"
"10.1016/j.topol.2024.108830","Core Hybrid","EUR","2,500.00"
"10.1016/j.tourman.2024.105069","Core Hybrid","EUR","2,500.00"
"10.1016/j.tox.2024.153933","Core Hybrid","EUR","2,500.00"
"10.1016/j.tox.2024.153967","Core Hybrid","EUR","2,500.00"
"10.1016/j.tox.2024.153993","Core Hybrid","EUR","2,500.00"
"10.1016/j.toxicon.2024.107810","Core Hybrid","EUR","2,500.00"
"10.1016/j.toxicon.2024.108152","Core Hybrid","EUR","2,500.00"
"10.1016/j.toxlet.2024.01.003","Core Hybrid","EUR","2,500.00"
"10.1016/j.toxlet.2024.02.004","Core Hybrid","EUR","2,500.00"
"10.1016/j.toxlet.2024.03.008","Core Hybrid","EUR","2,500.00"
"10.1016/j.toxlet.2024.05.011","Core Hybrid","EUR","2,500.00"
"10.1016/j.toxlet.2024.05.013","Core Hybrid","EUR","2,500.00"
"10.1016/j.toxlet.2024.06.006","Core Hybrid","EUR","2,500.00"
"10.1016/j.toxlet.2024.06.013","Core Hybrid","EUR","2,500.00"
"10.1016/j.toxlet.2024.07.912","Core Hybrid","EUR","2,500.00"
"10.1016/j.toxlet.2024.10.005","Core Hybrid","EUR","2,500.00"
"10.1016/j.toxlet.2024.10.006","Core Hybrid","EUR","2,500.00"
"10.1016/j.tpb.2024.02.003","Core Hybrid","EUR","2,500.00"
"10.1016/j.tpb.2024.02.005","Core Hybrid","EUR","2,500.00"
"10.1016/j.tpb.2024.02.010","Core Hybrid","EUR","2,500.00"
"10.1016/j.tpb.2024.04.004","Core Hybrid","EUR","2,500.00"
"10.1016/j.tpb.2024.04.007","Core Hybrid","EUR","2,500.00"
"10.1016/j.tpb.2024.06.001","Core Hybrid","EUR","2,500.00"
"10.1016/j.tpb.2024.07.001","Core Hybrid","EUR","2,500.00"
"10.1016/j.tpb.2024.07.003","Core Hybrid","EUR","2,500.00"
"10.1016/j.tpb.2024.10.003","Core Hybrid","EUR","2,500.00"
"10.1016/j.tpb.2024.11.001","Core Hybrid","EUR","2,500.00"
"10.1016/j.tplants.2024.03.014","CP/TL Hybrid","EUR","6,450.00"
"10.1016/j.tplants.2024.03.015","CP/TL Hybrid","EUR","6,450.00"
"10.1016/j.tplants.2024.04.011","CP/TL Hybrid","EUR","6,450.00"
"10.1016/j.tplants.2024.07.012","CP/TL Hybrid","EUR","6,450.00"
"10.1016/j.tplants.2024.07.018","CP/TL Hybrid","EUR","6,450.00"
"10.1016/j.tplants.2024.08.003","CP/TL Hybrid","EUR","6,450.00"
"10.1016/j.tplants.2024.09.013","CP/TL Hybrid","EUR","6,450.00"
"10.1016/j.tplants.2024.10.004","CP/TL Hybrid","EUR","6,450.00"
"10.1016/j.tplants.2024.10.017","CP/TL Hybrid","EUR","6,450.00"
"10.1016/j.tra.2024.103985","Core Hybrid","EUR","2,500.00"
"10.1016/j.tra.2024.103997","Core Hybrid","EUR","2,500.00"
"10.1016/j.tra.2024.104011","Core Hybrid","EUR","2,500.00"
"10.1016/j.tra.2024.104045","Core Hybrid","EUR","2,500.00"
"10.1016/j.tra.2024.104063","Core Hybrid","EUR","2,500.00"
"10.1016/j.tra.2024.104122","Core Hybrid","EUR","2,500.00"
"10.1016/j.tra.2024.104129","Core Hybrid","EUR","2,500.00"
"10.1016/j.tra.2024.104146","Core Hybrid","EUR","2,500.00"
"10.1016/j.tra.2024.104155","Core Hybrid","EUR","2,500.00"
"10.1016/j.tra.2024.104203","Core Hybrid","EUR","2,500.00"
"10.1016/j.tra.2024.104257","Core Hybrid","EUR","2,500.00"
"10.1016/j.tra.2024.104266","Core Hybrid","EUR","2,500.00"
"10.1016/j.tra.2024.104298","Core Hybrid","EUR","2,500.00"
"10.1016/j.tra.2024.104360","Core Hybrid","EUR","2,500.00"
"10.1016/j.trac.2023.117420","Core Hybrid","EUR","2,500.00"
"10.1016/j.trac.2024.117668","Core Hybrid","EUR","2,500.00"
"10.1016/j.trac.2024.117698","Core Hybrid","EUR","2,500.00"
"10.1016/j.trac.2024.117908","Core Hybrid","EUR","2,500.00"
"10.1016/j.trac.2024.117916","Core Hybrid","EUR","2,500.00"
"10.1016/j.trac.2024.117948","Core Hybrid","EUR","2,500.00"
"10.1016/j.trac.2024.117977","Core Hybrid","EUR","2,500.00"
"10.1016/j.trac.2024.117990","Core Hybrid","EUR","2,500.00"
"10.1016/j.trac.2024.117997","Core Hybrid","EUR","2,500.00"
"10.1016/j.trac.2024.118000","Core Hybrid","EUR","2,500.00"
"10.1016/j.trac.2024.118025","Core Hybrid","EUR","2,500.00"
"10.1016/j.trac.2024.118031","Core Hybrid","EUR","2,500.00"
"10.1016/j.trac.2024.118038","Core Hybrid","EUR","2,500.00"
"10.1016/j.tranon.2024.102019","Core Gold","EUR","2,136.00"
"10.1016/j.tranon.2024.102044","Core Gold","EUR","2,248.00"
"10.1016/j.tranon.2024.102053","Core Gold","EUR","2,248.00"
"10.1016/j.tranon.2024.102070","Core Gold","EUR","2,248.00"
"10.1016/j.tranon.2024.102109","Core Gold","EUR","2,248.00"
"10.1016/j.tranon.2024.102116","Core Gold","EUR","2,280.00"
"10.1016/j.tranon.2024.102216","Core Gold","EUR","2,328.00"
"10.1016/j.tranon.2024.102224","Core Gold","EUR","2,280.00"
"10.1016/j.tranpol.2024.01.010","Core Hybrid","EUR","2,500.00"
"10.1016/j.tranpol.2024.02.003","Core Hybrid","EUR","2,500.00"
"10.1016/j.tranpol.2024.06.003","Core Hybrid","EUR","2,500.00"
"10.1016/j.tranpol.2024.06.014","Core Hybrid","EUR","2,500.00"
"10.1016/j.tranpol.2024.07.004","Core Hybrid","EUR","2,500.00"
"10.1016/j.tranpol.2024.07.011","Core Hybrid","EUR","2,500.00"
"10.1016/j.tranpol.2024.07.013","Core Hybrid","EUR","2,500.00"
"10.1016/j.tranpol.2024.12.004","Core Hybrid","EUR","2,500.00"
"10.1016/j.transproceed.2023.11.032","Core Hybrid","EUR","2,500.00"
"10.1016/j.transproceed.2024.02.020","Core Hybrid","EUR","2,500.00"
"10.1016/j.transproceed.2024.05.035","Core Hybrid","EUR","2,500.00"
"10.1016/j.transproceed.2024.08.040","Core Hybrid","EUR","2,500.00"
"10.1016/j.transproceed.2024.10.020","Core Hybrid","EUR","2,500.00"
"10.1016/j.trb.2024.102890","Core Hybrid","EUR","2,500.00"
"10.1016/j.trb.2024.102894","Core Hybrid","EUR","2,500.00"
"10.1016/j.trb.2024.102926","Core Hybrid","EUR","2,500.00"
"10.1016/j.trb.2024.102998","Core Hybrid","EUR","2,500.00"
"10.1016/j.trb.2024.103058","Core Hybrid","EUR","2,500.00"
"10.1016/j.trc.2024.104486","Core Hybrid","EUR","2,500.00"
"10.1016/j.trc.2024.104489","Core Hybrid","EUR","2,500.00"
"10.1016/j.trc.2024.104502","Core Hybrid","EUR","2,500.00"
"10.1016/j.trc.2024.104704","Core Hybrid","EUR","2,500.00"
"10.1016/j.trc.2024.104806","Core Hybrid","EUR","2,500.00"
"10.1016/j.trc.2024.104918","Core Hybrid","EUR","2,500.00"
"10.1016/j.trc.2024.104937","Core Hybrid","EUR","2,500.00"
"10.1016/j.trc.2024.104940","Core Hybrid","EUR","2,500.00"
"10.1016/j.trd.2024.104067","Core Hybrid","EUR","2,500.00"
"10.1016/j.trd.2024.104078","Core Hybrid","EUR","2,500.00"
"10.1016/j.trd.2024.104087","Core Hybrid","EUR","2,500.00"
"10.1016/j.trd.2024.104161","Core Hybrid","EUR","2,500.00"
"10.1016/j.trd.2024.104198","Core Hybrid","EUR","2,500.00"
"10.1016/j.trd.2024.104216","Core Hybrid","EUR","2,500.00"
"10.1016/j.trd.2024.104280","Core Hybrid","EUR","2,500.00"
"10.1016/j.trd.2024.104289","Core Hybrid","EUR","2,500.00"
"10.1016/j.trd.2024.104323","Core Hybrid","EUR","2,500.00"
"10.1016/j.trd.2024.104372","Core Hybrid","EUR","2,500.00"
"10.1016/j.trd.2024.104517","Core Hybrid","EUR","2,500.00"
"10.1016/j.tre.2024.103526","Core Hybrid","EUR","2,500.00"
"10.1016/j.tre.2024.103830","Core Hybrid","EUR","2,500.00"
"10.1016/j.tre.2024.103872","Core Hybrid","EUR","2,500.00"
"10.1016/j.trecan.2024.02.011","CP/TL Hybrid","EUR","6,450.00"
"10.1016/j.trecan.2024.06.003","CP/TL Hybrid","EUR","2,500.00"
"10.1016/j.trecan.2024.10.006","CP/TL Hybrid","EUR","6,450.00"
"10.1016/j.tree.2023.11.002","CP/TL Hybrid","EUR","6,450.00"
"10.1016/j.tree.2024.01.004","CP/TL Hybrid","EUR","6,450.00"
"10.1016/j.tree.2024.03.003","CP/TL Hybrid","EUR","6,450.00"
"10.1016/j.tree.2024.04.003","CP/TL Hybrid","EUR","6,450.00"
"10.1016/j.tree.2024.04.011","CP/TL Hybrid","EUR","6,450.00"
"10.1016/j.tree.2024.07.001","CP/TL Hybrid","EUR","6,450.00"
"10.1016/j.tree.2024.07.007","CP/TL Hybrid","EUR","6,450.00"
"10.1016/j.tree.2024.07.011","CP/TL Hybrid","EUR","6,450.00"
"10.1016/j.tree.2024.09.007","CP/TL Hybrid","EUR","6,450.00"
"10.1016/j.tree.2024.10.004","CP/TL Hybrid","EUR","6,450.00"
"10.1016/j.tree.2024.11.008","CP/TL Hybrid","EUR","6,450.00"
"10.1016/j.tree.2024.11.014","CP/TL Hybrid","EUR","6,450.00"
"10.1016/j.treng.2024.100232","Core Gold","EUR","1,507.50"
"10.1016/j.trf.2023.11.016","Core Hybrid","EUR","2,500.00"
"10.1016/j.trf.2024.02.010","Core Hybrid","EUR","2,500.00"
"10.1016/j.trf.2024.03.004","Core Hybrid","EUR","2,500.00"
"10.1016/j.trf.2024.03.008","Core Hybrid","EUR","2,500.00"
"10.1016/j.trf.2024.04.008","Core Hybrid","EUR","2,500.00"
"10.1016/j.trf.2024.05.015","Core Hybrid","EUR","2,500.00"
"10.1016/j.trf.2024.05.017","Core Hybrid","EUR","2,500.00"
"10.1016/j.trf.2024.06.025","Core Hybrid","EUR","2,500.00"
"10.1016/j.trf.2024.07.017","Core Hybrid","EUR","2,500.00"
"10.1016/j.trf.2024.08.002","Core Hybrid","EUR","2,500.00"
"10.1016/j.trf.2024.08.030","Core Hybrid","EUR","2,500.00"
"10.1016/j.trf.2024.09.006","Core Hybrid","EUR","2,500.00"
"10.1016/j.trf.2024.09.010","Core Hybrid","EUR","2,500.00"
"10.1016/j.trf.2024.09.014","Core Hybrid","EUR","2,500.00"
"10.1016/j.trf.2024.10.005","Core Hybrid","EUR","2,500.00"
"10.1016/j.trf.2024.10.022","Core Hybrid","EUR","2,500.00"
"10.1016/j.trf.2024.11.012","Core Hybrid","EUR","2,500.00"
"10.1016/j.trf.2024.12.012","Core Hybrid","EUR","2,500.00"
"10.1016/j.trgeo.2024.101204","Core Hybrid","EUR","2,500.00"
"10.1016/j.trgeo.2024.101406","Core Hybrid","EUR","2,500.00"
"10.1016/j.triboint.2024.109342","Core Hybrid","EUR","2,500.00"
"10.1016/j.triboint.2024.109354","Core Hybrid","EUR","2,500.00"
"10.1016/j.triboint.2024.109369","Core Hybrid","EUR","2,500.00"
"10.1016/j.triboint.2024.109424","Core Hybrid","EUR","2,500.00"
"10.1016/j.triboint.2024.109597","Core Hybrid","EUR","2,500.00"
"10.1016/j.triboint.2024.109605","Core Hybrid","EUR","2,500.00"
"10.1016/j.triboint.2024.109632","Core Hybrid","EUR","2,500.00"
"10.1016/j.triboint.2024.109652","Core Hybrid","EUR","2,500.00"
"10.1016/j.triboint.2024.109771","Core Hybrid","EUR","2,500.00"
"10.1016/j.triboint.2024.109825","Core Hybrid","EUR","2,500.00"
"10.1016/j.triboint.2024.109934","Core Hybrid","EUR","2,500.00"
"10.1016/j.triboint.2024.109940","Core Hybrid","EUR","2,500.00"
"10.1016/j.triboint.2024.109988","Core Hybrid","EUR","2,500.00"
"10.1016/j.triboint.2024.110083","Core Hybrid","EUR","2,500.00"
"10.1016/j.triboint.2024.110467","Core Hybrid","EUR","2,500.00"
"10.1016/j.trim.2024.101985","Core Hybrid","EUR","2,500.00"
"10.1016/j.trim.2024.102043","Core Hybrid","EUR","2,500.00"
"10.1016/j.trim.2024.102068","Core Hybrid","EUR","2,500.00"
"10.1016/j.trim.2024.102117","Core Hybrid","EUR","2,500.00"
"10.1016/j.trip.2024.101016","Core Gold","EUR",968.00
"10.1016/j.trip.2024.101020","Core Gold","EUR","1,120.00"
"10.1016/j.trip.2024.101045","Core Gold","EUR",928.00
"10.1016/j.trip.2024.101059","Core Gold","EUR",888.00
"10.1016/j.trip.2024.101077","Core Gold","EUR",768.00
"10.1016/j.trip.2024.101078","Core Gold","EUR",968.00
"10.1016/j.trip.2024.101099","Core Gold","EUR","1,120.00"
"10.1016/j.trip.2024.101107","Core Gold","EUR","1,176.00"
"10.1016/j.trip.2024.101171","Core Gold","EUR",968.00
"10.1016/j.trip.2024.101190","Core Gold","EUR","1,176.00"
"10.1016/j.trip.2024.101193","Core Gold","EUR","1,176.00"
"10.1016/j.trip.2024.101207","Core Gold","EUR","1,176.00"
"10.1016/j.trip.2024.101221","Core Gold","EUR","1,176.00"
"10.1016/j.trip.2024.101253","Core Gold","EUR","1,200.00"
"10.1016/j.trip.2024.101282","Core Gold","EUR",968.00
"10.1016/j.trre.2024.100831","Core Hybrid","EUR","2,500.00"
"10.1016/j.trre.2024.100877","Core Hybrid","EUR","2,500.00"
"10.1016/j.trre.2024.100882","Core Hybrid","EUR","2,500.00"
"10.1016/j.trsl.2024.02.007","Core Hybrid","EUR","2,500.00"
"10.1016/j.tsc.2024.101569","Core Hybrid","EUR","2,500.00"
"10.1016/j.tsep.2023.102260","Core Hybrid","EUR","2,500.00"
"10.1016/j.tsep.2024.102497","Core Hybrid","EUR","2,500.00"
"10.1016/j.tsep.2024.102589","Core Hybrid","EUR","2,500.00"
"10.1016/j.tsf.2024.140201","Core Hybrid","EUR","2,500.00"
"10.1016/j.tsf.2024.140290","Core Hybrid","EUR","2,500.00"
"10.1016/j.tsf.2024.140312","Core Hybrid","EUR","2,500.00"
"10.1016/j.tsf.2024.140399","Core Hybrid","EUR","2,500.00"
"10.1016/j.tsf.2024.140499","Core Hybrid","EUR","2,500.00"
"10.1016/j.tsf.2024.140547","Core Hybrid","EUR","2,500.00"
"10.1016/j.tsf.2024.140590","Core Hybrid","EUR","2,500.00"
"10.1016/j.ttbdis.2024.102396","Core Gold","EUR","1,984.00"
"10.1016/j.ttbdis.2024.102417","Core Gold","EUR","2,200.00"
"10.1016/j.tube.2024.102493","Core Hybrid","EUR","2,500.00"
"10.1016/j.tust.2024.105886","Core Hybrid","EUR","2,500.00"
"10.1016/j.tvjl.2024.106126","Core Hybrid","EUR","2,500.00"
"10.1016/j.tvjl.2024.106148","Core Hybrid","EUR","2,500.00"
"10.1016/j.tvjl.2024.106172","Core Hybrid","EUR","2,500.00"
"10.1016/j.tvjl.2024.106267","Core Hybrid","EUR","2,500.00"
"10.1016/j.tvr.2024.200277","Core Gold","EUR","1,720.00"
"10.1016/j.tws.2024.111849","Core Hybrid","EUR","2,500.00"
"10.1016/j.tws.2024.112074","Core Hybrid","EUR","2,500.00"
"10.1016/j.tws.2024.112379","Core Hybrid","EUR","2,500.00"
"10.1016/j.tws.2024.112577","Core Hybrid","EUR","2,500.00"
"10.1016/j.tws.2024.112671","Core Hybrid","EUR","2,500.00"
"10.1016/j.uclim.2023.101678","Core Hybrid","EUR","2,500.00"
"10.1016/j.uclim.2024.102034","Core Hybrid","EUR","2,500.00"
"10.1016/j.uclim.2024.102061","Core Hybrid","EUR","2,500.00"
"10.1016/j.uclim.2024.102165","Core Hybrid","EUR","2,500.00"
"10.1016/j.uclim.2024.102173","Core Hybrid","EUR","2,500.00"
"10.1016/j.ufug.2024.128204","Core Hybrid","EUR","2,500.00"
"10.1016/j.ufug.2024.128266","Core Hybrid","EUR","2,500.00"
"10.1016/j.ufug.2024.128356","Core Hybrid","EUR","2,500.00"
"10.1016/j.ufug.2024.128426","Core Hybrid","EUR","2,500.00"
"10.1016/j.ufug.2024.128442","Core Hybrid","EUR","2,500.00"
"10.1016/j.ufug.2024.128456","Core Hybrid","EUR","2,500.00"
"10.1016/j.ufug.2024.128481","Core Hybrid","EUR","2,500.00"
"10.1016/j.ufug.2024.128488","Core Hybrid","EUR","2,500.00"
"10.1016/j.ufug.2024.128527","Core Hybrid","EUR","2,500.00"
"10.1016/j.ufug.2024.128528","Core Hybrid","EUR","2,500.00"
"10.1016/j.ufug.2024.128535","Core Hybrid","EUR","2,500.00"
"10.1016/j.ufug.2024.128564","Core Hybrid","EUR","2,500.00"
"10.1016/j.ultramic.2023.113867","Core Hybrid","EUR","2,500.00"
"10.1016/j.ultramic.2024.113939","Core Hybrid","EUR","2,500.00"
"10.1016/j.ultramic.2024.113978","Core Hybrid","EUR","2,500.00"
"10.1016/j.ultramic.2024.113995","Core Hybrid","EUR","2,500.00"
"10.1016/j.ultramic.2024.114006","Core Hybrid","EUR","2,500.00"
"10.1016/j.ultramic.2024.114020","Core Hybrid","EUR","2,500.00"
"10.1016/j.ultramic.2024.114050","Core Hybrid","EUR","2,500.00"
"10.1016/j.ultramic.2024.114057","Core Hybrid","EUR","2,500.00"
"10.1016/j.ultramic.2024.114060","Core Hybrid","EUR","2,500.00"
"10.1016/j.ultras.2024.107250","Core Hybrid","EUR","2,500.00"
"10.1016/j.ultras.2024.107314","Core Hybrid","EUR","2,500.00"
"10.1016/j.ultras.2024.107324","Core Hybrid","EUR","2,500.00"
"10.1016/j.ultras.2024.107341","Core Hybrid","EUR","2,500.00"
"10.1016/j.ultras.2024.107373","Core Hybrid","EUR","2,500.00"
"10.1016/j.ultras.2024.107403","Core Hybrid","EUR","2,500.00"
"10.1016/j.ultras.2024.107411","Core Hybrid","EUR","2,500.00"
"10.1016/j.ultras.2024.107523","Core Hybrid","EUR","2,500.00"
"10.1016/j.ultrasmedbio.2024.04.014","Core Hybrid","EUR","2,500.00"
"10.1016/j.ultrasmedbio.2024.05.028","Core Hybrid","EUR","2,500.00"
"10.1016/j.ultrasmedbio.2024.07.004","Core Hybrid","EUR","2,500.00"
"10.1016/j.ultrasmedbio.2024.10.004","Core Hybrid","EUR","2,500.00"
"10.1016/j.ultrasmedbio.2024.10.007","Core Hybrid","EUR","2,500.00"
"10.1016/j.ultsonch.2024.106810","Core Gold","EUR","1,848.00"
"10.1016/j.ultsonch.2024.106875","Core Gold","EUR","1,944.00"
"10.1016/j.ultsonch.2024.107033","Core Gold","EUR","1,617.00"
"10.1016/j.ultsonch.2024.107145","Core Gold","EUR","1,701.00"
"10.1016/j.ultsonch.2024.107185","Core Gold","EUR","2,112.00"
"10.1016/j.urbmob.2023.100064","Core Gold","EUR","1,096.00"
"10.1016/j.urbmob.2024.100082","Core Gold","EUR","1,096.00"
"10.1016/j.urbmob.2024.100083","Core Gold","EUR","1,096.00"
"10.1016/j.urbmob.2024.100084","Core Gold","EUR","1,096.00"
"10.1016/j.urbmob.2024.100085","Core Gold","EUR","1,096.00"
"10.1016/j.urbmob.2024.100090","Core Gold","EUR","1,096.00"
"10.1016/j.urology.2024.04.020","Core Hybrid","EUR","2,500.00"
"10.1016/j.urolonc.2024.01.010","Core Hybrid","EUR","2,500.00"
"10.1016/j.urolonc.2024.01.025","Core Hybrid","EUR","2,500.00"
"10.1016/j.urolonc.2024.01.300","Core Hybrid","EUR","2,500.00"
"10.1016/j.urolonc.2024.03.019","Core Hybrid","EUR","2,500.00"
"10.1016/j.urolonc.2024.06.006","Core Hybrid","EUR","2,500.00"
"10.1016/j.urolonc.2024.06.016","Core Hybrid","EUR","2,500.00"
"10.1016/j.urolonc.2024.07.008","Core Hybrid","EUR","2,500.00"
"10.1016/j.urolonc.2024.11.021","Core Hybrid","EUR","2,500.00"
"10.1016/j.vaa.2024.03.005","Core Hybrid","EUR","2,500.00"
"10.1016/j.vaccine.2023.10.029","Core Hybrid","EUR","2,500.00"
"10.1016/j.vaccine.2024.01.022","Core Hybrid","EUR","2,500.00"
"10.1016/j.vaccine.2024.03.021","Core Hybrid","EUR","2,500.00"
"10.1016/j.vaccine.2024.05.044","Core Hybrid","EUR","2,500.00"
"10.1016/j.vaccine.2024.06.061","Core Hybrid","EUR","2,500.00"
"10.1016/j.vaccine.2024.06.062","Core Hybrid","EUR","2,500.00"
"10.1016/j.vaccine.2024.07.026","Core Hybrid","EUR","2,500.00"
"10.1016/j.vaccine.2024.07.033","Core Hybrid","EUR","2,500.00"
"10.1016/j.vaccine.2024.126218","Core Hybrid","EUR","2,500.00"
"10.1016/j.vaccine.2024.126354","Core Hybrid","EUR","2,500.00"
"10.1016/j.vaccine.2024.126538","Core Hybrid","EUR","2,500.00"
"10.1016/j.vaccine.2024.126636","Core Hybrid","EUR","2,500.00"
"10.1016/j.vaccine.2024.126646","Core Hybrid","EUR","2,500.00"
"10.1016/j.vacuum.2024.113708","Core Hybrid","EUR","2,500.00"
"10.1016/j.vacuum.2024.113794","Core Hybrid","EUR","2,500.00"
"10.1016/j.vacuum.2024.113843","Core Hybrid","EUR","2,500.00"
"10.1016/j.vacuum.2024.113887","Core Hybrid","EUR","2,500.00"
"10.1016/j.vacuum.2024.113964","Core Hybrid","EUR","2,500.00"
"10.1016/j.vas.2024.100335","Core Gold","EUR","1,792.00"
"10.1016/j.vehcom.2024.100744","Core Hybrid","EUR","2,500.00"
"10.1016/j.vetimm.2023.110714","Core Hybrid","EUR","2,500.00"
"10.1016/j.vetmic.2024.109985","Core Hybrid","EUR","2,500.00"
"10.1016/j.vetmic.2024.110063","Core Hybrid","EUR","2,500.00"
"10.1016/j.vetmic.2024.110125","Core Hybrid","EUR","2,500.00"
"10.1016/j.vetpar.2024.110142","Core Hybrid","EUR","2,500.00"
"10.1016/j.vetpar.2024.110246","Core Hybrid","EUR","2,500.00"
"10.1016/j.vetpar.2024.110316","Core Hybrid","EUR","2,500.00"
"10.1016/j.vibspec.2024.103661","Core Hybrid","EUR","2,500.00"
"10.1016/j.vibspec.2024.103685","Core Hybrid","EUR","2,500.00"
"10.1016/j.vibspec.2024.103724","Core Hybrid","EUR","2,500.00"
"10.1016/j.vibspec.2024.103761","Core Hybrid","EUR","2,500.00"
"10.1016/j.virol.2024.109987","Core Hybrid","EUR","2,500.00"
"10.1016/j.virol.2024.110280","Core Hybrid","EUR","2,500.00"
"10.1016/j.virol.2024.110300","Core Hybrid","EUR","2,500.00"
"10.1016/j.virol.2024.110314","Core Hybrid","EUR","2,500.00"
"10.1016/j.virusres.2024.199337","Core Gold","EUR","2,032.00"
"10.1016/j.virusres.2024.199355","Core Gold","EUR","2,032.00"
"10.1016/j.virusres.2024.199356","Core Gold","EUR","1,936.00"
"10.1016/j.virusres.2024.199363","Core Gold","EUR","2,032.00"
"10.1016/j.virusres.2024.199364","Core Gold","EUR","2,032.00"
"10.1016/j.virusres.2024.199404","Core Gold","EUR","2,064.00"
"10.1016/j.virusres.2024.199417","Core Gold","EUR","2,032.00"
"10.1016/j.virusres.2024.199427","Core Gold","EUR","2,064.00"
"10.1016/j.virusres.2024.199430","Core Gold","EUR","2,032.00"
"10.1016/j.virusres.2024.199444","Core Gold","EUR","2,064.00"
"10.1016/j.visres.2024.108378","Core Hybrid","EUR","2,500.00"
"10.1016/j.visres.2024.108389","Core Hybrid","EUR","2,500.00"
"10.1016/j.visres.2024.108402","Core Hybrid","EUR","2,500.00"
"10.1016/j.visres.2024.108406","Core Hybrid","EUR","2,500.00"
"10.1016/j.visres.2024.108423","Core Hybrid","EUR","2,500.00"
"10.1016/j.visres.2024.108424","Core Hybrid","EUR","2,500.00"
"10.1016/j.visres.2024.108450","Core Hybrid","EUR","2,500.00"
"10.1016/j.visres.2024.108453","Core Hybrid","EUR","2,500.00"
"10.1016/j.visres.2024.108457","Core Hybrid","EUR","2,500.00"
"10.1016/j.visres.2024.108489","Core Hybrid","EUR","2,500.00"
"10.1016/j.vlsi.2024.102314","Core Hybrid","EUR","2,500.00"
"10.1016/j.vph.2024.107379","Core Hybrid","EUR","2,500.00"
"10.1016/j.vprsr.2024.100986","Core Hybrid","EUR","2,500.00"
"10.1016/j.wace.2024.100661","Core Gold","EUR","1,880.00"
"10.1016/j.wace.2024.100738","Core Gold","EUR","2,208.00"
"10.1016/j.waojou.2023.100849","Core Gold","EUR","1,928.00"
"10.1016/j.waojou.2024.100924","Core Gold","EUR","1,928.00"
"10.1016/j.waojou.2024.100971","Core Gold","EUR","1,928.00"
"10.1016/j.waojou.2024.100974","Core Gold","EUR","1,928.00"
"10.1016/j.waojou.2024.100999","Core Gold","EUR","1,928.00"
"10.1016/j.wasec.2024.100186","Core Hybrid","EUR","2,500.00"
"10.1016/j.wasman.2023.11.002","Core Hybrid","EUR","2,500.00"
"10.1016/j.wasman.2024.01.035","Core Hybrid","EUR","2,500.00"
"10.1016/j.wasman.2024.02.020","Core Hybrid","EUR","2,500.00"
"10.1016/j.wasman.2024.02.024","Core Hybrid","EUR","2,500.00"
"10.1016/j.wasman.2024.02.038","Core Hybrid","EUR","2,500.00"
"10.1016/j.wasman.2024.04.019","Core Hybrid","EUR","2,500.00"
"10.1016/j.wasman.2024.05.023","Core Hybrid","EUR","2,500.00"
"10.1016/j.wasman.2024.07.007","Core Hybrid","EUR","2,500.00"
"10.1016/j.wasman.2024.07.034","Core Hybrid","EUR","2,500.00"
"10.1016/j.wasman.2024.09.001","Core Hybrid","EUR","2,500.00"
"10.1016/j.watres.2023.120746","Core Hybrid","EUR","2,500.00"
"10.1016/j.watres.2024.121136","Core Hybrid","EUR","2,500.00"
"10.1016/j.watres.2024.121241","Core Hybrid","EUR","2,500.00"
"10.1016/j.watres.2024.121322","Core Hybrid","EUR","2,500.00"
"10.1016/j.watres.2024.121346","Core Hybrid","EUR","2,500.00"
"10.1016/j.watres.2024.121400","Core Hybrid","EUR","2,500.00"
"10.1016/j.watres.2024.121801","Core Hybrid","EUR","2,500.00"
"10.1016/j.watres.2024.121806","Core Hybrid","EUR","2,500.00"
"10.1016/j.watres.2024.121847","Core Hybrid","EUR","2,500.00"
"10.1016/j.watres.2024.121914","Core Hybrid","EUR","2,500.00"
"10.1016/j.watres.2024.122140","Core Hybrid","EUR","2,500.00"
"10.1016/j.watres.2024.122162","Core Hybrid","EUR","2,500.00"
"10.1016/j.watres.2024.122169","Core Hybrid","EUR","2,500.00"
"10.1016/j.watres.2024.122267","Core Hybrid","EUR","2,500.00"
"10.1016/j.watres.2024.122336","Core Hybrid","EUR","2,500.00"
"10.1016/j.watres.2024.122429","Core Hybrid","EUR","2,500.00"
"10.1016/j.watres.2024.122436","Core Hybrid","EUR","2,500.00"
"10.1016/j.watres.2024.122476","Core Hybrid","EUR","2,500.00"
"10.1016/j.watres.2024.122542","Core Hybrid","EUR","2,500.00"
"10.1016/j.watres.2024.122543","Core Hybrid","EUR","2,500.00"
"10.1016/j.watres.2024.122864","Core Hybrid","EUR","2,500.00"
"10.1016/j.watres.2024.122870","Core Hybrid","EUR","2,500.00"
"10.1016/j.watres.2024.122892","Core Hybrid","EUR","2,500.00"
"10.1016/j.watres.2024.122902","Core Hybrid","EUR","2,500.00"
"10.1016/j.watres.2024.122928","Core Hybrid","EUR","2,500.00"
"10.1016/j.watres.2024.122938","Core Hybrid","EUR","2,500.00"
"10.1016/j.watres.2024.122987","Core Hybrid","EUR","2,500.00"
"10.1016/j.watres.2024.123007","Core Hybrid","EUR","2,500.00"
"10.1016/j.wdp.2024.100569","Core Hybrid","EUR","2,500.00"
"10.1016/j.wdp.2024.100618","Core Hybrid","EUR","2,500.00"
"10.1016/j.wdp.2024.100637","Core Hybrid","EUR","2,500.00"
"10.1016/j.wear.2024.205358","Core Hybrid","EUR","2,500.00"
"10.1016/j.wear.2024.205427","Core Hybrid","EUR","2,500.00"
"10.1016/j.wear.2024.205432","Core Hybrid","EUR","2,500.00"
"10.1016/j.wear.2024.205437","Core Hybrid","EUR","2,500.00"
"10.1016/j.wear.2024.205520","Core Hybrid","EUR","2,500.00"
"10.1016/j.wear.2024.205556","Core Hybrid","EUR","2,500.00"
"10.1016/j.websem.2024.100833","Core Gold","EUR","1,168.00"
"10.1016/j.websem.2024.100851","Core Gold","EUR","1,057.00"
"10.1016/j.wneu.2023.09.090","Core Hybrid","EUR","2,500.00"
"10.1016/j.wneu.2024.01.092","Core Hybrid","EUR","2,500.00"
"10.1016/j.wneu.2024.01.141","Core Hybrid","EUR","2,500.00"
"10.1016/j.wneu.2024.01.171","Core Hybrid","EUR","2,500.00"
"10.1016/j.wneu.2024.02.018","Core Hybrid","EUR","2,500.00"
"10.1016/j.wneu.2024.03.062","Core Hybrid","EUR","2,500.00"
"10.1016/j.wneu.2024.04.052","Core Hybrid","EUR","2,500.00"
"10.1016/j.wneu.2024.04.071","Core Hybrid","EUR","2,500.00"
"10.1016/j.wneu.2024.06.008","Core Hybrid","EUR","2,500.00"
"10.1016/j.wneu.2024.06.089","Core Hybrid","EUR","2,500.00"
"10.1016/j.wneu.2024.08.095","Core Hybrid","EUR","2,500.00"
"10.1016/j.wneu.2024.08.097","Core Hybrid","EUR","2,500.00"
"10.1016/j.wneu.2024.09.087","Core Hybrid","EUR","2,500.00"
"10.1016/j.wneu.2024.09.140","Core Hybrid","EUR","2,500.00"
"10.1016/j.wneu.2024.10.140","Core Gold","EUR","2,336.00"
"10.1016/j.wneu.2024.11.067","Core Gold","EUR","2,336.00"
"10.1016/j.wneu.2024.11.081","Core Gold","EUR","2,336.00"
"10.1016/j.wneu.2024.11.091","Core Gold","EUR","2,336.00"
"10.1016/j.wneu.2024.11.106","Core Gold","EUR","2,336.00"
"10.1016/j.wocn.2023.101292","Core Hybrid","EUR","2,500.00"
"10.1016/j.wocn.2024.101354","Core Hybrid","EUR","2,500.00"
"10.1016/j.wocn.2024.101365","Core Hybrid","EUR","2,500.00"
"10.1016/j.wocn.2024.101374","Core Hybrid","EUR","2,500.00"
"10.1016/j.wocn.2024.101377","Core Hybrid","EUR","2,500.00"
"10.1016/j.worlddev.2024.106588","Core Hybrid","EUR","2,500.00"
"10.1016/j.worlddev.2024.106622","Core Hybrid","EUR","2,500.00"
"10.1016/j.worlddev.2024.106649","Core Hybrid","EUR","2,500.00"
"10.1016/j.worlddev.2024.106655","Core Hybrid","EUR","2,500.00"
"10.1016/j.worlddev.2024.106660","Core Hybrid","EUR","2,500.00"
"10.1016/j.worlddev.2024.106713","Core Hybrid","EUR","2,500.00"
"10.1016/j.worlddev.2024.106716","Core Hybrid","EUR","2,500.00"
"10.1016/j.worlddev.2024.106717","Core Hybrid","EUR","2,500.00"
"10.1016/j.worlddev.2024.106718","Core Hybrid","EUR","2,500.00"
"10.1016/j.worlddev.2024.106727","Core Hybrid","EUR","2,500.00"
"10.1016/j.worlddev.2024.106739","Core Hybrid","EUR","2,500.00"
"10.1016/j.worlddev.2024.106765","Core Hybrid","EUR","2,500.00"
"10.1016/j.worlddev.2024.106794","Core Hybrid","EUR","2,500.00"
"10.1016/j.worlddev.2024.106854","Core Hybrid","EUR","2,500.00"
"10.1016/j.worlddev.2024.106872","Core Hybrid","EUR","2,500.00"
"10.1016/j.wpi.2024.102283","Core Hybrid","EUR","2,500.00"
"10.1016/j.wpi.2024.102322","Core Hybrid","EUR","2,500.00"
"10.1016/j.wre.2024.100250","Core Hybrid","EUR","2,500.00"
"10.1016/j.wroa.2024.100222","Core Gold","EUR","1,960.00"
"10.1016/j.wroa.2024.100223","Core Gold","EUR","1,864.00"
"10.1016/j.wroa.2024.100235","Core Gold","EUR","1,960.00"
"10.1016/j.wroa.2024.100284","Core Gold","EUR","2,280.00"
"10.1016/j.wsif.2024.102951","Core Hybrid","EUR","2,500.00"
"10.1016/j.wsif.2024.102979","Core Hybrid","EUR","2,500.00"
"10.1016/j.wsif.2024.103004","Core Hybrid","EUR","2,500.00"
"10.1016/j.xagr.2024.100326","Core Gold","EUR",820.00
"10.1016/j.xcrm.2023.101283","CP/TL Gold","EUR","4,148.00"
"10.1016/j.xcrm.2024.101413","CP/TL Gold","EUR","4,148.00"
"10.1016/j.xcrm.2024.101421","CP/TL Gold","EUR","3,825.00"
"10.1016/j.xcrm.2024.101426","CP/TL Gold","EUR","4,148.00"
"10.1016/j.xcrm.2024.101437","CP/TL Gold","EUR","4,148.00"
"10.1016/j.xcrm.2024.101483","CP/TL Gold","EUR","4,148.00"
"10.1016/j.xcrm.2024.101620","CP/TL Gold","EUR","4,148.00"
"10.1016/j.xcrm.2024.101622","CP/TL Gold","EUR","4,148.00"
"10.1016/j.xcrm.2024.101625","CP/TL Gold","EUR","4,148.00"
"10.1016/j.xcrm.2024.101658","CP/TL Gold","EUR","4,148.00"
"10.1016/j.xcrm.2024.101659","CP/TL Gold","EUR","4,148.00"
"10.1016/j.xcrm.2024.101681","CP/TL Gold","EUR","4,148.00"
"10.1016/j.xcrm.2024.101697","CP/TL Gold","EUR","4,148.00"
"10.1016/j.xcrm.2024.101713","CP/TL Gold","EUR","4,148.00"
"10.1016/j.xcrm.2024.101733","CP/TL Gold","EUR","4,148.00"
"10.1016/j.xcrm.2024.101794","CP/TL Gold","EUR","4,148.00"
"10.1016/j.xcrm.2024.101825","CP/TL Gold","EUR","4,148.00"
"10.1016/j.xcrm.2024.101830","CP/TL Gold","EUR","4,148.00"
"10.1016/j.xcrm.2024.101846","CP/TL Gold","EUR","4,148.00"
"10.1016/j.xcrp.2024.101927","CP/TL Gold","EUR","4,148.00"
"10.1016/j.xcrp.2024.101945","CP/TL Gold","EUR","4,148.00"
"10.1016/j.xcrp.2024.101960","CP/TL Gold","EUR","4,148.00"
"10.1016/j.xcrp.2024.102069","CP/TL Gold","EUR","4,148.00"
"10.1016/j.xcrp.2024.102091","CP/TL Gold","EUR","2,440.00"
"10.1016/j.xcrp.2024.102100","CP/TL Gold","EUR","4,148.00"
"10.1016/j.xcrp.2024.102110","CP/TL Gold","EUR","4,148.00"
"10.1016/j.xcrp.2024.102180","CP/TL Gold","EUR","4,148.00"
"10.1016/j.xcrp.2024.102255","CP/TL Gold","EUR","4,148.00"
"10.1016/j.xcrp.2024.102258","CP/TL Gold","EUR","2,440.00"
"10.1016/j.xcrp.2024.102340","CP/TL Gold","EUR","2,440.00"
"10.1016/j.xgen.2024.100634","CP/TL Gold","EUR","3,980.00"
"10.1016/j.xhgg.2024.100323","CP/TL Gold","EUR","2,507.50"
"10.1016/j.xhgg.2024.100326","CP/TL Gold","EUR","2,507.50"
"10.1016/j.xhgg.2024.100363","CP/TL Gold","EUR","2,507.50"
"10.1016/j.xhgg.2024.100371","CP/TL Gold","EUR","2,507.50"
"10.1016/j.xjidi.2024.100268","Core Gold","EUR","1,456.00"
"10.1016/j.xjidi.2024.100309","Core Gold","EUR","1,365.00"
"10.1016/j.xjmad.2024.100091","Core Gold","EUR","1,230.00"
"10.1016/j.xjon.2024.02.016","Core Gold","EUR","1,688.00"
"10.1016/j.xjon.2024.06.021","Core Gold","EUR","1,688.00"
"10.1016/j.xjon.2024.08.016","Core Gold","EUR","1,776.00"
"10.1016/j.xjon.2024.09.025","Core Gold","EUR","1,776.00"
"10.1016/j.xjon.2024.10.010","Core Gold","EUR","1,776.00"
"10.1016/j.xjtc.2024.01.010","Core Gold","EUR","1,776.00"
"10.1016/j.xjtc.2024.02.011","Core Gold","EUR","1,688.00"
"10.1016/j.xjtc.2024.02.015","Core Gold","EUR",626.98
"10.1016/j.xjtc.2024.03.004","Core Gold","EUR",600.30
"10.1016/j.xjtc.2024.05.007","Core Gold","EUR","1,776.00"
"10.1016/j.xjtc.2024.05.026","Core Gold","EUR",626.98
"10.1016/j.xnsj.2024.100573","Core Gold","EUR",616.00
"10.1016/j.xocr.2024.100606","Core Gold","EUR",808.00
"10.1016/j.xocr.2024.100634","Core Gold","EUR",808.00
"10.1016/j.xops.2024.100516","Core Gold","EUR","1,824.00"
"10.1016/j.xops.2024.100558","Core Gold","EUR","1,824.00"
"10.1016/j.xops.2024.100630","Core Gold","EUR","1,824.00"
"10.1016/j.xphs.2024.01.003","Core Hybrid","EUR","2,500.00"
"10.1016/j.xphs.2024.04.023","Core Hybrid","EUR","2,500.00"
"10.1016/j.xphs.2024.04.024","Core Hybrid","EUR","2,500.00"
"10.1016/j.xphs.2024.06.014","Core Hybrid","EUR","2,500.00"
"10.1016/j.xphs.2024.06.015","Core Hybrid","EUR","2,500.00"
"10.1016/j.xphs.2024.07.008","Core Hybrid","EUR","2,500.00"
"10.1016/j.xphs.2024.09.022","Core Hybrid","EUR","2,500.00"
"10.1016/j.xphs.2024.10.016","Core Hybrid","EUR","2,500.00"
"10.1016/j.xphs.2024.10.022","Core Hybrid","EUR","2,500.00"
"10.1016/j.xphs.2024.10.044","Core Hybrid","EUR","2,500.00"
"10.1016/j.xplc.2024.100826","CP/TL Gold","EUR","1,045.50"
"10.1016/j.xplc.2024.101069","CP/TL Gold","EUR","2,091.00"
"10.1016/j.xpro.2023.102776","CP/TL Gold","EUR","1,139.00"
"10.1016/j.xpro.2024.102845","CP/TL Gold","EUR","1,139.00"
"10.1016/j.xpro.2024.102911","CP/TL Gold","EUR",670.00
"10.1016/j.xpro.2024.102922","CP/TL Gold","EUR","1,139.00"
"10.1016/j.xpro.2024.102977","CP/TL Gold","EUR",670.00
"10.1016/j.xpro.2024.102978","CP/TL Gold","EUR",670.00
"10.1016/j.xpro.2024.102987","CP/TL Gold","EUR",670.00
"10.1016/j.xpro.2024.103005","CP/TL Gold","EUR","1,005.00"
"10.1016/j.xpro.2024.103032","CP/TL Gold","EUR",670.00
"10.1016/j.xpro.2024.103038","CP/TL Gold","EUR","1,139.00"
"10.1016/j.xpro.2024.103045","CP/TL Gold","EUR","1,139.00"
"10.1016/j.xpro.2024.103055","CP/TL Gold","EUR",670.00
"10.1016/j.xpro.2024.103072","CP/TL Gold","EUR",670.00
"10.1016/j.xpro.2024.103075","CP/TL Gold","EUR",670.00
"10.1016/j.xpro.2024.103106","CP/TL Gold","EUR","1,005.00"
"10.1016/j.xpro.2024.103132","CP/TL Gold","EUR","1,072.00"
"10.1016/j.xpro.2024.103142","CP/TL Gold","EUR",670.00
"10.1016/j.xpro.2024.103151","CP/TL Gold","EUR",670.00
"10.1016/j.xpro.2024.103153","CP/TL Gold","EUR",670.00
"10.1016/j.xpro.2024.103154","CP/TL Gold","EUR","1,139.00"
"10.1016/j.xpro.2024.103164","CP/TL Gold","EUR",670.00
"10.1016/j.xpro.2024.103199","CP/TL Gold","EUR","1,139.00"
"10.1016/j.xpro.2024.103212","CP/TL Gold","EUR",670.00
"10.1016/j.xpro.2024.103272","CP/TL Gold","EUR",670.00
"10.1016/j.xpro.2024.103275","CP/TL Gold","EUR",670.00
"10.1016/j.xpro.2024.103288","CP/TL Gold","EUR","1,139.00"
"10.1016/j.xpro.2024.103300","CP/TL Gold","EUR",670.00
"10.1016/j.xpro.2024.103410","CP/TL Gold","EUR",670.00
"10.1016/j.xpro.2024.103419","CP/TL Gold","EUR",695.00
"10.1016/j.xpro.2024.103440","CP/TL Gold","EUR",695.00
"10.1016/j.xpro.2024.103450","CP/TL Gold","EUR",695.00
"10.1016/j.xpro.2024.103451","CP/TL Gold","EUR","1,181.50"
"10.1016/j.xpro.2024.103481","CP/TL Gold","EUR","1,181.50"
"10.1016/j.xpro.2024.103489","CP/TL Gold","EUR",695.00
"10.1016/j.xpro.2024.103521","CP/TL Gold","EUR",695.00
"10.1016/j.ydbio.2024.07.014","Core Hybrid","EUR","2,500.00"
"10.1016/j.yebeh.2024.109660","Core Hybrid","EUR","2,500.00"
"10.1016/j.yebeh.2024.109663","Core Hybrid","EUR","2,500.00"
"10.1016/j.yebeh.2024.109704","Core Hybrid","EUR","2,500.00"
"10.1016/j.yebeh.2024.109717","Core Hybrid","EUR","2,500.00"
"10.1016/j.yebeh.2024.109919","Core Hybrid","EUR","2,500.00"
"10.1016/j.yebeh.2024.109923","Core Hybrid","EUR","2,500.00"
"10.1016/j.yebeh.2024.109926","Core Hybrid","EUR","2,500.00"
"10.1016/j.yebeh.2024.110020","Core Hybrid","EUR","2,500.00"
"10.1016/j.yebeh.2024.110061","Core Hybrid","EUR","2,500.00"
"10.1016/j.yebeh.2024.110092","Core Hybrid","EUR","2,500.00"
"10.1016/j.yebeh.2024.110093","Core Hybrid","EUR","2,500.00"
"10.1016/j.yebeh.2024.110101","Core Hybrid","EUR","2,500.00"
"10.1016/j.yebeh.2024.110105","Core Hybrid","EUR","2,500.00"
"10.1016/j.yebeh.2024.110113","Core Hybrid","EUR","2,500.00"
"10.1016/j.yebeh.2024.110152","Core Hybrid","EUR","2,500.00"
"10.1016/j.yebeh.2024.110162","Core Hybrid","EUR","2,500.00"
"10.1016/j.yebeh.2024.110214","Core Hybrid","EUR","2,500.00"
"10.1016/j.yexcr.2024.114055","Core Hybrid","EUR","2,500.00"
"10.1016/j.yexmp.2024.104899","Core Gold","EUR","1,384.00"
"10.1016/j.yexmp.2024.104900","Core Gold","EUR","1,384.00"
"10.1016/j.yexmp.2024.104902","Core Gold","EUR","1,456.00"
"10.1016/j.yexmp.2024.104938","Core Gold","EUR","1,480.00"
"10.1016/j.ygeno.2024.110954","Core Gold","EUR","1,960.00"
"10.1016/j.ygyno.2024.02.001","Core Hybrid","EUR","2,500.00"
"10.1016/j.ygyno.2024.03.002","Core Hybrid","EUR","2,500.00"
"10.1016/j.ygyno.2024.07.683","Core Hybrid","EUR","2,500.00"
"10.1016/j.ygyno.2024.09.003","Core Hybrid","EUR","2,500.00"
"10.1016/j.yhbeh.2024.105492","Core Hybrid","EUR","2,500.00"
"10.1016/j.yhbeh.2024.105539","Core Hybrid","EUR","2,500.00"
"10.1016/j.yhbeh.2024.105542","Core Hybrid","EUR","2,500.00"
"10.1016/j.yhbeh.2024.105604","Core Hybrid","EUR","2,500.00"
"10.1016/j.yhbeh.2024.105608","Core Hybrid","EUR","2,500.00"
"10.1016/j.yhbeh.2024.105617","Core Hybrid","EUR","2,500.00"
"10.1016/j.yhbeh.2024.105633","Core Hybrid","EUR","2,500.00"
"10.1016/j.yhbeh.2024.105645","Core Hybrid","EUR","2,500.00"
"10.1016/j.yjmcc.2024.02.003","Core Hybrid","EUR","2,500.00"
"10.1016/j.yjmcc.2024.06.001","Core Hybrid","EUR","2,500.00"
"10.1016/j.yjmcc.2024.07.004","Core Hybrid","EUR","2,500.00"
"10.1016/j.yjmcc.2024.07.009","Core Hybrid","EUR","2,500.00"
"10.1016/j.yjmcc.2024.09.012","Core Hybrid","EUR","2,500.00"
"10.1016/j.yjmcc.2024.10.014","Core Hybrid","EUR","2,500.00"
"10.1016/j.yjmcc.2024.11.004","Core Hybrid","EUR","2,500.00"
"10.1016/j.yjmcc.2024.11.007","Core Hybrid","EUR","2,500.00"
"10.1016/j.yjoc.2024.100081","Core Gold","EUR",952.00
"10.1016/j.yjoc.2024.100082","Core Gold","EUR",952.00
"10.1016/j.yjsbx.2024.100098","Core Gold","EUR","2,032.00"
"10.1016/j.yjsbx.2024.100114","Core Gold","EUR","2,072.00"
"10.1016/j.ymben.2023.12.004","Core Hybrid","EUR","2,500.00"
"10.1016/j.ymben.2023.12.010","Core Hybrid","EUR","2,500.00"
"10.1016/j.ymben.2024.02.006","Core Hybrid","EUR","2,500.00"
"10.1016/j.ymben.2024.03.005","Core Hybrid","EUR","2,500.00"
"10.1016/j.ymben.2024.10.007","Core Hybrid","EUR","2,500.00"
"10.1016/j.ymben.2024.12.002","Core Hybrid","EUR","2,500.00"
"10.1016/j.ymben.2024.12.005","Core Hybrid","EUR","2,500.00"
"10.1016/j.ymeth.2024.01.008","Core Hybrid","EUR","2,500.00"
"10.1016/j.ymeth.2024.05.015","Core Hybrid","EUR","2,500.00"
"10.1016/j.ymgme.2023.108118","Core Hybrid","EUR","2,500.00"
"10.1016/j.ymgme.2023.108124","Core Hybrid","EUR","2,500.00"
"10.1016/j.ymgme.2024.108148","Core Hybrid","EUR","2,500.00"
"10.1016/j.ymgme.2024.108464","Core Hybrid","EUR","2,500.00"
"10.1016/j.ymgme.2024.108477","Core Hybrid","EUR","2,500.00"
"10.1016/j.ymgme.2024.108489","Core Hybrid","EUR","2,500.00"
"10.1016/j.ymgme.2024.108544","Core Hybrid","EUR","2,500.00"
"10.1016/j.ymgme.2024.108566","Core Hybrid","EUR","2,500.00"
"10.1016/j.ymgme.2024.108571","Core Hybrid","EUR","2,500.00"
"10.1016/j.ymgmr.2024.101085","Core Gold","EUR","1,760.00"
"10.1016/j.ymgmr.2024.101150","Core Gold","EUR","1,704.00"
"10.1016/j.ympev.2024.108012","Core Hybrid","EUR","2,500.00"
"10.1016/j.ympev.2024.108028","Core Hybrid","EUR","2,500.00"
"10.1016/j.ympev.2024.108067","Core Hybrid","EUR","2,500.00"
"10.1016/j.ympev.2024.108083","Core Hybrid","EUR","2,500.00"
"10.1016/j.ympev.2024.108103","Core Hybrid","EUR","2,500.00"
"10.1016/j.ympev.2024.108135","Core Hybrid","EUR","2,500.00"
"10.1016/j.ympev.2024.108165","Core Hybrid","EUR","2,500.00"
"10.1016/j.ympev.2024.108181","Core Hybrid","EUR","2,500.00"
"10.1016/j.ympev.2024.108198","Core Hybrid","EUR","2,500.00"
"10.1016/j.ympev.2024.108204","Core Hybrid","EUR","2,500.00"
"10.1016/j.ymssp.2024.111156","Core Hybrid","EUR","2,500.00"
"10.1016/j.ymssp.2024.111210","Core Hybrid","EUR","2,500.00"
"10.1016/j.ymssp.2024.111405","Core Hybrid","EUR","2,500.00"
"10.1016/j.ymssp.2024.111414","Core Hybrid","EUR","2,500.00"
"10.1016/j.ymssp.2024.111440","Core Hybrid","EUR","2,500.00"
"10.1016/j.ymssp.2024.111670","Core Hybrid","EUR","2,500.00"
"10.1016/j.ymssp.2024.111768","Core Hybrid","EUR","2,500.00"
"10.1016/j.ymssp.2024.111983","Core Hybrid","EUR","2,500.00"
"10.1016/j.ymssp.2024.112016","Core Hybrid","EUR","2,500.00"
"10.1016/j.ymssp.2024.112093","Core Hybrid","EUR","2,500.00"
"10.1016/j.ymssp.2024.112182","Core Hybrid","EUR","2,500.00"
"10.1016/j.ymthe.2024.03.006","CP/TL Hybrid","EUR","6,450.00"
"10.1016/j.ymthe.2024.05.001","CP/TL Hybrid","EUR","6,450.00"
"10.1016/j.ymthe.2024.05.022","CP/TL Hybrid","EUR","2,500.00"
"10.1016/j.ymthe.2024.08.002","CP/TL Hybrid","EUR","6,450.00"
"10.1016/j.ymthe.2024.11.017","CP/TL Hybrid","EUR","6,450.00"
"10.1016/j.ynirp.2024.100224","Core Gold","EUR",960.00
"10.1016/j.ynpai.2024.100158","Core Gold","EUR","1,488.00"
"10.1016/j.ynstr.2024.100631","Core Gold","EUR","2,688.00"
"10.1016/j.ynstr.2024.100640","Core Gold","EUR","2,688.00"
"10.1016/j.ynstr.2024.100653","Core Gold","EUR","2,688.00"
"10.1016/j.ynstr.2024.100687","Core Gold","EUR","2,784.00"
"10.1016/j.ynstr.2024.100690","Core Gold","EUR","2,728.00"
"10.1016/j.yofte.2024.104000","Core Hybrid","EUR","2,500.00"
"10.1016/j.yofte.2024.104047","Core Hybrid","EUR","2,500.00"
"10.1016/j.ypmed.2023.107833","Core Hybrid","EUR","2,500.00"
"10.1016/j.ypmed.2024.108159","Core Hybrid","EUR","2,500.00"
"10.1016/j.ypmed.2024.108164","Core Hybrid","EUR","2,500.00"
"10.1016/j.yrtph.2024.105583","Core Hybrid","EUR","2,500.00"
"10.1016/j.yrtph.2024.105622","Core Hybrid","EUR","2,500.00"
"10.1016/j.zefq.2023.09.002","Core Hybrid","EUR","2,500.00"
"10.1016/j.zefq.2023.11.004","Core Hybrid","EUR","2,500.00"
"10.1016/j.zefq.2023.12.003","Core Hybrid","EUR","2,500.00"
"10.1016/j.zefq.2023.12.004","Core Hybrid","EUR","2,500.00"
"10.1016/j.zefq.2023.12.006","Core Hybrid","EUR","2,500.00"
"10.1016/j.zefq.2023.12.007","Core Hybrid","EUR","2,500.00"
"10.1016/j.zefq.2024.01.001","Core Hybrid","EUR","2,500.00"
"10.1016/j.zefq.2024.01.002","Core Hybrid","EUR","2,500.00"
"10.1016/j.zefq.2024.01.003","Core Hybrid","EUR","2,500.00"
"10.1016/j.zefq.2024.01.004","Core Hybrid","EUR","2,500.00"
"10.1016/j.zefq.2024.01.005","Core Hybrid","EUR","2,500.00"
"10.1016/j.zefq.2024.01.007","Core Hybrid","EUR","2,500.00"
"10.1016/j.zefq.2024.03.001","Core Hybrid","EUR","2,500.00"
"10.1016/j.zefq.2024.03.002","Core Hybrid","EUR","2,500.00"
"10.1016/j.zefq.2024.03.003","Core Hybrid","EUR","2,500.00"
"10.1016/j.zefq.2024.03.004","Core Hybrid","EUR","2,500.00"
"10.1016/j.zefq.2024.03.006","Core Hybrid","EUR","2,500.00"
"10.1016/j.zefq.2024.03.007","Core Hybrid","EUR","2,500.00"
"10.1016/j.zefq.2024.03.008","Core Hybrid","EUR","2,500.00"
"10.1016/j.zefq.2024.03.009","Core Hybrid","EUR","2,500.00"
"10.1016/j.zefq.2024.03.010","Core Hybrid","EUR","2,500.00"
"10.1016/j.zefq.2024.04.001","Core Hybrid","EUR","2,500.00"
"10.1016/j.zefq.2024.04.003","Core Hybrid","EUR","2,500.00"
"10.1016/j.zefq.2024.04.004","Core Hybrid","EUR","2,500.00"
"10.1016/j.zefq.2024.04.005","Core Hybrid","EUR","2,500.00"
"10.1016/j.zefq.2024.04.006","Core Hybrid","EUR","2,500.00"
"10.1016/j.zefq.2024.05.003","Core Hybrid","EUR","2,500.00"
"10.1016/j.zefq.2024.05.004","Core Hybrid","EUR","2,500.00"
"10.1016/j.zefq.2024.05.005","Core Hybrid","EUR","2,500.00"
"10.1016/j.zefq.2024.05.007","Core Hybrid","EUR","2,500.00"
"10.1016/j.zefq.2024.05.008","Core Hybrid","EUR","2,500.00"
"10.1016/j.zefq.2024.05.009","Core Hybrid","EUR","2,500.00"
"10.1016/j.zefq.2024.06.001","Core Hybrid","EUR","2,500.00"
"10.1016/j.zefq.2024.06.002","Core Hybrid","EUR","2,500.00"
"10.1016/j.zefq.2024.06.003","Core Hybrid","EUR","2,500.00"
"10.1016/j.zefq.2024.06.004","Core Hybrid","EUR","2,500.00"
"10.1016/j.zefq.2024.06.005","Core Hybrid","EUR","2,500.00"
"10.1016/j.zefq.2024.06.006","Core Hybrid","EUR","2,500.00"
"10.1016/j.zefq.2024.07.001","Core Hybrid","EUR","2,500.00"
"10.1016/j.zefq.2024.07.002","Core Hybrid","EUR","2,500.00"
"10.1016/j.zefq.2024.07.003","Core Hybrid","EUR","2,500.00"
"10.1016/j.zefq.2024.08.002","Core Hybrid","EUR","2,500.00"
"10.1016/j.zefq.2024.08.008","Core Hybrid","EUR","2,500.00"
"10.1016/j.zefq.2024.09.001","Core Hybrid","EUR","2,500.00"
"10.1016/j.zefq.2024.10.003","Core Hybrid","EUR","2,500.00"
"10.1016/j.zefq.2024.10.005","Core Hybrid","EUR","2,500.00"
"10.1016/j.zefq.2024.10.006","Core Hybrid","EUR","2,500.00"
"10.1016/j.zefq.2024.11.003","Core Hybrid","EUR","2,500.00"
"10.1016/j.zemedi.2024.02.002","Core Gold","EUR","2,040.00"
"10.1016/j.zemedi.2024.03.001","Core Gold","EUR","2,040.00"
"10.1016/j.zemedi.2024.03.003","Core Gold","EUR","2,040.00"
"10.1016/j.zemedi.2024.05.001","Core Gold","EUR","2,040.00"
"10.1016/j.zemedi.2024.06.001","Core Gold","EUR","2,040.00"
"10.1016/j.zemedi.2024.07.004","Core Gold","EUR","2,040.00"
"10.1016/j.zemedi.2024.08.002","Core Gold","EUR","1,824.00"
"10.1016/j.zemedi.2024.09.002","Core Gold","EUR","1,824.00"
"10.1016/j.zemedi.2024.11.001","Core Gold","EUR","1,596.00"
"10.1016/j.zemedi.2024.11.002","Core Gold","EUR","1,824.00"
"10.1016/S0140-6736(24)00184-3","CP/TL Hybrid","EUR","6,450.00"
"10.1016/S0140-6736(24)00623-8","CP/TL Hybrid","EUR","6,450.00"
"10.1016/S0140-6736(24)00814-6","CP/TL Hybrid","EUR","6,450.00"
"10.1016/S0140-6736(24)00852-3","CP/TL Hybrid","EUR","6,450.00"
"10.1016/S0140-6736(24)00936-X","CP/TL Hybrid","EUR","6,450.00"
"10.1016/S0140-6736(24)01315-1","CP/TL Hybrid","EUR","6,450.00"
"10.1016/S0140-6736(24)01810-5","CP/TL Hybrid","EUR","6,450.00"
"10.1016/S0140-6736(24)01818-X","CP/TL Hybrid","EUR","6,450.00"
"10.1016/S1470-2045(23)00641-1","CP/TL Hybrid","EUR","6,450.00"
"10.1016/S1470-2045(24)00128-1","CP/TL Hybrid","EUR","6,450.00"
"10.1016/S1470-2045(24)00130-X","CP/TL Hybrid","EUR","6,450.00"
"10.1016/S1470-2045(24)00196-7","CP/TL Hybrid","EUR","6,450.00"
"10.1016/S1470-2045(24)00202-X","CP/TL Hybrid","EUR","6,450.00"
"10.1016/S1470-2045(24)00326-7","CP/TL Hybrid","EUR","6,450.00"
"10.1016/S1470-2045(24)00441-8","CP/TL Hybrid","EUR","6,450.00"
"10.1016/S1473-3099(24)00494-8","CP/TL Hybrid","EUR","6,450.00"
"10.1016/S1473-3099(24)00581-4","CP/TL Hybrid","EUR","6,450.00"
"10.1016/S1474-4422(24)00053-X","CP/TL Hybrid","EUR","2,500.00"
"10.1016/S1474-4422(24)00140-6","CP/TL Hybrid","EUR","6,450.00"
"10.1016/S1474-4422(24)00278-3","CP/TL Hybrid","EUR","6,450.00"
"10.1016/S1474-4422(24)00373-9","CP/TL Hybrid","EUR","6,450.00"
"10.1016/S1474-4422(24)00447-2","CP/TL Hybrid","EUR","6,450.00"
"10.1016/S2213-8587(24)00058-5","CP/TL Hybrid","EUR","6,450.00"
"10.1016/S2213-8587(24)00088-3","CP/TL Hybrid","EUR","6,450.00"
"10.1016/S2213-8587(24)00234-1","CP/TL Hybrid","EUR","6,450.00"
"10.1016/S2213-8587(24)00284-5","CP/TL Hybrid","EUR","6,450.00"
"10.1016/S2213-8587(24)00318-8","CP/TL Hybrid","EUR","6,450.00"
"10.1016/S2214-109X(23)00541-7","CP/TL Gold","EUR","4,479.50"
"10.1016/S2214-109X(24)00133-5","CP/TL Gold","EUR","4,479.50"
"10.1016/S2214-109X(24)00148-7","CP/TL Gold","EUR","4,479.50"
"10.1016/S2214-109X(24)00264-X","CP/TL Gold","EUR","4,479.50"
"10.1016/S2215-0366(24)00035-X","CP/TL Hybrid","EUR","6,450.00"
"10.1016/S2215-0366(24)00069-5","CP/TL Hybrid","EUR","6,450.00"
"10.1016/S2215-0366(24)00133-0","CP/TL Hybrid","EUR","6,450.00"
"10.1016/S2215-0366(24)00136-6","CP/TL Hybrid","EUR","6,450.00"
"10.1016/S2215-0366(24)00291-8","CP/TL Hybrid","EUR","6,450.00"
"10.1016/S2215-0366(24)00316-X","CP/TL Hybrid","EUR","6,450.00"
"10.1016/S2352-3026(23)00366-6","CP/TL Hybrid","EUR","6,450.00"
"10.1016/S2352-3026(24)00065-6","CP/TL Hybrid","EUR","6,450.00"
"10.1016/S2352-3026(24)00077-2","CP/TL Hybrid","EUR","6,450.00"
"10.1016/S2352-4642(24)00084-1","CP/TL Hybrid","EUR","6,450.00"
"10.1016/S2468-1253(24)00091-8","CP/TL Hybrid","EUR","6,450.00"
"10.1016/S2468-1253(24)00119-5","CP/TL Hybrid","EUR","6,450.00"
"10.1016/S2468-2667(24)00049-5","CP/TL Gold","EUR","4,479.50"
"10.1016/S2542-5196(24)00005-6","CP/TL Gold","EUR","4,267.00"
"10.1016/S2542-5196(24)00023-8","CP/TL Gold","EUR","4,479.50"
"10.1016/S2542-5196(24)00168-2","CP/TL Gold","EUR","4,479.50"
"10.1016/S2542-5196(24)00231-6","CP/TL Gold","EUR","4,479.50"
"10.1016/S2589-7500(23)00208-X","CP/TL Gold","EUR","4,479.50"
"10.1016/S2589-7500(24)00062-1","CP/TL Gold","EUR","4,097.00"
"10.1016/S2589-7500(24)00063-3","CP/TL Gold","EUR","4,479.50"
"10.1016/S2589-7500(24)00069-4","CP/TL Gold","EUR","4,479.50"
"10.1016/S2589-7500(24)00070-0","CP/TL Gold","EUR","4,479.50"
"10.1016/S2589-7500(24)00124-9","CP/TL Gold","EUR","4,479.50"
"10.1016/S2589-7500(24)00191-2","CP/TL Gold","EUR","4,709.00"
"10.1016/S2589-7500(24)00192-4","CP/TL Gold","EUR","4,479.50"
"10.1016/S2665-9913(24)00282-0","CP/TL Hybrid","EUR","6,450.00"
"10.1016/S2666-5247(24)00049-1","CP/TL Gold","EUR","4,887.50"
"10.1016/S2666-5247(24)00053-3","CP/TL Gold","EUR","4,887.50"
"10.1053/j.ajkd.2023.11.007","Core Hybrid","EUR","2,500.00"
"10.1053/j.gastro.2024.02.005","Core Hybrid","EUR","2,500.00"
"10.1053/j.gastro.2024.04.009","Core Hybrid","EUR","2,500.00"
"10.1053/j.gastro.2024.09.021","Core Hybrid","EUR","2,500.00"
"10.1053/j.gastro.2024.10.003","Core Hybrid","EUR","2,500.00"
"10.1053/j.gastro.2024.10.010","Core Hybrid","EUR","2,500.00"
"10.1053/j.gastro.2024.10.016","Core Hybrid","EUR","2,500.00"
"10.1053/j.jrn.2024.03.009","Core Hybrid","EUR","2,500.00"
"10.1053/j.jrn.2024.12.002","Core Hybrid","EUR","2,500.00"
"10.1053/j.jvca.2024.01.024","Core Hybrid","EUR","2,500.00"
"10.1053/j.jvca.2024.01.027","Core Hybrid","EUR","2,500.00"
"10.1053/j.jvca.2024.07.003","Core Hybrid","EUR","2,500.00"
"10.1053/j.jvca.2024.08.002","Core Hybrid","EUR","2,500.00"
"10.1053/j.jvca.2024.09.140","Core Hybrid","EUR","2,500.00"
"10.1053/j.jvca.2024.09.146","Core Hybrid","EUR","2,500.00"
"10.1053/j.jvca.2024.10.009","Core Hybrid","EUR","2,500.00"
"10.1053/j.seminhematol.2023.12.004","Core Hybrid","EUR","2,500.00"
"10.1053/j.seminhematol.2024.05.002","Core Hybrid","EUR","2,500.00"
"10.1053/j.seminhematol.2024.07.002","Core Hybrid","EUR","2,500.00"
"10.1053/j.semnuclmed.2024.02.006","Core Hybrid","EUR","2,500.00"
"10.1053/j.semnuclmed.2024.02.007","Core Hybrid","EUR","2,500.00"
"10.1053/j.semnuclmed.2024.02.008","Core Hybrid","EUR","2,500.00"
"10.1053/j.semnuclmed.2024.05.004","Core Hybrid","EUR","2,500.00"
"10.1053/j.semnuclmed.2024.05.007","Core Hybrid","EUR","2,500.00"
"10.1053/j.semnuclmed.2024.05.008","Core Hybrid","EUR","2,500.00"
"10.1053/j.semnuclmed.2024.06.003","Core Hybrid","EUR","2,500.00"
"10.1053/j.semnuclmed.2024.11.005","Core Hybrid","EUR","2,500.00"
"10.1053/j.sodo.2024.06.006","Core Hybrid","EUR","2,500.00"
"10.1053/j.sodo.2024.06.008","Core Hybrid","EUR","2,500.00"
"10.1053/j.sodo.2024.06.009","Core Hybrid","EUR","2,500.00"
"10.1053/j.sodo.2024.06.010","Core Hybrid","EUR","2,500.00"
"10.1053/j.sodo.2024.06.012","Core Hybrid","EUR","2,500.00"
"10.1053/j.sodo.2024.09.003","Core Hybrid","EUR","2,500.00"
"10.1053/j.sodo.2024.10.001","Core Hybrid","EUR","2,500.00"
"10.1067/j.cpradiol.2024.04.005","Core Hybrid","EUR","2,500.00"
"10.3168/jds.2023-24242","Core Gold","EUR","2,552.00"
"10.3168/jds.2023-24597","Core Gold","EUR","2,552.00"
"10.3168/jds.2024-23809","Core Gold","EUR","2,552.00"
"10.3168/jds.2024-24346","Core Gold","EUR","2,552.00"
"10.3168/jds.2024-24699","Core Gold","EUR","2,552.00"
"10.3168/jds.2024-24716","Core Gold","EUR","2,552.00"
"10.3168/jds.2024-24844","Core Gold","EUR","2,552.00"
"10.3168/jds.2024-24925","Core Gold","EUR","2,552.00"
"10.3168/jds.2024-25079","Core Gold","EUR","2,552.00"
"10.3168/jds.2024-25097","Core Gold","EUR","2,552.00"
"10.3168/jds.2024-25120","Core Gold","EUR","2,552.00"
"10.3168/jds.2024-25129","Core Gold","EUR","2,552.00"
"10.3168/jds.2024-25293","Core Gold","EUR","2,552.00"
"10.3168/jds.2024-25323","Core Gold","EUR","2,552.00"
"10.3168/jds.2024-25324","Core Gold","EUR","2,552.00"
"10.3168/jds.2024-25435","Core Gold","EUR","2,552.00"
