"DOI","Currency","Article APC"
"10.1007/s10856-021-06513-x","EUR","1,456.00"
"10.1007/s10856-021-06515-9","EUR","1,456.00"
"10.1007/s10856-021-06568-w","EUR","1,456.00"
"10.1007/s10856-021-06601-y","EUR","1,456.00"
"10.1007/s10856-021-06626-3","EUR","1,456.00"
"10.1007/s12672-021-00404-x","EUR",792.00
"10.1007/s13202-021-01333-9","EUR","1,256.00"
"10.1007/s40955-021-00179-2","EUR","1,200.00"
"10.1007/s40955-021-00180-9","EUR","1,200.00"
"10.1007/s40955-021-00185-4","EUR","1,200.00"
"10.1007/s40955-021-00186-3","EUR",960.00
"10.1007/s40955-021-00190-7","EUR",960.00
"10.1007/s40955-021-00191-6","EUR",960.00
"10.1007/s40955-021-00192-5","EUR",960.00
"10.1007/s40955-021-00193-4","EUR",960.00
"10.1007/s40955-021-00194-3","EUR",960.00
"10.1007/s41109-021-00356-9","EUR",792.00
"10.1007/s41109-021-00370-x","EUR",792.00
"10.1007/s41109-021-00394-3","EUR",792.00
"10.1007/s41109-021-00402-6","EUR",792.00
"10.1007/s41109-021-00421-3","EUR",792.00
"10.1007/s41109-021-00425-z","EUR",792.00
"10.1007/s41109-021-00429-9","EUR",792.00
"10.1007/s41109-021-00438-8","EUR",792.00
"10.1007/s41471-021-00111-x","EUR","1,160.00"
"10.1007/s41471-021-00116-6","EUR","1,160.00"
"10.1007/s41471-021-00117-5","EUR","1,160.00"
"10.1007/s41471-021-00119-3","EUR","1,160.00"
"10.1007/s41471-021-00121-9","EUR","1,160.00"
"10.1007/s41471-021-00122-8","EUR","1,160.00"
"10.1007/s41471-021-00123-7","EUR","1,160.00"
"10.1007/s41471-021-00124-6","EUR","1,160.00"
"10.1007/s42452-021-04149-8","EUR","1,480.00"
"10.1007/s42452-021-04295-z","EUR","1,480.00"
"10.1007/s42452-021-04314-z","EUR","1,480.00"
"10.1007/s42452-021-04522-7","EUR","1,480.00"
"10.1007/s42452-021-04572-x","EUR","1,480.00"
"10.1007/s42452-021-04685-3","EUR","1,480.00"
"10.1007/s42452-021-04743-w","EUR","1,480.00"
"10.1007/s42452-021-04801-3","EUR","1,480.00"
"10.1007/s42452-021-04806-y","EUR","1,480.00"
"10.1007/s42452-021-04814-y","EUR","1,480.00"
"10.1007/s42452-021-04817-9","EUR","1,480.00"
"10.1007/s42452-021-04829-5","EUR","1,480.00"
"10.1007/s42452-021-04839-3","EUR","1,480.00"
"10.1007/s42452-021-04867-z","EUR","1,480.00"
"10.1007/s42452-021-04870-4","EUR","1,480.00"
"10.1007/s42452-021-04883-z","EUR","1,480.00"
"10.1007/s42452-021-04887-9","EUR","1,480.00"
"10.1007/s42452-021-04892-y","EUR","1,480.00"
"10.1007/s42452-021-04916-7","EUR","1,480.00"
"10.1007/s43621-021-00015-0","EUR",792.00
"10.1007/s43621-021-00026-x","EUR",792.00
"10.1007/s43621-021-00030-1","EUR",792.00
"10.1007/s43621-021-00041-y","EUR",792.00
"10.1007/s43621-021-00049-4","EUR",792.00
"10.1007/s43832-021-00004-4","EUR",792.00
"10.1007/s43939-021-00007-x","EUR",792.00
"10.1007/s43939-021-00008-w","EUR",792.00
"10.1007/s43939-021-00011-1","EUR",792.00
"10.1007/s43939-021-00014-y","EUR",792.00
"10.1007/s43939-021-00015-x","EUR",792.00
"10.1007/s44163-021-00001-5","EUR",792.00
"10.1007/s44192-021-00002-x","EUR",792.00
"10.1007/s44192-021-00003-w","EUR",792.00
"10.1038/s12276-021-00565-3","EUR","2,990.00"
"10.1038/s12276-021-00637-4","EUR","3,094.65"
"10.1038/s41377-021-00486-w","EUR","3,000.00"
"10.1038/s41377-021-00491-z","EUR","3,000.00"
"10.1038/s41377-021-00556-z","EUR","3,000.00"
"10.1038/s41377-021-00558-x","EUR","3,000.00"
"10.1038/s41377-021-00638-y","EUR",755.00
"10.1038/s41377-021-00648-w","EUR","3,000.00"
"10.1038/s41377-021-00663-x","EUR","3,000.00"
"10.1038/s41377-021-00677-5","EUR","3,000.00"
"10.1038/s41377-021-00685-5","EUR","3,000.00"
"10.1038/s41378-021-00253-2","EUR","3,060.00"
"10.1038/s41378-021-00257-y","EUR","3,060.00"
"10.1038/s41378-021-00265-y","EUR","3,060.00"
"10.1038/s41378-021-00286-7","EUR","3,060.00"
"10.1038/s41378-021-00296-5","EUR","3,060.00"
"10.1038/s41387-021-00174-z","EUR","2,463.30"
"10.1038/s41389-021-00320-3","EUR","2,991.15"
"10.1038/s41389-021-00332-z","EUR","2,991.15"
"10.1038/s41389-021-00369-0","EUR","2,991.15"
"10.1038/s41392-021-00480-z","EUR","1,085.00"
"10.1038/s41392-021-00502-w","EUR","1,122.98"
"10.1038/s41392-021-00586-4","EUR","1,122.98"
"10.1038/s41392-021-00588-2","EUR","1,122.98"
"10.1038/s41392-021-00598-0","EUR","1,122.98"
"10.1038/s41392-021-00615-2","EUR","1,122.98"
"10.1038/s41392-021-00633-0","EUR","1,122.98"
"10.1038/s41392-021-00642-z","EUR","1,122.98"
"10.1038/s41392-021-00655-8","EUR","1,122.98"
"10.1038/s41392-021-00663-8","EUR","1,122.98"
"10.1038/s41392-021-00668-3","EUR","1,122.98"
"10.1038/s41392-021-00684-3","EUR","1,122.98"
"10.1038/s41392-021-00693-2","EUR","1,122.98"
"10.1038/s41392-021-00694-1","EUR","1,122.98"
"10.1038/s41392-021-00705-1","EUR","1,122.98"
"10.1038/s41392-021-00717-x","EUR","1,122.98"
"10.1038/s41392-021-00723-z","EUR","1,122.98"
"10.1038/s41392-021-00738-6","EUR","1,122.98"
"10.1038/s41392-021-00743-9","EUR","1,122.98"
"10.1038/s41392-021-00757-3","EUR","1,122.98"
"10.1038/s41392-021-00770-6","EUR","1,122.97"
"10.1038/s41392-021-00772-4","EUR","1,122.97"
"10.1038/s41392-021-00782-2","EUR","1,122.97"
"10.1038/s41392-021-00803-0","EUR","1,122.97"
"10.1038/s41392-021-00804-z","EUR","1,122.97"
"10.1038/s41392-021-00806-x","EUR","1,122.97"
"10.1038/s41392-021-00813-y","EUR","1,122.97"
"10.1038/s41392-021-00814-x","EUR","1,122.97"
"10.1038/s41392-021-00819-6","EUR","1,122.97"
"10.1038/s41392-021-00842-7","EUR","1,122.97"
"10.1038/s41392-021-00844-5","EUR","1,122.97"
"10.1038/s41392-021-00846-3","EUR","1,122.97"
"10.1038/s41392-021-00850-7","EUR","1,122.97"
"10.1038/s41398-020-01134-4","EUR","3,060.00"
"10.1038/s41398-020-01136-2","EUR","3,060.00"
"10.1038/s41398-020-01146-0","EUR","3,060.00"
"10.1038/s41398-020-01147-z","EUR","3,060.00"
"10.1038/s41398-020-01150-4","EUR","3,060.00"
"10.1038/s41398-020-01160-2","EUR","3,060.00"
"10.1038/s41398-020-01177-7","EUR","3,060.00"
"10.1038/s41398-020-01191-9","EUR","3,060.00"
"10.1038/s41398-021-01209-w","EUR","3,060.00"
"10.1038/s41398-021-01232-x","EUR","3,167.10"
"10.1038/s41398-021-01237-6","EUR","3,060.00"
"10.1038/s41398-021-01245-6","EUR","3,167.10"
"10.1038/s41398-021-01260-7","EUR","3,167.10"
"10.1038/s41398-021-01283-0","EUR","3,167.10"
"10.1038/s41398-021-01293-y","EUR","3,167.10"
"10.1038/s41398-021-01298-7","EUR","3,167.10"
"10.1038/s41398-021-01304-y","EUR","3,167.10"
"10.1038/s41398-021-01310-0","EUR","3,167.10"
"10.1038/s41398-021-01317-7","EUR","3,167.10"
"10.1038/s41398-021-01322-w","EUR","3,167.10"
"10.1038/s41398-021-01356-0","EUR","3,167.10"
"10.1038/s41398-021-01365-z","EUR","3,167.10"
"10.1038/s41398-021-01380-0","EUR","3,167.10"
"10.1038/s41398-021-01405-8","EUR","3,167.10"
"10.1038/s41398-021-01419-2","EUR","3,167.10"
"10.1038/s41398-021-01423-6","EUR","3,167.10"
"10.1038/s41398-021-01458-9","EUR","3,167.10"
"10.1038/s41398-021-01474-9","EUR","3,167.10"
"10.1038/s41398-021-01508-2","EUR","3,167.10"
"10.1038/s41398-021-01510-8","EUR","3,167.10"
"10.1038/s41398-021-01526-0","EUR","3,167.10"
"10.1038/s41398-021-01546-w","EUR","3,167.10"
"10.1038/s41398-021-01569-3","EUR","3,167.10"
"10.1038/s41398-021-01591-5","EUR","3,167.10"
"10.1038/s41398-021-01595-1","EUR","3,167.10"
"10.1038/s41398-021-01598-y","EUR","3,167.10"
"10.1038/s41398-021-01613-2","EUR","3,167.10"
"10.1038/s41398-021-01619-w","EUR","3,167.10"
"10.1038/s41398-021-01620-3","EUR","3,167.10"
"10.1038/s41398-021-01627-w","EUR","3,167.10"
"10.1038/s41398-021-01630-1","EUR","3,167.10"
"10.1038/s41398-021-01651-w","EUR","3,167.10"
"10.1038/s41398-021-01702-2","EUR","3,167.10"
"10.1038/s41398-021-01739-3","EUR","3,167.10"
"10.1038/s41398-021-01751-7","EUR","3,167.10"
"10.1038/s41398-021-01756-2","EUR","3,167.10"
"10.1038/s41398-021-01758-0","EUR","3,167.10"
"10.1038/s41398-021-01761-5","EUR","3,167.10"
"10.1038/s41405-021-00074-5","EUR","2,245.95"
"10.1038/s41408-020-00390-3","EUR","3,680.00"
"10.1038/s41408-021-00434-2","EUR","3,580.00"
"10.1038/s41408-021-00462-y","EUR","3,580.00"
"10.1038/s41408-021-00493-5","EUR","3,580.00"
"10.1038/s41408-021-00558-5","EUR","3,580.00"
"10.1038/s41413-021-00149-x","EUR","2,245.95"
"10.1038/s41413-021-00157-x","EUR","2,245.95"
"10.1038/s41419-020-03284-1","EUR","3,170.00"
"10.1038/s41419-020-03319-7","EUR","3,170.00"
"10.1038/s41419-020-03333-9","EUR","3,170.00"
"10.1038/s41419-021-03406-3","EUR","3,170.00"
"10.1038/s41419-021-03409-0","EUR","3,280.95"
"10.1038/s41419-021-03423-2","EUR","3,280.95"
"10.1038/s41419-021-03426-z","EUR","3,280.95"
"10.1038/s41419-021-03503-3","EUR","3,280.95"
"10.1038/s41419-021-03633-8","EUR","3,280.95"
"10.1038/s41419-021-03710-y","EUR","3,280.95"
"10.1038/s41419-021-03786-6","EUR","3,280.95"
"10.1038/s41419-021-03789-3","EUR","3,280.95"
"10.1038/s41419-021-03810-9","EUR","3,280.95"
"10.1038/s41419-021-03830-5","EUR","3,280.95"
"10.1038/s41419-021-03872-9","EUR","3,280.95"
"10.1038/s41419-021-03927-x","EUR","3,280.95"
"10.1038/s41419-021-03937-9","EUR","3,280.95"
"10.1038/s41419-021-03948-6","EUR","3,280.95"
"10.1038/s41419-021-03971-7","EUR","3,280.95"
"10.1038/s41419-021-03998-w","EUR","3,280.95"
"10.1038/s41419-021-04014-x","EUR","3,280.95"
"10.1038/s41419-021-04020-z","EUR","3,280.95"
"10.1038/s41419-021-04048-1","EUR","3,280.95"
"10.1038/s41419-021-04079-8","EUR","3,280.95"
"10.1038/s41419-021-04138-0","EUR","3,280.95"
"10.1038/s41419-021-04146-0","EUR","3,280.95"
"10.1038/s41419-021-04224-3","EUR","3,280.95"
"10.1038/s41419-021-04242-1","EUR","3,280.95"
"10.1038/s41419-021-04257-8","EUR","3,280.95"
"10.1038/s41419-021-04286-3","EUR","3,280.95"
"10.1038/s41419-021-04298-z","EUR","3,280.95"
"10.1038/s41419-021-04306-2","EUR","3,280.95"
"10.1038/s41419-021-04379-z","EUR","3,280.95"
"10.1038/s41419-021-04407-y","EUR","3,280.95"
"10.1038/s41419-021-04432-x","EUR","3,280.95"
"10.1038/s41419-021-04454-5","EUR","3,280.95"
"10.1038/s41420-021-00423-1","EUR","1,570.00"
"10.1038/s41420-021-00522-z","EUR","1,624.95"
"10.1038/s41420-021-00547-4","EUR","1,624.95"
"10.1038/s41420-021-00594-x","EUR","1,624.95"
"10.1038/s41420-021-00651-5","EUR","1,624.95"
"10.1038/s41420-021-00683-x","EUR","1,624.95"
"10.1038/s41420-021-00716-5","EUR","1,624.95"
"10.1038/s41427-021-00283-2","EUR","3,170.00"
"10.1038/s41438-021-00510-5","EUR","1,700.00"
"10.1038/s41438-021-00703-y","EUR","1,700.00"
"10.1038/s41439-021-00163-9","EUR","1,935.45"
"10.1038/s41467-020-20112-4","EUR","4,380.00"
"10.1038/s41467-020-20148-6","EUR","4,380.00"
"10.1038/s41467-020-20176-2","EUR","4,380.00"
"10.1038/s41467-020-20212-1","EUR","4,380.00"
"10.1038/s41467-020-20232-x","EUR","4,380.00"
"10.1038/s41467-020-20298-7","EUR","4,380.00"
"10.1038/s41467-020-20305-x","EUR","4,380.00"
"10.1038/s41467-020-20362-2","EUR","4,380.00"
"10.1038/s41467-020-20418-3","EUR","4,380.00"
"10.1038/s41467-020-20427-2","EUR","4,380.00"
"10.1038/s41467-020-20446-z","EUR","4,380.00"
"10.1038/s41467-020-20452-1","EUR","4,380.00"
"10.1038/s41467-020-20471-y","EUR","4,380.00"
"10.1038/s41467-020-20488-3","EUR","4,380.00"
"10.1038/s41467-020-20494-5","EUR","4,380.00"
"10.1038/s41467-020-20498-1","EUR","4,380.00"
"10.1038/s41467-020-20509-1","EUR","4,380.00"
"10.1038/s41467-020-20542-0","EUR","4,380.00"
"10.1038/s41467-020-20554-w","EUR","4,380.00"
"10.1038/s41467-020-20573-7","EUR","4,380.00"
"10.1038/s41467-020-20576-4","EUR","4,380.00"
"10.1038/s41467-020-20592-4","EUR","4,380.00"
"10.1038/s41467-020-20603-4","EUR","4,380.00"
"10.1038/s41467-020-20635-w","EUR","4,380.00"
"10.1038/s41467-020-20651-w","EUR","4,380.00"
"10.1038/s41467-020-20659-2","EUR","4,380.00"
"10.1038/s41467-020-20677-0","EUR","4,380.00"
"10.1038/s41467-020-20680-5","EUR","4,380.00"
"10.1038/s41467-020-20682-3","EUR","4,380.00"
"10.1038/s41467-020-20699-8","EUR","4,380.00"
"10.1038/s41467-020-20702-2","EUR","4,380.00"
"10.1038/s41467-020-20709-9","EUR","4,380.00"
"10.1038/s41467-020-20730-y","EUR","4,380.00"
"10.1038/s41467-020-20739-3","EUR","4,380.00"
"10.1038/s41467-020-20751-7","EUR","4,380.00"
"10.1038/s41467-020-20755-3","EUR","4,380.00"
"10.1038/s41467-020-20767-z","EUR","4,380.00"
"10.1038/s41467-020-20799-5","EUR","4,380.00"
"10.1038/s41467-020-20801-0","EUR","4,380.00"
"10.1038/s41467-020-20815-8","EUR","4,380.00"
"10.1038/s41467-020-20842-5","EUR","4,380.00"
"10.1038/s41467-020-20846-1","EUR","4,380.00"
"10.1038/s41467-020-20850-5","EUR","4,380.00"
"10.1038/s41467-020-20855-0","EUR","4,380.00"
"10.1038/s41467-020-20856-z","EUR","4,380.00"
"10.1038/s41467-020-20875-w","EUR","4,380.00"
"10.1038/s41467-020-20877-8","EUR","4,380.00"
"10.1038/s41467-021-20905-1","EUR","4,380.00"
"10.1038/s41467-021-20961-7","EUR","4,530.00"
"10.1038/s41467-021-20981-3","EUR","4,530.00"
"10.1038/s41467-021-21009-6","EUR","4,530.00"
"10.1038/s41467-021-21016-7","EUR","4,530.00"
"10.1038/s41467-021-21020-x","EUR","4,380.00"
"10.1038/s41467-021-21031-8","EUR","4,530.00"
"10.1038/s41467-021-21042-5","EUR","4,530.00"
"10.1038/s41467-021-21063-0","EUR","4,530.00"
"10.1038/s41467-021-21102-w","EUR","4,380.00"
"10.1038/s41467-021-21117-3","EUR","4,530.00"
"10.1038/s41467-021-21122-6","EUR","4,530.00"
"10.1038/s41467-021-21126-2","EUR","4,380.00"
"10.1038/s41467-021-21129-z","EUR","4,530.00"
"10.1038/s41467-021-21142-2","EUR","4,530.00"
"10.1038/s41467-021-21143-1","EUR","4,530.00"
"10.1038/s41467-021-21162-y","EUR","4,530.00"
"10.1038/s41467-021-21165-9","EUR","4,380.00"
"10.1038/s41467-021-21175-7","EUR","4,530.00"
"10.1038/s41467-021-21179-3","EUR","4,530.00"
"10.1038/s41467-021-21201-8","EUR","4,530.00"
"10.1038/s41467-021-21203-6","EUR","4,530.00"
"10.1038/s41467-021-21212-5","EUR","4,530.00"
"10.1038/s41467-021-21227-y","EUR","4,530.00"
"10.1038/s41467-021-21230-3","EUR","4,530.00"
"10.1038/s41467-021-21238-9","EUR","4,530.00"
"10.1038/s41467-021-21247-8","EUR","4,530.00"
"10.1038/s41467-021-21259-4","EUR","4,530.00"
"10.1038/s41467-021-21260-x","EUR","4,530.00"
"10.1038/s41467-021-21263-8","EUR","4,530.00"
"10.1038/s41467-021-21264-7","EUR","4,530.00"
"10.1038/s41467-021-21306-0","EUR","4,530.00"
"10.1038/s41467-021-21310-4","EUR","4,530.00"
"10.1038/s41467-021-21323-z","EUR","4,530.00"
"10.1038/s41467-021-21328-8","EUR","4,530.00"
"10.1038/s41467-021-21333-x","EUR","4,530.00"
"10.1038/s41467-021-21347-5","EUR","4,530.00"
"10.1038/s41467-021-21352-8","EUR","4,530.00"
"10.1038/s41467-021-21359-1","EUR","4,530.00"
"10.1038/s41467-021-21391-1","EUR","4,530.00"
"10.1038/s41467-021-21427-6","EUR","4,530.00"
"10.1038/s41467-021-21428-5","EUR","4,530.00"
"10.1038/s41467-021-21432-9","EUR","4,530.00"
"10.1038/s41467-021-21454-3","EUR","4,530.00"
"10.1038/s41467-021-21469-w","EUR","4,530.00"
"10.1038/s41467-021-21474-z","EUR","4,530.00"
"10.1038/s41467-021-21480-1","EUR","4,530.00"
"10.1038/s41467-021-21513-9","EUR","4,530.00"
"10.1038/s41467-021-21516-6","EUR","4,530.00"
"10.1038/s41467-021-21529-1","EUR","4,530.00"
"10.1038/s41467-021-21547-z","EUR","4,530.00"
"10.1038/s41467-021-21558-w","EUR","4,530.00"
"10.1038/s41467-021-21572-y","EUR","4,530.00"
"10.1038/s41467-021-21589-3","EUR","4,530.00"
"10.1038/s41467-021-21593-7","EUR","4,530.00"
"10.1038/s41467-021-21599-1","EUR","4,530.00"
"10.1038/s41467-021-21604-7","EUR","4,530.00"
"10.1038/s41467-021-21609-2","EUR","4,530.00"
"10.1038/s41467-021-21612-7","EUR","4,530.00"
"10.1038/s41467-021-21622-5","EUR","4,530.00"
"10.1038/s41467-021-21627-0","EUR","4,530.00"
"10.1038/s41467-021-21628-z","EUR","4,530.00"
"10.1038/s41467-021-21631-4","EUR","4,530.00"
"10.1038/s41467-021-21640-3","EUR","4,530.00"
"10.1038/s41467-021-21652-z","EUR","4,530.00"
"10.1038/s41467-021-21661-y","EUR","4,530.00"
"10.1038/s41467-021-21662-x","EUR","4,530.00"
"10.1038/s41467-021-21667-6","EUR","4,530.00"
"10.1038/s41467-021-21668-5","EUR","4,530.00"
"10.1038/s41467-021-21679-2","EUR","4,530.00"
"10.1038/s41467-021-21741-z","EUR","4,530.00"
"10.1038/s41467-021-21743-x","EUR","4,530.00"
"10.1038/s41467-021-21753-9","EUR","4,530.00"
"10.1038/s41467-021-21760-w","EUR","4,530.00"
"10.1038/s41467-021-21769-1","EUR","4,530.00"
"10.1038/s41467-021-21780-6","EUR","4,530.00"
"10.1038/s41467-021-21819-8","EUR","4,530.00"
"10.1038/s41467-021-21822-z","EUR","4,530.00"
"10.1038/s41467-021-21826-9","EUR","4,530.00"
"10.1038/s41467-021-21833-w","EUR","4,530.00"
"10.1038/s41467-021-21845-6","EUR","4,530.00"
"10.1038/s41467-021-21848-3","EUR","4,530.00"
"10.1038/s41467-021-21863-4","EUR","4,530.00"
"10.1038/s41467-021-21942-6","EUR","4,530.00"
"10.1038/s41467-021-21965-z","EUR","4,530.00"
"10.1038/s41467-021-21970-2","EUR","4,530.00"
"10.1038/s41467-021-21972-0","EUR","4,530.00"
"10.1038/s41467-021-21977-9","EUR","4,530.00"
"10.1038/s41467-021-21991-x","EUR","4,530.00"
"10.1038/s41467-021-21994-8","EUR","4,530.00"
"10.1038/s41467-021-22010-9","EUR","4,530.00"
"10.1038/s41467-021-22042-1","EUR","4,530.00"
"10.1038/s41467-021-22049-8","EUR","4,530.00"
"10.1038/s41467-021-22097-0","EUR","4,530.00"
"10.1038/s41467-021-22103-5","EUR","4,530.00"
"10.1038/s41467-021-22108-0","EUR","4,530.00"
"10.1038/s41467-021-22117-z","EUR","4,530.00"
"10.1038/s41467-021-22135-x","EUR","4,530.00"
"10.1038/s41467-021-22153-9","EUR","4,530.00"
"10.1038/s41467-021-22174-4","EUR","4,530.00"
"10.1038/s41467-021-22180-6","EUR","4,530.00"
"10.1038/s41467-021-22189-x","EUR","4,530.00"
"10.1038/s41467-021-22191-3","EUR","4,530.00"
"10.1038/s41467-021-22210-3","EUR","4,530.00"
"10.1038/s41467-021-22211-2","EUR","4,530.00"
"10.1038/s41467-021-22222-z","EUR","4,530.00"
"10.1038/s41467-021-22226-9","EUR","4,530.00"
"10.1038/s41467-021-22239-4","EUR","4,530.00"
"10.1038/s41467-021-22258-1","EUR","4,530.00"
"10.1038/s41467-021-22261-6","EUR","4,530.00"
"10.1038/s41467-021-22264-3","EUR","4,530.00"
"10.1038/s41467-021-22275-0","EUR","4,530.00"
"10.1038/s41467-021-22289-8","EUR","4,530.00"
"10.1038/s41467-021-22292-z","EUR","4,530.00"
"10.1038/s41467-021-22296-9","EUR","4,530.00"
"10.1038/s41467-021-22307-9","EUR","4,530.00"
"10.1038/s41467-021-22315-9","EUR","4,530.00"
"10.1038/s41467-021-22320-y","EUR","4,530.00"
"10.1038/s41467-021-22336-4","EUR","4,530.00"
"10.1038/s41467-021-22351-5","EUR","4,530.00"
"10.1038/s41467-021-22383-x","EUR","4,530.00"
"10.1038/s41467-021-22405-8","EUR","4,530.00"
"10.1038/s41467-021-22422-7","EUR","4,530.00"
"10.1038/s41467-021-22425-4","EUR","4,530.00"
"10.1038/s41467-021-22449-w","EUR","4,530.00"
"10.1038/s41467-021-22453-0","EUR","4,530.00"
"10.1038/s41467-021-22472-x","EUR","4,530.00"
"10.1038/s41467-021-22511-7","EUR","4,530.00"
"10.1038/s41467-021-22554-w","EUR","4,530.00"
"10.1038/s41467-021-22579-1","EUR","4,530.00"
"10.1038/s41467-021-22583-5","EUR","4,530.00"
"10.1038/s41467-021-22584-4","EUR","4,530.00"
"10.1038/s41467-021-22586-2","EUR","4,530.00"
"10.1038/s41467-021-22596-0","EUR","4,530.00"
"10.1038/s41467-021-22600-7","EUR","4,530.00"
"10.1038/s41467-021-22606-1","EUR","4,530.00"
"10.1038/s41467-021-22611-4","EUR","4,530.00"
"10.1038/s41467-021-22675-2","EUR","4,530.00"
"10.1038/s41467-021-22702-2","EUR","4,530.00"
"10.1038/s41467-021-22714-y","EUR","4,530.00"
"10.1038/s41467-021-22724-w","EUR","4,530.00"
"10.1038/s41467-021-22737-5","EUR","4,530.00"
"10.1038/s41467-021-22739-3","EUR","4,530.00"
"10.1038/s41467-021-22766-0","EUR","4,530.00"
"10.1038/s41467-021-22774-0","EUR","4,530.00"
"10.1038/s41467-021-22778-w","EUR","4,530.00"
"10.1038/s41467-021-22786-w","EUR","4,530.00"
"10.1038/s41467-021-22823-8","EUR","4,530.00"
"10.1038/s41467-021-22856-z","EUR","4,530.00"
"10.1038/s41467-021-22861-2","EUR","4,530.00"
"10.1038/s41467-021-22882-x","EUR","4,530.00"
"10.1038/s41467-021-22934-2","EUR","4,530.00"
"10.1038/s41467-021-22968-6","EUR","4,530.00"
"10.1038/s41467-021-22982-8","EUR","4,530.00"
"10.1038/s41467-021-22986-4","EUR","4,530.00"
"10.1038/s41467-021-22988-2","EUR","4,530.00"
"10.1038/s41467-021-23010-5","EUR","4,530.00"
"10.1038/s41467-021-23015-0","EUR","4,530.00"
"10.1038/s41467-021-23016-z","EUR","4,530.00"
"10.1038/s41467-021-23028-9","EUR","4,530.00"
"10.1038/s41467-021-23032-z","EUR","4,530.00"
"10.1038/s41467-021-23064-5","EUR","4,530.00"
"10.1038/s41467-021-23068-1","EUR","4,530.00"
"10.1038/s41467-021-23093-0","EUR","4,530.00"
"10.1038/s41467-021-23117-9","EUR","4,530.00"
"10.1038/s41467-021-23131-x","EUR","4,530.00"
"10.1038/s41467-021-23151-7","EUR","4,530.00"
"10.1038/s41467-021-23187-9","EUR","4,530.00"
"10.1038/s41467-021-23244-3","EUR","4,530.00"
"10.1038/s41467-021-23251-4","EUR","4,530.00"
"10.1038/s41467-021-23262-1","EUR","4,530.00"
"10.1038/s41467-021-23287-6","EUR","4,530.00"
"10.1038/s41467-021-23292-9","EUR","4,530.00"
"10.1038/s41467-021-23295-6","EUR","4,530.00"
"10.1038/s41467-021-23327-1","EUR","4,530.00"
"10.1038/s41467-021-23334-2","EUR","4,530.00"
"10.1038/s41467-021-23340-4","EUR","4,530.00"
"10.1038/s41467-021-23348-w","EUR","4,530.00"
"10.1038/s41467-021-23367-7","EUR","4,530.00"
"10.1038/s41467-021-23370-y","EUR","4,530.00"
"10.1038/s41467-021-23380-w","EUR","4,530.00"
"10.1038/s41467-021-23386-4","EUR","4,530.00"
"10.1038/s41467-021-23387-3","EUR","4,530.00"
"10.1038/s41467-021-23398-0","EUR","4,530.00"
"10.1038/s41467-021-23412-5","EUR","4,530.00"
"10.1038/s41467-021-23424-1","EUR","4,530.00"
"10.1038/s41467-021-23435-y","EUR","4,530.00"
"10.1038/s41467-021-23441-0","EUR","4,530.00"
"10.1038/s41467-021-23462-9","EUR","4,530.00"
"10.1038/s41467-021-23491-4","EUR","4,530.00"
"10.1038/s41467-021-23499-w","EUR","4,530.00"
"10.1038/s41467-021-23504-2","EUR","4,530.00"
"10.1038/s41467-021-23523-z","EUR","4,530.00"
"10.1038/s41467-021-23532-y","EUR","4,530.00"
"10.1038/s41467-021-23547-5","EUR","4,530.00"
"10.1038/s41467-021-23551-9","EUR","4,530.00"
"10.1038/s41467-021-23555-5","EUR","4,530.00"
"10.1038/s41467-021-23557-3","EUR","4,530.00"
"10.1038/s41467-021-23558-2","EUR","4,530.00"
"10.1038/s41467-021-23565-3","EUR","4,530.00"
"10.1038/s41467-021-23574-2","EUR","4,530.00"
"10.1038/s41467-021-23580-4","EUR","4,530.00"
"10.1038/s41467-021-23585-z","EUR","4,530.00"
"10.1038/s41467-021-23591-1","EUR","4,530.00"
"10.1038/s41467-021-23602-1","EUR","4,530.00"
"10.1038/s41467-021-23614-x","EUR","4,530.00"
"10.1038/s41467-021-23636-5","EUR","4,530.00"
"10.1038/s41467-021-23643-6","EUR","4,530.00"
"10.1038/s41467-021-23644-5","EUR","4,530.00"
"10.1038/s41467-021-23650-7","EUR","4,530.00"
"10.1038/s41467-021-23664-1","EUR","4,530.00"
"10.1038/s41467-021-23666-z","EUR","4,530.00"
"10.1038/s41467-021-23686-9","EUR","4,530.00"
"10.1038/s41467-021-23691-y","EUR","4,530.00"
"10.1038/s41467-021-23694-9","EUR","4,530.00"
"10.1038/s41467-021-23702-y","EUR","4,530.00"
"10.1038/s41467-021-23706-8","EUR","4,530.00"
"10.1038/s41467-021-23713-9","EUR","4,530.00"
"10.1038/s41467-021-23722-8","EUR","4,530.00"
"10.1038/s41467-021-23724-6","EUR","4,530.00"
"10.1038/s41467-021-23727-3","EUR","4,530.00"
"10.1038/s41467-021-23752-2","EUR","4,530.00"
"10.1038/s41467-021-23753-1","EUR","4,530.00"
"10.1038/s41467-021-23755-z","EUR","4,530.00"
"10.1038/s41467-021-23760-2","EUR","4,530.00"
"10.1038/s41467-021-23786-6","EUR","4,530.00"
"10.1038/s41467-021-23807-4","EUR","4,530.00"
"10.1038/s41467-021-23815-4","EUR","4,530.00"
"10.1038/s41467-021-23834-1","EUR","4,530.00"
"10.1038/s41467-021-23852-z","EUR","4,530.00"
"10.1038/s41467-021-23855-w","EUR","4,530.00"
"10.1038/s41467-021-23856-9","EUR","4,530.00"
"10.1038/s41467-021-23858-7","EUR","4,530.00"
"10.1038/s41467-021-23886-3","EUR","4,530.00"
"10.1038/s41467-021-23932-0","EUR","4,530.00"
"10.1038/s41467-021-23982-4","EUR","4,530.00"
"10.1038/s41467-021-23993-1","EUR","4,530.00"
"10.1038/s41467-021-23995-z","EUR","4,530.00"
"10.1038/s41467-021-23999-9","EUR","4,530.00"
"10.1038/s41467-021-24007-w","EUR","4,530.00"
"10.1038/s41467-021-24034-7","EUR","4,530.00"
"10.1038/s41467-021-24045-4","EUR","4,530.00"
"10.1038/s41467-021-24046-3","EUR","4,530.00"
"10.1038/s41467-021-24049-0","EUR","4,530.00"
"10.1038/s41467-021-24064-1","EUR","4,530.00"
"10.1038/s41467-021-24076-x","EUR","4,530.00"
"10.1038/s41467-021-24086-9","EUR","4,530.00"
"10.1038/s41467-021-24089-6","EUR","4,530.00"
"10.1038/s41467-021-24091-y","EUR","4,530.00"
"10.1038/s41467-021-24095-8","EUR","4,530.00"
"10.1038/s41467-021-24102-y","EUR","4,530.00"
"10.1038/s41467-021-24103-x","EUR","4,530.00"
"10.1038/s41467-021-24107-7","EUR","4,530.00"
"10.1038/s41467-021-24118-4","EUR","4,530.00"
"10.1038/s41467-021-24146-0","EUR","4,530.00"
"10.1038/s41467-021-24151-3","EUR","4,530.00"
"10.1038/s41467-021-24160-2","EUR","4,530.00"
"10.1038/s41467-021-24165-x","EUR","4,530.00"
"10.1038/s41467-021-24188-4","EUR","4,530.00"
"10.1038/s41467-021-24192-8","EUR","4,530.00"
"10.1038/s41467-021-24197-3","EUR","4,530.00"
"10.1038/s41467-021-24217-2","EUR","4,530.00"
"10.1038/s41467-021-24221-6","EUR","4,530.00"
"10.1038/s41467-021-24222-5","EUR","4,530.00"
"10.1038/s41467-021-24223-4","EUR","4,530.00"
"10.1038/s41467-021-24226-1","EUR","4,530.00"
"10.1038/s41467-021-24264-9","EUR","4,530.00"
"10.1038/s41467-021-24265-8","EUR","4,530.00"
"10.1038/s41467-021-24270-x","EUR","4,530.00"
"10.1038/s41467-021-24292-5","EUR","4,530.00"
"10.1038/s41467-021-24331-1","EUR","4,530.00"
"10.1038/s41467-021-24339-7","EUR","4,530.00"
"10.1038/s41467-021-24350-y","EUR","4,530.00"
"10.1038/s41467-021-24353-9","EUR","4,530.00"
"10.1038/s41467-021-24362-8","EUR","4,530.00"
"10.1038/s41467-021-24395-z","EUR","4,530.00"
"10.1038/s41467-021-24401-4","EUR","4,530.00"
"10.1038/s41467-021-24413-0","EUR","4,530.00"
"10.1038/s41467-021-24426-9","EUR","4,530.00"
"10.1038/s41467-021-24464-3","EUR","4,530.00"
"10.1038/s41467-021-24484-z","EUR","4,530.00"
"10.1038/s41467-021-24491-0","EUR","4,530.00"
"10.1038/s41467-021-24500-2","EUR","4,530.00"
"10.1038/s41467-021-24501-1","EUR","4,530.00"
"10.1038/s41467-021-24503-z","EUR","4,530.00"
"10.1038/s41467-021-24522-w","EUR","4,530.00"
"10.1038/s41467-021-24532-8","EUR","4,530.00"
"10.1038/s41467-021-24543-5","EUR","4,530.00"
"10.1038/s41467-021-24557-z","EUR","4,530.00"
"10.1038/s41467-021-24601-y","EUR","4,530.00"
"10.1038/s41467-021-24611-w","EUR","4,530.00"
"10.1038/s41467-021-24641-4","EUR","4,530.00"
"10.1038/s41467-021-24674-9","EUR","4,530.00"
"10.1038/s41467-021-24675-8","EUR","4,530.00"
"10.1038/s41467-021-24689-2","EUR","4,530.00"
"10.1038/s41467-021-24692-7","EUR","4,530.00"
"10.1038/s41467-021-24693-6","EUR","4,530.00"
"10.1038/s41467-021-24712-6","EUR","4,530.00"
"10.1038/s41467-021-24718-0","EUR","4,530.00"
"10.1038/s41467-021-24719-z","EUR","4,530.00"
"10.1038/s41467-021-24722-4","EUR","4,530.00"
"10.1038/s41467-021-24725-1","EUR","4,530.00"
"10.1038/s41467-021-24726-0","EUR","4,530.00"
"10.1038/s41467-021-24730-4","EUR","4,530.00"
"10.1038/s41467-021-24759-5","EUR","4,530.00"
"10.1038/s41467-021-24766-6","EUR","4,530.00"
"10.1038/s41467-021-24768-4","EUR","4,530.00"
"10.1038/s41467-021-24771-9","EUR","4,530.00"
"10.1038/s41467-021-24787-1","EUR","4,530.00"
"10.1038/s41467-021-24803-4","EUR","4,530.00"
"10.1038/s41467-021-24805-2","EUR","4,530.00"
"10.1038/s41467-021-24810-5","EUR","4,530.00"
"10.1038/s41467-021-24817-y","EUR","4,530.00"
"10.1038/s41467-021-24818-x","EUR","4,530.00"
"10.1038/s41467-021-24844-9","EUR","4,530.00"
"10.1038/s41467-021-24863-6","EUR","4,530.00"
"10.1038/s41467-021-24877-0","EUR","4,530.00"
"10.1038/s41467-021-24885-0","EUR","4,530.00"
"10.1038/s41467-021-24900-4","EUR","4,530.00"
"10.1038/s41467-021-24903-1","EUR","4,530.00"
"10.1038/s41467-021-24947-3","EUR","4,530.00"
"10.1038/s41467-021-24949-1","EUR","4,530.00"
"10.1038/s41467-021-24978-w","EUR","4,530.00"
"10.1038/s41467-021-24986-w","EUR","4,530.00"
"10.1038/s41467-021-25000-z","EUR","4,530.00"
"10.1038/s41467-021-25005-8","EUR","4,530.00"
"10.1038/s41467-021-25024-5","EUR","4,530.00"
"10.1038/s41467-021-25030-7","EUR","4,530.00"
"10.1038/s41467-021-25060-1","EUR","4,530.00"
"10.1038/s41467-021-25062-z","EUR","4,530.00"
"10.1038/s41467-021-25067-8","EUR","4,530.00"
"10.1038/s41467-021-25077-6","EUR","4,530.00"
"10.1038/s41467-021-25091-8","EUR","4,530.00"
"10.1038/s41467-021-25121-5","EUR","4,530.00"
"10.1038/s41467-021-25131-3","EUR","4,530.00"
"10.1038/s41467-021-25142-0","EUR","4,530.00"
"10.1038/s41467-021-25145-x","EUR","4,530.00"
"10.1038/s41467-021-25180-8","EUR","4,530.00"
"10.1038/s41467-021-25185-3","EUR","4,530.00"
"10.1038/s41467-021-25205-2","EUR","4,530.00"
"10.1038/s41467-021-25207-0","EUR","4,530.00"
"10.1038/s41467-021-25220-3","EUR","4,530.00"
"10.1038/s41467-021-25242-x","EUR","4,530.00"
"10.1038/s41467-021-25250-x","EUR","4,530.00"
"10.1038/s41467-021-25258-3","EUR","4,530.00"
"10.1038/s41467-021-25288-x","EUR","4,530.00"
"10.1038/s41467-021-25289-w","EUR","4,530.00"
"10.1038/s41467-021-25292-1","EUR","4,530.00"
"10.1038/s41467-021-25294-z","EUR","4,530.00"
"10.1038/s41467-021-25300-4","EUR","4,530.00"
"10.1038/s41467-021-25317-9","EUR","4,530.00"
"10.1038/s41467-021-25345-5","EUR","4,530.00"
"10.1038/s41467-021-25347-3","EUR","4,530.00"
"10.1038/s41467-021-25372-2","EUR","4,530.00"
"10.1038/s41467-021-25380-2","EUR","4,530.00"
"10.1038/s41467-021-25389-7","EUR","4,530.00"
"10.1038/s41467-021-25403-y","EUR","4,530.00"
"10.1038/s41467-021-25405-w","EUR","4,530.00"
"10.1038/s41467-021-25413-w","EUR","4,530.00"
"10.1038/s41467-021-25424-7","EUR","4,530.00"
"10.1038/s41467-021-25427-4","EUR","4,530.00"
"10.1038/s41467-021-25450-5","EUR","4,530.00"
"10.1038/s41467-021-25464-z","EUR","4,530.00"
"10.1038/s41467-021-25478-7","EUR","4,530.00"
"10.1038/s41467-021-25497-4","EUR","4,530.00"
"10.1038/s41467-021-25498-3","EUR","4,530.00"
"10.1038/s41467-021-25499-2","EUR","4,530.00"
"10.1038/s41467-021-25504-8","EUR","4,530.00"
"10.1038/s41467-021-25512-8","EUR","4,530.00"
"10.1038/s41467-021-25515-5","EUR","4,530.00"
"10.1038/s41467-021-25519-1","EUR","4,530.00"
"10.1038/s41467-021-25535-1","EUR","4,530.00"
"10.1038/s41467-021-25537-z","EUR","4,530.00"
"10.1038/s41467-021-25543-1","EUR","4,530.00"
"10.1038/s41467-021-25545-z","EUR","4,530.00"
"10.1038/s41467-021-25551-1","EUR","4,530.00"
"10.1038/s41467-021-25553-z","EUR","4,530.00"
"10.1038/s41467-021-25556-w","EUR","4,530.00"
"10.1038/s41467-021-25558-8","EUR","4,530.00"
"10.1038/s41467-021-25574-8","EUR","4,530.00"
"10.1038/s41467-021-25592-6","EUR","4,530.00"
"10.1038/s41467-021-25619-y","EUR","4,530.00"
"10.1038/s41467-021-25627-y","EUR","4,530.00"
"10.1038/s41467-021-25630-3","EUR","4,530.00"
"10.1038/s41467-021-25668-3","EUR","4,530.00"
"10.1038/s41467-021-25682-5","EUR","4,530.00"
"10.1038/s41467-021-25708-y","EUR","4,530.00"
"10.1038/s41467-021-25715-z","EUR","4,530.00"
"10.1038/s41467-021-25728-8","EUR","4,530.00"
"10.1038/s41467-021-25778-y","EUR","4,530.00"
"10.1038/s41467-021-25855-2","EUR","4,530.00"
"10.1038/s41467-021-25870-3","EUR","4,530.00"
"10.1038/s41467-021-25882-z","EUR","4,530.00"
"10.1038/s41467-021-25888-7","EUR","4,530.00"
"10.1038/s41467-021-25907-7","EUR","4,530.00"
"10.1038/s41467-021-25912-w","EUR","4,530.00"
"10.1038/s41467-021-25922-8","EUR","4,530.00"
"10.1038/s41467-021-25929-1","EUR","4,530.00"
"10.1038/s41467-021-25945-1","EUR","4,530.00"
"10.1038/s41467-021-25963-z","EUR","4,530.00"
"10.1038/s41467-021-25970-0","EUR","4,530.00"
"10.1038/s41467-021-26002-7","EUR","4,530.00"
"10.1038/s41467-021-26005-4","EUR","4,530.00"
"10.1038/s41467-021-26016-1","EUR","4,530.00"
"10.1038/s41467-021-26020-5","EUR","4,530.00"
"10.1038/s41467-021-26021-4","EUR","4,530.00"
"10.1038/s41467-021-26057-6","EUR","4,530.00"
"10.1038/s41467-021-26059-4","EUR","4,530.00"
"10.1038/s41467-021-26065-6","EUR","4,530.00"
"10.1038/s41467-021-26075-4","EUR","4,530.00"
"10.1038/s41467-021-26076-3","EUR","4,530.00"
"10.1038/s41467-021-26082-5","EUR","4,530.00"
"10.1038/s41467-021-26083-4","EUR","4,530.00"
"10.1038/s41467-021-26088-z","EUR","4,530.00"
"10.1038/s41467-021-26108-y","EUR","4,530.00"
"10.1038/s41467-021-26116-y","EUR","4,530.00"
"10.1038/s41467-021-26133-x","EUR","4,530.00"
"10.1038/s41467-021-26134-w","EUR","4,530.00"
"10.1038/s41467-021-26136-8","EUR","4,530.00"
"10.1038/s41467-021-26146-6","EUR","4,530.00"
"10.1038/s41467-021-26181-3","EUR","4,530.00"
"10.1038/s41467-021-26189-9","EUR","4,530.00"
"10.1038/s41467-021-26193-z","EUR","4,530.00"
"10.1038/s41467-021-26197-9","EUR","4,530.00"
"10.1038/s41467-021-26208-9","EUR","4,530.00"
"10.1038/s41467-021-26250-7","EUR","4,530.00"
"10.1038/s41467-021-26264-1","EUR","4,530.00"
"10.1038/s41467-021-26267-y","EUR","4,530.00"
"10.1038/s41467-021-26269-w","EUR","4,530.00"
"10.1038/s41467-021-26277-w","EUR","4,530.00"
"10.1038/s41467-021-26281-0","EUR","4,530.00"
"10.1038/s41467-021-26288-7","EUR","4,530.00"
"10.1038/s41467-021-26289-6","EUR","4,530.00"
"10.1038/s41467-021-26298-5","EUR","4,530.00"
"10.1038/s41467-021-26301-z","EUR","4,530.00"
"10.1038/s41467-021-26319-3","EUR","4,530.00"
"10.1038/s41467-021-26323-7","EUR","4,530.00"
"10.1038/s41467-021-26327-3","EUR","4,530.00"
"10.1038/s41467-021-26332-6","EUR","4,530.00"
"10.1038/s41467-021-26349-x","EUR","4,530.00"
"10.1038/s41467-021-26365-x","EUR","4,530.00"
"10.1038/s41467-021-26424-3","EUR","4,530.00"
"10.1038/s41467-021-26429-y","EUR","4,530.00"
"10.1038/s41467-021-26439-w","EUR","4,530.00"
"10.1038/s41467-021-26442-1","EUR","4,530.00"
"10.1038/s41467-021-26447-w","EUR","4,530.00"
"10.1038/s41467-021-26462-x","EUR","4,530.00"
"10.1038/s41467-021-26511-5","EUR","4,530.00"
"10.1038/s41467-021-26530-2","EUR","4,530.00"
"10.1038/s41467-021-26543-x","EUR","4,530.00"
"10.1038/s41467-021-26551-x","EUR","4,530.00"
"10.1038/s41467-021-26553-9","EUR","4,530.00"
"10.1038/s41467-021-26562-8","EUR","4,530.00"
"10.1038/s41467-021-26565-5","EUR","4,530.00"
"10.1038/s41467-021-26594-0","EUR","4,530.00"
"10.1038/s41467-021-26602-3","EUR","4,530.00"
"10.1038/s41467-021-26679-w","EUR","4,530.00"
"10.1038/s41467-021-26683-0","EUR","4,530.00"
"10.1038/s41467-021-26688-9","EUR","4,530.00"
"10.1038/s41467-021-26690-1","EUR","4,530.00"
"10.1038/s41467-021-26713-x","EUR","4,530.00"
"10.1038/s41467-021-26719-5","EUR","4,530.00"
"10.1038/s41467-021-26740-8","EUR","4,530.00"
"10.1038/s41467-021-26743-5","EUR","4,530.00"
"10.1038/s41467-021-26755-1","EUR","4,530.00"
"10.1038/s41467-021-26772-0","EUR","4,530.00"
"10.1038/s41467-021-26777-9","EUR","4,530.00"
"10.1038/s41467-021-26779-7","EUR","4,530.00"
"10.1038/s41467-021-26780-0","EUR","4,530.00"
"10.1038/s41467-021-26783-x","EUR","4,530.00"
"10.1038/s41467-021-26790-y","EUR","4,530.00"
"10.1038/s41467-021-26802-x","EUR","4,530.00"
"10.1038/s41467-021-26819-2","EUR","4,530.00"
"10.1038/s41467-021-26826-3","EUR","4,530.00"
"10.1038/s41467-021-26835-2","EUR","4,530.00"
"10.1038/s41467-021-26845-0","EUR","4,530.00"
"10.1038/s41467-021-26870-z","EUR","4,530.00"
"10.1038/s41467-021-26882-9","EUR","4,530.00"
"10.1038/s41467-021-26889-2","EUR","4,530.00"
"10.1038/s41467-021-26892-7","EUR","4,530.00"
"10.1038/s41467-021-26895-4","EUR","4,530.00"
"10.1038/s41467-021-26907-3","EUR","4,530.00"
"10.1038/s41467-021-26924-2","EUR","4,530.00"
"10.1038/s41467-021-26930-4","EUR","4,530.00"
"10.1038/s41467-021-26935-z","EUR","4,530.00"
"10.1038/s41467-021-26938-w","EUR","4,530.00"
"10.1038/s41467-021-26943-z","EUR","4,530.00"
"10.1038/s41467-021-26951-z","EUR","4,530.00"
"10.1038/s41467-021-26954-w","EUR","4,530.00"
"10.1038/s41467-021-26959-5","EUR","4,530.00"
"10.1038/s41467-021-26961-x","EUR","4,530.00"
"10.1038/s41467-021-26982-6","EUR","4,530.00"
"10.1038/s41467-021-26988-0","EUR","4,530.00"
"10.1038/s41467-021-26994-2","EUR","4,530.00"
"10.1038/s41467-021-27006-z","EUR","4,530.00"
"10.1038/s41467-021-27016-x","EUR","4,530.00"
"10.1038/s41467-021-27019-8","EUR","4,530.00"
"10.1038/s41467-021-27036-7","EUR","4,530.00"
"10.1038/s41467-021-27053-6","EUR","4,530.00"
"10.1038/s41467-021-27058-1","EUR","4,530.00"
"10.1038/s41467-021-27061-6","EUR","4,530.00"
"10.1038/s41467-021-27063-4","EUR","4,530.00"
"10.1038/s41467-021-27064-3","EUR","4,530.00"
"10.1038/s41467-021-27067-0","EUR","4,530.00"
"10.1038/s41467-021-27094-x","EUR","4,530.00"
"10.1038/s41467-021-27103-z","EUR","4,530.00"
"10.1038/s41467-021-27111-z","EUR","4,530.00"
"10.1038/s41467-021-27114-w","EUR","4,530.00"
"10.1038/s41467-021-27122-w","EUR","4,530.00"
"10.1038/s41467-021-27125-7","EUR","4,530.00"
"10.1038/s41467-021-27138-2","EUR","4,530.00"
"10.1038/s41467-021-27146-2","EUR","4,530.00"
"10.1038/s41467-021-27149-z","EUR","4,530.00"
"10.1038/s41467-021-27150-6","EUR","4,530.00"
"10.1038/s41467-021-27152-4","EUR","4,530.00"
"10.1038/s41467-021-27161-3","EUR","4,530.00"
"10.1038/s41467-021-27174-y","EUR","4,530.00"
"10.1038/s41467-021-27180-0","EUR","4,530.00"
"10.1038/s41467-021-27192-w","EUR","4,530.00"
"10.1038/s41467-021-27198-4","EUR","4,530.00"
"10.1038/s41467-021-27205-8","EUR","4,530.00"
"10.1038/s41467-021-27230-7","EUR","4,530.00"
"10.1038/s41467-021-27234-3","EUR","4,530.00"
"10.1038/s41467-021-27239-y","EUR","4,530.00"
"10.1038/s41467-021-27241-4","EUR","4,530.00"
"10.1038/s41467-021-27243-2","EUR","4,530.00"
"10.1038/s41467-021-27262-z","EUR","4,530.00"
"10.1038/s41467-021-27264-x","EUR","4,530.00"
"10.1038/s41467-021-27269-6","EUR","4,530.00"
"10.1038/s41467-021-27271-y","EUR","4,530.00"
"10.1038/s41467-021-27281-w","EUR","4,530.00"
"10.1038/s41467-021-27285-6","EUR","4,530.00"
"10.1038/s41467-021-27286-5","EUR","4,530.00"
"10.1038/s41467-021-27287-4","EUR","4,530.00"
"10.1038/s41467-021-27305-5","EUR","4,530.00"
"10.1038/s41467-021-27363-9","EUR","4,530.00"
"10.1038/s41467-021-27406-1","EUR","4,530.00"
"10.1038/s41467-021-27412-3","EUR","4,530.00"
"10.1038/s41467-021-27420-3","EUR","4,530.00"
"10.1038/s41467-021-27431-0","EUR","4,530.00"
"10.1038/s41467-021-27435-w","EUR","4,530.00"
"10.1038/s41467-021-27436-9","EUR","4,530.00"
"10.1038/s41467-021-27471-6","EUR","4,530.00"
"10.1038/s41467-021-27479-y","EUR","4,530.00"
"10.1038/s41467-021-27504-0","EUR","4,530.00"
"10.1038/s41467-021-27511-1","EUR","4,530.00"
"10.1038/s41467-021-27515-x","EUR","4,530.00"
"10.1038/s41467-021-27527-7","EUR","4,530.00"
"10.1038/s41467-021-27586-w","EUR","4,530.00"
"10.1038/s41467-021-27603-y","EUR","4,530.00"
"10.1038/s41467-021-27632-7","EUR","4,530.00"
"10.1038/s41514-021-00060-z","EUR","2,370.15"
"10.1038/s41522-020-00183-3","EUR","1,240.00"
"10.1038/s41522-021-00198-4","EUR","2,773.80"
"10.1038/s41523-020-00207-3","EUR","1,015.00"
"10.1038/s41524-020-00472-7","EUR","2,170.00"
"10.1038/s41524-020-00481-6","EUR","2,170.00"
"10.1038/s41524-020-00482-5","EUR","2,170.00"
"10.1038/s41524-020-00486-1","EUR","2,170.00"
"10.1038/s41524-021-00502-y","EUR","2,245.95"
"10.1038/s41524-021-00526-4","EUR","2,245.95"
"10.1038/s41524-021-00529-1","EUR","2,245.95"
"10.1038/s41524-021-00556-y","EUR","2,245.95"
"10.1038/s41524-021-00559-9","EUR","2,245.95"
"10.1038/s41524-021-00566-w","EUR","2,245.95"
"10.1038/s41524-021-00567-9","EUR","2,245.95"
"10.1038/s41524-021-00570-0","EUR","2,245.95"
"10.1038/s41524-021-00571-z","EUR","2,245.95"
"10.1038/s41524-021-00575-9","EUR","2,245.95"
"10.1038/s41524-021-00635-0","EUR","2,245.95"
"10.1038/s41524-021-00636-z","EUR","2,245.95"
"10.1038/s41524-021-00638-x","EUR","2,245.95"
"10.1038/s41524-021-00646-x","EUR","2,245.95"
"10.1038/s41524-021-00647-w","EUR","2,245.95"
"10.1038/s41524-021-00649-8","EUR","2,245.95"
"10.1038/s41524-021-00658-7","EUR","2,245.95"
"10.1038/s41524-021-00675-6","EUR","2,245.95"
"10.1038/s41524-021-00684-5","EUR","2,245.95"
"10.1038/s41525-020-00163-8","EUR","2,680.00"
"10.1038/s41525-021-00220-w","EUR","1,283.40"
"10.1038/s41526-020-00129-1","EUR","2,680.00"
"10.1038/s41526-021-00155-7","EUR","2,590.00"
"10.1038/s41528-020-00098-1","EUR","2,680.00"
"10.1038/s41529-020-00148-z","EUR","1,690.00"
"10.1038/s41529-021-00182-5","EUR","1,690.00"
"10.1038/s41531-021-00174-x","EUR","2,370.15"
"10.1038/s41531-021-00187-6","EUR","2,370.15"
"10.1038/s41531-021-00203-9","EUR",967.73
"10.1038/s41531-021-00222-6","EUR",967.73
"10.1038/s41531-021-00235-1","EUR","2,370.15"
"10.1038/s41531-021-00242-2","EUR","2,370.15"
"10.1038/s41531-021-00244-0","EUR","2,370.15"
"10.1038/s41531-021-00253-z","EUR",967.73
"10.1038/s41533-020-00214-8","EUR","2,290.00"
"10.1038/s41533-021-00258-4","EUR","2,370.15"
"10.1038/s41533-021-00259-3","EUR",967.73
"10.1038/s41534-020-00338-2","EUR","2,890.00"
"10.1038/s41534-020-00349-z","EUR","2,890.00"
"10.1038/s41534-020-00354-2","EUR","2,890.00"
"10.1038/s41534-020-00359-x","EUR","2,890.00"
"10.1038/s41534-021-00373-7","EUR","2,991.15"
"10.1038/s41534-021-00389-z","EUR","2,991.15"
"10.1038/s41534-021-00391-5","EUR","2,991.15"
"10.1038/s41534-021-00395-1","EUR","2,991.15"
"10.1038/s41534-021-00407-0","EUR","2,991.15"
"10.1038/s41534-021-00408-z","EUR","2,991.15"
"10.1038/s41534-021-00425-y","EUR","2,991.15"
"10.1038/s41534-021-00443-w","EUR","2,991.15"
"10.1038/s41534-021-00445-8","EUR","2,991.15"
"10.1038/s41534-021-00460-9","EUR","2,991.15"
"10.1038/s41534-021-00463-6","EUR","2,991.15"
"10.1038/s41534-021-00486-z","EUR","2,991.15"
"10.1038/s41535-020-00307-0","EUR","1,690.00"
"10.1038/s41535-021-00310-z","EUR","1,690.00"
"10.1038/s41535-021-00324-7","EUR","1,749.15"
"10.1038/s41535-021-00341-6","EUR","1,749.15"
"10.1038/s41535-021-00357-y","EUR","1,749.15"
"10.1038/s41535-021-00365-y","EUR","1,749.15"
"10.1038/s41535-021-00384-9","EUR","1,749.15"
"10.1038/s41535-021-00395-6","EUR","1,749.15"
"10.1038/s41535-021-00398-3","EUR","1,749.15"
"10.1038/s41535-021-00401-x","EUR","1,749.15"
"10.1038/s41536-021-00158-8","EUR","2,773.80"
"10.1038/s41536-021-00194-4","EUR","2,773.80"
"10.1038/s41537-021-00165-0","EUR","2,773.80"
"10.1038/s41537-021-00190-z","EUR","2,773.80"
"10.1038/s41538-021-00101-7","EUR",874.58
"10.1038/s41539-021-00103-w","EUR",812.48
"10.1038/s41539-021-00105-8","EUR",812.48
"10.1038/s41540-021-00182-w","EUR","2,370.15"
"10.1038/s41540-021-00199-1","EUR","2,370.15"
"10.1038/s41540-021-00209-2","EUR","2,370.15"
"10.1038/s41541-020-00268-2","EUR","2,680.00"
"10.1038/s41541-021-00344-1","EUR","2,773.80"
"10.1038/s41545-021-00119-0","EUR","2,370.15"
"10.1038/s41597-020-00781-y","EUR","1,570.00"
"10.1038/s41597-021-00816-y","EUR","1,570.00"
"10.1038/s41597-021-00848-4","EUR","1,624.95"
"10.1038/s41597-021-00862-6","EUR","1,624.95"
"10.1038/s41597-021-00882-2","EUR","1,624.95"
"10.1038/s41597-021-00890-2","EUR","1,624.95"
"10.1038/s41597-021-00893-z","EUR","1,624.95"
"10.1038/s41597-021-00907-w","EUR","1,624.95"
"10.1038/s41597-021-00912-z","EUR","1,624.95"
"10.1038/s41597-021-00913-y","EUR","1,624.95"
"10.1038/s41597-021-00923-w","EUR","1,624.95"
"10.1038/s41597-021-00932-9","EUR","1,624.95"
"10.1038/s41597-021-00938-3","EUR","1,624.95"
"10.1038/s41597-021-00963-2","EUR","1,624.95"
"10.1038/s41597-021-00964-1","EUR","1,624.95"
"10.1038/s41597-021-00972-1","EUR","1,624.95"
"10.1038/s41597-021-00988-7","EUR","1,624.95"
"10.1038/s41597-021-01013-7","EUR","1,624.95"
"10.1038/s41597-021-01014-6","EUR","1,624.95"
"10.1038/s41597-021-01019-1","EUR","1,624.95"
"10.1038/s41597-021-01028-0","EUR","1,624.95"
"10.1038/s41597-021-01029-z","EUR","1,624.95"
"10.1038/s41597-021-01060-0","EUR","1,624.95"
"10.1038/s41597-021-01068-6","EUR","1,624.95"
"10.1038/s41598-020-79288-w","EUR","1,570.00"
"10.1038/s41598-020-79362-3","EUR","1,570.00"
"10.1038/s41598-020-79376-x","EUR","1,570.00"
"10.1038/s41598-020-79418-4","EUR","1,570.00"
"10.1038/s41598-020-79477-7","EUR","1,570.00"
"10.1038/s41598-020-79607-1","EUR","1,570.00"
"10.1038/s41598-020-79706-z","EUR","1,570.00"
"10.1038/s41598-020-79763-4","EUR","1,570.00"
"10.1038/s41598-020-79908-5","EUR","1,570.00"
"10.1038/s41598-020-80016-7","EUR","1,570.00"
"10.1038/s41598-020-80039-0","EUR","1,570.00"
"10.1038/s41598-020-80324-y","EUR","1,570.00"
"10.1038/s41598-020-80347-5","EUR","1,570.00"
"10.1038/s41598-020-80355-5","EUR","1,570.00"
"10.1038/s41598-020-80357-3","EUR","1,570.00"
"10.1038/s41598-020-80359-1","EUR","1,570.00"
"10.1038/s41598-020-80365-3","EUR","1,570.00"
"10.1038/s41598-020-80386-y","EUR","1,570.00"
"10.1038/s41598-020-80408-9","EUR","1,570.00"
"10.1038/s41598-020-80448-1","EUR","1,570.00"
"10.1038/s41598-020-80449-0","EUR","1,570.00"
"10.1038/s41598-020-80466-z","EUR","1,570.00"
"10.1038/s41598-020-80468-x","EUR","1,570.00"
"10.1038/s41598-020-80473-0","EUR","1,570.00"
"10.1038/s41598-020-80477-w","EUR","1,570.00"
"10.1038/s41598-020-80499-4","EUR","1,570.00"
"10.1038/s41598-020-80512-w","EUR","1,570.00"
"10.1038/s41598-020-80548-y","EUR","1,570.00"
"10.1038/s41598-020-80590-w","EUR","1,570.00"
"10.1038/s41598-020-80592-8","EUR","1,570.00"
"10.1038/s41598-020-80614-5","EUR","1,570.00"
"10.1038/s41598-020-80675-6","EUR","1,570.00"
"10.1038/s41598-020-80693-4","EUR","1,570.00"
"10.1038/s41598-020-80703-5","EUR","1,570.00"
"10.1038/s41598-020-80737-9","EUR","1,570.00"
"10.1038/s41598-020-80751-x","EUR","1,570.00"
"10.1038/s41598-020-80752-w","EUR","1,570.00"
"10.1038/s41598-020-80755-7","EUR","1,570.00"
"10.1038/s41598-020-80765-5","EUR","1,570.00"
"10.1038/s41598-020-80766-4","EUR","1,570.00"
"10.1038/s41598-020-80775-3","EUR","1,570.00"
"10.1038/s41598-020-80777-1","EUR","1,570.00"
"10.1038/s41598-020-80786-0","EUR","1,570.00"
"10.1038/s41598-020-80850-9","EUR","1,570.00"
"10.1038/s41598-020-80868-z","EUR","1,570.00"
"10.1038/s41598-020-80952-4","EUR","1,570.00"
"10.1038/s41598-020-80955-1","EUR","1,570.00"
"10.1038/s41598-021-00008-z","EUR","1,624.95"
"10.1038/s41598-021-00075-2","EUR","1,624.95"
"10.1038/s41598-021-00111-1","EUR","1,624.95"
"10.1038/s41598-021-00113-z","EUR","1,624.95"
"10.1038/s41598-021-00119-7","EUR","1,624.95"
"10.1038/s41598-021-00121-z","EUR","1,624.95"
"10.1038/s41598-021-00127-7","EUR","1,624.95"
"10.1038/s41598-021-00131-x","EUR","1,624.95"
"10.1038/s41598-021-00193-x","EUR","1,624.95"
"10.1038/s41598-021-00209-6","EUR","1,624.95"
"10.1038/s41598-021-00211-y","EUR","1,624.95"
"10.1038/s41598-021-00216-7","EUR","1,624.95"
"10.1038/s41598-021-00267-w","EUR","1,624.95"
"10.1038/s41598-021-00326-2","EUR","1,624.95"
"10.1038/s41598-021-00331-5","EUR","1,624.95"
"10.1038/s41598-021-00334-2","EUR","1,624.95"
"10.1038/s41598-021-00371-x","EUR","1,624.95"
"10.1038/s41598-021-00405-4","EUR","1,624.95"
"10.1038/s41598-021-00464-7","EUR","1,624.95"
"10.1038/s41598-021-00492-3","EUR","1,624.95"
"10.1038/s41598-021-00523-z","EUR","1,624.95"
"10.1038/s41598-021-00527-9","EUR","1,624.95"
"10.1038/s41598-021-00551-9","EUR","1,624.95"
"10.1038/s41598-021-00561-7","EUR","1,624.95"
"10.1038/s41598-021-00566-2","EUR","1,624.95"
"10.1038/s41598-021-00569-z","EUR","1,624.95"
"10.1038/s41598-021-00587-x","EUR","1,624.95"
"10.1038/s41598-021-00618-7","EUR","1,624.95"
"10.1038/s41598-021-00619-6","EUR","1,624.95"
"10.1038/s41598-021-00625-8","EUR","1,624.95"
"10.1038/s41598-021-00658-z","EUR","1,624.95"
"10.1038/s41598-021-00680-1","EUR","1,624.95"
"10.1038/s41598-021-00707-7","EUR","1,624.95"
"10.1038/s41598-021-00731-7","EUR","1,624.95"
"10.1038/s41598-021-00753-1","EUR","1,624.95"
"10.1038/s41598-021-00754-0","EUR","1,624.95"
"10.1038/s41598-021-00762-0","EUR","1,624.95"
"10.1038/s41598-021-00822-5","EUR","1,624.95"
"10.1038/s41598-021-00824-3","EUR","1,624.95"
"10.1038/s41598-021-00827-0","EUR","1,624.95"
"10.1038/s41598-021-00856-9","EUR","1,624.95"
"10.1038/s41598-021-00885-4","EUR","1,624.95"
"10.1038/s41598-021-00896-1","EUR","1,624.95"
"10.1038/s41598-021-00933-z","EUR","1,624.95"
"10.1038/s41598-021-00935-x","EUR","1,624.95"
"10.1038/s41598-021-00957-5","EUR","1,624.95"
"10.1038/s41598-021-00974-4","EUR","1,624.95"
"10.1038/s41598-021-00992-2","EUR","1,624.95"
"10.1038/s41598-021-00996-y","EUR","1,624.95"
"10.1038/s41598-021-01032-9","EUR","1,624.95"
"10.1038/s41598-021-01039-2","EUR","1,624.95"
"10.1038/s41598-021-01051-6","EUR","1,624.95"
"10.1038/s41598-021-01066-z","EUR","1,624.95"
"10.1038/s41598-021-01099-4","EUR","1,624.95"
"10.1038/s41598-021-01108-6","EUR","1,624.95"
"10.1038/s41598-021-01156-y","EUR","1,624.95"
"10.1038/s41598-021-01162-0","EUR","1,624.95"
"10.1038/s41598-021-01164-y","EUR","1,624.95"
"10.1038/s41598-021-01165-x","EUR","1,624.95"
"10.1038/s41598-021-01187-5","EUR","1,624.95"
"10.1038/s41598-021-01221-6","EUR","1,624.95"
"10.1038/s41598-021-01260-z","EUR","1,624.95"
"10.1038/s41598-021-01300-8","EUR","1,624.95"
"10.1038/s41598-021-01322-2","EUR","1,624.95"
"10.1038/s41598-021-01332-0","EUR","1,624.95"
"10.1038/s41598-021-01340-0","EUR","1,624.95"
"10.1038/s41598-021-01348-6","EUR","1,624.95"
"10.1038/s41598-021-01351-x","EUR","1,624.95"
"10.1038/s41598-021-01356-6","EUR","1,624.95"
"10.1038/s41598-021-01406-z","EUR","1,624.95"
"10.1038/s41598-021-01407-y","EUR","1,624.95"
"10.1038/s41598-021-01425-w","EUR","1,624.95"
"10.1038/s41598-021-01457-2","EUR","1,624.95"
"10.1038/s41598-021-01461-6","EUR","1,624.95"
"10.1038/s41598-021-01482-1","EUR","1,624.95"
"10.1038/s41598-021-01500-2","EUR","1,624.95"
"10.1038/s41598-021-01513-x","EUR","1,624.95"
"10.1038/s41598-021-01516-8","EUR","1,624.95"
"10.1038/s41598-021-01548-0","EUR","1,624.95"
"10.1038/s41598-021-01565-z","EUR","1,624.95"
"10.1038/s41598-021-01597-5","EUR","1,624.95"
"10.1038/s41598-021-01598-4","EUR","1,624.95"
"10.1038/s41598-021-01599-3","EUR","1,624.95"
"10.1038/s41598-021-01620-9","EUR","1,624.95"
"10.1038/s41598-021-01657-w","EUR","1,624.95"
"10.1038/s41598-021-01686-5","EUR","1,624.95"
"10.1038/s41598-021-01689-2","EUR","1,624.95"
"10.1038/s41598-021-01694-5","EUR","1,624.95"
"10.1038/s41598-021-01706-4","EUR","1,624.95"
"10.1038/s41598-021-01717-1","EUR","1,624.95"
"10.1038/s41598-021-01724-2","EUR","1,624.95"
"10.1038/s41598-021-01772-8","EUR","1,624.95"
"10.1038/s41598-021-01774-6","EUR","1,624.95"
"10.1038/s41598-021-01775-5","EUR","1,624.95"
"10.1038/s41598-021-01808-z","EUR","1,624.95"
"10.1038/s41598-021-01813-2","EUR","1,624.95"
"10.1038/s41598-021-01849-4","EUR","1,624.95"
"10.1038/s41598-021-01851-w","EUR","1,624.95"
"10.1038/s41598-021-01892-1","EUR","1,624.95"
"10.1038/s41598-021-01894-z","EUR","1,624.95"
"10.1038/s41598-021-01908-w","EUR","1,624.95"
"10.1038/s41598-021-01939-3","EUR","1,624.95"
"10.1038/s41598-021-01968-y","EUR","1,624.95"
"10.1038/s41598-021-02011-w","EUR","1,624.95"
"10.1038/s41598-021-02016-5","EUR","1,624.95"
"10.1038/s41598-021-02024-5","EUR","1,624.95"
"10.1038/s41598-021-02027-2","EUR","1,624.95"
"10.1038/s41598-021-02028-1","EUR","1,624.95"
"10.1038/s41598-021-02052-1","EUR","1,624.95"
"10.1038/s41598-021-02102-8","EUR","1,624.95"
"10.1038/s41598-021-02103-7","EUR","1,624.95"
"10.1038/s41598-021-02112-6","EUR","1,624.95"
"10.1038/s41598-021-02136-y","EUR","1,624.95"
"10.1038/s41598-021-02152-y","EUR","1,624.95"
"10.1038/s41598-021-02162-w","EUR","1,624.95"
"10.1038/s41598-021-02217-y","EUR","1,624.95"
"10.1038/s41598-021-02226-x","EUR","1,624.95"
"10.1038/s41598-021-02247-6","EUR","1,624.95"
"10.1038/s41598-021-02327-7","EUR","1,624.95"
"10.1038/s41598-021-02360-6","EUR","1,624.95"
"10.1038/s41598-021-02405-w","EUR","1,624.95"
"10.1038/s41598-021-02423-8","EUR","1,624.95"
"10.1038/s41598-021-02434-5","EUR","1,624.95"
"10.1038/s41598-021-02462-1","EUR","1,624.95"
"10.1038/s41598-021-02468-9","EUR","1,624.95"
"10.1038/s41598-021-02480-z","EUR","1,624.95"
"10.1038/s41598-021-02499-2","EUR","1,624.95"
"10.1038/s41598-021-02506-6","EUR","1,624.95"
"10.1038/s41598-021-02542-2","EUR","1,624.95"
"10.1038/s41598-021-02593-5","EUR","1,624.95"
"10.1038/s41598-021-02685-2","EUR","1,624.95"
"10.1038/s41598-021-02695-0","EUR","1,624.95"
"10.1038/s41598-021-02696-z","EUR","1,624.95"
"10.1038/s41598-021-02708-y","EUR","1,624.95"
"10.1038/s41598-021-02709-x","EUR","1,624.95"
"10.1038/s41598-021-02748-4","EUR","1,624.95"
"10.1038/s41598-021-02758-2","EUR","1,624.95"
"10.1038/s41598-021-02762-6","EUR","1,624.95"
"10.1038/s41598-021-02771-5","EUR","1,624.95"
"10.1038/s41598-021-02772-4","EUR","1,624.95"
"10.1038/s41598-021-02775-1","EUR","1,624.95"
"10.1038/s41598-021-02799-7","EUR","1,624.95"
"10.1038/s41598-021-02802-1","EUR","1,624.95"
"10.1038/s41598-021-02819-6","EUR","1,624.95"
"10.1038/s41598-021-02823-w","EUR","1,624.95"
"10.1038/s41598-021-02833-8","EUR","1,624.95"
"10.1038/s41598-021-02840-9","EUR","1,624.95"
"10.1038/s41598-021-02857-0","EUR","1,624.95"
"10.1038/s41598-021-02878-9","EUR","1,624.95"
"10.1038/s41598-021-02901-z","EUR","1,624.95"
"10.1038/s41598-021-02913-9","EUR","1,624.95"
"10.1038/s41598-021-02939-z","EUR","1,624.95"
"10.1038/s41598-021-02958-w","EUR","1,624.95"
"10.1038/s41598-021-02960-2","EUR","1,624.95"
"10.1038/s41598-021-02970-0","EUR","1,624.95"
"10.1038/s41598-021-03045-w","EUR","1,624.95"
"10.1038/s41598-021-03054-9","EUR","1,624.95"
"10.1038/s41598-021-03091-4","EUR","1,624.95"
"10.1038/s41598-021-03115-z","EUR","1,624.95"
"10.1038/s41598-021-03132-y","EUR","1,624.95"
"10.1038/s41598-021-03147-5","EUR","1,624.95"
"10.1038/s41598-021-03157-3","EUR","1,624.95"
"10.1038/s41598-021-03187-x","EUR","1,624.95"
"10.1038/s41598-021-03195-x","EUR","1,624.95"
"10.1038/s41598-021-03201-2","EUR","1,624.95"
"10.1038/s41598-021-03224-9","EUR","1,624.95"
"10.1038/s41598-021-03276-x","EUR","1,624.95"
"10.1038/s41598-021-03288-7","EUR","1,624.95"
"10.1038/s41598-021-03336-2","EUR","1,624.95"
"10.1038/s41598-021-03343-3","EUR","1,624.95"
"10.1038/s41598-021-03364-y","EUR","1,624.95"
"10.1038/s41598-021-03366-w","EUR","1,624.95"
"10.1038/s41598-021-03376-8","EUR","1,624.95"
"10.1038/s41598-021-03400-x","EUR","1,624.95"
"10.1038/s41598-021-03431-4","EUR","1,624.95"
"10.1038/s41598-021-03488-1","EUR","1,624.95"
"10.1038/s41598-021-03509-z","EUR","1,624.95"
"10.1038/s41598-021-03521-3","EUR","1,624.95"
"10.1038/s41598-021-03522-2","EUR","1,624.95"
"10.1038/s41598-021-03523-1","EUR","1,624.95"
"10.1038/s41598-021-03542-y","EUR","1,624.95"
"10.1038/s41598-021-03544-w","EUR","1,624.95"
"10.1038/s41598-021-03568-2","EUR","1,624.95"
"10.1038/s41598-021-03618-9","EUR","1,624.95"
"10.1038/s41598-021-03625-w","EUR","1,624.95"
"10.1038/s41598-021-03638-5","EUR","1,624.95"
"10.1038/s41598-021-03667-0","EUR","1,624.95"
"10.1038/s41598-021-03702-0","EUR","1,624.95"
"10.1038/s41598-021-03711-z","EUR","1,624.95"
"10.1038/s41598-021-03737-3","EUR","1,624.95"
"10.1038/s41598-021-03769-9","EUR","1,624.95"
"10.1038/s41598-021-03785-9","EUR","1,624.95"
"10.1038/s41598-021-03797-5","EUR","1,624.95"
"10.1038/s41598-021-03817-4","EUR","1,624.95"
"10.1038/s41598-021-03822-7","EUR","1,624.95"
"10.1038/s41598-021-03823-6","EUR","1,624.95"
"10.1038/s41598-021-03862-z","EUR","1,624.95"
"10.1038/s41598-021-03877-6","EUR","1,624.95"
"10.1038/s41598-021-03897-2","EUR","1,624.95"
"10.1038/s41598-021-03900-w","EUR","1,624.95"
"10.1038/s41598-021-03907-3","EUR","1,624.95"
"10.1038/s41598-021-03922-4","EUR","1,624.95"
"10.1038/s41598-021-03941-1","EUR","1,624.95"
"10.1038/s41598-021-03969-3","EUR","1,624.95"
"10.1038/s41598-021-04045-6","EUR","1,624.95"
"10.1038/s41598-021-04047-4","EUR","1,624.95"
"10.1038/s41598-021-04054-5","EUR","1,624.95"
"10.1038/s41598-021-04071-4","EUR","1,624.95"
"10.1038/s41598-021-04083-0","EUR","1,624.95"
"10.1038/s41598-021-04118-6","EUR","1,624.95"
"10.1038/s41598-021-04155-1","EUR","1,624.95"
"10.1038/s41598-021-04187-7","EUR","1,624.95"
"10.1038/s41598-021-04202-x","EUR","1,624.95"
"10.1038/s41598-021-04217-4","EUR","1,624.95"
"10.1038/s41598-021-04235-2","EUR","1,624.95"
"10.1038/s41598-021-80960-y","EUR","1,570.00"
"10.1038/s41598-021-80961-x","EUR","1,570.00"
"10.1038/s41598-021-81058-1","EUR","1,570.00"
"10.1038/s41598-021-81065-2","EUR","1,570.00"
"10.1038/s41598-021-81082-1","EUR","1,570.00"
"10.1038/s41598-021-81084-z","EUR","1,570.00"
"10.1038/s41598-021-81094-x","EUR","1,570.00"
"10.1038/s41598-021-81098-7","EUR","1,570.00"
"10.1038/s41598-021-81101-1","EUR","1,624.95"
"10.1038/s41598-021-81103-z","EUR","1,570.00"
"10.1038/s41598-021-81114-w","EUR","1,570.00"
"10.1038/s41598-021-81117-7","EUR","1,570.00"
"10.1038/s41598-021-81120-y","EUR","1,570.00"
"10.1038/s41598-021-81145-3","EUR","1,570.00"
"10.1038/s41598-021-81150-6","EUR","1,570.00"
"10.1038/s41598-021-81156-0","EUR","1,624.95"
"10.1038/s41598-021-81157-z","EUR","1,570.00"
"10.1038/s41598-021-81163-1","EUR","1,570.00"
"10.1038/s41598-021-81177-9","EUR","1,570.00"
"10.1038/s41598-021-81178-8","EUR","1,570.00"
"10.1038/s41598-021-81223-6","EUR","1,570.00"
"10.1038/s41598-021-81241-4","EUR","1,570.00"
"10.1038/s41598-021-81256-x","EUR","1,624.95"
"10.1038/s41598-021-81275-8","EUR","1,624.95"
"10.1038/s41598-021-81276-7","EUR","1,624.95"
"10.1038/s41598-021-81322-4","EUR","1,570.00"
"10.1038/s41598-021-81330-4","EUR","1,624.95"
"10.1038/s41598-021-81340-2","EUR","1,570.00"
"10.1038/s41598-021-81351-z","EUR","1,570.00"
"10.1038/s41598-021-81361-x","EUR","1,624.95"
"10.1038/s41598-021-81438-7","EUR","1,624.95"
"10.1038/s41598-021-81440-z","EUR","1,624.95"
"10.1038/s41598-021-81442-x","EUR","1,624.95"
"10.1038/s41598-021-81444-9","EUR","1,624.95"
"10.1038/s41598-021-81452-9","EUR","1,624.95"
"10.1038/s41598-021-81466-3","EUR","1,624.95"
"10.1038/s41598-021-81476-1","EUR","1,624.95"
"10.1038/s41598-021-81502-2","EUR","1,624.95"
"10.1038/s41598-021-81504-0","EUR","1,570.00"
"10.1038/s41598-021-81535-7","EUR","1,570.00"
"10.1038/s41598-021-81541-9","EUR","1,624.95"
"10.1038/s41598-021-81542-8","EUR","1,624.95"
"10.1038/s41598-021-81543-7","EUR","1,624.95"
"10.1038/s41598-021-81561-5","EUR","1,570.00"
"10.1038/s41598-021-81568-y","EUR","1,570.00"
"10.1038/s41598-021-81572-2","EUR","1,624.95"
"10.1038/s41598-021-81573-1","EUR","1,570.00"
"10.1038/s41598-021-81584-y","EUR","1,624.95"
"10.1038/s41598-021-81594-w","EUR","1,624.95"
"10.1038/s41598-021-81601-0","EUR","1,624.95"
"10.1038/s41598-021-81607-8","EUR","1,624.95"
"10.1038/s41598-021-81610-z","EUR","1,624.95"
"10.1038/s41598-021-81635-4","EUR","1,624.95"
"10.1038/s41598-021-81649-y","EUR","1,570.00"
"10.1038/s41598-021-81672-z","EUR","1,570.00"
"10.1038/s41598-021-81690-x","EUR","1,624.95"
"10.1038/s41598-021-81696-5","EUR","1,624.95"
"10.1038/s41598-021-81708-4","EUR","1,570.00"
"10.1038/s41598-021-81712-8","EUR","1,570.00"
"10.1038/s41598-021-81728-0","EUR","1,624.95"
"10.1038/s41598-021-81745-z","EUR","1,570.00"
"10.1038/s41598-021-81766-8","EUR","1,624.95"
"10.1038/s41598-021-81772-w","EUR","1,624.95"
"10.1038/s41598-021-81779-3","EUR","1,624.95"
"10.1038/s41598-021-81809-0","EUR","1,624.95"
"10.1038/s41598-021-81847-8","EUR","1,570.00"
"10.1038/s41598-021-81879-0","EUR","1,624.95"
"10.1038/s41598-021-81883-4","EUR","1,624.95"
"10.1038/s41598-021-81902-4","EUR","1,624.95"
"10.1038/s41598-021-81904-2","EUR","1,624.95"
"10.1038/s41598-021-81929-7","EUR","1,624.95"
"10.1038/s41598-021-81951-9","EUR","1,624.95"
"10.1038/s41598-021-81960-8","EUR","1,624.95"
"10.1038/s41598-021-81964-4","EUR","1,624.95"
"10.1038/s41598-021-81987-x","EUR","1,624.95"
"10.1038/s41598-021-82017-6","EUR","1,624.95"
"10.1038/s41598-021-82020-x","EUR","1,624.95"
"10.1038/s41598-021-82024-7","EUR","1,570.00"
"10.1038/s41598-021-82051-4","EUR","1,624.95"
"10.1038/s41598-021-82076-9","EUR","1,570.00"
"10.1038/s41598-021-82191-7","EUR","1,624.95"
"10.1038/s41598-021-82198-0","EUR","1,624.95"
"10.1038/s41598-021-82203-6","EUR","1,624.95"
"10.1038/s41598-021-82257-6","EUR","1,624.95"
"10.1038/s41598-021-82275-4","EUR","1,624.95"
"10.1038/s41598-021-82291-4","EUR","1,624.95"
"10.1038/s41598-021-82299-w","EUR","1,624.95"
"10.1038/s41598-021-82333-x","EUR","1,624.95"
"10.1038/s41598-021-82359-1","EUR","1,624.95"
"10.1038/s41598-021-82370-6","EUR","1,624.95"
"10.1038/s41598-021-82372-4","EUR","1,624.95"
"10.1038/s41598-021-82373-3","EUR","1,624.95"
"10.1038/s41598-021-82378-y","EUR","1,624.95"
"10.1038/s41598-021-82393-z","EUR","1,624.95"
"10.1038/s41598-021-82395-x","EUR","1,624.95"
"10.1038/s41598-021-82404-z","EUR","1,624.95"
"10.1038/s41598-021-82423-w","EUR","1,624.95"
"10.1038/s41598-021-82427-6","EUR","1,624.95"
"10.1038/s41598-021-82443-6","EUR","1,624.95"
"10.1038/s41598-021-82496-7","EUR","1,570.00"
"10.1038/s41598-021-82518-4","EUR","1,624.95"
"10.1038/s41598-021-82521-9","EUR","1,624.95"
"10.1038/s41598-021-82546-0","EUR","1,624.95"
"10.1038/s41598-021-82559-9","EUR","1,624.95"
"10.1038/s41598-021-82583-9","EUR","1,624.95"
"10.1038/s41598-021-82592-8","EUR","1,624.95"
"10.1038/s41598-021-82597-3","EUR","1,624.95"
"10.1038/s41598-021-82600-x","EUR","1,624.95"
"10.1038/s41598-021-82653-y","EUR","1,624.95"
"10.1038/s41598-021-82678-3","EUR","1,624.95"
"10.1038/s41598-021-82681-8","EUR","1,624.95"
"10.1038/s41598-021-82687-2","EUR","1,624.95"
"10.1038/s41598-021-82716-0","EUR","1,570.00"
"10.1038/s41598-021-82739-7","EUR","1,624.95"
"10.1038/s41598-021-82779-z","EUR","1,624.95"
"10.1038/s41598-021-82786-0","EUR","1,624.95"
"10.1038/s41598-021-82788-y","EUR","1,624.95"
"10.1038/s41598-021-82791-3","EUR","1,624.95"
"10.1038/s41598-021-82800-5","EUR","1,624.95"
"10.1038/s41598-021-82802-3","EUR","1,624.95"
"10.1038/s41598-021-82821-0","EUR","1,624.95"
"10.1038/s41598-021-82852-7","EUR","1,624.95"
"10.1038/s41598-021-82862-5","EUR","1,624.95"
"10.1038/s41598-021-82883-0","EUR","1,624.95"
"10.1038/s41598-021-82934-6","EUR","1,624.95"
"10.1038/s41598-021-82952-4","EUR","1,624.95"
"10.1038/s41598-021-82975-x","EUR","1,624.95"
"10.1038/s41598-021-82996-6","EUR","1,624.95"
"10.1038/s41598-021-83038-x","EUR","1,624.95"
"10.1038/s41598-021-83042-1","EUR","1,624.95"
"10.1038/s41598-021-83056-9","EUR","1,624.95"
"10.1038/s41598-021-83068-5","EUR","1,624.95"
"10.1038/s41598-021-83148-6","EUR","1,624.95"
"10.1038/s41598-021-83224-x","EUR","1,624.95"
"10.1038/s41598-021-83246-5","EUR","1,570.00"
"10.1038/s41598-021-83261-6","EUR","1,624.95"
"10.1038/s41598-021-83275-0","EUR","1,624.95"
"10.1038/s41598-021-83277-y","EUR","1,624.95"
"10.1038/s41598-021-83287-w","EUR","1,624.95"
"10.1038/s41598-021-83296-9","EUR","1,624.95"
"10.1038/s41598-021-83319-5","EUR","1,624.95"
"10.1038/s41598-021-83328-4","EUR","1,624.95"
"10.1038/s41598-021-83331-9","EUR","1,624.95"
"10.1038/s41598-021-83333-7","EUR","1,624.95"
"10.1038/s41598-021-83382-y","EUR","1,624.95"
"10.1038/s41598-021-83405-8","EUR","1,624.95"
"10.1038/s41598-021-83406-7","EUR","1,624.95"
"10.1038/s41598-021-83427-2","EUR","1,624.95"
"10.1038/s41598-021-83491-8","EUR","1,624.95"
"10.1038/s41598-021-83506-4","EUR","1,624.95"
"10.1038/s41598-021-83527-z","EUR","1,624.95"
"10.1038/s41598-021-83528-y","EUR","1,624.95"
"10.1038/s41598-021-83564-8","EUR","1,624.95"
"10.1038/s41598-021-83592-4","EUR","1,624.95"
"10.1038/s41598-021-83625-y","EUR","1,624.95"
"10.1038/s41598-021-83643-w","EUR","1,624.95"
"10.1038/s41598-021-83645-8","EUR","1,624.95"
"10.1038/s41598-021-83746-4","EUR","1,624.95"
"10.1038/s41598-021-83748-2","EUR","1,624.95"
"10.1038/s41598-021-83750-8","EUR","1,624.95"
"10.1038/s41598-021-83757-1","EUR","1,570.00"
"10.1038/s41598-021-83774-0","EUR","1,624.95"
"10.1038/s41598-021-83786-w","EUR","1,624.95"
"10.1038/s41598-021-83813-w","EUR","1,624.95"
"10.1038/s41598-021-83821-w","EUR","1,624.95"
"10.1038/s41598-021-83827-4","EUR","1,624.95"
"10.1038/s41598-021-83838-1","EUR","1,624.95"
"10.1038/s41598-021-83853-2","EUR","1,624.95"
"10.1038/s41598-021-83855-0","EUR","1,624.95"
"10.1038/s41598-021-83876-9","EUR","1,624.95"
"10.1038/s41598-021-83883-w","EUR","1,624.95"
"10.1038/s41598-021-83885-8","EUR","1,624.95"
"10.1038/s41598-021-83925-3","EUR","1,624.95"
"10.1038/s41598-021-83927-1","EUR","1,624.95"
"10.1038/s41598-021-83928-0","EUR","1,624.95"
"10.1038/s41598-021-83942-2","EUR","1,624.95"
"10.1038/s41598-021-83962-y","EUR","1,624.95"
"10.1038/s41598-021-83969-5","EUR","1,624.95"
"10.1038/s41598-021-83989-1","EUR","1,624.95"
"10.1038/s41598-021-83994-4","EUR","1,624.95"
"10.1038/s41598-021-84010-5","EUR","1,624.95"
"10.1038/s41598-021-84011-4","EUR","1,624.95"
"10.1038/s41598-021-84019-w","EUR","1,624.95"
"10.1038/s41598-021-84021-2","EUR","1,624.95"
"10.1038/s41598-021-84027-w","EUR","1,624.95"
"10.1038/s41598-021-84049-4","EUR","1,624.95"
"10.1038/s41598-021-84061-8","EUR","1,624.95"
"10.1038/s41598-021-84077-0","EUR","1,624.95"
"10.1038/s41598-021-84114-y","EUR","1,624.95"
"10.1038/s41598-021-84134-8","EUR","1,624.95"
"10.1038/s41598-021-84169-x","EUR","1,624.95"
"10.1038/s41598-021-84200-1","EUR","1,624.95"
"10.1038/s41598-021-84213-w","EUR","1,624.95"
"10.1038/s41598-021-84227-4","EUR","1,624.95"
"10.1038/s41598-021-84230-9","EUR","1,624.95"
"10.1038/s41598-021-84232-7","EUR","1,624.95"
"10.1038/s41598-021-84276-9","EUR","1,624.95"
"10.1038/s41598-021-84287-6","EUR","1,624.95"
"10.1038/s41598-021-84288-5","EUR","1,624.95"
"10.1038/s41598-021-84290-x","EUR","1,570.00"
"10.1038/s41598-021-84320-8","EUR","1,624.95"
"10.1038/s41598-021-84322-6","EUR","1,624.95"
"10.1038/s41598-021-84339-x","EUR","1,624.95"
"10.1038/s41598-021-84345-z","EUR","1,570.00"
"10.1038/s41598-021-84366-8","EUR","1,624.95"
"10.1038/s41598-021-84374-8","EUR","1,624.95"
"10.1038/s41598-021-84384-6","EUR","1,624.95"
"10.1038/s41598-021-84385-5","EUR","1,570.00"
"10.1038/s41598-021-84397-1","EUR","1,624.95"
"10.1038/s41598-021-84415-2","EUR","1,624.95"
"10.1038/s41598-021-84421-4","EUR","1,624.95"
"10.1038/s41598-021-84468-3","EUR","1,624.95"
"10.1038/s41598-021-84483-4","EUR","1,624.95"
"10.1038/s41598-021-84487-0","EUR","1,624.95"
"10.1038/s41598-021-84496-z","EUR","1,624.95"
"10.1038/s41598-021-84533-x","EUR","1,624.95"
"10.1038/s41598-021-84614-x","EUR","1,624.95"
"10.1038/s41598-021-84619-6","EUR","1,624.95"
"10.1038/s41598-021-84620-z","EUR","1,624.95"
"10.1038/s41598-021-84623-w","EUR","1,624.95"
"10.1038/s41598-021-84654-3","EUR","1,624.95"
"10.1038/s41598-021-84677-w","EUR","1,624.95"
"10.1038/s41598-021-84681-0","EUR","1,624.95"
"10.1038/s41598-021-84682-z","EUR","1,624.95"
"10.1038/s41598-021-84692-x","EUR","1,624.95"
"10.1038/s41598-021-84708-6","EUR","1,624.95"
"10.1038/s41598-021-84710-y","EUR","1,624.95"
"10.1038/s41598-021-84740-6","EUR","1,624.95"
"10.1038/s41598-021-84747-z","EUR","1,624.95"
"10.1038/s41598-021-84770-0","EUR","1,624.95"
"10.1038/s41598-021-84777-7","EUR","1,624.95"
"10.1038/s41598-021-84788-4","EUR","1,624.95"
"10.1038/s41598-021-84791-9","EUR","1,624.95"
"10.1038/s41598-021-84799-1","EUR","1,624.95"
"10.1038/s41598-021-84804-7","EUR","1,624.95"
"10.1038/s41598-021-84813-6","EUR","1,624.95"
"10.1038/s41598-021-84817-2","EUR","1,624.95"
"10.1038/s41598-021-84834-1","EUR","1,624.95"
"10.1038/s41598-021-84847-w","EUR","1,624.95"
"10.1038/s41598-021-84862-x","EUR","1,624.95"
"10.1038/s41598-021-84899-y","EUR","1,624.95"
"10.1038/s41598-021-84906-2","EUR","1,624.95"
"10.1038/s41598-021-84914-2","EUR","1,624.95"
"10.1038/s41598-021-84916-0","EUR","1,624.95"
"10.1038/s41598-021-84919-x","EUR","1,624.95"
"10.1038/s41598-021-84921-3","EUR","1,624.95"
"10.1038/s41598-021-85012-z","EUR","1,624.95"
"10.1038/s41598-021-85016-9","EUR","1,624.95"
"10.1038/s41598-021-85027-6","EUR","1,624.95"
"10.1038/s41598-021-85028-5","EUR","1,624.95"
"10.1038/s41598-021-85031-w","EUR","1,624.95"
"10.1038/s41598-021-85049-0","EUR","1,624.95"
"10.1038/s41598-021-85081-0","EUR","1,624.95"
"10.1038/s41598-021-85119-3","EUR","1,624.95"
"10.1038/s41598-021-85120-w","EUR","1,624.95"
"10.1038/s41598-021-85122-8","EUR","1,624.95"
"10.1038/s41598-021-85139-z","EUR","1,624.95"
"10.1038/s41598-021-85142-4","EUR","1,624.95"
"10.1038/s41598-021-85168-8","EUR","1,624.95"
"10.1038/s41598-021-85187-5","EUR","1,624.95"
"10.1038/s41598-021-85217-2","EUR","1,624.95"
"10.1038/s41598-021-85226-1","EUR","1,624.95"
"10.1038/s41598-021-85251-0","EUR","1,624.95"
"10.1038/s41598-021-85303-5","EUR","1,624.95"
"10.1038/s41598-021-85319-x","EUR","1,624.95"
"10.1038/s41598-021-85349-5","EUR","1,624.95"
"10.1038/s41598-021-85400-5","EUR","1,624.95"
"10.1038/s41598-021-85439-4","EUR","1,624.95"
"10.1038/s41598-021-85444-7","EUR","1,624.95"
"10.1038/s41598-021-85454-5","EUR","1,624.95"
"10.1038/s41598-021-85461-6","EUR","1,624.95"
"10.1038/s41598-021-85494-x","EUR","1,624.95"
"10.1038/s41598-021-85515-9","EUR","1,624.95"
"10.1038/s41598-021-85517-7","EUR","1,624.95"
"10.1038/s41598-021-85523-9","EUR","1,624.95"
"10.1038/s41598-021-85544-4","EUR","1,624.95"
"10.1038/s41598-021-85575-x","EUR","1,624.95"
"10.1038/s41598-021-85594-8","EUR","1,624.95"
"10.1038/s41598-021-85656-x","EUR","1,624.95"
"10.1038/s41598-021-85671-y","EUR","1,624.95"
"10.1038/s41598-021-85674-9","EUR","1,624.95"
"10.1038/s41598-021-85678-5","EUR","1,624.95"
"10.1038/s41598-021-85711-7","EUR","1,624.95"
"10.1038/s41598-021-85744-y","EUR","1,624.95"
"10.1038/s41598-021-85770-w","EUR","1,624.95"
"10.1038/s41598-021-85858-3","EUR","1,624.95"
"10.1038/s41598-021-85859-2","EUR","1,624.95"
"10.1038/s41598-021-85862-7","EUR","1,624.95"
"10.1038/s41598-021-85865-4","EUR","1,624.95"
"10.1038/s41598-021-85873-4","EUR","1,624.95"
"10.1038/s41598-021-85897-w","EUR","1,624.95"
"10.1038/s41598-021-85912-0","EUR","1,624.95"
"10.1038/s41598-021-85957-1","EUR","1,624.95"
"10.1038/s41598-021-85964-2","EUR","1,624.95"
"10.1038/s41598-021-85981-1","EUR","1,624.95"
"10.1038/s41598-021-86006-7","EUR","1,624.95"
"10.1038/s41598-021-86032-5","EUR","1,624.95"
"10.1038/s41598-021-86072-x","EUR","1,624.95"
"10.1038/s41598-021-86078-5","EUR","1,624.95"
"10.1038/s41598-021-86094-5","EUR","1,624.95"
"10.1038/s41598-021-86095-4","EUR","1,624.95"
"10.1038/s41598-021-86148-8","EUR","1,624.95"
"10.1038/s41598-021-86159-5","EUR","1,624.95"
"10.1038/s41598-021-86163-9","EUR","1,624.95"
"10.1038/s41598-021-86170-w","EUR","1,624.95"
"10.1038/s41598-021-86173-7","EUR","1,624.95"
"10.1038/s41598-021-86220-3","EUR","1,624.95"
"10.1038/s41598-021-86227-w","EUR","1,624.95"
"10.1038/s41598-021-86236-9","EUR","1,624.95"
"10.1038/s41598-021-86244-9","EUR","1,624.95"
"10.1038/s41598-021-86247-6","EUR","1,624.95"
"10.1038/s41598-021-86251-w","EUR","1,624.95"
"10.1038/s41598-021-86261-8","EUR","1,624.95"
"10.1038/s41598-021-86273-4","EUR","1,624.95"
"10.1038/s41598-021-86293-0","EUR","1,624.95"
"10.1038/s41598-021-86359-z","EUR","1,624.95"
"10.1038/s41598-021-86364-2","EUR","1,624.95"
"10.1038/s41598-021-86367-z","EUR","1,624.95"
"10.1038/s41598-021-86387-9","EUR","1,624.95"
"10.1038/s41598-021-86388-8","EUR","1,624.95"
"10.1038/s41598-021-86417-6","EUR","1,624.95"
"10.1038/s41598-021-86429-2","EUR","1,624.95"
"10.1038/s41598-021-86435-4","EUR","1,624.95"
"10.1038/s41598-021-86448-z","EUR","1,624.95"
"10.1038/s41598-021-86513-7","EUR","1,624.95"
"10.1038/s41598-021-86514-6","EUR","1,624.95"
"10.1038/s41598-021-86527-1","EUR","1,624.95"
"10.1038/s41598-021-86580-w","EUR","1,624.95"
"10.1038/s41598-021-86587-3","EUR","1,624.95"
"10.1038/s41598-021-86632-1","EUR","1,624.95"
"10.1038/s41598-021-86641-0","EUR","1,624.95"
"10.1038/s41598-021-86654-9","EUR","1,624.95"
"10.1038/s41598-021-86658-5","EUR","1,624.95"
"10.1038/s41598-021-86666-5","EUR","1,624.95"
"10.1038/s41598-021-86746-6","EUR","1,624.95"
"10.1038/s41598-021-86779-x","EUR","1,624.95"
"10.1038/s41598-021-86797-9","EUR","1,624.95"
"10.1038/s41598-021-86810-1","EUR","1,624.95"
"10.1038/s41598-021-86863-2","EUR","1,624.95"
"10.1038/s41598-021-86864-1","EUR","1,624.95"
"10.1038/s41598-021-86867-y","EUR","1,624.95"
"10.1038/s41598-021-86872-1","EUR","1,624.95"
"10.1038/s41598-021-86887-8","EUR","1,624.95"
"10.1038/s41598-021-86890-z","EUR","1,624.95"
"10.1038/s41598-021-86918-4","EUR","1,624.95"
"10.1038/s41598-021-86948-y","EUR","1,624.95"
"10.1038/s41598-021-86995-5","EUR","1,624.95"
"10.1038/s41598-021-87000-9","EUR","1,624.95"
"10.1038/s41598-021-87002-7","EUR","1,624.95"
"10.1038/s41598-021-87007-2","EUR","1,624.95"
"10.1038/s41598-021-87015-2","EUR","1,624.95"
"10.1038/s41598-021-87032-1","EUR","1,624.95"
"10.1038/s41598-021-87033-0","EUR","1,624.95"
"10.1038/s41598-021-87042-z","EUR","1,624.95"
"10.1038/s41598-021-87072-7","EUR","1,624.95"
"10.1038/s41598-021-87112-2","EUR","1,624.95"
"10.1038/s41598-021-87121-1","EUR","1,624.95"
"10.1038/s41598-021-87156-4","EUR","1,624.95"
"10.1038/s41598-021-87195-x","EUR","1,624.95"
"10.1038/s41598-021-87198-8","EUR","1,624.95"
"10.1038/s41598-021-87231-w","EUR","1,624.95"
"10.1038/s41598-021-87236-5","EUR","1,624.95"
"10.1038/s41598-021-87247-2","EUR","1,624.95"
"10.1038/s41598-021-87288-7","EUR","1,624.95"
"10.1038/s41598-021-87294-9","EUR","1,624.95"
"10.1038/s41598-021-87314-8","EUR","1,624.95"
"10.1038/s41598-021-87351-3","EUR","1,624.95"
"10.1038/s41598-021-87360-2","EUR","1,624.95"
"10.1038/s41598-021-87411-8","EUR","1,624.95"
"10.1038/s41598-021-87466-7","EUR","1,624.95"
"10.1038/s41598-021-87467-6","EUR","1,624.95"
"10.1038/s41598-021-87489-0","EUR","1,624.95"
"10.1038/s41598-021-87500-8","EUR","1,624.95"
"10.1038/s41598-021-87515-1","EUR","1,624.95"
"10.1038/s41598-021-87533-z","EUR","1,624.95"
"10.1038/s41598-021-87537-9","EUR","1,624.95"
"10.1038/s41598-021-87558-4","EUR","1,624.95"
"10.1038/s41598-021-87561-9","EUR","1,624.95"
"10.1038/s41598-021-87572-6","EUR","1,624.95"
"10.1038/s41598-021-87584-2","EUR","1,624.95"
"10.1038/s41598-021-87588-y","EUR","1,624.95"
"10.1038/s41598-021-87591-3","EUR","1,624.95"
"10.1038/s41598-021-87602-3","EUR","1,624.95"
"10.1038/s41598-021-87607-y","EUR","1,624.95"
"10.1038/s41598-021-87643-8","EUR","1,624.95"
"10.1038/s41598-021-87647-4","EUR","1,624.95"
"10.1038/s41598-021-87682-1","EUR","1,624.95"
"10.1038/s41598-021-87714-w","EUR","1,624.95"
"10.1038/s41598-021-87769-9","EUR","1,624.95"
"10.1038/s41598-021-87776-w","EUR","1,624.95"
"10.1038/s41598-021-87817-4","EUR","1,624.95"
"10.1038/s41598-021-87835-2","EUR","1,624.95"
"10.1038/s41598-021-87847-y","EUR","1,624.95"
"10.1038/s41598-021-87863-y","EUR","1,624.95"
"10.1038/s41598-021-87866-9","EUR","1,624.95"
"10.1038/s41598-021-87915-3","EUR","1,624.95"
"10.1038/s41598-021-87951-z","EUR","1,624.95"
"10.1038/s41598-021-87967-5","EUR","1,624.95"
"10.1038/s41598-021-87989-z","EUR","1,624.95"
"10.1038/s41598-021-88008-x","EUR","1,624.95"
"10.1038/s41598-021-88013-0","EUR","1,624.95"
"10.1038/s41598-021-88032-x","EUR","1,624.95"
"10.1038/s41598-021-88061-6","EUR","1,624.95"
"10.1038/s41598-021-88082-1","EUR","1,624.95"
"10.1038/s41598-021-88090-1","EUR","1,624.95"
"10.1038/s41598-021-88148-0","EUR","1,624.95"
"10.1038/s41598-021-88196-6","EUR","1,624.95"
"10.1038/s41598-021-88199-3","EUR","1,624.95"
"10.1038/s41598-021-88200-z","EUR","1,624.95"
"10.1038/s41598-021-88204-9","EUR","1,624.95"
"10.1038/s41598-021-88208-5","EUR","1,624.95"
"10.1038/s41598-021-88234-3","EUR","1,624.95"
"10.1038/s41598-021-88245-0","EUR","1,624.95"
"10.1038/s41598-021-88294-5","EUR","1,624.95"
"10.1038/s41598-021-88323-3","EUR","1,624.95"
"10.1038/s41598-021-88324-2","EUR","1,624.95"
"10.1038/s41598-021-88336-y","EUR","1,624.95"
"10.1038/s41598-021-88356-8","EUR","1,624.95"
"10.1038/s41598-021-88363-9","EUR","1,624.95"
"10.1038/s41598-021-88379-1","EUR","1,624.95"
"10.1038/s41598-021-88396-0","EUR","1,624.95"
"10.1038/s41598-021-88401-6","EUR","1,624.95"
"10.1038/s41598-021-88403-4","EUR","1,624.95"
"10.1038/s41598-021-88431-0","EUR","1,624.95"
"10.1038/s41598-021-88447-6","EUR","1,624.95"
"10.1038/s41598-021-88458-3","EUR","1,624.95"
"10.1038/s41598-021-88474-3","EUR","1,624.95"
"10.1038/s41598-021-88475-2","EUR","1,624.95"
"10.1038/s41598-021-88545-5","EUR","1,624.95"
"10.1038/s41598-021-88557-1","EUR","1,624.95"
"10.1038/s41598-021-88622-9","EUR","1,624.95"
"10.1038/s41598-021-88646-1","EUR","1,624.95"
"10.1038/s41598-021-88655-0","EUR","1,624.95"
"10.1038/s41598-021-88663-0","EUR","1,624.95"
"10.1038/s41598-021-88727-1","EUR","1,624.95"
"10.1038/s41598-021-88768-6","EUR","1,624.95"
"10.1038/s41598-021-88773-9","EUR","1,624.95"
"10.1038/s41598-021-88800-9","EUR","1,624.95"
"10.1038/s41598-021-88802-7","EUR","1,624.95"
"10.1038/s41598-021-88840-1","EUR","1,624.95"
"10.1038/s41598-021-88875-4","EUR","1,624.95"
"10.1038/s41598-021-88921-1","EUR","1,624.95"
"10.1038/s41598-021-88926-w","EUR","1,624.95"
"10.1038/s41598-021-88946-6","EUR","1,624.95"
"10.1038/s41598-021-88953-7","EUR","1,624.95"
"10.1038/s41598-021-88985-z","EUR","1,624.95"
"10.1038/s41598-021-88986-y","EUR","1,624.95"
"10.1038/s41598-021-89030-9","EUR","1,624.95"
"10.1038/s41598-021-89062-1","EUR","1,624.95"
"10.1038/s41598-021-89071-0","EUR","1,624.95"
"10.1038/s41598-021-89088-5","EUR","1,624.95"
"10.1038/s41598-021-89090-x","EUR","1,624.95"
"10.1038/s41598-021-89111-9","EUR","1,624.95"
"10.1038/s41598-021-89122-6","EUR","1,624.95"
"10.1038/s41598-021-89180-w","EUR","1,624.95"
"10.1038/s41598-021-89190-8","EUR","1,624.95"
"10.1038/s41598-021-89206-3","EUR","1,624.95"
"10.1038/s41598-021-89215-2","EUR","1,624.95"
"10.1038/s41598-021-89226-z","EUR","1,624.95"
"10.1038/s41598-021-89313-1","EUR","1,624.95"
"10.1038/s41598-021-89318-w","EUR","1,624.95"
"10.1038/s41598-021-89347-5","EUR","1,624.95"
"10.1038/s41598-021-89360-8","EUR","1,624.95"
"10.1038/s41598-021-89372-4","EUR","1,624.95"
"10.1038/s41598-021-89374-2","EUR","1,624.95"
"10.1038/s41598-021-89397-9","EUR","1,624.95"
"10.1038/s41598-021-89402-1","EUR","1,624.95"
"10.1038/s41598-021-89426-7","EUR","1,624.95"
"10.1038/s41598-021-89442-7","EUR","1,624.95"
"10.1038/s41598-021-89445-4","EUR","1,624.95"
"10.1038/s41598-021-89489-6","EUR","1,624.95"
"10.1038/s41598-021-89497-6","EUR","1,624.95"
"10.1038/s41598-021-89514-8","EUR","1,624.95"
"10.1038/s41598-021-89523-7","EUR","1,624.95"
"10.1038/s41598-021-89531-7","EUR","1,624.95"
"10.1038/s41598-021-89534-4","EUR","1,624.95"
"10.1038/s41598-021-89564-y","EUR","1,624.95"
"10.1038/s41598-021-89566-w","EUR","1,624.95"
"10.1038/s41598-021-89582-w","EUR","1,624.95"
"10.1038/s41598-021-89583-9","EUR","1,624.95"
"10.1038/s41598-021-89590-w","EUR","1,624.95"
"10.1038/s41598-021-89611-8","EUR","1,624.95"
"10.1038/s41598-021-89613-6","EUR","1,624.95"
"10.1038/s41598-021-89615-4","EUR","1,624.95"
"10.1038/s41598-021-89633-2","EUR","1,624.95"
"10.1038/s41598-021-89634-1","EUR","1,624.95"
"10.1038/s41598-021-89647-w","EUR","1,624.95"
"10.1038/s41598-021-89653-y","EUR","1,624.95"
"10.1038/s41598-021-89675-6","EUR","1,624.95"
"10.1038/s41598-021-89676-5","EUR","1,624.95"
"10.1038/s41598-021-89683-6","EUR","1,624.95"
"10.1038/s41598-021-89712-4","EUR","1,624.95"
"10.1038/s41598-021-89760-w","EUR","1,624.95"
"10.1038/s41598-021-89783-3","EUR","1,624.95"
"10.1038/s41598-021-89785-1","EUR","1,624.95"
"10.1038/s41598-021-89786-0","EUR","1,624.95"
"10.1038/s41598-021-89796-y","EUR","1,624.95"
"10.1038/s41598-021-89823-y","EUR","1,624.95"
"10.1038/s41598-021-89828-7","EUR","1,624.95"
"10.1038/s41598-021-89841-w","EUR","1,624.95"
"10.1038/s41598-021-89843-8","EUR","1,624.95"
"10.1038/s41598-021-89892-z","EUR","1,624.95"
"10.1038/s41598-021-89893-y","EUR","1,624.95"
"10.1038/s41598-021-89930-w","EUR","1,624.95"
"10.1038/s41598-021-89941-7","EUR","1,624.95"
"10.1038/s41598-021-89949-z","EUR","1,624.95"
"10.1038/s41598-021-89969-9","EUR","1,624.95"
"10.1038/s41598-021-89971-1","EUR","1,624.95"
"10.1038/s41598-021-90008-w","EUR","1,624.95"
"10.1038/s41598-021-90022-y","EUR","1,624.95"
"10.1038/s41598-021-90055-3","EUR","1,624.95"
"10.1038/s41598-021-90058-0","EUR","1,624.95"
"10.1038/s41598-021-90062-4","EUR","1,624.95"
"10.1038/s41598-021-90106-9","EUR","1,624.95"
"10.1038/s41598-021-90153-2","EUR","1,624.95"
"10.1038/s41598-021-90172-z","EUR","1,624.95"
"10.1038/s41598-021-90173-y","EUR","1,624.95"
"10.1038/s41598-021-90178-7","EUR","1,624.95"
"10.1038/s41598-021-90204-8","EUR","1,624.95"
"10.1038/s41598-021-90212-8","EUR","1,624.95"
"10.1038/s41598-021-90217-3","EUR","1,624.95"
"10.1038/s41598-021-90257-9","EUR","1,624.95"
"10.1038/s41598-021-90262-y","EUR","1,624.95"
"10.1038/s41598-021-90264-w","EUR","1,624.95"
"10.1038/s41598-021-90267-7","EUR","1,624.95"
"10.1038/s41598-021-90268-6","EUR","1,624.95"
"10.1038/s41598-021-90294-4","EUR","1,624.95"
"10.1038/s41598-021-90296-2","EUR","1,624.95"
"10.1038/s41598-021-90302-7","EUR","1,624.95"
"10.1038/s41598-021-90315-2","EUR","1,624.95"
"10.1038/s41598-021-90340-1","EUR","1,624.95"
"10.1038/s41598-021-90344-x","EUR","1,624.95"
"10.1038/s41598-021-90376-3","EUR","1,624.95"
"10.1038/s41598-021-90381-6","EUR","1,624.95"
"10.1038/s41598-021-90383-4","EUR","1,624.95"
"10.1038/s41598-021-90397-y","EUR","1,624.95"
"10.1038/s41598-021-90436-8","EUR","1,624.95"
"10.1038/s41598-021-90475-1","EUR","1,624.95"
"10.1038/s41598-021-90577-w","EUR","1,624.95"
"10.1038/s41598-021-90582-z","EUR","1,624.95"
"10.1038/s41598-021-90611-x","EUR","1,624.95"
"10.1038/s41598-021-90620-w","EUR","1,624.95"
"10.1038/s41598-021-90695-5","EUR","1,624.95"
"10.1038/s41598-021-90702-9","EUR","1,624.95"
"10.1038/s41598-021-90705-6","EUR","1,624.95"
"10.1038/s41598-021-90714-5","EUR","1,624.95"
"10.1038/s41598-021-90727-0","EUR","1,624.95"
"10.1038/s41598-021-90744-z","EUR","1,624.95"
"10.1038/s41598-021-90759-6","EUR","1,624.95"
"10.1038/s41598-021-90777-4","EUR","1,624.95"
"10.1038/s41598-021-90803-5","EUR","1,624.95"
"10.1038/s41598-021-90816-0","EUR","1,624.95"
"10.1038/s41598-021-90819-x","EUR","1,624.95"
"10.1038/s41598-021-90839-7","EUR","1,624.95"
"10.1038/s41598-021-90849-5","EUR","1,624.95"
"10.1038/s41598-021-90862-8","EUR","1,624.95"
"10.1038/s41598-021-90866-4","EUR","1,624.95"
"10.1038/s41598-021-90900-5","EUR","1,624.95"
"10.1038/s41598-021-90901-4","EUR","1,624.95"
"10.1038/s41598-021-90953-6","EUR","1,624.95"
"10.1038/s41598-021-90956-3","EUR","1,624.95"
"10.1038/s41598-021-90994-x","EUR","1,624.95"
"10.1038/s41598-021-90995-w","EUR","1,624.95"
"10.1038/s41598-021-91007-7","EUR","1,624.95"
"10.1038/s41598-021-91023-7","EUR","1,624.95"
"10.1038/s41598-021-91043-3","EUR","1,624.95"
"10.1038/s41598-021-91056-y","EUR","1,624.95"
"10.1038/s41598-021-91081-x","EUR","1,624.95"
"10.1038/s41598-021-91096-4","EUR","1,624.95"
"10.1038/s41598-021-91098-2","EUR","1,624.95"
"10.1038/s41598-021-91129-y","EUR","1,624.95"
"10.1038/s41598-021-91140-3","EUR","1,624.95"
"10.1038/s41598-021-91169-4","EUR","1,624.95"
"10.1038/s41598-021-91179-2","EUR","1,624.95"
"10.1038/s41598-021-91283-3","EUR","1,624.95"
"10.1038/s41598-021-91285-1","EUR","1,624.95"
"10.1038/s41598-021-91286-0","EUR","1,624.95"
"10.1038/s41598-021-91296-y","EUR","1,624.95"
"10.1038/s41598-021-91316-x","EUR","1,624.95"
"10.1038/s41598-021-91369-y","EUR","1,624.95"
"10.1038/s41598-021-91421-x","EUR","1,624.95"
"10.1038/s41598-021-91423-9","EUR","1,624.95"
"10.1038/s41598-021-91457-z","EUR","1,624.95"
"10.1038/s41598-021-91475-x","EUR","1,624.95"
"10.1038/s41598-021-91490-y","EUR","1,624.95"
"10.1038/s41598-021-91501-y","EUR","1,624.95"
"10.1038/s41598-021-91519-2","EUR","1,624.95"
"10.1038/s41598-021-91536-1","EUR","1,624.95"
"10.1038/s41598-021-91584-7","EUR","1,624.95"
"10.1038/s41598-021-91585-6","EUR","1,624.95"
"10.1038/s41598-021-91593-6","EUR","1,624.95"
"10.1038/s41598-021-91631-3","EUR","1,624.95"
"10.1038/s41598-021-91667-5","EUR","1,624.95"
"10.1038/s41598-021-91673-7","EUR","1,624.95"
"10.1038/s41598-021-91677-3","EUR","1,624.95"
"10.1038/s41598-021-91690-6","EUR","1,624.95"
"10.1038/s41598-021-91702-5","EUR","1,624.95"
"10.1038/s41598-021-91727-w","EUR","1,624.95"
"10.1038/s41598-021-91742-x","EUR","1,624.95"
"10.1038/s41598-021-91760-9","EUR","1,624.95"
"10.1038/s41598-021-91802-2","EUR","1,624.95"
"10.1038/s41598-021-91808-w","EUR","1,624.95"
"10.1038/s41598-021-91856-2","EUR","1,624.95"
"10.1038/s41598-021-91858-0","EUR","1,624.95"
"10.1038/s41598-021-91861-5","EUR","1,624.95"
"10.1038/s41598-021-91886-w","EUR","1,624.95"
"10.1038/s41598-021-91892-y","EUR","1,624.95"
"10.1038/s41598-021-91894-w","EUR","1,624.95"
"10.1038/s41598-021-91938-1","EUR","1,624.95"
"10.1038/s41598-021-91940-7","EUR","1,624.95"
"10.1038/s41598-021-91948-z","EUR","1,624.95"
"10.1038/s41598-021-91949-y","EUR","1,624.95"
"10.1038/s41598-021-91975-w","EUR","1,624.95"
"10.1038/s41598-021-91976-9","EUR","1,624.95"
"10.1038/s41598-021-92039-9","EUR","1,624.95"
"10.1038/s41598-021-92052-y","EUR","1,624.95"
"10.1038/s41598-021-92053-x","EUR","1,624.95"
"10.1038/s41598-021-92054-w","EUR","1,624.95"
"10.1038/s41598-021-92064-8","EUR","1,624.95"
"10.1038/s41598-021-92073-7","EUR","1,624.95"
"10.1038/s41598-021-92078-2","EUR","1,624.95"
"10.1038/s41598-021-92107-0","EUR","1,624.95"
"10.1038/s41598-021-92119-w","EUR","1,624.95"
"10.1038/s41598-021-92140-z","EUR","1,624.95"
"10.1038/s41598-021-92159-2","EUR","1,624.95"
"10.1038/s41598-021-92163-6","EUR","1,624.95"
"10.1038/s41598-021-92169-0","EUR","1,624.95"
"10.1038/s41598-021-92205-z","EUR","1,624.95"
"10.1038/s41598-021-92232-w","EUR","1,624.95"
"10.1038/s41598-021-92242-8","EUR","1,624.95"
"10.1038/s41598-021-92244-6","EUR","1,624.95"
"10.1038/s41598-021-92255-3","EUR","1,624.95"
"10.1038/s41598-021-92284-y","EUR","1,624.95"
"10.1038/s41598-021-92326-5","EUR","1,624.95"
"10.1038/s41598-021-92331-8","EUR","1,624.95"
"10.1038/s41598-021-92336-3","EUR","1,624.95"
"10.1038/s41598-021-92348-z","EUR","1,624.95"
"10.1038/s41598-021-92351-4","EUR","1,624.95"
"10.1038/s41598-021-92405-7","EUR","1,624.95"
"10.1038/s41598-021-92407-5","EUR","1,624.95"
"10.1038/s41598-021-92408-4","EUR","1,624.95"
"10.1038/s41598-021-92413-7","EUR","1,624.95"
"10.1038/s41598-021-92432-4","EUR","1,624.95"
"10.1038/s41598-021-92434-2","EUR","1,624.95"
"10.1038/s41598-021-92475-7","EUR","1,624.95"
"10.1038/s41598-021-92495-3","EUR","1,624.95"
"10.1038/s41598-021-92511-6","EUR","1,624.95"
"10.1038/s41598-021-92531-2","EUR","1,624.95"
"10.1038/s41598-021-92533-0","EUR","1,624.95"
"10.1038/s41598-021-92536-x","EUR","1,624.95"
"10.1038/s41598-021-92544-x","EUR","1,624.95"
"10.1038/s41598-021-92553-w","EUR","1,624.95"
"10.1038/s41598-021-92621-1","EUR","1,624.95"
"10.1038/s41598-021-92643-9","EUR","1,624.95"
"10.1038/s41598-021-92681-3","EUR","1,624.95"
"10.1038/s41598-021-92683-1","EUR","1,624.95"
"10.1038/s41598-021-92685-z","EUR","1,624.95"
"10.1038/s41598-021-92749-0","EUR","1,624.95"
"10.1038/s41598-021-92755-2","EUR","1,624.95"
"10.1038/s41598-021-92760-5","EUR","1,624.95"
"10.1038/s41598-021-92761-4","EUR","1,624.95"
"10.1038/s41598-021-92767-y","EUR","1,624.95"
"10.1038/s41598-021-92770-3","EUR","1,624.95"
"10.1038/s41598-021-92788-7","EUR","1,624.95"
"10.1038/s41598-021-92798-5","EUR","1,624.95"
"10.1038/s41598-021-92799-4","EUR","1,624.95"
"10.1038/s41598-021-92826-4","EUR","1,624.95"
"10.1038/s41598-021-92827-3","EUR","1,624.95"
"10.1038/s41598-021-92842-4","EUR","1,624.95"
"10.1038/s41598-021-92865-x","EUR","1,624.95"
"10.1038/s41598-021-92873-x","EUR","1,624.95"
"10.1038/s41598-021-92882-w","EUR","1,624.95"
"10.1038/s41598-021-92888-4","EUR","1,624.95"
"10.1038/s41598-021-92898-2","EUR","1,624.95"
"10.1038/s41598-021-92901-w","EUR","1,624.95"
"10.1038/s41598-021-92932-3","EUR","1,624.95"
"10.1038/s41598-021-92959-6","EUR","1,624.95"
"10.1038/s41598-021-92969-4","EUR","1,624.95"
"10.1038/s41598-021-92975-6","EUR","1,624.95"
"10.1038/s41598-021-92995-2","EUR","1,624.95"
"10.1038/s41598-021-92998-z","EUR","1,624.95"
"10.1038/s41598-021-93009-x","EUR","1,624.95"
"10.1038/s41598-021-93010-4","EUR","1,624.95"
"10.1038/s41598-021-93012-2","EUR","1,624.95"
"10.1038/s41598-021-93030-0","EUR","1,624.95"
"10.1038/s41598-021-93033-x","EUR","1,624.95"
"10.1038/s41598-021-93062-6","EUR","1,624.95"
"10.1038/s41598-021-93087-x","EUR","1,624.95"
"10.1038/s41598-021-93130-x","EUR","1,624.95"
"10.1038/s41598-021-93148-1","EUR","1,624.95"
"10.1038/s41598-021-93149-0","EUR","1,624.95"
"10.1038/s41598-021-93176-x","EUR","1,624.95"
"10.1038/s41598-021-93195-8","EUR","1,624.95"
"10.1038/s41598-021-93205-9","EUR","1,624.95"
"10.1038/s41598-021-93211-x","EUR","1,624.95"
"10.1038/s41598-021-93242-4","EUR","1,624.95"
"10.1038/s41598-021-93248-y","EUR","1,624.95"
"10.1038/s41598-021-93252-2","EUR","1,624.95"
"10.1038/s41598-021-93253-1","EUR","1,624.95"
"10.1038/s41598-021-93278-6","EUR","1,624.95"
"10.1038/s41598-021-93281-x","EUR","1,624.95"
"10.1038/s41598-021-93287-5","EUR","1,624.95"
"10.1038/s41598-021-93323-4","EUR","1,624.95"
"10.1038/s41598-021-93326-1","EUR","1,624.95"
"10.1038/s41598-021-93351-0","EUR","1,624.95"
"10.1038/s41598-021-93361-y","EUR","1,624.95"
"10.1038/s41598-021-93391-6","EUR","1,624.95"
"10.1038/s41598-021-93392-5","EUR","1,624.95"
"10.1038/s41598-021-93393-4","EUR","1,624.95"
"10.1038/s41598-021-93406-2","EUR","1,624.95"
"10.1038/s41598-021-93417-z","EUR","1,624.95"
"10.1038/s41598-021-93425-z","EUR","1,624.95"
"10.1038/s41598-021-93437-9","EUR","1,624.95"
"10.1038/s41598-021-93487-z","EUR","1,624.95"
"10.1038/s41598-021-93539-4","EUR","1,624.95"
"10.1038/s41598-021-93553-6","EUR","1,624.95"
"10.1038/s41598-021-93559-0","EUR","1,624.95"
"10.1038/s41598-021-93567-0","EUR","1,624.95"
"10.1038/s41598-021-93569-y","EUR","1,624.95"
"10.1038/s41598-021-93586-x","EUR","1,624.95"
"10.1038/s41598-021-93591-0","EUR","1,624.95"
"10.1038/s41598-021-93599-6","EUR","1,624.95"
"10.1038/s41598-021-93612-y","EUR","1,624.95"
"10.1038/s41598-021-93621-x","EUR","1,624.95"
"10.1038/s41598-021-93645-3","EUR","1,624.95"
"10.1038/s41598-021-93663-1","EUR","1,624.95"
"10.1038/s41598-021-93664-0","EUR","1,624.95"
"10.1038/s41598-021-93668-w","EUR","1,624.95"
"10.1038/s41598-021-93682-y","EUR","1,624.95"
"10.1038/s41598-021-93690-y","EUR","1,624.95"
"10.1038/s41598-021-93700-z","EUR","1,624.95"
"10.1038/s41598-021-93709-4","EUR","1,624.95"
"10.1038/s41598-021-93715-6","EUR","1,624.95"
"10.1038/s41598-021-93716-5","EUR","1,624.95"
"10.1038/s41598-021-93720-9","EUR","1,624.95"
"10.1038/s41598-021-93724-5","EUR","1,624.95"
"10.1038/s41598-021-93754-z","EUR","1,624.95"
"10.1038/s41598-021-93755-y","EUR","1,624.95"
"10.1038/s41598-021-93756-x","EUR","1,624.95"
"10.1038/s41598-021-93760-1","EUR","1,624.95"
"10.1038/s41598-021-93765-w","EUR","1,624.95"
"10.1038/s41598-021-93771-y","EUR","1,624.95"
"10.1038/s41598-021-93773-w","EUR","1,624.95"
"10.1038/s41598-021-93777-6","EUR","1,624.95"
"10.1038/s41598-021-93829-x","EUR","1,624.95"
"10.1038/s41598-021-93843-z","EUR","1,624.95"
"10.1038/s41598-021-93850-0","EUR","1,624.95"
"10.1038/s41598-021-93913-2","EUR","1,624.95"
"10.1038/s41598-021-93927-w","EUR","1,624.95"
"10.1038/s41598-021-93950-x","EUR","1,624.95"
"10.1038/s41598-021-93952-9","EUR","1,624.95"
"10.1038/s41598-021-93958-3","EUR","1,624.95"
"10.1038/s41598-021-93984-1","EUR","1,624.95"
"10.1038/s41598-021-94009-7","EUR","1,624.95"
"10.1038/s41598-021-94017-7","EUR","1,624.95"
"10.1038/s41598-021-94057-z","EUR","1,624.95"
"10.1038/s41598-021-94070-2","EUR","1,624.95"
"10.1038/s41598-021-94104-9","EUR","1,624.95"
"10.1038/s41598-021-94132-5","EUR","1,624.95"
"10.1038/s41598-021-94237-x","EUR","1,624.95"
"10.1038/s41598-021-94244-y","EUR","1,624.95"
"10.1038/s41598-021-94260-y","EUR","1,624.95"
"10.1038/s41598-021-94272-8","EUR","1,624.95"
"10.1038/s41598-021-94274-6","EUR","1,624.95"
"10.1038/s41598-021-94279-1","EUR","1,624.95"
"10.1038/s41598-021-94288-0","EUR","1,624.95"
"10.1038/s41598-021-94314-1","EUR","1,624.95"
"10.1038/s41598-021-94374-3","EUR","1,624.95"
"10.1038/s41598-021-94386-z","EUR","1,624.95"
"10.1038/s41598-021-94400-4","EUR","1,624.95"
"10.1038/s41598-021-94407-x","EUR","1,624.95"
"10.1038/s41598-021-94419-7","EUR","1,624.95"
"10.1038/s41598-021-94425-9","EUR","1,624.95"
"10.1038/s41598-021-94426-8","EUR","1,624.95"
"10.1038/s41598-021-94428-6","EUR","1,624.95"
"10.1038/s41598-021-94429-5","EUR","1,624.95"
"10.1038/s41598-021-94434-8","EUR","1,624.95"
"10.1038/s41598-021-94442-8","EUR","1,624.95"
"10.1038/s41598-021-94453-5","EUR","1,624.95"
"10.1038/s41598-021-94458-0","EUR","1,624.95"
"10.1038/s41598-021-94465-1","EUR","1,624.95"
"10.1038/s41598-021-94471-3","EUR","1,624.95"
"10.1038/s41598-021-94491-z","EUR","1,624.95"
"10.1038/s41598-021-94500-1","EUR","1,624.95"
"10.1038/s41598-021-94530-9","EUR","1,624.95"
"10.1038/s41598-021-94575-w","EUR","1,624.95"
"10.1038/s41598-021-94579-6","EUR","1,624.95"
"10.1038/s41598-021-94599-2","EUR","1,624.95"
"10.1038/s41598-021-94605-7","EUR","1,624.95"
"10.1038/s41598-021-94650-2","EUR","1,624.95"
"10.1038/s41598-021-94675-7","EUR","1,624.95"
"10.1038/s41598-021-94689-1","EUR","1,624.95"
"10.1038/s41598-021-94706-3","EUR","1,624.95"
"10.1038/s41598-021-94731-2","EUR","1,624.95"
"10.1038/s41598-021-94750-z","EUR","1,624.95"
"10.1038/s41598-021-94773-6","EUR","1,624.95"
"10.1038/s41598-021-94775-4","EUR","1,624.95"
"10.1038/s41598-021-94780-7","EUR","1,624.95"
"10.1038/s41598-021-94796-z","EUR","1,624.95"
"10.1038/s41598-021-94799-w","EUR","1,624.95"
"10.1038/s41598-021-94874-2","EUR","1,624.95"
"10.1038/s41598-021-94903-0","EUR","1,624.95"
"10.1038/s41598-021-94920-z","EUR","1,624.95"
"10.1038/s41598-021-94921-y","EUR","1,624.95"
"10.1038/s41598-021-94954-3","EUR","1,624.95"
"10.1038/s41598-021-94988-7","EUR","1,624.95"
"10.1038/s41598-021-94998-5","EUR","1,624.95"
"10.1038/s41598-021-95006-6","EUR","1,624.95"
"10.1038/s41598-021-95021-7","EUR","1,624.95"
"10.1038/s41598-021-95073-9","EUR","1,624.95"
"10.1038/s41598-021-95119-y","EUR","1,624.95"
"10.1038/s41598-021-95186-1","EUR","1,624.95"
"10.1038/s41598-021-95188-z","EUR","1,624.95"
"10.1038/s41598-021-95189-y","EUR","1,624.95"
"10.1038/s41598-021-95200-6","EUR","1,624.95"
"10.1038/s41598-021-95201-5","EUR","1,624.95"
"10.1038/s41598-021-95277-z","EUR","1,624.95"
"10.1038/s41598-021-95301-2","EUR","1,624.95"
"10.1038/s41598-021-95334-7","EUR","1,624.95"
"10.1038/s41598-021-95387-8","EUR","1,624.95"
"10.1038/s41598-021-95391-y","EUR","1,624.95"
"10.1038/s41598-021-95404-w","EUR","1,624.95"
"10.1038/s41598-021-95410-y","EUR","1,624.95"
"10.1038/s41598-021-95420-w","EUR","1,624.95"
"10.1038/s41598-021-95480-y","EUR","1,624.95"
"10.1038/s41598-021-95489-3","EUR","1,624.95"
"10.1038/s41598-021-95490-w","EUR","1,624.95"
"10.1038/s41598-021-95525-2","EUR","1,624.95"
"10.1038/s41598-021-95551-0","EUR","1,624.95"
"10.1038/s41598-021-95562-x","EUR","1,624.95"
"10.1038/s41598-021-95592-5","EUR","1,624.95"
"10.1038/s41598-021-95603-5","EUR","1,624.95"
"10.1038/s41598-021-95606-2","EUR","1,624.95"
"10.1038/s41598-021-95614-2","EUR","1,624.95"
"10.1038/s41598-021-95616-0","EUR","1,624.95"
"10.1038/s41598-021-95645-9","EUR","1,624.95"
"10.1038/s41598-021-95655-7","EUR","1,624.95"
"10.1038/s41598-021-95689-x","EUR","1,624.95"
"10.1038/s41598-021-95694-0","EUR","1,624.95"
"10.1038/s41598-021-95695-z","EUR","1,624.95"
"10.1038/s41598-021-95710-3","EUR","1,624.95"
"10.1038/s41598-021-95717-w","EUR","1,624.95"
"10.1038/s41598-021-95719-8","EUR","1,624.95"
"10.1038/s41598-021-95750-9","EUR","1,624.95"
"10.1038/s41598-021-95759-0","EUR","1,624.95"
"10.1038/s41598-021-95770-5","EUR","1,624.95"
"10.1038/s41598-021-95790-1","EUR","1,624.95"
"10.1038/s41598-021-95791-0","EUR","1,624.95"
"10.1038/s41598-021-95821-x","EUR","1,624.95"
"10.1038/s41598-021-95874-y","EUR","1,624.95"
"10.1038/s41598-021-95875-x","EUR","1,624.95"
"10.1038/s41598-021-95905-8","EUR","1,624.95"
"10.1038/s41598-021-95927-2","EUR","1,624.95"
"10.1038/s41598-021-95928-1","EUR","1,624.95"
"10.1038/s41598-021-95932-5","EUR","1,624.95"
"10.1038/s41598-021-95962-z","EUR","1,624.95"
"10.1038/s41598-021-95970-z","EUR","1,624.95"
"10.1038/s41598-021-95979-4","EUR","1,624.95"
"10.1038/s41598-021-95981-w","EUR","1,624.95"
"10.1038/s41598-021-96073-5","EUR","1,624.95"
"10.1038/s41598-021-96108-x","EUR","1,624.95"
"10.1038/s41598-021-96137-6","EUR","1,624.95"
"10.1038/s41598-021-96164-3","EUR","1,624.95"
"10.1038/s41598-021-96169-y","EUR","1,624.95"
"10.1038/s41598-021-96201-1","EUR","1,624.95"
"10.1038/s41598-021-96209-7","EUR","1,624.95"
"10.1038/s41598-021-96219-5","EUR","1,624.95"
"10.1038/s41598-021-96264-0","EUR","1,624.95"
"10.1038/s41598-021-96285-9","EUR","1,624.95"
"10.1038/s41598-021-96306-7","EUR","1,624.95"
"10.1038/s41598-021-96310-x","EUR","1,624.95"
"10.1038/s41598-021-96321-8","EUR","1,624.95"
"10.1038/s41598-021-96334-3","EUR","1,624.95"
"10.1038/s41598-021-96342-3","EUR","1,624.95"
"10.1038/s41598-021-96355-y","EUR","1,624.95"
"10.1038/s41598-021-96383-8","EUR","1,624.95"
"10.1038/s41598-021-96397-2","EUR","1,624.95"
"10.1038/s41598-021-96400-w","EUR","1,624.95"
"10.1038/s41598-021-96401-9","EUR","1,624.95"
"10.1038/s41598-021-96404-6","EUR","1,624.95"
"10.1038/s41598-021-96525-y","EUR","1,624.95"
"10.1038/s41598-021-96526-x","EUR","1,624.95"
"10.1038/s41598-021-96545-8","EUR","1,624.95"
"10.1038/s41598-021-96569-0","EUR","1,624.95"
"10.1038/s41598-021-96575-2","EUR","1,624.95"
"10.1038/s41598-021-96599-8","EUR","1,624.95"
"10.1038/s41598-021-96602-2","EUR","1,624.95"
"10.1038/s41598-021-96649-1","EUR","1,624.95"
"10.1038/s41598-021-96654-4","EUR","1,624.95"
"10.1038/s41598-021-96663-3","EUR","1,624.95"
"10.1038/s41598-021-96684-y","EUR","1,624.95"
"10.1038/s41598-021-96686-w","EUR","1,624.95"
"10.1038/s41598-021-96719-4","EUR","1,624.95"
"10.1038/s41598-021-96731-8","EUR","1,624.95"
"10.1038/s41598-021-96744-3","EUR","1,624.95"
"10.1038/s41598-021-96821-7","EUR","1,624.95"
"10.1038/s41598-021-96824-4","EUR","1,624.95"
"10.1038/s41598-021-96835-1","EUR","1,624.95"
"10.1038/s41598-021-96836-0","EUR","1,624.95"
"10.1038/s41598-021-96839-x","EUR","1,624.95"
"10.1038/s41598-021-96845-z","EUR","1,624.95"
"10.1038/s41598-021-96846-y","EUR","1,624.95"
"10.1038/s41598-021-96851-1","EUR","1,624.95"
"10.1038/s41598-021-96877-5","EUR","1,624.95"
"10.1038/s41598-021-96910-7","EUR","1,624.95"
"10.1038/s41598-021-96911-6","EUR","1,624.95"
"10.1038/s41598-021-96925-0","EUR","1,624.95"
"10.1038/s41598-021-96971-8","EUR","1,624.95"
"10.1038/s41598-021-96998-x","EUR","1,624.95"
"10.1038/s41598-021-97000-4","EUR","1,624.95"
"10.1038/s41598-021-97020-0","EUR","1,624.95"
"10.1038/s41598-021-97023-x","EUR","1,624.95"
"10.1038/s41598-021-97030-y","EUR","1,624.95"
"10.1038/s41598-021-97036-6","EUR","1,624.95"
"10.1038/s41598-021-97064-2","EUR","1,624.95"
"10.1038/s41598-021-97093-x","EUR","1,624.95"
"10.1038/s41598-021-97104-x","EUR","1,624.95"
"10.1038/s41598-021-97120-x","EUR","1,624.95"
"10.1038/s41598-021-97142-5","EUR","1,624.95"
"10.1038/s41598-021-97187-6","EUR","1,624.95"
"10.1038/s41598-021-97191-w","EUR","1,624.95"
"10.1038/s41598-021-97219-1","EUR","1,624.95"
"10.1038/s41598-021-97234-2","EUR","1,624.95"
"10.1038/s41598-021-97268-6","EUR","1,624.95"
"10.1038/s41598-021-97313-4","EUR","1,624.95"
"10.1038/s41598-021-97331-2","EUR","1,624.95"
"10.1038/s41598-021-97375-4","EUR","1,624.95"
"10.1038/s41598-021-97376-3","EUR","1,624.95"
"10.1038/s41598-021-97389-y","EUR","1,624.95"
"10.1038/s41598-021-97400-6","EUR","1,624.95"
"10.1038/s41598-021-97406-0","EUR","1,624.95"
"10.1038/s41598-021-97438-6","EUR","1,624.95"
"10.1038/s41598-021-97442-w","EUR","1,624.95"
"10.1038/s41598-021-97500-3","EUR","1,624.95"
"10.1038/s41598-021-97507-w","EUR","1,624.95"
"10.1038/s41598-021-97515-w","EUR","1,624.95"
"10.1038/s41598-021-97533-8","EUR","1,624.95"
"10.1038/s41598-021-97553-4","EUR","1,624.95"
"10.1038/s41598-021-97560-5","EUR","1,624.95"
"10.1038/s41598-021-97568-x","EUR","1,624.95"
"10.1038/s41598-021-97588-7","EUR","1,624.95"
"10.1038/s41598-021-97600-0","EUR","1,624.95"
"10.1038/s41598-021-97631-7","EUR","1,624.95"
"10.1038/s41598-021-97697-3","EUR","1,624.95"
"10.1038/s41598-021-97708-3","EUR","1,624.95"
"10.1038/s41598-021-97714-5","EUR","1,624.95"
"10.1038/s41598-021-97717-2","EUR","1,624.95"
"10.1038/s41598-021-97749-8","EUR","1,624.95"
"10.1038/s41598-021-97757-8","EUR","1,624.95"
"10.1038/s41598-021-97770-x","EUR","1,624.95"
"10.1038/s41598-021-97771-w","EUR","1,624.95"
"10.1038/s41598-021-97809-z","EUR","1,624.95"
"10.1038/s41598-021-97813-3","EUR","1,624.95"
"10.1038/s41598-021-97820-4","EUR","1,624.95"
"10.1038/s41598-021-97823-1","EUR","1,624.95"
"10.1038/s41598-021-97838-8","EUR","1,624.95"
"10.1038/s41598-021-97858-4","EUR","1,624.95"
"10.1038/s41598-021-97921-0","EUR","1,624.95"
"10.1038/s41598-021-97940-x","EUR","1,624.95"
"10.1038/s41598-021-97968-z","EUR","1,624.95"
"10.1038/s41598-021-97977-y","EUR","1,624.95"
"10.1038/s41598-021-98023-7","EUR","1,624.95"
"10.1038/s41598-021-98039-z","EUR","1,624.95"
"10.1038/s41598-021-98054-0","EUR","1,624.95"
"10.1038/s41598-021-98060-2","EUR","1,624.95"
"10.1038/s41598-021-98067-9","EUR","1,624.95"
"10.1038/s41598-021-98126-1","EUR","1,624.95"
"10.1038/s41598-021-98139-w","EUR","1,624.95"
"10.1038/s41598-021-98151-0","EUR","1,624.95"
"10.1038/s41598-021-98220-4","EUR","1,624.95"
"10.1038/s41598-021-98227-x","EUR","1,624.95"
"10.1038/s41598-021-98236-w","EUR","1,624.95"
"10.1038/s41598-021-98237-9","EUR","1,624.95"
"10.1038/s41598-021-98249-5","EUR","1,624.95"
"10.1038/s41598-021-98295-z","EUR","1,624.95"
"10.1038/s41598-021-98302-3","EUR","1,624.95"
"10.1038/s41598-021-98315-y","EUR","1,624.95"
"10.1038/s41598-021-98333-w","EUR","1,624.95"
"10.1038/s41598-021-98426-6","EUR","1,624.95"
"10.1038/s41598-021-98462-2","EUR","1,624.95"
"10.1038/s41598-021-98499-3","EUR","1,624.95"
"10.1038/s41598-021-98503-w","EUR","1,624.95"
"10.1038/s41598-021-98509-4","EUR","1,624.95"
"10.1038/s41598-021-98570-z","EUR","1,624.95"
"10.1038/s41598-021-98571-y","EUR","1,624.95"
"10.1038/s41598-021-98576-7","EUR","1,624.95"
"10.1038/s41598-021-98584-7","EUR","1,624.95"
"10.1038/s41598-021-98594-5","EUR","1,624.95"
"10.1038/s41598-021-98618-0","EUR","1,624.95"
"10.1038/s41598-021-98628-y","EUR","1,624.95"
"10.1038/s41598-021-98635-z","EUR","1,624.95"
"10.1038/s41598-021-98655-9","EUR","1,624.95"
"10.1038/s41598-021-98664-8","EUR","1,624.95"
"10.1038/s41598-021-98709-y","EUR","1,624.95"
"10.1038/s41598-021-98737-8","EUR","1,624.95"
"10.1038/s41598-021-98739-6","EUR","1,624.95"
"10.1038/s41598-021-98740-z","EUR","1,624.95"
"10.1038/s41598-021-98755-6","EUR","1,624.95"
"10.1038/s41598-021-98782-3","EUR","1,624.95"
"10.1038/s41598-021-98803-1","EUR","1,624.95"
"10.1038/s41598-021-98809-9","EUR","1,624.95"
"10.1038/s41598-021-98821-z","EUR","1,624.95"
"10.1038/s41598-021-98835-7","EUR","1,624.95"
"10.1038/s41598-021-98841-9","EUR","1,624.95"
"10.1038/s41598-021-98843-7","EUR","1,624.95"
"10.1038/s41598-021-98849-1","EUR","1,624.95"
"10.1038/s41598-021-98863-3","EUR","1,624.95"
"10.1038/s41598-021-98894-w","EUR","1,624.95"
"10.1038/s41598-021-98897-7","EUR","1,624.95"
"10.1038/s41598-021-98934-5","EUR","1,624.95"
"10.1038/s41598-021-98963-0","EUR","1,624.95"
"10.1038/s41598-021-99011-7","EUR","1,624.95"
"10.1038/s41598-021-99043-z","EUR","1,624.95"
"10.1038/s41598-021-99069-3","EUR","1,624.95"
"10.1038/s41598-021-99076-4","EUR","1,624.95"
"10.1038/s41598-021-99090-6","EUR","1,624.95"
"10.1038/s41598-021-99094-2","EUR","1,624.95"
"10.1038/s41598-021-99100-7","EUR","1,624.95"
"10.1038/s41598-021-99103-4","EUR","1,624.95"
"10.1038/s41598-021-99115-0","EUR","1,624.95"
"10.1038/s41598-021-99173-4","EUR","1,624.95"
"10.1038/s41598-021-99183-2","EUR","1,624.95"
"10.1038/s41598-021-99216-w","EUR","1,624.95"
"10.1038/s41598-021-99228-6","EUR","1,624.95"
"10.1038/s41598-021-99263-3","EUR","1,624.95"
"10.1038/s41598-021-99287-9","EUR","1,624.95"
"10.1038/s41598-021-99323-8","EUR","1,624.95"
"10.1038/s41598-021-99337-2","EUR","1,624.95"
"10.1038/s41598-021-99362-1","EUR","1,624.95"
"10.1038/s41598-021-99365-y","EUR","1,624.95"
"10.1038/s41598-021-99428-0","EUR","1,624.95"
"10.1038/s41598-021-99480-w","EUR","1,624.95"
"10.1038/s41598-021-99566-5","EUR","1,624.95"
"10.1038/s41598-021-99609-x","EUR","1,624.95"
"10.1038/s41598-021-99614-0","EUR","1,624.95"
"10.1038/s41598-021-99624-y","EUR","1,624.95"
"10.1038/s41598-021-99635-9","EUR","1,624.95"
"10.1038/s41598-021-99658-2","EUR","1,624.95"
"10.1038/s41598-021-99664-4","EUR","1,624.95"
"10.1038/s41598-021-99684-0","EUR","1,624.95"
"10.1038/s41598-021-99691-1","EUR","1,624.95"
"10.1038/s41598-021-99709-8","EUR","1,624.95"
"10.1038/s41598-021-99729-4","EUR","1,624.95"
"10.1038/s41598-021-99742-7","EUR","1,624.95"
"10.1038/s41598-021-99748-1","EUR","1,624.95"
"10.1038/s41598-021-99749-0","EUR","1,624.95"
"10.1038/s41598-021-99757-0","EUR","1,624.95"
"10.1038/s41598-021-99760-5","EUR","1,624.95"
"10.1038/s41598-021-99774-z","EUR","1,624.95"
"10.1038/s41598-021-99793-w","EUR","1,624.95"
"10.1038/s41598-021-99799-4","EUR","1,624.95"
"10.1038/s41598-021-99802-y","EUR","1,624.95"
"10.1038/s41598-021-99814-8","EUR","1,624.95"
"10.1038/s41598-021-99858-w","EUR","1,624.95"
"10.1038/s41598-021-99882-w","EUR","1,624.95"
"10.1038/s41598-021-99892-8","EUR","1,624.95"
"10.1038/s41598-021-99924-3","EUR","1,624.95"
"10.1038/s41598-021-99934-1","EUR","1,624.95"
"10.1038/s41598-021-99960-z","EUR","1,624.95"
"10.1038/s41598-021-99962-x","EUR","1,624.95"
"10.1038/s41598-021-99963-w","EUR","1,624.95"
"10.1038/s41598-021-99968-5","EUR","1,624.95"
"10.1038/s41598-021-99974-7","EUR","1,624.95"
"10.1038/s41598-021-99978-3","EUR","1,624.95"
"10.1038/s41612-021-00167-w","EUR","2,370.15"
"10.1038/s41612-021-00211-9","EUR","2,370.15"
"10.1038/s41612-021-00218-2","EUR","2,370.15"
"10.1038/s41698-021-00196-x","EUR","2,577.15"
"10.1038/s41698-021-00239-3","EUR","2,577.15"
"10.1038/s41698-021-00241-9","EUR","2,577.15"
"10.1038/s41699-020-00182-0","EUR","2,290.00"
"10.1038/s41699-021-00203-6","EUR","2,370.15"
"10.1038/s41699-021-00250-z","EUR","2,370.15"
"10.1038/s41699-021-00267-4","EUR",967.73
"10.1038/s41699-021-00270-9","EUR","2,370.15"
"10.1038/s41746-021-00388-6","EUR","2,370.15"
"10.1038/s41746-021-00439-y","EUR","2,370.15"
"10.1038/s41746-021-00498-1","EUR",967.73
"10.1038/s41746-021-00505-5","EUR","2,370.15"
"10.1038/s41746-021-00507-3","EUR","2,370.15"
"10.1038/s42003-020-01538-4","EUR","2,680.00"
"10.1038/s42003-020-01546-4","EUR","2,680.00"
"10.1038/s42003-020-01567-z","EUR","2,680.00"
"10.1038/s42003-020-01588-8","EUR","2,680.00"
"10.1038/s42003-020-01591-z","EUR","2,680.00"
"10.1038/s42003-020-01595-9","EUR","2,680.00"
"10.1038/s42003-020-01597-7","EUR","2,680.00"
"10.1038/s42003-020-01608-7","EUR","2,680.00"
"10.1038/s42003-020-01627-4","EUR","2,680.00"
"10.1038/s42003-021-01654-9","EUR","2,680.00"
"10.1038/s42003-021-01661-w","EUR","2,680.00"
"10.1038/s42003-021-01668-3","EUR","2,680.00"
"10.1038/s42003-021-01669-2","EUR","2,680.00"
"10.1038/s42003-021-01671-8","EUR","2,680.00"
"10.1038/s42003-021-01684-3","EUR","2,680.00"
"10.1038/s42003-021-01702-4","EUR","2,680.00"
"10.1038/s42003-021-01752-8","EUR","2,680.00"
"10.1038/s42003-021-01778-y","EUR","2,680.00"
"10.1038/s42003-021-01781-3","EUR","2,680.00"
"10.1038/s42003-021-01800-3","EUR","2,680.00"
"10.1038/s42003-021-01806-x","EUR","2,680.00"
"10.1038/s42003-021-01837-4","EUR","2,680.00"
"10.1038/s42003-021-01885-w","EUR","2,680.00"
"10.1038/s42003-021-01890-z","EUR","2,680.00"
"10.1038/s42003-021-01892-x","EUR","2,680.00"
"10.1038/s42003-021-01918-4","EUR","2,680.00"
"10.1038/s42003-021-01939-z","EUR","2,680.00"
"10.1038/s42003-021-01944-2","EUR","2,680.00"
"10.1038/s42003-021-01945-1","EUR","2,680.00"
"10.1038/s42003-021-01953-1","EUR","2,680.00"
"10.1038/s42003-021-01966-w","EUR","2,680.00"
"10.1038/s42003-021-01967-9","EUR","2,680.00"
"10.1038/s42003-021-02008-1","EUR","2,680.00"
"10.1038/s42003-021-02012-5","EUR","2,680.00"
"10.1038/s42003-021-02016-1","EUR","2,680.00"
"10.1038/s42003-021-02028-x","EUR","2,680.00"
"10.1038/s42003-021-02049-6","EUR","2,680.00"
"10.1038/s42003-021-02053-w","EUR","2,680.00"
"10.1038/s42003-021-02055-8","EUR","2,680.00"
"10.1038/s42003-021-02057-6","EUR","2,680.00"
"10.1038/s42003-021-02063-8","EUR","2,680.00"
"10.1038/s42003-021-02076-3","EUR","2,680.00"
"10.1038/s42003-021-02088-z","EUR","2,680.00"
"10.1038/s42003-021-02096-z","EUR","2,680.00"
"10.1038/s42003-021-02101-5","EUR","2,680.00"
"10.1038/s42003-021-02115-z","EUR","2,680.00"
"10.1038/s42003-021-02116-y","EUR","2,680.00"
"10.1038/s42003-021-02129-7","EUR","2,680.00"
"10.1038/s42003-021-02132-y","EUR","2,680.00"
"10.1038/s42003-021-02143-9","EUR","2,680.00"
"10.1038/s42003-021-02149-3","EUR","2,680.00"
"10.1038/s42003-021-02172-4","EUR","2,680.00"
"10.1038/s42003-021-02188-w","EUR","2,680.00"
"10.1038/s42003-021-02206-x","EUR","2,680.00"
"10.1038/s42003-021-02207-w","EUR","2,680.00"
"10.1038/s42003-021-02212-z","EUR","2,680.00"
"10.1038/s42003-021-02215-w","EUR","2,680.00"
"10.1038/s42003-021-02252-5","EUR","2,680.00"
"10.1038/s42003-021-02263-2","EUR","2,680.00"
"10.1038/s42003-021-02278-9","EUR","2,680.00"
"10.1038/s42003-021-02279-8","EUR","2,680.00"
"10.1038/s42003-021-02305-9","EUR","2,680.00"
"10.1038/s42003-021-02315-7","EUR","2,680.00"
"10.1038/s42003-021-02326-4","EUR","2,680.00"
"10.1038/s42003-021-02332-6","EUR","2,680.00"
"10.1038/s42003-021-02359-9","EUR","2,680.00"
"10.1038/s42003-021-02378-6","EUR","2,680.00"
"10.1038/s42003-021-02396-4","EUR","2,680.00"
"10.1038/s42003-021-02427-0","EUR","2,680.00"
"10.1038/s42003-021-02436-z","EUR","2,680.00"
"10.1038/s42003-021-02486-3","EUR","2,680.00"
"10.1038/s42003-021-02529-9","EUR","2,680.00"
"10.1038/s42003-021-02531-1","EUR","2,680.00"
"10.1038/s42003-021-02573-5","EUR","2,680.00"
"10.1038/s42003-021-02574-4","EUR","2,680.00"
"10.1038/s42003-021-02580-6","EUR","2,680.00"
"10.1038/s42003-021-02581-5","EUR","2,680.00"
"10.1038/s42003-021-02582-4","EUR","2,680.00"
"10.1038/s42003-021-02585-1","EUR","2,680.00"
"10.1038/s42003-021-02593-1","EUR","2,680.00"
"10.1038/s42003-021-02605-0","EUR","2,680.00"
"10.1038/s42003-021-02609-w","EUR","2,680.00"
"10.1038/s42003-021-02634-9","EUR","2,680.00"
"10.1038/s42003-021-02638-5","EUR","2,680.00"
"10.1038/s42003-021-02641-w","EUR","2,680.00"
"10.1038/s42003-021-02662-5","EUR","2,680.00"
"10.1038/s42003-021-02664-3","EUR","2,680.00"
"10.1038/s42003-021-02669-y","EUR","2,680.00"
"10.1038/s42003-021-02675-0","EUR","2,680.00"
"10.1038/s42003-021-02694-x","EUR","2,680.00"
"10.1038/s42003-021-02776-w","EUR","2,680.00"
"10.1038/s42003-021-02818-3","EUR","2,680.00"
"10.1038/s42003-021-02865-w","EUR","2,680.00"
"10.1038/s42003-021-02876-7","EUR","2,680.00"
"10.1038/s42003-021-02884-7","EUR","2,680.00"
"10.1038/s42003-021-02912-6","EUR","2,680.00"
"10.1038/s42004-020-00442-6","EUR","2,680.00"
"10.1038/s42004-021-00468-4","EUR","2,680.00"
"10.1038/s42004-021-00487-1","EUR","2,680.00"
"10.1038/s42004-021-00498-y","EUR","2,680.00"
"10.1038/s42004-021-00510-5","EUR","2,680.00"
"10.1038/s42004-021-00528-9","EUR","2,680.00"
"10.1038/s42004-021-00530-1","EUR","2,680.00"
"10.1038/s42004-021-00535-w","EUR","2,680.00"
"10.1038/s42004-021-00540-z","EUR","2,680.00"
"10.1038/s42004-021-00555-6","EUR","2,680.00"
"10.1038/s42005-020-00503-1","EUR","2,680.00"
"10.1038/s42005-020-00515-x","EUR","2,680.00"
"10.1038/s42005-021-00522-6","EUR","2,680.00"
"10.1038/s42005-021-00533-3","EUR","2,680.00"
"10.1038/s42005-021-00559-7","EUR","2,680.00"
"10.1038/s42005-021-00563-x","EUR","2,680.00"
"10.1038/s42005-021-00574-8","EUR","2,680.00"
"10.1038/s42005-021-00587-3","EUR","2,680.00"
"10.1038/s42005-021-00601-8","EUR","2,680.00"
"10.1038/s42005-021-00608-1","EUR","2,680.00"
"10.1038/s42005-021-00613-4","EUR","2,680.00"
"10.1038/s42005-021-00639-8","EUR","2,680.00"
"10.1038/s42005-021-00648-7","EUR","2,680.00"
"10.1038/s42005-021-00657-6","EUR","2,680.00"
"10.1038/s42005-021-00658-5","EUR","2,680.00"
"10.1038/s42005-021-00669-2","EUR","2,680.00"
"10.1038/s42005-021-00674-5","EUR","2,680.00"
"10.1038/s42005-021-00675-4","EUR","2,680.00"
"10.1038/s42005-021-00680-7","EUR","2,680.00"
"10.1038/s42005-021-00681-6","EUR","2,680.00"
"10.1038/s42005-021-00682-5","EUR","2,680.00"
"10.1038/s42005-021-00697-y","EUR","2,680.00"
"10.1038/s42005-021-00706-0","EUR","2,680.00"
"10.1038/s42005-021-00708-y","EUR","2,680.00"
"10.1038/s42005-021-00717-x","EUR","2,680.00"
"10.1038/s42005-021-00729-7","EUR","2,680.00"
"10.1038/s42005-021-00746-6","EUR","2,680.00"
"10.1038/s42005-021-00747-5","EUR","2,680.00"
"10.1038/s42949-021-00024-y","EUR",865.00
"10.1038/s42949-021-00025-x","EUR",865.00
"10.1038/s43246-020-00107-w","EUR","2,570.00"
"10.1038/s43246-020-00108-9","EUR","2,570.00"
"10.1038/s43246-021-00126-1","EUR","2,570.00"
"10.1038/s43246-021-00142-1","EUR","2,570.00"
"10.1038/s43246-021-00143-0","EUR","2,570.00"
"10.1038/s43246-021-00158-7","EUR","2,570.00"
"10.1038/s43246-021-00161-y","EUR","2,570.00"
"10.1038/s43246-021-00198-z","EUR","2,570.00"
"10.1038/s43246-021-00201-7","EUR","2,570.00"
"10.1038/s43246-021-00202-6","EUR","2,570.00"
"10.1038/s43246-021-00211-5","EUR","2,570.00"
"10.1038/s43246-021-00213-3","EUR","2,570.00"
"10.1038/s43247-020-00080-9","EUR","2,000.00"
"10.1038/s43247-020-00084-5","EUR","2,000.00"
"10.1038/s43247-020-00085-4","EUR","2,000.00"
"10.1038/s43247-021-00115-9","EUR","2,070.00"
"10.1038/s43247-021-00118-6","EUR","2,070.00"
"10.1038/s43247-021-00129-3","EUR","2,070.00"
"10.1038/s43247-021-00130-w","EUR","2,070.00"
"10.1038/s43247-021-00141-7","EUR","2,070.00"
"10.1038/s43247-021-00148-0","EUR","2,070.00"
"10.1038/s43247-021-00158-y","EUR","2,070.00"
"10.1038/s43247-021-00160-4","EUR","2,070.00"
"10.1038/s43247-021-00162-2","EUR","2,070.00"
"10.1038/s43247-021-00166-y","EUR","2,070.00"
"10.1038/s43247-021-00167-x","EUR","2,070.00"
"10.1038/s43247-021-00173-z","EUR","2,070.00"
"10.1038/s43247-021-00174-y","EUR","2,070.00"
"10.1038/s43247-021-00175-x","EUR","2,070.00"
"10.1038/s43247-021-00206-7","EUR","2,070.00"
"10.1038/s43247-021-00207-6","EUR","2,070.00"
"10.1038/s43247-021-00209-4","EUR","2,070.00"
"10.1038/s43247-021-00232-5","EUR","2,070.00"
"10.1038/s43247-021-00241-4","EUR","2,070.00"
"10.1038/s43247-021-00242-3","EUR","2,070.00"
"10.1038/s43247-021-00248-x","EUR","2,070.00"
"10.1038/s43247-021-00271-y","EUR","2,070.00"
"10.1038/s43247-021-00296-3","EUR","2,070.00"
"10.1038/s43247-021-00328-y","EUR","2,070.00"
"10.1038/s43705-021-00010-6","EUR","1,990.00"
"10.1038/s43705-021-00017-z","EUR","1,990.00"
"10.1038/s43705-021-00028-w","EUR","1,990.00"
"10.1038/s43705-021-00033-z","EUR","1,990.00"
"10.1038/s43705-021-00040-0","EUR","1,990.00"
"10.1038/s43705-021-00042-y","EUR","1,990.00"
"10.1038/s43705-021-00052-w","EUR","1,990.00"
"10.1038/s43705-021-00055-7","EUR","1,990.00"
"10.1038/s43705-021-00067-3","EUR","1,990.00"
"10.1038/s43705-021-00074-4","EUR","1,990.00"
"10.1038/s43705-021-00075-3","EUR","1,990.00"
"10.1038/s43705-021-00077-1","EUR","1,990.00"
"10.1038/s43705-021-00082-4","EUR","1,990.00"
"10.1038/s43856-021-00020-4","EUR","2,680.00"
"10.1038/s43856-021-00036-w","EUR","2,680.00"
"10.1057/s41599-021-00718-9","EUR",890.10
"10.1057/s41599-021-00764-3","EUR",890.10
"10.1057/s41599-021-00772-3","EUR",890.10
"10.1057/s41599-021-00785-y","EUR",890.10
"10.1057/s41599-021-00787-w","EUR",890.10
"10.1057/s41599-021-00805-x","EUR",890.10
"10.1057/s41599-021-00817-7","EUR",890.10
"10.1057/s41599-021-00830-w","EUR",890.10
"10.1057/s41599-021-00844-4","EUR",890.10
"10.1057/s41599-021-00858-y","EUR",890.10
"10.1057/s41599-021-00887-7","EUR",890.10
"10.1057/s41599-021-00891-x","EUR",890.10
"10.1057/s41599-021-00896-6","EUR",890.10
"10.1057/s41599-021-00902-x","EUR",890.10
"10.1057/s41599-021-00903-w","EUR",890.10
"10.1057/s41599-021-00907-6","EUR",890.10
"10.1057/s41599-021-00916-5","EUR",890.10
"10.1057/s41599-021-00924-5","EUR",890.10
"10.1057/s41599-021-00938-z","EUR",890.10
"10.1057/s41599-021-00958-9","EUR",890.10
"10.1057/s41599-021-00968-7","EUR",890.10
"10.1057/s41599-021-00971-y","EUR",890.10
"10.1057/s41599-021-00982-9","EUR",890.10
"10.1057/s41599-021-00990-9","EUR",890.10
"10.1140/epjds/s13688-021-00266-x","EUR",910.80
"10.1140/epjds/s13688-021-00270-1","EUR",910.80
"10.1140/epjds/s13688-021-00290-x","EUR",910.80
"10.1140/epjds/s13688-021-00306-6","EUR",910.80
"10.1140/epjds/s13688-021-00307-5","EUR",910.80
"10.1140/epjqt/s40507-020-00090-8","EUR","1,032.00"
"10.1140/epjti/s40485-020-00060-5","EUR",800.00
"10.1140/epjti/s40485-020-00061-4","EUR",800.00
"10.1140/epjti/s40485-021-00068-5","EUR",828.00
"10.1140/epjti/s40485-021-00069-4","EUR",828.00
"10.1140/epjti/s40485-021-00070-x","EUR",828.00
"10.1140/epjti/s40485-021-00073-8","EUR",828.00
"10.1140/epjti/s40485-021-00074-7","EUR",828.00
"10.1186/s00015-021-00390-w","EUR","1,000.00"
"10.1186/s10020-021-00274-7","EUR","1,832.00"
"10.1186/s10020-021-00364-6","EUR","1,832.00"
"10.1186/s10020-021-00381-5","EUR","1,832.00"
"10.1186/s10020-021-00419-8","EUR","1,832.00"
"10.1186/s10152-021-00547-y","EUR","1,432.00"
"10.1186/s10152-021-00548-x","EUR","1,432.00"
"10.1186/s10152-021-00549-w","EUR","1,432.00"
"10.1186/s10152-021-00550-3","EUR","1,432.00"
"10.1186/s10152-021-00551-2","EUR","1,432.00"
"10.1186/s10152-021-00552-1","EUR","1,432.00"
"10.1186/s10194-021-01236-4","EUR","1,896.12"
"10.1186/s10194-021-01260-4","EUR","1,896.12"
"10.1186/s10194-021-01273-z","EUR","1,896.12"
"10.1186/s10194-021-01283-x","EUR","1,896.12"
"10.1186/s10194-021-01295-7","EUR","1,896.12"
"10.1186/s10194-021-01323-6","EUR","1,896.12"
"10.1186/s10194-021-01339-y","EUR","1,896.12"
"10.1186/s10194-021-01349-w","EUR","1,896.12"
"10.1186/s10194-021-01355-y","EUR","1,896.12"
"10.1186/s10194-021-01364-x","EUR","1,896.12"
"10.1186/s10194-021-01368-7","EUR","1,896.12"
"10.1186/s10195-021-00568-w","EUR","1,689.12"
"10.1186/s10195-021-00581-z","EUR","1,689.12"
"10.1186/s10195-021-00588-6","EUR","1,689.12"
"10.1186/s10195-021-00596-6","EUR","1,689.12"
"10.1186/s10195-021-00603-w","EUR","1,689.12"
"10.1186/s10195-021-00612-9","EUR","1,689.12"
"10.1186/s11556-021-00266-w","EUR","1,444.86"
"10.1186/s11556-021-00268-8","EUR","1,444.86"
"10.1186/s11556-021-00271-z","EUR","1,444.86"
"10.1186/s11556-021-00275-9","EUR","1,444.86"
"10.1186/s11671-021-03491-5","EUR","1,482.12"
"10.1186/s11671-021-03506-1","EUR","1,482.12"
"10.1186/s11689-021-09357-2","EUR","1,689.12"
"10.1186/s12052-021-00144-0","EUR","1,179.90"
"10.1186/s12052-021-00158-8","EUR","1,179.90"
"10.1186/s12263-021-00694-4","EUR","1,896.12"
"10.1186/s12284-021-00518-4","EUR","1,689.12"
"10.1186/s12302-020-00442-2","EUR","1,736.00"
"10.1186/s12302-020-00444-0","EUR","1,736.00"
"10.1186/s12302-020-00448-w","EUR","1,736.00"
"10.1186/s12302-021-00454-6","EUR","1,796.76"
"10.1186/s12302-021-00455-5","EUR","1,796.76"
"10.1186/s12302-021-00458-2","EUR","1,796.76"
"10.1186/s12302-021-00460-8","EUR","1,796.76"
"10.1186/s12302-021-00461-7","EUR","1,796.76"
"10.1186/s12302-021-00464-4","EUR","1,796.76"
"10.1186/s12302-021-00473-3","EUR","1,796.76"
"10.1186/s12302-021-00474-2","EUR","1,796.76"
"10.1186/s12302-021-00475-1","EUR","1,796.76"
"10.1186/s12302-021-00478-y","EUR","1,796.76"
"10.1186/s12302-021-00481-3","EUR","1,796.76"
"10.1186/s12302-021-00491-1","EUR","1,796.76"
"10.1186/s12302-021-00496-w","EUR","1,796.76"
"10.1186/s12302-021-00497-9","EUR","1,796.76"
"10.1186/s12302-021-00499-7","EUR","1,796.76"
"10.1186/s12302-021-00500-3","EUR","1,796.76"
"10.1186/s12302-021-00503-0","EUR","1,796.76"
"10.1186/s12302-021-00513-y","EUR","1,796.76"
"10.1186/s12302-021-00514-x","EUR","1,796.76"
"10.1186/s12302-021-00525-8","EUR","1,796.76"
"10.1186/s12302-021-00526-7","EUR","1,796.76"
"10.1186/s12302-021-00528-5","EUR","1,796.76"
"10.1186/s12302-021-00530-x","EUR","1,796.76"
"10.1186/s12302-021-00531-w","EUR","1,796.76"
"10.1186/s12302-021-00536-5","EUR","1,796.76"
"10.1186/s12302-021-00537-4","EUR","1,796.76"
"10.1186/s12302-021-00546-3","EUR","1,796.76"
"10.1186/s12302-021-00554-3","EUR","1,796.76"
"10.1186/s12302-021-00561-4","EUR","1,796.76"
"10.1186/s12302-021-00565-0","EUR","1,796.76"
"10.1186/s12544-020-00453-3","EUR",960.00
"10.1186/s12544-020-00462-2","EUR",960.00
"10.1186/s12544-020-00468-w","EUR",960.00
"10.1186/s12544-021-00469-3","EUR",993.60
"10.1186/s12544-021-00472-8","EUR",993.60
"10.1186/s12544-021-00475-5","EUR",993.60
"10.1186/s12544-021-00478-2","EUR",993.60
"10.1186/s12544-021-00485-3","EUR",993.60
"10.1186/s12544-021-00486-2","EUR",993.60
"10.1186/s12544-021-00491-5","EUR",993.60
"10.1186/s12544-021-00492-4","EUR",993.60
"10.1186/s12544-021-00499-x","EUR",993.60
"10.1186/s12544-021-00507-0","EUR",993.60
"10.1186/s12575-021-00144-w","EUR","1,904.00"
"10.1186/s12610-021-00148-2","EUR","1,647.72"
"10.1186/s12645-021-00078-8","EUR","1,068.12"
"10.1186/s12645-021-00096-6","EUR","1,068.12"
"10.1186/s12711-021-00606-5","EUR","1,196.00"
"10.1186/s12711-021-00613-6","EUR","1,196.00"
"10.1186/s12711-021-00628-z","EUR","1,196.00"
"10.1186/s12711-021-00652-z","EUR","1,196.00"
"10.1186/s12859-020-03918-3","EUR","1,432.00"
"10.1186/s12859-021-03966-3","EUR","1,482.12"
"10.1186/s12859-021-03970-7","EUR","1,482.12"
"10.1186/s12859-021-04010-0","EUR","1,482.12"
"10.1186/s12859-021-04011-z","EUR","1,482.12"
"10.1186/s12859-021-04122-7","EUR","1,482.12"
"10.1186/s12859-021-04159-8","EUR","1,482.12"
"10.1186/s12859-021-04183-8","EUR","1,482.12"
"10.1186/s12859-021-04262-w","EUR","1,482.12"
"10.1186/s12859-021-04308-z","EUR","1,482.12"
"10.1186/s12859-021-04309-y","EUR","1,482.12"
"10.1186/s12859-021-04315-0","EUR","1,482.12"
"10.1186/s12859-021-04317-y","EUR","1,482.12"
"10.1186/s12859-021-04318-x","EUR","1,482.12"
"10.1186/s12859-021-04340-z","EUR","1,482.12"
"10.1186/s12859-021-04458-0","EUR","1,482.12"
"10.1186/s12859-021-04461-5","EUR","1,482.12"
"10.1186/s12859-021-04469-x","EUR","1,482.12"
"10.1186/s12859-021-04474-0","EUR","1,482.12"
"10.1186/s12859-021-04482-0","EUR","1,482.12"
"10.1186/s12859-021-04483-z","EUR","1,482.12"
"10.1186/s12859-021-04484-y","EUR","1,482.12"
"10.1186/s12859-021-04510-z","EUR","1,482.12"
"10.1186/s12860-020-00339-1","EUR","1,496.00"
"10.1186/s12860-021-00345-x","EUR","1,496.00"
"10.1186/s12860-021-00364-8","EUR","1,512.00"
"10.1186/s12860-021-00369-3","EUR","1,512.00"
"10.1186/s12860-021-00376-4","EUR","1,512.00"
"10.1186/s12860-021-00377-3","EUR","1,512.00"
"10.1186/s12860-021-00394-2","EUR","1,512.00"
"10.1186/s12862-020-01741-1","EUR","1,496.00"
"10.1186/s12862-021-01754-4","EUR","1,512.00"
"10.1186/s12862-021-01763-3","EUR","1,512.00"
"10.1186/s12862-021-01764-2","EUR","1,512.00"
"10.1186/s12862-021-01791-z","EUR","1,512.00"
"10.1186/s12862-021-01797-7","EUR","1,512.00"
"10.1186/s12862-021-01834-5","EUR","1,512.00"
"10.1186/s12862-021-01835-4","EUR","1,512.00"
"10.1186/s12862-021-01845-2","EUR","1,512.00"
"10.1186/s12862-021-01848-z","EUR","1,512.00"
"10.1186/s12862-021-01854-1","EUR","1,512.00"
"10.1186/s12862-021-01858-x","EUR","1,512.00"
"10.1186/s12862-021-01859-w","EUR","1,512.00"
"10.1186/s12862-021-01881-y","EUR","1,512.00"
"10.1186/s12862-021-01887-6","EUR","1,512.00"
"10.1186/s12862-021-01890-x","EUR","1,512.00"
"10.1186/s12862-021-01907-5","EUR","1,512.00"
"10.1186/s12862-021-01911-9","EUR","1,512.00"
"10.1186/s12862-021-01916-4","EUR","1,512.00"
"10.1186/s12862-021-01919-1","EUR","1,512.00"
"10.1186/s12862-021-01920-8","EUR","1,512.00"
"10.1186/s12862-021-01929-z","EUR","1,512.00"
"10.1186/s12862-021-01938-y","EUR","1,512.00"
"10.1186/s12862-021-01944-0","EUR","1,512.00"
"10.1186/s12863-021-00976-1","EUR","1,064.00"
"10.1186/s12863-021-00983-2","EUR","1,064.00"
"10.1186/s12863-021-00991-2","EUR","1,064.00"
"10.1186/s12864-020-07343-x","EUR","1,496.00"
"10.1186/s12864-020-07350-y","EUR","1,496.00"
"10.1186/s12864-020-07362-8","EUR","1,496.00"
"10.1186/s12864-021-07373-z","EUR","1,548.36"
"10.1186/s12864-021-07409-4","EUR","1,548.36"
"10.1186/s12864-021-07413-8","EUR","1,548.36"
"10.1186/s12864-021-07451-2","EUR","1,548.36"
"10.1186/s12864-021-07469-6","EUR","1,548.36"
"10.1186/s12864-021-07527-z","EUR","1,548.36"
"10.1186/s12864-021-07529-x","EUR","1,548.36"
"10.1186/s12864-021-07533-1","EUR","1,548.36"
"10.1186/s12864-021-07542-0","EUR","1,548.36"
"10.1186/s12864-021-07586-2","EUR","1,548.36"
"10.1186/s12864-021-07597-z","EUR","1,548.36"
"10.1186/s12864-021-07648-5","EUR","1,548.36"
"10.1186/s12864-021-07649-4","EUR","1,548.36"
"10.1186/s12864-021-07663-6","EUR","1,548.36"
"10.1186/s12864-021-07693-0","EUR","1,548.36"
"10.1186/s12864-021-07711-1","EUR","1,548.36"
"10.1186/s12864-021-07756-2","EUR","1,548.36"
"10.1186/s12864-021-07766-0","EUR","1,548.36"
"10.1186/s12864-021-07789-7","EUR","1,548.36"
"10.1186/s12864-021-07801-0","EUR","1,548.36"
"10.1186/s12864-021-07814-9","EUR","1,548.36"
"10.1186/s12864-021-07817-6","EUR","1,548.36"
"10.1186/s12864-021-07855-0","EUR","1,548.36"
"10.1186/s12864-021-07857-y","EUR","1,548.36"
"10.1186/s12864-021-07877-8","EUR","1,548.36"
"10.1186/s12864-021-07930-6","EUR","1,548.36"
"10.1186/s12864-021-07931-5","EUR","1,548.36"
"10.1186/s12864-021-07997-1","EUR","1,548.36"
"10.1186/s12864-021-08027-w","EUR","1,548.36"
"10.1186/s12864-021-08051-w","EUR","1,548.36"
"10.1186/s12864-021-08125-9","EUR","1,548.36"
"10.1186/s12864-021-08181-1","EUR","1,548.36"
"10.1186/s12864-021-08196-8","EUR","1,548.36"
"10.1186/s12864-021-08210-z","EUR","1,548.36"
"10.1186/s12864-021-08237-2","EUR","1,548.36"
"10.1186/s12865-021-00416-w","EUR","1,647.72"
"10.1186/s12866-021-02102-8","EUR","1,496.00"
"10.1186/s12866-021-02112-6","EUR","1,496.00"
"10.1186/s12866-021-02124-2","EUR","1,496.00"
"10.1186/s12866-021-02214-1","EUR","1,496.00"
"10.1186/s12866-021-02270-7","EUR","1,496.00"
"10.1186/s12866-021-02281-4","EUR","1,496.00"
"10.1186/s12866-021-02333-9","EUR","1,496.00"
"10.1186/s12866-021-02337-5","EUR","1,496.00"
"10.1186/s12866-021-02381-1","EUR","1,496.00"
"10.1186/s12866-021-02386-w","EUR","1,496.00"
"10.1186/s12866-021-02391-z","EUR","1,496.00"
"10.1186/s12868-021-00615-6","EUR","1,752.00"
"10.1186/s12868-021-00628-1","EUR","1,752.00"
"10.1186/s12868-021-00634-3","EUR","1,752.00"
"10.1186/s12868-021-00648-x","EUR","1,752.00"
"10.1186/s12868-021-00675-8","EUR","1,752.00"
"10.1186/s12870-020-02804-7","EUR","1,592.00"
"10.1186/s12870-021-02867-0","EUR","1,592.00"
"10.1186/s12870-021-02936-4","EUR","1,592.00"
"10.1186/s12870-021-03087-2","EUR","1,592.00"
"10.1186/s12870-021-03100-8","EUR","1,592.00"
"10.1186/s12870-021-03110-6","EUR","1,592.00"
"10.1186/s12870-021-03179-z","EUR","1,592.00"
"10.1186/s12870-021-03183-3","EUR","1,592.00"
"10.1186/s12870-021-03324-8","EUR","1,592.00"
"10.1186/s12871-021-01247-3","EUR","1,592.00"
"10.1186/s12871-021-01264-2","EUR","1,592.00"
"10.1186/s12871-021-01265-1","EUR","1,592.00"
"10.1186/s12871-021-01270-4","EUR","1,592.00"
"10.1186/s12871-021-01273-1","EUR","1,592.00"
"10.1186/s12871-021-01300-1","EUR","1,592.00"
"10.1186/s12871-021-01328-3","EUR","1,592.00"
"10.1186/s12871-021-01336-3","EUR","1,592.00"
"10.1186/s12871-021-01361-2","EUR","1,592.00"
"10.1186/s12871-021-01363-0","EUR","1,592.00"
"10.1186/s12871-021-01368-9","EUR","1,592.00"
"10.1186/s12871-021-01378-7","EUR","1,592.00"
"10.1186/s12871-021-01380-z","EUR","1,592.00"
"10.1186/s12871-021-01396-5","EUR","1,592.00"
"10.1186/s12871-021-01400-y","EUR","1,592.00"
"10.1186/s12871-021-01436-0","EUR","1,592.00"
"10.1186/s12871-021-01461-z","EUR","1,592.00"
"10.1186/s12871-021-01464-w","EUR","1,592.00"
"10.1186/s12871-021-01468-6","EUR","1,592.00"
"10.1186/s12871-021-01479-3","EUR","1,592.00"
"10.1186/s12871-021-01480-w","EUR","1,592.00"
"10.1186/s12871-021-01490-8","EUR","1,592.00"
"10.1186/s12871-021-01502-7","EUR","1,592.00"
"10.1186/s12871-021-01504-5","EUR","1,592.00"
"10.1186/s12871-021-01533-0","EUR","1,592.00"
"10.1186/s12872-021-01883-0","EUR","1,592.00"
"10.1186/s12872-021-01926-6","EUR","1,592.00"
"10.1186/s12872-021-01977-9","EUR","1,592.00"
"10.1186/s12872-021-01985-9","EUR","1,592.00"
"10.1186/s12872-021-01992-w","EUR","1,592.00"
"10.1186/s12872-021-02042-1","EUR","1,592.00"
"10.1186/s12872-021-02050-1","EUR","1,592.00"
"10.1186/s12872-021-02111-5","EUR","1,592.00"
"10.1186/s12872-021-02121-3","EUR","1,592.00"
"10.1186/s12872-021-02171-7","EUR","1,592.00"
"10.1186/s12872-021-02177-1","EUR","1,592.00"
"10.1186/s12872-021-02274-1","EUR","1,592.00"
"10.1186/s12872-021-02374-y","EUR","1,592.00"
"10.1186/s12872-021-02398-4","EUR","1,592.00"
"10.1186/s12872-021-02420-9","EUR","1,592.00"
"10.1186/s12872-021-02425-4","EUR","1,592.00"
"10.1186/s12873-021-00407-5","EUR","1,225.44"
"10.1186/s12873-021-00409-3","EUR","1,225.44"
"10.1186/s12873-021-00424-4","EUR","1,225.44"
"10.1186/s12873-021-00436-0","EUR","1,225.44"
"10.1186/s12873-021-00462-y","EUR","1,225.44"
"10.1186/s12873-021-00484-6","EUR","1,225.44"
"10.1186/s12873-021-00486-4","EUR","1,225.44"
"10.1186/s12873-021-00516-1","EUR","1,225.44"
"10.1186/s12873-021-00525-0","EUR","1,225.44"
"10.1186/s12874-020-01205-6","EUR","1,632.00"
"10.1186/s12874-021-01218-9","EUR","1,689.12"
"10.1186/s12874-021-01231-y","EUR","1,689.12"
"10.1186/s12874-021-01237-6","EUR","1,689.12"
"10.1186/s12874-021-01243-8","EUR","1,689.12"
"10.1186/s12874-021-01252-7","EUR","1,689.12"
"10.1186/s12874-021-01253-6","EUR","1,689.12"
"10.1186/s12874-021-01259-0","EUR","1,689.12"
"10.1186/s12874-021-01293-y","EUR","1,689.12"
"10.1186/s12874-021-01300-2","EUR","1,689.12"
"10.1186/s12874-021-01341-7","EUR","1,689.12"
"10.1186/s12874-021-01342-6","EUR","1,689.12"
"10.1186/s12874-021-01349-z","EUR","1,689.12"
"10.1186/s12874-021-01356-0","EUR","1,689.12"
"10.1186/s12874-021-01357-z","EUR","1,689.12"
"10.1186/s12874-021-01359-x","EUR","1,689.12"
"10.1186/s12874-021-01361-3","EUR","1,689.12"
"10.1186/s12874-021-01373-z","EUR","1,689.12"
"10.1186/s12874-021-01429-0","EUR","1,689.12"
"10.1186/s12874-021-01438-z","EUR","1,689.12"
"10.1186/s12874-021-01447-y","EUR","1,689.12"
"10.1186/s12875-020-01361-0","EUR","1,432.00"
"10.1186/s12875-021-01381-4","EUR","1,482.12"
"10.1186/s12875-021-01397-w","EUR","1,482.12"
"10.1186/s12875-021-01404-0","EUR","1,482.12"
"10.1186/s12875-021-01410-2","EUR","1,482.12"
"10.1186/s12875-021-01411-1","EUR","1,482.12"
"10.1186/s12875-021-01418-8","EUR","1,482.12"
"10.1186/s12875-021-01433-9","EUR","1,482.12"
"10.1186/s12875-021-01436-6","EUR","1,482.12"
"10.1186/s12875-021-01441-9","EUR","1,482.12"
"10.1186/s12875-021-01464-2","EUR","1,482.12"
"10.1186/s12875-021-01471-3","EUR","1,482.12"
"10.1186/s12875-021-01499-5","EUR","1,482.12"
"10.1186/s12875-021-01501-0","EUR","1,482.12"
"10.1186/s12875-021-01515-8","EUR","1,482.12"
"10.1186/s12875-021-01517-6","EUR","1,482.12"
"10.1186/s12875-021-01527-4","EUR","1,482.12"
"10.1186/s12875-021-01537-2","EUR","1,482.12"
"10.1186/s12875-021-01545-2","EUR","1,482.12"
"10.1186/s12875-021-01554-1","EUR","1,482.12"
"10.1186/s12875-021-01560-3","EUR","1,482.12"
"10.1186/s12875-021-01577-8","EUR","1,482.12"
"10.1186/s12875-021-01584-9","EUR","1,482.12"
"10.1186/s12875-021-01601-x","EUR","1,482.12"
"10.1186/s12876-021-01604-z","EUR","1,548.36"
"10.1186/s12876-021-01651-6","EUR","1,496.00"
"10.1186/s12876-021-01723-7","EUR","1,548.36"
"10.1186/s12876-021-01772-y","EUR","1,548.36"
"10.1186/s12876-021-01871-w","EUR","1,548.36"
"10.1186/s12876-021-01879-2","EUR","1,548.36"
"10.1186/s12876-021-01885-4","EUR","1,548.36"
"10.1186/s12876-021-02000-3","EUR","1,548.36"
"10.1186/s12876-021-02018-7","EUR","1,548.36"
"10.1186/s12877-020-01966-1","EUR","1,632.00"
"10.1186/s12877-020-01988-9","EUR","1,632.00"
"10.1186/s12877-020-01991-0","EUR","1,632.00"
"10.1186/s12877-020-02001-z","EUR","1,632.00"
"10.1186/s12877-021-02020-4","EUR","1,672.00"
"10.1186/s12877-021-02026-y","EUR","1,337.60"
"10.1186/s12877-021-02051-x","EUR","1,672.00"
"10.1186/s12877-021-02093-1","EUR","1,672.00"
"10.1186/s12877-021-02105-0","EUR","1,672.00"
"10.1186/s12877-021-02106-z","EUR","1,672.00"
"10.1186/s12877-021-02114-z","EUR","1,672.00"
"10.1186/s12877-021-02118-9","EUR","1,672.00"
"10.1186/s12877-021-02149-2","EUR","1,672.00"
"10.1186/s12877-021-02188-9","EUR","1,672.00"
"10.1186/s12877-021-02201-1","EUR","1,672.00"
"10.1186/s12877-021-02206-w","EUR","1,672.00"
"10.1186/s12877-021-02232-8","EUR","1,672.00"
"10.1186/s12877-021-02290-y","EUR","1,672.00"
"10.1186/s12877-021-02293-9","EUR","1,672.00"
"10.1186/s12877-021-02298-4","EUR","1,672.00"
"10.1186/s12877-021-02320-9","EUR","1,672.00"
"10.1186/s12877-021-02323-6","EUR","1,672.00"
"10.1186/s12877-021-02329-0","EUR","1,672.00"
"10.1186/s12877-021-02342-3","EUR","1,672.00"
"10.1186/s12877-021-02425-1","EUR","1,672.00"
"10.1186/s12877-021-02448-8","EUR","1,672.00"
"10.1186/s12877-021-02469-3","EUR","1,672.00"
"10.1186/s12877-021-02476-4","EUR","1,672.00"
"10.1186/s12877-021-02502-5","EUR","1,672.00"
"10.1186/s12877-021-02566-3","EUR","1,672.00"
"10.1186/s12877-021-02579-y","EUR","1,672.00"
"10.1186/s12877-021-02585-0","EUR","1,672.00"
"10.1186/s12877-021-02650-8","EUR","1,672.00"
"10.1186/s12877-021-02653-5","EUR","1,672.00"
"10.1186/s12877-021-02666-0","EUR","1,672.00"
"10.1186/s12877-021-02682-0","EUR","1,672.00"
"10.1186/s12877-021-02692-y","EUR","1,672.00"
"10.1186/s12879-020-05755-4","EUR","1,496.00"
"10.1186/s12879-021-05791-8","EUR","1,548.36"
"10.1186/s12879-021-05829-x","EUR","1,548.36"
"10.1186/s12879-021-05885-3","EUR","1,548.36"
"10.1186/s12879-021-05998-9","EUR","1,548.36"
"10.1186/s12879-021-06238-w","EUR","1,548.36"
"10.1186/s12879-021-06274-6","EUR","1,548.36"
"10.1186/s12879-021-06294-2","EUR","1,548.36"
"10.1186/s12879-021-06394-z","EUR","1,548.36"
"10.1186/s12879-021-06400-4","EUR","1,548.36"
"10.1186/s12879-021-06411-1","EUR","1,548.36"
"10.1186/s12879-021-06413-z","EUR","1,548.36"
"10.1186/s12879-021-06422-y","EUR","1,548.36"
"10.1186/s12879-021-06427-7","EUR","1,548.36"
"10.1186/s12879-021-06439-3","EUR","1,548.36"
"10.1186/s12879-021-06474-0","EUR","1,548.36"
"10.1186/s12879-021-06523-8","EUR","1,548.36"
"10.1186/s12879-021-06571-0","EUR","1,548.36"
"10.1186/s12879-021-06589-4","EUR","1,548.36"
"10.1186/s12879-021-06593-8","EUR","1,548.36"
"10.1186/s12879-021-06605-7","EUR","1,548.36"
"10.1186/s12879-021-06655-x","EUR","1,548.36"
"10.1186/s12879-021-06660-0","EUR","1,548.36"
"10.1186/s12879-021-06663-x","EUR","1,548.36"
"10.1186/s12879-021-06745-w","EUR","1,548.36"
"10.1186/s12879-021-06771-8","EUR","1,548.36"
"10.1186/s12879-021-06818-w","EUR","1,548.36"
"10.1186/s12879-021-06823-z","EUR","1,548.36"
"10.1186/s12879-021-06882-2","EUR","1,548.36"
"10.1186/s12879-021-06900-3","EUR","1,548.36"
"10.1186/s12879-021-06940-9","EUR","1,548.36"
"10.1186/s12879-021-06945-4","EUR","1,548.36"
"10.1186/s12880-020-00532-w","EUR","1,592.00"
"10.1186/s12880-020-00540-w","EUR","1,592.00"
"10.1186/s12880-020-00543-7","EUR","1,592.00"
"10.1186/s12880-020-00544-6","EUR","1,592.00"
"10.1186/s12880-021-00551-1","EUR","1,592.00"
"10.1186/s12880-021-00552-0","EUR","1,592.00"
"10.1186/s12880-021-00570-y","EUR","1,592.00"
"10.1186/s12880-021-00585-5","EUR","1,592.00"
"10.1186/s12880-021-00598-0","EUR","1,592.00"
"10.1186/s12880-021-00599-z","EUR","1,592.00"
"10.1186/s12880-021-00602-7","EUR","1,592.00"
"10.1186/s12880-021-00608-1","EUR","1,592.00"
"10.1186/s12880-021-00615-2","EUR","1,592.00"
"10.1186/s12880-021-00621-4","EUR","1,592.00"
"10.1186/s12880-021-00622-3","EUR","1,592.00"
"10.1186/s12880-021-00636-x","EUR","1,592.00"
"10.1186/s12880-021-00644-x","EUR","1,592.00"
"10.1186/s12880-021-00650-z","EUR","1,592.00"
"10.1186/s12880-021-00651-y","EUR","1,592.00"
"10.1186/s12880-021-00654-9","EUR","1,592.00"
"10.1186/s12880-021-00689-y","EUR","1,592.00"
"10.1186/s12880-021-00690-5","EUR","1,592.00"
"10.1186/s12880-021-00718-w","EUR","1,592.00"
"10.1186/s12882-020-02190-0","EUR","1,496.00"
"10.1186/s12882-020-02226-5","EUR","1,496.00"
"10.1186/s12882-021-02274-5","EUR","1,548.36"
"10.1186/s12882-021-02287-0","EUR","1,548.36"
"10.1186/s12882-021-02303-3","EUR","1,548.36"
"10.1186/s12882-021-02309-x","EUR","1,548.36"
"10.1186/s12882-021-02329-7","EUR","1,548.36"
"10.1186/s12882-021-02333-x","EUR","1,548.36"
"10.1186/s12882-021-02359-1","EUR","1,548.36"
"10.1186/s12882-021-02374-2","EUR","1,548.36"
"10.1186/s12882-021-02430-x","EUR","1,548.36"
"10.1186/s12882-021-02448-1","EUR","1,548.36"
"10.1186/s12882-021-02522-8","EUR","1,548.36"
"10.1186/s12882-021-02538-0","EUR","1,548.36"
"10.1186/s12882-021-02616-3","EUR","1,548.36"
"10.1186/s12883-021-02092-0","EUR","1,592.00"
"10.1186/s12883-021-02103-0","EUR","1,592.00"
"10.1186/s12883-021-02108-9","EUR","1,592.00"
"10.1186/s12883-021-02115-w","EUR","1,592.00"
"10.1186/s12883-021-02136-5","EUR","1,592.00"
"10.1186/s12883-021-02167-y","EUR","1,592.00"
"10.1186/s12883-021-02186-9","EUR","1,592.00"
"10.1186/s12883-021-02191-y","EUR","1,592.00"
"10.1186/s12883-021-02195-8","EUR","1,592.00"
"10.1186/s12883-021-02197-6","EUR","1,592.00"
"10.1186/s12883-021-02231-7","EUR","1,592.00"
"10.1186/s12883-021-02244-2","EUR","1,592.00"
"10.1186/s12883-021-02264-y","EUR","1,592.00"
"10.1186/s12883-021-02297-3","EUR","1,592.00"
"10.1186/s12883-021-02304-7","EUR","1,592.00"
"10.1186/s12883-021-02312-7","EUR","1,592.00"
"10.1186/s12883-021-02327-0","EUR","1,592.00"
"10.1186/s12883-021-02329-y","EUR","1,592.00"
"10.1186/s12883-021-02334-1","EUR","1,592.00"
"10.1186/s12883-021-02362-x","EUR","1,592.00"
"10.1186/s12883-021-02408-0","EUR","1,592.00"
"10.1186/s12883-021-02417-z","EUR","1,592.00"
"10.1186/s12883-021-02424-0","EUR","1,592.00"
"10.1186/s12883-021-02480-6","EUR","1,592.00"
"10.1186/s12883-021-02528-7","EUR","1,592.00"
"10.1186/s12884-021-03593-z","EUR","1,548.36"
"10.1186/s12884-021-03620-z","EUR","1,548.36"
"10.1186/s12884-021-03817-2","EUR","1,548.36"
"10.1186/s12884-021-03857-8","EUR","1,548.36"
"10.1186/s12884-021-03874-7","EUR","1,548.36"
"10.1186/s12884-021-03880-9","EUR","1,548.36"
"10.1186/s12884-021-03933-z","EUR","1,548.36"
"10.1186/s12884-021-03988-y","EUR","1,548.36"
"10.1186/s12884-021-04035-6","EUR","1,548.36"
"10.1186/s12884-021-04038-3","EUR","1,548.36"
"10.1186/s12884-021-04099-4","EUR","1,548.36"
"10.1186/s12884-021-04111-x","EUR","1,548.36"
"10.1186/s12884-021-04182-w","EUR","1,548.36"
"10.1186/s12884-021-04274-7","EUR","1,548.36"
"10.1186/s12884-021-04323-1","EUR","1,548.36"
"10.1186/s12885-020-07723-2","EUR","1,599.20"
"10.1186/s12885-020-07745-w","EUR","1,599.20"
"10.1186/s12885-020-07769-2","EUR","1,599.20"
"10.1186/s12885-020-07773-6","EUR","1,599.20"
"10.1186/s12885-021-07887-5","EUR","1,655.17"
"10.1186/s12885-021-07914-5","EUR","1,655.17"
"10.1186/s12885-021-08006-0","EUR","1,655.17"
"10.1186/s12885-021-08073-3","EUR","1,655.17"
"10.1186/s12885-021-08113-y","EUR","1,655.17"
"10.1186/s12885-021-08121-y","EUR","1,655.17"
"10.1186/s12885-021-08140-9","EUR","1,655.17"
"10.1186/s12885-021-08141-8","EUR","1,655.17"
"10.1186/s12885-021-08172-1","EUR","1,655.17"
"10.1186/s12885-021-08186-9","EUR","1,655.17"
"10.1186/s12885-021-08236-2","EUR","1,655.17"
"10.1186/s12885-021-08301-w","EUR","1,655.17"
"10.1186/s12885-021-08354-x","EUR","1,655.17"
"10.1186/s12885-021-08443-x","EUR","1,655.17"
"10.1186/s12885-021-08460-w","EUR","1,655.17"
"10.1186/s12885-021-08464-6","EUR","1,655.17"
"10.1186/s12885-021-08488-y","EUR","1,655.17"
"10.1186/s12885-021-08578-x","EUR","1,655.17"
"10.1186/s12885-021-08637-3","EUR","1,655.17"
"10.1186/s12885-021-08667-x","EUR","1,655.18"
"10.1186/s12885-021-08682-y","EUR","1,655.17"
"10.1186/s12885-021-08731-6","EUR","1,655.17"
"10.1186/s12885-021-08748-x","EUR","1,655.17"
"10.1186/s12885-021-08761-0","EUR","1,655.17"
"10.1186/s12885-021-08776-7","EUR","1,655.17"
"10.1186/s12885-021-08780-x","EUR","1,655.17"
"10.1186/s12885-021-08794-5","EUR","1,655.17"
"10.1186/s12885-021-08825-1","EUR","1,655.17"
"10.1186/s12885-021-08836-y","EUR","1,655.17"
"10.1186/s12885-021-08842-0","EUR","1,655.17"
"10.1186/s12885-021-08845-x","EUR","1,655.17"
"10.1186/s12885-021-08885-3","EUR","1,655.18"
"10.1186/s12885-021-08900-7","EUR","1,655.18"
"10.1186/s12885-021-08913-2","EUR","1,655.18"
"10.1186/s12885-021-08966-3","EUR","1,655.18"
"10.1186/s12885-021-09012-y","EUR","1,655.18"
"10.1186/s12885-021-09017-7","EUR","1,655.18"
"10.1186/s12885-021-09084-w","EUR","1,655.18"
"10.1186/s12886-020-01766-6","EUR","1,432.00"
"10.1186/s12886-020-01773-7","EUR","1,432.00"
"10.1186/s12886-020-01788-0","EUR","1,432.00"
"10.1186/s12886-020-01799-x","EUR","1,432.00"
"10.1186/s12886-021-01847-0","EUR","1,482.12"
"10.1186/s12886-021-01879-6","EUR","1,482.12"
"10.1186/s12886-021-01958-8","EUR","1,482.12"
"10.1186/s12886-021-02003-4","EUR","1,482.12"
"10.1186/s12886-021-02022-1","EUR","1,482.12"
"10.1186/s12886-021-02054-7","EUR","1,482.12"
"10.1186/s12886-021-02073-4","EUR","1,482.12"
"10.1186/s12886-021-02099-8","EUR","1,482.12"
"10.1186/s12886-021-02164-2","EUR","1,482.12"
"10.1186/s12886-021-02175-z","EUR","1,482.12"
"10.1186/s12886-021-02188-8","EUR","1,482.12"
"10.1186/s12886-021-02201-0","EUR","1,482.12"
"10.1186/s12886-021-02216-7","EUR","1,482.12"
"10.1186/s12887-021-02529-y","EUR","1,592.00"
"10.1186/s12887-021-02549-8","EUR","1,592.00"
"10.1186/s12887-021-02578-3","EUR","1,592.00"
"10.1186/s12887-021-02628-w","EUR","1,592.00"
"10.1186/s12887-021-02636-w","EUR","1,592.00"
"10.1186/s12887-021-02663-7","EUR","1,592.00"
"10.1186/s12887-021-02733-w","EUR","1,592.00"
"10.1186/s12887-021-02735-8","EUR","1,592.00"
"10.1186/s12887-021-02738-5","EUR","1,592.00"
"10.1186/s12887-021-02748-3","EUR","1,592.00"
"10.1186/s12887-021-02757-2","EUR","1,592.00"
"10.1186/s12887-021-02767-0","EUR","1,592.00"
"10.1186/s12887-021-02869-9","EUR","1,592.00"
"10.1186/s12887-021-02878-8","EUR","1,592.00"
"10.1186/s12887-021-02889-5","EUR","1,592.00"
"10.1186/s12887-021-02905-8","EUR","1,592.00"
"10.1186/s12887-021-02917-4","EUR","1,592.00"
"10.1186/s12887-021-02953-0","EUR","1,592.00"
"10.1186/s12888-020-03020-1","EUR","1,592.00"
"10.1186/s12888-021-03065-w","EUR","1,647.72"
"10.1186/s12888-021-03093-6","EUR","1,647.72"
"10.1186/s12888-021-03098-1","EUR","1,647.72"
"10.1186/s12888-021-03110-8","EUR","1,647.72"
"10.1186/s12888-021-03112-6","EUR","1,647.72"
"10.1186/s12888-021-03164-8","EUR","1,647.72"
"10.1186/s12888-021-03166-6","EUR","1,647.72"
"10.1186/s12888-021-03167-5","EUR","1,647.72"
"10.1186/s12888-021-03169-3","EUR","1,647.72"
"10.1186/s12888-021-03176-4","EUR","1,647.72"
"10.1186/s12888-021-03181-7","EUR","1,647.72"
"10.1186/s12888-021-03185-3","EUR","1,647.72"
"10.1186/s12888-021-03233-y","EUR","1,647.72"
"10.1186/s12888-021-03234-x","EUR","1,647.72"
"10.1186/s12888-021-03240-z","EUR","1,647.72"
"10.1186/s12888-021-03267-2","EUR","1,647.72"
"10.1186/s12888-021-03269-0","EUR","1,647.72"
"10.1186/s12888-021-03274-3","EUR","1,647.72"
"10.1186/s12888-021-03303-1","EUR","1,647.72"
"10.1186/s12888-021-03307-x","EUR","1,647.72"
"10.1186/s12888-021-03318-8","EUR","1,647.72"
"10.1186/s12888-021-03337-5","EUR","1,647.72"
"10.1186/s12888-021-03390-0","EUR","1,647.72"
"10.1186/s12888-021-03410-z","EUR","1,647.72"
"10.1186/s12888-021-03416-7","EUR","1,647.72"
"10.1186/s12888-021-03425-6","EUR","1,647.72"
"10.1186/s12888-021-03427-4","EUR","1,647.72"
"10.1186/s12888-021-03435-4","EUR","1,647.72"
"10.1186/s12888-021-03458-x","EUR","1,647.72"
"10.1186/s12888-021-03487-6","EUR","1,647.72"
"10.1186/s12888-021-03502-w","EUR","1,647.72"
"10.1186/s12888-021-03508-4","EUR","1,647.72"
"10.1186/s12888-021-03525-3","EUR","1,647.72"
"10.1186/s12888-021-03541-3","EUR","1,647.72"
"10.1186/s12888-021-03542-2","EUR","1,647.72"
"10.1186/s12888-021-03593-5","EUR","1,647.72"
"10.1186/s12889-020-09941-6","EUR","1,736.00"
"10.1186/s12889-020-10088-7","EUR","1,736.00"
"10.1186/s12889-020-10109-5","EUR","1,736.00"
"10.1186/s12889-020-10113-9","EUR","1,736.00"
"10.1186/s12889-020-10126-4","EUR","1,736.00"
"10.1186/s12889-020-10134-4","EUR","1,736.00"
"10.1186/s12889-020-10151-3","EUR","1,736.00"
"10.1186/s12889-021-10174-4","EUR","1,796.76"
"10.1186/s12889-021-10231-y","EUR","1,796.76"
"10.1186/s12889-021-10236-7","EUR","1,796.76"
"10.1186/s12889-021-10251-8","EUR","1,796.76"
"10.1186/s12889-021-10314-w","EUR","1,796.76"
"10.1186/s12889-021-10324-8","EUR","1,796.76"
"10.1186/s12889-021-10349-z","EUR","1,796.76"
"10.1186/s12889-021-10398-4","EUR","1,796.76"
"10.1186/s12889-021-10508-2","EUR","1,796.76"
"10.1186/s12889-021-10563-9","EUR","1,796.76"
"10.1186/s12889-021-10576-4","EUR","1,796.76"
"10.1186/s12889-021-10655-6","EUR","1,796.76"
"10.1186/s12889-021-10666-3","EUR","1,796.76"
"10.1186/s12889-021-10731-x","EUR","1,796.76"
"10.1186/s12889-021-10794-w","EUR","1,796.76"
"10.1186/s12889-021-10808-7","EUR","1,796.76"
"10.1186/s12889-021-10817-6","EUR","1,796.76"
"10.1186/s12889-021-11016-z","EUR","1,796.76"
"10.1186/s12889-021-11031-0","EUR","1,796.76"
"10.1186/s12889-021-11040-z","EUR","1,796.76"
"10.1186/s12889-021-11076-1","EUR","1,796.76"
"10.1186/s12889-021-11127-7","EUR","1,796.76"
"10.1186/s12889-021-11178-w","EUR","1,796.76"
"10.1186/s12889-021-11195-9","EUR","1,796.76"
"10.1186/s12889-021-11206-9","EUR","1,796.76"
"10.1186/s12889-021-11268-9","EUR","1,796.76"
"10.1186/s12889-021-11270-1","EUR","1,796.76"
"10.1186/s12889-021-11284-9","EUR","1,796.76"
"10.1186/s12889-021-11295-6","EUR","1,796.76"
"10.1186/s12889-021-11297-4","EUR","1,796.76"
"10.1186/s12889-021-11302-w","EUR","1,796.76"
"10.1186/s12889-021-11355-x","EUR","1,796.76"
"10.1186/s12889-021-11356-w","EUR","1,796.76"
"10.1186/s12889-021-11376-6","EUR","1,796.76"
"10.1186/s12889-021-11416-1","EUR","1,796.76"
"10.1186/s12889-021-11439-8","EUR","1,796.76"
"10.1186/s12889-021-11445-w","EUR","1,796.76"
"10.1186/s12889-021-11504-2","EUR","1,796.76"
"10.1186/s12889-021-11542-w","EUR","1,796.76"
"10.1186/s12889-021-11582-2","EUR","1,796.76"
"10.1186/s12889-021-11629-4","EUR","1,796.76"
"10.1186/s12889-021-11712-w","EUR","1,796.76"
"10.1186/s12889-021-11734-4","EUR","1,796.76"
"10.1186/s12889-021-11754-0","EUR","1,796.76"
"10.1186/s12889-021-11756-y","EUR","1,796.76"
"10.1186/s12889-021-11832-3","EUR","1,796.76"
"10.1186/s12889-021-11923-1","EUR","1,796.76"
"10.1186/s12889-021-11935-x","EUR","1,796.76"
"10.1186/s12889-021-11950-y","EUR","1,796.76"
"10.1186/s12889-021-11955-7","EUR","1,796.76"
"10.1186/s12889-021-12043-6","EUR","1,796.76"
"10.1186/s12889-021-12050-7","EUR","1,796.76"
"10.1186/s12889-021-12101-z","EUR","1,796.76"
"10.1186/s12889-021-12118-4","EUR","1,796.76"
"10.1186/s12889-021-12142-4","EUR","1,796.76"
"10.1186/s12889-021-12174-w","EUR","1,796.76"
"10.1186/s12889-021-12215-4","EUR","1,796.76"
"10.1186/s12889-021-12229-y","EUR","1,796.76"
"10.1186/s12889-021-12247-w","EUR","1,796.76"
"10.1186/s12889-021-12288-1","EUR","1,796.76"
"10.1186/s12889-021-12303-5","EUR","1,796.76"
"10.1186/s12889-021-12314-2","EUR","1,796.76"
"10.1186/s12889-021-12320-4","EUR","1,796.76"
"10.1186/s12889-021-12335-x","EUR","1,796.76"
"10.1186/s12889-021-12406-z","EUR","1,796.76"
"10.1186/s12890-021-01499-2","EUR","1,592.00"
"10.1186/s12890-021-01500-y","EUR","1,592.00"
"10.1186/s12890-021-01532-4","EUR","1,592.00"
"10.1186/s12890-021-01541-3","EUR","1,592.00"
"10.1186/s12890-021-01621-4","EUR","1,592.00"
"10.1186/s12890-021-01761-7","EUR","1,592.00"
"10.1186/s12891-020-03899-7","EUR","1,632.00"
"10.1186/s12891-020-03928-5","EUR","1,632.00"
"10.1186/s12891-020-03931-w","EUR","1,632.00"
"10.1186/s12891-021-03946-x","EUR","1,592.00"
"10.1186/s12891-021-03983-6","EUR","1,592.00"
"10.1186/s12891-021-03998-z","EUR","1,592.00"
"10.1186/s12891-021-04009-x","EUR","1,592.00"
"10.1186/s12891-021-04010-4","EUR","1,592.00"
"10.1186/s12891-021-04039-5","EUR","1,632.00"
"10.1186/s12891-021-04040-y","EUR","1,592.00"
"10.1186/s12891-021-04049-3","EUR","1,592.00"
"10.1186/s12891-021-04084-0","EUR","1,592.00"
"10.1186/s12891-021-04099-7","EUR","1,592.00"
"10.1186/s12891-021-04112-z","EUR","1,592.00"
"10.1186/s12891-021-04118-7","EUR","1,592.00"
"10.1186/s12891-021-04156-1","EUR","1,592.00"
"10.1186/s12891-021-04158-z","EUR","1,592.00"
"10.1186/s12891-021-04170-3","EUR","1,592.00"
"10.1186/s12891-021-04185-w","EUR","1,592.00"
"10.1186/s12891-021-04193-w","EUR","1,592.00"
"10.1186/s12891-021-04194-9","EUR","1,592.00"
"10.1186/s12891-021-04200-0","EUR","1,592.00"
"10.1186/s12891-021-04223-7","EUR","1,592.00"
"10.1186/s12891-021-04236-2","EUR","1,592.00"
"10.1186/s12891-021-04239-z","EUR","1,592.00"
"10.1186/s12891-021-04241-5","EUR","1,592.00"
"10.1186/s12891-021-04254-0","EUR","1,592.00"
"10.1186/s12891-021-04264-y","EUR","1,592.00"
"10.1186/s12891-021-04291-9","EUR","1,592.00"
"10.1186/s12891-021-04327-0","EUR","1,592.00"
"10.1186/s12891-021-04334-1","EUR","1,592.00"
"10.1186/s12891-021-04353-y","EUR","1,592.00"
"10.1186/s12891-021-04402-6","EUR","1,592.00"
"10.1186/s12891-021-04406-2","EUR","1,592.00"
"10.1186/s12891-021-04422-2","EUR","1,592.00"
"10.1186/s12891-021-04425-z","EUR","1,592.00"
"10.1186/s12891-021-04452-w","EUR","1,592.00"
"10.1186/s12891-021-04465-5","EUR","1,592.00"
"10.1186/s12891-021-04468-2","EUR","1,592.00"
"10.1186/s12891-021-04481-5","EUR","1,592.00"
"10.1186/s12891-021-04482-4","EUR","1,592.00"
"10.1186/s12891-021-04495-z","EUR","1,592.00"
"10.1186/s12891-021-04506-z","EUR","1,592.00"
"10.1186/s12891-021-04544-7","EUR","1,592.00"
"10.1186/s12891-021-04546-5","EUR","1,592.00"
"10.1186/s12891-021-04556-3","EUR","1,592.00"
"10.1186/s12891-021-04571-4","EUR","1,592.00"
"10.1186/s12891-021-04572-3","EUR","1,592.00"
"10.1186/s12891-021-04573-2","EUR","1,592.00"
"10.1186/s12891-021-04585-y","EUR","1,592.00"
"10.1186/s12891-021-04600-2","EUR","1,592.00"
"10.1186/s12891-021-04605-x","EUR","1,592.00"
"10.1186/s12891-021-04629-3","EUR","1,592.00"
"10.1186/s12891-021-04661-3","EUR","1,592.00"
"10.1186/s12891-021-04673-z","EUR","1,592.00"
"10.1186/s12891-021-04683-x","EUR","1,592.00"
"10.1186/s12891-021-04688-6","EUR","1,592.00"
"10.1186/s12891-021-04699-3","EUR","1,592.00"
"10.1186/s12891-021-04702-x","EUR","1,592.00"
"10.1186/s12891-021-04714-7","EUR","1,592.00"
"10.1186/s12891-021-04723-6","EUR","1,592.00"
"10.1186/s12891-021-04733-4","EUR","1,592.00"
"10.1186/s12891-021-04775-8","EUR","1,592.00"
"10.1186/s12891-021-04784-7","EUR","1,592.00"
"10.1186/s12891-021-04801-9","EUR","1,592.00"
"10.1186/s12891-021-04819-z","EUR","1,592.00"
"10.1186/s12891-021-04834-0","EUR","1,592.00"
"10.1186/s12891-021-04835-z","EUR","1,592.00"
"10.1186/s12891-021-04837-x","EUR","1,592.00"
"10.1186/s12891-021-04860-y","EUR","1,592.00"
"10.1186/s12891-021-04882-6","EUR","1,592.00"
"10.1186/s12891-021-04900-7","EUR","1,592.00"
"10.1186/s12891-021-04909-y","EUR","1,592.00"
"10.1186/s12891-021-04925-y","EUR","1,592.00"
"10.1186/s12891-021-04933-y","EUR","1,592.00"
"10.1186/s12893-020-01035-9","EUR","1,632.00"
"10.1186/s12893-021-01082-w","EUR","1,672.00"
"10.1186/s12893-021-01083-9","EUR","1,672.00"
"10.1186/s12893-021-01098-2","EUR","1,672.00"
"10.1186/s12893-021-01105-6","EUR","1,672.00"
"10.1186/s12893-021-01130-5","EUR","1,672.00"
"10.1186/s12893-021-01142-1","EUR","1,672.00"
"10.1186/s12893-021-01159-6","EUR","1,672.00"
"10.1186/s12893-021-01167-6","EUR","1,672.00"
"10.1186/s12893-021-01169-4","EUR","1,672.00"
"10.1186/s12893-021-01203-5","EUR","1,672.00"
"10.1186/s12893-021-01219-x","EUR","1,672.00"
"10.1186/s12893-021-01232-0","EUR","1,672.00"
"10.1186/s12893-021-01282-4","EUR","1,672.00"
"10.1186/s12893-021-01311-2","EUR","1,672.00"
"10.1186/s12893-021-01350-9","EUR","1,672.00"
"10.1186/s12893-021-01371-4","EUR","1,672.00"
"10.1186/s12893-021-01395-w","EUR","1,672.00"
"10.1186/s12893-021-01404-y","EUR","1,672.00"
"10.1186/s12893-021-01426-6","EUR","1,672.00"
"10.1186/s12893-021-01428-4","EUR","1,672.00"
"10.1186/s12893-021-01431-9","EUR","1,672.00"
"10.1186/s12893-021-01435-5","EUR","1,672.00"
"10.1186/s12894-021-00804-9","EUR","1,482.12"
"10.1186/s12894-021-00829-0","EUR","1,482.12"
"10.1186/s12894-021-00870-z","EUR","1,482.12"
"10.1186/s12894-021-00939-9","EUR","1,482.12"
"10.1186/s12896-021-00675-w","EUR","1,592.00"
"10.1186/s12896-021-00689-4","EUR","1,512.00"
"10.1186/s12902-021-00826-2","EUR","1,482.12"
"10.1186/s12902-021-00854-y","EUR","1,482.12"
"10.1186/s12902-021-00897-1","EUR","1,482.12"
"10.1186/s12903-020-01381-3","EUR","1,496.00"
"10.1186/s12903-021-01420-7","EUR","1,548.36"
"10.1186/s12903-021-01439-w","EUR","1,548.36"
"10.1186/s12903-021-01457-8","EUR","1,548.36"
"10.1186/s12903-021-01464-9","EUR","1,548.36"
"10.1186/s12903-021-01465-8","EUR","1,548.36"
"10.1186/s12903-021-01504-4","EUR","1,548.36"
"10.1186/s12903-021-01510-6","EUR","1,548.36"
"10.1186/s12903-021-01529-9","EUR","1,548.36"
"10.1186/s12903-021-01557-5","EUR","1,548.36"
"10.1186/s12903-021-01558-4","EUR","1,548.36"
"10.1186/s12903-021-01563-7","EUR","1,548.36"
"10.1186/s12903-021-01590-4","EUR","1,548.36"
"10.1186/s12903-021-01622-z","EUR","1,548.36"
"10.1186/s12903-021-01636-7","EUR","1,548.36"
"10.1186/s12903-021-01639-4","EUR","1,548.36"
"10.1186/s12903-021-01665-2","EUR","1,548.36"
"10.1186/s12903-021-01688-9","EUR","1,548.36"
"10.1186/s12903-021-01692-z","EUR","1,548.36"
"10.1186/s12903-021-01697-8","EUR","1,548.36"
"10.1186/s12903-021-01736-4","EUR","1,548.36"
"10.1186/s12903-021-01740-8","EUR","1,548.36"
"10.1186/s12903-021-01744-4","EUR","1,548.36"
"10.1186/s12903-021-01761-3","EUR","1,548.36"
"10.1186/s12903-021-01823-6","EUR","1,548.36"
"10.1186/s12903-021-01862-z","EUR","1,548.36"
"10.1186/s12903-021-01868-7","EUR","1,548.36"
"10.1186/s12903-021-01908-2","EUR","1,548.36"
"10.1186/s12903-021-01933-1","EUR","1,548.36"
"10.1186/s12903-021-01958-6","EUR","1,548.36"
"10.1186/s12903-021-02031-y","EUR","1,548.36"
"10.1186/s12904-020-00702-1","EUR","1,592.00"
"10.1186/s12904-020-00707-w","EUR","1,592.00"
"10.1186/s12904-021-00722-5","EUR","1,647.72"
"10.1186/s12904-021-00751-0","EUR","1,647.72"
"10.1186/s12904-021-00762-x","EUR","1,647.72"
"10.1186/s12904-021-00769-4","EUR","1,647.72"
"10.1186/s12904-021-00792-5","EUR","1,647.72"
"10.1186/s12904-021-00818-y","EUR","1,647.72"
"10.1186/s12904-021-00825-z","EUR","1,647.72"
"10.1186/s12904-021-00832-0","EUR","1,647.72"
"10.1186/s12904-021-00872-6","EUR","1,647.72"
"10.1186/s12904-021-00880-6","EUR","1,647.72"
"10.1186/s12905-020-01165-5","EUR","1,432.00"
"10.1186/s12905-021-01175-x","EUR","1,482.12"
"10.1186/s12905-021-01193-9","EUR","1,482.12"
"10.1186/s12905-021-01344-y","EUR","1,482.12"
"10.1186/s12905-021-01387-1","EUR","1,482.12"
"10.1186/s12905-021-01391-5","EUR","1,482.12"
"10.1186/s12905-021-01474-3","EUR","1,482.12"
"10.1186/s12905-021-01523-x","EUR","1,482.12"
"10.1186/s12906-021-03216-2","EUR","1,632.00"
"10.1186/s12906-021-03299-x","EUR","1,632.00"
"10.1186/s12906-021-03419-7","EUR","1,632.00"
"10.1186/s12906-021-03460-6","EUR","1,632.00"
"10.1186/s12909-021-02497-y","EUR","1,432.00"
"10.1186/s12909-021-02519-9","EUR","1,432.00"
"10.1186/s12909-021-02541-x","EUR","1,432.00"
"10.1186/s12909-021-02554-6","EUR","1,432.00"
"10.1186/s12909-021-02569-z","EUR","1,432.00"
"10.1186/s12909-021-02571-5","EUR","1,432.00"
"10.1186/s12909-021-02578-y","EUR","1,432.00"
"10.1186/s12909-021-02580-4","EUR","1,432.00"
"10.1186/s12909-021-02581-3","EUR","1,432.00"
"10.1186/s12909-021-02591-1","EUR","1,432.00"
"10.1186/s12909-021-02592-0","EUR","1,432.00"
"10.1186/s12909-021-02603-0","EUR","1,432.00"
"10.1186/s12909-021-02627-6","EUR","1,432.00"
"10.1186/s12909-021-02657-0","EUR","1,432.00"
"10.1186/s12909-021-02737-1","EUR","1,432.00"
"10.1186/s12909-021-02766-w","EUR","1,432.00"
"10.1186/s12909-021-02784-8","EUR","1,432.00"
"10.1186/s12909-021-02788-4","EUR","1,432.00"
"10.1186/s12909-021-02798-2","EUR","1,432.00"
"10.1186/s12909-021-02804-7","EUR","1,432.00"
"10.1186/s12909-021-02829-y","EUR","1,432.00"
"10.1186/s12909-021-02848-9","EUR","1,432.00"
"10.1186/s12909-021-02862-x","EUR","1,432.00"
"10.1186/s12909-021-02868-5","EUR","1,432.00"
"10.1186/s12909-021-02880-9","EUR","1,432.00"
"10.1186/s12909-021-02889-0","EUR","1,432.00"
"10.1186/s12909-021-02901-7","EUR","1,432.00"
"10.1186/s12909-021-02933-z","EUR","1,432.00"
"10.1186/s12909-021-02937-9","EUR","1,432.00"
"10.1186/s12909-021-02938-8","EUR","1,432.00"
"10.1186/s12909-021-02967-3","EUR","1,432.00"
"10.1186/s12909-021-03030-x","EUR","1,432.00"
"10.1186/s12909-021-03043-6","EUR","1,432.00"
"10.1186/s12909-021-03057-0","EUR","1,432.00"
"10.1186/s12909-021-03061-4","EUR","1,432.00"
"10.1186/s12910-021-00590-x","EUR","1,068.12"
"10.1186/s12910-021-00593-8","EUR","1,068.12"
"10.1186/s12910-021-00607-5","EUR","1,068.12"
"10.1186/s12910-021-00614-6","EUR","1,068.12"
"10.1186/s12910-021-00622-6","EUR","1,068.12"
"10.1186/s12910-021-00660-0","EUR","1,068.12"
"10.1186/s12910-021-00661-z","EUR","1,068.12"
"10.1186/s12910-021-00666-8","EUR","1,068.12"
"10.1186/s12910-021-00668-6","EUR","1,068.12"
"10.1186/s12910-021-00679-3","EUR","1,068.12"
"10.1186/s12910-021-00682-8","EUR","1,068.12"
"10.1186/s12910-021-00704-5","EUR","1,068.12"
"10.1186/s12910-021-00728-x","EUR","1,068.12"
"10.1186/s12910-021-00730-3","EUR","1,068.12"
"10.1186/s12911-021-01401-4","EUR","1,512.00"
"10.1186/s12911-021-01428-7","EUR","1,512.00"
"10.1186/s12911-021-01433-w","EUR","1,512.00"
"10.1186/s12911-021-01435-8","EUR","1,512.00"
"10.1186/s12911-021-01458-1","EUR","1,512.00"
"10.1186/s12911-021-01506-w","EUR","1,512.00"
"10.1186/s12911-021-01512-y","EUR","1,512.00"
"10.1186/s12911-021-01524-8","EUR","1,512.00"
"10.1186/s12911-021-01528-4","EUR","1,512.00"
"10.1186/s12911-021-01553-3","EUR","1,512.00"
"10.1186/s12911-021-01579-7","EUR","1,512.00"
"10.1186/s12911-021-01596-6","EUR","1,512.00"
"10.1186/s12911-021-01602-x","EUR","1,512.00"
"10.1186/s12911-021-01605-8","EUR","1,512.00"
"10.1186/s12911-021-01607-6","EUR","1,512.00"
"10.1186/s12911-021-01655-y","EUR","1,512.00"
"10.1186/s12911-021-01656-x","EUR","1,512.00"
"10.1186/s12911-021-01685-6","EUR","1,512.00"
"10.1186/s12911-021-01698-1","EUR","1,512.00"
"10.1186/s12911-021-01719-z","EUR","1,512.00"
"10.1186/s12912-021-00581-8","EUR","1,482.12"
"10.1186/s12912-021-00654-8","EUR","1,482.12"
"10.1186/s12912-021-00687-z","EUR","1,482.12"
"10.1186/s12912-021-00770-5","EUR","1,482.12"
"10.1186/s12913-020-06035-2","EUR","1,632.00"
"10.1186/s12913-020-06053-0","EUR","1,632.00"
"10.1186/s12913-021-06137-5","EUR","1,689.12"
"10.1186/s12913-021-06138-4","EUR","1,689.12"
"10.1186/s12913-021-06177-x","EUR","1,689.12"
"10.1186/s12913-021-06196-8","EUR","1,689.12"
"10.1186/s12913-021-06207-8","EUR","1,689.12"
"10.1186/s12913-021-06218-5","EUR","1,689.12"
"10.1186/s12913-021-06234-5","EUR","1,689.12"
"10.1186/s12913-021-06308-4","EUR","1,689.12"
"10.1186/s12913-021-06314-6","EUR","1,689.12"
"10.1186/s12913-021-06359-7","EUR","1,689.12"
"10.1186/s12913-021-06377-5","EUR","1,689.12"
"10.1186/s12913-021-06378-4","EUR","1,689.12"
"10.1186/s12913-021-06384-6","EUR","1,689.12"
"10.1186/s12913-021-06387-3","EUR","1,689.12"
"10.1186/s12913-021-06395-3","EUR","1,689.12"
"10.1186/s12913-021-06407-2","EUR","1,689.12"
"10.1186/s12913-021-06430-3","EUR","1,689.12"
"10.1186/s12913-021-06514-0","EUR","1,689.12"
"10.1186/s12913-021-06586-y","EUR","1,689.12"
"10.1186/s12913-021-06587-x","EUR","1,689.12"
"10.1186/s12913-021-06596-w","EUR","1,689.12"
"10.1186/s12913-021-06599-7","EUR","1,689.12"
"10.1186/s12913-021-06604-z","EUR","1,689.12"
"10.1186/s12913-021-06614-x","EUR","1,689.12"
"10.1186/s12913-021-06622-x","EUR","1,689.12"
"10.1186/s12913-021-06629-4","EUR","1,689.12"
"10.1186/s12913-021-06632-9","EUR","1,689.12"
"10.1186/s12913-021-06641-8","EUR","1,689.12"
"10.1186/s12913-021-06676-x","EUR","1,689.12"
"10.1186/s12913-021-06708-6","EUR","1,689.12"
"10.1186/s12913-021-06743-3","EUR","1,689.12"
"10.1186/s12913-021-06748-y","EUR","1,689.12"
"10.1186/s12913-021-06779-5","EUR","1,689.12"
"10.1186/s12913-021-06794-6","EUR","1,689.12"
"10.1186/s12913-021-06863-w","EUR","1,689.12"
"10.1186/s12913-021-06901-7","EUR","1,689.12"
"10.1186/s12913-021-06926-y","EUR","1,689.12"
"10.1186/s12913-021-06929-9","EUR","1,689.12"
"10.1186/s12913-021-06950-y","EUR","1,689.12"
"10.1186/s12913-021-06970-8","EUR","1,689.12"
"10.1186/s12913-021-06987-z","EUR","1,689.12"
"10.1186/s12913-021-07012-z","EUR","1,689.12"
"10.1186/s12913-021-07017-8","EUR","1,689.12"
"10.1186/s12913-021-07061-4","EUR","1,689.12"
"10.1186/s12913-021-07067-y","EUR","1,689.12"
"10.1186/s12913-021-07094-9","EUR","1,689.12"
"10.1186/s12913-021-07100-0","EUR","1,689.12"
"10.1186/s12913-021-07124-6","EUR","1,689.12"
"10.1186/s12913-021-07140-6","EUR","1,689.12"
"10.1186/s12913-021-07217-2","EUR","1,689.12"
"10.1186/s12913-021-07220-7","EUR","1,689.12"
"10.1186/s12913-021-07226-1","EUR","1,689.12"
"10.1186/s12913-021-07234-1","EUR","1,689.12"
"10.1186/s12913-021-07235-0","EUR","1,689.12"
"10.1186/s12913-021-07261-y","EUR","1,689.12"
"10.1186/s12913-021-07303-5","EUR","1,689.12"
"10.1186/s12913-021-07327-x","EUR","1,689.12"
"10.1186/s12913-021-07333-z","EUR","1,689.12"
"10.1186/s12913-021-07337-9","EUR","1,689.12"
"10.1186/s12913-021-07354-8","EUR","1,689.12"
"10.1186/s12913-021-07377-1","EUR","1,689.12"
"10.1186/s12915-021-00950-4","EUR","2,061.72"
"10.1186/s12915-021-00958-w","EUR","2,061.72"
"10.1186/s12915-021-00978-6","EUR","2,061.72"
"10.1186/s12915-021-00986-6","EUR","2,061.72"
"10.1186/s12915-021-00988-4","EUR","2,061.72"
"10.1186/s12915-021-00993-7","EUR","2,061.72"
"10.1186/s12915-021-01000-9","EUR","2,061.72"
"10.1186/s12915-021-01016-1","EUR","2,061.72"
"10.1186/s12915-021-01020-5","EUR","2,061.72"
"10.1186/s12915-021-01028-x","EUR","2,061.72"
"10.1186/s12915-021-01046-9","EUR","2,061.72"
"10.1186/s12915-021-01055-8","EUR","2,061.72"
"10.1186/s12915-021-01083-4","EUR","2,061.72"
"10.1186/s12915-021-01088-z","EUR","2,061.72"
"10.1186/s12915-021-01101-5","EUR","2,061.72"
"10.1186/s12915-021-01104-2","EUR","2,061.72"
"10.1186/s12915-021-01124-y","EUR","2,061.72"
"10.1186/s12915-021-01136-8","EUR","2,061.72"
"10.1186/s12915-021-01141-x","EUR","2,061.72"
"10.1186/s12915-021-01145-7","EUR","2,061.72"
"10.1186/s12915-021-01151-9","EUR","2,061.72"
"10.1186/s12915-021-01167-1","EUR","2,061.72"
"10.1186/s12915-021-01197-9","EUR","2,061.72"
"10.1186/s12916-020-01826-0","EUR","2,312.00"
"10.1186/s12916-020-01884-4","EUR","2,312.00"
"10.1186/s12916-021-01915-8","EUR","2,312.00"
"10.1186/s12916-021-01917-6","EUR","2,312.00"
"10.1186/s12916-021-01962-1","EUR","2,312.00"
"10.1186/s12916-021-02028-y","EUR","2,312.00"
"10.1186/s12916-021-02035-z","EUR","2,312.00"
"10.1186/s12916-021-02058-6","EUR","2,312.00"
"10.1186/s12916-021-02139-6","EUR","2,312.00"
"10.1186/s12916-021-02156-5","EUR","2,312.00"
"10.1186/s12916-021-02158-3","EUR","2,312.00"
"10.1186/s12916-021-02195-y","EUR","2,312.00"
"10.1186/s12917-020-02735-3","EUR","1,592.00"
"10.1186/s12917-021-02748-6","EUR","1,647.72"
"10.1186/s12917-021-02759-3","EUR","1,647.72"
"10.1186/s12917-021-02763-7","EUR","1,647.72"
"10.1186/s12917-021-02787-z","EUR","1,647.72"
"10.1186/s12917-021-02826-9","EUR","1,647.72"
"10.1186/s12917-021-02845-6","EUR","1,647.72"
"10.1186/s12917-021-02877-y","EUR","1,647.72"
"10.1186/s12917-021-02896-9","EUR","1,647.72"
"10.1186/s12917-021-02914-w","EUR","1,647.72"
"10.1186/s12917-021-02919-5","EUR","1,647.72"
"10.1186/s12917-021-02923-9","EUR","1,647.72"
"10.1186/s12917-021-02931-9","EUR","1,647.72"
"10.1186/s12917-021-02945-3","EUR","1,647.72"
"10.1186/s12917-021-02996-6","EUR","1,647.72"
"10.1186/s12917-021-03101-7","EUR","1,647.72"
"10.1186/s12920-021-00909-y","EUR","1,647.72"
"10.1186/s12920-021-01003-z","EUR","1,647.72"
"10.1186/s12920-021-01071-1","EUR","1,647.72"
"10.1186/s12931-020-01611-w","EUR","1,832.00"
"10.1186/s12931-021-01679-y","EUR","1,832.00"
"10.1186/s12931-021-01688-x","EUR","1,832.00"
"10.1186/s12931-021-01710-2","EUR","1,832.00"
"10.1186/s12931-021-01717-9","EUR","1,832.00"
"10.1186/s12931-021-01787-9","EUR","1,832.00"
"10.1186/s12931-021-01795-9","EUR","1,832.00"
"10.1186/s12931-021-01807-8","EUR","1,832.00"
"10.1186/s12931-021-01837-2","EUR","1,832.00"
"10.1186/s12931-021-01852-3","EUR","1,832.00"
"10.1186/s12931-021-01854-1","EUR","1,832.00"
"10.1186/s12931-021-01857-y","EUR","1,832.00"
"10.1186/s12931-021-01859-w","EUR","1,832.00"
"10.1186/s12931-021-01884-9","EUR","1,832.00"
"10.1186/s12931-021-01886-7","EUR","1,832.00"
"10.1186/s12931-021-01890-x","EUR","1,832.00"
"10.1186/s12931-021-01899-2","EUR","1,832.00"
"10.1186/s12933-020-01175-5","EUR","2,056.00"
"10.1186/s12933-020-01208-z","EUR","2,056.00"
"10.1186/s12933-021-01296-5","EUR","2,127.96"
"10.1186/s12933-021-01298-3","EUR","2,127.96"
"10.1186/s12933-021-01299-2","EUR","2,127.96"
"10.1186/s12933-021-01358-8","EUR","2,127.96"
"10.1186/s12933-021-01363-x","EUR","2,127.96"
"10.1186/s12933-021-01410-7","EUR","2,127.96"
"10.1186/s12933-021-01413-4","EUR","2,127.96"
"10.1186/s12934-021-01517-2","EUR","1,689.12"
"10.1186/s12934-021-01539-w","EUR","1,689.12"
"10.1186/s12934-021-01541-2","EUR","1,689.12"
"10.1186/s12934-021-01554-x","EUR","1,689.12"
"10.1186/s12934-021-01562-x","EUR","1,689.12"
"10.1186/s12934-021-01586-3","EUR","1,689.12"
"10.1186/s12934-021-01595-2","EUR","1,689.12"
"10.1186/s12934-021-01642-y","EUR","1,689.12"
"10.1186/s12934-021-01650-y","EUR","1,689.12"
"10.1186/s12934-021-01661-9","EUR","1,689.12"
"10.1186/s12934-021-01663-7","EUR","1,689.12"
"10.1186/s12934-021-01672-6","EUR","1,689.12"
"10.1186/s12934-021-01673-5","EUR","1,689.12"
"10.1186/s12934-021-01679-z","EUR","1,689.12"
"10.1186/s12934-021-01690-4","EUR","1,689.12"
"10.1186/s12934-021-01692-2","EUR","1,689.12"
"10.1186/s12934-021-01710-3","EUR","1,689.12"
"10.1186/s12935-021-02259-2","EUR","1,832.00"
"10.1186/s12936-020-03548-3","EUR","1,496.00"
"10.1186/s12936-021-03595-4","EUR","1,548.36"
"10.1186/s12936-021-03678-2","EUR","1,548.36"
"10.1186/s12936-021-03851-7","EUR","1,548.36"
"10.1186/s12936-021-03872-2","EUR","1,548.36"
"10.1186/s12936-021-03918-5","EUR","1,548.36"
"10.1186/s12936-021-03948-z","EUR","1,548.36"
"10.1186/s12936-021-03960-3","EUR","1,548.36"
"10.1186/s12936-021-03961-2","EUR","1,548.36"
"10.1186/s12936-021-03968-9","EUR","1,548.36"
"10.1186/s12937-021-00699-0","EUR","1,832.00"
"10.1186/s12938-020-00841-9","EUR","1,352.00"
"10.1186/s12938-021-00876-6","EUR","1,399.32"
"10.1186/s12938-021-00880-w","EUR","1,399.32"
"10.1186/s12938-021-00884-6","EUR","1,399.32"
"10.1186/s12938-021-00900-9","EUR","1,399.32"
"10.1186/s12938-021-00938-9","EUR","1,399.32"
"10.1186/s12939-020-01375-1","EUR","1,736.00"
"10.1186/s12940-021-00777-0","EUR","1,689.12"
"10.1186/s12940-021-00781-4","EUR","1,689.12"
"10.1186/s12941-021-00490-3","EUR","1,832.00"
"10.1186/s12942-021-00263-3","EUR","1,796.76"
"10.1186/s12942-021-00268-y","EUR","1,796.76"
"10.1186/s12942-021-00278-w","EUR","1,796.76"
"10.1186/s12942-021-00284-y","EUR","1,796.76"
"10.1186/s12942-021-00290-0","EUR","1,796.76"
"10.1186/s12943-021-01328-4","EUR","2,889.72"
"10.1186/s12943-021-01339-1","EUR","2,889.72"
"10.1186/s12944-021-01431-x","EUR","1,432.00"
"10.1186/s12944-021-01476-y","EUR","1,432.00"
"10.1186/s12944-021-01508-7","EUR","1,432.00"
"10.1186/s12944-021-01552-3","EUR","1,432.00"
"10.1186/s12944-021-01567-w","EUR","1,432.00"
"10.1186/s12948-021-00163-8","EUR","1,432.00"
"10.1186/s12950-021-00290-8","EUR","1,832.00"
"10.1186/s12951-021-00795-7","EUR","1,896.12"
"10.1186/s12951-021-00801-y","EUR","1,896.12"
"10.1186/s12951-021-00830-7","EUR","1,896.12"
"10.1186/s12951-021-00994-2","EUR","1,896.12"
"10.1186/s12954-021-00462-y","EUR","1,796.76"
"10.1186/s12954-021-00480-w","EUR","1,796.76"
"10.1186/s12954-021-00567-4","EUR","1,796.76"
"10.1186/s12955-021-01682-3","EUR","1,592.00"
"10.1186/s12955-021-01690-3","EUR","1,592.00"
"10.1186/s12955-021-01699-8","EUR","1,592.00"
"10.1186/s12955-021-01701-3","EUR","1,592.00"
"10.1186/s12955-021-01705-z","EUR","1,592.00"
"10.1186/s12955-021-01716-w","EUR","1,592.00"
"10.1186/s12955-021-01719-7","EUR","1,592.00"
"10.1186/s12955-021-01722-y","EUR","1,592.00"
"10.1186/s12955-021-01738-4","EUR","1,592.00"
"10.1186/s12955-021-01753-5","EUR","1,592.00"
"10.1186/s12955-021-01784-y","EUR","1,592.00"
"10.1186/s12955-021-01807-8","EUR","1,592.00"
"10.1186/s12955-021-01866-x","EUR","1,592.00"
"10.1186/s12957-021-02169-7","EUR","1,647.72"
"10.1186/s12958-021-00761-w","EUR","1,796.76"
"10.1186/s12959-021-00263-0","EUR","1,647.72"
"10.1186/s12959-021-00267-w","EUR","1,647.72"
"10.1186/s12959-021-00293-8","EUR","1,647.72"
"10.1186/s12959-021-00313-7","EUR","1,647.72"
"10.1186/s12959-021-00360-0","EUR","1,647.72"
"10.1186/s12960-021-00558-3","EUR","1,796.76"
"10.1186/s12961-020-00675-w","EUR","1,736.00"
"10.1186/s12961-021-00681-6","EUR","1,752.00"
"10.1186/s12961-021-00699-w","EUR","1,752.00"
"10.1186/s12961-021-00727-9","EUR","1,752.00"
"10.1186/s12961-021-00729-7","EUR","1,752.00"
"10.1186/s12961-021-00736-8","EUR","1,752.00"
"10.1186/s12962-021-00261-z","EUR","1,512.00"
"10.1186/s12962-021-00273-9","EUR","1,512.00"
"10.1186/s12962-021-00279-3","EUR","1,512.00"
"10.1186/s12962-021-00313-4","EUR","1,512.00"
"10.1186/s12962-021-00322-3","EUR","1,512.00"
"10.1186/s12963-021-00264-1","EUR","1,647.72"
"10.1186/s12963-021-00266-z","EUR","1,647.72"
"10.1186/s12963-021-00275-y","EUR","1,647.72"
"10.1186/s12963-021-00280-1","EUR","1,647.72"
"10.1186/s12964-020-00690-y","EUR","2,312.00"
"10.1186/s12964-020-00702-x","EUR","2,312.00"
"10.1186/s12964-021-00722-1","EUR","2,232.00"
"10.1186/s12964-021-00724-z","EUR","2,232.00"
"10.1186/s12964-021-00770-7","EUR","2,232.00"
"10.1186/s12964-021-00801-3","EUR","2,232.00"
"10.1186/s12966-020-01075-7","EUR","1,736.00"
"10.1186/s12966-021-01111-0","EUR","1,796.76"
"10.1186/s12966-021-01131-w","EUR","1,796.76"
"10.1186/s12966-021-01170-3","EUR","1,796.76"
"10.1186/s12966-021-01171-2","EUR","1,796.76"
"10.1186/s12966-021-01186-9","EUR","1,796.76"
"10.1186/s12966-021-01187-8","EUR","1,796.76"
"10.1186/s12966-021-01190-z","EUR","1,796.76"
"10.1186/s12967-020-02599-z","EUR","1,992.00"
"10.1186/s12967-020-02678-1","EUR","1,992.00"
"10.1186/s12967-021-02774-w","EUR","1,992.00"
"10.1186/s12967-021-02783-9","EUR","1,992.00"
"10.1186/s12967-021-02810-9","EUR","1,992.00"
"10.1186/s12967-021-02833-2","EUR","1,992.00"
"10.1186/s12967-021-02858-7","EUR","1,992.00"
"10.1186/s12967-021-02859-6","EUR","1,992.00"
"10.1186/s12967-021-02908-0","EUR","1,992.00"
"10.1186/s12967-021-02910-6","EUR","1,992.00"
"10.1186/s12967-021-03022-x","EUR","1,992.00"
"10.1186/s12967-021-03143-3","EUR","1,992.00"
"10.1186/s12967-021-03146-0","EUR","1,992.00"
"10.1186/s12968-020-00686-0","EUR","1,736.00"
"10.1186/s12968-020-00692-2","EUR","1,736.00"
"10.1186/s12968-020-00698-w","EUR","1,736.00"
"10.1186/s12968-021-00711-w","EUR","1,736.00"
"10.1186/s12968-021-00725-4","EUR","1,736.00"
"10.1186/s12968-021-00731-6","EUR","1,736.00"
"10.1186/s12968-021-00754-z","EUR","1,736.00"
"10.1186/s12968-021-00760-1","EUR","1,736.00"
"10.1186/s12968-021-00762-z","EUR","1,736.00"
"10.1186/s12968-021-00775-8","EUR","1,736.00"
"10.1186/s12968-021-00783-8","EUR","1,736.00"
"10.1186/s12968-021-00788-3","EUR","1,736.00"
"10.1186/s12968-021-00810-8","EUR","1,736.00"
"10.1186/s12968-021-00812-6","EUR","1,736.00"
"10.1186/s12969-021-00509-1","EUR","1,752.00"
"10.1186/s12969-021-00510-8","EUR","1,752.00"
"10.1186/s12969-021-00522-4","EUR","1,752.00"
"10.1186/s12969-021-00553-x","EUR","1,752.00"
"10.1186/s12969-021-00588-0","EUR","1,752.00"
"10.1186/s12969-021-00644-9","EUR","1,752.00"
"10.1186/s12969-021-00653-8","EUR","1,752.00"
"10.1186/s12970-021-00439-z","EUR","1,632.00"
"10.1186/s12970-021-00470-0","EUR","1,632.00"
"10.1186/s12974-020-02048-0","EUR","1,904.00"
"10.1186/s12974-021-02077-3","EUR","1,970.64"
"10.1186/s12974-021-02085-3","EUR","1,970.64"
"10.1186/s12974-021-02095-1","EUR","1,970.64"
"10.1186/s12974-021-02130-1","EUR","1,970.64"
"10.1186/s12974-021-02138-7","EUR","1,970.64"
"10.1186/s12974-021-02140-z","EUR","1,970.64"
"10.1186/s12974-021-02160-9","EUR","1,970.64"
"10.1186/s12974-021-02230-y","EUR","1,970.64"
"10.1186/s12974-021-02286-w","EUR","1,970.64"
"10.1186/s12974-021-02293-x","EUR","1,970.64"
"10.1186/s12974-021-02296-8","EUR","1,970.64"
"10.1186/s12974-021-02314-9","EUR","1,970.64"
"10.1186/s12974-021-02316-7","EUR","1,970.64"
"10.1186/s12974-021-02350-5","EUR","1,970.64"
"10.1186/s12976-021-00142-1","EUR","1,689.12"
"10.1186/s12977-021-00548-2","EUR","1,896.12"
"10.1186/s12978-021-01151-6","EUR","1,752.00"
"10.1186/s12979-021-00230-3","EUR","1,832.00"
"10.1186/s12981-021-00361-z","EUR","1,752.00"
"10.1186/s12981-021-00384-6","EUR","1,752.00"
"10.1186/s12981-021-00386-4","EUR","1,752.00"
"10.1186/s12981-021-00407-2","EUR","1,752.00"
"10.1186/s12982-021-00097-1","EUR","1,482.12"
"10.1186/s12983-021-00389-x","EUR","1,647.72"
"10.1186/s12983-021-00396-y","EUR","1,647.72"
"10.1186/s12983-021-00404-1","EUR","1,647.72"
"10.1186/s12983-021-00405-0","EUR","1,647.72"
"10.1186/s12983-021-00418-9","EUR","1,647.72"
"10.1186/s12983-021-00422-z","EUR","1,647.72"
"10.1186/s12983-021-00427-8","EUR","1,647.72"
"10.1186/s12983-021-00435-8","EUR","1,647.72"
"10.1186/s12983-021-00444-7","EUR","1,647.72"
"10.1186/s12983-021-00445-6","EUR","1,647.72"
"10.1186/s12984-021-00822-6","EUR","1,896.12"
"10.1186/s12984-021-00828-0","EUR","1,896.12"
"10.1186/s12984-021-00848-w","EUR","1,896.12"
"10.1186/s12984-021-00871-x","EUR","1,896.12"
"10.1186/s12984-021-00875-7","EUR","1,896.12"
"10.1186/s12984-021-00883-7","EUR","1,896.12"
"10.1186/s12984-021-00920-5","EUR","1,896.12"
"10.1186/s12985-021-01493-4","EUR","1,689.12"
"10.1186/s12985-021-01540-0","EUR","1,689.12"
"10.1186/s12985-021-01541-z","EUR","1,689.12"
"10.1186/s12985-021-01559-3","EUR","1,689.12"
"10.1186/s12985-021-01636-7","EUR","1,689.12"
"10.1186/s12985-021-01640-x","EUR","1,689.12"
"10.1186/s12985-021-01651-8","EUR","1,689.12"
"10.1186/s12986-021-00556-1","EUR","1,832.00"
"10.1186/s12986-021-00594-9","EUR","1,832.00"
"10.1186/s12986-021-00599-4","EUR","1,832.00"
"10.1186/s12987-021-00260-5","EUR","1,796.76"
"10.1186/s12987-021-00266-z","EUR","1,796.76"
"10.1186/s12987-021-00268-x","EUR","1,796.76"
"10.1186/s12987-021-00288-7","EUR","1,796.76"
"10.1186/s12989-021-00441-y","EUR","2,219.04"
"10.1186/s12992-021-00670-y","EUR","1,689.12"
"10.1186/s12992-021-00742-z","EUR","1,689.12"
"10.1186/s12992-021-00743-y","EUR","1,689.12"
"10.1186/s12992-021-00776-3","EUR","1,689.12"
"10.1186/s12995-021-00292-5","EUR","1,689.12"
"10.1186/s12995-021-00294-3","EUR","1,689.12"
"10.1186/s12995-021-00296-1","EUR","1,689.12"
"10.1186/s12995-021-00297-0","EUR","1,689.12"
"10.1186/s12995-021-00299-y","EUR","1,689.12"
"10.1186/s12995-021-00300-8","EUR","1,689.12"
"10.1186/s12995-021-00303-5","EUR","1,689.12"
"10.1186/s12995-021-00306-2","EUR","1,689.12"
"10.1186/s12995-021-00313-3","EUR","1,689.12"
"10.1186/s12995-021-00314-2","EUR","1,689.12"
"10.1186/s12995-021-00316-0","EUR","1,689.12"
"10.1186/s12995-021-00317-z","EUR","1,689.12"
"10.1186/s12995-021-00318-y","EUR","1,689.12"
"10.1186/s12995-021-00320-4","EUR","1,689.12"
"10.1186/s12995-021-00324-0","EUR","1,689.12"
"10.1186/s12995-021-00327-x","EUR","1,689.12"
"10.1186/s12995-021-00329-9","EUR","1,689.12"
"10.1186/s12995-021-00330-2","EUR","1,689.12"
"10.1186/s12995-021-00333-z","EUR","1,689.12"
"10.1186/s12995-021-00334-y","EUR","1,689.12"
"10.1186/s12995-021-00335-x","EUR","1,689.12"
"10.1186/s12995-021-00336-w","EUR","1,689.12"
"10.1186/s12995-021-00337-9","EUR","1,689.12"
"10.1186/s12995-021-00338-8","EUR","1,689.12"
"10.1186/s12995-021-00339-7","EUR","1,689.12"
"10.1186/s13000-021-01112-4","EUR","1,752.00"
"10.1186/s13000-021-01126-y","EUR","1,752.00"
"10.1186/s13005-020-00254-y","EUR","1,496.00"
"10.1186/s13005-021-00255-5","EUR","1,548.36"
"10.1186/s13005-021-00259-1","EUR","1,548.36"
"10.1186/s13005-021-00264-4","EUR","1,548.36"
"10.1186/s13005-021-00265-3","EUR","1,548.36"
"10.1186/s13005-021-00266-2","EUR","1,548.36"
"10.1186/s13005-021-00275-1","EUR","1,548.36"
"10.1186/s13005-021-00278-y","EUR","1,548.36"
"10.1186/s13005-021-00279-x","EUR","1,548.36"
"10.1186/s13005-021-00287-x","EUR","1,548.36"
"10.1186/s13005-021-00289-9","EUR","1,548.36"
"10.1186/s13005-021-00290-2","EUR","1,548.36"
"10.1186/s13005-021-00292-0","EUR","1,548.36"
"10.1186/s13005-021-00295-x","EUR","1,548.36"
"10.1186/s13005-021-00296-w","EUR","1,548.36"
"10.1186/s13005-021-00304-z","EUR","1,548.36"
"10.1186/s13007-021-00718-5","EUR","1,592.00"
"10.1186/s13007-021-00732-7","EUR","1,592.00"
"10.1186/s13007-021-00735-4","EUR","1,592.00"
"10.1186/s13007-021-00758-x","EUR","1,592.00"
"10.1186/s13007-021-00787-6","EUR","1,592.00"
"10.1186/s13007-021-00831-5","EUR","1,592.00"
"10.1186/s13011-021-00373-y","EUR","1,689.12"
"10.1186/s13012-021-01150-y","EUR","1,796.76"
"10.1186/s13012-021-01159-3","EUR","1,796.76"
"10.1186/s13012-021-01174-4","EUR","1,796.76"
"10.1186/s13014-020-01737-7","EUR","1,736.00"
"10.1186/s13014-020-01744-8","EUR","1,736.00"
"10.1186/s13014-021-01748-y","EUR","1,752.00"
"10.1186/s13014-021-01749-x","EUR","1,752.00"
"10.1186/s13014-021-01757-x","EUR","1,752.00"
"10.1186/s13014-021-01762-0","EUR","1,752.00"
"10.1186/s13014-021-01779-5","EUR","1,752.00"
"10.1186/s13014-021-01785-7","EUR","1,752.00"
"10.1186/s13014-021-01788-4","EUR","1,752.00"
"10.1186/s13014-021-01789-3","EUR","1,752.00"
"10.1186/s13014-021-01790-w","EUR","1,752.00"
"10.1186/s13014-021-01792-8","EUR","1,752.00"
"10.1186/s13014-021-01803-8","EUR","1,752.00"
"10.1186/s13014-021-01805-6","EUR","1,752.00"
"10.1186/s13014-021-01811-8","EUR","1,752.00"
"10.1186/s13014-021-01825-2","EUR","1,752.00"
"10.1186/s13014-021-01832-3","EUR","1,752.00"
"10.1186/s13014-021-01859-6","EUR","1,752.00"
"10.1186/s13014-021-01868-5","EUR","1,752.00"
"10.1186/s13014-021-01872-9","EUR","1,752.00"
"10.1186/s13014-021-01886-3","EUR","1,752.00"
"10.1186/s13014-021-01902-6","EUR","1,752.00"
"10.1186/s13014-021-01904-4","EUR","1,752.00"
"10.1186/s13014-021-01933-z","EUR","1,752.00"
"10.1186/s13014-021-01938-8","EUR","1,752.00"
"10.1186/s13014-021-01962-8","EUR","1,752.00"
"10.1186/s13014-021-01965-5","EUR","1,752.00"
"10.1186/s13015-021-00181-w","EUR","1,399.32"
"10.1186/s13015-021-00183-8","EUR","1,399.32"
"10.1186/s13015-021-00186-5","EUR","1,399.32"
"10.1186/s13015-021-00191-8","EUR","1,399.32"
"10.1186/s13015-021-00193-6","EUR","1,399.32"
"10.1186/s13015-021-00196-3","EUR","1,399.32"
"10.1186/s13015-021-00199-0","EUR","1,399.32"
"10.1186/s13015-021-00202-8","EUR","1,399.32"
"10.1186/s13017-021-00388-7","EUR","2,061.72"
"10.1186/s13018-021-02212-z","EUR","1,592.00"
"10.1186/s13018-021-02282-z","EUR","1,592.00"
"10.1186/s13018-021-02297-6","EUR","1,592.00"
"10.1186/s13018-021-02315-7","EUR","1,592.00"
"10.1186/s13018-021-02330-8","EUR","1,592.00"
"10.1186/s13018-021-02340-6","EUR","1,592.00"
"10.1186/s13018-021-02383-9","EUR","1,592.00"
"10.1186/s13018-021-02384-8","EUR","1,592.00"
"10.1186/s13018-021-02411-8","EUR","1,592.00"
"10.1186/s13018-021-02424-3","EUR","1,592.00"
"10.1186/s13018-021-02474-7","EUR","1,592.00"
"10.1186/s13018-021-02484-5","EUR","1,592.00"
"10.1186/s13018-021-02497-0","EUR","1,592.00"
"10.1186/s13018-021-02524-0","EUR","1,592.00"
"10.1186/s13018-021-02537-9","EUR","1,592.00"
"10.1186/s13018-021-02634-9","EUR","1,592.00"
"10.1186/s13018-021-02654-5","EUR","1,592.00"
"10.1186/s13018-021-02678-x","EUR","1,592.00"
"10.1186/s13018-021-02684-z","EUR","1,592.00"
"10.1186/s13018-021-02696-9","EUR","1,592.00"
"10.1186/s13018-021-02711-z","EUR","1,592.00"
"10.1186/s13018-021-02716-8","EUR","1,592.00"
"10.1186/s13018-021-02741-7","EUR","1,592.00"
"10.1186/s13018-021-02750-6","EUR","1,592.00"
"10.1186/s13018-021-02760-4","EUR","1,592.00"
"10.1186/s13018-021-02765-z","EUR","1,592.00"
"10.1186/s13018-021-02767-x","EUR","1,592.00"
"10.1186/s13018-021-02768-w","EUR","1,592.00"
"10.1186/s13018-021-02770-2","EUR","1,592.00"
"10.1186/s13018-021-02830-7","EUR","1,592.00"
"10.1186/s13018-021-02838-z","EUR","1,592.00"
"10.1186/s13018-021-02843-2","EUR","1,592.00"
"10.1186/s13019-021-01400-6","EUR","1,592.00"
"10.1186/s13019-021-01405-1","EUR","1,592.00"
"10.1186/s13019-021-01411-3","EUR","1,592.00"
"10.1186/s13019-021-01419-9","EUR","1,592.00"
"10.1186/s13019-021-01454-6","EUR","1,592.00"
"10.1186/s13019-021-01460-8","EUR","1,592.00"
"10.1186/s13019-021-01491-1","EUR","1,592.00"
"10.1186/s13019-021-01508-9","EUR","1,592.00"
"10.1186/s13019-021-01510-1","EUR","1,592.00"
"10.1186/s13019-021-01517-8","EUR","1,592.00"
"10.1186/s13019-021-01555-2","EUR","1,592.00"
"10.1186/s13019-021-01579-8","EUR","1,592.00"
"10.1186/s13019-021-01583-y","EUR","1,592.00"
"10.1186/s13019-021-01589-6","EUR","1,592.00"
"10.1186/s13019-021-01693-7","EUR","1,592.00"
"10.1186/s13019-021-01706-5","EUR","1,592.00"
"10.1186/s13020-021-00536-w","EUR","1,796.00"
"10.1186/s13021-020-00167-y","EUR",848.00
"10.1186/s13021-021-00168-5","EUR",877.68
"10.1186/s13023-020-01649-5","EUR","1,736.00"
"10.1186/s13023-020-01659-3","EUR","1,736.00"
"10.1186/s13023-020-01660-w","EUR","1,736.00"
"10.1186/s13023-020-01661-9","EUR","1,736.00"
"10.1186/s13023-021-01672-0","EUR","1,736.00"
"10.1186/s13023-021-01683-x","EUR","1,736.00"
"10.1186/s13023-021-01690-y","EUR","1,736.00"
"10.1186/s13023-021-01724-5","EUR","1,736.00"
"10.1186/s13023-021-01726-3","EUR","1,736.00"
"10.1186/s13023-021-01735-2","EUR","1,736.00"
"10.1186/s13023-021-01744-1","EUR","1,736.00"
"10.1186/s13023-021-01748-x","EUR","1,736.00"
"10.1186/s13023-021-01750-3","EUR","1,736.00"
"10.1186/s13023-021-01760-1","EUR","1,736.00"
"10.1186/s13023-021-01799-0","EUR","1,736.00"
"10.1186/s13023-021-01800-w","EUR","1,736.00"
"10.1186/s13023-021-01826-0","EUR","1,736.00"
"10.1186/s13023-021-01831-3","EUR","1,736.00"
"10.1186/s13023-021-01838-w","EUR","1,736.00"
"10.1186/s13023-021-01847-9","EUR","1,736.00"
"10.1186/s13023-021-01872-8","EUR","1,736.00"
"10.1186/s13023-021-01899-x","EUR","1,736.00"
"10.1186/s13023-021-01945-8","EUR","1,736.00"
"10.1186/s13023-021-01961-8","EUR","1,736.00"
"10.1186/s13023-021-01968-1","EUR","1,736.00"
"10.1186/s13023-021-01971-6","EUR","1,736.00"
"10.1186/s13023-021-01991-2","EUR","1,736.00"
"10.1186/s13023-021-01998-9","EUR","1,736.00"
"10.1186/s13023-021-02006-w","EUR","1,736.00"
"10.1186/s13023-021-02011-z","EUR","1,736.00"
"10.1186/s13023-021-02024-8","EUR","1,736.00"
"10.1186/s13023-021-02075-x","EUR","1,736.00"
"10.1186/s13023-021-02080-0","EUR","1,736.00"
"10.1186/s13023-021-02084-w","EUR","1,736.00"
"10.1186/s13023-021-02106-7","EUR","1,736.00"
"10.1186/s13023-021-02108-5","EUR","1,736.00"
"10.1186/s13023-021-02127-2","EUR","1,736.00"
"10.1186/s13023-021-02129-0","EUR","1,736.00"
"10.1186/s13024-021-00422-x","EUR","1,742.94"
"10.1186/s13024-021-00439-2","EUR","1,742.94"
"10.1186/s13024-021-00471-2","EUR","1,742.94"
"10.1186/s13024-021-00498-5","EUR","1,742.94"
"10.1186/s13028-020-00567-7","EUR","1,592.00"
"10.1186/s13028-021-00593-z","EUR","1,647.72"
"10.1186/s13031-021-00352-x","EUR","1,672.00"
"10.1186/s13031-021-00378-1","EUR","1,672.00"
"10.1186/s13031-021-00393-2","EUR","1,672.00"
"10.1186/s13033-021-00447-1","EUR","1,647.72"
"10.1186/s13033-021-00494-8","EUR","1,647.72"
"10.1186/s13034-021-00360-y","EUR","1,672.00"
"10.1186/s13034-021-00363-9","EUR","1,672.00"
"10.1186/s13034-021-00376-4","EUR","1,672.00"
"10.1186/s13034-021-00380-8","EUR","1,672.00"
"10.1186/s13034-021-00381-7","EUR","1,672.00"
"10.1186/s13034-021-00385-3","EUR","1,672.00"
"10.1186/s13034-021-00392-4","EUR","1,672.00"
"10.1186/s13034-021-00394-2","EUR","1,672.00"
"10.1186/s13034-021-00395-1","EUR","1,672.00"
"10.1186/s13034-021-00401-6","EUR","1,672.00"
"10.1186/s13034-021-00408-z","EUR","1,672.00"
"10.1186/s13034-021-00411-4","EUR","1,672.00"
"10.1186/s13034-021-00412-3","EUR","1,672.00"
"10.1186/s13034-021-00427-w","EUR","1,672.00"
"10.1186/s13034-021-00428-9","EUR","1,672.00"
"10.1186/s13034-021-00430-1","EUR","1,672.00"
"10.1186/s13034-021-00431-0","EUR","1,672.00"
"10.1186/s13036-021-00266-5","EUR","1,512.00"
"10.1186/s13036-021-00277-2","EUR","1,512.00"
"10.1186/s13037-021-00302-9","EUR","1,689.12"
"10.1186/s13037-021-00306-5","EUR","1,689.12"
"10.1186/s13039-020-00524-z","EUR","1,832.00"
"10.1186/s13039-021-00533-6","EUR","1,832.00"
"10.1186/s13039-021-00560-3","EUR","1,832.00"
"10.1186/s13041-020-00722-1","EUR","1,592.00"
"10.1186/s13041-020-00723-0","EUR","1,592.00"
"10.1186/s13045-021-01075-5","EUR","2,624.76"
"10.1186/s13045-021-01149-4","EUR","2,624.76"
"10.1186/s13045-021-01163-6","EUR","2,624.76"
"10.1186/s13046-020-01815-4","EUR","2,232.00"
"10.1186/s13046-021-01946-2","EUR","2,232.00"
"10.1186/s13046-021-01982-y","EUR","2,232.00"
"10.1186/s13046-021-02037-y","EUR","2,232.00"
"10.1186/s13046-021-02043-0","EUR","2,232.00"
"10.1186/s13046-021-02047-w","EUR","2,232.00"
"10.1186/s13046-021-02049-8","EUR","2,232.00"
"10.1186/s13046-021-02093-4","EUR","2,232.00"
"10.1186/s13046-021-02125-z","EUR","2,232.00"
"10.1186/s13046-021-02187-z","EUR","2,232.00"
"10.1186/s13047-021-00452-0","EUR","1,548.36"
"10.1186/s13047-021-00480-w","EUR","1,548.36"
"10.1186/s13047-021-00499-z","EUR","1,548.36"
"10.1186/s13048-021-00839-4","EUR","1,689.12"
"10.1186/s13049-020-00820-y","EUR","1,736.00"
"10.1186/s13049-020-00822-w","EUR","1,736.00"
"10.1186/s13049-020-00824-8","EUR","1,736.00"
"10.1186/s13049-021-00830-4","EUR","1,796.76"
"10.1186/s13049-021-00836-y","EUR","1,796.76"
"10.1186/s13049-021-00841-1","EUR","1,796.76"
"10.1186/s13049-021-00846-w","EUR","1,796.76"
"10.1186/s13049-021-00847-9","EUR","1,796.76"
"10.1186/s13049-021-00854-w","EUR","1,796.76"
"10.1186/s13049-021-00855-9","EUR","1,796.76"
"10.1186/s13049-021-00890-6","EUR","1,796.76"
"10.1186/s13049-021-00893-3","EUR","1,796.76"
"10.1186/s13049-021-00895-1","EUR","1,796.76"
"10.1186/s13049-021-00916-z","EUR","1,796.76"
"10.1186/s13049-021-00921-2","EUR","1,796.76"
"10.1186/s13049-021-00943-w","EUR","1,796.76"
"10.1186/s13049-021-00945-8","EUR","1,796.76"
"10.1186/s13049-021-00961-8","EUR","1,796.76"
"10.1186/s13049-021-00969-0","EUR","1,796.76"
"10.1186/s13049-021-00970-7","EUR","1,796.76"
"10.1186/s13049-021-00973-4","EUR","1,796.76"
"10.1186/s13052-021-01031-6","EUR","1,396.00"
"10.1186/s13053-021-00167-0","EUR","1,672.00"
"10.1186/s13053-021-00202-0","EUR","1,672.00"
"10.1186/s13054-020-03348-w","EUR","2,144.00"
"10.1186/s13054-021-03463-2","EUR","2,219.04"
"10.1186/s13054-021-03468-x","EUR","2,219.04"
"10.1186/s13054-021-03486-9","EUR","2,219.04"
"10.1186/s13054-021-03500-0","EUR","2,219.04"
"10.1186/s13054-021-03520-w","EUR","2,219.04"
"10.1186/s13054-021-03523-7","EUR","2,219.04"
"10.1186/s13054-021-03551-3","EUR","2,219.04"
"10.1186/s13054-021-03556-y","EUR","2,219.04"
"10.1186/s13054-021-03577-7","EUR","2,219.04"
"10.1186/s13054-021-03581-x","EUR","2,219.04"
"10.1186/s13054-021-03584-8","EUR","2,219.04"
"10.1186/s13054-021-03656-9","EUR","2,219.04"
"10.1186/s13054-021-03701-7","EUR","2,219.04"
"10.1186/s13054-021-03720-4","EUR","2,219.04"
"10.1186/s13054-021-03739-7","EUR","2,219.04"
"10.1186/s13054-021-03776-2","EUR","2,219.04"
"10.1186/s13054-021-03811-2","EUR","2,219.04"
"10.1186/s13054-021-03815-y","EUR","2,219.04"
"10.1186/s13054-021-03821-0","EUR","2,219.04"
"10.1186/s13054-021-03831-y","EUR","2,219.04"
"10.1186/s13054-021-03833-w","EUR","2,219.04"
"10.1186/s13058-021-01413-y","EUR","2,232.00"
"10.1186/s13058-021-01422-x","EUR","2,232.00"
"10.1186/s13059-021-02260-y","EUR","3,192.00"
"10.1186/s13059-021-02273-7","EUR","3,192.00"
"10.1186/s13059-021-02294-2","EUR","3,192.00"
"10.1186/s13059-021-02295-1","EUR","3,192.00"
"10.1186/s13059-021-02298-y","EUR","3,192.00"
"10.1186/s13059-021-02306-1","EUR","3,192.00"
"10.1186/s13059-021-02321-2","EUR","3,192.00"
"10.1186/s13059-021-02356-5","EUR","2,396.00"
"10.1186/s13059-021-02361-8","EUR","3,192.00"
"10.1186/s13059-021-02365-4","EUR","2,396.00"
"10.1186/s13059-021-02393-0","EUR","3,192.00"
"10.1186/s13059-021-02397-w","EUR","3,192.00"
"10.1186/s13059-021-02407-x","EUR","3,192.00"
"10.1186/s13059-021-02413-z","EUR","3,192.00"
"10.1186/s13059-021-02415-x","EUR","3,192.00"
"10.1186/s13059-021-02426-8","EUR","3,192.00"
"10.1186/s13059-021-02446-4","EUR","3,192.00"
"10.1186/s13059-021-02452-6","EUR","3,192.00"
"10.1186/s13059-021-02473-1","EUR","3,192.00"
"10.1186/s13059-021-02474-0","EUR","3,192.00"
"10.1186/s13059-021-02476-y","EUR","3,192.00"
"10.1186/s13059-021-02512-x","EUR","3,192.00"
"10.1186/s13059-021-02519-4","EUR","3,192.00"
"10.1186/s13059-021-02521-w","EUR","2,396.00"
"10.1186/s13059-021-02538-1","EUR","3,192.00"
"10.1186/s13059-021-02548-z","EUR","3,192.00"
"10.1186/s13059-021-02553-2","EUR","3,192.00"
"10.1186/s13062-021-00316-4","EUR","1,444.86"
"10.1186/s13063-020-04933-8","EUR","1,432.00"
"10.1186/s13063-020-04966-z","EUR","1,432.00"
"10.1186/s13063-020-04985-w","EUR","1,432.00"
"10.1186/s13063-020-05013-7","EUR","1,432.00"
"10.1186/s13063-021-05021-1","EUR","1,482.12"
"10.1186/s13063-021-05059-1","EUR","1,482.12"
"10.1186/s13063-021-05069-z","EUR","1,482.12"
"10.1186/s13063-021-05082-2","EUR","1,482.12"
"10.1186/s13063-021-05110-1","EUR","1,482.12"
"10.1186/s13063-021-05119-6","EUR","1,482.12"
"10.1186/s13063-021-05168-x","EUR","1,482.12"
"10.1186/s13063-021-05172-1","EUR","1,482.12"
"10.1186/s13063-021-05205-9","EUR","1,482.12"
"10.1186/s13063-021-05208-6","EUR","1,482.12"
"10.1186/s13063-021-05218-4","EUR","1,482.12"
"10.1186/s13063-021-05234-4","EUR","1,482.12"
"10.1186/s13063-021-05289-3","EUR","1,482.12"
"10.1186/s13063-021-05290-w","EUR","1,482.12"
"10.1186/s13063-021-05311-8","EUR","1,482.12"
"10.1186/s13063-021-05315-4","EUR","1,482.12"
"10.1186/s13063-021-05333-2","EUR","1,482.12"
"10.1186/s13063-021-05354-x","EUR","1,482.12"
"10.1186/s13063-021-05417-z","EUR","1,482.12"
"10.1186/s13063-021-05434-y","EUR","1,482.12"
"10.1186/s13063-021-05437-9","EUR","1,482.12"
"10.1186/s13063-021-05470-8","EUR","1,482.12"
"10.1186/s13063-021-05481-5","EUR","1,482.12"
"10.1186/s13063-021-05577-y","EUR","1,482.12"
"10.1186/s13063-021-05584-z","EUR","1,482.12"
"10.1186/s13063-021-05588-9","EUR","1,482.12"
"10.1186/s13063-021-05619-5","EUR","1,482.12"
"10.1186/s13063-021-05631-9","EUR","1,482.12"
"10.1186/s13063-021-05636-4","EUR","1,482.12"
"10.1186/s13063-021-05642-6","EUR","1,482.12"
"10.1186/s13063-021-05653-3","EUR","1,482.12"
"10.1186/s13063-021-05660-4","EUR","1,482.12"
"10.1186/s13063-021-05667-x","EUR","1,482.12"
"10.1186/s13063-021-05694-8","EUR","1,482.12"
"10.1186/s13063-021-05703-w","EUR","1,482.12"
"10.1186/s13063-021-05705-8","EUR","1,482.12"
"10.1186/s13063-021-05710-x","EUR",844.56
"10.1186/s13063-021-05727-2","EUR","1,482.12"
"10.1186/s13063-021-05769-6","EUR","1,482.12"
"10.1186/s13063-021-05796-3","EUR","1,482.12"
"10.1186/s13063-021-05823-3","EUR","1,482.12"
"10.1186/s13063-021-05835-z","EUR","1,482.12"
"10.1186/s13063-021-05862-w","EUR","1,482.12"
"10.1186/s13063-021-05937-8","EUR","1,482.12"
"10.1186/s13068-020-01870-1","EUR","1,832.00"
"10.1186/s13068-021-01880-7","EUR","1,832.00"
"10.1186/s13068-021-01901-5","EUR","1,832.00"
"10.1186/s13068-021-01927-9","EUR","1,832.00"
"10.1186/s13068-021-01966-2","EUR","1,832.00"
"10.1186/s13068-021-01981-3","EUR","1,832.00"
"10.1186/s13068-021-01985-z","EUR","1,832.00"
"10.1186/s13068-021-02034-5","EUR","1,832.00"
"10.1186/s13068-021-02038-1","EUR","1,832.00"
"10.1186/s13068-021-02062-1","EUR","1,832.00"
"10.1186/s13071-020-04557-6","EUR","1,592.00"
"10.1186/s13071-020-04571-8","EUR","1,592.00"
"10.1186/s13071-021-04586-9","EUR","1,647.72"
"10.1186/s13071-021-04593-w","EUR","1,647.72"
"10.1186/s13071-021-04610-y","EUR","1,647.72"
"10.1186/s13071-021-04615-7","EUR","1,647.72"
"10.1186/s13071-021-04628-2","EUR","1,647.72"
"10.1186/s13071-021-04697-3","EUR","1,647.72"
"10.1186/s13071-021-04798-z","EUR","1,647.72"
"10.1186/s13071-021-04819-x","EUR","1,647.72"
"10.1186/s13071-021-04835-x","EUR","1,647.72"
"10.1186/s13071-021-04890-4","EUR","1,647.72"
"10.1186/s13071-021-04893-1","EUR","1,647.72"
"10.1186/s13071-021-04924-x","EUR","1,647.72"
"10.1186/s13071-021-04951-8","EUR","1,647.72"
"10.1186/s13071-021-04959-0","EUR","1,647.72"
"10.1186/s13071-021-04961-6","EUR","1,647.72"
"10.1186/s13071-021-05029-1","EUR","1,647.72"
"10.1186/s13071-021-05038-0","EUR","1,647.72"
"10.1186/s13071-021-05060-2","EUR","1,647.72"
"10.1186/s13071-021-05077-7","EUR","1,647.72"
"10.1186/s13072-021-00412-9","EUR","1,752.00"
"10.1186/s13072-021-00415-6","EUR","1,752.00"
"10.1186/s13073-020-00823-5","EUR","2,792.00"
"10.1186/s13073-021-00835-9","EUR","2,889.72"
"10.1186/s13073-021-00837-7","EUR","2,889.72"
"10.1186/s13073-021-00845-7","EUR","2,889.72"
"10.1186/s13073-021-00900-3","EUR","2,889.72"
"10.1186/s13073-021-00902-1","EUR","2,889.72"
"10.1186/s13073-021-00919-6","EUR","2,889.72"
"10.1186/s13073-021-00925-8","EUR","2,889.72"
"10.1186/s13073-021-00926-7","EUR","2,889.72"
"10.1186/s13073-021-00975-y","EUR","2,889.72"
"10.1186/s13075-020-02410-w","EUR","1,832.00"
"10.1186/s13075-021-02437-7","EUR","1,896.12"
"10.1186/s13075-021-02439-5","EUR","1,896.12"
"10.1186/s13075-021-02484-0","EUR","1,896.12"
"10.1186/s13075-021-02492-0","EUR","1,896.12"
"10.1186/s13075-021-02498-8","EUR","1,896.12"
"10.1186/s13075-021-02500-3","EUR","1,896.12"
"10.1186/s13075-021-02509-8","EUR","1,896.12"
"10.1186/s13075-021-02524-9","EUR","1,896.12"
"10.1186/s13075-021-02526-7","EUR","1,896.12"
"10.1186/s13075-021-02530-x","EUR","1,896.12"
"10.1186/s13075-021-02563-2","EUR","1,896.12"
"10.1186/s13075-021-02596-7","EUR","1,896.12"
"10.1186/s13075-021-02603-x","EUR","1,896.12"
"10.1186/s13075-021-02616-6","EUR","1,896.12"
"10.1186/s13075-021-02623-7","EUR","1,896.12"
"10.1186/s13075-021-02658-w","EUR","1,896.12"
"10.1186/s13089-021-00226-6","EUR","1,512.00"
"10.1186/s13098-021-00659-y","EUR","1,647.72"
"10.1186/s13098-021-00673-0","EUR","1,647.72"
"10.1186/s13098-021-00700-0","EUR","1,647.72"
"10.1186/s13098-021-00705-9","EUR","1,647.72"
"10.1186/s13099-021-00437-1","EUR","1,752.00"
"10.1186/s13100-021-00254-y","EUR","1,752.00"
"10.1186/s13102-021-00232-0","EUR","1,399.32"
"10.1186/s13102-021-00239-7","EUR","1,399.32"
"10.1186/s13102-021-00243-x","EUR","1,399.32"
"10.1186/s13102-021-00244-w","EUR","1,399.32"
"10.1186/s13102-021-00245-9","EUR","1,399.32"
"10.1186/s13102-021-00247-7","EUR","1,399.32"
"10.1186/s13102-021-00249-5","EUR","1,399.32"
"10.1186/s13102-021-00272-6","EUR","1,399.32"
"10.1186/s13102-021-00273-5","EUR","1,399.32"
"10.1186/s13102-021-00285-1","EUR","1,399.32"
"10.1186/s13102-021-00288-y","EUR","1,399.32"
"10.1186/s13102-021-00312-1","EUR","1,399.32"
"10.1186/s13102-021-00320-1","EUR","1,399.32"
"10.1186/s13102-021-00322-z","EUR","1,399.32"
"10.1186/s13102-021-00323-y","EUR","1,399.32"
"10.1186/s13102-021-00337-6","EUR","1,399.32"
"10.1186/s13102-021-00352-7","EUR","1,399.32"
"10.1186/s13102-021-00355-4","EUR","1,399.32"
"10.1186/s13102-021-00359-0","EUR","1,399.32"
"10.1186/s13102-021-00364-3","EUR","1,399.32"
"10.1186/s13102-021-00365-2","EUR","1,399.32"
"10.1186/s13102-021-00391-0","EUR","1,399.32"
"10.1186/s13104-021-05488-w","EUR","1,051.56"
"10.1186/s13104-021-05492-0","EUR","1,051.56"
"10.1186/s13104-021-05497-9","EUR","1,051.56"
"10.1186/s13104-021-05517-8","EUR","1,051.56"
"10.1186/s13104-021-05533-8","EUR","1,051.56"
"10.1186/s13104-021-05550-7","EUR","1,051.56"
"10.1186/s13104-021-05551-6","EUR","1,051.56"
"10.1186/s13104-021-05562-3","EUR","1,051.56"
"10.1186/s13104-021-05602-y","EUR","1,051.56"
"10.1186/s13104-021-05635-3","EUR","1,051.56"
"10.1186/s13104-021-05650-4","EUR","1,051.56"
"10.1186/s13104-021-05674-w","EUR","1,051.56"
"10.1186/s13104-021-05704-7","EUR","1,051.56"
"10.1186/s13104-021-05708-3","EUR","1,051.56"
"10.1186/s13104-021-05709-2","EUR","1,051.56"
"10.1186/s13104-021-05738-x","EUR","1,051.56"
"10.1186/s13104-021-05739-w","EUR","1,051.56"
"10.1186/s13104-021-05746-x","EUR","1,051.56"
"10.1186/s13104-021-05766-7","EUR","1,051.56"
"10.1186/s13104-021-05774-7","EUR","1,051.56"
"10.1186/s13104-021-05784-5","EUR","1,051.56"
"10.1186/s13104-021-05785-4","EUR","1,051.56"
"10.1186/s13104-021-05836-w","EUR","1,051.56"
"10.1186/s13104-021-05843-x","EUR","1,051.56"
"10.1186/s13104-021-05845-9","EUR","1,051.56"
"10.1186/s13104-021-05892-2","EUR","1,051.56"
"10.1186/s13148-021-01006-8","EUR","1,992.00"
"10.1186/s13148-021-01010-y","EUR","1,992.00"
"10.1186/s13148-021-01020-w","EUR","1,992.00"
"10.1186/s13148-021-01024-6","EUR","1,992.00"
"10.1186/s13148-021-01052-2","EUR","1,992.00"
"10.1186/s13148-021-01080-y","EUR","1,992.00"
"10.1186/s13148-021-01082-w","EUR","1,992.00"
"10.1186/s13148-021-01083-9","EUR","1,992.00"
"10.1186/s13148-021-01089-3","EUR","1,992.00"
"10.1186/s13148-021-01144-z","EUR","1,992.00"
"10.1186/s13148-021-01153-y","EUR","1,992.00"
"10.1186/s13148-021-01190-7","EUR","1,992.00"
"10.1186/s13148-021-01196-1","EUR","1,992.00"
"10.1186/s13148-021-01201-7","EUR","1,992.00"
"10.1186/s13148-021-01212-4","EUR","1,992.00"
"10.1186/s13174-021-00135-w","EUR",794.88
"10.1186/s13195-020-00759-3","EUR","2,056.00"
"10.1186/s13195-021-00785-9","EUR","2,127.96"
"10.1186/s13195-021-00815-6","EUR","2,127.96"
"10.1186/s13195-021-00828-1","EUR","2,127.96"
"10.1186/s13195-021-00832-5","EUR","2,127.96"
"10.1186/s13195-021-00867-8","EUR","2,127.96"
"10.1186/s13195-021-00879-4","EUR","2,127.96"
"10.1186/s13195-021-00880-x","EUR","2,127.96"
"10.1186/s13195-021-00889-2","EUR","2,127.96"
"10.1186/s13195-021-00918-0","EUR","2,127.96"
"10.1186/s13195-021-00924-2","EUR","2,127.96"
"10.1186/s13195-021-00945-x","EUR","2,127.96"
"10.1186/s13223-021-00520-x","EUR","1,647.72"
"10.1186/s13223-021-00524-7","EUR","1,647.72"
"10.1186/s13223-021-00537-2","EUR","1,647.72"
"10.1186/s13223-021-00604-8","EUR","1,647.72"
"10.1186/s13227-021-00179-w","EUR","1,512.00"
"10.1186/s13229-021-00430-0","EUR","2,127.96"
"10.1186/s13244-021-00969-9","EUR","1,444.86"
"10.1186/s13244-021-01009-2","EUR","1,444.86"
"10.1186/s13244-021-01059-6","EUR","1,444.86"
"10.1186/s13244-021-01092-5","EUR","1,444.86"
"10.1186/s13244-021-01104-4","EUR","1,444.86"
"10.1186/s13244-021-01115-1","EUR","1,444.86"
"10.1186/s13244-021-01124-0","EUR","1,444.86"
"10.1186/s13256-020-02625-0","EUR",876.00
"10.1186/s13256-020-02636-x","EUR",876.00
"10.1186/s13256-021-02752-2","EUR",906.66
"10.1186/s13256-021-02768-8","EUR",906.66
"10.1186/s13256-021-02819-0","EUR",906.66
"10.1186/s13256-021-02833-2","EUR",906.66
"10.1186/s13256-021-02840-3","EUR",906.66
"10.1186/s13256-021-02844-z","EUR",906.66
"10.1186/s13256-021-02880-9","EUR",906.66
"10.1186/s13256-021-02902-6","EUR",906.66
"10.1186/s13256-021-02951-x","EUR",906.66
"10.1186/s13256-021-02959-3","EUR",906.66
"10.1186/s13256-021-02987-z","EUR",906.66
"10.1186/s13256-021-03006-x","EUR",906.66
"10.1186/s13256-021-03032-9","EUR",906.66
"10.1186/s13256-021-03044-5","EUR",906.66
"10.1186/s13256-021-03095-8","EUR",906.66
"10.1186/s13256-021-03119-3","EUR",906.66
"10.1186/s13256-021-03147-z","EUR",906.66
"10.1186/s13256-021-03210-9","EUR",906.66
"10.1186/s13256-021-03213-6","EUR",906.66
"10.1186/s13287-020-02089-5","EUR","1,632.00"
"10.1186/s13287-021-02144-9","EUR","1,672.00"
"10.1186/s13287-021-02146-7","EUR","1,672.00"
"10.1186/s13287-021-02166-3","EUR","1,672.00"
"10.1186/s13287-021-02173-4","EUR","1,672.00"
"10.1186/s13287-021-02229-5","EUR","1,672.00"
"10.1186/s13287-021-02313-w","EUR","1,672.00"
"10.1186/s13287-021-02317-6","EUR","1,672.00"
"10.1186/s13287-021-02395-6","EUR","1,672.00"
"10.1186/s13293-020-00351-2","EUR","1,832.00"
"10.1186/s13293-021-00380-5","EUR","1,752.00"
"10.1186/s13317-020-00147-9","EUR","1,184.00"
"10.1186/s13317-021-00149-1","EUR","1,225.44"
"10.1186/s13321-020-00478-9","EUR","1,304.00"
"10.1186/s13321-020-00481-0","EUR","1,304.00"
"10.1186/s13321-021-00485-4","EUR","1,349.64"
"10.1186/s13321-021-00487-2","EUR","1,349.64"
"10.1186/s13321-021-00496-1","EUR","1,349.64"
"10.1186/s13321-021-00500-8","EUR","1,349.64"
"10.1186/s13321-021-00511-5","EUR","1,349.64"
"10.1186/s13321-021-00512-4","EUR","1,349.64"
"10.1186/s13321-021-00529-9","EUR","1,349.64"
"10.1186/s13321-021-00532-0","EUR","1,349.64"
"10.1186/s13321-021-00538-8","EUR","1,349.64"
"10.1186/s13326-021-00254-0","EUR",877.68
"10.1186/s13358-021-00226-y","EUR",800.00
"10.1186/s13358-021-00235-x","EUR",800.00
"10.1186/s13358-021-00240-0","EUR",800.00
"10.1186/s13358-021-00242-y","EUR",800.00
"10.1186/s13362-021-00103-w","EUR",877.68
"10.1186/s13362-021-00105-8","EUR",877.68
"10.1186/s13362-021-00106-7","EUR",877.68
"10.1186/s13362-021-00109-4","EUR",877.68
"10.1186/s13362-021-00113-8","EUR",877.68
"10.1186/s13362-021-00115-6","EUR",877.68
"10.1186/s13395-021-00279-0","EUR","1,647.72"
"10.1186/s13550-021-00748-z","EUR","1,832.00"
"10.1186/s13550-021-00753-2","EUR","1,832.00"
"10.1186/s13550-021-00758-x","EUR","1,832.00"
"10.1186/s13550-021-00762-1","EUR","1,832.00"
"10.1186/s13550-021-00765-y","EUR","1,832.00"
"10.1186/s13550-021-00791-w","EUR","1,832.00"
"10.1186/s13550-021-00796-5","EUR","1,832.00"
"10.1186/s13550-021-00804-8","EUR","1,832.00"
"10.1186/s13550-021-00805-7","EUR","1,832.00"
"10.1186/s13550-021-00808-4","EUR","1,832.00"
"10.1186/s13550-021-00811-9","EUR","1,832.00"
"10.1186/s13550-021-00817-3","EUR","1,832.00"
"10.1186/s13550-021-00818-2","EUR","1,832.00"
"10.1186/s13550-021-00822-6","EUR","1,832.00"
"10.1186/s13550-021-00826-2","EUR","1,832.00"
"10.1186/s13550-021-00827-1","EUR","1,832.00"
"10.1186/s13550-021-00832-4","EUR","1,832.00"
"10.1186/s13550-021-00834-2","EUR","1,832.00"
"10.1186/s13550-021-00842-2","EUR","1,832.00"
"10.1186/s13550-021-00843-1","EUR","1,832.00"
"10.1186/s13550-021-00845-z","EUR","1,832.00"
"10.1186/s13550-021-00846-y","EUR","1,832.00"
"10.1186/s13550-021-00855-x","EUR","1,832.00"
"10.1186/s13550-021-00862-y","EUR","1,832.00"
"10.1186/s13550-021-00865-9","EUR","1,832.00"
"10.1186/s13550-021-00868-6","EUR","1,832.00"
"10.1186/s13561-021-00303-5","EUR","1,548.36"
"10.1186/s13561-021-00305-3","EUR","1,548.36"
"10.1186/s13561-021-00308-0","EUR","1,548.36"
"10.1186/s13561-021-00319-x","EUR","1,548.36"
"10.1186/s13567-020-00875-w","EUR","1,200.00"
"10.1186/s13567-020-00890-x","EUR","1,200.00"
"10.1186/s13567-021-00981-3","EUR","1,200.00"
"10.1186/s13567-021-00994-y","EUR","1,200.00"
"10.1186/s13568-021-01188-7","EUR","1,548.36"
"10.1186/s13568-021-01195-8","EUR","1,548.36"
"10.1186/s13568-021-01207-7","EUR","1,548.36"
"10.1186/s13568-021-01217-5","EUR","1,548.36"
"10.1186/s13568-021-01218-4","EUR","1,548.36"
"10.1186/s13568-021-01250-4","EUR","1,548.36"
"10.1186/s13568-021-01306-5","EUR","1,548.36"
"10.1186/s13568-021-01319-0","EUR","1,548.36"
"10.1186/s13570-021-00217-1","EUR",977.04
"10.1186/s13578-021-00571-y","EUR","1,444.86"
"10.1186/s13578-021-00676-4","EUR","1,444.86"
"10.1186/s13613-021-00831-7","EUR","1,896.12"
"10.1186/s13613-021-00833-5","EUR","1,896.12"
"10.1186/s13613-021-00835-3","EUR","1,896.12"
"10.1186/s13613-021-00836-2","EUR","1,896.12"
"10.1186/s13613-021-00872-y","EUR","1,896.12"
"10.1186/s13613-021-00877-7","EUR","1,896.12"
"10.1186/s13613-021-00890-w","EUR","1,896.12"
"10.1186/s13613-021-00905-6","EUR","1,896.12"
"10.1186/s13613-021-00906-5","EUR","1,896.12"
"10.1186/s13613-021-00911-8","EUR","1,896.12"
"10.1186/s13613-021-00917-2","EUR","1,896.12"
"10.1186/s13613-021-00965-8","EUR","1,896.12"
"10.1186/s13613-021-00975-6","EUR","1,896.12"
"10.1186/s13620-021-00195-1","EUR","1,482.12"
"10.1186/s13620-021-00204-3","EUR","1,482.12"
"10.1186/s13634-020-00712-4","EUR","1,032.00"
"10.1186/s13634-020-00715-1","EUR","1,032.00"
"10.1186/s13635-021-00123-4","EUR",628.00
"10.1186/s13636-020-00190-4","EUR","1,032.00"
"10.1186/s13636-021-00205-8","EUR","1,064.00"
"10.1186/s13636-021-00207-6","EUR","1,064.00"
"10.1186/s13636-021-00210-x","EUR","1,064.00"
"10.1186/s13636-021-00215-6","EUR","1,064.00"
"10.1186/s13636-021-00223-6","EUR","1,064.00"
"10.1186/s13636-021-00224-5","EUR","1,064.00"
"10.1186/s13638-020-01887-y","EUR","1,032.00"
"10.1186/s13638-021-01892-9","EUR","1,068.12"
"10.1186/s13638-021-01963-x","EUR","1,068.12"
"10.1186/s13638-021-01964-w","EUR","1,068.12"
"10.1186/s13638-021-01994-4","EUR","1,068.12"
"10.1186/s13638-021-02001-6","EUR","1,068.12"
"10.1186/s13638-021-02056-5","EUR","1,068.12"
"10.1186/s13643-021-01644-2","EUR","1,482.12"
"10.1186/s13643-021-01647-z","EUR","1,482.12"
"10.1186/s13643-021-01661-1","EUR","1,482.12"
"10.1186/s13643-021-01684-8","EUR","1,482.12"
"10.1186/s13643-021-01687-5","EUR","1,482.12"
"10.1186/s13643-021-01693-7","EUR","1,482.12"
"10.1186/s13643-021-01701-w","EUR","1,482.12"
"10.1186/s13643-021-01718-1","EUR","1,482.12"
"10.1186/s13643-021-01732-3","EUR",741.06
"10.1186/s13643-021-01760-z","EUR","1,482.12"
"10.1186/s13643-021-01762-x","EUR","1,482.12"
"10.1186/s13643-021-01768-5","EUR","1,482.12"
"10.1186/s13643-021-01825-z","EUR","1,482.12"
"10.1186/s13643-021-01846-8","EUR","1,482.12"
"10.1186/s13662-021-03333-9","EUR","1,032.00"
"10.1186/s13662-021-03399-5","EUR","1,032.00"
"10.1186/s13663-021-00698-0","EUR",819.72
"10.1186/s13677-021-00229-7","EUR",712.08
"10.1186/s13677-021-00231-z","EUR",712.08
"10.1186/s13690-021-00535-1","EUR","1,548.36"
"10.1186/s13690-021-00546-y","EUR","1,548.36"
"10.1186/s13690-021-00559-7","EUR","1,548.36"
"10.1186/s13690-021-00593-5","EUR","1,548.36"
"10.1186/s13690-021-00609-0","EUR","1,548.36"
"10.1186/s13690-021-00642-z","EUR","1,548.36"
"10.1186/s13690-021-00651-y","EUR","1,548.36"
"10.1186/s13690-021-00745-7","EUR","1,548.36"
"10.1186/s13690-021-00753-7","EUR","1,548.36"
"10.1186/s13705-021-00278-5","EUR",977.04
"10.1186/s13705-021-00282-9","EUR",977.04
"10.1186/s13705-021-00289-2","EUR",977.04
"10.1186/s13705-021-00291-8","EUR",977.04
"10.1186/s13705-021-00298-1","EUR",977.04
"10.1186/s13705-021-00301-9","EUR",977.04
"10.1186/s13705-021-00313-5","EUR",977.04
"10.1186/s13731-021-00158-4","EUR",732.78
"10.1186/s13741-021-00205-4","EUR","1,752.00"
"10.1186/s13741-021-00211-6","EUR","1,752.00"
"10.1186/s13750-021-00234-y","EUR","1,399.32"
"10.1186/s13750-021-00244-w","EUR","1,399.32"
"10.1186/s13756-020-00874-8","EUR","1,832.00"
"10.1186/s13756-021-00908-9","EUR","1,832.00"
"10.1186/s13756-021-00909-8","EUR","1,832.00"
"10.1186/s13756-021-00932-9","EUR","1,832.00"
"10.1186/s13756-021-00970-3","EUR","1,832.00"
"10.1186/s13756-021-00971-2","EUR","1,832.00"
"10.1186/s13756-021-00987-8","EUR","1,832.00"
"10.1186/s13756-021-00991-y","EUR","1,832.00"
"10.1186/s13756-021-00997-6","EUR","1,832.00"
"10.1186/s13756-021-01021-7","EUR","1,832.00"
"10.1186/s40001-020-00478-3","EUR","1,592.00"
"10.1186/s40001-021-00487-w","EUR","1,647.72"
"10.1186/s40001-021-00488-9","EUR","1,647.72"
"10.1186/s40001-021-00501-1","EUR","1,647.72"
"10.1186/s40001-021-00506-w","EUR","1,647.72"
"10.1186/s40001-021-00511-z","EUR","1,647.72"
"10.1186/s40001-021-00521-x","EUR","1,647.72"
"10.1186/s40001-021-00533-7","EUR","1,647.72"
"10.1186/s40001-021-00556-0","EUR","1,647.72"
"10.1186/s40001-021-00557-z","EUR","1,647.72"
"10.1186/s40001-021-00560-4","EUR","1,647.72"
"10.1186/s40001-021-00563-1","EUR","1,647.72"
"10.1186/s40001-021-00573-z","EUR","1,647.72"
"10.1186/s40001-021-00581-z","EUR","1,647.72"
"10.1186/s40001-021-00583-x","EUR","1,647.72"
"10.1186/s40001-021-00584-w","EUR","1,647.72"
"10.1186/s40001-021-00593-9","EUR","1,647.72"
"10.1186/s40001-021-00595-7","EUR","1,647.72"
"10.1186/s40001-021-00623-6","EUR","1,647.72"
"10.1186/s40035-021-00241-6","EUR","1,689.12"
"10.1186/s40035-021-00257-y","EUR","1,689.12"
"10.1186/s40100-021-00189-1","EUR",824.00
"10.1186/s40100-021-00190-8","EUR",824.00
"10.1186/s40100-021-00195-3","EUR",824.00
"10.1186/s40101-021-00266-w","EUR","1,296.00"
"10.1186/s40104-020-00530-6","EUR","1,120.00"
"10.1186/s40104-021-00594-y","EUR","1,120.00"
"10.1186/s40104-021-00621-y","EUR","1,120.00"
"10.1186/s40168-020-00969-9","EUR","2,536.00"
"10.1186/s40168-020-00973-z","EUR","2,536.00"
"10.1186/s40168-020-00981-z","EUR","2,536.00"
"10.1186/s40168-021-01053-6","EUR","2,624.76"
"10.1186/s40168-021-01067-0","EUR","2,624.76"
"10.1186/s40168-021-01109-7","EUR","2,624.76"
"10.1186/s40168-021-01177-9","EUR","2,624.76"
"10.1186/s40170-021-00239-8","EUR","1,689.12"
"10.1186/s40170-021-00257-6","EUR","1,689.12"
"10.1186/s40309-021-00171-6","EUR",828.00
"10.1186/s40309-021-00172-5","EUR",828.00
"10.1186/s40309-021-00175-2","EUR",828.00
"10.1186/s40309-021-00176-1","EUR",828.00
"10.1186/s40317-021-00234-2","EUR","1,256.00"
"10.1186/s40323-021-00190-9","EUR",828.00
"10.1186/s40323-021-00195-4","EUR",828.00
"10.1186/s40323-021-00200-w","EUR",828.00
"10.1186/s40323-021-00201-9","EUR",828.00
"10.1186/s40323-021-00203-7","EUR",828.00
"10.1186/s40323-021-00209-1","EUR",828.00
"10.1186/s40337-021-00379-8","EUR",977.04
"10.1186/s40337-021-00381-0","EUR",977.04
"10.1186/s40337-021-00384-x","EUR",977.04
"10.1186/s40337-021-00416-6","EUR",977.04
"10.1186/s40337-021-00487-5","EUR",977.04
"10.1186/s40337-021-00490-w","EUR",977.04
"10.1186/s40337-021-00494-6","EUR",977.04
"10.1186/s40345-020-00212-2","EUR","1,432.00"
"10.1186/s40345-020-00216-y","EUR","1,432.00"
"10.1186/s40345-021-00221-9","EUR","1,482.12"
"10.1186/s40345-021-00227-3","EUR","1,482.12"
"10.1186/s40345-021-00231-7","EUR","1,482.12"
"10.1186/s40345-021-00240-6","EUR","1,482.12"
"10.1186/s40345-021-00241-5","EUR","1,482.12"
"10.1186/s40348-021-00111-1","EUR","1,352.00"
"10.1186/s40348-021-00112-0","EUR","1,352.00"
"10.1186/s40348-021-00114-y","EUR","1,352.00"
"10.1186/s40348-021-00115-x","EUR","1,352.00"
"10.1186/s40348-021-00117-9","EUR","1,352.00"
"10.1186/s40348-021-00118-8","EUR","1,352.00"
"10.1186/s40348-021-00119-7","EUR","1,352.00"
"10.1186/s40348-021-00120-0","EUR","1,352.00"
"10.1186/s40348-021-00121-z","EUR","1,352.00"
"10.1186/s40348-021-00123-x","EUR","1,352.00"
"10.1186/s40348-021-00126-8","EUR","1,352.00"
"10.1186/s40348-021-00127-7","EUR","1,352.00"
"10.1186/s40348-021-00128-6","EUR","1,352.00"
"10.1186/s40348-021-00131-x","EUR","1,352.00"
"10.1186/s40348-021-00132-w","EUR","1,352.00"
"10.1186/s40359-021-00512-x","EUR",848.00
"10.1186/s40359-021-00535-4","EUR",848.00
"10.1186/s40359-021-00555-0","EUR",848.00
"10.1186/s40359-021-00564-z","EUR",848.00
"10.1186/s40359-021-00565-y","EUR",848.00
"10.1186/s40359-021-00574-x","EUR",848.00
"10.1186/s40359-021-00591-w","EUR",848.00
"10.1186/s40359-021-00627-1","EUR",848.00
"10.1186/s40359-021-00631-5","EUR",848.00
"10.1186/s40359-021-00637-z","EUR",848.00
"10.1186/s40359-021-00641-3","EUR",848.00
"10.1186/s40359-021-00682-8","EUR",848.00
"10.1186/s40359-021-00684-6","EUR",848.00
"10.1186/s40359-021-00696-2","EUR",848.00
"10.1186/s40359-021-00702-7","EUR",848.00
"10.1186/s40360-021-00520-y","EUR","1,592.00"
"10.1186/s40364-021-00260-5","EUR","1,796.76"
"10.1186/s40364-021-00281-0","EUR","1,796.76"
"10.1186/s40364-021-00299-4","EUR","1,796.76"
"10.1186/s40462-021-00252-y","EUR","1,592.00"
"10.1186/s40462-021-00255-9","EUR","1,592.00"
"10.1186/s40462-021-00271-9","EUR","1,592.00"
"10.1186/s40462-021-00282-6","EUR","1,592.00"
"10.1186/s40462-021-00290-6","EUR","1,592.00"
"10.1186/s40462-021-00298-y","EUR","1,592.00"
"10.1186/s40463-021-00536-8","EUR","1,548.36"
"10.1186/s40478-021-01118-5","EUR","2,061.72"
"10.1186/s40478-021-01134-5","EUR","2,061.72"
"10.1186/s40478-021-01145-2","EUR","2,061.72"
"10.1186/s40478-021-01166-x","EUR","2,061.72"
"10.1186/s40478-021-01174-x","EUR","2,061.72"
"10.1186/s40478-021-01214-6","EUR","2,061.72"
"10.1186/s40478-021-01222-6","EUR","2,061.72"
"10.1186/s40478-021-01236-0","EUR","2,061.72"
"10.1186/s40478-021-01263-x","EUR","2,061.72"
"10.1186/s40478-021-01286-4","EUR","2,061.72"
"10.1186/s40478-021-01289-1","EUR","2,061.72"
"10.1186/s40479-020-00141-7","EUR","1,396.00"
"10.1186/s40479-021-00144-y","EUR","1,432.00"
"10.1186/s40479-021-00145-x","EUR","1,432.00"
"10.1186/s40479-021-00147-9","EUR","1,432.00"
"10.1186/s40479-021-00157-7","EUR","1,432.00"
"10.1186/s40479-021-00158-6","EUR","1,432.00"
"10.1186/s40479-021-00162-w","EUR","1,432.00"
"10.1186/s40479-021-00166-6","EUR","1,432.00"
"10.1186/s40494-021-00499-z","EUR","1,068.12"
"10.1186/s40494-021-00522-3","EUR","1,068.12"
"10.1186/s40494-021-00541-0","EUR","1,068.12"
"10.1186/s40494-021-00561-w","EUR","1,068.12"
"10.1186/s40494-021-00578-1","EUR","1,068.12"
"10.1186/s40494-021-00621-1","EUR","1,068.12"
"10.1186/s40517-021-00183-2","EUR",956.34
"10.1186/s40517-021-00187-y","EUR",956.34
"10.1186/s40517-021-00189-w","EUR",956.34
"10.1186/s40517-021-00194-z","EUR",956.34
"10.1186/s40517-021-00197-w","EUR",956.34
"10.1186/s40517-021-00201-3","EUR",956.34
"10.1186/s40517-021-00204-0","EUR",956.34
"10.1186/s40517-021-00206-y","EUR",956.34
"10.1186/s40517-021-00207-x","EUR",956.34
"10.1186/s40517-021-00208-w","EUR",956.34
"10.1186/s40517-021-00210-2","EUR",956.34
"10.1186/s40537-020-00399-2","EUR","1,032.00"
"10.1186/s40538-021-00258-z","EUR","1,399.32"
"10.1186/s40538-021-00261-4","EUR","1,399.32"
"10.1186/s40563-021-00137-8","EUR",977.04
"10.1186/s40594-021-00287-y","EUR",819.72
"10.1186/s40623-020-01277-0","EUR",960.00
"10.1186/s40623-021-01364-w","EUR",960.00
"10.1186/s40623-021-01369-5","EUR",960.00
"10.1186/s40623-021-01386-4","EUR",960.00
"10.1186/s40623-021-01400-9","EUR",960.00
"10.1186/s40623-021-01403-6","EUR",960.00
"10.1186/s40623-021-01412-5","EUR",960.00
"10.1186/s40623-021-01536-8","EUR",960.00
"10.1186/s40623-021-01557-3","EUR",960.00
"10.1186/s40634-021-00324-3","EUR","1,352.00"
"10.1186/s40634-021-00326-1","EUR","1,352.00"
"10.1186/s40634-021-00330-5","EUR","1,352.00"
"10.1186/s40634-021-00340-3","EUR","1,352.00"
"10.1186/s40634-021-00357-8","EUR","1,352.00"
"10.1186/s40634-021-00370-x","EUR","1,352.00"
"10.1186/s40634-021-00388-1","EUR","1,352.00"
"10.1186/s40634-021-00401-7","EUR","1,352.00"
"10.1186/s40635-021-00377-9","EUR","1,592.00"
"10.1186/s40635-021-00385-9","EUR","1,592.00"
"10.1186/s40635-021-00386-8","EUR","1,592.00"
"10.1186/s40635-021-00402-x","EUR","1,592.00"
"10.1186/s40635-021-00405-8","EUR","1,592.00"
"10.1186/s40635-021-00406-7","EUR","1,592.00"
"10.1186/s40635-021-00409-4","EUR","1,592.00"
"10.1186/s40635-021-00417-4","EUR","1,592.00"
"10.1186/s40635-021-00427-2","EUR","1,592.00"
"10.1186/s40644-020-00374-3","EUR","1,396.00"
"10.1186/s40644-021-00382-x","EUR","1,444.86"
"10.1186/s40644-021-00384-9","EUR","1,444.86"
"10.1186/s40644-021-00391-w","EUR","1,444.86"
"10.1186/s40644-021-00429-z","EUR","1,444.86"
"10.1186/s40658-021-00360-z","EUR","1,179.90"
"10.1186/s40658-021-00361-y","EUR","1,179.90"
"10.1186/s40658-021-00369-4","EUR","1,179.90"
"10.1186/s40658-021-00370-x","EUR","1,179.90"
"10.1186/s40658-021-00385-4","EUR","1,179.90"
"10.1186/s40658-021-00388-1","EUR","1,179.90"
"10.1186/s40658-021-00390-7","EUR","1,179.90"
"10.1186/s40658-021-00397-0","EUR","1,179.90"
"10.1186/s40658-021-00405-3","EUR","1,179.90"
"10.1186/s40658-021-00427-x","EUR","1,179.90"
"10.1186/s40659-021-00354-2","EUR","1,512.00"
"10.1186/s40694-021-00109-4","EUR","1,299.96"
"10.1186/s40694-021-00115-6","EUR","1,299.96"
"10.1186/s40694-021-00124-5","EUR","1,299.96"
"10.1186/s40694-021-00127-2","EUR","1,299.96"
"10.1186/s40694-021-00129-0","EUR","1,299.96"
"10.1186/s40694-021-00131-6","EUR","1,299.96"
"10.1186/s40712-021-00129-3","EUR",952.00
"10.1186/s40729-021-00375-2","EUR","1,760.00"
"10.1186/s40729-021-00388-x","EUR","1,760.00"
"10.1186/s40729-021-00390-3","EUR","1,760.00"
"10.1186/s40729-021-00391-2","EUR","1,760.00"
"10.1186/s40729-021-00393-0","EUR","1,760.00"
"10.1186/s40729-021-00398-9","EUR","1,760.00"
"10.1186/s40793-021-00385-y","EUR","1,229.58"
"10.1186/s40793-021-00387-w","EUR","1,229.58"
"10.1186/s40793-021-00389-8","EUR","1,229.58"
"10.1186/s40793-021-00395-w","EUR","1,229.58"
"10.1186/s40794-021-00148-0","EUR","1,512.00"
"10.1186/s40795-021-00453-z","EUR","1,068.12"
"10.1186/s40795-021-00473-9","EUR","1,068.12"
"10.1186/s40798-021-00299-6","EUR","1,548.36"
"10.1186/s40798-021-00325-7","EUR","1,548.36"
"10.1186/s40798-021-00330-w","EUR","1,548.36"
"10.1186/s40798-021-00335-5","EUR","1,548.36"
"10.1186/s40798-021-00354-2","EUR","1,548.36"
"10.1186/s40798-021-00363-1","EUR","1,548.36"
"10.1186/s40798-021-00372-0","EUR","1,548.36"
"10.1186/s40798-021-00380-0","EUR","1,548.36"
"10.1186/s40798-021-00381-z","EUR","1,548.36"
"10.1186/s40798-021-00383-x","EUR","1,548.36"
"10.1186/s40798-021-00388-6","EUR","1,548.36"
"10.1186/s40813-021-00194-2","EUR","1,256.00"
"10.1186/s40813-021-00197-z","EUR","1,256.00"
"10.1186/s40813-021-00200-7","EUR","1,256.00"
"10.1186/s40813-021-00225-y","EUR","1,256.00"
"10.1186/s40813-021-00229-8","EUR","1,256.00"
"10.1186/s40814-020-00749-0","EUR","1,432.00"
"10.1186/s40814-021-00796-1","EUR","1,432.00"
"10.1186/s40814-021-00799-y","EUR","1,432.00"
"10.1186/s40814-021-00843-x","EUR","1,432.00"
"10.1186/s40814-021-00876-2","EUR","1,432.00"
"10.1186/s40814-021-00898-w","EUR","1,432.00"
"10.1186/s40814-021-00917-w","EUR","1,432.00"
"10.1186/s40814-021-00944-7","EUR","1,432.00"
"10.1186/s40814-021-00946-5","EUR","1,432.00"
"10.1186/s40814-021-00957-2","EUR","1,432.00"
"10.1186/s40824-021-00212-y","EUR","1,432.00"
"10.1186/s40850-021-00068-8","EUR",877.68
"10.1186/s40850-021-00075-9","EUR",877.68
"10.1186/s40850-021-00091-9","EUR",877.68
"10.1186/s40850-021-00094-6","EUR",877.68
"10.1186/s40850-021-00097-3","EUR",877.68
"10.1186/s40878-020-00218-w","EUR",768.00
"10.1186/s40878-021-00232-6","EUR",768.00
"10.1186/s40878-021-00233-5","EUR",768.00
"10.1186/s40878-021-00240-6","EUR",768.00
"10.1186/s40878-021-00243-3","EUR",768.00
"10.1186/s40878-021-00273-x","EUR",768.00
"10.1186/s40900-021-00307-9","EUR","1,482.12"
"10.1186/s40942-021-00349-x","EUR",674.82
"10.1186/s40991-020-00058-y","EUR",552.00
"10.1186/s40991-021-00059-5","EUR",571.32
"10.1186/s40991-021-00060-y","EUR",571.32
"10.1186/s40991-021-00061-x","EUR",571.32
"10.1186/s41065-021-00175-z","EUR","1,299.96"
"10.1186/s41065-021-00209-6","EUR","1,299.96"
"10.1186/s41065-021-00210-z","EUR","1,299.96"
"10.1186/s41072-021-00084-4","EUR",538.20
"10.1186/s41118-021-00123-9","EUR",819.72
"10.1186/s41181-021-00120-5","EUR","1,018.44"
"10.1186/s41181-021-00124-1","EUR","1,018.44"
"10.1186/s41181-021-00128-x","EUR","1,018.44"
"10.1186/s41181-021-00136-x","EUR","1,018.44"
"10.1186/s41181-021-00137-w","EUR","1,018.44"
"10.1186/s41181-021-00144-x","EUR","1,018.44"
"10.1186/s41181-021-00146-9","EUR","1,018.44"
"10.1186/s41205-021-00110-y","EUR","1,112.00"
"10.1186/s41231-021-00086-1","EUR","1,432.00"
"10.1186/s41231-021-00092-3","EUR","1,432.00"
"10.1186/s41231-021-00104-2","EUR","1,432.00"
"10.1186/s41235-020-00267-w","EUR","1,032.00"
"10.1186/s41235-021-00279-0","EUR",952.00
"10.1186/s41235-021-00280-7","EUR",952.00
"10.1186/s41235-021-00297-y","EUR",952.00
"10.1186/s41235-021-00298-x","EUR",952.00
"10.1186/s41235-021-00317-x","EUR",952.00
"10.1186/s41235-021-00344-8","EUR",448.00
"10.1186/s41313-021-00027-3","EUR",819.72
"10.1186/s41476-021-00149-8","EUR","1,352.00"
"10.1186/s41476-021-00150-1","EUR","1,352.00"
"10.1186/s41476-021-00161-y","EUR","1,352.00"
"10.1186/s41687-021-00285-2","EUR",488.00
"10.1186/s41687-021-00350-w","EUR",488.00
"10.1186/s41687-021-00402-1","EUR",488.00
"10.1186/s41747-020-00200-2","EUR","1,186.40"
"10.1186/s41747-020-00201-1","EUR","1,186.40"
"10.1186/s41747-021-00208-2","EUR","1,227.92"
"10.1186/s41747-021-00213-5","EUR","1,227.92"
"10.1186/s41747-021-00221-5","EUR","1,227.92"
"10.1186/s41747-021-00223-3","EUR","1,227.92"
"10.1186/s41747-021-00228-y","EUR","1,227.92"
"10.1186/s41747-021-00233-1","EUR","1,227.92"
"10.1186/s41747-021-00241-1","EUR","1,228.13"
"10.1186/s41824-021-00120-3","EUR","1,299.96"
"10.1186/s41927-021-00206-2","EUR","1,032.00"
"10.1186/s41927-021-00217-z","EUR","1,032.00"
"10.1186/s41927-021-00237-9","EUR","1,032.00"
"10.1186/s42055-021-00042-9","EUR",712.08
"10.1186/s42155-021-00206-w","EUR",877.68
"10.1186/s42155-021-00211-z","EUR",877.68
"10.1186/s42155-021-00221-x","EUR",877.68
"10.1186/s42155-021-00226-6","EUR",877.68
"10.1186/s42155-021-00234-6","EUR",877.68
"10.1186/s42155-021-00259-x","EUR",877.68
"10.1186/s42155-021-00266-y","EUR",877.68
"10.1186/s42234-021-00078-4","EUR","1,496.00"
"10.1186/s42252-020-00013-x","EUR",688.00
"10.1186/s42252-020-00014-w","EUR",688.00
"10.1186/s42252-021-00017-1","EUR",688.00
"10.1186/s42252-021-00022-4","EUR",688.00
"10.1186/s42409-020-00018-z","EUR",792.00
"10.1186/s42409-020-00020-5","EUR",792.00
"10.1186/s42409-021-00021-y","EUR",792.00
"10.1186/s42467-021-00009-8","EUR",956.34
"10.1186/s42522-021-00043-w","EUR","1,032.00"
"10.1186/s42523-020-00069-x","EUR","1,188.00"
"10.1186/s42523-021-00082-8","EUR","1,112.00"
"10.1186/s42523-021-00083-7","EUR","1,112.00"
"10.1186/s42523-021-00095-3","EUR","1,112.00"
"10.1186/s42523-021-00141-0","EUR","1,112.00"
"10.1186/s42854-021-00029-x","EUR",632.00
"10.1186/s43058-021-00191-0","EUR","1,232.00"
"10.1186/s43058-021-00222-w","EUR","1,232.00"
"10.1186/s43170-021-00024-z","EUR",848.00
"10.1186/s43170-021-00065-4","EUR",848.00
"10.1186/s43591-021-00004-0","EUR",848.00
"10.1186/s43591-021-00007-x","EUR",848.00
"10.1186/s43591-021-00010-2","EUR",848.00
"10.1186/s43591-021-00012-0","EUR",848.00
"10.1186/s43591-021-00015-x","EUR",848.00
"10.1186/s43591-021-00018-8","EUR",848.00
