Institution,period,brutto (euro),netto (euro),origin_doi,is hybrid 
FU,2019,"1,480.36","1,244.00",10.1093/scan/nsz078,no
FU,2019,"1,892.28","1,590.15",10.3389/fmicb.2019.03037,no
FU,2019,"1,008.92",847.83,10.3390/su12051816,no
FU,2019,833.00,700.00,10.3897/phytokeys.140.49529,no
FU,2019,"1,475.60","1,240.00",10.1038/s41541-020-0171-z,no
FU,2019,"1,963.05","1,649.62",10.1016/j.psj.2019.11.043,no
