"institution","period","doi","is_hybrid","contract_name","agreement"
"Aalto University",2025,"10.1002/adfm.202506820",TRUE,"FinELib Wiley agreement","wiley2025finelib"
"Aalto University",2025,"10.1002/adfm.202527264",TRUE,"FinELib Wiley agreement","wiley2025finelib"
"Aalto University",2025,"10.1002/adma.202413058",TRUE,"FinELib Wiley agreement","wiley2025finelib"
"Aalto University",2025,"10.1002/adma.202413748",TRUE,"FinELib Wiley agreement","wiley2025finelib"
"Aalto University",2025,"10.1002/adma.202417642",TRUE,"FinELib Wiley agreement","wiley2025finelib"
"Aalto University",2025,"10.1002/adma.202501080",TRUE,"FinELib Wiley agreement","wiley2025finelib"
"Aalto University",2025,"10.1002/adma.202502474",TRUE,"FinELib Wiley agreement","wiley2025finelib"
"Aalto University",2025,"10.1002/admi.202400748",FALSE,"FinELib Wiley agreement","wiley2025finelib"
"Aalto University",2025,"10.1002/admi.202500594",FALSE,"FinELib Wiley agreement","wiley2025finelib"
"Aalto University",2025,"10.1002/admi.202500661",FALSE,"FinELib Wiley agreement","wiley2025finelib"
"Aalto University",2025,"10.1002/advs.202416686",FALSE,"FinELib Wiley agreement","wiley2025finelib"
"Aalto University",2025,"10.1002/advs.202518531",FALSE,"FinELib Wiley agreement","wiley2025finelib"
"Aalto University",2025,"10.1002/aelm.202500066",FALSE,"FinELib Wiley agreement","wiley2025finelib"
"Aalto University",2025,"10.1002/aelm.202500175",FALSE,"FinELib Wiley agreement","wiley2025finelib"
"Aalto University",2025,"10.1002/aesr.202500092",FALSE,"FinELib Wiley agreement","wiley2025finelib"
"Aalto University",2025,"10.1002/anse.202400097",TRUE,"FinELib Wiley agreement","wiley2025finelib"
"Aalto University",2025,"10.1002/asi.24984",TRUE,"FinELib Wiley agreement","wiley2025finelib"
"Aalto University",2025,"10.1002/batt.202500662",TRUE,"FinELib Wiley agreement","wiley2025finelib"
"Aalto University",2025,"10.1002/bdm.70033",TRUE,"FinELib Wiley agreement","wiley2025finelib"
"Aalto University",2025,"10.1002/bsd2.70177",TRUE,"FinELib Wiley agreement","wiley2025finelib"
"Aalto University",2025,"10.1002/cae.70043",TRUE,"FinELib Wiley agreement","wiley2025finelib"
"Aalto University",2025,"10.1002/casp.70215",TRUE,"FinELib Wiley agreement","wiley2025finelib"
"Aalto University",2025,"10.1002/celc.202500110",FALSE,"FinELib Wiley agreement","wiley2025finelib"
"Aalto University",2025,"10.1002/cepa.3377",TRUE,"FinELib Wiley agreement","wiley2025finelib"
"Aalto University",2025,"10.1002/chem.202501916",TRUE,"FinELib Wiley agreement","wiley2025finelib"
"Aalto University",2025,"10.1002/cjce.70012",TRUE,"FinELib Wiley agreement","wiley2025finelib"
"Aalto University",2025,"10.1002/cjce.70230",TRUE,"FinELib Wiley agreement","wiley2025finelib"
"Aalto University",2025,"10.1002/cpe.70129",TRUE,"FinELib Wiley agreement","wiley2025finelib"
"Aalto University",2025,"10.1002/cphc.202500046",TRUE,"FinELib Wiley agreement","wiley2025finelib"
"Aalto University",2025,"10.1002/cssc.202402383",TRUE,"FinELib Wiley agreement","wiley2025finelib"
"Aalto University",2025,"10.1002/cssc.202501985",TRUE,"FinELib Wiley agreement","wiley2025finelib"
"Aalto University",2025,"10.1002/ece3.71300",FALSE,"FinELib Wiley agreement","wiley2025finelib"
"Aalto University",2025,"10.1002/ece3.71941",FALSE,"FinELib Wiley agreement","wiley2025finelib"
"Aalto University",2025,"10.1002/ejlt.70042",TRUE,"FinELib Wiley agreement","wiley2025finelib"
"Aalto University",2025,"10.1002/ese3.70193",FALSE,"FinELib Wiley agreement","wiley2025finelib"
"Aalto University",2025,"10.1002/ffo2.70012",TRUE,"FinELib Wiley agreement","wiley2025finelib"
"Aalto University",2025,"10.1002/hbm.70247",FALSE,"FinELib Wiley agreement","wiley2025finelib"
"Aalto University",2025,"10.1002/hbm.70293",FALSE,"FinELib Wiley agreement","wiley2025finelib"
"Aalto University",2025,"10.1002/job.2862",TRUE,"FinELib Wiley agreement","wiley2025finelib"
"Aalto University",2025,"10.1002/mame.202500386",FALSE,"FinELib Wiley agreement","wiley2025finelib"
"Aalto University",2025,"10.1002/mcda.70022",TRUE,"FinELib Wiley agreement","wiley2025finelib"
"Aalto University",2025,"10.1002/nano.70035",FALSE,"FinELib Wiley agreement","wiley2025finelib"
"Aalto University",2025,"10.1002/pen.27102",TRUE,"FinELib Wiley agreement","wiley2025finelib"
"Aalto University",2025,"10.1002/ppsc.202500085",TRUE,"FinELib Wiley agreement","wiley2025finelib"
"Aalto University",2025,"10.1002/prot.70029",TRUE,"FinELib Wiley agreement","wiley2025finelib"
"Aalto University",2025,"10.1002/pssa.202500023",TRUE,"FinELib Wiley agreement","wiley2025finelib"
"Aalto University",2025,"10.1002/rob.22539",TRUE,"FinELib Wiley agreement","wiley2025finelib"
"Aalto University",2025,"10.1002/saj2.70109",TRUE,"FinELib Wiley agreement","wiley2025finelib"
"Aalto University",2025,"10.1002/smll.202502697",TRUE,"FinELib Wiley agreement","wiley2025finelib"
"Aalto University",2025,"10.1002/smll.202506022",TRUE,"FinELib Wiley agreement","wiley2025finelib"
"Aalto University",2025,"10.1002/smsc.202500330",FALSE,"FinELib Wiley agreement","wiley2025finelib"
"Aalto University",2025,"10.1002/solr.202400855",TRUE,"FinELib Wiley agreement","wiley2025finelib"
"Aalto University",2025,"10.1002/sstr.202500143",FALSE,"FinELib Wiley agreement","wiley2025finelib"
"Aalto University",2025,"10.1002/sstr.202500626",FALSE,"FinELib Wiley agreement","wiley2025finelib"
"Aalto University",2025,"10.1002/sstr.202500682",FALSE,"FinELib Wiley agreement","wiley2025finelib"
"Aalto University",2025,"10.1007/s00024-025-03867-z",TRUE,"FinELib Springer Compact agreement","sn2024finelib"
"Aalto University",2025,"10.1007/s00028-025-01145-y",TRUE,"FinELib Springer Compact agreement","sn2024finelib"
"Aalto University",2025,"10.1007/s00041-025-10165-8",TRUE,"FinELib Springer Compact agreement","sn2024finelib"
"Aalto University",2025,"10.1007/s00107-025-02265-5",TRUE,"FinELib Springer Compact agreement","sn2024finelib"
"Aalto University",2025,"10.1007/s00107-025-02312-1",TRUE,"FinELib Springer Compact agreement","sn2024finelib"
"Aalto University",2025,"10.1007/s00170-025-16889-7",FALSE,"FinELib Springer Compact agreement","sn2024finelib"
"Aalto University",2025,"10.1007/s00208-025-03304-5",TRUE,"FinELib Springer Compact agreement","sn2024finelib"
"Aalto University",2025,"10.1007/s00253-025-13406-4",TRUE,"FinELib Springer Compact agreement","sn2024finelib"
"Aalto University",2025,"10.1007/s00285-025-02203-2",TRUE,"FinELib Springer Compact agreement","sn2024finelib"
"Aalto University",2025,"10.1007/s00446-025-00477-9",TRUE,"FinELib Springer Compact agreement","sn2024finelib"
"Aalto University",2025,"10.1007/s00446-025-00485-9",TRUE,"FinELib Springer Compact agreement","sn2024finelib"
"Aalto University",2025,"10.1007/s10055-025-01188-z",TRUE,"FinELib Springer Compact agreement","sn2024finelib"
"Aalto University",2025,"10.1007/s10208-025-09731-9",TRUE,"FinELib Springer Compact agreement","sn2024finelib"
"Aalto University",2025,"10.1007/s10287-025-00543-4",TRUE,"FinELib Springer Compact agreement","sn2024finelib"
"Aalto University",2025,"10.1007/s10291-025-01921-w",TRUE,"FinELib Springer Compact agreement","sn2024finelib"
"Aalto University",2025,"10.1007/s10339-025-01280-x",TRUE,"FinELib Springer Compact agreement","sn2024finelib"
"Aalto University",2025,"10.1007/s10479-025-06955-4",TRUE,"FinELib Springer Compact agreement","sn2024finelib"
"Aalto University",2025,"10.1007/s10482-025-02165-x",TRUE,"FinELib Springer Compact agreement","sn2024finelib"
"Aalto University",2025,"10.1007/s10551-025-05928-8",TRUE,"FinELib Springer Compact agreement","sn2024finelib"
"Aalto University",2025,"10.1007/s10551-025-06035-4",FALSE,"FinELib Springer Compact agreement","sn2024finelib"
"Aalto University",2025,"10.1007/s10551-025-06166-8",TRUE,"FinELib Springer Compact agreement","sn2024finelib"
"Aalto University",2025,"10.1007/s10570-025-06381-6",TRUE,"FinELib Springer Compact agreement","sn2024finelib"
"Aalto University",2025,"10.1007/s10570-025-06463-5",FALSE,"FinELib Springer Compact agreement","sn2024finelib"
"Aalto University",2025,"10.1007/s10570-025-06731-4",TRUE,"FinELib Springer Compact agreement","sn2024finelib"
"Aalto University",2025,"10.1007/s10623-025-01601-3",TRUE,"FinELib Springer Compact agreement","sn2024finelib"
"Aalto University",2025,"10.1007/s10623-025-01694-w",TRUE,"FinELib Springer Compact agreement","sn2024finelib"
"Aalto University",2025,"10.1007/s10664-025-10722-1",TRUE,"FinELib Springer Compact agreement","sn2024finelib"
"Aalto University",2025,"10.1007/s10676-025-09832-7",TRUE,"FinELib Springer Compact agreement","sn2024finelib"
"Aalto University",2025,"10.1007/s10898-025-01556-8",TRUE,"FinELib Springer Compact agreement","sn2024finelib"
"Aalto University",2025,"10.1007/s10909-025-03279-2",TRUE,"FinELib Springer Compact agreement","sn2024finelib"
"Aalto University",2025,"10.1007/s10909-025-03350-y",TRUE,"FinELib Springer Compact agreement","sn2024finelib"
"Aalto University",2025,"10.1007/s11033-025-11261-0",TRUE,"FinELib Springer Compact agreement","sn2024finelib"
"Aalto University",2025,"10.1007/s11069-025-07456-0",TRUE,"FinELib Springer Compact agreement","sn2024finelib"
"Aalto University",2025,"10.1007/s11075-025-02140-7",FALSE,"FinELib Springer Compact agreement","sn2024finelib"
"Aalto University",2025,"10.1007/s11134-025-09961-2",TRUE,"FinELib Springer Compact agreement","sn2024finelib"
"Aalto University",2025,"10.1007/s11205-025-03762-z",TRUE,"FinELib Springer Compact agreement","sn2024finelib"
"Aalto University",2025,"10.1007/s11235-025-01360-5",TRUE,"FinELib Springer Compact agreement","sn2024finelib"
"Aalto University",2025,"10.1007/s11244-025-02112-0",TRUE,"FinELib Springer Compact agreement","sn2024finelib"
"Aalto University",2025,"10.1007/s11244-025-02160-6",TRUE,"FinELib Springer Compact agreement","sn2024finelib"
"Aalto University",2025,"10.1007/s11575-025-00596-2",TRUE,"FinELib Springer Compact agreement","sn2024finelib"
"Aalto University",2025,"10.1007/s11600-025-01629-y",TRUE,"FinELib Springer Compact agreement","sn2024finelib"
"Aalto University",2025,"10.1007/s11663-024-03431-5",TRUE,"FinELib Springer Compact agreement","sn2024finelib"
"Aalto University",2025,"10.1007/s11663-025-03444-8",TRUE,"FinELib Springer Compact agreement","sn2024finelib"
"Aalto University",2025,"10.1007/s11663-025-03566-z",TRUE,"FinELib Springer Compact agreement","sn2024finelib"
"Aalto University",2025,"10.1007/s11663-025-03880-6",TRUE,"FinELib Springer Compact agreement","sn2024finelib"
"Aalto University",2025,"10.1007/s11696-025-04338-4",TRUE,"FinELib Springer Compact agreement","sn2024finelib"
"Aalto University",2025,"10.1007/s11709-025-1168-5",TRUE,"FinELib Springer Compact agreement","sn2024finelib"
"Aalto University",2025,"10.1007/s11709-025-1202-7",TRUE,"FinELib Springer Compact agreement","sn2024finelib"
"Aalto University",2025,"10.1007/s11837-025-07660-0",TRUE,"FinELib Springer Compact agreement","sn2024finelib"
"Aalto University",2025,"10.1007/s11846-025-00883-0",TRUE,"FinELib Springer Compact agreement","sn2024finelib"
"Aalto University",2025,"10.1007/s11854-025-0365-4",TRUE,"FinELib Springer Compact agreement","sn2024finelib"
"Aalto University",2025,"10.1007/s11998-025-01249-7",TRUE,"FinELib Springer Compact agreement","sn2024finelib"
"Aalto University",2025,"10.1007/s12217-025-10203-6",TRUE,"FinELib Springer Compact agreement","sn2024finelib"
"Aalto University",2025,"10.1007/s12220-025-01965-x",TRUE,"FinELib Springer Compact agreement","sn2024finelib"
"Aalto University",2025,"10.1007/s12567-025-00647-2",TRUE,"FinELib Springer Compact agreement","sn2024finelib"
"Aalto University",2025,"10.1007/s13437-025-00389-2",TRUE,"FinELib Springer Compact agreement","sn2024finelib"
"Aalto University",2025,"10.1007/s13762-025-06723-8",TRUE,"FinELib Springer Compact agreement","sn2024finelib"
"Aalto University",2025,"10.1007/s40831-025-01043-0",TRUE,"FinELib Springer Compact agreement","sn2024finelib"
"Aalto University",2025,"10.1007/s40831-025-01048-9",TRUE,"FinELib Springer Compact agreement","sn2024finelib"
"Aalto University",2025,"10.1007/s40831-025-01159-3",TRUE,"FinELib Springer Compact agreement","sn2024finelib"
"Aalto University",2025,"10.1007/s40831-025-01346-2",TRUE,"FinELib Springer Compact agreement","sn2024finelib"
"Aalto University",2025,"10.1007/s40962-025-01608-5",FALSE,"FinELib Springer Compact agreement","sn2024finelib"
"Aalto University",2025,"10.1007/s40962-025-01638-z",TRUE,"FinELib Springer Compact agreement","sn2024finelib"
"Aalto University",2025,"10.1007/s41233-025-00075-4",TRUE,"FinELib Springer Compact agreement","sn2024finelib"
"Aalto University",2025,"10.1007/s42107-025-01502-9",TRUE,"FinELib Springer Compact agreement","sn2024finelib"
"Aalto University",2025,"10.1007/s42114-025-01419-6",TRUE,"FinELib Springer Compact agreement","sn2024finelib"
"Aalto University",2025,"10.1007/s42979-025-03887-5",TRUE,"FinELib Springer Compact agreement","sn2024finelib"
"Aalto University",2025,"10.1007/s43681-025-00740-6",TRUE,"FinELib Springer Compact agreement","sn2024finelib"
"Aalto University",2025,"10.1007/s44206-025-00163-0",FALSE,"FinELib Springer Compact agreement","sn2024finelib"
"Aalto University",2025,"10.1016/j.actaastro.2025.08.042",TRUE,"FinELib Elsevier agreement","els2024finelib"
"Aalto University",2025,"10.1016/j.aei.2025.103937",TRUE,"FinELib Elsevier agreement","els2024finelib"
"Aalto University",2025,"10.1016/j.agsy.2025.104618",TRUE,"FinELib Elsevier agreement","els2024finelib"
"Aalto University",2025,"10.1016/j.agwat.2025.110010",FALSE,"FinELib Elsevier agreement","els2024finelib"
"Aalto University",2025,"10.1016/j.annepidem.2025.08.025",TRUE,"FinELib Elsevier agreement","els2024finelib"
"Aalto University",2025,"10.1016/j.apacoust.2025.110560",TRUE,"FinELib Elsevier agreement","els2024finelib"
"Aalto University",2025,"10.1016/j.apacoust.2025.110740",TRUE,"FinELib Elsevier agreement","els2024finelib"
"Aalto University",2025,"10.1016/j.apacoust.2025.111200",TRUE,"FinELib Elsevier agreement","els2024finelib"
"Aalto University",2025,"10.1016/j.apcatb.2025.125058",TRUE,"FinELib Elsevier agreement","els2024finelib"
"Aalto University",2025,"10.1016/j.apenergy.2025.126175",TRUE,"FinELib Elsevier agreement","els2024finelib"
"Aalto University",2025,"10.1016/j.apenergy.2025.126398",TRUE,"FinELib Elsevier agreement","els2024finelib"
"Aalto University",2025,"10.1016/j.apenergy.2025.126611",TRUE,"FinELib Elsevier agreement","els2024finelib"
"Aalto University",2025,"10.1016/j.apenergy.2025.126686",TRUE,"FinELib Elsevier agreement","els2024finelib"
"Aalto University",2025,"10.1016/j.apenergy.2025.127298",TRUE,"FinELib Elsevier agreement","els2024finelib"
"Aalto University",2025,"10.1016/j.applthermaleng.2025.126834",TRUE,"FinELib Elsevier agreement","els2024finelib"
"Aalto University",2025,"10.1016/j.applthermaleng.2025.127417",TRUE,"FinELib Elsevier agreement","els2024finelib"
"Aalto University",2025,"10.1016/j.apsusc.2025.163260",TRUE,"FinELib Elsevier agreement","els2024finelib"
"Aalto University",2025,"10.1016/j.apsusc.2025.164900",TRUE,"FinELib Elsevier agreement","els2024finelib"
"Aalto University",2025,"10.1016/j.autcon.2025.106301",TRUE,"FinELib Elsevier agreement","els2024finelib"
"Aalto University",2025,"10.1016/j.autcon.2025.106571",TRUE,"FinELib Elsevier agreement","els2024finelib"
"Aalto University",2025,"10.1016/j.biombioe.2025.108603",TRUE,"FinELib Elsevier agreement","els2024finelib"
"Aalto University",2025,"10.1016/j.biombioe.2025.108754",TRUE,"FinELib Elsevier agreement","els2024finelib"
"Aalto University",2025,"10.1016/j.biosystemseng.2025.104375",TRUE,"FinELib Elsevier agreement","els2024finelib"
"Aalto University",2025,"10.1016/j.buildenv.2025.113275",TRUE,"FinELib Elsevier agreement","els2024finelib"
"Aalto University",2025,"10.1016/j.buildenv.2025.113730",TRUE,"FinELib Elsevier agreement","els2024finelib"
"Aalto University",2025,"10.1016/j.buildenv.2025.114158",TRUE,"FinELib Elsevier agreement","els2024finelib"
"Aalto University",2025,"10.1016/j.cam.2025.116833",TRUE,"FinELib Elsevier agreement","els2024finelib"
"Aalto University",2025,"10.1016/j.camwa.2025.05.021",TRUE,"FinELib Elsevier agreement","els2024finelib"
"Aalto University",2025,"10.1016/j.carbon.2025.120320",TRUE,"FinELib Elsevier agreement","els2024finelib"
"Aalto University",2025,"10.1016/j.carbon.2025.121027",TRUE,"FinELib Elsevier agreement","els2024finelib"
"Aalto University",2025,"10.1016/j.carbpol.2025.123315",TRUE,"FinELib Elsevier agreement","els2024finelib"
"Aalto University",2025,"10.1016/j.carbpol.2025.123999",TRUE,"FinELib Elsevier agreement","els2024finelib"
"Aalto University",2025,"10.1016/j.carbpol.2025.124362",TRUE,"FinELib Elsevier agreement","els2024finelib"
"Aalto University",2025,"10.1016/j.carres.2025.109808",TRUE,"FinELib Elsevier agreement","els2024finelib"
"Aalto University",2025,"10.1016/j.cattod.2025.115283",TRUE,"FinELib Elsevier agreement","els2024finelib"
"Aalto University",2025,"10.1016/j.cej.2025.159597",TRUE,"FinELib Elsevier agreement","els2024finelib"
"Aalto University",2025,"10.1016/j.cej.2025.160804",TRUE,"FinELib Elsevier agreement","els2024finelib"
"Aalto University",2025,"10.1016/j.cej.2025.161128",TRUE,"FinELib Elsevier agreement","els2024finelib"
"Aalto University",2025,"10.1016/j.cej.2025.162346",TRUE,"FinELib Elsevier agreement","els2024finelib"
"Aalto University",2025,"10.1016/j.cej.2025.164258",TRUE,"FinELib Elsevier agreement","els2024finelib"
"Aalto University",2025,"10.1016/j.cej.2025.165502",TRUE,"FinELib Elsevier agreement","els2024finelib"
"Aalto University",2025,"10.1016/j.cej.2025.165999",TRUE,"FinELib Elsevier agreement","els2024finelib"
"Aalto University",2025,"10.1016/j.cej.2025.168000",TRUE,"FinELib Elsevier agreement","els2024finelib"
"Aalto University",2025,"10.1016/j.cej.2025.171236",TRUE,"FinELib Elsevier agreement","els2024finelib"
"Aalto University",2025,"10.1016/j.cej.2025.172461",TRUE,"FinELib Elsevier agreement","els2024finelib"
"Aalto University",2025,"10.1016/j.cep.2025.110667",TRUE,"FinELib Elsevier agreement","els2024finelib"
"Aalto University",2025,"10.1016/j.ceramint.2025.07.405",TRUE,"FinELib Elsevier agreement","els2024finelib"
"Aalto University",2025,"10.1016/j.ceramint.2025.12.483",TRUE,"FinELib Elsevier agreement","els2024finelib"
"Aalto University",2025,"10.1016/j.ces.2025.121226",TRUE,"FinELib Elsevier agreement","els2024finelib"
"Aalto University",2025,"10.1016/j.ces.2025.121549",TRUE,"FinELib Elsevier agreement","els2024finelib"
"Aalto University",2025,"10.1016/j.ces.2025.122282",TRUE,"FinELib Elsevier agreement","els2024finelib"
"Aalto University",2025,"10.1016/j.ces.2025.122683",TRUE,"FinELib Elsevier agreement","els2024finelib"
"Aalto University",2025,"10.1016/j.chb.2025.108779",TRUE,"FinELib Elsevier agreement","els2024finelib"
"Aalto University",2025,"10.1016/j.chroma.2025.465862",TRUE,"FinELib Elsevier agreement","els2024finelib"
"Aalto University",2025,"10.1016/j.cis.2025.103527",TRUE,"FinELib Elsevier agreement","els2024finelib"
"Aalto University",2025,"10.1016/j.cities.2025.105918",TRUE,"FinELib Elsevier agreement","els2024finelib"
"Aalto University",2025,"10.1016/j.clinph.2025.2111477",TRUE,"FinELib Elsevier agreement","els2024finelib"
"Aalto University",2025,"10.1016/j.cma.2025.118081",TRUE,"FinELib Elsevier agreement","els2024finelib"
"Aalto University",2025,"10.1016/j.cogsc.2025.101038",TRUE,"FinELib Elsevier agreement","els2024finelib"
"Aalto University",2025,"10.1016/j.coldregions.2025.104563",TRUE,"FinELib Elsevier agreement","els2024finelib"
"Aalto University",2025,"10.1016/j.colsurfa.2025.136290",TRUE,"FinELib Elsevier agreement","els2024finelib"
"Aalto University",2025,"10.1016/j.colsurfa.2025.138462",TRUE,"FinELib Elsevier agreement","els2024finelib"
"Aalto University",2025,"10.1016/j.combustflame.2025.114100",TRUE,"FinELib Elsevier agreement","els2024finelib"
"Aalto University",2025,"10.1016/j.combustflame.2025.114106",TRUE,"FinELib Elsevier agreement","els2024finelib"
"Aalto University",2025,"10.1016/j.combustflame.2025.114349",TRUE,"FinELib Elsevier agreement","els2024finelib"
"Aalto University",2025,"10.1016/j.commatsci.2025.114046",TRUE,"FinELib Elsevier agreement","els2024finelib"
"Aalto University",2025,"10.1016/j.commatsci.2025.114451",TRUE,"FinELib Elsevier agreement","els2024finelib"
"Aalto University",2025,"10.1016/j.compchemeng.2025.109243",TRUE,"FinELib Elsevier agreement","els2024finelib"
"Aalto University",2025,"10.1016/j.compchemeng.2025.109368",TRUE,"FinELib Elsevier agreement","els2024finelib"
"Aalto University",2025,"10.1016/j.compositesa.2025.109230",TRUE,"FinELib Elsevier agreement","els2024finelib"
"Aalto University",2025,"10.1016/j.compstruc.2025.107793",TRUE,"FinELib Elsevier agreement","els2024finelib"
"Aalto University",2025,"10.1016/j.compstruct.2025.119361",TRUE,"FinELib Elsevier agreement","els2024finelib"
"Aalto University",2025,"10.1016/j.conbuildmat.2025.140170",TRUE,"FinELib Elsevier agreement","els2024finelib"
"Aalto University",2025,"10.1016/j.conbuildmat.2025.140722",TRUE,"FinELib Elsevier agreement","els2024finelib"
"Aalto University",2025,"10.1016/j.conbuildmat.2025.144612",TRUE,"FinELib Elsevier agreement","els2024finelib"
"Aalto University",2025,"10.1016/j.diamond.2025.112261",TRUE,"FinELib Elsevier agreement","els2024finelib"
"Aalto University",2025,"10.1016/j.ecoinf.2025.103466",FALSE,"FinELib Elsevier agreement","els2024finelib"
"Aalto University",2025,"10.1016/j.ecoinf.2025.103507",FALSE,"FinELib Elsevier agreement","els2024finelib"
"Aalto University",2025,"10.1016/j.ecolmodel.2025.111091",TRUE,"FinELib Elsevier agreement","els2024finelib"
"Aalto University",2025,"10.1016/j.econmod.2025.107237",TRUE,"FinELib Elsevier agreement","els2024finelib"
"Aalto University",2025,"10.1016/j.eist.2025.101071",TRUE,"FinELib Elsevier agreement","els2024finelib"
"Aalto University",2025,"10.1016/j.ejor.2025.02.016",TRUE,"FinELib Elsevier agreement","els2024finelib"
"Aalto University",2025,"10.1016/j.ejor.2025.04.002",TRUE,"FinELib Elsevier agreement","els2024finelib"
"Aalto University",2025,"10.1016/j.ejor.2025.04.022",TRUE,"FinELib Elsevier agreement","els2024finelib"
"Aalto University",2025,"10.1016/j.ejor.2025.04.048",TRUE,"FinELib Elsevier agreement","els2024finelib"
"Aalto University",2025,"10.1016/j.ejps.2025.107198",FALSE,"FinELib Elsevier agreement","els2024finelib"
"Aalto University",2025,"10.1016/j.emj.2025.11.003",TRUE,"FinELib Elsevier agreement","els2024finelib"
"Aalto University",2025,"10.1016/j.enbuild.2025.115373",TRUE,"FinELib Elsevier agreement","els2024finelib"
"Aalto University",2025,"10.1016/j.enbuild.2025.115430",TRUE,"FinELib Elsevier agreement","els2024finelib"
"Aalto University",2025,"10.1016/j.enbuild.2025.115609",TRUE,"FinELib Elsevier agreement","els2024finelib"
"Aalto University",2025,"10.1016/j.enbuild.2025.115622",TRUE,"FinELib Elsevier agreement","els2024finelib"
"Aalto University",2025,"10.1016/j.enbuild.2025.115630",TRUE,"FinELib Elsevier agreement","els2024finelib"
"Aalto University",2025,"10.1016/j.enbuild.2025.115761",TRUE,"FinELib Elsevier agreement","els2024finelib"
"Aalto University",2025,"10.1016/j.enbuild.2025.115977",TRUE,"FinELib Elsevier agreement","els2024finelib"
"Aalto University",2025,"10.1016/j.enbuild.2025.116158",TRUE,"FinELib Elsevier agreement","els2024finelib"
"Aalto University",2025,"10.1016/j.enbuild.2025.116297",TRUE,"FinELib Elsevier agreement","els2024finelib"
"Aalto University",2025,"10.1016/j.enbuild.2025.116592",TRUE,"FinELib Elsevier agreement","els2024finelib"
"Aalto University",2025,"10.1016/j.enbuild.2025.116617",TRUE,"FinELib Elsevier agreement","els2024finelib"
"Aalto University",2025,"10.1016/j.enbuild.2025.116635",TRUE,"FinELib Elsevier agreement","els2024finelib"
"Aalto University",2025,"10.1016/j.enconman.2025.119828",TRUE,"FinELib Elsevier agreement","els2024finelib"
"Aalto University",2025,"10.1016/j.enconman.2025.120031",TRUE,"FinELib Elsevier agreement","els2024finelib"
"Aalto University",2025,"10.1016/j.enconman.2025.120046",TRUE,"FinELib Elsevier agreement","els2024finelib"
"Aalto University",2025,"10.1016/j.enconman.2025.120122",TRUE,"FinELib Elsevier agreement","els2024finelib"
"Aalto University",2025,"10.1016/j.enconman.2025.120510",TRUE,"FinELib Elsevier agreement","els2024finelib"
"Aalto University",2025,"10.1016/j.enconman.2025.120532",TRUE,"FinELib Elsevier agreement","els2024finelib"
"Aalto University",2025,"10.1016/j.enconman.2025.120792",TRUE,"FinELib Elsevier agreement","els2024finelib"
"Aalto University",2025,"10.1016/j.energy.2025.134389",TRUE,"FinELib Elsevier agreement","els2024finelib"
"Aalto University",2025,"10.1016/j.energy.2025.134624",TRUE,"FinELib Elsevier agreement","els2024finelib"
"Aalto University",2025,"10.1016/j.energy.2025.135604",TRUE,"FinELib Elsevier agreement","els2024finelib"
"Aalto University",2025,"10.1016/j.energy.2025.137217",TRUE,"FinELib Elsevier agreement","els2024finelib"
"Aalto University",2025,"10.1016/j.energy.2025.138895",TRUE,"FinELib Elsevier agreement","els2024finelib"
"Aalto University",2025,"10.1016/j.engappai.2025.110158",TRUE,"FinELib Elsevier agreement","els2024finelib"
"Aalto University",2025,"10.1016/j.engappai.2025.111489",TRUE,"FinELib Elsevier agreement","els2024finelib"
"Aalto University",2025,"10.1016/j.engappai.2025.113342",TRUE,"FinELib Elsevier agreement","els2024finelib"
"Aalto University",2025,"10.1016/j.engstruct.2025.119621",TRUE,"FinELib Elsevier agreement","els2024finelib"
"Aalto University",2025,"10.1016/j.engstruct.2025.119930",TRUE,"FinELib Elsevier agreement","els2024finelib"
"Aalto University",2025,"10.1016/j.engstruct.2025.121310",TRUE,"FinELib Elsevier agreement","els2024finelib"
"Aalto University",2025,"10.1016/j.envres.2025.121446",TRUE,"FinELib Elsevier agreement","els2024finelib"
"Aalto University",2025,"10.1016/j.envres.2025.121591",TRUE,"FinELib Elsevier agreement","els2024finelib"
"Aalto University",2025,"10.1016/j.envres.2025.122424",TRUE,"FinELib Elsevier agreement","els2024finelib"
"Aalto University",2025,"10.1016/j.envsoft.2025.106772",TRUE,"FinELib Elsevier agreement","els2024finelib"
"Aalto University",2025,"10.1016/j.est.2025.116520",TRUE,"FinELib Elsevier agreement","els2024finelib"
"Aalto University",2025,"10.1016/j.est.2025.119349",TRUE,"FinELib Elsevier agreement","els2024finelib"
"Aalto University",2025,"10.1016/j.eti.2025.104322",FALSE,"FinELib Elsevier agreement","els2024finelib"
"Aalto University",2025,"10.1016/j.euromechsol.2025.105854",TRUE,"FinELib Elsevier agreement","els2024finelib"
"Aalto University",2025,"10.1016/j.firesaf.2025.104435",TRUE,"FinELib Elsevier agreement","els2024finelib"
"Aalto University",2025,"10.1016/j.firesaf.2025.104606",TRUE,"FinELib Elsevier agreement","els2024finelib"
"Aalto University",2025,"10.1016/j.fluid.2025.114503",TRUE,"FinELib Elsevier agreement","els2024finelib"
"Aalto University",2025,"10.1016/j.fluid.2025.114609",TRUE,"FinELib Elsevier agreement","els2024finelib"
"Aalto University",2025,"10.1016/j.foreco.2025.123170",TRUE,"FinELib Elsevier agreement","els2024finelib"
"Aalto University",2025,"10.1016/j.fpsl.2025.101538",TRUE,"FinELib Elsevier agreement","els2024finelib"
"Aalto University",2025,"10.1016/j.fuel.2025.134674",TRUE,"FinELib Elsevier agreement","els2024finelib"
"Aalto University",2025,"10.1016/j.fuel.2025.135319",TRUE,"FinELib Elsevier agreement","els2024finelib"
"Aalto University",2025,"10.1016/j.fuel.2025.135544",TRUE,"FinELib Elsevier agreement","els2024finelib"
"Aalto University",2025,"10.1016/j.fuel.2025.136708",TRUE,"FinELib Elsevier agreement","els2024finelib"
"Aalto University",2025,"10.1016/j.futures.2025.103642",TRUE,"FinELib Elsevier agreement","els2024finelib"
"Aalto University",2025,"10.1016/j.hydromet.2025.106450",TRUE,"FinELib Elsevier agreement","els2024finelib"
"Aalto University",2025,"10.1016/j.hydromet.2025.106618",TRUE,"FinELib Elsevier agreement","els2024finelib"
"Aalto University",2025,"10.1016/j.ijbiomac.2025.140853",TRUE,"FinELib Elsevier agreement","els2024finelib"
"Aalto University",2025,"10.1016/j.ijbiomac.2025.143399",TRUE,"FinELib Elsevier agreement","els2024finelib"
"Aalto University",2025,"10.1016/j.ijbiomac.2025.146045",TRUE,"FinELib Elsevier agreement","els2024finelib"
"Aalto University",2025,"10.1016/j.ijbiomac.2025.147712",TRUE,"FinELib Elsevier agreement","els2024finelib"
"Aalto University",2025,"10.1016/j.ijbiomac.2025.147790",TRUE,"FinELib Elsevier agreement","els2024finelib"
"Aalto University",2025,"10.1016/j.ijbiomac.2025.148725",TRUE,"FinELib Elsevier agreement","els2024finelib"
"Aalto University",2025,"10.1016/j.ijcci.2025.100779",TRUE,"FinELib Elsevier agreement","els2024finelib"
"Aalto University",2025,"10.1016/j.ijdrr.2025.105238",FALSE,"FinELib Elsevier agreement","els2024finelib"
"Aalto University",2025,"10.1016/j.ijdrr.2025.105390",FALSE,"FinELib Elsevier agreement","els2024finelib"
"Aalto University",2025,"10.1016/j.ijepes.2025.110731",FALSE,"FinELib Elsevier agreement","els2024finelib"
"Aalto University",2025,"10.1016/j.ijfatigue.2025.108949",TRUE,"FinELib Elsevier agreement","els2024finelib"
"Aalto University",2025,"10.1016/j.ijhcs.2025.103483",TRUE,"FinELib Elsevier agreement","els2024finelib"
"Aalto University",2025,"10.1016/j.ijheatmasstransfer.2025.127964",TRUE,"FinELib Elsevier agreement","els2024finelib"
"Aalto University",2025,"10.1016/j.ijhydene.2025.03.067",TRUE,"FinELib Elsevier agreement","els2024finelib"
"Aalto University",2025,"10.1016/j.ijhydene.2025.150359",TRUE,"FinELib Elsevier agreement","els2024finelib"
"Aalto University",2025,"10.1016/j.ijhydene.2025.151331",TRUE,"FinELib Elsevier agreement","els2024finelib"
"Aalto University",2025,"10.1016/j.ijhydene.2025.152115",TRUE,"FinELib Elsevier agreement","els2024finelib"
"Aalto University",2025,"10.1016/j.ijhydene.2025.152638",TRUE,"FinELib Elsevier agreement","els2024finelib"
"Aalto University",2025,"10.1016/j.ijmedinf.2025.105814",TRUE,"FinELib Elsevier agreement","els2024finelib"
"Aalto University",2025,"10.1016/j.ijpe.2025.109667",TRUE,"FinELib Elsevier agreement","els2024finelib"
"Aalto University",2025,"10.1016/j.ijpvp.2025.105489",TRUE,"FinELib Elsevier agreement","els2024finelib"
"Aalto University",2025,"10.1016/j.ijresmar.2025.07.007",TRUE,"FinELib Elsevier agreement","els2024finelib"
"Aalto University",2025,"10.1016/j.ijsolstr.2025.113374",TRUE,"FinELib Elsevier agreement","els2024finelib"
"Aalto University",2025,"10.1016/j.ijsolstr.2025.113827",TRUE,"FinELib Elsevier agreement","els2024finelib"
"Aalto University",2025,"10.1016/j.indcrop.2025.120734",FALSE,"FinELib Elsevier agreement","els2024finelib"
"Aalto University",2025,"10.1016/j.indcrop.2025.121056",FALSE,"FinELib Elsevier agreement","els2024finelib"
"Aalto University",2025,"10.1016/j.indcrop.2025.121896",FALSE,"FinELib Elsevier agreement","els2024finelib"
"Aalto University",2025,"10.1016/j.indcrop.2025.121959",FALSE,"FinELib Elsevier agreement","els2024finelib"
"Aalto University",2025,"10.1016/j.indcrop.2025.122248",FALSE,"FinELib Elsevier agreement","els2024finelib"
"Aalto University",2025,"10.1016/j.indmarman.2025.02.006",TRUE,"FinELib Elsevier agreement","els2024finelib"
"Aalto University",2025,"10.1016/j.infoandorg.2025.100589",TRUE,"FinELib Elsevier agreement","els2024finelib"
"Aalto University",2025,"10.1016/j.intman.2025.101252",TRUE,"FinELib Elsevier agreement","els2024finelib"
"Aalto University",2025,"10.1016/j.intman.2025.101258",TRUE,"FinELib Elsevier agreement","els2024finelib"
"Aalto University",2025,"10.1016/j.ipl.2025.106557",TRUE,"FinELib Elsevier agreement","els2024finelib"
"Aalto University",2025,"10.1016/j.ipm.2025.104280",TRUE,"FinELib Elsevier agreement","els2024finelib"
"Aalto University",2025,"10.1016/j.istruc.2025.109268",TRUE,"FinELib Elsevier agreement","els2024finelib"
"Aalto University",2025,"10.1016/j.jbef.2025.101040",TRUE,"FinELib Elsevier agreement","els2024finelib"
"Aalto University",2025,"10.1016/j.jbvi.2025.e00559",TRUE,"FinELib Elsevier agreement","els2024finelib"
"Aalto University",2025,"10.1016/j.jbvi.2025.e00567",TRUE,"FinELib Elsevier agreement","els2024finelib"
"Aalto University",2025,"10.1016/j.jcat.2025.116572",TRUE,"FinELib Elsevier agreement","els2024finelib"
"Aalto University",2025,"10.1016/j.jcis.2025.138187",TRUE,"FinELib Elsevier agreement","els2024finelib"
"Aalto University",2025,"10.1016/j.jcis.2025.139573",TRUE,"FinELib Elsevier agreement","els2024finelib"
"Aalto University",2025,"10.1016/j.jcou.2025.103253",FALSE,"FinELib Elsevier agreement","els2024finelib"
"Aalto University",2025,"10.1016/j.jcrysgro.2025.128459",TRUE,"FinELib Elsevier agreement","els2024finelib"
"Aalto University",2025,"10.1016/j.jcsr.2025.109690",TRUE,"FinELib Elsevier agreement","els2024finelib"
"Aalto University",2025,"10.1016/j.jcsr.2025.110161",TRUE,"FinELib Elsevier agreement","els2024finelib"
"Aalto University",2025,"10.1016/j.jde.2025.113231",TRUE,"FinELib Elsevier agreement","els2024finelib"
"Aalto University",2025,"10.1016/j.jde.2025.113416",TRUE,"FinELib Elsevier agreement","els2024finelib"
"Aalto University",2025,"10.1016/j.jece.2025.118556",TRUE,"FinELib Elsevier agreement","els2024finelib"
"Aalto University",2025,"10.1016/j.jece.2025.120608",TRUE,"FinELib Elsevier agreement","els2024finelib"
"Aalto University",2025,"10.1016/j.jechem.2025.06.056",TRUE,"FinELib Elsevier agreement","els2024finelib"
"Aalto University",2025,"10.1016/j.jenvman.2025.127254",TRUE,"FinELib Elsevier agreement","els2024finelib"
"Aalto University",2025,"10.1016/j.jenvman.2025.128445",TRUE,"FinELib Elsevier agreement","els2024finelib"
"Aalto University",2025,"10.1016/j.jhydrol.2025.133715",TRUE,"FinELib Elsevier agreement","els2024finelib"
"Aalto University",2025,"10.1016/j.jhydrol.2025.134317",TRUE,"FinELib Elsevier agreement","els2024finelib"
"Aalto University",2025,"10.1016/j.jhydrol.2025.134335",TRUE,"FinELib Elsevier agreement","els2024finelib"
"Aalto University",2025,"10.1016/j.jhydrol.2025.134763",TRUE,"FinELib Elsevier agreement","els2024finelib"
"Aalto University",2025,"10.1016/j.jmaa.2025.129474",TRUE,"FinELib Elsevier agreement","els2024finelib"
"Aalto University",2025,"10.1016/j.jmaa.2025.129912",TRUE,"FinELib Elsevier agreement","els2024finelib"
"Aalto University",2025,"10.1016/j.jmoneco.2025.103800",TRUE,"FinELib Elsevier agreement","els2024finelib"
"Aalto University",2025,"10.1016/j.jnucmat.2025.155758",TRUE,"FinELib Elsevier agreement","els2024finelib"
"Aalto University",2025,"10.1016/j.jobe.2025.112157",TRUE,"FinELib Elsevier agreement","els2024finelib"
"Aalto University",2025,"10.1016/j.jobe.2025.112619",TRUE,"FinELib Elsevier agreement","els2024finelib"
"Aalto University",2025,"10.1016/j.jpdc.2025.105067",TRUE,"FinELib Elsevier agreement","els2024finelib"
"Aalto University",2025,"10.1016/j.jpowsour.2025.237731",TRUE,"FinELib Elsevier agreement","els2024finelib"
"Aalto University",2025,"10.1016/j.jss.2025.112561",TRUE,"FinELib Elsevier agreement","els2024finelib"
"Aalto University",2025,"10.1016/j.jtrangeo.2025.104257",TRUE,"FinELib Elsevier agreement","els2024finelib"
"Aalto University",2025,"10.1016/j.laa.2025.01.028",TRUE,"FinELib Elsevier agreement","els2024finelib"
"Aalto University",2025,"10.1016/j.laa.2025.05.002",TRUE,"FinELib Elsevier agreement","els2024finelib"
"Aalto University",2025,"10.1016/j.landusepol.2025.107630",TRUE,"FinELib Elsevier agreement","els2024finelib"
"Aalto University",2025,"10.1016/j.landusepol.2025.107812",TRUE,"FinELib Elsevier agreement","els2024finelib"
"Aalto University",2025,"10.1016/j.marstruc.2025.103880",TRUE,"FinELib Elsevier agreement","els2024finelib"
"Aalto University",2025,"10.1016/j.measurement.2025.118128",TRUE,"FinELib Elsevier agreement","els2024finelib"
"Aalto University",2025,"10.1016/j.measurement.2025.118333",TRUE,"FinELib Elsevier agreement","els2024finelib"
"Aalto University",2025,"10.1016/j.measurement.2025.120036",TRUE,"FinELib Elsevier agreement","els2024finelib"
"Aalto University",2025,"10.1016/j.mechmat.2025.105501",TRUE,"FinELib Elsevier agreement","els2024finelib"
"Aalto University",2025,"10.1016/j.media.2025.103916",TRUE,"FinELib Elsevier agreement","els2024finelib"
"Aalto University",2025,"10.1016/j.mineng.2025.109213",TRUE,"FinELib Elsevier agreement","els2024finelib"
"Aalto University",2025,"10.1016/j.mineng.2025.109271",TRUE,"FinELib Elsevier agreement","els2024finelib"
"Aalto University",2025,"10.1016/j.mineng.2025.109297",TRUE,"FinELib Elsevier agreement","els2024finelib"
"Aalto University",2025,"10.1016/j.mineng.2025.109839",TRUE,"FinELib Elsevier agreement","els2024finelib"
"Aalto University",2025,"10.1016/j.mser.2025.101128",TRUE,"FinELib Elsevier agreement","els2024finelib"
"Aalto University",2025,"10.1016/j.mtener.2025.101862",TRUE,"FinELib Elsevier agreement","els2024finelib"
"Aalto University",2025,"10.1016/j.nanoen.2025.111062",TRUE,"FinELib Elsevier agreement","els2024finelib"
"Aalto University",2025,"10.1016/j.nantod.2025.102635",TRUE,"FinELib Elsevier agreement","els2024finelib"
"Aalto University",2025,"10.1016/j.ndteint.2025.103332",TRUE,"FinELib Elsevier agreement","els2024finelib"
"Aalto University",2025,"10.1016/j.neuropsychologia.2025.109068",TRUE,"FinELib Elsevier agreement","els2024finelib"
"Aalto University",2025,"10.1016/j.nimb.2025.165916",TRUE,"FinELib Elsevier agreement","els2024finelib"
"Aalto University",2025,"10.1016/j.oceaneng.2025.120753",TRUE,"FinELib Elsevier agreement","els2024finelib"
"Aalto University",2025,"10.1016/j.oceaneng.2025.122797",TRUE,"FinELib Elsevier agreement","els2024finelib"
"Aalto University",2025,"10.1016/j.orl.2025.107308",TRUE,"FinELib Elsevier agreement","els2024finelib"
"Aalto University",2025,"10.1016/j.patrec.2025.06.020",TRUE,"FinELib Elsevier agreement","els2024finelib"
"Aalto University",2025,"10.1016/j.precisioneng.2025.07.013",TRUE,"FinELib Elsevier agreement","els2024finelib"
"Aalto University",2025,"10.1016/j.pursup.2025.101057",TRUE,"FinELib Elsevier agreement","els2024finelib"
"Aalto University",2025,"10.1016/j.ref.2025.100750",TRUE,"FinELib Elsevier agreement","els2024finelib"
"Aalto University",2025,"10.1016/j.renene.2025.123597",TRUE,"FinELib Elsevier agreement","els2024finelib"
"Aalto University",2025,"10.1016/j.renene.2025.124622",TRUE,"FinELib Elsevier agreement","els2024finelib"
"Aalto University",2025,"10.1016/j.resconrec.2025.108141",TRUE,"FinELib Elsevier agreement","els2024finelib"
"Aalto University",2025,"10.1016/j.resconrec.2025.108197",TRUE,"FinELib Elsevier agreement","els2024finelib"
"Aalto University",2025,"10.1016/j.respol.2025.105255",TRUE,"FinELib Elsevier agreement","els2024finelib"
"Aalto University",2025,"10.1016/j.respol.2025.105380",TRUE,"FinELib Elsevier agreement","els2024finelib"
"Aalto University",2025,"10.1016/j.ress.2025.110810",TRUE,"FinELib Elsevier agreement","els2024finelib"
"Aalto University",2025,"10.1016/j.ress.2025.111542",TRUE,"FinELib Elsevier agreement","els2024finelib"
"Aalto University",2025,"10.1016/j.ress.2025.111611",TRUE,"FinELib Elsevier agreement","els2024finelib"
"Aalto University",2025,"10.1016/j.ress.2025.111615",TRUE,"FinELib Elsevier agreement","els2024finelib"
"Aalto University",2025,"10.1016/j.ress.2025.111644",TRUE,"FinELib Elsevier agreement","els2024finelib"
"Aalto University",2025,"10.1016/j.ress.2025.111729",TRUE,"FinELib Elsevier agreement","els2024finelib"
"Aalto University",2025,"10.1016/j.ress.2025.112006",TRUE,"FinELib Elsevier agreement","els2024finelib"
"Aalto University",2025,"10.1016/j.rser.2025.115430",TRUE,"FinELib Elsevier agreement","els2024finelib"
"Aalto University",2025,"10.1016/j.rser.2025.115809",TRUE,"FinELib Elsevier agreement","els2024finelib"
"Aalto University",2025,"10.1016/j.rser.2025.115863",TRUE,"FinELib Elsevier agreement","els2024finelib"
"Aalto University",2025,"10.1016/j.rser.2025.115963",TRUE,"FinELib Elsevier agreement","els2024finelib"
"Aalto University",2025,"10.1016/j.rser.2025.116065",TRUE,"FinELib Elsevier agreement","els2024finelib"
"Aalto University",2025,"10.1016/j.rser.2025.116384",TRUE,"FinELib Elsevier agreement","els2024finelib"
"Aalto University",2025,"10.1016/j.rser.2025.116612",TRUE,"FinELib Elsevier agreement","els2024finelib"
"Aalto University",2025,"10.1016/j.scitotenv.2025.178408",TRUE,"FinELib Elsevier agreement","els2024finelib"
"Aalto University",2025,"10.1016/j.segan.2025.101709",TRUE,"FinELib Elsevier agreement","els2024finelib"
"Aalto University",2025,"10.1016/j.seta.2025.104514",TRUE,"FinELib Elsevier agreement","els2024finelib"
"Aalto University",2025,"10.1016/j.sigpro.2025.110338",TRUE,"FinELib Elsevier agreement","els2024finelib"
"Aalto University",2025,"10.1016/j.solmat.2025.113561",TRUE,"FinELib Elsevier agreement","els2024finelib"
"Aalto University",2025,"10.1016/j.spa.2025.104808",TRUE,"FinELib Elsevier agreement","els2024finelib"
"Aalto University",2025,"10.1016/j.specom.2025.103279",TRUE,"FinELib Elsevier agreement","els2024finelib"
"Aalto University",2025,"10.1016/j.specom.2025.103288",TRUE,"FinELib Elsevier agreement","els2024finelib"
"Aalto University",2025,"10.1016/j.ssci.2025.106842",TRUE,"FinELib Elsevier agreement","els2024finelib"
"Aalto University",2025,"10.1016/j.ssci.2025.106944",TRUE,"FinELib Elsevier agreement","els2024finelib"
"Aalto University",2025,"10.1016/j.surfin.2025.108245",TRUE,"FinELib Elsevier agreement","els2024finelib"
"Aalto University",2025,"10.1016/j.susmat.2025.e01312",TRUE,"FinELib Elsevier agreement","els2024finelib"
"Aalto University",2025,"10.1016/j.talanta.2025.129160",TRUE,"FinELib Elsevier agreement","els2024finelib"
"Aalto University",2025,"10.1016/j.techfore.2025.124361",TRUE,"FinELib Elsevier agreement","els2024finelib"
"Aalto University",2025,"10.1016/j.techfore.2025.124404",TRUE,"FinELib Elsevier agreement","els2024finelib"
"Aalto University",2025,"10.1016/j.tele.2025.102278",TRUE,"FinELib Elsevier agreement","els2024finelib"
"Aalto University",2025,"10.1016/j.telpol.2025.102995",TRUE,"FinELib Elsevier agreement","els2024finelib"
"Aalto University",2025,"10.1016/j.tra.2025.104734",TRUE,"FinELib Elsevier agreement","els2024finelib"
"Aalto University",2025,"10.1016/j.trc.2025.105015",TRUE,"FinELib Elsevier agreement","els2024finelib"
"Aalto University",2025,"10.1016/j.trc.2025.105203",TRUE,"FinELib Elsevier agreement","els2024finelib"
"Aalto University",2025,"10.1016/j.trc.2025.105356",TRUE,"FinELib Elsevier agreement","els2024finelib"
"Aalto University",2025,"10.1016/j.trgeo.2025.101597",TRUE,"FinELib Elsevier agreement","els2024finelib"
"Aalto University",2025,"10.1016/j.trgeo.2025.101697",TRUE,"FinELib Elsevier agreement","els2024finelib"
"Aalto University",2025,"10.1016/j.trgeo.2025.101764",TRUE,"FinELib Elsevier agreement","els2024finelib"
"Aalto University",2025,"10.1016/j.ufug.2025.128936",TRUE,"FinELib Elsevier agreement","els2024finelib"
"Aalto University",2025,"10.1016/j.ufug.2025.128963",TRUE,"FinELib Elsevier agreement","els2024finelib"
"Aalto University",2025,"10.1016/j.wasman.2025.01.008",TRUE,"FinELib Elsevier agreement","els2024finelib"
"Aalto University",2025,"10.1016/j.wasman.2025.114905",TRUE,"FinELib Elsevier agreement","els2024finelib"
"Aalto University",2025,"10.1016/j.watres.2025.125157",TRUE,"FinELib Elsevier agreement","els2024finelib"
"Aalto University",2025,"10.1017/cel.2024.6",FALSE,"FinELib CUP agreement","cam2024finelib"
"Aalto University",2025,"10.1017/nws.2025.10010",FALSE,"FinELib CUP agreement","cam2024finelib"
"Aalto University",2025,"10.1017/S0032247425100090",TRUE,"FinELib CUP agreement","cam2024finelib"
"Aalto University",2025,"10.1017/S0963180124000781",TRUE,"FinELib CUP agreement","cam2024finelib"
"Aalto University",2025,"10.1017/S2977905725100012",FALSE,"FinELib CUP agreement","cam2024finelib"
"Aalto University",2025,"10.1029/2024RS008209",TRUE,"FinELib Wiley agreement","wiley2025finelib"
"Aalto University",2025,"10.1029/2025GL115284",FALSE,"FinELib Wiley agreement","wiley2025finelib"
"Aalto University",2025,"10.1029/2025GL116833",FALSE,"FinELib Wiley agreement","wiley2025finelib"
"Aalto University",2025,"10.1038/s41563-025-02146-5",TRUE,"FinELib Nature Research agreement","sn2025finelib"
"Aalto University",2025,"10.1038/s41566-025-01799-7",TRUE,"FinELib Nature Research agreement","sn2025finelib"
"Aalto University",2025,"10.1038/s41893-025-01689-4",TRUE,"FinELib Nature Research agreement","sn2025finelib"
"Aalto University",2025,"10.1038/s43016-025-01135-w",TRUE,"FinELib Nature Research agreement","sn2025finelib"
"Aalto University",2025,"10.1039/D4GC05409A",TRUE,"FinELib RSC agreement","rsc2024finelib"
"Aalto University",2025,"10.1039/D4NR04226C",TRUE,"FinELib RSC agreement","rsc2024finelib"
"Aalto University",2025,"10.1039/D4NR05261G",TRUE,"FinELib RSC agreement","rsc2024finelib"
"Aalto University",2025,"10.1039/D4SM01509F",TRUE,"FinELib RSC agreement","rsc2024finelib"
"Aalto University",2025,"10.1039/D4YA00583J",FALSE,"FinELib RSC agreement","rsc2024finelib"
"Aalto University",2025,"10.1039/D5CP01464F",TRUE,"FinELib RSC agreement","rsc2024finelib"
"Aalto University",2025,"10.1039/D5CP01616A",TRUE,"FinELib RSC agreement","rsc2024finelib"
"Aalto University",2025,"10.1039/D5CP01655J",TRUE,"FinELib RSC agreement","rsc2024finelib"
"Aalto University",2025,"10.1039/D5CP02239H",TRUE,"FinELib RSC agreement","rsc2024finelib"
"Aalto University",2025,"10.1039/D5DD00021A",FALSE,"FinELib RSC agreement","rsc2024finelib"
"Aalto University",2025,"10.1039/D5DT00526D",TRUE,"FinELib RSC agreement","rsc2024finelib"
"Aalto University",2025,"10.1039/D5DT01139F",TRUE,"FinELib RSC agreement","rsc2024finelib"
"Aalto University",2025,"10.1039/D5GC00943J",TRUE,"FinELib RSC agreement","rsc2024finelib"
"Aalto University",2025,"10.1039/D5MA00186B",FALSE,"FinELib RSC agreement","rsc2024finelib"
"Aalto University",2025,"10.1039/D5NA00433K",FALSE,"FinELib RSC agreement","rsc2024finelib"
"Aalto University",2025,"10.1039/D5NA00914F",FALSE,"FinELib RSC agreement","rsc2024finelib"
"Aalto University",2025,"10.1039/D5NR00297D",TRUE,"FinELib RSC agreement","rsc2024finelib"
"Aalto University",2025,"10.1039/D5NR03463A",TRUE,"FinELib RSC agreement","rsc2024finelib"
"Aalto University",2025,"10.1039/D5RA00686D",FALSE,"FinELib RSC agreement","rsc2024finelib"
"Aalto University",2025,"10.1039/D5RA06722G",FALSE,"FinELib RSC agreement","rsc2024finelib"
"Aalto University",2025,"10.1039/D5RA07103H",FALSE,"FinELib RSC agreement","rsc2024finelib"
"Aalto University",2025,"10.1039/D5RA07682J",FALSE,"FinELib RSC agreement","rsc2024finelib"
"Aalto University",2025,"10.1039/D5SE00439J",TRUE,"FinELib RSC agreement","rsc2024finelib"
"Aalto University",2025,"10.1039/D5SM00317B",TRUE,"FinELib RSC agreement","rsc2024finelib"
"Aalto University",2025,"10.1039/D5SU00102A",FALSE,"FinELib RSC agreement","rsc2024finelib"
"Aalto University",2025,"10.1039/D5TC02796A",TRUE,"FinELib RSC agreement","rsc2024finelib"
"Aalto University",2025,"10.1049/ell2.70339",FALSE,"FinELib Wiley agreement","wiley2025finelib"
"Aalto University",2025,"10.1049/ell2.70368",FALSE,"FinELib Wiley agreement","wiley2025finelib"
"Aalto University",2025,"10.1049/elp2.70074",FALSE,"FinELib Wiley agreement","wiley2025finelib"
"Aalto University",2025,"10.1049/elp2.70106",FALSE,"FinELib Wiley agreement","wiley2025finelib"
"Aalto University",2025,"10.1049/itr2.70010",FALSE,"FinELib Wiley agreement","wiley2025finelib"
"Aalto University",2025,"10.1049/itr2.70049",FALSE,"FinELib Wiley agreement","wiley2025finelib"
"Aalto University",2025,"10.1049/nde2.70022",FALSE,"FinELib Wiley agreement","wiley2025finelib"
"Aalto University",2025,"10.1049/rsn2.70043",FALSE,"FinELib Wiley agreement","wiley2025finelib"
"Aalto University",2025,"10.1057/s41267-025-00791-1",FALSE,"FinELib Springer Compact agreement","sn2024finelib"
"Aalto University",2025,"10.1080/00014788.2025.2486753",TRUE,"FinELib Taylor & Francis agreement","tf2025finelib"
"Aalto University",2025,"10.1080/00014788.2025.2521109",TRUE,"FinELib Taylor & Francis agreement","tf2025finelib"
"Aalto University",2025,"10.1080/00014788.2025.2579305",TRUE,"FinELib Taylor & Francis agreement","tf2025finelib"
"Aalto University",2025,"10.1080/00084433.2025.2515548",TRUE,"FinELib Taylor & Francis agreement","tf2025finelib"
"Aalto University",2025,"10.1080/00207543.2025.2453828",TRUE,"FinELib Taylor & Francis agreement","tf2025finelib"
"Aalto University",2025,"10.1080/02673037.2025.2454544",TRUE,"FinELib Taylor & Francis agreement","tf2025finelib"
"Aalto University",2025,"10.1080/02697459.2025.2578619",TRUE,"FinELib Taylor & Francis agreement","tf2025finelib"
"Aalto University",2025,"10.1080/03043797.2025.2532591",TRUE,"FinELib Taylor & Francis agreement","tf2025finelib"
"Aalto University",2025,"10.1080/03075079.2025.2550771",TRUE,"FinELib Taylor & Francis agreement","tf2025finelib"
"Aalto University",2025,"10.1080/07350015.2025.2467898",TRUE,"FinELib Taylor & Francis agreement","tf2025finelib"
"Aalto University",2025,"10.1080/08827508.2025.2454688",TRUE,"FinELib Taylor & Francis agreement","tf2025finelib"
"Aalto University",2025,"10.1080/08985626.2025.2459221",TRUE,"FinELib Taylor & Francis agreement","tf2025finelib"
"Aalto University",2025,"10.1080/08985626.2025.2580274",TRUE,"FinELib Taylor & Francis agreement","tf2025finelib"
"Aalto University",2025,"10.1080/10696679.2025.2552276",TRUE,"FinELib Taylor & Francis agreement","tf2025finelib"
"Aalto University",2025,"10.1080/10835547.2025.2571353",TRUE,"FinELib Taylor & Francis agreement","tf2025finelib"
"Aalto University",2025,"10.1080/13504851.2025.2513973",TRUE,"FinELib Taylor & Francis agreement","tf2025finelib"
"Aalto University",2025,"10.1080/13563475.2025.2461664",TRUE,"FinELib Taylor & Francis agreement","tf2025finelib"
"Aalto University",2025,"10.1080/13563475.2025.2470751",TRUE,"FinELib Taylor & Francis agreement","tf2025finelib"
"Aalto University",2025,"10.1080/1359432X.2025.2517587",TRUE,"FinELib Taylor & Francis agreement","tf2025finelib"
"Aalto University",2025,"10.1080/1362704X.2025.2481671",TRUE,"FinELib Taylor & Francis agreement","tf2025finelib"
"Aalto University",2025,"10.1080/1362704X.2025.2527447",TRUE,"FinELib Taylor & Francis agreement","tf2025finelib"
"Aalto University",2025,"10.1080/1463922X.2025.2499486",TRUE,"FinELib Taylor & Francis agreement","tf2025finelib"
"Aalto University",2025,"10.1080/14649357.2025.2538456",TRUE,"FinELib Taylor & Francis agreement","tf2025finelib"
"Aalto University",2025,"10.1080/14680629.2025.2483478",TRUE,"FinELib Taylor & Francis agreement","tf2025finelib"
"Aalto University",2025,"10.1080/14759756.2025.2548771",TRUE,"FinELib Taylor & Francis agreement","tf2025finelib"
"Aalto University",2025,"10.1080/15528014.2025.2512142",TRUE,"FinELib Taylor & Francis agreement","tf2025finelib"
"Aalto University",2025,"10.1080/1573062X.2025.2541797",TRUE,"FinELib Taylor & Francis agreement","tf2025finelib"
"Aalto University",2025,"10.1080/17439760.2025.2498130",TRUE,"FinELib Taylor & Francis agreement","tf2025finelib"
"Aalto University",2025,"10.1080/17445302.2025.2474118",TRUE,"FinELib Taylor & Francis agreement","tf2025finelib"
"Aalto University",2025,"10.1080/17450101.2025.2477171",TRUE,"FinELib Taylor & Francis agreement","tf2025finelib"
"Aalto University",2025,"10.1080/17480272.2025.2517186",TRUE,"FinELib Taylor & Francis agreement","tf2025finelib"
"Aalto University",2025,"10.1080/17535069.2025.2584968",TRUE,"FinELib Taylor & Francis agreement","tf2025finelib"
"Aalto University",2025,"10.1080/17547075.2025.2575111",TRUE,"FinELib Taylor & Francis agreement","tf2025finelib"
"Aalto University",2025,"10.1080/19401493.2025.2586513",TRUE,"FinELib Taylor & Francis agreement","tf2025finelib"
"Aalto University",2025,"10.1080/19455224.2025.2561257",TRUE,"FinELib Taylor & Francis agreement","tf2025finelib"
"Aalto University",2025,"10.1080/20464177.2025.2460268",TRUE,"FinELib Taylor & Francis agreement","tf2025finelib"
"Aalto University",2025,"10.1093/jcr/ucaf057",TRUE,"FinELib OUP agreement","oxf2024finelib"
"Aalto University",2025,"10.1093/restud/rdaf015",TRUE,"FinELib OUP agreement","oxf2024finelib"
"Aalto University",2025,"10.1108/BFJ-11-2024-1121",TRUE,"FinELib Emerald agreement","eme2025finelib"
"Aalto University",2025,"10.1108/CCSM-10-2024-0261",TRUE,"FinELib Emerald agreement","eme2025finelib"
"Aalto University",2025,"10.1108/CI-09-2024-0291",TRUE,"FinELib Emerald agreement","eme2025finelib"
"Aalto University",2025,"10.1108/EC-08-2024-0767",TRUE,"FinELib Emerald agreement","eme2025finelib"
"Aalto University",2025,"10.1108/EJM-06-2023-0449",TRUE,"FinELib Emerald agreement","eme2025finelib"
"Aalto University",2025,"10.1108/F-01-2025-0016",TRUE,"FinELib Emerald agreement","eme2025finelib"
"Aalto University",2025,"10.1108/F-02-2025-0031",TRUE,"FinELib Emerald agreement","eme2025finelib"
"Aalto University",2025,"10.1108/F-03-2024-0046",TRUE,"FinELib Emerald agreement","eme2025finelib"
"Aalto University",2025,"10.1108/IJEBR-03-2024-0279",TRUE,"FinELib Emerald agreement","eme2025finelib"
"Aalto University",2025,"10.1108/IJM-06-2024-0381",TRUE,"FinELib Emerald agreement","eme2025finelib"
"Aalto University",2025,"10.1108/IJOA-05-2025-5471",TRUE,"FinELib Emerald agreement","eme2025finelib"
"Aalto University",2025,"10.1108/IJOA-10-2024-4945",TRUE,"FinELib Emerald agreement","eme2025finelib"
"Aalto University",2025,"10.1108/IJOPM-07-2024-0560",TRUE,"FinELib Emerald agreement","eme2025finelib"
"Aalto University",2025,"10.1108/IJOPM-09-2024-0754",TRUE,"FinELib Emerald agreement","eme2025finelib"
"Aalto University",2025,"10.1108/IJOPM-11-2024-0985",TRUE,"FinELib Emerald agreement","eme2025finelib"
"Aalto University",2025,"10.1108/IJOPM-12-2024-1046",TRUE,"FinELib Emerald agreement","eme2025finelib"
"Aalto University",2025,"10.1108/JCRE-07-2024-0023",TRUE,"FinELib Emerald agreement","eme2025finelib"
"Aalto University",2025,"10.1108/JFRC-04-2025-0074",TRUE,"FinELib Emerald agreement","eme2025finelib"
"Aalto University",2025,"10.1108/JOE-10-2024-0077",TRUE,"FinELib Emerald agreement","eme2025finelib"
"Aalto University",2025,"10.1108/JOSM-10-2024-0426",TRUE,"FinELib Emerald agreement","eme2025finelib"
"Aalto University",2025,"10.1108/JSM-11-2024-0602",TRUE,"FinELib Emerald agreement","eme2025finelib"
"Aalto University",2025,"10.1108/SASBE-11-2024-0492",TRUE,"FinELib Emerald agreement","eme2025finelib"
"Aalto University",2025,"10.1109/ACCESS.2025.3530695",FALSE,"FinELib IEEE agreement","ieee2024finelib"
"Aalto University",2025,"10.1109/ACCESS.2025.3533043",FALSE,"FinELib IEEE agreement","ieee2024finelib"
"Aalto University",2025,"10.1109/ACCESS.2025.3540381",FALSE,"FinELib IEEE agreement","ieee2024finelib"
"Aalto University",2025,"10.1109/ACCESS.2025.3546546",FALSE,"FinELib IEEE agreement","ieee2024finelib"
"Aalto University",2025,"10.1109/ACCESS.2025.3549719",FALSE,"FinELib IEEE agreement","ieee2024finelib"
"Aalto University",2025,"10.1109/ACCESS.2025.3556467",FALSE,"FinELib IEEE agreement","ieee2024finelib"
"Aalto University",2025,"10.1109/ACCESS.2025.3573451",FALSE,"FinELib IEEE agreement","ieee2024finelib"
"Aalto University",2025,"10.1109/ACCESS.2025.3577577",FALSE,"FinELib IEEE agreement","ieee2024finelib"
"Aalto University",2025,"10.1109/ACCESS.2025.3582061",FALSE,"FinELib IEEE agreement","ieee2024finelib"
"Aalto University",2025,"10.1109/ACCESS.2025.3583080",FALSE,"FinELib IEEE agreement","ieee2024finelib"
"Aalto University",2025,"10.1109/ACCESS.2025.3583995",FALSE,"FinELib IEEE agreement","ieee2024finelib"
"Aalto University",2025,"10.1109/ACCESS.2025.3586582",FALSE,"FinELib IEEE agreement","ieee2024finelib"
"Aalto University",2025,"10.1109/ACCESS.2025.3589799",FALSE,"FinELib IEEE agreement","ieee2024finelib"
"Aalto University",2025,"10.1109/ACCESS.2025.3596021",FALSE,"FinELib IEEE agreement","ieee2024finelib"
"Aalto University",2025,"10.1109/ACCESS.2025.3596459",FALSE,"FinELib IEEE agreement","ieee2024finelib"
"Aalto University",2025,"10.1109/ACCESS.2025.3603422",FALSE,"FinELib IEEE agreement","ieee2024finelib"
"Aalto University",2025,"10.1109/ACCESS.2025.3603906",FALSE,"FinELib IEEE agreement","ieee2024finelib"
"Aalto University",2025,"10.1109/ACCESS.2025.3605869",FALSE,"FinELib IEEE agreement","ieee2024finelib"
"Aalto University",2025,"10.1109/ACCESS.2025.3608937",FALSE,"FinELib IEEE agreement","ieee2024finelib"
"Aalto University",2025,"10.1109/ACCESS.2025.3613227",FALSE,"FinELib IEEE agreement","ieee2024finelib"
"Aalto University",2025,"10.1109/ACCESS.2025.3620880",FALSE,"FinELib IEEE agreement","ieee2024finelib"
"Aalto University",2025,"10.1109/ACCESS.2025.3627150",FALSE,"FinELib IEEE agreement","ieee2024finelib"
"Aalto University",2025,"10.1109/ACCESS.2025.3627308",FALSE,"FinELib IEEE agreement","ieee2024finelib"
"Aalto University",2025,"10.1109/ACCESS.2025.3627885",FALSE,"FinELib IEEE agreement","ieee2024finelib"
"Aalto University",2025,"10.1109/ACCESS.2025.3630894",FALSE,"FinELib IEEE agreement","ieee2024finelib"
"Aalto University",2025,"10.1109/ACCESS.2025.3631771",FALSE,"FinELib IEEE agreement","ieee2024finelib"
"Aalto University",2025,"10.1109/ACCESS.2025.3633736",FALSE,"FinELib IEEE agreement","ieee2024finelib"
"Aalto University",2025,"10.1109/ACCESS.2025.3636934",FALSE,"FinELib IEEE agreement","ieee2024finelib"
"Aalto University",2025,"10.1109/ACCESS.2025.3638140",FALSE,"FinELib IEEE agreement","ieee2024finelib"
"Aalto University",2025,"10.1109/JIOT.2025.3556300",TRUE,"FinELib IEEE agreement","ieee2024finelib"
"Aalto University",2025,"10.1109/JIOT.2025.3573459",TRUE,"FinELib IEEE agreement","ieee2024finelib"
"Aalto University",2025,"10.1109/JIOT.2025.3574407",TRUE,"FinELib IEEE agreement","ieee2024finelib"
"Aalto University",2025,"10.1109/JIOT.2025.3612303",TRUE,"FinELib IEEE agreement","ieee2024finelib"
"Aalto University",2025,"10.1109/JPROC.2025.3632102",TRUE,"FinELib IEEE agreement","ieee2024finelib"
"Aalto University",2025,"10.1109/JSTARS.2025.3612739",FALSE,"FinELib IEEE agreement","ieee2024finelib"
"Aalto University",2025,"10.1109/JSTSP.2025.3600901",TRUE,"FinELib IEEE agreement","ieee2024finelib"
"Aalto University",2025,"10.1109/LAWP.2025.3550026",TRUE,"FinELib IEEE agreement","ieee2024finelib"
"Aalto University",2025,"10.1109/LCOMM.2025.3588270",TRUE,"FinELib IEEE agreement","ieee2024finelib"
"Aalto University",2025,"10.1109/LRA.2025.3554432",TRUE,"FinELib IEEE agreement","ieee2024finelib"
"Aalto University",2025,"10.1109/LRA.2025.3625494",TRUE,"FinELib IEEE agreement","ieee2024finelib"
"Aalto University",2025,"10.1109/LSP.2025.3525898",TRUE,"FinELib IEEE agreement","ieee2024finelib"
"Aalto University",2025,"10.1109/MAP.2025.3610073",TRUE,"FinELib IEEE agreement","ieee2024finelib"
"Aalto University",2025,"10.1109/MC.2025.3602178",TRUE,"FinELib IEEE agreement","ieee2024finelib"
"Aalto University",2025,"10.1109/MCOMSTD.2025.3573817",TRUE,"FinELib IEEE agreement","ieee2024finelib"
"Aalto University",2025,"10.1109/MIOT.2025.3596177",TRUE,"FinELib IEEE agreement","ieee2024finelib"
"Aalto University",2025,"10.1109/MPRV.2025.3625634",TRUE,"FinELib IEEE agreement","ieee2024finelib"
"Aalto University",2025,"10.1109/OJAP.2025.3526414",FALSE,"FinELib IEEE agreement","ieee2024finelib"
"Aalto University",2025,"10.1109/OJIES.2025.3530527",FALSE,"FinELib IEEE agreement","ieee2024finelib"
"Aalto University",2025,"10.1109/OJIES.2025.3534588",FALSE,"FinELib IEEE agreement","ieee2024finelib"
"Aalto University",2025,"10.1109/OJITS.2025.3554387",FALSE,"FinELib IEEE agreement","ieee2024finelib"
"Aalto University",2025,"10.1109/OJITS.2025.3600918",FALSE,"FinELib IEEE agreement","ieee2024finelib"
"Aalto University",2025,"10.1109/OJPEL.2025.3589536",FALSE,"FinELib IEEE agreement","ieee2024finelib"
"Aalto University",2025,"10.1109/OJSP.2025.3530876",FALSE,"FinELib IEEE agreement","ieee2024finelib"
"Aalto University",2025,"10.1109/OJVT.2025.3619421",FALSE,"FinELib IEEE agreement","ieee2024finelib"
"Aalto University",2025,"10.1109/TAC.2025.3568560",TRUE,"FinELib IEEE agreement","ieee2024finelib"
"Aalto University",2025,"10.1109/TAC.2025.3615237",TRUE,"FinELib IEEE agreement","ieee2024finelib"
"Aalto University",2025,"10.1109/TAI.2025.3617936",TRUE,"FinELib IEEE agreement","ieee2024finelib"
"Aalto University",2025,"10.1109/TAP.2024.3520416",TRUE,"FinELib IEEE agreement","ieee2024finelib"
"Aalto University",2025,"10.1109/TAP.2025.3544930",TRUE,"FinELib IEEE agreement","ieee2024finelib"
"Aalto University",2025,"10.1109/TAP.2025.3564506",TRUE,"FinELib IEEE agreement","ieee2024finelib"
"Aalto University",2025,"10.1109/TAP.2025.3576489",TRUE,"FinELib IEEE agreement","ieee2024finelib"
"Aalto University",2025,"10.1109/TAP.2025.3579156",TRUE,"FinELib IEEE agreement","ieee2024finelib"
"Aalto University",2025,"10.1109/TAP.2025.3605039",TRUE,"FinELib IEEE agreement","ieee2024finelib"
"Aalto University",2025,"10.1109/TAP.2025.3630704",TRUE,"FinELib IEEE agreement","ieee2024finelib"
"Aalto University",2025,"10.1109/TAP.2025.3642257",TRUE,"FinELib IEEE agreement","ieee2024finelib"
"Aalto University",2025,"10.1109/TBME.2025.3564653",TRUE,"FinELib IEEE agreement","ieee2024finelib"
"Aalto University",2025,"10.1109/TCAD.2025.3560224",TRUE,"FinELib IEEE agreement","ieee2024finelib"
"Aalto University",2025,"10.1109/TCAD.2025.3586889",TRUE,"FinELib IEEE agreement","ieee2024finelib"
"Aalto University",2025,"10.1109/TCCN.2025.3586219",TRUE,"FinELib IEEE agreement","ieee2024finelib"
"Aalto University",2025,"10.1109/TCOMM.2025.3547734",TRUE,"FinELib IEEE agreement","ieee2024finelib"
"Aalto University",2025,"10.1109/TCPMT.2025.3528519",TRUE,"FinELib IEEE agreement","ieee2024finelib"
"Aalto University",2025,"10.1109/TCPMT.2025.3540665",TRUE,"FinELib IEEE agreement","ieee2024finelib"
"Aalto University",2025,"10.1109/TCPMT.2025.3551958",TRUE,"FinELib IEEE agreement","ieee2024finelib"
"Aalto University",2025,"10.1109/TCPMT.2025.3626444",TRUE,"FinELib IEEE agreement","ieee2024finelib"
"Aalto University",2025,"10.1109/TCST.2025.3589409",TRUE,"FinELib IEEE agreement","ieee2024finelib"
"Aalto University",2025,"10.1109/TIA.2025.3571882",TRUE,"FinELib IEEE agreement","ieee2024finelib"
"Aalto University",2025,"10.1109/TIE.2025.3559958",TRUE,"FinELib IEEE agreement","ieee2024finelib"
"Aalto University",2025,"10.1109/TIT.2025.3535091",TRUE,"FinELib IEEE agreement","ieee2024finelib"
"Aalto University",2025,"10.1109/TIT.2025.3588661",TRUE,"FinELib IEEE agreement","ieee2024finelib"
"Aalto University",2025,"10.1109/TMC.2025.3539590",TRUE,"FinELib IEEE agreement","ieee2024finelib"
"Aalto University",2025,"10.1109/TMECH.2025.3568856",TRUE,"FinELib IEEE agreement","ieee2024finelib"
"Aalto University",2025,"10.1109/TMECH.2025.3601018",TRUE,"FinELib IEEE agreement","ieee2024finelib"
"Aalto University",2025,"10.1109/TMTT.2025.3604559",TRUE,"FinELib IEEE agreement","ieee2024finelib"
"Aalto University",2025,"10.1109/TNSRE.2025.3564388",FALSE,"FinELib IEEE agreement","ieee2024finelib"
"Aalto University",2025,"10.1109/TPEL.2025.3537332",TRUE,"FinELib IEEE agreement","ieee2024finelib"
"Aalto University",2025,"10.1109/TQE.2025.3549485",FALSE,"FinELib IEEE agreement","ieee2024finelib"
"Aalto University",2025,"10.1109/TSG.2024.3524550",TRUE,"FinELib IEEE agreement","ieee2024finelib"
"Aalto University",2025,"10.1109/TSG.2025.3579648",TRUE,"FinELib IEEE agreement","ieee2024finelib"
"Aalto University",2025,"10.1109/TSP.2025.3582396",TRUE,"FinELib IEEE agreement","ieee2024finelib"
"Aalto University",2025,"10.1109/TSP.2025.3597931",TRUE,"FinELib IEEE agreement","ieee2024finelib"
"Aalto University",2025,"10.1109/TSP.2025.3615414",TRUE,"FinELib IEEE agreement","ieee2024finelib"
"Aalto University",2025,"10.1109/TSP.2025.3615853",TRUE,"FinELib IEEE agreement","ieee2024finelib"
"Aalto University",2025,"10.1109/TTHZ.2025.3579299",TRUE,"FinELib IEEE agreement","ieee2024finelib"
"Aalto University",2025,"10.1109/TTHZ.2025.3628558",TRUE,"FinELib IEEE agreement","ieee2024finelib"
"Aalto University",2025,"10.1109/TTHZ.2025.3637149",TRUE,"FinELib IEEE agreement","ieee2024finelib"
"Aalto University",2025,"10.1109/TVCG.2025.3549844",TRUE,"FinELib IEEE agreement","ieee2024finelib"
"Aalto University",2025,"10.1109/TVLSI.2024.3496090",TRUE,"FinELib IEEE agreement","ieee2024finelib"
"Aalto University",2025,"10.1109/TVT.2025.3612485",TRUE,"FinELib IEEE agreement","ieee2024finelib"
"Aalto University",2025,"10.1111/1911-3846.13035",TRUE,"FinELib Wiley agreement","wiley2025finelib"
"Aalto University",2025,"10.1111/cgf.70290",TRUE,"FinELib Wiley agreement","wiley2025finelib"
"Aalto University",2025,"10.1111/eulj.12542",TRUE,"FinELib Wiley agreement","wiley2025finelib"
"Aalto University",2025,"10.1111/febs.17409",TRUE,"FinELib Wiley agreement","wiley2025finelib"
"Aalto University",2025,"10.1111/iere.70008",TRUE,"FinELib Wiley agreement","wiley2025finelib"
"Aalto University",2025,"10.1111/itor.70001",TRUE,"FinELib Wiley agreement","wiley2025finelib"
"Aalto University",2025,"10.1111/jfr3.70047",FALSE,"FinELib Wiley agreement","wiley2025finelib"
"Aalto University",2025,"10.1111/joms.13228",TRUE,"FinELib Wiley agreement","wiley2025finelib"
"Aalto University",2025,"10.1111/ropr.70069",TRUE,"FinELib Wiley agreement","wiley2025finelib"
"Aalto University",2025,"10.1111/scs.70008",TRUE,"FinELib Wiley agreement","wiley2025finelib"
"Aalto University",2025,"10.1111/sjoe.70000",TRUE,"FinELib Wiley agreement","wiley2025finelib"
"Aalto University",2025,"10.1111/vox.70092",TRUE,"FinELib Wiley agreement","wiley2025finelib"
"Aalto University",2025,"10.1145/3641554.3701791",TRUE,"FinELib ACM agreement","acm2025finelib"
"Aalto University",2025,"10.1145/3641554.3701934",TRUE,"FinELib ACM agreement","acm2025finelib"
"Aalto University",2025,"10.1145/3689050.3704950",TRUE,"FinELib ACM agreement","acm2025finelib"
"Aalto University",2025,"10.1145/3689187.3709614",TRUE,"FinELib ACM agreement","acm2025finelib"
"Aalto University",2025,"10.1145/3690624.3709333",TRUE,"FinELib ACM agreement","acm2025finelib"
"Aalto University",2025,"10.1145/3700794.3700805",TRUE,"FinELib ACM agreement","acm2025finelib"
"Aalto University",2025,"10.1145/3703790.3703792",TRUE,"FinELib ACM agreement","acm2025finelib"
"Aalto University",2025,"10.1145/3704289.3704294",TRUE,"FinELib ACM agreement","acm2025finelib"
"Aalto University",2025,"10.1145/3706598.3713091",TRUE,"FinELib ACM agreement","acm2025finelib"
"Aalto University",2025,"10.1145/3706598.3713128",TRUE,"FinELib ACM agreement","acm2025finelib"
"Aalto University",2025,"10.1145/3706598.3713153",TRUE,"FinELib ACM agreement","acm2025finelib"
"Aalto University",2025,"10.1145/3706598.3713273",TRUE,"FinELib ACM agreement","acm2025finelib"
"Aalto University",2025,"10.1145/3706598.3713540",TRUE,"FinELib ACM agreement","acm2025finelib"
"Aalto University",2025,"10.1145/3706598.3713557",TRUE,"FinELib ACM agreement","acm2025finelib"
"Aalto University",2025,"10.1145/3706598.3713565",TRUE,"FinELib ACM agreement","acm2025finelib"
"Aalto University",2025,"10.1145/3706598.3713759",TRUE,"FinELib ACM agreement","acm2025finelib"
"Aalto University",2025,"10.1145/3706598.3713933",TRUE,"FinELib ACM agreement","acm2025finelib"
"Aalto University",2025,"10.1145/3706598.3714075",TRUE,"FinELib ACM agreement","acm2025finelib"
"Aalto University",2025,"10.1145/3706598.3714183",TRUE,"FinELib ACM agreement","acm2025finelib"
"Aalto University",2025,"10.1145/3708359.3712129",TRUE,"FinELib ACM agreement","acm2025finelib"
"Aalto University",2025,"10.1145/3711939",TRUE,"FinELib ACM agreement","acm2025finelib"
"Aalto University",2025,"10.1145/3712266",TRUE,"FinELib ACM agreement","acm2025finelib"
"Aalto University",2025,"10.1145/3714393.3726492",TRUE,"FinELib ACM agreement","acm2025finelib"
"Aalto University",2025,"10.1145/3714394.3750573",TRUE,"FinELib ACM agreement","acm2025finelib"
"Aalto University",2025,"10.1145/3714394.3750706",TRUE,"FinELib ACM agreement","acm2025finelib"
"Aalto University",2025,"10.1145/3714394.3754426",TRUE,"FinELib ACM agreement","acm2025finelib"
"Aalto University",2025,"10.1145/3714394.3755877",TRUE,"FinELib ACM agreement","acm2025finelib"
"Aalto University",2025,"10.1145/3714394.3756176",TRUE,"FinELib ACM agreement","acm2025finelib"
"Aalto University",2025,"10.1145/3714394.3756221",TRUE,"FinELib ACM agreement","acm2025finelib"
"Aalto University",2025,"10.1145/3714394.3756228",TRUE,"FinELib ACM agreement","acm2025finelib"
"Aalto University",2025,"10.1145/3715071.3750407",TRUE,"FinELib ACM agreement","acm2025finelib"
"Aalto University",2025,"10.1145/3715071.3750411",TRUE,"FinELib ACM agreement","acm2025finelib"
"Aalto University",2025,"10.1145/3715071.3750430",TRUE,"FinELib ACM agreement","acm2025finelib"
"Aalto University",2025,"10.1145/3715336.3735705",TRUE,"FinELib ACM agreement","acm2025finelib"
"Aalto University",2025,"10.1145/3715336.3735735",TRUE,"FinELib ACM agreement","acm2025finelib"
"Aalto University",2025,"10.1145/3715668.3736340",TRUE,"FinELib ACM agreement","acm2025finelib"
"Aalto University",2025,"10.1145/3716640.3716647",TRUE,"FinELib ACM agreement","acm2025finelib"
"Aalto University",2025,"10.1145/3716640.3716649",TRUE,"FinELib ACM agreement","acm2025finelib"
"Aalto University",2025,"10.1145/3717064",TRUE,"FinELib ACM agreement","acm2025finelib"
"Aalto University",2025,"10.1145/3717823.3718211",TRUE,"FinELib ACM agreement","acm2025finelib"
"Aalto University",2025,"10.1145/3717823.3718233",TRUE,"FinELib ACM agreement","acm2025finelib"
"Aalto University",2025,"10.1145/3723498.3723711",TRUE,"FinELib ACM agreement","acm2025finelib"
"Aalto University",2025,"10.1145/3723498.3723743",TRUE,"FinELib ACM agreement","acm2025finelib"
"Aalto University",2025,"10.1145/3723498.3723808",TRUE,"FinELib ACM agreement","acm2025finelib"
"Aalto University",2025,"10.1145/3723498.3723812",TRUE,"FinELib ACM agreement","acm2025finelib"
"Aalto University",2025,"10.1145/3723498.3723823",TRUE,"FinELib ACM agreement","acm2025finelib"
"Aalto University",2025,"10.1145/3724363.3729067",TRUE,"FinELib ACM agreement","acm2025finelib"
"Aalto University",2025,"10.1145/3724363.3729081",TRUE,"FinELib ACM agreement","acm2025finelib"
"Aalto University",2025,"10.1145/3724363.3729093",TRUE,"FinELib ACM agreement","acm2025finelib"
"Aalto University",2025,"10.1145/3726986.3726994",TRUE,"FinELib ACM agreement","acm2025finelib"
"Aalto University",2025,"10.1145/3732772.3733546",TRUE,"FinELib ACM agreement","acm2025finelib"
"Aalto University",2025,"10.1145/3742800.3742847",TRUE,"FinELib ACM agreement","acm2025finelib"
"Aalto University",2025,"10.1145/3745900.3746084",TRUE,"FinELib ACM agreement","acm2025finelib"
"Aalto University",2025,"10.1145/3746027.3754566",TRUE,"FinELib ACM agreement","acm2025finelib"
"Aalto University",2025,"10.1145/3746027.3755339",TRUE,"FinELib ACM agreement","acm2025finelib"
"Aalto University",2025,"10.1145/3746027.3755439",TRUE,"FinELib ACM agreement","acm2025finelib"
"Aalto University",2025,"10.1145/3746027.3758261",TRUE,"FinELib ACM agreement","acm2025finelib"
"Aalto University",2025,"10.1145/3746059.3747600",TRUE,"FinELib ACM agreement","acm2025finelib"
"Aalto University",2025,"10.1145/3746175.3747194",TRUE,"FinELib ACM agreement","acm2025finelib"
"Aalto University",2025,"10.1145/3748613",TRUE,"FinELib ACM agreement","acm2025finelib"
"Aalto University",2025,"10.1145/3748619",TRUE,"FinELib ACM agreement","acm2025finelib"
"Aalto University",2025,"10.1145/3749220",TRUE,"FinELib ACM agreement","acm2025finelib"
"Aalto University",2025,"10.1145/3754508.3754509",TRUE,"FinELib ACM agreement","acm2025finelib"
"Aalto University",2025,"10.1145/3754508.3754514",TRUE,"FinELib ACM agreement","acm2025finelib"
"Aalto University",2025,"10.1145/3754508.3754518",TRUE,"FinELib ACM agreement","acm2025finelib"
"Aalto University",2025,"10.1145/3756681.3756944",TRUE,"FinELib ACM agreement","acm2025finelib"
"Aalto University",2025,"10.1145/3757401",TRUE,"FinELib ACM agreement","acm2025finelib"
"Aalto University",2025,"10.1145/3757630",TRUE,"FinELib ACM agreement","acm2025finelib"
"Aalto University",2025,"10.1145/3767734",TRUE,"FinELib ACM agreement","acm2025finelib"
"Aalto University",2025,"10.1145/3769994.3770039",TRUE,"FinELib ACM agreement","acm2025finelib"
"Aalto University",2025,"10.1145/3773036",TRUE,"FinELib ACM agreement","acm2025finelib"
"Aalto University",2025,"10.1145/3774657",TRUE,"FinELib ACM agreement","acm2025finelib"
"Aalto University",2025,"10.1155/er/1473144",FALSE,"FinELib Wiley agreement","wiley2025finelib"
"Aalto University",2025,"10.1155/er/8850556",FALSE,"FinELib Wiley agreement","wiley2025finelib"
"Aalto University",2025,"10.1177/00076503251403401",TRUE,"FinELib SAGE agreement","sage2025finelib"
"Aalto University",2025,"10.1177/00081256251343234",TRUE,"FinELib SAGE agreement","sage2025finelib"
"Aalto University",2025,"10.1177/00081256251349145",TRUE,"FinELib SAGE agreement","sage2025finelib"
"Aalto University",2025,"10.1177/00187267251359190",TRUE,"FinELib SAGE agreement","sage2025finelib"
"Aalto University",2025,"10.1177/00420980251365014",TRUE,"FinELib SAGE agreement","sage2025finelib"
"Aalto University",2025,"10.1177/00472395251337760",TRUE,"FinELib SAGE agreement","sage2025finelib"
"Aalto University",2025,"10.1177/01492063251390850",TRUE,"FinELib SAGE agreement","sage2025finelib"
"Aalto University",2025,"10.1177/01634437251331838",TRUE,"FinELib SAGE agreement","sage2025finelib"
"Aalto University",2025,"10.1177/01708406251357834",TRUE,"FinELib SAGE agreement","sage2025finelib"
"Aalto University",2025,"10.1177/01708406251370496",TRUE,"FinELib SAGE agreement","sage2025finelib"
"Aalto University",2025,"10.1177/01914537251317117",TRUE,"FinELib SAGE agreement","sage2025finelib"
"Aalto University",2025,"10.1177/02610183251322717",TRUE,"FinELib SAGE agreement","sage2025finelib"
"Aalto University",2025,"10.1177/02655322251351648",TRUE,"FinELib SAGE agreement","sage2025finelib"
"Aalto University",2025,"10.1177/02662426251401174",TRUE,"FinELib SAGE agreement","sage2025finelib"
"Aalto University",2025,"10.1177/0734242X251393613",TRUE,"FinELib SAGE agreement","sage2025finelib"
"Aalto University",2025,"10.1177/08854122251400214",TRUE,"FinELib SAGE agreement","sage2025finelib"
"Aalto University",2025,"10.1177/10422587251383499",TRUE,"FinELib SAGE agreement","sage2025finelib"
"Aalto University",2025,"10.1177/10596011251350770",TRUE,"FinELib SAGE agreement","sage2025finelib"
"Aalto University",2025,"10.1177/13684302251324892",TRUE,"FinELib SAGE agreement","sage2025finelib"
"Aalto University",2025,"10.1177/14614448251379031",TRUE,"FinELib SAGE agreement","sage2025finelib"
"Aalto University",2025,"10.1177/14730952251343701",TRUE,"FinELib SAGE agreement","sage2025finelib"
"Aalto University",2025,"10.1177/14771535251324948",TRUE,"FinELib SAGE agreement","sage2025finelib"
"Aalto University",2025,"10.1177/14771535251337364",TRUE,"FinELib SAGE agreement","sage2025finelib"
"Aalto University",2025,"10.1177/14780771251352950",TRUE,"FinELib SAGE agreement","sage2025finelib"
"Aalto University",2025,"10.1177/16094069251404340",FALSE,"FinELib SAGE agreement","sage2025finelib"
"Aalto University",2025,"10.1177/20438869251338319",TRUE,"FinELib SAGE agreement","sage2025finelib"
"Aalto University",2025,"10.1177/20438869251349852",TRUE,"FinELib SAGE agreement","sage2025finelib"
"Aalto University",2025,"10.1177/20552076251345894",FALSE,"FinELib SAGE agreement","sage2025finelib"
"Aalto University",2025,"10.1177/23294906251406937",TRUE,"FinELib SAGE agreement","sage2025finelib"
"Aalto University",2025,"10.1177/23312165251317027",FALSE,"FinELib SAGE agreement","sage2025finelib"
"Aalto University",2025,"10.1617/s11527-025-02664-3",TRUE,"FinELib Springer Compact agreement","sn2024finelib"
"Arcada University of Applied Sciences",2025,"10.1016/j.conbuildmat.2025.142723",TRUE,"FinELib Elsevier agreement","els2024finelib"
"Arcada University of Applied Sciences",2025,"10.1016/j.conbuildmat.2025.144114",TRUE,"FinELib Elsevier agreement","els2024finelib"
"Arcada University of Applied Sciences",2025,"10.1016/j.jocs.2025.102693",TRUE,"FinELib Elsevier agreement","els2024finelib"
"Arcada University of Applied Sciences",2025,"10.1108/BFJ-12-2024-1297",TRUE,"FinELib Emerald agreement","eme2025finelib"
"Arcada University of Applied Sciences",2025,"10.1108/IJPDLM-06-2024-0233",TRUE,"FinELib Emerald agreement","eme2025finelib"
"Centria University of Applied Sciences",2025,"10.1109/OJVT.2025.3541382",FALSE,"FinELib IEEE agreement","ieee2024finelib"
"Diaconia University of Applied Sciences",2025,"10.1177/00302228251328198",TRUE,"FinELib SAGE agreement","sage2025finelib"
"European Chemicals Agency",2025,"10.1016/j.comtox.2025.100398",TRUE,"FinELib Elsevier agreement","els2024finelib"
"European Chemicals Agency",2025,"10.1016/j.neuro.2025.05.006",TRUE,"FinELib Elsevier agreement","els2024finelib"
"Finnish Environment Institute",2025,"10.1002/aqc.70196",TRUE,"FinELib Wiley agreement","wiley2025finelib"
"Finnish Environment Institute",2025,"10.1002/ece3.72201",FALSE,"FinELib Wiley agreement","wiley2025finelib"
"Finnish Environment Institute",2025,"10.1002/eet.70010",TRUE,"FinELib Wiley agreement","wiley2025finelib"
"Finnish Environment Institute",2025,"10.1002/gch2.202500118",FALSE,"FinELib Wiley agreement","wiley2025finelib"
"Finnish Environment Institute",2025,"10.1002/jeq2.70001",TRUE,"FinELib Wiley agreement","wiley2025finelib"
"Finnish Environment Institute",2025,"10.1007/s00027-024-01152-0",FALSE,"FinELib Springer Compact agreement","sn2024finelib"
"Finnish Environment Institute",2025,"10.1007/s00027-025-01201-2",TRUE,"FinELib Springer Compact agreement","sn2024finelib"
"Finnish Environment Institute",2025,"10.1007/s00216-025-05906-z",TRUE,"FinELib Springer Compact agreement","sn2024finelib"
"Finnish Environment Institute",2025,"10.1007/s00248-025-02522-3",TRUE,"FinELib Springer Compact agreement","sn2024finelib"
"Finnish Environment Institute",2025,"10.1007/s10113-025-02435-4",TRUE,"FinELib Springer Compact agreement","sn2024finelib"
"Finnish Environment Institute",2025,"10.1007/s11356-025-35893-8",TRUE,"FinELib Springer Compact agreement","sn2024finelib"
"Finnish Environment Institute",2025,"10.1007/s12649-025-03160-z",TRUE,"FinELib Springer Compact agreement","sn2024finelib"
"Finnish Environment Institute",2025,"10.1007/s13280-025-02163-3",TRUE,"FinELib Springer Compact agreement","sn2024finelib"
"Finnish Environment Institute",2025,"10.1007/s13280-025-02249-y",TRUE,"FinELib Springer Compact agreement","sn2024finelib"
"Finnish Environment Institute",2025,"10.1007/s13280-025-02283-w",TRUE,"FinELib Springer Compact agreement","sn2024finelib"
"Finnish Environment Institute",2025,"10.1007/s40745-025-00589-w",TRUE,"FinELib Springer Compact agreement","sn2024finelib"
"Finnish Environment Institute",2025,"10.1007/s43615-025-00626-z",TRUE,"FinELib Springer Compact agreement","sn2024finelib"
"Finnish Environment Institute",2025,"10.1007/s43615-025-00667-4",TRUE,"FinELib Springer Compact agreement","sn2024finelib"
"Finnish Environment Institute",2025,"10.1016/j.ecolecon.2025.108710",TRUE,"FinELib Elsevier agreement","els2024finelib"
"Finnish Environment Institute",2025,"10.1016/j.ecoleng.2025.107715",TRUE,"FinELib Elsevier agreement","els2024finelib"
"Finnish Environment Institute",2025,"10.1016/j.ecolmodel.2025.111385",TRUE,"FinELib Elsevier agreement","els2024finelib"
"Finnish Environment Institute",2025,"10.1016/j.eja.2025.127771",TRUE,"FinELib Elsevier agreement","els2024finelib"
"Finnish Environment Institute",2025,"10.1016/j.envpol.2025.126604",TRUE,"FinELib Elsevier agreement","els2024finelib"
"Finnish Environment Institute",2025,"10.1016/j.envsci.2025.104000",TRUE,"FinELib Elsevier agreement","els2024finelib"
"Finnish Environment Institute",2025,"10.1016/j.envsci.2025.104198",TRUE,"FinELib Elsevier agreement","els2024finelib"
"Finnish Environment Institute",2025,"10.1016/j.erss.2025.104491",TRUE,"FinELib Elsevier agreement","els2024finelib"
"Finnish Environment Institute",2025,"10.1016/j.fcr.2025.109909",TRUE,"FinELib Elsevier agreement","els2024finelib"
"Finnish Environment Institute",2025,"10.1016/j.forpol.2025.103641",TRUE,"FinELib Elsevier agreement","els2024finelib"
"Finnish Environment Institute",2025,"10.1016/j.futures.2025.103568",TRUE,"FinELib Elsevier agreement","els2024finelib"
"Finnish Environment Institute",2025,"10.1016/j.hal.2025.102865",TRUE,"FinELib Elsevier agreement","els2024finelib"
"Finnish Environment Institute",2025,"10.1016/j.jclepro.2025.145111",TRUE,"FinELib Elsevier agreement","els2024finelib"
"Finnish Environment Institute",2025,"10.1016/j.jhydrol.2025.134650",TRUE,"FinELib Elsevier agreement","els2024finelib"
"Finnish Environment Institute",2025,"10.1016/j.jmarsys.2025.104049",TRUE,"FinELib Elsevier agreement","els2024finelib"
"Finnish Environment Institute",2025,"10.1016/j.rse.2025.114791",TRUE,"FinELib Elsevier agreement","els2024finelib"
"Finnish Environment Institute",2025,"10.1016/j.rse.2025.114906",TRUE,"FinELib Elsevier agreement","els2024finelib"
"Finnish Environment Institute",2025,"10.1016/j.wasman.2025.02.022",TRUE,"FinELib Elsevier agreement","els2024finelib"
"Finnish Environment Institute",2025,"10.1016/j.wre.2025.100269",TRUE,"FinELib Elsevier agreement","els2024finelib"
"Finnish Environment Institute",2025,"10.1080/09613218.2025.2582123",TRUE,"FinELib Taylor & Francis agreement","tf2025finelib"
"Finnish Environment Institute",2025,"10.1080/13504622.2025.2555328",TRUE,"FinELib Taylor & Francis agreement","tf2025finelib"
"Finnish Environment Institute",2025,"10.1080/17524032.2025.2458222",TRUE,"FinELib Taylor & Francis agreement","tf2025finelib"
"Finnish Environment Institute",2025,"10.1111/1365-2664.70197",TRUE,"FinELib Wiley agreement","wiley2025finelib"
"Finnish Environment Institute",2025,"10.1111/1365-2664.70247",TRUE,"FinELib Wiley agreement","wiley2025finelib"
"Finnish Environment Institute",2025,"10.1111/cobi.70023",TRUE,"FinELib Wiley agreement","wiley2025finelib"
"Finnish Environment Institute",2025,"10.1111/cobi.70169",TRUE,"FinELib Wiley agreement","wiley2025finelib"
"Finnish Environment Institute",2025,"10.1111/gcb.70557",TRUE,"FinELib Wiley agreement","wiley2025finelib"
"Finnish Environment Institute",2025,"10.1111/jiec.70109",TRUE,"FinELib Wiley agreement","wiley2025finelib"
"Finnish Environment Institute",2025,"10.1111/oik.11139",TRUE,"FinELib Wiley agreement","wiley2025finelib"
"Finnish Environment Institute",2025,"10.1111/reel.70026",TRUE,"FinELib Wiley agreement","wiley2025finelib"
"Finnish Environment Institute",2025,"10.1177/0308275X251357814",TRUE,"FinELib SAGE agreement","sage2025finelib"
"Finnish Environment Institute",2025,"10.1177/0734242X251353111",TRUE,"FinELib SAGE agreement","sage2025finelib"
"Finnish Environment Institute",2025,"10.1177/0734242X251369685",TRUE,"FinELib SAGE agreement","sage2025finelib"
"Finnish Environment Institute",2025,"10.1177/20552076251364666",FALSE,"FinELib SAGE agreement","sage2025finelib"
"Finnish Food Authority",2025,"10.1016/j.rvsc.2025.105544",TRUE,"FinELib Elsevier agreement","els2024finelib"
"Finnish Food Authority",2025,"10.1016/j.rvsc.2025.105784",TRUE,"FinELib Elsevier agreement","els2024finelib"
"Finnish Food Authority",2025,"10.1016/j.vetmic.2025.110617",TRUE,"FinELib Elsevier agreement","els2024finelib"
"Finnish Food Authority",2025,"10.1016/j.vetmic.2025.110618",TRUE,"FinELib Elsevier agreement","els2024finelib"
"Finnish Food Authority",2025,"10.1016/j.vetmic.2025.110637",TRUE,"FinELib Elsevier agreement","els2024finelib"
"Finnish Food Authority",2025,"10.1016/j.vetmic.2025.110683",TRUE,"FinELib Elsevier agreement","els2024finelib"
"Finnish Institute for Health and Welfare",2025,"10.1002/dta.3928",TRUE,"FinELib Wiley agreement","wiley2025finelib"
"Finnish Institute for Health and Welfare",2025,"10.1002/ijc.70123",TRUE,"FinELib Wiley agreement","wiley2025finelib"
"Finnish Institute for Health and Welfare",2025,"10.1007/s00148-025-01070-x",TRUE,"FinELib Springer Compact agreement","sn2024finelib"
"Finnish Institute for Health and Welfare",2025,"10.1007/s00414-025-03535-w",TRUE,"FinELib Springer Compact agreement","sn2024finelib"
"Finnish Institute for Health and Welfare",2025,"10.1007/s10654-025-01232-x",TRUE,"FinELib Springer Compact agreement","sn2024finelib"
"Finnish Institute for Health and Welfare",2025,"10.1016/j.actpsy.2025.105245",FALSE,"FinELib Elsevier agreement","els2024finelib"
"Finnish Institute for Health and Welfare",2025,"10.1016/j.buildenv.2025.112980",TRUE,"FinELib Elsevier agreement","els2024finelib"
"Finnish Institute for Health and Welfare",2025,"10.1016/j.dhjo.2025.101841",TRUE,"FinELib Elsevier agreement","els2024finelib"
"Finnish Institute for Health and Welfare",2025,"10.1016/j.diagmicrobio.2025.116788",TRUE,"FinELib Elsevier agreement","els2024finelib"
"Finnish Institute for Health and Welfare",2025,"10.1016/j.drugalcdep.2025.112757",TRUE,"FinELib Elsevier agreement","els2024finelib"
"Finnish Institute for Health and Welfare",2025,"10.1016/j.healthpol.2025.105272",TRUE,"FinELib Elsevier agreement","els2024finelib"
"Finnish Institute for Health and Welfare",2025,"10.1016/j.healthpol.2025.105499",TRUE,"FinELib Elsevier agreement","els2024finelib"
"Finnish Institute for Health and Welfare",2025,"10.1016/j.ijheh.2025.114538",TRUE,"FinELib Elsevier agreement","els2024finelib"
"Finnish Institute for Health and Welfare",2025,"10.1016/j.ijheh.2025.114651",TRUE,"FinELib Elsevier agreement","els2024finelib"
"Finnish Institute for Health and Welfare",2025,"10.1016/j.jenvp.2025.102828",TRUE,"FinELib Elsevier agreement","els2024finelib"
"Finnish Institute for Health and Welfare",2025,"10.1016/j.jrp.2025.104669",TRUE,"FinELib Elsevier agreement","els2024finelib"
"Finnish Institute for Health and Welfare",2025,"10.1016/j.mhp.2025.200434",TRUE,"FinELib Elsevier agreement","els2024finelib"
"Finnish Institute for Health and Welfare",2025,"10.1016/j.schres.2025.10.001",TRUE,"FinELib Elsevier agreement","els2024finelib"
"Finnish Institute for Health and Welfare",2025,"10.1016/j.socscimed.2025.118688",TRUE,"FinELib Elsevier agreement","els2024finelib"
"Finnish Institute for Health and Welfare",2025,"10.1038/s41564-025-02183-5",TRUE,"FinELib Nature Research agreement","sn2025finelib"
"Finnish Institute for Health and Welfare",2025,"10.1111/dar.70083",TRUE,"FinELib Wiley agreement","wiley2025finelib"
"Finnish Institute for Health and Welfare",2025,"10.1111/ijsw.70004",TRUE,"FinELib Wiley agreement","wiley2025finelib"
"Finnish Institute for Health and Welfare",2025,"10.1111/jgs.19552",TRUE,"FinELib Wiley agreement","wiley2025finelib"
"Finnish Institute for Health and Welfare",2025,"10.1177/14550725251320729",FALSE,"FinELib SAGE agreement","sage2025finelib"
"Finnish Institute for Health and Welfare",2025,"10.1177/14550725251380172",FALSE,"FinELib SAGE agreement","sage2025finelib"
"Finnish Institute for Health and Welfare",2025,"10.1177/14550725251396864",FALSE,"FinELib SAGE agreement","sage2025finelib"
"Finnish Institute for Health and Welfare",2025,"10.1177/14550725251408211",FALSE,"FinELib SAGE agreement","sage2025finelib"
"Finnish Institute for Health and Welfare",2025,"10.1177/17449871251386244",TRUE,"FinELib SAGE agreement","sage2025finelib"
"Finnish Institute of Occupational Health",2025,"10.1002/ajim.70035",TRUE,"FinELib Wiley agreement","wiley2025finelib"
"Finnish Institute of Occupational Health",2025,"10.1007/s10669-025-10043-0",TRUE,"FinELib Springer Compact agreement","sn2024finelib"
"Finnish Institute of Occupational Health",2025,"10.1007/s10869-025-10037-4",TRUE,"FinELib Springer Compact agreement","sn2024finelib"
"Finnish Institute of Occupational Health",2025,"10.1007/s10926-025-10274-7",TRUE,"FinELib Springer Compact agreement","sn2024finelib"
"Finnish Institute of Occupational Health",2025,"10.1007/s10926-025-10303-5",TRUE,"FinELib Springer Compact agreement","sn2024finelib"
"Finnish Institute of Occupational Health",2025,"10.1007/s12186-025-09373-6",TRUE,"FinELib Springer Compact agreement","sn2024finelib"
"Finnish Institute of Occupational Health",2025,"10.1016/j.apergo.2025.104638",TRUE,"FinELib Elsevier agreement","els2024finelib"
"Finnish Institute of Occupational Health",2025,"10.1016/j.ijnurstu.2025.104996",TRUE,"FinELib Elsevier agreement","els2024finelib"
"Finnish Institute of Occupational Health",2025,"10.1016/j.jad.2025.02.058",TRUE,"FinELib Elsevier agreement","els2024finelib"
"Finnish Institute of Occupational Health",2025,"10.1016/j.jpsychores.2025.112140",TRUE,"FinELib Elsevier agreement","els2024finelib"
"Finnish Institute of Occupational Health",2025,"10.1057/s41285-025-00237-6",TRUE,"FinELib Springer Compact agreement","sn2024finelib"
"Finnish Institute of Occupational Health",2025,"10.1093/occmed/kqaf023",TRUE,"FinELib OUP agreement","oxf2024finelib"
"Finnish Institute of Occupational Health",2025,"10.1111/all.16666",TRUE,"FinELib Wiley agreement","wiley2025finelib"
"Finnish Institute of Occupational Health",2025,"10.1111/imig.70011",TRUE,"FinELib Wiley agreement","wiley2025finelib"
"Finnish Institute of Occupational Health",2025,"10.1177/00469580251376226",FALSE,"FinELib SAGE agreement","sage2025finelib"
"Finnish Institute of Occupational Health",2025,"10.1177/0143831X251355122",TRUE,"FinELib SAGE agreement","sage2025finelib"
"Finnish Institute of Occupational Health",2025,"10.1177/09697330251317673",TRUE,"FinELib SAGE agreement","sage2025finelib"
"Finnish Institute of Occupational Health",2025,"10.1177/10519815251414377",TRUE,"FinELib SAGE agreement","sage2025finelib"
"Finnish Institute of Occupational Health",2025,"10.1177/10711813251358243",TRUE,"FinELib SAGE agreement","sage2025finelib"
"Finnish Institute of Occupational Health",2025,"10.1177/14034948251326706",TRUE,"FinELib SAGE agreement","sage2025finelib"
"Finnish Institute of Occupational Health",2025,"10.1177/14034948251380639",TRUE,"FinELib SAGE agreement","sage2025finelib"
"Finnish Institute of Occupational Health",2025,"10.1177/14034948251398695",TRUE,"FinELib SAGE agreement","sage2025finelib"
"Finnish Institute of Occupational Health",2025,"10.1177/15501906251322690",TRUE,"FinELib SAGE agreement","sage2025finelib"
"Finnish Institute of Occupational Health",2025,"10.1177/21582440251389354",FALSE,"FinELib SAGE agreement","sage2025finelib"
"Finnish Institute of Occupational Health",2025,"10.1177/21650799251392224",TRUE,"FinELib SAGE agreement","sage2025finelib"
"Finnish Meteorological Institute",2025,"10.1007/s10546-025-00916-x",TRUE,"FinELib Springer Compact agreement","sn2024finelib"
"Finnish Meteorological Institute",2025,"10.1007/s10712-025-09888-6",TRUE,"FinELib Springer Compact agreement","sn2024finelib"
"Finnish Meteorological Institute",2025,"10.1007/s11214-025-01187-1",TRUE,"FinELib Springer Compact agreement","sn2024finelib"
"Geological Survey of Finland",2025,"10.1007/s00267-025-02279-y",FALSE,"FinELib Springer Compact agreement","sn2024finelib"
"Geological Survey of Finland",2025,"10.1007/s00410-025-02226-4",TRUE,"FinELib Springer Compact agreement","sn2024finelib"
"Geological Survey of Finland",2025,"10.1007/s10230-024-01020-1",TRUE,"FinELib Springer Compact agreement","sn2024finelib"
"Geological Survey of Finland",2025,"10.1007/s10533-025-01237-4",TRUE,"FinELib Springer Compact agreement","sn2024finelib"
"Geological Survey of Finland",2025,"10.1007/s10533-025-01285-w",TRUE,"FinELib Springer Compact agreement","sn2024finelib"
"Geological Survey of Finland",2025,"10.1007/s10933-025-00375-x",TRUE,"FinELib Springer Compact agreement","sn2024finelib"
"Geological Survey of Finland",2025,"10.1007/s12371-025-01066-9",TRUE,"FinELib Springer Compact agreement","sn2024finelib"
"Geological Survey of Finland",2025,"10.1007/s40899-025-01191-x",FALSE,"FinELib Springer Compact agreement","sn2024finelib"
"Geological Survey of Finland",2025,"10.1007/s40899-025-01225-4",TRUE,"FinELib Springer Compact agreement","sn2024finelib"
"Geological Survey of Finland",2025,"10.1016/j.enggeo.2025.107906",TRUE,"FinELib Elsevier agreement","els2024finelib"
"Geological Survey of Finland",2025,"10.1016/j.gca.2025.05.012",TRUE,"FinELib Elsevier agreement","els2024finelib"
"Geological Survey of Finland",2025,"10.1016/j.geoderma.2025.117358",FALSE,"FinELib Elsevier agreement","els2024finelib"
"Geological Survey of Finland",2025,"10.1016/j.geothermics.2025.103272",TRUE,"FinELib Elsevier agreement","els2024finelib"
"Geological Survey of Finland",2025,"10.1016/j.gexplo.2025.107759",TRUE,"FinELib Elsevier agreement","els2024finelib"
"Geological Survey of Finland",2025,"10.1016/j.gexplo.2025.107856",TRUE,"FinELib Elsevier agreement","els2024finelib"
"Geological Survey of Finland",2025,"10.1016/j.jece.2025.118063",TRUE,"FinELib Elsevier agreement","els2024finelib"
"Geological Survey of Finland",2025,"10.1016/j.mineng.2025.109915",TRUE,"FinELib Elsevier agreement","els2024finelib"
"Geological Survey of Finland",2025,"10.1016/j.mseb.2025.118342",TRUE,"FinELib Elsevier agreement","els2024finelib"
"Geological Survey of Finland",2025,"10.1016/j.oregeorev.2025.106683",FALSE,"FinELib Elsevier agreement","els2024finelib"
"Geological Survey of Finland",2025,"10.1016/j.oregeorev.2025.106707",FALSE,"FinELib Elsevier agreement","els2024finelib"
"Geological Survey of Finland",2025,"10.1016/j.oregeorev.2025.106961",FALSE,"FinELib Elsevier agreement","els2024finelib"
"Geological Survey of Finland",2025,"10.1016/j.quaint.2025.110080",TRUE,"FinELib Elsevier agreement","els2024finelib"
"Geological Survey of Finland",2025,"10.1016/j.rse.2025.115093",TRUE,"FinELib Elsevier agreement","els2024finelib"
"Geological Survey of Finland",2025,"10.1016/j.seppur.2025.133350",TRUE,"FinELib Elsevier agreement","els2024finelib"
"Geological Survey of Finland",2025,"10.1029/2024WR039487",FALSE,"FinELib Wiley agreement","wiley2025finelib"
"Geological Survey of Finland",2025,"10.1111/1365-2478.70043",TRUE,"FinELib Wiley agreement","wiley2025finelib"
"Geological Survey of Finland",2025,"10.1111/gbi.70010",TRUE,"FinELib Wiley agreement","wiley2025finelib"
"Haaga-Helia University of Applied Sciences",2025,"10.1108/TG-05-2025-0124",TRUE,"FinELib Emerald agreement","eme2025finelib"
"Haaga-Helia University of Applied Sciences",2025,"10.1177/19389655251346383",TRUE,"FinELib SAGE agreement","sage2025finelib"
"Hanken School of Economics",2025,"10.1002/csr.70258",TRUE,"FinELib Wiley agreement","wiley2025finelib"
"Hanken School of Economics",2025,"10.1007/s11187-025-01089-0",TRUE,"FinELib Springer Compact agreement","sn2024finelib"
"Hanken School of Economics",2025,"10.1007/s13162-025-00298-w",TRUE,"FinELib Springer Compact agreement","sn2024finelib"
"Hanken School of Economics",2025,"10.1007/s13162-025-00306-z",TRUE,"FinELib Springer Compact agreement","sn2024finelib"
"Hanken School of Economics",2025,"10.1016/j.annals.2025.103903",TRUE,"FinELib Elsevier agreement","els2024finelib"
"Hanken School of Economics",2025,"10.1016/j.econlet.2025.112724",TRUE,"FinELib Elsevier agreement","els2024finelib"
"Hanken School of Economics",2025,"10.1016/j.ibusrev.2025.102457",TRUE,"FinELib Elsevier agreement","els2024finelib"
"Hanken School of Economics",2025,"10.1016/j.ijhm.2025.104357",TRUE,"FinELib Elsevier agreement","els2024finelib"
"Hanken School of Economics",2025,"10.1016/j.iref.2025.104633",FALSE,"FinELib Elsevier agreement","els2024finelib"
"Hanken School of Economics",2025,"10.1016/j.jbusvent.2025.106505",TRUE,"FinELib Elsevier agreement","els2024finelib"
"Hanken School of Economics",2025,"10.1016/j.jbusvent.2025.106522",TRUE,"FinELib Elsevier agreement","els2024finelib"
"Hanken School of Economics",2025,"10.1016/j.jebo.2025.107360",TRUE,"FinELib Elsevier agreement","els2024finelib"
"Hanken School of Economics",2025,"10.1016/j.jet.2025.106136",TRUE,"FinELib Elsevier agreement","els2024finelib"
"Hanken School of Economics",2025,"10.1016/j.jfs.2025.101432",TRUE,"FinELib Elsevier agreement","els2024finelib"
"Hanken School of Economics",2025,"10.1016/j.jhe.2025.102049",TRUE,"FinELib Elsevier agreement","els2024finelib"
"Hanken School of Economics",2025,"10.1016/j.pursup.2025.101053",TRUE,"FinELib Elsevier agreement","els2024finelib"
"Hanken School of Economics",2025,"10.1016/j.tranpol.2025.103870",TRUE,"FinELib Elsevier agreement","els2024finelib"
"Hanken School of Economics",2025,"10.1057/s41262-025-00401-3",TRUE,"FinELib Springer Compact agreement","sn2024finelib"
"Hanken School of Economics",2025,"10.1057/s41270-025-00393-8",TRUE,"FinELib Springer Compact agreement","sn2024finelib"
"Hanken School of Economics",2025,"10.1108/AAAJ-04-2025-7871",TRUE,"FinELib Emerald agreement","eme2025finelib"
"Hanken School of Economics",2025,"10.1108/JAAR-03-2024-0102",TRUE,"FinELib Emerald agreement","eme2025finelib"
"Hanken School of Economics",2025,"10.1108/JOSM-04-2024-0170",TRUE,"FinELib Emerald agreement","eme2025finelib"
"Hanken School of Economics",2025,"10.1108/JOSM-12-2024-0529",TRUE,"FinELib Emerald agreement","eme2025finelib"
"Hanken School of Economics",2025,"10.1108/JSM-01-2025-0058",TRUE,"FinELib Emerald agreement","eme2025finelib"
"Hanken School of Economics",2025,"10.1108/JSM-05-2025-0325",TRUE,"FinELib Emerald agreement","eme2025finelib"
"Hanken School of Economics",2025,"10.1108/JSM-06-2025-0432",TRUE,"FinELib Emerald agreement","eme2025finelib"
"Hanken School of Economics",2025,"10.1108/JSM-10-2025-0736",TRUE,"FinELib Emerald agreement","eme2025finelib"
"Hanken School of Economics",2025,"10.1111/corg.12653",TRUE,"FinELib Wiley agreement","wiley2025finelib"
"Hanken School of Economics",2025,"10.1111/jofi.13462",TRUE,"FinELib Wiley agreement","wiley2025finelib"
"Hanken School of Economics",2025,"10.1111/jscm.70007",TRUE,"FinELib Wiley agreement","wiley2025finelib"
"Hanken School of Economics",2025,"10.1177/00380261251397300",TRUE,"FinELib SAGE agreement","sage2025finelib"
"Hanken School of Economics",2025,"10.1177/01708406251370511",TRUE,"FinELib SAGE agreement","sage2025finelib"
"Hanken School of Economics",2025,"10.1177/10596011251339897",TRUE,"FinELib SAGE agreement","sage2025finelib"
"Hanken School of Economics",2025,"10.1177/13505076251361431",TRUE,"FinELib SAGE agreement","sage2025finelib"
"Hanken School of Economics",2025,"10.1177/13505084251331396",TRUE,"FinELib SAGE agreement","sage2025finelib"
"Häme University of Applied Sciences",2025,"10.1002/jeq2.70099",TRUE,"FinELib Wiley agreement","wiley2025finelib"
"Häme University of Applied Sciences",2025,"10.1007/s11115-025-00910-4",TRUE,"FinELib Springer Compact agreement","sn2024finelib"
"Häme University of Applied Sciences",2025,"10.1016/j.ijme.2025.101274",TRUE,"FinELib Elsevier agreement","els2024finelib"
"Häme University of Applied Sciences",2025,"10.1016/j.jcsr.2025.109621",TRUE,"FinELib Elsevier agreement","els2024finelib"
"Häme University of Applied Sciences",2025,"10.1016/j.lindif.2025.102692",TRUE,"FinELib Elsevier agreement","els2024finelib"
"Häme University of Applied Sciences",2025,"10.1016/j.soilbio.2025.109924",TRUE,"FinELib Elsevier agreement","els2024finelib"
"Häme University of Applied Sciences",2025,"10.1108/PRT-03-2024-0026",TRUE,"FinELib Emerald agreement","eme2025finelib"
"Häme University of Applied Sciences",2025,"10.1145/3726986.3727012",TRUE,"FinELib ACM agreement","acm2025finelib"
"Häme University of Applied Sciences",2025,"10.1145/3764687.3764702",TRUE,"FinELib ACM agreement","acm2025finelib"
"JAMK University of Applied Sciences",2025,"10.1108/ICS-12-2024-0311",TRUE,"FinELib Emerald agreement","eme2025finelib"
"JAMK University of Applied Sciences",2025,"10.1177/14034948251395569",TRUE,"FinELib SAGE agreement","sage2025finelib"
"JAMK University of Applied Sciences",2025,"10.1177/20571585251383738",FALSE,"FinELib SAGE agreement","sage2025finelib"
"LAB University of Applied Sciences",2025,"10.1016/j.renene.2025.124696",TRUE,"FinELib Elsevier agreement","els2024finelib"
"LAB University of Applied Sciences",2025,"10.1177/02692155251389435",TRUE,"FinELib SAGE agreement","sage2025finelib"
"LAB University of Applied Sciences",2025,"10.1177/22779779251351407",TRUE,"FinELib SAGE agreement","sage2025finelib"
"LAB University of Applied Sciences",2025,"10.1177/23294906251317717",TRUE,"FinELib SAGE agreement","sage2025finelib"
"Lappeenranta-Lahti University of Technology LUT",2025,"10.1002/aff2.70162",FALSE,"FinELib Wiley agreement","wiley2025finelib"
"Lappeenranta-Lahti University of Technology LUT",2025,"10.1002/bsd2.70148",TRUE,"FinELib Wiley agreement","wiley2025finelib"
"Lappeenranta-Lahti University of Technology LUT",2025,"10.1002/bse.70153",TRUE,"FinELib Wiley agreement","wiley2025finelib"
"Lappeenranta-Lahti University of Technology LUT",2025,"10.1002/bse.70201",TRUE,"FinELib Wiley agreement","wiley2025finelib"
"Lappeenranta-Lahti University of Technology LUT",2025,"10.1002/cjce.70030",TRUE,"FinELib Wiley agreement","wiley2025finelib"
"Lappeenranta-Lahti University of Technology LUT",2025,"10.1002/csr.3218",TRUE,"FinELib Wiley agreement","wiley2025finelib"
"Lappeenranta-Lahti University of Technology LUT",2025,"10.1002/job.70048",TRUE,"FinELib Wiley agreement","wiley2025finelib"
"Lappeenranta-Lahti University of Technology LUT",2025,"10.1002/joom.70008",TRUE,"FinELib Wiley agreement","wiley2025finelib"
"Lappeenranta-Lahti University of Technology LUT",2025,"10.1002/jsc.2652",TRUE,"FinELib Wiley agreement","wiley2025finelib"
"Lappeenranta-Lahti University of Technology LUT",2025,"10.1002/jsc.70025",TRUE,"FinELib Wiley agreement","wiley2025finelib"
"Lappeenranta-Lahti University of Technology LUT",2025,"10.1002/kpm.70000",TRUE,"FinELib Wiley agreement","wiley2025finelib"
"Lappeenranta-Lahti University of Technology LUT",2025,"10.1002/pts.2868",TRUE,"FinELib Wiley agreement","wiley2025finelib"
"Lappeenranta-Lahti University of Technology LUT",2025,"10.1002/pts.2876",TRUE,"FinELib Wiley agreement","wiley2025finelib"
"Lappeenranta-Lahti University of Technology LUT",2025,"10.1002/pts.70020",TRUE,"FinELib Wiley agreement","wiley2025finelib"
"Lappeenranta-Lahti University of Technology LUT",2025,"10.1002/pts.70039",TRUE,"FinELib Wiley agreement","wiley2025finelib"
"Lappeenranta-Lahti University of Technology LUT",2025,"10.1002/rob.22565",TRUE,"FinELib Wiley agreement","wiley2025finelib"
"Lappeenranta-Lahti University of Technology LUT",2025,"10.1002/sd.3354",TRUE,"FinELib Wiley agreement","wiley2025finelib"
"Lappeenranta-Lahti University of Technology LUT",2025,"10.1002/sd.3398",TRUE,"FinELib Wiley agreement","wiley2025finelib"
"Lappeenranta-Lahti University of Technology LUT",2025,"10.1002/sd.70293",TRUE,"FinELib Wiley agreement","wiley2025finelib"
"Lappeenranta-Lahti University of Technology LUT",2025,"10.1007/s10462-025-11387-4",TRUE,"FinELib Springer Compact agreement","sn2024finelib"
"Lappeenranta-Lahti University of Technology LUT",2025,"10.1007/s10562-025-04974-1",TRUE,"FinELib Springer Compact agreement","sn2024finelib"
"Lappeenranta-Lahti University of Technology LUT",2025,"10.1007/s10570-025-06416-y",TRUE,"FinELib Springer Compact agreement","sn2024finelib"
"Lappeenranta-Lahti University of Technology LUT",2025,"10.1007/s10639-025-13770-8",TRUE,"FinELib Springer Compact agreement","sn2024finelib"
"Lappeenranta-Lahti University of Technology LUT",2025,"10.1007/s10791-025-09706-y",TRUE,"FinELib Springer Compact agreement","sn2024finelib"
"Lappeenranta-Lahti University of Technology LUT",2025,"10.1007/s10796-025-10587-1",TRUE,"FinELib Springer Compact agreement","sn2024finelib"
"Lappeenranta-Lahti University of Technology LUT",2025,"10.1007/s10796-025-10619-w",TRUE,"FinELib Springer Compact agreement","sn2024finelib"
"Lappeenranta-Lahti University of Technology LUT",2025,"10.1007/s10845-025-02605-5",TRUE,"FinELib Springer Compact agreement","sn2024finelib"
"Lappeenranta-Lahti University of Technology LUT",2025,"10.1007/s10846-025-02254-z",FALSE,"FinELib Springer Compact agreement","sn2024finelib"
"Lappeenranta-Lahti University of Technology LUT",2025,"10.1007/s10961-025-10239-1",TRUE,"FinELib Springer Compact agreement","sn2024finelib"
"Lappeenranta-Lahti University of Technology LUT",2025,"10.1007/s11071-025-11109-z",TRUE,"FinELib Springer Compact agreement","sn2024finelib"
"Lappeenranta-Lahti University of Technology LUT",2025,"10.1007/s11082-025-08052-z",TRUE,"FinELib Springer Compact agreement","sn2024finelib"
"Lappeenranta-Lahti University of Technology LUT",2025,"10.1007/s11356-025-37006-x",TRUE,"FinELib Springer Compact agreement","sn2024finelib"
"Lappeenranta-Lahti University of Technology LUT",2025,"10.1007/s11367-025-02527-7",TRUE,"FinELib Springer Compact agreement","sn2024finelib"
"Lappeenranta-Lahti University of Technology LUT",2025,"10.1007/s11577-025-01024-x",TRUE,"FinELib Springer Compact agreement","sn2024finelib"
"Lappeenranta-Lahti University of Technology LUT",2025,"10.1007/s11846-025-00895-w",TRUE,"FinELib Springer Compact agreement","sn2024finelib"
"Lappeenranta-Lahti University of Technology LUT",2025,"10.1007/s11846-025-00896-9",TRUE,"FinELib Springer Compact agreement","sn2024finelib"
"Lappeenranta-Lahti University of Technology LUT",2025,"10.1007/s11846-025-00917-7",TRUE,"FinELib Springer Compact agreement","sn2024finelib"
"Lappeenranta-Lahti University of Technology LUT",2025,"10.1007/s12134-025-01264-y",TRUE,"FinELib Springer Compact agreement","sn2024finelib"
"Lappeenranta-Lahti University of Technology LUT",2025,"10.1007/s12221-025-01176-9",TRUE,"FinELib Springer Compact agreement","sn2024finelib"
"Lappeenranta-Lahti University of Technology LUT",2025,"10.1007/s12369-025-01226-5",TRUE,"FinELib Springer Compact agreement","sn2024finelib"
"Lappeenranta-Lahti University of Technology LUT",2025,"10.1007/s12649-025-02990-1",TRUE,"FinELib Springer Compact agreement","sn2024finelib"
"Lappeenranta-Lahti University of Technology LUT",2025,"10.1007/s40194-025-01989-5",TRUE,"FinELib Springer Compact agreement","sn2024finelib"
"Lappeenranta-Lahti University of Technology LUT",2025,"10.1007/s40194-025-01996-6",TRUE,"FinELib Springer Compact agreement","sn2024finelib"
"Lappeenranta-Lahti University of Technology LUT",2025,"10.1007/s40194-025-02002-9",TRUE,"FinELib Springer Compact agreement","sn2024finelib"
"Lappeenranta-Lahti University of Technology LUT",2025,"10.1007/s40194-025-02025-2",TRUE,"FinELib Springer Compact agreement","sn2024finelib"
"Lappeenranta-Lahti University of Technology LUT",2025,"10.1007/s40194-025-02029-y",TRUE,"FinELib Springer Compact agreement","sn2024finelib"
"Lappeenranta-Lahti University of Technology LUT",2025,"10.1007/s40194-025-02071-w",TRUE,"FinELib Springer Compact agreement","sn2024finelib"
"Lappeenranta-Lahti University of Technology LUT",2025,"10.1007/s40194-025-02180-6",FALSE,"FinELib Springer Compact agreement","sn2024finelib"
"Lappeenranta-Lahti University of Technology LUT",2025,"10.1007/s40194-025-02259-0",TRUE,"FinELib Springer Compact agreement","sn2024finelib"
"Lappeenranta-Lahti University of Technology LUT",2025,"10.1007/s43615-025-00588-2",TRUE,"FinELib Springer Compact agreement","sn2024finelib"
"Lappeenranta-Lahti University of Technology LUT",2025,"10.1016/j.adhoc.2025.103991",TRUE,"FinELib Elsevier agreement","els2024finelib"
"Lappeenranta-Lahti University of Technology LUT",2025,"10.1016/j.adhoc.2025.104064",TRUE,"FinELib Elsevier agreement","els2024finelib"
"Lappeenranta-Lahti University of Technology LUT",2025,"10.1016/j.adhoc.2025.104096",TRUE,"FinELib Elsevier agreement","els2024finelib"
"Lappeenranta-Lahti University of Technology LUT",2025,"10.1016/j.apenergy.2025.125437",TRUE,"FinELib Elsevier agreement","els2024finelib"
"Lappeenranta-Lahti University of Technology LUT",2025,"10.1016/j.apenergy.2025.125887",TRUE,"FinELib Elsevier agreement","els2024finelib"
"Lappeenranta-Lahti University of Technology LUT",2025,"10.1016/j.apenergy.2025.125980",TRUE,"FinELib Elsevier agreement","els2024finelib"
"Lappeenranta-Lahti University of Technology LUT",2025,"10.1016/j.apenergy.2025.126464",TRUE,"FinELib Elsevier agreement","els2024finelib"
"Lappeenranta-Lahti University of Technology LUT",2025,"10.1016/j.apenergy.2025.126736",TRUE,"FinELib Elsevier agreement","els2024finelib"
"Lappeenranta-Lahti University of Technology LUT",2025,"10.1016/j.apenergy.2025.126773",TRUE,"FinELib Elsevier agreement","els2024finelib"
"Lappeenranta-Lahti University of Technology LUT",2025,"10.1016/j.apenergy.2025.127160",TRUE,"FinELib Elsevier agreement","els2024finelib"
"Lappeenranta-Lahti University of Technology LUT",2025,"10.1016/j.apenergy.2025.127267",TRUE,"FinELib Elsevier agreement","els2024finelib"
"Lappeenranta-Lahti University of Technology LUT",2025,"10.1016/j.applthermaleng.2025.126018",TRUE,"FinELib Elsevier agreement","els2024finelib"
"Lappeenranta-Lahti University of Technology LUT",2025,"10.1016/j.applthermaleng.2025.126399",TRUE,"FinELib Elsevier agreement","els2024finelib"
"Lappeenranta-Lahti University of Technology LUT",2025,"10.1016/j.applthermaleng.2025.126424",TRUE,"FinELib Elsevier agreement","els2024finelib"
"Lappeenranta-Lahti University of Technology LUT",2025,"10.1016/j.applthermaleng.2025.126461",TRUE,"FinELib Elsevier agreement","els2024finelib"
"Lappeenranta-Lahti University of Technology LUT",2025,"10.1016/j.applthermaleng.2025.127278",TRUE,"FinELib Elsevier agreement","els2024finelib"
"Lappeenranta-Lahti University of Technology LUT",2025,"10.1016/j.applthermaleng.2025.127396",TRUE,"FinELib Elsevier agreement","els2024finelib"
"Lappeenranta-Lahti University of Technology LUT",2025,"10.1016/j.applthermaleng.2025.127453",TRUE,"FinELib Elsevier agreement","els2024finelib"
"Lappeenranta-Lahti University of Technology LUT",2025,"10.1016/j.applthermaleng.2025.127473",TRUE,"FinELib Elsevier agreement","els2024finelib"
"Lappeenranta-Lahti University of Technology LUT",2025,"10.1016/j.applthermaleng.2025.129151",TRUE,"FinELib Elsevier agreement","els2024finelib"
"Lappeenranta-Lahti University of Technology LUT",2025,"10.1016/j.applthermaleng.2025.129563",TRUE,"FinELib Elsevier agreement","els2024finelib"
"Lappeenranta-Lahti University of Technology LUT",2025,"10.1016/j.autcon.2025.106190",TRUE,"FinELib Elsevier agreement","els2024finelib"
"Lappeenranta-Lahti University of Technology LUT",2025,"10.1016/j.biombioe.2025.108734",TRUE,"FinELib Elsevier agreement","els2024finelib"
"Lappeenranta-Lahti University of Technology LUT",2025,"10.1016/j.buildenv.2025.114118",TRUE,"FinELib Elsevier agreement","els2024finelib"
"Lappeenranta-Lahti University of Technology LUT",2025,"10.1016/j.carbpol.2025.123613",TRUE,"FinELib Elsevier agreement","els2024finelib"
"Lappeenranta-Lahti University of Technology LUT",2025,"10.1016/j.cej.2025.170156",TRUE,"FinELib Elsevier agreement","els2024finelib"
"Lappeenranta-Lahti University of Technology LUT",2025,"10.1016/j.cej.2025.170164",TRUE,"FinELib Elsevier agreement","els2024finelib"
"Lappeenranta-Lahti University of Technology LUT",2025,"10.1016/j.ces.2025.122166",TRUE,"FinELib Elsevier agreement","els2024finelib"
"Lappeenranta-Lahti University of Technology LUT",2025,"10.1016/j.ces.2025.122229",TRUE,"FinELib Elsevier agreement","els2024finelib"
"Lappeenranta-Lahti University of Technology LUT",2025,"10.1016/j.ces.2025.123145",TRUE,"FinELib Elsevier agreement","els2024finelib"
"Lappeenranta-Lahti University of Technology LUT",2025,"10.1016/j.ces.2025.123254",TRUE,"FinELib Elsevier agreement","els2024finelib"
"Lappeenranta-Lahti University of Technology LUT",2025,"10.1016/j.chroma.2025.466162",TRUE,"FinELib Elsevier agreement","els2024finelib"
"Lappeenranta-Lahti University of Technology LUT",2025,"10.1016/j.chroma.2025.466392",TRUE,"FinELib Elsevier agreement","els2024finelib"
"Lappeenranta-Lahti University of Technology LUT",2025,"10.1016/j.cie.2025.111081",TRUE,"FinELib Elsevier agreement","els2024finelib"
"Lappeenranta-Lahti University of Technology LUT",2025,"10.1016/j.cirpj.2025.07.008",TRUE,"FinELib Elsevier agreement","els2024finelib"
"Lappeenranta-Lahti University of Technology LUT",2025,"10.1016/j.colsurfb.2025.114986",TRUE,"FinELib Elsevier agreement","els2024finelib"
"Lappeenranta-Lahti University of Technology LUT",2025,"10.1016/j.commatsci.2025.114036",TRUE,"FinELib Elsevier agreement","els2024finelib"
"Lappeenranta-Lahti University of Technology LUT",2025,"10.1016/j.commatsci.2025.114207",TRUE,"FinELib Elsevier agreement","els2024finelib"
"Lappeenranta-Lahti University of Technology LUT",2025,"10.1016/j.compositesb.2025.112400",TRUE,"FinELib Elsevier agreement","els2024finelib"
"Lappeenranta-Lahti University of Technology LUT",2025,"10.1016/j.compstruct.2025.119424",TRUE,"FinELib Elsevier agreement","els2024finelib"
"Lappeenranta-Lahti University of Technology LUT",2025,"10.1016/j.compstruct.2025.119586",TRUE,"FinELib Elsevier agreement","els2024finelib"
"Lappeenranta-Lahti University of Technology LUT",2025,"10.1016/j.compstruct.2025.119846",TRUE,"FinELib Elsevier agreement","els2024finelib"
"Lappeenranta-Lahti University of Technology LUT",2025,"10.1016/j.conengprac.2025.106560",TRUE,"FinELib Elsevier agreement","els2024finelib"
"Lappeenranta-Lahti University of Technology LUT",2025,"10.1016/j.cose.2025.104417",TRUE,"FinELib Elsevier agreement","els2024finelib"
"Lappeenranta-Lahti University of Technology LUT",2025,"10.1016/j.cosrev.2025.100731",TRUE,"FinELib Elsevier agreement","els2024finelib"
"Lappeenranta-Lahti University of Technology LUT",2025,"10.1016/j.eiar.2025.107994",TRUE,"FinELib Elsevier agreement","els2024finelib"
"Lappeenranta-Lahti University of Technology LUT",2025,"10.1016/j.enconman.2025.120145",TRUE,"FinELib Elsevier agreement","els2024finelib"
"Lappeenranta-Lahti University of Technology LUT",2025,"10.1016/j.enconman.2025.120927",TRUE,"FinELib Elsevier agreement","els2024finelib"
"Lappeenranta-Lahti University of Technology LUT",2025,"10.1016/j.energy.2025.134878",TRUE,"FinELib Elsevier agreement","els2024finelib"
"Lappeenranta-Lahti University of Technology LUT",2025,"10.1016/j.energy.2025.134888",TRUE,"FinELib Elsevier agreement","els2024finelib"
"Lappeenranta-Lahti University of Technology LUT",2025,"10.1016/j.energy.2025.135244",TRUE,"FinELib Elsevier agreement","els2024finelib"
"Lappeenranta-Lahti University of Technology LUT",2025,"10.1016/j.energy.2025.135304",TRUE,"FinELib Elsevier agreement","els2024finelib"
"Lappeenranta-Lahti University of Technology LUT",2025,"10.1016/j.energy.2025.135602",TRUE,"FinELib Elsevier agreement","els2024finelib"
"Lappeenranta-Lahti University of Technology LUT",2025,"10.1016/j.energy.2025.136018",TRUE,"FinELib Elsevier agreement","els2024finelib"
"Lappeenranta-Lahti University of Technology LUT",2025,"10.1016/j.energy.2025.136980",TRUE,"FinELib Elsevier agreement","els2024finelib"
"Lappeenranta-Lahti University of Technology LUT",2025,"10.1016/j.energy.2025.137415",TRUE,"FinELib Elsevier agreement","els2024finelib"
"Lappeenranta-Lahti University of Technology LUT",2025,"10.1016/j.energy.2025.137531",TRUE,"FinELib Elsevier agreement","els2024finelib"
"Lappeenranta-Lahti University of Technology LUT",2025,"10.1016/j.energy.2025.137586",TRUE,"FinELib Elsevier agreement","els2024finelib"
"Lappeenranta-Lahti University of Technology LUT",2025,"10.1016/j.energy.2025.138106",TRUE,"FinELib Elsevier agreement","els2024finelib"
"Lappeenranta-Lahti University of Technology LUT",2025,"10.1016/j.energy.2025.138457",TRUE,"FinELib Elsevier agreement","els2024finelib"
"Lappeenranta-Lahti University of Technology LUT",2025,"10.1016/j.energy.2025.138477",TRUE,"FinELib Elsevier agreement","els2024finelib"
"Lappeenranta-Lahti University of Technology LUT",2025,"10.1016/j.energy.2025.138630",TRUE,"FinELib Elsevier agreement","els2024finelib"
"Lappeenranta-Lahti University of Technology LUT",2025,"10.1016/j.energy.2025.138682",TRUE,"FinELib Elsevier agreement","els2024finelib"
"Lappeenranta-Lahti University of Technology LUT",2025,"10.1016/j.energy.2025.138909",TRUE,"FinELib Elsevier agreement","els2024finelib"
"Lappeenranta-Lahti University of Technology LUT",2025,"10.1016/j.energy.2025.139318",TRUE,"FinELib Elsevier agreement","els2024finelib"
"Lappeenranta-Lahti University of Technology LUT",2025,"10.1016/j.energy.2025.139426",TRUE,"FinELib Elsevier agreement","els2024finelib"
"Lappeenranta-Lahti University of Technology LUT",2025,"10.1016/j.energy.2025.139441",TRUE,"FinELib Elsevier agreement","els2024finelib"
"Lappeenranta-Lahti University of Technology LUT",2025,"10.1016/j.energy.2025.139502",TRUE,"FinELib Elsevier agreement","els2024finelib"
"Lappeenranta-Lahti University of Technology LUT",2025,"10.1016/j.energy.2025.139663",TRUE,"FinELib Elsevier agreement","els2024finelib"
"Lappeenranta-Lahti University of Technology LUT",2025,"10.1016/j.energy.2025.139795",TRUE,"FinELib Elsevier agreement","els2024finelib"
"Lappeenranta-Lahti University of Technology LUT",2025,"10.1016/j.engfracmech.2025.111393",TRUE,"FinELib Elsevier agreement","els2024finelib"
"Lappeenranta-Lahti University of Technology LUT",2025,"10.1016/j.envsci.2025.104149",TRUE,"FinELib Elsevier agreement","els2024finelib"
"Lappeenranta-Lahti University of Technology LUT",2025,"10.1016/j.envsoft.2025.106415",TRUE,"FinELib Elsevier agreement","els2024finelib"
"Lappeenranta-Lahti University of Technology LUT",2025,"10.1016/j.epsr.2025.111638",TRUE,"FinELib Elsevier agreement","els2024finelib"
"Lappeenranta-Lahti University of Technology LUT",2025,"10.1016/j.erss.2025.104015",TRUE,"FinELib Elsevier agreement","els2024finelib"
"Lappeenranta-Lahti University of Technology LUT",2025,"10.1016/j.erss.2025.104308",TRUE,"FinELib Elsevier agreement","els2024finelib"
"Lappeenranta-Lahti University of Technology LUT",2025,"10.1016/j.erss.2025.104352",TRUE,"FinELib Elsevier agreement","els2024finelib"
"Lappeenranta-Lahti University of Technology LUT",2025,"10.1016/j.esd.2025.101826",TRUE,"FinELib Elsevier agreement","els2024finelib"
"Lappeenranta-Lahti University of Technology LUT",2025,"10.1016/j.est.2025.119861",TRUE,"FinELib Elsevier agreement","els2024finelib"
"Lappeenranta-Lahti University of Technology LUT",2025,"10.1016/j.eswa.2025.127795",TRUE,"FinELib Elsevier agreement","els2024finelib"
"Lappeenranta-Lahti University of Technology LUT",2025,"10.1016/j.euromechsol.2025.105600",TRUE,"FinELib Elsevier agreement","els2024finelib"
"Lappeenranta-Lahti University of Technology LUT",2025,"10.1016/j.exis.2025.101748",TRUE,"FinELib Elsevier agreement","els2024finelib"
"Lappeenranta-Lahti University of Technology LUT",2025,"10.1016/j.fuel.2025.135315",TRUE,"FinELib Elsevier agreement","els2024finelib"
"Lappeenranta-Lahti University of Technology LUT",2025,"10.1016/j.fusengdes.2025.115487",TRUE,"FinELib Elsevier agreement","els2024finelib"
"Lappeenranta-Lahti University of Technology LUT",2025,"10.1016/j.futures.2025.103713",TRUE,"FinELib Elsevier agreement","els2024finelib"
"Lappeenranta-Lahti University of Technology LUT",2025,"10.1016/j.gr.2025.11.016",TRUE,"FinELib Elsevier agreement","els2024finelib"
"Lappeenranta-Lahti University of Technology LUT",2025,"10.1016/j.ienj.2025.101698",TRUE,"FinELib Elsevier agreement","els2024finelib"
"Lappeenranta-Lahti University of Technology LUT",2025,"10.1016/j.ijar.2025.109471",TRUE,"FinELib Elsevier agreement","els2024finelib"
"Lappeenranta-Lahti University of Technology LUT",2025,"10.1016/j.ijbiomac.2025.143968",TRUE,"FinELib Elsevier agreement","els2024finelib"
"Lappeenranta-Lahti University of Technology LUT",2025,"10.1016/j.ijepes.2025.111386",FALSE,"FinELib Elsevier agreement","els2024finelib"
"Lappeenranta-Lahti University of Technology LUT",2025,"10.1016/j.ijggc.2025.104310",TRUE,"FinELib Elsevier agreement","els2024finelib"
"Lappeenranta-Lahti University of Technology LUT",2025,"10.1016/j.ijhcs.2025.103720",TRUE,"FinELib Elsevier agreement","els2024finelib"
"Lappeenranta-Lahti University of Technology LUT",2025,"10.1016/j.ijheatmasstransfer.2025.128203",TRUE,"FinELib Elsevier agreement","els2024finelib"
"Lappeenranta-Lahti University of Technology LUT",2025,"10.1016/j.ijhydene.2025.153171",TRUE,"FinELib Elsevier agreement","els2024finelib"
"Lappeenranta-Lahti University of Technology LUT",2025,"10.1016/j.im.2025.104209",TRUE,"FinELib Elsevier agreement","els2024finelib"
"Lappeenranta-Lahti University of Technology LUT",2025,"10.1016/j.im.2025.104213",TRUE,"FinELib Elsevier agreement","els2024finelib"
"Lappeenranta-Lahti University of Technology LUT",2025,"10.1016/j.indcrop.2025.120755",FALSE,"FinELib Elsevier agreement","els2024finelib"
"Lappeenranta-Lahti University of Technology LUT",2025,"10.1016/j.indmarman.2025.08.007",TRUE,"FinELib Elsevier agreement","els2024finelib"
"Lappeenranta-Lahti University of Technology LUT",2025,"10.1016/j.infsof.2025.107891",TRUE,"FinELib Elsevier agreement","els2024finelib"
"Lappeenranta-Lahti University of Technology LUT",2025,"10.1016/j.jallcom.2025.180395",TRUE,"FinELib Elsevier agreement","els2024finelib"
"Lappeenranta-Lahti University of Technology LUT",2025,"10.1016/j.jallcom.2025.185011",TRUE,"FinELib Elsevier agreement","els2024finelib"
"Lappeenranta-Lahti University of Technology LUT",2025,"10.1016/j.jbusres.2025.115396",TRUE,"FinELib Elsevier agreement","els2024finelib"
"Lappeenranta-Lahti University of Technology LUT",2025,"10.1016/j.jbusres.2025.115584",TRUE,"FinELib Elsevier agreement","els2024finelib"
"Lappeenranta-Lahti University of Technology LUT",2025,"10.1016/j.jclepro.2025.144997",TRUE,"FinELib Elsevier agreement","els2024finelib"
"Lappeenranta-Lahti University of Technology LUT",2025,"10.1016/j.jclepro.2025.145319",TRUE,"FinELib Elsevier agreement","els2024finelib"
"Lappeenranta-Lahti University of Technology LUT",2025,"10.1016/j.jclepro.2025.146035",TRUE,"FinELib Elsevier agreement","els2024finelib"
"Lappeenranta-Lahti University of Technology LUT",2025,"10.1016/j.jclepro.2025.146188",TRUE,"FinELib Elsevier agreement","els2024finelib"
"Lappeenranta-Lahti University of Technology LUT",2025,"10.1016/j.jclepro.2025.146647",TRUE,"FinELib Elsevier agreement","els2024finelib"
"Lappeenranta-Lahti University of Technology LUT",2025,"10.1016/j.jclepro.2025.146658",TRUE,"FinELib Elsevier agreement","els2024finelib"
"Lappeenranta-Lahti University of Technology LUT",2025,"10.1016/j.jcou.2025.103139",FALSE,"FinELib Elsevier agreement","els2024finelib"
"Lappeenranta-Lahti University of Technology LUT",2025,"10.1016/j.jece.2025.116815",TRUE,"FinELib Elsevier agreement","els2024finelib"
"Lappeenranta-Lahti University of Technology LUT",2025,"10.1016/j.jengtecman.2025.101914",TRUE,"FinELib Elsevier agreement","els2024finelib"
"Lappeenranta-Lahti University of Technology LUT",2025,"10.1016/j.jenvman.2025.124276",TRUE,"FinELib Elsevier agreement","els2024finelib"
"Lappeenranta-Lahti University of Technology LUT",2025,"10.1016/j.jenvman.2025.126093",TRUE,"FinELib Elsevier agreement","els2024finelib"
"Lappeenranta-Lahti University of Technology LUT",2025,"10.1016/j.jenvman.2025.128073",TRUE,"FinELib Elsevier agreement","els2024finelib"
"Lappeenranta-Lahti University of Technology LUT",2025,"10.1016/j.jmva.2025.105468",TRUE,"FinELib Elsevier agreement","els2024finelib"
"Lappeenranta-Lahti University of Technology LUT",2025,"10.1016/j.jpowsour.2025.238382",TRUE,"FinELib Elsevier agreement","els2024finelib"
"Lappeenranta-Lahti University of Technology LUT",2025,"10.1016/j.jrurstud.2025.103768",TRUE,"FinELib Elsevier agreement","els2024finelib"
"Lappeenranta-Lahti University of Technology LUT",2025,"10.1016/j.jss.2025.112514",TRUE,"FinELib Elsevier agreement","els2024finelib"
"Lappeenranta-Lahti University of Technology LUT",2025,"10.1016/j.jsv.2025.119299",TRUE,"FinELib Elsevier agreement","els2024finelib"
"Lappeenranta-Lahti University of Technology LUT",2025,"10.1016/j.jsv.2025.119606",TRUE,"FinELib Elsevier agreement","els2024finelib"
"Lappeenranta-Lahti University of Technology LUT",2025,"10.1016/j.landusepol.2025.107647",TRUE,"FinELib Elsevier agreement","els2024finelib"
"Lappeenranta-Lahti University of Technology LUT",2025,"10.1016/j.mechmachtheory.2025.106250",TRUE,"FinELib Elsevier agreement","els2024finelib"
"Lappeenranta-Lahti University of Technology LUT",2025,"10.1016/j.memsci.2025.123690",TRUE,"FinELib Elsevier agreement","els2024finelib"
"Lappeenranta-Lahti University of Technology LUT",2025,"10.1016/j.micromeso.2025.113772",TRUE,"FinELib Elsevier agreement","els2024finelib"
"Lappeenranta-Lahti University of Technology LUT",2025,"10.1016/j.micromeso.2025.113860",TRUE,"FinELib Elsevier agreement","els2024finelib"
"Lappeenranta-Lahti University of Technology LUT",2025,"10.1016/j.mineng.2025.109293",TRUE,"FinELib Elsevier agreement","els2024finelib"
"Lappeenranta-Lahti University of Technology LUT",2025,"10.1016/j.mineng.2025.109470",TRUE,"FinELib Elsevier agreement","els2024finelib"
"Lappeenranta-Lahti University of Technology LUT",2025,"10.1016/j.mineng.2025.109949",TRUE,"FinELib Elsevier agreement","els2024finelib"
"Lappeenranta-Lahti University of Technology LUT",2025,"10.1016/j.neunet.2025.108516",TRUE,"FinELib Elsevier agreement","els2024finelib"
"Lappeenranta-Lahti University of Technology LUT",2025,"10.1016/j.nucengdes.2025.113916",TRUE,"FinELib Elsevier agreement","els2024finelib"
"Lappeenranta-Lahti University of Technology LUT",2025,"10.1016/j.nucengdes.2025.114056",TRUE,"FinELib Elsevier agreement","els2024finelib"
"Lappeenranta-Lahti University of Technology LUT",2025,"10.1016/j.nucengdes.2025.114087",TRUE,"FinELib Elsevier agreement","els2024finelib"
"Lappeenranta-Lahti University of Technology LUT",2025,"10.1016/j.optlastec.2025.113718",TRUE,"FinELib Elsevier agreement","els2024finelib"
"Lappeenranta-Lahti University of Technology LUT",2025,"10.1016/j.partic.2025.08.024",TRUE,"FinELib Elsevier agreement","els2024finelib"
"Lappeenranta-Lahti University of Technology LUT",2025,"10.1016/j.patrec.2025.04.012",TRUE,"FinELib Elsevier agreement","els2024finelib"
"Lappeenranta-Lahti University of Technology LUT",2025,"10.1016/j.polymer.2025.128485",TRUE,"FinELib Elsevier agreement","els2024finelib"
"Lappeenranta-Lahti University of Technology LUT",2025,"10.1016/j.powtec.2025.121785",TRUE,"FinELib Elsevier agreement","els2024finelib"
"Lappeenranta-Lahti University of Technology LUT",2025,"10.1016/j.pursup.2025.100992",TRUE,"FinELib Elsevier agreement","els2024finelib"
"Lappeenranta-Lahti University of Technology LUT",2025,"10.1016/j.pursup.2025.101056",TRUE,"FinELib Elsevier agreement","els2024finelib"
"Lappeenranta-Lahti University of Technology LUT",2025,"10.1016/j.pursup.2025.101079",TRUE,"FinELib Elsevier agreement","els2024finelib"
"Lappeenranta-Lahti University of Technology LUT",2025,"10.1016/j.renene.2025.124479",TRUE,"FinELib Elsevier agreement","els2024finelib"
"Lappeenranta-Lahti University of Technology LUT",2025,"10.1016/j.ress.2025.111864",TRUE,"FinELib Elsevier agreement","els2024finelib"
"Lappeenranta-Lahti University of Technology LUT",2025,"10.1016/j.robot.2025.105156",TRUE,"FinELib Elsevier agreement","els2024finelib"
"Lappeenranta-Lahti University of Technology LUT",2025,"10.1016/j.rser.2025.115367",TRUE,"FinELib Elsevier agreement","els2024finelib"
"Lappeenranta-Lahti University of Technology LUT",2025,"10.1016/j.rser.2025.115371",TRUE,"FinELib Elsevier agreement","els2024finelib"
"Lappeenranta-Lahti University of Technology LUT",2025,"10.1016/j.rser.2025.115383",TRUE,"FinELib Elsevier agreement","els2024finelib"
"Lappeenranta-Lahti University of Technology LUT",2025,"10.1016/j.rser.2025.115416",TRUE,"FinELib Elsevier agreement","els2024finelib"
"Lappeenranta-Lahti University of Technology LUT",2025,"10.1016/j.rser.2025.116124",TRUE,"FinELib Elsevier agreement","els2024finelib"
"Lappeenranta-Lahti University of Technology LUT",2025,"10.1016/j.rser.2025.116308",TRUE,"FinELib Elsevier agreement","els2024finelib"
"Lappeenranta-Lahti University of Technology LUT",2025,"10.1016/j.rser.2025.116569",TRUE,"FinELib Elsevier agreement","els2024finelib"
"Lappeenranta-Lahti University of Technology LUT",2025,"10.1016/j.rser.2025.116613",TRUE,"FinELib Elsevier agreement","els2024finelib"
"Lappeenranta-Lahti University of Technology LUT",2025,"10.1016/j.scitotenv.2025.179112",TRUE,"FinELib Elsevier agreement","els2024finelib"
"Lappeenranta-Lahti University of Technology LUT",2025,"10.1016/j.scitotenv.2025.180638",TRUE,"FinELib Elsevier agreement","els2024finelib"
"Lappeenranta-Lahti University of Technology LUT",2025,"10.1016/j.seppur.2025.132866",TRUE,"FinELib Elsevier agreement","els2024finelib"
"Lappeenranta-Lahti University of Technology LUT",2025,"10.1016/j.solener.2025.113543",TRUE,"FinELib Elsevier agreement","els2024finelib"
"Lappeenranta-Lahti University of Technology LUT",2025,"10.1016/j.solener.2025.113802",TRUE,"FinELib Elsevier agreement","els2024finelib"
"Lappeenranta-Lahti University of Technology LUT",2025,"10.1016/j.solener.2025.114230",TRUE,"FinELib Elsevier agreement","els2024finelib"
"Lappeenranta-Lahti University of Technology LUT",2025,"10.1016/j.spc.2025.10.017",TRUE,"FinELib Elsevier agreement","els2024finelib"
"Lappeenranta-Lahti University of Technology LUT",2025,"10.1016/j.technovation.2025.103424",TRUE,"FinELib Elsevier agreement","els2024finelib"
"Lappeenranta-Lahti University of Technology LUT",2025,"10.1016/j.technovation.2025.103460",TRUE,"FinELib Elsevier agreement","els2024finelib"
"Lappeenranta-Lahti University of Technology LUT",2025,"10.1016/j.technovation.2025.103464",TRUE,"FinELib Elsevier agreement","els2024finelib"
"Lappeenranta-Lahti University of Technology LUT",2025,"10.1016/j.wasman.2025.02.015",TRUE,"FinELib Elsevier agreement","els2024finelib"
"Lappeenranta-Lahti University of Technology LUT",2025,"10.1016/j.wasman.2025.115025",TRUE,"FinELib Elsevier agreement","els2024finelib"
"Lappeenranta-Lahti University of Technology LUT",2025,"10.1016/j.wpi.2025.102385",TRUE,"FinELib Elsevier agreement","els2024finelib"
"Lappeenranta-Lahti University of Technology LUT",2025,"10.1017/dce.2025.13",FALSE,"FinELib CUP agreement","cam2024finelib"
"Lappeenranta-Lahti University of Technology LUT",2025,"10.1017/S0263574725000086",TRUE,"FinELib CUP agreement","cam2024finelib"
"Lappeenranta-Lahti University of Technology LUT",2025,"10.1039/D4CP04054F",TRUE,"FinELib RSC agreement","rsc2024finelib"
"Lappeenranta-Lahti University of Technology LUT",2025,"10.1039/D5GC01806D",TRUE,"FinELib RSC agreement","rsc2024finelib"
"Lappeenranta-Lahti University of Technology LUT",2025,"10.1049/gtd2.70036",FALSE,"FinELib Wiley agreement","wiley2025finelib"
"Lappeenranta-Lahti University of Technology LUT",2025,"10.1049/gtd2.70056",FALSE,"FinELib Wiley agreement","wiley2025finelib"
"Lappeenranta-Lahti University of Technology LUT",2025,"10.1049/gtd2.70103",FALSE,"FinELib Wiley agreement","wiley2025finelib"
"Lappeenranta-Lahti University of Technology LUT",2025,"10.1049/gtd2.70114",FALSE,"FinELib Wiley agreement","wiley2025finelib"
"Lappeenranta-Lahti University of Technology LUT",2025,"10.1049/pel2.70078",FALSE,"FinELib Wiley agreement","wiley2025finelib"
"Lappeenranta-Lahti University of Technology LUT",2025,"10.1049/rpg2.70112",FALSE,"FinELib Wiley agreement","wiley2025finelib"
"Lappeenranta-Lahti University of Technology LUT",2025,"10.1049/rpg2.70174",FALSE,"FinELib Wiley agreement","wiley2025finelib"
"Lappeenranta-Lahti University of Technology LUT",2025,"10.1080/00207543.2025.2550458",TRUE,"FinELib Taylor & Francis agreement","tf2025finelib"
"Lappeenranta-Lahti University of Technology LUT",2025,"10.1080/00220671.2025.2540895",TRUE,"FinELib Taylor & Francis agreement","tf2025finelib"
"Lappeenranta-Lahti University of Technology LUT",2025,"10.1080/01436597.2025.2474511",TRUE,"FinELib Taylor & Francis agreement","tf2025finelib"
"Lappeenranta-Lahti University of Technology LUT",2025,"10.1080/0144929X.2025.2461726",TRUE,"FinELib Taylor & Francis agreement","tf2025finelib"
"Lappeenranta-Lahti University of Technology LUT",2025,"10.1080/0144929X.2025.2558199",TRUE,"FinELib Taylor & Francis agreement","tf2025finelib"
"Lappeenranta-Lahti University of Technology LUT",2025,"10.1080/03043797.2025.2493951",TRUE,"FinELib Taylor & Francis agreement","tf2025finelib"
"Lappeenranta-Lahti University of Technology LUT",2025,"10.1080/08841241.2025.2500295",TRUE,"FinELib Taylor & Francis agreement","tf2025finelib"
"Lappeenranta-Lahti University of Technology LUT",2025,"10.1080/08956308.2025.2497687",TRUE,"FinELib Taylor & Francis agreement","tf2025finelib"
"Lappeenranta-Lahti University of Technology LUT",2025,"10.1080/09639284.2025.2488979",TRUE,"FinELib Taylor & Francis agreement","tf2025finelib"
"Lappeenranta-Lahti University of Technology LUT",2025,"10.1080/09654313.2025.2544961",TRUE,"FinELib Taylor & Francis agreement","tf2025finelib"
"Lappeenranta-Lahti University of Technology LUT",2025,"10.1080/1051144X.2025.2514887",TRUE,"FinELib Taylor & Francis agreement","tf2025finelib"
"Lappeenranta-Lahti University of Technology LUT",2025,"10.1080/10910344.2025.2525786",TRUE,"FinELib Taylor & Francis agreement","tf2025finelib"
"Lappeenranta-Lahti University of Technology LUT",2025,"10.1080/13501763.2025.2526557",TRUE,"FinELib Taylor & Francis agreement","tf2025finelib"
"Lappeenranta-Lahti University of Technology LUT",2025,"10.1080/1360144X.2025.2575806",TRUE,"FinELib Taylor & Francis agreement","tf2025finelib"
"Lappeenranta-Lahti University of Technology LUT",2025,"10.1080/13662716.2025.2530490",TRUE,"FinELib Taylor & Francis agreement","tf2025finelib"
"Lappeenranta-Lahti University of Technology LUT",2025,"10.1080/13676261.2025.2581983",TRUE,"FinELib Taylor & Francis agreement","tf2025finelib"
"Lappeenranta-Lahti University of Technology LUT",2025,"10.1080/1461670X.2025.2492729",TRUE,"FinELib Taylor & Francis agreement","tf2025finelib"
"Lappeenranta-Lahti University of Technology LUT",2025,"10.1080/14747731.2025.2555504",TRUE,"FinELib Taylor & Francis agreement","tf2025finelib"
"Lappeenranta-Lahti University of Technology LUT",2025,"10.1080/15358593.2025.2555012",TRUE,"FinELib Taylor & Francis agreement","tf2025finelib"
"Lappeenranta-Lahti University of Technology LUT",2025,"10.1080/15578771.2025.2534334",TRUE,"FinELib Taylor & Francis agreement","tf2025finelib"
"Lappeenranta-Lahti University of Technology LUT",2025,"10.1080/17508975.2025.2480110",TRUE,"FinELib Taylor & Francis agreement","tf2025finelib"
"Lappeenranta-Lahti University of Technology LUT",2025,"10.1108/EJIM-05-2024-0574",TRUE,"FinELib Emerald agreement","eme2025finelib"
"Lappeenranta-Lahti University of Technology LUT",2025,"10.1108/ET-04-2024-0180",TRUE,"FinELib Emerald agreement","eme2025finelib"
"Lappeenranta-Lahti University of Technology LUT",2025,"10.1108/IJOPM-04-2024-0349",TRUE,"FinELib Emerald agreement","eme2025finelib"
"Lappeenranta-Lahti University of Technology LUT",2025,"10.1108/IJOPM-06-2024-0524",TRUE,"FinELib Emerald agreement","eme2025finelib"
"Lappeenranta-Lahti University of Technology LUT",2025,"10.1108/IJSHE-06-2024-0429",TRUE,"FinELib Emerald agreement","eme2025finelib"
"Lappeenranta-Lahti University of Technology LUT",2025,"10.1108/ITP-05-2024-0701",TRUE,"FinELib Emerald agreement","eme2025finelib"
"Lappeenranta-Lahti University of Technology LUT",2025,"10.1108/ITP-06-2024-0808",TRUE,"FinELib Emerald agreement","eme2025finelib"
"Lappeenranta-Lahti University of Technology LUT",2025,"10.1108/ITP-07-2024-0949",TRUE,"FinELib Emerald agreement","eme2025finelib"
"Lappeenranta-Lahti University of Technology LUT",2025,"10.1108/JAOC-08-2023-0143",TRUE,"FinELib Emerald agreement","eme2025finelib"
"Lappeenranta-Lahti University of Technology LUT",2025,"10.1108/MBR-07-2024-0130",TRUE,"FinELib Emerald agreement","eme2025finelib"
"Lappeenranta-Lahti University of Technology LUT",2025,"10.1108/QRAM-03-2024-0059",TRUE,"FinELib Emerald agreement","eme2025finelib"
"Lappeenranta-Lahti University of Technology LUT",2025,"10.1108/RIBS-10-2024-0120",TRUE,"FinELib Emerald agreement","eme2025finelib"
"Lappeenranta-Lahti University of Technology LUT",2025,"10.1108/RPJ-08-2024-0340",TRUE,"FinELib Emerald agreement","eme2025finelib"
"Lappeenranta-Lahti University of Technology LUT",2025,"10.1108/SCM-07-2024-0428",TRUE,"FinELib Emerald agreement","eme2025finelib"
"Lappeenranta-Lahti University of Technology LUT",2025,"10.1109/ACCESS.2025.3527027",FALSE,"FinELib IEEE agreement","ieee2024finelib"
"Lappeenranta-Lahti University of Technology LUT",2025,"10.1109/ACCESS.2025.3529025",FALSE,"FinELib IEEE agreement","ieee2024finelib"
"Lappeenranta-Lahti University of Technology LUT",2025,"10.1109/ACCESS.2025.3541722",FALSE,"FinELib IEEE agreement","ieee2024finelib"
"Lappeenranta-Lahti University of Technology LUT",2025,"10.1109/ACCESS.2025.3548549",FALSE,"FinELib IEEE agreement","ieee2024finelib"
"Lappeenranta-Lahti University of Technology LUT",2025,"10.1109/ACCESS.2025.3549183",FALSE,"FinELib IEEE agreement","ieee2024finelib"
"Lappeenranta-Lahti University of Technology LUT",2025,"10.1109/ACCESS.2025.3555734",FALSE,"FinELib IEEE agreement","ieee2024finelib"
"Lappeenranta-Lahti University of Technology LUT",2025,"10.1109/ACCESS.2025.3570219",FALSE,"FinELib IEEE agreement","ieee2024finelib"
"Lappeenranta-Lahti University of Technology LUT",2025,"10.1109/ACCESS.2025.3580521",FALSE,"FinELib IEEE agreement","ieee2024finelib"
"Lappeenranta-Lahti University of Technology LUT",2025,"10.1109/ACCESS.2025.3582189",FALSE,"FinELib IEEE agreement","ieee2024finelib"
"Lappeenranta-Lahti University of Technology LUT",2025,"10.1109/ACCESS.2025.3586026",FALSE,"FinELib IEEE agreement","ieee2024finelib"
"Lappeenranta-Lahti University of Technology LUT",2025,"10.1109/ACCESS.2025.3589939",FALSE,"FinELib IEEE agreement","ieee2024finelib"
"Lappeenranta-Lahti University of Technology LUT",2025,"10.1109/ACCESS.2025.3612330",FALSE,"FinELib IEEE agreement","ieee2024finelib"
"Lappeenranta-Lahti University of Technology LUT",2025,"10.1109/ACCESS.2025.3631769",FALSE,"FinELib IEEE agreement","ieee2024finelib"
"Lappeenranta-Lahti University of Technology LUT",2025,"10.1109/ACCESS.2025.3636754",FALSE,"FinELib IEEE agreement","ieee2024finelib"
"Lappeenranta-Lahti University of Technology LUT",2025,"10.1109/ACCESS.2025.3636870",FALSE,"FinELib IEEE agreement","ieee2024finelib"
"Lappeenranta-Lahti University of Technology LUT",2025,"10.1109/JIOT.2025.3589262",TRUE,"FinELib IEEE agreement","ieee2024finelib"
"Lappeenranta-Lahti University of Technology LUT",2025,"10.1109/JIOT.2025.3596313",TRUE,"FinELib IEEE agreement","ieee2024finelib"
"Lappeenranta-Lahti University of Technology LUT",2025,"10.1109/JPHOTOV.2025.3531043",TRUE,"FinELib IEEE agreement","ieee2024finelib"
"Lappeenranta-Lahti University of Technology LUT",2025,"10.1109/JPHOTOV.2025.3616635",TRUE,"FinELib IEEE agreement","ieee2024finelib"
"Lappeenranta-Lahti University of Technology LUT",2025,"10.1109/JSEN.2024.3520507",TRUE,"FinELib IEEE agreement","ieee2024finelib"
"Lappeenranta-Lahti University of Technology LUT",2025,"10.1109/MC.2025.3571322",TRUE,"FinELib IEEE agreement","ieee2024finelib"
"Lappeenranta-Lahti University of Technology LUT",2025,"10.1109/OJCOMS.2025.3570923",FALSE,"FinELib IEEE agreement","ieee2024finelib"
"Lappeenranta-Lahti University of Technology LUT",2025,"10.1109/OJIA.2025.3596973",FALSE,"FinELib IEEE agreement","ieee2024finelib"
"Lappeenranta-Lahti University of Technology LUT",2025,"10.1109/TASC.2025.3540818",TRUE,"FinELib IEEE agreement","ieee2024finelib"
"Lappeenranta-Lahti University of Technology LUT",2025,"10.1109/TCCN.2025.3546608",TRUE,"FinELib IEEE agreement","ieee2024finelib"
"Lappeenranta-Lahti University of Technology LUT",2025,"10.1109/TDSC.2025.3626846",TRUE,"FinELib IEEE agreement","ieee2024finelib"
"Lappeenranta-Lahti University of Technology LUT",2025,"10.1109/TEC.2025.3527253",TRUE,"FinELib IEEE agreement","ieee2024finelib"
"Lappeenranta-Lahti University of Technology LUT",2025,"10.1109/TIA.2025.3546911",TRUE,"FinELib IEEE agreement","ieee2024finelib"
"Lappeenranta-Lahti University of Technology LUT",2025,"10.1109/TIA.2025.3571357",TRUE,"FinELib IEEE agreement","ieee2024finelib"
"Lappeenranta-Lahti University of Technology LUT",2025,"10.1109/TVT.2025.3539120",TRUE,"FinELib IEEE agreement","ieee2024finelib"
"Lappeenranta-Lahti University of Technology LUT",2025,"10.1109/TVT.2025.3591495",TRUE,"FinELib IEEE agreement","ieee2024finelib"
"Lappeenranta-Lahti University of Technology LUT",2025,"10.1111/1467-9477.70021",TRUE,"FinELib Wiley agreement","wiley2025finelib"
"Lappeenranta-Lahti University of Technology LUT",2025,"10.1111/caim.12657",TRUE,"FinELib Wiley agreement","wiley2025finelib"
"Lappeenranta-Lahti University of Technology LUT",2025,"10.1111/joms.13246",TRUE,"FinELib Wiley agreement","wiley2025finelib"
"Lappeenranta-Lahti University of Technology LUT",2025,"10.1111/pbaf.70007",TRUE,"FinELib Wiley agreement","wiley2025finelib"
"Lappeenranta-Lahti University of Technology LUT",2025,"10.1111/var.70014",TRUE,"FinELib Wiley agreement","wiley2025finelib"
"Lappeenranta-Lahti University of Technology LUT",2025,"10.1145/3696630.3727230",TRUE,"FinELib ACM agreement","acm2025finelib"
"Lappeenranta-Lahti University of Technology LUT",2025,"10.1145/3696630.3727235",TRUE,"FinELib ACM agreement","acm2025finelib"
"Lappeenranta-Lahti University of Technology LUT",2025,"10.1145/3696630.3727242",TRUE,"FinELib ACM agreement","acm2025finelib"
"Lappeenranta-Lahti University of Technology LUT",2025,"10.1145/3696630.3728695",TRUE,"FinELib ACM agreement","acm2025finelib"
"Lappeenranta-Lahti University of Technology LUT",2025,"10.1145/3696630.3731624",TRUE,"FinELib ACM agreement","acm2025finelib"
"Lappeenranta-Lahti University of Technology LUT",2025,"10.1145/3711904",TRUE,"FinELib ACM agreement","acm2025finelib"
"Lappeenranta-Lahti University of Technology LUT",2025,"10.1145/3715112",TRUE,"FinELib ACM agreement","acm2025finelib"
"Lappeenranta-Lahti University of Technology LUT",2025,"10.1145/3727967.3756831",TRUE,"FinELib ACM agreement","acm2025finelib"
"Lappeenranta-Lahti University of Technology LUT",2025,"10.1145/3727967.3756839",TRUE,"FinELib ACM agreement","acm2025finelib"
"Lappeenranta-Lahti University of Technology LUT",2025,"10.1145/3727967.3756849",TRUE,"FinELib ACM agreement","acm2025finelib"
"Lappeenranta-Lahti University of Technology LUT",2025,"10.1145/3736401",TRUE,"FinELib ACM agreement","acm2025finelib"
"Lappeenranta-Lahti University of Technology LUT",2025,"10.1145/3746027.3755411",TRUE,"FinELib ACM agreement","acm2025finelib"
"Lappeenranta-Lahti University of Technology LUT",2025,"10.1145/3756681.3756935",TRUE,"FinELib ACM agreement","acm2025finelib"
"Lappeenranta-Lahti University of Technology LUT",2025,"10.1155/er/3241856",FALSE,"FinELib Wiley agreement","wiley2025finelib"
"Lappeenranta-Lahti University of Technology LUT",2025,"10.1177/00076503251317253",TRUE,"FinELib SAGE agreement","sage2025finelib"
"Lappeenranta-Lahti University of Technology LUT",2025,"10.1177/00914150251401564",TRUE,"FinELib SAGE agreement","sage2025finelib"
"Lappeenranta-Lahti University of Technology LUT",2025,"10.1177/0734242X251340318",TRUE,"FinELib SAGE agreement","sage2025finelib"
"Lappeenranta-Lahti University of Technology LUT",2025,"10.1177/08927057251408473",TRUE,"FinELib SAGE agreement","sage2025finelib"
"Lappeenranta-Lahti University of Technology LUT",2025,"10.1177/10519815251336912",TRUE,"FinELib SAGE agreement","sage2025finelib"
"Lappeenranta-Lahti University of Technology LUT",2025,"10.1177/13272314251410348",TRUE,"FinELib SAGE agreement","sage2025finelib"
"Lappeenranta-Lahti University of Technology LUT",2025,"10.1177/14614448251413687",TRUE,"FinELib SAGE agreement","sage2025finelib"
"Lappeenranta-Lahti University of Technology LUT",2025,"10.1177/25151274251371140",TRUE,"FinELib SAGE agreement","sage2025finelib"
"Laurea University of Applied Sciences",2025,"10.1002/casp.70055",TRUE,"FinELib Wiley agreement","wiley2025finelib"
"Laurea University of Applied Sciences",2025,"10.1111/ejed.12900",TRUE,"FinELib Wiley agreement","wiley2025finelib"
"Metropolia University of Applied Sciences",2025,"10.1016/j.pedn.2025.11.014",TRUE,"FinELib Elsevier agreement","els2024finelib"
"Metropolia University of Applied Sciences",2025,"10.1080/09650792.2025.2577993",TRUE,"FinELib Taylor & Francis agreement","tf2025finelib"
"Metropolia University of Applied Sciences",2025,"10.1080/13603108.2025.2464241",TRUE,"FinELib Taylor & Francis agreement","tf2025finelib"
"Metropolia University of Applied Sciences",2025,"10.1080/17540763.2025.2486375",TRUE,"FinELib Taylor & Francis agreement","tf2025finelib"
"Metropolia University of Applied Sciences",2025,"10.1177/04866134251319356",TRUE,"FinELib SAGE agreement","sage2025finelib"
"Metropolia University of Applied Sciences",2025,"10.1177/04866134251327022",TRUE,"FinELib SAGE agreement","sage2025finelib"
"Metropolia University of Applied Sciences",2025,"10.1177/04866134251347779",TRUE,"FinELib SAGE agreement","sage2025finelib"
"National Land Survey of Finland",2025,"10.1007/s00024-025-03868-y",TRUE,"FinELib Springer Compact agreement","sn2024finelib"
"National Land Survey of Finland",2025,"10.1016/j.asr.2025.06.022",TRUE,"FinELib Elsevier agreement","els2024finelib"
"National Land Survey of Finland",2025,"10.1016/j.compag.2025.111005",TRUE,"FinELib Elsevier agreement","els2024finelib"
"National Land Survey of Finland",2025,"10.1016/j.isprsjprs.2025.07.038",TRUE,"FinELib Elsevier agreement","els2024finelib"
"National Land Survey of Finland",2025,"10.1016/j.rse.2025.115105",TRUE,"FinELib Elsevier agreement","els2024finelib"
"National Land Survey of Finland",2025,"10.1080/00396265.2025.2510819",TRUE,"FinELib Taylor & Francis agreement","tf2025finelib"
"National Land Survey of Finland",2025,"10.1080/01431161.2025.2579803",TRUE,"FinELib Taylor & Francis agreement","tf2025finelib"
"National Land Survey of Finland",2025,"10.1080/17489725.2025.2587735",TRUE,"FinELib Taylor & Francis agreement","tf2025finelib"
"National Land Survey of Finland",2025,"10.1109/ACCESS.2025.3558991",FALSE,"FinELib IEEE agreement","ieee2024finelib"
"National Land Survey of Finland",2025,"10.1109/JSTARS.2025.3569958",FALSE,"FinELib IEEE agreement","ieee2024finelib"
"Natural Resources Institute Finland",2025,"10.1002/aff2.70080",FALSE,"FinELib Wiley agreement","wiley2025finelib"
"Natural Resources Institute Finland",2025,"10.1002/ece3.72448",FALSE,"FinELib Wiley agreement","wiley2025finelib"
"Natural Resources Institute Finland",2025,"10.1002/env.70019",TRUE,"FinELib Wiley agreement","wiley2025finelib"
"Natural Resources Institute Finland",2025,"10.1002/fes3.70138",FALSE,"FinELib Wiley agreement","wiley2025finelib"
"Natural Resources Institute Finland",2025,"10.1002/fes3.70161",FALSE,"FinELib Wiley agreement","wiley2025finelib"
"Natural Resources Institute Finland",2025,"10.1007/s00107-025-02314-z",TRUE,"FinELib Springer Compact agreement","sn2024finelib"
"Natural Resources Institute Finland",2025,"10.1007/s00122-025-04860-9",TRUE,"FinELib Springer Compact agreement","sn2024finelib"
"Natural Resources Institute Finland",2025,"10.1007/s00122-025-04871-6",TRUE,"FinELib Springer Compact agreement","sn2024finelib"
"Natural Resources Institute Finland",2025,"10.1007/s00253-025-13603-1",TRUE,"FinELib Springer Compact agreement","sn2024finelib"
"Natural Resources Institute Finland",2025,"10.1007/s00265-025-03628-x",TRUE,"FinELib Springer Compact agreement","sn2024finelib"
"Natural Resources Institute Finland",2025,"10.1007/s00267-025-02166-6",TRUE,"FinELib Springer Compact agreement","sn2024finelib"
"Natural Resources Institute Finland",2025,"10.1007/s00267-025-02273-4",TRUE,"FinELib Springer Compact agreement","sn2024finelib"
"Natural Resources Institute Finland",2025,"10.1007/s00284-025-04515-4",TRUE,"FinELib Springer Compact agreement","sn2024finelib"
"Natural Resources Institute Finland",2025,"10.1007/s00394-025-03609-w",TRUE,"FinELib Springer Compact agreement","sn2024finelib"
"Natural Resources Institute Finland",2025,"10.1007/s00442-025-05821-1",FALSE,"FinELib Springer Compact agreement","sn2024finelib"
"Natural Resources Institute Finland",2025,"10.1007/s00468-025-02648-4",TRUE,"FinELib Springer Compact agreement","sn2024finelib"
"Natural Resources Institute Finland",2025,"10.1007/s00705-025-06313-6",TRUE,"FinELib Springer Compact agreement","sn2024finelib"
"Natural Resources Institute Finland",2025,"10.1007/s10342-025-01789-y",TRUE,"FinELib Springer Compact agreement","sn2024finelib"
"Natural Resources Institute Finland",2025,"10.1007/s10546-025-00908-x",TRUE,"FinELib Springer Compact agreement","sn2024finelib"
"Natural Resources Institute Finland",2025,"10.1007/s10584-025-03913-8",TRUE,"FinELib Springer Compact agreement","sn2024finelib"
"Natural Resources Institute Finland",2025,"10.1007/s10658-025-03015-2",TRUE,"FinELib Springer Compact agreement","sn2024finelib"
"Natural Resources Institute Finland",2025,"10.1007/s10658-025-03050-z",TRUE,"FinELib Springer Compact agreement","sn2024finelib"
"Natural Resources Institute Finland",2025,"10.1007/s10980-025-02152-7",TRUE,"FinELib Springer Compact agreement","sn2024finelib"
"Natural Resources Institute Finland",2025,"10.1007/s11104-025-07201-3",TRUE,"FinELib Springer Compact agreement","sn2024finelib"
"Natural Resources Institute Finland",2025,"10.1007/s11222-025-10774-9",TRUE,"FinELib Springer Compact agreement","sn2024finelib"
"Natural Resources Institute Finland",2025,"10.1007/s11356-025-36336-0",TRUE,"FinELib Springer Compact agreement","sn2024finelib"
"Natural Resources Institute Finland",2025,"10.1007/s11367-024-02422-7",TRUE,"FinELib Springer Compact agreement","sn2024finelib"
"Natural Resources Institute Finland",2025,"10.1007/s11367-025-02451-w",TRUE,"FinELib Springer Compact agreement","sn2024finelib"
"Natural Resources Institute Finland",2025,"10.1007/s11367-025-02456-5",TRUE,"FinELib Springer Compact agreement","sn2024finelib"
"Natural Resources Institute Finland",2025,"10.1007/s11367-025-02475-2",TRUE,"FinELib Springer Compact agreement","sn2024finelib"
"Natural Resources Institute Finland",2025,"10.1007/s11367-025-02485-0",TRUE,"FinELib Springer Compact agreement","sn2024finelib"
"Natural Resources Institute Finland",2025,"10.1007/s11676-025-01914-y",TRUE,"FinELib Springer Compact agreement","sn2024finelib"
"Natural Resources Institute Finland",2025,"10.1007/s11842-025-09584-8",TRUE,"FinELib Springer Compact agreement","sn2024finelib"
"Natural Resources Institute Finland",2025,"10.1007/s12550-025-00595-0",TRUE,"FinELib Springer Compact agreement","sn2024finelib"
"Natural Resources Institute Finland",2025,"10.1007/s12649-025-03082-w",TRUE,"FinELib Springer Compact agreement","sn2024finelib"
"Natural Resources Institute Finland",2025,"10.1007/s13197-025-06239-6",TRUE,"FinELib Springer Compact agreement","sn2024finelib"
"Natural Resources Institute Finland",2025,"10.1007/s13280-025-02216-7",TRUE,"FinELib Springer Compact agreement","sn2024finelib"
"Natural Resources Institute Finland",2025,"10.1007/s13280-025-02218-5",TRUE,"FinELib Springer Compact agreement","sn2024finelib"
"Natural Resources Institute Finland",2025,"10.1007/s13280-025-02225-6",TRUE,"FinELib Springer Compact agreement","sn2024finelib"
"Natural Resources Institute Finland",2025,"10.1007/s13762-025-06827-1",TRUE,"FinELib Springer Compact agreement","sn2024finelib"
"Natural Resources Institute Finland",2025,"10.1007/s42729-025-02529-2",TRUE,"FinELib Springer Compact agreement","sn2024finelib"
"Natural Resources Institute Finland",2025,"10.1007/s44391-025-00028-6",TRUE,"FinELib Springer Compact agreement","sn2024finelib"
"Natural Resources Institute Finland",2025,"10.1016/j.agee.2025.109841",TRUE,"FinELib Elsevier agreement","els2024finelib"
"Natural Resources Institute Finland",2025,"10.1016/j.agee.2025.110155",TRUE,"FinELib Elsevier agreement","els2024finelib"
"Natural Resources Institute Finland",2025,"10.1016/j.agrformet.2025.110697",TRUE,"FinELib Elsevier agreement","els2024finelib"
"Natural Resources Institute Finland",2025,"10.1016/j.agsy.2025.104315",TRUE,"FinELib Elsevier agreement","els2024finelib"
"Natural Resources Institute Finland",2025,"10.1016/j.agwat.2025.109512",FALSE,"FinELib Elsevier agreement","els2024finelib"
"Natural Resources Institute Finland",2025,"10.1016/j.anifeedsci.2025.116595",TRUE,"FinELib Elsevier agreement","els2024finelib"
"Natural Resources Institute Finland",2025,"10.1016/j.applanim.2025.106890",TRUE,"FinELib Elsevier agreement","els2024finelib"
"Natural Resources Institute Finland",2025,"10.1016/j.aquaculture.2025.742573",TRUE,"FinELib Elsevier agreement","els2024finelib"
"Natural Resources Institute Finland",2025,"10.1016/j.aquaculture.2025.743171",TRUE,"FinELib Elsevier agreement","els2024finelib"
"Natural Resources Institute Finland",2025,"10.1016/j.aquaculture.2025.743175",TRUE,"FinELib Elsevier agreement","els2024finelib"
"Natural Resources Institute Finland",2025,"10.1016/j.biocon.2025.111126",TRUE,"FinELib Elsevier agreement","els2024finelib"
"Natural Resources Institute Finland",2025,"10.1016/j.biortech.2025.133401",TRUE,"FinELib Elsevier agreement","els2024finelib"
"Natural Resources Institute Finland",2025,"10.1016/j.cities.2025.106314",TRUE,"FinELib Elsevier agreement","els2024finelib"
"Natural Resources Institute Finland",2025,"10.1016/j.compag.2025.110134",TRUE,"FinELib Elsevier agreement","els2024finelib"
"Natural Resources Institute Finland",2025,"10.1016/j.compag.2025.110576",TRUE,"FinELib Elsevier agreement","els2024finelib"
"Natural Resources Institute Finland",2025,"10.1016/j.ecolind.2025.114033",FALSE,"FinELib Elsevier agreement","els2024finelib"
"Natural Resources Institute Finland",2025,"10.1016/j.ecolind.2025.114046",FALSE,"FinELib Elsevier agreement","els2024finelib"
"Natural Resources Institute Finland",2025,"10.1016/j.ecolmodel.2025.111349",TRUE,"FinELib Elsevier agreement","els2024finelib"
"Natural Resources Institute Finland",2025,"10.1016/j.eiar.2025.108035",TRUE,"FinELib Elsevier agreement","els2024finelib"
"Natural Resources Institute Finland",2025,"10.1016/j.envexpbot.2025.106290",FALSE,"FinELib Elsevier agreement","els2024finelib"
"Natural Resources Institute Finland",2025,"10.1016/j.envpol.2025.127212",TRUE,"FinELib Elsevier agreement","els2024finelib"
"Natural Resources Institute Finland",2025,"10.1016/j.envsci.2025.104251",TRUE,"FinELib Elsevier agreement","els2024finelib"
"Natural Resources Institute Finland",2025,"10.1016/j.envsoft.2025.106661",TRUE,"FinELib Elsevier agreement","els2024finelib"
"Natural Resources Institute Finland",2025,"10.1016/j.fishres.2025.107449",TRUE,"FinELib Elsevier agreement","els2024finelib"
"Natural Resources Institute Finland",2025,"10.1016/j.fishres.2025.107607",TRUE,"FinELib Elsevier agreement","els2024finelib"
"Natural Resources Institute Finland",2025,"10.1016/j.fishres.2026.107648",TRUE,"FinELib Elsevier agreement","els2024finelib"
"Natural Resources Institute Finland",2025,"10.1016/j.foreco.2025.122526",TRUE,"FinELib Elsevier agreement","els2024finelib"
"Natural Resources Institute Finland",2025,"10.1016/j.foreco.2025.122564",TRUE,"FinELib Elsevier agreement","els2024finelib"
"Natural Resources Institute Finland",2025,"10.1016/j.foreco.2025.122620",TRUE,"FinELib Elsevier agreement","els2024finelib"
"Natural Resources Institute Finland",2025,"10.1016/j.foreco.2025.122645",TRUE,"FinELib Elsevier agreement","els2024finelib"
"Natural Resources Institute Finland",2025,"10.1016/j.foreco.2025.122816",TRUE,"FinELib Elsevier agreement","els2024finelib"
"Natural Resources Institute Finland",2025,"10.1016/j.foreco.2025.122862",TRUE,"FinELib Elsevier agreement","els2024finelib"
"Natural Resources Institute Finland",2025,"10.1016/j.foreco.2025.122927",TRUE,"FinELib Elsevier agreement","els2024finelib"
"Natural Resources Institute Finland",2025,"10.1016/j.foreco.2025.123077",TRUE,"FinELib Elsevier agreement","els2024finelib"
"Natural Resources Institute Finland",2025,"10.1016/j.foreco.2025.123224",TRUE,"FinELib Elsevier agreement","els2024finelib"
"Natural Resources Institute Finland",2025,"10.1016/j.forpol.2025.103530",TRUE,"FinELib Elsevier agreement","els2024finelib"
"Natural Resources Institute Finland",2025,"10.1016/j.forpol.2025.103531",TRUE,"FinELib Elsevier agreement","els2024finelib"
"Natural Resources Institute Finland",2025,"10.1016/j.futures.2025.103561",TRUE,"FinELib Elsevier agreement","els2024finelib"
"Natural Resources Institute Finland",2025,"10.1016/j.geoderma.2025.117216",FALSE,"FinELib Elsevier agreement","els2024finelib"
"Natural Resources Institute Finland",2025,"10.1016/j.geoderma.2025.117648",FALSE,"FinELib Elsevier agreement","els2024finelib"
"Natural Resources Institute Finland",2025,"10.1016/j.geodrs.2025.e01005",TRUE,"FinELib Elsevier agreement","els2024finelib"
"Natural Resources Institute Finland",2025,"10.1016/j.indcrop.2025.122145",FALSE,"FinELib Elsevier agreement","els2024finelib"
"Natural Resources Institute Finland",2025,"10.1016/j.indcrop.2025.122226",FALSE,"FinELib Elsevier agreement","els2024finelib"
"Natural Resources Institute Finland",2025,"10.1016/j.jclepro.2025.144999",TRUE,"FinELib Elsevier agreement","els2024finelib"
"Natural Resources Institute Finland",2025,"10.1016/j.jclepro.2025.145889",TRUE,"FinELib Elsevier agreement","els2024finelib"
"Natural Resources Institute Finland",2025,"10.1016/j.jclepro.2025.146247",TRUE,"FinELib Elsevier agreement","els2024finelib"
"Natural Resources Institute Finland",2025,"10.1016/j.jenvman.2025.125443",TRUE,"FinELib Elsevier agreement","els2024finelib"
"Natural Resources Institute Finland",2025,"10.1016/j.jenvman.2025.126344",TRUE,"FinELib Elsevier agreement","els2024finelib"
"Natural Resources Institute Finland",2025,"10.1016/j.jenvman.2025.126409",TRUE,"FinELib Elsevier agreement","els2024finelib"
"Natural Resources Institute Finland",2025,"10.1016/j.jenvman.2025.126482",TRUE,"FinELib Elsevier agreement","els2024finelib"
"Natural Resources Institute Finland",2025,"10.1016/j.jort.2025.100899",TRUE,"FinELib Elsevier agreement","els2024finelib"
"Natural Resources Institute Finland",2025,"10.1016/j.jrurstud.2025.103685",TRUE,"FinELib Elsevier agreement","els2024finelib"
"Natural Resources Institute Finland",2025,"10.1016/j.landurbplan.2025.105485",TRUE,"FinELib Elsevier agreement","els2024finelib"
"Natural Resources Institute Finland",2025,"10.1016/j.livsci.2025.105755",TRUE,"FinELib Elsevier agreement","els2024finelib"
"Natural Resources Institute Finland",2025,"10.1016/j.lwt.2025.118760",FALSE,"FinELib Elsevier agreement","els2024finelib"
"Natural Resources Institute Finland",2025,"10.1016/j.polymertesting.2025.109061",FALSE,"FinELib Elsevier agreement","els2024finelib"
"Natural Resources Institute Finland",2025,"10.1016/j.rsase.2025.101836",TRUE,"FinELib Elsevier agreement","els2024finelib"
"Natural Resources Institute Finland",2025,"10.1016/j.rse.2025.114758",TRUE,"FinELib Elsevier agreement","els2024finelib"
"Natural Resources Institute Finland",2025,"10.1016/j.rse.2025.115223",TRUE,"FinELib Elsevier agreement","els2024finelib"
"Natural Resources Institute Finland",2025,"10.1016/j.rtbm.2025.101389",TRUE,"FinELib Elsevier agreement","els2024finelib"
"Natural Resources Institute Finland",2025,"10.1016/j.rvsc.2025.105938",TRUE,"FinELib Elsevier agreement","els2024finelib"
"Natural Resources Institute Finland",2025,"10.1016/j.scitotenv.2025.179288",TRUE,"FinELib Elsevier agreement","els2024finelib"
"Natural Resources Institute Finland",2025,"10.1016/j.scitotenv.2025.180197",TRUE,"FinELib Elsevier agreement","els2024finelib"
"Natural Resources Institute Finland",2025,"10.1016/j.soilbio.2025.109747",TRUE,"FinELib Elsevier agreement","els2024finelib"
"Natural Resources Institute Finland",2025,"10.1016/j.soilbio.2025.109917",TRUE,"FinELib Elsevier agreement","els2024finelib"
"Natural Resources Institute Finland",2025,"10.1016/j.spc.2025.03.018",TRUE,"FinELib Elsevier agreement","els2024finelib"
"Natural Resources Institute Finland",2025,"10.1016/j.spc.2025.10.010",TRUE,"FinELib Elsevier agreement","els2024finelib"
"Natural Resources Institute Finland",2025,"10.1016/j.ufug.2025.128870",TRUE,"FinELib Elsevier agreement","els2024finelib"
"Natural Resources Institute Finland",2025,"10.1016/j.ufug.2025.129060",TRUE,"FinELib Elsevier agreement","els2024finelib"
"Natural Resources Institute Finland",2025,"10.1016/j.ufug.2025.129219",TRUE,"FinELib Elsevier agreement","els2024finelib"
"Natural Resources Institute Finland",2025,"10.1016/j.wasman.2025.114844",TRUE,"FinELib Elsevier agreement","els2024finelib"
"Natural Resources Institute Finland",2025,"10.1016/j.ygeno.2025.111102",FALSE,"FinELib Elsevier agreement","els2024finelib"
"Natural Resources Institute Finland",2025,"10.1016/j.ygeno.2025.111108",FALSE,"FinELib Elsevier agreement","els2024finelib"
"Natural Resources Institute Finland",2025,"10.1017/S0022029925101039",TRUE,"FinELib CUP agreement","cam2024finelib"
"Natural Resources Institute Finland",2025,"10.1017/S1355770X25000233",TRUE,"FinELib CUP agreement","cam2024finelib"
"Natural Resources Institute Finland",2025,"10.1080/00343404.2025.2559711",TRUE,"FinELib Taylor & Francis agreement","tf2025finelib"
"Natural Resources Institute Finland",2025,"10.1080/01488376.2025.2472257",TRUE,"FinELib Taylor & Francis agreement","tf2025finelib"
"Natural Resources Institute Finland",2025,"10.1080/01904167.2025.2546053",TRUE,"FinELib Taylor & Francis agreement","tf2025finelib"
"Natural Resources Institute Finland",2025,"10.1080/02827581.2025.2462038",TRUE,"FinELib Taylor & Francis agreement","tf2025finelib"
"Natural Resources Institute Finland",2025,"10.1080/02827581.2025.2481831",TRUE,"FinELib Taylor & Francis agreement","tf2025finelib"
"Natural Resources Institute Finland",2025,"10.1080/02827581.2025.2481834",TRUE,"FinELib Taylor & Francis agreement","tf2025finelib"
"Natural Resources Institute Finland",2025,"10.1080/02827581.2025.2491450",TRUE,"FinELib Taylor & Francis agreement","tf2025finelib"
"Natural Resources Institute Finland",2025,"10.1080/02827581.2025.2492319",TRUE,"FinELib Taylor & Francis agreement","tf2025finelib"
"Natural Resources Institute Finland",2025,"10.1080/02827581.2025.2531999",TRUE,"FinELib Taylor & Francis agreement","tf2025finelib"
"Natural Resources Institute Finland",2025,"10.1080/02827581.2025.2563600",TRUE,"FinELib Taylor & Francis agreement","tf2025finelib"
"Natural Resources Institute Finland",2025,"10.1080/02827581.2025.2578181",TRUE,"FinELib Taylor & Francis agreement","tf2025finelib"
"Natural Resources Institute Finland",2025,"10.1080/11956860.2025.2494407",TRUE,"FinELib Taylor & Francis agreement","tf2025finelib"
"Natural Resources Institute Finland",2025,"10.1080/14693062.2025.2460665",TRUE,"FinELib Taylor & Francis agreement","tf2025finelib"
"Natural Resources Institute Finland",2025,"10.1080/14942119.2025.2533086",TRUE,"FinELib Taylor & Francis agreement","tf2025finelib"
"Natural Resources Institute Finland",2025,"10.1080/14942119.2025.2548155",TRUE,"FinELib Taylor & Francis agreement","tf2025finelib"
"Natural Resources Institute Finland",2025,"10.1093/forestry/cpaf061",TRUE,"FinELib OUP agreement","oxf2024finelib"
"Natural Resources Institute Finland",2025,"10.1093/forestry/cpaf068",TRUE,"FinELib OUP agreement","oxf2024finelib"
"Natural Resources Institute Finland",2025,"10.1093/forestry/cpaf076",TRUE,"FinELib OUP agreement","oxf2024finelib"
"Natural Resources Institute Finland",2025,"10.1093/forestry/cpaf082",TRUE,"FinELib OUP agreement","oxf2024finelib"
"Natural Resources Institute Finland",2025,"10.1093/forestry/cpaf083",TRUE,"FinELib OUP agreement","oxf2024finelib"
"Natural Resources Institute Finland",2025,"10.1093/treephys/tpaf053",TRUE,"FinELib OUP agreement","oxf2024finelib"
"Natural Resources Institute Finland",2025,"10.1111/1746-692X.12472",TRUE,"FinELib Wiley agreement","wiley2025finelib"
"Natural Resources Institute Finland",2025,"10.1111/age.70050",TRUE,"FinELib Wiley agreement","wiley2025finelib"
"Natural Resources Institute Finland",2025,"10.1111/eff.70009",TRUE,"FinELib Wiley agreement","wiley2025finelib"
"Natural Resources Institute Finland",2025,"10.1111/efp.70044",TRUE,"FinELib Wiley agreement","wiley2025finelib"
"Natural Resources Institute Finland",2025,"10.1111/ejss.70143",TRUE,"FinELib Wiley agreement","wiley2025finelib"
"Natural Resources Institute Finland",2025,"10.1111/ejss.70154",TRUE,"FinELib Wiley agreement","wiley2025finelib"
"Natural Resources Institute Finland",2025,"10.1111/ejss.70193",TRUE,"FinELib Wiley agreement","wiley2025finelib"
"Natural Resources Institute Finland",2025,"10.1111/geb.70106",TRUE,"FinELib Wiley agreement","wiley2025finelib"
"Natural Resources Institute Finland",2025,"10.1111/gfs.12722",TRUE,"FinELib Wiley agreement","wiley2025finelib"
"Natural Resources Institute Finland",2025,"10.1111/nph.70223",TRUE,"FinELib Wiley agreement","wiley2025finelib"
"Natural Resources Institute Finland",2025,"10.1111/sum.70100",TRUE,"FinELib Wiley agreement","wiley2025finelib"
"Natural Resources Institute Finland",2025,"10.3168/jds.2024-26108",FALSE,"FinELib Elsevier agreement","els2024finelib"
"Natural Resources Institute Finland",2025,"10.3168/jds.2025-26682",FALSE,"FinELib Elsevier agreement","els2024finelib"
"Natural Resources Institute Finland",2025,"10.3168/jds.2025-26683",FALSE,"FinELib Elsevier agreement","els2024finelib"
"Natural Resources Institute Finland",2025,"10.3168/jds.2025-27123",FALSE,"FinELib Elsevier agreement","els2024finelib"
"Oulu University of Applied Sciences",2025,"10.1016/j.jad.2025.02.002",TRUE,"FinELib Elsevier agreement","els2024finelib"
"Oulu University of Applied Sciences",2025,"10.1108/WWOP-07-2025-0035",TRUE,"FinELib Emerald agreement","eme2025finelib"
"SAMK Satakunta University of Applied Sciences",2025,"10.1177/02601060251332358",TRUE,"FinELib SAGE agreement","sage2025finelib"
"SAMK Satakunta University of Applied Sciences",2025,"10.1177/18761364251372070",TRUE,"FinELib SAGE agreement","sage2025finelib"
"Seinäjoki University of Applied Sciences",2025,"10.1177/20552076251357375",FALSE,"FinELib SAGE agreement","sage2025finelib"
"South-Eastern Finland University of Applied Sciences (Xamk)",2025,"10.1016/j.ienj.2025.101610",TRUE,"FinELib Elsevier agreement","els2024finelib"
"Tampere University",2025,"10.1002/adem.202500285",TRUE,"FinELib Wiley agreement","wiley2025finelib"
"Tampere University",2025,"10.1002/adfm.202528531",TRUE,"FinELib Wiley agreement","wiley2025finelib"
"Tampere University",2025,"10.1002/adhm.202502163",TRUE,"FinELib Wiley agreement","wiley2025finelib"
"Tampere University",2025,"10.1002/adma.202502386",TRUE,"FinELib Wiley agreement","wiley2025finelib"
"Tampere University",2025,"10.1002/adma.202503519",TRUE,"FinELib Wiley agreement","wiley2025finelib"
"Tampere University",2025,"10.1002/adma.202504551",TRUE,"FinELib Wiley agreement","wiley2025finelib"
"Tampere University",2025,"10.1002/adom.202502249",TRUE,"FinELib Wiley agreement","wiley2025finelib"
"Tampere University",2025,"10.1002/adom.202502557",TRUE,"FinELib Wiley agreement","wiley2025finelib"
"Tampere University",2025,"10.1002/adpr.202500114",FALSE,"FinELib Wiley agreement","wiley2025finelib"
"Tampere University",2025,"10.1002/aelm.202400840",FALSE,"FinELib Wiley agreement","wiley2025finelib"
"Tampere University",2025,"10.1002/aenm.202404547",TRUE,"FinELib Wiley agreement","wiley2025finelib"
"Tampere University",2025,"10.1002/aesr.202500330",FALSE,"FinELib Wiley agreement","wiley2025finelib"
"Tampere University",2025,"10.1002/aisy.202500215",FALSE,"FinELib Wiley agreement","wiley2025finelib"
"Tampere University",2025,"10.1002/anie.202424979",TRUE,"FinELib Wiley agreement","wiley2025finelib"
"Tampere University",2025,"10.1002/anie.202508101",TRUE,"FinELib Wiley agreement","wiley2025finelib"
"Tampere University",2025,"10.1002/anie.202523447",TRUE,"FinELib Wiley agreement","wiley2025finelib"
"Tampere University",2025,"10.1002/apxr.202500191",FALSE,"FinELib Wiley agreement","wiley2025finelib"
"Tampere University",2025,"10.1002/bcp.70121",TRUE,"FinELib Wiley agreement","wiley2025finelib"
"Tampere University",2025,"10.1002/bse.70192",TRUE,"FinELib Wiley agreement","wiley2025finelib"
"Tampere University",2025,"10.1002/bse.70203",TRUE,"FinELib Wiley agreement","wiley2025finelib"
"Tampere University",2025,"10.1002/cae.70082",TRUE,"FinELib Wiley agreement","wiley2025finelib"
"Tampere University",2025,"10.1002/cam4.71250",FALSE,"FinELib Wiley agreement","wiley2025finelib"
"Tampere University",2025,"10.1002/car.70065",TRUE,"FinELib Wiley agreement","wiley2025finelib"
"Tampere University",2025,"10.1002/ccr3.70205",FALSE,"FinELib Wiley agreement","wiley2025finelib"
"Tampere University",2025,"10.1002/cnr2.70271",FALSE,"FinELib Wiley agreement","wiley2025finelib"
"Tampere University",2025,"10.1002/dc.25482",TRUE,"FinELib Wiley agreement","wiley2025finelib"
"Tampere University",2025,"10.1002/dc.70036",TRUE,"FinELib Wiley agreement","wiley2025finelib"
"Tampere University",2025,"10.1002/dmrr.70085",TRUE,"FinELib Wiley agreement","wiley2025finelib"
"Tampere University",2025,"10.1002/ese3.70207",FALSE,"FinELib Wiley agreement","wiley2025finelib"
"Tampere University",2025,"10.1002/hsr2.70698",FALSE,"FinELib Wiley agreement","wiley2025finelib"
"Tampere University",2025,"10.1002/hsr2.71414",FALSE,"FinELib Wiley agreement","wiley2025finelib"
"Tampere University",2025,"10.1002/ijc.35499",TRUE,"FinELib Wiley agreement","wiley2025finelib"
"Tampere University",2025,"10.1002/ijc.70026",TRUE,"FinELib Wiley agreement","wiley2025finelib"
"Tampere University",2025,"10.1002/ijc.70122",TRUE,"FinELib Wiley agreement","wiley2025finelib"
"Tampere University",2025,"10.1002/imhj.70036",TRUE,"FinELib Wiley agreement","wiley2025finelib"
"Tampere University",2025,"10.1002/imhj.70073",TRUE,"FinELib Wiley agreement","wiley2025finelib"
"Tampere University",2025,"10.1002/jpn3.70091",TRUE,"FinELib Wiley agreement","wiley2025finelib"
"Tampere University",2025,"10.1002/jpn3.70255",TRUE,"FinELib Wiley agreement","wiley2025finelib"
"Tampere University",2025,"10.1002/ksa.12752",TRUE,"FinELib Wiley agreement","wiley2025finelib"
"Tampere University",2025,"10.1002/ksa.12762",TRUE,"FinELib Wiley agreement","wiley2025finelib"
"Tampere University",2025,"10.1002/nag.4005",TRUE,"FinELib Wiley agreement","wiley2025finelib"
"Tampere University",2025,"10.1002/pat.70458",TRUE,"FinELib Wiley agreement","wiley2025finelib"
"Tampere University",2025,"10.1002/pip.70025",TRUE,"FinELib Wiley agreement","wiley2025finelib"
"Tampere University",2025,"10.1002/prp2.70053",FALSE,"FinELib Wiley agreement","wiley2025finelib"
"Tampere University",2025,"10.1002/rnc.7872",TRUE,"FinELib Wiley agreement","wiley2025finelib"
"Tampere University",2025,"10.1002/smr.70080",TRUE,"FinELib Wiley agreement","wiley2025finelib"
"Tampere University",2025,"10.1002/smtd.202501728",TRUE,"FinELib Wiley agreement","wiley2025finelib"
"Tampere University",2025,"10.1002/solr.202500195",TRUE,"FinELib Wiley agreement","wiley2025finelib"
"Tampere University",2025,"10.1002/suco.70036",TRUE,"FinELib Wiley agreement","wiley2025finelib"
"Tampere University",2025,"10.1002/suco.70139",TRUE,"FinELib Wiley agreement","wiley2025finelib"
"Tampere University",2025,"10.1002/symb.70034",TRUE,"FinELib Wiley agreement","wiley2025finelib"
"Tampere University",2025,"10.1002/tal.70083",TRUE,"FinELib Wiley agreement","wiley2025finelib"
"Tampere University",2025,"10.1002/wene.70010",TRUE,"FinELib Wiley agreement","wiley2025finelib"
"Tampere University",2025,"10.1007/s00006-025-01404-8",TRUE,"FinELib Springer Compact agreement","sn2024finelib"
"Tampere University",2025,"10.1007/s00011-025-02121-5",TRUE,"FinELib Springer Compact agreement","sn2024finelib"
"Tampere University",2025,"10.1007/s00125-025-06359-w",TRUE,"FinELib Springer Compact agreement","sn2024finelib"
"Tampere University",2025,"10.1007/s00125-025-06635-9",TRUE,"FinELib Springer Compact agreement","sn2024finelib"
"Tampere University",2025,"10.1007/s00146-025-02410-x",TRUE,"FinELib Springer Compact agreement","sn2024finelib"
"Tampere University",2025,"10.1007/s00170-025-15132-7",TRUE,"FinELib Springer Compact agreement","sn2024finelib"
"Tampere University",2025,"10.1007/s00170-025-15830-2",TRUE,"FinELib Springer Compact agreement","sn2024finelib"
"Tampere University",2025,"10.1007/s00170-025-15832-0",TRUE,"FinELib Springer Compact agreement","sn2024finelib"
"Tampere University",2025,"10.1007/s00213-025-06771-5",TRUE,"FinELib Springer Compact agreement","sn2024finelib"
"Tampere University",2025,"10.1007/s00405-025-09480-z",TRUE,"FinELib Springer Compact agreement","sn2024finelib"
"Tampere University",2025,"10.1007/s00431-025-06224-3",TRUE,"FinELib Springer Compact agreement","sn2024finelib"
"Tampere University",2025,"10.1007/s00431-025-06306-2",TRUE,"FinELib Springer Compact agreement","sn2024finelib"
"Tampere University",2025,"10.1007/s00431-025-06447-4",TRUE,"FinELib Springer Compact agreement","sn2024finelib"
"Tampere University",2025,"10.1007/s00438-025-02303-0",TRUE,"FinELib Springer Compact agreement","sn2024finelib"
"Tampere University",2025,"10.1007/s00500-025-10473-7",TRUE,"FinELib Springer Compact agreement","sn2024finelib"
"Tampere University",2025,"10.1007/s00586-025-09678-z",TRUE,"FinELib Springer Compact agreement","sn2024finelib"
"Tampere University",2025,"10.1007/s00787-025-02891-7",TRUE,"FinELib Springer Compact agreement","sn2024finelib"
"Tampere University",2025,"10.1007/s10055-025-01129-w",TRUE,"FinELib Springer Compact agreement","sn2024finelib"
"Tampere University",2025,"10.1007/s10055-025-01138-9",TRUE,"FinELib Springer Compact agreement","sn2024finelib"
"Tampere University",2025,"10.1007/s10143-025-03991-3",TRUE,"FinELib Springer Compact agreement","sn2024finelib"
"Tampere University",2025,"10.1007/s10389-025-02414-3",TRUE,"FinELib Springer Compact agreement","sn2024finelib"
"Tampere University",2025,"10.1007/s10502-025-09515-8",TRUE,"FinELib Springer Compact agreement","sn2024finelib"
"Tampere University",2025,"10.1007/s10548-025-01154-7",TRUE,"FinELib Springer Compact agreement","sn2024finelib"
"Tampere University",2025,"10.1007/s10552-025-01998-1",TRUE,"FinELib Springer Compact agreement","sn2024finelib"
"Tampere University",2025,"10.1007/s10552-025-02001-7",TRUE,"FinELib Springer Compact agreement","sn2024finelib"
"Tampere University",2025,"10.1007/s10620-025-09625-4",FALSE,"FinELib Springer Compact agreement","sn2024finelib"
"Tampere University",2025,"10.1007/s10643-025-02080-w",TRUE,"FinELib Springer Compact agreement","sn2024finelib"
"Tampere University",2025,"10.1007/s10648-025-09986-2",TRUE,"FinELib Springer Compact agreement","sn2024finelib"
"Tampere University",2025,"10.1007/s10654-025-01218-9",TRUE,"FinELib Springer Compact agreement","sn2024finelib"
"Tampere University",2025,"10.1007/s10664-025-10695-1",TRUE,"FinELib Springer Compact agreement","sn2024finelib"
"Tampere University",2025,"10.1007/s10711-025-01018-1",TRUE,"FinELib Springer Compact agreement","sn2024finelib"
"Tampere University",2025,"10.1007/s10734-025-01420-4",TRUE,"FinELib Springer Compact agreement","sn2024finelib"
"Tampere University",2025,"10.1007/s10734-025-01557-2",TRUE,"FinELib Springer Compact agreement","sn2024finelib"
"Tampere University",2025,"10.1007/s10734-025-01599-6",TRUE,"FinELib Springer Compact agreement","sn2024finelib"
"Tampere University",2025,"10.1007/s10758-025-09866-2",TRUE,"FinELib Springer Compact agreement","sn2024finelib"
"Tampere University",2025,"10.1007/s10758-025-09931-w",TRUE,"FinELib Springer Compact agreement","sn2024finelib"
"Tampere University",2025,"10.1007/s10845-025-02714-1",TRUE,"FinELib Springer Compact agreement","sn2024finelib"
"Tampere University",2025,"10.1007/s10877-025-01262-6",TRUE,"FinELib Springer Compact agreement","sn2024finelib"
"Tampere University",2025,"10.1007/s10899-025-10453-4",TRUE,"FinELib Springer Compact agreement","sn2024finelib"
"Tampere University",2025,"10.1007/s10899-025-10465-0",TRUE,"FinELib Springer Compact agreement","sn2024finelib"
"Tampere University",2025,"10.1007/s10916-024-02137-0",TRUE,"FinELib Springer Compact agreement","sn2024finelib"
"Tampere University",2025,"10.1007/s10926-025-10312-4",TRUE,"FinELib Springer Compact agreement","sn2024finelib"
"Tampere University",2025,"10.1007/s10926-025-10319-x",FALSE,"FinELib Springer Compact agreement","sn2024finelib"
"Tampere University",2025,"10.1007/s10926-025-10336-w",TRUE,"FinELib Springer Compact agreement","sn2024finelib"
"Tampere University",2025,"10.1007/s11019-025-10316-0",TRUE,"FinELib Springer Compact agreement","sn2024finelib"
"Tampere University",2025,"10.1007/s11024-025-09571-5",TRUE,"FinELib Springer Compact agreement","sn2024finelib"
"Tampere University",2025,"10.1007/s11024-025-09597-9",TRUE,"FinELib Springer Compact agreement","sn2024finelib"
"Tampere University",2025,"10.1007/s11089-025-01237-z",TRUE,"FinELib Springer Compact agreement","sn2024finelib"
"Tampere University",2025,"10.1007/s11128-025-05017-9",TRUE,"FinELib Springer Compact agreement","sn2024finelib"
"Tampere University",2025,"10.1007/s11136-025-03907-0",TRUE,"FinELib Springer Compact agreement","sn2024finelib"
"Tampere University",2025,"10.1007/s11159-024-10114-5",TRUE,"FinELib Springer Compact agreement","sn2024finelib"
"Tampere University",2025,"10.1007/s11192-025-05376-1",TRUE,"FinELib Springer Compact agreement","sn2024finelib"
"Tampere University",2025,"10.1007/s11218-025-10154-1",TRUE,"FinELib Springer Compact agreement","sn2024finelib"
"Tampere University",2025,"10.1007/s11229-025-05035-1",TRUE,"FinELib Springer Compact agreement","sn2024finelib"
"Tampere University",2025,"10.1007/s11265-025-01975-6",TRUE,"FinELib Springer Compact agreement","sn2024finelib"
"Tampere University",2025,"10.1007/s11273-025-10061-4",TRUE,"FinELib Springer Compact agreement","sn2024finelib"
"Tampere University",2025,"10.1007/s11276-025-04067-2",TRUE,"FinELib Springer Compact agreement","sn2024finelib"
"Tampere University",2025,"10.1007/s11306-025-02224-4",TRUE,"FinELib Springer Compact agreement","sn2024finelib"
"Tampere University",2025,"10.1007/s11548-025-03497-9",TRUE,"FinELib Springer Compact agreement","sn2024finelib"
"Tampere University",2025,"10.1007/s11665-025-11707-3",TRUE,"FinELib Springer Compact agreement","sn2024finelib"
"Tampere University",2025,"10.1007/s11666-025-01989-3",TRUE,"FinELib Springer Compact agreement","sn2024finelib"
"Tampere University",2025,"10.1007/s11666-025-02137-7",TRUE,"FinELib Springer Compact agreement","sn2024finelib"
"Tampere University",2025,"10.1007/s11748-025-02199-y",TRUE,"FinELib Springer Compact agreement","sn2024finelib"
"Tampere University",2025,"10.1007/s11841-025-01094-6",TRUE,"FinELib Springer Compact agreement","sn2024finelib"
"Tampere University",2025,"10.1007/s12105-025-01784-0",TRUE,"FinELib Springer Compact agreement","sn2024finelib"
"Tampere University",2025,"10.1007/s12186-025-09362-9",TRUE,"FinELib Springer Compact agreement","sn2024finelib"
"Tampere University",2025,"10.1007/s12186-025-09377-2",TRUE,"FinELib Springer Compact agreement","sn2024finelib"
"Tampere University",2025,"10.1007/s12369-025-01230-9",TRUE,"FinELib Springer Compact agreement","sn2024finelib"
"Tampere University",2025,"10.1007/s12369-025-01277-8",TRUE,"FinELib Springer Compact agreement","sn2024finelib"
"Tampere University",2025,"10.1007/s13171-025-00409-6",TRUE,"FinELib Springer Compact agreement","sn2024finelib"
"Tampere University",2025,"10.1007/s13194-025-00704-x",TRUE,"FinELib Springer Compact agreement","sn2024finelib"
"Tampere University",2025,"10.1007/s13384-025-00860-2",TRUE,"FinELib Springer Compact agreement","sn2024finelib"
"Tampere University",2025,"10.1007/s15010-025-02677-8",TRUE,"FinELib Springer Compact agreement","sn2024finelib"
"Tampere University",2025,"10.1007/s40194-025-02123-1",TRUE,"FinELib Springer Compact agreement","sn2024finelib"
"Tampere University",2025,"10.1007/s40520-024-02918-0",TRUE,"FinELib Springer Compact agreement","sn2024finelib"
"Tampere University",2025,"10.1007/s40846-025-00932-9",TRUE,"FinELib Springer Compact agreement","sn2024finelib"
"Tampere University",2025,"10.1007/s41133-025-00089-9",TRUE,"FinELib Springer Compact agreement","sn2024finelib"
"Tampere University",2025,"10.1007/s41666-025-00200-0",TRUE,"FinELib Springer Compact agreement","sn2024finelib"
"Tampere University",2025,"10.1007/s42438-025-00551-2",TRUE,"FinELib Springer Compact agreement","sn2024finelib"
"Tampere University",2025,"10.1007/s42454-025-00085-9",TRUE,"FinELib Springer Compact agreement","sn2024finelib"
"Tampere University",2025,"10.1007/s43615-025-00675-4",TRUE,"FinELib Springer Compact agreement","sn2024finelib"
"Tampere University",2025,"10.1007/s43681-025-00870-x",TRUE,"FinELib Springer Compact agreement","sn2024finelib"
"Tampere University",2025,"10.1016/j.actbio.2025.05.068",TRUE,"FinELib Elsevier agreement","els2024finelib"
"Tampere University",2025,"10.1016/j.actbio.2025.09.002",TRUE,"FinELib Elsevier agreement","els2024finelib"
"Tampere University",2025,"10.1016/j.addbeh.2025.108416",TRUE,"FinELib Elsevier agreement","els2024finelib"
"Tampere University",2025,"10.1016/j.addma.2025.104727",TRUE,"FinELib Elsevier agreement","els2024finelib"
"Tampere University",2025,"10.1016/j.adhoc.2025.103862",TRUE,"FinELib Elsevier agreement","els2024finelib"
"Tampere University",2025,"10.1016/j.aei.2025.103791",TRUE,"FinELib Elsevier agreement","els2024finelib"
"Tampere University",2025,"10.1016/j.amj.2025.06.018",TRUE,"FinELib Elsevier agreement","els2024finelib"
"Tampere University",2025,"10.1016/j.apr.2025.102854",TRUE,"FinELib Elsevier agreement","els2024finelib"
"Tampere University",2025,"10.1016/j.atmosenv.2025.121181",TRUE,"FinELib Elsevier agreement","els2024finelib"
"Tampere University",2025,"10.1016/j.bbadis.2025.167790",TRUE,"FinELib Elsevier agreement","els2024finelib"
"Tampere University",2025,"10.1016/j.bioelechem.2025.109000",TRUE,"FinELib Elsevier agreement","els2024finelib"
"Tampere University",2025,"10.1016/j.biombioe.2025.108857",TRUE,"FinELib Elsevier agreement","els2024finelib"
"Tampere University",2025,"10.1016/j.biortech.2025.132447",TRUE,"FinELib Elsevier agreement","els2024finelib"
"Tampere University",2025,"10.1016/j.biortech.2025.132787",TRUE,"FinELib Elsevier agreement","els2024finelib"
"Tampere University",2025,"10.1016/j.biortech.2025.133150",TRUE,"FinELib Elsevier agreement","els2024finelib"
"Tampere University",2025,"10.1016/j.biteb.2025.102097",TRUE,"FinELib Elsevier agreement","els2024finelib"
"Tampere University",2025,"10.1016/j.bprint.2025.e00391",TRUE,"FinELib Elsevier agreement","els2024finelib"
"Tampere University",2025,"10.1016/j.bprint.2025.e00432",TRUE,"FinELib Elsevier agreement","els2024finelib"
"Tampere University",2025,"10.1016/j.bspc.2025.107875",TRUE,"FinELib Elsevier agreement","els2024finelib"
"Tampere University",2025,"10.1016/j.buildenv.2025.112865",TRUE,"FinELib Elsevier agreement","els2024finelib"
"Tampere University",2025,"10.1016/j.carpath.2025.107744",TRUE,"FinELib Elsevier agreement","els2024finelib"
"Tampere University",2025,"10.1016/j.ceramint.2025.01.358",TRUE,"FinELib Elsevier agreement","els2024finelib"
"Tampere University",2025,"10.1016/j.ceramint.2025.04.084",TRUE,"FinELib Elsevier agreement","els2024finelib"
"Tampere University",2025,"10.1016/j.ceramint.2025.06.406",TRUE,"FinELib Elsevier agreement","els2024finelib"
"Tampere University",2025,"10.1016/j.ceramint.2025.10.294",TRUE,"FinELib Elsevier agreement","els2024finelib"
"Tampere University",2025,"10.1016/j.ceramint.2025.11.114",TRUE,"FinELib Elsevier agreement","els2024finelib"
"Tampere University",2025,"10.1016/j.cgh.2025.11.030",TRUE,"FinELib Elsevier agreement","els2024finelib"
"Tampere University",2025,"10.1016/j.chb.2025.108555",TRUE,"FinELib Elsevier agreement","els2024finelib"
"Tampere University",2025,"10.1016/j.cherd.2025.08.027",TRUE,"FinELib Elsevier agreement","els2024finelib"
"Tampere University",2025,"10.1016/j.cirp.2025.03.019",TRUE,"FinELib Elsevier agreement","els2024finelib"
"Tampere University",2025,"10.1016/j.cities.2025.106059",TRUE,"FinELib Elsevier agreement","els2024finelib"
"Tampere University",2025,"10.1016/j.cjca.2025.07.022",TRUE,"FinELib Elsevier agreement","els2024finelib"
"Tampere University",2025,"10.1016/j.clgc.2025.102311",TRUE,"FinELib Elsevier agreement","els2024finelib"
"Tampere University",2025,"10.1016/j.clineuro.2025.109164",TRUE,"FinELib Elsevier agreement","els2024finelib"
"Tampere University",2025,"10.1016/j.cogsys.2025.101339",TRUE,"FinELib Elsevier agreement","els2024finelib"
"Tampere University",2025,"10.1016/j.coldregions.2025.104791",TRUE,"FinELib Elsevier agreement","els2024finelib"
"Tampere University",2025,"10.1016/j.comnet.2025.111093",TRUE,"FinELib Elsevier agreement","els2024finelib"
"Tampere University",2025,"10.1016/j.compedu.2025.105252",TRUE,"FinELib Elsevier agreement","els2024finelib"
"Tampere University",2025,"10.1016/j.compscitech.2025.111353",TRUE,"FinELib Elsevier agreement","els2024finelib"
"Tampere University",2025,"10.1016/j.conengprac.2025.106459",TRUE,"FinELib Elsevier agreement","els2024finelib"
"Tampere University",2025,"10.1016/j.conengprac.2025.106516",TRUE,"FinELib Elsevier agreement","els2024finelib"
"Tampere University",2025,"10.1016/j.cpa.2025.102840",TRUE,"FinELib Elsevier agreement","els2024finelib"
"Tampere University",2025,"10.1016/j.dld.2025.04.004",FALSE,"FinELib Elsevier agreement","els2024finelib"
"Tampere University",2025,"10.1016/j.ecns.2025.101875",TRUE,"FinELib Elsevier agreement","els2024finelib"
"Tampere University",2025,"10.1016/j.eist.2025.101025",TRUE,"FinELib Elsevier agreement","els2024finelib"
"Tampere University",2025,"10.1016/j.ejmp.2025.105097",TRUE,"FinELib Elsevier agreement","els2024finelib"
"Tampere University",2025,"10.1016/j.ejogrb.2025.03.004",TRUE,"FinELib Elsevier agreement","els2024finelib"
"Tampere University",2025,"10.1016/j.ejon.2025.102876",TRUE,"FinELib Elsevier agreement","els2024finelib"
"Tampere University",2025,"10.1016/j.ejphar.2025.177864",TRUE,"FinELib Elsevier agreement","els2024finelib"
"Tampere University",2025,"10.1016/j.ejphar.2025.177999",TRUE,"FinELib Elsevier agreement","els2024finelib"
"Tampere University",2025,"10.1016/j.ejpn.2025.03.012",TRUE,"FinELib Elsevier agreement","els2024finelib"
"Tampere University",2025,"10.1016/j.ejps.2025.107039",FALSE,"FinELib Elsevier agreement","els2024finelib"
"Tampere University",2025,"10.1016/j.eml.2025.102336",TRUE,"FinELib Elsevier agreement","els2024finelib"
"Tampere University",2025,"10.1016/j.emospa.2025.101093",TRUE,"FinELib Elsevier agreement","els2024finelib"
"Tampere University",2025,"10.1016/j.enbuild.2025.116689",TRUE,"FinELib Elsevier agreement","els2024finelib"
"Tampere University",2025,"10.1016/j.enconman.2025.119710",TRUE,"FinELib Elsevier agreement","els2024finelib"
"Tampere University",2025,"10.1016/j.enconman.2025.120075",TRUE,"FinELib Elsevier agreement","els2024finelib"
"Tampere University",2025,"10.1016/j.energy.2025.136781",TRUE,"FinELib Elsevier agreement","els2024finelib"
"Tampere University",2025,"10.1016/j.energy.2025.137792",TRUE,"FinELib Elsevier agreement","els2024finelib"
"Tampere University",2025,"10.1016/j.engappai.2025.110997",TRUE,"FinELib Elsevier agreement","els2024finelib"
"Tampere University",2025,"10.1016/j.enpol.2025.114815",TRUE,"FinELib Elsevier agreement","els2024finelib"
"Tampere University",2025,"10.1016/j.envpol.2025.125835",TRUE,"FinELib Elsevier agreement","els2024finelib"
"Tampere University",2025,"10.1016/j.envres.2025.121776",TRUE,"FinELib Elsevier agreement","els2024finelib"
"Tampere University",2025,"10.1016/j.envsci.2025.104181",TRUE,"FinELib Elsevier agreement","els2024finelib"
"Tampere University",2025,"10.1016/j.eplepsyres.2025.107507",TRUE,"FinELib Elsevier agreement","els2024finelib"
"Tampere University",2025,"10.1016/j.erss.2025.103995",TRUE,"FinELib Elsevier agreement","els2024finelib"
"Tampere University",2025,"10.1016/j.erss.2025.104393",TRUE,"FinELib Elsevier agreement","els2024finelib"
"Tampere University",2025,"10.1016/j.est.2025.115721",TRUE,"FinELib Elsevier agreement","els2024finelib"
"Tampere University",2025,"10.1016/j.est.2025.118590",TRUE,"FinELib Elsevier agreement","els2024finelib"
"Tampere University",2025,"10.1016/j.est.2025.119696",TRUE,"FinELib Elsevier agreement","els2024finelib"
"Tampere University",2025,"10.1016/j.eswa.2025.129113",TRUE,"FinELib Elsevier agreement","els2024finelib"
"Tampere University",2025,"10.1016/j.eswa.2025.130789",TRUE,"FinELib Elsevier agreement","els2024finelib"
"Tampere University",2025,"10.1016/j.euo.2025.04.013",TRUE,"FinELib Elsevier agreement","els2024finelib"
"Tampere University",2025,"10.1016/j.euromechsol.2025.105601",TRUE,"FinELib Elsevier agreement","els2024finelib"
"Tampere University",2025,"10.1016/j.fuel.2025.136812",TRUE,"FinELib Elsevier agreement","els2024finelib"
"Tampere University",2025,"10.1016/j.futures.2025.103611",TRUE,"FinELib Elsevier agreement","els2024finelib"
"Tampere University",2025,"10.1016/j.geoforum.2025.104478",TRUE,"FinELib Elsevier agreement","els2024finelib"
"Tampere University",2025,"10.1016/j.healthpol.2025.105320",TRUE,"FinELib Elsevier agreement","els2024finelib"
"Tampere University",2025,"10.1016/j.hlc.2025.03.017",TRUE,"FinELib Elsevier agreement","els2024finelib"
"Tampere University",2025,"10.1016/j.ijbiomac.2025.145507",TRUE,"FinELib Elsevier agreement","els2024finelib"
"Tampere University",2025,"10.1016/j.ijepes.2025.110601",FALSE,"FinELib Elsevier agreement","els2024finelib"
"Tampere University",2025,"10.1016/j.ijfatigue.2025.108953",TRUE,"FinELib Elsevier agreement","els2024finelib"
"Tampere University",2025,"10.1016/j.ijgc.2025.101942",TRUE,"FinELib Elsevier agreement","els2024finelib"
"Tampere University",2025,"10.1016/j.ijhcs.2025.103507",TRUE,"FinELib Elsevier agreement","els2024finelib"
"Tampere University",2025,"10.1016/j.ijimpeng.2025.105439",TRUE,"FinELib Elsevier agreement","els2024finelib"
"Tampere University",2025,"10.1016/j.ijinfomgt.2025.102926",TRUE,"FinELib Elsevier agreement","els2024finelib"
"Tampere University",2025,"10.1016/j.ijproman.2025.102737",TRUE,"FinELib Elsevier agreement","els2024finelib"
"Tampere University",2025,"10.1016/j.ijrmms.2025.106364",TRUE,"FinELib Elsevier agreement","els2024finelib"
"Tampere University",2025,"10.1016/j.indmarman.2025.10.012",TRUE,"FinELib Elsevier agreement","els2024finelib"
"Tampere University",2025,"10.1016/j.infbeh.2025.102040",TRUE,"FinELib Elsevier agreement","els2024finelib"
"Tampere University",2025,"10.1016/j.infbeh.2025.102076",TRUE,"FinELib Elsevier agreement","els2024finelib"
"Tampere University",2025,"10.1016/j.inffus.2025.103812",TRUE,"FinELib Elsevier agreement","els2024finelib"
"Tampere University",2025,"10.1016/j.infsof.2025.107805",TRUE,"FinELib Elsevier agreement","els2024finelib"
"Tampere University",2025,"10.1016/j.injury.2025.112293",TRUE,"FinELib Elsevier agreement","els2024finelib"
"Tampere University",2025,"10.1016/j.injury.2025.112410",TRUE,"FinELib Elsevier agreement","els2024finelib"
"Tampere University",2025,"10.1016/j.ins.2025.122926",TRUE,"FinELib Elsevier agreement","els2024finelib"
"Tampere University",2025,"10.1016/j.is.2025.102636",TRUE,"FinELib Elsevier agreement","els2024finelib"
"Tampere University",2025,"10.1016/j.is.2025.102643",TRUE,"FinELib Elsevier agreement","els2024finelib"
"Tampere University",2025,"10.1016/j.jallcom.2025.185662",TRUE,"FinELib Elsevier agreement","els2024finelib"
"Tampere University",2025,"10.1016/j.jclinepi.2025.112114",TRUE,"FinELib Elsevier agreement","els2024finelib"
"Tampere University",2025,"10.1016/j.jdiacomp.2025.109084",TRUE,"FinELib Elsevier agreement","els2024finelib"
"Tampere University",2025,"10.1016/j.jdiacomp.2025.109119",TRUE,"FinELib Elsevier agreement","els2024finelib"
"Tampere University",2025,"10.1016/j.jelectrocard.2025.154060",TRUE,"FinELib Elsevier agreement","els2024finelib"
"Tampere University",2025,"10.1016/j.jelectrocard.2025.154098",TRUE,"FinELib Elsevier agreement","els2024finelib"
"Tampere University",2025,"10.1016/j.jelectrocard.2025.154145",TRUE,"FinELib Elsevier agreement","els2024finelib"
"Tampere University",2025,"10.1016/j.jenvman.2025.125786",TRUE,"FinELib Elsevier agreement","els2024finelib"
"Tampere University",2025,"10.1016/j.jenvman.2025.126300",TRUE,"FinELib Elsevier agreement","els2024finelib"
"Tampere University",2025,"10.1016/j.jenvman.2025.127288",TRUE,"FinELib Elsevier agreement","els2024finelib"
"Tampere University",2025,"10.1016/j.jenvman.2025.127892",TRUE,"FinELib Elsevier agreement","els2024finelib"
"Tampere University",2025,"10.1016/j.jenvp.2025.102652",TRUE,"FinELib Elsevier agreement","els2024finelib"
"Tampere University",2025,"10.1016/j.jep.2025.120107",TRUE,"FinELib Elsevier agreement","els2024finelib"
"Tampere University",2025,"10.1016/j.jeurceramsoc.2025.117777",TRUE,"FinELib Elsevier agreement","els2024finelib"
"Tampere University",2025,"10.1016/j.jfa.2025.110909",TRUE,"FinELib Elsevier agreement","els2024finelib"
"Tampere University",2025,"10.1016/j.jfludis.2025.106175",TRUE,"FinELib Elsevier agreement","els2024finelib"
"Tampere University",2025,"10.1016/j.jgo.2025.102338",TRUE,"FinELib Elsevier agreement","els2024finelib"
"Tampere University",2025,"10.1016/j.jgo.2025.102809",TRUE,"FinELib Elsevier agreement","els2024finelib"
"Tampere University",2025,"10.1016/j.jham.2025.100295",TRUE,"FinELib Elsevier agreement","els2024finelib"
"Tampere University",2025,"10.1016/j.jham.2025.100338",TRUE,"FinELib Elsevier agreement","els2024finelib"
"Tampere University",2025,"10.1016/j.jhazmat.2025.138015",TRUE,"FinELib Elsevier agreement","els2024finelib"
"Tampere University",2025,"10.1016/j.jhsa.2025.12.016",TRUE,"FinELib Elsevier agreement","els2024finelib"
"Tampere University",2025,"10.1016/j.jid.2025.09.380",TRUE,"FinELib Elsevier agreement","els2024finelib"
"Tampere University",2025,"10.1016/j.jid.2025.10.597",TRUE,"FinELib Elsevier agreement","els2024finelib"
"Tampere University",2025,"10.1016/j.jmsy.2025.10.008",TRUE,"FinELib Elsevier agreement","els2024finelib"
"Tampere University",2025,"10.1016/j.jnoncrysol.2025.123708",TRUE,"FinELib Elsevier agreement","els2024finelib"
"Tampere University",2025,"10.1016/j.jpaa.2025.107874",TRUE,"FinELib Elsevier agreement","els2024finelib"
"Tampere University",2025,"10.1016/j.jpainsymman.2025.08.033",TRUE,"FinELib Elsevier agreement","els2024finelib"
"Tampere University",2025,"10.1016/j.jphotobiol.2025.113199",TRUE,"FinELib Elsevier agreement","els2024finelib"
"Tampere University",2025,"10.1016/j.jpowsour.2025.237596",TRUE,"FinELib Elsevier agreement","els2024finelib"
"Tampere University",2025,"10.1016/j.jpowsour.2025.238663",TRUE,"FinELib Elsevier agreement","els2024finelib"
"Tampere University",2025,"10.1016/j.jpowsour.2025.238691",TRUE,"FinELib Elsevier agreement","els2024finelib"
"Tampere University",2025,"10.1016/j.jss.2025.112558",TRUE,"FinELib Elsevier agreement","els2024finelib"
"Tampere University",2025,"10.1016/j.jss.2025.112599",TRUE,"FinELib Elsevier agreement","els2024finelib"
"Tampere University",2025,"10.1016/j.jstrokecerebrovasdis.2025.108532",FALSE,"FinELib Elsevier agreement","els2024finelib"
"Tampere University",2025,"10.1016/j.jvoice.2025.03.040",TRUE,"FinELib Elsevier agreement","els2024finelib"
"Tampere University",2025,"10.1016/j.jvoice.2025.09.011",TRUE,"FinELib Elsevier agreement","els2024finelib"
"Tampere University",2025,"10.1016/j.jwpe.2025.107066",TRUE,"FinELib Elsevier agreement","els2024finelib"
"Tampere University",2025,"10.1016/j.lcsi.2025.100895",TRUE,"FinELib Elsevier agreement","els2024finelib"
"Tampere University",2025,"10.1016/j.midw.2025.104498",TRUE,"FinELib Elsevier agreement","els2024finelib"
"Tampere University",2025,"10.1016/j.molpha.2025.100098",TRUE,"FinELib Elsevier agreement","els2024finelib"
"Tampere University",2025,"10.1016/j.msard.2025.106724",TRUE,"FinELib Elsevier agreement","els2024finelib"
"Tampere University",2025,"10.1016/j.msea.2025.149196",TRUE,"FinELib Elsevier agreement","els2024finelib"
"Tampere University",2025,"10.1016/j.mtcomm.2025.114007",FALSE,"FinELib Elsevier agreement","els2024finelib"
"Tampere University",2025,"10.1016/j.mtcomm.2025.114109",FALSE,"FinELib Elsevier agreement","els2024finelib"
"Tampere University",2025,"10.1016/j.mtcomm.2025.114133",FALSE,"FinELib Elsevier agreement","els2024finelib"
"Tampere University",2025,"10.1016/j.mvr.2025.104782",TRUE,"FinELib Elsevier agreement","els2024finelib"
"Tampere University",2025,"10.1016/j.nantod.2025.102639",TRUE,"FinELib Elsevier agreement","els2024finelib"
"Tampere University",2025,"10.1016/j.ndteint.2025.103416",TRUE,"FinELib Elsevier agreement","els2024finelib"
"Tampere University",2025,"10.1016/j.ndteint.2025.103441",TRUE,"FinELib Elsevier agreement","els2024finelib"
"Tampere University",2025,"10.1016/j.nepr.2025.104287",TRUE,"FinELib Elsevier agreement","els2024finelib"
"Tampere University",2025,"10.1016/j.neunet.2025.107709",TRUE,"FinELib Elsevier agreement","els2024finelib"
"Tampere University",2025,"10.1016/j.neures.2025.104958",FALSE,"FinELib Elsevier agreement","els2024finelib"
"Tampere University",2025,"10.1016/j.neuroscience.2025.11.033",TRUE,"FinELib Elsevier agreement","els2024finelib"
"Tampere University",2025,"10.1016/j.nexres.2025.100640",TRUE,"FinELib Elsevier agreement","els2024finelib"
"Tampere University",2025,"10.1016/j.nexres.2025.100843",TRUE,"FinELib Elsevier agreement","els2024finelib"
"Tampere University",2025,"10.1016/j.omega.2025.103432",TRUE,"FinELib Elsevier agreement","els2024finelib"
"Tampere University",2025,"10.1016/j.pec.2025.108683",TRUE,"FinELib Elsevier agreement","els2024finelib"
"Tampere University",2025,"10.1016/j.pedn.2025.06.021",TRUE,"FinELib Elsevier agreement","els2024finelib"
"Tampere University",2025,"10.1016/j.peh.2025.100378",TRUE,"FinELib Elsevier agreement","els2024finelib"
"Tampere University",2025,"10.1016/j.poly.2025.117900",TRUE,"FinELib Elsevier agreement","els2024finelib"
"Tampere University",2025,"10.1016/j.polymertesting.2025.108721",FALSE,"FinELib Elsevier agreement","els2024finelib"
"Tampere University",2025,"10.1016/j.powtec.2025.121574",TRUE,"FinELib Elsevier agreement","els2024finelib"
"Tampere University",2025,"10.1016/j.pragma.2025.03.005",TRUE,"FinELib Elsevier agreement","els2024finelib"
"Tampere University",2025,"10.1016/j.pursup.2025.101039",TRUE,"FinELib Elsevier agreement","els2024finelib"
"Tampere University",2025,"10.1016/j.radi.2025.103183",TRUE,"FinELib Elsevier agreement","els2024finelib"
"Tampere University",2025,"10.1016/j.rcim.2025.102973",TRUE,"FinELib Elsevier agreement","els2024finelib"
"Tampere University",2025,"10.1016/j.rcim.2025.103154",TRUE,"FinELib Elsevier agreement","els2024finelib"
"Tampere University",2025,"10.1016/j.reia.2025.202697",TRUE,"FinELib Elsevier agreement","els2024finelib"
"Tampere University",2025,"10.1016/j.resconrec.2025.108157",TRUE,"FinELib Elsevier agreement","els2024finelib"
"Tampere University",2025,"10.1016/j.resmer.2025.101201",TRUE,"FinELib Elsevier agreement","els2024finelib"
"Tampere University",2025,"10.1016/j.resuscitation.2025.110755",TRUE,"FinELib Elsevier agreement","els2024finelib"
"Tampere University",2025,"10.1016/j.rmed.2025.108045",TRUE,"FinELib Elsevier agreement","els2024finelib"
"Tampere University",2025,"10.1016/j.rmed.2025.108258",TRUE,"FinELib Elsevier agreement","els2024finelib"
"Tampere University",2025,"10.1016/j.rmed.2025.108427",TRUE,"FinELib Elsevier agreement","els2024finelib"
"Tampere University",2025,"10.1016/j.robot.2025.105132",TRUE,"FinELib Elsevier agreement","els2024finelib"
"Tampere University",2025,"10.1016/j.scitotenv.2025.178849",TRUE,"FinELib Elsevier agreement","els2024finelib"
"Tampere University",2025,"10.1016/j.scitotenv.2025.180304",TRUE,"FinELib Elsevier agreement","els2024finelib"
"Tampere University",2025,"10.1016/j.segan.2025.101775",TRUE,"FinELib Elsevier agreement","els2024finelib"
"Tampere University",2025,"10.1016/j.segan.2025.102082",TRUE,"FinELib Elsevier agreement","els2024finelib"
"Tampere University",2025,"10.1016/j.seppur.2025.132875",TRUE,"FinELib Elsevier agreement","els2024finelib"
"Tampere University",2025,"10.1016/j.shpsa.2025.05.005",TRUE,"FinELib Elsevier agreement","els2024finelib"
"Tampere University",2025,"10.1016/j.simpat.2025.103208",TRUE,"FinELib Elsevier agreement","els2024finelib"
"Tampere University",2025,"10.1016/j.sleep.2025.106764",TRUE,"FinELib Elsevier agreement","els2024finelib"
"Tampere University",2025,"10.1016/j.socscimed.2025.117940",TRUE,"FinELib Elsevier agreement","els2024finelib"
"Tampere University",2025,"10.1016/j.socscimed.2025.118856",TRUE,"FinELib Elsevier agreement","els2024finelib"
"Tampere University",2025,"10.1016/j.solmat.2025.114081",TRUE,"FinELib Elsevier agreement","els2024finelib"
"Tampere University",2025,"10.1016/j.specom.2025.103327",TRUE,"FinELib Elsevier agreement","els2024finelib"
"Tampere University",2025,"10.1016/j.ssci.2025.106883",TRUE,"FinELib Elsevier agreement","els2024finelib"
"Tampere University",2025,"10.1016/j.surfcoat.2025.132609",TRUE,"FinELib Elsevier agreement","els2024finelib"
"Tampere University",2025,"10.1016/j.sysconle.2025.106220",TRUE,"FinELib Elsevier agreement","els2024finelib"
"Tampere University",2025,"10.1016/j.tate.2025.104978",TRUE,"FinELib Elsevier agreement","els2024finelib"
"Tampere University",2025,"10.1016/j.tate.2025.104998",TRUE,"FinELib Elsevier agreement","els2024finelib"
"Tampere University",2025,"10.1016/j.tate.2025.105335",TRUE,"FinELib Elsevier agreement","els2024finelib"
"Tampere University",2025,"10.1016/j.tox.2025.154233",TRUE,"FinELib Elsevier agreement","els2024finelib"
"Tampere University",2025,"10.1016/j.trd.2025.105083",TRUE,"FinELib Elsevier agreement","els2024finelib"
"Tampere University",2025,"10.1016/j.trd.2025.105092",TRUE,"FinELib Elsevier agreement","els2024finelib"
"Tampere University",2025,"10.1016/j.trf.2025.05.004",TRUE,"FinELib Elsevier agreement","els2024finelib"
"Tampere University",2025,"10.1016/j.trgeo.2025.101494",TRUE,"FinELib Elsevier agreement","els2024finelib"
"Tampere University",2025,"10.1016/j.triboint.2025.110685",TRUE,"FinELib Elsevier agreement","els2024finelib"
"Tampere University",2025,"10.1016/j.triboint.2025.110792",TRUE,"FinELib Elsevier agreement","els2024finelib"
"Tampere University",2025,"10.1016/j.triboint.2025.111020",TRUE,"FinELib Elsevier agreement","els2024finelib"
"Tampere University",2025,"10.1016/j.virol.2025.110713",TRUE,"FinELib Elsevier agreement","els2024finelib"
"Tampere University",2025,"10.1016/j.wear.2025.205882",TRUE,"FinELib Elsevier agreement","els2024finelib"
"Tampere University",2025,"10.1016/j.wear.2025.206493",TRUE,"FinELib Elsevier agreement","els2024finelib"
"Tampere University",2025,"10.1016/j.wneu.2025.124507",FALSE,"FinELib Elsevier agreement","els2024finelib"
"Tampere University",2025,"10.1016/j.yebeh.2025.110499",TRUE,"FinELib Elsevier agreement","els2024finelib"
"Tampere University",2025,"10.1016/j.ymben.2025.10.001",TRUE,"FinELib Elsevier agreement","els2024finelib"
"Tampere University",2025,"10.1016/j.yofte.2025.104465",TRUE,"FinELib Elsevier agreement","els2024finelib"
"Tampere University",2025,"10.1016/j.ypmed.2025.108441",TRUE,"FinELib Elsevier agreement","els2024finelib"
"Tampere University",2025,"10.1017/ash.2025.10165",FALSE,"FinELib CUP agreement","cam2024finelib"
"Tampere University",2025,"10.1017/neu.2025.10027",FALSE,"FinELib CUP agreement","cam2024finelib"
"Tampere University",2025,"10.1017/neu.2025.11",FALSE,"FinELib CUP agreement","cam2024finelib"
"Tampere University",2025,"10.1017/rep.2025.15",TRUE,"FinELib CUP agreement","cam2024finelib"
"Tampere University",2025,"10.1017/S0260210525100934",TRUE,"FinELib CUP agreement","cam2024finelib"
"Tampere University",2025,"10.1017/S0332586525000034",FALSE,"FinELib CUP agreement","cam2024finelib"
"Tampere University",2025,"10.1017/S0332586525100668",FALSE,"FinELib CUP agreement","cam2024finelib"
"Tampere University",2025,"10.1017/S0714980825000066",TRUE,"FinELib CUP agreement","cam2024finelib"
"Tampere University",2025,"10.1017/S0950268824001468",FALSE,"FinELib CUP agreement","cam2024finelib"
"Tampere University",2025,"10.1017/S095026882500007X",FALSE,"FinELib CUP agreement","cam2024finelib"
"Tampere University",2025,"10.1017/S1368980025101523",FALSE,"FinELib CUP agreement","cam2024finelib"
"Tampere University",2025,"10.1038/s41366-025-01950-y",TRUE,"FinELib Springer Compact agreement","sn2024finelib"
"Tampere University",2025,"10.1038/s41371-025-01069-7",TRUE,"FinELib Springer Compact agreement","sn2024finelib"
"Tampere University",2025,"10.1038/s41375-025-02683-7",TRUE,"FinELib Springer Compact agreement","sn2024finelib"
"Tampere University",2025,"10.1038/s41375-025-02789-y",TRUE,"FinELib Springer Compact agreement","sn2024finelib"
"Tampere University",2025,"10.1038/s41390-025-04540-w",TRUE,"FinELib Springer Compact agreement","sn2024finelib"
"Tampere University",2025,"10.1038/s41430-025-01641-x",TRUE,"FinELib Springer Compact agreement","sn2024finelib"
"Tampere University",2025,"10.1039/D4NR04861J",TRUE,"FinELib RSC agreement","rsc2024finelib"
"Tampere University",2025,"10.1039/D5AN00927H",TRUE,"FinELib RSC agreement","rsc2024finelib"
"Tampere University",2025,"10.1039/D5CC00103J",TRUE,"FinELib RSC agreement","rsc2024finelib"
"Tampere University",2025,"10.1039/D5CP00834D",TRUE,"FinELib RSC agreement","rsc2024finelib"
"Tampere University",2025,"10.1039/D5CP00908A",TRUE,"FinELib RSC agreement","rsc2024finelib"
"Tampere University",2025,"10.1039/D5DT01171J",TRUE,"FinELib RSC agreement","rsc2024finelib"
"Tampere University",2025,"10.1039/D5EL00029G",FALSE,"FinELib RSC agreement","rsc2024finelib"
"Tampere University",2025,"10.1039/D5LC00072F",TRUE,"FinELib RSC agreement","rsc2024finelib"
"Tampere University",2025,"10.1039/D5LC00900F",TRUE,"FinELib RSC agreement","rsc2024finelib"
"Tampere University",2025,"10.1039/D5LF00053J",FALSE,"FinELib RSC agreement","rsc2024finelib"
"Tampere University",2025,"10.1039/D5MD00585J",TRUE,"FinELib RSC agreement","rsc2024finelib"
"Tampere University",2025,"10.1039/D5SE01161B",TRUE,"FinELib RSC agreement","rsc2024finelib"
"Tampere University",2025,"10.1039/D5SM00563A",TRUE,"FinELib RSC agreement","rsc2024finelib"
"Tampere University",2025,"10.1039/D5TA05564D",TRUE,"FinELib RSC agreement","rsc2024finelib"
"Tampere University",2025,"10.1039/D5TA06180F",TRUE,"FinELib RSC agreement","rsc2024finelib"
"Tampere University",2025,"10.1039/D5TC01194A",TRUE,"FinELib RSC agreement","rsc2024finelib"
"Tampere University",2025,"10.1053/j.gastro.2025.10.012",TRUE,"FinELib Elsevier agreement","els2024finelib"
"Tampere University",2025,"10.1057/s41285-025-00227-8",TRUE,"FinELib Springer Compact agreement","sn2024finelib"
"Tampere University",2025,"10.1057/s41288-025-00361-4",TRUE,"FinELib Springer Compact agreement","sn2024finelib"
"Tampere University",2025,"10.1057/s41292-025-00361-6",TRUE,"FinELib Springer Compact agreement","sn2024finelib"
"Tampere University",2025,"10.1080/00131857.2025.2589319",TRUE,"FinELib Taylor & Francis agreement","tf2025finelib"
"Tampere University",2025,"10.1080/00150517.2025.2483893",TRUE,"FinELib Taylor & Francis agreement","tf2025finelib"
"Tampere University",2025,"10.1080/00220272.2025.2560844",TRUE,"FinELib Taylor & Francis agreement","tf2025finelib"
"Tampere University",2025,"10.1080/00313831.2025.2468174",TRUE,"FinELib Taylor & Francis agreement","tf2025finelib"
"Tampere University",2025,"10.1080/00313831.2025.2591138",TRUE,"FinELib Taylor & Francis agreement","tf2025finelib"
"Tampere University",2025,"10.1080/00343404.2025.2479108",TRUE,"FinELib Taylor & Francis agreement","tf2025finelib"
"Tampere University",2025,"10.1080/0046760X.2025.2551548",TRUE,"FinELib Taylor & Francis agreement","tf2025finelib"
"Tampere University",2025,"10.1080/0046760X.2025.2577671",TRUE,"FinELib Taylor & Francis agreement","tf2025finelib"
"Tampere University",2025,"10.1080/0144929X.2025.2469661",TRUE,"FinELib Taylor & Francis agreement","tf2025finelib"
"Tampere University",2025,"10.1080/0144929X.2025.2485394",TRUE,"FinELib Taylor & Francis agreement","tf2025finelib"
"Tampere University",2025,"10.1080/0144929X.2025.2488899",TRUE,"FinELib Taylor & Francis agreement","tf2025finelib"
"Tampere University",2025,"10.1080/0145935X.2025.2468161",TRUE,"FinELib Taylor & Francis agreement","tf2025finelib"
"Tampere University",2025,"10.1080/0158037X.2025.2576258",TRUE,"FinELib Taylor & Francis agreement","tf2025finelib"
"Tampere University",2025,"10.1080/01596306.2025.2567656",TRUE,"FinELib Taylor & Francis agreement","tf2025finelib"
"Tampere University",2025,"10.1080/01596306.2025.2574972",TRUE,"FinELib Taylor & Francis agreement","tf2025finelib"
"Tampere University",2025,"10.1080/02589001.2025.2581308",TRUE,"FinELib Taylor & Francis agreement","tf2025finelib"
"Tampere University",2025,"10.1080/02602938.2025.2566659",TRUE,"FinELib Taylor & Francis agreement","tf2025finelib"
"Tampere University",2025,"10.1080/02614367.2025.2585839",TRUE,"FinELib Taylor & Francis agreement","tf2025finelib"
"Tampere University",2025,"10.1080/02646811.2025.2540707",TRUE,"FinELib Taylor & Francis agreement","tf2025finelib"
"Tampere University",2025,"10.1080/02664763.2025.2459293",TRUE,"FinELib Taylor & Francis agreement","tf2025finelib"
"Tampere University",2025,"10.1080/02665433.2025.2453577",TRUE,"FinELib Taylor & Francis agreement","tf2025finelib"
"Tampere University",2025,"10.1080/02673037.2025.2517084",TRUE,"FinELib Taylor & Francis agreement","tf2025finelib"
"Tampere University",2025,"10.1080/02678373.2025.2483205",TRUE,"FinELib Taylor & Francis agreement","tf2025finelib"
"Tampere University",2025,"10.1080/02684527.2025.2485805",TRUE,"FinELib Taylor & Francis agreement","tf2025finelib"
"Tampere University",2025,"10.1080/03468755.2025.2560424",TRUE,"FinELib Taylor & Francis agreement","tf2025finelib"
"Tampere University",2025,"10.1080/03468755.2025.2578168",TRUE,"FinELib Taylor & Francis agreement","tf2025finelib"
"Tampere University",2025,"10.1080/03601277.2025.2564390",TRUE,"FinELib Taylor & Francis agreement","tf2025finelib"
"Tampere University",2025,"10.1080/04353684.2025.2452650",TRUE,"FinELib Taylor & Francis agreement","tf2025finelib"
"Tampere University",2025,"10.1080/08038740.2025.2560495",TRUE,"FinELib Taylor & Francis agreement","tf2025finelib"
"Tampere University",2025,"10.1080/08164649.2025.2488425",TRUE,"FinELib Taylor & Francis agreement","tf2025finelib"
"Tampere University",2025,"10.1080/08351813.2025.2450991",TRUE,"FinELib Taylor & Francis agreement","tf2025finelib"
"Tampere University",2025,"10.1080/08893675.2025.2536309",TRUE,"FinELib Taylor & Francis agreement","tf2025finelib"
"Tampere University",2025,"10.1080/09540253.2025.2458896",TRUE,"FinELib Taylor & Francis agreement","tf2025finelib"
"Tampere University",2025,"10.1080/09540962.2025.2499709",TRUE,"FinELib Taylor & Francis agreement","tf2025finelib"
"Tampere University",2025,"10.1080/09540962.2025.2556996",TRUE,"FinELib Taylor & Francis agreement","tf2025finelib"
"Tampere University",2025,"10.1080/09613218.2025.2538167",TRUE,"FinELib Taylor & Francis agreement","tf2025finelib"
"Tampere University",2025,"10.1080/0969160X.2025.2533121",TRUE,"FinELib Taylor & Francis agreement","tf2025finelib"
"Tampere University",2025,"10.1080/0969160X.2025.2546882",TRUE,"FinELib Taylor & Francis agreement","tf2025finelib"
"Tampere University",2025,"10.1080/10447318.2025.2470279",TRUE,"FinELib Taylor & Francis agreement","tf2025finelib"
"Tampere University",2025,"10.1080/10447318.2025.2484419",TRUE,"FinELib Taylor & Francis agreement","tf2025finelib"
"Tampere University",2025,"10.1080/10447318.2025.2524500",TRUE,"FinELib Taylor & Francis agreement","tf2025finelib"
"Tampere University",2025,"10.1080/10564934.2025.2566136",TRUE,"FinELib Taylor & Francis agreement","tf2025finelib"
"Tampere University",2025,"10.1080/10580530.2025.2513305",TRUE,"FinELib Taylor & Francis agreement","tf2025finelib"
"Tampere University",2025,"10.1080/1062936X.2025.2584058",TRUE,"FinELib Taylor & Francis agreement","tf2025finelib"
"Tampere University",2025,"10.1080/10632921.2025.2467105",TRUE,"FinELib Taylor & Francis agreement","tf2025finelib"
"Tampere University",2025,"10.1080/10904018.2025.2503213",TRUE,"FinELib Taylor & Francis agreement","tf2025finelib"
"Tampere University",2025,"10.1080/13504622.2025.2461681",TRUE,"FinELib Taylor & Francis agreement","tf2025finelib"
"Tampere University",2025,"10.1080/13504622.2025.2538771",TRUE,"FinELib Taylor & Francis agreement","tf2025finelib"
"Tampere University",2025,"10.1080/13510347.2025.2482626",TRUE,"FinELib Taylor & Francis agreement","tf2025finelib"
"Tampere University",2025,"10.1080/13530194.2025.2584854",TRUE,"FinELib Taylor & Francis agreement","tf2025finelib"
"Tampere University",2025,"10.1080/13540602.2025.2478151",TRUE,"FinELib Taylor & Francis agreement","tf2025finelib"
"Tampere University",2025,"10.1080/13572334.2025.2514781",TRUE,"FinELib Taylor & Francis agreement","tf2025finelib"
"Tampere University",2025,"10.1080/13574175.2025.2555928",TRUE,"FinELib Taylor & Francis agreement","tf2025finelib"
"Tampere University",2025,"10.1080/1360080X.2025.2470697",TRUE,"FinELib Taylor & Francis agreement","tf2025finelib"
"Tampere University",2025,"10.1080/13676261.2025.2518956",TRUE,"FinELib Taylor & Francis agreement","tf2025finelib"
"Tampere University",2025,"10.1080/1389224X.2025.2496189",TRUE,"FinELib Taylor & Francis agreement","tf2025finelib"
"Tampere University",2025,"10.1080/14459795.2025.2467936",TRUE,"FinELib Taylor & Francis agreement","tf2025finelib"
"Tampere University",2025,"10.1080/14459795.2025.2548220",TRUE,"FinELib Taylor & Francis agreement","tf2025finelib"
"Tampere University",2025,"10.1080/14650045.2025.2587814",TRUE,"FinELib Taylor & Francis agreement","tf2025finelib"
"Tampere University",2025,"10.1080/14680777.2025.2495728",TRUE,"FinELib Taylor & Francis agreement","tf2025finelib"
"Tampere University",2025,"10.1080/14697017.2025.2579260",TRUE,"FinELib Taylor & Francis agreement","tf2025finelib"
"Tampere University",2025,"10.1080/14729679.2025.2543555",TRUE,"FinELib Taylor & Francis agreement","tf2025finelib"
"Tampere University",2025,"10.1080/14733285.2025.2589977",TRUE,"FinELib Taylor & Francis agreement","tf2025finelib"
"Tampere University",2025,"10.1080/14781700.2025.2517724",TRUE,"FinELib Taylor & Francis agreement","tf2025finelib"
"Tampere University",2025,"10.1080/14782804.2025.2514847",TRUE,"FinELib Taylor & Francis agreement","tf2025finelib"
"Tampere University",2025,"10.1080/15022250.2025.2484715",TRUE,"FinELib Taylor & Francis agreement","tf2025finelib"
"Tampere University",2025,"10.1080/15295036.2025.2572423",TRUE,"FinELib Taylor & Francis agreement","tf2025finelib"
"Tampere University",2025,"10.1080/1533256X.2025.2562917",TRUE,"FinELib Taylor & Francis agreement","tf2025finelib"
"Tampere University",2025,"10.1080/15332985.2025.2487434",TRUE,"FinELib Taylor & Francis agreement","tf2025finelib"
"Tampere University",2025,"10.1080/1554477X.2025.2574799",TRUE,"FinELib Taylor & Francis agreement","tf2025finelib"
"Tampere University",2025,"10.1080/1600910X.2025.2526511",TRUE,"FinELib Taylor & Francis agreement","tf2025finelib"
"Tampere University",2025,"10.1080/17405629.2025.2533168",TRUE,"FinELib Taylor & Francis agreement","tf2025finelib"
"Tampere University",2025,"10.1080/17405629.2025.2564408",TRUE,"FinELib Taylor & Francis agreement","tf2025finelib"
"Tampere University",2025,"10.1080/17439884.2025.2528926",TRUE,"FinELib Taylor & Francis agreement","tf2025finelib"
"Tampere University",2025,"10.1080/17439884.2025.2572621",TRUE,"FinELib Taylor & Francis agreement","tf2025finelib"
"Tampere University",2025,"10.1080/17449626.2025.2512093",TRUE,"FinELib Taylor & Francis agreement","tf2025finelib"
"Tampere University",2025,"10.1080/17480272.2025.2481453",TRUE,"FinELib Taylor & Francis agreement","tf2025finelib"
"Tampere University",2025,"10.1080/17480272.2025.2521634",TRUE,"FinELib Taylor & Francis agreement","tf2025finelib"
"Tampere University",2025,"10.1080/17508487.2025.2467939",TRUE,"FinELib Taylor & Francis agreement","tf2025finelib"
"Tampere University",2025,"10.1080/17510694.2025.2526222",TRUE,"FinELib Taylor & Francis agreement","tf2025finelib"
"Tampere University",2025,"10.1080/17549175.2025.2507320",TRUE,"FinELib Taylor & Francis agreement","tf2025finelib"
"Tampere University",2025,"10.1080/19012276.2025.2494761",TRUE,"FinELib Taylor & Francis agreement","tf2025finelib"
"Tampere University",2025,"10.1080/19460171.2025.2589112",TRUE,"FinELib Taylor & Francis agreement","tf2025finelib"
"Tampere University",2025,"10.1080/21541264.2025.2521764",TRUE,"FinELib Taylor & Francis agreement","tf2025finelib"
"Tampere University",2025,"10.1080/21568235.2025.2460166",TRUE,"FinELib Taylor & Francis agreement","tf2025finelib"
"Tampere University",2025,"10.1080/2156857X.2025.2503322",TRUE,"FinELib Taylor & Francis agreement","tf2025finelib"
"Tampere University",2025,"10.1080/2158379X.2025.2497799",TRUE,"FinELib Taylor & Francis agreement","tf2025finelib"
"Tampere University",2025,"10.1080/21670811.2025.2462558",TRUE,"FinELib Taylor & Francis agreement","tf2025finelib"
"Tampere University",2025,"10.1080/21670811.2025.2567342",TRUE,"FinELib Taylor & Francis agreement","tf2025finelib"
"Tampere University",2025,"10.1080/23279095.2025.2543072",TRUE,"FinELib Taylor & Francis agreement","tf2025finelib"
"Tampere University",2025,"10.1080/23337486.2025.2477843",TRUE,"FinELib Taylor & Francis agreement","tf2025finelib"
"Tampere University",2025,"10.1080/24704067.2025.2526064",TRUE,"FinELib Taylor & Francis agreement","tf2025finelib"
"Tampere University",2025,"10.1080/24740500.2024.2485531",TRUE,"FinELib Taylor & Francis agreement","tf2025finelib"
"Tampere University",2025,"10.1080/26892618.2025.2522279",TRUE,"FinELib Taylor & Francis agreement","tf2025finelib"
"Tampere University",2025,"10.1080/26892618.2025.2533775",TRUE,"FinELib Taylor & Francis agreement","tf2025finelib"
"Tampere University",2025,"10.1080/27703371.2025.2487484",TRUE,"FinELib Taylor & Francis agreement","tf2025finelib"
"Tampere University",2025,"10.1093/abm/kaaf023",TRUE,"FinELib OUP agreement","oxf2024finelib"
"Tampere University",2025,"10.1093/ageing/afaf047",TRUE,"FinELib OUP agreement","oxf2024finelib"
"Tampere University",2025,"10.1093/bjsw/bcaf279",TRUE,"FinELib OUP agreement","oxf2024finelib"
"Tampere University",2025,"10.1093/chemse/bjaf029",TRUE,"FinELib OUP agreement","oxf2024finelib"
"Tampere University",2025,"10.1093/ejcts/ezaf110",TRUE,"FinELib OUP agreement","oxf2024finelib"
"Tampere University",2025,"10.1093/ejcts/ezaf226",TRUE,"FinELib OUP agreement","oxf2024finelib"
"Tampere University",2025,"10.1093/heapro/daaf074",TRUE,"FinELib OUP agreement","oxf2024finelib"
"Tampere University",2025,"10.1093/ibd/izaf298",TRUE,"FinELib OUP agreement","oxf2024finelib"
"Tampere University",2025,"10.1093/ije/dyaf045",TRUE,"FinELib OUP agreement","oxf2024finelib"
"Tampere University",2025,"10.1093/ijfood/vvaf239",FALSE,"FinELib OUP agreement","oxf2024finelib"
"Tampere University",2025,"10.1093/jigpal/jzaf037",TRUE,"FinELib OUP agreement","oxf2024finelib"
"Tampere University",2025,"10.1093/joc/jqaf024",TRUE,"FinELib OUP agreement","oxf2024finelib"
"Tampere University",2025,"10.1093/reseval/rvaf034",TRUE,"FinELib OUP agreement","oxf2024finelib"
"Tampere University",2025,"10.1093/scipol/scaf021",TRUE,"FinELib OUP agreement","oxf2024finelib"
"Tampere University",2025,"10.1093/secdia/xhaf002",TRUE,"FinELib OUP agreement","oxf2024finelib"
"Tampere University",2025,"10.1096/fj.202500211R",TRUE,"FinELib Wiley agreement","wiley2025finelib"
"Tampere University",2025,"10.1096/fj.202500291RR",TRUE,"FinELib Wiley agreement","wiley2025finelib"
"Tampere University",2025,"10.1097/BRS.0000000000005469",TRUE,"FinELib Wolters Kluwer Lippincott agreement","lww2025finelib"
"Tampere University",2025,"10.1097/HJH.0000000000004133",TRUE,"FinELib Wolters Kluwer Lippincott agreement","lww2025finelib"
"Tampere University",2025,"10.1097/INF.0000000000004826",TRUE,"FinELib Wolters Kluwer Lippincott agreement","lww2025finelib"
"Tampere University",2025,"10.1097/JOM.0000000000003435",TRUE,"FinELib Wolters Kluwer Lippincott agreement","lww2025finelib"
"Tampere University",2025,"10.1097/MEG.0000000000003073",TRUE,"FinELib Wolters Kluwer Lippincott agreement","lww2025finelib"
"Tampere University",2025,"10.1097/OI9.0000000000000460",FALSE,"FinELib Wolters Kluwer Lippincott agreement","lww2025finelib"
"Tampere University",2025,"10.1097/PRS.0000000000012602",TRUE,"FinELib Wolters Kluwer Lippincott agreement","lww2025finelib"
"Tampere University",2025,"10.1097/PRS.0000000000012666",TRUE,"FinELib Wolters Kluwer Lippincott agreement","lww2025finelib"
"Tampere University",2025,"10.1097/WNP.0000000000001157",TRUE,"FinELib Wolters Kluwer Lippincott agreement","lww2025finelib"
"Tampere University",2025,"10.1108/AJIM-12-2024-0959",TRUE,"FinELib Emerald agreement","eme2025finelib"
"Tampere University",2025,"10.1108/EDI-01-2025-0049",TRUE,"FinELib Emerald agreement","eme2025finelib"
"Tampere University",2025,"10.1108/F-01-2025-0010",TRUE,"FinELib Emerald agreement","eme2025finelib"
"Tampere University",2025,"10.1108/HE-03-2024-0037",TRUE,"FinELib Emerald agreement","eme2025finelib"
"Tampere University",2025,"10.1108/IJPSM-10-2024-0334",TRUE,"FinELib Emerald agreement","eme2025finelib"
"Tampere University",2025,"10.1108/IJSHE-04-2024-0244",TRUE,"FinELib Emerald agreement","eme2025finelib"
"Tampere University",2025,"10.1108/INTR-06-2024-0959",TRUE,"FinELib Emerald agreement","eme2025finelib"
"Tampere University",2025,"10.1108/JBIM-05-2024-0340",TRUE,"FinELib Emerald agreement","eme2025finelib"
"Tampere University",2025,"10.1108/JD-02-2025-0052",TRUE,"FinELib Emerald agreement","eme2025finelib"
"Tampere University",2025,"10.1108/JD-04-2025-0111",TRUE,"FinELib Emerald agreement","eme2025finelib"
"Tampere University",2025,"10.1108/JD-11-2024-0278",TRUE,"FinELib Emerald agreement","eme2025finelib"
"Tampere University",2025,"10.1108/JHOM-05-2025-0233",TRUE,"FinELib Emerald agreement","eme2025finelib"
"Tampere University",2025,"10.1108/JMLC-04-2025-0049",TRUE,"FinELib Emerald agreement","eme2025finelib"
"Tampere University",2025,"10.1108/JOPP-02-2024-0016",TRUE,"FinELib Emerald agreement","eme2025finelib"
"Tampere University",2025,"10.1108/JOPP-06-2024-0072",TRUE,"FinELib Emerald agreement","eme2025finelib"
"Tampere University",2025,"10.1108/JPBAFM-11-2024-0225",TRUE,"FinELib Emerald agreement","eme2025finelib"
"Tampere University",2025,"10.1108/SASBE-05-2025-0220",TRUE,"FinELib Emerald agreement","eme2025finelib"
"Tampere University",2025,"10.1108/TLO-03-2024-0081",TRUE,"FinELib Emerald agreement","eme2025finelib"
"Tampere University",2025,"10.1109/ACCESS.2025.3534637",FALSE,"FinELib IEEE agreement","ieee2024finelib"
"Tampere University",2025,"10.1109/ACCESS.2025.3540320",FALSE,"FinELib IEEE agreement","ieee2024finelib"
"Tampere University",2025,"10.1109/ACCESS.2025.3553966",FALSE,"FinELib IEEE agreement","ieee2024finelib"
"Tampere University",2025,"10.1109/ACCESS.2025.3556957",FALSE,"FinELib IEEE agreement","ieee2024finelib"
"Tampere University",2025,"10.1109/ACCESS.2025.3565217",FALSE,"FinELib IEEE agreement","ieee2024finelib"
"Tampere University",2025,"10.1109/ACCESS.2025.3565918",FALSE,"FinELib IEEE agreement","ieee2024finelib"
"Tampere University",2025,"10.1109/ACCESS.2025.3583469",FALSE,"FinELib IEEE agreement","ieee2024finelib"
"Tampere University",2025,"10.1109/ACCESS.2025.3586079",FALSE,"FinELib IEEE agreement","ieee2024finelib"
"Tampere University",2025,"10.1109/ACCESS.2025.3591270",FALSE,"FinELib IEEE agreement","ieee2024finelib"
"Tampere University",2025,"10.1109/ACCESS.2025.3595424",FALSE,"FinELib IEEE agreement","ieee2024finelib"
"Tampere University",2025,"10.1109/ACCESS.2025.3599990",FALSE,"FinELib IEEE agreement","ieee2024finelib"
"Tampere University",2025,"10.1109/ACCESS.2025.3600541",FALSE,"FinELib IEEE agreement","ieee2024finelib"
"Tampere University",2025,"10.1109/ACCESS.2025.3627628",FALSE,"FinELib IEEE agreement","ieee2024finelib"
"Tampere University",2025,"10.1109/ACCESS.2025.3630984",FALSE,"FinELib IEEE agreement","ieee2024finelib"
"Tampere University",2025,"10.1109/ACCESS.2025.3640436",FALSE,"FinELib IEEE agreement","ieee2024finelib"
"Tampere University",2025,"10.1109/IEEEDATA.2025.3627116",FALSE,"FinELib IEEE agreement","ieee2024finelib"
"Tampere University",2025,"10.1109/IOTM.001.2400133",TRUE,"FinELib IEEE agreement","ieee2024finelib"
"Tampere University",2025,"10.1109/JESTPE.2025.3589548",TRUE,"FinELib IEEE agreement","ieee2024finelib"
"Tampere University",2025,"10.1109/JETCAS.2024.3525339",TRUE,"FinELib IEEE agreement","ieee2024finelib"
"Tampere University",2025,"10.1109/JETCAS.2025.3533041",TRUE,"FinELib IEEE agreement","ieee2024finelib"
"Tampere University",2025,"10.1109/JFLEX.2025.3534186",TRUE,"FinELib IEEE agreement","ieee2024finelib"
"Tampere University",2025,"10.1109/JIOT.2024.3495698",TRUE,"FinELib IEEE agreement","ieee2024finelib"
"Tampere University",2025,"10.1109/JIOT.2025.3616508",TRUE,"FinELib IEEE agreement","ieee2024finelib"
"Tampere University",2025,"10.1109/JISPIN.2025.3559907",FALSE,"FinELib IEEE agreement","ieee2024finelib"
"Tampere University",2025,"10.1109/JISPIN.2025.3577979",FALSE,"FinELib IEEE agreement","ieee2024finelib"
"Tampere University",2025,"10.1109/JMW.2025.3598684",FALSE,"FinELib IEEE agreement","ieee2024finelib"
"Tampere University",2025,"10.1109/JPHOT.2025.3594072",FALSE,"FinELib IEEE agreement","ieee2024finelib"
"Tampere University",2025,"10.1109/LCOMM.2025.3631945",TRUE,"FinELib IEEE agreement","ieee2024finelib"
"Tampere University",2025,"10.1109/LGRS.2025.3564478",TRUE,"FinELib IEEE agreement","ieee2024finelib"
"Tampere University",2025,"10.1109/LMWT.2025.3561227",TRUE,"FinELib IEEE agreement","ieee2024finelib"
"Tampere University",2025,"10.1109/LRA.2025.3588057",TRUE,"FinELib IEEE agreement","ieee2024finelib"
"Tampere University",2025,"10.1109/LSP.2024.3511414",TRUE,"FinELib IEEE agreement","ieee2024finelib"
"Tampere University",2025,"10.1109/LWC.2025.3579069",TRUE,"FinELib IEEE agreement","ieee2024finelib"
"Tampere University",2025,"10.1109/LWC.2025.3624555",TRUE,"FinELib IEEE agreement","ieee2024finelib"
"Tampere University",2025,"10.1109/MCOM.002.2400385",TRUE,"FinELib IEEE agreement","ieee2024finelib"
"Tampere University",2025,"10.1109/MM.2025.3534917",TRUE,"FinELib IEEE agreement","ieee2024finelib"
"Tampere University",2025,"10.1109/OJAP.2025.3565837",FALSE,"FinELib IEEE agreement","ieee2024finelib"
"Tampere University",2025,"10.1109/OJAP.2025.3619468",FALSE,"FinELib IEEE agreement","ieee2024finelib"
"Tampere University",2025,"10.1109/OJCOMS.2025.3561002",FALSE,"FinELib IEEE agreement","ieee2024finelib"
"Tampere University",2025,"10.1109/OJCOMS.2025.3595444",FALSE,"FinELib IEEE agreement","ieee2024finelib"
"Tampere University",2025,"10.1109/OJCOMS.2025.3599666",FALSE,"FinELib IEEE agreement","ieee2024finelib"
"Tampere University",2025,"10.1109/OJCOMS.2025.3615839",FALSE,"FinELib IEEE agreement","ieee2024finelib"
"Tampere University",2025,"10.1109/OJCOMS.2025.3629359",FALSE,"FinELib IEEE agreement","ieee2024finelib"
"Tampere University",2025,"10.1109/OJCOMS.2025.3638890",FALSE,"FinELib IEEE agreement","ieee2024finelib"
"Tampere University",2025,"10.1109/OJIA.2025.3563502",FALSE,"FinELib IEEE agreement","ieee2024finelib"
"Tampere University",2025,"10.1109/OJITS.2025.3543286",FALSE,"FinELib IEEE agreement","ieee2024finelib"
"Tampere University",2025,"10.1109/OJSP.2025.3528361",FALSE,"FinELib IEEE agreement","ieee2024finelib"
"Tampere University",2025,"10.1109/OJSP.2025.3568758",FALSE,"FinELib IEEE agreement","ieee2024finelib"
"Tampere University",2025,"10.1109/OJSP.2025.3571675",FALSE,"FinELib IEEE agreement","ieee2024finelib"
"Tampere University",2025,"10.1109/OJSP.2025.3578296",FALSE,"FinELib IEEE agreement","ieee2024finelib"
"Tampere University",2025,"10.1109/TAES.2025.3533462",TRUE,"FinELib IEEE agreement","ieee2024finelib"
"Tampere University",2025,"10.1109/TASC.2024.3517573",TRUE,"FinELib IEEE agreement","ieee2024finelib"
"Tampere University",2025,"10.1109/TASC.2025.3535163",TRUE,"FinELib IEEE agreement","ieee2024finelib"
"Tampere University",2025,"10.1109/TASC.2025.3536439",TRUE,"FinELib IEEE agreement","ieee2024finelib"
"Tampere University",2025,"10.1109/TASC.2025.3540791",TRUE,"FinELib IEEE agreement","ieee2024finelib"
"Tampere University",2025,"10.1109/TASC.2025.3548635",TRUE,"FinELib IEEE agreement","ieee2024finelib"
"Tampere University",2025,"10.1109/TASE.2025.3559595",TRUE,"FinELib IEEE agreement","ieee2024finelib"
"Tampere University",2025,"10.1109/TASE.2025.3572307",TRUE,"FinELib IEEE agreement","ieee2024finelib"
"Tampere University",2025,"10.1109/TASE.2025.3588584",TRUE,"FinELib IEEE agreement","ieee2024finelib"
"Tampere University",2025,"10.1109/TASE.2025.3604904",TRUE,"FinELib IEEE agreement","ieee2024finelib"
"Tampere University",2025,"10.1109/TASLPRO.2025.3547233",TRUE,"FinELib IEEE agreement","ieee2024finelib"
"Tampere University",2025,"10.1109/TBC.2025.3553305",TRUE,"FinELib IEEE agreement","ieee2024finelib"
"Tampere University",2025,"10.1109/TCI.2025.3597429",TRUE,"FinELib IEEE agreement","ieee2024finelib"
"Tampere University",2025,"10.1109/TCOMM.2025.3525570",TRUE,"FinELib IEEE agreement","ieee2024finelib"
"Tampere University",2025,"10.1109/TCOMM.2025.3585508",TRUE,"FinELib IEEE agreement","ieee2024finelib"
"Tampere University",2025,"10.1109/TCPMT.2025.3557118",TRUE,"FinELib IEEE agreement","ieee2024finelib"
"Tampere University",2025,"10.1109/TCSI.2025.3527701",TRUE,"FinELib IEEE agreement","ieee2024finelib"
"Tampere University",2025,"10.1109/TCSII.2025.3576310",TRUE,"FinELib IEEE agreement","ieee2024finelib"
"Tampere University",2025,"10.1109/TCSVT.2025.3625666",TRUE,"FinELib IEEE agreement","ieee2024finelib"
"Tampere University",2025,"10.1109/TEC.2025.3583076",TRUE,"FinELib IEEE agreement","ieee2024finelib"
"Tampere University",2025,"10.1109/TIA.2025.3544561",TRUE,"FinELib IEEE agreement","ieee2024finelib"
"Tampere University",2025,"10.1109/TIA.2025.3550115",TRUE,"FinELib IEEE agreement","ieee2024finelib"
"Tampere University",2025,"10.1109/TIA.2025.3561700",TRUE,"FinELib IEEE agreement","ieee2024finelib"
"Tampere University",2025,"10.1109/TIM.2025.3568980",TRUE,"FinELib IEEE agreement","ieee2024finelib"
"Tampere University",2025,"10.1109/TMAG.2025.3552981",TRUE,"FinELib IEEE agreement","ieee2024finelib"
"Tampere University",2025,"10.1109/TMAG.2025.3608315",TRUE,"FinELib IEEE agreement","ieee2024finelib"
"Tampere University",2025,"10.1109/TMBMC.2025.3565137",TRUE,"FinELib IEEE agreement","ieee2024finelib"
"Tampere University",2025,"10.1109/TMC.2025.3546550",TRUE,"FinELib IEEE agreement","ieee2024finelib"
"Tampere University",2025,"10.1109/TMC.2025.3619418",TRUE,"FinELib IEEE agreement","ieee2024finelib"
"Tampere University",2025,"10.1109/TMECH.2025.3562394",TRUE,"FinELib IEEE agreement","ieee2024finelib"
"Tampere University",2025,"10.1109/TPEL.2025.3554438",TRUE,"FinELib IEEE agreement","ieee2024finelib"
"Tampere University",2025,"10.1109/TPEL.2025.3626863",TRUE,"FinELib IEEE agreement","ieee2024finelib"
"Tampere University",2025,"10.1109/TVLSI.2025.3586902",TRUE,"FinELib IEEE agreement","ieee2024finelib"
"Tampere University",2025,"10.1109/TVLSI.2025.3595712",TRUE,"FinELib IEEE agreement","ieee2024finelib"
"Tampere University",2025,"10.1109/TVLSI.2025.3612433",TRUE,"FinELib IEEE agreement","ieee2024finelib"
"Tampere University",2025,"10.1109/TVT.2024.3500880",TRUE,"FinELib IEEE agreement","ieee2024finelib"
"Tampere University",2025,"10.1109/TVT.2025.3556843",TRUE,"FinELib IEEE agreement","ieee2024finelib"
"Tampere University",2025,"10.1109/TVT.2025.3570333",TRUE,"FinELib IEEE agreement","ieee2024finelib"
"Tampere University",2025,"10.1109/TVT.2025.3573075",TRUE,"FinELib IEEE agreement","ieee2024finelib"
"Tampere University",2025,"10.1109/TVT.2025.3574551",TRUE,"FinELib IEEE agreement","ieee2024finelib"
"Tampere University",2025,"10.1109/TVT.2025.3586731",TRUE,"FinELib IEEE agreement","ieee2024finelib"
"Tampere University",2025,"10.1109/TWC.2025.3569933",TRUE,"FinELib IEEE agreement","ieee2024finelib"
"Tampere University",2025,"10.1109/TWC.2025.3581483",TRUE,"FinELib IEEE agreement","ieee2024finelib"
"Tampere University",2025,"10.1109/TWC.2025.3597540",TRUE,"FinELib IEEE agreement","ieee2024finelib"
"Tampere University",2025,"10.1109/TWC.2025.3601543",TRUE,"FinELib IEEE agreement","ieee2024finelib"
"Tampere University",2025,"10.1109/TWC.2025.3625994",TRUE,"FinELib IEEE agreement","ieee2024finelib"
"Tampere University",2025,"10.1109/TWC.2025.3641612",TRUE,"FinELib IEEE agreement","ieee2024finelib"
"Tampere University",2025,"10.1111/1467-8551.70017",TRUE,"FinELib Wiley agreement","wiley2025finelib"
"Tampere University",2025,"10.1111/1467-9566.70006",TRUE,"FinELib Wiley agreement","wiley2025finelib"
"Tampere University",2025,"10.1111/2041-210x.70080",FALSE,"FinELib Wiley agreement","wiley2025finelib"
"Tampere University",2025,"10.1111/aas.70047",TRUE,"FinELib Wiley agreement","wiley2025finelib"
"Tampere University",2025,"10.1111/aas.70126",TRUE,"FinELib Wiley agreement","wiley2025finelib"
"Tampere University",2025,"10.1111/anti.70013",TRUE,"FinELib Wiley agreement","wiley2025finelib"
"Tampere University",2025,"10.1111/anti.70128",TRUE,"FinELib Wiley agreement","wiley2025finelib"
"Tampere University",2025,"10.1111/aogs.15083",FALSE,"FinELib Wiley agreement","wiley2025finelib"
"Tampere University",2025,"10.1111/aogs.15105",FALSE,"FinELib Wiley agreement","wiley2025finelib"
"Tampere University",2025,"10.1111/aogs.70017",FALSE,"FinELib Wiley agreement","wiley2025finelib"
"Tampere University",2025,"10.1111/aogs.70021",FALSE,"FinELib Wiley agreement","wiley2025finelib"
"Tampere University",2025,"10.1111/aogs.70034",FALSE,"FinELib Wiley agreement","wiley2025finelib"
"Tampere University",2025,"10.1111/aogs.70083",FALSE,"FinELib Wiley agreement","wiley2025finelib"
"Tampere University",2025,"10.1111/aos.17439",TRUE,"FinELib Wiley agreement","wiley2025finelib"
"Tampere University",2025,"10.1111/aos.17552",TRUE,"FinELib Wiley agreement","wiley2025finelib"
"Tampere University",2025,"10.1111/apa.70016",TRUE,"FinELib Wiley agreement","wiley2025finelib"
"Tampere University",2025,"10.1111/apa.70084",TRUE,"FinELib Wiley agreement","wiley2025finelib"
"Tampere University",2025,"10.1111/apa.70158",TRUE,"FinELib Wiley agreement","wiley2025finelib"
"Tampere University",2025,"10.1111/apa.70164",TRUE,"FinELib Wiley agreement","wiley2025finelib"
"Tampere University",2025,"10.1111/apa.70335",TRUE,"FinELib Wiley agreement","wiley2025finelib"
"Tampere University",2025,"10.1111/apa.70369",TRUE,"FinELib Wiley agreement","wiley2025finelib"
"Tampere University",2025,"10.1111/apa.70396",TRUE,"FinELib Wiley agreement","wiley2025finelib"
"Tampere University",2025,"10.1111/bcpt.70053",TRUE,"FinELib Wiley agreement","wiley2025finelib"
"Tampere University",2025,"10.1111/chso.12982",TRUE,"FinELib Wiley agreement","wiley2025finelib"
"Tampere University",2025,"10.1111/codi.70190",TRUE,"FinELib Wiley agreement","wiley2025finelib"
"Tampere University",2025,"10.1111/desc.70057",TRUE,"FinELib Wiley agreement","wiley2025finelib"
"Tampere University",2025,"10.1111/edth.70031",TRUE,"FinELib Wiley agreement","wiley2025finelib"
"Tampere University",2025,"10.1111/ene.70148",FALSE,"FinELib Wiley agreement","wiley2025finelib"
"Tampere University",2025,"10.1111/ffe.70130",TRUE,"FinELib Wiley agreement","wiley2025finelib"
"Tampere University",2025,"10.1111/ijsw.70052",TRUE,"FinELib Wiley agreement","wiley2025finelib"
"Tampere University",2025,"10.1111/issr.12381",TRUE,"FinELib Wiley agreement","wiley2025finelib"
"Tampere University",2025,"10.1111/jace.20385",TRUE,"FinELib Wiley agreement","wiley2025finelib"
"Tampere University",2025,"10.1111/jan.17073",TRUE,"FinELib Wiley agreement","wiley2025finelib"
"Tampere University",2025,"10.1111/jcal.70120",TRUE,"FinELib Wiley agreement","wiley2025finelib"
"Tampere University",2025,"10.1111/jcal.70148",TRUE,"FinELib Wiley agreement","wiley2025finelib"
"Tampere University",2025,"10.1111/jcms.70056",TRUE,"FinELib Wiley agreement","wiley2025finelib"
"Tampere University",2025,"10.1111/jcpp.70110",TRUE,"FinELib Wiley agreement","wiley2025finelib"
"Tampere University",2025,"10.1111/jocn.17766",TRUE,"FinELib Wiley agreement","wiley2025finelib"
"Tampere University",2025,"10.1111/joim.70025",TRUE,"FinELib Wiley agreement","wiley2025finelib"
"Tampere University",2025,"10.1111/jop.70015",TRUE,"FinELib Wiley agreement","wiley2025finelib"
"Tampere University",2025,"10.1111/mcn.13805",FALSE,"FinELib Wiley agreement","wiley2025finelib"
"Tampere University",2025,"10.1111/meta.12724",TRUE,"FinELib Wiley agreement","wiley2025finelib"
"Tampere University",2025,"10.1111/nana.13099",TRUE,"FinELib Wiley agreement","wiley2025finelib"
"Tampere University",2025,"10.1111/pai.70209",TRUE,"FinELib Wiley agreement","wiley2025finelib"
"Tampere University",2025,"10.1111/puar.13959",TRUE,"FinELib Wiley agreement","wiley2025finelib"
"Tampere University",2025,"10.1111/scs.70025",TRUE,"FinELib Wiley agreement","wiley2025finelib"
"Tampere University",2025,"10.1111/sms.70081",TRUE,"FinELib Wiley agreement","wiley2025finelib"
"Tampere University",2025,"10.1111/sms.70102",TRUE,"FinELib Wiley agreement","wiley2025finelib"
"Tampere University",2025,"10.1111/sms.70150",TRUE,"FinELib Wiley agreement","wiley2025finelib"
"Tampere University",2025,"10.1111/spol.13157",TRUE,"FinELib Wiley agreement","wiley2025finelib"
"Tampere University",2025,"10.1111/tct.70119",TRUE,"FinELib Wiley agreement","wiley2025finelib"
"Tampere University",2025,"10.1145/3696593.3696602",TRUE,"FinELib ACM agreement","acm2025finelib"
"Tampere University",2025,"10.1145/3698204.3716451",TRUE,"FinELib ACM agreement","acm2025finelib"
"Tampere University",2025,"10.1145/3706370.3727858",TRUE,"FinELib ACM agreement","acm2025finelib"
"Tampere University",2025,"10.1145/3706370.3727863",TRUE,"FinELib ACM agreement","acm2025finelib"
"Tampere University",2025,"10.1145/3706598.3713151",TRUE,"FinELib ACM agreement","acm2025finelib"
"Tampere University",2025,"10.1145/3706598.3713207",TRUE,"FinELib ACM agreement","acm2025finelib"
"Tampere University",2025,"10.1145/3706598.3713804",TRUE,"FinELib ACM agreement","acm2025finelib"
"Tampere University",2025,"10.1145/3706598.3713806",TRUE,"FinELib ACM agreement","acm2025finelib"
"Tampere University",2025,"10.1145/3712676.3718336",TRUE,"FinELib ACM agreement","acm2025finelib"
"Tampere University",2025,"10.1145/3714393.3726518",TRUE,"FinELib ACM agreement","acm2025finelib"
"Tampere University",2025,"10.1145/3714394.3750591",TRUE,"FinELib ACM agreement","acm2025finelib"
"Tampere University",2025,"10.1145/3714394.3756160",TRUE,"FinELib ACM agreement","acm2025finelib"
"Tampere University",2025,"10.1145/3714394.3756162",TRUE,"FinELib ACM agreement","acm2025finelib"
"Tampere University",2025,"10.1145/3715272",TRUE,"FinELib ACM agreement","acm2025finelib"
"Tampere University",2025,"10.1145/3716553.3750750",TRUE,"FinELib ACM agreement","acm2025finelib"
"Tampere University",2025,"10.1145/3718056",TRUE,"FinELib ACM agreement","acm2025finelib"
"Tampere University",2025,"10.1145/3731125.3731129",TRUE,"FinELib ACM agreement","acm2025finelib"
"Tampere University",2025,"10.1145/3732790",TRUE,"FinELib ACM agreement","acm2025finelib"
"Tampere University",2025,"10.1145/3733799.3762972",TRUE,"FinELib ACM agreement","acm2025finelib"
"Tampere University",2025,"10.1145/3744663",TRUE,"FinELib ACM agreement","acm2025finelib"
"Tampere University",2025,"10.1145/3746027.3758263",TRUE,"FinELib ACM agreement","acm2025finelib"
"Tampere University",2025,"10.1145/3746237.3746310",TRUE,"FinELib ACM agreement","acm2025finelib"
"Tampere University",2025,"10.1145/3748699.3749779",TRUE,"FinELib ACM agreement","acm2025finelib"
"Tampere University",2025,"10.1145/3756681.3757034",TRUE,"FinELib ACM agreement","acm2025finelib"
"Tampere University",2025,"10.1145/3756884.3766029",TRUE,"FinELib ACM agreement","acm2025finelib"
"Tampere University",2025,"10.1145/3757552",TRUE,"FinELib ACM agreement","acm2025finelib"
"Tampere University",2025,"10.1145/3757980.3757983",TRUE,"FinELib ACM agreement","acm2025finelib"
"Tampere University",2025,"10.1145/3757980.3757991",TRUE,"FinELib ACM agreement","acm2025finelib"
"Tampere University",2025,"10.1145/3757980.3758003",TRUE,"FinELib ACM agreement","acm2025finelib"
"Tampere University",2025,"10.1145/3757980.3758007",TRUE,"FinELib ACM agreement","acm2025finelib"
"Tampere University",2025,"10.1145/3757980.3758121",TRUE,"FinELib ACM agreement","acm2025finelib"
"Tampere University",2025,"10.1145/3764687.3769944",TRUE,"FinELib ACM agreement","acm2025finelib"
"Tampere University",2025,"10.1145/3771882.3771915",TRUE,"FinELib ACM agreement","acm2025finelib"
"Tampere University",2025,"10.1145/3786204",TRUE,"FinELib ACM agreement","acm2025finelib"
"Tampere University",2025,"10.1155/acmp/8778603",FALSE,"FinELib Wiley agreement","wiley2025finelib"
"Tampere University",2025,"10.1155/dth/6179799",FALSE,"FinELib Wiley agreement","wiley2025finelib"
"Tampere University",2025,"10.1155/ecc/3644045",FALSE,"FinELib Wiley agreement","wiley2025finelib"
"Tampere University",2025,"10.1155/hsc/2801377",FALSE,"FinELib Wiley agreement","wiley2025finelib"
"Tampere University",2025,"10.1155/hsc/9408124",FALSE,"FinELib Wiley agreement","wiley2025finelib"
"Tampere University",2025,"10.1155/pm/7675935",FALSE,"FinELib Wiley agreement","wiley2025finelib"
"Tampere University",2025,"10.1155/sci/1212255",FALSE,"FinELib Wiley agreement","wiley2025finelib"
"Tampere University",2025,"10.1161/HYPERTENSIONAHA.125.25054",TRUE,"FinELib Wolters Kluwer Lippincott agreement","lww2025finelib"
"Tampere University",2025,"10.1161/JAHA.125.041313",FALSE,"FinELib Wiley agreement","wiley2025finelib"
"Tampere University",2025,"10.1161/JAHA.125.041521",FALSE,"FinELib Wiley agreement","wiley2025finelib"
"Tampere University",2025,"10.1177/00108367251356965",TRUE,"FinELib SAGE agreement","sage2025finelib"
"Tampere University",2025,"10.1177/00207640251353675",TRUE,"FinELib SAGE agreement","sage2025finelib"
"Tampere University",2025,"10.1177/00207640251379256",TRUE,"FinELib SAGE agreement","sage2025finelib"
"Tampere University",2025,"10.1177/00302228251407938",TRUE,"FinELib SAGE agreement","sage2025finelib"
"Tampere University",2025,"10.1177/00323217251410745",TRUE,"FinELib SAGE agreement","sage2025finelib"
"Tampere University",2025,"10.1177/01461672251333472",TRUE,"FinELib SAGE agreement","sage2025finelib"
"Tampere University",2025,"10.1177/01614681251408929",TRUE,"FinELib SAGE agreement","sage2025finelib"
"Tampere University",2025,"10.1177/01655515251353174",TRUE,"FinELib SAGE agreement","sage2025finelib"
"Tampere University",2025,"10.1177/02632764251323563",TRUE,"FinELib SAGE agreement","sage2025finelib"
"Tampere University",2025,"10.1177/02637758251407082",TRUE,"FinELib SAGE agreement","sage2025finelib"
"Tampere University",2025,"10.1177/02654075251392956",TRUE,"FinELib SAGE agreement","sage2025finelib"
"Tampere University",2025,"10.1177/03058298251345977",TRUE,"FinELib SAGE agreement","sage2025finelib"
"Tampere University",2025,"10.1177/03063127251344961",TRUE,"FinELib SAGE agreement","sage2025finelib"
"Tampere University",2025,"10.1177/03063127251357625",TRUE,"FinELib SAGE agreement","sage2025finelib"
"Tampere University",2025,"10.1177/03085759251394395",TRUE,"FinELib SAGE agreement","sage2025finelib"
"Tampere University",2025,"10.1177/03091325251320244",TRUE,"FinELib SAGE agreement","sage2025finelib"
"Tampere University",2025,"10.1177/07487304251328461",TRUE,"FinELib SAGE agreement","sage2025finelib"
"Tampere University",2025,"10.1177/09075682251334343",TRUE,"FinELib SAGE agreement","sage2025finelib"
"Tampere University",2025,"10.1177/09075682251392497",TRUE,"FinELib SAGE agreement","sage2025finelib"
"Tampere University",2025,"10.1177/09500170251366157",TRUE,"FinELib SAGE agreement","sage2025finelib"
"Tampere University",2025,"10.1177/09504222251377975",TRUE,"FinELib SAGE agreement","sage2025finelib"
"Tampere University",2025,"10.1177/09697330251366594",TRUE,"FinELib SAGE agreement","sage2025finelib"
"Tampere University",2025,"10.1177/10283153251316930",TRUE,"FinELib SAGE agreement","sage2025finelib"
"Tampere University",2025,"10.1177/10436596251414412",TRUE,"FinELib SAGE agreement","sage2025finelib"
"Tampere University",2025,"10.1177/10439862251389822",TRUE,"FinELib SAGE agreement","sage2025finelib"
"Tampere University",2025,"10.1177/10748407251357063",TRUE,"FinELib SAGE agreement","sage2025finelib"
"Tampere University",2025,"10.1177/1087724X251356460",TRUE,"FinELib SAGE agreement","sage2025finelib"
"Tampere University",2025,"10.1177/10943420251369350",TRUE,"FinELib SAGE agreement","sage2025finelib"
"Tampere University",2025,"10.1177/11033088251325025",FALSE,"FinELib SAGE agreement","sage2025finelib"
"Tampere University",2025,"10.1177/11033088251356065",FALSE,"FinELib SAGE agreement","sage2025finelib"
"Tampere University",2025,"10.1177/13505068251397828",TRUE,"FinELib SAGE agreement","sage2025finelib"
"Tampere University",2025,"10.1177/13505068251411541",TRUE,"FinELib SAGE agreement","sage2025finelib"
"Tampere University",2025,"10.1177/13540688251339634",TRUE,"FinELib SAGE agreement","sage2025finelib"
"Tampere University",2025,"10.1177/13548565251331455",TRUE,"FinELib SAGE agreement","sage2025finelib"
"Tampere University",2025,"10.1177/13621688251379941",TRUE,"FinELib SAGE agreement","sage2025finelib"
"Tampere University",2025,"10.1177/13634593251358052",TRUE,"FinELib SAGE agreement","sage2025finelib"
"Tampere University",2025,"10.1177/13634593251394740",TRUE,"FinELib SAGE agreement","sage2025finelib"
"Tampere University",2025,"10.1177/13675494251359154",TRUE,"FinELib SAGE agreement","sage2025finelib"
"Tampere University",2025,"10.1177/14550725251392045",FALSE,"FinELib SAGE agreement","sage2025finelib"
"Tampere University",2025,"10.1177/14574969251371880",FALSE,"FinELib SAGE agreement","sage2025finelib"
"Tampere University",2025,"10.1177/14574969251387489",FALSE,"FinELib SAGE agreement","sage2025finelib"
"Tampere University",2025,"10.1177/14574969251397740",FALSE,"FinELib SAGE agreement","sage2025finelib"
"Tampere University",2025,"10.1177/14614448251323904",TRUE,"FinELib SAGE agreement","sage2025finelib"
"Tampere University",2025,"10.1177/14614448251410510",TRUE,"FinELib SAGE agreement","sage2025finelib"
"Tampere University",2025,"10.1177/14614456251362993",TRUE,"FinELib SAGE agreement","sage2025finelib"
"Tampere University",2025,"10.1177/14614456251378637",TRUE,"FinELib SAGE agreement","sage2025finelib"
"Tampere University",2025,"10.1177/14639491251330299",TRUE,"FinELib SAGE agreement","sage2025finelib"
"Tampere University",2025,"10.1177/14661381251316133",TRUE,"FinELib SAGE agreement","sage2025finelib"
"Tampere University",2025,"10.1177/14687976251318045",TRUE,"FinELib SAGE agreement","sage2025finelib"
"Tampere University",2025,"10.1177/14749041251359342",TRUE,"FinELib SAGE agreement","sage2025finelib"
"Tampere University",2025,"10.1177/14749041251390591",TRUE,"FinELib SAGE agreement","sage2025finelib"
"Tampere University",2025,"10.1177/14749041251392121",TRUE,"FinELib SAGE agreement","sage2025finelib"
"Tampere University",2025,"10.1177/14788047251348561",TRUE,"FinELib SAGE agreement","sage2025finelib"
"Tampere University",2025,"10.1177/1525822X251377889",TRUE,"FinELib SAGE agreement","sage2025finelib"
"Tampere University",2025,"10.1177/15554120251349872",TRUE,"FinELib SAGE agreement","sage2025finelib"
"Tampere University",2025,"10.1177/16094069251396865",FALSE,"FinELib SAGE agreement","sage2025finelib"
"Tampere University",2025,"10.1177/17442591251369530",TRUE,"FinELib SAGE agreement","sage2025finelib"
"Tampere University",2025,"10.1177/17470161251358513",FALSE,"FinELib SAGE agreement","sage2025finelib"
"Tampere University",2025,"10.1177/17499755251332326",TRUE,"FinELib SAGE agreement","sage2025finelib"
"Tampere University",2025,"10.1177/17577438251407198",FALSE,"FinELib SAGE agreement","sage2025finelib"
"Tampere University",2025,"10.1177/20436106251398515",TRUE,"FinELib SAGE agreement","sage2025finelib"
"Tampere University",2025,"10.1177/20438206251379581",TRUE,"FinELib SAGE agreement","sage2025finelib"
"Tampere University",2025,"10.1177/20501579251384606",TRUE,"FinELib SAGE agreement","sage2025finelib"
"Tampere University",2025,"10.1177/20530196251339474",TRUE,"FinELib SAGE agreement","sage2025finelib"
"Tampere University",2025,"10.1177/20563051251341794",FALSE,"FinELib SAGE agreement","sage2025finelib"
"Tampere University",2025,"10.1177/21925682251318627",FALSE,"FinELib SAGE agreement","sage2025finelib"
"Tampere University",2025,"10.1177/21925682251330264",FALSE,"FinELib SAGE agreement","sage2025finelib"
"Tampere University",2025,"10.1177/2336825X251329919",TRUE,"FinELib SAGE agreement","sage2025finelib"
"Tampere University",2025,"10.1177/23821205251407752",FALSE,"FinELib SAGE agreement","sage2025finelib"
"Tampere University",2025,"10.1177/23949643251350751",TRUE,"FinELib SAGE agreement","sage2025finelib"
"Tampere University",2025,"10.1177/23996544251382864",TRUE,"FinELib SAGE agreement","sage2025finelib"
"Tampere University",2025,"10.1177/23996544251394575",TRUE,"FinELib SAGE agreement","sage2025finelib"
"Tampere University",2025,"10.1177/24730114251398763",FALSE,"FinELib SAGE agreement","sage2025finelib"
"Tampere University",2025,"10.1177/25148486251410441",TRUE,"FinELib SAGE agreement","sage2025finelib"
"Tampere University",2025,"10.1177/25148486251410826",TRUE,"FinELib SAGE agreement","sage2025finelib"
"Tampere University",2025,"10.1177/27551938251367853",TRUE,"FinELib SAGE agreement","sage2025finelib"
"Tampere University",2025,"10.1177/27551938251411268",TRUE,"FinELib SAGE agreement","sage2025finelib"
"Tampere University",2025,"10.1192/bjp.2025.72",TRUE,"FinELib CUP agreement","cam2024finelib"
"Tampere University",2025,"10.1192/j.eurpsy.2025.10046",FALSE,"FinELib CUP agreement","cam2024finelib"
"Tampere University",2025,"10.14814/phy2.70241",FALSE,"FinELib Wiley agreement","wiley2025finelib"
"Tampere University",2025,"10.14814/phy2.70477",FALSE,"FinELib Wiley agreement","wiley2025finelib"
"Tampere University",2025,"10.2340/1651-226X.2025.44097",FALSE,"FinELib MJS agreement","FinELib MJS agreement"
"Tampere University",2025,"10.3758/s13423-025-02704-7",FALSE,"FinELib Springer Compact agreement","sn2024finelib"
"Tampere University",2025,"10.3758/s13428-025-02772-6",FALSE,"FinELib Springer Compact agreement","sn2024finelib"
"Tampere University of Applied Sciences",2025,"10.1016/j.ejon.2025.103028",TRUE,"FinELib Elsevier agreement","els2024finelib"
"Tampere University of Applied Sciences",2025,"10.1016/j.maturitas.2025.108761",TRUE,"FinELib Elsevier agreement","els2024finelib"
"Tampere University of Applied Sciences",2025,"10.1108/JCM-12-2023-6441",TRUE,"FinELib Emerald agreement","eme2025finelib"
"Turku University of Applied Sciences",2025,"10.1016/j.apacoust.2025.110773",TRUE,"FinELib Elsevier agreement","els2024finelib"
"Turku University of Applied Sciences",2025,"10.1016/j.apacoust.2025.111186",TRUE,"FinELib Elsevier agreement","els2024finelib"
"Turku University of Applied Sciences",2025,"10.1016/j.buildenv.2025.112915",TRUE,"FinELib Elsevier agreement","els2024finelib"
"Turku University of Applied Sciences",2025,"10.1016/j.buildenv.2025.113125",TRUE,"FinELib Elsevier agreement","els2024finelib"
"Turku University of Applied Sciences",2025,"10.1016/j.est.2025.117653",TRUE,"FinELib Elsevier agreement","els2024finelib"
"University of Eastern Finland",2025,"10.1002/1873-3468.70107",TRUE,"FinELib Wiley agreement","wiley2025finelib"
"University of Eastern Finland",2025,"10.1002/2056-4538.70035",FALSE,"FinELib Wiley agreement","wiley2025finelib"
"University of Eastern Finland",2025,"10.1002/adfm.202503397",TRUE,"FinELib Wiley agreement","wiley2025finelib"
"University of Eastern Finland",2025,"10.1002/adpr.202500302",FALSE,"FinELib Wiley agreement","wiley2025finelib"
"University of Eastern Finland",2025,"10.1002/alz.70227",FALSE,"FinELib Wiley agreement","wiley2025finelib"
"University of Eastern Finland",2025,"10.1002/alz.70368",FALSE,"FinELib Wiley agreement","wiley2025finelib"
"University of Eastern Finland",2025,"10.1002/alz.70616",FALSE,"FinELib Wiley agreement","wiley2025finelib"
"University of Eastern Finland",2025,"10.1002/anie.202503327",TRUE,"FinELib Wiley agreement","wiley2025finelib"
"University of Eastern Finland",2025,"10.1002/art.43315",TRUE,"FinELib Wiley agreement","wiley2025finelib"
"University of Eastern Finland",2025,"10.1002/bem.70031",TRUE,"FinELib Wiley agreement","wiley2025finelib"
"University of Eastern Finland",2025,"10.1002/brb3.71085",FALSE,"FinELib Wiley agreement","wiley2025finelib"
"University of Eastern Finland",2025,"10.1002/bse.70438",TRUE,"FinELib Wiley agreement","wiley2025finelib"
"University of Eastern Finland",2025,"10.1002/cam4.71409",FALSE,"FinELib Wiley agreement","wiley2025finelib"
"University of Eastern Finland",2025,"10.1002/casp.70118",TRUE,"FinELib Wiley agreement","wiley2025finelib"
"University of Eastern Finland",2025,"10.1002/casp.70172",TRUE,"FinELib Wiley agreement","wiley2025finelib"
"University of Eastern Finland",2025,"10.1002/casp.70194",TRUE,"FinELib Wiley agreement","wiley2025finelib"
"University of Eastern Finland",2025,"10.1002/ccd.70075",TRUE,"FinELib Wiley agreement","wiley2025finelib"
"University of Eastern Finland",2025,"10.1002/chem.202404642",TRUE,"FinELib Wiley agreement","wiley2025finelib"
"University of Eastern Finland",2025,"10.1002/ece3.72033",FALSE,"FinELib Wiley agreement","wiley2025finelib"
"University of Eastern Finland",2025,"10.1002/ece3.72741",FALSE,"FinELib Wiley agreement","wiley2025finelib"
"University of Eastern Finland",2025,"10.1002/eet.2150",TRUE,"FinELib Wiley agreement","wiley2025finelib"
"University of Eastern Finland",2025,"10.1002/ehf2.15387",FALSE,"FinELib Wiley agreement","wiley2025finelib"
"University of Eastern Finland",2025,"10.1002/eji.202451704",TRUE,"FinELib Wiley agreement","wiley2025finelib"
"University of Eastern Finland",2025,"10.1002/ejp.70056",TRUE,"FinELib Wiley agreement","wiley2025finelib"
"University of Eastern Finland",2025,"10.1002/ejsp.70032",TRUE,"FinELib Wiley agreement","wiley2025finelib"
"University of Eastern Finland",2025,"10.1002/epd2.70112",TRUE,"FinELib Wiley agreement","wiley2025finelib"
"University of Eastern Finland",2025,"10.1002/epi4.70174",FALSE,"FinELib Wiley agreement","wiley2025finelib"
"University of Eastern Finland",2025,"10.1002/ffo2.70015",TRUE,"FinELib Wiley agreement","wiley2025finelib"
"University of Eastern Finland",2025,"10.1002/gch2.202500447",FALSE,"FinELib Wiley agreement","wiley2025finelib"
"University of Eastern Finland",2025,"10.1002/hsr2.70888",FALSE,"FinELib Wiley agreement","wiley2025finelib"
"University of Eastern Finland",2025,"10.1002/hsr2.71096",FALSE,"FinELib Wiley agreement","wiley2025finelib"
"University of Eastern Finland",2025,"10.1002/hsr2.71594",FALSE,"FinELib Wiley agreement","wiley2025finelib"
"University of Eastern Finland",2025,"10.1002/jbio.202400460",TRUE,"FinELib Wiley agreement","wiley2025finelib"
"University of Eastern Finland",2025,"10.1002/jor.26094",TRUE,"FinELib Wiley agreement","wiley2025finelib"
"University of Eastern Finland",2025,"10.1002/jor.70007",TRUE,"FinELib Wiley agreement","wiley2025finelib"
"University of Eastern Finland",2025,"10.1002/jor.70104",TRUE,"FinELib Wiley agreement","wiley2025finelib"
"University of Eastern Finland",2025,"10.1002/ksa.70018",TRUE,"FinELib Wiley agreement","wiley2025finelib"
"University of Eastern Finland",2025,"10.1002/lpor.202502215",TRUE,"FinELib Wiley agreement","wiley2025finelib"
"University of Eastern Finland",2025,"10.1002/mas.21942",TRUE,"FinELib Wiley agreement","wiley2025finelib"
"University of Eastern Finland",2025,"10.1002/mds.70135",TRUE,"FinELib Wiley agreement","wiley2025finelib"
"University of Eastern Finland",2025,"10.1002/mrm.30610",TRUE,"FinELib Wiley agreement","wiley2025finelib"
"University of Eastern Finland",2025,"10.1002/nbm.70061",TRUE,"FinELib Wiley agreement","wiley2025finelib"
"University of Eastern Finland",2025,"10.1002/open.202400521",FALSE,"FinELib Wiley agreement","wiley2025finelib"
"University of Eastern Finland",2025,"10.1002/pan3.70171",FALSE,"FinELib Wiley agreement","wiley2025finelib"
"University of Eastern Finland",2025,"10.1002/pd.6732",TRUE,"FinELib Wiley agreement","wiley2025finelib"
"University of Eastern Finland",2025,"10.1002/psp.70077",TRUE,"FinELib Wiley agreement","wiley2025finelib"
"University of Eastern Finland",2025,"10.1002/psp.70096",TRUE,"FinELib Wiley agreement","wiley2025finelib"
"University of Eastern Finland",2025,"10.1002/rev3.70123",TRUE,"FinELib Wiley agreement","wiley2025finelib"
"University of Eastern Finland",2025,"10.1002/rse2.70017",FALSE,"FinELib Wiley agreement","wiley2025finelib"
"University of Eastern Finland",2025,"10.1002/saj2.70010",TRUE,"FinELib Wiley agreement","wiley2025finelib"
"University of Eastern Finland",2025,"10.1002/sd.70092",TRUE,"FinELib Wiley agreement","wiley2025finelib"
"University of Eastern Finland",2025,"10.1002/sd.70372",TRUE,"FinELib Wiley agreement","wiley2025finelib"
"University of Eastern Finland",2025,"10.1007/s00107-025-02334-9",TRUE,"FinELib Springer Compact agreement","sn2024finelib"
"University of Eastern Finland",2025,"10.1007/s00107-025-02348-3",TRUE,"FinELib Springer Compact agreement","sn2024finelib"
"University of Eastern Finland",2025,"10.1007/s00198-025-07414-3",TRUE,"FinELib Springer Compact agreement","sn2024finelib"
"University of Eastern Finland",2025,"10.1007/s00204-025-03957-w",TRUE,"FinELib Springer Compact agreement","sn2024finelib"
"University of Eastern Finland",2025,"10.1007/s00204-025-04203-z",TRUE,"FinELib Springer Compact agreement","sn2024finelib"
"University of Eastern Finland",2025,"10.1007/s00209-025-03795-7",TRUE,"FinELib Springer Compact agreement","sn2024finelib"
"University of Eastern Finland",2025,"10.1007/s00381-025-06992-1",TRUE,"FinELib Springer Compact agreement","sn2024finelib"
"University of Eastern Finland",2025,"10.1007/s00394-025-03709-7",TRUE,"FinELib Springer Compact agreement","sn2024finelib"
"University of Eastern Finland",2025,"10.1007/s00394-025-03791-x",TRUE,"FinELib Springer Compact agreement","sn2024finelib"
"University of Eastern Finland",2025,"10.1007/s00402-025-05908-7",TRUE,"FinELib Springer Compact agreement","sn2024finelib"
"University of Eastern Finland",2025,"10.1007/s00405-025-09468-9",TRUE,"FinELib Springer Compact agreement","sn2024finelib"
"University of Eastern Finland",2025,"10.1007/s00405-025-09805-y",TRUE,"FinELib Springer Compact agreement","sn2024finelib"
"University of Eastern Finland",2025,"10.1007/s00431-025-05996-y",TRUE,"FinELib Springer Compact agreement","sn2024finelib"
"University of Eastern Finland",2025,"10.1007/s00431-025-06023-w",TRUE,"FinELib Springer Compact agreement","sn2024finelib"
"University of Eastern Finland",2025,"10.1007/s00431-025-06133-5",TRUE,"FinELib Springer Compact agreement","sn2024finelib"
"University of Eastern Finland",2025,"10.1007/s00431-025-06522-w",TRUE,"FinELib Springer Compact agreement","sn2024finelib"
"University of Eastern Finland",2025,"10.1007/s00586-025-09509-1",TRUE,"FinELib Springer Compact agreement","sn2024finelib"
"University of Eastern Finland",2025,"10.1007/s00701-025-06694-2",FALSE,"FinELib Springer Compact agreement","sn2024finelib"
"University of Eastern Finland",2025,"10.1007/s00784-025-06225-4",TRUE,"FinELib Springer Compact agreement","sn2024finelib"
"University of Eastern Finland",2025,"10.1007/s00784-025-06342-0",TRUE,"FinELib Springer Compact agreement","sn2024finelib"
"University of Eastern Finland",2025,"10.1007/s10067-025-07491-z",TRUE,"FinELib Springer Compact agreement","sn2024finelib"
"University of Eastern Finland",2025,"10.1007/s10163-025-02347-9",TRUE,"FinELib Springer Compact agreement","sn2024finelib"
"University of Eastern Finland",2025,"10.1007/s10237-025-01961-8",TRUE,"FinELib Springer Compact agreement","sn2024finelib"
"University of Eastern Finland",2025,"10.1007/s10342-025-01763-8",TRUE,"FinELib Springer Compact agreement","sn2024finelib"
"University of Eastern Finland",2025,"10.1007/s10342-025-01808-y",TRUE,"FinELib Springer Compact agreement","sn2024finelib"
"University of Eastern Finland",2025,"10.1007/s10342-025-01824-y",TRUE,"FinELib Springer Compact agreement","sn2024finelib"
"University of Eastern Finland",2025,"10.1007/s10439-025-03715-0",TRUE,"FinELib Springer Compact agreement","sn2024finelib"
"University of Eastern Finland",2025,"10.1007/s10439-025-03740-z",TRUE,"FinELib Springer Compact agreement","sn2024finelib"
"University of Eastern Finland",2025,"10.1007/s10439-025-03774-3",TRUE,"FinELib Springer Compact agreement","sn2024finelib"
"University of Eastern Finland",2025,"10.1007/s10439-025-03807-x",TRUE,"FinELib Springer Compact agreement","sn2024finelib"
"University of Eastern Finland",2025,"10.1007/s10476-025-00109-1",TRUE,"FinELib Springer Compact agreement","sn2024finelib"
"University of Eastern Finland",2025,"10.1007/s10476-025-00113-5",TRUE,"FinELib Springer Compact agreement","sn2024finelib"
"University of Eastern Finland",2025,"10.1007/s10522-025-10268-1",TRUE,"FinELib Springer Compact agreement","sn2024finelib"
"University of Eastern Finland",2025,"10.1007/s10522-025-10353-5",TRUE,"FinELib Springer Compact agreement","sn2024finelib"
"University of Eastern Finland",2025,"10.1007/s10534-025-00677-7",TRUE,"FinELib Springer Compact agreement","sn2024finelib"
"University of Eastern Finland",2025,"10.1007/s10639-025-13386-y",TRUE,"FinELib Springer Compact agreement","sn2024finelib"
"University of Eastern Finland",2025,"10.1007/s10758-025-09847-5",TRUE,"FinELib Springer Compact agreement","sn2024finelib"
"University of Eastern Finland",2025,"10.1007/s10823-025-09523-2",TRUE,"FinELib Springer Compact agreement","sn2024finelib"
"University of Eastern Finland",2025,"10.1007/s10826-025-03022-1",TRUE,"FinELib Springer Compact agreement","sn2024finelib"
"University of Eastern Finland",2025,"10.1007/s11013-025-09933-4",TRUE,"FinELib Springer Compact agreement","sn2024finelib"
"University of Eastern Finland",2025,"10.1007/s11205-025-03519-8",TRUE,"FinELib Springer Compact agreement","sn2024finelib"
"University of Eastern Finland",2025,"10.1007/s11205-025-03699-3",TRUE,"FinELib Springer Compact agreement","sn2024finelib"
"University of Eastern Finland",2025,"10.1007/s11270-025-08526-6",TRUE,"FinELib Springer Compact agreement","sn2024finelib"
"University of Eastern Finland",2025,"10.1007/s11270-025-08829-8",TRUE,"FinELib Springer Compact agreement","sn2024finelib"
"University of Eastern Finland",2025,"10.1007/s11306-025-02334-z",TRUE,"FinELib Springer Compact agreement","sn2024finelib"
"University of Eastern Finland",2025,"10.1007/s11356-025-36736-2",TRUE,"FinELib Springer Compact agreement","sn2024finelib"
"University of Eastern Finland",2025,"10.1007/s11368-025-04041-7",TRUE,"FinELib Springer Compact agreement","sn2024finelib"
"University of Eastern Finland",2025,"10.1007/s11676-025-01835-w",TRUE,"FinELib Springer Compact agreement","sn2024finelib"
"University of Eastern Finland",2025,"10.1007/s11676-025-01839-6",TRUE,"FinELib Springer Compact agreement","sn2024finelib"
"University of Eastern Finland",2025,"10.1007/s11676-025-01856-5",FALSE,"FinELib Springer Compact agreement","sn2024finelib"
"University of Eastern Finland",2025,"10.1007/s11676-025-01876-1",TRUE,"FinELib Springer Compact agreement","sn2024finelib"
"University of Eastern Finland",2025,"10.1007/s11829-025-10150-4",TRUE,"FinELib Springer Compact agreement","sn2024finelib"
"University of Eastern Finland",2025,"10.1007/s11856-025-2756-8",TRUE,"FinELib Springer Compact agreement","sn2024finelib"
"University of Eastern Finland",2025,"10.1007/s12027-025-00821-3",TRUE,"FinELib Springer Compact agreement","sn2024finelib"
"University of Eastern Finland",2025,"10.1007/s12031-025-02368-x",TRUE,"FinELib Springer Compact agreement","sn2024finelib"
"University of Eastern Finland",2025,"10.1007/s12061-025-09692-0",TRUE,"FinELib Springer Compact agreement","sn2024finelib"
"University of Eastern Finland",2025,"10.1007/s12144-025-07476-w",TRUE,"FinELib Springer Compact agreement","sn2024finelib"
"University of Eastern Finland",2025,"10.1007/s12144-025-07844-6",TRUE,"FinELib Springer Compact agreement","sn2024finelib"
"University of Eastern Finland",2025,"10.1007/s12155-024-10812-w",TRUE,"FinELib Springer Compact agreement","sn2024finelib"
"University of Eastern Finland",2025,"10.1007/s12155-025-10867-3",TRUE,"FinELib Springer Compact agreement","sn2024finelib"
"University of Eastern Finland",2025,"10.1007/s12187-025-10259-1",TRUE,"FinELib Springer Compact agreement","sn2024finelib"
"University of Eastern Finland",2025,"10.1007/s12685-025-00365-w",TRUE,"FinELib Springer Compact agreement","sn2024finelib"
"University of Eastern Finland",2025,"10.1007/s13280-025-02293-8",TRUE,"FinELib Springer Compact agreement","sn2024finelib"
"University of Eastern Finland",2025,"10.1007/s15010-025-02596-8",TRUE,"FinELib Springer Compact agreement","sn2024finelib"
"University of Eastern Finland",2025,"10.1007/s40273-025-01526-8",TRUE,"FinELib Springer Compact agreement","sn2024finelib"
"University of Eastern Finland",2025,"10.1007/s40319-025-01592-7",TRUE,"FinELib Springer Compact agreement","sn2024finelib"
"University of Eastern Finland",2025,"10.1007/s40319-025-01611-7",TRUE,"FinELib Springer Compact agreement","sn2024finelib"
"University of Eastern Finland",2025,"10.1007/s40593-025-00524-3",TRUE,"FinELib Springer Compact agreement","sn2024finelib"
"University of Eastern Finland",2025,"10.1007/s40653-025-00728-8",TRUE,"FinELib Springer Compact agreement","sn2024finelib"
"University of Eastern Finland",2025,"10.1007/s40725-024-00244-2",TRUE,"FinELib Springer Compact agreement","sn2024finelib"
"University of Eastern Finland",2025,"10.1007/s41055-025-00177-x",TRUE,"FinELib Springer Compact agreement","sn2024finelib"
"University of Eastern Finland",2025,"10.1007/s42979-025-04353-y",TRUE,"FinELib Springer Compact agreement","sn2024finelib"
"University of Eastern Finland",2025,"10.1016/j.anbehav.2025.123273",TRUE,"FinELib Elsevier agreement","els2024finelib"
"University of Eastern Finland",2025,"10.1016/j.anireprosci.2025.107973",TRUE,"FinELib Elsevier agreement","els2024finelib"
"University of Eastern Finland",2025,"10.1016/j.anireprosci.2025.108054",TRUE,"FinELib Elsevier agreement","els2024finelib"
"University of Eastern Finland",2025,"10.1016/j.apcato.2025.207084",FALSE,"FinELib Elsevier agreement","els2024finelib"
"University of Eastern Finland",2025,"10.1016/j.apsusc.2025.163638",TRUE,"FinELib Elsevier agreement","els2024finelib"
"University of Eastern Finland",2025,"10.1016/j.arr.2025.102694",TRUE,"FinELib Elsevier agreement","els2024finelib"
"University of Eastern Finland",2025,"10.1016/j.arr.2025.102796",TRUE,"FinELib Elsevier agreement","els2024finelib"
"University of Eastern Finland",2025,"10.1016/j.arr.2025.102926",TRUE,"FinELib Elsevier agreement","els2024finelib"
"University of Eastern Finland",2025,"10.1016/j.atherosclerosis.2025.120549",TRUE,"FinELib Elsevier agreement","els2024finelib"
"University of Eastern Finland",2025,"10.1016/j.bbalip.2025.159602",TRUE,"FinELib Elsevier agreement","els2024finelib"
"University of Eastern Finland",2025,"10.1016/j.bbi.2025.07.003",TRUE,"FinELib Elsevier agreement","els2024finelib"
"University of Eastern Finland",2025,"10.1016/j.bbi.2025.106071",TRUE,"FinELib Elsevier agreement","els2024finelib"
"University of Eastern Finland",2025,"10.1016/j.bbi.2025.106097",TRUE,"FinELib Elsevier agreement","els2024finelib"
"University of Eastern Finland",2025,"10.1016/j.bbr.2025.115649",TRUE,"FinELib Elsevier agreement","els2024finelib"
"University of Eastern Finland",2025,"10.1016/j.bbrc.2025.151610",TRUE,"FinELib Elsevier agreement","els2024finelib"
"University of Eastern Finland",2025,"10.1016/j.biocon.2025.111147",TRUE,"FinELib Elsevier agreement","els2024finelib"
"University of Eastern Finland",2025,"10.1016/j.biombioe.2025.108110",TRUE,"FinELib Elsevier agreement","els2024finelib"
"University of Eastern Finland",2025,"10.1016/j.bios.2025.117587",TRUE,"FinELib Elsevier agreement","els2024finelib"
"University of Eastern Finland",2025,"10.1016/j.bios.2025.117809",TRUE,"FinELib Elsevier agreement","els2024finelib"
"University of Eastern Finland",2025,"10.1016/j.biteb.2025.102501",TRUE,"FinELib Elsevier agreement","els2024finelib"
"University of Eastern Finland",2025,"10.1016/j.bone.2025.117564",TRUE,"FinELib Elsevier agreement","els2024finelib"
"University of Eastern Finland",2025,"10.1016/j.brachy.2025.09.008",TRUE,"FinELib Elsevier agreement","els2024finelib"
"University of Eastern Finland",2025,"10.1016/j.bulsci.2025.103683",TRUE,"FinELib Elsevier agreement","els2024finelib"
"University of Eastern Finland",2025,"10.1016/j.cct.2025.108060",TRUE,"FinELib Elsevier agreement","els2024finelib"
"University of Eastern Finland",2025,"10.1016/j.cej.2025.164959",TRUE,"FinELib Elsevier agreement","els2024finelib"
"University of Eastern Finland",2025,"10.1016/j.chemosphere.2025.144404",TRUE,"FinELib Elsevier agreement","els2024finelib"
"University of Eastern Finland",2025,"10.1016/j.chiabu.2025.107299",TRUE,"FinELib Elsevier agreement","els2024finelib"
"University of Eastern Finland",2025,"10.1016/j.clnu.2025.09.002",TRUE,"FinELib Elsevier agreement","els2024finelib"
"University of Eastern Finland",2025,"10.1016/j.clnu.2025.106570",TRUE,"FinELib Elsevier agreement","els2024finelib"
"University of Eastern Finland",2025,"10.1016/j.clon.2025.103930",TRUE,"FinELib Elsevier agreement","els2024finelib"
"University of Eastern Finland",2025,"10.1016/j.colsurfb.2025.115338",TRUE,"FinELib Elsevier agreement","els2024finelib"
"University of Eastern Finland",2025,"10.1016/j.compbiomed.2025.110238",TRUE,"FinELib Elsevier agreement","els2024finelib"
"University of Eastern Finland",2025,"10.1016/j.compbiomed.2025.110961",TRUE,"FinELib Elsevier agreement","els2024finelib"
"University of Eastern Finland",2025,"10.1016/j.csl.2025.101840",TRUE,"FinELib Elsevier agreement","els2024finelib"
"University of Eastern Finland",2025,"10.1016/j.csl.2025.101859",TRUE,"FinELib Elsevier agreement","els2024finelib"
"University of Eastern Finland",2025,"10.1016/j.diamond.2025.112477",TRUE,"FinELib Elsevier agreement","els2024finelib"
"University of Eastern Finland",2025,"10.1016/j.ecofro.2025.05.002",TRUE,"FinELib Elsevier agreement","els2024finelib"
"University of Eastern Finland",2025,"10.1016/j.eist.2025.101020",TRUE,"FinELib Elsevier agreement","els2024finelib"
"University of Eastern Finland",2025,"10.1016/j.ejmech.2025.117399",TRUE,"FinELib Elsevier agreement","els2024finelib"
"University of Eastern Finland",2025,"10.1016/j.ejmech.2025.118359",TRUE,"FinELib Elsevier agreement","els2024finelib"
"University of Eastern Finland",2025,"10.1016/j.ejmp.2025.104923",TRUE,"FinELib Elsevier agreement","els2024finelib"
"University of Eastern Finland",2025,"10.1016/j.ejmp.2025.105082",TRUE,"FinELib Elsevier agreement","els2024finelib"
"University of Eastern Finland",2025,"10.1016/j.ejogrb.2025.114721",TRUE,"FinELib Elsevier agreement","els2024finelib"
"University of Eastern Finland",2025,"10.1016/j.ejpb.2025.114797",TRUE,"FinELib Elsevier agreement","els2024finelib"
"University of Eastern Finland",2025,"10.1016/j.ejphar.2025.177409",TRUE,"FinELib Elsevier agreement","els2024finelib"
"University of Eastern Finland",2025,"10.1016/j.ejphar.2025.177886",TRUE,"FinELib Elsevier agreement","els2024finelib"
"University of Eastern Finland",2025,"10.1016/j.ejps.2025.107104",FALSE,"FinELib Elsevier agreement","els2024finelib"
"University of Eastern Finland",2025,"10.1016/j.ejps.2025.107217",FALSE,"FinELib Elsevier agreement","els2024finelib"
"University of Eastern Finland",2025,"10.1016/j.ejps.2025.107249",FALSE,"FinELib Elsevier agreement","els2024finelib"
"University of Eastern Finland",2025,"10.1016/j.ejps.2025.107282",FALSE,"FinELib Elsevier agreement","els2024finelib"
"University of Eastern Finland",2025,"10.1016/j.ejps.2025.107291",FALSE,"FinELib Elsevier agreement","els2024finelib"
"University of Eastern Finland",2025,"10.1016/j.ejps.2025.107299",FALSE,"FinELib Elsevier agreement","els2024finelib"
"University of Eastern Finland",2025,"10.1016/j.ejps.2025.107349",FALSE,"FinELib Elsevier agreement","els2024finelib"
"University of Eastern Finland",2025,"10.1016/j.ejps.2025.107414",FALSE,"FinELib Elsevier agreement","els2024finelib"
"University of Eastern Finland",2025,"10.1016/j.envpol.2025.127113",TRUE,"FinELib Elsevier agreement","els2024finelib"
"University of Eastern Finland",2025,"10.1016/j.envres.2025.121177",TRUE,"FinELib Elsevier agreement","els2024finelib"
"University of Eastern Finland",2025,"10.1016/j.envres.2025.121186",TRUE,"FinELib Elsevier agreement","els2024finelib"
"University of Eastern Finland",2025,"10.1016/j.envres.2025.121819",TRUE,"FinELib Elsevier agreement","els2024finelib"
"University of Eastern Finland",2025,"10.1016/j.enzmictec.2025.110661",TRUE,"FinELib Elsevier agreement","els2024finelib"
"University of Eastern Finland",2025,"10.1016/j.eplepsyres.2025.107667",TRUE,"FinELib Elsevier agreement","els2024finelib"
"University of Eastern Finland",2025,"10.1016/j.exer.2025.110766",TRUE,"FinELib Elsevier agreement","els2024finelib"
"University of Eastern Finland",2025,"10.1016/j.expneurol.2025.115632",TRUE,"FinELib Elsevier agreement","els2024finelib"
"University of Eastern Finland",2025,"10.1016/j.foreco.2025.122497",TRUE,"FinELib Elsevier agreement","els2024finelib"
"University of Eastern Finland",2025,"10.1016/j.foreco.2025.122845",TRUE,"FinELib Elsevier agreement","els2024finelib"
"University of Eastern Finland",2025,"10.1016/j.foreco.2025.122856",TRUE,"FinELib Elsevier agreement","els2024finelib"
"University of Eastern Finland",2025,"10.1016/j.foreco.2025.123436",TRUE,"FinELib Elsevier agreement","els2024finelib"
"University of Eastern Finland",2025,"10.1016/j.forpol.2025.103570",TRUE,"FinELib Elsevier agreement","els2024finelib"
"University of Eastern Finland",2025,"10.1016/j.forpol.2025.103586",TRUE,"FinELib Elsevier agreement","els2024finelib"
"University of Eastern Finland",2025,"10.1016/j.freeradbiomed.2025.10.255",TRUE,"FinELib Elsevier agreement","els2024finelib"
"University of Eastern Finland",2025,"10.1016/j.fuel.2025.137738",TRUE,"FinELib Elsevier agreement","els2024finelib"
"University of Eastern Finland",2025,"10.1016/j.healthpol.2025.105501",TRUE,"FinELib Elsevier agreement","els2024finelib"
"University of Eastern Finland",2025,"10.1016/j.hrthm.2025.02.045",TRUE,"FinELib Elsevier agreement","els2024finelib"
"University of Eastern Finland",2025,"10.1016/j.ibiod.2025.106014",TRUE,"FinELib Elsevier agreement","els2024finelib"
"University of Eastern Finland",2025,"10.1016/j.ibusrev.2025.102455",TRUE,"FinELib Elsevier agreement","els2024finelib"
"University of Eastern Finland",2025,"10.1016/j.ienj.2025.101649",TRUE,"FinELib Elsevier agreement","els2024finelib"
"University of Eastern Finland",2025,"10.1016/j.iheduc.2025.101031",TRUE,"FinELib Elsevier agreement","els2024finelib"
"University of Eastern Finland",2025,"10.1016/j.ijantimicag.2025.107508",TRUE,"FinELib Elsevier agreement","els2024finelib"
"University of Eastern Finland",2025,"10.1016/j.ijer.2025.102769",TRUE,"FinELib Elsevier agreement","els2024finelib"
"University of Eastern Finland",2025,"10.1016/j.ijme.2025.101306",TRUE,"FinELib Elsevier agreement","els2024finelib"
"University of Eastern Finland",2025,"10.1016/j.ijmedinf.2025.105796",TRUE,"FinELib Elsevier agreement","els2024finelib"
"University of Eastern Finland",2025,"10.1016/j.ijnurstu.2025.105203",TRUE,"FinELib Elsevier agreement","els2024finelib"
"University of Eastern Finland",2025,"10.1016/j.indcrop.2025.122567",FALSE,"FinELib Elsevier agreement","els2024finelib"
"University of Eastern Finland",2025,"10.1016/j.indmarman.2025.01.006",TRUE,"FinELib Elsevier agreement","els2024finelib"
"University of Eastern Finland",2025,"10.1016/j.inffus.2025.103202",TRUE,"FinELib Elsevier agreement","els2024finelib"
"University of Eastern Finland",2025,"10.1016/j.jaging.2025.101342",TRUE,"FinELib Elsevier agreement","els2024finelib"
"University of Eastern Finland",2025,"10.1016/j.jaging.2025.101361",TRUE,"FinELib Elsevier agreement","els2024finelib"
"University of Eastern Finland",2025,"10.1016/j.jbiomech.2025.112646",TRUE,"FinELib Elsevier agreement","els2024finelib"
"University of Eastern Finland",2025,"10.1016/j.jbiomech.2025.112772",TRUE,"FinELib Elsevier agreement","els2024finelib"
"University of Eastern Finland",2025,"10.1016/j.jbiomech.2025.112929",TRUE,"FinELib Elsevier agreement","els2024finelib"
"University of Eastern Finland",2025,"10.1016/j.jclepro.2025.146215",TRUE,"FinELib Elsevier agreement","els2024finelib"
"University of Eastern Finland",2025,"10.1016/j.jconrel.2025.113823",TRUE,"FinELib Elsevier agreement","els2024finelib"
"University of Eastern Finland",2025,"10.1016/j.jenvman.2025.125903",TRUE,"FinELib Elsevier agreement","els2024finelib"
"University of Eastern Finland",2025,"10.1016/j.jenvrad.2025.107795",TRUE,"FinELib Elsevier agreement","els2024finelib"
"University of Eastern Finland",2025,"10.1016/j.jfca.2025.108204",FALSE,"FinELib Elsevier agreement","els2024finelib"
"University of Eastern Finland",2025,"10.1016/j.jhazmat.2025.140055",TRUE,"FinELib Elsevier agreement","els2024finelib"
"University of Eastern Finland",2025,"10.1016/j.jhydrol.2025.134319",TRUE,"FinELib Elsevier agreement","els2024finelib"
"University of Eastern Finland",2025,"10.1016/j.jmaa.2025.129360",TRUE,"FinELib Elsevier agreement","els2024finelib"
"University of Eastern Finland",2025,"10.1016/j.jmaa.2025.130336",TRUE,"FinELib Elsevier agreement","els2024finelib"
"University of Eastern Finland",2025,"10.1016/j.jneumeth.2025.110671",TRUE,"FinELib Elsevier agreement","els2024finelib"
"University of Eastern Finland",2025,"10.1016/j.jns.2025.123696",TRUE,"FinELib Elsevier agreement","els2024finelib"
"University of Eastern Finland",2025,"10.1016/j.jnutbio.2025.109885",TRUE,"FinELib Elsevier agreement","els2024finelib"
"University of Eastern Finland",2025,"10.1016/j.jort.2025.100927",TRUE,"FinELib Elsevier agreement","els2024finelib"
"University of Eastern Finland",2025,"10.1016/j.jpsychires.2025.09.063",TRUE,"FinELib Elsevier agreement","els2024finelib"
"University of Eastern Finland",2025,"10.1016/j.jri.2025.104431",TRUE,"FinELib Elsevier agreement","els2024finelib"
"University of Eastern Finland",2025,"10.1016/j.jrurstud.2025.103656",TRUE,"FinELib Elsevier agreement","els2024finelib"
"University of Eastern Finland",2025,"10.1016/j.jrurstud.2025.103881",TRUE,"FinELib Elsevier agreement","els2024finelib"
"University of Eastern Finland",2025,"10.1016/j.jss.2025.112725",TRUE,"FinELib Elsevier agreement","els2024finelib"
"University of Eastern Finland",2025,"10.1016/j.landusepol.2025.107502",TRUE,"FinELib Elsevier agreement","els2024finelib"
"University of Eastern Finland",2025,"10.1016/j.lecon.2025.100012",TRUE,"FinELib Elsevier agreement","els2024finelib"
"University of Eastern Finland",2025,"10.1016/j.lfs.2025.123486",TRUE,"FinELib Elsevier agreement","els2024finelib"
"University of Eastern Finland",2025,"10.1016/j.lindif.2025.102675",TRUE,"FinELib Elsevier agreement","els2024finelib"
"University of Eastern Finland",2025,"10.1016/j.lingua.2025.103931",TRUE,"FinELib Elsevier agreement","els2024finelib"
"University of Eastern Finland",2025,"10.1016/j.marpol.2025.106728",TRUE,"FinELib Elsevier agreement","els2024finelib"
"University of Eastern Finland",2025,"10.1016/j.marpolbul.2025.119150",TRUE,"FinELib Elsevier agreement","els2024finelib"
"University of Eastern Finland",2025,"10.1016/j.mayocp.2025.06.021",TRUE,"FinELib Elsevier agreement","els2024finelib"
"University of Eastern Finland",2025,"10.1016/j.medengphy.2025.104313",TRUE,"FinELib Elsevier agreement","els2024finelib"
"University of Eastern Finland",2025,"10.1016/j.midw.2025.104434",TRUE,"FinELib Elsevier agreement","els2024finelib"
"University of Eastern Finland",2025,"10.1016/j.midw.2025.104614",TRUE,"FinELib Elsevier agreement","els2024finelib"
"University of Eastern Finland",2025,"10.1016/j.molstruc.2025.141774",TRUE,"FinELib Elsevier agreement","els2024finelib"
"University of Eastern Finland",2025,"10.1016/j.nedt.2025.106668",TRUE,"FinELib Elsevier agreement","els2024finelib"
"University of Eastern Finland",2025,"10.1016/j.nedt.2025.106716",TRUE,"FinELib Elsevier agreement","els2024finelib"
"University of Eastern Finland",2025,"10.1016/j.neucom.2025.130304",TRUE,"FinELib Elsevier agreement","els2024finelib"
"University of Eastern Finland",2025,"10.1016/j.neurobiolaging.2025.06.010",TRUE,"FinELib Elsevier agreement","els2024finelib"
"University of Eastern Finland",2025,"10.1016/j.neuroscience.2025.09.054",TRUE,"FinELib Elsevier agreement","els2024finelib"
"University of Eastern Finland",2025,"10.1016/j.nucengdes.2025.114440",TRUE,"FinELib Elsevier agreement","els2024finelib"
"University of Eastern Finland",2025,"10.1016/j.numecd.2025.103873",TRUE,"FinELib Elsevier agreement","els2024finelib"
"University of Eastern Finland",2025,"10.1016/j.paid.2025.113497",TRUE,"FinELib Elsevier agreement","els2024finelib"
"University of Eastern Finland",2025,"10.1016/j.parkreldis.2025.107846",TRUE,"FinELib Elsevier agreement","els2024finelib"
"University of Eastern Finland",2025,"10.1016/j.pcad.2025.08.007",TRUE,"FinELib Elsevier agreement","els2024finelib"
"University of Eastern Finland",2025,"10.1016/j.pcd.2025.01.001",TRUE,"FinELib Elsevier agreement","els2024finelib"
"University of Eastern Finland",2025,"10.1016/j.pdpdt.2025.105251",FALSE,"FinELib Elsevier agreement","els2024finelib"
"University of Eastern Finland",2025,"10.1016/j.phrs.2025.107892",FALSE,"FinELib Elsevier agreement","els2024finelib"
"University of Eastern Finland",2025,"10.1016/j.resourpol.2025.105825",TRUE,"FinELib Elsevier agreement","els2024finelib"
"University of Eastern Finland",2025,"10.1016/j.robot.2025.105167",TRUE,"FinELib Elsevier agreement","els2024finelib"
"University of Eastern Finland",2025,"10.1016/j.rsase.2025.101755",TRUE,"FinELib Elsevier agreement","els2024finelib"
"University of Eastern Finland",2025,"10.1016/j.rse.2025.114921",TRUE,"FinELib Elsevier agreement","els2024finelib"
"University of Eastern Finland",2025,"10.1016/j.scitotenv.2025.178982",TRUE,"FinELib Elsevier agreement","els2024finelib"
"University of Eastern Finland",2025,"10.1016/j.scitotenv.2025.179287",TRUE,"FinELib Elsevier agreement","els2024finelib"
"University of Eastern Finland",2025,"10.1016/j.scitotenv.2025.180341",TRUE,"FinELib Elsevier agreement","els2024finelib"
"University of Eastern Finland",2025,"10.1016/j.scitotenv.2025.180572",TRUE,"FinELib Elsevier agreement","els2024finelib"
"University of Eastern Finland",2025,"10.1016/j.specom.2025.103299",TRUE,"FinELib Elsevier agreement","els2024finelib"
"University of Eastern Finland",2025,"10.1016/j.taap.2025.117335",TRUE,"FinELib Elsevier agreement","els2024finelib"
"University of Eastern Finland",2025,"10.1016/j.tate.2025.105152",TRUE,"FinELib Elsevier agreement","els2024finelib"
"University of Eastern Finland",2025,"10.1016/j.tbs.2025.101154",TRUE,"FinELib Elsevier agreement","els2024finelib"
"University of Eastern Finland",2025,"10.1016/j.tcm.2025.10.002",TRUE,"FinELib Elsevier agreement","els2024finelib"
"University of Eastern Finland",2025,"10.1016/j.teln.2025.10.004",TRUE,"FinELib Elsevier agreement","els2024finelib"
"University of Eastern Finland",2025,"10.1016/j.tiv.2025.106189",TRUE,"FinELib Elsevier agreement","els2024finelib"
"University of Eastern Finland",2025,"10.1016/j.tjnut.2025.09.012",TRUE,"FinELib Elsevier agreement","els2024finelib"
"University of Eastern Finland",2025,"10.1016/j.tjnut.2025.101318",TRUE,"FinELib Elsevier agreement","els2024finelib"
"University of Eastern Finland",2025,"10.1016/j.tourman.2025.105322",TRUE,"FinELib Elsevier agreement","els2024finelib"
"University of Eastern Finland",2025,"10.1016/j.trd.2025.104601",TRUE,"FinELib Elsevier agreement","els2024finelib"
"University of Eastern Finland",2025,"10.1016/j.ufug.2025.128672",TRUE,"FinELib Elsevier agreement","els2024finelib"
"University of Eastern Finland",2025,"10.1016/j.ufug.2025.129036",TRUE,"FinELib Elsevier agreement","els2024finelib"
"University of Eastern Finland",2025,"10.1016/j.wasman.2025.115083",TRUE,"FinELib Elsevier agreement","els2024finelib"
"University of Eastern Finland",2025,"10.1016/j.yebeh.2025.110618",TRUE,"FinELib Elsevier agreement","els2024finelib"
"University of Eastern Finland",2025,"10.1016/j.yexcr.2025.114466",TRUE,"FinELib Elsevier agreement","els2024finelib"
"University of Eastern Finland",2025,"10.1016/j.ymthe.2025.03.012",TRUE,"FinELib Elsevier agreement","els2024finelib"
"University of Eastern Finland",2025,"10.1017/bca.2025.10033",FALSE,"FinELib CUP agreement","cam2024finelib"
"University of Eastern Finland",2025,"10.1017/ics.2025.10052",FALSE,"FinELib CUP agreement","cam2024finelib"
"University of Eastern Finland",2025,"10.1017/ics.2025.4",FALSE,"FinELib CUP agreement","cam2024finelib"
"University of Eastern Finland",2025,"10.1017/S0007114525000492",TRUE,"FinELib CUP agreement","cam2024finelib"
"University of Eastern Finland",2025,"10.1017/S0007114525103565",TRUE,"FinELib CUP agreement","cam2024finelib"
"University of Eastern Finland",2025,"10.1017/S0007114525103772",TRUE,"FinELib CUP agreement","cam2024finelib"
"University of Eastern Finland",2025,"10.1017/S0008197325101025",TRUE,"FinELib CUP agreement","cam2024finelib"
"University of Eastern Finland",2025,"10.1017/S0922156525000019",FALSE,"FinELib CUP agreement","cam2024finelib"
"University of Eastern Finland",2025,"10.1017/S1368980025101547",FALSE,"FinELib CUP agreement","cam2024finelib"
"University of Eastern Finland",2025,"10.1017/S1478572225100133",TRUE,"FinELib CUP agreement","cam2024finelib"
"University of Eastern Finland",2025,"10.1017/S1478951525100461",FALSE,"FinELib CUP agreement","cam2024finelib"
"University of Eastern Finland",2025,"10.1017/S2045381725000012",FALSE,"FinELib CUP agreement","cam2024finelib"
"University of Eastern Finland",2025,"10.1029/2024JG008113",TRUE,"FinELib Wiley agreement","wiley2025finelib"
"University of Eastern Finland",2025,"10.1029/2025JD043926",TRUE,"FinELib Wiley agreement","wiley2025finelib"
"University of Eastern Finland",2025,"10.1029/2025JG009061",TRUE,"FinELib Wiley agreement","wiley2025finelib"
"University of Eastern Finland",2025,"10.1038/s41366-025-01774-w",TRUE,"FinELib Springer Compact agreement","sn2024finelib"
"University of Eastern Finland",2025,"10.1038/s41380-025-03272-x",TRUE,"FinELib Springer Compact agreement","sn2024finelib"
"University of Eastern Finland",2025,"10.1038/s41386-025-02219-8",TRUE,"FinELib Springer Compact agreement","sn2024finelib"
"University of Eastern Finland",2025,"10.1038/s41388-025-03305-3",TRUE,"FinELib Springer Compact agreement","sn2024finelib"
"University of Eastern Finland",2025,"10.1038/s41390-025-03968-4",TRUE,"FinELib Springer Compact agreement","sn2024finelib"
"University of Eastern Finland",2025,"10.1038/s41390-025-04464-5",TRUE,"FinELib Springer Compact agreement","sn2024finelib"
"University of Eastern Finland",2025,"10.1038/s41437-025-00759-9",TRUE,"FinELib Springer Compact agreement","sn2024finelib"
"University of Eastern Finland",2025,"10.1038/s41561-025-01662-y",TRUE,"FinELib Nature Research agreement","sn2025finelib"
"University of Eastern Finland",2025,"10.1057/s41292-025-00348-3",TRUE,"FinELib Springer Compact agreement","sn2024finelib"
"University of Eastern Finland",2025,"10.1080/00032719.2025.2488835",TRUE,"FinELib Taylor & Francis agreement","tf2025finelib"
"University of Eastern Finland",2025,"10.1080/00220272.2025.2536272",TRUE,"FinELib Taylor & Francis agreement","tf2025finelib"
"University of Eastern Finland",2025,"10.1080/00220272.2025.2560843",TRUE,"FinELib Taylor & Francis agreement","tf2025finelib"
"University of Eastern Finland",2025,"10.1080/00291951.2025.2572561",TRUE,"FinELib Taylor & Francis agreement","tf2025finelib"
"University of Eastern Finland",2025,"10.1080/00313831.2025.2486799",TRUE,"FinELib Taylor & Francis agreement","tf2025finelib"
"University of Eastern Finland",2025,"10.1080/00313831.2025.2492052",TRUE,"FinELib Taylor & Francis agreement","tf2025finelib"
"University of Eastern Finland",2025,"10.1080/00313831.2025.2506376",TRUE,"FinELib Taylor & Francis agreement","tf2025finelib"
"University of Eastern Finland",2025,"10.1080/00313831.2025.2506389",TRUE,"FinELib Taylor & Francis agreement","tf2025finelib"
"University of Eastern Finland",2025,"10.1080/00313831.2025.2517320",TRUE,"FinELib Taylor & Francis agreement","tf2025finelib"
"University of Eastern Finland",2025,"10.1080/00313831.2025.2554728",TRUE,"FinELib Taylor & Francis agreement","tf2025finelib"
"University of Eastern Finland",2025,"10.1080/00313831.2025.2558722",TRUE,"FinELib Taylor & Francis agreement","tf2025finelib"
"University of Eastern Finland",2025,"10.1080/00313831.2025.2591156",TRUE,"FinELib Taylor & Francis agreement","tf2025finelib"
"University of Eastern Finland",2025,"10.1080/00343404.2025.2495323",TRUE,"FinELib Taylor & Francis agreement","tf2025finelib"
"University of Eastern Finland",2025,"10.1080/00344087.2025.2510741",TRUE,"FinELib Taylor & Francis agreement","tf2025finelib"
"University of Eastern Finland",2025,"10.1080/00344087.2025.2511542",TRUE,"FinELib Taylor & Francis agreement","tf2025finelib"
"University of Eastern Finland",2025,"10.1080/00344893.2025.2500354",TRUE,"FinELib Taylor & Francis agreement","tf2025finelib"
"University of Eastern Finland",2025,"10.1080/00472778.2025.2578448",TRUE,"FinELib Taylor & Francis agreement","tf2025finelib"
"University of Eastern Finland",2025,"10.1080/00908320.2025.2587359",TRUE,"FinELib Taylor & Francis agreement","tf2025finelib"
"University of Eastern Finland",2025,"10.1080/01425692.2025.2581186",TRUE,"FinELib Taylor & Francis agreement","tf2025finelib"
"University of Eastern Finland",2025,"10.1080/01431161.2025.2562006",TRUE,"FinELib Taylor & Francis agreement","tf2025finelib"
"University of Eastern Finland",2025,"10.1080/02602938.2025.2553341",TRUE,"FinELib Taylor & Francis agreement","tf2025finelib"
"University of Eastern Finland",2025,"10.1080/02614367.2025.2549974",TRUE,"FinELib Taylor & Francis agreement","tf2025finelib"
"University of Eastern Finland",2025,"10.1080/02619768.2025.2505021",TRUE,"FinELib Taylor & Francis agreement","tf2025finelib"
"University of Eastern Finland",2025,"10.1080/02827581.2025.2457469",TRUE,"FinELib Taylor & Francis agreement","tf2025finelib"
"University of Eastern Finland",2025,"10.1080/02827581.2025.2483335",TRUE,"FinELib Taylor & Francis agreement","tf2025finelib"
"University of Eastern Finland",2025,"10.1080/02827581.2025.2553745",TRUE,"FinELib Taylor & Francis agreement","tf2025finelib"
"University of Eastern Finland",2025,"10.1080/02827581.2025.2567478",TRUE,"FinELib Taylor & Francis agreement","tf2025finelib"
"University of Eastern Finland",2025,"10.1080/03068374.2025.2458768",TRUE,"FinELib Taylor & Francis agreement","tf2025finelib"
"University of Eastern Finland",2025,"10.1080/03069885.2025.2582860",TRUE,"FinELib Taylor & Francis agreement","tf2025finelib"
"University of Eastern Finland",2025,"10.1080/03601277.2025.2535494",TRUE,"FinELib Taylor & Francis agreement","tf2025finelib"
"University of Eastern Finland",2025,"10.1080/03601277.2025.2536613",TRUE,"FinELib Taylor & Francis agreement","tf2025finelib"
"University of Eastern Finland",2025,"10.1080/07036337.2025.2460194",TRUE,"FinELib Taylor & Francis agreement","tf2025finelib"
"University of Eastern Finland",2025,"10.1080/08038740.2025.2551776",TRUE,"FinELib Taylor & Francis agreement","tf2025finelib"
"University of Eastern Finland",2025,"10.1080/08865655.2025.2565561",TRUE,"FinELib Taylor & Francis agreement","tf2025finelib"
"University of Eastern Finland",2025,"10.1080/0907676X.2025.2450642",TRUE,"FinELib Taylor & Francis agreement","tf2025finelib"
"University of Eastern Finland",2025,"10.1080/09500693.2025.2573050",TRUE,"FinELib Taylor & Francis agreement","tf2025finelib"
"University of Eastern Finland",2025,"10.1080/09500693.2025.2579584",TRUE,"FinELib Taylor & Francis agreement","tf2025finelib"
"University of Eastern Finland",2025,"10.1080/09515089.2025.2553758",TRUE,"FinELib Taylor & Francis agreement","tf2025finelib"
"University of Eastern Finland",2025,"10.1080/09523367.2025.2531196",TRUE,"FinELib Taylor & Francis agreement","tf2025finelib"
"University of Eastern Finland",2025,"10.1080/09540253.2025.2544532",TRUE,"FinELib Taylor & Francis agreement","tf2025finelib"
"University of Eastern Finland",2025,"10.1080/09593969.2025.2543824",TRUE,"FinELib Taylor & Francis agreement","tf2025finelib"
"University of Eastern Finland",2025,"10.1080/09615768.2025.2553940",TRUE,"FinELib Taylor & Francis agreement","tf2025finelib"
"University of Eastern Finland",2025,"10.1080/09639284.2025.2483835",TRUE,"FinELib Taylor & Francis agreement","tf2025finelib"
"University of Eastern Finland",2025,"10.1080/09639489.2025.2556705",TRUE,"FinELib Taylor & Francis agreement","tf2025finelib"
"University of Eastern Finland",2025,"10.1080/09644016.2025.2510063",TRUE,"FinELib Taylor & Francis agreement","tf2025finelib"
"University of Eastern Finland",2025,"10.1080/09699082.2026.2583636",TRUE,"FinELib Taylor & Francis agreement","tf2025finelib"
"University of Eastern Finland",2025,"10.1080/10438599.2025.2533188",TRUE,"FinELib Taylor & Francis agreement","tf2025finelib"
"University of Eastern Finland",2025,"10.1080/13229400.2025.2476490",TRUE,"FinELib Taylor & Francis agreement","tf2025finelib"
"University of Eastern Finland",2025,"10.1080/13504622.2025.2585869",TRUE,"FinELib Taylor & Francis agreement","tf2025finelib"
"University of Eastern Finland",2025,"10.1080/13504630.2025.2453158",TRUE,"FinELib Taylor & Francis agreement","tf2025finelib"
"University of Eastern Finland",2025,"10.1080/13534645.2024.2494397",TRUE,"FinELib Taylor & Francis agreement","tf2025finelib"
"University of Eastern Finland",2025,"10.1080/13537903.2025.2465026",TRUE,"FinELib Taylor & Francis agreement","tf2025finelib"
"University of Eastern Finland",2025,"10.1080/13603116.2025.2581766",TRUE,"FinELib Taylor & Francis agreement","tf2025finelib"
"University of Eastern Finland",2025,"10.1080/13617427.2025.2506904",TRUE,"FinELib Taylor & Francis agreement","tf2025finelib"
"University of Eastern Finland",2025,"10.1080/1369183X.2025.2565913",TRUE,"FinELib Taylor & Francis agreement","tf2025finelib"
"University of Eastern Finland",2025,"10.1080/14409917.2025.2565750",TRUE,"FinELib Taylor & Francis agreement","tf2025finelib"
"University of Eastern Finland",2025,"10.1080/14479338.2025.2573102",TRUE,"FinELib Taylor & Francis agreement","tf2025finelib"
"University of Eastern Finland",2025,"10.1080/14480220.2025.2552699",TRUE,"FinELib Taylor & Francis agreement","tf2025finelib"
"University of Eastern Finland",2025,"10.1080/14631377.2025.2576190",TRUE,"FinELib Taylor & Francis agreement","tf2025finelib"
"University of Eastern Finland",2025,"10.1080/14693062.2025.2513023",TRUE,"FinELib Taylor & Francis agreement","tf2025finelib"
"University of Eastern Finland",2025,"10.1080/14693062.2025.2557234",TRUE,"FinELib Taylor & Francis agreement","tf2025finelib"
"University of Eastern Finland",2025,"10.1080/14737167.2025.2519744",TRUE,"FinELib Taylor & Francis agreement","tf2025finelib"
"University of Eastern Finland",2025,"10.1080/15228835.2025.2537067",TRUE,"FinELib Taylor & Francis agreement","tf2025finelib"
"University of Eastern Finland",2025,"10.1080/15405702.2025.2495810",TRUE,"FinELib Taylor & Francis agreement","tf2025finelib"
"University of Eastern Finland",2025,"10.1080/15459624.2025.2555299",TRUE,"FinELib Taylor & Francis agreement","tf2025finelib"
"University of Eastern Finland",2025,"10.1080/15548732.2025.2503196",TRUE,"FinELib Taylor & Francis agreement","tf2025finelib"
"University of Eastern Finland",2025,"10.1080/17430437.2025.2481717",TRUE,"FinELib Taylor & Francis agreement","tf2025finelib"
"University of Eastern Finland",2025,"10.1080/17448689.2025.2480068",TRUE,"FinELib Taylor & Francis agreement","tf2025finelib"
"University of Eastern Finland",2025,"10.1080/17502977.2025.2554428",TRUE,"FinELib Taylor & Francis agreement","tf2025finelib"
"University of Eastern Finland",2025,"10.1080/1750743X.2025.2492541",TRUE,"FinELib Taylor & Francis agreement","tf2025finelib"
"University of Eastern Finland",2025,"10.1080/18902138.2025.2575540",TRUE,"FinELib Taylor & Francis agreement","tf2025finelib"
"University of Eastern Finland",2025,"10.1080/18918131.2025.2509203",TRUE,"FinELib Taylor & Francis agreement","tf2025finelib"
"University of Eastern Finland",2025,"10.1080/19012276.2025.2591095",TRUE,"FinELib Taylor & Francis agreement","tf2025finelib"
"University of Eastern Finland",2025,"10.1080/2156857X.2025.2554878",TRUE,"FinELib Taylor & Francis agreement","tf2025finelib"
"University of Eastern Finland",2025,"10.1080/2201473X.2025.2557794",TRUE,"FinELib Taylor & Francis agreement","tf2025finelib"
"University of Eastern Finland",2025,"10.1080/23251042.2025.2487962",TRUE,"FinELib Taylor & Francis agreement","tf2025finelib"
"University of Eastern Finland",2025,"10.1080/23324309.2025.2591676",TRUE,"FinELib Taylor & Francis agreement","tf2025finelib"
"University of Eastern Finland",2025,"10.1080/23745118.2025.2476484",TRUE,"FinELib Taylor & Francis agreement","tf2025finelib"
"University of Eastern Finland",2025,"10.1080/24748668.2025.2478698",TRUE,"FinELib Taylor & Francis agreement","tf2025finelib"
"University of Eastern Finland",2025,"10.1080/29949769.2025.2576033",TRUE,"FinELib Taylor & Francis agreement","tf2025finelib"
"University of Eastern Finland",2025,"10.1080/87559129.2025.2525430",TRUE,"FinELib Taylor & Francis agreement","tf2025finelib"
"University of Eastern Finland",2025,"10.1093/ageing/afaf305",TRUE,"FinELib OUP agreement","oxf2024finelib"
"University of Eastern Finland",2025,"10.1093/brain/awaf277",TRUE,"FinELib OUP agreement","oxf2024finelib"
"University of Eastern Finland",2025,"10.1093/cercor/bhaf194",TRUE,"FinELib OUP agreement","oxf2024finelib"
"University of Eastern Finland",2025,"10.1093/cercor/bhaf337",TRUE,"FinELib OUP agreement","oxf2024finelib"
"University of Eastern Finland",2025,"10.1093/cvr/cvaf210",TRUE,"FinELib OUP agreement","oxf2024finelib"
"University of Eastern Finland",2025,"10.1093/ejendo/lvaf235",TRUE,"FinELib OUP agreement","oxf2024finelib"
"University of Eastern Finland",2025,"10.1093/etojnl/vgaf128",TRUE,"FinELib OUP agreement","oxf2024finelib"
"University of Eastern Finland",2025,"10.1093/eurjpc/zwaf744",TRUE,"FinELib OUP agreement","oxf2024finelib"
"University of Eastern Finland",2025,"10.1093/forestry/cpaf028",TRUE,"FinELib OUP agreement","oxf2024finelib"
"University of Eastern Finland",2025,"10.1093/forestry/cpaf058",TRUE,"FinELib OUP agreement","oxf2024finelib"
"University of Eastern Finland",2025,"10.1093/forestry/cpaf089",TRUE,"FinELib OUP agreement","oxf2024finelib"
"University of Eastern Finland",2025,"10.1093/gerona/glaf077",TRUE,"FinELib OUP agreement","oxf2024finelib"
"University of Eastern Finland",2025,"10.1093/hrlr/ngaf051",TRUE,"FinELib OUP agreement","oxf2024finelib"
"University of Eastern Finland",2025,"10.1093/imaman/dpaf032",TRUE,"FinELib OUP agreement","oxf2024finelib"
"University of Eastern Finland",2025,"10.1093/jambio/lxaf004",TRUE,"FinELib OUP agreement","oxf2024finelib"
"University of Eastern Finland",2025,"10.1093/jbmr/zjaf104",TRUE,"FinELib OUP agreement","oxf2024finelib"
"University of Eastern Finland",2025,"10.1093/jphsr/rmaf024",TRUE,"FinELib OUP agreement","oxf2024finelib"
"University of Eastern Finland",2025,"10.1093/jwelb/jwaf012",TRUE,"FinELib OUP agreement","oxf2024finelib"
"University of Eastern Finland",2025,"10.1093/jwelb/jwaf023",TRUE,"FinELib OUP agreement","oxf2024finelib"
"University of Eastern Finland",2025,"10.1093/rpd/ncaf182",TRUE,"FinELib OUP agreement","oxf2024finelib"
"University of Eastern Finland",2025,"10.1093/schbul/sbaf246",TRUE,"FinELib OUP agreement","oxf2024finelib"
"University of Eastern Finland",2025,"10.1093/sleep/zsaf382",TRUE,"FinELib OUP agreement","oxf2024finelib"
"University of Eastern Finland",2025,"10.1093/yiel/yvaf030",TRUE,"FinELib OUP agreement","oxf2024finelib"
"University of Eastern Finland",2025,"10.1097/BRS.0000000000005323",TRUE,"FinELib Wolters Kluwer Lippincott agreement","lww2025finelib"
"University of Eastern Finland",2025,"10.1097/BRS.0000000000005658",TRUE,"FinELib Wolters Kluwer Lippincott agreement","lww2025finelib"
"University of Eastern Finland",2025,"10.1097/EDE.0000000000001831",TRUE,"FinELib Wolters Kluwer Lippincott agreement","lww2025finelib"
"University of Eastern Finland",2025,"10.1097/JCN.0000000000001232",TRUE,"FinELib Wolters Kluwer Lippincott agreement","lww2025finelib"
"University of Eastern Finland",2025,"10.1097/MD.0000000000042726",FALSE,"FinELib Wolters Kluwer Lippincott agreement","lww2025finelib"
"University of Eastern Finland",2025,"10.1097/NNA.0000000000001672",TRUE,"FinELib Wolters Kluwer Lippincott agreement","lww2025finelib"
"University of Eastern Finland",2025,"10.1097/NNR.0000000000000837",TRUE,"FinELib Wolters Kluwer Lippincott agreement","lww2025finelib"
"University of Eastern Finland",2025,"10.1108/EJM-06-2024-0481",TRUE,"FinELib Emerald agreement","eme2025finelib"
"University of Eastern Finland",2025,"10.1108/HE-03-2024-0041",TRUE,"FinELib Emerald agreement","eme2025finelib"
"University of Eastern Finland",2025,"10.1108/IJPSM-03-2024-0062",TRUE,"FinELib Emerald agreement","eme2025finelib"
"University of Eastern Finland",2025,"10.1108/IJSSP-04-2025-0232",TRUE,"FinELib Emerald agreement","eme2025finelib"
"University of Eastern Finland",2025,"10.1108/JIC-06-2024-0196",TRUE,"FinELib Emerald agreement","eme2025finelib"
"University of Eastern Finland",2025,"10.1108/JMH-11-2024-0182",TRUE,"FinELib Emerald agreement","eme2025finelib"
"University of Eastern Finland",2025,"10.1108/QROM-08-2024-2794",TRUE,"FinELib Emerald agreement","eme2025finelib"
"University of Eastern Finland",2025,"10.1109/ACCESS.2025.3607849",FALSE,"FinELib IEEE agreement","ieee2024finelib"
"University of Eastern Finland",2025,"10.1109/ACCESS.2025.3611303",FALSE,"FinELib IEEE agreement","ieee2024finelib"
"University of Eastern Finland",2025,"10.1109/ACCESS.2025.3622316",FALSE,"FinELib IEEE agreement","ieee2024finelib"
"University of Eastern Finland",2025,"10.1109/ACCESS.2025.3633584",FALSE,"FinELib IEEE agreement","ieee2024finelib"
"University of Eastern Finland",2025,"10.1109/JBHI.2025.3541453",TRUE,"FinELib IEEE agreement","ieee2024finelib"
"University of Eastern Finland",2025,"10.1109/TBME.2025.3594249",TRUE,"FinELib IEEE agreement","ieee2024finelib"
"University of Eastern Finland",2025,"10.1109/TBME.2025.3623380",TRUE,"FinELib IEEE agreement","ieee2024finelib"
"University of Eastern Finland",2025,"10.1109/TCBBIO.2025.3617088",TRUE,"FinELib IEEE agreement","ieee2024finelib"
"University of Eastern Finland",2025,"10.1109/TKDE.2025.3538327",TRUE,"FinELib IEEE agreement","ieee2024finelib"
"University of Eastern Finland",2025,"10.1109/TLT.2025.3529994",TRUE,"FinELib IEEE agreement","ieee2024finelib"
"University of Eastern Finland",2025,"10.1109/TLT.2025.3568599",TRUE,"FinELib IEEE agreement","ieee2024finelib"
"University of Eastern Finland",2025,"10.1109/TNSRE.2025.3561043",FALSE,"FinELib IEEE agreement","ieee2024finelib"
"University of Eastern Finland",2025,"10.1111/1365-2664.70182",TRUE,"FinELib Wiley agreement","wiley2025finelib"
"University of Eastern Finland",2025,"10.1111/1460-6984.70125",TRUE,"FinELib Wiley agreement","wiley2025finelib"
"University of Eastern Finland",2025,"10.1111/1467-6427.70003",TRUE,"FinELib Wiley agreement","wiley2025finelib"
"University of Eastern Finland",2025,"10.1111/1467-9566.70042",TRUE,"FinELib Wiley agreement","wiley2025finelib"
"University of Eastern Finland",2025,"10.1111/1471-0528.70069",TRUE,"FinELib Wiley agreement","wiley2025finelib"
"University of Eastern Finland",2025,"10.1111/1471-3802.70003",TRUE,"FinELib Wiley agreement","wiley2025finelib"
"University of Eastern Finland",2025,"10.1111/1471-3802.70054",TRUE,"FinELib Wiley agreement","wiley2025finelib"
"University of Eastern Finland",2025,"10.1111/1758-2229.70072",FALSE,"FinELib Wiley agreement","wiley2025finelib"
"University of Eastern Finland",2025,"10.1111/1758-2229.70084",FALSE,"FinELib Wiley agreement","wiley2025finelib"
"University of Eastern Finland",2025,"10.1111/1758-2229.70246",FALSE,"FinELib Wiley agreement","wiley2025finelib"
"University of Eastern Finland",2025,"10.1111/aas.70137",TRUE,"FinELib Wiley agreement","wiley2025finelib"
"University of Eastern Finland",2025,"10.1111/acps.70017",TRUE,"FinELib Wiley agreement","wiley2025finelib"
"University of Eastern Finland",2025,"10.1111/acps.70027",TRUE,"FinELib Wiley agreement","wiley2025finelib"
"University of Eastern Finland",2025,"10.1111/adb.70064",FALSE,"FinELib Wiley agreement","wiley2025finelib"
"University of Eastern Finland",2025,"10.1111/aogs.70110",FALSE,"FinELib Wiley agreement","wiley2025finelib"
"University of Eastern Finland",2025,"10.1111/aos.17558",TRUE,"FinELib Wiley agreement","wiley2025finelib"
"University of Eastern Finland",2025,"10.1111/apa.17595",TRUE,"FinELib Wiley agreement","wiley2025finelib"
"University of Eastern Finland",2025,"10.1111/apa.70093",TRUE,"FinELib Wiley agreement","wiley2025finelib"
"University of Eastern Finland",2025,"10.1111/apa.70218",TRUE,"FinELib Wiley agreement","wiley2025finelib"
"University of Eastern Finland",2025,"10.1111/apa.70232",TRUE,"FinELib Wiley agreement","wiley2025finelib"
"University of Eastern Finland",2025,"10.1111/apa.70252",TRUE,"FinELib Wiley agreement","wiley2025finelib"
"University of Eastern Finland",2025,"10.1111/apm.70132",TRUE,"FinELib Wiley agreement","wiley2025finelib"
"University of Eastern Finland",2025,"10.1111/bcpt.70037",TRUE,"FinELib Wiley agreement","wiley2025finelib"
"University of Eastern Finland",2025,"10.1111/bcpt.70106",TRUE,"FinELib Wiley agreement","wiley2025finelib"
"University of Eastern Finland",2025,"10.1111/bcpt.70123",TRUE,"FinELib Wiley agreement","wiley2025finelib"
"University of Eastern Finland",2025,"10.1111/bjet.70032",TRUE,"FinELib Wiley agreement","wiley2025finelib"
"University of Eastern Finland",2025,"10.1111/bjh.20253",TRUE,"FinELib Wiley agreement","wiley2025finelib"
"University of Eastern Finland",2025,"10.1111/cdoe.13022",TRUE,"FinELib Wiley agreement","wiley2025finelib"
"University of Eastern Finland",2025,"10.1111/cfs.70010",TRUE,"FinELib Wiley agreement","wiley2025finelib"
"University of Eastern Finland",2025,"10.1111/chso.12976",TRUE,"FinELib Wiley agreement","wiley2025finelib"
"University of Eastern Finland",2025,"10.1111/cote.12827",TRUE,"FinELib Wiley agreement","wiley2025finelib"
"University of Eastern Finland",2025,"10.1111/cpf.70032",TRUE,"FinELib Wiley agreement","wiley2025finelib"
"University of Eastern Finland",2025,"10.1111/dom.16520",TRUE,"FinELib Wiley agreement","wiley2025finelib"
"University of Eastern Finland",2025,"10.1111/ene.70157",FALSE,"FinELib Wiley agreement","wiley2025finelib"
"University of Eastern Finland",2025,"10.1111/eos.70068",TRUE,"FinELib Wiley agreement","wiley2025finelib"
"University of Eastern Finland",2025,"10.1111/epi.18408",TRUE,"FinELib Wiley agreement","wiley2025finelib"
"University of Eastern Finland",2025,"10.1111/flan.70026",TRUE,"FinELib Wiley agreement","wiley2025finelib"
"University of Eastern Finland",2025,"10.1111/gcb.70034",TRUE,"FinELib Wiley agreement","wiley2025finelib"
"University of Eastern Finland",2025,"10.1111/gcb.70540",TRUE,"FinELib Wiley agreement","wiley2025finelib"
"University of Eastern Finland",2025,"10.1111/gcbb.70041",FALSE,"FinELib Wiley agreement","wiley2025finelib"
"University of Eastern Finland",2025,"10.1111/gcbb.70057",FALSE,"FinELib Wiley agreement","wiley2025finelib"
"University of Eastern Finland",2025,"10.1111/glob.70033",TRUE,"FinELib Wiley agreement","wiley2025finelib"
"University of Eastern Finland",2025,"10.1111/hequ.70068",TRUE,"FinELib Wiley agreement","wiley2025finelib"
"University of Eastern Finland",2025,"10.1111/hex.70407",FALSE,"FinELib Wiley agreement","wiley2025finelib"
"University of Eastern Finland",2025,"10.1111/imig.70014",TRUE,"FinELib Wiley agreement","wiley2025finelib"
"University of Eastern Finland",2025,"10.1111/inm.70079",TRUE,"FinELib Wiley agreement","wiley2025finelib"
"University of Eastern Finland",2025,"10.1111/inr.70014",TRUE,"FinELib Wiley agreement","wiley2025finelib"
"University of Eastern Finland",2025,"10.1111/jan.16762",TRUE,"FinELib Wiley agreement","wiley2025finelib"
"University of Eastern Finland",2025,"10.1111/jan.17048",TRUE,"FinELib Wiley agreement","wiley2025finelib"
"University of Eastern Finland",2025,"10.1111/jan.70063",TRUE,"FinELib Wiley agreement","wiley2025finelib"
"University of Eastern Finland",2025,"10.1111/jan.70077",TRUE,"FinELib Wiley agreement","wiley2025finelib"
"University of Eastern Finland",2025,"10.1111/jan.70196",TRUE,"FinELib Wiley agreement","wiley2025finelib"
"University of Eastern Finland",2025,"10.1111/jan.70220",TRUE,"FinELib Wiley agreement","wiley2025finelib"
"University of Eastern Finland",2025,"10.1111/jan.70281",TRUE,"FinELib Wiley agreement","wiley2025finelib"
"University of Eastern Finland",2025,"10.1111/jan.70296",TRUE,"FinELib Wiley agreement","wiley2025finelib"
"University of Eastern Finland",2025,"10.1111/jan.70316",TRUE,"FinELib Wiley agreement","wiley2025finelib"
"University of Eastern Finland",2025,"10.1111/jan.70448",TRUE,"FinELib Wiley agreement","wiley2025finelib"
"University of Eastern Finland",2025,"10.1111/jan.70457",TRUE,"FinELib Wiley agreement","wiley2025finelib"
"University of Eastern Finland",2025,"10.1111/jcpe.14173",TRUE,"FinELib Wiley agreement","wiley2025finelib"
"University of Eastern Finland",2025,"10.1111/jcpe.14202",TRUE,"FinELib Wiley agreement","wiley2025finelib"
"University of Eastern Finland",2025,"10.1111/jcpe.70042",TRUE,"FinELib Wiley agreement","wiley2025finelib"
"University of Eastern Finland",2025,"10.1111/jfb.70028",TRUE,"FinELib Wiley agreement","wiley2025finelib"
"University of Eastern Finland",2025,"10.1111/jfb.70149",TRUE,"FinELib Wiley agreement","wiley2025finelib"
"University of Eastern Finland",2025,"10.1111/jocn.17667",TRUE,"FinELib Wiley agreement","wiley2025finelib"
"University of Eastern Finland",2025,"10.1111/jsr.70262",TRUE,"FinELib Wiley agreement","wiley2025finelib"
"University of Eastern Finland",2025,"10.1111/liv.70128",TRUE,"FinELib Wiley agreement","wiley2025finelib"
"University of Eastern Finland",2025,"10.1111/mms.13225",TRUE,"FinELib Wiley agreement","wiley2025finelib"
"University of Eastern Finland",2025,"10.1111/nph.70519",TRUE,"FinELib Wiley agreement","wiley2025finelib"
"University of Eastern Finland",2025,"10.1111/phn.70038",TRUE,"FinELib Wiley agreement","wiley2025finelib"
"University of Eastern Finland",2025,"10.1111/rec.70216",TRUE,"FinELib Wiley agreement","wiley2025finelib"
"University of Eastern Finland",2025,"10.1111/reel.12595",TRUE,"FinELib Wiley agreement","wiley2025finelib"
"University of Eastern Finland",2025,"10.1111/reel.12596",TRUE,"FinELib Wiley agreement","wiley2025finelib"
"University of Eastern Finland",2025,"10.1111/reel.12620",TRUE,"FinELib Wiley agreement","wiley2025finelib"
"University of Eastern Finland",2025,"10.1111/reel.70002",TRUE,"FinELib Wiley agreement","wiley2025finelib"
"University of Eastern Finland",2025,"10.1111/scs.70161",TRUE,"FinELib Wiley agreement","wiley2025finelib"
"University of Eastern Finland",2025,"10.1111/sjop.70013",TRUE,"FinELib Wiley agreement","wiley2025finelib"
"University of Eastern Finland",2025,"10.1111/sjop.70025",TRUE,"FinELib Wiley agreement","wiley2025finelib"
"University of Eastern Finland",2025,"10.1111/tct.70107",TRUE,"FinELib Wiley agreement","wiley2025finelib"
"University of Eastern Finland",2025,"10.1111/weng.12741",TRUE,"FinELib Wiley agreement","wiley2025finelib"
"University of Eastern Finland",2025,"10.11124/JBIES-25-00015",TRUE,"FinELib Wolters Kluwer Lippincott agreement","lww2025finelib"
"University of Eastern Finland",2025,"10.1145/3706468.3706506",TRUE,"FinELib ACM agreement","acm2025finelib"
"University of Eastern Finland",2025,"10.1145/3706468.3706513",TRUE,"FinELib ACM agreement","acm2025finelib"
"University of Eastern Finland",2025,"10.1145/3724363.3729028",TRUE,"FinELib ACM agreement","acm2025finelib"
"University of Eastern Finland",2025,"10.1145/3736181.3747134",TRUE,"FinELib ACM agreement","acm2025finelib"
"University of Eastern Finland",2025,"10.1145/3736181.3747139",TRUE,"FinELib ACM agreement","acm2025finelib"
"University of Eastern Finland",2025,"10.1145/3736181.3747141",TRUE,"FinELib ACM agreement","acm2025finelib"
"University of Eastern Finland",2025,"10.1145/3769994.3770026",TRUE,"FinELib ACM agreement","acm2025finelib"
"University of Eastern Finland",2025,"10.1145/3769994.3770033",TRUE,"FinELib ACM agreement","acm2025finelib"
"University of Eastern Finland",2025,"10.1145/3769994.3770043",TRUE,"FinELib ACM agreement","acm2025finelib"
"University of Eastern Finland",2025,"10.1155/jonm/6724890",FALSE,"FinELib Wiley agreement","wiley2025finelib"
"University of Eastern Finland",2025,"10.1155/jonm/9980485",FALSE,"FinELib Wiley agreement","wiley2025finelib"
"University of Eastern Finland",2025,"10.1177/00208728251382817",TRUE,"FinELib SAGE agreement","sage2025finelib"
"University of Eastern Finland",2025,"10.1177/00377686251383373",TRUE,"FinELib SAGE agreement","sage2025finelib"
"University of Eastern Finland",2025,"10.1177/0044118X251400807",TRUE,"FinELib SAGE agreement","sage2025finelib"
"University of Eastern Finland",2025,"10.1177/00953997251372606",TRUE,"FinELib SAGE agreement","sage2025finelib"
"University of Eastern Finland",2025,"10.1177/01605976251324438",TRUE,"FinELib SAGE agreement","sage2025finelib"
"University of Eastern Finland",2025,"10.1177/01626434251314044",TRUE,"FinELib SAGE agreement","sage2025finelib"
"University of Eastern Finland",2025,"10.1177/02610183251410120",TRUE,"FinELib SAGE agreement","sage2025finelib"
"University of Eastern Finland",2025,"10.1177/0271678X251314682",TRUE,"FinELib SAGE agreement","sage2025finelib"
"University of Eastern Finland",2025,"10.1177/10497323251347896",TRUE,"FinELib SAGE agreement","sage2025finelib"
"University of Eastern Finland",2025,"10.1177/10506519251326558",TRUE,"FinELib SAGE agreement","sage2025finelib"
"University of Eastern Finland",2025,"10.1177/10690727251378130",TRUE,"FinELib SAGE agreement","sage2025finelib"
"University of Eastern Finland",2025,"10.1177/10848223251324598",TRUE,"FinELib SAGE agreement","sage2025finelib"
"University of Eastern Finland",2025,"10.1177/10848223251385092",TRUE,"FinELib SAGE agreement","sage2025finelib"
"University of Eastern Finland",2025,"10.1177/10901981251411226",TRUE,"FinELib SAGE agreement","sage2025finelib"
"University of Eastern Finland",2025,"10.1177/1097184X251326564",TRUE,"FinELib SAGE agreement","sage2025finelib"
"University of Eastern Finland",2025,"10.1177/11795735251349716",FALSE,"FinELib SAGE agreement","sage2025finelib"
"University of Eastern Finland",2025,"10.1177/1354067X251340188",TRUE,"FinELib SAGE agreement","sage2025finelib"
"University of Eastern Finland",2025,"10.1177/13591053251338340",TRUE,"FinELib SAGE agreement","sage2025finelib"
"University of Eastern Finland",2025,"10.1177/13607804251395519",TRUE,"FinELib SAGE agreement","sage2025finelib"
"University of Eastern Finland",2025,"10.1177/13872877251316804",TRUE,"FinELib SAGE agreement","sage2025finelib"
"University of Eastern Finland",2025,"10.1177/13872877251326868",TRUE,"FinELib SAGE agreement","sage2025finelib"
"University of Eastern Finland",2025,"10.1177/13872877251329081",TRUE,"FinELib SAGE agreement","sage2025finelib"
"University of Eastern Finland",2025,"10.1177/13872877251413291",TRUE,"FinELib SAGE agreement","sage2025finelib"
"University of Eastern Finland",2025,"10.1177/14034948251408592",TRUE,"FinELib SAGE agreement","sage2025finelib"
"University of Eastern Finland",2025,"10.1177/14550725251351702",FALSE,"FinELib SAGE agreement","sage2025finelib"
"University of Eastern Finland",2025,"10.1177/14574969251321967",FALSE,"FinELib SAGE agreement","sage2025finelib"
"University of Eastern Finland",2025,"10.1177/14639491251356523",TRUE,"FinELib SAGE agreement","sage2025finelib"
"University of Eastern Finland",2025,"10.1177/14680173251409264",TRUE,"FinELib SAGE agreement","sage2025finelib"
"University of Eastern Finland",2025,"10.1177/14687968251322296",TRUE,"FinELib SAGE agreement","sage2025finelib"
"University of Eastern Finland",2025,"10.1177/14733250251357363",TRUE,"FinELib SAGE agreement","sage2025finelib"
"University of Eastern Finland",2025,"10.1177/16094069251345125",FALSE,"FinELib SAGE agreement","sage2025finelib"
"University of Eastern Finland",2025,"10.1177/17411432251354887",TRUE,"FinELib SAGE agreement","sage2025finelib"
"University of Eastern Finland",2025,"10.1177/17442591251397200",TRUE,"FinELib SAGE agreement","sage2025finelib"
"University of Eastern Finland",2025,"10.1177/17531934251380997",TRUE,"FinELib SAGE agreement","sage2025finelib"
"University of Eastern Finland",2025,"10.1177/1877718X251343079",FALSE,"FinELib SAGE agreement","sage2025finelib"
"University of Eastern Finland",2025,"10.1177/19476035251360189",FALSE,"FinELib SAGE agreement","sage2025finelib"
"University of Eastern Finland",2025,"10.1177/20551029251405054",FALSE,"FinELib SAGE agreement","sage2025finelib"
"University of Eastern Finland",2025,"10.1177/20552076251395451",FALSE,"FinELib SAGE agreement","sage2025finelib"
"University of Eastern Finland",2025,"10.1177/20552076251395536",FALSE,"FinELib SAGE agreement","sage2025finelib"
"University of Eastern Finland",2025,"10.1177/20965311251319051",FALSE,"FinELib SAGE agreement","sage2025finelib"
"University of Eastern Finland",2025,"10.1177/21582440251327019",FALSE,"FinELib SAGE agreement","sage2025finelib"
"University of Eastern Finland",2025,"10.1177/21582440251346257",FALSE,"FinELib SAGE agreement","sage2025finelib"
"University of Eastern Finland",2025,"10.1177/23315024251409778",TRUE,"FinELib SAGE agreement","sage2025finelib"
"University of Eastern Finland",2025,"10.1177/23800844251314856",TRUE,"FinELib SAGE agreement","sage2025finelib"
"University of Eastern Finland",2025,"10.1177/23969873251351207",TRUE,"FinELib SAGE agreement","sage2025finelib"
"University of Eastern Finland",2025,"10.1210/clinem/dgaf346",TRUE,"FinELib OUP agreement","oxf2024finelib"
"University of Eastern Finland",2025,"10.1227/neu.0000000000003820",TRUE,"FinELib Wolters Kluwer Lippincott agreement","lww2025finelib"
"University of Eastern Finland",2025,"10.14814/phy2.70344",FALSE,"FinELib Wiley agreement","wiley2025finelib"
"University of Eastern Finland",2025,"10.3758/s13428-025-02880-3",TRUE,"FinELib Springer Compact agreement","sn2024finelib"
"University of Helsinki",2025,"10.1002/1873-3468.70112",TRUE,"FinELib Wiley agreement","wiley2025finelib"
"University of Helsinki",2025,"10.1002/1873-3468.70215",TRUE,"FinELib Wiley agreement","wiley2025finelib"
"University of Helsinki",2025,"10.1002/1878-0261.70130",FALSE,"FinELib Wiley agreement","wiley2025finelib"
"University of Helsinki",2025,"10.1002/2056-4538.70068",FALSE,"FinELib Wiley agreement","wiley2025finelib"
"University of Helsinki",2025,"10.1002/2211-5463.70063",FALSE,"FinELib Wiley agreement","wiley2025finelib"
"University of Helsinki",2025,"10.1002/2211-5463.70135",FALSE,"FinELib Wiley agreement","wiley2025finelib"
"University of Helsinki",2025,"10.1002/adfm.202507301",TRUE,"FinELib Wiley agreement","wiley2025finelib"
"University of Helsinki",2025,"10.1002/adhm.202501947",TRUE,"FinELib Wiley agreement","wiley2025finelib"
"University of Helsinki",2025,"10.1002/adhm.202503013",TRUE,"FinELib Wiley agreement","wiley2025finelib"
"University of Helsinki",2025,"10.1002/admt.202500250",TRUE,"FinELib Wiley agreement","wiley2025finelib"
"University of Helsinki",2025,"10.1002/advs.202503979",FALSE,"FinELib Wiley agreement","wiley2025finelib"
"University of Helsinki",2025,"10.1002/advs.202506447",FALSE,"FinELib Wiley agreement","wiley2025finelib"
"University of Helsinki",2025,"10.1002/agg2.70205",FALSE,"FinELib Wiley agreement","wiley2025finelib"
"University of Helsinki",2025,"10.1002/ajmg.a.64277",TRUE,"FinELib Wiley agreement","wiley2025finelib"
"University of Helsinki",2025,"10.1002/alz.70613",FALSE,"FinELib Wiley agreement","wiley2025finelib"
"University of Helsinki",2025,"10.1002/anie.202501262",TRUE,"FinELib Wiley agreement","wiley2025finelib"
"University of Helsinki",2025,"10.1002/anie.202518748",TRUE,"FinELib Wiley agreement","wiley2025finelib"
"University of Helsinki",2025,"10.1002/ar.70097",TRUE,"FinELib Wiley agreement","wiley2025finelib"
"University of Helsinki",2025,"10.1002/bco2.70117",FALSE,"FinELib Wiley agreement","wiley2025finelib"
"University of Helsinki",2025,"10.1002/bcp.70329",TRUE,"FinELib Wiley agreement","wiley2025finelib"
"University of Helsinki",2025,"10.1002/bcp.70337",TRUE,"FinELib Wiley agreement","wiley2025finelib"
"University of Helsinki",2025,"10.1002/bsd2.70214",TRUE,"FinELib Wiley agreement","wiley2025finelib"
"University of Helsinki",2025,"10.1002/cam4.70943",FALSE,"FinELib Wiley agreement","wiley2025finelib"
"University of Helsinki",2025,"10.1002/cam4.71380",FALSE,"FinELib Wiley agreement","wiley2025finelib"
"University of Helsinki",2025,"10.1002/casp.70219",TRUE,"FinELib Wiley agreement","wiley2025finelib"
"University of Helsinki",2025,"10.1002/ccd.70162",TRUE,"FinELib Wiley agreement","wiley2025finelib"
"University of Helsinki",2025,"10.1002/chem.202501259",TRUE,"FinELib Wiley agreement","wiley2025finelib"
"University of Helsinki",2025,"10.1002/chem.202502315",TRUE,"FinELib Wiley agreement","wiley2025finelib"
"University of Helsinki",2025,"10.1002/clc.70161",FALSE,"FinELib Wiley agreement","wiley2025finelib"
"University of Helsinki",2025,"10.1002/clt2.70101",FALSE,"FinELib Wiley agreement","wiley2025finelib"
"University of Helsinki",2025,"10.1002/cpa.70014",TRUE,"FinELib Wiley agreement","wiley2025finelib"
"University of Helsinki",2025,"10.1002/cpt.3610",TRUE,"FinELib Wiley agreement","wiley2025finelib"
"University of Helsinki",2025,"10.1002/cpt.3623",TRUE,"FinELib Wiley agreement","wiley2025finelib"
"University of Helsinki",2025,"10.1002/cpt.70122",TRUE,"FinELib Wiley agreement","wiley2025finelib"
"University of Helsinki",2025,"10.1002/cpt.70165",TRUE,"FinELib Wiley agreement","wiley2025finelib"
"University of Helsinki",2025,"10.1002/cre2.70121",FALSE,"FinELib Wiley agreement","wiley2025finelib"
"University of Helsinki",2025,"10.1002/cssc.202500668",TRUE,"FinELib Wiley agreement","wiley2025finelib"
"University of Helsinki",2025,"10.1002/cssc.202501054",TRUE,"FinELib Wiley agreement","wiley2025finelib"
"University of Helsinki",2025,"10.1002/ctm2.70404",FALSE,"FinELib Wiley agreement","wiley2025finelib"
"University of Helsinki",2025,"10.1002/curj.336",TRUE,"FinELib Wiley agreement","wiley2025finelib"
"University of Helsinki",2025,"10.1002/dad2.70107",FALSE,"FinELib Wiley agreement","wiley2025finelib"
"University of Helsinki",2025,"10.1002/dad2.70169",FALSE,"FinELib Wiley agreement","wiley2025finelib"
"University of Helsinki",2025,"10.1002/dmrr.70084",TRUE,"FinELib Wiley agreement","wiley2025finelib"
"University of Helsinki",2025,"10.1002/dvdy.70111",TRUE,"FinELib Wiley agreement","wiley2025finelib"
"University of Helsinki",2025,"10.1002/eat.24586",TRUE,"FinELib Wiley agreement","wiley2025finelib"
"University of Helsinki",2025,"10.1002/ece3.71486",FALSE,"FinELib Wiley agreement","wiley2025finelib"
"University of Helsinki",2025,"10.1002/ece3.71699",FALSE,"FinELib Wiley agreement","wiley2025finelib"
"University of Helsinki",2025,"10.1002/ece3.72125",FALSE,"FinELib Wiley agreement","wiley2025finelib"
"University of Helsinki",2025,"10.1002/ece3.72433",FALSE,"FinELib Wiley agreement","wiley2025finelib"
"University of Helsinki",2025,"10.1002/ece3.72745",FALSE,"FinELib Wiley agreement","wiley2025finelib"
"University of Helsinki",2025,"10.1002/ecm.70013",TRUE,"FinELib Wiley agreement","wiley2025finelib"
"University of Helsinki",2025,"10.1002/ecm.70024",TRUE,"FinELib Wiley agreement","wiley2025finelib"
"University of Helsinki",2025,"10.1002/ecm.70038",TRUE,"FinELib Wiley agreement","wiley2025finelib"
"University of Helsinki",2025,"10.1002/ecog.08008",FALSE,"FinELib Wiley agreement","wiley2025finelib"
"University of Helsinki",2025,"10.1002/ecog.08173",FALSE,"FinELib Wiley agreement","wiley2025finelib"
"University of Helsinki",2025,"10.1002/ecs2.70235",FALSE,"FinELib Wiley agreement","wiley2025finelib"
"University of Helsinki",2025,"10.1002/ecs2.70327",FALSE,"FinELib Wiley agreement","wiley2025finelib"
"University of Helsinki",2025,"10.1002/ecy.70126",TRUE,"FinELib Wiley agreement","wiley2025finelib"
"University of Helsinki",2025,"10.1002/ejic.202500116",TRUE,"FinELib Wiley agreement","wiley2025finelib"
"University of Helsinki",2025,"10.1002/ejp.70070",TRUE,"FinELib Wiley agreement","wiley2025finelib"
"University of Helsinki",2025,"10.1002/ejp.70144",TRUE,"FinELib Wiley agreement","wiley2025finelib"
"University of Helsinki",2025,"10.1002/ejsp.3145",TRUE,"FinELib Wiley agreement","wiley2025finelib"
"University of Helsinki",2025,"10.1002/epa2.70007",TRUE,"FinELib Wiley agreement","wiley2025finelib"
"University of Helsinki",2025,"10.1002/epi4.70007",FALSE,"FinELib Wiley agreement","wiley2025finelib"
"University of Helsinki",2025,"10.1002/ffo2.70010",TRUE,"FinELib Wiley agreement","wiley2025finelib"
"University of Helsinki",2025,"10.1002/geo2.70031",FALSE,"FinELib Wiley agreement","wiley2025finelib"
"University of Helsinki",2025,"10.1002/gps.70131",TRUE,"FinELib Wiley agreement","wiley2025finelib"
"University of Helsinki",2025,"10.1002/hbm.70373",FALSE,"FinELib Wiley agreement","wiley2025finelib"
"University of Helsinki",2025,"10.1002/hec.70063",TRUE,"FinELib Wiley agreement","wiley2025finelib"
"University of Helsinki",2025,"10.1002/hed.70032",TRUE,"FinELib Wiley agreement","wiley2025finelib"
"University of Helsinki",2025,"10.1002/hem3.70139",FALSE,"FinELib Wiley agreement","wiley2025finelib"
"University of Helsinki",2025,"10.1002/hem3.70145",FALSE,"FinELib Wiley agreement","wiley2025finelib"
"University of Helsinki",2025,"10.1002/hem3.70282",FALSE,"FinELib Wiley agreement","wiley2025finelib"
"University of Helsinki",2025,"10.1002/ijc.35497",TRUE,"FinELib Wiley agreement","wiley2025finelib"
"University of Helsinki",2025,"10.1002/ijc.70054",TRUE,"FinELib Wiley agreement","wiley2025finelib"
"University of Helsinki",2025,"10.1002/ijc.70074",TRUE,"FinELib Wiley agreement","wiley2025finelib"
"University of Helsinki",2025,"10.1002/ijc.70154",TRUE,"FinELib Wiley agreement","wiley2025finelib"
"University of Helsinki",2025,"10.1002/imhj.70006",TRUE,"FinELib Wiley agreement","wiley2025finelib"
"University of Helsinki",2025,"10.1002/imhj.70007",TRUE,"FinELib Wiley agreement","wiley2025finelib"
"University of Helsinki",2025,"10.1002/jav.03463",FALSE,"FinELib Wiley agreement","wiley2025finelib"
"University of Helsinki",2025,"10.1002/jdd.13995",TRUE,"FinELib Wiley agreement","wiley2025finelib"
"University of Helsinki",2025,"10.1002/jex2.70089",FALSE,"FinELib Wiley agreement","wiley2025finelib"
"University of Helsinki",2025,"10.1002/jez.b.23287",TRUE,"FinELib Wiley agreement","wiley2025finelib"
"University of Helsinki",2025,"10.1002/jha2.70021",FALSE,"FinELib Wiley agreement","wiley2025finelib"
"University of Helsinki",2025,"10.1002/jid.70035",TRUE,"FinELib Wiley agreement","wiley2025finelib"
"University of Helsinki",2025,"10.1002/jimd.70122",TRUE,"FinELib Wiley agreement","wiley2025finelib"
"University of Helsinki",2025,"10.1002/jor.26096",TRUE,"FinELib Wiley agreement","wiley2025finelib"
"University of Helsinki",2025,"10.1002/jpen.70049",TRUE,"FinELib Wiley agreement","wiley2025finelib"
"University of Helsinki",2025,"10.1002/jpn3.12427",TRUE,"FinELib Wiley agreement","wiley2025finelib"
"University of Helsinki",2025,"10.1002/jpn3.12451",TRUE,"FinELib Wiley agreement","wiley2025finelib"
"University of Helsinki",2025,"10.1002/jssc.70135",TRUE,"FinELib Wiley agreement","wiley2025finelib"
"University of Helsinki",2025,"10.1002/jssc.70188",TRUE,"FinELib Wiley agreement","wiley2025finelib"
"University of Helsinki",2025,"10.1002/lary.70003",TRUE,"FinELib Wiley agreement","wiley2025finelib"
"University of Helsinki",2025,"10.1002/lio2.70184",FALSE,"FinELib Wiley agreement","wiley2025finelib"
"University of Helsinki",2025,"10.1002/lio2.70212",FALSE,"FinELib Wiley agreement","wiley2025finelib"
"University of Helsinki",2025,"10.1002/lio2.70318",FALSE,"FinELib Wiley agreement","wiley2025finelib"
"University of Helsinki",2025,"10.1002/lno.70280",TRUE,"FinELib Wiley agreement","wiley2025finelib"
"University of Helsinki",2025,"10.1002/marc.202500120",TRUE,"FinELib Wiley agreement","wiley2025finelib"
"University of Helsinki",2025,"10.1002/marc.202500841",TRUE,"FinELib Wiley agreement","wiley2025finelib"
"University of Helsinki",2025,"10.1002/mbo3.70150",FALSE,"FinELib Wiley agreement","wiley2025finelib"
"University of Helsinki",2025,"10.1002/mbo3.70165",FALSE,"FinELib Wiley agreement","wiley2025finelib"
"University of Helsinki",2025,"10.1002/mds.30297",TRUE,"FinELib Wiley agreement","wiley2025finelib"
"University of Helsinki",2025,"10.1002/njb.04731",FALSE,"FinELib Wiley agreement","wiley2025finelib"
"University of Helsinki",2025,"10.1002/oa.3405",TRUE,"FinELib Wiley agreement","wiley2025finelib"
"University of Helsinki",2025,"10.1002/oby.70019",TRUE,"FinELib Wiley agreement","wiley2025finelib"
"University of Helsinki",2025,"10.1002/oby.70078",TRUE,"FinELib Wiley agreement","wiley2025finelib"
"University of Helsinki",2025,"10.1002/oik.11179",TRUE,"FinELib Wiley agreement","wiley2025finelib"
"University of Helsinki",2025,"10.1002/oik.11665",TRUE,"FinELib Wiley agreement","wiley2025finelib"
"University of Helsinki",2025,"10.1002/pad.70031",TRUE,"FinELib Wiley agreement","wiley2025finelib"
"University of Helsinki",2025,"10.1002/pan3.70076",FALSE,"FinELib Wiley agreement","wiley2025finelib"
"University of Helsinki",2025,"10.1002/path.6408",TRUE,"FinELib Wiley agreement","wiley2025finelib"
"University of Helsinki",2025,"10.1002/pits.23385",TRUE,"FinELib Wiley agreement","wiley2025finelib"
"University of Helsinki",2025,"10.1002/pits.70112",TRUE,"FinELib Wiley agreement","wiley2025finelib"
"University of Helsinki",2025,"10.1002/pmic.202400238",TRUE,"FinELib Wiley agreement","wiley2025finelib"
"University of Helsinki",2025,"10.1002/pro.70169",TRUE,"FinELib Wiley agreement","wiley2025finelib"
"University of Helsinki",2025,"10.1002/pros.70014",TRUE,"FinELib Wiley agreement","wiley2025finelib"
"University of Helsinki",2025,"10.1002/psp.70029",TRUE,"FinELib Wiley agreement","wiley2025finelib"
"University of Helsinki",2025,"10.1002/rev3.70045",TRUE,"FinELib Wiley agreement","wiley2025finelib"
"University of Helsinki",2025,"10.1002/sd.3480",TRUE,"FinELib Wiley agreement","wiley2025finelib"
"University of Helsinki",2025,"10.1002/smll.202507525",TRUE,"FinELib Wiley agreement","wiley2025finelib"
"University of Helsinki",2025,"10.1002/smll.202510990",TRUE,"FinELib Wiley agreement","wiley2025finelib"
"University of Helsinki",2025,"10.1002/symb.70013",TRUE,"FinELib Wiley agreement","wiley2025finelib"
"University of Helsinki",2025,"10.1002/tax.70059",TRUE,"FinELib Wiley agreement","wiley2025finelib"
"University of Helsinki",2025,"10.1002/tax.70064",TRUE,"FinELib Wiley agreement","wiley2025finelib"
"University of Helsinki",2025,"10.1002/tax.70087",TRUE,"FinELib Wiley agreement","wiley2025finelib"
"University of Helsinki",2025,"10.1002/tax.70096",TRUE,"FinELib Wiley agreement","wiley2025finelib"
"University of Helsinki",2025,"10.1002/wlb3.01464",FALSE,"FinELib Wiley agreement","wiley2025finelib"
"University of Helsinki",2025,"10.1002/wlb3.01540",FALSE,"FinELib Wiley agreement","wiley2025finelib"
"University of Helsinki",2025,"10.1002/wmh3.70044",TRUE,"FinELib Wiley agreement","wiley2025finelib"
"University of Helsinki",2025,"10.1007/s00011-025-02069-6",TRUE,"FinELib Springer Compact agreement","sn2024finelib"
"University of Helsinki",2025,"10.1007/s00018-025-05694-w",TRUE,"FinELib Springer Compact agreement","sn2024finelib"
"University of Helsinki",2025,"10.1007/s00023-025-01579-7",TRUE,"FinELib Springer Compact agreement","sn2024finelib"
"University of Helsinki",2025,"10.1007/s00068-025-02780-3",TRUE,"FinELib Springer Compact agreement","sn2024finelib"
"University of Helsinki",2025,"10.1007/s00068-025-02813-x",TRUE,"FinELib Springer Compact agreement","sn2024finelib"
"University of Helsinki",2025,"10.1007/s00125-025-06440-4",TRUE,"FinELib Springer Compact agreement","sn2024finelib"
"University of Helsinki",2025,"10.1007/s00125-025-06474-8",TRUE,"FinELib Springer Compact agreement","sn2024finelib"
"University of Helsinki",2025,"10.1007/s00126-025-01397-1",TRUE,"FinELib Springer Compact agreement","sn2024finelib"
"University of Helsinki",2025,"10.1007/s00127-025-02996-z",TRUE,"FinELib Springer Compact agreement","sn2024finelib"
"University of Helsinki",2025,"10.1007/s00127-025-02997-y",TRUE,"FinELib Springer Compact agreement","sn2024finelib"
"University of Helsinki",2025,"10.1007/s00146-025-02499-0",TRUE,"FinELib Springer Compact agreement","sn2024finelib"
"University of Helsinki",2025,"10.1007/s00146-025-02699-8",TRUE,"FinELib Springer Compact agreement","sn2024finelib"
"University of Helsinki",2025,"10.1007/s00153-024-00957-y",TRUE,"FinELib Springer Compact agreement","sn2024finelib"
"University of Helsinki",2025,"10.1007/s00181-025-02747-8",TRUE,"FinELib Springer Compact agreement","sn2024finelib"
"University of Helsinki",2025,"10.1007/s00192-025-06119-9",TRUE,"FinELib Springer Compact agreement","sn2024finelib"
"University of Helsinki",2025,"10.1007/s00199-025-01649-1",TRUE,"FinELib Springer Compact agreement","sn2024finelib"
"University of Helsinki",2025,"10.1007/s00203-025-04270-x",TRUE,"FinELib Springer Compact agreement","sn2024finelib"
"University of Helsinki",2025,"10.1007/s00209-025-03731-9",TRUE,"FinELib Springer Compact agreement","sn2024finelib"
"University of Helsinki",2025,"10.1007/s00211-025-01481-8",TRUE,"FinELib Springer Compact agreement","sn2024finelib"
"University of Helsinki",2025,"10.1007/s00216-025-05864-6",FALSE,"FinELib Springer Compact agreement","sn2024finelib"
"University of Helsinki",2025,"10.1007/s00220-025-05392-5",TRUE,"FinELib Springer Compact agreement","sn2024finelib"
"University of Helsinki",2025,"10.1007/s00223-025-01367-9",TRUE,"FinELib Springer Compact agreement","sn2024finelib"
"University of Helsinki",2025,"10.1007/s00246-025-04006-0",TRUE,"FinELib Springer Compact agreement","sn2024finelib"
"University of Helsinki",2025,"10.1007/s00259-025-07620-5",FALSE,"FinELib Springer Compact agreement","sn2024finelib"
"University of Helsinki",2025,"10.1007/s00262-025-04072-6",TRUE,"FinELib Springer Compact agreement","sn2024finelib"
"University of Helsinki",2025,"10.1007/s00284-025-04119-y",TRUE,"FinELib Springer Compact agreement","sn2024finelib"
"University of Helsinki",2025,"10.1007/s00384-025-04829-6",FALSE,"FinELib Springer Compact agreement","sn2024finelib"
"University of Helsinki",2025,"10.1007/s00394-025-03668-z",TRUE,"FinELib Springer Compact agreement","sn2024finelib"
"University of Helsinki",2025,"10.1007/s00394-025-03758-y",TRUE,"FinELib Springer Compact agreement","sn2024finelib"
"University of Helsinki",2025,"10.1007/s00394-025-03783-x",TRUE,"FinELib Springer Compact agreement","sn2024finelib"
"University of Helsinki",2025,"10.1007/s00394-025-03800-z",TRUE,"FinELib Springer Compact agreement","sn2024finelib"
"University of Helsinki",2025,"10.1007/s00401-025-02918-y",TRUE,"FinELib Springer Compact agreement","sn2024finelib"
"University of Helsinki",2025,"10.1007/s00402-025-05850-8",TRUE,"FinELib Springer Compact agreement","sn2024finelib"
"University of Helsinki",2025,"10.1007/s00405-025-09406-9",TRUE,"FinELib Springer Compact agreement","sn2024finelib"
"University of Helsinki",2025,"10.1007/s00414-025-03415-3",TRUE,"FinELib Springer Compact agreement","sn2024finelib"
"University of Helsinki",2025,"10.1007/s00414-025-03630-y",TRUE,"FinELib Springer Compact agreement","sn2024finelib"
"University of Helsinki",2025,"10.1007/s00415-025-13512-3",TRUE,"FinELib Springer Compact agreement","sn2024finelib"
"University of Helsinki",2025,"10.1007/s00421-025-06013-8",TRUE,"FinELib Springer Compact agreement","sn2024finelib"
"University of Helsinki",2025,"10.1007/s00426-025-02158-5",TRUE,"FinELib Springer Compact agreement","sn2024finelib"
"University of Helsinki",2025,"10.1007/s00428-025-04150-1",TRUE,"FinELib Springer Compact agreement","sn2024finelib"
"University of Helsinki",2025,"10.1007/s00430-025-00852-0",TRUE,"FinELib Springer Compact agreement","sn2024finelib"
"University of Helsinki",2025,"10.1007/s00442-025-05768-3",TRUE,"FinELib Springer Compact agreement","sn2024finelib"
"University of Helsinki",2025,"10.1007/s00442-025-05810-4",TRUE,"FinELib Springer Compact agreement","sn2024finelib"
"University of Helsinki",2025,"10.1007/s00464-025-11616-5",TRUE,"FinELib Springer Compact agreement","sn2024finelib"
"University of Helsinki",2025,"10.1007/s00467-025-06759-5",TRUE,"FinELib Springer Compact agreement","sn2024finelib"
"University of Helsinki",2025,"10.1007/s00467-025-07030-7",FALSE,"FinELib Springer Compact agreement","sn2024finelib"
"University of Helsinki",2025,"10.1007/s00467-025-07049-w",TRUE,"FinELib Springer Compact agreement","sn2024finelib"
"University of Helsinki",2025,"10.1007/s00468-025-02603-3",TRUE,"FinELib Springer Compact agreement","sn2024finelib"
"University of Helsinki",2025,"10.1007/s00520-025-09587-3",TRUE,"FinELib Springer Compact agreement","sn2024finelib"
"University of Helsinki",2025,"10.1007/s00521-025-11425-w",TRUE,"FinELib Springer Compact agreement","sn2024finelib"
"University of Helsinki",2025,"10.1007/s00586-025-08900-2",TRUE,"FinELib Springer Compact agreement","sn2024finelib"
"University of Helsinki",2025,"10.1007/s00586-025-09641-y",FALSE,"FinELib Springer Compact agreement","sn2024finelib"
"University of Helsinki",2025,"10.1007/s00592-025-02610-3",TRUE,"FinELib Springer Compact agreement","sn2024finelib"
"University of Helsinki",2025,"10.1007/s00592-025-02613-0",TRUE,"FinELib Springer Compact agreement","sn2024finelib"
"University of Helsinki",2025,"10.1007/s00605-025-02083-0",TRUE,"FinELib Springer Compact agreement","sn2024finelib"
"University of Helsinki",2025,"10.1007/s00701-024-06417-z",TRUE,"FinELib Springer Compact agreement","sn2024finelib"
"University of Helsinki",2025,"10.1007/s00701-024-06419-x",TRUE,"FinELib Springer Compact agreement","sn2024finelib"
"University of Helsinki",2025,"10.1007/s00701-025-06447-1",TRUE,"FinELib Springer Compact agreement","sn2024finelib"
"University of Helsinki",2025,"10.1007/s00701-025-06493-9",TRUE,"FinELib Springer Compact agreement","sn2024finelib"
"University of Helsinki",2025,"10.1007/s00701-025-06589-2",TRUE,"FinELib Springer Compact agreement","sn2024finelib"
"University of Helsinki",2025,"10.1007/s00701-025-06696-0",TRUE,"FinELib Springer Compact agreement","sn2024finelib"
"University of Helsinki",2025,"10.1007/s00701-025-06704-3",TRUE,"FinELib Springer Compact agreement","sn2024finelib"
"University of Helsinki",2025,"10.1007/s00701-025-06746-7",TRUE,"FinELib Springer Compact agreement","sn2024finelib"
"University of Helsinki",2025,"10.1007/s00705-025-06412-4",TRUE,"FinELib Springer Compact agreement","sn2024finelib"
"University of Helsinki",2025,"10.1007/s00784-025-06584-y",FALSE,"FinELib Springer Compact agreement","sn2024finelib"
"University of Helsinki",2025,"10.1007/s00784-025-06640-7",TRUE,"FinELib Springer Compact agreement","sn2024finelib"
"University of Helsinki",2025,"10.1007/s00787-025-02723-8",TRUE,"FinELib Springer Compact agreement","sn2024finelib"
"University of Helsinki",2025,"10.1007/s00787-025-02852-0",TRUE,"FinELib Springer Compact agreement","sn2024finelib"
"University of Helsinki",2025,"10.1007/s10006-025-01338-2",TRUE,"FinELib Springer Compact agreement","sn2024finelib"
"University of Helsinki",2025,"10.1007/s10006-025-01427-2",TRUE,"FinELib Springer Compact agreement","sn2024finelib"
"University of Helsinki",2025,"10.1007/s10029-025-03408-6",TRUE,"FinELib Springer Compact agreement","sn2024finelib"
"University of Helsinki",2025,"10.1007/s10055-025-01287-x",TRUE,"FinELib Springer Compact agreement","sn2024finelib"
"University of Helsinki",2025,"10.1007/s10120-025-01662-2",TRUE,"FinELib Springer Compact agreement","sn2024finelib"
"University of Helsinki",2025,"10.1007/s10182-025-00529-2",TRUE,"FinELib Springer Compact agreement","sn2024finelib"
"University of Helsinki",2025,"10.1007/s10201-024-00775-4",TRUE,"FinELib Springer Compact agreement","sn2024finelib"
"University of Helsinki",2025,"10.1007/s10212-025-00954-6",TRUE,"FinELib Springer Compact agreement","sn2024finelib"
"University of Helsinki",2025,"10.1007/s10308-025-00755-y",TRUE,"FinELib Springer Compact agreement","sn2024finelib"
"University of Helsinki",2025,"10.1007/s10334-025-01292-w",TRUE,"FinELib Springer Compact agreement","sn2024finelib"
"University of Helsinki",2025,"10.1007/s10344-025-01991-8",TRUE,"FinELib Springer Compact agreement","sn2024finelib"
"University of Helsinki",2025,"10.1007/s10389-025-02494-1",TRUE,"FinELib Springer Compact agreement","sn2024finelib"
"University of Helsinki",2025,"10.1007/s10389-025-02549-3",TRUE,"FinELib Springer Compact agreement","sn2024finelib"
"University of Helsinki",2025,"10.1007/s10460-025-10707-2",TRUE,"FinELib Springer Compact agreement","sn2024finelib"
"University of Helsinki",2025,"10.1007/s10460-025-10821-1",TRUE,"FinELib Springer Compact agreement","sn2024finelib"
"University of Helsinki",2025,"10.1007/s10476-025-00078-5",TRUE,"FinELib Springer Compact agreement","sn2024finelib"
"University of Helsinki",2025,"10.1007/s10508-025-03176-5",TRUE,"FinELib Springer Compact agreement","sn2024finelib"
"University of Helsinki",2025,"10.1007/s10515-025-00504-w",TRUE,"FinELib Springer Compact agreement","sn2024finelib"
"University of Helsinki",2025,"10.1007/s10530-024-03521-0",TRUE,"FinELib Springer Compact agreement","sn2024finelib"
"University of Helsinki",2025,"10.1007/s10530-025-03575-8",TRUE,"FinELib Springer Compact agreement","sn2024finelib"
"University of Helsinki",2025,"10.1007/s10530-025-03641-1",TRUE,"FinELib Springer Compact agreement","sn2024finelib"
"University of Helsinki",2025,"10.1007/s10531-025-03068-z",TRUE,"FinELib Springer Compact agreement","sn2024finelib"
"University of Helsinki",2025,"10.1007/s10555-025-10272-4",FALSE,"FinELib Springer Compact agreement","sn2024finelib"
"University of Helsinki",2025,"10.1007/s10578-025-01886-4",TRUE,"FinELib Springer Compact agreement","sn2024finelib"
"University of Helsinki",2025,"10.1007/s10592-025-01717-y",TRUE,"FinELib Springer Compact agreement","sn2024finelib"
"University of Helsinki",2025,"10.1007/s10609-025-09503-8",TRUE,"FinELib Springer Compact agreement","sn2024finelib"
"University of Helsinki",2025,"10.1007/s10639-025-13509-5",TRUE,"FinELib Springer Compact agreement","sn2024finelib"
"University of Helsinki",2025,"10.1007/s10640-025-01002-z",TRUE,"FinELib Springer Compact agreement","sn2024finelib"
"University of Helsinki",2025,"10.1007/s10643-025-02070-y",TRUE,"FinELib Springer Compact agreement","sn2024finelib"
"University of Helsinki",2025,"10.1007/s10654-025-01267-0",TRUE,"FinELib Springer Compact agreement","sn2024finelib"
"University of Helsinki",2025,"10.1007/s10654-025-01270-5",TRUE,"FinELib Springer Compact agreement","sn2024finelib"
"University of Helsinki",2025,"10.1007/s10654-025-01272-3",TRUE,"FinELib Springer Compact agreement","sn2024finelib"
"University of Helsinki",2025,"10.1007/s10658-025-03173-3",TRUE,"FinELib Springer Compact agreement","sn2024finelib"
"University of Helsinki",2025,"10.1007/s10680-025-09733-x",TRUE,"FinELib Springer Compact agreement","sn2024finelib"
"University of Helsinki",2025,"10.1007/s10681-025-03602-8",TRUE,"FinELib Springer Compact agreement","sn2024finelib"
"University of Helsinki",2025,"10.1007/s10689-025-00476-6",FALSE,"FinELib Springer Compact agreement","sn2024finelib"
"University of Helsinki",2025,"10.1007/s10699-025-09995-y",TRUE,"FinELib Springer Compact agreement","sn2024finelib"
"University of Helsinki",2025,"10.1007/s10699-025-09996-x",FALSE,"FinELib Springer Compact agreement","sn2024finelib"
"University of Helsinki",2025,"10.1007/s10734-025-01411-5",TRUE,"FinELib Springer Compact agreement","sn2024finelib"
"University of Helsinki",2025,"10.1007/s10734-025-01419-x",FALSE,"FinELib Springer Compact agreement","sn2024finelib"
"University of Helsinki",2025,"10.1007/s10750-025-06033-7",TRUE,"FinELib Springer Compact agreement","sn2024finelib"
"University of Helsinki",2025,"10.1007/s10797-025-09940-6",TRUE,"FinELib Springer Compact agreement","sn2024finelib"
"University of Helsinki",2025,"10.1007/s10798-025-10049-4",FALSE,"FinELib Springer Compact agreement","sn2024finelib"
"University of Helsinki",2025,"10.1007/s10875-025-01959-y",TRUE,"FinELib Springer Compact agreement","sn2024finelib"
"University of Helsinki",2025,"10.1007/s10940-024-09599-y",TRUE,"FinELib Springer Compact agreement","sn2024finelib"
"University of Helsinki",2025,"10.1007/s10967-025-10405-7",TRUE,"FinELib Springer Compact agreement","sn2024finelib"
"University of Helsinki",2025,"10.1007/s10974-025-09711-0",TRUE,"FinELib Springer Compact agreement","sn2024finelib"
"University of Helsinki",2025,"10.1007/s10978-025-09417-9",TRUE,"FinELib Springer Compact agreement","sn2024finelib"
"University of Helsinki",2025,"10.1007/s10978-025-09419-7",TRUE,"FinELib Springer Compact agreement","sn2024finelib"
"University of Helsinki",2025,"10.1007/s10978-025-09420-0",TRUE,"FinELib Springer Compact agreement","sn2024finelib"
"University of Helsinki",2025,"10.1007/s10980-024-02035-3",TRUE,"FinELib Springer Compact agreement","sn2024finelib"
"University of Helsinki",2025,"10.1007/s10980-025-02240-8",TRUE,"FinELib Springer Compact agreement","sn2024finelib"
"University of Helsinki",2025,"10.1007/s10980-025-02260-4",TRUE,"FinELib Springer Compact agreement","sn2024finelib"
"University of Helsinki",2025,"10.1007/s10984-025-09530-7",TRUE,"FinELib Springer Compact agreement","sn2024finelib"
"University of Helsinki",2025,"10.1007/s10988-025-09435-x",TRUE,"FinELib Springer Compact agreement","sn2024finelib"
"University of Helsinki",2025,"10.1007/s11013-025-09946-z",TRUE,"FinELib Springer Compact agreement","sn2024finelib"
"University of Helsinki",2025,"10.1007/s11024-025-09578-y",TRUE,"FinELib Springer Compact agreement","sn2024finelib"
"University of Helsinki",2025,"10.1007/s11060-025-04939-9",FALSE,"FinELib Springer Compact agreement","sn2024finelib"
"University of Helsinki",2025,"10.1007/s11060-025-04964-8",TRUE,"FinELib Springer Compact agreement","sn2024finelib"
"University of Helsinki",2025,"10.1007/s11060-025-05377-3",TRUE,"FinELib Springer Compact agreement","sn2024finelib"
"University of Helsinki",2025,"10.1007/s11120-025-01166-1",TRUE,"FinELib Springer Compact agreement","sn2024finelib"
"University of Helsinki",2025,"10.1007/s11160-025-09928-9",TRUE,"FinELib Springer Compact agreement","sn2024finelib"
"University of Helsinki",2025,"10.1007/s11212-025-09704-2",TRUE,"FinELib Springer Compact agreement","sn2024finelib"
"University of Helsinki",2025,"10.1007/s11212-025-09714-0",TRUE,"FinELib Springer Compact agreement","sn2024finelib"
"University of Helsinki",2025,"10.1007/s11212-025-09774-2",TRUE,"FinELib Springer Compact agreement","sn2024finelib"
"University of Helsinki",2025,"10.1007/s11212-025-09801-2",TRUE,"FinELib Springer Compact agreement","sn2024finelib"
"University of Helsinki",2025,"10.1007/s11214-025-01152-y",TRUE,"FinELib Springer Compact agreement","sn2024finelib"
"University of Helsinki",2025,"10.1007/s11217-025-10021-8",TRUE,"FinELib Springer Compact agreement","sn2024finelib"
"University of Helsinki",2025,"10.1007/s11218-025-10025-9",TRUE,"FinELib Springer Compact agreement","sn2024finelib"
"University of Helsinki",2025,"10.1007/s11218-025-10081-1",TRUE,"FinELib Springer Compact agreement","sn2024finelib"
"University of Helsinki",2025,"10.1007/s11218-025-10088-8",TRUE,"FinELib Springer Compact agreement","sn2024finelib"
"University of Helsinki",2025,"10.1007/s11222-025-10695-7",TRUE,"FinELib Springer Compact agreement","sn2024finelib"
"University of Helsinki",2025,"10.1007/s11225-025-10218-5",TRUE,"FinELib Springer Compact agreement","sn2024finelib"
"University of Helsinki",2025,"10.1007/s11229-024-04897-1",TRUE,"FinELib Springer Compact agreement","sn2024finelib"
"University of Helsinki",2025,"10.1007/s11229-025-05139-8",TRUE,"FinELib Springer Compact agreement","sn2024finelib"
"University of Helsinki",2025,"10.1007/s11245-025-10273-6",FALSE,"FinELib Springer Compact agreement","sn2024finelib"
"University of Helsinki",2025,"10.1007/s11252-025-01676-9",TRUE,"FinELib Springer Compact agreement","sn2024finelib"
"University of Helsinki",2025,"10.1007/s11252-025-01699-2",TRUE,"FinELib Springer Compact agreement","sn2024finelib"
"University of Helsinki",2025,"10.1007/s11252-025-01818-z",TRUE,"FinELib Springer Compact agreement","sn2024finelib"
"University of Helsinki",2025,"10.1007/s11252-025-01826-z",TRUE,"FinELib Springer Compact agreement","sn2024finelib"
"University of Helsinki",2025,"10.1007/s11252-025-01863-8",TRUE,"FinELib Springer Compact agreement","sn2024finelib"
"University of Helsinki",2025,"10.1007/s11252-025-01872-7",TRUE,"FinELib Springer Compact agreement","sn2024finelib"
"University of Helsinki",2025,"10.1007/s11270-025-08563-1",TRUE,"FinELib Springer Compact agreement","sn2024finelib"
"University of Helsinki",2025,"10.1007/s11307-025-02055-8",TRUE,"FinELib Springer Compact agreement","sn2024finelib"
"University of Helsinki",2025,"10.1007/s11325-025-03360-w",TRUE,"FinELib Springer Compact agreement","sn2024finelib"
"University of Helsinki",2025,"10.1007/s11357-025-01555-3",TRUE,"FinELib Springer Compact agreement","sn2024finelib"
"University of Helsinki",2025,"10.1007/s11457-025-09474-2",TRUE,"FinELib Springer Compact agreement","sn2024finelib"
"University of Helsinki",2025,"10.1007/s11618-025-01294-3",TRUE,"FinELib Springer Compact agreement","sn2024finelib"
"University of Helsinki",2025,"10.1007/s11676-025-01880-5",TRUE,"FinELib Springer Compact agreement","sn2024finelib"
"University of Helsinki",2025,"10.1007/s11787-025-00399-x",TRUE,"FinELib Springer Compact agreement","sn2024finelib"
"University of Helsinki",2025,"10.1007/s11856-025-2834-y",FALSE,"FinELib Springer Compact agreement","sn2024finelib"
"University of Helsinki",2025,"10.1007/s11947-025-03804-x",TRUE,"FinELib Springer Compact agreement","sn2024finelib"
"University of Helsinki",2025,"10.1007/s11998-025-01155-y",TRUE,"FinELib Springer Compact agreement","sn2024finelib"
"University of Helsinki",2025,"10.1007/s12015-025-10972-y",TRUE,"FinELib Springer Compact agreement","sn2024finelib"
"University of Helsinki",2025,"10.1007/s12020-025-04291-y",TRUE,"FinELib Springer Compact agreement","sn2024finelib"
"University of Helsinki",2025,"10.1007/s12032-025-02766-6",TRUE,"FinELib Springer Compact agreement","sn2024finelib"
"University of Helsinki",2025,"10.1007/s12035-025-05475-3",FALSE,"FinELib Springer Compact agreement","sn2024finelib"
"University of Helsinki",2025,"10.1007/s12152-025-09617-1",TRUE,"FinELib Springer Compact agreement","sn2024finelib"
"University of Helsinki",2025,"10.1007/s12237-025-01499-z",TRUE,"FinELib Springer Compact agreement","sn2024finelib"
"University of Helsinki",2025,"10.1007/s12282-025-01759-7",FALSE,"FinELib Springer Compact agreement","sn2024finelib"
"University of Helsinki",2025,"10.1007/s12520-024-02147-6",TRUE,"FinELib Springer Compact agreement","sn2024finelib"
"University of Helsinki",2025,"10.1007/s12520-025-02260-0",TRUE,"FinELib Springer Compact agreement","sn2024finelib"
"University of Helsinki",2025,"10.1007/s12560-024-09631-1",TRUE,"FinELib Springer Compact agreement","sn2024finelib"
"University of Helsinki",2025,"10.1007/s12630-025-03046-7",TRUE,"FinELib Springer Compact agreement","sn2024finelib"
"University of Helsinki",2025,"10.1007/s12671-025-02637-1",TRUE,"FinELib Springer Compact agreement","sn2024finelib"
"University of Helsinki",2025,"10.1007/s12685-025-00364-x",TRUE,"FinELib Springer Compact agreement","sn2024finelib"
"University of Helsinki",2025,"10.1007/s12687-025-00790-7",TRUE,"FinELib Springer Compact agreement","sn2024finelib"
"University of Helsinki",2025,"10.1007/s13157-025-02001-y",TRUE,"FinELib Springer Compact agreement","sn2024finelib"
"University of Helsinki",2025,"10.1007/s13194-025-00676-y",TRUE,"FinELib Springer Compact agreement","sn2024finelib"
"University of Helsinki",2025,"10.1007/s13280-025-02140-w",TRUE,"FinELib Springer Compact agreement","sn2024finelib"
"University of Helsinki",2025,"10.1007/s13280-025-02161-5",TRUE,"FinELib Springer Compact agreement","sn2024finelib"
"University of Helsinki",2025,"10.1007/s13280-025-02171-3",TRUE,"FinELib Springer Compact agreement","sn2024finelib"
"University of Helsinki",2025,"10.1007/s13280-025-02178-w",TRUE,"FinELib Springer Compact agreement","sn2024finelib"
"University of Helsinki",2025,"10.1007/s13280-025-02207-8",TRUE,"FinELib Springer Compact agreement","sn2024finelib"
"University of Helsinki",2025,"10.1007/s13364-025-00793-2",TRUE,"FinELib Springer Compact agreement","sn2024finelib"
"University of Helsinki",2025,"10.1007/s15010-025-02642-5",TRUE,"FinELib Springer Compact agreement","sn2024finelib"
"University of Helsinki",2025,"10.1007/s15010-025-02690-x",TRUE,"FinELib Springer Compact agreement","sn2024finelib"
"University of Helsinki",2025,"10.1007/s40003-025-00921-z",TRUE,"FinELib Springer Compact agreement","sn2024finelib"
"University of Helsinki",2025,"10.1007/s40290-025-00580-z",TRUE,"FinELib Springer Compact agreement","sn2024finelib"
"University of Helsinki",2025,"10.1007/s40368-025-01101-x",TRUE,"FinELib Springer Compact agreement","sn2024finelib"
"University of Helsinki",2025,"10.1007/s40368-025-01122-6",TRUE,"FinELib Springer Compact agreement","sn2024finelib"
"University of Helsinki",2025,"10.1007/s40368-025-01134-2",TRUE,"FinELib Springer Compact agreement","sn2024finelib"
"University of Helsinki",2025,"10.1007/s40519-025-01751-2",TRUE,"FinELib Springer Compact agreement","sn2024finelib"
"University of Helsinki",2025,"10.1007/s40520-025-02942-8",TRUE,"FinELib Springer Compact agreement","sn2024finelib"
"University of Helsinki",2025,"10.1007/s40520-025-03187-1",TRUE,"FinELib Springer Compact agreement","sn2024finelib"
"University of Helsinki",2025,"10.1007/s40889-025-00214-7",TRUE,"FinELib Springer Compact agreement","sn2024finelib"
"University of Helsinki",2025,"10.1007/s41060-025-00742-x",TRUE,"FinELib Springer Compact agreement","sn2024finelib"
"University of Helsinki",2025,"10.1007/s41208-025-01018-8",TRUE,"FinELib Springer Compact agreement","sn2024finelib"
"University of Helsinki",2025,"10.1007/s41999-025-01267-z",TRUE,"FinELib Springer Compact agreement","sn2024finelib"
"University of Helsinki",2025,"10.1007/s41999-025-01279-9",TRUE,"FinELib Springer Compact agreement","sn2024finelib"
"University of Helsinki",2025,"10.1007/s42113-025-00244-w",TRUE,"FinELib Springer Compact agreement","sn2024finelib"
"University of Helsinki",2025,"10.1007/s42247-025-01277-4",TRUE,"FinELib Springer Compact agreement","sn2024finelib"
"University of Helsinki",2025,"10.1007/s42484-025-00337-6",TRUE,"FinELib Springer Compact agreement","sn2024finelib"
"University of Helsinki",2025,"10.1007/s42991-025-00506-x",TRUE,"FinELib Springer Compact agreement","sn2024finelib"
"University of Helsinki",2025,"10.1007/s43151-025-00197-8",TRUE,"FinELib Springer Compact agreement","sn2024finelib"
"University of Helsinki",2025,"10.1007/s43253-025-00149-1",TRUE,"FinELib Springer Compact agreement","sn2024finelib"
"University of Helsinki",2025,"10.1007/s43576-025-00182-4",TRUE,"FinELib Springer Compact agreement","sn2024finelib"
"University of Helsinki",2025,"10.1007/s43615-025-00575-7",TRUE,"FinELib Springer Compact agreement","sn2024finelib"
"University of Helsinki",2025,"10.1007/s43615-025-00587-3",TRUE,"FinELib Springer Compact agreement","sn2024finelib"
"University of Helsinki",2025,"10.1007/s43681-025-00899-y",TRUE,"FinELib Springer Compact agreement","sn2024finelib"
"University of Helsinki",2025,"10.1007/s44204-025-00282-y",TRUE,"FinELib Springer Compact agreement","sn2024finelib"
"University of Helsinki",2025,"10.1016/j.actamat.2025.121276",TRUE,"FinELib Elsevier agreement","els2024finelib"
"University of Helsinki",2025,"10.1016/j.actamat.2025.121674",TRUE,"FinELib Elsevier agreement","els2024finelib"
"University of Helsinki",2025,"10.1016/j.actpsy.2025.104754",FALSE,"FinELib Elsevier agreement","els2024finelib"
"University of Helsinki",2025,"10.1016/j.actpsy.2025.105576",FALSE,"FinELib Elsevier agreement","els2024finelib"
"University of Helsinki",2025,"10.1016/j.actpsy.2025.105645",FALSE,"FinELib Elsevier agreement","els2024finelib"
"University of Helsinki",2025,"10.1016/j.agee.2025.109942",TRUE,"FinELib Elsevier agreement","els2024finelib"
"University of Helsinki",2025,"10.1016/j.agee.2025.110092",TRUE,"FinELib Elsevier agreement","els2024finelib"
"University of Helsinki",2025,"10.1016/j.agrformet.2025.110434",TRUE,"FinELib Elsevier agreement","els2024finelib"
"University of Helsinki",2025,"10.1016/j.agrformet.2025.110436",TRUE,"FinELib Elsevier agreement","els2024finelib"
"University of Helsinki",2025,"10.1016/j.agrformet.2025.110866",TRUE,"FinELib Elsevier agreement","els2024finelib"
"University of Helsinki",2025,"10.1016/j.agrformet.2025.110891",TRUE,"FinELib Elsevier agreement","els2024finelib"
"University of Helsinki",2025,"10.1016/j.agsy.2025.104625",TRUE,"FinELib Elsevier agreement","els2024finelib"
"University of Helsinki",2025,"10.1016/j.agwat.2025.109779",FALSE,"FinELib Elsevier agreement","els2024finelib"
"University of Helsinki",2025,"10.1016/j.ajhg.2025.04.004",TRUE,"FinELib Elsevier agreement","els2024finelib"
"University of Helsinki",2025,"10.1016/j.ajo.2025.03.004",TRUE,"FinELib Elsevier agreement","els2024finelib"
"University of Helsinki",2025,"10.1016/j.ajo.2025.10.001",TRUE,"FinELib Elsevier agreement","els2024finelib"
"University of Helsinki",2025,"10.1016/j.ajog.2025.04.073",TRUE,"FinELib Elsevier agreement","els2024finelib"
"University of Helsinki",2025,"10.1016/j.ajog.2025.12.007",TRUE,"FinELib Elsevier agreement","els2024finelib"
"University of Helsinki",2025,"10.1016/j.ajpath.2025.04.013",TRUE,"FinELib Elsevier agreement","els2024finelib"
"University of Helsinki",2025,"10.1016/j.alcr.2025.100662",TRUE,"FinELib Elsevier agreement","els2024finelib"
"University of Helsinki",2025,"10.1016/j.alcr.2025.100669",TRUE,"FinELib Elsevier agreement","els2024finelib"
"University of Helsinki",2025,"10.1016/j.anbehav.2025.123319",TRUE,"FinELib Elsevier agreement","els2024finelib"
"University of Helsinki",2025,"10.1016/j.apgeochem.2025.106360",TRUE,"FinELib Elsevier agreement","els2024finelib"
"University of Helsinki",2025,"10.1016/j.apgeochem.2025.106415",TRUE,"FinELib Elsevier agreement","els2024finelib"
"University of Helsinki",2025,"10.1016/j.apnr.2025.151903",TRUE,"FinELib Elsevier agreement","els2024finelib"
"University of Helsinki",2025,"10.1016/j.appet.2025.108236",TRUE,"FinELib Elsevier agreement","els2024finelib"
"University of Helsinki",2025,"10.1016/j.applanim.2025.106559",TRUE,"FinELib Elsevier agreement","els2024finelib"
"University of Helsinki",2025,"10.1016/j.applanim.2025.106599",TRUE,"FinELib Elsevier agreement","els2024finelib"
"University of Helsinki",2025,"10.1016/j.apradiso.2025.111996",TRUE,"FinELib Elsevier agreement","els2024finelib"
"University of Helsinki",2025,"10.1016/j.apradiso.2025.112392",TRUE,"FinELib Elsevier agreement","els2024finelib"
"University of Helsinki",2025,"10.1016/j.aquatox.2025.107480",TRUE,"FinELib Elsevier agreement","els2024finelib"
"University of Helsinki",2025,"10.1016/j.artint.2025.104311",TRUE,"FinELib Elsevier agreement","els2024finelib"
"University of Helsinki",2025,"10.1016/j.atherosclerosis.2025.119220",TRUE,"FinELib Elsevier agreement","els2024finelib"
"University of Helsinki",2025,"10.1016/j.atmosenv.2025.121602",TRUE,"FinELib Elsevier agreement","els2024finelib"
"University of Helsinki",2025,"10.1016/j.atmosenv.2025.121639",TRUE,"FinELib Elsevier agreement","els2024finelib"
"University of Helsinki",2025,"10.1016/j.avsg.2025.04.132",TRUE,"FinELib Elsevier agreement","els2024finelib"
"University of Helsinki",2025,"10.1016/j.bbabio.2025.149563",TRUE,"FinELib Elsevier agreement","els2024finelib"
"University of Helsinki",2025,"10.1016/j.bbi.2025.05.026",TRUE,"FinELib Elsevier agreement","els2024finelib"
"University of Helsinki",2025,"10.1016/j.biocon.2025.111070",TRUE,"FinELib Elsevier agreement","els2024finelib"
"University of Helsinki",2025,"10.1016/j.biocon.2025.111368",TRUE,"FinELib Elsevier agreement","els2024finelib"
"University of Helsinki",2025,"10.1016/j.biocon.2025.111572",TRUE,"FinELib Elsevier agreement","els2024finelib"
"University of Helsinki",2025,"10.1016/j.biombioe.2025.108675",TRUE,"FinELib Elsevier agreement","els2024finelib"
"University of Helsinki",2025,"10.1016/j.biopsycho.2025.109050",TRUE,"FinELib Elsevier agreement","els2024finelib"
"University of Helsinki",2025,"10.1016/j.biteb.2025.102446",TRUE,"FinELib Elsevier agreement","els2024finelib"
"University of Helsinki",2025,"10.1016/j.bjps.2025.03.060",TRUE,"FinELib Elsevier agreement","els2024finelib"
"University of Helsinki",2025,"10.1016/j.bone.2025.117469",TRUE,"FinELib Elsevier agreement","els2024finelib"
"University of Helsinki",2025,"10.1016/j.braindev.2025.104487",TRUE,"FinELib Elsevier agreement","els2024finelib"
"University of Helsinki",2025,"10.1016/j.cancergen.2025.08.005",TRUE,"FinELib Elsevier agreement","els2024finelib"
"University of Helsinki",2025,"10.1016/j.canlet.2025.217900",TRUE,"FinELib Elsevier agreement","els2024finelib"
"University of Helsinki",2025,"10.1016/j.carbpol.2025.123920",TRUE,"FinELib Elsevier agreement","els2024finelib"
"University of Helsinki",2025,"10.1016/j.cedpsych.2025.102417",TRUE,"FinELib Elsevier agreement","els2024finelib"
"University of Helsinki",2025,"10.1016/j.cegh.2025.102150",FALSE,"FinELib Elsevier agreement","els2024finelib"
"University of Helsinki",2025,"10.1016/j.cej.2025.159416",TRUE,"FinELib Elsevier agreement","els2024finelib"
"University of Helsinki",2025,"10.1016/j.cej.2025.162129",TRUE,"FinELib Elsevier agreement","els2024finelib"
"University of Helsinki",2025,"10.1016/j.cej.2025.164438",TRUE,"FinELib Elsevier agreement","els2024finelib"
"University of Helsinki",2025,"10.1016/j.ceramint.2025.12.019",TRUE,"FinELib Elsevier agreement","els2024finelib"
"University of Helsinki",2025,"10.1016/j.chb.2025.108775",TRUE,"FinELib Elsevier agreement","els2024finelib"
"University of Helsinki",2025,"10.1016/j.chemgeo.2025.123147",TRUE,"FinELib Elsevier agreement","els2024finelib"
"University of Helsinki",2025,"10.1016/j.chemosphere.2025.144480",TRUE,"FinELib Elsevier agreement","els2024finelib"
"University of Helsinki",2025,"10.1016/j.chroma.2025.465688",TRUE,"FinELib Elsevier agreement","els2024finelib"
"University of Helsinki",2025,"10.1016/j.chroma.2025.466218",TRUE,"FinELib Elsevier agreement","els2024finelib"
"University of Helsinki",2025,"10.1016/j.chroma.2025.466416",TRUE,"FinELib Elsevier agreement","els2024finelib"
"University of Helsinki",2025,"10.1016/j.chroma.2025.466602",TRUE,"FinELib Elsevier agreement","els2024finelib"
"University of Helsinki",2025,"10.1016/j.cities.2025.106321",TRUE,"FinELib Elsevier agreement","els2024finelib"
"University of Helsinki",2025,"10.1016/j.cities.2025.106497",TRUE,"FinELib Elsevier agreement","els2024finelib"
"University of Helsinki",2025,"10.1016/j.cities.2025.106718",TRUE,"FinELib Elsevier agreement","els2024finelib"
"University of Helsinki",2025,"10.1016/j.clay.2025.107865",TRUE,"FinELib Elsevier agreement","els2024finelib"
"University of Helsinki",2025,"10.1016/j.clim.2025.110503",TRUE,"FinELib Elsevier agreement","els2024finelib"
"University of Helsinki",2025,"10.1016/j.clinph.2025.03.024",TRUE,"FinELib Elsevier agreement","els2024finelib"
"University of Helsinki",2025,"10.1016/j.clinph.2025.2110809",TRUE,"FinELib Elsevier agreement","els2024finelib"
"University of Helsinki",2025,"10.1016/j.clml.2025.12.002",TRUE,"FinELib Elsevier agreement","els2024finelib"
"University of Helsinki",2025,"10.1016/j.cobeha.2025.101612",TRUE,"FinELib Elsevier agreement","els2024finelib"
"University of Helsinki",2025,"10.1016/j.cognition.2025.106169",TRUE,"FinELib Elsevier agreement","els2024finelib"
"University of Helsinki",2025,"10.1016/j.commatsci.2025.113738",TRUE,"FinELib Elsevier agreement","els2024finelib"
"University of Helsinki",2025,"10.1016/j.commatsci.2025.114398",TRUE,"FinELib Elsevier agreement","els2024finelib"
"University of Helsinki",2025,"10.1016/j.compag.2025.111161",TRUE,"FinELib Elsevier agreement","els2024finelib"
"University of Helsinki",2025,"10.1016/j.contraception.2025.111311",TRUE,"FinELib Elsevier agreement","els2024finelib"
"University of Helsinki",2025,"10.1016/j.copsyc.2025.102073",TRUE,"FinELib Elsevier agreement","els2024finelib"
"University of Helsinki",2025,"10.1016/j.copsyc.2025.102102",TRUE,"FinELib Elsevier agreement","els2024finelib"
"University of Helsinki",2025,"10.1016/j.cpc.2025.109948",TRUE,"FinELib Elsevier agreement","els2024finelib"
"University of Helsinki",2025,"10.1016/j.cub.2025.10.081",TRUE,"FinELib Elsevier agreement","els2024finelib"
"University of Helsinki",2025,"10.1016/j.daach.2025.e00481",TRUE,"FinELib Elsevier agreement","els2024finelib"
"University of Helsinki",2025,"10.1016/j.dcm.2025.100915",TRUE,"FinELib Elsevier agreement","els2024finelib"
"University of Helsinki",2025,"10.1016/j.diabres.2025.112272",TRUE,"FinELib Elsevier agreement","els2024finelib"
"University of Helsinki",2025,"10.1016/j.diabres.2025.112984",TRUE,"FinELib Elsevier agreement","els2024finelib"
"University of Helsinki",2025,"10.1016/j.diabres.2025.113080",TRUE,"FinELib Elsevier agreement","els2024finelib"
"University of Helsinki",2025,"10.1016/j.dmd.2025.100205",TRUE,"FinELib Elsevier agreement","els2024finelib"
"University of Helsinki",2025,"10.1016/j.dmpk.2025.101482",TRUE,"FinELib Elsevier agreement","els2024finelib"
"University of Helsinki",2025,"10.1016/j.domaniend.2025.106946",TRUE,"FinELib Elsevier agreement","els2024finelib"
"University of Helsinki",2025,"10.1016/j.drugpo.2025.105118",TRUE,"FinELib Elsevier agreement","els2024finelib"
"University of Helsinki",2025,"10.1016/j.dsx.2025.103361",TRUE,"FinELib Elsevier agreement","els2024finelib"
"University of Helsinki",2025,"10.1016/j.earlhumdev.2025.106205",TRUE,"FinELib Elsevier agreement","els2024finelib"
"University of Helsinki",2025,"10.1016/j.earlhumdev.2025.106266",TRUE,"FinELib Elsevier agreement","els2024finelib"
"University of Helsinki",2025,"10.1016/j.earlhumdev.2025.106373",TRUE,"FinELib Elsevier agreement","els2024finelib"
"University of Helsinki",2025,"10.1016/j.ecoenv.2025.118602",FALSE,"FinELib Elsevier agreement","els2024finelib"
"University of Helsinki",2025,"10.1016/j.ecolecon.2025.108830",TRUE,"FinELib Elsevier agreement","els2024finelib"
"University of Helsinki",2025,"10.1016/j.ecolind.2025.113425",FALSE,"FinELib Elsevier agreement","els2024finelib"
"University of Helsinki",2025,"10.1016/j.ecolind.2025.113465",FALSE,"FinELib Elsevier agreement","els2024finelib"
"University of Helsinki",2025,"10.1016/j.ecolind.2025.114092",FALSE,"FinELib Elsevier agreement","els2024finelib"
"University of Helsinki",2025,"10.1016/j.ecolmodel.2025.111311",TRUE,"FinELib Elsevier agreement","els2024finelib"
"University of Helsinki",2025,"10.1016/j.ecosta.2025.09.003",TRUE,"FinELib Elsevier agreement","els2024finelib"
"University of Helsinki",2025,"10.1016/j.ejca.2025.115340",TRUE,"FinELib Elsevier agreement","els2024finelib"
"University of Helsinki",2025,"10.1016/j.ejmp.2025.105055",TRUE,"FinELib Elsevier agreement","els2024finelib"
"University of Helsinki",2025,"10.1016/j.ejmp.2025.105687",TRUE,"FinELib Elsevier agreement","els2024finelib"
"University of Helsinki",2025,"10.1016/j.ejogrb.2025.02.049",TRUE,"FinELib Elsevier agreement","els2024finelib"
"University of Helsinki",2025,"10.1016/j.ejpb.2025.114860",TRUE,"FinELib Elsevier agreement","els2024finelib"
"University of Helsinki",2025,"10.1016/j.ejps.2025.107048",FALSE,"FinELib Elsevier agreement","els2024finelib"
"University of Helsinki",2025,"10.1016/j.ejps.2025.107070",FALSE,"FinELib Elsevier agreement","els2024finelib"
"University of Helsinki",2025,"10.1016/j.ejps.2025.107073",FALSE,"FinELib Elsevier agreement","els2024finelib"
"University of Helsinki",2025,"10.1016/j.ejps.2025.107078",FALSE,"FinELib Elsevier agreement","els2024finelib"
"University of Helsinki",2025,"10.1016/j.ejps.2025.107133",FALSE,"FinELib Elsevier agreement","els2024finelib"
"University of Helsinki",2025,"10.1016/j.ejps.2025.107142",FALSE,"FinELib Elsevier agreement","els2024finelib"
"University of Helsinki",2025,"10.1016/j.ejps.2025.107230",FALSE,"FinELib Elsevier agreement","els2024finelib"
"University of Helsinki",2025,"10.1016/j.ejps.2025.107247",FALSE,"FinELib Elsevier agreement","els2024finelib"
"University of Helsinki",2025,"10.1016/j.ejps.2025.107322",FALSE,"FinELib Elsevier agreement","els2024finelib"
"University of Helsinki",2025,"10.1016/j.ejps.2025.107404",FALSE,"FinELib Elsevier agreement","els2024finelib"
"University of Helsinki",2025,"10.1016/j.ejps.2025.107424",FALSE,"FinELib Elsevier agreement","els2024finelib"
"University of Helsinki",2025,"10.1016/j.ejrad.2025.112158",TRUE,"FinELib Elsevier agreement","els2024finelib"
"University of Helsinki",2025,"10.1016/j.ejrad.2025.112309",TRUE,"FinELib Elsevier agreement","els2024finelib"
"University of Helsinki",2025,"10.1016/j.ejso.2025.109688",TRUE,"FinELib Elsevier agreement","els2024finelib"
"University of Helsinki",2025,"10.1016/j.ejso.2025.110093",TRUE,"FinELib Elsevier agreement","els2024finelib"
"University of Helsinki",2025,"10.1016/j.ejso.2025.110139",TRUE,"FinELib Elsevier agreement","els2024finelib"
"University of Helsinki",2025,"10.1016/j.ejvs.2025.11.058",TRUE,"FinELib Elsevier agreement","els2024finelib"
"University of Helsinki",2025,"10.1016/j.ejvs.2025.12.042",TRUE,"FinELib Elsevier agreement","els2024finelib"
"University of Helsinki",2025,"10.1016/j.emospa.2025.101095",TRUE,"FinELib Elsevier agreement","els2024finelib"
"University of Helsinki",2025,"10.1016/j.envpol.2025.125933",TRUE,"FinELib Elsevier agreement","els2024finelib"
"University of Helsinki",2025,"10.1016/j.envpol.2025.126949",TRUE,"FinELib Elsevier agreement","els2024finelib"
"University of Helsinki",2025,"10.1016/j.envres.2025.121206",TRUE,"FinELib Elsevier agreement","els2024finelib"
"University of Helsinki",2025,"10.1016/j.envres.2025.122352",TRUE,"FinELib Elsevier agreement","els2024finelib"
"University of Helsinki",2025,"10.1016/j.envres.2025.122629",TRUE,"FinELib Elsevier agreement","els2024finelib"
"University of Helsinki",2025,"10.1016/j.envsci.2025.104023",TRUE,"FinELib Elsevier agreement","els2024finelib"
"University of Helsinki",2025,"10.1016/j.envsoft.2025.106322",TRUE,"FinELib Elsevier agreement","els2024finelib"
"University of Helsinki",2025,"10.1016/j.eprac.2025.12.020",TRUE,"FinELib Elsevier agreement","els2024finelib"
"University of Helsinki",2025,"10.1016/j.erss.2025.103977",TRUE,"FinELib Elsevier agreement","els2024finelib"
"University of Helsinki",2025,"10.1016/j.erss.2025.104202",TRUE,"FinELib Elsevier agreement","els2024finelib"
"University of Helsinki",2025,"10.1016/j.erss.2025.104406",TRUE,"FinELib Elsevier agreement","els2024finelib"
"University of Helsinki",2025,"10.1016/j.eti.2025.104638",FALSE,"FinELib Elsevier agreement","els2024finelib"
"University of Helsinki",2025,"10.1016/j.eururo.2025.08.019",TRUE,"FinELib Elsevier agreement","els2024finelib"
"University of Helsinki",2025,"10.1016/j.evolhumbehav.2025.106747",TRUE,"FinELib Elsevier agreement","els2024finelib"
"University of Helsinki",2025,"10.1016/j.exger.2025.112790",FALSE,"FinELib Elsevier agreement","els2024finelib"
"University of Helsinki",2025,"10.1016/j.expneurol.2025.115454",TRUE,"FinELib Elsevier agreement","els2024finelib"
"University of Helsinki",2025,"10.1016/j.expneurol.2025.115593",TRUE,"FinELib Elsevier agreement","els2024finelib"
"University of Helsinki",2025,"10.1016/j.fas.2025.11.003",TRUE,"FinELib Elsevier agreement","els2024finelib"
"University of Helsinki",2025,"10.1016/j.fbio.2025.106766",TRUE,"FinELib Elsevier agreement","els2024finelib"
"University of Helsinki",2025,"10.1016/j.fertnstert.2025.10.025",TRUE,"FinELib Elsevier agreement","els2024finelib"
"University of Helsinki",2025,"10.1016/j.fitote.2025.107011",TRUE,"FinELib Elsevier agreement","els2024finelib"
"University of Helsinki",2025,"10.1016/j.fm.2025.104938",TRUE,"FinELib Elsevier agreement","els2024finelib"
"University of Helsinki",2025,"10.1016/j.foodchem.2025.143753",TRUE,"FinELib Elsevier agreement","els2024finelib"
"University of Helsinki",2025,"10.1016/j.foodchem.2025.143968",TRUE,"FinELib Elsevier agreement","els2024finelib"
"University of Helsinki",2025,"10.1016/j.foodchem.2025.145564",TRUE,"FinELib Elsevier agreement","els2024finelib"
"University of Helsinki",2025,"10.1016/j.foodchem.2025.147815",TRUE,"FinELib Elsevier agreement","els2024finelib"
"University of Helsinki",2025,"10.1016/j.foodcont.2025.111404",TRUE,"FinELib Elsevier agreement","els2024finelib"
"University of Helsinki",2025,"10.1016/j.foodcont.2025.111451",TRUE,"FinELib Elsevier agreement","els2024finelib"
"University of Helsinki",2025,"10.1016/j.foodhyd.2025.111209",TRUE,"FinELib Elsevier agreement","els2024finelib"
"University of Helsinki",2025,"10.1016/j.foodhyd.2025.111436",TRUE,"FinELib Elsevier agreement","els2024finelib"
"University of Helsinki",2025,"10.1016/j.foodhyd.2025.111582",TRUE,"FinELib Elsevier agreement","els2024finelib"
"University of Helsinki",2025,"10.1016/j.foodqual.2025.105512",TRUE,"FinELib Elsevier agreement","els2024finelib"
"University of Helsinki",2025,"10.1016/j.foodqual.2025.105720",TRUE,"FinELib Elsevier agreement","els2024finelib"
"University of Helsinki",2025,"10.1016/j.forc.2025.100700",TRUE,"FinELib Elsevier agreement","els2024finelib"
"University of Helsinki",2025,"10.1016/j.foreco.2025.123024",TRUE,"FinELib Elsevier agreement","els2024finelib"
"University of Helsinki",2025,"10.1016/j.foreco.2025.123041",TRUE,"FinELib Elsevier agreement","els2024finelib"
"University of Helsinki",2025,"10.1016/j.foreco.2025.123347",TRUE,"FinELib Elsevier agreement","els2024finelib"
"University of Helsinki",2025,"10.1016/j.forpol.2025.103448",TRUE,"FinELib Elsevier agreement","els2024finelib"
"University of Helsinki",2025,"10.1016/j.forpol.2025.103523",TRUE,"FinELib Elsevier agreement","els2024finelib"
"University of Helsinki",2025,"10.1016/j.forsciint.2025.112466",TRUE,"FinELib Elsevier agreement","els2024finelib"
"University of Helsinki",2025,"10.1016/j.freeradbiomed.2025.06.044",TRUE,"FinELib Elsevier agreement","els2024finelib"
"University of Helsinki",2025,"10.1016/j.futures.2025.103595",TRUE,"FinELib Elsevier agreement","els2024finelib"
"University of Helsinki",2025,"10.1016/j.futures.2025.103668",TRUE,"FinELib Elsevier agreement","els2024finelib"
"University of Helsinki",2025,"10.1016/j.futures.2025.103683",TRUE,"FinELib Elsevier agreement","els2024finelib"
"University of Helsinki",2025,"10.1016/j.futures.2025.103746",TRUE,"FinELib Elsevier agreement","els2024finelib"
"University of Helsinki",2025,"10.1016/j.geoderma.2025.117573",FALSE,"FinELib Elsevier agreement","els2024finelib"
"University of Helsinki",2025,"10.1016/j.geoforum.2025.104205",TRUE,"FinELib Elsevier agreement","els2024finelib"
"University of Helsinki",2025,"10.1016/j.geoforum.2025.104238",TRUE,"FinELib Elsevier agreement","els2024finelib"
"University of Helsinki",2025,"10.1016/j.geoforum.2025.104326",TRUE,"FinELib Elsevier agreement","els2024finelib"
"University of Helsinki",2025,"10.1016/j.gerinurse.2025.03.061",TRUE,"FinELib Elsevier agreement","els2024finelib"
"University of Helsinki",2025,"10.1016/j.gim.2025.101521",TRUE,"FinELib Elsevier agreement","els2024finelib"
"University of Helsinki",2025,"10.1016/j.gim.2025.101649",TRUE,"FinELib Elsevier agreement","els2024finelib"
"University of Helsinki",2025,"10.1016/j.gr.2025.05.011",TRUE,"FinELib Elsevier agreement","els2024finelib"
"University of Helsinki",2025,"10.1016/j.healthplace.2025.103495",TRUE,"FinELib Elsevier agreement","els2024finelib"
"University of Helsinki",2025,"10.1016/j.healthpol.2025.105285",TRUE,"FinELib Elsevier agreement","els2024finelib"
"University of Helsinki",2025,"10.1016/j.heares.2025.109382",TRUE,"FinELib Elsevier agreement","els2024finelib"
"University of Helsinki",2025,"10.1016/j.hpb.2025.12.016",TRUE,"FinELib Elsevier agreement","els2024finelib"
"University of Helsinki",2025,"10.1016/j.ic.2025.105299",TRUE,"FinELib Elsevier agreement","els2024finelib"
"University of Helsinki",2025,"10.1016/j.ijbiomac.2025.143203",TRUE,"FinELib Elsevier agreement","els2024finelib"
"University of Helsinki",2025,"10.1016/j.ijdrr.2025.105566",FALSE,"FinELib Elsevier agreement","els2024finelib"
"University of Helsinki",2025,"10.1016/j.ijer.2025.102642",TRUE,"FinELib Elsevier agreement","els2024finelib"
"University of Helsinki",2025,"10.1016/j.ijer.2025.102837",TRUE,"FinELib Elsevier agreement","els2024finelib"
"University of Helsinki",2025,"10.1016/j.ijer.2025.102860",TRUE,"FinELib Elsevier agreement","els2024finelib"
"University of Helsinki",2025,"10.1016/j.ijfoodmicro.2025.111286",TRUE,"FinELib Elsevier agreement","els2024finelib"
"University of Helsinki",2025,"10.1016/j.ijfoodmicro.2025.111336",TRUE,"FinELib Elsevier agreement","els2024finelib"
"University of Helsinki",2025,"10.1016/j.ijfoodmicro.2025.111463",TRUE,"FinELib Elsevier agreement","els2024finelib"
"University of Helsinki",2025,"10.1016/j.ijgc.2025.101934",TRUE,"FinELib Elsevier agreement","els2024finelib"
"University of Helsinki",2025,"10.1016/j.ijindorg.2025.103187",TRUE,"FinELib Elsevier agreement","els2024finelib"
"University of Helsinki",2025,"10.1016/j.ijmedinf.2025.105873",TRUE,"FinELib Elsevier agreement","els2024finelib"
"University of Helsinki",2025,"10.1016/j.ijnurstu.2025.105277",TRUE,"FinELib Elsevier agreement","els2024finelib"
"University of Helsinki",2025,"10.1016/j.ijpharm.2025.125188",TRUE,"FinELib Elsevier agreement","els2024finelib"
"University of Helsinki",2025,"10.1016/j.ijpharm.2025.125900",TRUE,"FinELib Elsevier agreement","els2024finelib"
"University of Helsinki",2025,"10.1016/j.ijporl.2025.112614",TRUE,"FinELib Elsevier agreement","els2024finelib"
"University of Helsinki",2025,"10.1016/j.ijpsycho.2025.112527",TRUE,"FinELib Elsevier agreement","els2024finelib"
"University of Helsinki",2025,"10.1016/j.imlet.2025.107086",TRUE,"FinELib Elsevier agreement","els2024finelib"
"University of Helsinki",2025,"10.1016/j.imlet.2025.107102",TRUE,"FinELib Elsevier agreement","els2024finelib"
"University of Helsinki",2025,"10.1016/j.indcrop.2025.121005",FALSE,"FinELib Elsevier agreement","els2024finelib"
"University of Helsinki",2025,"10.1016/j.infbeh.2025.102123",TRUE,"FinELib Elsevier agreement","els2024finelib"
"University of Helsinki",2025,"10.1016/j.infoandorg.2025.100563",TRUE,"FinELib Elsevier agreement","els2024finelib"
"University of Helsinki",2025,"10.1016/j.infsof.2025.107830",TRUE,"FinELib Elsevier agreement","els2024finelib"
"University of Helsinki",2025,"10.1016/j.intell.2025.101937",TRUE,"FinELib Elsevier agreement","els2024finelib"
"University of Helsinki",2025,"10.1016/j.isprsjprs.2025.04.005",TRUE,"FinELib Elsevier agreement","els2024finelib"
"University of Helsinki",2025,"10.1016/j.isprsjprs.2025.12.028",TRUE,"FinELib Elsevier agreement","els2024finelib"
"University of Helsinki",2025,"10.1016/j.jaci.2025.02.011",TRUE,"FinELib Elsevier agreement","els2024finelib"
"University of Helsinki",2025,"10.1016/j.jad.2025.04.167",TRUE,"FinELib Elsevier agreement","els2024finelib"
"University of Helsinki",2025,"10.1016/j.jad.2025.119562",TRUE,"FinELib Elsevier agreement","els2024finelib"
"University of Helsinki",2025,"10.1016/j.jad.2025.119649",TRUE,"FinELib Elsevier agreement","els2024finelib"
"University of Helsinki",2025,"10.1016/j.jadohealth.2025.12.247",TRUE,"FinELib Elsevier agreement","els2024finelib"
"University of Helsinki",2025,"10.1016/j.jaerosci.2025.106619",TRUE,"FinELib Elsevier agreement","els2024finelib"
"University of Helsinki",2025,"10.1016/j.jaging.2025.101377",TRUE,"FinELib Elsevier agreement","els2024finelib"
"University of Helsinki",2025,"10.1016/j.jas.2025.106227",TRUE,"FinELib Elsevier agreement","els2024finelib"
"University of Helsinki",2025,"10.1016/j.jasrep.2025.105344",TRUE,"FinELib Elsevier agreement","els2024finelib"
"University of Helsinki",2025,"10.1016/j.jasrep.2025.105431",TRUE,"FinELib Elsevier agreement","els2024finelib"
"University of Helsinki",2025,"10.1016/j.jbiomech.2025.112918",TRUE,"FinELib Elsevier agreement","els2024finelib"
"University of Helsinki",2025,"10.1016/j.jbusres.2025.115756",TRUE,"FinELib Elsevier agreement","els2024finelib"
"University of Helsinki",2025,"10.1016/j.jce.2025.07.001",TRUE,"FinELib Elsevier agreement","els2024finelib"
"University of Helsinki",2025,"10.1016/j.jclepro.2025.145037",TRUE,"FinELib Elsevier agreement","els2024finelib"
"University of Helsinki",2025,"10.1016/j.jcms.2025.11.016",TRUE,"FinELib Elsevier agreement","els2024finelib"
"University of Helsinki",2025,"10.1016/j.jcomdis.2025.106563",TRUE,"FinELib Elsevier agreement","els2024finelib"
"University of Helsinki",2025,"10.1016/j.jconhyd.2025.104768",TRUE,"FinELib Elsevier agreement","els2024finelib"
"University of Helsinki",2025,"10.1016/j.jcou.2025.103228",FALSE,"FinELib Elsevier agreement","els2024finelib"
"University of Helsinki",2025,"10.1016/j.jcpa.2025.01.002",TRUE,"FinELib Elsevier agreement","els2024finelib"
"University of Helsinki",2025,"10.1016/j.jcv.2025.105827",TRUE,"FinELib Elsevier agreement","els2024finelib"
"University of Helsinki",2025,"10.1016/j.jde.2025.113563",TRUE,"FinELib Elsevier agreement","els2024finelib"
"University of Helsinki",2025,"10.1016/j.jde.2025.113754",TRUE,"FinELib Elsevier agreement","els2024finelib"
"University of Helsinki",2025,"10.1016/j.jde.2025.113900",TRUE,"FinELib Elsevier agreement","els2024finelib"
"University of Helsinki",2025,"10.1016/j.jdent.2025.105991",TRUE,"FinELib Elsevier agreement","els2024finelib"
"University of Helsinki",2025,"10.1016/j.jedc.2025.105162",TRUE,"FinELib Elsevier agreement","els2024finelib"
"University of Helsinki",2025,"10.1016/j.jenvman.2025.125373",TRUE,"FinELib Elsevier agreement","els2024finelib"
"University of Helsinki",2025,"10.1016/j.jenvman.2025.127958",TRUE,"FinELib Elsevier agreement","els2024finelib"
"University of Helsinki",2025,"10.1016/j.jenvp.2025.102549",TRUE,"FinELib Elsevier agreement","els2024finelib"
"University of Helsinki",2025,"10.1016/j.jenvp.2025.102676",TRUE,"FinELib Elsevier agreement","els2024finelib"
"University of Helsinki",2025,"10.1016/j.jenvp.2025.102710",TRUE,"FinELib Elsevier agreement","els2024finelib"
"University of Helsinki",2025,"10.1016/j.jeoa.2025.100562",TRUE,"FinELib Elsevier agreement","els2024finelib"
"University of Helsinki",2025,"10.1016/j.jep.2025.120434",TRUE,"FinELib Elsevier agreement","els2024finelib"
"University of Helsinki",2025,"10.1016/j.jevs.2025.105637",TRUE,"FinELib Elsevier agreement","els2024finelib"
"University of Helsinki",2025,"10.1016/j.jevs.2025.105712",TRUE,"FinELib Elsevier agreement","els2024finelib"
"University of Helsinki",2025,"10.1016/j.jflm.2025.102866",TRUE,"FinELib Elsevier agreement","els2024finelib"
"University of Helsinki",2025,"10.1016/j.jhazmat.2025.139670",TRUE,"FinELib Elsevier agreement","els2024finelib"
"University of Helsinki",2025,"10.1016/j.jhazmat.2025.140481",TRUE,"FinELib Elsevier agreement","els2024finelib"
"University of Helsinki",2025,"10.1016/j.jhep.2025.01.025",TRUE,"FinELib Elsevier agreement","els2024finelib"
"University of Helsinki",2025,"10.1016/j.jhsa.2025.12.023",TRUE,"FinELib Elsevier agreement","els2024finelib"
"University of Helsinki",2025,"10.1016/j.jmp.2025.102927",TRUE,"FinELib Elsevier agreement","els2024finelib"
"University of Helsinki",2025,"10.1016/j.jnca.2025.104339",TRUE,"FinELib Elsevier agreement","els2024finelib"
"University of Helsinki",2025,"10.1016/j.jnucmat.2025.155856",TRUE,"FinELib Elsevier agreement","els2024finelib"
"University of Helsinki",2025,"10.1016/j.jnucmat.2025.156237",TRUE,"FinELib Elsevier agreement","els2024finelib"
"University of Helsinki",2025,"10.1016/j.jnutbio.2025.109906",TRUE,"FinELib Elsevier agreement","els2024finelib"
"University of Helsinki",2025,"10.1016/j.jnutbio.2025.110079",TRUE,"FinELib Elsevier agreement","els2024finelib"
"University of Helsinki",2025,"10.1016/j.jort.2025.100880",TRUE,"FinELib Elsevier agreement","els2024finelib"
"University of Helsinki",2025,"10.1016/j.jort.2025.100886",TRUE,"FinELib Elsevier agreement","els2024finelib"
"University of Helsinki",2025,"10.1016/j.jpedsurg.2025.162404",TRUE,"FinELib Elsevier agreement","els2024finelib"
"University of Helsinki",2025,"10.1016/j.jpedsurg.2025.162505",TRUE,"FinELib Elsevier agreement","els2024finelib"
"University of Helsinki",2025,"10.1016/j.jpedsurg.2025.162806",TRUE,"FinELib Elsevier agreement","els2024finelib"
"University of Helsinki",2025,"10.1016/j.jpsychires.2025.09.054",TRUE,"FinELib Elsevier agreement","els2024finelib"
"University of Helsinki",2025,"10.1016/j.jpurol.2025.03.014",TRUE,"FinELib Elsevier agreement","els2024finelib"
"University of Helsinki",2025,"10.1016/j.jpurol.2025.05.023",TRUE,"FinELib Elsevier agreement","els2024finelib"
"University of Helsinki",2025,"10.1016/j.jqsrt.2025.109547",TRUE,"FinELib Elsevier agreement","els2024finelib"
"University of Helsinki",2025,"10.1016/j.jrurstud.2025.103708",TRUE,"FinELib Elsevier agreement","els2024finelib"
"University of Helsinki",2025,"10.1016/j.jsb.2025.108212",TRUE,"FinELib Elsevier agreement","els2024finelib"
"University of Helsinki",2025,"10.1016/j.jsbmb.2025.106691",TRUE,"FinELib Elsevier agreement","els2024finelib"
"University of Helsinki",2025,"10.1016/j.jspc.2025.100276",TRUE,"FinELib Elsevier agreement","els2024finelib"
"University of Helsinki",2025,"10.1016/j.jspc.2025.100284",TRUE,"FinELib Elsevier agreement","els2024finelib"
"University of Helsinki",2025,"10.1016/j.jtcvs.2025.03.012",TRUE,"FinELib Elsevier agreement","els2024finelib"
"University of Helsinki",2025,"10.1016/j.jtemb.2025.127633",TRUE,"FinELib Elsevier agreement","els2024finelib"
"University of Helsinki",2025,"10.1016/j.jtrangeo.2025.104201",TRUE,"FinELib Elsevier agreement","els2024finelib"
"University of Helsinki",2025,"10.1016/j.jviromet.2025.115295",TRUE,"FinELib Elsevier agreement","els2024finelib"
"University of Helsinki",2025,"10.1016/j.jvoice.2025.01.033",TRUE,"FinELib Elsevier agreement","els2024finelib"
"University of Helsinki",2025,"10.1016/j.jvs.2025.02.023",TRUE,"FinELib Elsevier agreement","els2024finelib"
"University of Helsinki",2025,"10.1016/j.jvsv.2025.102255",FALSE,"FinELib Elsevier agreement","els2024finelib"
"University of Helsinki",2025,"10.1016/j.landurbplan.2025.105356",TRUE,"FinELib Elsevier agreement","els2024finelib"
"University of Helsinki",2025,"10.1016/j.landurbplan.2025.105502",TRUE,"FinELib Elsevier agreement","els2024finelib"
"University of Helsinki",2025,"10.1016/j.langcom.2025.04.005",TRUE,"FinELib Elsevier agreement","els2024finelib"
"University of Helsinki",2025,"10.1016/j.langcom.2025.04.007",TRUE,"FinELib Elsevier agreement","els2024finelib"
"University of Helsinki",2025,"10.1016/j.learninstruc.2025.102147",TRUE,"FinELib Elsevier agreement","els2024finelib"
"University of Helsinki",2025,"10.1016/j.learninstruc.2025.102298",TRUE,"FinELib Elsevier agreement","els2024finelib"
"University of Helsinki",2025,"10.1016/j.lindif.2025.102640",TRUE,"FinELib Elsevier agreement","els2024finelib"
"University of Helsinki",2025,"10.1016/j.lindif.2025.102698",TRUE,"FinELib Elsevier agreement","els2024finelib"
"University of Helsinki",2025,"10.1016/j.lithos.2025.108306",TRUE,"FinELib Elsevier agreement","els2024finelib"
"University of Helsinki",2025,"10.1016/j.marenvres.2025.107155",TRUE,"FinELib Elsevier agreement","els2024finelib"
"University of Helsinki",2025,"10.1016/j.marenvres.2025.107812",TRUE,"FinELib Elsevier agreement","els2024finelib"
"University of Helsinki",2025,"10.1016/j.marpol.2025.106848",TRUE,"FinELib Elsevier agreement","els2024finelib"
"University of Helsinki",2025,"10.1016/j.matchemphys.2025.131844",TRUE,"FinELib Elsevier agreement","els2024finelib"
"University of Helsinki",2025,"10.1016/j.maturitas.2025.108802",TRUE,"FinELib Elsevier agreement","els2024finelib"
"University of Helsinki",2025,"10.1016/j.mhpa.2025.100749",TRUE,"FinELib Elsevier agreement","els2024finelib"
"University of Helsinki",2025,"10.1016/j.micinf.2025.105501",TRUE,"FinELib Elsevier agreement","els2024finelib"
"University of Helsinki",2025,"10.1016/j.micres.2025.128381",TRUE,"FinELib Elsevier agreement","els2024finelib"
"University of Helsinki",2025,"10.1016/j.molcel.2025.12.025",TRUE,"FinELib Elsevier agreement","els2024finelib"
"University of Helsinki",2025,"10.1016/j.molliq.2025.127563",TRUE,"FinELib Elsevier agreement","els2024finelib"
"University of Helsinki",2025,"10.1016/j.molp.2025.09.006",TRUE,"FinELib Elsevier agreement","els2024finelib"
"University of Helsinki",2025,"10.1016/j.neucom.2025.130219",TRUE,"FinELib Elsevier agreement","els2024finelib"
"University of Helsinki",2025,"10.1016/j.neurobiolaging.2025.08.006",TRUE,"FinELib Elsevier agreement","els2024finelib"
"University of Helsinki",2025,"10.1016/j.neurom.2025.09.316",TRUE,"FinELib Elsevier agreement","els2024finelib"
"University of Helsinki",2025,"10.1016/j.neuropharm.2025.110369",TRUE,"FinELib Elsevier agreement","els2024finelib"
"University of Helsinki",2025,"10.1016/j.neuropharm.2025.110618",TRUE,"FinELib Elsevier agreement","els2024finelib"
"University of Helsinki",2025,"10.1016/j.neuropharm.2026.110828",TRUE,"FinELib Elsevier agreement","els2024finelib"
"University of Helsinki",2025,"10.1016/j.neuroscience.2025.04.030",TRUE,"FinELib Elsevier agreement","els2024finelib"
"University of Helsinki",2025,"10.1016/j.neuroscience.2025.10.012",TRUE,"FinELib Elsevier agreement","els2024finelib"
"University of Helsinki",2025,"10.1016/j.nima.2025.170604",TRUE,"FinELib Elsevier agreement","els2024finelib"
"University of Helsinki",2025,"10.1016/j.nuclcard.2025.102199",TRUE,"FinELib Elsevier agreement","els2024finelib"
"University of Helsinki",2025,"10.1016/j.obmed.2025.100653",TRUE,"FinELib Elsevier agreement","els2024finelib"
"University of Helsinki",2025,"10.1016/j.oooo.2025.04.095",TRUE,"FinELib Elsevier agreement","els2024finelib"
"University of Helsinki",2025,"10.1016/j.palaeo.2025.112982",TRUE,"FinELib Elsevier agreement","els2024finelib"
"University of Helsinki",2025,"10.1016/j.pcd.2025.12.004",TRUE,"FinELib Elsevier agreement","els2024finelib"
"University of Helsinki",2025,"10.1016/j.phanu.2025.100437",TRUE,"FinELib Elsevier agreement","els2024finelib"
"University of Helsinki",2025,"10.1016/j.pharmthera.2025.108944",TRUE,"FinELib Elsevier agreement","els2024finelib"
"University of Helsinki",2025,"10.1016/j.pmpp.2025.103034",TRUE,"FinELib Elsevier agreement","els2024finelib"
"University of Helsinki",2025,"10.1016/j.polgeo.2025.103438",TRUE,"FinELib Elsevier agreement","els2024finelib"
"University of Helsinki",2025,"10.1016/j.postharvbio.2025.113687",TRUE,"FinELib Elsevier agreement","els2024finelib"
"University of Helsinki",2025,"10.1016/j.pragma.2025.06.009",TRUE,"FinELib Elsevier agreement","els2024finelib"
"University of Helsinki",2025,"10.1016/j.pragma.2025.10.010",TRUE,"FinELib Elsevier agreement","els2024finelib"
"University of Helsinki",2025,"10.1016/j.preghy.2025.101212",TRUE,"FinELib Elsevier agreement","els2024finelib"
"University of Helsinki",2025,"10.1016/j.preghy.2025.101226",TRUE,"FinELib Elsevier agreement","els2024finelib"
"University of Helsinki",2025,"10.1016/j.prevetmed.2025.106466",TRUE,"FinELib Elsevier agreement","els2024finelib"
"University of Helsinki",2025,"10.1016/j.prevetmed.2025.106771",TRUE,"FinELib Elsevier agreement","els2024finelib"
"University of Helsinki",2025,"10.1016/j.prostaglandins.2025.107053",TRUE,"FinELib Elsevier agreement","els2024finelib"
"University of Helsinki",2025,"10.1016/j.pscychresns.2025.112092",TRUE,"FinELib Elsevier agreement","els2024finelib"
"University of Helsinki",2025,"10.1016/j.pubrev.2025.102566",TRUE,"FinELib Elsevier agreement","els2024finelib"
"University of Helsinki",2025,"10.1016/j.quageo.2025.101712",TRUE,"FinELib Elsevier agreement","els2024finelib"
"University of Helsinki",2025,"10.1016/j.quascirev.2025.109323",TRUE,"FinELib Elsevier agreement","els2024finelib"
"University of Helsinki",2025,"10.1016/j.quascirev.2025.109727",TRUE,"FinELib Elsevier agreement","els2024finelib"
"University of Helsinki",2025,"10.1016/j.reseneeco.2025.101533",TRUE,"FinELib Elsevier agreement","els2024finelib"
"University of Helsinki",2025,"10.1016/j.resuscitation.2025.110589",TRUE,"FinELib Elsevier agreement","els2024finelib"
"University of Helsinki",2025,"10.1016/j.resuscitation.2025.110698",TRUE,"FinELib Elsevier agreement","els2024finelib"
"University of Helsinki",2025,"10.1016/j.resuscitation.2025.110892",TRUE,"FinELib Elsevier agreement","els2024finelib"
"University of Helsinki",2025,"10.1016/j.rmed.2025.108155",TRUE,"FinELib Elsevier agreement","els2024finelib"
"University of Helsinki",2025,"10.1016/j.rsase.2025.101500",TRUE,"FinELib Elsevier agreement","els2024finelib"
"University of Helsinki",2025,"10.1016/j.rsase.2025.101789",TRUE,"FinELib Elsevier agreement","els2024finelib"
"University of Helsinki",2025,"10.1016/j.rsase.2025.101864",TRUE,"FinELib Elsevier agreement","els2024finelib"
"University of Helsinki",2025,"10.1016/j.sapharm.2025.01.016",TRUE,"FinELib Elsevier agreement","els2024finelib"
"University of Helsinki",2025,"10.1016/j.sapharm.2025.09.002",TRUE,"FinELib Elsevier agreement","els2024finelib"
"University of Helsinki",2025,"10.1016/j.sapharm.2025.11.003",TRUE,"FinELib Elsevier agreement","els2024finelib"
"University of Helsinki",2025,"10.1016/j.schres.2025.05.017",TRUE,"FinELib Elsevier agreement","els2024finelib"
"University of Helsinki",2025,"10.1016/j.scitotenv.2025.178648",TRUE,"FinELib Elsevier agreement","els2024finelib"
"University of Helsinki",2025,"10.1016/j.scitotenv.2025.178696",TRUE,"FinELib Elsevier agreement","els2024finelib"
"University of Helsinki",2025,"10.1016/j.scitotenv.2025.179214",TRUE,"FinELib Elsevier agreement","els2024finelib"
"University of Helsinki",2025,"10.1016/j.scitotenv.2025.179447",TRUE,"FinELib Elsevier agreement","els2024finelib"
"University of Helsinki",2025,"10.1016/j.scitotenv.2025.180333",TRUE,"FinELib Elsevier agreement","els2024finelib"
"University of Helsinki",2025,"10.1016/j.sempedsurg.2025.151473",TRUE,"FinELib Elsevier agreement","els2024finelib"
"University of Helsinki",2025,"10.1016/j.shpsa.2025.07.004",TRUE,"FinELib Elsevier agreement","els2024finelib"
"University of Helsinki",2025,"10.1016/j.sleep.2025.106505",TRUE,"FinELib Elsevier agreement","els2024finelib"
"University of Helsinki",2025,"10.1016/j.sleep.2025.106678",TRUE,"FinELib Elsevier agreement","els2024finelib"
"University of Helsinki",2025,"10.1016/j.sleep.2025.106811",TRUE,"FinELib Elsevier agreement","els2024finelib"
"University of Helsinki",2025,"10.1016/j.socscimed.2025.117867",TRUE,"FinELib Elsevier agreement","els2024finelib"
"University of Helsinki",2025,"10.1016/j.socscimed.2025.118191",TRUE,"FinELib Elsevier agreement","els2024finelib"
"University of Helsinki",2025,"10.1016/j.socscimed.2025.118200",TRUE,"FinELib Elsevier agreement","els2024finelib"
"University of Helsinki",2025,"10.1016/j.socscimed.2025.118210",TRUE,"FinELib Elsevier agreement","els2024finelib"
"University of Helsinki",2025,"10.1016/j.socscimed.2025.118624",TRUE,"FinELib Elsevier agreement","els2024finelib"
"University of Helsinki",2025,"10.1016/j.socscimed.2025.118662",TRUE,"FinELib Elsevier agreement","els2024finelib"
"University of Helsinki",2025,"10.1016/j.socscimed.2025.118805",TRUE,"FinELib Elsevier agreement","els2024finelib"
"University of Helsinki",2025,"10.1016/j.socscimed.2025.118924",TRUE,"FinELib Elsevier agreement","els2024finelib"
"University of Helsinki",2025,"10.1016/j.soilbio.2025.110003",TRUE,"FinELib Elsevier agreement","els2024finelib"
"University of Helsinki",2025,"10.1016/j.soildyn.2025.109257",TRUE,"FinELib Elsevier agreement","els2024finelib"
"University of Helsinki",2025,"10.1016/j.surfcoat.2025.132111",TRUE,"FinELib Elsevier agreement","els2024finelib"
"University of Helsinki",2025,"10.1016/j.surg.2025.109552",TRUE,"FinELib Elsevier agreement","els2024finelib"
"University of Helsinki",2025,"10.1016/j.suronc.2025.102303",TRUE,"FinELib Elsevier agreement","els2024finelib"
"University of Helsinki",2025,"10.1016/j.system.2025.103803",TRUE,"FinELib Elsevier agreement","els2024finelib"
"University of Helsinki",2025,"10.1016/j.tate.2025.105011",TRUE,"FinELib Elsevier agreement","els2024finelib"
"University of Helsinki",2025,"10.1016/j.tate.2025.105068",TRUE,"FinELib Elsevier agreement","els2024finelib"
"University of Helsinki",2025,"10.1016/j.tate.2025.105296",TRUE,"FinELib Elsevier agreement","els2024finelib"
"University of Helsinki",2025,"10.1016/j.tate.2025.105316",TRUE,"FinELib Elsevier agreement","els2024finelib"
"University of Helsinki",2025,"10.1016/j.tate.2025.105369",TRUE,"FinELib Elsevier agreement","els2024finelib"
"University of Helsinki",2025,"10.1016/j.tbs.2025.101191",TRUE,"FinELib Elsevier agreement","els2024finelib"
"University of Helsinki",2025,"10.1016/j.tcs.2025.115655",TRUE,"FinELib Elsevier agreement","els2024finelib"
"University of Helsinki",2025,"10.1016/j.tecto.2025.230757",TRUE,"FinELib Elsevier agreement","els2024finelib"
"University of Helsinki",2025,"10.1016/j.thromres.2025.109318",TRUE,"FinELib Elsevier agreement","els2024finelib"
"University of Helsinki",2025,"10.1016/j.tmaid.2025.102836",FALSE,"FinELib Elsevier agreement","els2024finelib"
"University of Helsinki",2025,"10.1016/j.tmaid.2025.102869",FALSE,"FinELib Elsevier agreement","els2024finelib"
"University of Helsinki",2025,"10.1016/j.tmaid.2025.102926",FALSE,"FinELib Elsevier agreement","els2024finelib"
"University of Helsinki",2025,"10.1016/j.toxicon.2025.108455",TRUE,"FinELib Elsevier agreement","els2024finelib"
"University of Helsinki",2025,"10.1016/j.trecan.2025.11.002",TRUE,"FinELib Elsevier agreement","els2024finelib"
"University of Helsinki",2025,"10.1016/j.trf.2025.103442",TRUE,"FinELib Elsevier agreement","els2024finelib"
"University of Helsinki",2025,"10.1016/j.tvjl.2025.106440",TRUE,"FinELib Elsevier agreement","els2024finelib"
"University of Helsinki",2025,"10.1016/j.tvjl.2025.106449",TRUE,"FinELib Elsevier agreement","els2024finelib"
"University of Helsinki",2025,"10.1016/j.tvjl.2025.106454",TRUE,"FinELib Elsevier agreement","els2024finelib"
"University of Helsinki",2025,"10.1016/j.tvjl.2025.106462",TRUE,"FinELib Elsevier agreement","els2024finelib"
"University of Helsinki",2025,"10.1016/j.ufug.2025.128796",TRUE,"FinELib Elsevier agreement","els2024finelib"
"University of Helsinki",2025,"10.1016/j.ufug.2025.128945",TRUE,"FinELib Elsevier agreement","els2024finelib"
"University of Helsinki",2025,"10.1016/j.ufug.2025.128969",TRUE,"FinELib Elsevier agreement","els2024finelib"
"University of Helsinki",2025,"10.1016/j.ufug.2025.128997",TRUE,"FinELib Elsevier agreement","els2024finelib"
"University of Helsinki",2025,"10.1016/j.ufug.2025.129004",TRUE,"FinELib Elsevier agreement","els2024finelib"
"University of Helsinki",2025,"10.1016/j.ufug.2025.129088",TRUE,"FinELib Elsevier agreement","els2024finelib"
"University of Helsinki",2025,"10.1016/j.ufug.2025.129211",TRUE,"FinELib Elsevier agreement","els2024finelib"
"University of Helsinki",2025,"10.1016/j.ultras.2025.107617",TRUE,"FinELib Elsevier agreement","els2024finelib"
"University of Helsinki",2025,"10.1016/j.ultsonch.2025.107559",FALSE,"FinELib Elsevier agreement","els2024finelib"
"University of Helsinki",2025,"10.1016/j.vaa.2025.04.002",FALSE,"FinELib Elsevier agreement","els2024finelib"
"University of Helsinki",2025,"10.1016/j.vaa.2025.06.011",FALSE,"FinELib Elsevier agreement","els2024finelib"
"University of Helsinki",2025,"10.1016/j.vaccine.2025.127615",TRUE,"FinELib Elsevier agreement","els2024finelib"
"University of Helsinki",2025,"10.1016/j.virol.2025.110529",TRUE,"FinELib Elsevier agreement","els2024finelib"
"University of Helsinki",2025,"10.1016/j.virol.2025.110771",TRUE,"FinELib Elsevier agreement","els2024finelib"
"University of Helsinki",2025,"10.1016/j.wneu.2025.124478",FALSE,"FinELib Elsevier agreement","els2024finelib"
"University of Helsinki",2025,"10.1016/j.wneu.2025.124758",FALSE,"FinELib Elsevier agreement","els2024finelib"
"University of Helsinki",2025,"10.1016/j.xphs.2025.103705",TRUE,"FinELib Elsevier agreement","els2024finelib"
"University of Helsinki",2025,"10.1016/j.xphs.2025.103772",TRUE,"FinELib Elsevier agreement","els2024finelib"
"University of Helsinki",2025,"10.1016/j.ydbio.2025.07.011",TRUE,"FinELib Elsevier agreement","els2024finelib"
"University of Helsinki",2025,"10.1016/j.ydbio.2025.10.014",TRUE,"FinELib Elsevier agreement","els2024finelib"
"University of Helsinki",2025,"10.1016/j.yebeh.2025.110397",TRUE,"FinELib Elsevier agreement","els2024finelib"
"University of Helsinki",2025,"10.1016/j.ymthe.2025.10.023",TRUE,"FinELib Elsevier agreement","els2024finelib"
"University of Helsinki",2025,"10.1016/j.ypmed.2025.108379",TRUE,"FinELib Elsevier agreement","els2024finelib"
"University of Helsinki",2025,"10.1016/j.ypmed.2025.108430",TRUE,"FinELib Elsevier agreement","els2024finelib"
"University of Helsinki",2025,"10.1017/aee.2025.10086",FALSE,"FinELib CUP agreement","cam2024finelib"
"University of Helsinki",2025,"10.1017/bhj.2025.19",TRUE,"FinELib CUP agreement","cam2024finelib"
"University of Helsinki",2025,"10.1017/bsl.2024.55",TRUE,"FinELib CUP agreement","cam2024finelib"
"University of Helsinki",2025,"10.1017/eaa.2025.2",TRUE,"FinELib CUP agreement","cam2024finelib"
"University of Helsinki",2025,"10.1017/err.2024.103",FALSE,"FinELib CUP agreement","cam2024finelib"
"University of Helsinki",2025,"10.1017/ics.2025.10076",FALSE,"FinELib CUP agreement","cam2024finelib"
"University of Helsinki",2025,"10.1017/jsl.2025.32",TRUE,"FinELib CUP agreement","cam2024finelib"
"University of Helsinki",2025,"10.1017/pab.2024.30",FALSE,"FinELib CUP agreement","cam2024finelib"
"University of Helsinki",2025,"10.1017/psa.2025.10095",TRUE,"FinELib CUP agreement","cam2024finelib"
"University of Helsinki",2025,"10.1017/rqx.2025.10277",TRUE,"FinELib CUP agreement","cam2024finelib"
"University of Helsinki",2025,"10.1017/S0007114525105722",TRUE,"FinELib CUP agreement","cam2024finelib"
"University of Helsinki",2025,"10.1017/S0007114525105941",TRUE,"FinELib CUP agreement","cam2024finelib"
"University of Helsinki",2025,"10.1017/S0007680525000042",TRUE,"FinELib CUP agreement","cam2024finelib"
"University of Helsinki",2025,"10.1017/S0009640725101868",TRUE,"FinELib CUP agreement","cam2024finelib"
"University of Helsinki",2025,"10.1017/S0029665125100682",TRUE,"FinELib CUP agreement","cam2024finelib"
"University of Helsinki",2025,"10.1017/S0033291725000844",FALSE,"FinELib CUP agreement","cam2024finelib"
"University of Helsinki",2025,"10.1017/S0033291725000911",FALSE,"FinELib CUP agreement","cam2024finelib"
"University of Helsinki",2025,"10.1017/S0034412525101042",TRUE,"FinELib CUP agreement","cam2024finelib"
"University of Helsinki",2025,"10.1017/S0034412525101236",TRUE,"FinELib CUP agreement","cam2024finelib"
"University of Helsinki",2025,"10.1017/S0041977X25000230",TRUE,"FinELib CUP agreement","cam2024finelib"
"University of Helsinki",2025,"10.1017/S0266467425000057",TRUE,"FinELib CUP agreement","cam2024finelib"
"University of Helsinki",2025,"10.1017/S033258652500006X",FALSE,"FinELib CUP agreement","cam2024finelib"
"University of Helsinki",2025,"10.1017/S0332586525100528",FALSE,"FinELib CUP agreement","cam2024finelib"
"University of Helsinki",2025,"10.1017/S0332586525100541",FALSE,"FinELib CUP agreement","cam2024finelib"
"University of Helsinki",2025,"10.1017/S0332586525100681",FALSE,"FinELib CUP agreement","cam2024finelib"
"University of Helsinki",2025,"10.1017/S0738248025000082",TRUE,"FinELib CUP agreement","cam2024finelib"
"University of Helsinki",2025,"10.1017/S0950268825100289",FALSE,"FinELib CUP agreement","cam2024finelib"
"University of Helsinki",2025,"10.1017/S0959774325000071",FALSE,"FinELib CUP agreement","cam2024finelib"
"University of Helsinki",2025,"10.1017/S1053837225100849",TRUE,"FinELib CUP agreement","cam2024finelib"
"University of Helsinki",2025,"10.1017/S136067432500019X",TRUE,"FinELib CUP agreement","cam2024finelib"
"University of Helsinki",2025,"10.1017/S136067432500022X",TRUE,"FinELib CUP agreement","cam2024finelib"
"University of Helsinki",2025,"10.1017/S1360674325000231",TRUE,"FinELib CUP agreement","cam2024finelib"
"University of Helsinki",2025,"10.1017/S1365100525100515",TRUE,"FinELib CUP agreement","cam2024finelib"
"University of Helsinki",2025,"10.1017/S1474746424000605",TRUE,"FinELib CUP agreement","cam2024finelib"
"University of Helsinki",2025,"10.1017/S1574019625100849",FALSE,"FinELib CUP agreement","cam2024finelib"
"University of Helsinki",2025,"10.1017/S2045796025100061",FALSE,"FinELib CUP agreement","cam2024finelib"
"University of Helsinki",2025,"10.1017/S2045796025100395",FALSE,"FinELib CUP agreement","cam2024finelib"
"University of Helsinki",2025,"10.1017/S205863102510072X",FALSE,"FinELib CUP agreement","cam2024finelib"
"University of Helsinki",2025,"10.1017/S2058631025100731",FALSE,"FinELib CUP agreement","cam2024finelib"
"University of Helsinki",2025,"10.1017/ssh.2025.7",TRUE,"FinELib CUP agreement","cam2024finelib"
"University of Helsinki",2025,"10.1017/thg.2025.10025",TRUE,"FinELib CUP agreement","cam2024finelib"
"University of Helsinki",2025,"10.1017/thg.2025.10030",TRUE,"FinELib CUP agreement","cam2024finelib"
"University of Helsinki",2025,"10.1029/2024GB008478",TRUE,"FinELib Wiley agreement","wiley2025finelib"
"University of Helsinki",2025,"10.1029/2024GC011842",FALSE,"FinELib Wiley agreement","wiley2025finelib"
"University of Helsinki",2025,"10.1029/2024JA033393",TRUE,"FinELib Wiley agreement","wiley2025finelib"
"University of Helsinki",2025,"10.1029/2025GL116473",FALSE,"FinELib Wiley agreement","wiley2025finelib"
"University of Helsinki",2025,"10.1029/2025GL117302",FALSE,"FinELib Wiley agreement","wiley2025finelib"
"University of Helsinki",2025,"10.1029/2025JA033892",TRUE,"FinELib Wiley agreement","wiley2025finelib"
"University of Helsinki",2025,"10.1029/2025JA033995",TRUE,"FinELib Wiley agreement","wiley2025finelib"
"University of Helsinki",2025,"10.1029/2025JA034175",TRUE,"FinELib Wiley agreement","wiley2025finelib"
"University of Helsinki",2025,"10.1029/2025JA034378",TRUE,"FinELib Wiley agreement","wiley2025finelib"
"University of Helsinki",2025,"10.1029/2025JG008922",TRUE,"FinELib Wiley agreement","wiley2025finelib"
"University of Helsinki",2025,"10.1029/2025WR041332",FALSE,"FinELib Wiley agreement","wiley2025finelib"
"University of Helsinki",2025,"10.1038/s41366-025-01820-7",TRUE,"FinELib Springer Compact agreement","sn2024finelib"
"University of Helsinki",2025,"10.1038/s41375-025-02727-y",TRUE,"FinELib Springer Compact agreement","sn2024finelib"
"University of Helsinki",2025,"10.1038/s41375-025-02769-2",TRUE,"FinELib Springer Compact agreement","sn2024finelib"
"University of Helsinki",2025,"10.1038/s41380-025-02981-7",TRUE,"FinELib Springer Compact agreement","sn2024finelib"
"University of Helsinki",2025,"10.1038/s41380-025-03093-y",TRUE,"FinELib Springer Compact agreement","sn2024finelib"
"University of Helsinki",2025,"10.1038/s41386-025-02059-6",TRUE,"FinELib Springer Compact agreement","sn2024finelib"
"University of Helsinki",2025,"10.1038/s41388-025-03326-y",TRUE,"FinELib Springer Compact agreement","sn2024finelib"
"University of Helsinki",2025,"10.1038/s41390-025-03818-3",TRUE,"FinELib Springer Compact agreement","sn2024finelib"
"University of Helsinki",2025,"10.1038/s41390-025-03832-5",TRUE,"FinELib Springer Compact agreement","sn2024finelib"
"University of Helsinki",2025,"10.1038/s41390-025-03919-z",TRUE,"FinELib Springer Compact agreement","sn2024finelib"
"University of Helsinki",2025,"10.1038/s41390-025-04029-6",TRUE,"FinELib Springer Compact agreement","sn2024finelib"
"University of Helsinki",2025,"10.1038/s41390-025-04259-8",FALSE,"FinELib Springer Compact agreement","sn2024finelib"
"University of Helsinki",2025,"10.1038/s41390-025-04326-0",FALSE,"FinELib Springer Compact agreement","sn2024finelib"
"University of Helsinki",2025,"10.1038/s41390-025-04649-y",TRUE,"FinELib Springer Compact agreement","sn2024finelib"
"University of Helsinki",2025,"10.1038/s41417-025-00901-z",TRUE,"FinELib Springer Compact agreement","sn2024finelib"
"University of Helsinki",2025,"10.1038/s41431-025-01891-0",TRUE,"FinELib Springer Compact agreement","sn2024finelib"
"University of Helsinki",2025,"10.1038/s41431-025-01906-w",TRUE,"FinELib Springer Compact agreement","sn2024finelib"
"University of Helsinki",2025,"10.1038/s41437-025-00767-9",TRUE,"FinELib Springer Compact agreement","sn2024finelib"
"University of Helsinki",2025,"10.1038/s41477-025-01938-6",TRUE,"FinELib Nature Research agreement","sn2025finelib"
"University of Helsinki",2025,"10.1038/s41477-025-02151-1",TRUE,"FinELib Nature Research agreement","sn2025finelib"
"University of Helsinki",2025,"10.1038/s41550-025-02563-1",TRUE,"FinELib Nature Research agreement","sn2025finelib"
"University of Helsinki",2025,"10.1038/s41586-025-09223-4",TRUE,"FinELib Nature Research agreement","sn2025finelib"
"University of Helsinki",2025,"10.1038/s41586-025-09781-7",TRUE,"FinELib Nature Research agreement","sn2025finelib"
"University of Helsinki",2025,"10.1038/s41588-025-02229-8",TRUE,"FinELib Nature Research agreement","sn2025finelib"
"University of Helsinki",2025,"10.1038/s41588-025-02298-9",TRUE,"FinELib Nature Research agreement","sn2025finelib"
"University of Helsinki",2025,"10.1038/s41588-025-02342-8",TRUE,"FinELib Nature Research agreement","sn2025finelib"
"University of Helsinki",2025,"10.1038/s41591-025-03645-3",TRUE,"FinELib Nature Research agreement","sn2025finelib"
"University of Helsinki",2025,"10.1038/s41594-025-01531-7",TRUE,"FinELib Nature Research agreement","sn2025finelib"
"University of Helsinki",2025,"10.1038/s41684-025-01651-z",FALSE,"FinELib Springer Compact agreement","sn2024finelib"
"University of Helsinki",2025,"10.1038/s42255-025-01325-7",TRUE,"FinELib Nature Research agreement","sn2025finelib"
"University of Helsinki",2025,"10.1039/D4CP04329D",TRUE,"FinELib RSC agreement","rsc2024finelib"
"University of Helsinki",2025,"10.1039/D4EA00127C",FALSE,"FinELib RSC agreement","rsc2024finelib"
"University of Helsinki",2025,"10.1039/D4MH01891E",TRUE,"FinELib RSC agreement","rsc2024finelib"
"University of Helsinki",2025,"10.1039/D4PY01345J",TRUE,"FinELib RSC agreement","rsc2024finelib"
"University of Helsinki",2025,"10.1039/D4RA08751H",FALSE,"FinELib RSC agreement","rsc2024finelib"
"University of Helsinki",2025,"10.1039/D5CB00104H",FALSE,"FinELib RSC agreement","rsc2024finelib"
"University of Helsinki",2025,"10.1039/D5CC01110H",TRUE,"FinELib RSC agreement","rsc2024finelib"
"University of Helsinki",2025,"10.1039/D5CC04597E",TRUE,"FinELib RSC agreement","rsc2024finelib"
"University of Helsinki",2025,"10.1039/D5CP00178A",TRUE,"FinELib RSC agreement","rsc2024finelib"
"University of Helsinki",2025,"10.1039/D5CP00836K",TRUE,"FinELib RSC agreement","rsc2024finelib"
"University of Helsinki",2025,"10.1039/D5CP01101A",TRUE,"FinELib RSC agreement","rsc2024finelib"
"University of Helsinki",2025,"10.1039/D5CP01175B",TRUE,"FinELib RSC agreement","rsc2024finelib"
"University of Helsinki",2025,"10.1039/D5CP01603G",TRUE,"FinELib RSC agreement","rsc2024finelib"
"University of Helsinki",2025,"10.1039/D5CP01931A",TRUE,"FinELib RSC agreement","rsc2024finelib"
"University of Helsinki",2025,"10.1039/D5CP01943E",TRUE,"FinELib RSC agreement","rsc2024finelib"
"University of Helsinki",2025,"10.1039/D5CP02991K",TRUE,"FinELib RSC agreement","rsc2024finelib"
"University of Helsinki",2025,"10.1039/D5CS00882D",TRUE,"FinELib RSC agreement","rsc2024finelib"
"University of Helsinki",2025,"10.1039/D5EA00029G",FALSE,"FinELib RSC agreement","rsc2024finelib"
"University of Helsinki",2025,"10.1039/D5EA00035A",FALSE,"FinELib RSC agreement","rsc2024finelib"
"University of Helsinki",2025,"10.1039/D5EA00117J",FALSE,"FinELib RSC agreement","rsc2024finelib"
"University of Helsinki",2025,"10.1039/D5GC01381J",TRUE,"FinELib RSC agreement","rsc2024finelib"
"University of Helsinki",2025,"10.1039/D5GC05166E",TRUE,"FinELib RSC agreement","rsc2024finelib"
"University of Helsinki",2025,"10.1039/D5OB01079A",TRUE,"FinELib RSC agreement","rsc2024finelib"
"University of Helsinki",2025,"10.1039/D5PY00659G",TRUE,"FinELib RSC agreement","rsc2024finelib"
"University of Helsinki",2025,"10.1039/D5RA07715J",FALSE,"FinELib RSC agreement","rsc2024finelib"
"University of Helsinki",2025,"10.1039/D5SC00627A",FALSE,"FinELib RSC agreement","rsc2024finelib"
"University of Helsinki",2025,"10.1039/D5SC02591E",FALSE,"FinELib RSC agreement","rsc2024finelib"
"University of Helsinki",2025,"10.1039/D5TA00663E",TRUE,"FinELib RSC agreement","rsc2024finelib"
"University of Helsinki",2025,"10.1049/itr2.70021",FALSE,"FinELib Wiley agreement","wiley2025finelib"
"University of Helsinki",2025,"10.1053/j.jvca.2025.03.006",TRUE,"FinELib Elsevier agreement","els2024finelib"
"University of Helsinki",2025,"10.1057/s41295-025-00450-7",TRUE,"FinELib Springer Compact agreement","sn2024finelib"
"University of Helsinki",2025,"10.1057/s41309-025-00233-1",TRUE,"FinELib Springer Compact agreement","sn2024finelib"
"University of Helsinki",2025,"10.1057/s41311-025-00698-6",TRUE,"FinELib Springer Compact agreement","sn2024finelib"
"University of Helsinki",2025,"10.1080/00071005.2025.2557205",TRUE,"FinELib Taylor & Francis agreement","tf2025finelib"
"University of Helsinki",2025,"10.1080/00076791.2025.2517106",TRUE,"FinELib Taylor & Francis agreement","tf2025finelib"
"University of Helsinki",2025,"10.1080/0020174X.2025.2569053",TRUE,"FinELib Taylor & Francis agreement","tf2025finelib"
"University of Helsinki",2025,"10.1080/00213624.2025.2535935",TRUE,"FinELib Taylor & Francis agreement","tf2025finelib"
"University of Helsinki",2025,"10.1080/00220272.2025.2476941",TRUE,"FinELib Taylor & Francis agreement","tf2025finelib"
"University of Helsinki",2025,"10.1080/00220272.2025.2482201",TRUE,"FinELib Taylor & Francis agreement","tf2025finelib"
"University of Helsinki",2025,"10.1080/00220272.2025.2486099",TRUE,"FinELib Taylor & Francis agreement","tf2025finelib"
"University of Helsinki",2025,"10.1080/00221686.2025.2516779",TRUE,"FinELib Taylor & Francis agreement","tf2025finelib"
"University of Helsinki",2025,"10.1080/00268976.2025.2590146",TRUE,"FinELib Taylor & Francis agreement","tf2025finelib"
"University of Helsinki",2025,"10.1080/00275514.2025.2577610",TRUE,"FinELib Taylor & Francis agreement","tf2025finelib"
"University of Helsinki",2025,"10.1080/00293652.2025.2581099",TRUE,"FinELib Taylor & Francis agreement","tf2025finelib"
"University of Helsinki",2025,"10.1080/00313831.2025.2492051",TRUE,"FinELib Taylor & Francis agreement","tf2025finelib"
"University of Helsinki",2025,"10.1080/00313831.2025.2506377",TRUE,"FinELib Taylor & Francis agreement","tf2025finelib"
"University of Helsinki",2025,"10.1080/00313831.2025.2550273",TRUE,"FinELib Taylor & Francis agreement","tf2025finelib"
"University of Helsinki",2025,"10.1080/00324728.2025.2475435",TRUE,"FinELib Taylor & Francis agreement","tf2025finelib"
"University of Helsinki",2025,"10.1080/00387010.2025.2511789",TRUE,"FinELib Taylor & Francis agreement","tf2025finelib"
"University of Helsinki",2025,"10.1080/00393274.2025.2513074",TRUE,"FinELib Taylor & Francis agreement","tf2025finelib"
"University of Helsinki",2025,"10.1080/00918369.2025.2480774",TRUE,"FinELib Taylor & Francis agreement","tf2025finelib"
"University of Helsinki",2025,"10.1080/00958964.2025.2471966",TRUE,"FinELib Taylor & Francis agreement","tf2025finelib"
"University of Helsinki",2025,"10.1080/01416200.2025.2508488",TRUE,"FinELib Taylor & Francis agreement","tf2025finelib"
"University of Helsinki",2025,"10.1080/01419870.2025.2583427",TRUE,"FinELib Taylor & Francis agreement","tf2025finelib"
"University of Helsinki",2025,"10.1080/01425692.2025.2464145",TRUE,"FinELib Taylor & Francis agreement","tf2025finelib"
"University of Helsinki",2025,"10.1080/01431161.2025.2587263",TRUE,"FinELib Taylor & Francis agreement","tf2025finelib"
"University of Helsinki",2025,"10.1080/01434632.2025.2589341",TRUE,"FinELib Taylor & Francis agreement","tf2025finelib"
"University of Helsinki",2025,"10.1080/01436597.2025.2555484",TRUE,"FinELib Taylor & Francis agreement","tf2025finelib"
"University of Helsinki",2025,"10.1080/01442872.2025.2469875",TRUE,"FinELib Taylor & Francis agreement","tf2025finelib"
"University of Helsinki",2025,"10.1080/01442872.2025.2478878",TRUE,"FinELib Taylor & Francis agreement","tf2025finelib"
"University of Helsinki",2025,"10.1080/01442872.2025.2519297",TRUE,"FinELib Taylor & Francis agreement","tf2025finelib"
"University of Helsinki",2025,"10.1080/01442872.2025.2528787",TRUE,"FinELib Taylor & Francis agreement","tf2025finelib"
"University of Helsinki",2025,"10.1080/01443410.2025.2489109",TRUE,"FinELib Taylor & Francis agreement","tf2025finelib"
"University of Helsinki",2025,"10.1080/01443410.2025.2501144",TRUE,"FinELib Taylor & Francis agreement","tf2025finelib"
"University of Helsinki",2025,"10.1080/01445340.2025.2513851",TRUE,"FinELib Taylor & Francis agreement","tf2025finelib"
"University of Helsinki",2025,"10.1080/01445340.2025.2548685",TRUE,"FinELib Taylor & Francis agreement","tf2025finelib"
"University of Helsinki",2025,"10.1080/0144929X.2025.2535742",TRUE,"FinELib Taylor & Francis agreement","tf2025finelib"
"University of Helsinki",2025,"10.1080/01490400.2025.2493833",TRUE,"FinELib Taylor & Francis agreement","tf2025finelib"
"University of Helsinki",2025,"10.1080/01603477.2025.2544048",TRUE,"FinELib Taylor & Francis agreement","tf2025finelib"
"University of Helsinki",2025,"10.1080/01634372.2025.2471991",TRUE,"FinELib Taylor & Francis agreement","tf2025finelib"
"University of Helsinki",2025,"10.1080/01924788.2025.2529093",TRUE,"FinELib Taylor & Francis agreement","tf2025finelib"
"University of Helsinki",2025,"10.1080/02508060.2025.2535928",TRUE,"FinELib Taylor & Francis agreement","tf2025finelib"
"University of Helsinki",2025,"10.1080/02568543.2025.2566965",TRUE,"FinELib Taylor & Francis agreement","tf2025finelib"
"University of Helsinki",2025,"10.1080/02606755.2025.2464369",TRUE,"FinELib Taylor & Francis agreement","tf2025finelib"
"University of Helsinki",2025,"10.1080/02607476.2025.2502830",TRUE,"FinELib Taylor & Francis agreement","tf2025finelib"
"University of Helsinki",2025,"10.1080/02607476.2025.2562339",TRUE,"FinELib Taylor & Francis agreement","tf2025finelib"
"University of Helsinki",2025,"10.1080/02619768.2025.2554688",TRUE,"FinELib Taylor & Francis agreement","tf2025finelib"
"University of Helsinki",2025,"10.1080/02665433.2025.2553274",TRUE,"FinELib Taylor & Francis agreement","tf2025finelib"
"University of Helsinki",2025,"10.1080/02687038.2025.2495609",TRUE,"FinELib Taylor & Francis agreement","tf2025finelib"
"University of Helsinki",2025,"10.1080/02691728.2025.2472759",TRUE,"FinELib Taylor & Francis agreement","tf2025finelib"
"University of Helsinki",2025,"10.1080/02724634.2025.2526551",TRUE,"FinELib Taylor & Francis agreement","tf2025finelib"
"University of Helsinki",2025,"10.1080/02786826.2025.2536080",TRUE,"FinELib Taylor & Francis agreement","tf2025finelib"
"University of Helsinki",2025,"10.1080/02827581.2025.2454625",TRUE,"FinELib Taylor & Francis agreement","tf2025finelib"
"University of Helsinki",2025,"10.1080/03004430.2025.2549108",TRUE,"FinELib Taylor & Francis agreement","tf2025finelib"
"University of Helsinki",2025,"10.1080/03050068.2025.2466905",TRUE,"FinELib Taylor & Francis agreement","tf2025finelib"
"University of Helsinki",2025,"10.1080/03057240.2025.2454318",TRUE,"FinELib Taylor & Francis agreement","tf2025finelib"
"University of Helsinki",2025,"10.1080/03057240.2025.2568360",TRUE,"FinELib Taylor & Francis agreement","tf2025finelib"
"University of Helsinki",2025,"10.1080/03057240.2025.2578282",TRUE,"FinELib Taylor & Francis agreement","tf2025finelib"
"University of Helsinki",2025,"10.1080/03066150.2025.2480200",TRUE,"FinELib Taylor & Francis agreement","tf2025finelib"
"University of Helsinki",2025,"10.1080/03468755.2025.2500952",TRUE,"FinELib Taylor & Francis agreement","tf2025finelib"
"University of Helsinki",2025,"10.1080/03468755.2025.2522069",TRUE,"FinELib Taylor & Francis agreement","tf2025finelib"
"University of Helsinki",2025,"10.1080/03468755.2025.2552153",TRUE,"FinELib Taylor & Francis agreement","tf2025finelib"
"University of Helsinki",2025,"10.1080/03585522.2025.2477538",TRUE,"FinELib Taylor & Francis agreement","tf2025finelib"
"University of Helsinki",2025,"10.1080/07256868.2025.2556397",TRUE,"FinELib Taylor & Francis agreement","tf2025finelib"
"University of Helsinki",2025,"10.1080/07294360.2025.2559637",TRUE,"FinELib Taylor & Francis agreement","tf2025finelib"
"University of Helsinki",2025,"10.1080/07294360.2025.2564994",TRUE,"FinELib Taylor & Francis agreement","tf2025finelib"
"University of Helsinki",2025,"10.1080/07377363.2025.2544360",TRUE,"FinELib Taylor & Francis agreement","tf2025finelib"
"University of Helsinki",2025,"10.1080/07420528.2025.2453237",TRUE,"FinELib Taylor & Francis agreement","tf2025finelib"
"University of Helsinki",2025,"10.1080/08038740.2025.2492865",TRUE,"FinELib Taylor & Francis agreement","tf2025finelib"
"University of Helsinki",2025,"10.1080/08038740.2025.2522227",TRUE,"FinELib Taylor & Francis agreement","tf2025finelib"
"University of Helsinki",2025,"10.1080/08038740.2025.2523460",TRUE,"FinELib Taylor & Francis agreement","tf2025finelib"
"University of Helsinki",2025,"10.1080/08039410.2025.2452488",TRUE,"FinELib Taylor & Francis agreement","tf2025finelib"
"University of Helsinki",2025,"10.1080/08351813.2025.2450992",TRUE,"FinELib Taylor & Francis agreement","tf2025finelib"
"University of Helsinki",2025,"10.1080/08927936.2025.2544420",TRUE,"FinELib Taylor & Francis agreement","tf2025finelib"
"University of Helsinki",2025,"10.1080/08959420.2025.2568432",TRUE,"FinELib Taylor & Francis agreement","tf2025finelib"
"University of Helsinki",2025,"10.1080/08989621.2025.2481940",TRUE,"FinELib Taylor & Francis agreement","tf2025finelib"
"University of Helsinki",2025,"10.1080/08995605.2025.2469329",TRUE,"FinELib Taylor & Francis agreement","tf2025finelib"
"University of Helsinki",2025,"10.1080/09018328.2025.2493081",TRUE,"FinELib Taylor & Francis agreement","tf2025finelib"
"University of Helsinki",2025,"10.1080/09297049.2025.2509911",TRUE,"FinELib Taylor & Francis agreement","tf2025finelib"
"University of Helsinki",2025,"10.1080/09297049.2025.2566096",TRUE,"FinELib Taylor & Francis agreement","tf2025finelib"
"University of Helsinki",2025,"10.1080/09298215.2025.2561580",TRUE,"FinELib Taylor & Francis agreement","tf2025finelib"
"University of Helsinki",2025,"10.1080/09505431.2025.2584759",TRUE,"FinELib Taylor & Francis agreement","tf2025finelib"
"University of Helsinki",2025,"10.1080/09515089.2025.2530010",TRUE,"FinELib Taylor & Francis agreement","tf2025finelib"
"University of Helsinki",2025,"10.1080/09515089.2025.2550451",TRUE,"FinELib Taylor & Francis agreement","tf2025finelib"
"University of Helsinki",2025,"10.1080/09518398.2025.2470928",TRUE,"FinELib Taylor & Francis agreement","tf2025finelib"
"University of Helsinki",2025,"10.1080/09540253.2025.2462054",TRUE,"FinELib Taylor & Francis agreement","tf2025finelib"
"University of Helsinki",2025,"10.1080/09540253.2025.2508761",TRUE,"FinELib Taylor & Francis agreement","tf2025finelib"
"University of Helsinki",2025,"10.1080/09571736.2025.2552376",TRUE,"FinELib Taylor & Francis agreement","tf2025finelib"
"University of Helsinki",2025,"10.1080/09589236.2025.2591102",TRUE,"FinELib Taylor & Francis agreement","tf2025finelib"
"University of Helsinki",2025,"10.1080/09608788.2025.2518144",TRUE,"FinELib Taylor & Francis agreement","tf2025finelib"
"University of Helsinki",2025,"10.1080/09637494.2025.2552519",TRUE,"FinELib Taylor & Francis agreement","tf2025finelib"
"University of Helsinki",2025,"10.1080/09644016.2025.2569729",TRUE,"FinELib Taylor & Francis agreement","tf2025finelib"
"University of Helsinki",2025,"10.1080/09670262.2025.2592827",TRUE,"FinELib Taylor & Francis agreement","tf2025finelib"
"University of Helsinki",2025,"10.1080/09700161.2025.2474650",TRUE,"FinELib Taylor & Francis agreement","tf2025finelib"
"University of Helsinki",2025,"10.1080/10382046.2025.2556856",TRUE,"FinELib Taylor & Francis agreement","tf2025finelib"
"University of Helsinki",2025,"10.1080/10382046.2025.2557595",TRUE,"FinELib Taylor & Francis agreement","tf2025finelib"
"University of Helsinki",2025,"10.1080/10439463.2025.2489954",TRUE,"FinELib Taylor & Francis agreement","tf2025finelib"
"University of Helsinki",2025,"10.1080/10439463.2025.2516172",TRUE,"FinELib Taylor & Francis agreement","tf2025finelib"
"University of Helsinki",2025,"10.1080/10503307.2025.2473921",TRUE,"FinELib Taylor & Francis agreement","tf2025finelib"
"University of Helsinki",2025,"10.1080/10503307.2025.2517567",TRUE,"FinELib Taylor & Francis agreement","tf2025finelib"
"University of Helsinki",2025,"10.1080/10508422.2025.2493055",TRUE,"FinELib Taylor & Francis agreement","tf2025finelib"
"University of Helsinki",2025,"10.1080/10564934.2025.2569465",TRUE,"FinELib Taylor & Francis agreement","tf2025finelib"
"University of Helsinki",2025,"10.1080/1060586X.2025.2548622",TRUE,"FinELib Taylor & Francis agreement","tf2025finelib"
"University of Helsinki",2025,"10.1080/10670564.2025.2589803",TRUE,"FinELib Taylor & Francis agreement","tf2025finelib"
"University of Helsinki",2025,"10.1080/10714421.2025.2545676",TRUE,"FinELib Taylor & Francis agreement","tf2025finelib"
"University of Helsinki",2025,"10.1080/10749039.2025.2491543",TRUE,"FinELib Taylor & Francis agreement","tf2025finelib"
"University of Helsinki",2025,"10.1080/10749039.2025.2547380",TRUE,"FinELib Taylor & Francis agreement","tf2025finelib"
"University of Helsinki",2025,"10.1080/10901027.2025.2455510",TRUE,"FinELib Taylor & Francis agreement","tf2025finelib"
"University of Helsinki",2025,"10.1080/11745398.2025.2467933",TRUE,"FinELib Taylor & Francis agreement","tf2025finelib"
"University of Helsinki",2025,"10.1080/13501763.2025.2512033",TRUE,"FinELib Taylor & Francis agreement","tf2025finelib"
"University of Helsinki",2025,"10.1080/13504622.2025.2512969",TRUE,"FinELib Taylor & Francis agreement","tf2025finelib"
"University of Helsinki",2025,"10.1080/13507486.2025.2525192",TRUE,"FinELib Taylor & Francis agreement","tf2025finelib"
"University of Helsinki",2025,"10.1080/13511610.2025.2591057",TRUE,"FinELib Taylor & Francis agreement","tf2025finelib"
"University of Helsinki",2025,"10.1080/13518046.2025.2548727",TRUE,"FinELib Taylor & Francis agreement","tf2025finelib"
"University of Helsinki",2025,"10.1080/13527258.2025.2476467",TRUE,"FinELib Taylor & Francis agreement","tf2025finelib"
"University of Helsinki",2025,"10.1080/13572334.2025.2513858",TRUE,"FinELib Taylor & Francis agreement","tf2025finelib"
"University of Helsinki",2025,"10.1080/13572334.2025.2540209",TRUE,"FinELib Taylor & Francis agreement","tf2025finelib"
"University of Helsinki",2025,"10.1080/13576275.2025.2483750",TRUE,"FinELib Taylor & Francis agreement","tf2025finelib"
"University of Helsinki",2025,"10.1080/13603116.2025.2579729",TRUE,"FinELib Taylor & Francis agreement","tf2025finelib"
"University of Helsinki",2025,"10.1080/13621025.2025.2548720",TRUE,"FinELib Taylor & Francis agreement","tf2025finelib"
"University of Helsinki",2025,"10.1080/1362704X.2025.2471155",TRUE,"FinELib Taylor & Francis agreement","tf2025finelib"
"University of Helsinki",2025,"10.1080/13658816.2025.2557969",TRUE,"FinELib Taylor & Francis agreement","tf2025finelib"
"University of Helsinki",2025,"10.1080/13664530.2025.2507920",TRUE,"FinELib Taylor & Francis agreement","tf2025finelib"
"University of Helsinki",2025,"10.1080/13664530.2025.2517283",TRUE,"FinELib Taylor & Francis agreement","tf2025finelib"
"University of Helsinki",2025,"10.1080/13676261.2025.2468486",TRUE,"FinELib Taylor & Francis agreement","tf2025finelib"
"University of Helsinki",2025,"10.1080/1369118X.2025.2587125",TRUE,"FinELib Taylor & Francis agreement","tf2025finelib"
"University of Helsinki",2025,"10.1080/13691457.2025.2535330",TRUE,"FinELib Taylor & Francis agreement","tf2025finelib"
"University of Helsinki",2025,"10.1080/1369183X.2025.2504625",TRUE,"FinELib Taylor & Francis agreement","tf2025finelib"
"University of Helsinki",2025,"10.1080/14036096.2025.2512729",TRUE,"FinELib Taylor & Francis agreement","tf2025finelib"
"University of Helsinki",2025,"10.1080/1461670X.2025.2471876",TRUE,"FinELib Taylor & Francis agreement","tf2025finelib"
"University of Helsinki",2025,"10.1080/14616742.2025.2582179",TRUE,"FinELib Taylor & Francis agreement","tf2025finelib"
"University of Helsinki",2025,"10.1080/14623943.2025.2521107",TRUE,"FinELib Taylor & Francis agreement","tf2025finelib"
"University of Helsinki",2025,"10.1080/14639947.2025.2456886",TRUE,"FinELib Taylor & Francis agreement","tf2025finelib"
"University of Helsinki",2025,"10.1080/14664208.2025.2572237",TRUE,"FinELib Taylor & Francis agreement","tf2025finelib"
"University of Helsinki",2025,"10.1080/14680777.2025.2573731",TRUE,"FinELib Taylor & Francis agreement","tf2025finelib"
"University of Helsinki",2025,"10.1080/14681366.2025.2582164",TRUE,"FinELib Taylor & Francis agreement","tf2025finelib"
"University of Helsinki",2025,"10.1080/14681811.2025.2469914",TRUE,"FinELib Taylor & Francis agreement","tf2025finelib"
"University of Helsinki",2025,"10.1080/14682745.2025.2485885",TRUE,"FinELib Taylor & Francis agreement","tf2025finelib"
"University of Helsinki",2025,"10.1080/14697688.2025.2546000",TRUE,"FinELib Taylor & Francis agreement","tf2025finelib"
"University of Helsinki",2025,"10.1080/14733285.2025.2556410",TRUE,"FinELib Taylor & Francis agreement","tf2025finelib"
"University of Helsinki",2025,"10.1080/14746700.2025.2472121",TRUE,"FinELib Taylor & Francis agreement","tf2025finelib"
"University of Helsinki",2025,"10.1080/14747731.2025.2491275",TRUE,"FinELib Taylor & Francis agreement","tf2025finelib"
"University of Helsinki",2025,"10.1080/14747731.2025.2530323",TRUE,"FinELib Taylor & Francis agreement","tf2025finelib"
"University of Helsinki",2025,"10.1080/14790718.2025.2538074",TRUE,"FinELib Taylor & Francis agreement","tf2025finelib"
"University of Helsinki",2025,"10.1080/14790718.2025.2590547",TRUE,"FinELib Taylor & Francis agreement","tf2025finelib"
"University of Helsinki",2025,"10.1080/15391523.2025.2487284",TRUE,"FinELib Taylor & Francis agreement","tf2025finelib"
"University of Helsinki",2025,"10.1080/15524256.2025.2468217",TRUE,"FinELib Taylor & Francis agreement","tf2025finelib"
"University of Helsinki",2025,"10.1080/15562948.2025.2471288",TRUE,"FinELib Taylor & Francis agreement","tf2025finelib"
"University of Helsinki",2025,"10.1080/15596893.2025.2543238",TRUE,"FinELib Taylor & Francis agreement","tf2025finelib"
"University of Helsinki",2025,"10.1080/15710882.2025.2501067",TRUE,"FinELib Taylor & Francis agreement","tf2025finelib"
"University of Helsinki",2025,"10.1080/17405629.2025.2498752",TRUE,"FinELib Taylor & Francis agreement","tf2025finelib"
"University of Helsinki",2025,"10.1080/17405904.2025.2524372",TRUE,"FinELib Taylor & Francis agreement","tf2025finelib"
"University of Helsinki",2025,"10.1080/1743727X.2025.2503712",TRUE,"FinELib Taylor & Francis agreement","tf2025finelib"
"University of Helsinki",2025,"10.1080/17449359.2025.2503151",TRUE,"FinELib Taylor & Francis agreement","tf2025finelib"
"University of Helsinki",2025,"10.1080/17450101.2025.2581040",TRUE,"FinELib Taylor & Francis agreement","tf2025finelib"
"University of Helsinki",2025,"10.1080/17458927.2025.2589007",TRUE,"FinELib Taylor & Francis agreement","tf2025finelib"
"University of Helsinki",2025,"10.1080/17459435.2025.2577336",TRUE,"FinELib Taylor & Francis agreement","tf2025finelib"
"University of Helsinki",2025,"10.1080/17496535.2025.2520295",TRUE,"FinELib Taylor & Francis agreement","tf2025finelib"
"University of Helsinki",2025,"10.1080/17501911.2025.2583893",TRUE,"FinELib Taylor & Francis agreement","tf2025finelib"
"University of Helsinki",2025,"10.1080/17512786.2025.2551980",TRUE,"FinELib Taylor & Francis agreement","tf2025finelib"
"University of Helsinki",2025,"10.1080/17524032.2025.2458215",TRUE,"FinELib Taylor & Francis agreement","tf2025finelib"
"University of Helsinki",2025,"10.1080/17539153.2025.2590848",TRUE,"FinELib Taylor & Francis agreement","tf2025finelib"
"University of Helsinki",2025,"10.1080/18918131.2025.2503657",TRUE,"FinELib Taylor & Francis agreement","tf2025finelib"
"University of Helsinki",2025,"10.1080/19436149.2025.2499761",TRUE,"FinELib Taylor & Francis agreement","tf2025finelib"
"University of Helsinki",2025,"10.1080/19460171.2025.2493085",TRUE,"FinELib Taylor & Francis agreement","tf2025finelib"
"University of Helsinki",2025,"10.1080/2040610X.2025.2452073",TRUE,"FinELib Taylor & Francis agreement","tf2025finelib"
"University of Helsinki",2025,"10.1080/20414005.2025.2576417",TRUE,"FinELib Taylor & Francis agreement","tf2025finelib"
"University of Helsinki",2025,"10.1080/20442041.2025.2579302",TRUE,"FinELib Taylor & Francis agreement","tf2025finelib"
"University of Helsinki",2025,"10.1080/2156857X.2025.2510656",TRUE,"FinELib Taylor & Francis agreement","tf2025finelib"
"University of Helsinki",2025,"10.1080/2156857X.2025.2511930",TRUE,"FinELib Taylor & Francis agreement","tf2025finelib"
"University of Helsinki",2025,"10.1080/2159676X.2025.2453681",TRUE,"FinELib Taylor & Francis agreement","tf2025finelib"
"University of Helsinki",2025,"10.1080/21624887.2025.2486406",TRUE,"FinELib Taylor & Francis agreement","tf2025finelib"
"University of Helsinki",2025,"10.1080/21670811.2025.2514219",TRUE,"FinELib Taylor & Francis agreement","tf2025finelib"
"University of Helsinki",2025,"10.1080/21670811.2025.2592077",TRUE,"FinELib Taylor & Francis agreement","tf2025finelib"
"University of Helsinki",2025,"10.1080/21681392.2025.2521610",TRUE,"FinELib Taylor & Francis agreement","tf2025finelib"
"University of Helsinki",2025,"10.1080/23279095.2025.2454352",TRUE,"FinELib Taylor & Francis agreement","tf2025finelib"
"University of Helsinki",2025,"10.1080/23323256.2025.2468521",TRUE,"FinELib Taylor & Francis agreement","tf2025finelib"
"University of Helsinki",2025,"10.1080/23745118.2025.2555828",TRUE,"FinELib Taylor & Francis agreement","tf2025finelib"
"University of Helsinki",2025,"10.1080/23800127.2025.2491785",TRUE,"FinELib Taylor & Francis agreement","tf2025finelib"
"University of Helsinki",2025,"10.1080/23801883.2025.2588121",TRUE,"FinELib Taylor & Francis agreement","tf2025finelib"
"University of Helsinki",2025,"10.1080/24694452.2025.2522842",TRUE,"FinELib Taylor & Francis agreement","tf2025finelib"
"University of Helsinki",2025,"10.1080/24721735.2025.2473136",TRUE,"FinELib Taylor & Francis agreement","tf2025finelib"
"University of Helsinki",2025,"10.1080/25355406.2025.2464137",TRUE,"FinELib Taylor & Francis agreement","tf2025finelib"
"University of Helsinki",2025,"10.1093/ageing/afaf041",TRUE,"FinELib OUP agreement","oxf2024finelib"
"University of Helsinki",2025,"10.1093/ajcl/avaf007",TRUE,"FinELib OUP agreement","oxf2024finelib"
"University of Helsinki",2025,"10.1093/aje/kwaf106",TRUE,"FinELib OUP agreement","oxf2024finelib"
"University of Helsinki",2025,"10.1093/alcalc/agaf006",TRUE,"FinELib OUP agreement","oxf2024finelib"
"University of Helsinki",2025,"10.1093/aob/mcaf077",TRUE,"FinELib OUP agreement","oxf2024finelib"
"University of Helsinki",2025,"10.1093/arclin/acaf055",TRUE,"FinELib OUP agreement","oxf2024finelib"
"University of Helsinki",2025,"10.1093/beheco/araf027",TRUE,"FinELib OUP agreement","oxf2024finelib"
"University of Helsinki",2025,"10.1093/beheco/araf116",TRUE,"FinELib OUP agreement","oxf2024finelib"
"University of Helsinki",2025,"10.1093/biosci/biaf155",TRUE,"FinELib OUP agreement","oxf2024finelib"
"University of Helsinki",2025,"10.1093/biosci/biaf156",TRUE,"FinELib OUP agreement","oxf2024finelib"
"University of Helsinki",2025,"10.1093/bjs/znaf025",TRUE,"FinELib OUP agreement","oxf2024finelib"
"University of Helsinki",2025,"10.1093/bjs/znaf061",TRUE,"FinELib OUP agreement","oxf2024finelib"
"University of Helsinki",2025,"10.1093/bjs/znaf125",TRUE,"FinELib OUP agreement","oxf2024finelib"
"University of Helsinki",2025,"10.1093/bjs/znaf231",TRUE,"FinELib OUP agreement","oxf2024finelib"
"University of Helsinki",2025,"10.1093/bjsw/bcaf234",TRUE,"FinELib OUP agreement","oxf2024finelib"
"University of Helsinki",2025,"10.1093/bjsw/bcaf252",TRUE,"FinELib OUP agreement","oxf2024finelib"
"University of Helsinki",2025,"10.1093/bjsw/bcaf310",TRUE,"FinELib OUP agreement","oxf2024finelib"
"University of Helsinki",2025,"10.1093/ced/llaf443",TRUE,"FinELib OUP agreement","oxf2024finelib"
"University of Helsinki",2025,"10.1093/ehjci/jeaf103",TRUE,"FinELib OUP agreement","oxf2024finelib"
"University of Helsinki",2025,"10.1093/ehr/ceaf071",TRUE,"FinELib OUP agreement","oxf2024finelib"
"University of Helsinki",2025,"10.1093/ejil/chaf060",TRUE,"FinELib OUP agreement","oxf2024finelib"
"University of Helsinki",2025,"10.1093/ejo/cjaf060",TRUE,"FinELib OUP agreement","oxf2024finelib"
"University of Helsinki",2025,"10.1093/evolut/qpaf076",TRUE,"FinELib OUP agreement","oxf2024finelib"
"University of Helsinki",2025,"10.1093/forestry/cpaf006",TRUE,"FinELib OUP agreement","oxf2024finelib"
"University of Helsinki",2025,"10.1093/forestry/cpaf027",TRUE,"FinELib OUP agreement","oxf2024finelib"
"University of Helsinki",2025,"10.1093/forestry/cpaf034",TRUE,"FinELib OUP agreement","oxf2024finelib"
"University of Helsinki",2025,"10.1093/gerona/glaf275",TRUE,"FinELib OUP agreement","oxf2024finelib"
"University of Helsinki",2025,"10.1093/geronb/gbaf007",TRUE,"FinELib OUP agreement","oxf2024finelib"
"University of Helsinki",2025,"10.1093/geronb/gbaf250",TRUE,"FinELib OUP agreement","oxf2024finelib"
"University of Helsinki",2025,"10.1093/hmg/ddaf175",TRUE,"FinELib OUP agreement","oxf2024finelib"
"University of Helsinki",2025,"10.1093/hmg/ddaf200",TRUE,"FinELib OUP agreement","oxf2024finelib"
"University of Helsinki",2025,"10.1093/humrep/deaf032",TRUE,"FinELib OUP agreement","oxf2024finelib"
"University of Helsinki",2025,"10.1093/ia/iiaf186",TRUE,"FinELib OUP agreement","oxf2024finelib"
"University of Helsinki",2025,"10.1093/icon/moaf049",TRUE,"FinELib OUP agreement","oxf2024finelib"
"University of Helsinki",2025,"10.1093/ije/dyaf025",TRUE,"FinELib OUP agreement","oxf2024finelib"
"University of Helsinki",2025,"10.1093/ije/dyaf074",TRUE,"FinELib OUP agreement","oxf2024finelib"
"University of Helsinki",2025,"10.1093/imamat/hxaf020",TRUE,"FinELib OUP agreement","oxf2024finelib"
"University of Helsinki",2025,"10.1093/infdis/jiaf092",TRUE,"FinELib OUP agreement","oxf2024finelib"
"University of Helsinki",2025,"10.1093/infdis/jiaf130",TRUE,"FinELib OUP agreement","oxf2024finelib"
"University of Helsinki",2025,"10.1093/infdis/jiaf535",TRUE,"FinELib OUP agreement","oxf2024finelib"
"University of Helsinki",2025,"10.1093/jbmr/zjaf150",TRUE,"FinELib OUP agreement","oxf2024finelib"
"University of Helsinki",2025,"10.1093/jcs/csaf022",TRUE,"FinELib OUP agreement","oxf2024finelib"
"University of Helsinki",2025,"10.1093/jcsl/kraf003",TRUE,"FinELib OUP agreement","oxf2024finelib"
"University of Helsinki",2025,"10.1093/jdh/epaf010",TRUE,"FinELib OUP agreement","oxf2024finelib"
"University of Helsinki",2025,"10.1093/jdsade/enaf070",TRUE,"FinELib OUP agreement","oxf2024finelib"
"University of Helsinki",2025,"10.1093/jigpal/jzaf065",TRUE,"FinELib OUP agreement","oxf2024finelib"
"University of Helsinki",2025,"10.1093/jnen/nlaf060",TRUE,"FinELib OUP agreement","oxf2024finelib"
"University of Helsinki",2025,"10.1093/jopedu/qhaf010",TRUE,"FinELib OUP agreement","oxf2024finelib"
"University of Helsinki",2025,"10.1093/jopedu/qhaf019",TRUE,"FinELib OUP agreement","oxf2024finelib"
"University of Helsinki",2025,"10.1093/jos/ffaf008",TRUE,"FinELib OUP agreement","oxf2024finelib"
"University of Helsinki",2025,"10.1093/jrs/feaf071",TRUE,"FinELib OUP agreement","oxf2024finelib"
"University of Helsinki",2025,"10.1093/jrs/feaf080",TRUE,"FinELib OUP agreement","oxf2024finelib"
"University of Helsinki",2025,"10.1093/jrsssa/qnaf053",TRUE,"FinELib OUP agreement","oxf2024finelib"
"University of Helsinki",2025,"10.1093/jtm/taaf025",TRUE,"FinELib OUP agreement","oxf2024finelib"
"University of Helsinki",2025,"10.1093/jxb/eraf414",TRUE,"FinELib OUP agreement","oxf2024finelib"
"University of Helsinki",2025,"10.1093/llc/fqaf086",TRUE,"FinELib OUP agreement","oxf2024finelib"
"University of Helsinki",2025,"10.1093/llc/fqaf110",TRUE,"FinELib OUP agreement","oxf2024finelib"
"University of Helsinki",2025,"10.1093/logcom/exaf021",TRUE,"FinELib OUP agreement","oxf2024finelib"
"University of Helsinki",2025,"10.1093/logcom/exaf045",TRUE,"FinELib OUP agreement","oxf2024finelib"
"University of Helsinki",2025,"10.1093/migration/mnaf064",TRUE,"FinELib OUP agreement","oxf2024finelib"
"University of Helsinki",2025,"10.1093/milmed/usaf022",TRUE,"FinELib OUP agreement","oxf2024finelib"
"University of Helsinki",2025,"10.1093/ojls/gqaf024",TRUE,"FinELib OUP agreement","oxf2024finelib"
"University of Helsinki",2025,"10.1093/ojls/gqaf037",TRUE,"FinELib OUP agreement","oxf2024finelib"
"University of Helsinki",2025,"10.1093/plankt/fbaf015",TRUE,"FinELib OUP agreement","oxf2024finelib"
"University of Helsinki",2025,"10.1093/plphys/kiaf127",TRUE,"FinELib OUP agreement","oxf2024finelib"
"University of Helsinki",2025,"10.1093/plphys/kiaf648",TRUE,"FinELib OUP agreement","oxf2024finelib"
"University of Helsinki",2025,"10.1093/shm/hkaf097",TRUE,"FinELib OUP agreement","oxf2024finelib"
"University of Helsinki",2025,"10.1093/treephys/tpaf130",TRUE,"FinELib OUP agreement","oxf2024finelib"
"University of Helsinki",2025,"10.1093/tropej/fmaf012",TRUE,"FinELib OUP agreement","oxf2024finelib"
"University of Helsinki",2025,"10.1097/ALN.0000000000005715",TRUE,"FinELib Wolters Kluwer Lippincott agreement","lww2025finelib"
"University of Helsinki",2025,"10.1097/ALN.0000000000005794",TRUE,"FinELib Wolters Kluwer Lippincott agreement","lww2025finelib"
"University of Helsinki",2025,"10.1097/AUD.0000000000001729",TRUE,"FinELib Wolters Kluwer Lippincott agreement","lww2025finelib"
"University of Helsinki",2025,"10.1097/AUD.0000000000001786",TRUE,"FinELib Wolters Kluwer Lippincott agreement","lww2025finelib"
"University of Helsinki",2025,"10.1097/CORR.0000000000003496",TRUE,"FinELib Wolters Kluwer Lippincott agreement","lww2025finelib"
"University of Helsinki",2025,"10.1097/EDE.0000000000001857",TRUE,"FinELib Wolters Kluwer Lippincott agreement","lww2025finelib"
"University of Helsinki",2025,"10.1097/IAE.0000000000004619",TRUE,"FinELib Wolters Kluwer Lippincott agreement","lww2025finelib"
"University of Helsinki",2025,"10.1097/INF.0000000000005104",TRUE,"FinELib Wolters Kluwer Lippincott agreement","lww2025finelib"
"University of Helsinki",2025,"10.1097/MCC.0000000000001321",TRUE,"FinELib Wolters Kluwer Lippincott agreement","lww2025finelib"
"University of Helsinki",2025,"10.1097/MOL.0000000000000997",TRUE,"FinELib Wolters Kluwer Lippincott agreement","lww2025finelib"
"University of Helsinki",2025,"10.1097/MOL.0000000000001008",TRUE,"FinELib Wolters Kluwer Lippincott agreement","lww2025finelib"
"University of Helsinki",2025,"10.1097/PAS.0000000000002433",TRUE,"FinELib Wolters Kluwer Lippincott agreement","lww2025finelib"
"University of Helsinki",2025,"10.1097/PTS.0000000000001381",TRUE,"FinELib Wolters Kluwer Lippincott agreement","lww2025finelib"
"University of Helsinki",2025,"10.1097/SCS.0000000000011465",TRUE,"FinELib Wolters Kluwer Lippincott agreement","lww2025finelib"
"University of Helsinki",2025,"10.1097/SLA.0000000000006864",TRUE,"FinELib Wolters Kluwer Lippincott agreement","lww2025finelib"
"University of Helsinki",2025,"10.1097/TA.0000000000004795",TRUE,"FinELib Wolters Kluwer Lippincott agreement","lww2025finelib"
"University of Helsinki",2025,"10.1097/TP.0000000000005491",TRUE,"FinELib Wolters Kluwer Lippincott agreement","lww2025finelib"
"University of Helsinki",2025,"10.1097/XCS.0000000000001724",TRUE,"FinELib Wolters Kluwer Lippincott agreement","lww2025finelib"
"University of Helsinki",2025,"10.1097/YCO.0000000000001042",TRUE,"FinELib Wolters Kluwer Lippincott agreement","lww2025finelib"
"University of Helsinki",2025,"10.1107/S1600577525005156",FALSE,"FinELib Wiley agreement","wiley2025finelib"
"University of Helsinki",2025,"10.1108/DPRG-10-2024-0260",TRUE,"FinELib Emerald agreement","eme2025finelib"
"University of Helsinki",2025,"10.1108/IJEM-10-2024-0626",TRUE,"FinELib Emerald agreement","eme2025finelib"
"University of Helsinki",2025,"10.1108/JCOM-01-2025-0030",TRUE,"FinELib Emerald agreement","eme2025finelib"
"University of Helsinki",2025,"10.1108/JICA-03-2025-0025",TRUE,"FinELib Emerald agreement","eme2025finelib"
"University of Helsinki",2025,"10.1108/JOCM-02-2024-0098",TRUE,"FinELib Emerald agreement","eme2025finelib"
"University of Helsinki",2025,"10.1108/JOE-10-2024-0076",TRUE,"FinELib Emerald agreement","eme2025finelib"
"University of Helsinki",2025,"10.1108/JPBAFM-09-2024-0188",TRUE,"FinELib Emerald agreement","eme2025finelib"
"University of Helsinki",2025,"10.1108/JTAS-01-2025-0005",TRUE,"FinELib Emerald agreement","eme2025finelib"
"University of Helsinki",2025,"10.1108/SGPE-05-2024-0062",TRUE,"FinELib Emerald agreement","eme2025finelib"
"University of Helsinki",2025,"10.1108/SGPE-06-2024-0072",TRUE,"FinELib Emerald agreement","eme2025finelib"
"University of Helsinki",2025,"10.1109/MCOM.003.2400389",TRUE,"FinELib IEEE agreement","ieee2024finelib"
"University of Helsinki",2025,"10.1109/MIOT.2025.3635769",TRUE,"FinELib IEEE agreement","ieee2024finelib"
"University of Helsinki",2025,"10.1109/MNET.2024.3520552",TRUE,"FinELib IEEE agreement","ieee2024finelib"
"University of Helsinki",2025,"10.1109/TBDATA.2025.3639968",TRUE,"FinELib IEEE agreement","ieee2024finelib"
"University of Helsinki",2025,"10.1109/TCBBIO.2025.3545285",TRUE,"FinELib IEEE agreement","ieee2024finelib"
"University of Helsinki",2025,"10.1109/TE.2025.3624281",TRUE,"FinELib IEEE agreement","ieee2024finelib"
"University of Helsinki",2025,"10.1109/THMS.2025.3537339",TRUE,"FinELib IEEE agreement","ieee2024finelib"
"University of Helsinki",2025,"10.1109/TITS.2025.3557826",TRUE,"FinELib IEEE agreement","ieee2024finelib"
"University of Helsinki",2025,"10.1109/TMC.2025.3556473",TRUE,"FinELib IEEE agreement","ieee2024finelib"
"University of Helsinki",2025,"10.1109/TMC.2025.3557280",TRUE,"FinELib IEEE agreement","ieee2024finelib"
"University of Helsinki",2025,"10.1109/TNSRE.2025.3568269",FALSE,"FinELib IEEE agreement","ieee2024finelib"
"University of Helsinki",2025,"10.1111/1365-2435.70108",FALSE,"FinELib Wiley agreement","wiley2025finelib"
"University of Helsinki",2025,"10.1111/1365-2435.70122",FALSE,"FinELib Wiley agreement","wiley2025finelib"
"University of Helsinki",2025,"10.1111/1365-2656.70107",TRUE,"FinELib Wiley agreement","wiley2025finelib"
"University of Helsinki",2025,"10.1111/1365-2656.70197",TRUE,"FinELib Wiley agreement","wiley2025finelib"
"University of Helsinki",2025,"10.1111/1365-2745.70107",TRUE,"FinELib Wiley agreement","wiley2025finelib"
"University of Helsinki",2025,"10.1111/1460-6984.70013",TRUE,"FinELib Wiley agreement","wiley2025finelib"
"University of Helsinki",2025,"10.1111/1460-6984.70171",TRUE,"FinELib Wiley agreement","wiley2025finelib"
"University of Helsinki",2025,"10.1111/1462-2920.70053",TRUE,"FinELib Wiley agreement","wiley2025finelib"
"University of Helsinki",2025,"10.1111/1467-8675.70021",TRUE,"FinELib Wiley agreement","wiley2025finelib"
"University of Helsinki",2025,"10.1111/1467-9477.70004",TRUE,"FinELib Wiley agreement","wiley2025finelib"
"University of Helsinki",2025,"10.1111/1467-9566.70071",TRUE,"FinELib Wiley agreement","wiley2025finelib"
"University of Helsinki",2025,"10.1111/1468-229X.70042",TRUE,"FinELib Wiley agreement","wiley2025finelib"
"University of Helsinki",2025,"10.1111/1468-4446.70000",TRUE,"FinELib Wiley agreement","wiley2025finelib"
"University of Helsinki",2025,"10.1111/1471-0528.18151",TRUE,"FinELib Wiley agreement","wiley2025finelib"
"University of Helsinki",2025,"10.1111/1541-4337.70148",TRUE,"FinELib Wiley agreement","wiley2025finelib"
"University of Helsinki",2025,"10.1111/1758-2229.70118",FALSE,"FinELib Wiley agreement","wiley2025finelib"
"University of Helsinki",2025,"10.1111/1758-2229.70184",FALSE,"FinELib Wiley agreement","wiley2025finelib"
"University of Helsinki",2025,"10.1111/2041-210x.70016",FALSE,"FinELib Wiley agreement","wiley2025finelib"
"University of Helsinki",2025,"10.1111/2041-210X.70179",FALSE,"FinELib Wiley agreement","wiley2025finelib"
"University of Helsinki",2025,"10.1111/2047-8852.70033",TRUE,"FinELib Wiley agreement","wiley2025finelib"
"University of Helsinki",2025,"10.1111/aae.70000",TRUE,"FinELib Wiley agreement","wiley2025finelib"
"University of Helsinki",2025,"10.1111/aas.70087",TRUE,"FinELib Wiley agreement","wiley2025finelib"
"University of Helsinki",2025,"10.1111/aas.70131",TRUE,"FinELib Wiley agreement","wiley2025finelib"
"University of Helsinki",2025,"10.1111/aas.70161",TRUE,"FinELib Wiley agreement","wiley2025finelib"
"University of Helsinki",2025,"10.1111/acel.70033",FALSE,"FinELib Wiley agreement","wiley2025finelib"
"University of Helsinki",2025,"10.1111/acel.70088",FALSE,"FinELib Wiley agreement","wiley2025finelib"
"University of Helsinki",2025,"10.1111/adb.70045",FALSE,"FinELib Wiley agreement","wiley2025finelib"
"University of Helsinki",2025,"10.1111/age.70030",TRUE,"FinELib Wiley agreement","wiley2025finelib"
"University of Helsinki",2025,"10.1111/aje.70134",TRUE,"FinELib Wiley agreement","wiley2025finelib"
"University of Helsinki",2025,"10.1111/ajes.70021",TRUE,"FinELib Wiley agreement","wiley2025finelib"
"University of Helsinki",2025,"10.1111/all.16664",TRUE,"FinELib Wiley agreement","wiley2025finelib"
"University of Helsinki",2025,"10.1111/all.16679",TRUE,"FinELib Wiley agreement","wiley2025finelib"
"University of Helsinki",2025,"10.1111/all.70173",TRUE,"FinELib Wiley agreement","wiley2025finelib"
"University of Helsinki",2025,"10.1111/all.70182",TRUE,"FinELib Wiley agreement","wiley2025finelib"
"University of Helsinki",2025,"10.1111/aogs.15144",FALSE,"FinELib Wiley agreement","wiley2025finelib"
"University of Helsinki",2025,"10.1111/aogs.15174",FALSE,"FinELib Wiley agreement","wiley2025finelib"
"University of Helsinki",2025,"10.1111/aogs.15176",FALSE,"FinELib Wiley agreement","wiley2025finelib"
"University of Helsinki",2025,"10.1111/aogs.70001",FALSE,"FinELib Wiley agreement","wiley2025finelib"
"University of Helsinki",2025,"10.1111/aogs.70022",FALSE,"FinELib Wiley agreement","wiley2025finelib"
"University of Helsinki",2025,"10.1111/aogs.70027",FALSE,"FinELib Wiley agreement","wiley2025finelib"
"University of Helsinki",2025,"10.1111/aogs.70032",FALSE,"FinELib Wiley agreement","wiley2025finelib"
"University of Helsinki",2025,"10.1111/aogs.70116",FALSE,"FinELib Wiley agreement","wiley2025finelib"
"University of Helsinki",2025,"10.1111/aos.17523",TRUE,"FinELib Wiley agreement","wiley2025finelib"
"University of Helsinki",2025,"10.1111/aos.17524",TRUE,"FinELib Wiley agreement","wiley2025finelib"
"University of Helsinki",2025,"10.1111/aos.17536",TRUE,"FinELib Wiley agreement","wiley2025finelib"
"University of Helsinki",2025,"10.1111/apa.70205",TRUE,"FinELib Wiley agreement","wiley2025finelib"
"University of Helsinki",2025,"10.1111/apa.70343",TRUE,"FinELib Wiley agreement","wiley2025finelib"
"University of Helsinki",2025,"10.1111/apa.70344",TRUE,"FinELib Wiley agreement","wiley2025finelib"
"University of Helsinki",2025,"10.1111/apa.70352",TRUE,"FinELib Wiley agreement","wiley2025finelib"
"University of Helsinki",2025,"10.1111/apha.70150",TRUE,"FinELib Wiley agreement","wiley2025finelib"
"University of Helsinki",2025,"10.1111/apm.70091",TRUE,"FinELib Wiley agreement","wiley2025finelib"
"University of Helsinki",2025,"10.1111/apv.70028",TRUE,"FinELib Wiley agreement","wiley2025finelib"
"University of Helsinki",2025,"10.1111/arcm.13109",TRUE,"FinELib Wiley agreement","wiley2025finelib"
"University of Helsinki",2025,"10.1111/bcpt.70011",TRUE,"FinELib Wiley agreement","wiley2025finelib"
"University of Helsinki",2025,"10.1111/bcpt.70041",TRUE,"FinELib Wiley agreement","wiley2025finelib"
"University of Helsinki",2025,"10.1111/bcpt.70127",TRUE,"FinELib Wiley agreement","wiley2025finelib"
"University of Helsinki",2025,"10.1111/bcpt.70180",TRUE,"FinELib Wiley agreement","wiley2025finelib"
"University of Helsinki",2025,"10.1111/bjep.70006",TRUE,"FinELib Wiley agreement","wiley2025finelib"
"University of Helsinki",2025,"10.1111/bjh.20196",TRUE,"FinELib Wiley agreement","wiley2025finelib"
"University of Helsinki",2025,"10.1111/bjh.70181",TRUE,"FinELib Wiley agreement","wiley2025finelib"
"University of Helsinki",2025,"10.1111/bju.16857",TRUE,"FinELib Wiley agreement","wiley2025finelib"
"University of Helsinki",2025,"10.1111/bju.70109",TRUE,"FinELib Wiley agreement","wiley2025finelib"
"University of Helsinki",2025,"10.1111/bor.70017",FALSE,"FinELib Wiley agreement","wiley2025finelib"
"University of Helsinki",2025,"10.1111/brv.70044",TRUE,"FinELib Wiley agreement","wiley2025finelib"
"University of Helsinki",2025,"10.1111/cea.70145",TRUE,"FinELib Wiley agreement","wiley2025finelib"
"University of Helsinki",2025,"10.1111/cen.70039",TRUE,"FinELib Wiley agreement","wiley2025finelib"
"University of Helsinki",2025,"10.1111/chso.12990",TRUE,"FinELib Wiley agreement","wiley2025finelib"
"University of Helsinki",2025,"10.1111/coa.70059",TRUE,"FinELib Wiley agreement","wiley2025finelib"
"University of Helsinki",2025,"10.1111/cobi.70037",TRUE,"FinELib Wiley agreement","wiley2025finelib"
"University of Helsinki",2025,"10.1111/cobi.70122",TRUE,"FinELib Wiley agreement","wiley2025finelib"
"University of Helsinki",2025,"10.1111/conl.13159",FALSE,"FinELib Wiley agreement","wiley2025finelib"
"University of Helsinki",2025,"10.1111/cote.12810",TRUE,"FinELib Wiley agreement","wiley2025finelib"
"University of Helsinki",2025,"10.1111/cpf.70037",TRUE,"FinELib Wiley agreement","wiley2025finelib"
"University of Helsinki",2025,"10.1111/csp2.70066",FALSE,"FinELib Wiley agreement","wiley2025finelib"
"University of Helsinki",2025,"10.1111/ctr.70228",TRUE,"FinELib Wiley agreement","wiley2025finelib"
"University of Helsinki",2025,"10.1111/ctr.70256",TRUE,"FinELib Wiley agreement","wiley2025finelib"
"University of Helsinki",2025,"10.1111/dech.70032",TRUE,"FinELib Wiley agreement","wiley2025finelib"
"University of Helsinki",2025,"10.1111/dom.16448",TRUE,"FinELib Wiley agreement","wiley2025finelib"
"University of Helsinki",2025,"10.1111/ejed.70330",TRUE,"FinELib Wiley agreement","wiley2025finelib"
"University of Helsinki",2025,"10.1111/ejed.70427",TRUE,"FinELib Wiley agreement","wiley2025finelib"
"University of Helsinki",2025,"10.1111/ejn.70094",TRUE,"FinELib Wiley agreement","wiley2025finelib"
"University of Helsinki",2025,"10.1111/ejss.70120",TRUE,"FinELib Wiley agreement","wiley2025finelib"
"University of Helsinki",2025,"10.1111/ene.70106",FALSE,"FinELib Wiley agreement","wiley2025finelib"
"University of Helsinki",2025,"10.1111/ene.70114",FALSE,"FinELib Wiley agreement","wiley2025finelib"
"University of Helsinki",2025,"10.1111/ene.70348",FALSE,"FinELib Wiley agreement","wiley2025finelib"
"University of Helsinki",2025,"10.1111/ene.70411",FALSE,"FinELib Wiley agreement","wiley2025finelib"
"University of Helsinki",2025,"10.1111/ene.70433",FALSE,"FinELib Wiley agreement","wiley2025finelib"
"University of Helsinki",2025,"10.1111/ene.70461",FALSE,"FinELib Wiley agreement","wiley2025finelib"
"University of Helsinki",2025,"10.1111/evj.14499",TRUE,"FinELib Wiley agreement","wiley2025finelib"
"University of Helsinki",2025,"10.1111/evj.14560",TRUE,"FinELib Wiley agreement","wiley2025finelib"
"University of Helsinki",2025,"10.1111/febs.70156",TRUE,"FinELib Wiley agreement","wiley2025finelib"
"University of Helsinki",2025,"10.1111/febs.70195",TRUE,"FinELib Wiley agreement","wiley2025finelib"
"University of Helsinki",2025,"10.1111/fwb.14374",TRUE,"FinELib Wiley agreement","wiley2025finelib"
"University of Helsinki",2025,"10.1111/fwb.70057",TRUE,"FinELib Wiley agreement","wiley2025finelib"
"University of Helsinki",2025,"10.1111/fwb.70146",TRUE,"FinELib Wiley agreement","wiley2025finelib"
"University of Helsinki",2025,"10.1111/gcb.70644",TRUE,"FinELib Wiley agreement","wiley2025finelib"
"University of Helsinki",2025,"10.1111/geb.70143",TRUE,"FinELib Wiley agreement","wiley2025finelib"
"University of Helsinki",2025,"10.1111/ggi.70049",TRUE,"FinELib Wiley agreement","wiley2025finelib"
"University of Helsinki",2025,"10.1111/gove.70080",TRUE,"FinELib Wiley agreement","wiley2025finelib"
"University of Helsinki",2025,"10.1111/hdi.13213",TRUE,"FinELib Wiley agreement","wiley2025finelib"
"University of Helsinki",2025,"10.1111/icad.70035",TRUE,"FinELib Wiley agreement","wiley2025finelib"
"University of Helsinki",2025,"10.1111/imig.70053",TRUE,"FinELib Wiley agreement","wiley2025finelib"
"University of Helsinki",2025,"10.1111/insr.70013",TRUE,"FinELib Wiley agreement","wiley2025finelib"
"University of Helsinki",2025,"10.1111/ipd.70020",TRUE,"FinELib Wiley agreement","wiley2025finelib"
"University of Helsinki",2025,"10.1111/iwj.70726",FALSE,"FinELib Wiley agreement","wiley2025finelib"
"University of Helsinki",2025,"10.1111/jac.70078",TRUE,"FinELib Wiley agreement","wiley2025finelib"
"University of Helsinki",2025,"10.1111/jade.12619",TRUE,"FinELib Wiley agreement","wiley2025finelib"
"University of Helsinki",2025,"10.1111/jcms.13731",TRUE,"FinELib Wiley agreement","wiley2025finelib"
"University of Helsinki",2025,"10.1111/jcms.70028",TRUE,"FinELib Wiley agreement","wiley2025finelib"
"University of Helsinki",2025,"10.1111/jcms.70035",TRUE,"FinELib Wiley agreement","wiley2025finelib"
"University of Helsinki",2025,"10.1111/jcms.70036",TRUE,"FinELib Wiley agreement","wiley2025finelib"
"University of Helsinki",2025,"10.1111/jcpe.14193",TRUE,"FinELib Wiley agreement","wiley2025finelib"
"University of Helsinki",2025,"10.1111/jdv.70150",TRUE,"FinELib Wiley agreement","wiley2025finelib"
"University of Helsinki",2025,"10.1111/jfb.70179",TRUE,"FinELib Wiley agreement","wiley2025finelib"
"University of Helsinki",2025,"10.1111/jir.70009",TRUE,"FinELib Wiley agreement","wiley2025finelib"
"University of Helsinki",2025,"10.1111/jmi.70021",TRUE,"FinELib Wiley agreement","wiley2025finelib"
"University of Helsinki",2025,"10.1111/jnc.70268",TRUE,"FinELib Wiley agreement","wiley2025finelib"
"University of Helsinki",2025,"10.1111/joim.70018",TRUE,"FinELib Wiley agreement","wiley2025finelib"
"University of Helsinki",2025,"10.1111/joim.70031",TRUE,"FinELib Wiley agreement","wiley2025finelib"
"University of Helsinki",2025,"10.1111/jols.70027",TRUE,"FinELib Wiley agreement","wiley2025finelib"
"University of Helsinki",2025,"10.1111/jomf.70027",TRUE,"FinELib Wiley agreement","wiley2025finelib"
"University of Helsinki",2025,"10.1111/joor.13969",TRUE,"FinELib Wiley agreement","wiley2025finelib"
"University of Helsinki",2025,"10.1111/jop.70110",TRUE,"FinELib Wiley agreement","wiley2025finelib"
"University of Helsinki",2025,"10.1111/josi.70020",TRUE,"FinELib Wiley agreement","wiley2025finelib"
"University of Helsinki",2025,"10.1111/josl.12705",TRUE,"FinELib Wiley agreement","wiley2025finelib"
"University of Helsinki",2025,"10.1111/jre.70062",TRUE,"FinELib Wiley agreement","wiley2025finelib"
"University of Helsinki",2025,"10.1111/jrh.70040",TRUE,"FinELib Wiley agreement","wiley2025finelib"
"University of Helsinki",2025,"10.1111/jsr.70251",TRUE,"FinELib Wiley agreement","wiley2025finelib"
"University of Helsinki",2025,"10.1111/jtsb.70025",TRUE,"FinELib Wiley agreement","wiley2025finelib"
"University of Helsinki",2025,"10.1111/jvim.70223",FALSE,"FinELib Wiley agreement","wiley2025finelib"
"University of Helsinki",2025,"10.1111/jvp.13514",TRUE,"FinELib Wiley agreement","wiley2025finelib"
"University of Helsinki",2025,"10.1111/jvs.70086",TRUE,"FinELib Wiley agreement","wiley2025finelib"
"University of Helsinki",2025,"10.1111/liv.70067",TRUE,"FinELib Wiley agreement","wiley2025finelib"
"University of Helsinki",2025,"10.1111/liv.70440",TRUE,"FinELib Wiley agreement","wiley2025finelib"
"University of Helsinki",2025,"10.1111/mcn.70071",FALSE,"FinELib Wiley agreement","wiley2025finelib"
"University of Helsinki",2025,"10.1111/mec.17735",TRUE,"FinELib Wiley agreement","wiley2025finelib"
"University of Helsinki",2025,"10.1111/mec.17825",TRUE,"FinELib Wiley agreement","wiley2025finelib"
"University of Helsinki",2025,"10.1111/mec.70037",TRUE,"FinELib Wiley agreement","wiley2025finelib"
"University of Helsinki",2025,"10.1111/mec.70077",TRUE,"FinELib Wiley agreement","wiley2025finelib"
"University of Helsinki",2025,"10.1111/mec.70230",TRUE,"FinELib Wiley agreement","wiley2025finelib"
"University of Helsinki",2025,"10.1111/muan.70017",TRUE,"FinELib Wiley agreement","wiley2025finelib"
"University of Helsinki",2025,"10.1111/muan.70021",TRUE,"FinELib Wiley agreement","wiley2025finelib"
"University of Helsinki",2025,"10.1111/nph.70504",TRUE,"FinELib Wiley agreement","wiley2025finelib"
"University of Helsinki",2025,"10.1111/nph.70538",TRUE,"FinELib Wiley agreement","wiley2025finelib"
"University of Helsinki",2025,"10.1111/nph.70578",TRUE,"FinELib Wiley agreement","wiley2025finelib"
"University of Helsinki",2025,"10.1111/nph.70636",TRUE,"FinELib Wiley agreement","wiley2025finelib"
"University of Helsinki",2025,"10.1111/nph.70713",TRUE,"FinELib Wiley agreement","wiley2025finelib"
"University of Helsinki",2025,"10.1111/nyas.15344",TRUE,"FinELib Wiley agreement","wiley2025finelib"
"University of Helsinki",2025,"10.1111/nyas.70008",TRUE,"FinELib Wiley agreement","wiley2025finelib"
"University of Helsinki",2025,"10.1111/nyas.70087",TRUE,"FinELib Wiley agreement","wiley2025finelib"
"University of Helsinki",2025,"10.1111/nyas.70101",TRUE,"FinELib Wiley agreement","wiley2025finelib"
"University of Helsinki",2025,"10.1111/odi.70117",TRUE,"FinELib Wiley agreement","wiley2025finelib"
"University of Helsinki",2025,"10.1111/oli.70003",TRUE,"FinELib Wiley agreement","wiley2025finelib"
"University of Helsinki",2025,"10.1111/pace.70007",TRUE,"FinELib Wiley agreement","wiley2025finelib"
"University of Helsinki",2025,"10.1111/padm.70028",TRUE,"FinELib Wiley agreement","wiley2025finelib"
"University of Helsinki",2025,"10.1111/pai.70118",TRUE,"FinELib Wiley agreement","wiley2025finelib"
"University of Helsinki",2025,"10.1111/pai.70152",TRUE,"FinELib Wiley agreement","wiley2025finelib"
"University of Helsinki",2025,"10.1111/pbi.70228",FALSE,"FinELib Wiley agreement","wiley2025finelib"
"University of Helsinki",2025,"10.1111/pce.70358",TRUE,"FinELib Wiley agreement","wiley2025finelib"
"University of Helsinki",2025,"10.1111/pcmr.70040",TRUE,"FinELib Wiley agreement","wiley2025finelib"
"University of Helsinki",2025,"10.1111/pcmr.70041",TRUE,"FinELib Wiley agreement","wiley2025finelib"
"University of Helsinki",2025,"10.1111/phin.12464",TRUE,"FinELib Wiley agreement","wiley2025finelib"
"University of Helsinki",2025,"10.1111/phpr.13143",TRUE,"FinELib Wiley agreement","wiley2025finelib"
"University of Helsinki",2025,"10.1111/plar.70017",TRUE,"FinELib Wiley agreement","wiley2025finelib"
"University of Helsinki",2025,"10.1111/plb.70113",TRUE,"FinELib Wiley agreement","wiley2025finelib"
"University of Helsinki",2025,"10.1111/ppl.70405",TRUE,"FinELib Wiley agreement","wiley2025finelib"
"University of Helsinki",2025,"10.1111/ppl.70433",TRUE,"FinELib Wiley agreement","wiley2025finelib"
"University of Helsinki",2025,"10.1111/psj.70067",TRUE,"FinELib Wiley agreement","wiley2025finelib"
"University of Helsinki",2025,"10.1111/rda.70137",TRUE,"FinELib Wiley agreement","wiley2025finelib"
"University of Helsinki",2025,"10.1111/rsr.18157",TRUE,"FinELib Wiley agreement","wiley2025finelib"
"University of Helsinki",2025,"10.1111/sjop.70071",TRUE,"FinELib Wiley agreement","wiley2025finelib"
"University of Helsinki",2025,"10.1111/spol.13127",TRUE,"FinELib Wiley agreement","wiley2025finelib"
"University of Helsinki",2025,"10.1111/spol.70012",TRUE,"FinELib Wiley agreement","wiley2025finelib"
"University of Helsinki",2025,"10.1111/tops.70003",TRUE,"FinELib Wiley agreement","wiley2025finelib"
"University of Helsinki",2025,"10.1111/trf.18133",TRUE,"FinELib Wiley agreement","wiley2025finelib"
"University of Helsinki",2025,"10.1111/vox.70075",TRUE,"FinELib Wiley agreement","wiley2025finelib"
"University of Helsinki",2025,"10.1112/tlm3.70006",FALSE,"FinELib Wiley agreement","wiley2025finelib"
"University of Helsinki",2025,"10.1140/epjp/s13360-025-05970-5",TRUE,"FinELib Springer Compact agreement","sn2024finelib"
"University of Helsinki",2025,"10.1145/3622781.3674174",TRUE,"FinELib ACM agreement","acm2025finelib"
"University of Helsinki",2025,"10.1145/3672608.3707866",TRUE,"FinELib ACM agreement","acm2025finelib"
"University of Helsinki",2025,"10.1145/3701716.3715286",TRUE,"FinELib ACM agreement","acm2025finelib"
"University of Helsinki",2025,"10.1145/3705328.3748042",TRUE,"FinELib ACM agreement","acm2025finelib"
"University of Helsinki",2025,"10.1145/3706598.3713577",TRUE,"FinELib ACM agreement","acm2025finelib"
"University of Helsinki",2025,"10.1145/3706598.3714244",TRUE,"FinELib ACM agreement","acm2025finelib"
"University of Helsinki",2025,"10.1145/3711018",TRUE,"FinELib ACM agreement","acm2025finelib"
"University of Helsinki",2025,"10.1145/3711033",TRUE,"FinELib ACM agreement","acm2025finelib"
"University of Helsinki",2025,"10.1145/3711875.3737662",TRUE,"FinELib ACM agreement","acm2025finelib"
"University of Helsinki",2025,"10.1145/3711896.3736950",TRUE,"FinELib ACM agreement","acm2025finelib"
"University of Helsinki",2025,"10.1145/3715275.3732139",TRUE,"FinELib ACM agreement","acm2025finelib"
"University of Helsinki",2025,"10.1145/3715742",TRUE,"FinELib ACM agreement","acm2025finelib"
"University of Helsinki",2025,"10.1145/3723877",TRUE,"FinELib ACM agreement","acm2025finelib"
"University of Helsinki",2025,"10.1145/3724363.3729103",TRUE,"FinELib ACM agreement","acm2025finelib"
"University of Helsinki",2025,"10.1145/3727582.3728691",TRUE,"FinELib ACM agreement","acm2025finelib"
"University of Helsinki",2025,"10.1145/3736770",TRUE,"FinELib ACM agreement","acm2025finelib"
"University of Helsinki",2025,"10.1145/3737898.3769042",TRUE,"FinELib ACM agreement","acm2025finelib"
"University of Helsinki",2025,"10.1145/3737905.3769283",TRUE,"FinELib ACM agreement","acm2025finelib"
"University of Helsinki",2025,"10.1145/3744969.3748418",TRUE,"FinELib ACM agreement","acm2025finelib"
"University of Helsinki",2025,"10.1145/3746027.3755620",TRUE,"FinELib ACM agreement","acm2025finelib"
"University of Helsinki",2025,"10.1145/3750044",TRUE,"FinELib ACM agreement","acm2025finelib"
"University of Helsinki",2025,"10.1145/3757546",TRUE,"FinELib ACM agreement","acm2025finelib"
"University of Helsinki",2025,"10.1145/3769994.3770024",TRUE,"FinELib ACM agreement","acm2025finelib"
"University of Helsinki",2025,"10.1145/3777486",TRUE,"FinELib ACM agreement","acm2025finelib"
"University of Helsinki",2025,"10.1155/ijod/6681032",FALSE,"FinELib Wiley agreement","wiley2025finelib"
"University of Helsinki",2025,"10.1155/jotm/1139253",FALSE,"FinELib Wiley agreement","wiley2025finelib"
"University of Helsinki",2025,"10.1155/tbed/1694850",FALSE,"FinELib Wiley agreement","wiley2025finelib"
"University of Helsinki",2025,"10.1161/ATVBAHA.125.322801",TRUE,"FinELib Wolters Kluwer Lippincott agreement","lww2025finelib"
"University of Helsinki",2025,"10.1161/CIRCEP.124.013078",TRUE,"FinELib Wolters Kluwer Lippincott agreement","lww2025finelib"
"University of Helsinki",2025,"10.1161/JAHA.124.040360",FALSE,"FinELib Wiley agreement","wiley2025finelib"
"University of Helsinki",2025,"10.1161/JAHA.125.043495",FALSE,"FinELib Wiley agreement","wiley2025finelib"
"University of Helsinki",2025,"10.1161/STROKEAHA.124.049855",TRUE,"FinELib Wolters Kluwer Lippincott agreement","lww2025finelib"
"University of Helsinki",2025,"10.1161/STROKEAHA.124.050378",TRUE,"FinELib Wolters Kluwer Lippincott agreement","lww2025finelib"
"University of Helsinki",2025,"10.1161/STROKEAHA.125.051488",TRUE,"FinELib Wolters Kluwer Lippincott agreement","lww2025finelib"
"University of Helsinki",2025,"10.1161/STROKEAHA.125.052355",TRUE,"FinELib Wolters Kluwer Lippincott agreement","lww2025finelib"
"University of Helsinki",2025,"10.1177/00016993251319657",TRUE,"FinELib SAGE agreement","sage2025finelib"
"University of Helsinki",2025,"10.1177/00016993251322875",TRUE,"FinELib SAGE agreement","sage2025finelib"
"University of Helsinki",2025,"10.1177/00108367251346416",TRUE,"FinELib SAGE agreement","sage2025finelib"
"University of Helsinki",2025,"10.1177/00108367251352098",TRUE,"FinELib SAGE agreement","sage2025finelib"
"University of Helsinki",2025,"10.1177/00108367251372862",TRUE,"FinELib SAGE agreement","sage2025finelib"
"University of Helsinki",2025,"10.1177/00220345251370995",TRUE,"FinELib SAGE agreement","sage2025finelib"
"University of Helsinki",2025,"10.1177/00220345251397375",TRUE,"FinELib SAGE agreement","sage2025finelib"
"University of Helsinki",2025,"10.1177/00302228251366844",TRUE,"FinELib SAGE agreement","sage2025finelib"
"University of Helsinki",2025,"10.1177/00380261251316645",TRUE,"FinELib SAGE agreement","sage2025finelib"
"University of Helsinki",2025,"10.1177/00380261251331777",TRUE,"FinELib SAGE agreement","sage2025finelib"
"University of Helsinki",2025,"10.1177/00420859251353775",TRUE,"FinELib SAGE agreement","sage2025finelib"
"University of Helsinki",2025,"10.1177/00483931251346000",TRUE,"FinELib SAGE agreement","sage2025finelib"
"University of Helsinki",2025,"10.1177/00905917251351569",TRUE,"FinELib SAGE agreement","sage2025finelib"
"University of Helsinki",2025,"10.1177/00905917251367668",TRUE,"FinELib SAGE agreement","sage2025finelib"
"University of Helsinki",2025,"10.1177/00914509251352400",TRUE,"FinELib SAGE agreement","sage2025finelib"
"University of Helsinki",2025,"10.1177/00936502251343986",TRUE,"FinELib SAGE agreement","sage2025finelib"
"University of Helsinki",2025,"10.1177/00953997251409183",TRUE,"FinELib SAGE agreement","sage2025finelib"
"University of Helsinki",2025,"10.1177/01622439251358900",TRUE,"FinELib SAGE agreement","sage2025finelib"
"University of Helsinki",2025,"10.1177/01914537251334550",TRUE,"FinELib SAGE agreement","sage2025finelib"
"University of Helsinki",2025,"10.1177/01979183251314848",TRUE,"FinELib SAGE agreement","sage2025finelib"
"University of Helsinki",2025,"10.1177/01987429251349130",TRUE,"FinELib SAGE agreement","sage2025finelib"
"University of Helsinki",2025,"10.1177/02673231251344855",TRUE,"FinELib SAGE agreement","sage2025finelib"
"University of Helsinki",2025,"10.1177/0271678X251409022",TRUE,"FinELib SAGE agreement","sage2025finelib"
"University of Helsinki",2025,"10.1177/0282423X251352293",FALSE,"FinELib SAGE agreement","sage2025finelib"
"University of Helsinki",2025,"10.1177/03009858251331342",TRUE,"FinELib SAGE agreement","sage2025finelib"
"University of Helsinki",2025,"10.1177/03009858251349138",TRUE,"FinELib SAGE agreement","sage2025finelib"
"University of Helsinki",2025,"10.1177/03058298251399569",TRUE,"FinELib SAGE agreement","sage2025finelib"
"University of Helsinki",2025,"10.1177/03063127251337781",TRUE,"FinELib SAGE agreement","sage2025finelib"
"University of Helsinki",2025,"10.1177/08850666251340043",TRUE,"FinELib SAGE agreement","sage2025finelib"
"University of Helsinki",2025,"10.1177/08862605251412357",TRUE,"FinELib SAGE agreement","sage2025finelib"
"University of Helsinki",2025,"10.1177/08883254251381833",TRUE,"FinELib SAGE agreement","sage2025finelib"
"University of Helsinki",2025,"10.1177/08902070251332098",TRUE,"FinELib SAGE agreement","sage2025finelib"
"University of Helsinki",2025,"10.1177/08912416251336210",TRUE,"FinELib SAGE agreement","sage2025finelib"
"University of Helsinki",2025,"10.1177/09075682251381137",TRUE,"FinELib SAGE agreement","sage2025finelib"
"University of Helsinki",2025,"10.1177/09579265251353793",TRUE,"FinELib SAGE agreement","sage2025finelib"
"University of Helsinki",2025,"10.1177/09589287251364565",TRUE,"FinELib SAGE agreement","sage2025finelib"
"University of Helsinki",2025,"10.1177/09589287251390177",TRUE,"FinELib SAGE agreement","sage2025finelib"
"University of Helsinki",2025,"10.1177/1023263X251353470",TRUE,"FinELib SAGE agreement","sage2025finelib"
"University of Helsinki",2025,"10.1177/1023263X251375311",TRUE,"FinELib SAGE agreement","sage2025finelib"
"University of Helsinki",2025,"10.1177/1023263X251375322",TRUE,"FinELib SAGE agreement","sage2025finelib"
"University of Helsinki",2025,"10.1177/10242589251377582",TRUE,"FinELib SAGE agreement","sage2025finelib"
"University of Helsinki",2025,"10.1177/10242589251385915",TRUE,"FinELib SAGE agreement","sage2025finelib"
"University of Helsinki",2025,"10.1177/10242589251390657",TRUE,"FinELib SAGE agreement","sage2025finelib"
"University of Helsinki",2025,"10.1177/10497315251359512",TRUE,"FinELib SAGE agreement","sage2025finelib"
"University of Helsinki",2025,"10.1177/10732748251351419",FALSE,"FinELib SAGE agreement","sage2025finelib"
"University of Helsinki",2025,"10.1177/10760296251317522",FALSE,"FinELib SAGE agreement","sage2025finelib"
"University of Helsinki",2025,"10.1177/10778012251329176",TRUE,"FinELib SAGE agreement","sage2025finelib"
"University of Helsinki",2025,"10.1177/10780874251340271",TRUE,"FinELib SAGE agreement","sage2025finelib"
"University of Helsinki",2025,"10.1177/10870547251356744",TRUE,"FinELib SAGE agreement","sage2025finelib"
"University of Helsinki",2025,"10.1177/11033088251333677",FALSE,"FinELib SAGE agreement","sage2025finelib"
"University of Helsinki",2025,"10.1177/11771801251334702",TRUE,"FinELib SAGE agreement","sage2025finelib"
"University of Helsinki",2025,"10.1177/13505068251325640",TRUE,"FinELib SAGE agreement","sage2025finelib"
"University of Helsinki",2025,"10.1177/1354067X251366688",TRUE,"FinELib SAGE agreement","sage2025finelib"
"University of Helsinki",2025,"10.1177/1354067X251372483",TRUE,"FinELib SAGE agreement","sage2025finelib"
"University of Helsinki",2025,"10.1177/13548565251410408",TRUE,"FinELib SAGE agreement","sage2025finelib"
"University of Helsinki",2025,"10.1177/13582291251375170",TRUE,"FinELib SAGE agreement","sage2025finelib"
"University of Helsinki",2025,"10.1177/13591045251407367",TRUE,"FinELib SAGE agreement","sage2025finelib"
"University of Helsinki",2025,"10.1177/13634607251398734",TRUE,"FinELib SAGE agreement","sage2025finelib"
"University of Helsinki",2025,"10.1177/13654802251403226",TRUE,"FinELib SAGE agreement","sage2025finelib"
"University of Helsinki",2025,"10.1177/13657127251345194",TRUE,"FinELib SAGE agreement","sage2025finelib"
"University of Helsinki",2025,"10.1177/13670069251340263",TRUE,"FinELib SAGE agreement","sage2025finelib"
"University of Helsinki",2025,"10.1177/13675494251387478",TRUE,"FinELib SAGE agreement","sage2025finelib"
"University of Helsinki",2025,"10.1177/13691481251400091",TRUE,"FinELib SAGE agreement","sage2025finelib"
"University of Helsinki",2025,"10.1177/14034948251331314",TRUE,"FinELib SAGE agreement","sage2025finelib"
"University of Helsinki",2025,"10.1177/14034948251356016",TRUE,"FinELib SAGE agreement","sage2025finelib"
"University of Helsinki",2025,"10.1177/14034948251365433",TRUE,"FinELib SAGE agreement","sage2025finelib"
"University of Helsinki",2025,"10.1177/14034948251391982",TRUE,"FinELib SAGE agreement","sage2025finelib"
"University of Helsinki",2025,"10.1177/14034948251394913",TRUE,"FinELib SAGE agreement","sage2025finelib"
"University of Helsinki",2025,"10.1177/14550725251325032",FALSE,"FinELib SAGE agreement","sage2025finelib"
"University of Helsinki",2025,"10.1177/14550725251341789",FALSE,"FinELib SAGE agreement","sage2025finelib"
"University of Helsinki",2025,"10.1177/14550725251350445",FALSE,"FinELib SAGE agreement","sage2025finelib"
"University of Helsinki",2025,"10.1177/14550725251396866",FALSE,"FinELib SAGE agreement","sage2025finelib"
"University of Helsinki",2025,"10.1177/14550725251408251",FALSE,"FinELib SAGE agreement","sage2025finelib"
"University of Helsinki",2025,"10.1177/14574969251319854",FALSE,"FinELib SAGE agreement","sage2025finelib"
"University of Helsinki",2025,"10.1177/14574969251321966",FALSE,"FinELib SAGE agreement","sage2025finelib"
"University of Helsinki",2025,"10.1177/14574969251343464",FALSE,"FinELib SAGE agreement","sage2025finelib"
"University of Helsinki",2025,"10.1177/14574969251347342",FALSE,"FinELib SAGE agreement","sage2025finelib"
"University of Helsinki",2025,"10.1177/14574969251371868",FALSE,"FinELib SAGE agreement","sage2025finelib"
"University of Helsinki",2025,"10.1177/14574969251387503",FALSE,"FinELib SAGE agreement","sage2025finelib"
"University of Helsinki",2025,"10.1177/14604582251363501",FALSE,"FinELib SAGE agreement","sage2025finelib"
"University of Helsinki",2025,"10.1177/14614448251314404",TRUE,"FinELib SAGE agreement","sage2025finelib"
"University of Helsinki",2025,"10.1177/14614448251333739",TRUE,"FinELib SAGE agreement","sage2025finelib"
"University of Helsinki",2025,"10.1177/14614448251365270",TRUE,"FinELib SAGE agreement","sage2025finelib"
"University of Helsinki",2025,"10.1177/14624745251344564",TRUE,"FinELib SAGE agreement","sage2025finelib"
"University of Helsinki",2025,"10.1177/14687968251364350",TRUE,"FinELib SAGE agreement","sage2025finelib"
"University of Helsinki",2025,"10.1177/14695405251321405",TRUE,"FinELib SAGE agreement","sage2025finelib"
"University of Helsinki",2025,"10.1177/14749041251390725",TRUE,"FinELib SAGE agreement","sage2025finelib"
"University of Helsinki",2025,"10.1177/14773708251333217",TRUE,"FinELib SAGE agreement","sage2025finelib"
"University of Helsinki",2025,"10.1177/14773708251400845",TRUE,"FinELib SAGE agreement","sage2025finelib"
"University of Helsinki",2025,"10.1177/16094069251350311",FALSE,"FinELib SAGE agreement","sage2025finelib"
"University of Helsinki",2025,"10.1177/16094069251385436",FALSE,"FinELib SAGE agreement","sage2025finelib"
"University of Helsinki",2025,"10.1177/16118944251331430",TRUE,"FinELib SAGE agreement","sage2025finelib"
"University of Helsinki",2025,"10.1177/16118944251348777",TRUE,"FinELib SAGE agreement","sage2025finelib"
"University of Helsinki",2025,"10.1177/17411432251333560",TRUE,"FinELib SAGE agreement","sage2025finelib"
"University of Helsinki",2025,"10.1177/17411432251351838",TRUE,"FinELib SAGE agreement","sage2025finelib"
"University of Helsinki",2025,"10.1177/17454999251333523",TRUE,"FinELib SAGE agreement","sage2025finelib"
"University of Helsinki",2025,"10.1177/17454999251395598",TRUE,"FinELib SAGE agreement","sage2025finelib"
"University of Helsinki",2025,"10.1177/17474930251344451",TRUE,"FinELib SAGE agreement","sage2025finelib"
"University of Helsinki",2025,"10.1177/17504813251412081",TRUE,"FinELib SAGE agreement","sage2025finelib"
"University of Helsinki",2025,"10.1177/17506352251363021",TRUE,"FinELib SAGE agreement","sage2025finelib"
"University of Helsinki",2025,"10.1177/17506352251403008",TRUE,"FinELib SAGE agreement","sage2025finelib"
"University of Helsinki",2025,"10.1177/17531934251387061",TRUE,"FinELib SAGE agreement","sage2025finelib"
"University of Helsinki",2025,"10.1177/17531934251391119",TRUE,"FinELib SAGE agreement","sage2025finelib"
"University of Helsinki",2025,"10.1177/17562848251386318",FALSE,"FinELib SAGE agreement","sage2025finelib"
"University of Helsinki",2025,"10.1177/17577438251350558",FALSE,"FinELib SAGE agreement","sage2025finelib"
"University of Helsinki",2025,"10.1177/19467567251401841",TRUE,"FinELib SAGE agreement","sage2025finelib"
"University of Helsinki",2025,"10.1177/20436106251370378",TRUE,"FinELib SAGE agreement","sage2025finelib"
"University of Helsinki",2025,"10.1177/20438206251364970",TRUE,"FinELib SAGE agreement","sage2025finelib"
"University of Helsinki",2025,"10.1177/20438206251408044",TRUE,"FinELib SAGE agreement","sage2025finelib"
"University of Helsinki",2025,"10.1177/20501579251386226",TRUE,"FinELib SAGE agreement","sage2025finelib"
"University of Helsinki",2025,"10.1177/2050313X251352717",FALSE,"FinELib SAGE agreement","sage2025finelib"
"University of Helsinki",2025,"10.1177/20552173251326173",FALSE,"FinELib SAGE agreement","sage2025finelib"
"University of Helsinki",2025,"10.1177/20552173251360358",FALSE,"FinELib SAGE agreement","sage2025finelib"
"University of Helsinki",2025,"10.1177/20563051251332679",FALSE,"FinELib SAGE agreement","sage2025finelib"
"University of Helsinki",2025,"10.1177/20563051251359493",FALSE,"FinELib SAGE agreement","sage2025finelib"
"University of Helsinki",2025,"10.1177/20584601251379482",FALSE,"FinELib SAGE agreement","sage2025finelib"
"University of Helsinki",2025,"10.1177/21582440251363688",FALSE,"FinELib SAGE agreement","sage2025finelib"
"University of Helsinki",2025,"10.1177/22143602251339569",FALSE,"FinELib SAGE agreement","sage2025finelib"
"University of Helsinki",2025,"10.1177/23743735251346633",FALSE,"FinELib SAGE agreement","sage2025finelib"
"University of Helsinki",2025,"10.1177/23969873251343857",TRUE,"FinELib SAGE agreement","sage2025finelib"
"University of Helsinki",2025,"10.1177/23969873251376862",TRUE,"FinELib SAGE agreement","sage2025finelib"
"University of Helsinki",2025,"10.1177/26323524251397004",FALSE,"FinELib SAGE agreement","sage2025finelib"
"University of Helsinki",2025,"10.1177/27325016251384579",TRUE,"FinELib SAGE agreement","sage2025finelib"
"University of Helsinki",2025,"10.1177/27538699251380973",TRUE,"FinELib SAGE agreement","sage2025finelib"
"University of Helsinki",2025,"10.1177/29768624251380428",FALSE,"FinELib SAGE agreement","sage2025finelib"
"University of Helsinki",2025,"10.1177/29768640251344392",TRUE,"FinELib SAGE agreement","sage2025finelib"
"University of Helsinki",2025,"10.1177/29768667251346429",TRUE,"FinELib SAGE agreement","sage2025finelib"
"University of Helsinki",2025,"10.1177/29768829251362764",TRUE,"FinELib SAGE agreement","sage2025finelib"
"University of Helsinki",2025,"10.1177/29768829251397972",TRUE,"FinELib SAGE agreement","sage2025finelib"
"University of Helsinki",2025,"10.1192/bjp.2024.249",TRUE,"FinELib CUP agreement","cam2024finelib"
"University of Helsinki",2025,"10.1192/j.eurpsy.2025.10066",FALSE,"FinELib CUP agreement","cam2024finelib"
"University of Helsinki",2025,"10.1245/s10434-025-17945-y",FALSE,"FinELib Springer Compact agreement","sn2024finelib"
"University of Helsinki",2025,"10.1245/s10434-025-18220-w",TRUE,"FinELib Springer Compact agreement","sn2024finelib"
"University of Helsinki",2025,"10.1249/MSS.0000000000003734",TRUE,"FinELib Wolters Kluwer Lippincott agreement","lww2025finelib"
"University of Helsinki",2025,"10.14814/phy2.70639",FALSE,"FinELib Wiley agreement","wiley2025finelib"
"University of Helsinki",2025,"10.15184/aqy.2025.14",TRUE,"FinELib CUP agreement","cam2024finelib"
"University of Helsinki",2025,"10.2106/JBJS.25.00867",TRUE,"FinELib Wolters Kluwer Lippincott agreement","lww2025finelib"
"University of Helsinki",2025,"10.2340/1651-226X.2025.42778",FALSE,"FinELib MJS agreement","FinELib MJS agreement"
"University of Helsinki",2025,"10.2340/1651-226X.2025.43349",FALSE,"FinELib MJS agreement","FinELib MJS agreement"
"University of Helsinki",2025,"10.2340/1651-226X.2025.43391",FALSE,"FinELib MJS agreement","FinELib MJS agreement"
"University of Helsinki",2025,"10.2340/1651-226X.2025.43469",FALSE,"FinELib MJS agreement","FinELib MJS agreement"
"University of Helsinki",2025,"10.2340/1651-226X.2025.4364",FALSE,"FinELib MJS agreement","FinELib MJS agreement"
"University of Helsinki",2025,"10.2340/1651-226X.2025.43691",FALSE,"FinELib MJS agreement","FinELib MJS agreement"
"University of Helsinki",2025,"10.2340/1651-226X.2025.44024",FALSE,"FinELib MJS agreement","FinELib MJS agreement"
"University of Helsinki",2025,"10.2340/1651-226X.2025.44039",FALSE,"FinELib MJS agreement","FinELib MJS agreement"
"University of Helsinki",2025,"10.2340/1651-226X.2025.44458",FALSE,"FinELib MJS agreement","FinELib MJS agreement"
"University of Helsinki",2025,"10.2340/actadv.v105.43088",FALSE,"FinELib MJS agreement","FinELib MJS agreement"
"University of Helsinki",2025,"10.2340/aos.v84.43910",FALSE,"FinELib MJS agreement","FinELib MJS agreement"
"University of Helsinki",2025,"10.2340/aos.v84.44181",FALSE,"FinELib MJS agreement","FinELib MJS agreement"
"University of Helsinki",2025,"10.2340/aos.v84.44915",FALSE,"FinELib MJS agreement","FinELib MJS agreement"
"University of Helsinki",2025,"10.2340/jrm.v57.43275",FALSE,"FinELib MJS agreement","FinELib MJS agreement"
"University of Helsinki",2025,"10.2340/sju.v60.44371",FALSE,"FinELib MJS agreement","FinELib MJS agreement"
"University of Helsinki",2025,"10.2340/sju.v60.4502",FALSE,"FinELib MJS agreement","FinELib MJS agreement"
"University of Helsinki",2025,"10.2340/sju.v60.45170",FALSE,"FinELib MJS agreement","FinELib MJS agreement"
"University of Helsinki",2025,"10.3168/jds.2025-26779",FALSE,"FinELib Elsevier agreement","els2024finelib"
"University of Helsinki",2025,"10.3168/jds.2025-26942",FALSE,"FinELib Elsevier agreement","els2024finelib"
"University of Helsinki",2025,"10.3168/jds.2025-27126",FALSE,"FinELib Elsevier agreement","els2024finelib"
"University of Jyväskylä",2025,"10.1002/adma.202502818",TRUE,"FinELib Wiley agreement","wiley2025finelib"
"University of Jyväskylä",2025,"10.1002/agt2.70213",FALSE,"FinELib Wiley agreement","wiley2025finelib"
"University of Jyväskylä",2025,"10.1002/anie.202503763",TRUE,"FinELib Wiley agreement","wiley2025finelib"
"University of Jyväskylä",2025,"10.1002/berj.70023",TRUE,"FinELib Wiley agreement","wiley2025finelib"
"University of Jyväskylä",2025,"10.1002/cctc.202402099",TRUE,"FinELib Wiley agreement","wiley2025finelib"
"University of Jyväskylä",2025,"10.1002/cdq.12374",TRUE,"FinELib Wiley agreement","wiley2025finelib"
"University of Jyväskylä",2025,"10.1002/chem.202404122",TRUE,"FinELib Wiley agreement","wiley2025finelib"
"University of Jyväskylä",2025,"10.1002/chem.202500530",TRUE,"FinELib Wiley agreement","wiley2025finelib"
"University of Jyväskylä",2025,"10.1002/chem.202500861",TRUE,"FinELib Wiley agreement","wiley2025finelib"
"University of Jyväskylä",2025,"10.1002/chem.202501298",TRUE,"FinELib Wiley agreement","wiley2025finelib"
"University of Jyväskylä",2025,"10.1002/cplu.202400687",TRUE,"FinELib Wiley agreement","wiley2025finelib"
"University of Jyväskylä",2025,"10.1002/csr.70294",TRUE,"FinELib Wiley agreement","wiley2025finelib"
"University of Jyväskylä",2025,"10.1002/ece3.71692",FALSE,"FinELib Wiley agreement","wiley2025finelib"
"University of Jyväskylä",2025,"10.1002/ecog.07847",FALSE,"FinELib Wiley agreement","wiley2025finelib"
"University of Jyväskylä",2025,"10.1002/ecy.70151",TRUE,"FinELib Wiley agreement","wiley2025finelib"
"University of Jyväskylä",2025,"10.1002/ecy.70174",TRUE,"FinELib Wiley agreement","wiley2025finelib"
"University of Jyväskylä",2025,"10.1002/edn3.70181",FALSE,"FinELib Wiley agreement","wiley2025finelib"
"University of Jyväskylä",2025,"10.1002/ejic.202500553",TRUE,"FinELib Wiley agreement","wiley2025finelib"
"University of Jyväskylä",2025,"10.1002/ejsc.70045",FALSE,"FinELib Wiley agreement","wiley2025finelib"
"University of Jyväskylä",2025,"10.1002/ejsc.70060",FALSE,"FinELib Wiley agreement","wiley2025finelib"
"University of Jyväskylä",2025,"10.1002/ejsc.70076",FALSE,"FinELib Wiley agreement","wiley2025finelib"
"University of Jyväskylä",2025,"10.1002/ejsc.70080",FALSE,"FinELib Wiley agreement","wiley2025finelib"
"University of Jyväskylä",2025,"10.1002/ejsc.70095",FALSE,"FinELib Wiley agreement","wiley2025finelib"
"University of Jyväskylä",2025,"10.1002/hipo.70035",TRUE,"FinELib Wiley agreement","wiley2025finelib"
"University of Jyväskylä",2025,"10.1002/ijc.70106",TRUE,"FinELib Wiley agreement","wiley2025finelib"
"University of Jyväskylä",2025,"10.1002/jad.70067",TRUE,"FinELib Wiley agreement","wiley2025finelib"
"University of Jyväskylä",2025,"10.1002/jav.03458",FALSE,"FinELib Wiley agreement","wiley2025finelib"
"University of Jyväskylä",2025,"10.1002/lno.70034",TRUE,"FinELib Wiley agreement","wiley2025finelib"
"University of Jyväskylä",2025,"10.1002/nano.70074",FALSE,"FinELib Wiley agreement","wiley2025finelib"
"University of Jyväskylä",2025,"10.1002/pan3.70075",FALSE,"FinELib Wiley agreement","wiley2025finelib"
"University of Jyväskylä",2025,"10.1002/pri.70112",TRUE,"FinELib Wiley agreement","wiley2025finelib"
"University of Jyväskylä",2025,"10.1002/sd.70020",TRUE,"FinELib Wiley agreement","wiley2025finelib"
"University of Jyväskylä",2025,"10.1002/smsc.202500184",FALSE,"FinELib Wiley agreement","wiley2025finelib"
"University of Jyväskylä",2025,"10.1002/tesj.70009",TRUE,"FinELib Wiley agreement","wiley2025finelib"
"University of Jyväskylä",2025,"10.1007/s00016-025-00323-2",TRUE,"FinELib Springer Compact agreement","sn2024finelib"
"University of Jyväskylä",2025,"10.1007/s00041-025-10147-w",TRUE,"FinELib Springer Compact agreement","sn2024finelib"
"University of Jyväskylä",2025,"10.1007/s00168-024-01345-3",TRUE,"FinELib Springer Compact agreement","sn2024finelib"
"University of Jyväskylä",2025,"10.1007/s00374-025-01911-7",TRUE,"FinELib Springer Compact agreement","sn2024finelib"
"University of Jyväskylä",2025,"10.1007/s00421-025-05748-8",TRUE,"FinELib Springer Compact agreement","sn2024finelib"
"University of Jyväskylä",2025,"10.1007/s00421-025-05762-w",TRUE,"FinELib Springer Compact agreement","sn2024finelib"
"University of Jyväskylä",2025,"10.1007/s00421-025-05793-3",TRUE,"FinELib Springer Compact agreement","sn2024finelib"
"University of Jyväskylä",2025,"10.1007/s00421-025-05834-x",TRUE,"FinELib Springer Compact agreement","sn2024finelib"
"University of Jyväskylä",2025,"10.1007/s00421-025-05993-x",TRUE,"FinELib Springer Compact agreement","sn2024finelib"
"University of Jyväskylä",2025,"10.1007/s00477-025-02970-w",TRUE,"FinELib Springer Compact agreement","sn2024finelib"
"University of Jyväskylä",2025,"10.1007/s00526-025-02934-6",TRUE,"FinELib Springer Compact agreement","sn2024finelib"
"University of Jyväskylä",2025,"10.1007/s00605-025-02123-9",TRUE,"FinELib Springer Compact agreement","sn2024finelib"
"University of Jyväskylä",2025,"10.1007/s00607-025-01450-x",TRUE,"FinELib Springer Compact agreement","sn2024finelib"
"University of Jyväskylä",2025,"10.1007/s10209-025-01232-4",TRUE,"FinELib Springer Compact agreement","sn2024finelib"
"University of Jyväskylä",2025,"10.1007/s10342-025-01823-z",TRUE,"FinELib Springer Compact agreement","sn2024finelib"
"University of Jyväskylä",2025,"10.1007/s10389-025-02500-6",TRUE,"FinELib Springer Compact agreement","sn2024finelib"
"University of Jyväskylä",2025,"10.1007/s10433-025-00839-z",TRUE,"FinELib Springer Compact agreement","sn2024finelib"
"University of Jyväskylä",2025,"10.1007/s10460-025-10801-5",TRUE,"FinELib Springer Compact agreement","sn2024finelib"
"University of Jyväskylä",2025,"10.1007/s10476-025-00122-4",TRUE,"FinELib Springer Compact agreement","sn2024finelib"
"University of Jyväskylä",2025,"10.1007/s10531-025-03145-3",TRUE,"FinELib Springer Compact agreement","sn2024finelib"
"University of Jyväskylä",2025,"10.1007/s10551-025-06021-w",TRUE,"FinELib Springer Compact agreement","sn2024finelib"
"University of Jyväskylä",2025,"10.1007/s10551-025-06146-y",TRUE,"FinELib Springer Compact agreement","sn2024finelib"
"University of Jyväskylä",2025,"10.1007/s10597-025-01462-z",TRUE,"FinELib Springer Compact agreement","sn2024finelib"
"University of Jyväskylä",2025,"10.1007/s10608-025-10633-x",TRUE,"FinELib Springer Compact agreement","sn2024finelib"
"University of Jyväskylä",2025,"10.1007/s10617-025-09294-6",TRUE,"FinELib Springer Compact agreement","sn2024finelib"
"University of Jyväskylä",2025,"10.1007/s10639-025-13587-5",TRUE,"FinELib Springer Compact agreement","sn2024finelib"
"University of Jyväskylä",2025,"10.1007/s10643-025-01974-z",TRUE,"FinELib Springer Compact agreement","sn2024finelib"
"University of Jyväskylä",2025,"10.1007/s10643-025-02026-2",TRUE,"FinELib Springer Compact agreement","sn2024finelib"
"University of Jyväskylä",2025,"10.1007/s10646-025-02977-7",TRUE,"FinELib Springer Compact agreement","sn2024finelib"
"University of Jyväskylä",2025,"10.1007/s10654-024-01200-x",TRUE,"FinELib Springer Compact agreement","sn2024finelib"
"University of Jyväskylä",2025,"10.1007/s10746-025-09785-2",FALSE,"FinELib Springer Compact agreement","sn2024finelib"
"University of Jyväskylä",2025,"10.1007/s10758-025-09881-3",TRUE,"FinELib Springer Compact agreement","sn2024finelib"
"University of Jyväskylä",2025,"10.1007/s10763-024-10538-3",TRUE,"FinELib Springer Compact agreement","sn2024finelib"
"University of Jyväskylä",2025,"10.1007/s10763-025-10563-w",TRUE,"FinELib Springer Compact agreement","sn2024finelib"
"University of Jyväskylä",2025,"10.1007/s10775-025-09727-5",TRUE,"FinELib Springer Compact agreement","sn2024finelib"
"University of Jyväskylä",2025,"10.1007/s10879-025-09680-y",TRUE,"FinELib Springer Compact agreement","sn2024finelib"
"University of Jyväskylä",2025,"10.1007/s10879-025-09681-x",TRUE,"FinELib Springer Compact agreement","sn2024finelib"
"University of Jyväskylä",2025,"10.1007/s10994-025-06923-w",FALSE,"FinELib Springer Compact agreement","sn2024finelib"
"University of Jyväskylä",2025,"10.1007/s11005-025-01910-7",TRUE,"FinELib Springer Compact agreement","sn2024finelib"
"University of Jyväskylä",2025,"10.1007/s11097-025-10106-2",TRUE,"FinELib Springer Compact agreement","sn2024finelib"
"University of Jyväskylä",2025,"10.1007/s11192-025-05421-z",TRUE,"FinELib Springer Compact agreement","sn2024finelib"
"University of Jyväskylä",2025,"10.1007/s11196-025-10308-6",TRUE,"FinELib Springer Compact agreement","sn2024finelib"
"University of Jyväskylä",2025,"10.1007/s11220-025-00628-z",TRUE,"FinELib Springer Compact agreement","sn2024finelib"
"University of Jyväskylä",2025,"10.1007/s11245-025-10317-x",TRUE,"FinELib Springer Compact agreement","sn2024finelib"
"University of Jyväskylä",2025,"10.1007/s11412-025-09447-6",TRUE,"FinELib Springer Compact agreement","sn2024finelib"
"University of Jyväskylä",2025,"10.1007/s11423-025-10545-3",TRUE,"FinELib Springer Compact agreement","sn2024finelib"
"University of Jyväskylä",2025,"10.1007/s11625-025-01639-1",TRUE,"FinELib Springer Compact agreement","sn2024finelib"
"University of Jyväskylä",2025,"10.1007/s12065-025-01042-w",TRUE,"FinELib Springer Compact agreement","sn2024finelib"
"University of Jyväskylä",2025,"10.1007/s12144-024-06999-y",TRUE,"FinELib Springer Compact agreement","sn2024finelib"
"University of Jyväskylä",2025,"10.1007/s12220-025-02099-w",TRUE,"FinELib Springer Compact agreement","sn2024finelib"
"University of Jyväskylä",2025,"10.1007/s13137-025-00263-6",TRUE,"FinELib Springer Compact agreement","sn2024finelib"
"University of Jyväskylä",2025,"10.1007/s13163-025-00539-3",TRUE,"FinELib Springer Compact agreement","sn2024finelib"
"University of Jyväskylä",2025,"10.1007/s13164-025-00784-x",TRUE,"FinELib Springer Compact agreement","sn2024finelib"
"University of Jyväskylä",2025,"10.1007/s40279-025-02338-8",TRUE,"FinELib Springer Compact agreement","sn2024finelib"
"University of Jyväskylä",2025,"10.1007/s40520-025-02935-7",TRUE,"FinELib Springer Compact agreement","sn2024finelib"
"University of Jyväskylä",2025,"10.1007/s40520-025-03077-6",TRUE,"FinELib Springer Compact agreement","sn2024finelib"
"University of Jyväskylä",2025,"10.1007/s40687-025-00552-4",TRUE,"FinELib Springer Compact agreement","sn2024finelib"
"University of Jyväskylä",2025,"10.1007/s42380-025-00285-6",TRUE,"FinELib Springer Compact agreement","sn2024finelib"
"University of Jyväskylä",2025,"10.1007/s42978-025-00338-8",TRUE,"FinELib Springer Compact agreement","sn2024finelib"
"University of Jyväskylä",2025,"10.1016/j.aim.2025.110688",TRUE,"FinELib Elsevier agreement","els2024finelib"
"University of Jyväskylä",2025,"10.1016/j.aim.2025.110707",TRUE,"FinELib Elsevier agreement","els2024finelib"
"University of Jyväskylä",2025,"10.1016/j.aip.2025.102390",TRUE,"FinELib Elsevier agreement","els2024finelib"
"University of Jyväskylä",2025,"10.1016/j.algal.2025.103979",TRUE,"FinELib Elsevier agreement","els2024finelib"
"University of Jyväskylä",2025,"10.1016/j.applanim.2025.106899",TRUE,"FinELib Elsevier agreement","els2024finelib"
"University of Jyväskylä",2025,"10.1016/j.aquaculture.2025.742956",TRUE,"FinELib Elsevier agreement","els2024finelib"
"University of Jyväskylä",2025,"10.1016/j.aquaeng.2025.102573",TRUE,"FinELib Elsevier agreement","els2024finelib"
"University of Jyväskylä",2025,"10.1016/j.bandl.2025.105671",TRUE,"FinELib Elsevier agreement","els2024finelib"
"University of Jyväskylä",2025,"10.1016/j.biombioe.2025.108259",TRUE,"FinELib Elsevier agreement","els2024finelib"
"University of Jyväskylä",2025,"10.1016/j.biopsycho.2025.109026",TRUE,"FinELib Elsevier agreement","els2024finelib"
"University of Jyväskylä",2025,"10.1016/j.carbon.2025.120851",TRUE,"FinELib Elsevier agreement","els2024finelib"
"University of Jyväskylä",2025,"10.1016/j.ccr.2025.217302",TRUE,"FinELib Elsevier agreement","els2024finelib"
"University of Jyväskylä",2025,"10.1016/j.clinbiomech.2025.106665",TRUE,"FinELib Elsevier agreement","els2024finelib"
"University of Jyväskylä",2025,"10.1016/j.clinbiomech.2025.106713",TRUE,"FinELib Elsevier agreement","els2024finelib"
"University of Jyväskylä",2025,"10.1016/j.clinph.2025.02.277",TRUE,"FinELib Elsevier agreement","els2024finelib"
"University of Jyväskylä",2025,"10.1016/j.compbiomed.2025.109785",TRUE,"FinELib Elsevier agreement","els2024finelib"
"University of Jyväskylä",2025,"10.1016/j.compedu.2025.105539",TRUE,"FinELib Elsevier agreement","els2024finelib"
"University of Jyväskylä",2025,"10.1016/j.cor.2025.107321",TRUE,"FinELib Elsevier agreement","els2024finelib"
"University of Jyväskylä",2025,"10.1016/j.cose.2025.104545",TRUE,"FinELib Elsevier agreement","els2024finelib"
"University of Jyväskylä",2025,"10.1016/j.cviu.2025.104443",TRUE,"FinELib Elsevier agreement","els2024finelib"
"University of Jyväskylä",2025,"10.1016/j.econlet.2025.112342",TRUE,"FinELib Elsevier agreement","els2024finelib"
"University of Jyväskylä",2025,"10.1016/j.econlet.2025.112725",TRUE,"FinELib Elsevier agreement","els2024finelib"
"University of Jyväskylä",2025,"10.1016/j.ecresq.2025.08.004",TRUE,"FinELib Elsevier agreement","els2024finelib"
"University of Jyväskylä",2025,"10.1016/j.ejmp.2025.105095",TRUE,"FinELib Elsevier agreement","els2024finelib"
"University of Jyväskylä",2025,"10.1016/j.ejon.2025.102971",TRUE,"FinELib Elsevier agreement","els2024finelib"
"University of Jyväskylä",2025,"10.1016/j.emj.2025.04.003",TRUE,"FinELib Elsevier agreement","els2024finelib"
"University of Jyväskylä",2025,"10.1016/j.emj.2025.05.001",TRUE,"FinELib Elsevier agreement","els2024finelib"
"University of Jyväskylä",2025,"10.1016/j.envpol.2025.127490",TRUE,"FinELib Elsevier agreement","els2024finelib"
"University of Jyväskylä",2025,"10.1016/j.erss.2025.104411",TRUE,"FinELib Elsevier agreement","els2024finelib"
"University of Jyväskylä",2025,"10.1016/j.exger.2025.112914",FALSE,"FinELib Elsevier agreement","els2024finelib"
"University of Jyväskylä",2025,"10.1016/j.forpol.2025.103492",TRUE,"FinELib Elsevier agreement","els2024finelib"
"University of Jyväskylä",2025,"10.1016/j.forpol.2025.103681",TRUE,"FinELib Elsevier agreement","els2024finelib"
"University of Jyväskylä",2025,"10.1016/j.futures.2025.103724",TRUE,"FinELib Elsevier agreement","els2024finelib"
"University of Jyväskylä",2025,"10.1016/j.gete.2025.100767",TRUE,"FinELib Elsevier agreement","els2024finelib"
"University of Jyväskylä",2025,"10.1016/j.ijbiomac.2025.148227",TRUE,"FinELib Elsevier agreement","els2024finelib"
"University of Jyväskylä",2025,"10.1016/j.ijer.2025.102745",TRUE,"FinELib Elsevier agreement","els2024finelib"
"University of Jyväskylä",2025,"10.1016/j.ijer.2025.102884",TRUE,"FinELib Elsevier agreement","els2024finelib"
"University of Jyväskylä",2025,"10.1016/j.ijme.2025.101148",TRUE,"FinELib Elsevier agreement","els2024finelib"
"University of Jyväskylä",2025,"10.1016/j.indmarman.2025.09.007",TRUE,"FinELib Elsevier agreement","els2024finelib"
"University of Jyväskylä",2025,"10.1016/j.infsof.2025.107910",TRUE,"FinELib Elsevier agreement","els2024finelib"
"University of Jyväskylä",2025,"10.1016/j.infsof.2025.107994",TRUE,"FinELib Elsevier agreement","els2024finelib"
"University of Jyväskylä",2025,"10.1016/j.jbankfin.2025.107542",TRUE,"FinELib Elsevier agreement","els2024finelib"
"University of Jyväskylä",2025,"10.1016/j.jbiomech.2025.112614",TRUE,"FinELib Elsevier agreement","els2024finelib"
"University of Jyväskylä",2025,"10.1016/j.jbiomech.2025.112915",TRUE,"FinELib Elsevier agreement","els2024finelib"
"University of Jyväskylä",2025,"10.1016/j.jbiomech.2025.112946",TRUE,"FinELib Elsevier agreement","els2024finelib"
"University of Jyväskylä",2025,"10.1016/j.jbusres.2025.115250",TRUE,"FinELib Elsevier agreement","els2024finelib"
"University of Jyväskylä",2025,"10.1016/j.jcp.2025.113839",TRUE,"FinELib Elsevier agreement","els2024finelib"
"University of Jyväskylä",2025,"10.1016/j.jde.2025.113932",TRUE,"FinELib Elsevier agreement","els2024finelib"
"University of Jyväskylä",2025,"10.1016/j.jece.2025.118172",TRUE,"FinELib Elsevier agreement","els2024finelib"
"University of Jyväskylä",2025,"10.1016/j.jecp.2025.106244",TRUE,"FinELib Elsevier agreement","els2024finelib"
"University of Jyväskylä",2025,"10.1016/j.jeoa.2025.100549",TRUE,"FinELib Elsevier agreement","els2024finelib"
"University of Jyväskylä",2025,"10.1016/j.jfa.2025.110923",TRUE,"FinELib Elsevier agreement","els2024finelib"
"University of Jyväskylä",2025,"10.1016/j.jfa.2025.111319",TRUE,"FinELib Elsevier agreement","els2024finelib"
"University of Jyväskylä",2025,"10.1016/j.jmaa.2025.129741",TRUE,"FinELib Elsevier agreement","els2024finelib"
"University of Jyväskylä",2025,"10.1016/j.jrp.2025.104693",TRUE,"FinELib Elsevier agreement","els2024finelib"
"University of Jyväskylä",2025,"10.1016/j.jss.2025.112333",TRUE,"FinELib Elsevier agreement","els2024finelib"
"University of Jyväskylä",2025,"10.1016/j.jss.2025.112341",TRUE,"FinELib Elsevier agreement","els2024finelib"
"University of Jyväskylä",2025,"10.1016/j.jss.2025.112616",TRUE,"FinELib Elsevier agreement","els2024finelib"
"University of Jyväskylä",2025,"10.1016/j.jss.2025.112661",TRUE,"FinELib Elsevier agreement","els2024finelib"
"University of Jyväskylä",2025,"10.1016/j.labeco.2025.102714",TRUE,"FinELib Elsevier agreement","els2024finelib"
"University of Jyväskylä",2025,"10.1016/j.langcom.2025.08.001",TRUE,"FinELib Elsevier agreement","els2024finelib"
"University of Jyväskylä",2025,"10.1016/j.lcsi.2025.100940",TRUE,"FinELib Elsevier agreement","els2024finelib"
"University of Jyväskylä",2025,"10.1016/j.lcsi.2025.100942",TRUE,"FinELib Elsevier agreement","els2024finelib"
"University of Jyväskylä",2025,"10.1016/j.learninstruc.2025.102080",TRUE,"FinELib Elsevier agreement","els2024finelib"
"University of Jyväskylä",2025,"10.1016/j.learninstruc.2025.102220",TRUE,"FinELib Elsevier agreement","els2024finelib"
"University of Jyväskylä",2025,"10.1016/j.lindif.2025.102635",TRUE,"FinELib Elsevier agreement","els2024finelib"
"University of Jyväskylä",2025,"10.1016/j.linged.2025.101397",TRUE,"FinELib Elsevier agreement","els2024finelib"
"University of Jyväskylä",2025,"10.1016/j.lrp.2025.102510",TRUE,"FinELib Elsevier agreement","els2024finelib"
"University of Jyväskylä",2025,"10.1016/j.matpur.2025.103688",TRUE,"FinELib Elsevier agreement","els2024finelib"
"University of Jyväskylä",2025,"10.1016/j.meegid.2025.105768",FALSE,"FinELib Elsevier agreement","els2024finelib"
"University of Jyväskylä",2025,"10.1016/j.neuroscience.2025.03.046",TRUE,"FinELib Elsevier agreement","els2024finelib"
"University of Jyväskylä",2025,"10.1016/j.neuroscience.2025.10.049",TRUE,"FinELib Elsevier agreement","els2024finelib"
"University of Jyväskylä",2025,"10.1016/j.nima.2025.170273",TRUE,"FinELib Elsevier agreement","els2024finelib"
"University of Jyväskylä",2025,"10.1016/j.nima.2025.170437",TRUE,"FinELib Elsevier agreement","els2024finelib"
"University of Jyväskylä",2025,"10.1016/j.omega.2025.103405",TRUE,"FinELib Elsevier agreement","els2024finelib"
"University of Jyväskylä",2025,"10.1016/j.peh.2025.100384",TRUE,"FinELib Elsevier agreement","els2024finelib"
"University of Jyväskylä",2025,"10.1016/j.poetic.2025.101971",TRUE,"FinELib Elsevier agreement","els2024finelib"
"University of Jyväskylä",2025,"10.1016/j.pubrev.2025.102607",TRUE,"FinELib Elsevier agreement","els2024finelib"
"University of Jyväskylä",2025,"10.1016/j.reactfunctpolym.2025.106203",TRUE,"FinELib Elsevier agreement","els2024finelib"
"University of Jyväskylä",2025,"10.1016/j.spa.2025.104651",TRUE,"FinELib Elsevier agreement","els2024finelib"
"University of Jyväskylä",2025,"10.1016/j.system.2025.103612",TRUE,"FinELib Elsevier agreement","els2024finelib"
"University of Jyväskylä",2025,"10.1016/j.tate.2025.105241",TRUE,"FinELib Elsevier agreement","els2024finelib"
"University of Jyväskylä",2025,"10.1016/j.tate.2025.105341",TRUE,"FinELib Elsevier agreement","els2024finelib"
"University of Jyväskylä",2025,"10.1016/j.techfore.2025.124493",TRUE,"FinELib Elsevier agreement","els2024finelib"
"University of Jyväskylä",2025,"10.1016/j.tele.2025.102247",TRUE,"FinELib Elsevier agreement","els2024finelib"
"University of Jyväskylä",2025,"10.1016/j.trf.2025.01.043",TRUE,"FinELib Elsevier agreement","els2024finelib"
"University of Jyväskylä",2025,"10.1016/j.ultramic.2025.114193",TRUE,"FinELib Elsevier agreement","els2024finelib"
"University of Jyväskylä",2025,"10.1016/j.wasman.2025.114889",TRUE,"FinELib Elsevier agreement","els2024finelib"
"University of Jyväskylä",2025,"10.1017/S0018246X25101039",FALSE,"FinELib CUP agreement","cam2024finelib"
"University of Jyväskylä",2025,"10.1017/S0033291725102080",FALSE,"FinELib CUP agreement","cam2024finelib"
"University of Jyväskylä",2025,"10.1017/S0305004125000416",TRUE,"FinELib CUP agreement","cam2024finelib"
"University of Jyväskylä",2025,"10.1038/s41559-025-02786-5",TRUE,"FinELib Nature Research agreement","sn2025finelib"
"University of Jyväskylä",2025,"10.1038/s41592-025-02823-y",TRUE,"FinELib Nature Research agreement","sn2025finelib"
"University of Jyväskylä",2025,"10.1039/D5CC02127H",TRUE,"FinELib RSC agreement","rsc2024finelib"
"University of Jyväskylä",2025,"10.1039/D5CE00339C",TRUE,"FinELib RSC agreement","rsc2024finelib"
"University of Jyväskylä",2025,"10.1039/D5CP02438B",TRUE,"FinELib RSC agreement","rsc2024finelib"
"University of Jyväskylä",2025,"10.1039/D5NR02770E",TRUE,"FinELib RSC agreement","rsc2024finelib"
"University of Jyväskylä",2025,"10.1039/D5QI01391G",TRUE,"FinELib RSC agreement","rsc2024finelib"
"University of Jyväskylä",2025,"10.1057/s41254-025-00407-3",TRUE,"FinELib Springer Compact agreement","sn2024finelib"
"University of Jyväskylä",2025,"10.1057/s41267-025-00779-x",TRUE,"FinELib Springer Compact agreement","sn2024finelib"
"University of Jyväskylä",2025,"10.1080/00076791.2025.2583126",TRUE,"FinELib Taylor & Francis agreement","tf2025finelib"
"University of Jyväskylä",2025,"10.1080/00131911.2025.2506794",TRUE,"FinELib Taylor & Francis agreement","tf2025finelib"
"University of Jyväskylä",2025,"10.1080/0020739X.2025.2551829",TRUE,"FinELib Taylor & Francis agreement","tf2025finelib"
"University of Jyväskylä",2025,"10.1080/00220272.2025.2460476",TRUE,"FinELib Taylor & Francis agreement","tf2025finelib"
"University of Jyväskylä",2025,"10.1080/00220973.2025.2490018",TRUE,"FinELib Taylor & Francis agreement","tf2025finelib"
"University of Jyväskylä",2025,"10.1080/00220973.2025.2580302",TRUE,"FinELib Taylor & Francis agreement","tf2025finelib"
"University of Jyväskylä",2025,"10.1080/00268976.2025.2458641",TRUE,"FinELib Taylor & Francis agreement","tf2025finelib"
"University of Jyväskylä",2025,"10.1080/00313831.2025.2459404",TRUE,"FinELib Taylor & Francis agreement","tf2025finelib"
"University of Jyväskylä",2025,"10.1080/00313831.2025.2471355",TRUE,"FinELib Taylor & Francis agreement","tf2025finelib"
"University of Jyväskylä",2025,"10.1080/00313831.2025.2506375",TRUE,"FinELib Taylor & Francis agreement","tf2025finelib"
"University of Jyväskylä",2025,"10.1080/00313831.2025.2506380",TRUE,"FinELib Taylor & Francis agreement","tf2025finelib"
"University of Jyväskylä",2025,"10.1080/00313831.2025.2591241",TRUE,"FinELib Taylor & Francis agreement","tf2025finelib"
"University of Jyväskylä",2025,"10.1080/00497878.2025.2477263",TRUE,"FinELib Taylor & Francis agreement","tf2025finelib"
"University of Jyväskylä",2025,"10.1080/00856401.2025.2562756",TRUE,"FinELib Taylor & Francis agreement","tf2025finelib"
"University of Jyväskylä",2025,"10.1080/0158037X.2025.2511225",TRUE,"FinELib Taylor & Francis agreement","tf2025finelib"
"University of Jyväskylä",2025,"10.1080/01972243.2025.2500507",TRUE,"FinELib Taylor & Francis agreement","tf2025finelib"
"University of Jyväskylä",2025,"10.1080/02619768.2025.2484756",TRUE,"FinELib Taylor & Francis agreement","tf2025finelib"
"University of Jyväskylä",2025,"10.1080/02640414.2025.2460892",TRUE,"FinELib Taylor & Francis agreement","tf2025finelib"
"University of Jyväskylä",2025,"10.1080/02680939.2025.2517682",TRUE,"FinELib Taylor & Francis agreement","tf2025finelib"
"University of Jyväskylä",2025,"10.1080/02699931.2025.2568559",TRUE,"FinELib Taylor & Francis agreement","tf2025finelib"
"University of Jyväskylä",2025,"10.1080/03043797.2025.2534650",TRUE,"FinELib Taylor & Francis agreement","tf2025finelib"
"University of Jyväskylä",2025,"10.1080/03055698.2025.2511916",TRUE,"FinELib Taylor & Francis agreement","tf2025finelib"
"University of Jyväskylä",2025,"10.1080/03069885.2025.2517601",TRUE,"FinELib Taylor & Francis agreement","tf2025finelib"
"University of Jyväskylä",2025,"10.1080/03075079.2025.2476160",TRUE,"FinELib Taylor & Francis agreement","tf2025finelib"
"University of Jyväskylä",2025,"10.1080/07256868.2025.2531767",TRUE,"FinELib Taylor & Francis agreement","tf2025finelib"
"University of Jyväskylä",2025,"10.1080/07294360.2025.2476512",TRUE,"FinELib Taylor & Francis agreement","tf2025finelib"
"University of Jyväskylä",2025,"10.1080/07481187.2025.2561075",TRUE,"FinELib Taylor & Francis agreement","tf2025finelib"
"University of Jyväskylä",2025,"10.1080/07853890.2025.2479233",TRUE,"FinELib Taylor & Francis agreement","tf2025finelib"
"University of Jyväskylä",2025,"10.1080/0803706X.2025.2466558",TRUE,"FinELib Taylor & Francis agreement","tf2025finelib"
"University of Jyväskylä",2025,"10.1080/08870446.2025.2476625",TRUE,"FinELib Taylor & Francis agreement","tf2025finelib"
"University of Jyväskylä",2025,"10.1080/08870446.2025.2497417",TRUE,"FinELib Taylor & Francis agreement","tf2025finelib"
"University of Jyväskylä",2025,"10.1080/09552367.2025.2520044",TRUE,"FinELib Taylor & Francis agreement","tf2025finelib"
"University of Jyväskylä",2025,"10.1080/09575146.2025.2586624",TRUE,"FinELib Taylor & Francis agreement","tf2025finelib"
"University of Jyväskylä",2025,"10.1080/09589236.2025.2517348",TRUE,"FinELib Taylor & Francis agreement","tf2025finelib"
"University of Jyväskylä",2025,"10.1080/0960085X.2025.2525371",TRUE,"FinELib Taylor & Francis agreement","tf2025finelib"
"University of Jyväskylä",2025,"10.1080/09658211.2025.2557960",TRUE,"FinELib Taylor & Francis agreement","tf2025finelib"
"University of Jyväskylä",2025,"10.1080/0966369X.2025.2523892",TRUE,"FinELib Taylor & Francis agreement","tf2025finelib"
"University of Jyväskylä",2025,"10.1080/10286632.2025.2455017",TRUE,"FinELib Taylor & Francis agreement","tf2025finelib"
"University of Jyväskylä",2025,"10.1080/10413200.2025.2521267",TRUE,"FinELib Taylor & Francis agreement","tf2025finelib"
"University of Jyväskylä",2025,"10.1080/10447318.2025.2476715",TRUE,"FinELib Taylor & Francis agreement","tf2025finelib"
"University of Jyväskylä",2025,"10.1080/10447318.2025.2531276",TRUE,"FinELib Taylor & Francis agreement","tf2025finelib"
"University of Jyväskylä",2025,"10.1080/10447318.2025.2551049",TRUE,"FinELib Taylor & Francis agreement","tf2025finelib"
"University of Jyväskylä",2025,"10.1080/10447318.2025.2576633",TRUE,"FinELib Taylor & Francis agreement","tf2025finelib"
"University of Jyväskylä",2025,"10.1080/10476210.2025.2518930",TRUE,"FinELib Taylor & Francis agreement","tf2025finelib"
"University of Jyväskylä",2025,"10.1080/10476210.2025.2555217",TRUE,"FinELib Taylor & Francis agreement","tf2025finelib"
"University of Jyväskylä",2025,"10.1080/10503307.2025.2494272",TRUE,"FinELib Taylor & Francis agreement","tf2025finelib"
"University of Jyväskylä",2025,"10.1080/10573569.2025.2554653",TRUE,"FinELib Taylor & Francis agreement","tf2025finelib"
"University of Jyväskylä",2025,"10.1080/10888438.2025.2544010",TRUE,"FinELib Taylor & Francis agreement","tf2025finelib"
"University of Jyväskylä",2025,"10.1080/11745398.2025.2532000",TRUE,"FinELib Taylor & Francis agreement","tf2025finelib"
"University of Jyväskylä",2025,"10.1080/12460125.2025.2479546",TRUE,"FinELib Taylor & Francis agreement","tf2025finelib"
"University of Jyväskylä",2025,"10.1080/1350293X.2025.2452549",TRUE,"FinELib Taylor & Francis agreement","tf2025finelib"
"University of Jyväskylä",2025,"10.1080/1350293X.2025.2509125",TRUE,"FinELib Taylor & Francis agreement","tf2025finelib"
"University of Jyväskylä",2025,"10.1080/1350293X.2025.2586684",TRUE,"FinELib Taylor & Francis agreement","tf2025finelib"
"University of Jyväskylä",2025,"10.1080/13506285.2025.2471454",TRUE,"FinELib Taylor & Francis agreement","tf2025finelib"
"University of Jyväskylä",2025,"10.1080/13527258.2025.2484694",TRUE,"FinELib Taylor & Francis agreement","tf2025finelib"
"University of Jyväskylä",2025,"10.1080/13533312.2025.2481470",TRUE,"FinELib Taylor & Francis agreement","tf2025finelib"
"University of Jyväskylä",2025,"10.1080/13600826.2025.2464580",TRUE,"FinELib Taylor & Francis agreement","tf2025finelib"
"University of Jyväskylä",2025,"10.1080/13642537.2025.2589508",TRUE,"FinELib Taylor & Francis agreement","tf2025finelib"
"University of Jyväskylä",2025,"10.1080/13691457.2025.2518267",TRUE,"FinELib Taylor & Francis agreement","tf2025finelib"
"University of Jyväskylä",2025,"10.1080/1369183X.2025.2551026",TRUE,"FinELib Taylor & Francis agreement","tf2025finelib"
"University of Jyväskylä",2025,"10.1080/1369801X.2025.2529222",TRUE,"FinELib Taylor & Francis agreement","tf2025finelib"
"University of Jyväskylä",2025,"10.1080/13869795.2025.2568524",TRUE,"FinELib Taylor & Francis agreement","tf2025finelib"
"University of Jyväskylä",2025,"10.1080/14409917.2025.2565751",TRUE,"FinELib Taylor & Francis agreement","tf2025finelib"
"University of Jyväskylä",2025,"10.1080/14409917.2025.2565830",TRUE,"FinELib Taylor & Francis agreement","tf2025finelib"
"University of Jyväskylä",2025,"10.1080/14613808.2025.2465233",TRUE,"FinELib Taylor & Francis agreement","tf2025finelib"
"University of Jyväskylä",2025,"10.1080/14643154.2025.2521094",TRUE,"FinELib Taylor & Francis agreement","tf2025finelib"
"University of Jyväskylä",2025,"10.1080/14680777.2025.2528068",TRUE,"FinELib Taylor & Francis agreement","tf2025finelib"
"University of Jyväskylä",2025,"10.1080/14693062.2025.2521486",TRUE,"FinELib Taylor & Francis agreement","tf2025finelib"
"University of Jyväskylä",2025,"10.1080/14780887.2025.2485952",TRUE,"FinELib Taylor & Francis agreement","tf2025finelib"
"University of Jyväskylä",2025,"10.1080/14790718.2025.2591319",TRUE,"FinELib Taylor & Francis agreement","tf2025finelib"
"University of Jyväskylä",2025,"10.1080/15228835.2025.2569458",TRUE,"FinELib Taylor & Francis agreement","tf2025finelib"
"University of Jyväskylä",2025,"10.1080/15348423.2025.2468455",TRUE,"FinELib Taylor & Francis agreement","tf2025finelib"
"University of Jyväskylä",2025,"10.1080/15348458.2025.2539809",TRUE,"FinELib Taylor & Francis agreement","tf2025finelib"
"University of Jyväskylä",2025,"10.1080/15427587.2025.2579264",TRUE,"FinELib Taylor & Francis agreement","tf2025finelib"
"University of Jyväskylä",2025,"10.1080/15434303.2025.2528019",TRUE,"FinELib Taylor & Francis agreement","tf2025finelib"
"University of Jyväskylä",2025,"10.1080/1553118X.2025.2493649",TRUE,"FinELib Taylor & Francis agreement","tf2025finelib"
"University of Jyväskylä",2025,"10.1080/15562948.2025.2528718",TRUE,"FinELib Taylor & Francis agreement","tf2025finelib"
"University of Jyväskylä",2025,"10.1080/17411548.2025.2572121",TRUE,"FinELib Taylor & Francis agreement","tf2025finelib"
"University of Jyväskylä",2025,"10.1080/17430437.2025.2563824",TRUE,"FinELib Taylor & Francis agreement","tf2025finelib"
"University of Jyväskylä",2025,"10.1080/17449359.2025.2485045",TRUE,"FinELib Taylor & Francis agreement","tf2025finelib"
"University of Jyväskylä",2025,"10.1080/17449480.2025.2573916",TRUE,"FinELib Taylor & Francis agreement","tf2025finelib"
"University of Jyväskylä",2025,"10.1080/17457823.2025.2560546",TRUE,"FinELib Taylor & Francis agreement","tf2025finelib"
"University of Jyväskylä",2025,"10.1080/18902138.2025.2480414",TRUE,"FinELib Taylor & Francis agreement","tf2025finelib"
"University of Jyväskylä",2025,"10.1080/19406940.2025.2515168",TRUE,"FinELib Taylor & Francis agreement","tf2025finelib"
"University of Jyväskylä",2025,"10.1080/19415257.2025.2567260",TRUE,"FinELib Taylor & Francis agreement","tf2025finelib"
"University of Jyväskylä",2025,"10.1080/19463014.2025.2546863",TRUE,"FinELib Taylor & Francis agreement","tf2025finelib"
"University of Jyväskylä",2025,"10.1080/2005615X.2025.2553999",TRUE,"FinELib Taylor & Francis agreement","tf2025finelib"
"University of Jyväskylä",2025,"10.1080/21520704.2025.2498391",TRUE,"FinELib Taylor & Francis agreement","tf2025finelib"
"University of Jyväskylä",2025,"10.1080/21568235.2025.2492740",TRUE,"FinELib Taylor & Francis agreement","tf2025finelib"
"University of Jyväskylä",2025,"10.1080/2156857X.2025.2580380",TRUE,"FinELib Taylor & Francis agreement","tf2025finelib"
"University of Jyväskylä",2025,"10.1080/21604851.2025.2529706",TRUE,"FinELib Taylor & Francis agreement","tf2025finelib"
"University of Jyväskylä",2025,"10.1080/23251042.2025.2577765",TRUE,"FinELib Taylor & Francis agreement","tf2025finelib"
"University of Jyväskylä",2025,"10.1080/23328940.2025.2493460",TRUE,"FinELib Taylor & Francis agreement","tf2025finelib"
"University of Jyväskylä",2025,"10.1080/24740500.2024.2485530",TRUE,"FinELib Taylor & Francis agreement","tf2025finelib"
"University of Jyväskylä",2025,"10.1080/24748668.2025.2490867",TRUE,"FinELib Taylor & Francis agreement","tf2025finelib"
"University of Jyväskylä",2025,"10.1080/26408066.2025.2470898",TRUE,"FinELib Taylor & Francis agreement","tf2025finelib"
"University of Jyväskylä",2025,"10.1080/29949769.2025.2525177",TRUE,"FinELib Taylor & Francis agreement","tf2025finelib"
"University of Jyväskylä",2025,"10.1093/aesthj/ayaf013",TRUE,"FinELib OUP agreement","oxf2024finelib"
"University of Jyväskylä",2025,"10.1093/ageing/afaf075",TRUE,"FinELib OUP agreement","oxf2024finelib"
"University of Jyväskylä",2025,"10.1093/analys/anaf030",TRUE,"FinELib OUP agreement","oxf2024finelib"
"University of Jyväskylä",2025,"10.1093/arisup/akaf004",TRUE,"FinELib OUP agreement","oxf2024finelib"
"University of Jyväskylä",2025,"10.1093/biolinnean/blaf036",TRUE,"FinELib OUP agreement","oxf2024finelib"
"University of Jyväskylä",2025,"10.1093/bjsw/bcaf173",TRUE,"FinELib OUP agreement","oxf2024finelib"
"University of Jyväskylä",2025,"10.1093/bjsw/bcaf201",TRUE,"FinELib OUP agreement","oxf2024finelib"
"University of Jyväskylä",2025,"10.1093/cercor/bhaf181",TRUE,"FinELib OUP agreement","oxf2024finelib"
"University of Jyväskylä",2025,"10.1093/cercor/bhaf274",TRUE,"FinELib OUP agreement","oxf2024finelib"
"University of Jyväskylä",2025,"10.1093/evolut/qpaf206",TRUE,"FinELib OUP agreement","oxf2024finelib"
"University of Jyväskylä",2025,"10.1093/gerona/glaf156",TRUE,"FinELib OUP agreement","oxf2024finelib"
"University of Jyväskylä",2025,"10.1093/gerona/glaf162",TRUE,"FinELib OUP agreement","oxf2024finelib"
"University of Jyväskylä",2025,"10.1093/gerona/glaf192",TRUE,"FinELib OUP agreement","oxf2024finelib"
"University of Jyväskylä",2025,"10.1093/jeb/voaf118",TRUE,"FinELib OUP agreement","oxf2024finelib"
"University of Jyväskylä",2025,"10.1093/jopedu/qhaf007",TRUE,"FinELib OUP agreement","oxf2024finelib"
"University of Jyväskylä",2025,"10.1093/jrsssb/qkaf078",TRUE,"FinELib OUP agreement","oxf2024finelib"
"University of Jyväskylä",2025,"10.1107/S1600576725005217",TRUE,"FinELib Wiley agreement","wiley2025finelib"
"University of Jyväskylä",2025,"10.1108/DPM-04-2025-0117",TRUE,"FinELib Emerald agreement","eme2025finelib"
"University of Jyväskylä",2025,"10.1108/ET-02-2024-0070",TRUE,"FinELib Emerald agreement","eme2025finelib"
"University of Jyväskylä",2025,"10.1108/ET-03-2025-0161",TRUE,"FinELib Emerald agreement","eme2025finelib"
"University of Jyväskylä",2025,"10.1108/IJSSP-01-2025-0004",TRUE,"FinELib Emerald agreement","eme2025finelib"
"University of Jyväskylä",2025,"10.1108/ITP-03-2024-0371",TRUE,"FinELib Emerald agreement","eme2025finelib"
"University of Jyväskylä",2025,"10.1108/JCOM-09-2024-0171",TRUE,"FinELib Emerald agreement","eme2025finelib"
"University of Jyväskylä",2025,"10.1108/JEA-11-2024-0384",TRUE,"FinELib Emerald agreement","eme2025finelib"
"University of Jyväskylä",2025,"10.1108/JOE-01-2025-0002",TRUE,"FinELib Emerald agreement","eme2025finelib"
"University of Jyväskylä",2025,"10.1108/JOE-11-2024-0085",TRUE,"FinELib Emerald agreement","eme2025finelib"
"University of Jyväskylä",2025,"10.1108/QROM-06-2025-3054",TRUE,"FinELib Emerald agreement","eme2025finelib"
"University of Jyväskylä",2025,"10.1108/TLO-03-2023-0047",TRUE,"FinELib Emerald agreement","eme2025finelib"
"University of Jyväskylä",2025,"10.1109/ACCESS.2025.3598952",FALSE,"FinELib IEEE agreement","ieee2024finelib"
"University of Jyväskylä",2025,"10.1109/JBHI.2025.3592873",TRUE,"FinELib IEEE agreement","ieee2024finelib"
"University of Jyväskylä",2025,"10.1109/JSAC.2025.3574617",TRUE,"FinELib IEEE agreement","ieee2024finelib"
"University of Jyväskylä",2025,"10.1109/MS.2024.3521992",TRUE,"FinELib IEEE agreement","ieee2024finelib"
"University of Jyväskylä",2025,"10.1109/TCOMM.2025.3581011",TRUE,"FinELib IEEE agreement","ieee2024finelib"
"University of Jyväskylä",2025,"10.1109/TCOMM.2025.3621060",TRUE,"FinELib IEEE agreement","ieee2024finelib"
"University of Jyväskylä",2025,"10.1109/TNS.2025.3531204",TRUE,"FinELib IEEE agreement","ieee2024finelib"
"University of Jyväskylä",2025,"10.1109/TNS.2025.3550609",TRUE,"FinELib IEEE agreement","ieee2024finelib"
"University of Jyväskylä",2025,"10.1109/TWC.2025.3590253",TRUE,"FinELib IEEE agreement","ieee2024finelib"
"University of Jyväskylä",2025,"10.1111/1365-2745.70075",TRUE,"FinELib Wiley agreement","wiley2025finelib"
"University of Jyväskylä",2025,"10.1111/1467-9566.70124",TRUE,"FinELib Wiley agreement","wiley2025finelib"
"University of Jyväskylä",2025,"10.1111/2041-210x.70113",FALSE,"FinELib Wiley agreement","wiley2025finelib"
"University of Jyväskylä",2025,"10.1111/2041-210x.70144",FALSE,"FinELib Wiley agreement","wiley2025finelib"
"University of Jyväskylä",2025,"10.1111/aos.70001",TRUE,"FinELib Wiley agreement","wiley2025finelib"
"University of Jyväskylä",2025,"10.1111/aphw.70016",TRUE,"FinELib Wiley agreement","wiley2025finelib"
"University of Jyväskylä",2025,"10.1111/bjep.12739",TRUE,"FinELib Wiley agreement","wiley2025finelib"
"University of Jyväskylä",2025,"10.1111/bjp.12989",TRUE,"FinELib Wiley agreement","wiley2025finelib"
"University of Jyväskylä",2025,"10.1111/eff.70031",TRUE,"FinELib Wiley agreement","wiley2025finelib"
"University of Jyväskylä",2025,"10.1111/ejn.70264",TRUE,"FinELib Wiley agreement","wiley2025finelib"
"University of Jyväskylä",2025,"10.1111/ele.70281",TRUE,"FinELib Wiley agreement","wiley2025finelib"
"University of Jyväskylä",2025,"10.1111/ele.70298",TRUE,"FinELib Wiley agreement","wiley2025finelib"
"University of Jyväskylä",2025,"10.1111/fare.70014",TRUE,"FinELib Wiley agreement","wiley2025finelib"
"University of Jyväskylä",2025,"10.1111/fare.70042",TRUE,"FinELib Wiley agreement","wiley2025finelib"
"University of Jyväskylä",2025,"10.1111/hequ.70030",TRUE,"FinELib Wiley agreement","wiley2025finelib"
"University of Jyväskylä",2025,"10.1111/ijpo.70048",TRUE,"FinELib Wiley agreement","wiley2025finelib"
"University of Jyväskylä",2025,"10.1111/ijtd.70009",TRUE,"FinELib Wiley agreement","wiley2025finelib"
"University of Jyväskylä",2025,"10.1111/jcal.70068",TRUE,"FinELib Wiley agreement","wiley2025finelib"
"University of Jyväskylä",2025,"10.1111/joes.70010",TRUE,"FinELib Wiley agreement","wiley2025finelib"
"University of Jyväskylä",2025,"10.1111/jomf.70001",TRUE,"FinELib Wiley agreement","wiley2025finelib"
"University of Jyväskylä",2025,"10.1111/joms.13254",TRUE,"FinELib Wiley agreement","wiley2025finelib"
"University of Jyväskylä",2025,"10.1111/mec.17675",TRUE,"FinELib Wiley agreement","wiley2025finelib"
"University of Jyväskylä",2025,"10.1111/rec.70273",TRUE,"FinELib Wiley agreement","wiley2025finelib"
"University of Jyväskylä",2025,"10.1111/scs.70169",TRUE,"FinELib Wiley agreement","wiley2025finelib"
"University of Jyväskylä",2025,"10.1111/sjop.70053",TRUE,"FinELib Wiley agreement","wiley2025finelib"
"University of Jyväskylä",2025,"10.1111/sjop.70064",TRUE,"FinELib Wiley agreement","wiley2025finelib"
"University of Jyväskylä",2025,"10.1111/sms.70042",TRUE,"FinELib Wiley agreement","wiley2025finelib"
"University of Jyväskylä",2025,"10.1111/sms.70084",TRUE,"FinELib Wiley agreement","wiley2025finelib"
"University of Jyväskylä",2025,"10.1111/theo.70034",TRUE,"FinELib Wiley agreement","wiley2025finelib"
"University of Jyväskylä",2025,"10.1112/blms.70238",TRUE,"FinELib Wiley agreement","wiley2025finelib"
"University of Jyväskylä",2025,"10.1112/jlms.70357",TRUE,"FinELib Wiley agreement","wiley2025finelib"
"University of Jyväskylä",2025,"10.1112/plms.70037",TRUE,"FinELib Wiley agreement","wiley2025finelib"
"University of Jyväskylä",2025,"10.1112/plms.70081",TRUE,"FinELib Wiley agreement","wiley2025finelib"
"University of Jyväskylä",2025,"10.1113/JP288104",TRUE,"FinELib Wiley agreement","wiley2025finelib"
"University of Jyväskylä",2025,"10.1140/epja/s10050-024-01481-6",TRUE,"FinELib Springer Compact agreement","sn2024finelib"
"University of Jyväskylä",2025,"10.1140/epja/s10050-025-01744-w",TRUE,"FinELib Springer Compact agreement","sn2024finelib"
"University of Jyväskylä",2025,"10.1140/epja/s10050-025-01745-9",TRUE,"FinELib Springer Compact agreement","sn2024finelib"
"University of Jyväskylä",2025,"10.1145/3641554.3701849",TRUE,"FinELib ACM agreement","acm2025finelib"
"University of Jyväskylä",2025,"10.1145/3672608.3707764",TRUE,"FinELib ACM agreement","acm2025finelib"
"University of Jyväskylä",2025,"10.1145/3672608.3707790",TRUE,"FinELib ACM agreement","acm2025finelib"
"University of Jyväskylä",2025,"10.1145/3672608.3707817",TRUE,"FinELib ACM agreement","acm2025finelib"
"University of Jyväskylä",2025,"10.1145/3696630.3728504",TRUE,"FinELib ACM agreement","acm2025finelib"
"University of Jyväskylä",2025,"10.1145/3706598.3713590",TRUE,"FinELib ACM agreement","acm2025finelib"
"University of Jyväskylä",2025,"10.1145/3712256.3726367",TRUE,"FinELib ACM agreement","acm2025finelib"
"University of Jyväskylä",2025,"10.1145/3721119",TRUE,"FinELib ACM agreement","acm2025finelib"
"University of Jyväskylä",2025,"10.1145/3721120",TRUE,"FinELib ACM agreement","acm2025finelib"
"University of Jyväskylä",2025,"10.1145/3746027.3754854",TRUE,"FinELib ACM agreement","acm2025finelib"
"University of Jyväskylä",2025,"10.1145/3746459",TRUE,"FinELib ACM agreement","acm2025finelib"
"University of Jyväskylä",2025,"10.1145/3757980.3757981",TRUE,"FinELib ACM agreement","acm2025finelib"
"University of Jyväskylä",2025,"10.1145/3770501.3770511",TRUE,"FinELib ACM agreement","acm2025finelib"
"University of Jyväskylä",2025,"10.1177/00018392251355283",TRUE,"FinELib SAGE agreement","sage2025finelib"
"University of Jyväskylä",2025,"10.1177/00113921251347637",TRUE,"FinELib SAGE agreement","sage2025finelib"
"University of Jyväskylä",2025,"10.1177/00218863251347655",TRUE,"FinELib SAGE agreement","sage2025finelib"
"University of Jyväskylä",2025,"10.1177/00220574251349796",TRUE,"FinELib SAGE agreement","sage2025finelib"
"University of Jyväskylä",2025,"10.1177/00323217251367639",TRUE,"FinELib SAGE agreement","sage2025finelib"
"University of Jyväskylä",2025,"10.1177/01171968251393026",TRUE,"FinELib SAGE agreement","sage2025finelib"
"University of Jyväskylä",2025,"10.1177/01466216251348840",TRUE,"FinELib SAGE agreement","sage2025finelib"
"University of Jyväskylä",2025,"10.1177/01650254251368788",TRUE,"FinELib SAGE agreement","sage2025finelib"
"University of Jyväskylä",2025,"10.1177/01650254251382284",TRUE,"FinELib SAGE agreement","sage2025finelib"
"University of Jyväskylä",2025,"10.1177/01914537251324164",TRUE,"FinELib SAGE agreement","sage2025finelib"
"University of Jyväskylä",2025,"10.1177/01987429251363206",TRUE,"FinELib SAGE agreement","sage2025finelib"
"University of Jyväskylä",2025,"10.1177/03057356251322071",TRUE,"FinELib SAGE agreement","sage2025finelib"
"University of Jyväskylä",2025,"10.1177/03085759251322175",TRUE,"FinELib SAGE agreement","sage2025finelib"
"University of Jyväskylä",2025,"10.1177/08982643251395871",TRUE,"FinELib SAGE agreement","sage2025finelib"
"University of Jyväskylä",2025,"10.1177/09075682251346331",TRUE,"FinELib SAGE agreement","sage2025finelib"
"University of Jyväskylä",2025,"10.1177/09632719251326132",TRUE,"FinELib SAGE agreement","sage2025finelib"
"University of Jyväskylä",2025,"10.1177/09632719251415432",TRUE,"FinELib SAGE agreement","sage2025finelib"
"University of Jyväskylä",2025,"10.1177/10242589251315851",TRUE,"FinELib SAGE agreement","sage2025finelib"
"University of Jyväskylä",2025,"10.1177/10242589251316741",TRUE,"FinELib SAGE agreement","sage2025finelib"
"University of Jyväskylä",2025,"10.1177/10464964251331932",TRUE,"FinELib SAGE agreement","sage2025finelib"
"University of Jyväskylä",2025,"10.1177/1069031X251404843",TRUE,"FinELib SAGE agreement","sage2025finelib"
"University of Jyväskylä",2025,"10.1177/10690727251414369",TRUE,"FinELib SAGE agreement","sage2025finelib"
"University of Jyväskylä",2025,"10.1177/10860266251385501",TRUE,"FinELib SAGE agreement","sage2025finelib"
"University of Jyväskylä",2025,"10.1177/13505076251384645",TRUE,"FinELib SAGE agreement","sage2025finelib"
"University of Jyväskylä",2025,"10.1177/1356336X251348397",TRUE,"FinELib SAGE agreement","sage2025finelib"
"University of Jyväskylä",2025,"10.1177/13654802251404259",TRUE,"FinELib SAGE agreement","sage2025finelib"
"University of Jyväskylä",2025,"10.1177/14614448251385087",TRUE,"FinELib SAGE agreement","sage2025finelib"
"University of Jyväskylä",2025,"10.1177/14639491251361273",TRUE,"FinELib SAGE agreement","sage2025finelib"
"University of Jyväskylä",2025,"10.1177/14639491251372645",TRUE,"FinELib SAGE agreement","sage2025finelib"
"University of Jyväskylä",2025,"10.1177/14639491251409089",TRUE,"FinELib SAGE agreement","sage2025finelib"
"University of Jyväskylä",2025,"10.1177/14648849251352833",TRUE,"FinELib SAGE agreement","sage2025finelib"
"University of Jyväskylä",2025,"10.1177/14680173251336105",TRUE,"FinELib SAGE agreement","sage2025finelib"
"University of Jyväskylä",2025,"10.1177/14703572251390770",TRUE,"FinELib SAGE agreement","sage2025finelib"
"University of Jyväskylä",2025,"10.1177/14749041251359707",TRUE,"FinELib SAGE agreement","sage2025finelib"
"University of Jyväskylä",2025,"10.1177/14749041251409843",TRUE,"FinELib SAGE agreement","sage2025finelib"
"University of Jyväskylä",2025,"10.1177/14757257251359742",TRUE,"FinELib SAGE agreement","sage2025finelib"
"University of Jyväskylä",2025,"10.1177/16094069251385444",FALSE,"FinELib SAGE agreement","sage2025finelib"
"University of Jyväskylä",2025,"10.1177/17479541251346731",TRUE,"FinELib SAGE agreement","sage2025finelib"
"University of Jyväskylä",2025,"10.1177/17550882251375660",TRUE,"FinELib SAGE agreement","sage2025finelib"
"University of Jyväskylä",2025,"10.1177/18333583251343681",TRUE,"FinELib SAGE agreement","sage2025finelib"
"University of Jyväskylä",2025,"10.1177/20501579251348098",TRUE,"FinELib SAGE agreement","sage2025finelib"
"University of Jyväskylä",2025,"10.1177/20501579251400198",TRUE,"FinELib SAGE agreement","sage2025finelib"
"University of Jyväskylä",2025,"10.1177/21632324251364985",TRUE,"FinELib SAGE agreement","sage2025finelib"
"University of Jyväskylä",2025,"10.1177/23294884251342524",TRUE,"FinELib SAGE agreement","sage2025finelib"
"University of Jyväskylä",2025,"10.14814/phy2.70296",FALSE,"FinELib Wiley agreement","wiley2025finelib"
"University of Jyväskylä",2025,"10.14814/phy2.70591",FALSE,"FinELib Wiley agreement","wiley2025finelib"
"University of Jyväskylä",2025,"10.14814/phy2.70707",FALSE,"FinELib Wiley agreement","wiley2025finelib"
"University of Jyväskylä",2025,"10.21136/am.2025.0142-25",TRUE,"FinELib Springer Compact agreement","sn2024finelib"
"University of Jyväskylä",2025,"10.3758/s13421-025-01789-8",TRUE,"FinELib Springer Compact agreement","sn2024finelib"
"University of Jyväskylä",2025,"10.3758/s13421-025-01816-8",TRUE,"FinELib Springer Compact agreement","sn2024finelib"
"University of Lapland",2025,"10.1007/s10055-025-01196-z",TRUE,"FinELib Springer Compact agreement","sn2024finelib"
"University of Lapland",2025,"10.1007/s10113-024-02357-7",FALSE,"FinELib Springer Compact agreement","sn2024finelib"
"University of Lapland",2025,"10.1007/s11196-025-10325-5",TRUE,"FinELib Springer Compact agreement","sn2024finelib"
"University of Lapland",2025,"10.1007/s11196-025-10349-x",FALSE,"FinELib Springer Compact agreement","sn2024finelib"
"University of Lapland",2025,"10.1007/s11423-025-10490-1",TRUE,"FinELib Springer Compact agreement","sn2024finelib"
"University of Lapland",2025,"10.1007/s41042-025-00235-z",TRUE,"FinELib Springer Compact agreement","sn2024finelib"
"University of Lapland",2025,"10.1016/j.annals.2025.104031",TRUE,"FinELib Elsevier agreement","els2024finelib"
"University of Lapland",2025,"10.1016/j.exis.2025.101795",TRUE,"FinELib Elsevier agreement","els2024finelib"
"University of Lapland",2025,"10.1016/j.futures.2025.103706",TRUE,"FinELib Elsevier agreement","els2024finelib"
"University of Lapland",2025,"10.1016/j.geoforum.2025.104417",TRUE,"FinELib Elsevier agreement","els2024finelib"
"University of Lapland",2025,"10.1016/j.jrurstud.2025.103968",TRUE,"FinELib Elsevier agreement","els2024finelib"
"University of Lapland",2025,"10.1016/j.lcsi.2025.100947",TRUE,"FinELib Elsevier agreement","els2024finelib"
"University of Lapland",2025,"10.1016/j.polgeo.2025.103460",TRUE,"FinELib Elsevier agreement","els2024finelib"
"University of Lapland",2025,"10.1016/j.quascirev.2025.109595",TRUE,"FinELib Elsevier agreement","els2024finelib"
"University of Lapland",2025,"10.1017/S0260210524000846",TRUE,"FinELib CUP agreement","cam2024finelib"
"University of Lapland",2025,"10.1017/S0260210525100879",TRUE,"FinELib CUP agreement","cam2024finelib"
"University of Lapland",2025,"10.1017/S1743923X25000133",TRUE,"FinELib CUP agreement","cam2024finelib"
"University of Lapland",2025,"10.1029/2025PA005324",TRUE,"FinELib Wiley agreement","wiley2025finelib"
"University of Lapland",2025,"10.1057/s41289-025-00279-2",TRUE,"FinELib Springer Compact agreement","sn2024finelib"
"University of Lapland",2025,"10.1080/00043125.2025.2515246",TRUE,"FinELib Taylor & Francis agreement","tf2025finelib"
"University of Lapland",2025,"10.1080/11745398.2025.2510988",TRUE,"FinELib Taylor & Francis agreement","tf2025finelib"
"University of Lapland",2025,"10.1080/13504630.2025.2485071",TRUE,"FinELib Taylor & Francis agreement","tf2025finelib"
"University of Lapland",2025,"10.1080/14616688.2025.2593978",TRUE,"FinELib Taylor & Francis agreement","tf2025finelib"
"University of Lapland",2025,"10.1080/14729679.2025.2566478",TRUE,"FinELib Taylor & Francis agreement","tf2025finelib"
"University of Lapland",2025,"10.1080/15022250.2025.2474750",TRUE,"FinELib Taylor & Francis agreement","tf2025finelib"
"University of Lapland",2025,"10.1080/15470148.2025.2460463",TRUE,"FinELib Taylor & Francis agreement","tf2025finelib"
"University of Lapland",2025,"10.1080/17441048.2025.2479264",TRUE,"FinELib Taylor & Francis agreement","tf2025finelib"
"University of Lapland",2025,"10.1080/17441048.2025.2524929",TRUE,"FinELib Taylor & Francis agreement","tf2025finelib"
"University of Lapland",2025,"10.1080/19376529.2025.2460834",TRUE,"FinELib Taylor & Francis agreement","tf2025finelib"
"University of Lapland",2025,"10.1080/2154896X.2025.2565959",TRUE,"FinELib Taylor & Francis agreement","tf2025finelib"
"University of Lapland",2025,"10.1080/2156857X.2025.2478839",TRUE,"FinELib Taylor & Francis agreement","tf2025finelib"
"University of Lapland",2025,"10.1080/2156857X.2025.2577327",TRUE,"FinELib Taylor & Francis agreement","tf2025finelib"
"University of Lapland",2025,"10.1080/28375300.2025.2533679",TRUE,"FinELib Taylor & Francis agreement","tf2025finelib"
"University of Lapland",2025,"10.1093/grurint/ikaf104",TRUE,"FinELib OUP agreement","oxf2024finelib"
"University of Lapland",2025,"10.1093/ips/olaf045",TRUE,"FinELib OUP agreement","oxf2024finelib"
"University of Lapland",2025,"10.1093/yiel/yvaf006",TRUE,"FinELib OUP agreement","oxf2024finelib"
"University of Lapland",2025,"10.1093/yiel/yvaf021",TRUE,"FinELib OUP agreement","oxf2024finelib"
"University of Lapland",2025,"10.1108/AIA-05-2025-0050",TRUE,"FinELib Emerald agreement","eme2025finelib"
"University of Lapland",2025,"10.1108/IJSHE-03-2025-0204",TRUE,"FinELib Emerald agreement","eme2025finelib"
"University of Lapland",2025,"10.1108/JHOM-01-2025-0054",TRUE,"FinELib Emerald agreement","eme2025finelib"
"University of Lapland",2025,"10.1108/JHOM-06-2025-0309",TRUE,"FinELib Emerald agreement","eme2025finelib"
"University of Lapland",2025,"10.1108/JOPP-12-2024-0131",TRUE,"FinELib Emerald agreement","eme2025finelib"
"University of Lapland",2025,"10.1145/3714394.3750568",TRUE,"FinELib ACM agreement","acm2025finelib"
"University of Lapland",2025,"10.1145/3714394.3756166",TRUE,"FinELib ACM agreement","acm2025finelib"
"University of Lapland",2025,"10.1145/3757980.3757996",TRUE,"FinELib ACM agreement","acm2025finelib"
"University of Lapland",2025,"10.1145/3757980.3758009",TRUE,"FinELib ACM agreement","acm2025finelib"
"University of Lapland",2025,"10.1145/3771882.3771886",TRUE,"FinELib ACM agreement","acm2025finelib"
"University of Lapland",2025,"10.1177/00108367251372837",TRUE,"FinELib SAGE agreement","sage2025finelib"
"University of Lapland",2025,"10.1177/00108367251377603",TRUE,"FinELib SAGE agreement","sage2025finelib"
"University of Lapland",2025,"10.1177/01622439251401608",TRUE,"FinELib SAGE agreement","sage2025finelib"
"University of Lapland",2025,"10.1177/09734082251341043",TRUE,"FinELib SAGE agreement","sage2025finelib"
"University of Lapland",2025,"10.1177/13505084251401172",TRUE,"FinELib SAGE agreement","sage2025finelib"
"University of Lapland",2025,"10.1177/14740222251342646",TRUE,"FinELib SAGE agreement","sage2025finelib"
"University of Lapland",2025,"10.1177/17438721251330732",TRUE,"FinELib SAGE agreement","sage2025finelib"
"University of Lapland",2025,"10.1177/21582440251329756",FALSE,"FinELib SAGE agreement","sage2025finelib"
"University of Lapland",2025,"10.1177/29768829251325810",TRUE,"FinELib SAGE agreement","sage2025finelib"
"University of Oulu",2025,"10.1002/2211-5463.70080",FALSE,"FinELib Wiley agreement","wiley2025finelib"
"University of Oulu",2025,"10.1002/advs.202505011",FALSE,"FinELib Wiley agreement","wiley2025finelib"
"University of Oulu",2025,"10.1002/advs.202505761",FALSE,"FinELib Wiley agreement","wiley2025finelib"
"University of Oulu",2025,"10.1002/aesr.202500123",FALSE,"FinELib Wiley agreement","wiley2025finelib"
"University of Oulu",2025,"10.1002/anie.202505975",TRUE,"FinELib Wiley agreement","wiley2025finelib"
"University of Oulu",2025,"10.1002/ar.70072",TRUE,"FinELib Wiley agreement","wiley2025finelib"
"University of Oulu",2025,"10.1002/batt.202500545",TRUE,"FinELib Wiley agreement","wiley2025finelib"
"University of Oulu",2025,"10.1002/bbb.70007",TRUE,"FinELib Wiley agreement","wiley2025finelib"
"University of Oulu",2025,"10.1002/bbb.70034",TRUE,"FinELib Wiley agreement","wiley2025finelib"
"University of Oulu",2025,"10.1002/bcp.70180",TRUE,"FinELib Wiley agreement","wiley2025finelib"
"University of Oulu",2025,"10.1002/celc.202500195",FALSE,"FinELib Wiley agreement","wiley2025finelib"
"University of Oulu",2025,"10.1002/clc.70057",FALSE,"FinELib Wiley agreement","wiley2025finelib"
"University of Oulu",2025,"10.1002/cmtd.202500079",FALSE,"FinELib Wiley agreement","wiley2025finelib"
"University of Oulu",2025,"10.1002/cssc.202502104",TRUE,"FinELib Wiley agreement","wiley2025finelib"
"University of Oulu",2025,"10.1002/ece3.71905",FALSE,"FinELib Wiley agreement","wiley2025finelib"
"University of Oulu",2025,"10.1002/ece3.72288",FALSE,"FinELib Wiley agreement","wiley2025finelib"
"University of Oulu",2025,"10.1002/ecog.07921",FALSE,"FinELib Wiley agreement","wiley2025finelib"
"University of Oulu",2025,"10.1002/ejic.202500292",TRUE,"FinELib Wiley agreement","wiley2025finelib"
"University of Oulu",2025,"10.1002/ejp.70197",TRUE,"FinELib Wiley agreement","wiley2025finelib"
"University of Oulu",2025,"10.1002/hsr2.70697",FALSE,"FinELib Wiley agreement","wiley2025finelib"
"University of Oulu",2025,"10.1002/hyp.70277",TRUE,"FinELib Wiley agreement","wiley2025finelib"
"University of Oulu",2025,"10.1002/jcu.70086",TRUE,"FinELib Wiley agreement","wiley2025finelib"
"University of Oulu",2025,"10.1002/jtr.70082",TRUE,"FinELib Wiley agreement","wiley2025finelib"
"University of Oulu",2025,"10.1002/jtr.70139",TRUE,"FinELib Wiley agreement","wiley2025finelib"
"University of Oulu",2025,"10.1002/jtr.70145",TRUE,"FinELib Wiley agreement","wiley2025finelib"
"University of Oulu",2025,"10.1002/kpm.1802",TRUE,"FinELib Wiley agreement","wiley2025finelib"
"University of Oulu",2025,"10.1002/mds.30210",TRUE,"FinELib Wiley agreement","wiley2025finelib"
"University of Oulu",2025,"10.1002/mrc.70057",TRUE,"FinELib Wiley agreement","wiley2025finelib"
"University of Oulu",2025,"10.1002/msc.70169",TRUE,"FinELib Wiley agreement","wiley2025finelib"
"University of Oulu",2025,"10.1002/nbm.70083",TRUE,"FinELib Wiley agreement","wiley2025finelib"
"University of Oulu",2025,"10.1002/nbm.70092",TRUE,"FinELib Wiley agreement","wiley2025finelib"
"University of Oulu",2025,"10.1002/nur.70004",TRUE,"FinELib Wiley agreement","wiley2025finelib"
"University of Oulu",2025,"10.1002/oik.11562",TRUE,"FinELib Wiley agreement","wiley2025finelib"
"University of Oulu",2025,"10.1002/path.6392",TRUE,"FinELib Wiley agreement","wiley2025finelib"
"University of Oulu",2025,"10.1002/prot.26839",TRUE,"FinELib Wiley agreement","wiley2025finelib"
"University of Oulu",2025,"10.1002/sd.3324",TRUE,"FinELib Wiley agreement","wiley2025finelib"
"University of Oulu",2025,"10.1002/smll.202409157",TRUE,"FinELib Wiley agreement","wiley2025finelib"
"University of Oulu",2025,"10.1002/smll.202503956",TRUE,"FinELib Wiley agreement","wiley2025finelib"
"University of Oulu",2025,"10.1002/srin.202500248",TRUE,"FinELib Wiley agreement","wiley2025finelib"
"University of Oulu",2025,"10.1002/srin.202500645",TRUE,"FinELib Wiley agreement","wiley2025finelib"
"University of Oulu",2025,"10.1002/wlb3.01570",FALSE,"FinELib Wiley agreement","wiley2025finelib"
"University of Oulu",2025,"10.1007/s00109-025-02525-0",TRUE,"FinELib Springer Compact agreement","sn2024finelib"
"University of Oulu",2025,"10.1007/s00125-025-06573-6",TRUE,"FinELib Springer Compact agreement","sn2024finelib"
"University of Oulu",2025,"10.1007/s00125-025-06613-1",TRUE,"FinELib Springer Compact agreement","sn2024finelib"
"University of Oulu",2025,"10.1007/s00127-025-02983-4",TRUE,"FinELib Springer Compact agreement","sn2024finelib"
"University of Oulu",2025,"10.1007/s00192-025-06047-8",TRUE,"FinELib Springer Compact agreement","sn2024finelib"
"University of Oulu",2025,"10.1007/s00220-025-05354-x",TRUE,"FinELib Springer Compact agreement","sn2024finelib"
"University of Oulu",2025,"10.1007/s00262-025-03964-x",TRUE,"FinELib Springer Compact agreement","sn2024finelib"
"University of Oulu",2025,"10.1007/s00264-025-06429-z",TRUE,"FinELib Springer Compact agreement","sn2024finelib"
"University of Oulu",2025,"10.1007/s00264-025-06637-7",TRUE,"FinELib Springer Compact agreement","sn2024finelib"
"University of Oulu",2025,"10.1007/s00265-025-03659-4",TRUE,"FinELib Springer Compact agreement","sn2024finelib"
"University of Oulu",2025,"10.1007/s00277-025-06609-2",TRUE,"FinELib Springer Compact agreement","sn2024finelib"
"University of Oulu",2025,"10.1007/s00414-025-03550-x",TRUE,"FinELib Springer Compact agreement","sn2024finelib"
"University of Oulu",2025,"10.1007/s00414-025-03553-8",TRUE,"FinELib Springer Compact agreement","sn2024finelib"
"University of Oulu",2025,"10.1007/s00421-025-06032-5",TRUE,"FinELib Springer Compact agreement","sn2024finelib"
"University of Oulu",2025,"10.1007/s00428-025-04327-8",TRUE,"FinELib Springer Compact agreement","sn2024finelib"
"University of Oulu",2025,"10.1007/s00603-025-04683-6",TRUE,"FinELib Springer Compact agreement","sn2024finelib"
"University of Oulu",2025,"10.1007/s00603-025-05009-2",TRUE,"FinELib Springer Compact agreement","sn2024finelib"
"University of Oulu",2025,"10.1007/s00607-025-01432-z",TRUE,"FinELib Springer Compact agreement","sn2024finelib"
"University of Oulu",2025,"10.1007/s00607-025-01454-7",TRUE,"FinELib Springer Compact agreement","sn2024finelib"
"University of Oulu",2025,"10.1007/s00779-025-01847-7",TRUE,"FinELib Springer Compact agreement","sn2024finelib"
"University of Oulu",2025,"10.1007/s00787-025-02800-y",TRUE,"FinELib Springer Compact agreement","sn2024finelib"
"University of Oulu",2025,"10.1007/s00787-025-02842-2",TRUE,"FinELib Springer Compact agreement","sn2024finelib"
"University of Oulu",2025,"10.1007/s10043-025-00980-1",TRUE,"FinELib Springer Compact agreement","sn2024finelib"
"University of Oulu",2025,"10.1007/s10055-025-01245-7",TRUE,"FinELib Springer Compact agreement","sn2024finelib"
"University of Oulu",2025,"10.1007/s10198-025-01780-9",TRUE,"FinELib Springer Compact agreement","sn2024finelib"
"University of Oulu",2025,"10.1007/s10207-025-01026-y",TRUE,"FinELib Springer Compact agreement","sn2024finelib"
"University of Oulu",2025,"10.1007/s10212-025-01020-x",TRUE,"FinELib Springer Compact agreement","sn2024finelib"
"University of Oulu",2025,"10.1007/s10212-025-01036-3",TRUE,"FinELib Springer Compact agreement","sn2024finelib"
"University of Oulu",2025,"10.1007/s10311-025-01886-9",TRUE,"FinELib Springer Compact agreement","sn2024finelib"
"University of Oulu",2025,"10.1007/s10344-025-01919-2",TRUE,"FinELib Springer Compact agreement","sn2024finelib"
"University of Oulu",2025,"10.1007/s10346-025-02603-x",TRUE,"FinELib Springer Compact agreement","sn2024finelib"
"University of Oulu",2025,"10.1007/s10433-025-00860-2",TRUE,"FinELib Springer Compact agreement","sn2024finelib"
"University of Oulu",2025,"10.1007/s10439-025-03811-1",TRUE,"FinELib Springer Compact agreement","sn2024finelib"
"University of Oulu",2025,"10.1007/s10462-025-11338-z",TRUE,"FinELib Springer Compact agreement","sn2024finelib"
"University of Oulu",2025,"10.1007/s10543-025-01064-x",TRUE,"FinELib Springer Compact agreement","sn2024finelib"
"University of Oulu",2025,"10.1007/s10549-025-07634-5",TRUE,"FinELib Springer Compact agreement","sn2024finelib"
"University of Oulu",2025,"10.1007/s10570-025-06818-y",TRUE,"FinELib Springer Compact agreement","sn2024finelib"
"University of Oulu",2025,"10.1007/s10583-025-09630-1",TRUE,"FinELib Springer Compact agreement","sn2024finelib"
"University of Oulu",2025,"10.1007/s10584-025-03942-3",TRUE,"FinELib Springer Compact agreement","sn2024finelib"
"University of Oulu",2025,"10.1007/s10586-025-05636-y",TRUE,"FinELib Springer Compact agreement","sn2024finelib"
"University of Oulu",2025,"10.1007/s10611-025-10233-6",TRUE,"FinELib Springer Compact agreement","sn2024finelib"
"University of Oulu",2025,"10.1007/s10639-025-13486-9",TRUE,"FinELib Springer Compact agreement","sn2024finelib"
"University of Oulu",2025,"10.1007/s10639-025-13790-4",TRUE,"FinELib Springer Compact agreement","sn2024finelib"
"University of Oulu",2025,"10.1007/s10648-025-10036-0",TRUE,"FinELib Springer Compact agreement","sn2024finelib"
"University of Oulu",2025,"10.1007/s10664-025-10673-7",FALSE,"FinELib Springer Compact agreement","sn2024finelib"
"University of Oulu",2025,"10.1007/s10664-025-10696-0",TRUE,"FinELib Springer Compact agreement","sn2024finelib"
"University of Oulu",2025,"10.1007/s10712-025-09880-0",TRUE,"FinELib Springer Compact agreement","sn2024finelib"
"University of Oulu",2025,"10.1007/s10712-025-09914-7",TRUE,"FinELib Springer Compact agreement","sn2024finelib"
"University of Oulu",2025,"10.1007/s10746-025-09795-0",TRUE,"FinELib Springer Compact agreement","sn2024finelib"
"University of Oulu",2025,"10.1007/s10746-025-09805-1",TRUE,"FinELib Springer Compact agreement","sn2024finelib"
"University of Oulu",2025,"10.1007/s10750-025-05866-6",TRUE,"FinELib Springer Compact agreement","sn2024finelib"
"University of Oulu",2025,"10.1007/s10758-025-09846-6",TRUE,"FinELib Springer Compact agreement","sn2024finelib"
"University of Oulu",2025,"10.1007/s10791-025-09655-6",TRUE,"FinELib Springer Compact agreement","sn2024finelib"
"University of Oulu",2025,"10.1007/s10791-025-09684-1",FALSE,"FinELib Springer Compact agreement","sn2024finelib"
"University of Oulu",2025,"10.1007/s10791-025-09691-2",TRUE,"FinELib Springer Compact agreement","sn2024finelib"
"University of Oulu",2025,"10.1007/s10791-025-09695-y",TRUE,"FinELib Springer Compact agreement","sn2024finelib"
"University of Oulu",2025,"10.1007/s10791-025-09791-z",TRUE,"FinELib Springer Compact agreement","sn2024finelib"
"University of Oulu",2025,"10.1007/s10875-025-01867-1",TRUE,"FinELib Springer Compact agreement","sn2024finelib"
"University of Oulu",2025,"10.1007/s10916-025-02304-x",TRUE,"FinELib Springer Compact agreement","sn2024finelib"
"University of Oulu",2025,"10.1007/s10980-025-02212-y",TRUE,"FinELib Springer Compact agreement","sn2024finelib"
"University of Oulu",2025,"10.1007/s10989-025-10717-y",TRUE,"FinELib Springer Compact agreement","sn2024finelib"
"University of Oulu",2025,"10.1007/s11082-025-08110-6",TRUE,"FinELib Springer Compact agreement","sn2024finelib"
"University of Oulu",2025,"10.1007/s11101-025-10191-w",TRUE,"FinELib Springer Compact agreement","sn2024finelib"
"University of Oulu",2025,"10.1007/s11207-025-02518-9",TRUE,"FinELib Springer Compact agreement","sn2024finelib"
"University of Oulu",2025,"10.1007/s11219-025-09730-7",TRUE,"FinELib Springer Compact agreement","sn2024finelib"
"University of Oulu",2025,"10.1007/s11220-025-00561-1",TRUE,"FinELib Springer Compact agreement","sn2024finelib"
"University of Oulu",2025,"10.1007/s11227-025-07694-w",TRUE,"FinELib Springer Compact agreement","sn2024finelib"
"University of Oulu",2025,"10.1007/s11412-024-09442-3",TRUE,"FinELib Springer Compact agreement","sn2024finelib"
"University of Oulu",2025,"10.1007/s11457-025-09466-2",TRUE,"FinELib Springer Compact agreement","sn2024finelib"
"University of Oulu",2025,"10.1007/s11633-025-1566-0",TRUE,"FinELib Springer Compact agreement","sn2024finelib"
"University of Oulu",2025,"10.1007/s11663-025-03552-5",TRUE,"FinELib Springer Compact agreement","sn2024finelib"
"University of Oulu",2025,"10.1007/s11663-025-03588-7",TRUE,"FinELib Springer Compact agreement","sn2024finelib"
"University of Oulu",2025,"10.1007/s11663-025-03610-y",TRUE,"FinELib Springer Compact agreement","sn2024finelib"
"University of Oulu",2025,"10.1007/s11663-025-03725-2",TRUE,"FinELib Springer Compact agreement","sn2024finelib"
"University of Oulu",2025,"10.1007/s11663-025-03745-y",TRUE,"FinELib Springer Compact agreement","sn2024finelib"
"University of Oulu",2025,"10.1007/s11701-025-02921-1",TRUE,"FinELib Springer Compact agreement","sn2024finelib"
"University of Oulu",2025,"10.1007/s12144-025-07662-w",TRUE,"FinELib Springer Compact agreement","sn2024finelib"
"University of Oulu",2025,"10.1007/s12145-025-01950-6",TRUE,"FinELib Springer Compact agreement","sn2024finelib"
"University of Oulu",2025,"10.1007/s12520-025-02198-3",FALSE,"FinELib Springer Compact agreement","sn2024finelib"
"University of Oulu",2025,"10.1007/s12649-025-02943-8",TRUE,"FinELib Springer Compact agreement","sn2024finelib"
"University of Oulu",2025,"10.1007/s12663-025-02651-9",TRUE,"FinELib Springer Compact agreement","sn2024finelib"
"University of Oulu",2025,"10.1007/s13278-025-01534-8",TRUE,"FinELib Springer Compact agreement","sn2024finelib"
"University of Oulu",2025,"10.1007/s13534-025-00508-1",TRUE,"FinELib Springer Compact agreement","sn2024finelib"
"University of Oulu",2025,"10.1007/s15010-025-02621-w",TRUE,"FinELib Springer Compact agreement","sn2024finelib"
"University of Oulu",2025,"10.1007/s40618-025-02661-x",TRUE,"FinELib Springer Compact agreement","sn2024finelib"
"University of Oulu",2025,"10.1007/s40831-025-01200-5",TRUE,"FinELib Springer Compact agreement","sn2024finelib"
"University of Oulu",2025,"10.1007/s40831-025-01261-6",TRUE,"FinELib Springer Compact agreement","sn2024finelib"
"University of Oulu",2025,"10.1007/s40831-025-01343-5",TRUE,"FinELib Springer Compact agreement","sn2024finelib"
"University of Oulu",2025,"10.1007/s40899-025-01266-9",FALSE,"FinELib Springer Compact agreement","sn2024finelib"
"University of Oulu",2025,"10.1007/s40974-025-00385-5",TRUE,"FinELib Springer Compact agreement","sn2024finelib"
"University of Oulu",2025,"10.1007/s41693-025-00166-w",TRUE,"FinELib Springer Compact agreement","sn2024finelib"
"University of Oulu",2025,"10.1007/s41748-025-00714-y",TRUE,"FinELib Springer Compact agreement","sn2024finelib"
"University of Oulu",2025,"10.1007/s42461-025-01216-1",TRUE,"FinELib Springer Compact agreement","sn2024finelib"
"University of Oulu",2025,"10.1007/s42461-025-01341-x",TRUE,"FinELib Springer Compact agreement","sn2024finelib"
"University of Oulu",2025,"10.1007/s44206-025-00201-x",TRUE,"FinELib Springer Compact agreement","sn2024finelib"
"University of Oulu",2025,"10.1016/j.aca.2025.345022",TRUE,"FinELib Elsevier agreement","els2024finelib"
"University of Oulu",2025,"10.1016/j.actamat.2025.121042",TRUE,"FinELib Elsevier agreement","els2024finelib"
"University of Oulu",2025,"10.1016/j.agwat.2025.109427",FALSE,"FinELib Elsevier agreement","els2024finelib"
"University of Oulu",2025,"10.1016/j.agwat.2025.109751",FALSE,"FinELib Elsevier agreement","els2024finelib"
"University of Oulu",2025,"10.1016/j.annals.2025.103958",TRUE,"FinELib Elsevier agreement","els2024finelib"
"University of Oulu",2025,"10.1016/j.annals.2025.104056",TRUE,"FinELib Elsevier agreement","els2024finelib"
"University of Oulu",2025,"10.1016/j.annals.2025.104076",TRUE,"FinELib Elsevier agreement","els2024finelib"
"University of Oulu",2025,"10.1016/j.annepidem.2025.09.011",TRUE,"FinELib Elsevier agreement","els2024finelib"
"University of Oulu",2025,"10.1016/j.asd.2025.101438",TRUE,"FinELib Elsevier agreement","els2024finelib"
"University of Oulu",2025,"10.1016/j.autneu.2025.103255",TRUE,"FinELib Elsevier agreement","els2024finelib"
"University of Oulu",2025,"10.1016/j.bbamcr.2025.120021",TRUE,"FinELib Elsevier agreement","els2024finelib"
"University of Oulu",2025,"10.1016/j.bbrc.2025.151960",TRUE,"FinELib Elsevier agreement","els2024finelib"
"University of Oulu",2025,"10.1016/j.bbrc.2025.152402",TRUE,"FinELib Elsevier agreement","els2024finelib"
"University of Oulu",2025,"10.1016/j.biocon.2025.110970",TRUE,"FinELib Elsevier agreement","els2024finelib"
"University of Oulu",2025,"10.1016/j.biocon.2025.111662",TRUE,"FinELib Elsevier agreement","els2024finelib"
"University of Oulu",2025,"10.1016/j.biombioe.2025.108848",TRUE,"FinELib Elsevier agreement","els2024finelib"
"University of Oulu",2025,"10.1016/j.biortech.2025.132319",TRUE,"FinELib Elsevier agreement","els2024finelib"
"University of Oulu",2025,"10.1016/j.bone.2025.117597",TRUE,"FinELib Elsevier agreement","els2024finelib"
"University of Oulu",2025,"10.1016/j.bpj.2025.08.026",TRUE,"FinELib Elsevier agreement","els2024finelib"
"University of Oulu",2025,"10.1016/j.bushor.2025.08.002",TRUE,"FinELib Elsevier agreement","els2024finelib"
"University of Oulu",2025,"10.1016/j.canep.2025.102783",TRUE,"FinELib Elsevier agreement","els2024finelib"
"University of Oulu",2025,"10.1016/j.carbpol.2025.123873",TRUE,"FinELib Elsevier agreement","els2024finelib"
"University of Oulu",2025,"10.1016/j.carpath.2025.107725",TRUE,"FinELib Elsevier agreement","els2024finelib"
"University of Oulu",2025,"10.1016/j.catena.2025.109203",TRUE,"FinELib Elsevier agreement","els2024finelib"
"University of Oulu",2025,"10.1016/j.cej.2025.165887",TRUE,"FinELib Elsevier agreement","els2024finelib"
"University of Oulu",2025,"10.1016/j.cej.2025.166865",TRUE,"FinELib Elsevier agreement","els2024finelib"
"University of Oulu",2025,"10.1016/j.cej.2025.167008",TRUE,"FinELib Elsevier agreement","els2024finelib"
"University of Oulu",2025,"10.1016/j.cej.2025.167496",TRUE,"FinELib Elsevier agreement","els2024finelib"
"University of Oulu",2025,"10.1016/j.cej.2025.169036",TRUE,"FinELib Elsevier agreement","els2024finelib"
"University of Oulu",2025,"10.1016/j.cej.2025.169316",TRUE,"FinELib Elsevier agreement","els2024finelib"
"University of Oulu",2025,"10.1016/j.cej.2025.170874",TRUE,"FinELib Elsevier agreement","els2024finelib"
"University of Oulu",2025,"10.1016/j.cemconcomp.2025.106021",TRUE,"FinELib Elsevier agreement","els2024finelib"
"University of Oulu",2025,"10.1016/j.cemconcomp.2025.106153",TRUE,"FinELib Elsevier agreement","els2024finelib"
"University of Oulu",2025,"10.1016/j.cemconcomp.2025.106376",TRUE,"FinELib Elsevier agreement","els2024finelib"
"University of Oulu",2025,"10.1016/j.cemconres.2025.107902",TRUE,"FinELib Elsevier agreement","els2024finelib"
"University of Oulu",2025,"10.1016/j.cemconres.2025.107963",TRUE,"FinELib Elsevier agreement","els2024finelib"
"University of Oulu",2025,"10.1016/j.ceramint.2025.04.065",TRUE,"FinELib Elsevier agreement","els2024finelib"
"University of Oulu",2025,"10.1016/j.ceramint.2025.11.364",TRUE,"FinELib Elsevier agreement","els2024finelib"
"University of Oulu",2025,"10.1016/j.ces.2025.122567",TRUE,"FinELib Elsevier agreement","els2024finelib"
"University of Oulu",2025,"10.1016/j.chemosphere.2025.144350",TRUE,"FinELib Elsevier agreement","els2024finelib"
"University of Oulu",2025,"10.1016/j.clay.2025.108085",TRUE,"FinELib Elsevier agreement","els2024finelib"
"University of Oulu",2025,"10.1016/j.clineuro.2025.108863",TRUE,"FinELib Elsevier agreement","els2024finelib"
"University of Oulu",2025,"10.1016/j.clineuro.2025.108962",TRUE,"FinELib Elsevier agreement","els2024finelib"
"University of Oulu",2025,"10.1016/j.comnet.2025.111548",TRUE,"FinELib Elsevier agreement","els2024finelib"
"University of Oulu",2025,"10.1016/j.compedu.2025.105485",TRUE,"FinELib Elsevier agreement","els2024finelib"
"University of Oulu",2025,"10.1016/j.compedu.2025.105532",TRUE,"FinELib Elsevier agreement","els2024finelib"
"University of Oulu",2025,"10.1016/j.compositesb.2025.113256",TRUE,"FinELib Elsevier agreement","els2024finelib"
"University of Oulu",2025,"10.1016/j.dental.2025.10.002",TRUE,"FinELib Elsevier agreement","els2024finelib"
"University of Oulu",2025,"10.1016/j.earlhumdev.2025.106227",TRUE,"FinELib Elsevier agreement","els2024finelib"
"University of Oulu",2025,"10.1016/j.eatbeh.2025.102016",TRUE,"FinELib Elsevier agreement","els2024finelib"
"University of Oulu",2025,"10.1016/j.ecoleng.2025.107711",TRUE,"FinELib Elsevier agreement","els2024finelib"
"University of Oulu",2025,"10.1016/j.ecoleng.2025.107849",TRUE,"FinELib Elsevier agreement","els2024finelib"
"University of Oulu",2025,"10.1016/j.ecolind.2025.113116",FALSE,"FinELib Elsevier agreement","els2024finelib"
"University of Oulu",2025,"10.1016/j.econmod.2025.107111",TRUE,"FinELib Elsevier agreement","els2024finelib"
"University of Oulu",2025,"10.1016/j.ejmech.2025.118111",TRUE,"FinELib Elsevier agreement","els2024finelib"
"University of Oulu",2025,"10.1016/j.ejrad.2025.112245",TRUE,"FinELib Elsevier agreement","els2024finelib"
"University of Oulu",2025,"10.1016/j.ejso.2025.109682",TRUE,"FinELib Elsevier agreement","els2024finelib"
"University of Oulu",2025,"10.1016/j.emj.2025.03.004",TRUE,"FinELib Elsevier agreement","els2024finelib"
"University of Oulu",2025,"10.1016/j.enbuild.2025.116413",TRUE,"FinELib Elsevier agreement","els2024finelib"
"University of Oulu",2025,"10.1016/j.enbuild.2025.116787",TRUE,"FinELib Elsevier agreement","els2024finelib"
"University of Oulu",2025,"10.1016/j.energy.2025.135626",TRUE,"FinELib Elsevier agreement","els2024finelib"
"University of Oulu",2025,"10.1016/j.engfracmech.2025.111376",TRUE,"FinELib Elsevier agreement","els2024finelib"
"University of Oulu",2025,"10.1016/j.engfracmech.2025.111381",TRUE,"FinELib Elsevier agreement","els2024finelib"
"University of Oulu",2025,"10.1016/j.engfracmech.2025.111692",TRUE,"FinELib Elsevier agreement","els2024finelib"
"University of Oulu",2025,"10.1016/j.entcom.2025.100952",TRUE,"FinELib Elsevier agreement","els2024finelib"
"University of Oulu",2025,"10.1016/j.envdev.2025.101379",TRUE,"FinELib Elsevier agreement","els2024finelib"
"University of Oulu",2025,"10.1016/j.envres.2025.120774",TRUE,"FinELib Elsevier agreement","els2024finelib"
"University of Oulu",2025,"10.1016/j.envres.2025.121146",TRUE,"FinELib Elsevier agreement","els2024finelib"
"University of Oulu",2025,"10.1016/j.envres.2025.122443",TRUE,"FinELib Elsevier agreement","els2024finelib"
"University of Oulu",2025,"10.1016/j.envres.2025.123164",TRUE,"FinELib Elsevier agreement","els2024finelib"
"University of Oulu",2025,"10.1016/j.envsci.2025.104073",TRUE,"FinELib Elsevier agreement","els2024finelib"
"University of Oulu",2025,"10.1016/j.envsci.2025.104173",TRUE,"FinELib Elsevier agreement","els2024finelib"
"University of Oulu",2025,"10.1016/j.envsoft.2025.106695",TRUE,"FinELib Elsevier agreement","els2024finelib"
"University of Oulu",2025,"10.1016/j.epsl.2025.119383",TRUE,"FinELib Elsevier agreement","els2024finelib"
"University of Oulu",2025,"10.1016/j.est.2025.116519",TRUE,"FinELib Elsevier agreement","els2024finelib"
"University of Oulu",2025,"10.1016/j.est.2025.119200",TRUE,"FinELib Elsevier agreement","els2024finelib"
"University of Oulu",2025,"10.1016/j.eswa.2025.126726",TRUE,"FinELib Elsevier agreement","els2024finelib"
"University of Oulu",2025,"10.1016/j.etap.2025.104644",TRUE,"FinELib Elsevier agreement","els2024finelib"
"University of Oulu",2025,"10.1016/j.etap.2025.104679",TRUE,"FinELib Elsevier agreement","els2024finelib"
"University of Oulu",2025,"10.1016/j.eti.2025.104148",FALSE,"FinELib Elsevier agreement","els2024finelib"
"University of Oulu",2025,"10.1016/j.fertnstert.2025.01.004",TRUE,"FinELib Elsevier agreement","els2024finelib"
"University of Oulu",2025,"10.1016/j.fertnstert.2025.09.014",TRUE,"FinELib Elsevier agreement","els2024finelib"
"University of Oulu",2025,"10.1016/j.forpol.2025.103572",TRUE,"FinELib Elsevier agreement","els2024finelib"
"University of Oulu",2025,"10.1016/j.geoderma.2025.117304",FALSE,"FinELib Elsevier agreement","els2024finelib"
"University of Oulu",2025,"10.1016/j.hrthm.2025.06.040",TRUE,"FinELib Elsevier agreement","els2024finelib"
"University of Oulu",2025,"10.1016/j.humpath.2025.105772",TRUE,"FinELib Elsevier agreement","els2024finelib"
"University of Oulu",2025,"10.1016/j.humpath.2025.105937",TRUE,"FinELib Elsevier agreement","els2024finelib"
"University of Oulu",2025,"10.1016/j.hydromet.2025.106475",TRUE,"FinELib Elsevier agreement","els2024finelib"
"University of Oulu",2025,"10.1016/j.ifacsc.2025.100327",TRUE,"FinELib Elsevier agreement","els2024finelib"
"University of Oulu",2025,"10.1016/j.ijedudev.2025.103317",TRUE,"FinELib Elsevier agreement","els2024finelib"
"University of Oulu",2025,"10.1016/j.ijer.2025.102685",TRUE,"FinELib Elsevier agreement","els2024finelib"
"University of Oulu",2025,"10.1016/j.ijer.2025.102691",TRUE,"FinELib Elsevier agreement","els2024finelib"
"University of Oulu",2025,"10.1016/j.ijhm.2025.104105",TRUE,"FinELib Elsevier agreement","els2024finelib"
"University of Oulu",2025,"10.1016/j.ijhydene.2025.151284",TRUE,"FinELib Elsevier agreement","els2024finelib"
"University of Oulu",2025,"10.1016/j.ijhydene.2025.151340",TRUE,"FinELib Elsevier agreement","els2024finelib"
"University of Oulu",2025,"10.1016/j.ijhydene.2025.152942",TRUE,"FinELib Elsevier agreement","els2024finelib"
"University of Oulu",2025,"10.1016/j.ijmedinf.2025.105795",TRUE,"FinELib Elsevier agreement","els2024finelib"
"University of Oulu",2025,"10.1016/j.ijplas.2025.104406",TRUE,"FinELib Elsevier agreement","els2024finelib"
"University of Oulu",2025,"10.1016/j.ijrmms.2025.106032",TRUE,"FinELib Elsevier agreement","els2024finelib"
"University of Oulu",2025,"10.1016/j.ijrmms.2025.106114",TRUE,"FinELib Elsevier agreement","els2024finelib"
"University of Oulu",2025,"10.1016/j.ijsolstr.2025.113524",TRUE,"FinELib Elsevier agreement","els2024finelib"
"University of Oulu",2025,"10.1016/j.inffus.2025.103397",TRUE,"FinELib Elsevier agreement","els2024finelib"
"University of Oulu",2025,"10.1016/j.inoche.2025.114013",TRUE,"FinELib Elsevier agreement","els2024finelib"
"University of Oulu",2025,"10.1016/j.inoche.2025.114424",TRUE,"FinELib Elsevier agreement","els2024finelib"
"University of Oulu",2025,"10.1016/j.inoche.2025.115699",TRUE,"FinELib Elsevier agreement","els2024finelib"
"University of Oulu",2025,"10.1016/j.inoche.2025.116062",TRUE,"FinELib Elsevier agreement","els2024finelib"
"University of Oulu",2025,"10.1016/j.jaa.2025.101678",TRUE,"FinELib Elsevier agreement","els2024finelib"
"University of Oulu",2025,"10.1016/j.jas.2025.106298",TRUE,"FinELib Elsevier agreement","els2024finelib"
"University of Oulu",2025,"10.1016/j.jastp.2025.106653",TRUE,"FinELib Elsevier agreement","els2024finelib"
"University of Oulu",2025,"10.1016/j.jclepro.2025.145976",TRUE,"FinELib Elsevier agreement","els2024finelib"
"University of Oulu",2025,"10.1016/j.jclepro.2025.146456",TRUE,"FinELib Elsevier agreement","els2024finelib"
"University of Oulu",2025,"10.1016/j.jclinepi.2025.111978",TRUE,"FinELib Elsevier agreement","els2024finelib"
"University of Oulu",2025,"10.1016/j.jcomdis.2025.106591",TRUE,"FinELib Elsevier agreement","els2024finelib"
"University of Oulu",2025,"10.1016/j.jcou.2025.103194",FALSE,"FinELib Elsevier agreement","els2024finelib"
"University of Oulu",2025,"10.1016/j.jct.2025.107491",TRUE,"FinELib Elsevier agreement","els2024finelib"
"University of Oulu",2025,"10.1016/j.jece.2025.115346",TRUE,"FinELib Elsevier agreement","els2024finelib"
"University of Oulu",2025,"10.1016/j.jece.2025.116035",TRUE,"FinELib Elsevier agreement","els2024finelib"
"University of Oulu",2025,"10.1016/j.jece.2025.117206",TRUE,"FinELib Elsevier agreement","els2024finelib"
"University of Oulu",2025,"10.1016/j.jece.2025.117323",TRUE,"FinELib Elsevier agreement","els2024finelib"
"University of Oulu",2025,"10.1016/j.jece.2025.118081",TRUE,"FinELib Elsevier agreement","els2024finelib"
"University of Oulu",2025,"10.1016/j.jenvman.2025.126423",TRUE,"FinELib Elsevier agreement","els2024finelib"
"University of Oulu",2025,"10.1016/j.jenvman.2025.127600",TRUE,"FinELib Elsevier agreement","els2024finelib"
"University of Oulu",2025,"10.1016/j.jhin.2025.04.040",TRUE,"FinELib Elsevier agreement","els2024finelib"
"University of Oulu",2025,"10.1016/j.jhydrol.2025.133633",TRUE,"FinELib Elsevier agreement","els2024finelib"
"University of Oulu",2025,"10.1016/j.jhydrol.2025.134264",TRUE,"FinELib Elsevier agreement","els2024finelib"
"University of Oulu",2025,"10.1016/j.jhydrol.2025.134461",TRUE,"FinELib Elsevier agreement","els2024finelib"
"University of Oulu",2025,"10.1016/j.jisa.2025.104138",TRUE,"FinELib Elsevier agreement","els2024finelib"
"University of Oulu",2025,"10.1016/j.jmsy.2025.03.018",TRUE,"FinELib Elsevier agreement","els2024finelib"
"University of Oulu",2025,"10.1016/j.jobe.2025.112384",TRUE,"FinELib Elsevier agreement","els2024finelib"
"University of Oulu",2025,"10.1016/j.joca.2025.04.008",TRUE,"FinELib Elsevier agreement","els2024finelib"
"University of Oulu",2025,"10.1016/j.jopan.2025.11.007",TRUE,"FinELib Elsevier agreement","els2024finelib"
"University of Oulu",2025,"10.1016/j.jpowsour.2025.236879",TRUE,"FinELib Elsevier agreement","els2024finelib"
"University of Oulu",2025,"10.1016/j.jpowsour.2025.237019",TRUE,"FinELib Elsevier agreement","els2024finelib"
"University of Oulu",2025,"10.1016/j.jpsychires.2025.05.044",TRUE,"FinELib Elsevier agreement","els2024finelib"
"University of Oulu",2025,"10.1016/j.jpsychores.2025.112172",TRUE,"FinELib Elsevier agreement","els2024finelib"
"University of Oulu",2025,"10.1016/j.jss.2025.112391",TRUE,"FinELib Elsevier agreement","els2024finelib"
"University of Oulu",2025,"10.1016/j.jss.2025.112545",TRUE,"FinELib Elsevier agreement","els2024finelib"
"University of Oulu",2025,"10.1016/j.jss.2025.112607",TRUE,"FinELib Elsevier agreement","els2024finelib"
"University of Oulu",2025,"10.1016/j.jss.2025.112625",TRUE,"FinELib Elsevier agreement","els2024finelib"
"University of Oulu",2025,"10.1016/j.jss.2025.112662",TRUE,"FinELib Elsevier agreement","els2024finelib"
"University of Oulu",2025,"10.1016/j.jss.2025.112671",TRUE,"FinELib Elsevier agreement","els2024finelib"
"University of Oulu",2025,"10.1016/j.jtrangeo.2025.104326",TRUE,"FinELib Elsevier agreement","els2024finelib"
"University of Oulu",2025,"10.1016/j.labinv.2025.104213",TRUE,"FinELib Elsevier agreement","els2024finelib"
"University of Oulu",2025,"10.1016/j.learninstruc.2025.102188",TRUE,"FinELib Elsevier agreement","els2024finelib"
"University of Oulu",2025,"10.1016/j.lingua.2025.103947",TRUE,"FinELib Elsevier agreement","els2024finelib"
"University of Oulu",2025,"10.1016/j.lisr.2025.101355",TRUE,"FinELib Elsevier agreement","els2024finelib"
"University of Oulu",2025,"10.1016/j.lrp.2025.102499",TRUE,"FinELib Elsevier agreement","els2024finelib"
"University of Oulu",2025,"10.1016/j.mar.2025.100925",TRUE,"FinELib Elsevier agreement","els2024finelib"
"University of Oulu",2025,"10.1016/j.matbio.2025.03.002",TRUE,"FinELib Elsevier agreement","els2024finelib"
"University of Oulu",2025,"10.1016/j.matbio.2025.07.002",TRUE,"FinELib Elsevier agreement","els2024finelib"
"University of Oulu",2025,"10.1016/j.matbio.2025.09.005",TRUE,"FinELib Elsevier agreement","els2024finelib"
"University of Oulu",2025,"10.1016/j.micromeso.2025.113894",TRUE,"FinELib Elsevier agreement","els2024finelib"
"University of Oulu",2025,"10.1016/j.mimet.2025.107330",TRUE,"FinELib Elsevier agreement","els2024finelib"
"University of Oulu",2025,"10.1016/j.mineng.2025.109326",TRUE,"FinELib Elsevier agreement","els2024finelib"
"University of Oulu",2025,"10.1016/j.mineng.2025.109372",TRUE,"FinELib Elsevier agreement","els2024finelib"
"University of Oulu",2025,"10.1016/j.mineng.2025.109396",TRUE,"FinELib Elsevier agreement","els2024finelib"
"University of Oulu",2025,"10.1016/j.mineng.2025.109548",TRUE,"FinELib Elsevier agreement","els2024finelib"
"University of Oulu",2025,"10.1016/j.mineng.2025.109678",TRUE,"FinELib Elsevier agreement","els2024finelib"
"University of Oulu",2025,"10.1016/j.mineng.2025.109849",TRUE,"FinELib Elsevier agreement","els2024finelib"
"University of Oulu",2025,"10.1016/j.mineng.2025.109859",TRUE,"FinELib Elsevier agreement","els2024finelib"
"University of Oulu",2025,"10.1016/j.mito.2025.102007",TRUE,"FinELib Elsevier agreement","els2024finelib"
"University of Oulu",2025,"10.1016/j.molliq.2025.128291",TRUE,"FinELib Elsevier agreement","els2024finelib"
"University of Oulu",2025,"10.1016/j.molpha.2025.100019",TRUE,"FinELib Elsevier agreement","els2024finelib"
"University of Oulu",2025,"10.1016/j.msard.2025.106342",TRUE,"FinELib Elsevier agreement","els2024finelib"
"University of Oulu",2025,"10.1016/j.msard.2025.106379",TRUE,"FinELib Elsevier agreement","els2024finelib"
"University of Oulu",2025,"10.1016/j.msea.2025.147868",TRUE,"FinELib Elsevier agreement","els2024finelib"
"University of Oulu",2025,"10.1016/j.msea.2025.148708",TRUE,"FinELib Elsevier agreement","els2024finelib"
"University of Oulu",2025,"10.1016/j.msea.2025.148723",TRUE,"FinELib Elsevier agreement","els2024finelib"
"University of Oulu",2025,"10.1016/j.mtcomm.2025.112420",FALSE,"FinELib Elsevier agreement","els2024finelib"
"University of Oulu",2025,"10.1016/j.nedt.2025.106600",TRUE,"FinELib Elsevier agreement","els2024finelib"
"University of Oulu",2025,"10.1016/j.nedt.2025.106678",TRUE,"FinELib Elsevier agreement","els2024finelib"
"University of Oulu",2025,"10.1016/j.nedt.2025.106756",TRUE,"FinELib Elsevier agreement","els2024finelib"
"University of Oulu",2025,"10.1016/j.nedt.2025.106838",TRUE,"FinELib Elsevier agreement","els2024finelib"
"University of Oulu",2025,"10.1016/j.parkreldis.2025.107943",TRUE,"FinELib Elsevier agreement","els2024finelib"
"University of Oulu",2025,"10.1016/j.pec.2025.109357",TRUE,"FinELib Elsevier agreement","els2024finelib"
"University of Oulu",2025,"10.1016/j.pedhc.2025.04.009",TRUE,"FinELib Elsevier agreement","els2024finelib"
"University of Oulu",2025,"10.1016/j.pmn.2025.04.011",TRUE,"FinELib Elsevier agreement","els2024finelib"
"University of Oulu",2025,"10.1016/j.psep.2025.107503",TRUE,"FinELib Elsevier agreement","els2024finelib"
"University of Oulu",2025,"10.1016/j.psychres.2025.116606",TRUE,"FinELib Elsevier agreement","els2024finelib"
"University of Oulu",2025,"10.1016/j.psychres.2025.116867",TRUE,"FinELib Elsevier agreement","els2024finelib"
"University of Oulu",2025,"10.1016/j.psyneuen.2025.107725",TRUE,"FinELib Elsevier agreement","els2024finelib"
"University of Oulu",2025,"10.1016/j.pursup.2025.101085",TRUE,"FinELib Elsevier agreement","els2024finelib"
"University of Oulu",2025,"10.1016/j.quaint.2025.109953",TRUE,"FinELib Elsevier agreement","els2024finelib"
"University of Oulu",2025,"10.1016/j.quaint.2025.110055",TRUE,"FinELib Elsevier agreement","els2024finelib"
"University of Oulu",2025,"10.1016/j.ref.2025.100798",TRUE,"FinELib Elsevier agreement","els2024finelib"
"University of Oulu",2025,"10.1016/j.renene.2025.122357",TRUE,"FinELib Elsevier agreement","els2024finelib"
"University of Oulu",2025,"10.1016/j.renene.2025.124441",TRUE,"FinELib Elsevier agreement","els2024finelib"
"University of Oulu",2025,"10.1016/j.rser.2025.115966",TRUE,"FinELib Elsevier agreement","els2024finelib"
"University of Oulu",2025,"10.1016/j.saa.2025.126206",TRUE,"FinELib Elsevier agreement","els2024finelib"
"University of Oulu",2025,"10.1016/j.saa.2025.127357",TRUE,"FinELib Elsevier agreement","els2024finelib"
"University of Oulu",2025,"10.1016/j.scitotenv.2025.179830",TRUE,"FinELib Elsevier agreement","els2024finelib"
"University of Oulu",2025,"10.1016/j.scitotenv.2025.180089",TRUE,"FinELib Elsevier agreement","els2024finelib"
"University of Oulu",2025,"10.1016/j.scp.2025.102151",TRUE,"FinELib Elsevier agreement","els2024finelib"
"University of Oulu",2025,"10.1016/j.scriptamat.2025.116636",TRUE,"FinELib Elsevier agreement","els2024finelib"
"University of Oulu",2025,"10.1016/j.seppur.2025.133992",TRUE,"FinELib Elsevier agreement","els2024finelib"
"University of Oulu",2025,"10.1016/j.seppur.2025.134478",TRUE,"FinELib Elsevier agreement","els2024finelib"
"University of Oulu",2025,"10.1016/j.solidstatesciences.2025.108061",TRUE,"FinELib Elsevier agreement","els2024finelib"
"University of Oulu",2025,"10.1016/j.still.2025.106452",TRUE,"FinELib Elsevier agreement","els2024finelib"
"University of Oulu",2025,"10.1016/j.str.2025.12.015",TRUE,"FinELib Elsevier agreement","els2024finelib"
"University of Oulu",2025,"10.1016/j.surfin.2025.106643",TRUE,"FinELib Elsevier agreement","els2024finelib"
"University of Oulu",2025,"10.1016/j.surfin.2025.108370",TRUE,"FinELib Elsevier agreement","els2024finelib"
"University of Oulu",2025,"10.1016/j.susc.2025.122816",TRUE,"FinELib Elsevier agreement","els2024finelib"
"University of Oulu",2025,"10.1016/j.suscom.2025.101132",TRUE,"FinELib Elsevier agreement","els2024finelib"
"University of Oulu",2025,"10.1016/j.tafmec.2025.105192",TRUE,"FinELib Elsevier agreement","els2024finelib"
"University of Oulu",2025,"10.1016/j.tate.2025.105330",TRUE,"FinELib Elsevier agreement","els2024finelib"
"University of Oulu",2025,"10.1016/j.tca.2025.179952",TRUE,"FinELib Elsevier agreement","els2024finelib"
"University of Oulu",2025,"10.1016/j.tca.2025.180208",TRUE,"FinELib Elsevier agreement","els2024finelib"
"University of Oulu",2025,"10.1016/j.technovation.2025.103231",TRUE,"FinELib Elsevier agreement","els2024finelib"
"University of Oulu",2025,"10.1016/j.techsoc.2025.102824",TRUE,"FinELib Elsevier agreement","els2024finelib"
"University of Oulu",2025,"10.1016/j.ultsonch.2025.107318",FALSE,"FinELib Elsevier agreement","els2024finelib"
"University of Oulu",2025,"10.1016/j.wneu.2025.123843",FALSE,"FinELib Elsevier agreement","els2024finelib"
"University of Oulu",2025,"10.1016/j.wneu.2025.124161",FALSE,"FinELib Elsevier agreement","els2024finelib"
"University of Oulu",2025,"10.1016/j.ymssp.2025.113220",TRUE,"FinELib Elsevier agreement","els2024finelib"
"University of Oulu",2025,"10.1017/eaa.2024.54",TRUE,"FinELib CUP agreement","cam2024finelib"
"University of Oulu",2025,"10.1017/ehs.2025.10024",FALSE,"FinELib CUP agreement","cam2024finelib"
"University of Oulu",2025,"10.1017/mdh.2025.10019",TRUE,"FinELib CUP agreement","cam2024finelib"
"University of Oulu",2025,"10.1017/pds.2025.10344",FALSE,"FinELib CUP agreement","cam2024finelib"
"University of Oulu",2025,"10.1017/S0033291724003520",FALSE,"FinELib CUP agreement","cam2024finelib"
"University of Oulu",2025,"10.1017/S0033291724003568",FALSE,"FinELib CUP agreement","cam2024finelib"
"University of Oulu",2025,"10.1017/S003329172500073X",FALSE,"FinELib CUP agreement","cam2024finelib"
"University of Oulu",2025,"10.1017/S0033291725102584",FALSE,"FinELib CUP agreement","cam2024finelib"
"University of Oulu",2025,"10.1017/S0305000925000054",FALSE,"FinELib CUP agreement","cam2024finelib"
"University of Oulu",2025,"10.1017/S0959774325100280",FALSE,"FinELib CUP agreement","cam2024finelib"
"University of Oulu",2025,"10.1017/S1463423625100625",FALSE,"FinELib CUP agreement","cam2024finelib"
"University of Oulu",2025,"10.1017/S1759078725101827",TRUE,"FinELib CUP agreement","cam2024finelib"
"University of Oulu",2025,"10.1029/2024JA033625",TRUE,"FinELib Wiley agreement","wiley2025finelib"
"University of Oulu",2025,"10.1029/2024JG008705",TRUE,"FinELib Wiley agreement","wiley2025finelib"
"University of Oulu",2025,"10.1029/2024SW004074",FALSE,"FinELib Wiley agreement","wiley2025finelib"
"University of Oulu",2025,"10.1029/2024SW004157",FALSE,"FinELib Wiley agreement","wiley2025finelib"
"University of Oulu",2025,"10.1029/2025JA033805",TRUE,"FinELib Wiley agreement","wiley2025finelib"
"University of Oulu",2025,"10.1029/2025JA034125",TRUE,"FinELib Wiley agreement","wiley2025finelib"
"University of Oulu",2025,"10.1029/2025JA034253",TRUE,"FinELib Wiley agreement","wiley2025finelib"
"University of Oulu",2025,"10.1029/2025JA034401",TRUE,"FinELib Wiley agreement","wiley2025finelib"
"University of Oulu",2025,"10.1029/2025JA034422",TRUE,"FinELib Wiley agreement","wiley2025finelib"
"University of Oulu",2025,"10.1029/2025JA034562",TRUE,"FinELib Wiley agreement","wiley2025finelib"
"University of Oulu",2025,"10.1038/s41366-025-01714-8",FALSE,"FinELib Springer Compact agreement","sn2024finelib"
"University of Oulu",2025,"10.1038/s41366-025-01742-4",TRUE,"FinELib Springer Compact agreement","sn2024finelib"
"University of Oulu",2025,"10.1038/s41366-025-01753-1",TRUE,"FinELib Springer Compact agreement","sn2024finelib"
"University of Oulu",2025,"10.1038/s41366-025-01895-2",TRUE,"FinELib Springer Compact agreement","sn2024finelib"
"University of Oulu",2025,"10.1038/s41390-025-04246-z",TRUE,"FinELib Springer Compact agreement","sn2024finelib"
"University of Oulu",2025,"10.1038/s41416-025-02960-3",TRUE,"FinELib Springer Compact agreement","sn2024finelib"
"University of Oulu",2025,"10.1038/s41416-025-02972-z",TRUE,"FinELib Springer Compact agreement","sn2024finelib"
"University of Oulu",2025,"10.1038/s41586-025-08783-9",TRUE,"FinELib Nature Research agreement","sn2025finelib"
"University of Oulu",2025,"10.1039/D4CP04790G",TRUE,"FinELib RSC agreement","rsc2024finelib"
"University of Oulu",2025,"10.1039/D4LC00824C",TRUE,"FinELib RSC agreement","rsc2024finelib"
"University of Oulu",2025,"10.1039/D4NR04251D",TRUE,"FinELib RSC agreement","rsc2024finelib"
"University of Oulu",2025,"10.1039/D4NR04694C",TRUE,"FinELib RSC agreement","rsc2024finelib"
"University of Oulu",2025,"10.1039/D5CC00528K",TRUE,"FinELib RSC agreement","rsc2024finelib"
"University of Oulu",2025,"10.1039/D5CP00415B",TRUE,"FinELib RSC agreement","rsc2024finelib"
"University of Oulu",2025,"10.1039/D5CP00984G",TRUE,"FinELib RSC agreement","rsc2024finelib"
"University of Oulu",2025,"10.1039/D5CP01372K",TRUE,"FinELib RSC agreement","rsc2024finelib"
"University of Oulu",2025,"10.1039/D5CP01418B",TRUE,"FinELib RSC agreement","rsc2024finelib"
"University of Oulu",2025,"10.1039/D5CP01484K",TRUE,"FinELib RSC agreement","rsc2024finelib"
"University of Oulu",2025,"10.1039/D5CP02024G",TRUE,"FinELib RSC agreement","rsc2024finelib"
"University of Oulu",2025,"10.1039/D5CP02069G",TRUE,"FinELib RSC agreement","rsc2024finelib"
"University of Oulu",2025,"10.1039/D5CP02544C",TRUE,"FinELib RSC agreement","rsc2024finelib"
"University of Oulu",2025,"10.1039/D5CP03347K",TRUE,"FinELib RSC agreement","rsc2024finelib"
"University of Oulu",2025,"10.1039/D5LF00184F",FALSE,"FinELib RSC agreement","rsc2024finelib"
"University of Oulu",2025,"10.1039/D5MA00554J",FALSE,"FinELib RSC agreement","rsc2024finelib"
"University of Oulu",2025,"10.1039/D5MA00732A",FALSE,"FinELib RSC agreement","rsc2024finelib"
"University of Oulu",2025,"10.1039/D5NR04125B",TRUE,"FinELib RSC agreement","rsc2024finelib"
"University of Oulu",2025,"10.1039/D5RA04089B",FALSE,"FinELib RSC agreement","rsc2024finelib"
"University of Oulu",2025,"10.1039/D5SE00052A",TRUE,"FinELib RSC agreement","rsc2024finelib"
"University of Oulu",2025,"10.1039/D5SE00663E",TRUE,"FinELib RSC agreement","rsc2024finelib"
"University of Oulu",2025,"10.1039/D5SU00824G",FALSE,"FinELib RSC agreement","rsc2024finelib"
"University of Oulu",2025,"10.1039/D5TA02291F",TRUE,"FinELib RSC agreement","rsc2024finelib"
"University of Oulu",2025,"10.1039/D5TA07316B",TRUE,"FinELib RSC agreement","rsc2024finelib"
"University of Oulu",2025,"10.1049/ote2.70012",FALSE,"FinELib Wiley agreement","wiley2025finelib"
"University of Oulu",2025,"10.1049/rsn2.70064",FALSE,"FinELib Wiley agreement","wiley2025finelib"
"University of Oulu",2025,"10.1053/j.jvca.2025.04.030",TRUE,"FinELib Elsevier agreement","els2024finelib"
"University of Oulu",2025,"10.1080/00207721.2025.2568717",TRUE,"FinELib Taylor & Francis agreement","tf2025finelib"
"University of Oulu",2025,"10.1080/00293652.2025.2587608",TRUE,"FinELib Taylor & Francis agreement","tf2025finelib"
"University of Oulu",2025,"10.1080/00313831.2025.2516448",TRUE,"FinELib Taylor & Francis agreement","tf2025finelib"
"University of Oulu",2025,"10.1080/01419870.2025.2531300",TRUE,"FinELib Taylor & Francis agreement","tf2025finelib"
"University of Oulu",2025,"10.1080/02607476.2025.2557204",TRUE,"FinELib Taylor & Francis agreement","tf2025finelib"
"University of Oulu",2025,"10.1080/02619768.2025.2495002",TRUE,"FinELib Taylor & Francis agreement","tf2025finelib"
"University of Oulu",2025,"10.1080/02619768.2025.2535623",TRUE,"FinELib Taylor & Francis agreement","tf2025finelib"
"University of Oulu",2025,"10.1080/02680513.2025.2492657",TRUE,"FinELib Taylor & Francis agreement","tf2025finelib"
"University of Oulu",2025,"10.1080/03008207.2025.2520319",TRUE,"FinELib Taylor & Francis agreement","tf2025finelib"
"University of Oulu",2025,"10.1080/03008207.2025.2541291",TRUE,"FinELib Taylor & Francis agreement","tf2025finelib"
"University of Oulu",2025,"10.1080/03468755.2025.2529286",TRUE,"FinELib Taylor & Francis agreement","tf2025finelib"
"University of Oulu",2025,"10.1080/03468755.2025.2569889",TRUE,"FinELib Taylor & Francis agreement","tf2025finelib"
"University of Oulu",2025,"10.1080/03601277.2025.2519756",TRUE,"FinELib Taylor & Francis agreement","tf2025finelib"
"University of Oulu",2025,"10.1080/07053436.2025.2474281",TRUE,"FinELib Taylor & Francis agreement","tf2025finelib"
"University of Oulu",2025,"10.1080/07853890.2025.2476729",TRUE,"FinELib Taylor & Francis agreement","tf2025finelib"
"University of Oulu",2025,"10.1080/07853890.2025.2495763",TRUE,"FinELib Taylor & Francis agreement","tf2025finelib"
"University of Oulu",2025,"10.1080/07853890.2025.2530218",TRUE,"FinELib Taylor & Francis agreement","tf2025finelib"
"University of Oulu",2025,"10.1080/07900627.2025.2571894",TRUE,"FinELib Taylor & Francis agreement","tf2025finelib"
"University of Oulu",2025,"10.1080/08003831.2025.2570019",TRUE,"FinELib Taylor & Francis agreement","tf2025finelib"
"University of Oulu",2025,"10.1080/0803706X.2025.2518194",TRUE,"FinELib Taylor & Francis agreement","tf2025finelib"
"University of Oulu",2025,"10.1080/08856257.2025.2549567",TRUE,"FinELib Taylor & Francis agreement","tf2025finelib"
"University of Oulu",2025,"10.1080/08856257.2025.2553594",TRUE,"FinELib Taylor & Francis agreement","tf2025finelib"
"University of Oulu",2025,"10.1080/08870446.2025.2587629",TRUE,"FinELib Taylor & Francis agreement","tf2025finelib"
"University of Oulu",2025,"10.1080/08985626.2025.2515287",TRUE,"FinELib Taylor & Francis agreement","tf2025finelib"
"University of Oulu",2025,"10.1080/09500693.2025.2504642",TRUE,"FinELib Taylor & Francis agreement","tf2025finelib"
"University of Oulu",2025,"10.1080/09575146.2025.2486994",TRUE,"FinELib Taylor & Francis agreement","tf2025finelib"
"University of Oulu",2025,"10.1080/09593330.2025.2516052",TRUE,"FinELib Taylor & Francis agreement","tf2025finelib"
"University of Oulu",2025,"10.1080/0960085X.2025.2568655",TRUE,"FinELib Taylor & Francis agreement","tf2025finelib"
"University of Oulu",2025,"10.1080/09654313.2025.2473380",TRUE,"FinELib Taylor & Francis agreement","tf2025finelib"
"University of Oulu",2025,"10.1080/09669582.2025.2491702",TRUE,"FinELib Taylor & Francis agreement","tf2025finelib"
"University of Oulu",2025,"10.1080/09672559.2025.2564981",TRUE,"FinELib Taylor & Francis agreement","tf2025finelib"
"University of Oulu",2025,"10.1080/09699082.2026.2583641",TRUE,"FinELib Taylor & Francis agreement","tf2025finelib"
"University of Oulu",2025,"10.1080/10447318.2025.2480885",TRUE,"FinELib Taylor & Francis agreement","tf2025finelib"
"University of Oulu",2025,"10.1080/10564934.2025.2547918",TRUE,"FinELib Taylor & Francis agreement","tf2025finelib"
"University of Oulu",2025,"10.1080/10803548.2025.2484901",TRUE,"FinELib Taylor & Francis agreement","tf2025finelib"
"University of Oulu",2025,"10.1080/10926755.2025.2549322",TRUE,"FinELib Taylor & Francis agreement","tf2025finelib"
"University of Oulu",2025,"10.1080/1350293X.2025.2480809",TRUE,"FinELib Taylor & Francis agreement","tf2025finelib"
"University of Oulu",2025,"10.1080/13504622.2025.2475150",TRUE,"FinELib Taylor & Francis agreement","tf2025finelib"
"University of Oulu",2025,"10.1080/13504622.2025.2538031",TRUE,"FinELib Taylor & Francis agreement","tf2025finelib"
"University of Oulu",2025,"10.1080/13504851.2025.2563048",TRUE,"FinELib Taylor & Francis agreement","tf2025finelib"
"University of Oulu",2025,"10.1080/13537903.2025.2455264",TRUE,"FinELib Taylor & Francis agreement","tf2025finelib"
"University of Oulu",2025,"10.1080/13603116.2025.2509799",TRUE,"FinELib Taylor & Francis agreement","tf2025finelib"
"University of Oulu",2025,"10.1080/13683500.2025.2563790",TRUE,"FinELib Taylor & Francis agreement","tf2025finelib"
"University of Oulu",2025,"10.1080/13683500.2025.2590594",TRUE,"FinELib Taylor & Francis agreement","tf2025finelib"
"University of Oulu",2025,"10.1080/1369118X.2025.2470227",TRUE,"FinELib Taylor & Francis agreement","tf2025finelib"
"University of Oulu",2025,"10.1080/14616688.2025.2495177",TRUE,"FinELib Taylor & Francis agreement","tf2025finelib"
"University of Oulu",2025,"10.1080/14616688.2025.2535690",TRUE,"FinELib Taylor & Francis agreement","tf2025finelib"
"University of Oulu",2025,"10.1080/14616688.2025.2590180",TRUE,"FinELib Taylor & Francis agreement","tf2025finelib"
"University of Oulu",2025,"10.1080/14650045.2025.2464146",TRUE,"FinELib Taylor & Francis agreement","tf2025finelib"
"University of Oulu",2025,"10.1080/14655187.2025.2545642",TRUE,"FinELib Taylor & Francis agreement","tf2025finelib"
"University of Oulu",2025,"10.1080/14703297.2025.2499177",TRUE,"FinELib Taylor & Francis agreement","tf2025finelib"
"University of Oulu",2025,"10.1080/14724049.2025.2458536",TRUE,"FinELib Taylor & Francis agreement","tf2025finelib"
"University of Oulu",2025,"10.1080/14733285.2025.2520847",TRUE,"FinELib Taylor & Francis agreement","tf2025finelib"
"University of Oulu",2025,"10.1080/14733285.2025.2542746",TRUE,"FinELib Taylor & Francis agreement","tf2025finelib"
"University of Oulu",2025,"10.1080/15022250.2025.2513318",TRUE,"FinELib Taylor & Francis agreement","tf2025finelib"
"University of Oulu",2025,"10.1080/15022250.2025.2593818",TRUE,"FinELib Taylor & Francis agreement","tf2025finelib"
"University of Oulu",2025,"10.1080/17449480.2025.2470719",TRUE,"FinELib Taylor & Francis agreement","tf2025finelib"
"University of Oulu",2025,"10.1080/17449642.2025.2489915",TRUE,"FinELib Taylor & Francis agreement","tf2025finelib"
"University of Oulu",2025,"10.1080/17449642.2025.2508616",TRUE,"FinELib Taylor & Francis agreement","tf2025finelib"
"University of Oulu",2025,"10.1080/19012276.2025.2480574",TRUE,"FinELib Taylor & Francis agreement","tf2025finelib"
"University of Oulu",2025,"10.1080/19463014.2025.2530401",TRUE,"FinELib Taylor & Francis agreement","tf2025finelib"
"University of Oulu",2025,"10.1080/21532974.2025.2583516",TRUE,"FinELib Taylor & Francis agreement","tf2025finelib"
"University of Oulu",2025,"10.1080/21568235.2025.2542152",TRUE,"FinELib Taylor & Francis agreement","tf2025finelib"
"University of Oulu",2025,"10.1080/21622671.2025.2490174",TRUE,"FinELib Taylor & Francis agreement","tf2025finelib"
"University of Oulu",2025,"10.1080/21622671.2025.2583056",TRUE,"FinELib Taylor & Francis agreement","tf2025finelib"
"University of Oulu",2025,"10.1093/aje/kwaf200",TRUE,"FinELib OUP agreement","oxf2024finelib"
"University of Oulu",2025,"10.1093/arclin/acaf062",TRUE,"FinELib OUP agreement","oxf2024finelib"
"University of Oulu",2025,"10.1093/bjd/ljaf172",TRUE,"FinELib OUP agreement","oxf2024finelib"
"University of Oulu",2025,"10.1093/bjd/ljaf379",TRUE,"FinELib OUP agreement","oxf2024finelib"
"University of Oulu",2025,"10.1093/ejendo/lvaf026",TRUE,"FinELib OUP agreement","oxf2024finelib"
"University of Oulu",2025,"10.1093/ejendo/lvaf080",TRUE,"FinELib OUP agreement","oxf2024finelib"
"University of Oulu",2025,"10.1093/ejendo/lvaf266",TRUE,"FinELib OUP agreement","oxf2024finelib"
"University of Oulu",2025,"10.1093/ejo/cjaf056",TRUE,"FinELib OUP agreement","oxf2024finelib"
"University of Oulu",2025,"10.1093/fampra/cmaf057",TRUE,"FinELib OUP agreement","oxf2024finelib"
"University of Oulu",2025,"10.1093/genetics/iyaf036",TRUE,"FinELib OUP agreement","oxf2024finelib"
"University of Oulu",2025,"10.1093/geronb/gbaf164",TRUE,"FinELib OUP agreement","oxf2024finelib"
"University of Oulu",2025,"10.1093/humrep/deaf113",TRUE,"FinELib OUP agreement","oxf2024finelib"
"University of Oulu",2025,"10.1093/humrep/deaf154",TRUE,"FinELib OUP agreement","oxf2024finelib"
"University of Oulu",2025,"10.1093/ije/dyaf026",TRUE,"FinELib OUP agreement","oxf2024finelib"
"University of Oulu",2025,"10.1093/jopedu/qhaf006",TRUE,"FinELib OUP agreement","oxf2024finelib"
"University of Oulu",2025,"10.1093/jopedu/qhaf014",TRUE,"FinELib OUP agreement","oxf2024finelib"
"University of Oulu",2025,"10.1093/jpids/piaf105",TRUE,"FinELib OUP agreement","oxf2024finelib"
"University of Oulu",2025,"10.1093/jsxmed/qdaf366",TRUE,"FinELib OUP agreement","oxf2024finelib"
"University of Oulu",2025,"10.1093/oep/gpaf027",TRUE,"FinELib OUP agreement","oxf2024finelib"
"University of Oulu",2025,"10.1093/ornithapp/duaf047",TRUE,"FinELib OUP agreement","oxf2024finelib"
"University of Oulu",2025,"10.1093/pcp/pcaf135",TRUE,"FinELib OUP agreement","oxf2024finelib"
"University of Oulu",2025,"10.1097/BRS.0000000000005435",TRUE,"FinELib Wolters Kluwer Lippincott agreement","lww2025finelib"
"University of Oulu",2025,"10.1097/BRS.0000000000005462",TRUE,"FinELib Wolters Kluwer Lippincott agreement","lww2025finelib"
"University of Oulu",2025,"10.1097/BRS.0000000000005593",TRUE,"FinELib Wolters Kluwer Lippincott agreement","lww2025finelib"
"University of Oulu",2025,"10.1097/HMR.0000000000000467",TRUE,"FinELib Wolters Kluwer Lippincott agreement","lww2025finelib"
"University of Oulu",2025,"10.1097/MOO.0000000000001102",TRUE,"FinELib Wolters Kluwer Lippincott agreement","lww2025finelib"
"University of Oulu",2025,"10.1097/OPX.0000000000002300",TRUE,"FinELib Wolters Kluwer Lippincott agreement","lww2025finelib"
"University of Oulu",2025,"10.1108/CBTH-02-2025-0026",TRUE,"FinELib Emerald agreement","eme2025finelib"
"University of Oulu",2025,"10.1108/CG-01-2024-0052",TRUE,"FinELib Emerald agreement","eme2025finelib"
"University of Oulu",2025,"10.1108/CRR-04-2025-0012",TRUE,"FinELib Emerald agreement","eme2025finelib"
"University of Oulu",2025,"10.1108/IJCHM-10-2024-1537",TRUE,"FinELib Emerald agreement","eme2025finelib"
"University of Oulu",2025,"10.1108/IJOA-07-2024-4647",TRUE,"FinELib Emerald agreement","eme2025finelib"
"University of Oulu",2025,"10.1108/ILS-11-2024-0148",TRUE,"FinELib Emerald agreement","eme2025finelib"
"University of Oulu",2025,"10.1108/ITP-08-2024-1026",TRUE,"FinELib Emerald agreement","eme2025finelib"
"University of Oulu",2025,"10.1108/JBIM-04-2024-0296",TRUE,"FinELib Emerald agreement","eme2025finelib"
"University of Oulu",2025,"10.1108/JD-01-2025-0007",TRUE,"FinELib Emerald agreement","eme2025finelib"
"University of Oulu",2025,"10.1108/JD-12-2024-0298",TRUE,"FinELib Emerald agreement","eme2025finelib"
"University of Oulu",2025,"10.1108/JEC-01-2025-0003",TRUE,"FinELib Emerald agreement","eme2025finelib"
"University of Oulu",2025,"10.1108/JEPP-10-2024-0185",TRUE,"FinELib Emerald agreement","eme2025finelib"
"University of Oulu",2025,"10.1108/JHOM-02-2024-0034",TRUE,"FinELib Emerald agreement","eme2025finelib"
"University of Oulu",2025,"10.1108/JOCM-02-2025-0175",TRUE,"FinELib Emerald agreement","eme2025finelib"
"University of Oulu",2025,"10.1108/JPMH-04-2025-0054",TRUE,"FinELib Emerald agreement","eme2025finelib"
"University of Oulu",2025,"10.1108/JSIT-07-2024-0243",TRUE,"FinELib Emerald agreement","eme2025finelib"
"University of Oulu",2025,"10.1108/JSM-01-2025-0047",TRUE,"FinELib Emerald agreement","eme2025finelib"
"University of Oulu",2025,"10.1108/JSOCM-10-2022-0204",TRUE,"FinELib Emerald agreement","eme2025finelib"
"University of Oulu",2025,"10.1108/JWL-09-2024-0205",TRUE,"FinELib Emerald agreement","eme2025finelib"
"University of Oulu",2025,"10.1108/LHS-12-2024-0154",TRUE,"FinELib Emerald agreement","eme2025finelib"
"University of Oulu",2025,"10.1108/QMR-08-2024-0171",TRUE,"FinELib Emerald agreement","eme2025finelib"
"University of Oulu",2025,"10.1108/QRJ-03-2025-0080",TRUE,"FinELib Emerald agreement","eme2025finelib"
"University of Oulu",2025,"10.1108/RIBS-01-2025-0020",TRUE,"FinELib Emerald agreement","eme2025finelib"
"University of Oulu",2025,"10.1108/SASBE-08-2024-0285",TRUE,"FinELib Emerald agreement","eme2025finelib"
"University of Oulu",2025,"10.1108/SASBE-09-2024-0378",TRUE,"FinELib Emerald agreement","eme2025finelib"
"University of Oulu",2025,"10.1109/ACCESS.2025.3530297",FALSE,"FinELib IEEE agreement","ieee2024finelib"
"University of Oulu",2025,"10.1109/ACCESS.2025.3544032",FALSE,"FinELib IEEE agreement","ieee2024finelib"
"University of Oulu",2025,"10.1109/ACCESS.2025.3549477",FALSE,"FinELib IEEE agreement","ieee2024finelib"
"University of Oulu",2025,"10.1109/ACCESS.2025.3554530",FALSE,"FinELib IEEE agreement","ieee2024finelib"
"University of Oulu",2025,"10.1109/ACCESS.2025.3567470",FALSE,"FinELib IEEE agreement","ieee2024finelib"
"University of Oulu",2025,"10.1109/ACCESS.2025.3569130",FALSE,"FinELib IEEE agreement","ieee2024finelib"
"University of Oulu",2025,"10.1109/ACCESS.2025.3585777",FALSE,"FinELib IEEE agreement","ieee2024finelib"
"University of Oulu",2025,"10.1109/ACCESS.2025.3606621",FALSE,"FinELib IEEE agreement","ieee2024finelib"
"University of Oulu",2025,"10.1109/ACCESS.2025.3613423",FALSE,"FinELib IEEE agreement","ieee2024finelib"
"University of Oulu",2025,"10.1109/ACCESS.2025.3618384",FALSE,"FinELib IEEE agreement","ieee2024finelib"
"University of Oulu",2025,"10.1109/ACCESS.2025.3638709",FALSE,"FinELib IEEE agreement","ieee2024finelib"
"University of Oulu",2025,"10.1109/ACCESS.2025.3642631",FALSE,"FinELib IEEE agreement","ieee2024finelib"
"University of Oulu",2025,"10.1109/IEEEDATA.2025.3576339",FALSE,"FinELib IEEE agreement","ieee2024finelib"
"University of Oulu",2025,"10.1109/IEEEDATA.2025.3592888",FALSE,"FinELib IEEE agreement","ieee2024finelib"
"University of Oulu",2025,"10.1109/JBHI.2025.3536170",TRUE,"FinELib IEEE agreement","ieee2024finelib"
"University of Oulu",2025,"10.1109/JIOT.2025.3542897",TRUE,"FinELib IEEE agreement","ieee2024finelib"
"University of Oulu",2025,"10.1109/JIOT.2025.3549587",TRUE,"FinELib IEEE agreement","ieee2024finelib"
"University of Oulu",2025,"10.1109/JIOT.2025.3552215",TRUE,"FinELib IEEE agreement","ieee2024finelib"
"University of Oulu",2025,"10.1109/JIOT.2025.3559304",TRUE,"FinELib IEEE agreement","ieee2024finelib"
"University of Oulu",2025,"10.1109/JIOT.2025.3573149",TRUE,"FinELib IEEE agreement","ieee2024finelib"
"University of Oulu",2025,"10.1109/JIOT.2025.3613063",TRUE,"FinELib IEEE agreement","ieee2024finelib"
"University of Oulu",2025,"10.1109/JIOT.2025.3614850",TRUE,"FinELib IEEE agreement","ieee2024finelib"
"University of Oulu",2025,"10.1109/JIOT.2025.3631508",TRUE,"FinELib IEEE agreement","ieee2024finelib"
"University of Oulu",2025,"10.1109/JSAC.2025.3607859",TRUE,"FinELib IEEE agreement","ieee2024finelib"
"University of Oulu",2025,"10.1109/JSEN.2025.3552905",TRUE,"FinELib IEEE agreement","ieee2024finelib"
"University of Oulu",2025,"10.1109/JSEN.2025.3594801",TRUE,"FinELib IEEE agreement","ieee2024finelib"
"University of Oulu",2025,"10.1109/JSEN.2025.3618774",TRUE,"FinELib IEEE agreement","ieee2024finelib"
"University of Oulu",2025,"10.1109/JSEN.2025.3627930",TRUE,"FinELib IEEE agreement","ieee2024finelib"
"University of Oulu",2025,"10.1109/JSEN.2025.3631129",TRUE,"FinELib IEEE agreement","ieee2024finelib"
"University of Oulu",2025,"10.1109/JSTARS.2025.3603036",FALSE,"FinELib IEEE agreement","ieee2024finelib"
"University of Oulu",2025,"10.1109/JSTARS.2025.3616330",FALSE,"FinELib IEEE agreement","ieee2024finelib"
"University of Oulu",2025,"10.1109/LAWP.2025.3619055",TRUE,"FinELib IEEE agreement","ieee2024finelib"
"University of Oulu",2025,"10.1109/LCOMM.2025.3573199",TRUE,"FinELib IEEE agreement","ieee2024finelib"
"University of Oulu",2025,"10.1109/LCOMM.2025.3611163",TRUE,"FinELib IEEE agreement","ieee2024finelib"
"University of Oulu",2025,"10.1109/LCOMM.2025.3613934",TRUE,"FinELib IEEE agreement","ieee2024finelib"
"University of Oulu",2025,"10.1109/LNET.2025.3539810",TRUE,"FinELib IEEE agreement","ieee2024finelib"
"University of Oulu",2025,"10.1109/LNET.2025.3560459",TRUE,"FinELib IEEE agreement","ieee2024finelib"
"University of Oulu",2025,"10.1109/LNET.2025.3566909",TRUE,"FinELib IEEE agreement","ieee2024finelib"
"University of Oulu",2025,"10.1109/LSENS.2025.3597731",TRUE,"FinELib IEEE agreement","ieee2024finelib"
"University of Oulu",2025,"10.1109/LSP.2025.3543744",TRUE,"FinELib IEEE agreement","ieee2024finelib"
"University of Oulu",2025,"10.1109/LSP.2025.3556790",TRUE,"FinELib IEEE agreement","ieee2024finelib"
"University of Oulu",2025,"10.1109/LSP.2025.3571409",TRUE,"FinELib IEEE agreement","ieee2024finelib"
"University of Oulu",2025,"10.1109/LWC.2024.3521027",TRUE,"FinELib IEEE agreement","ieee2024finelib"
"University of Oulu",2025,"10.1109/LWC.2025.3538800",TRUE,"FinELib IEEE agreement","ieee2024finelib"
"University of Oulu",2025,"10.1109/LWC.2025.3547810",TRUE,"FinELib IEEE agreement","ieee2024finelib"
"University of Oulu",2025,"10.1109/LWC.2025.3572281",TRUE,"FinELib IEEE agreement","ieee2024finelib"
"University of Oulu",2025,"10.1109/LWC.2025.3581996",TRUE,"FinELib IEEE agreement","ieee2024finelib"
"University of Oulu",2025,"10.1109/LWC.2025.3583137",TRUE,"FinELib IEEE agreement","ieee2024finelib"
"University of Oulu",2025,"10.1109/LWC.2025.3604056",TRUE,"FinELib IEEE agreement","ieee2024finelib"
"University of Oulu",2025,"10.1109/LWC.2025.3638616",TRUE,"FinELib IEEE agreement","ieee2024finelib"
"University of Oulu",2025,"10.1109/mcom.001.2400187",TRUE,"FinELib IEEE agreement","ieee2024finelib"
"University of Oulu",2025,"10.1109/MCOM.001.2400521",TRUE,"FinELib IEEE agreement","ieee2024finelib"
"University of Oulu",2025,"10.1109/MCOM.001.2500380",TRUE,"FinELib IEEE agreement","ieee2024finelib"
"University of Oulu",2025,"10.1109/MCOM.002.2400441",TRUE,"FinELib IEEE agreement","ieee2024finelib"
"University of Oulu",2025,"10.1109/MIC.2025.3566642",TRUE,"FinELib IEEE agreement","ieee2024finelib"
"University of Oulu",2025,"10.1109/MPRV.2025.3539421",TRUE,"FinELib IEEE agreement","ieee2024finelib"
"University of Oulu",2025,"10.1109/MPRV.2025.3582122",TRUE,"FinELib IEEE agreement","ieee2024finelib"
"University of Oulu",2025,"10.1109/MS.2025.3578154",TRUE,"FinELib IEEE agreement","ieee2024finelib"
"University of Oulu",2025,"10.1109/MS.2025.3622209",TRUE,"FinELib IEEE agreement","ieee2024finelib"
"University of Oulu",2025,"10.1109/MVT.2025.3540751",TRUE,"FinELib IEEE agreement","ieee2024finelib"
"University of Oulu",2025,"10.1109/MVT.2025.3573093",TRUE,"FinELib IEEE agreement","ieee2024finelib"
"University of Oulu",2025,"10.1109/MWC.001.2400466",TRUE,"FinELib IEEE agreement","ieee2024finelib"
"University of Oulu",2025,"10.1109/MWC.2025.3601676",TRUE,"FinELib IEEE agreement","ieee2024finelib"
"University of Oulu",2025,"10.1109/MWC.2025.3635579",TRUE,"FinELib IEEE agreement","ieee2024finelib"
"University of Oulu",2025,"10.1109/MWC.2025.3642075",TRUE,"FinELib IEEE agreement","ieee2024finelib"
"University of Oulu",2025,"10.1109/OJCOMS.2025.3558304",FALSE,"FinELib IEEE agreement","ieee2024finelib"
"University of Oulu",2025,"10.1109/OJCOMS.2025.3583850",FALSE,"FinELib IEEE agreement","ieee2024finelib"
"University of Oulu",2025,"10.1109/OJCOMS.2025.3583867",FALSE,"FinELib IEEE agreement","ieee2024finelib"
"University of Oulu",2025,"10.1109/OJCOMS.2025.3591836",FALSE,"FinELib IEEE agreement","ieee2024finelib"
"University of Oulu",2025,"10.1109/OJCOMS.2025.3595403",FALSE,"FinELib IEEE agreement","ieee2024finelib"
"University of Oulu",2025,"10.1109/OJCOMS.2025.3610944",FALSE,"FinELib IEEE agreement","ieee2024finelib"
"University of Oulu",2025,"10.1109/OJCS.2025.3563619",FALSE,"FinELib IEEE agreement","ieee2024finelib"
"University of Oulu",2025,"10.1109/OJITS.2025.3593437",FALSE,"FinELib IEEE agreement","ieee2024finelib"
"University of Oulu",2025,"10.1109/OJSSCS.2025.3597907",FALSE,"FinELib IEEE agreement","ieee2024finelib"
"University of Oulu",2025,"10.1109/TAFFC.2025.3640826",TRUE,"FinELib IEEE agreement","ieee2024finelib"
"University of Oulu",2025,"10.1109/TAP.2025.3546110",TRUE,"FinELib IEEE agreement","ieee2024finelib"
"University of Oulu",2025,"10.1109/TAP.2025.3613554",TRUE,"FinELib IEEE agreement","ieee2024finelib"
"University of Oulu",2025,"10.1109/TBIOM.2025.3570599",TRUE,"FinELib IEEE agreement","ieee2024finelib"
"University of Oulu",2025,"10.1109/TCBBIO.2025.3642037",TRUE,"FinELib IEEE agreement","ieee2024finelib"
"University of Oulu",2025,"10.1109/TCCN.2025.3549229",TRUE,"FinELib IEEE agreement","ieee2024finelib"
"University of Oulu",2025,"10.1109/TCCN.2025.3578509",TRUE,"FinELib IEEE agreement","ieee2024finelib"
"University of Oulu",2025,"10.1109/TCOMM.2025.3566997",TRUE,"FinELib IEEE agreement","ieee2024finelib"
"University of Oulu",2025,"10.1109/TCSVT.2025.3544676",TRUE,"FinELib IEEE agreement","ieee2024finelib"
"University of Oulu",2025,"10.1109/TIM.2025.3569943",TRUE,"FinELib IEEE agreement","ieee2024finelib"
"University of Oulu",2025,"10.1109/TITS.2025.3629616",TRUE,"FinELib IEEE agreement","ieee2024finelib"
"University of Oulu",2025,"10.1109/TIV.2024.3519366",TRUE,"FinELib IEEE agreement","ieee2024finelib"
"University of Oulu",2025,"10.1109/TLT.2025.3562298",TRUE,"FinELib IEEE agreement","ieee2024finelib"
"University of Oulu",2025,"10.1109/TMC.2025.3599918",TRUE,"FinELib IEEE agreement","ieee2024finelib"
"University of Oulu",2025,"10.1109/TMLCN.2025.3557734",FALSE,"FinELib IEEE agreement","ieee2024finelib"
"University of Oulu",2025,"10.1109/TMLCN.2025.3564907",FALSE,"FinELib IEEE agreement","ieee2024finelib"
"University of Oulu",2025,"10.1109/TMLCN.2025.3607891",FALSE,"FinELib IEEE agreement","ieee2024finelib"
"University of Oulu",2025,"10.1109/TMTT.2025.3531668",TRUE,"FinELib IEEE agreement","ieee2024finelib"
"University of Oulu",2025,"10.1109/TMTT.2025.3615300",TRUE,"FinELib IEEE agreement","ieee2024finelib"
"University of Oulu",2025,"10.1109/TNSE.2025.3574634",TRUE,"FinELib IEEE agreement","ieee2024finelib"
"University of Oulu",2025,"10.1109/TPAMI.2025.3604574",TRUE,"FinELib IEEE agreement","ieee2024finelib"
"University of Oulu",2025,"10.1109/TSG.2025.3581770",TRUE,"FinELib IEEE agreement","ieee2024finelib"
"University of Oulu",2025,"10.1109/TSP.2025.3531779",TRUE,"FinELib IEEE agreement","ieee2024finelib"
"University of Oulu",2025,"10.1109/TSP.2025.3554012",TRUE,"FinELib IEEE agreement","ieee2024finelib"
"University of Oulu",2025,"10.1109/TVT.2025.3528379",TRUE,"FinELib IEEE agreement","ieee2024finelib"
"University of Oulu",2025,"10.1109/TVT.2025.3550090",TRUE,"FinELib IEEE agreement","ieee2024finelib"
"University of Oulu",2025,"10.1109/TVT.2025.3556277",TRUE,"FinELib IEEE agreement","ieee2024finelib"
"University of Oulu",2025,"10.1109/TVT.2025.3579626",TRUE,"FinELib IEEE agreement","ieee2024finelib"
"University of Oulu",2025,"10.1109/TVT.2025.3617346",TRUE,"FinELib IEEE agreement","ieee2024finelib"
"University of Oulu",2025,"10.1109/TVT.2025.3621729",TRUE,"FinELib IEEE agreement","ieee2024finelib"
"University of Oulu",2025,"10.1109/TVT.2025.3622746",TRUE,"FinELib IEEE agreement","ieee2024finelib"
"University of Oulu",2025,"10.1109/TVT.2025.3630556",TRUE,"FinELib IEEE agreement","ieee2024finelib"
"University of Oulu",2025,"10.1109/TWC.2024.3499875",TRUE,"FinELib IEEE agreement","ieee2024finelib"
"University of Oulu",2025,"10.1109/TWC.2024.3505296",TRUE,"FinELib IEEE agreement","ieee2024finelib"
"University of Oulu",2025,"10.1109/TWC.2025.3563963",TRUE,"FinELib IEEE agreement","ieee2024finelib"
"University of Oulu",2025,"10.1109/TWC.2025.3568590",TRUE,"FinELib IEEE agreement","ieee2024finelib"
"University of Oulu",2025,"10.1109/TWC.2025.3578836",TRUE,"FinELib IEEE agreement","ieee2024finelib"
"University of Oulu",2025,"10.1109/TWC.2025.3617244",TRUE,"FinELib IEEE agreement","ieee2024finelib"
"University of Oulu",2025,"10.1109/TWC.2025.3624479",TRUE,"FinELib IEEE agreement","ieee2024finelib"
"University of Oulu",2025,"10.1111/1365-2656.70204",TRUE,"FinELib Wiley agreement","wiley2025finelib"
"University of Oulu",2025,"10.1111/1365-2745.70052",TRUE,"FinELib Wiley agreement","wiley2025finelib"
"University of Oulu",2025,"10.1111/1475-679X.70028",TRUE,"FinELib Wiley agreement","wiley2025finelib"
"University of Oulu",2025,"10.1111/1744-7917.70101",TRUE,"FinELib Wiley agreement","wiley2025finelib"
"University of Oulu",2025,"10.1111/aas.70111",TRUE,"FinELib Wiley agreement","wiley2025finelib"
"University of Oulu",2025,"10.1111/aas.70165",TRUE,"FinELib Wiley agreement","wiley2025finelib"
"University of Oulu",2025,"10.1111/andr.70122",TRUE,"FinELib Wiley agreement","wiley2025finelib"
"University of Oulu",2025,"10.1111/anoc.70024",TRUE,"FinELib Wiley agreement","wiley2025finelib"
"University of Oulu",2025,"10.1111/anti.70093",TRUE,"FinELib Wiley agreement","wiley2025finelib"
"University of Oulu",2025,"10.1111/aogs.15100",FALSE,"FinELib Wiley agreement","wiley2025finelib"
"University of Oulu",2025,"10.1111/aogs.70077",FALSE,"FinELib Wiley agreement","wiley2025finelib"
"University of Oulu",2025,"10.1111/aos.17510",TRUE,"FinELib Wiley agreement","wiley2025finelib"
"University of Oulu",2025,"10.1111/apa.70090",TRUE,"FinELib Wiley agreement","wiley2025finelib"
"University of Oulu",2025,"10.1111/apa.70152",TRUE,"FinELib Wiley agreement","wiley2025finelib"
"University of Oulu",2025,"10.1111/apa.70202",TRUE,"FinELib Wiley agreement","wiley2025finelib"
"University of Oulu",2025,"10.1111/apm.70105",TRUE,"FinELib Wiley agreement","wiley2025finelib"
"University of Oulu",2025,"10.1111/bjep.12754",TRUE,"FinELib Wiley agreement","wiley2025finelib"
"University of Oulu",2025,"10.1111/bjet.13606",TRUE,"FinELib Wiley agreement","wiley2025finelib"
"University of Oulu",2025,"10.1111/bjet.13607",TRUE,"FinELib Wiley agreement","wiley2025finelib"
"University of Oulu",2025,"10.1111/bjet.70033",TRUE,"FinELib Wiley agreement","wiley2025finelib"
"University of Oulu",2025,"10.1111/bjh.70085",TRUE,"FinELib Wiley agreement","wiley2025finelib"
"University of Oulu",2025,"10.1111/cobi.70165",TRUE,"FinELib Wiley agreement","wiley2025finelib"
"University of Oulu",2025,"10.1111/cod.14744",TRUE,"FinELib Wiley agreement","wiley2025finelib"
"University of Oulu",2025,"10.1111/cod.70056",TRUE,"FinELib Wiley agreement","wiley2025finelib"
"University of Oulu",2025,"10.1111/eje.70037",TRUE,"FinELib Wiley agreement","wiley2025finelib"
"University of Oulu",2025,"10.1111/ejn.70274",TRUE,"FinELib Wiley agreement","wiley2025finelib"
"University of Oulu",2025,"10.1111/ele.70257",TRUE,"FinELib Wiley agreement","wiley2025finelib"
"University of Oulu",2025,"10.1111/febs.70035",TRUE,"FinELib Wiley agreement","wiley2025finelib"
"University of Oulu",2025,"10.1111/febs.70212",TRUE,"FinELib Wiley agreement","wiley2025finelib"
"University of Oulu",2025,"10.1111/febs.70353",TRUE,"FinELib Wiley agreement","wiley2025finelib"
"University of Oulu",2025,"10.1111/isj.12595",TRUE,"FinELib Wiley agreement","wiley2025finelib"
"University of Oulu",2025,"10.1111/jace.20714",TRUE,"FinELib Wiley agreement","wiley2025finelib"
"University of Oulu",2025,"10.1111/jace.70469",TRUE,"FinELib Wiley agreement","wiley2025finelib"
"University of Oulu",2025,"10.1111/jan.16771",TRUE,"FinELib Wiley agreement","wiley2025finelib"
"University of Oulu",2025,"10.1111/jan.16898",TRUE,"FinELib Wiley agreement","wiley2025finelib"
"University of Oulu",2025,"10.1111/jan.16909",TRUE,"FinELib Wiley agreement","wiley2025finelib"
"University of Oulu",2025,"10.1111/jan.17035",TRUE,"FinELib Wiley agreement","wiley2025finelib"
"University of Oulu",2025,"10.1111/jan.17055",TRUE,"FinELib Wiley agreement","wiley2025finelib"
"University of Oulu",2025,"10.1111/jan.17069",TRUE,"FinELib Wiley agreement","wiley2025finelib"
"University of Oulu",2025,"10.1111/jan.70326",TRUE,"FinELib Wiley agreement","wiley2025finelib"
"University of Oulu",2025,"10.1111/jan.70396",TRUE,"FinELib Wiley agreement","wiley2025finelib"
"University of Oulu",2025,"10.1111/jan.70399",TRUE,"FinELib Wiley agreement","wiley2025finelib"
"University of Oulu",2025,"10.1111/jan.70431",TRUE,"FinELib Wiley agreement","wiley2025finelib"
"University of Oulu",2025,"10.1111/jan.70434",TRUE,"FinELib Wiley agreement","wiley2025finelib"
"University of Oulu",2025,"10.1111/jcal.70024",TRUE,"FinELib Wiley agreement","wiley2025finelib"
"University of Oulu",2025,"10.1111/jcpe.70001",TRUE,"FinELib Wiley agreement","wiley2025finelib"
"University of Oulu",2025,"10.1111/jgs.70011",TRUE,"FinELib Wiley agreement","wiley2025finelib"
"University of Oulu",2025,"10.1111/jocn.70156",TRUE,"FinELib Wiley agreement","wiley2025finelib"
"University of Oulu",2025,"10.1111/joor.14051",TRUE,"FinELib Wiley agreement","wiley2025finelib"
"University of Oulu",2025,"10.1111/jspn.70008",TRUE,"FinELib Wiley agreement","wiley2025finelib"
"University of Oulu",2025,"10.1111/mice.70167",TRUE,"FinELib Wiley agreement","wiley2025finelib"
"University of Oulu",2025,"10.1111/nicc.70318",TRUE,"FinELib Wiley agreement","wiley2025finelib"
"University of Oulu",2025,"10.1111/nin.70022",TRUE,"FinELib Wiley agreement","wiley2025finelib"
"University of Oulu",2025,"10.1111/nph.70827",TRUE,"FinELib Wiley agreement","wiley2025finelib"
"University of Oulu",2025,"10.1111/ocr.70010",TRUE,"FinELib Wiley agreement","wiley2025finelib"
"University of Oulu",2025,"10.1111/scs.70077",TRUE,"FinELib Wiley agreement","wiley2025finelib"
"University of Oulu",2025,"10.1111/scs.70101",TRUE,"FinELib Wiley agreement","wiley2025finelib"
"University of Oulu",2025,"10.1111/scs.70122",TRUE,"FinELib Wiley agreement","wiley2025finelib"
"University of Oulu",2025,"10.1111/sjop.70041",TRUE,"FinELib Wiley agreement","wiley2025finelib"
"University of Oulu",2025,"10.1112/jlms.70058",TRUE,"FinELib Wiley agreement","wiley2025finelib"
"University of Oulu",2025,"10.1112/jlms.70198",TRUE,"FinELib Wiley agreement","wiley2025finelib"
"University of Oulu",2025,"10.1145/3672608.3707725",TRUE,"FinELib ACM agreement","acm2025finelib"
"University of Oulu",2025,"10.1145/3703790.3703822",TRUE,"FinELib ACM agreement","acm2025finelib"
"University of Oulu",2025,"10.1145/3703790.3703826",TRUE,"FinELib ACM agreement","acm2025finelib"
"University of Oulu",2025,"10.1145/3703790.3703827",TRUE,"FinELib ACM agreement","acm2025finelib"
"University of Oulu",2025,"10.1145/3703790.3703830",TRUE,"FinELib ACM agreement","acm2025finelib"
"University of Oulu",2025,"10.1145/3703790.3703831",TRUE,"FinELib ACM agreement","acm2025finelib"
"University of Oulu",2025,"10.1145/3703790.3703832",TRUE,"FinELib ACM agreement","acm2025finelib"
"University of Oulu",2025,"10.1145/3706598.3713204",TRUE,"FinELib ACM agreement","acm2025finelib"
"University of Oulu",2025,"10.1145/3706598.3713464",TRUE,"FinELib ACM agreement","acm2025finelib"
"University of Oulu",2025,"10.1145/3706598.3713556",TRUE,"FinELib ACM agreement","acm2025finelib"
"University of Oulu",2025,"10.1145/3713043.3728844",TRUE,"FinELib ACM agreement","acm2025finelib"
"University of Oulu",2025,"10.1145/3713043.3728853",TRUE,"FinELib ACM agreement","acm2025finelib"
"University of Oulu",2025,"10.1145/3714394.3750565",TRUE,"FinELib ACM agreement","acm2025finelib"
"University of Oulu",2025,"10.1145/3714394.3754437",TRUE,"FinELib ACM agreement","acm2025finelib"
"University of Oulu",2025,"10.1145/3714394.3754438",TRUE,"FinELib ACM agreement","acm2025finelib"
"University of Oulu",2025,"10.1145/3714394.3754439",TRUE,"FinELib ACM agreement","acm2025finelib"
"University of Oulu",2025,"10.1145/3714394.3754440",TRUE,"FinELib ACM agreement","acm2025finelib"
"University of Oulu",2025,"10.1145/3714394.3756197",TRUE,"FinELib ACM agreement","acm2025finelib"
"University of Oulu",2025,"10.1145/3714394.3756231",TRUE,"FinELib ACM agreement","acm2025finelib"
"University of Oulu",2025,"10.1145/3714394.3756233",TRUE,"FinELib ACM agreement","acm2025finelib"
"University of Oulu",2025,"10.1145/3714394.3756340",TRUE,"FinELib ACM agreement","acm2025finelib"
"University of Oulu",2025,"10.1145/3715928.3737467",TRUE,"FinELib ACM agreement","acm2025finelib"
"University of Oulu",2025,"10.1145/3718362",TRUE,"FinELib ACM agreement","acm2025finelib"
"University of Oulu",2025,"10.1145/3721888.3722094",TRUE,"FinELib ACM agreement","acm2025finelib"
"University of Oulu",2025,"10.1145/3727582.3728682",TRUE,"FinELib ACM agreement","acm2025finelib"
"University of Oulu",2025,"10.1145/3729425",TRUE,"FinELib ACM agreement","acm2025finelib"
"University of Oulu",2025,"10.1145/3734189",TRUE,"FinELib ACM agreement","acm2025finelib"
"University of Oulu",2025,"10.1145/3746252.3761596",TRUE,"FinELib ACM agreement","acm2025finelib"
"University of Oulu",2025,"10.1145/3746252.3761645",TRUE,"FinELib ACM agreement","acm2025finelib"
"University of Oulu",2025,"10.1145/3757509",TRUE,"FinELib ACM agreement","acm2025finelib"
"University of Oulu",2025,"10.1145/3757980.3757986",TRUE,"FinELib ACM agreement","acm2025finelib"
"University of Oulu",2025,"10.1145/3757980.3757997",TRUE,"FinELib ACM agreement","acm2025finelib"
"University of Oulu",2025,"10.1145/3757980.3758008",TRUE,"FinELib ACM agreement","acm2025finelib"
"University of Oulu",2025,"10.1145/3764687.3764717",TRUE,"FinELib ACM agreement","acm2025finelib"
"University of Oulu",2025,"10.1145/3769748.3773364",TRUE,"FinELib ACM agreement","acm2025finelib"
"University of Oulu",2025,"10.1145/3770501.3770503",TRUE,"FinELib ACM agreement","acm2025finelib"
"University of Oulu",2025,"10.1145/3770501.3770504",TRUE,"FinELib ACM agreement","acm2025finelib"
"University of Oulu",2025,"10.1145/3770501.3770506",TRUE,"FinELib ACM agreement","acm2025finelib"
"University of Oulu",2025,"10.1145/3773274.3777421",TRUE,"FinELib ACM agreement","acm2025finelib"
"University of Oulu",2025,"10.1145/3774946",TRUE,"FinELib ACM agreement","acm2025finelib"
"University of Oulu",2025,"10.1155/ijod/3400651",FALSE,"FinELib Wiley agreement","wiley2025finelib"
"University of Oulu",2025,"10.1155/jocs/9547115",FALSE,"FinELib Wiley agreement","wiley2025finelib"
"University of Oulu",2025,"10.1155/jonm/9906301",FALSE,"FinELib Wiley agreement","wiley2025finelib"
"University of Oulu",2025,"10.1177/00220426251326048",TRUE,"FinELib SAGE agreement","sage2025finelib"
"University of Oulu",2025,"10.1177/01655515251330605",TRUE,"FinELib SAGE agreement","sage2025finelib"
"University of Oulu",2025,"10.1177/03019233251352979",TRUE,"FinELib SAGE agreement","sage2025finelib"
"University of Oulu",2025,"10.1177/03019233251377246",TRUE,"FinELib SAGE agreement","sage2025finelib"
"University of Oulu",2025,"10.1177/08982643251344053",TRUE,"FinELib SAGE agreement","sage2025finelib"
"University of Oulu",2025,"10.1177/09697330251350391",TRUE,"FinELib SAGE agreement","sage2025finelib"
"University of Oulu",2025,"10.1177/10711007251392222",TRUE,"FinELib SAGE agreement","sage2025finelib"
"University of Oulu",2025,"10.1177/10732748251401264",FALSE,"FinELib SAGE agreement","sage2025finelib"
"University of Oulu",2025,"10.1177/1321103X251342143",TRUE,"FinELib SAGE agreement","sage2025finelib"
"University of Oulu",2025,"10.1177/1357034X251389808",TRUE,"FinELib SAGE agreement","sage2025finelib"
"University of Oulu",2025,"10.1177/13872877251389224",TRUE,"FinELib SAGE agreement","sage2025finelib"
"University of Oulu",2025,"10.1177/1420326X251361809",TRUE,"FinELib SAGE agreement","sage2025finelib"
"University of Oulu",2025,"10.1177/14574969251359866",FALSE,"FinELib SAGE agreement","sage2025finelib"
"University of Oulu",2025,"10.1177/14574969251364993",FALSE,"FinELib SAGE agreement","sage2025finelib"
"University of Oulu",2025,"10.1177/14657503251330088",TRUE,"FinELib SAGE agreement","sage2025finelib"
"University of Oulu",2025,"10.1177/14696053251337765",TRUE,"FinELib SAGE agreement","sage2025finelib"
"University of Oulu",2025,"10.1177/14782103251348551",TRUE,"FinELib SAGE agreement","sage2025finelib"
"University of Oulu",2025,"10.1177/17454999251329258",TRUE,"FinELib SAGE agreement","sage2025finelib"
"University of Oulu",2025,"10.1177/19375867251351026",TRUE,"FinELib SAGE agreement","sage2025finelib"
"University of Oulu",2025,"10.1177/20552076251395530",FALSE,"FinELib SAGE agreement","sage2025finelib"
"University of Oulu",2025,"10.1177/20571585251380716",FALSE,"FinELib SAGE agreement","sage2025finelib"
"University of Oulu",2025,"10.1177/23821205251355072",FALSE,"FinELib SAGE agreement","sage2025finelib"
"University of Oulu",2025,"10.1177/25726641251401706",TRUE,"FinELib SAGE agreement","sage2025finelib"
"University of Oulu",2025,"10.1177/30290805251391624",TRUE,"FinELib SAGE agreement","sage2025finelib"
"University of Oulu",2025,"10.1192/bjp.2024.179",TRUE,"FinELib CUP agreement","cam2024finelib"
"University of Oulu",2025,"10.1192/bjp.2025.10480",TRUE,"FinELib CUP agreement","cam2024finelib"
"University of Oulu",2025,"10.1192/bjp.2025.48",TRUE,"FinELib CUP agreement","cam2024finelib"
"University of Oulu",2025,"10.1227/neuprac.0000000000000145",FALSE,"FinELib Wolters Kluwer Lippincott agreement","lww2025finelib"
"University of Oulu",2025,"10.1245/s10434-025-17674-2",TRUE,"FinELib Springer Compact agreement","sn2024finelib"
"University of Oulu",2025,"10.1245/s10434-025-17756-1",TRUE,"FinELib Springer Compact agreement","sn2024finelib"
"University of Oulu",2025,"10.14814/phy2.70406",FALSE,"FinELib Wiley agreement","wiley2025finelib"
"University of Oulu",2025,"10.14814/phy2.70429",FALSE,"FinELib Wiley agreement","wiley2025finelib"
"University of Oulu",2025,"10.14814/phy2.70456",FALSE,"FinELib Wiley agreement","wiley2025finelib"
"University of Oulu",2025,"10.14814/phy2.70489",FALSE,"FinELib Wiley agreement","wiley2025finelib"
"University of Oulu",2025,"10.14814/phy2.70641",FALSE,"FinELib Wiley agreement","wiley2025finelib"
"University of Oulu",2025,"10.14814/phy2.70687",FALSE,"FinELib Wiley agreement","wiley2025finelib"
"University of Turku",2025,"10.1002/1878-0261.70189",FALSE,"FinELib Wiley agreement","wiley2025finelib"
"University of Turku",2025,"10.1002/2688-8319.70068",FALSE,"FinELib Wiley agreement","wiley2025finelib"
"University of Turku",2025,"10.1002/ab.70050",TRUE,"FinELib Wiley agreement","wiley2025finelib"
"University of Turku",2025,"10.1002/acn3.70241",FALSE,"FinELib Wiley agreement","wiley2025finelib"
"University of Turku",2025,"10.1002/acp.70117",TRUE,"FinELib Wiley agreement","wiley2025finelib"
"University of Turku",2025,"10.1002/admi.202500163",FALSE,"FinELib Wiley agreement","wiley2025finelib"
"University of Turku",2025,"10.1002/adom.202500736",TRUE,"FinELib Wiley agreement","wiley2025finelib"
"University of Turku",2025,"10.1002/adom.202501358",TRUE,"FinELib Wiley agreement","wiley2025finelib"
"University of Turku",2025,"10.1002/adom.202501727",TRUE,"FinELib Wiley agreement","wiley2025finelib"
"University of Turku",2025,"10.1002/adom.202503237",TRUE,"FinELib Wiley agreement","wiley2025finelib"
"University of Turku",2025,"10.1002/adpr.202400200",FALSE,"FinELib Wiley agreement","wiley2025finelib"
"University of Turku",2025,"10.1002/aenm.202502693",TRUE,"FinELib Wiley agreement","wiley2025finelib"
"University of Turku",2025,"10.1002/ajmg.a.64110",TRUE,"FinELib Wiley agreement","wiley2025finelib"
"University of Turku",2025,"10.1002/ajmg.a.64289",TRUE,"FinELib Wiley agreement","wiley2025finelib"
"University of Turku",2025,"10.1002/bco2.70047",FALSE,"FinELib Wiley agreement","wiley2025finelib"
"University of Turku",2025,"10.1002/cam4.70717",FALSE,"FinELib Wiley agreement","wiley2025finelib"
"University of Turku",2025,"10.1002/cbdv.202501852",TRUE,"FinELib Wiley agreement","wiley2025finelib"
"University of Turku",2025,"10.1002/cbic.202401006",TRUE,"FinELib Wiley agreement","wiley2025finelib"
"University of Turku",2025,"10.1002/cbic.202500474",TRUE,"FinELib Wiley agreement","wiley2025finelib"
"University of Turku",2025,"10.1002/cnr2.70155",FALSE,"FinELib Wiley agreement","wiley2025finelib"
"University of Turku",2025,"10.1002/cpdd.1555",TRUE,"FinELib Wiley agreement","wiley2025finelib"
"University of Turku",2025,"10.1002/ece3.71032",FALSE,"FinELib Wiley agreement","wiley2025finelib"
"University of Turku",2025,"10.1002/ece3.71051",FALSE,"FinELib Wiley agreement","wiley2025finelib"
"University of Turku",2025,"10.1002/ece3.71419",FALSE,"FinELib Wiley agreement","wiley2025finelib"
"University of Turku",2025,"10.1002/ece3.71441",FALSE,"FinELib Wiley agreement","wiley2025finelib"
"University of Turku",2025,"10.1002/ece3.72574",FALSE,"FinELib Wiley agreement","wiley2025finelib"
"University of Turku",2025,"10.1002/ecog.08170",FALSE,"FinELib Wiley agreement","wiley2025finelib"
"University of Turku",2025,"10.1002/eet.2165",TRUE,"FinELib Wiley agreement","wiley2025finelib"
"University of Turku",2025,"10.1002/ejlt.70016",TRUE,"FinELib Wiley agreement","wiley2025finelib"
"University of Turku",2025,"10.1002/ffo2.70018",TRUE,"FinELib Wiley agreement","wiley2025finelib"
"University of Turku",2025,"10.1002/ffo2.70020",TRUE,"FinELib Wiley agreement","wiley2025finelib"
"University of Turku",2025,"10.1002/ijgo.70673",TRUE,"FinELib Wiley agreement","wiley2025finelib"
"University of Turku",2025,"10.1002/jav.03511",FALSE,"FinELib Wiley agreement","wiley2025finelib"
"University of Turku",2025,"10.1002/jbm.a.37949",TRUE,"FinELib Wiley agreement","wiley2025finelib"
"University of Turku",2025,"10.1002/jcv2.70067",FALSE,"FinELib Wiley agreement","wiley2025finelib"
"University of Turku",2025,"10.1002/jex2.70053",FALSE,"FinELib Wiley agreement","wiley2025finelib"
"University of Turku",2025,"10.1002/jfa2.70086",FALSE,"FinELib Wiley agreement","wiley2025finelib"
"University of Turku",2025,"10.1002/jpn3.70098",TRUE,"FinELib Wiley agreement","wiley2025finelib"
"University of Turku",2025,"10.1002/lio2.70178",FALSE,"FinELib Wiley agreement","wiley2025finelib"
"University of Turku",2025,"10.1002/mas.70013",TRUE,"FinELib Wiley agreement","wiley2025finelib"
"University of Turku",2025,"10.1002/mbo3.70128",FALSE,"FinELib Wiley agreement","wiley2025finelib"
"University of Turku",2025,"10.1002/mdc3.70113",TRUE,"FinELib Wiley agreement","wiley2025finelib"
"University of Turku",2025,"10.1002/mnfr.70076",TRUE,"FinELib Wiley agreement","wiley2025finelib"
"University of Turku",2025,"10.1002/mnfr.70225",TRUE,"FinELib Wiley agreement","wiley2025finelib"
"University of Turku",2025,"10.1002/oa.3419",TRUE,"FinELib Wiley agreement","wiley2025finelib"
"University of Turku",2025,"10.1002/oby.70041",TRUE,"FinELib Wiley agreement","wiley2025finelib"
"University of Turku",2025,"10.1002/osp4.70093",FALSE,"FinELib Wiley agreement","wiley2025finelib"
"University of Turku",2025,"10.1002/pan3.70104",FALSE,"FinELib Wiley agreement","wiley2025finelib"
"University of Turku",2025,"10.1002/path.6405",TRUE,"FinELib Wiley agreement","wiley2025finelib"
"University of Turku",2025,"10.1002/path.6468",TRUE,"FinELib Wiley agreement","wiley2025finelib"
"University of Turku",2025,"10.1002/psp.70045",TRUE,"FinELib Wiley agreement","wiley2025finelib"
"University of Turku",2025,"10.1002/psp.70074",TRUE,"FinELib Wiley agreement","wiley2025finelib"
"University of Turku",2025,"10.1002/psp.70172",TRUE,"FinELib Wiley agreement","wiley2025finelib"
"University of Turku",2025,"10.1002/rrq.70023",TRUE,"FinELib Wiley agreement","wiley2025finelib"
"University of Turku",2025,"10.1002/tax.70097",TRUE,"FinELib Wiley agreement","wiley2025finelib"
"University of Turku",2025,"10.1002/tesj.70063",TRUE,"FinELib Wiley agreement","wiley2025finelib"
"University of Turku",2025,"10.1002/vms3.70638",FALSE,"FinELib Wiley agreement","wiley2025finelib"
"University of Turku",2025,"10.1002/wmh3.70022",TRUE,"FinELib Wiley agreement","wiley2025finelib"
"University of Turku",2025,"10.1007/s00125-025-06394-7",TRUE,"FinELib Springer Compact agreement","sn2024finelib"
"University of Turku",2025,"10.1007/s00127-025-02817-3",FALSE,"FinELib Springer Compact agreement","sn2024finelib"
"University of Turku",2025,"10.1007/s00146-025-02503-7",TRUE,"FinELib Springer Compact agreement","sn2024finelib"
"University of Turku",2025,"10.1007/s00256-025-04876-8",TRUE,"FinELib Springer Compact agreement","sn2024finelib"
"University of Turku",2025,"10.1007/s00259-025-07208-z",TRUE,"FinELib Springer Compact agreement","sn2024finelib"
"University of Turku",2025,"10.1007/s00259-025-07210-5",TRUE,"FinELib Springer Compact agreement","sn2024finelib"
"University of Turku",2025,"10.1007/s00259-025-07232-z",TRUE,"FinELib Springer Compact agreement","sn2024finelib"
"University of Turku",2025,"10.1007/s00259-025-07272-5",TRUE,"FinELib Springer Compact agreement","sn2024finelib"
"University of Turku",2025,"10.1007/s00259-025-07524-4",TRUE,"FinELib Springer Compact agreement","sn2024finelib"
"University of Turku",2025,"10.1007/s00266-025-04657-7",TRUE,"FinELib Springer Compact agreement","sn2024finelib"
"University of Turku",2025,"10.1007/s00266-025-05286-w",TRUE,"FinELib Springer Compact agreement","sn2024finelib"
"University of Turku",2025,"10.1007/s00330-025-11818-4",TRUE,"FinELib Springer Compact agreement","sn2024finelib"
"University of Turku",2025,"10.1007/s00330-025-12101-2",TRUE,"FinELib Springer Compact agreement","sn2024finelib"
"University of Turku",2025,"10.1007/s00362-025-01732-8",TRUE,"FinELib Springer Compact agreement","sn2024finelib"
"University of Turku",2025,"10.1007/s00383-025-06284-4",TRUE,"FinELib Springer Compact agreement","sn2024finelib"
"University of Turku",2025,"10.1007/s00394-025-03654-5",TRUE,"FinELib Springer Compact agreement","sn2024finelib"
"University of Turku",2025,"10.1007/s00414-025-03527-w",TRUE,"FinELib Springer Compact agreement","sn2024finelib"
"University of Turku",2025,"10.1007/s00415-025-13112-1",FALSE,"FinELib Springer Compact agreement","sn2024finelib"
"University of Turku",2025,"10.1007/s00415-025-13354-z",TRUE,"FinELib Springer Compact agreement","sn2024finelib"
"University of Turku",2025,"10.1007/s00421-025-05843-w",TRUE,"FinELib Springer Compact agreement","sn2024finelib"
"University of Turku",2025,"10.1007/s00423-025-03935-x",TRUE,"FinELib Springer Compact agreement","sn2024finelib"
"University of Turku",2025,"10.1007/s00442-025-05815-z",TRUE,"FinELib Springer Compact agreement","sn2024finelib"
"University of Turku",2025,"10.1007/s00455-025-10869-5",TRUE,"FinELib Springer Compact agreement","sn2024finelib"
"University of Turku",2025,"10.1007/s00531-025-02511-4",TRUE,"FinELib Springer Compact agreement","sn2024finelib"
"University of Turku",2025,"10.1007/s00580-025-03703-9",TRUE,"FinELib Springer Compact agreement","sn2024finelib"
"University of Turku",2025,"10.1007/s00586-025-09271-4",TRUE,"FinELib Springer Compact agreement","sn2024finelib"
"University of Turku",2025,"10.1007/s00705-025-06485-1",TRUE,"FinELib Springer Compact agreement","sn2024finelib"
"University of Turku",2025,"10.1007/s00712-025-00909-x",TRUE,"FinELib Springer Compact agreement","sn2024finelib"
"University of Turku",2025,"10.1007/s00784-025-06241-4",TRUE,"FinELib Springer Compact agreement","sn2024finelib"
"University of Turku",2025,"10.1007/s00784-025-06562-4",TRUE,"FinELib Springer Compact agreement","sn2024finelib"
"University of Turku",2025,"10.1007/s00787-025-02735-4",TRUE,"FinELib Springer Compact agreement","sn2024finelib"
"University of Turku",2025,"10.1007/s00787-025-02772-z",TRUE,"FinELib Springer Compact agreement","sn2024finelib"
"University of Turku",2025,"10.1007/s00787-025-02865-9",TRUE,"FinELib Springer Compact agreement","sn2024finelib"
"University of Turku",2025,"10.1007/s00787-025-02928-x",TRUE,"FinELib Springer Compact agreement","sn2024finelib"
"University of Turku",2025,"10.1007/s10113-025-02429-2",TRUE,"FinELib Springer Compact agreement","sn2024finelib"
"University of Turku",2025,"10.1007/s10140-025-02353-2",TRUE,"FinELib Springer Compact agreement","sn2024finelib"
"University of Turku",2025,"10.1007/s10278-025-01535-1",TRUE,"FinELib Springer Compact agreement","sn2024finelib"
"University of Turku",2025,"10.1007/s10278-025-01540-4",TRUE,"FinELib Springer Compact agreement","sn2024finelib"
"University of Turku",2025,"10.1007/s10308-025-00732-5",TRUE,"FinELib Springer Compact agreement","sn2024finelib"
"University of Turku",2025,"10.1007/s10344-025-01997-2",TRUE,"FinELib Springer Compact agreement","sn2024finelib"
"University of Turku",2025,"10.1007/s10389-025-02454-9",TRUE,"FinELib Springer Compact agreement","sn2024finelib"
"University of Turku",2025,"10.1007/s10433-025-00865-x",TRUE,"FinELib Springer Compact agreement","sn2024finelib"
"University of Turku",2025,"10.1007/s10433-025-00876-8",TRUE,"FinELib Springer Compact agreement","sn2024finelib"
"University of Turku",2025,"10.1007/s10433-025-00896-4",TRUE,"FinELib Springer Compact agreement","sn2024finelib"
"University of Turku",2025,"10.1007/s10453-025-09860-2",TRUE,"FinELib Springer Compact agreement","sn2024finelib"
"University of Turku",2025,"10.1007/s10459-025-10458-z",TRUE,"FinELib Springer Compact agreement","sn2024finelib"
"University of Turku",2025,"10.1007/s10554-025-03396-9",TRUE,"FinELib Springer Compact agreement","sn2024finelib"
"University of Turku",2025,"10.1007/s10584-025-03859-x",TRUE,"FinELib Springer Compact agreement","sn2024finelib"
"University of Turku",2025,"10.1007/s10611-025-10248-z",TRUE,"FinELib Springer Compact agreement","sn2024finelib"
"University of Turku",2025,"10.1007/s10620-025-08876-5",TRUE,"FinELib Springer Compact agreement","sn2024finelib"
"University of Turku",2025,"10.1007/s10734-025-01528-7",TRUE,"FinELib Springer Compact agreement","sn2024finelib"
"University of Turku",2025,"10.1007/s10750-025-06058-y",TRUE,"FinELib Springer Compact agreement","sn2024finelib"
"University of Turku",2025,"10.1007/s10798-025-09973-2",TRUE,"FinELib Springer Compact agreement","sn2024finelib"
"University of Turku",2025,"10.1007/s10803-025-07181-4",TRUE,"FinELib Springer Compact agreement","sn2024finelib"
"University of Turku",2025,"10.1007/s10811-025-03673-z",TRUE,"FinELib Springer Compact agreement","sn2024finelib"
"University of Turku",2025,"10.1007/s10898-025-01481-w",TRUE,"FinELib Springer Compact agreement","sn2024finelib"
"University of Turku",2025,"10.1007/s10909-025-03288-1",TRUE,"FinELib Springer Compact agreement","sn2024finelib"
"University of Turku",2025,"10.1007/s10926-025-10282-7",TRUE,"FinELib Springer Compact agreement","sn2024finelib"
"University of Turku",2025,"10.1007/s10964-025-02168-x",TRUE,"FinELib Springer Compact agreement","sn2024finelib"
"University of Turku",2025,"10.1007/s10964-025-02173-0",TRUE,"FinELib Springer Compact agreement","sn2024finelib"
"University of Turku",2025,"10.1007/s10978-025-09428-6",TRUE,"FinELib Springer Compact agreement","sn2024finelib"
"University of Turku",2025,"10.1007/s10980-025-02083-3",TRUE,"FinELib Springer Compact agreement","sn2024finelib"
"University of Turku",2025,"10.1007/s10995-025-04156-w",TRUE,"FinELib Springer Compact agreement","sn2024finelib"
"University of Turku",2025,"10.1007/s11042-024-20587-z",TRUE,"FinELib Springer Compact agreement","sn2024finelib"
"University of Turku",2025,"10.1007/s11047-025-10010-3",TRUE,"FinELib Springer Compact agreement","sn2024finelib"
"University of Turku",2025,"10.1007/s11121-025-01839-2",TRUE,"FinELib Springer Compact agreement","sn2024finelib"
"University of Turku",2025,"10.1007/s11135-025-02095-w",TRUE,"FinELib Springer Compact agreement","sn2024finelib"
"University of Turku",2025,"10.1007/s11135-025-02253-0",TRUE,"FinELib Springer Compact agreement","sn2024finelib"
"University of Turku",2025,"10.1007/s11205-025-03594-x",TRUE,"FinELib Springer Compact agreement","sn2024finelib"
"University of Turku",2025,"10.1007/s11205-025-03617-7",TRUE,"FinELib Springer Compact agreement","sn2024finelib"
"University of Turku",2025,"10.1007/s11207-025-02449-5",TRUE,"FinELib Springer Compact agreement","sn2024finelib"
"University of Turku",2025,"10.1007/s11245-025-10245-w",TRUE,"FinELib Springer Compact agreement","sn2024finelib"
"University of Turku",2025,"10.1007/s11257-025-09431-7",TRUE,"FinELib Springer Compact agreement","sn2024finelib"
"University of Turku",2025,"10.1007/s11301-024-00475-4",TRUE,"FinELib Springer Compact agreement","sn2024finelib"
"University of Turku",2025,"10.1007/s11301-025-00501-z",TRUE,"FinELib Springer Compact agreement","sn2024finelib"
"University of Turku",2025,"10.1007/s11306-025-02281-9",TRUE,"FinELib Springer Compact agreement","sn2024finelib"
"University of Turku",2025,"10.1007/s11325-025-03449-2",TRUE,"FinELib Springer Compact agreement","sn2024finelib"
"University of Turku",2025,"10.1007/s11356-025-37181-x",TRUE,"FinELib Springer Compact agreement","sn2024finelib"
"University of Turku",2025,"10.1007/s11573-025-01250-x",TRUE,"FinELib Springer Compact agreement","sn2024finelib"
"University of Turku",2025,"10.1007/s11625-025-01746-z",FALSE,"FinELib Springer Compact agreement","sn2024finelib"
"University of Turku",2025,"10.1007/s11634-025-00627-8",TRUE,"FinELib Springer Compact agreement","sn2024finelib"
"University of Turku",2025,"10.1007/s11634-025-00661-6",TRUE,"FinELib Springer Compact agreement","sn2024finelib"
"University of Turku",2025,"10.1007/s11666-025-02003-6",TRUE,"FinELib Springer Compact agreement","sn2024finelib"
"University of Turku",2025,"10.1007/s11676-025-01891-2",TRUE,"FinELib Springer Compact agreement","sn2024finelib"
"University of Turku",2025,"10.1007/s11738-025-03799-0",TRUE,"FinELib Springer Compact agreement","sn2024finelib"
"University of Turku",2025,"10.1007/s11760-025-03820-6",TRUE,"FinELib Springer Compact agreement","sn2024finelib"
"University of Turku",2025,"10.1007/s11948-025-00576-7",FALSE,"FinELib Springer Compact agreement","sn2024finelib"
"University of Turku",2025,"10.1007/s12149-025-02014-x",FALSE,"FinELib Springer Compact agreement","sn2024finelib"
"University of Turku",2025,"10.1007/s12149-025-02035-6",FALSE,"FinELib Springer Compact agreement","sn2024finelib"
"University of Turku",2025,"10.1007/s12220-025-02150-w",TRUE,"FinELib Springer Compact agreement","sn2024finelib"
"University of Turku",2025,"10.1007/s12310-025-09793-8",TRUE,"FinELib Springer Compact agreement","sn2024finelib"
"University of Turku",2025,"10.1007/s13162-025-00324-x",TRUE,"FinELib Springer Compact agreement","sn2024finelib"
"University of Turku",2025,"10.1007/s13280-025-02253-2",TRUE,"FinELib Springer Compact agreement","sn2024finelib"
"University of Turku",2025,"10.1007/s13562-025-01019-x",TRUE,"FinELib Springer Compact agreement","sn2024finelib"
"University of Turku",2025,"10.1007/s13592-025-01180-1",TRUE,"FinELib Springer Compact agreement","sn2024finelib"
"University of Turku",2025,"10.1007/s13721-025-00515-3",TRUE,"FinELib Springer Compact agreement","sn2024finelib"
"University of Turku",2025,"10.1007/s13721-025-00534-0",TRUE,"FinELib Springer Compact agreement","sn2024finelib"
"University of Turku",2025,"10.1007/s13721-025-00556-8",TRUE,"FinELib Springer Compact agreement","sn2024finelib"
"University of Turku",2025,"10.1007/s40194-025-01964-0",TRUE,"FinELib Springer Compact agreement","sn2024finelib"
"University of Turku",2025,"10.1007/s40194-025-02213-0",FALSE,"FinELib Springer Compact agreement","sn2024finelib"
"University of Turku",2025,"10.1007/s40319-025-01562-z",TRUE,"FinELib Springer Compact agreement","sn2024finelib"
"University of Turku",2025,"10.1007/s40429-025-00642-x",TRUE,"FinELib Springer Compact agreement","sn2024finelib"
"University of Turku",2025,"10.1007/s40520-025-03229-8",TRUE,"FinELib Springer Compact agreement","sn2024finelib"
"University of Turku",2025,"10.1007/s40592-025-00235-4",FALSE,"FinELib Springer Compact agreement","sn2024finelib"
"University of Turku",2025,"10.1007/s40627-025-00151-7",TRUE,"FinELib Springer Compact agreement","sn2024finelib"
"University of Turku",2025,"10.1007/s40653-025-00718-w",TRUE,"FinELib Springer Compact agreement","sn2024finelib"
"University of Turku",2025,"10.1007/s40653-025-00730-0",TRUE,"FinELib Springer Compact agreement","sn2024finelib"
"University of Turku",2025,"10.1007/s40692-025-00359-w",TRUE,"FinELib Springer Compact agreement","sn2024finelib"
"University of Turku",2025,"10.1007/s40964-025-01202-5",TRUE,"FinELib Springer Compact agreement","sn2024finelib"
"University of Turku",2025,"10.1007/s41237-025-00279-0",TRUE,"FinELib Springer Compact agreement","sn2024finelib"
"University of Turku",2025,"10.1007/s41666-025-00223-7",TRUE,"FinELib Springer Compact agreement","sn2024finelib"
"University of Turku",2025,"10.1007/s42000-025-00734-3",TRUE,"FinELib Springer Compact agreement","sn2024finelib"
"University of Turku",2025,"10.1007/s43681-025-00825-2",TRUE,"FinELib Springer Compact agreement","sn2024finelib"
"University of Turku",2025,"10.1016/j.aca.2025.344366",TRUE,"FinELib Elsevier agreement","els2024finelib"
"University of Turku",2025,"10.1016/j.acorp.2025.100141",TRUE,"FinELib Elsevier agreement","els2024finelib"
"University of Turku",2025,"10.1016/j.ajpath.2025.02.004",TRUE,"FinELib Elsevier agreement","els2024finelib"
"University of Turku",2025,"10.1016/j.amepre.2025.107997",TRUE,"FinELib Elsevier agreement","els2024finelib"
"University of Turku",2025,"10.1016/j.amepre.2025.108243",TRUE,"FinELib Elsevier agreement","els2024finelib"
"University of Turku",2025,"10.1016/j.anai.2025.03.002",TRUE,"FinELib Elsevier agreement","els2024finelib"
"University of Turku",2025,"10.1016/j.ancene.2025.100508",TRUE,"FinELib Elsevier agreement","els2024finelib"
"University of Turku",2025,"10.1016/j.annals.2025.103998",TRUE,"FinELib Elsevier agreement","els2024finelib"
"University of Turku",2025,"10.1016/j.aop.2025.170326",TRUE,"FinELib Elsevier agreement","els2024finelib"
"University of Turku",2025,"10.1016/j.apenergy.2025.127022",TRUE,"FinELib Elsevier agreement","els2024finelib"
"University of Turku",2025,"10.1016/j.apsusc.2025.162790",TRUE,"FinELib Elsevier agreement","els2024finelib"
"University of Turku",2025,"10.1016/j.apsusc.2025.165009",TRUE,"FinELib Elsevier agreement","els2024finelib"
"University of Turku",2025,"10.1016/j.asr.2025.10.099",TRUE,"FinELib Elsevier agreement","els2024finelib"
"University of Turku",2025,"10.1016/j.atherosclerosis.2025.120218",TRUE,"FinELib Elsevier agreement","els2024finelib"
"University of Turku",2025,"10.1016/j.atherosclerosis.2025.120426",TRUE,"FinELib Elsevier agreement","els2024finelib"
"University of Turku",2025,"10.1016/j.atherosclerosis.2025.120595",TRUE,"FinELib Elsevier agreement","els2024finelib"
"University of Turku",2025,"10.1016/j.bioadv.2025.214495",TRUE,"FinELib Elsevier agreement","els2024finelib"
"University of Turku",2025,"10.1016/j.biocon.2025.111213",TRUE,"FinELib Elsevier agreement","els2024finelib"
"University of Turku",2025,"10.1016/j.biocon.2025.111669",TRUE,"FinELib Elsevier agreement","els2024finelib"
"University of Turku",2025,"10.1016/j.bios.2025.118163",TRUE,"FinELib Elsevier agreement","els2024finelib"
"University of Turku",2025,"10.1016/j.bjps.2025.10.013",TRUE,"FinELib Elsevier agreement","els2024finelib"
"University of Turku",2025,"10.1016/j.bspc.2025.108502",TRUE,"FinELib Elsevier agreement","els2024finelib"
"University of Turku",2025,"10.1016/j.bspc.2025.108688",TRUE,"FinELib Elsevier agreement","els2024finelib"
"University of Turku",2025,"10.1016/j.carrev.2025.04.027",TRUE,"FinELib Elsevier agreement","els2024finelib"
"University of Turku",2025,"10.1016/j.cca.2025.120419",TRUE,"FinELib Elsevier agreement","els2024finelib"
"University of Turku",2025,"10.1016/j.cca.2025.120454",TRUE,"FinELib Elsevier agreement","els2024finelib"
"University of Turku",2025,"10.1016/j.cca.2025.120790",TRUE,"FinELib Elsevier agreement","els2024finelib"
"University of Turku",2025,"10.1016/j.chemphyslip.2025.105526",TRUE,"FinELib Elsevier agreement","els2024finelib"
"University of Turku",2025,"10.1016/j.cities.2025.105838",TRUE,"FinELib Elsevier agreement","els2024finelib"
"University of Turku",2025,"10.1016/j.cities.2025.106592",TRUE,"FinELib Elsevier agreement","els2024finelib"
"University of Turku",2025,"10.1016/j.clinbiochem.2025.110916",TRUE,"FinELib Elsevier agreement","els2024finelib"
"University of Turku",2025,"10.1016/j.clnesp.2025.01.047",TRUE,"FinELib Elsevier agreement","els2024finelib"
"University of Turku",2025,"10.1016/j.cognition.2025.106177",TRUE,"FinELib Elsevier agreement","els2024finelib"
"University of Turku",2025,"10.1016/j.compbiomed.2025.109743",TRUE,"FinELib Elsevier agreement","els2024finelib"
"University of Turku",2025,"10.1016/j.compbiomed.2025.109798",TRUE,"FinELib Elsevier agreement","els2024finelib"
"University of Turku",2025,"10.1016/j.concog.2025.103918",TRUE,"FinELib Elsevier agreement","els2024finelib"
"University of Turku",2025,"10.1016/j.dam.2025.08.054",TRUE,"FinELib Elsevier agreement","els2024finelib"
"University of Turku",2025,"10.1016/j.dcm.2025.100932",TRUE,"FinELib Elsevier agreement","els2024finelib"
"University of Turku",2025,"10.1016/j.dental.2025.10.016",TRUE,"FinELib Elsevier agreement","els2024finelib"
"University of Turku",2025,"10.1016/j.devcel.2025.06.025",TRUE,"FinELib Elsevier agreement","els2024finelib"
"University of Turku",2025,"10.1016/j.diabres.2025.112411",TRUE,"FinELib Elsevier agreement","els2024finelib"
"University of Turku",2025,"10.1016/j.dld.2025.01.197",FALSE,"FinELib Elsevier agreement","els2024finelib"
"University of Turku",2025,"10.1016/j.eap.2025.10.040",TRUE,"FinELib Elsevier agreement","els2024finelib"
"University of Turku",2025,"10.1016/j.earlhumdev.2025.106348",TRUE,"FinELib Elsevier agreement","els2024finelib"
"University of Turku",2025,"10.1016/j.ecoinf.2025.103233",FALSE,"FinELib Elsevier agreement","els2024finelib"
"University of Turku",2025,"10.1016/j.econlet.2025.112455",TRUE,"FinELib Elsevier agreement","els2024finelib"
"University of Turku",2025,"10.1016/j.ecresq.2025.10.007",TRUE,"FinELib Elsevier agreement","els2024finelib"
"University of Turku",2025,"10.1016/j.eiar.2025.107877",TRUE,"FinELib Elsevier agreement","els2024finelib"
"University of Turku",2025,"10.1016/j.eist.2025.101093",TRUE,"FinELib Elsevier agreement","els2024finelib"
"University of Turku",2025,"10.1016/j.ejogrb.2025.114031",TRUE,"FinELib Elsevier agreement","els2024finelib"
"University of Turku",2025,"10.1016/j.ejon.2025.102940",TRUE,"FinELib Elsevier agreement","els2024finelib"
"University of Turku",2025,"10.1016/j.ejps.2025.107402",FALSE,"FinELib Elsevier agreement","els2024finelib"
"University of Turku",2025,"10.1016/j.ejrad.2025.112526",TRUE,"FinELib Elsevier agreement","els2024finelib"
"University of Turku",2025,"10.1016/j.ejvs.2025.02.004",TRUE,"FinELib Elsevier agreement","els2024finelib"
"University of Turku",2025,"10.1016/j.ejvs.2025.06.026",TRUE,"FinELib Elsevier agreement","els2024finelib"
"University of Turku",2025,"10.1016/j.ejvs.2025.12.039",TRUE,"FinELib Elsevier agreement","els2024finelib"
"University of Turku",2025,"10.1016/j.entcom.2025.100970",TRUE,"FinELib Elsevier agreement","els2024finelib"
"University of Turku",2025,"10.1016/j.envres.2025.123017",TRUE,"FinELib Elsevier agreement","els2024finelib"
"University of Turku",2025,"10.1016/j.foodchem.2025.144233",TRUE,"FinELib Elsevier agreement","els2024finelib"
"University of Turku",2025,"10.1016/j.foodqual.2025.105631",TRUE,"FinELib Elsevier agreement","els2024finelib"
"University of Turku",2025,"10.1016/j.foodres.2025.115710",TRUE,"FinELib Elsevier agreement","els2024finelib"
"University of Turku",2025,"10.1016/j.foodres.2025.117501",TRUE,"FinELib Elsevier agreement","els2024finelib"
"University of Turku",2025,"10.1016/j.foreco.2025.123280",TRUE,"FinELib Elsevier agreement","els2024finelib"
"University of Turku",2025,"10.1016/j.forpol.2025.103474",TRUE,"FinELib Elsevier agreement","els2024finelib"
"University of Turku",2025,"10.1016/j.genhosppsych.2025.01.017",TRUE,"FinELib Elsevier agreement","els2024finelib"
"University of Turku",2025,"10.1016/j.geoforum.2025.104459",TRUE,"FinELib Elsevier agreement","els2024finelib"
"University of Turku",2025,"10.1016/j.gim.2025.101571",TRUE,"FinELib Elsevier agreement","els2024finelib"
"University of Turku",2025,"10.1016/j.hansur.2025.102199",TRUE,"FinELib Elsevier agreement","els2024finelib"
"University of Turku",2025,"10.1016/j.hrthm.2025.03.1981",TRUE,"FinELib Elsevier agreement","els2024finelib"
"University of Turku",2025,"10.1016/j.idnow.2025.105091",TRUE,"FinELib Elsevier agreement","els2024finelib"
"University of Turku",2025,"10.1016/j.ijadhadh.2025.103952",TRUE,"FinELib Elsevier agreement","els2024finelib"
"University of Turku",2025,"10.1016/j.ijcard.2025.132986",TRUE,"FinELib Elsevier agreement","els2024finelib"
"University of Turku",2025,"10.1016/j.ijcard.2025.133493",TRUE,"FinELib Elsevier agreement","els2024finelib"
"University of Turku",2025,"10.1016/j.ijcard.2025.134023",TRUE,"FinELib Elsevier agreement","els2024finelib"
"University of Turku",2025,"10.1016/j.ijdrr.2025.105671",FALSE,"FinELib Elsevier agreement","els2024finelib"
"University of Turku",2025,"10.1016/j.ijer.2025.102827",TRUE,"FinELib Elsevier agreement","els2024finelib"
"University of Turku",2025,"10.1016/j.ijforecast.2025.12.008",TRUE,"FinELib Elsevier agreement","els2024finelib"
"University of Turku",2025,"10.1016/j.ijhcs.2025.103548",TRUE,"FinELib Elsevier agreement","els2024finelib"
"University of Turku",2025,"10.1016/j.ijmedinf.2025.106046",TRUE,"FinELib Elsevier agreement","els2024finelib"
"University of Turku",2025,"10.1016/j.ijmedinf.2025.106103",TRUE,"FinELib Elsevier agreement","els2024finelib"
"University of Turku",2025,"10.1016/j.ijmedinf.2025.106242",TRUE,"FinELib Elsevier agreement","els2024finelib"
"University of Turku",2025,"10.1016/j.indmarman.2025.06.006",TRUE,"FinELib Elsevier agreement","els2024finelib"
"University of Turku",2025,"10.1016/j.infsof.2025.107864",TRUE,"FinELib Elsevier agreement","els2024finelib"
"University of Turku",2025,"10.1016/j.injury.2025.112199",TRUE,"FinELib Elsevier agreement","els2024finelib"
"University of Turku",2025,"10.1016/j.inoche.2025.115024",TRUE,"FinELib Elsevier agreement","els2024finelib"
"University of Turku",2025,"10.1016/j.jasrep.2025.105113",TRUE,"FinELib Elsevier agreement","els2024finelib"
"University of Turku",2025,"10.1016/j.jbiomech.2025.112568",TRUE,"FinELib Elsevier agreement","els2024finelib"
"University of Turku",2025,"10.1016/j.jbvi.2025.e00515",TRUE,"FinELib Elsevier agreement","els2024finelib"
"University of Turku",2025,"10.1016/j.jcis.2025.01.256",TRUE,"FinELib Elsevier agreement","els2024finelib"
"University of Turku",2025,"10.1016/j.jclinane.2025.111899",TRUE,"FinELib Elsevier agreement","els2024finelib"
"University of Turku",2025,"10.1016/j.jdent.2025.106109",TRUE,"FinELib Elsevier agreement","els2024finelib"
"University of Turku",2025,"10.1016/j.jdeveco.2025.103470",TRUE,"FinELib Elsevier agreement","els2024finelib"
"University of Turku",2025,"10.1016/j.jeap.2025.101621",TRUE,"FinELib Elsevier agreement","els2024finelib"
"University of Turku",2025,"10.1016/j.jebdp.2025.102124",TRUE,"FinELib Elsevier agreement","els2024finelib"
"University of Turku",2025,"10.1016/j.jebo.2025.107367",TRUE,"FinELib Elsevier agreement","els2024finelib"
"University of Turku",2025,"10.1016/j.jecp.2025.106238",TRUE,"FinELib Elsevier agreement","els2024finelib"
"University of Turku",2025,"10.1016/j.jelechem.2025.119081",TRUE,"FinELib Elsevier agreement","els2024finelib"
"University of Turku",2025,"10.1016/j.jenvp.2025.102699",TRUE,"FinELib Elsevier agreement","els2024finelib"
"University of Turku",2025,"10.1016/j.jenvp.2025.102777",TRUE,"FinELib Elsevier agreement","els2024finelib"
"University of Turku",2025,"10.1016/j.jfluchem.2025.110423",TRUE,"FinELib Elsevier agreement","els2024finelib"
"University of Turku",2025,"10.1016/j.jhin.2025.05.019",TRUE,"FinELib Elsevier agreement","els2024finelib"
"University of Turku",2025,"10.1016/j.jid.2025.04.007",TRUE,"FinELib Elsevier agreement","els2024finelib"
"University of Turku",2025,"10.1016/j.jmpt.2025.10.046",TRUE,"FinELib Elsevier agreement","els2024finelib"
"University of Turku",2025,"10.1016/j.jmva.2025.105587",TRUE,"FinELib Elsevier agreement","els2024finelib"
"University of Turku",2025,"10.1016/j.jormas.2025.102302",TRUE,"FinELib Elsevier agreement","els2024finelib"
"University of Turku",2025,"10.1016/j.jsp.2025.101472",TRUE,"FinELib Elsevier agreement","els2024finelib"
"University of Turku",2025,"10.1016/j.jtherbio.2025.104255",TRUE,"FinELib Elsevier agreement","els2024finelib"
"University of Turku",2025,"10.1016/j.jvs.2025.08.036",TRUE,"FinELib Elsevier agreement","els2024finelib"
"University of Turku",2025,"10.1016/j.jvs.2025.09.030",TRUE,"FinELib Elsevier agreement","els2024finelib"
"University of Turku",2025,"10.1016/j.lcsi.2025.100956",TRUE,"FinELib Elsevier agreement","els2024finelib"
"University of Turku",2025,"10.1016/j.learninstruc.2025.102200",TRUE,"FinELib Elsevier agreement","els2024finelib"
"University of Turku",2025,"10.1016/j.lindif.2025.102643",TRUE,"FinELib Elsevier agreement","els2024finelib"
"University of Turku",2025,"10.1016/j.lindif.2025.102674",TRUE,"FinELib Elsevier agreement","els2024finelib"
"University of Turku",2025,"10.1016/j.lwt.2025.117835",FALSE,"FinELib Elsevier agreement","els2024finelib"
"University of Turku",2025,"10.1016/j.lwt.2025.118119",FALSE,"FinELib Elsevier agreement","els2024finelib"
"University of Turku",2025,"10.1016/j.lwt.2025.118894",FALSE,"FinELib Elsevier agreement","els2024finelib"
"University of Turku",2025,"10.1016/j.maturitas.2025.108266",TRUE,"FinELib Elsevier agreement","els2024finelib"
"University of Turku",2025,"10.1016/j.maturitas.2025.108623",TRUE,"FinELib Elsevier agreement","els2024finelib"
"University of Turku",2025,"10.1016/j.maturitas.2025.108655",TRUE,"FinELib Elsevier agreement","els2024finelib"
"University of Turku",2025,"10.1016/j.micron.2025.103847",TRUE,"FinELib Elsevier agreement","els2024finelib"
"University of Turku",2025,"10.1016/j.nedt.2025.106953",TRUE,"FinELib Elsevier agreement","els2024finelib"
"University of Turku",2025,"10.1016/j.numecd.2025.104095",TRUE,"FinELib Elsevier agreement","els2024finelib"
"University of Turku",2025,"10.1016/j.obmed.2025.100596",TRUE,"FinELib Elsevier agreement","els2024finelib"
"University of Turku",2025,"10.1016/j.oceaneng.2025.120387",TRUE,"FinELib Elsevier agreement","els2024finelib"
"University of Turku",2025,"10.1016/j.optlastec.2025.114070",TRUE,"FinELib Elsevier agreement","els2024finelib"
"University of Turku",2025,"10.1016/j.oraloncology.2025.107287",TRUE,"FinELib Elsevier agreement","els2024finelib"
"University of Turku",2025,"10.1016/j.outlook.2025.102521",TRUE,"FinELib Elsevier agreement","els2024finelib"
"University of Turku",2025,"10.1016/j.parkreldis.2025.108021",TRUE,"FinELib Elsevier agreement","els2024finelib"
"University of Turku",2025,"10.1016/j.patcog.2025.111654",TRUE,"FinELib Elsevier agreement","els2024finelib"
"University of Turku",2025,"10.1016/j.pep.2025.106808",TRUE,"FinELib Elsevier agreement","els2024finelib"
"University of Turku",2025,"10.1016/j.precamres.2025.107828",TRUE,"FinELib Elsevier agreement","els2024finelib"
"University of Turku",2025,"10.1016/j.prosdent.2025.09.039",TRUE,"FinELib Elsevier agreement","els2024finelib"
"University of Turku",2025,"10.1016/j.psychres.2025.116780",TRUE,"FinELib Elsevier agreement","els2024finelib"
"University of Turku",2025,"10.1016/j.renene.2025.125169",TRUE,"FinELib Elsevier agreement","els2024finelib"
"University of Turku",2025,"10.1016/j.rse.2025.114696",TRUE,"FinELib Elsevier agreement","els2024finelib"
"University of Turku",2025,"10.1016/j.rssm.2025.101063",TRUE,"FinELib Elsevier agreement","els2024finelib"
"University of Turku",2025,"10.1016/j.sleep.2025.01.035",TRUE,"FinELib Elsevier agreement","els2024finelib"
"University of Turku",2025,"10.1016/j.socscimed.2025.118325",TRUE,"FinELib Elsevier agreement","els2024finelib"
"University of Turku",2025,"10.1016/j.socscimed.2025.118418",TRUE,"FinELib Elsevier agreement","els2024finelib"
"University of Turku",2025,"10.1016/j.solmat.2025.113657",TRUE,"FinELib Elsevier agreement","els2024finelib"
"University of Turku",2025,"10.1016/j.spc.2025.10.020",TRUE,"FinELib Elsevier agreement","els2024finelib"
"University of Turku",2025,"10.1016/j.spinee.2025.07.011",TRUE,"FinELib Elsevier agreement","els2024finelib"
"University of Turku",2025,"10.1016/j.srhc.2025.101127",FALSE,"FinELib Elsevier agreement","els2024finelib"
"University of Turku",2025,"10.1016/j.suronc.2025.102188",TRUE,"FinELib Elsevier agreement","els2024finelib"
"University of Turku",2025,"10.1016/j.sysarc.2025.103528",TRUE,"FinELib Elsevier agreement","els2024finelib"
"University of Turku",2025,"10.1016/j.talanta.2025.128867",TRUE,"FinELib Elsevier agreement","els2024finelib"
"University of Turku",2025,"10.1016/j.tcs.2025.115079",TRUE,"FinELib Elsevier agreement","els2024finelib"
"University of Turku",2025,"10.1016/j.tcs.2025.115237",TRUE,"FinELib Elsevier agreement","els2024finelib"
"University of Turku",2025,"10.1016/j.tcs.2025.115279",TRUE,"FinELib Elsevier agreement","els2024finelib"
"University of Turku",2025,"10.1016/j.techfore.2025.124218",TRUE,"FinELib Elsevier agreement","els2024finelib"
"University of Turku",2025,"10.1016/j.teln.2025.01.004",TRUE,"FinELib Elsevier agreement","els2024finelib"
"University of Turku",2025,"10.1016/j.telpol.2025.103114",TRUE,"FinELib Elsevier agreement","els2024finelib"
"University of Turku",2025,"10.1016/j.tem.2025.08.006",TRUE,"FinELib Elsevier agreement","els2024finelib"
"University of Turku",2025,"10.1016/j.tig.2025.08.004",TRUE,"FinELib Elsevier agreement","els2024finelib"
"University of Turku",2025,"10.1016/j.tjnut.2025.05.005",TRUE,"FinELib Elsevier agreement","els2024finelib"
"University of Turku",2025,"10.1016/j.ufug.2025.128892",TRUE,"FinELib Elsevier agreement","els2024finelib"
"University of Turku",2025,"10.1016/j.vaccine.2025.127279",TRUE,"FinELib Elsevier agreement","els2024finelib"
"University of Turku",2025,"10.1016/j.vaccine.2025.127894",TRUE,"FinELib Elsevier agreement","els2024finelib"
"University of Turku",2025,"10.1016/j.worlddev.2025.107053",TRUE,"FinELib Elsevier agreement","els2024finelib"
"University of Turku",2025,"10.1016/j.worlddev.2025.107115",TRUE,"FinELib Elsevier agreement","els2024finelib"
"University of Turku",2025,"10.1016/j.yebeh.2025.110856",TRUE,"FinELib Elsevier agreement","els2024finelib"
"University of Turku",2025,"10.1016/j.ygcen.2025.114757",TRUE,"FinELib Elsevier agreement","els2024finelib"
"University of Turku",2025,"10.1016/j.ygyno.2025.03.038",TRUE,"FinELib Elsevier agreement","els2024finelib"
"University of Turku",2025,"10.1016/j.yhbeh.2025.105862",TRUE,"FinELib Elsevier agreement","els2024finelib"
"University of Turku",2025,"10.1017/apj.2025.10012",FALSE,"FinELib CUP agreement","cam2024finelib"
"University of Turku",2025,"10.1017/apj.2025.10024",FALSE,"FinELib CUP agreement","cam2024finelib"
"University of Turku",2025,"10.1017/apr.2025.10022",TRUE,"FinELib CUP agreement","cam2024finelib"
"University of Turku",2025,"10.1017/ash.2025.10070",FALSE,"FinELib CUP agreement","cam2024finelib"
"University of Turku",2025,"10.1017/bjt.2025.10018",FALSE,"FinELib CUP agreement","cam2024finelib"
"University of Turku",2025,"10.1017/ehs.2024.47",FALSE,"FinELib CUP agreement","cam2024finelib"
"University of Turku",2025,"10.1017/err.2025.10024",FALSE,"FinELib CUP agreement","cam2024finelib"
"University of Turku",2025,"10.1017/fms.2025.10118",FALSE,"FinELib CUP agreement","cam2024finelib"
"University of Turku",2025,"10.1017/glj.2025.15",FALSE,"FinELib CUP agreement","cam2024finelib"
"University of Turku",2025,"10.1017/gov.2025.5",FALSE,"FinELib CUP agreement","cam2024finelib"
"University of Turku",2025,"10.1017/jpr.2025.10033",TRUE,"FinELib CUP agreement","cam2024finelib"
"University of Turku",2025,"10.1017/mit.2025.3",TRUE,"FinELib CUP agreement","cam2024finelib"
"University of Turku",2025,"10.1017/nps.2024.80",TRUE,"FinELib CUP agreement","cam2024finelib"
"University of Turku",2025,"10.1017/pan.2024.28",TRUE,"FinELib CUP agreement","cam2024finelib"
"University of Turku",2025,"10.1017/S0007087425101416",TRUE,"FinELib CUP agreement","cam2024finelib"
"University of Turku",2025,"10.1017/S0007123425100860",FALSE,"FinELib CUP agreement","cam2024finelib"
"University of Turku",2025,"10.1017/S0009640725101881",TRUE,"FinELib CUP agreement","cam2024finelib"
"University of Turku",2025,"10.1017/S0021855325000026",FALSE,"FinELib CUP agreement","cam2024finelib"
"University of Turku",2025,"10.1017/S0033291725000662",FALSE,"FinELib CUP agreement","cam2024finelib"
"University of Turku",2025,"10.1017/S0261143025000017",TRUE,"FinELib CUP agreement","cam2024finelib"
"University of Turku",2025,"10.1017/S0272263125000026",FALSE,"FinELib CUP agreement","cam2024finelib"
"University of Turku",2025,"10.1017/S0272263125101289",FALSE,"FinELib CUP agreement","cam2024finelib"
"University of Turku",2025,"10.1017/S0272263125101307",FALSE,"FinELib CUP agreement","cam2024finelib"
"University of Turku",2025,"10.1017/S0305004125000258",TRUE,"FinELib CUP agreement","cam2024finelib"
"University of Turku",2025,"10.1017/S0305004125000271",TRUE,"FinELib CUP agreement","cam2024finelib"
"University of Turku",2025,"10.1017/S0305004125101813",TRUE,"FinELib CUP agreement","cam2024finelib"
"University of Turku",2025,"10.1017/S0332586525000010",FALSE,"FinELib CUP agreement","cam2024finelib"
"University of Turku",2025,"10.1017/S0922156525100526",FALSE,"FinELib CUP agreement","cam2024finelib"
"University of Turku",2025,"10.1017/S0956793325100046",FALSE,"FinELib CUP agreement","cam2024finelib"
"University of Turku",2025,"10.1017/S1366728925100199",FALSE,"FinELib CUP agreement","cam2024finelib"
"University of Turku",2025,"10.1017/S174392132300577X",TRUE,"FinELib CUP agreement","cam2024finelib"
"University of Turku",2025,"10.1017/S1743923X25000145",TRUE,"FinELib CUP agreement","cam2024finelib"
"University of Turku",2025,"10.1038/s41366-025-01730-8",TRUE,"FinELib Springer Compact agreement","sn2024finelib"
"University of Turku",2025,"10.1038/s41366-025-01888-1",TRUE,"FinELib Springer Compact agreement","sn2024finelib"
"University of Turku",2025,"10.1038/s41366-025-01974-4",TRUE,"FinELib Springer Compact agreement","sn2024finelib"
"University of Turku",2025,"10.1038/s41380-025-03385-3",TRUE,"FinELib Springer Compact agreement","sn2024finelib"
"University of Turku",2025,"10.1038/s41390-025-04191-x",TRUE,"FinELib Springer Compact agreement","sn2024finelib"
"University of Turku",2025,"10.1038/s41393-025-01143-4",TRUE,"FinELib Springer Compact agreement","sn2024finelib"
"University of Turku",2025,"10.1038/s41416-025-03055-9",TRUE,"FinELib Springer Compact agreement","sn2024finelib"
"University of Turku",2025,"10.1038/s41430-025-01596-z",TRUE,"FinELib Springer Compact agreement","sn2024finelib"
"University of Turku",2025,"10.1038/s41556-025-01663-4",TRUE,"FinELib Nature Research agreement","sn2025finelib"
"University of Turku",2025,"10.1038/s43016-025-01148-5",TRUE,"FinELib Nature Research agreement","sn2025finelib"
"University of Turku",2025,"10.1039/D4CP04206A",TRUE,"FinELib RSC agreement","rsc2024finelib"
"University of Turku",2025,"10.1039/D4OB01973C",TRUE,"FinELib RSC agreement","rsc2024finelib"
"University of Turku",2025,"10.1039/D5AY01422K",TRUE,"FinELib RSC agreement","rsc2024finelib"
"University of Turku",2025,"10.1039/D5DT00389J",TRUE,"FinELib RSC agreement","rsc2024finelib"
"University of Turku",2025,"10.1039/D5TC03045E",TRUE,"FinELib RSC agreement","rsc2024finelib"
"University of Turku",2025,"10.1039/D5TC03251B",TRUE,"FinELib RSC agreement","rsc2024finelib"
"University of Turku",2025,"10.1057/s41268-025-00362-9",TRUE,"FinELib Springer Compact agreement","sn2024finelib"
"University of Turku",2025,"10.1057/s41270-025-00439-x",TRUE,"FinELib Springer Compact agreement","sn2024finelib"
"University of Turku",2025,"10.1057/s41299-024-00215-0",TRUE,"FinELib Springer Compact agreement","sn2024finelib"
"University of Turku",2025,"10.1080/0013838X.2025.2522208",TRUE,"FinELib Taylor & Francis agreement","tf2025finelib"
"University of Turku",2025,"10.1080/00220671.2025.2517266",TRUE,"FinELib Taylor & Francis agreement","tf2025finelib"
"University of Turku",2025,"10.1080/00220973.2025.2459411",TRUE,"FinELib Taylor & Francis agreement","tf2025finelib"
"University of Turku",2025,"10.1080/00222933.2025.2468686",TRUE,"FinELib Taylor & Francis agreement","tf2025finelib"
"University of Turku",2025,"10.1080/00313831.2025.2468182",TRUE,"FinELib Taylor & Francis agreement","tf2025finelib"
"University of Turku",2025,"10.1080/00313831.2025.2492057",TRUE,"FinELib Taylor & Francis agreement","tf2025finelib"
"University of Turku",2025,"10.1080/00313831.2025.2506381",TRUE,"FinELib Taylor & Francis agreement","tf2025finelib"
"University of Turku",2025,"10.1080/00313831.2025.2516486",TRUE,"FinELib Taylor & Francis agreement","tf2025finelib"
"University of Turku",2025,"10.1080/00324728.2025.2592578",TRUE,"FinELib Taylor & Francis agreement","tf2025finelib"
"University of Turku",2025,"10.1080/00918369.2025.2590139",TRUE,"FinELib Taylor & Francis agreement","tf2025finelib"
"University of Turku",2025,"10.1080/01425692.2025.2585323",TRUE,"FinELib Taylor & Francis agreement","tf2025finelib"
"University of Turku",2025,"10.1080/01426397.2025.2551281",TRUE,"FinELib Taylor & Francis agreement","tf2025finelib"
"University of Turku",2025,"10.1080/01434632.2025.2521430",TRUE,"FinELib Taylor & Francis agreement","tf2025finelib"
"University of Turku",2025,"10.1080/01442872.2025.2454488",TRUE,"FinELib Taylor & Francis agreement","tf2025finelib"
"University of Turku",2025,"10.1080/0144929X.2025.2469659",TRUE,"FinELib Taylor & Francis agreement","tf2025finelib"
"University of Turku",2025,"10.1080/01490400.2025.2517342",TRUE,"FinELib Taylor & Francis agreement","tf2025finelib"
"University of Turku",2025,"10.1080/02602938.2025.2571219",TRUE,"FinELib Taylor & Francis agreement","tf2025finelib"
"University of Turku",2025,"10.1080/03069400.2025.2501869",TRUE,"FinELib Taylor & Francis agreement","tf2025finelib"
"University of Turku",2025,"10.1080/03098265.2025.2593484",TRUE,"FinELib Taylor & Francis agreement","tf2025finelib"
"University of Turku",2025,"10.1080/07036337.2025.2574424",TRUE,"FinELib Taylor & Francis agreement","tf2025finelib"
"University of Turku",2025,"10.1080/07352166.2025.2548831",TRUE,"FinELib Taylor & Francis agreement","tf2025finelib"
"University of Turku",2025,"10.1080/07370008.2025.2503193",TRUE,"FinELib Taylor & Francis agreement","tf2025finelib"
"University of Turku",2025,"10.1080/07853890.2025.2457522",TRUE,"FinELib Taylor & Francis agreement","tf2025finelib"
"University of Turku",2025,"10.1080/08038740.2025.2553679",TRUE,"FinELib Taylor & Francis agreement","tf2025finelib"
"University of Turku",2025,"10.1080/08351813.2025.2484994",TRUE,"FinELib Taylor & Francis agreement","tf2025finelib"
"University of Turku",2025,"10.1080/08957347.2025.2533124",TRUE,"FinELib Taylor & Francis agreement","tf2025finelib"
"University of Turku",2025,"10.1080/10286632.2025.2458566",TRUE,"FinELib Taylor & Francis agreement","tf2025finelib"
"University of Turku",2025,"10.1080/10438599.2025.2517650",TRUE,"FinELib Taylor & Francis agreement","tf2025finelib"
"University of Turku",2025,"10.1080/10485252.2025.2517775",TRUE,"FinELib Taylor & Francis agreement","tf2025finelib"
"University of Turku",2025,"10.1080/10564934.2025.2590425",TRUE,"FinELib Taylor & Francis agreement","tf2025finelib"
"University of Turku",2025,"10.1080/10986065.2025.2462587",TRUE,"FinELib Taylor & Francis agreement","tf2025finelib"
"University of Turku",2025,"10.1080/1350293X.2025.2578230",TRUE,"FinELib Taylor & Francis agreement","tf2025finelib"
"University of Turku",2025,"10.1080/13504622.2025.2579508",TRUE,"FinELib Taylor & Francis agreement","tf2025finelib"
"University of Turku",2025,"10.1080/13562517.2025.2465992",TRUE,"FinELib Taylor & Francis agreement","tf2025finelib"
"University of Turku",2025,"10.1080/1359432X.2025.2517620",TRUE,"FinELib Taylor & Francis agreement","tf2025finelib"
"University of Turku",2025,"10.1080/13600869.2025.2575550",TRUE,"FinELib Taylor & Francis agreement","tf2025finelib"
"University of Turku",2025,"10.1080/13668803.2025.2549036",TRUE,"FinELib Taylor & Francis agreement","tf2025finelib"
"University of Turku",2025,"10.1080/13676261.2025.2520311",TRUE,"FinELib Taylor & Francis agreement","tf2025finelib"
"University of Turku",2025,"10.1080/14484528.2025.2578188",TRUE,"FinELib Taylor & Francis agreement","tf2025finelib"
"University of Turku",2025,"10.1080/14626268.2025.2491471",TRUE,"FinELib Taylor & Francis agreement","tf2025finelib"
"University of Turku",2025,"10.1080/14649357.2025.2489948",TRUE,"FinELib Taylor & Francis agreement","tf2025finelib"
"University of Turku",2025,"10.1080/14703297.2025.2464616",TRUE,"FinELib Taylor & Francis agreement","tf2025finelib"
"University of Turku",2025,"10.1080/14759551.2025.2460446",TRUE,"FinELib Taylor & Francis agreement","tf2025finelib"
"University of Turku",2025,"10.1080/14790718.2025.2556001",TRUE,"FinELib Taylor & Francis agreement","tf2025finelib"
"University of Turku",2025,"10.1080/15326349.2025.2485116",TRUE,"FinELib Taylor & Francis agreement","tf2025finelib"
"University of Turku",2025,"10.1080/17439884.2025.2450724",TRUE,"FinELib Taylor & Francis agreement","tf2025finelib"
"University of Turku",2025,"10.1080/17476933.2025.2500350",TRUE,"FinELib Taylor & Francis agreement","tf2025finelib"
"University of Turku",2025,"10.1080/17508487.2025.2537652",TRUE,"FinELib Taylor & Francis agreement","tf2025finelib"
"University of Turku",2025,"10.1080/18918131.2025.2458956",TRUE,"FinELib Taylor & Francis agreement","tf2025finelib"
"University of Turku",2025,"10.1080/19012276.2025.2571698",TRUE,"FinELib Taylor & Francis agreement","tf2025finelib"
"University of Turku",2025,"10.1080/20508840.2025.2513176",TRUE,"FinELib Taylor & Francis agreement","tf2025finelib"
"University of Turku",2025,"10.1080/21504857.2025.2541884",TRUE,"FinELib Taylor & Francis agreement","tf2025finelib"
"University of Turku",2025,"10.1080/2154896X.2025.2492490",TRUE,"FinELib Taylor & Francis agreement","tf2025finelib"
"University of Turku",2025,"10.1080/2156857X.2025.2554877",TRUE,"FinELib Taylor & Francis agreement","tf2025finelib"
"University of Turku",2025,"10.1080/23322705.2025.2539000",TRUE,"FinELib Taylor & Francis agreement","tf2025finelib"
"University of Turku",2025,"10.1093/aje/kwaf032",TRUE,"FinELib OUP agreement","oxf2024finelib"
"University of Turku",2025,"10.1093/bjd/ljaf419",TRUE,"FinELib OUP agreement","oxf2024finelib"
"University of Turku",2025,"10.1093/bjs/znaf132",TRUE,"FinELib OUP agreement","oxf2024finelib"
"University of Turku",2025,"10.1093/bjs/znaf143",TRUE,"FinELib OUP agreement","oxf2024finelib"
"University of Turku",2025,"10.1093/chidev/aacaf053",TRUE,"FinELib OUP agreement","oxf2024finelib"
"University of Turku",2025,"10.1093/clinchem/hvaf077",TRUE,"FinELib OUP agreement","oxf2024finelib"
"University of Turku",2025,"10.1093/ehjci/jeaf121",TRUE,"FinELib OUP agreement","oxf2024finelib"
"University of Turku",2025,"10.1093/ehjci/jeaf372",TRUE,"FinELib OUP agreement","oxf2024finelib"
"University of Turku",2025,"10.1093/ehjqcco/qcaf028",TRUE,"FinELib OUP agreement","oxf2024finelib"
"University of Turku",2025,"10.1093/ejo/cjaf062",TRUE,"FinELib OUP agreement","oxf2024finelib"
"University of Turku",2025,"10.1093/esr/jcaf003",TRUE,"FinELib OUP agreement","oxf2024finelib"
"University of Turku",2025,"10.1093/eurheartj/ehaf975",TRUE,"FinELib OUP agreement","oxf2024finelib"
"University of Turku",2025,"10.1093/eurjpc/zwaf271",TRUE,"FinELib OUP agreement","oxf2024finelib"
"University of Turku",2025,"10.1093/eurjpc/zwaf339",TRUE,"FinELib OUP agreement","oxf2024finelib"
"University of Turku",2025,"10.1093/eurjpc/zwaf394",TRUE,"FinELib OUP agreement","oxf2024finelib"
"University of Turku",2025,"10.1093/evolut/qpaf181",TRUE,"FinELib OUP agreement","oxf2024finelib"
"University of Turku",2025,"10.1093/geronb/gbaf107",TRUE,"FinELib OUP agreement","oxf2024finelib"
"University of Turku",2025,"10.1093/ije/dyaf206",TRUE,"FinELib OUP agreement","oxf2024finelib"
"University of Turku",2025,"10.1093/isd/ixaf060",TRUE,"FinELib OUP agreement","oxf2024finelib"
"University of Turku",2025,"10.1093/jalm/jfaf143",TRUE,"FinELib OUP agreement","oxf2024finelib"
"University of Turku",2025,"10.1093/jxb/eraf451",TRUE,"FinELib OUP agreement","oxf2024finelib"
"University of Turku",2025,"10.1093/plphys/kiaf143",TRUE,"FinELib OUP agreement","oxf2024finelib"
"University of Turku",2025,"10.1093/shm/hkaf060",TRUE,"FinELib OUP agreement","oxf2024finelib"
"University of Turku",2025,"10.1097/BPO.0000000000002988",TRUE,"FinELib Wolters Kluwer Lippincott agreement","lww2025finelib"
"University of Turku",2025,"10.1097/BPO.0000000000003201",TRUE,"FinELib Wolters Kluwer Lippincott agreement","lww2025finelib"
"University of Turku",2025,"10.1097/BRS.0000000000005425",TRUE,"FinELib Wolters Kluwer Lippincott agreement","lww2025finelib"
"University of Turku",2025,"10.1097/CIN.0000000000001333",TRUE,"FinELib Wolters Kluwer Lippincott agreement","lww2025finelib"
"University of Turku",2025,"10.1097/CIN.0000000000001393",TRUE,"FinELib Wolters Kluwer Lippincott agreement","lww2025finelib"
"University of Turku",2025,"10.1097/CIN.0000000000001427",TRUE,"FinELib Wolters Kluwer Lippincott agreement","lww2025finelib"
"University of Turku",2025,"10.1097/GME.0000000000002551",TRUE,"FinELib Wolters Kluwer Lippincott agreement","lww2025finelib"
"University of Turku",2025,"10.1097/HJH.0000000000003993",TRUE,"FinELib Wolters Kluwer Lippincott agreement","lww2025finelib"
"University of Turku",2025,"10.1097/JCN.0000000000001206",TRUE,"FinELib Wolters Kluwer Lippincott agreement","lww2025finelib"
"University of Turku",2025,"10.1097/JSM.0000000000001377",TRUE,"FinELib Wolters Kluwer Lippincott agreement","lww2025finelib"
"University of Turku",2025,"10.1097/LGT.0000000000000879",TRUE,"FinELib Wolters Kluwer Lippincott agreement","lww2025finelib"
"University of Turku",2025,"10.1097/PTS.0000000000001350",TRUE,"FinELib Wolters Kluwer Lippincott agreement","lww2025finelib"
"University of Turku",2025,"10.1097/YCT.0000000000001141",TRUE,"FinELib Wolters Kluwer Lippincott agreement","lww2025finelib"
"University of Turku",2025,"10.1107/S1600577525004862",FALSE,"FinELib Wiley agreement","wiley2025finelib"
"University of Turku",2025,"10.1108/BFJ-09-2024-0959",TRUE,"FinELib Emerald agreement","eme2025finelib"
"University of Turku",2025,"10.1108/cpoib-04-2025-0103",TRUE,"FinELib Emerald agreement","eme2025finelib"
"University of Turku",2025,"10.1108/IJPDLM-12-2024-0482",TRUE,"FinELib Emerald agreement","eme2025finelib"
"University of Turku",2025,"10.1108/JCS-03-2025-0015",TRUE,"FinELib Emerald agreement","eme2025finelib"
"University of Turku",2025,"10.1108/PIJPSM-03-2025-0043",TRUE,"FinELib Emerald agreement","eme2025finelib"
"University of Turku",2025,"10.1109/ACCESS.2025.3572626",FALSE,"FinELib IEEE agreement","ieee2024finelib"
"University of Turku",2025,"10.1109/ACCESS.2025.3586078",FALSE,"FinELib IEEE agreement","ieee2024finelib"
"University of Turku",2025,"10.1109/JBHI.2025.3527566",TRUE,"FinELib IEEE agreement","ieee2024finelib"
"University of Turku",2025,"10.1109/JBHI.2025.3617291",TRUE,"FinELib IEEE agreement","ieee2024finelib"
"University of Turku",2025,"10.1109/JFLEX.2025.3577111",TRUE,"FinELib IEEE agreement","ieee2024finelib"
"University of Turku",2025,"10.1109/JSEN.2025.3574232",TRUE,"FinELib IEEE agreement","ieee2024finelib"
"University of Turku",2025,"10.1109/LRA.2025.3632749",TRUE,"FinELib IEEE agreement","ieee2024finelib"
"University of Turku",2025,"10.1109/LSENS.2025.3592756",TRUE,"FinELib IEEE agreement","ieee2024finelib"
"University of Turku",2025,"10.1109/OJCOMS.2025.3641634",FALSE,"FinELib IEEE agreement","ieee2024finelib"
"University of Turku",2025,"10.1109/TASC.2025.3527949",TRUE,"FinELib IEEE agreement","ieee2024finelib"
"University of Turku",2025,"10.1109/TED.2025.3530865",TRUE,"FinELib IEEE agreement","ieee2024finelib"
"University of Turku",2025,"10.1109/TIT.2025.3568068",TRUE,"FinELib IEEE agreement","ieee2024finelib"
"University of Turku",2025,"10.1109/TMRB.2025.3573053",TRUE,"FinELib IEEE agreement","ieee2024finelib"
"University of Turku",2025,"10.1109/TNSRE.2025.3543756",FALSE,"FinELib IEEE agreement","ieee2024finelib"
"University of Turku",2025,"10.1111/1365-2656.70202",TRUE,"FinELib Wiley agreement","wiley2025finelib"
"University of Turku",2025,"10.1111/1460-6984.70137",TRUE,"FinELib Wiley agreement","wiley2025finelib"
"University of Turku",2025,"10.1111/1467-9477.70015",TRUE,"FinELib Wiley agreement","wiley2025finelib"
"University of Turku",2025,"10.1111/1467-9566.70037",TRUE,"FinELib Wiley agreement","wiley2025finelib"
"University of Turku",2025,"10.1111/1468-4446.70013",TRUE,"FinELib Wiley agreement","wiley2025finelib"
"University of Turku",2025,"10.1111/1744-7917.70142",TRUE,"FinELib Wiley agreement","wiley2025finelib"
"University of Turku",2025,"10.1111/1754-0208.13004",TRUE,"FinELib Wiley agreement","wiley2025finelib"
"University of Turku",2025,"10.1111/aas.70083",TRUE,"FinELib Wiley agreement","wiley2025finelib"
"University of Turku",2025,"10.1111/aas.70091",TRUE,"FinELib Wiley agreement","wiley2025finelib"
"University of Turku",2025,"10.1111/all.70179",TRUE,"FinELib Wiley agreement","wiley2025finelib"
"University of Turku",2025,"10.1111/aogs.15075",FALSE,"FinELib Wiley agreement","wiley2025finelib"
"University of Turku",2025,"10.1111/aogs.15086",FALSE,"FinELib Wiley agreement","wiley2025finelib"
"University of Turku",2025,"10.1111/aogs.70013",FALSE,"FinELib Wiley agreement","wiley2025finelib"
"University of Turku",2025,"10.1111/apa.70148",TRUE,"FinELib Wiley agreement","wiley2025finelib"
"University of Turku",2025,"10.1111/apa.70413",TRUE,"FinELib Wiley agreement","wiley2025finelib"
"University of Turku",2025,"10.1111/apm.70083",TRUE,"FinELib Wiley agreement","wiley2025finelib"
"University of Turku",2025,"10.1111/bjep.70043",TRUE,"FinELib Wiley agreement","wiley2025finelib"
"University of Turku",2025,"10.1111/bju.16795",TRUE,"FinELib Wiley agreement","wiley2025finelib"
"University of Turku",2025,"10.1111/camh.70040",TRUE,"FinELib Wiley agreement","wiley2025finelib"
"University of Turku",2025,"10.1111/cen.70059",TRUE,"FinELib Wiley agreement","wiley2025finelib"
"University of Turku",2025,"10.1111/cid.70052",TRUE,"FinELib Wiley agreement","wiley2025finelib"
"University of Turku",2025,"10.1111/cobi.70172",TRUE,"FinELib Wiley agreement","wiley2025finelib"
"University of Turku",2025,"10.1111/cpf.70030",TRUE,"FinELib Wiley agreement","wiley2025finelib"
"University of Turku",2025,"10.1111/desc.70058",TRUE,"FinELib Wiley agreement","wiley2025finelib"
"University of Turku",2025,"10.1111/dom.16631",TRUE,"FinELib Wiley agreement","wiley2025finelib"
"University of Turku",2025,"10.1111/dom.70109",TRUE,"FinELib Wiley agreement","wiley2025finelib"
"University of Turku",2025,"10.1111/ejed.70248",TRUE,"FinELib Wiley agreement","wiley2025finelib"
"University of Turku",2025,"10.1111/eos.70024",TRUE,"FinELib Wiley agreement","wiley2025finelib"
"University of Turku",2025,"10.1111/eos.70055",TRUE,"FinELib Wiley agreement","wiley2025finelib"
"University of Turku",2025,"10.1111/eos.70062",TRUE,"FinELib Wiley agreement","wiley2025finelib"
"University of Turku",2025,"10.1111/fare.70118",TRUE,"FinELib Wiley agreement","wiley2025finelib"
"University of Turku",2025,"10.1111/febs.70197",TRUE,"FinELib Wiley agreement","wiley2025finelib"
"University of Turku",2025,"10.1111/hequ.70047",TRUE,"FinELib Wiley agreement","wiley2025finelib"
"University of Turku",2025,"10.1111/heyj.70004",TRUE,"FinELib Wiley agreement","wiley2025finelib"
"University of Turku",2025,"10.1111/icad.70017",TRUE,"FinELib Wiley agreement","wiley2025finelib"
"University of Turku",2025,"10.1111/ijsw.70057",TRUE,"FinELib Wiley agreement","wiley2025finelib"
"University of Turku",2025,"10.1111/imcb.70040",TRUE,"FinELib Wiley agreement","wiley2025finelib"
"University of Turku",2025,"10.1111/imig.70124",TRUE,"FinELib Wiley agreement","wiley2025finelib"
"University of Turku",2025,"10.1111/inm.70110",TRUE,"FinELib Wiley agreement","wiley2025finelib"
"University of Turku",2025,"10.1111/inr.70047",TRUE,"FinELib Wiley agreement","wiley2025finelib"
"University of Turku",2025,"10.1111/jan.70128",TRUE,"FinELib Wiley agreement","wiley2025finelib"
"University of Turku",2025,"10.1111/jcpp.70043",TRUE,"FinELib Wiley agreement","wiley2025finelib"
"University of Turku",2025,"10.1111/jfr3.70161",FALSE,"FinELib Wiley agreement","wiley2025finelib"
"University of Turku",2025,"10.1111/jpm.70023",TRUE,"FinELib Wiley agreement","wiley2025finelib"
"University of Turku",2025,"10.1111/jtsb.70010",TRUE,"FinELib Wiley agreement","wiley2025finelib"
"University of Turku",2025,"10.1111/nph.70114",TRUE,"FinELib Wiley agreement","wiley2025finelib"
"University of Turku",2025,"10.1111/nph.70328",TRUE,"FinELib Wiley agreement","wiley2025finelib"
"University of Turku",2025,"10.1111/oli.70001",TRUE,"FinELib Wiley agreement","wiley2025finelib"
"University of Turku",2025,"10.1111/opn.70053",TRUE,"FinELib Wiley agreement","wiley2025finelib"
"University of Turku",2025,"10.1111/pai.70158",TRUE,"FinELib Wiley agreement","wiley2025finelib"
"University of Turku",2025,"10.1111/ppl.70087",TRUE,"FinELib Wiley agreement","wiley2025finelib"
"University of Turku",2025,"10.1111/ppl.70248",TRUE,"FinELib Wiley agreement","wiley2025finelib"
"University of Turku",2025,"10.1111/ppl.70298",TRUE,"FinELib Wiley agreement","wiley2025finelib"
"University of Turku",2025,"10.1111/ppl.70407",TRUE,"FinELib Wiley agreement","wiley2025finelib"
"University of Turku",2025,"10.1111/ppl.70441",TRUE,"FinELib Wiley agreement","wiley2025finelib"
"University of Turku",2025,"10.1111/ppl.70474",TRUE,"FinELib Wiley agreement","wiley2025finelib"
"University of Turku",2025,"10.1111/psj.70051",TRUE,"FinELib Wiley agreement","wiley2025finelib"
"University of Turku",2025,"10.1111/rec.70018",TRUE,"FinELib Wiley agreement","wiley2025finelib"
"University of Turku",2025,"10.1111/rest.12990",TRUE,"FinELib Wiley agreement","wiley2025finelib"
"University of Turku",2025,"10.1111/rest.12995",TRUE,"FinELib Wiley agreement","wiley2025finelib"
"University of Turku",2025,"10.1111/scs.70065",TRUE,"FinELib Wiley agreement","wiley2025finelib"
"University of Turku",2025,"10.1111/scs.70090",TRUE,"FinELib Wiley agreement","wiley2025finelib"
"University of Turku",2025,"10.1111/scs.70095",TRUE,"FinELib Wiley agreement","wiley2025finelib"
"University of Turku",2025,"10.1111/scs.70105",TRUE,"FinELib Wiley agreement","wiley2025finelib"
"University of Turku",2025,"10.1111/scs.70112",TRUE,"FinELib Wiley agreement","wiley2025finelib"
"University of Turku",2025,"10.1111/scs.70165",TRUE,"FinELib Wiley agreement","wiley2025finelib"
"University of Turku",2025,"10.1111/sjop.70070",TRUE,"FinELib Wiley agreement","wiley2025finelib"
"University of Turku",2025,"10.1111/sjos.70021",TRUE,"FinELib Wiley agreement","wiley2025finelib"
"University of Turku",2025,"10.1111/sms.70030",TRUE,"FinELib Wiley agreement","wiley2025finelib"
"University of Turku",2025,"10.1111/sms.70113",TRUE,"FinELib Wiley agreement","wiley2025finelib"
"University of Turku",2025,"10.1111/theo.70025",TRUE,"FinELib Wiley agreement","wiley2025finelib"
"University of Turku",2025,"10.1140/epjd/s10053-025-00976-1",TRUE,"FinELib Springer Compact agreement","sn2024finelib"
"University of Turku",2025,"10.1140/epjd/s10053-025-01034-6",TRUE,"FinELib Springer Compact agreement","sn2024finelib"
"University of Turku",2025,"10.1145/3704814.3705969",TRUE,"FinELib ACM agreement","acm2025finelib"
"University of Turku",2025,"10.1145/3706598.3714184",TRUE,"FinELib ACM agreement","acm2025finelib"
"University of Turku",2025,"10.1145/3708359.3712160",TRUE,"FinELib ACM agreement","acm2025finelib"
"University of Turku",2025,"10.1145/3711954.3711957",TRUE,"FinELib ACM agreement","acm2025finelib"
"University of Turku",2025,"10.1145/3711954.3711960",TRUE,"FinELib ACM agreement","acm2025finelib"
"University of Turku",2025,"10.1145/3712280",TRUE,"FinELib ACM agreement","acm2025finelib"
"University of Turku",2025,"10.1145/3714394.3754412",TRUE,"FinELib ACM agreement","acm2025finelib"
"University of Turku",2025,"10.1145/3721201.3724416",TRUE,"FinELib ACM agreement","acm2025finelib"
"University of Turku",2025,"10.1145/3723357",TRUE,"FinELib ACM agreement","acm2025finelib"
"University of Turku",2025,"10.1145/3748604",TRUE,"FinELib ACM agreement","acm2025finelib"
"University of Turku",2025,"10.1155/crid/8464941",FALSE,"FinELib Wiley agreement","wiley2025finelib"
"University of Turku",2025,"10.1155/hbe2/4157598",FALSE,"FinELib Wiley agreement","wiley2025finelib"
"University of Turku",2025,"10.1155/hsc/5387000",FALSE,"FinELib Wiley agreement","wiley2025finelib"
"University of Turku",2025,"10.1155/ijod/3292581",FALSE,"FinELib Wiley agreement","wiley2025finelib"
"University of Turku",2025,"10.1155/jonm/5730405",FALSE,"FinELib Wiley agreement","wiley2025finelib"
"University of Turku",2025,"10.1155/tbed/5574554",FALSE,"FinELib Wiley agreement","wiley2025finelib"
"University of Turku",2025,"10.1161/CIRCOUTCOMES.125.012090",TRUE,"FinELib Wolters Kluwer Lippincott agreement","lww2025finelib"
"University of Turku",2025,"10.1161/HYPERTENSIONAHA.125.25358",TRUE,"FinELib Wolters Kluwer Lippincott agreement","lww2025finelib"
"University of Turku",2025,"10.1161/JAHA.124.040726",FALSE,"FinELib Wiley agreement","wiley2025finelib"
"University of Turku",2025,"10.1161/JAHA.124.040758",FALSE,"FinELib Wiley agreement","wiley2025finelib"
"University of Turku",2025,"10.1161/JAHA.124.041805",FALSE,"FinELib Wiley agreement","wiley2025finelib"
"University of Turku",2025,"10.1177/00016993251388315",TRUE,"FinELib SAGE agreement","sage2025finelib"
"University of Turku",2025,"10.1177/00108367251364178",TRUE,"FinELib SAGE agreement","sage2025finelib"
"University of Turku",2025,"10.1177/00108367251364179",TRUE,"FinELib SAGE agreement","sage2025finelib"
"University of Turku",2025,"10.1177/00111287251359200",TRUE,"FinELib SAGE agreement","sage2025finelib"
"University of Turku",2025,"10.1177/00219347251376391",TRUE,"FinELib SAGE agreement","sage2025finelib"
"University of Turku",2025,"10.1177/00380261251407029",TRUE,"FinELib SAGE agreement","sage2025finelib"
"University of Turku",2025,"10.1177/00905917251412884",TRUE,"FinELib SAGE agreement","sage2025finelib"
"University of Turku",2025,"10.1177/01466216251350159",TRUE,"FinELib SAGE agreement","sage2025finelib"
"University of Turku",2025,"10.1177/01650254251333684",TRUE,"FinELib SAGE agreement","sage2025finelib"
"University of Turku",2025,"10.1177/01650254251361351",TRUE,"FinELib SAGE agreement","sage2025finelib"
"University of Turku",2025,"10.1177/01650254251394493",TRUE,"FinELib SAGE agreement","sage2025finelib"
"University of Turku",2025,"10.1177/01914537251382647",TRUE,"FinELib SAGE agreement","sage2025finelib"
"University of Turku",2025,"10.1177/01925121251406732",TRUE,"FinELib SAGE agreement","sage2025finelib"
"University of Turku",2025,"10.1177/02557614251396903",TRUE,"FinELib SAGE agreement","sage2025finelib"
"University of Turku",2025,"10.1177/0261927X251342566",TRUE,"FinELib SAGE agreement","sage2025finelib"
"University of Turku",2025,"10.1177/02762374251356955",TRUE,"FinELib SAGE agreement","sage2025finelib"
"University of Turku",2025,"10.1177/08853282251334902",TRUE,"FinELib SAGE agreement","sage2025finelib"
"University of Turku",2025,"10.1177/09603271251388834",FALSE,"FinELib SAGE agreement","sage2025finelib"
"University of Turku",2025,"10.1177/09639470251330429",TRUE,"FinELib SAGE agreement","sage2025finelib"
"University of Turku",2025,"10.1177/09697330251366593",TRUE,"FinELib SAGE agreement","sage2025finelib"
"University of Turku",2025,"10.1177/1023263X251329803",TRUE,"FinELib SAGE agreement","sage2025finelib"
"University of Turku",2025,"10.1177/10443894251414815",TRUE,"FinELib SAGE agreement","sage2025finelib"
"University of Turku",2025,"10.1177/10600280251328530",TRUE,"FinELib SAGE agreement","sage2025finelib"
"University of Turku",2025,"10.1177/10935266251381440",TRUE,"FinELib SAGE agreement","sage2025finelib"
"University of Turku",2025,"10.1177/12063312251386631",TRUE,"FinELib SAGE agreement","sage2025finelib"
"University of Turku",2025,"10.1177/13505068251352641",TRUE,"FinELib SAGE agreement","sage2025finelib"
"University of Turku",2025,"10.1177/13540688251319515",TRUE,"FinELib SAGE agreement","sage2025finelib"
"University of Turku",2025,"10.1177/13548565251336307",TRUE,"FinELib SAGE agreement","sage2025finelib"
"University of Turku",2025,"10.1177/13548565251408102",TRUE,"FinELib SAGE agreement","sage2025finelib"
"University of Turku",2025,"10.1177/13607804251334020",TRUE,"FinELib SAGE agreement","sage2025finelib"
"University of Turku",2025,"10.1177/13621688251367852",TRUE,"FinELib SAGE agreement","sage2025finelib"
"University of Turku",2025,"10.1177/13675494251395891",TRUE,"FinELib SAGE agreement","sage2025finelib"
"University of Turku",2025,"10.1177/13678779251322782",TRUE,"FinELib SAGE agreement","sage2025finelib"
"University of Turku",2025,"10.1177/13882627251397570",TRUE,"FinELib SAGE agreement","sage2025finelib"
"University of Turku",2025,"10.1177/14034948251392076",TRUE,"FinELib SAGE agreement","sage2025finelib"
"University of Turku",2025,"10.1177/14574969251386556",FALSE,"FinELib SAGE agreement","sage2025finelib"
"University of Turku",2025,"10.1177/14657503251317615",TRUE,"FinELib SAGE agreement","sage2025finelib"
"University of Turku",2025,"10.1177/14788047251315699",TRUE,"FinELib SAGE agreement","sage2025finelib"
"University of Turku",2025,"10.1177/1532673X251324132",TRUE,"FinELib SAGE agreement","sage2025finelib"
"University of Turku",2025,"10.1177/15533506251374484",TRUE,"FinELib SAGE agreement","sage2025finelib"
"University of Turku",2025,"10.1177/15554120251376073",TRUE,"FinELib SAGE agreement","sage2025finelib"
"University of Turku",2025,"10.1177/17411432251352295",TRUE,"FinELib SAGE agreement","sage2025finelib"
"University of Turku",2025,"10.1177/17416590251344489",TRUE,"FinELib SAGE agreement","sage2025finelib"
"University of Turku",2025,"10.1177/17449871251401036",TRUE,"FinELib SAGE agreement","sage2025finelib"
"University of Turku",2025,"10.1177/17480485251374883",TRUE,"FinELib SAGE agreement","sage2025finelib"
"University of Turku",2025,"10.1177/17579139251371979",TRUE,"FinELib SAGE agreement","sage2025finelib"
"University of Turku",2025,"10.1177/17579759251387629",TRUE,"FinELib SAGE agreement","sage2025finelib"
"University of Turku",2025,"10.1177/19427786251396639",TRUE,"FinELib SAGE agreement","sage2025finelib"
"University of Turku",2025,"10.1177/20319525251375023",TRUE,"FinELib SAGE agreement","sage2025finelib"
"University of Turku",2025,"10.1177/20597991251352420",FALSE,"FinELib SAGE agreement","sage2025finelib"
"University of Turku",2025,"10.1177/22840265251363707",TRUE,"FinELib SAGE agreement","sage2025finelib"
"University of Turku",2025,"10.1177/23409444251315485",FALSE,"FinELib SAGE agreement","sage2025finelib"
"University of Turku",2025,"10.1177/24730114251359646",FALSE,"FinELib SAGE agreement","sage2025finelib"
"University of Turku",2025,"10.1177/25151274251386432",TRUE,"FinELib SAGE agreement","sage2025finelib"
"University of Turku",2025,"10.1177/26335565251331187",FALSE,"FinELib SAGE agreement","sage2025finelib"
"University of Turku",2025,"10.1177/27538699251360167",TRUE,"FinELib SAGE agreement","sage2025finelib"
"University of Turku",2025,"10.1177/29768624251320367",FALSE,"FinELib SAGE agreement","sage2025finelib"
"University of Turku",2025,"10.1177/29768829251369371",TRUE,"FinELib SAGE agreement","sage2025finelib"
"University of Turku",2025,"10.1177/87569728251329164",TRUE,"FinELib SAGE agreement","sage2025finelib"
"University of Turku",2025,"10.1192/j.eurpsy.2025.10097",FALSE,"FinELib CUP agreement","cam2024finelib"
"University of Turku",2025,"10.1192/j.eurpsy.2025.10113",FALSE,"FinELib CUP agreement","cam2024finelib"
"University of Turku",2025,"10.1210/clinem/dgaf601",TRUE,"FinELib OUP agreement","oxf2024finelib"
"University of Turku",2025,"10.1210/clinem/dgaf607",TRUE,"FinELib OUP agreement","oxf2024finelib"
"University of Turku",2025,"10.1210/endocr/bqaf167",TRUE,"FinELib OUP agreement","oxf2024finelib"
"University of Turku",2025,"10.1249/MSS.0000000000003801",TRUE,"FinELib Wolters Kluwer Lippincott agreement","lww2025finelib"
"University of Turku",2025,"10.2106/JBJS.25.00946",TRUE,"FinELib Wolters Kluwer Lippincott agreement","lww2025finelib"
"University of Turku",2025,"10.2340/1651-226X.2025.44776",FALSE,"FinELib MJS agreement","FinELib MJS agreement"
"University of Turku",2025,"10.2340/aos.v84.44568",FALSE,"FinELib MJS agreement","FinELib MJS agreement"
"University of Turku",2025,"10.3168/jds.2025-26712",FALSE,"FinELib Elsevier agreement","els2024finelib"
"University of Turku",2025,"10.3758/s13415-025-01265-5",TRUE,"FinELib Springer Compact agreement","sn2024finelib"
"University of Turku",2025,"10.3758/s13421-025-01797-8",TRUE,"FinELib Springer Compact agreement","sn2024finelib"
"University of Turku",2025,"10.3758/s13428-025-02832-x",TRUE,"FinELib Springer Compact agreement","sn2024finelib"
"University of Vaasa",2025,"10.1002/csr.70315",TRUE,"FinELib Wiley agreement","wiley2025finelib"
"University of Vaasa",2025,"10.1002/ese3.2091",FALSE,"FinELib Wiley agreement","wiley2025finelib"
"University of Vaasa",2025,"10.1002/hsr2.70802",FALSE,"FinELib Wiley agreement","wiley2025finelib"
"University of Vaasa",2025,"10.1007/s10614-025-11064-2",TRUE,"FinELib Springer Compact agreement","sn2024finelib"
"University of Vaasa",2025,"10.1007/s10959-025-01422-z",TRUE,"FinELib Springer Compact agreement","sn2024finelib"
"University of Vaasa",2025,"10.1007/s11135-025-02437-8",TRUE,"FinELib Springer Compact agreement","sn2024finelib"
"University of Vaasa",2025,"10.1007/s11156-025-01458-6",TRUE,"FinELib Springer Compact agreement","sn2024finelib"
"University of Vaasa",2025,"10.1007/s11192-025-05307-0",TRUE,"FinELib Springer Compact agreement","sn2024finelib"
"University of Vaasa",2025,"10.1007/s11244-025-02131-x",TRUE,"FinELib Springer Compact agreement","sn2024finelib"
"University of Vaasa",2025,"10.1007/s11408-025-00474-9",TRUE,"FinELib Springer Compact agreement","sn2024finelib"
"University of Vaasa",2025,"10.1007/s11785-025-01730-6",TRUE,"FinELib Springer Compact agreement","sn2024finelib"
"University of Vaasa",2025,"10.1007/s11785-025-01807-2",TRUE,"FinELib Springer Compact agreement","sn2024finelib"
"University of Vaasa",2025,"10.1007/s11846-025-00837-6",TRUE,"FinELib Springer Compact agreement","sn2024finelib"
"University of Vaasa",2025,"10.1007/s43681-025-00759-9",TRUE,"FinELib Springer Compact agreement","sn2024finelib"
"University of Vaasa",2025,"10.1016/j.apenergy.2025.125734",TRUE,"FinELib Elsevier agreement","els2024finelib"
"University of Vaasa",2025,"10.1016/j.apenergy.2025.125814",TRUE,"FinELib Elsevier agreement","els2024finelib"
"University of Vaasa",2025,"10.1016/j.apenergy.2025.126640",TRUE,"FinELib Elsevier agreement","els2024finelib"
"University of Vaasa",2025,"10.1016/j.apenergy.2025.126961",TRUE,"FinELib Elsevier agreement","els2024finelib"
"University of Vaasa",2025,"10.1016/j.apenergy.2025.127075",TRUE,"FinELib Elsevier agreement","els2024finelib"
"University of Vaasa",2025,"10.1016/j.apenergy.2025.127133",TRUE,"FinELib Elsevier agreement","els2024finelib"
"University of Vaasa",2025,"10.1016/j.dcm.2025.100887",TRUE,"FinELib Elsevier agreement","els2024finelib"
"University of Vaasa",2025,"10.1016/j.emj.2025.04.001",TRUE,"FinELib Elsevier agreement","els2024finelib"
"University of Vaasa",2025,"10.1016/j.eneco.2025.108547",TRUE,"FinELib Elsevier agreement","els2024finelib"
"University of Vaasa",2025,"10.1016/j.eneco.2025.108887",TRUE,"FinELib Elsevier agreement","els2024finelib"
"University of Vaasa",2025,"10.1016/j.energy.2025.136045",TRUE,"FinELib Elsevier agreement","els2024finelib"
"University of Vaasa",2025,"10.1016/j.energy.2025.139324",TRUE,"FinELib Elsevier agreement","els2024finelib"
"University of Vaasa",2025,"10.1016/j.epsr.2025.112671",TRUE,"FinELib Elsevier agreement","els2024finelib"
"University of Vaasa",2025,"10.1016/j.est.2025.116170",TRUE,"FinELib Elsevier agreement","els2024finelib"
"University of Vaasa",2025,"10.1016/j.eswa.2025.126382",TRUE,"FinELib Elsevier agreement","els2024finelib"
"University of Vaasa",2025,"10.1016/j.foodqual.2025.105568",TRUE,"FinELib Elsevier agreement","els2024finelib"
"University of Vaasa",2025,"10.1016/j.ibusrev.2025.102428",TRUE,"FinELib Elsevier agreement","els2024finelib"
"University of Vaasa",2025,"10.1016/j.ibusrev.2025.102521",TRUE,"FinELib Elsevier agreement","els2024finelib"
"University of Vaasa",2025,"10.1016/j.ibusrev.2025.102555",TRUE,"FinELib Elsevier agreement","els2024finelib"
"University of Vaasa",2025,"10.1016/j.ijepes.2025.110472",FALSE,"FinELib Elsevier agreement","els2024finelib"
"University of Vaasa",2025,"10.1016/j.ijepes.2025.110675",FALSE,"FinELib Elsevier agreement","els2024finelib"
"University of Vaasa",2025,"10.1016/j.ijepes.2025.111524",FALSE,"FinELib Elsevier agreement","els2024finelib"
"University of Vaasa",2025,"10.1016/j.ijhcs.2025.103657",TRUE,"FinELib Elsevier agreement","els2024finelib"
"University of Vaasa",2025,"10.1016/j.ijhydene.2025.02.152",TRUE,"FinELib Elsevier agreement","els2024finelib"
"University of Vaasa",2025,"10.1016/j.ijpe.2025.109658",TRUE,"FinELib Elsevier agreement","els2024finelib"
"University of Vaasa",2025,"10.1016/j.ijproman.2025.102763",TRUE,"FinELib Elsevier agreement","els2024finelib"
"University of Vaasa",2025,"10.1016/j.indmarman.2025.01.010",TRUE,"FinELib Elsevier agreement","els2024finelib"
"University of Vaasa",2025,"10.1016/j.indmarman.2025.10.004",TRUE,"FinELib Elsevier agreement","els2024finelib"
"University of Vaasa",2025,"10.1016/j.indmarman.2025.12.010",TRUE,"FinELib Elsevier agreement","els2024finelib"
"University of Vaasa",2025,"10.1016/j.infsof.2025.107970",TRUE,"FinELib Elsevier agreement","els2024finelib"
"University of Vaasa",2025,"10.1016/j.iot.2025.101492",TRUE,"FinELib Elsevier agreement","els2024finelib"
"University of Vaasa",2025,"10.1016/j.irfa.2025.104414",TRUE,"FinELib Elsevier agreement","els2024finelib"
"University of Vaasa",2025,"10.1016/j.irfa.2025.104488",TRUE,"FinELib Elsevier agreement","els2024finelib"
"University of Vaasa",2025,"10.1016/j.irfa.2025.104848",TRUE,"FinELib Elsevier agreement","els2024finelib"
"University of Vaasa",2025,"10.1016/j.jallcom.2025.181316",TRUE,"FinELib Elsevier agreement","els2024finelib"
"University of Vaasa",2025,"10.1016/j.jbusres.2025.115387",TRUE,"FinELib Elsevier agreement","els2024finelib"
"University of Vaasa",2025,"10.1016/j.jclepro.2025.144987",TRUE,"FinELib Elsevier agreement","els2024finelib"
"University of Vaasa",2025,"10.1016/j.jclepro.2025.145524",TRUE,"FinELib Elsevier agreement","els2024finelib"
"University of Vaasa",2025,"10.1016/j.jclepro.2025.145820",TRUE,"FinELib Elsevier agreement","els2024finelib"
"University of Vaasa",2025,"10.1016/j.jelechem.2025.119559",TRUE,"FinELib Elsevier agreement","els2024finelib"
"University of Vaasa",2025,"10.1016/j.jenvman.2025.128415",TRUE,"FinELib Elsevier agreement","els2024finelib"
"University of Vaasa",2025,"10.1016/j.jfs.2025.101458",TRUE,"FinELib Elsevier agreement","els2024finelib"
"University of Vaasa",2025,"10.1016/j.jiec.2025.03.036",TRUE,"FinELib Elsevier agreement","els2024finelib"
"University of Vaasa",2025,"10.1016/j.jimonfin.2025.103404",TRUE,"FinELib Elsevier agreement","els2024finelib"
"University of Vaasa",2025,"10.1016/j.jvb.2025.104096",TRUE,"FinELib Elsevier agreement","els2024finelib"
"University of Vaasa",2025,"10.1016/j.lrp.2025.102525",TRUE,"FinELib Elsevier agreement","els2024finelib"
"University of Vaasa",2025,"10.1016/j.najef.2025.102476",TRUE,"FinELib Elsevier agreement","els2024finelib"
"University of Vaasa",2025,"10.1016/j.nexres.2025.100737",TRUE,"FinELib Elsevier agreement","els2024finelib"
"University of Vaasa",2025,"10.1016/j.nexres.2025.101003",TRUE,"FinELib Elsevier agreement","els2024finelib"
"University of Vaasa",2025,"10.1016/j.ref.2025.100689",TRUE,"FinELib Elsevier agreement","els2024finelib"
"University of Vaasa",2025,"10.1016/j.respol.2025.105359",TRUE,"FinELib Elsevier agreement","els2024finelib"
"University of Vaasa",2025,"10.1016/j.rie.2025.101095",TRUE,"FinELib Elsevier agreement","els2024finelib"
"University of Vaasa",2025,"10.1016/j.rser.2025.116509",TRUE,"FinELib Elsevier agreement","els2024finelib"
"University of Vaasa",2025,"10.1016/j.spacepol.2025.101710",TRUE,"FinELib Elsevier agreement","els2024finelib"
"University of Vaasa",2025,"10.1016/j.technovation.2025.103322",TRUE,"FinELib Elsevier agreement","els2024finelib"
"University of Vaasa",2025,"10.1049/cim2.70021",FALSE,"FinELib Wiley agreement","wiley2025finelib"
"University of Vaasa",2025,"10.1049/cmu2.70017",FALSE,"FinELib Wiley agreement","wiley2025finelib"
"University of Vaasa",2025,"10.1049/gtd2.70131",FALSE,"FinELib Wiley agreement","wiley2025finelib"
"University of Vaasa",2025,"10.1049/gtd2.70197",FALSE,"FinELib Wiley agreement","wiley2025finelib"
"University of Vaasa",2025,"10.1049/rpg2.70072",FALSE,"FinELib Wiley agreement","wiley2025finelib"
"University of Vaasa",2025,"10.1049/smc2.70005",FALSE,"FinELib Wiley agreement","wiley2025finelib"
"University of Vaasa",2025,"10.1057/s41310-025-00333-z",TRUE,"FinELib Springer Compact agreement","sn2024finelib"
"University of Vaasa",2025,"10.1080/00036846.2025.2497563",TRUE,"FinELib Taylor & Francis agreement","tf2025finelib"
"University of Vaasa",2025,"10.1080/00036846.2025.2567013",TRUE,"FinELib Taylor & Francis agreement","tf2025finelib"
"University of Vaasa",2025,"10.1080/03098265.2025.2521264",TRUE,"FinELib Taylor & Francis agreement","tf2025finelib"
"University of Vaasa",2025,"10.1080/08956308.2025.2465706",TRUE,"FinELib Taylor & Francis agreement","tf2025finelib"
"University of Vaasa",2025,"10.1080/08985626.2025.2519284",TRUE,"FinELib Taylor & Francis agreement","tf2025finelib"
"University of Vaasa",2025,"10.1080/0969160X.2025.2582493",TRUE,"FinELib Taylor & Francis agreement","tf2025finelib"
"University of Vaasa",2025,"10.1080/10803548.2025.2499338",TRUE,"FinELib Taylor & Francis agreement","tf2025finelib"
"University of Vaasa",2025,"10.1080/1206212X.2025.2465727",TRUE,"FinELib Taylor & Francis agreement","tf2025finelib"
"University of Vaasa",2025,"10.1080/1351847X.2025.2512116",TRUE,"FinELib Taylor & Francis agreement","tf2025finelib"
"University of Vaasa",2025,"10.1080/13668803.2025.2497261",TRUE,"FinELib Taylor & Francis agreement","tf2025finelib"
"University of Vaasa",2025,"10.1080/14697688.2025.2529485",TRUE,"FinELib Taylor & Francis agreement","tf2025finelib"
"University of Vaasa",2025,"10.1080/14702436.2025.2572660",TRUE,"FinELib Taylor & Francis agreement","tf2025finelib"
"University of Vaasa",2025,"10.1080/14719037.2025.2557860",TRUE,"FinELib Taylor & Francis agreement","tf2025finelib"
"University of Vaasa",2025,"10.1080/14719037.2025.2564747",TRUE,"FinELib Taylor & Francis agreement","tf2025finelib"
"University of Vaasa",2025,"10.1080/14719037.2025.2582602",TRUE,"FinELib Taylor & Francis agreement","tf2025finelib"
"University of Vaasa",2025,"10.1080/15309576.2025.2466213",TRUE,"FinELib Taylor & Francis agreement","tf2025finelib"
"University of Vaasa",2025,"10.1080/1553118X.2025.2575977",TRUE,"FinELib Taylor & Francis agreement","tf2025finelib"
"University of Vaasa",2025,"10.1080/17512786.2025.2586051",TRUE,"FinELib Taylor & Francis agreement","tf2025finelib"
"University of Vaasa",2025,"10.1080/19393555.2025.2489421",TRUE,"FinELib Taylor & Francis agreement","tf2025finelib"
"University of Vaasa",2025,"10.1093/scipol/scaf045",TRUE,"FinELib OUP agreement","oxf2024finelib"
"University of Vaasa",2025,"10.1108/cpoib-05-2023-0044",TRUE,"FinELib Emerald agreement","eme2025finelib"
"University of Vaasa",2025,"10.1108/cpoib-12-2024-0170",TRUE,"FinELib Emerald agreement","eme2025finelib"
"University of Vaasa",2025,"10.1108/CRR-12-2024-0046",TRUE,"FinELib Emerald agreement","eme2025finelib"
"University of Vaasa",2025,"10.1108/IJEBR-09-2024-0993",TRUE,"FinELib Emerald agreement","eme2025finelib"
"University of Vaasa",2025,"10.1108/IJPSM-02-2025-0056",TRUE,"FinELib Emerald agreement","eme2025finelib"
"University of Vaasa",2025,"10.1108/IJPSM-06-2024-0191",TRUE,"FinELib Emerald agreement","eme2025finelib"
"University of Vaasa",2025,"10.1108/IJPSM-06-2024-0203",TRUE,"FinELib Emerald agreement","eme2025finelib"
"University of Vaasa",2025,"10.1108/JAL-06-2024-0120",TRUE,"FinELib Emerald agreement","eme2025finelib"
"University of Vaasa",2025,"10.1108/JAOC-03-2025-0084",TRUE,"FinELib Emerald agreement","eme2025finelib"
"University of Vaasa",2025,"10.1109/ACCESS.2025.3527047",FALSE,"FinELib IEEE agreement","ieee2024finelib"
"University of Vaasa",2025,"10.1109/ACCESS.2025.3537720",FALSE,"FinELib IEEE agreement","ieee2024finelib"
"University of Vaasa",2025,"10.1109/ACCESS.2025.3542227",FALSE,"FinELib IEEE agreement","ieee2024finelib"
"University of Vaasa",2025,"10.1109/ACCESS.2025.3544625",FALSE,"FinELib IEEE agreement","ieee2024finelib"
"University of Vaasa",2025,"10.1109/ACCESS.2025.3549279",FALSE,"FinELib IEEE agreement","ieee2024finelib"
"University of Vaasa",2025,"10.1109/ACCESS.2025.3556881",FALSE,"FinELib IEEE agreement","ieee2024finelib"
"University of Vaasa",2025,"10.1109/ACCESS.2025.3615745",FALSE,"FinELib IEEE agreement","ieee2024finelib"
"University of Vaasa",2025,"10.1109/JRFID.2025.3598214",TRUE,"FinELib IEEE agreement","ieee2024finelib"
"University of Vaasa",2025,"10.1109/OJIES.2025.3566213",FALSE,"FinELib IEEE agreement","ieee2024finelib"
"University of Vaasa",2025,"10.1109/TSP.2025.3598453",TRUE,"FinELib IEEE agreement","ieee2024finelib"
"University of Vaasa",2025,"10.1111/1467-9477.70024",TRUE,"FinELib Wiley agreement","wiley2025finelib"
"University of Vaasa",2025,"10.1111/eufm.70041",TRUE,"FinELib Wiley agreement","wiley2025finelib"
"University of Vaasa",2025,"10.1111/ijmr.12404",TRUE,"FinELib Wiley agreement","wiley2025finelib"
"University of Vaasa",2025,"10.1111/roiw.70017",TRUE,"FinELib Wiley agreement","wiley2025finelib"
"University of Vaasa",2025,"10.1112/jlms.70368",TRUE,"FinELib Wiley agreement","wiley2025finelib"
"University of Vaasa",2025,"10.1145/3715336.3735676",TRUE,"FinELib ACM agreement","acm2025finelib"
"University of Vaasa",2025,"10.1145/3757058",TRUE,"FinELib ACM agreement","acm2025finelib"
"University of Vaasa",2025,"10.1145/3757980.3757982",TRUE,"FinELib ACM agreement","acm2025finelib"
"University of Vaasa",2025,"10.1145/3757980.3757994",TRUE,"FinELib ACM agreement","acm2025finelib"
"University of Vaasa",2025,"10.1155/jonm/2583936",FALSE,"FinELib Wiley agreement","wiley2025finelib"
"University of Vaasa",2025,"10.1177/00222429251319312",TRUE,"FinELib SAGE agreement","sage2025finelib"
"University of Vaasa",2025,"10.1177/0148558X251368673",TRUE,"FinELib SAGE agreement","sage2025finelib"
"University of Vaasa",2025,"10.1177/10860266251324228",TRUE,"FinELib SAGE agreement","sage2025finelib"
"University of Vaasa",2025,"10.1177/18479790251367821",FALSE,"FinELib SAGE agreement","sage2025finelib"
"VATT Institute for Economic Research",2025,"10.1016/j.jpubeco.2025.105480",TRUE,"FinELib Elsevier agreement","els2024finelib"
"VATT Institute for Economic Research",2025,"10.1016/j.jpubeco.2025.105496",TRUE,"FinELib Elsevier agreement","els2024finelib"
"VTT Technical Research Centre of Finland Ltd",2025,"10.1002/admi.202500498",FALSE,"FinELib Wiley agreement","wiley2025finelib"
"VTT Technical Research Centre of Finland Ltd",2025,"10.1002/aesr.202400257",FALSE,"FinELib Wiley agreement","wiley2025finelib"
"VTT Technical Research Centre of Finland Ltd",2025,"10.1002/app.57851",TRUE,"FinELib Wiley agreement","wiley2025finelib"
"VTT Technical Research Centre of Finland Ltd",2025,"10.1002/bse.70327",TRUE,"FinELib Wiley agreement","wiley2025finelib"
"VTT Technical Research Centre of Finland Ltd",2025,"10.1002/cssc.202500123",TRUE,"FinELib Wiley agreement","wiley2025finelib"
"VTT Technical Research Centre of Finland Ltd",2025,"10.1002/cssc.202500643",TRUE,"FinELib Wiley agreement","wiley2025finelib"
"VTT Technical Research Centre of Finland Ltd",2025,"10.1002/ese3.70033",FALSE,"FinELib Wiley agreement","wiley2025finelib"
"VTT Technical Research Centre of Finland Ltd",2025,"10.1002/ima.70065",TRUE,"FinELib Wiley agreement","wiley2025finelib"
"VTT Technical Research Centre of Finland Ltd",2025,"10.1002/ima.70224",TRUE,"FinELib Wiley agreement","wiley2025finelib"
"VTT Technical Research Centre of Finland Ltd",2025,"10.1002/lpor.202500426",TRUE,"FinELib Wiley agreement","wiley2025finelib"
"VTT Technical Research Centre of Finland Ltd",2025,"10.1002/maco.70067",TRUE,"FinELib Wiley agreement","wiley2025finelib"
"VTT Technical Research Centre of Finland Ltd",2025,"10.1002/pen.70097",TRUE,"FinELib Wiley agreement","wiley2025finelib"
"VTT Technical Research Centre of Finland Ltd",2025,"10.1002/tee.70025",TRUE,"FinELib Wiley agreement","wiley2025finelib"
"VTT Technical Research Centre of Finland Ltd",2025,"10.1002/yea.3990",TRUE,"FinELib Wiley agreement","wiley2025finelib"
"VTT Technical Research Centre of Finland Ltd",2025,"10.1007/s00146-025-02293-y",TRUE,"FinELib Springer Compact agreement","sn2024finelib"
"VTT Technical Research Centre of Finland Ltd",2025,"10.1007/s00163-025-00466-w",TRUE,"FinELib Springer Compact agreement","sn2024finelib"
"VTT Technical Research Centre of Finland Ltd",2025,"10.1007/s00202-025-03437-5",FALSE,"FinELib Springer Compact agreement","sn2024finelib"
"VTT Technical Research Centre of Finland Ltd",2025,"10.1007/s00226-025-01635-9",TRUE,"FinELib Springer Compact agreement","sn2024finelib"
"VTT Technical Research Centre of Finland Ltd",2025,"10.1007/s00704-025-05912-2",TRUE,"FinELib Springer Compact agreement","sn2024finelib"
"VTT Technical Research Centre of Finland Ltd",2025,"10.1007/s10570-025-06634-4",TRUE,"FinELib Springer Compact agreement","sn2024finelib"
"VTT Technical Research Centre of Finland Ltd",2025,"10.1007/s10570-025-06644-2",TRUE,"FinELib Springer Compact agreement","sn2024finelib"
"VTT Technical Research Centre of Finland Ltd",2025,"10.1007/s10796-025-10599-x",TRUE,"FinELib Springer Compact agreement","sn2024finelib"
"VTT Technical Research Centre of Finland Ltd",2025,"10.1007/s10853-025-11571-5",TRUE,"FinELib Springer Compact agreement","sn2024finelib"
"VTT Technical Research Centre of Finland Ltd",2025,"10.1007/s11214-025-01193-3",TRUE,"FinELib Springer Compact agreement","sn2024finelib"
"VTT Technical Research Centre of Finland Ltd",2025,"10.1007/s11244-025-02184-y",TRUE,"FinELib Springer Compact agreement","sn2024finelib"
"VTT Technical Research Centre of Finland Ltd",2025,"10.1007/s11367-025-02508-w",TRUE,"FinELib Springer Compact agreement","sn2024finelib"
"VTT Technical Research Centre of Finland Ltd",2025,"10.1007/s11665-025-11504-y",TRUE,"FinELib Springer Compact agreement","sn2024finelib"
"VTT Technical Research Centre of Finland Ltd",2025,"10.1007/s11760-025-04527-4",TRUE,"FinELib Springer Compact agreement","sn2024finelib"
"VTT Technical Research Centre of Finland Ltd",2025,"10.1007/s43615-025-00500-y",TRUE,"FinELib Springer Compact agreement","sn2024finelib"
"VTT Technical Research Centre of Finland Ltd",2025,"10.1016/j.advwatres.2025.105016",TRUE,"FinELib Elsevier agreement","els2024finelib"
"VTT Technical Research Centre of Finland Ltd",2025,"10.1016/j.algal.2025.104090",TRUE,"FinELib Elsevier agreement","els2024finelib"
"VTT Technical Research Centre of Finland Ltd",2025,"10.1016/j.algal.2025.104209",TRUE,"FinELib Elsevier agreement","els2024finelib"
"VTT Technical Research Centre of Finland Ltd",2025,"10.1016/j.anucene.2025.111866",TRUE,"FinELib Elsevier agreement","els2024finelib"
"VTT Technical Research Centre of Finland Ltd",2025,"10.1016/j.apcata.2025.120172",TRUE,"FinELib Elsevier agreement","els2024finelib"
"VTT Technical Research Centre of Finland Ltd",2025,"10.1016/j.apenergy.2025.125596",TRUE,"FinELib Elsevier agreement","els2024finelib"
"VTT Technical Research Centre of Finland Ltd",2025,"10.1016/j.biortech.2025.132258",TRUE,"FinELib Elsevier agreement","els2024finelib"
"VTT Technical Research Centre of Finland Ltd",2025,"10.1016/j.biteb.2025.102410",TRUE,"FinELib Elsevier agreement","els2024finelib"
"VTT Technical Research Centre of Finland Ltd",2025,"10.1016/j.biteb.2025.102442",TRUE,"FinELib Elsevier agreement","els2024finelib"
"VTT Technical Research Centre of Finland Ltd",2025,"10.1016/j.carbpol.2025.123459",TRUE,"FinELib Elsevier agreement","els2024finelib"
"VTT Technical Research Centre of Finland Ltd",2025,"10.1016/j.cej.2025.166610",TRUE,"FinELib Elsevier agreement","els2024finelib"
"VTT Technical Research Centre of Finland Ltd",2025,"10.1016/j.cemconres.2025.108046",TRUE,"FinELib Elsevier agreement","els2024finelib"
"VTT Technical Research Centre of Finland Ltd",2025,"10.1016/j.cep.2025.110550",TRUE,"FinELib Elsevier agreement","els2024finelib"
"VTT Technical Research Centre of Finland Ltd",2025,"10.1016/j.coldregions.2025.104463",TRUE,"FinELib Elsevier agreement","els2024finelib"
"VTT Technical Research Centre of Finland Ltd",2025,"10.1016/j.comnet.2025.111600",TRUE,"FinELib Elsevier agreement","els2024finelib"
"VTT Technical Research Centre of Finland Ltd",2025,"10.1016/j.comnet.2025.111787",TRUE,"FinELib Elsevier agreement","els2024finelib"
"VTT Technical Research Centre of Finland Ltd",2025,"10.1016/j.compeleceng.2025.110521",TRUE,"FinELib Elsevier agreement","els2024finelib"
"VTT Technical Research Centre of Finland Ltd",2025,"10.1016/j.compind.2025.104263",TRUE,"FinELib Elsevier agreement","els2024finelib"
"VTT Technical Research Centre of Finland Ltd",2025,"10.1016/j.conbuildmat.2025.142434",TRUE,"FinELib Elsevier agreement","els2024finelib"
"VTT Technical Research Centre of Finland Ltd",2025,"10.1016/j.corsci.2025.112769",TRUE,"FinELib Elsevier agreement","els2024finelib"
"VTT Technical Research Centre of Finland Ltd",2025,"10.1016/j.corsci.2025.112911",TRUE,"FinELib Elsevier agreement","els2024finelib"
"VTT Technical Research Centre of Finland Ltd",2025,"10.1016/j.corsci.2025.112974",TRUE,"FinELib Elsevier agreement","els2024finelib"
"VTT Technical Research Centre of Finland Ltd",2025,"10.1016/j.csi.2025.104093",TRUE,"FinELib Elsevier agreement","els2024finelib"
"VTT Technical Research Centre of Finland Ltd",2025,"10.1016/j.ecoinf.2025.103568",FALSE,"FinELib Elsevier agreement","els2024finelib"
"VTT Technical Research Centre of Finland Ltd",2025,"10.1016/j.enbuild.2025.115727",TRUE,"FinELib Elsevier agreement","els2024finelib"
"VTT Technical Research Centre of Finland Ltd",2025,"10.1016/j.enbuild.2025.116633",TRUE,"FinELib Elsevier agreement","els2024finelib"
"VTT Technical Research Centre of Finland Ltd",2025,"10.1016/j.engfracmech.2025.111111",TRUE,"FinELib Elsevier agreement","els2024finelib"
"VTT Technical Research Centre of Finland Ltd",2025,"10.1016/j.euromechsol.2025.105674",TRUE,"FinELib Elsevier agreement","els2024finelib"
"VTT Technical Research Centre of Finland Ltd",2025,"10.1016/j.foodchem.2025.143645",TRUE,"FinELib Elsevier agreement","els2024finelib"
"VTT Technical Research Centre of Finland Ltd",2025,"10.1016/j.foohum.2025.100802",TRUE,"FinELib Elsevier agreement","els2024finelib"
"VTT Technical Research Centre of Finland Ltd",2025,"10.1016/j.fusengdes.2025.114848",TRUE,"FinELib Elsevier agreement","els2024finelib"
"VTT Technical Research Centre of Finland Ltd",2025,"10.1016/j.fusengdes.2025.114989",TRUE,"FinELib Elsevier agreement","els2024finelib"
"VTT Technical Research Centre of Finland Ltd",2025,"10.1016/j.fusengdes.2025.114996",TRUE,"FinELib Elsevier agreement","els2024finelib"
"VTT Technical Research Centre of Finland Ltd",2025,"10.1016/j.fusengdes.2025.115000",TRUE,"FinELib Elsevier agreement","els2024finelib"
"VTT Technical Research Centre of Finland Ltd",2025,"10.1016/j.fusengdes.2025.115110",TRUE,"FinELib Elsevier agreement","els2024finelib"
"VTT Technical Research Centre of Finland Ltd",2025,"10.1016/j.fusengdes.2025.115286",TRUE,"FinELib Elsevier agreement","els2024finelib"
"VTT Technical Research Centre of Finland Ltd",2025,"10.1016/j.futures.2025.103697",TRUE,"FinELib Elsevier agreement","els2024finelib"
"VTT Technical Research Centre of Finland Ltd",2025,"10.1016/j.futures.2025.103708",TRUE,"FinELib Elsevier agreement","els2024finelib"
"VTT Technical Research Centre of Finland Ltd",2025,"10.1016/j.hydromet.2025.106505",TRUE,"FinELib Elsevier agreement","els2024finelib"
"VTT Technical Research Centre of Finland Ltd",2025,"10.1016/j.ijfatigue.2025.109016",TRUE,"FinELib Elsevier agreement","els2024finelib"
"VTT Technical Research Centre of Finland Ltd",2025,"10.1016/j.ijggc.2025.104527",TRUE,"FinELib Elsevier agreement","els2024finelib"
"VTT Technical Research Centre of Finland Ltd",2025,"10.1016/j.ijggc.2025.104559",TRUE,"FinELib Elsevier agreement","els2024finelib"
"VTT Technical Research Centre of Finland Ltd",2025,"10.1016/j.indcrop.2025.122250",FALSE,"FinELib Elsevier agreement","els2024finelib"
"VTT Technical Research Centre of Finland Ltd",2025,"10.1016/j.infoandorg.2025.100600",TRUE,"FinELib Elsevier agreement","els2024finelib"
"VTT Technical Research Centre of Finland Ltd",2025,"10.1016/j.infrared.2025.105720",TRUE,"FinELib Elsevier agreement","els2024finelib"
"VTT Technical Research Centre of Finland Ltd",2025,"10.1016/j.iot.2025.101792",TRUE,"FinELib Elsevier agreement","els2024finelib"
"VTT Technical Research Centre of Finland Ltd",2025,"10.1016/j.jclepro.2025.146147",TRUE,"FinELib Elsevier agreement","els2024finelib"
"VTT Technical Research Centre of Finland Ltd",2025,"10.1016/j.jcs.2025.104238",TRUE,"FinELib Elsevier agreement","els2024finelib"
"VTT Technical Research Centre of Finland Ltd",2025,"10.1016/j.jelechem.2025.119737",TRUE,"FinELib Elsevier agreement","els2024finelib"
"VTT Technical Research Centre of Finland Ltd",2025,"10.1016/j.jobe.2025.112283",TRUE,"FinELib Elsevier agreement","els2024finelib"
"VTT Technical Research Centre of Finland Ltd",2025,"10.1016/j.jsr.2025.10.008",TRUE,"FinELib Elsevier agreement","els2024finelib"
"VTT Technical Research Centre of Finland Ltd",2025,"10.1016/j.matchar.2025.115529",TRUE,"FinELib Elsevier agreement","els2024finelib"
"VTT Technical Research Centre of Finland Ltd",2025,"10.1016/j.mineng.2025.109424",TRUE,"FinELib Elsevier agreement","els2024finelib"
"VTT Technical Research Centre of Finland Ltd",2025,"10.1016/j.mineng.2025.109479",TRUE,"FinELib Elsevier agreement","els2024finelib"
"VTT Technical Research Centre of Finland Ltd",2025,"10.1016/j.mtcomm.2025.113204",FALSE,"FinELib Elsevier agreement","els2024finelib"
"VTT Technical Research Centre of Finland Ltd",2025,"10.1016/j.nbt.2025.07.007",FALSE,"FinELib Elsevier agreement","els2024finelib"
"VTT Technical Research Centre of Finland Ltd",2025,"10.1016/j.nexres.2025.100209",TRUE,"FinELib Elsevier agreement","els2024finelib"
"VTT Technical Research Centre of Finland Ltd",2025,"10.1016/j.nucengdes.2025.113888",TRUE,"FinELib Elsevier agreement","els2024finelib"
"VTT Technical Research Centre of Finland Ltd",2025,"10.1016/j.nucengdes.2025.114262",TRUE,"FinELib Elsevier agreement","els2024finelib"
"VTT Technical Research Centre of Finland Ltd",2025,"10.1016/j.nucengdes.2025.114534",TRUE,"FinELib Elsevier agreement","els2024finelib"
"VTT Technical Research Centre of Finland Ltd",2025,"10.1016/j.ress.2025.110895",TRUE,"FinELib Elsevier agreement","els2024finelib"
"VTT Technical Research Centre of Finland Ltd",2025,"10.1016/j.rse.2025.115205",TRUE,"FinELib Elsevier agreement","els2024finelib"
"VTT Technical Research Centre of Finland Ltd",2025,"10.1016/j.seta.2025.104193",TRUE,"FinELib Elsevier agreement","els2024finelib"
"VTT Technical Research Centre of Finland Ltd",2025,"10.1016/j.sna.2025.116252",TRUE,"FinELib Elsevier agreement","els2024finelib"
"VTT Technical Research Centre of Finland Ltd",2025,"10.1016/j.supflu.2025.106759",TRUE,"FinELib Elsevier agreement","els2024finelib"
"VTT Technical Research Centre of Finland Ltd",2025,"10.1016/j.tafmec.2025.105064",TRUE,"FinELib Elsevier agreement","els2024finelib"
"VTT Technical Research Centre of Finland Ltd",2025,"10.1016/j.techfore.2025.124117",TRUE,"FinELib Elsevier agreement","els2024finelib"
"VTT Technical Research Centre of Finland Ltd",2025,"10.1016/j.techsoc.2025.102859",TRUE,"FinELib Elsevier agreement","els2024finelib"
"VTT Technical Research Centre of Finland Ltd",2025,"10.1016/j.tifs.2025.105365",TRUE,"FinELib Elsevier agreement","els2024finelib"
"VTT Technical Research Centre of Finland Ltd",2025,"10.1016/j.trd.2025.104655",TRUE,"FinELib Elsevier agreement","els2024finelib"
"VTT Technical Research Centre of Finland Ltd",2025,"10.1016/j.ymben.2025.08.001",TRUE,"FinELib Elsevier agreement","els2024finelib"
"VTT Technical Research Centre of Finland Ltd",2025,"10.1039/D4CY01503G",TRUE,"FinELib RSC agreement","rsc2024finelib"
"VTT Technical Research Centre of Finland Ltd",2025,"10.1039/D5AN00107B",TRUE,"FinELib RSC agreement","rsc2024finelib"
"VTT Technical Research Centre of Finland Ltd",2025,"10.1039/D5CY00173K",TRUE,"FinELib RSC agreement","rsc2024finelib"
"VTT Technical Research Centre of Finland Ltd",2025,"10.1039/D5MH00934K",TRUE,"FinELib RSC agreement","rsc2024finelib"
"VTT Technical Research Centre of Finland Ltd",2025,"10.1039/D5RA02611C",FALSE,"FinELib RSC agreement","rsc2024finelib"
"VTT Technical Research Centre of Finland Ltd",2025,"10.1039/D5RA07885G",FALSE,"FinELib RSC agreement","rsc2024finelib"
"VTT Technical Research Centre of Finland Ltd",2025,"10.1039/D5SU00377F",FALSE,"FinELib RSC agreement","rsc2024finelib"
"VTT Technical Research Centre of Finland Ltd",2025,"10.1039/D5TA05223H",TRUE,"FinELib RSC agreement","rsc2024finelib"
"VTT Technical Research Centre of Finland Ltd",2025,"10.1049/tje2.70078",FALSE,"FinELib Wiley agreement","wiley2025finelib"
"VTT Technical Research Centre of Finland Ltd",2025,"10.1049/tje2.70146",FALSE,"FinELib Wiley agreement","wiley2025finelib"
"VTT Technical Research Centre of Finland Ltd",2025,"10.1049/tje2.70149",FALSE,"FinELib Wiley agreement","wiley2025finelib"
"VTT Technical Research Centre of Finland Ltd",2025,"10.1108/ECAM-03-2025-0538",TRUE,"FinELib Emerald agreement","eme2025finelib"
"VTT Technical Research Centre of Finland Ltd",2025,"10.1108/IJLM-10-2024-0675",TRUE,"FinELib Emerald agreement","eme2025finelib"
"VTT Technical Research Centre of Finland Ltd",2025,"10.1108/IR-07-2025-0229",TRUE,"FinELib Emerald agreement","eme2025finelib"
"VTT Technical Research Centre of Finland Ltd",2025,"10.1108/JOPP-10-2023-0074",TRUE,"FinELib Emerald agreement","eme2025finelib"
"VTT Technical Research Centre of Finland Ltd",2025,"10.1109/ACCESS.2025.3546565",FALSE,"FinELib IEEE agreement","ieee2024finelib"
"VTT Technical Research Centre of Finland Ltd",2025,"10.1109/ACCESS.2025.3552831",FALSE,"FinELib IEEE agreement","ieee2024finelib"
"VTT Technical Research Centre of Finland Ltd",2025,"10.1109/ACCESS.2025.3553755",FALSE,"FinELib IEEE agreement","ieee2024finelib"
"VTT Technical Research Centre of Finland Ltd",2025,"10.1109/ACCESS.2025.3558557",FALSE,"FinELib IEEE agreement","ieee2024finelib"
"VTT Technical Research Centre of Finland Ltd",2025,"10.1109/ACCESS.2025.3558913",FALSE,"FinELib IEEE agreement","ieee2024finelib"
"VTT Technical Research Centre of Finland Ltd",2025,"10.1109/ACCESS.2025.3561355",FALSE,"FinELib IEEE agreement","ieee2024finelib"
"VTT Technical Research Centre of Finland Ltd",2025,"10.1109/ACCESS.2025.3582318",FALSE,"FinELib IEEE agreement","ieee2024finelib"
"VTT Technical Research Centre of Finland Ltd",2025,"10.1109/ACCESS.2025.3586728",FALSE,"FinELib IEEE agreement","ieee2024finelib"
"VTT Technical Research Centre of Finland Ltd",2025,"10.1109/ACCESS.2025.3636275",FALSE,"FinELib IEEE agreement","ieee2024finelib"
"VTT Technical Research Centre of Finland Ltd",2025,"10.1109/JIOT.2025.3616034",TRUE,"FinELib IEEE agreement","ieee2024finelib"
"VTT Technical Research Centre of Finland Ltd",2025,"10.1109/JSEN.2025.3618661",TRUE,"FinELib IEEE agreement","ieee2024finelib"
"VTT Technical Research Centre of Finland Ltd",2025,"10.1109/OJCOMS.2025.3554077",FALSE,"FinELib IEEE agreement","ieee2024finelib"
"VTT Technical Research Centre of Finland Ltd",2025,"10.1109/OJCOMS.2025.3575729",FALSE,"FinELib IEEE agreement","ieee2024finelib"
"VTT Technical Research Centre of Finland Ltd",2025,"10.1109/TNSM.2025.3585806",TRUE,"FinELib IEEE agreement","ieee2024finelib"
"VTT Technical Research Centre of Finland Ltd",2025,"10.1111/1556-4029.70033",TRUE,"FinELib Wiley agreement","wiley2025finelib"
"VTT Technical Research Centre of Finland Ltd",2025,"10.1111/1556-4029.70143",TRUE,"FinELib Wiley agreement","wiley2025finelib"
"VTT Technical Research Centre of Finland Ltd",2025,"10.1145/3703790.3703800",TRUE,"FinELib ACM agreement","acm2025finelib"
"VTT Technical Research Centre of Finland Ltd",2025,"10.1145/3703790.3703825",TRUE,"FinELib ACM agreement","acm2025finelib"
"VTT Technical Research Centre of Finland Ltd",2025,"10.1145/3719384.3719472",TRUE,"FinELib ACM agreement","acm2025finelib"
"VTT Technical Research Centre of Finland Ltd",2025,"10.1145/3720551",TRUE,"FinELib ACM agreement","acm2025finelib"
"VTT Technical Research Centre of Finland Ltd",2025,"10.1145/3746175.3746176",TRUE,"FinELib ACM agreement","acm2025finelib"
"VTT Technical Research Centre of Finland Ltd",2025,"10.1155/ina/2867690",FALSE,"FinELib Wiley agreement","wiley2025finelib"
"Åbo Akademi University",2025,"10.1002/adfm.202519628",TRUE,"FinELib Wiley agreement","wiley2025finelib"
"Åbo Akademi University",2025,"10.1002/adma.202502617",TRUE,"FinELib Wiley agreement","wiley2025finelib"
"Åbo Akademi University",2025,"10.1002/adma.202513757",TRUE,"FinELib Wiley agreement","wiley2025finelib"
"Åbo Akademi University",2025,"10.1002/adsu.202500378",TRUE,"FinELib Wiley agreement","wiley2025finelib"
"Åbo Akademi University",2025,"10.1002/advs.202516398",FALSE,"FinELib Wiley agreement","wiley2025finelib"
"Åbo Akademi University",2025,"10.1002/agt2.70210",FALSE,"FinELib Wiley agreement","wiley2025finelib"
"Åbo Akademi University",2025,"10.1002/berj.70012",TRUE,"FinELib Wiley agreement","wiley2025finelib"
"Åbo Akademi University",2025,"10.1002/cctc.202500974",TRUE,"FinELib Wiley agreement","wiley2025finelib"
"Åbo Akademi University",2025,"10.1002/cssc.202501445",TRUE,"FinELib Wiley agreement","wiley2025finelib"
"Åbo Akademi University",2025,"10.1002/ece3.72772",FALSE,"FinELib Wiley agreement","wiley2025finelib"
"Åbo Akademi University",2025,"10.1002/ese3.70260",FALSE,"FinELib Wiley agreement","wiley2025finelib"
"Åbo Akademi University",2025,"10.1002/lno.70049",TRUE,"FinELib Wiley agreement","wiley2025finelib"
"Åbo Akademi University",2025,"10.1002/sd.3335",TRUE,"FinELib Wiley agreement","wiley2025finelib"
"Åbo Akademi University",2025,"10.1002/sd.70022",TRUE,"FinELib Wiley agreement","wiley2025finelib"
"Åbo Akademi University",2025,"10.1002/sd.70362",TRUE,"FinELib Wiley agreement","wiley2025finelib"
"Åbo Akademi University",2025,"10.1002/smll.202502129",TRUE,"FinELib Wiley agreement","wiley2025finelib"
"Åbo Akademi University",2025,"10.1007/s00213-025-06871-2",TRUE,"FinELib Springer Compact agreement","sn2024finelib"
"Åbo Akademi University",2025,"10.1007/s00267-025-02215-0",TRUE,"FinELib Springer Compact agreement","sn2024finelib"
"Åbo Akademi University",2025,"10.1007/s10515-025-00503-x",TRUE,"FinELib Springer Compact agreement","sn2024finelib"
"Åbo Akademi University",2025,"10.1007/s10570-025-06531-w",TRUE,"FinELib Springer Compact agreement","sn2024finelib"
"Åbo Akademi University",2025,"10.1007/s10570-025-06562-3",FALSE,"FinELib Springer Compact agreement","sn2024finelib"
"Åbo Akademi University",2025,"10.1007/s10660-025-09948-4",TRUE,"FinELib Springer Compact agreement","sn2024finelib"
"Åbo Akademi University",2025,"10.1007/s10765-025-03645-y",TRUE,"FinELib Springer Compact agreement","sn2024finelib"
"Åbo Akademi University",2025,"10.1007/s10767-025-09540-6",TRUE,"FinELib Springer Compact agreement","sn2024finelib"
"Åbo Akademi University",2025,"10.1007/s10798-025-10035-w",TRUE,"FinELib Springer Compact agreement","sn2024finelib"
"Åbo Akademi University",2025,"10.1007/s10902-025-00974-5",TRUE,"FinELib Springer Compact agreement","sn2024finelib"
"Åbo Akademi University",2025,"10.1007/s11085-025-10339-1",TRUE,"FinELib Springer Compact agreement","sn2024finelib"
"Åbo Akademi University",2025,"10.1007/s11095-025-03871-x",TRUE,"FinELib Springer Compact agreement","sn2024finelib"
"Åbo Akademi University",2025,"10.1007/s11095-025-03911-6",TRUE,"FinELib Springer Compact agreement","sn2024finelib"
"Åbo Akademi University",2025,"10.1007/s11229-025-04920-z",FALSE,"FinELib Springer Compact agreement","sn2024finelib"
"Åbo Akademi University",2025,"10.1007/s11229-025-05326-7",FALSE,"FinELib Springer Compact agreement","sn2024finelib"
"Åbo Akademi University",2025,"10.1007/s12369-025-01212-x",TRUE,"FinELib Springer Compact agreement","sn2024finelib"
"Åbo Akademi University",2025,"10.1007/s12397-025-09685-8",FALSE,"FinELib Springer Compact agreement","sn2024finelib"
"Åbo Akademi University",2025,"10.1007/s12649-025-02930-z",TRUE,"FinELib Springer Compact agreement","sn2024finelib"
"Åbo Akademi University",2025,"10.1007/s13280-025-02185-x",TRUE,"FinELib Springer Compact agreement","sn2024finelib"
"Åbo Akademi University",2025,"10.1007/s40831-025-01042-1",TRUE,"FinELib Springer Compact agreement","sn2024finelib"
"Åbo Akademi University",2025,"10.1016/j.apcata.2025.120307",TRUE,"FinELib Elsevier agreement","els2024finelib"
"Åbo Akademi University",2025,"10.1016/j.apcata.2025.120324",TRUE,"FinELib Elsevier agreement","els2024finelib"
"Åbo Akademi University",2025,"10.1016/j.apcata.2025.120466",TRUE,"FinELib Elsevier agreement","els2024finelib"
"Åbo Akademi University",2025,"10.1016/j.apcata.2025.120718",TRUE,"FinELib Elsevier agreement","els2024finelib"
"Åbo Akademi University",2025,"10.1016/j.apcata.2025.120756",TRUE,"FinELib Elsevier agreement","els2024finelib"
"Åbo Akademi University",2025,"10.1016/j.apcatb.2025.126137",TRUE,"FinELib Elsevier agreement","els2024finelib"
"Åbo Akademi University",2025,"10.1016/j.apcatb.2025.126274",TRUE,"FinELib Elsevier agreement","els2024finelib"
"Åbo Akademi University",2025,"10.1016/j.apenergy.2025.126845",TRUE,"FinELib Elsevier agreement","els2024finelib"
"Åbo Akademi University",2025,"10.1016/j.bioelechem.2025.108944",TRUE,"FinELib Elsevier agreement","els2024finelib"
"Åbo Akademi University",2025,"10.1016/j.biombioe.2025.108490",TRUE,"FinELib Elsevier agreement","els2024finelib"
"Åbo Akademi University",2025,"10.1016/j.bios.2025.118283",TRUE,"FinELib Elsevier agreement","els2024finelib"
"Åbo Akademi University",2025,"10.1016/j.cattod.2025.115261",TRUE,"FinELib Elsevier agreement","els2024finelib"
"Åbo Akademi University",2025,"10.1016/j.cattod.2025.115485",TRUE,"FinELib Elsevier agreement","els2024finelib"
"Åbo Akademi University",2025,"10.1016/j.cej.2025.159232",TRUE,"FinELib Elsevier agreement","els2024finelib"
"Åbo Akademi University",2025,"10.1016/j.cej.2025.162183",TRUE,"FinELib Elsevier agreement","els2024finelib"
"Åbo Akademi University",2025,"10.1016/j.cej.2025.165117",TRUE,"FinELib Elsevier agreement","els2024finelib"
"Åbo Akademi University",2025,"10.1016/j.cej.2025.168292",TRUE,"FinELib Elsevier agreement","els2024finelib"
"Åbo Akademi University",2025,"10.1016/j.cej.2025.169922",TRUE,"FinELib Elsevier agreement","els2024finelib"
"Åbo Akademi University",2025,"10.1016/j.ces.2025.121497",TRUE,"FinELib Elsevier agreement","els2024finelib"
"Åbo Akademi University",2025,"10.1016/j.ces.2025.121570",TRUE,"FinELib Elsevier agreement","els2024finelib"
"Åbo Akademi University",2025,"10.1016/j.ces.2025.121580",TRUE,"FinELib Elsevier agreement","els2024finelib"
"Åbo Akademi University",2025,"10.1016/j.ces.2025.121726",TRUE,"FinELib Elsevier agreement","els2024finelib"
"Åbo Akademi University",2025,"10.1016/j.ces.2025.122056",TRUE,"FinELib Elsevier agreement","els2024finelib"
"Åbo Akademi University",2025,"10.1016/j.ces.2025.122432",TRUE,"FinELib Elsevier agreement","els2024finelib"
"Åbo Akademi University",2025,"10.1016/j.ces.2025.122580",TRUE,"FinELib Elsevier agreement","els2024finelib"
"Åbo Akademi University",2025,"10.1016/j.cherd.2025.04.038",TRUE,"FinELib Elsevier agreement","els2024finelib"
"Åbo Akademi University",2025,"10.1016/j.cherd.2025.05.055",TRUE,"FinELib Elsevier agreement","els2024finelib"
"Åbo Akademi University",2025,"10.1016/j.cherd.2025.08.038",TRUE,"FinELib Elsevier agreement","els2024finelib"
"Åbo Akademi University",2025,"10.1016/j.cherd.2025.12.011",TRUE,"FinELib Elsevier agreement","els2024finelib"
"Åbo Akademi University",2025,"10.1016/j.cities.2025.105936",TRUE,"FinELib Elsevier agreement","els2024finelib"
"Åbo Akademi University",2025,"10.1016/j.cobeha.2025.101583",TRUE,"FinELib Elsevier agreement","els2024finelib"
"Åbo Akademi University",2025,"10.1016/j.concog.2025.103901",TRUE,"FinELib Elsevier agreement","els2024finelib"
"Åbo Akademi University",2025,"10.1016/j.concog.2025.103977",TRUE,"FinELib Elsevier agreement","els2024finelib"
"Åbo Akademi University",2025,"10.1016/j.corsci.2025.113587",TRUE,"FinELib Elsevier agreement","els2024finelib"
"Åbo Akademi University",2025,"10.1016/j.ejcb.2025.151523",FALSE,"FinELib Elsevier agreement","els2024finelib"
"Åbo Akademi University",2025,"10.1016/j.ejps.2025.107122",FALSE,"FinELib Elsevier agreement","els2024finelib"
"Åbo Akademi University",2025,"10.1016/j.ejps.2025.107132",FALSE,"FinELib Elsevier agreement","els2024finelib"
"Åbo Akademi University",2025,"10.1016/j.ejps.2025.107235",FALSE,"FinELib Elsevier agreement","els2024finelib"
"Åbo Akademi University",2025,"10.1016/j.ejps.2025.107269",FALSE,"FinELib Elsevier agreement","els2024finelib"
"Åbo Akademi University",2025,"10.1016/j.ejps.2025.107310",FALSE,"FinELib Elsevier agreement","els2024finelib"
"Åbo Akademi University",2025,"10.1016/j.electstud.2025.102966",TRUE,"FinELib Elsevier agreement","els2024finelib"
"Åbo Akademi University",2025,"10.1016/j.enconman.2025.120153",TRUE,"FinELib Elsevier agreement","els2024finelib"
"Åbo Akademi University",2025,"10.1016/j.energy.2025.135359",TRUE,"FinELib Elsevier agreement","els2024finelib"
"Åbo Akademi University",2025,"10.1016/j.energy.2025.136101",TRUE,"FinELib Elsevier agreement","els2024finelib"
"Åbo Akademi University",2025,"10.1016/j.envres.2025.123347",TRUE,"FinELib Elsevier agreement","els2024finelib"
"Åbo Akademi University",2025,"10.1016/j.eswa.2025.130865",TRUE,"FinELib Elsevier agreement","els2024finelib"
"Åbo Akademi University",2025,"10.1016/j.fuel.2025.134473",TRUE,"FinELib Elsevier agreement","els2024finelib"
"Åbo Akademi University",2025,"10.1016/j.fuel.2025.135571",TRUE,"FinELib Elsevier agreement","els2024finelib"
"Åbo Akademi University",2025,"10.1016/j.fuel.2025.136214",TRUE,"FinELib Elsevier agreement","els2024finelib"
"Åbo Akademi University",2025,"10.1016/j.fuel.2025.136309",TRUE,"FinELib Elsevier agreement","els2024finelib"
"Åbo Akademi University",2025,"10.1016/j.fuel.2025.137840",TRUE,"FinELib Elsevier agreement","els2024finelib"
"Åbo Akademi University",2025,"10.1016/j.fuel.2025.138181",TRUE,"FinELib Elsevier agreement","els2024finelib"
"Åbo Akademi University",2025,"10.1016/j.fuel.2025.138189",TRUE,"FinELib Elsevier agreement","els2024finelib"
"Åbo Akademi University",2025,"10.1016/j.fuproc.2025.108365",FALSE,"FinELib Elsevier agreement","els2024finelib"
"Åbo Akademi University",2025,"10.1016/j.ijbiomac.2025.141371",TRUE,"FinELib Elsevier agreement","els2024finelib"
"Åbo Akademi University",2025,"10.1016/j.ijbiomac.2025.143094",TRUE,"FinELib Elsevier agreement","els2024finelib"
"Åbo Akademi University",2025,"10.1016/j.ijhydene.2025.151628",TRUE,"FinELib Elsevier agreement","els2024finelib"
"Åbo Akademi University",2025,"10.1016/j.indcrop.2025.121699",FALSE,"FinELib Elsevier agreement","els2024finelib"
"Åbo Akademi University",2025,"10.1016/j.indcrop.2025.122363",FALSE,"FinELib Elsevier agreement","els2024finelib"
"Åbo Akademi University",2025,"10.1016/j.indmarman.2025.03.005",TRUE,"FinELib Elsevier agreement","els2024finelib"
"Åbo Akademi University",2025,"10.1016/j.jcat.2025.116637",TRUE,"FinELib Elsevier agreement","els2024finelib"
"Åbo Akademi University",2025,"10.1016/j.jclepro.2025.146935",TRUE,"FinELib Elsevier agreement","els2024finelib"
"Åbo Akademi University",2025,"10.1016/j.jclepro.2025.147008",TRUE,"FinELib Elsevier agreement","els2024finelib"
"Åbo Akademi University",2025,"10.1016/j.jcomdis.2025.106564",TRUE,"FinELib Elsevier agreement","els2024finelib"
"Åbo Akademi University",2025,"10.1016/j.jconrel.2025.113595",TRUE,"FinELib Elsevier agreement","els2024finelib"
"Åbo Akademi University",2025,"10.1016/j.jconrel.2025.113978",TRUE,"FinELib Elsevier agreement","els2024finelib"
"Åbo Akademi University",2025,"10.1016/j.jprocont.2025.103589",TRUE,"FinELib Elsevier agreement","els2024finelib"
"Åbo Akademi University",2025,"10.1016/j.jprot.2025.105536",TRUE,"FinELib Elsevier agreement","els2024finelib"
"Åbo Akademi University",2025,"10.1016/j.lindif.2025.102784",TRUE,"FinELib Elsevier agreement","els2024finelib"
"Åbo Akademi University",2025,"10.1016/j.mhpa.2025.100725",TRUE,"FinELib Elsevier agreement","els2024finelib"
"Åbo Akademi University",2025,"10.1016/j.mineng.2025.109365",TRUE,"FinELib Elsevier agreement","els2024finelib"
"Åbo Akademi University",2025,"10.1016/j.oceaneng.2025.122531",TRUE,"FinELib Elsevier agreement","els2024finelib"
"Åbo Akademi University",2025,"10.1016/j.paid.2025.113610",TRUE,"FinELib Elsevier agreement","els2024finelib"
"Åbo Akademi University",2025,"10.1016/j.partic.2025.01.020",TRUE,"FinELib Elsevier agreement","els2024finelib"
"Åbo Akademi University",2025,"10.1016/j.psychsport.2025.103015",TRUE,"FinELib Elsevier agreement","els2024finelib"
"Åbo Akademi University",2025,"10.1016/j.renene.2025.123498",TRUE,"FinELib Elsevier agreement","els2024finelib"
"Åbo Akademi University",2025,"10.1016/j.scico.2025.103412",TRUE,"FinELib Elsevier agreement","els2024finelib"
"Åbo Akademi University",2025,"10.1016/j.scp.2025.102062",TRUE,"FinELib Elsevier agreement","els2024finelib"
"Åbo Akademi University",2025,"10.1016/j.strueco.2025.08.010",TRUE,"FinELib Elsevier agreement","els2024finelib"
"Åbo Akademi University",2025,"10.1016/j.system.2025.103789",TRUE,"FinELib Elsevier agreement","els2024finelib"
"Åbo Akademi University",2025,"10.1016/j.talanta.2025.127651",TRUE,"FinELib Elsevier agreement","els2024finelib"
"Åbo Akademi University",2025,"10.1016/j.tate.2025.105205",TRUE,"FinELib Elsevier agreement","els2024finelib"
"Åbo Akademi University",2025,"10.1016/j.tips.2025.08.006",TRUE,"FinELib Elsevier agreement","els2024finelib"
"Åbo Akademi University",2025,"10.1017/ehs.2025.9",FALSE,"FinELib CUP agreement","cam2024finelib"
"Åbo Akademi University",2025,"10.1017/nps.2025.11",TRUE,"FinELib CUP agreement","cam2024finelib"
"Åbo Akademi University",2025,"10.1017/psrm.2025.31",FALSE,"FinELib CUP agreement","cam2024finelib"
"Åbo Akademi University",2025,"10.1017/S0033291725102626",FALSE,"FinELib CUP agreement","cam2024finelib"
"Åbo Akademi University",2025,"10.1017/S1355617725101021",TRUE,"FinELib CUP agreement","cam2024finelib"
"Åbo Akademi University",2025,"10.1017/S1474746425100821",TRUE,"FinELib CUP agreement","cam2024finelib"
"Åbo Akademi University",2025,"10.1039/D4PM00322E",FALSE,"FinELib RSC agreement","rsc2024finelib"
"Åbo Akademi University",2025,"10.1039/D5CP01053E",TRUE,"FinELib RSC agreement","rsc2024finelib"
"Åbo Akademi University",2025,"10.1039/D5GC00429B",TRUE,"FinELib RSC agreement","rsc2024finelib"
"Åbo Akademi University",2025,"10.1039/D5NR00583C",TRUE,"FinELib RSC agreement","rsc2024finelib"
"Åbo Akademi University",2025,"10.1039/D5PY01016K",TRUE,"FinELib RSC agreement","rsc2024finelib"
"Åbo Akademi University",2025,"10.1039/D5RA02870A",FALSE,"FinELib RSC agreement","rsc2024finelib"
"Åbo Akademi University",2025,"10.1039/D5RA05735C",FALSE,"FinELib RSC agreement","rsc2024finelib"
"Åbo Akademi University",2025,"10.1039/D5SE00504C",TRUE,"FinELib RSC agreement","rsc2024finelib"
"Åbo Akademi University",2025,"10.1039/D5SU00256G",FALSE,"FinELib RSC agreement","rsc2024finelib"
"Åbo Akademi University",2025,"10.1080/0015587X.2025.2480001",TRUE,"FinELib Taylor & Francis agreement","tf2025finelib"
"Åbo Akademi University",2025,"10.1080/00220272.2025.2522467",TRUE,"FinELib Taylor & Francis agreement","tf2025finelib"
"Åbo Akademi University",2025,"10.1080/00223344.2025.2504447",TRUE,"FinELib Taylor & Francis agreement","tf2025finelib"
"Åbo Akademi University",2025,"10.1080/00313831.2025.2550268",TRUE,"FinELib Taylor & Francis agreement","tf2025finelib"
"Åbo Akademi University",2025,"10.1080/0035919X.2025.2473552",TRUE,"FinELib Taylor & Francis agreement","tf2025finelib"
"Åbo Akademi University",2025,"10.1080/00908320.2025.2534621",TRUE,"FinELib Taylor & Francis agreement","tf2025finelib"
"Åbo Akademi University",2025,"10.1080/00908320.2025.2587356",TRUE,"FinELib Taylor & Francis agreement","tf2025finelib"
"Åbo Akademi University",2025,"10.1080/0092623X.2025.2452844",TRUE,"FinELib Taylor & Francis agreement","tf2025finelib"
"Åbo Akademi University",2025,"10.1080/01443410.2025.2449975",TRUE,"FinELib Taylor & Francis agreement","tf2025finelib"
"Åbo Akademi University",2025,"10.1080/02601370.2025.2476428",TRUE,"FinELib Taylor & Francis agreement","tf2025finelib"
"Åbo Akademi University",2025,"10.1080/02699931.2025.2516660",TRUE,"FinELib Taylor & Francis agreement","tf2025finelib"
"Åbo Akademi University",2025,"10.1080/02702711.2025.2566041",TRUE,"FinELib Taylor & Francis agreement","tf2025finelib"
"Åbo Akademi University",2025,"10.1080/03468755.2025.2474997",TRUE,"FinELib Taylor & Francis agreement","tf2025finelib"
"Åbo Akademi University",2025,"10.1080/08038740.2025.2558946",TRUE,"FinELib Taylor & Francis agreement","tf2025finelib"
"Åbo Akademi University",2025,"10.1080/09500782.2025.2584068",TRUE,"FinELib Taylor & Francis agreement","tf2025finelib"
"Åbo Akademi University",2025,"10.1080/09662839.2025.2560406",TRUE,"FinELib Taylor & Francis agreement","tf2025finelib"
"Åbo Akademi University",2025,"10.1080/09670262.2025.2532468",TRUE,"FinELib Taylor & Francis agreement","tf2025finelib"
"Åbo Akademi University",2025,"10.1080/1068316X.2025.2456254",TRUE,"FinELib Taylor & Francis agreement","tf2025finelib"
"Åbo Akademi University",2025,"10.1080/1068316X.2025.2531391",TRUE,"FinELib Taylor & Francis agreement","tf2025finelib"
"Åbo Akademi University",2025,"10.1080/1068316X.2025.2557965",TRUE,"FinELib Taylor & Francis agreement","tf2025finelib"
"Åbo Akademi University",2025,"10.1080/10967494.2025.2577329",TRUE,"FinELib Taylor & Francis agreement","tf2025finelib"
"Åbo Akademi University",2025,"10.1080/13504622.2025.2523963",TRUE,"FinELib Taylor & Francis agreement","tf2025finelib"
"Åbo Akademi University",2025,"10.1080/13549839.2025.2533140",TRUE,"FinELib Taylor & Francis agreement","tf2025finelib"
"Åbo Akademi University",2025,"10.1080/16078055.2025.2556674",TRUE,"FinELib Taylor & Francis agreement","tf2025finelib"
"Åbo Akademi University",2025,"10.1080/17445302.2025.2545909",TRUE,"FinELib Taylor & Francis agreement","tf2025finelib"
"Åbo Akademi University",2025,"10.1080/17457289.2025.2513302",TRUE,"FinELib Taylor & Francis agreement","tf2025finelib"
"Åbo Akademi University",2025,"10.1080/20440243.2025.2553183",TRUE,"FinELib Taylor & Francis agreement","tf2025finelib"
"Åbo Akademi University",2025,"10.1080/21599165.2025.2581100",TRUE,"FinELib Taylor & Francis agreement","tf2025finelib"
"Åbo Akademi University",2025,"10.1080/27706869.2025.2483057",TRUE,"FinELib Taylor & Francis agreement","tf2025finelib"
"Åbo Akademi University",2025,"10.1093/aje/kwaf245",TRUE,"FinELib OUP agreement","oxf2024finelib"
"Åbo Akademi University",2025,"10.1093/beheco/araf134",TRUE,"FinELib OUP agreement","oxf2024finelib"
"Åbo Akademi University",2025,"10.1093/beheco/araf159",TRUE,"FinELib OUP agreement","oxf2024finelib"
"Åbo Akademi University",2025,"10.1093/hgs/dcaf005",TRUE,"FinELib OUP agreement","oxf2024finelib"
"Åbo Akademi University",2025,"10.1093/ijpor/edaf016",TRUE,"FinELib OUP agreement","oxf2024finelib"
"Åbo Akademi University",2025,"10.1108/CCSM-10-2024-0235",TRUE,"FinELib Emerald agreement","eme2025finelib"
"Åbo Akademi University",2025,"10.1108/CCSM-10-2024-0258",TRUE,"FinELib Emerald agreement","eme2025finelib"
"Åbo Akademi University",2025,"10.1108/IJEBR-01-2025-0083",TRUE,"FinELib Emerald agreement","eme2025finelib"
"Åbo Akademi University",2025,"10.1108/IJEM-10-2024-0668",TRUE,"FinELib Emerald agreement","eme2025finelib"
"Åbo Akademi University",2025,"10.1108/JCP-09-2024-0085",TRUE,"FinELib Emerald agreement","eme2025finelib"
"Åbo Akademi University",2025,"10.1108/JOE-04-2025-0041",TRUE,"FinELib Emerald agreement","eme2025finelib"
"Åbo Akademi University",2025,"10.1109/ACCESS.2025.3589512",FALSE,"FinELib IEEE agreement","ieee2024finelib"
"Åbo Akademi University",2025,"10.1109/ACCESS.2025.3617771",FALSE,"FinELib IEEE agreement","ieee2024finelib"
"Åbo Akademi University",2025,"10.1109/JOE.2025.3592285",TRUE,"FinELib IEEE agreement","ieee2024finelib"
"Åbo Akademi University",2025,"10.1111/1467-9477.70008",TRUE,"FinELib Wiley agreement","wiley2025finelib"
"Åbo Akademi University",2025,"10.1111/ejss.70236",TRUE,"FinELib Wiley agreement","wiley2025finelib"
"Åbo Akademi University",2025,"10.1111/febs.70139",TRUE,"FinELib Wiley agreement","wiley2025finelib"
"Åbo Akademi University",2025,"10.1111/ijsw.70000",TRUE,"FinELib Wiley agreement","wiley2025finelib"
"Åbo Akademi University",2025,"10.1111/jan.17072",TRUE,"FinELib Wiley agreement","wiley2025finelib"
"Åbo Akademi University",2025,"10.1111/lang.12725",TRUE,"FinELib Wiley agreement","wiley2025finelib"
"Åbo Akademi University",2025,"10.1111/maps.70049",TRUE,"FinELib Wiley agreement","wiley2025finelib"
"Åbo Akademi University",2025,"10.1111/phin.12458",TRUE,"FinELib Wiley agreement","wiley2025finelib"
"Åbo Akademi University",2025,"10.1111/scs.70002",TRUE,"FinELib Wiley agreement","wiley2025finelib"
"Åbo Akademi University",2025,"10.1111/scs.70069",TRUE,"FinELib Wiley agreement","wiley2025finelib"
"Åbo Akademi University",2025,"10.1145/3748622",TRUE,"FinELib ACM agreement","acm2025finelib"
"Åbo Akademi University",2025,"10.1145/3769994.3770028",TRUE,"FinELib ACM agreement","acm2025finelib"
"Åbo Akademi University",2025,"10.1155/jare/5535904",FALSE,"FinELib Wiley agreement","wiley2025finelib"
"Åbo Akademi University",2025,"10.1155/jnt/9977938",FALSE,"FinELib Wiley agreement","wiley2025finelib"
"Åbo Akademi University",2025,"10.1177/01640275251351016",TRUE,"FinELib SAGE agreement","sage2025finelib"
"Åbo Akademi University",2025,"10.1177/01655515251359772",TRUE,"FinELib SAGE agreement","sage2025finelib"
"Åbo Akademi University",2025,"10.1177/09518207251358136",TRUE,"FinELib SAGE agreement","sage2025finelib"
"Åbo Akademi University",2025,"10.1177/09697330251315939",TRUE,"FinELib SAGE agreement","sage2025finelib"
"Åbo Akademi University",2025,"10.1177/09697330251326235",TRUE,"FinELib SAGE agreement","sage2025finelib"
"Åbo Akademi University",2025,"10.1177/09697330251374397",TRUE,"FinELib SAGE agreement","sage2025finelib"
"Åbo Akademi University",2025,"10.1177/10781552251383794",TRUE,"FinELib SAGE agreement","sage2025finelib"
"Åbo Akademi University",2025,"10.1177/1351010X251364493",TRUE,"FinELib SAGE agreement","sage2025finelib"
"Åbo Akademi University",2025,"10.1177/14034948251360679",TRUE,"FinELib SAGE agreement","sage2025finelib"
"Åbo Akademi University",2025,"10.1177/14034948251395875",TRUE,"FinELib SAGE agreement","sage2025finelib"
"Åbo Akademi University",2025,"10.1177/20571585251326061",FALSE,"FinELib SAGE agreement","sage2025finelib"
"Åbo Akademi University",2025,"10.1177/23333936251365612",FALSE,"FinELib SAGE agreement","sage2025finelib"
