period,euro,doi
























2020,2032.88,10.1167/jov.20.6.6
2019,2026.71,10.3389/fvets.2018.00333
2019,2070.94,10.3389/fimmu.2019.02757
2020,2579.27,10.1371/journal.pcbi.1007699
2020,2587.96,10.1371/journal.pcbi.1007134
2020,4192.8,10.1126/sciadv.aay0165
